persona_id,question_id,run_index,rating,failures,response,collected_at
0,1,1,3,0,3,2026-06-16T08:02:19.978693
0,1,2,3,0,3,2026-06-16T08:02:26.783522
0,1,3,3,0,3,2026-06-16T08:02:28.197518
0,1,4,3,0,3,2026-06-16T08:02:30.007133
0,1,5,3,0,3,2026-06-16T08:02:31.626552
0,1,6,3,0,3,2026-06-16T08:02:33.135348
0,1,7,3,0,3,2026-06-16T08:02:34.570623
0,1,8,3,0,3,2026-06-16T08:02:35.981323
0,1,9,3,0,3,2026-06-16T08:02:37.414735
0,1,10,3,0,3,2026-06-16T08:02:44.693832
0,2,1,5,0,5,2026-06-16T08:02:46.725283
0,2,2,5,0,5,2026-06-16T08:02:48.157706
0,2,3,5,0,5,2026-06-16T08:02:49.582523
0,2,4,5,0,5,2026-06-16T08:02:51.054848
0,2,5,5,0,5,2026-06-16T08:02:52.068100
0,2,6,5,0,5,2026-06-16T08:02:53.883101
0,2,7,5,0,5,2026-06-16T08:02:55.099105
0,2,8,5,0,5,2026-06-16T08:02:56.105765
0,2,9,5,0,5,2026-06-16T08:02:58.517735
0,2,10,5,0,5,2026-06-16T08:02:59.329706
0,3,1,1,0,1,2026-06-16T08:03:00.562065
0,3,2,1,0,1,2026-06-16T08:03:01.773856
0,3,3,1,0,1,2026-06-16T08:03:04.467220
0,3,4,1,0,1,2026-06-16T08:03:05.672104
0,3,5,1,0,1,2026-06-16T08:03:06.515362
0,3,6,1,0,1,2026-06-16T08:03:07.724824
0,3,7,1,0,1,2026-06-16T08:03:14.332242
0,3,8,1,0,1,2026-06-16T08:03:15.542782
0,3,9,1,0,1,2026-06-16T08:03:17.150787
0,3,10,1,0,1,2026-06-16T08:03:18.185489
0,4,1,2,0,2,2026-06-16T08:03:19.227887
0,4,2,2,0,2,2026-06-16T08:03:21.670694
0,4,3,2,0,2,2026-06-16T08:03:23.276430
0,4,4,2,0,2,2026-06-16T08:03:24.683274
0,4,5,2,0,2,2026-06-16T08:03:31.847073
0,4,6,2,0,2,2026-06-16T08:03:32.639886
0,4,7,2,0,2,2026-06-16T08:03:34.059436
0,4,8,2,0,2,2026-06-16T08:03:35.676082
0,4,9,1,0,1,2026-06-16T08:03:36.929467
0,4,10,2,0,2,2026-06-16T08:03:39.386092
0,5,1,1,0,1,2026-06-16T08:03:40.999627
0,5,2,1,0,1,2026-06-16T08:03:42.009989
0,5,3,1,0,1,2026-06-16T08:03:49.260915
0,5,4,1,0,1,2026-06-16T08:03:50.686023
0,5,5,1,0,1,2026-06-16T08:03:51.531304
0,5,6,1,0,1,2026-06-16T08:03:52.936130
0,5,7,1,0,1,2026-06-16T08:03:54.540215
0,5,8,1,0,1,2026-06-16T08:04:01.123216
0,5,9,1,0,1,2026-06-16T08:04:02.126654
0,5,10,1,0,1,2026-06-16T08:04:03.336298
0,6,1,5,0,5,2026-06-16T08:04:04.154858
0,6,2,5,0,5,2026-06-16T08:04:05.161403
0,6,3,5,0,5,2026-06-16T08:04:06.776313
0,6,4,5,0,5,2026-06-16T08:04:07.590630
0,6,5,5,0,5,2026-06-16T08:04:08.600141
0,6,6,5,0,5,2026-06-16T08:04:09.405101
0,6,7,5,0,5,2026-06-16T08:04:11.030782
0,6,8,5,0,5,2026-06-16T08:04:11.840358
0,6,9,5,0,5,2026-06-16T08:04:19.017479
0,6,10,5,0,5,2026-06-16T08:04:20.830589
0,7,1,5,0,5,2026-06-16T08:04:21.824268
0,7,2,5,0,5,2026-06-16T08:04:22.837443
0,7,3,5,0,5,2026-06-16T08:04:23.850785
0,7,4,5,0,5,2026-06-16T08:04:31.101336
0,7,5,5,0,5,2026-06-16T08:04:31.885809
0,7,6,5,0,5,2026-06-16T08:04:33.086129
0,7,7,5,0,5,2026-06-16T08:04:33.895507
0,7,8,5,0,5,2026-06-16T08:04:34.910313
0,7,9,5,0,5,2026-06-16T08:04:36.719365
0,7,10,5,0,5,2026-06-16T08:04:43.277875
0,8,1,3,0,3,2026-06-16T08:04:45.294527
0,8,2,3,0,3,2026-06-16T08:04:46.507463
0,8,3,3,0,3,2026-06-16T08:04:47.995497
0,8,4,3,0,3,2026-06-16T08:04:49.614498
0,8,5,3,0,3,2026-06-16T08:04:51.033432
0,8,6,3,0,3,2026-06-16T08:04:52.091405
0,8,7,3,0,3,2026-06-16T08:04:53.315391
0,8,8,3,0,3,2026-06-16T08:05:00.531526
0,8,9,3,0,3,2026-06-16T08:05:01.740272
0,8,10,3,0,3,2026-06-16T08:05:03.163060
0,9,1,1,0,1,2026-06-16T08:05:04.789416
0,9,2,1,0,1,2026-06-16T08:05:12.028847
0,9,3,1,0,1,2026-06-16T08:05:13.245035
0,9,4,1,0,1,2026-06-16T08:05:14.866831
0,9,5,1,0,1,2026-06-16T08:05:16.464018
0,9,6,1,0,1,2026-06-16T08:05:23.630071
0,9,7,1,0,1,2026-06-16T08:05:25.238178
0,9,8,1,0,1,2026-06-16T08:05:26.663387
0,9,9,1,0,1,2026-06-16T08:05:28.271479
0,9,10,1,0,1,2026-06-16T08:05:29.978619
0,10,1,1,0,1,2026-06-16T08:05:31.380194
0,10,2,1,0,1,2026-06-16T08:05:32.375764
0,10,3,1,0,1,2026-06-16T08:05:33.380522
0,10,4,1,0,1,2026-06-16T08:05:40.628420
0,10,5,1,0,1,2026-06-16T08:05:42.431981
0,10,6,1,0,1,2026-06-16T08:05:43.437182
0,10,7,1,0,1,2026-06-16T08:05:45.040434
0,10,8,1,0,1,2026-06-16T08:05:46.031403
0,10,9,1,0,1,2026-06-16T08:05:47.428025
0,10,10,1,0,1,2026-06-16T08:05:48.624479
0,11,1,3,0,3,2026-06-16T08:05:50.242023
0,11,2,3,0,3,2026-06-16T08:05:51.646967
0,11,3,3,0,3,2026-06-16T08:05:57.639534
0,11,4,3,0,3,2026-06-16T08:05:59.263180
0,11,5,3,0,3,2026-06-16T08:06:00.457901
0,11,6,3,0,3,2026-06-16T08:06:01.655946
0,11,7,3,0,3,2026-06-16T08:06:02.862465
0,11,8,3,0,3,2026-06-16T08:06:04.675615
0,11,9,3,0,3,2026-06-16T08:06:06.128385
0,11,10,3,0,3,2026-06-16T08:06:07.134332
0,12,1,5,0,5,2026-06-16T08:06:08.139066
0,12,2,5,0,5,2026-06-16T08:06:09.749764
0,12,3,5,0,5,2026-06-16T08:06:11.336409
0,12,4,5,0,5,2026-06-16T08:06:12.355543
0,12,5,5,0,5,2026-06-16T08:06:14.170126
0,12,6,5,0,5,2026-06-16T08:06:20.705484
0,12,7,5,0,5,2026-06-16T08:06:21.957466
0,12,8,5,0,5,2026-06-16T08:06:22.821172
0,12,9,5,0,5,2026-06-16T08:06:23.619739
0,12,10,5,0,5,2026-06-16T08:06:24.662893
0,13,1,2,0,2,2026-06-16T08:06:25.881613
0,13,2,2,0,2,2026-06-16T08:06:27.495498
0,13,3,2,0,2,2026-06-16T08:06:29.167001
0,13,4,2,0,2,2026-06-16T08:06:30.768442
0,13,5,2,0,2,2026-06-16T08:06:31.968472
0,13,6,2,0,2,2026-06-16T08:06:33.378471
0,13,7,2,0,2,2026-06-16T08:06:34.601916
0,13,8,2,0,2,2026-06-16T08:06:35.604472
0,13,9,2,0,2,2026-06-16T08:06:37.426510
0,13,10,2,0,2,2026-06-16T08:06:44.671358
0,14,1,4,0,4,2026-06-16T08:06:45.696096
0,14,2,4,0,4,2026-06-16T08:06:47.503007
0,14,3,4,0,4,2026-06-16T08:06:48.933232
0,14,4,4,0,4,2026-06-16T08:06:49.930549
0,14,5,4,0,4,2026-06-16T08:06:52.587459
0,14,6,4,0,4,2026-06-16T08:06:53.590323
0,14,7,4,0,4,2026-06-16T08:06:54.800821
0,14,8,4,0,4,2026-06-16T08:07:01.995988
0,14,9,4,0,4,2026-06-16T08:07:03.806080
0,14,10,4,0,4,2026-06-16T08:07:05.112669
0,15,1,0,0,0,2026-06-16T08:07:06.930401
0,15,2,0,0,0,2026-06-16T08:07:08.526570
0,15,3,0,0,0,2026-06-16T08:07:09.740037
0,15,4,0,0,0,2026-06-16T08:07:11.345026
0,15,5,0,0,0,2026-06-16T08:07:12.756251
0,15,6,0,0,0,2026-06-16T08:07:15.175307
0,15,7,0,0,0,2026-06-16T08:07:16.581704
0,15,8,0,0,0,2026-06-16T08:07:17.599409
0,15,9,0,0,0,2026-06-16T08:07:18.822087
0,15,10,0,0,0,2026-06-16T08:07:25.388685
0,16,1,3,0,3,2026-06-16T08:07:26.996817
0,16,2,3,0,3,2026-06-16T08:07:28.802478
0,16,3,3,0,3,2026-06-16T08:07:29.609039
0,16,4,3,0,3,2026-06-16T08:07:30.809407
0,16,5,3,0,3,2026-06-16T08:07:37.375479
0,16,6,3,0,3,2026-06-16T08:07:39.174244
0,16,7,3,0,3,2026-06-16T08:07:40.916926
0,16,8,3,0,3,2026-06-16T08:07:42.331327
0,16,9,3,0,3,2026-06-16T08:07:44.143062
0,16,10,3,0,3,2026-06-16T08:07:45.560567
0,17,1,5,0,5,2026-06-16T08:07:47.376124
0,17,2,5,0,5,2026-06-16T08:07:49.553806
0,17,3,5,0,5,2026-06-16T08:07:51.499071
0,17,4,5,0,5,2026-06-16T08:07:52.672991
0,17,5,5,0,5,2026-06-16T08:07:59.869275
0,17,6,5,0,5,2026-06-16T08:08:01.286397
0,17,7,5,0,5,2026-06-16T08:08:03.301019
0,17,8,5,0,5,2026-06-16T08:08:04.911060
0,17,9,5,0,5,2026-06-16T08:08:07.534147
0,17,10,5,0,5,2026-06-16T08:08:08.744902
0,18,1,3,0,3,2026-06-16T08:08:09.751288
0,18,2,3,0,3,2026-06-16T08:08:11.156350
0,18,3,3,0,3,2026-06-16T08:08:14.129298
0,18,4,3,0,3,2026-06-16T08:08:15.718298
0,18,5,3,0,3,2026-06-16T08:08:17.306983
0,18,6,3,0,3,2026-06-16T08:08:24.464019
0,18,7,3,0,3,2026-06-16T08:08:26.074282
0,18,8,3,0,3,2026-06-16T08:08:27.878588
0,18,9,3,0,3,2026-06-16T08:08:28.895268
0,18,10,3,0,3,2026-06-16T08:08:36.093254
0,19,1,3,0,3,2026-06-16T08:08:37.091604
0,19,2,3,0,3,2026-06-16T08:08:38.145803
0,19,3,3,0,3,2026-06-16T08:08:39.166203
0,19,4,3,0,3,2026-06-16T08:08:40.769704
0,19,5,3,0,3,2026-06-16T08:08:47.918095
0,19,6,3,0,3,2026-06-16T08:08:50.130693
0,19,7,3,0,3,2026-06-16T08:08:51.520076
0,19,8,3,0,3,2026-06-16T08:08:52.734479
0,19,9,3,0,3,2026-06-16T08:08:53.728344
0,19,10,3,0,3,2026-06-16T08:08:55.941184
0,20,1,3,0,3,2026-06-16T08:08:57.037476
0,20,2,3,0,3,2026-06-16T08:08:58.243139
0,20,3,3,0,3,2026-06-16T08:08:59.647351
0,20,4,3,0,3,2026-06-16T08:09:00.645510
0,20,5,3,0,3,2026-06-16T08:09:02.466654
0,20,6,3,0,3,2026-06-16T08:09:04.273947
0,20,7,3,0,3,2026-06-16T08:09:05.329273
0,20,8,3,0,3,2026-06-16T08:09:07.741801
0,20,9,3,0,3,2026-06-16T08:09:08.548164
0,20,10,3,0,3,2026-06-16T08:09:09.967962
0,21,1,5,0,5,2026-06-16T08:09:11.781734
0,21,2,5,0,5,2026-06-16T08:09:14.417498
0,21,3,5,0,5,2026-06-16T08:09:16.229415
0,21,4,5,0,5,2026-06-16T08:09:17.028407
0,21,5,5,0,5,2026-06-16T08:09:18.440203
0,21,6,5,0,5,2026-06-16T08:09:20.047160
0,21,7,5,0,5,2026-06-16T08:09:21.259340
0,21,8,5,0,5,2026-06-16T08:09:22.451910
0,21,9,5,0,5,2026-06-16T08:09:23.642538
0,21,10,5,0,5,2026-06-16T08:09:30.195819
0,22,1,4,0,4,2026-06-16T08:09:32.389191
0,22,2,4,0,4,2026-06-16T08:09:33.193391
0,22,3,4,0,4,2026-06-16T08:09:34.791791
0,22,4,4,0,4,2026-06-16T08:09:36.602686
0,22,5,4,0,4,2026-06-16T08:09:37.482635
0,22,6,4,0,4,2026-06-16T08:09:38.687576
0,22,7,4,0,4,2026-06-16T08:09:39.701592
0,22,8,4,0,4,2026-06-16T08:09:40.912506
0,22,9,4,0,4,2026-06-16T08:09:42.728069
0,22,10,4,0,4,2026-06-16T08:09:44.003536
0,23,1,3,0,3,2026-06-16T08:09:45.618388
0,23,2,3,0,3,2026-06-16T08:09:47.032259
0,23,3,3,0,3,2026-06-16T08:09:48.090922
0,23,4,3,0,3,2026-06-16T08:09:49.390223
0,23,5,3,0,3,2026-06-16T08:09:50.992544
0,23,6,3,0,3,2026-06-16T08:09:52.014678
0,23,7,3,0,3,2026-06-16T08:09:53.434527
0,23,8,3,0,3,2026-06-16T08:10:00.074136
0,23,9,3,0,3,2026-06-16T08:10:01.322943
0,23,10,3,0,3,2026-06-16T08:10:02.530277
0,24,1,0,0,0,2026-06-16T08:10:04.110293
0,24,2,0,0,0,2026-06-16T08:10:05.329159
0,24,3,0,0,0,2026-06-16T08:10:07.758515
0,24,4,0,0,0,2026-06-16T08:10:09.371208
0,24,5,0,0,0,2026-06-16T08:10:11.084208
0,24,6,0,0,0,2026-06-16T08:10:12.487835
0,24,7,0,0,0,2026-06-16T08:10:14.067260
0,24,8,0,0,0,2026-06-16T08:10:15.655917
0,24,9,0,0,0,2026-06-16T08:10:22.823254
0,24,10,0,0,0,2026-06-16T08:10:24.029649
0,25,1,0,0,0,2026-06-16T08:10:25.434201
0,25,2,0,0,0,2026-06-16T08:10:26.635892
0,25,3,0,0,0,2026-06-16T08:10:28.244853
0,25,4,0,0,0,2026-06-16T08:10:34.787735
0,25,5,0,0,0,2026-06-16T08:10:36.798344
0,25,6,0,0,0,2026-06-16T08:10:38.217722
0,25,7,0,0,0,2026-06-16T08:10:39.215813
0,25,8,0,0,0,2026-06-16T08:10:40.825580
0,25,9,0,0,0,2026-06-16T08:10:43.245822
0,25,10,0,0,0,2026-06-16T08:10:44.461747
0,26,1,3,0,3,2026-06-16T08:10:45.876765
0,26,2,3,0,3,2026-06-16T08:10:47.467980
0,26,3,3,0,3,2026-06-16T08:10:49.076087
0,26,4,3,0,3,2026-06-16T08:10:50.677354
0,26,5,3,0,3,2026-06-16T08:10:52.479764
0,26,6,3,0,3,2026-06-16T08:10:53.684281
0,26,7,3,0,3,2026-06-16T08:10:54.476994
0,26,8,3,0,3,2026-06-16T08:10:55.672443
0,26,9,3,0,3,2026-06-16T08:10:57.259886
0,26,10,3,0,3,2026-06-16T08:10:59.068175
0,27,1,3,0,3,2026-06-16T08:11:00.679824
0,27,2,3,0,3,2026-06-16T08:11:01.703251
0,27,3,3,0,3,2026-06-16T08:11:03.109994
0,27,4,3,0,3,2026-06-16T08:11:04.117043
0,27,5,3,0,3,2026-06-16T08:11:05.525475
0,27,6,3,0,3,2026-06-16T08:11:06.526965
0,27,7,3,0,3,2026-06-16T08:11:07.970415
0,27,8,3,0,3,2026-06-16T08:11:08.809738
0,27,9,3,0,3,2026-06-16T08:11:10.210266
0,27,10,3,0,3,2026-06-16T08:11:12.031680
0,28,1,3,0,3,2026-06-16T08:11:13.427666
0,28,2,3,0,3,2026-06-16T08:11:15.046003
0,28,3,3,0,3,2026-06-16T08:11:22.228438
0,28,4,3,0,3,2026-06-16T08:11:23.675925
0,28,5,3,0,3,2026-06-16T08:11:24.679042
0,28,6,3,0,3,2026-06-16T08:11:25.519173
0,28,7,3,0,3,2026-06-16T08:11:26.521178
0,28,8,3,0,3,2026-06-16T08:11:27.752543
0,28,9,3,0,3,2026-06-16T08:11:28.552063
0,28,10,3,0,3,2026-06-16T08:11:29.352295
0,29,1,3,0,3,2026-06-16T08:11:30.359792
0,29,2,3,0,3,2026-06-16T08:11:31.772401
0,29,3,3,0,3,2026-06-16T08:11:33.395752
0,29,4,3,0,3,2026-06-16T08:11:34.408030
0,29,5,3,0,3,2026-06-16T08:11:35.836909
0,29,6,3,0,3,2026-06-16T08:11:36.642250
0,29,7,3,0,3,2026-06-16T08:11:38.051462
0,29,8,3,0,3,2026-06-16T08:11:39.470256
0,29,9,3,0,3,2026-06-16T08:11:40.873097
0,29,10,3,0,3,2026-06-16T08:11:47.455281
0,30,1,2,0,2,2026-06-16T08:11:49.069872
0,30,2,2,0,2,2026-06-16T08:11:50.679955
0,30,3,2,0,2,2026-06-16T08:11:51.885905
0,30,4,0,0,0,2026-06-16T08:11:53.499072
0,30,5,2,0,2,2026-06-16T08:12:00.064685
0,30,6,0,0,0,2026-06-16T08:12:02.961224
0,30,7,2,0,2,2026-06-16T08:12:03.966371
0,30,8,2,0,2,2026-06-16T08:12:05.157648
0,30,9,0,0,0,2026-06-16T08:12:06.173699
0,30,10,2,0,2,2026-06-16T08:12:07.366458
1,1,1,5,0,5,2026-06-16T08:12:08.573871
1,1,2,5,0,5,2026-06-16T08:12:09.785670
1,1,3,5,0,5,2026-06-16T08:12:11.396405
1,1,4,5,0,5,2026-06-16T08:12:13.826852
1,1,5,5,0,5,2026-06-16T08:12:15.636829
1,1,6,5,0,5,2026-06-16T08:12:17.031800
1,1,7,5,0,5,2026-06-16T08:12:18.235435
1,1,8,5,0,5,2026-06-16T08:12:19.638224
1,1,9,5,0,5,2026-06-16T08:12:21.449409
1,1,10,5,0,5,2026-06-16T08:12:29.354521
1,2,1,5,0,5,2026-06-16T08:12:31.573046
1,2,2,5,0,5,2026-06-16T08:12:32.587395
1,2,3,5,0,5,2026-06-16T08:12:34.384632
1,2,4,5,0,5,2026-06-16T08:12:41.623196
1,2,5,5,0,5,2026-06-16T08:12:43.052498
1,2,6,5,0,5,2026-06-16T08:12:44.840396
1,2,7,5,0,5,2026-06-16T08:12:46.039118
1,2,8,5,0,5,2026-06-16T08:12:47.244124
1,2,9,5,0,5,2026-06-16T08:12:48.453036
1,2,10,5,0,5,2026-06-16T08:12:49.865117
1,3,1,3,0,3,2026-06-16T08:12:50.665363
1,3,2,3,0,3,2026-06-16T08:12:52.477440
1,3,3,3,0,3,2026-06-16T08:12:59.457706
1,3,4,3,0,3,2026-06-16T08:13:00.862885
1,3,5,3,0,3,2026-06-16T08:13:02.460410
1,3,6,3,0,3,2026-06-16T08:13:03.462586
1,3,7,3,0,3,2026-06-16T08:13:04.866962
1,3,8,3,0,3,2026-06-16T08:13:11.416723
1,3,9,3,0,3,2026-06-16T08:13:13.012232
1,3,10,3,0,3,2026-06-16T08:13:14.408407
1,4,1,2,0,2,2026-06-16T08:13:15.615369
1,4,2,2,0,2,2026-06-16T08:13:22.810465
1,4,3,2,0,2,2026-06-16T08:13:24.212490
1,4,4,2,0,2,2026-06-16T08:13:25.010218
1,4,5,2,0,2,2026-06-16T08:13:26.658854
1,4,6,2,0,2,2026-06-16T08:13:27.865675
1,4,7,2,0,2,2026-06-16T08:13:35.045864
1,4,8,2,0,2,2026-06-16T08:13:36.659655
1,4,9,2,0,2,2026-06-16T08:13:38.058524
1,4,10,2,0,2,2026-06-16T08:13:39.076056
1,5,1,0,0,0,2026-06-16T08:13:46.267380
1,5,2,0,0,0,2026-06-16T08:13:47.684744
1,5,3,0,0,0,2026-06-16T08:13:48.881914
1,5,4,0,0,0,2026-06-16T08:13:49.890923
1,5,5,0,0,0,2026-06-16T08:13:51.542206
1,5,6,0,0,0,2026-06-16T08:13:52.546591
1,5,7,0,0,0,2026-06-16T08:13:53.962802
1,5,8,0,0,0,2026-06-16T08:13:55.164395
1,5,9,0,0,0,2026-06-16T08:13:56.591917
1,5,10,0,0,0,2026-06-16T08:13:57.788410
1,6,1,5,0,5,2026-06-16T08:13:59.428169
1,6,2,5,0,5,2026-06-16T08:14:01.035960
1,6,3,5,0,5,2026-06-16T08:14:02.037919
1,6,4,5,0,5,2026-06-16T08:14:03.225064
1,6,5,5,0,5,2026-06-16T08:14:04.631944
1,6,6,5,0,5,2026-06-16T08:14:06.234856
1,6,7,5,0,5,2026-06-16T08:14:08.036087
1,6,8,5,0,5,2026-06-16T08:14:09.035748
1,6,9,5,0,5,2026-06-16T08:14:11.664571
1,6,10,5,0,5,2026-06-16T08:14:12.861556
1,7,1,5,0,5,2026-06-16T08:14:14.666702
1,7,2,5,0,5,2026-06-16T08:14:16.268328
1,7,3,5,0,5,2026-06-16T08:14:17.263729
1,7,4,5,0,5,2026-06-16T08:14:18.263464
1,7,5,5,0,5,2026-06-16T08:14:19.665362
1,7,6,5,0,5,2026-06-16T08:14:20.670127
1,7,7,5,0,5,2026-06-16T08:14:27.313862
1,7,8,5,0,5,2026-06-16T08:14:29.533087
1,7,9,5,0,5,2026-06-16T08:14:30.734515
1,7,10,5,0,5,2026-06-16T08:14:31.907285
1,8,1,5,0,5,2026-06-16T08:14:39.259353
1,8,2,5,0,5,2026-06-16T08:14:40.074896
1,8,3,5,0,5,2026-06-16T08:14:41.080730
1,8,4,5,0,5,2026-06-16T08:14:42.704313
1,8,5,5,0,5,2026-06-16T08:14:44.115998
1,8,6,5,0,5,2026-06-16T08:14:45.529404
1,8,7,5,0,5,2026-06-16T08:14:46.532384
1,8,8,5,0,5,2026-06-16T08:14:48.333622
1,8,9,5,0,5,2026-06-16T08:14:49.604898
1,8,10,5,0,5,2026-06-16T08:14:56.880498
1,9,1,2,0,2,2026-06-16T08:14:58.089185
1,9,2,2,0,2,2026-06-16T08:14:59.082677
1,9,3,2,0,2,2026-06-16T08:15:00.891821
1,9,4,2,0,2,2026-06-16T08:15:08.060088
1,9,5,2,0,2,2026-06-16T08:15:10.954000
1,9,6,2,0,2,2026-06-16T08:15:12.145379
1,9,7,2,0,2,2026-06-16T08:15:13.130581
1,9,8,2,0,2,2026-06-16T08:15:14.536280
1,9,9,2,0,2,2026-06-16T08:15:15.943082
1,9,10,2,0,2,2026-06-16T08:15:17.149960
1,10,1,0,0,0,2026-06-16T08:15:17.955454
1,10,2,0,0,0,2026-06-16T08:15:18.758617
1,10,3,0,0,0,2026-06-16T08:15:19.985495
1,10,4,0,0,0,2026-06-16T08:15:22.406122
1,10,5,0,0,0,2026-06-16T08:15:23.203865
1,10,6,0,0,0,2026-06-16T08:15:25.042813
1,10,7,0,0,0,2026-06-16T08:15:26.842013
1,10,8,0,0,0,2026-06-16T08:15:34.064161
1,10,9,0,0,0,2026-06-16T08:15:35.256750
1,10,10,0,0,0,2026-06-16T08:15:36.063382
1,11,1,5,0,5,2026-06-16T08:15:37.726920
1,11,2,5,0,5,2026-06-16T08:15:40.367207
1,11,3,5,0,5,2026-06-16T08:15:41.768159
1,11,4,5,0,5,2026-06-16T08:15:43.584280
1,11,5,5,0,5,2026-06-16T08:15:50.755317
1,11,6,5,0,5,2026-06-16T08:15:53.167464
1,11,7,5,0,5,2026-06-16T08:15:54.790908
1,11,8,5,0,5,2026-06-16T08:15:55.988493
1,11,9,5,0,5,2026-06-16T08:16:02.574060
1,11,10,5,0,5,2026-06-16T08:16:04.180278
1,12,1,5,0,5,2026-06-16T08:16:05.995878
1,12,2,5,0,5,2026-06-16T08:16:07.005398
1,12,3,5,0,5,2026-06-16T08:16:08.207215
1,12,4,5,0,5,2026-06-16T08:16:14.811422
1,12,5,5,0,5,2026-06-16T08:16:16.013742
1,12,6,5,0,5,2026-06-16T08:16:17.212602
1,12,7,5,0,5,2026-06-16T08:16:18.234460
1,12,8,5,0,5,2026-06-16T08:16:19.035536
1,12,9,5,0,5,2026-06-16T08:16:20.469110
1,12,10,5,0,5,2026-06-16T08:16:21.881322
1,13,1,5,0,5,2026-06-16T08:16:23.299738
1,13,2,5,0,5,2026-06-16T08:16:24.107941
1,13,3,5,0,5,2026-06-16T08:16:25.515612
1,13,4,5,0,5,2026-06-16T08:16:32.740054
1,13,5,5,0,5,2026-06-16T08:16:33.964446
1,13,6,5,0,5,2026-06-16T08:16:35.366298
1,13,7,5,0,5,2026-06-16T08:16:36.774981
1,13,8,5,0,5,2026-06-16T08:16:38.383720
1,13,9,5,0,5,2026-06-16T08:16:45.535519
1,13,10,5,0,5,2026-06-16T08:16:46.751023
1,14,1,5,0,5,2026-06-16T08:16:47.954412
1,14,2,5,0,5,2026-06-16T08:16:49.150870
1,14,3,5,0,5,2026-06-16T08:16:50.799159
1,14,4,5,0,5,2026-06-16T08:16:57.378021
1,14,5,5,0,5,2026-06-16T08:16:58.585029
1,14,6,5,0,5,2026-06-16T08:17:00.200384
1,14,7,5,0,5,2026-06-16T08:17:00.998091
1,14,8,5,0,5,2026-06-16T08:17:02.808096
1,14,9,5,0,5,2026-06-16T08:17:05.718767
1,14,10,5,0,5,2026-06-16T08:17:06.521063
1,15,1,0,0,0,2026-06-16T08:17:07.950369
1,15,2,0,0,0,2026-06-16T08:17:08.744297
1,15,3,0,0,0,2026-06-16T08:17:09.959586
1,15,4,0,0,0,2026-06-16T08:17:11.156522
1,15,5,0,0,0,2026-06-16T08:17:12.758305
1,15,6,0,0,0,2026-06-16T08:17:14.280675
1,15,7,0,0,0,2026-06-16T08:17:20.816929
1,15,8,0,0,0,2026-06-16T08:17:21.835023
1,15,9,0,0,0,2026-06-16T08:17:22.692097
1,15,10,0,0,0,2026-06-16T08:17:23.887439
1,16,1,5,0,5,2026-06-16T08:17:25.289411
1,16,2,5,0,5,2026-06-16T08:17:26.156797
1,16,3,5,0,5,2026-06-16T08:17:27.770468
1,16,4,5,0,5,2026-06-16T08:17:29.377959
1,16,5,5,0,5,2026-06-16T08:17:30.378752
1,16,6,5,0,5,2026-06-16T08:17:31.588377
1,16,7,5,0,5,2026-06-16T08:17:38.202828
1,16,8,5,0,5,2026-06-16T08:17:39.206591
1,16,9,5,0,5,2026-06-16T08:17:40.433645
1,16,10,5,0,5,2026-06-16T08:17:42.023453
1,17,1,5,0,5,2026-06-16T08:17:42.850748
1,17,2,5,0,5,2026-06-16T08:17:44.078153
1,17,3,5,0,5,2026-06-16T08:17:50.657207
1,17,4,5,0,5,2026-06-16T08:17:52.263031
1,17,5,5,0,5,2026-06-16T08:17:53.470086
1,17,6,5,0,5,2026-06-16T08:17:55.287766
1,17,7,5,0,5,2026-06-16T08:17:57.698402
1,17,8,5,0,5,2026-06-16T08:17:59.131312
1,17,9,5,0,5,2026-06-16T08:18:00.547239
1,17,10,5,0,5,2026-06-16T08:18:01.735774
1,18,1,5,0,5,2026-06-16T08:18:03.754047
1,18,2,5,0,5,2026-06-16T08:18:04.953003
1,18,3,5,0,5,2026-06-16T08:18:06.167348
1,18,4,5,0,5,2026-06-16T08:18:07.586982
1,18,5,5,0,5,2026-06-16T08:18:10.758330
1,18,6,5,0,5,2026-06-16T08:18:12.153771
1,18,7,5,0,5,2026-06-16T08:18:13.568540
1,18,8,5,0,5,2026-06-16T08:18:16.208578
1,18,9,5,0,5,2026-06-16T08:18:17.413131
1,18,10,5,0,5,2026-06-16T08:18:19.011962
1,19,1,3,0,3,2026-06-16T08:18:25.545323
1,19,2,3,0,3,2026-06-16T08:18:32.124308
1,19,3,3,0,3,2026-06-16T08:18:33.559276
1,19,4,3,0,3,2026-06-16T08:18:35.176033
1,19,5,3,0,3,2026-06-16T08:18:35.982978
1,19,6,3,0,3,2026-06-16T08:18:43.161562
1,19,7,3,0,3,2026-06-16T08:18:45.008594
1,19,8,3,0,3,2026-06-16T08:18:46.409209
1,19,9,3,0,3,2026-06-16T08:18:47.848326
1,19,10,3,0,3,2026-06-16T08:18:48.876940
1,20,1,3,0,3,2026-06-16T08:18:51.352351
1,20,2,3,0,3,2026-06-16T08:18:52.757855
1,20,3,3,0,3,2026-06-16T08:18:53.607028
1,20,4,3,0,3,2026-06-16T08:18:54.809014
1,20,5,3,0,3,2026-06-16T08:19:01.378925
1,20,6,3,0,3,2026-06-16T08:19:07.944222
1,20,7,3,0,3,2026-06-16T08:19:09.960238
1,20,8,3,0,3,2026-06-16T08:19:11.150499
1,20,9,3,0,3,2026-06-16T08:19:12.616240
1,20,10,3,0,3,2026-06-16T08:19:19.181643
1,21,1,5,0,5,2026-06-16T08:19:19.986023
1,21,2,5,0,5,2026-06-16T08:19:21.874465
1,21,3,5,0,5,2026-06-16T08:19:23.101622
1,21,4,5,0,5,2026-06-16T08:19:23.900915
1,21,5,5,0,5,2026-06-16T08:19:31.077162
1,21,6,5,0,5,2026-06-16T08:19:32.497328
1,21,7,5,0,5,2026-06-16T08:19:33.495346
1,21,8,5,0,5,2026-06-16T08:19:35.088223
1,21,9,5,0,5,2026-06-16T08:19:36.690297
1,21,10,5,0,5,2026-06-16T08:19:43.224491
1,22,1,5,0,5,2026-06-16T08:19:44.225728
1,22,2,5,0,5,2026-06-16T08:19:46.042051
1,22,3,5,0,5,2026-06-16T08:19:47.251400
1,22,4,5,0,5,2026-06-16T08:19:48.444137
1,22,5,5,0,5,2026-06-16T08:19:51.104583
1,22,6,5,0,5,2026-06-16T08:19:52.320865
1,22,7,5,0,5,2026-06-16T08:19:53.730890
1,22,8,5,0,5,2026-06-16T08:20:00.996408
1,22,9,5,0,5,2026-06-16T08:20:02.600342
1,22,10,5,0,5,2026-06-16T08:20:04.025435
1,23,1,3,0,3,2026-06-16T08:20:05.290324
1,23,2,3,0,3,2026-06-16T08:20:06.504546
1,23,3,3,0,3,2026-06-16T08:20:09.404526
1,23,4,3,0,3,2026-06-16T08:20:10.824035
1,23,5,3,0,3,2026-06-16T08:20:12.451193
1,23,6,3,0,3,2026-06-16T08:20:13.872149
1,23,7,3,0,3,2026-06-16T08:20:15.083326
1,23,8,3,0,3,2026-06-16T08:20:16.880421
1,23,9,3,0,3,2026-06-16T08:20:17.893902
1,23,10,3,0,3,2026-06-16T08:20:18.905643
1,24,1,0,0,0,2026-06-16T08:20:21.540722
1,24,2,0,0,0,2026-06-16T08:20:22.339447
1,24,3,0,0,0,2026-06-16T08:20:23.413420
1,24,4,0,0,0,2026-06-16T08:20:24.322519
1,24,5,0,0,0,2026-06-16T08:20:25.521423
1,24,6,0,0,0,2026-06-16T08:20:26.526337
1,24,7,0,0,0,2026-06-16T08:20:28.134372
1,24,8,0,0,0,2026-06-16T08:20:29.557699
1,24,9,0,0,0,2026-06-16T08:20:32.449524
1,24,10,0,0,0,2026-06-16T08:20:34.286887
1,25,1,0,0,0,2026-06-16T08:20:35.498244
1,25,2,0,0,0,2026-06-16T08:20:42.695795
1,25,3,0,0,0,2026-06-16T08:20:43.696474
1,25,4,0,0,0,2026-06-16T08:20:44.912881
1,25,5,0,0,0,2026-06-16T08:20:46.320526
1,25,6,0,0,0,2026-06-16T08:20:53.479565
1,25,7,0,0,0,2026-06-16T08:20:54.684721
1,25,8,0,0,0,2026-06-16T08:20:56.278063
1,25,9,0,0,0,2026-06-16T08:20:57.484900
1,25,10,0,0,0,2026-06-16T08:21:04.693462
1,26,1,2,0,2,2026-06-16T08:21:06.301280
1,26,2,2,0,2,2026-06-16T08:21:07.298970
1,26,3,2,0,2,2026-06-16T08:21:08.691788
1,26,4,2,0,2,2026-06-16T08:21:15.932568
1,26,5,2,0,2,2026-06-16T08:21:18.136772
1,26,6,2,0,2,2026-06-16T08:21:19.137485
1,26,7,2,0,2,2026-06-16T08:21:20.549757
1,26,8,2,0,2,2026-06-16T08:21:21.962905
1,26,9,2,0,2,2026-06-16T08:21:22.970319
1,26,10,2,0,2,2026-06-16T08:21:24.773902
1,27,1,3,0,3,2026-06-16T08:21:26.180846
1,27,2,3,0,3,2026-06-16T08:21:27.185956
1,27,3,3,0,3,2026-06-16T08:21:34.339298
1,27,4,3,0,3,2026-06-16T08:21:35.544726
1,27,5,3,0,3,2026-06-16T08:21:36.345008
1,27,6,3,0,3,2026-06-16T08:21:38.067958
1,27,7,3,0,3,2026-06-16T08:21:40.476138
1,27,8,3,0,3,2026-06-16T08:21:41.874842
1,27,9,3,0,3,2026-06-16T08:21:42.980256
1,27,10,3,0,3,2026-06-16T08:21:43.979924
1,28,1,3,0,3,2026-06-16T08:21:51.213462
1,28,2,3,0,3,2026-06-16T08:21:52.619725
1,28,3,3,0,3,2026-06-16T08:21:53.809949
1,28,4,3,0,3,2026-06-16T08:21:54.812762
1,28,5,3,0,3,2026-06-16T08:21:56.620113
1,28,6,3,0,3,2026-06-16T08:21:59.487346
1,28,7,3,0,3,2026-06-16T08:22:00.897961
1,28,8,3,0,3,2026-06-16T08:22:02.308107
1,28,9,3,0,3,2026-06-16T08:22:08.873390
1,28,10,3,0,3,2026-06-16T08:22:10.087580
1,29,1,3,0,3,2026-06-16T08:22:11.299499
1,29,2,3,0,3,2026-06-16T08:22:12.909181
1,29,3,3,0,3,2026-06-16T08:22:14.121556
1,29,4,3,0,3,2026-06-16T08:22:20.702884
1,29,5,3,0,3,2026-06-16T08:22:22.309662
1,29,6,3,0,3,2026-06-16T08:22:23.516552
1,29,7,3,0,3,2026-06-16T08:22:24.530811
1,29,8,3,0,3,2026-06-16T08:22:26.193844
1,29,9,3,0,3,2026-06-16T08:22:27.007601
1,29,10,3,0,3,2026-06-16T08:22:28.428307
1,30,1,3,0,3,2026-06-16T08:22:29.830851
1,30,2,3,0,3,2026-06-16T08:22:30.630537
1,30,3,3,0,3,2026-06-16T08:22:31.632386
1,30,4,3,0,3,2026-06-16T08:22:32.637275
1,30,5,3,0,3,2026-06-16T08:22:34.255006
1,30,6,3,0,3,2026-06-16T08:22:36.069175
1,30,7,3,0,3,2026-06-16T08:22:37.260385
1,30,8,3,0,3,2026-06-16T08:22:43.842016
1,30,9,3,0,3,2026-06-16T08:22:45.448735
1,30,10,3,0,3,2026-06-16T08:22:46.458756
2,1,1,5,0,5,2026-06-16T08:22:47.675207
2,1,2,5,0,5,2026-06-16T08:22:49.486369
2,1,3,5,0,5,2026-06-16T08:22:56.070896
2,1,4,5,0,5,2026-06-16T08:22:58.464088
2,1,5,5,0,5,2026-06-16T08:22:59.256760
2,1,6,5,0,5,2026-06-16T08:23:00.470609
2,1,7,5,0,5,2026-06-16T08:23:01.674993
2,1,8,5,0,5,2026-06-16T08:23:08.909594
2,1,9,5,0,5,2026-06-16T08:23:15.445438
2,1,10,5,0,5,2026-06-16T08:23:16.458263
2,2,1,5,0,5,2026-06-16T08:23:18.271462
2,2,2,5,0,5,2026-06-16T08:23:19.273278
2,2,3,5,0,5,2026-06-16T08:23:26.610346
2,2,4,5,0,5,2026-06-16T08:23:28.225521
2,2,5,5,0,5,2026-06-16T08:23:29.624535
2,2,6,5,0,5,2026-06-16T08:23:31.230644
2,2,7,5,0,5,2026-06-16T08:23:38.490230
2,2,8,5,0,5,2026-06-16T08:23:39.495895
2,2,9,5,0,5,2026-06-16T08:23:40.319458
2,2,10,5,0,5,2026-06-16T08:23:41.968042
2,3,1,3,0,3,2026-06-16T08:23:42.963680
2,3,2,3,0,3,2026-06-16T08:23:43.776012
2,3,3,2,0,2,2026-06-16T08:23:45.843079
2,3,4,3,0,3,2026-06-16T08:23:47.247336
2,3,5,2,0,2,2026-06-16T08:23:49.275672
2,3,6,2,0,2,2026-06-16T08:23:50.897539
2,3,7,2,0,2,2026-06-16T08:23:52.096848
2,3,8,3,0,3,2026-06-16T08:23:52.906809
2,3,9,2,0,2,2026-06-16T08:23:54.500763
2,3,10,2,0,2,2026-06-16T08:23:55.507838
2,4,1,2,0,2,2026-06-16T08:23:58.148992
2,4,2,2,0,2,2026-06-16T08:23:59.509441
2,4,3,2,0,2,2026-06-16T08:24:00.711368
2,4,4,2,0,2,2026-06-16T08:24:01.717712
2,4,5,2,0,2,2026-06-16T08:24:04.606960
2,4,6,2,0,2,2026-06-16T08:24:05.425493
2,4,7,2,0,2,2026-06-16T08:24:06.425649
2,4,8,2,0,2,2026-06-16T08:24:13.614054
2,4,9,2,0,2,2026-06-16T08:24:16.022654
2,4,10,2,0,2,2026-06-16T08:24:17.822361
2,5,1,3,0,3,2026-06-16T08:24:18.675494
2,5,2,3,0,3,2026-06-16T08:24:20.289822
2,5,3,2,0,2,2026-06-16T08:24:21.307306
2,5,4,3,0,3,2026-06-16T08:24:22.509677
2,5,5,3,0,3,2026-06-16T08:24:23.713514
2,5,6,2,0,2,2026-06-16T08:24:25.081132
2,5,7,3,0,3,2026-06-16T08:24:26.686575
2,5,8,2,0,2,2026-06-16T08:24:28.128140
2,5,9,3,0,3,2026-06-16T08:24:29.751628
2,5,10,3,0,3,2026-06-16T08:24:31.948837
2,6,1,5,0,5,2026-06-16T08:24:33.563257
2,6,2,5,0,5,2026-06-16T08:24:35.160078
2,6,3,5,0,5,2026-06-16T08:24:41.769913
2,6,4,5,0,5,2026-06-16T08:24:43.375432
2,6,5,5,0,5,2026-06-16T08:24:44.580596
2,6,6,5,0,5,2026-06-16T08:24:45.783394
2,6,7,5,0,5,2026-06-16T08:24:47.396813
2,6,8,5,0,5,2026-06-16T08:24:49.654272
2,6,9,5,0,5,2026-06-16T08:24:51.672877
2,6,10,5,0,5,2026-06-16T08:24:53.297015
2,7,1,5,0,5,2026-06-16T08:25:00.486164
2,7,2,5,0,5,2026-06-16T08:25:01.888944
2,7,3,5,0,5,2026-06-16T08:25:02.885556
2,7,4,5,0,5,2026-06-16T08:25:04.708964
2,7,5,5,0,5,2026-06-16T08:25:06.115777
2,7,6,5,0,5,2026-06-16T08:25:07.927429
2,7,7,5,0,5,2026-06-16T08:25:09.011904
2,7,8,5,0,5,2026-06-16T08:25:10.222423
2,7,9,5,0,5,2026-06-16T08:25:11.216711
2,7,10,5,0,5,2026-06-16T08:25:18.381145
2,8,1,4,0,4,2026-06-16T08:25:19.660606
2,8,2,4,0,4,2026-06-16T08:25:21.262677
2,8,3,4,0,4,2026-06-16T08:25:22.077808
2,8,4,4,0,4,2026-06-16T08:25:23.509073
2,8,5,4,0,4,2026-06-16T08:25:24.709769
2,8,6,4,0,4,2026-06-16T08:25:27.127206
2,8,7,4,0,4,2026-06-16T08:25:28.946765
2,8,8,4,0,4,2026-06-16T08:25:29.751060
2,8,9,4,0,4,2026-06-16T08:25:31.167285
2,8,10,4,0,4,2026-06-16T08:25:33.372717
2,9,1,2,0,2,2026-06-16T08:25:34.977641
2,9,2,2,0,2,2026-06-16T08:25:36.040983
2,9,3,2,0,2,2026-06-16T08:25:37.476048
2,9,4,2,0,2,2026-06-16T08:25:40.330232
2,9,5,2,0,2,2026-06-16T08:25:42.134005
2,9,6,2,0,2,2026-06-16T08:25:43.946014
2,9,7,2,0,2,2026-06-16T08:25:45.351189
2,9,8,2,0,2,2026-06-16T08:25:46.959873
2,9,9,2,0,2,2026-06-16T08:25:48.151744
2,9,10,2,0,2,2026-06-16T08:25:49.158929
2,10,1,2,0,2,2026-06-16T08:25:50.356794
2,10,2,2,0,2,2026-06-16T08:25:52.016970
2,10,3,2,0,2,2026-06-16T08:25:53.820553
2,10,4,2,0,2,2026-06-16T08:25:55.198941
2,10,5,2,0,2,2026-06-16T08:26:01.742804
2,10,6,2,0,2,2026-06-16T08:26:03.548075
2,10,7,2,0,2,2026-06-16T08:26:04.613591
2,10,8,2,0,2,2026-06-16T08:26:06.030424
2,10,9,2,0,2,2026-06-16T08:26:07.422864
2,10,10,2,0,2,2026-06-16T08:26:09.638622
2,11,1,5,0,5,2026-06-16T08:26:11.247071
2,11,2,5,0,5,2026-06-16T08:26:12.460650
2,11,3,5,0,5,2026-06-16T08:26:19.039248
2,11,4,5,0,5,2026-06-16T08:26:20.428744
2,11,5,5,0,5,2026-06-16T08:26:21.918294
2,11,6,5,0,5,2026-06-16T08:26:23.124850
2,11,7,5,0,5,2026-06-16T08:26:30.314282
2,11,8,5,0,5,2026-06-16T08:26:31.326829
2,11,9,5,0,5,2026-06-16T08:26:32.533955
2,11,10,5,0,5,2026-06-16T08:26:33.534886
2,12,1,5,0,5,2026-06-16T08:26:34.331721
2,12,2,5,0,5,2026-06-16T08:26:35.922749
2,12,3,5,0,5,2026-06-16T08:26:42.481683
2,12,4,5,0,5,2026-06-16T08:26:44.076940
2,12,5,5,0,5,2026-06-16T08:26:45.310587
2,12,6,5,0,5,2026-06-16T08:26:46.501513
2,12,7,5,0,5,2026-06-16T08:26:48.289003
2,12,8,5,0,5,2026-06-16T08:26:56.167960
2,12,9,5,0,5,2026-06-16T08:26:57.577742
2,12,10,5,0,5,2026-06-16T08:26:58.384028
2,13,1,3,0,3,2026-06-16T08:26:59.183400
2,13,2,3,0,3,2026-06-16T08:27:00.576723
2,13,3,3,0,3,2026-06-16T08:27:07.735772
2,13,4,3,0,3,2026-06-16T08:27:08.937552
2,13,5,3,0,3,2026-06-16T08:27:10.342047
2,13,6,3,0,3,2026-06-16T08:27:11.547024
2,13,7,3,0,3,2026-06-16T08:27:12.353589
2,13,8,3,0,3,2026-06-16T08:27:18.966220
2,13,9,3,0,3,2026-06-16T08:27:20.761053
2,13,10,3,0,3,2026-06-16T08:27:22.400656
2,14,1,3,0,3,2026-06-16T08:27:23.803179
2,14,2,3,0,3,2026-06-16T08:27:26.197294
2,14,3,3,0,3,2026-06-16T08:27:27.806718
2,14,4,3,0,3,2026-06-16T08:27:29.410762
2,14,5,3,0,3,2026-06-16T08:27:32.052294
2,14,6,3,0,3,2026-06-16T08:27:33.466995
2,14,7,3,0,3,2026-06-16T08:27:34.875198
2,14,8,3,0,3,2026-06-16T08:27:36.068634
2,14,9,3,0,3,2026-06-16T08:27:37.899576
2,14,10,3,0,3,2026-06-16T08:27:38.922234
2,15,1,1,0,1,2026-06-16T08:27:40.324460
2,15,2,1,0,1,2026-06-16T08:27:41.727134
2,15,3,1,0,1,2026-06-16T08:27:42.733799
2,15,4,1,0,1,2026-06-16T08:27:43.725028
2,15,5,1,0,1,2026-06-16T08:27:44.927043
2,15,6,1,0,1,2026-06-16T08:27:46.333540
2,15,7,1,0,1,2026-06-16T08:27:47.340431
2,15,8,1,0,1,2026-06-16T08:27:48.546031
2,15,9,1,0,1,2026-06-16T08:27:49.747714
2,15,10,1,0,1,2026-06-16T08:27:51.152752
2,16,1,5,0,5,2026-06-16T08:27:52.033007
2,16,2,4,0,4,2026-06-16T08:27:59.237018
2,16,3,4,0,4,2026-06-16T08:28:01.450175
2,16,4,5,0,5,2026-06-16T08:28:02.234588
2,16,5,5,0,5,2026-06-16T08:28:03.236822
2,16,6,4,0,4,2026-06-16T08:28:04.422669
2,16,7,4,0,4,2026-06-16T08:28:11.018193
2,16,8,5,0,5,2026-06-16T08:28:13.438958
2,16,9,5,0,5,2026-06-16T08:28:14.763400
2,16,10,5,0,5,2026-06-16T08:28:16.368333
2,17,1,5,0,5,2026-06-16T08:28:17.977521
2,17,2,5,0,5,2026-06-16T08:28:19.587717
2,17,3,5,0,5,2026-06-16T08:28:21.193830
2,17,4,5,0,5,2026-06-16T08:28:22.220021
2,17,5,5,0,5,2026-06-16T08:28:29.389964
2,17,6,5,0,5,2026-06-16T08:28:31.600079
2,17,7,5,0,5,2026-06-16T08:28:33.201851
2,17,8,5,0,5,2026-06-16T08:28:34.615154
2,17,9,5,0,5,2026-06-16T08:28:35.616168
2,17,10,5,0,5,2026-06-16T08:28:38.027434
2,18,1,5,0,5,2026-06-16T08:28:39.448128
2,18,2,5,0,5,2026-06-16T08:28:41.246530
2,18,3,5,0,5,2026-06-16T08:28:47.841587
2,18,4,5,0,5,2026-06-16T08:28:49.660946
2,18,5,5,0,5,2026-06-16T08:28:51.261119
2,18,6,5,0,5,2026-06-16T08:28:52.476943
2,18,7,5,0,5,2026-06-16T08:28:59.654478
2,18,8,5,0,5,2026-06-16T08:29:01.064606
2,18,9,5,0,5,2026-06-16T08:29:02.875099
2,18,10,5,0,5,2026-06-16T08:29:04.684109
2,19,1,4,0,4,2026-06-16T08:29:11.332899
2,19,2,4,0,4,2026-06-16T08:29:12.935830
2,19,3,4,0,4,2026-06-16T08:29:14.350126
2,19,4,4,0,4,2026-06-16T08:29:15.755192
2,19,5,4,0,4,2026-06-16T08:29:22.885288
2,19,6,4,0,4,2026-06-16T08:29:24.703236
2,19,7,4,0,4,2026-06-16T08:29:25.706926
2,19,8,4,0,4,2026-06-16T08:29:26.494201
2,19,9,4,0,4,2026-06-16T08:29:27.897118
2,19,10,4,0,4,2026-06-16T08:29:35.098689
2,20,1,3,0,3,2026-06-16T08:29:36.105694
2,20,2,3,0,3,2026-06-16T08:29:37.102649
2,20,3,3,0,3,2026-06-16T08:29:38.121916
2,20,4,3,0,3,2026-06-16T08:29:39.320044
2,20,5,3,0,3,2026-06-16T08:29:40.127494
2,20,6,3,0,3,2026-06-16T08:29:46.680906
2,20,7,3,0,3,2026-06-16T08:29:48.092851
2,20,8,3,0,3,2026-06-16T08:29:49.107477
2,20,9,3,0,3,2026-06-16T08:29:50.305110
2,20,10,3,0,3,2026-06-16T08:29:51.504854
2,21,1,5,0,5,2026-06-16T08:29:53.122306
2,21,2,5,0,5,2026-06-16T08:29:55.525040
2,21,3,5,0,5,2026-06-16T08:29:56.330293
2,21,4,5,0,5,2026-06-16T08:29:57.546292
2,21,5,5,0,5,2026-06-16T08:29:58.372966
2,21,6,5,0,5,2026-06-16T08:30:00.033379
2,21,7,5,0,5,2026-06-16T08:30:01.642436
2,21,8,5,0,5,2026-06-16T08:30:03.257158
2,21,9,5,0,5,2026-06-16T08:30:04.875287
2,21,10,5,0,5,2026-06-16T08:30:06.710634
2,22,1,5,0,5,2026-06-16T08:30:07.504421
2,22,2,5,0,5,2026-06-16T08:30:08.917314
2,22,3,5,0,5,2026-06-16T08:30:10.376640
2,22,4,5,0,5,2026-06-16T08:30:11.989220
2,22,5,5,0,5,2026-06-16T08:30:13.597806
2,22,6,5,0,5,2026-06-16T08:30:14.614288
2,22,7,5,0,5,2026-06-16T08:30:16.402925
2,22,8,5,0,5,2026-06-16T08:30:18.823461
2,22,9,5,0,5,2026-06-16T08:30:20.224357
2,22,10,5,0,5,2026-06-16T08:30:21.427180
2,23,1,4,0,4,2026-06-16T08:30:27.987329
2,23,2,4,0,4,2026-06-16T08:30:35.173547
2,23,3,4,0,4,2026-06-16T08:30:36.771300
2,23,4,4,0,4,2026-06-16T08:30:37.567878
2,23,5,4,0,4,2026-06-16T08:30:38.985177
2,23,6,4,0,4,2026-06-16T08:30:39.869068
2,23,7,4,0,4,2026-06-16T08:30:47.075896
2,23,8,4,0,4,2026-06-16T08:30:49.498427
2,23,9,4,0,4,2026-06-16T08:30:50.306177
2,23,10,4,0,4,2026-06-16T08:30:51.108741
2,24,1,2,0,2,2026-06-16T08:30:52.505435
2,24,2,2,0,2,2026-06-16T08:30:59.039144
2,24,3,2,0,2,2026-06-16T08:31:00.648571
2,24,4,2,0,2,2026-06-16T08:31:01.657326
2,24,5,2,0,2,2026-06-16T08:31:02.446582
2,24,6,2,0,2,2026-06-16T08:31:03.828631
2,24,7,2,0,2,2026-06-16T08:31:05.617513
2,24,8,2,0,2,2026-06-16T08:31:06.618571
2,24,9,2,0,2,2026-06-16T08:31:07.620845
2,24,10,2,0,2,2026-06-16T08:31:09.022465
2,25,1,0,0,0,2026-06-16T08:31:15.626203
2,25,2,0,0,0,2026-06-16T08:31:17.053597
2,25,3,0,0,0,2026-06-16T08:31:18.660936
2,25,4,0,0,0,2026-06-16T08:31:19.654680
2,25,5,0,0,0,2026-06-16T08:31:20.431554
2,25,6,0,0,0,2026-06-16T08:31:23.318724
2,25,7,0,0,0,2026-06-16T08:31:24.118948
2,25,8,0,0,0,2026-06-16T08:31:25.539408
2,25,9,0,0,0,2026-06-16T08:31:26.963006
2,25,10,0,0,0,2026-06-16T08:31:33.545928
2,26,1,3,0,3,2026-06-16T08:31:34.552135
2,26,2,3,0,3,2026-06-16T08:31:35.348616
2,26,3,4,0,4,2026-06-16T08:31:37.159059
2,26,4,3,0,3,2026-06-16T08:31:38.355453
2,26,5,3,0,3,2026-06-16T08:31:39.359439
2,26,6,3,0,3,2026-06-16T08:31:40.968728
2,26,7,3,0,3,2026-06-16T08:31:42.023648
2,26,8,3,0,3,2026-06-16T08:31:43.420644
2,26,9,3,0,3,2026-06-16T08:31:44.206452
2,26,10,3,0,3,2026-06-16T08:31:45.198866
2,27,1,3,0,3,2026-06-16T08:31:51.762101
2,27,2,3,0,3,2026-06-16T08:31:54.179887
2,27,3,3,0,3,2026-06-16T08:31:55.642271
2,27,4,3,0,3,2026-06-16T08:31:57.076164
2,27,5,3,0,3,2026-06-16T08:31:57.865109
2,27,6,3,0,3,2026-06-16T08:32:04.408498
2,27,7,3,0,3,2026-06-16T08:32:05.618021
2,27,8,3,0,3,2026-06-16T08:32:06.813221
2,27,9,3,0,3,2026-06-16T08:32:07.620042
2,27,10,3,0,3,2026-06-16T08:32:09.432643
2,28,1,3,0,3,2026-06-16T08:32:16.040275
2,28,2,3,0,3,2026-06-16T08:32:22.573909
2,28,3,3,0,3,2026-06-16T08:32:23.974210
2,28,4,3,0,3,2026-06-16T08:32:25.374377
2,28,5,3,0,3,2026-06-16T08:32:26.793236
2,28,6,3,0,3,2026-06-16T08:32:33.990716
2,28,7,3,0,3,2026-06-16T08:32:34.793088
2,28,8,3,0,3,2026-06-16T08:32:35.589675
2,28,9,3,0,3,2026-06-16T08:32:36.799479
2,28,10,3,0,3,2026-06-16T08:32:38.401609
2,29,1,3,0,3,2026-06-16T08:32:45.590970
2,29,2,3,0,3,2026-06-16T08:32:47.209885
2,29,3,3,0,3,2026-06-16T08:32:48.014888
2,29,4,3,0,3,2026-06-16T08:32:49.712616
2,29,5,3,0,3,2026-06-16T08:32:56.906596
2,29,6,3,0,3,2026-06-16T08:32:57.901410
2,29,7,3,0,3,2026-06-16T08:32:58.717760
2,29,8,3,0,3,2026-06-16T08:33:00.157693
2,29,9,3,0,3,2026-06-16T08:33:01.157636
2,29,10,3,0,3,2026-06-16T08:33:02.153022
2,30,1,3,0,3,2026-06-16T08:33:08.716449
2,30,2,3,0,3,2026-06-16T08:33:10.117888
2,30,3,3,0,3,2026-06-16T08:33:11.520810
2,30,4,3,0,3,2026-06-16T08:33:13.346489
2,30,5,3,0,3,2026-06-16T08:33:14.359211
2,30,6,3,0,3,2026-06-16T08:33:16.379417
2,30,7,3,0,3,2026-06-16T08:33:17.971568
2,30,8,3,0,3,2026-06-16T08:33:19.178593
2,30,9,3,0,3,2026-06-16T08:33:20.583852
2,30,10,3,0,3,2026-06-16T08:33:21.583002
3,1,1,5,0,5,2026-06-16T08:33:23.186182
3,1,2,5,0,5,2026-06-16T08:33:24.189496
3,1,3,5,0,5,2026-06-16T08:33:25.252214
3,1,4,5,0,5,2026-06-16T08:33:32.513736
3,1,5,5,0,5,2026-06-16T08:33:34.120040
3,1,6,5,0,5,2026-06-16T08:33:35.326116
3,1,7,5,0,5,2026-06-16T08:33:36.741527
3,1,8,5,0,5,2026-06-16T08:33:37.558954
3,1,9,5,0,5,2026-06-16T08:33:44.110742
3,1,10,5,0,5,2026-06-16T08:33:45.313960
3,2,1,5,0,5,2026-06-16T08:33:46.316688
3,2,2,5,0,5,2026-06-16T08:33:47.703505
3,2,3,5,0,5,2026-06-16T08:33:48.504116
3,2,4,5,0,5,2026-06-16T08:33:49.698329
3,2,5,5,0,5,2026-06-16T08:33:56.249003
3,2,6,5,0,5,2026-06-16T08:33:57.659271
3,2,7,5,0,5,2026-06-16T08:33:58.870232
3,2,8,5,0,5,2026-06-16T08:34:00.367080
3,2,9,5,0,5,2026-06-16T08:34:02.187396
3,2,10,5,0,5,2026-06-16T08:34:04.052931
3,3,1,2,0,2,2026-06-16T08:34:05.651051
3,3,2,2,0,2,2026-06-16T08:34:07.259513
3,3,3,2,0,2,2026-06-16T08:34:08.468186
3,3,4,2,0,2,2026-06-16T08:34:09.465606
3,3,5,2,0,2,2026-06-16T08:34:10.871693
3,3,6,2,0,2,2026-06-16T08:34:11.894732
3,3,7,2,0,2,2026-06-16T08:34:13.123715
3,3,8,2,0,2,2026-06-16T08:34:19.644821
3,3,9,2,0,2,2026-06-16T08:34:21.448120
3,3,10,2,0,2,2026-06-16T08:34:23.037866
3,4,1,2,0,2,2026-06-16T08:34:24.249205
3,4,2,2,0,2,2026-06-16T08:34:25.847718
3,4,3,2,0,2,2026-06-16T08:34:27.045734
3,4,4,2,0,2,2026-06-16T08:34:28.059848
3,4,5,2,0,2,2026-06-16T08:34:29.282205
3,4,6,2,0,2,2026-06-16T08:34:30.272746
3,4,7,2,0,2,2026-06-16T08:34:31.665759
3,4,8,2,0,2,2026-06-16T08:34:32.664817
3,4,9,2,0,2,2026-06-16T08:34:33.863464
3,4,10,2,0,2,2026-06-16T08:34:34.667934
3,5,1,2,0,2,2026-06-16T08:34:35.669223
3,5,2,2,0,2,2026-06-16T08:34:42.218793
3,5,3,2,0,2,2026-06-16T08:34:43.230083
3,5,4,2,0,2,2026-06-16T08:34:44.247935
3,5,5,2,0,2,2026-06-16T08:34:45.662551
3,5,6,2,0,2,2026-06-16T08:34:47.084850
3,5,7,2,0,2,2026-06-16T08:34:49.397797
3,5,8,2,0,2,2026-06-16T08:34:50.996639
3,5,9,2,0,2,2026-06-16T08:34:52.598680
3,5,10,2,0,2,2026-06-16T08:34:59.786790
3,6,1,5,0,5,2026-06-16T08:35:01.197537
3,6,2,5,0,5,2026-06-16T08:35:02.423778
3,6,3,5,0,5,2026-06-16T08:35:03.607535
3,6,4,5,0,5,2026-06-16T08:35:04.399951
3,6,5,5,0,5,2026-06-16T08:35:05.415989
3,6,6,5,0,5,2026-06-16T08:35:07.218946
3,6,7,5,0,5,2026-06-16T08:35:08.819131
3,6,8,5,0,5,2026-06-16T08:35:09.821729
3,6,9,5,0,5,2026-06-16T08:35:11.632655
3,6,10,5,0,5,2026-06-16T08:35:14.260200
3,7,1,5,0,5,2026-06-16T08:35:15.669382
3,7,2,5,0,5,2026-06-16T08:35:16.897031
3,7,3,5,0,5,2026-06-16T08:35:17.783989
3,7,4,5,0,5,2026-06-16T08:35:24.354608
3,7,5,5,0,5,2026-06-16T08:35:25.361796
3,7,6,5,0,5,2026-06-16T08:35:26.965875
3,7,7,5,0,5,2026-06-16T08:35:28.375536
3,7,8,5,0,5,2026-06-16T08:35:35.571832
3,7,9,5,0,5,2026-06-16T08:35:37.189375
3,7,10,5,0,5,2026-06-16T08:35:38.397172
3,8,1,3,0,3,2026-06-16T08:35:39.220360
3,8,2,3,0,3,2026-06-16T08:35:40.634859
3,8,3,3,0,3,2026-06-16T08:35:42.843516
3,8,4,3,0,3,2026-06-16T08:35:44.656574
3,8,5,3,0,3,2026-06-16T08:35:46.270030
3,8,6,3,0,3,2026-06-16T08:35:47.880992
3,8,7,3,0,3,2026-06-16T08:35:49.483404
3,8,8,3,0,3,2026-06-16T08:35:50.552473
3,8,9,3,0,3,2026-06-16T08:35:51.544589
3,8,10,3,0,3,2026-06-16T08:35:58.740355
3,9,1,2,0,2,2026-06-16T08:35:59.952883
3,9,2,2,0,2,2026-06-16T08:36:01.350484
3,9,3,2,0,2,2026-06-16T08:36:02.634131
3,9,4,2,0,2,2026-06-16T08:36:09.205939
3,9,5,2,0,2,2026-06-16T08:36:11.426503
3,9,6,2,0,2,2026-06-16T08:36:12.647237
3,9,7,2,0,2,2026-06-16T08:36:13.900055
3,9,8,2,0,2,2026-06-16T08:36:20.436258
3,9,9,2,0,2,2026-06-16T08:36:21.656063
3,9,10,2,0,2,2026-06-16T08:36:22.649158
3,10,1,1,0,1,2026-06-16T08:36:24.052841
3,10,2,1,0,1,2026-06-16T08:36:25.659621
3,10,3,1,0,1,2026-06-16T08:36:32.387580
3,10,4,1,0,1,2026-06-16T08:36:33.372942
3,10,5,1,0,1,2026-06-16T08:36:34.165036
3,10,6,1,0,1,2026-06-16T08:36:35.585101
3,10,7,1,0,1,2026-06-16T08:36:36.365836
3,10,8,1,0,1,2026-06-16T08:36:37.784429
3,10,9,1,0,1,2026-06-16T08:36:44.312703
3,10,10,1,0,1,2026-06-16T08:36:46.525868
3,11,1,5,0,5,2026-06-16T08:36:48.133095
3,11,2,5,0,5,2026-06-16T08:36:49.136031
3,11,3,5,0,5,2026-06-16T08:36:49.945476
3,11,4,5,0,5,2026-06-16T08:36:56.511319
3,11,5,5,0,5,2026-06-16T08:36:57.712869
3,11,6,5,0,5,2026-06-16T08:36:59.114177
3,11,7,5,0,5,2026-06-16T08:37:00.322677
3,11,8,5,0,5,2026-06-16T08:37:02.126436
3,11,9,5,0,5,2026-06-16T08:37:04.344026
3,11,10,5,0,5,2026-06-16T08:37:05.943828
3,12,1,5,0,5,2026-06-16T08:37:06.948714
3,12,2,5,0,5,2026-06-16T08:37:08.558699
3,12,3,5,0,5,2026-06-16T08:37:15.163061
3,12,4,5,0,5,2026-06-16T08:37:16.373554
3,12,5,5,0,5,2026-06-16T08:37:17.784939
3,12,6,5,0,5,2026-06-16T08:37:18.819911
3,12,7,5,0,5,2026-06-16T08:37:19.829188
3,12,8,5,0,5,2026-06-16T08:37:26.373862
3,12,9,5,0,5,2026-06-16T08:37:27.987602
3,12,10,5,0,5,2026-06-16T08:37:29.005116
3,13,1,2,0,2,2026-06-16T08:37:30.601933
3,13,2,2,0,2,2026-06-16T08:37:32.008694
3,13,3,2,0,2,2026-06-16T08:37:33.667798
3,13,4,2,0,2,2026-06-16T08:37:35.477963
3,13,5,2,0,2,2026-06-16T08:37:36.486561
3,13,6,3,0,3,2026-06-16T08:37:38.094210
3,13,7,2,0,2,2026-06-16T08:37:44.672084
3,13,8,2,0,2,2026-06-16T08:37:46.273560
3,13,9,2,0,2,2026-06-16T08:37:47.483441
3,13,10,2,0,2,2026-06-16T08:37:48.925877
3,14,1,3,0,3,2026-06-16T08:37:49.937993
3,14,2,3,0,3,2026-06-16T08:37:51.556026
3,14,3,3,0,3,2026-06-16T08:37:53.171360
3,14,4,3,0,3,2026-06-16T08:37:54.660154
3,14,5,3,0,3,2026-06-16T08:37:55.871204
3,14,6,3,0,3,2026-06-16T08:37:57.737727
3,14,7,3,0,3,2026-06-16T08:37:58.539579
3,14,8,3,0,3,2026-06-16T08:37:59.576277
3,14,9,3,0,3,2026-06-16T08:38:01.179603
3,14,10,3,0,3,2026-06-16T08:38:08.374545
3,15,1,2,0,2,2026-06-16T08:38:09.177854
3,15,2,2,0,2,2026-06-16T08:38:10.176718
3,15,3,2,0,2,2026-06-16T08:38:11.175857
3,15,4,2,0,2,2026-06-16T08:38:12.170877
3,15,5,2,0,2,2026-06-16T08:38:13.571732
3,15,6,2,0,2,2026-06-16T08:38:14.572522
3,15,7,2,0,2,2026-06-16T08:38:15.568543
3,15,8,2,0,2,2026-06-16T08:38:16.371111
3,15,9,2,0,2,2026-06-16T08:38:17.975867
3,15,10,2,0,2,2026-06-16T08:38:19.388005
3,16,1,5,0,5,2026-06-16T08:38:21.003048
3,16,2,5,0,5,2026-06-16T08:38:22.199003
3,16,3,5,0,5,2026-06-16T08:38:23.399832
3,16,4,5,0,5,2026-06-16T08:38:24.804105
3,16,5,5,0,5,2026-06-16T08:38:25.602797
3,16,6,5,0,5,2026-06-16T08:38:26.798242
3,16,7,5,0,5,2026-06-16T08:38:28.404358
3,16,8,5,0,5,2026-06-16T08:38:29.803763
3,16,9,5,0,5,2026-06-16T08:38:31.424159
3,16,10,5,0,5,2026-06-16T08:38:32.613506
3,17,1,5,0,5,2026-06-16T08:38:34.027891
3,17,2,5,0,5,2026-06-16T08:38:35.429073
3,17,3,5,0,5,2026-06-16T08:38:37.235016
3,17,4,5,0,5,2026-06-16T08:38:39.250734
3,17,5,5,0,5,2026-06-16T08:38:40.043141
3,17,6,5,0,5,2026-06-16T08:38:41.047528
3,17,7,5,0,5,2026-06-16T08:38:42.251445
3,17,8,5,0,5,2026-06-16T08:38:49.483273
3,17,9,5,0,5,2026-06-16T08:38:51.284682
3,17,10,5,0,5,2026-06-16T08:38:52.478145
3,18,1,5,0,5,2026-06-16T08:38:53.462849
3,18,2,5,0,5,2026-06-16T08:38:55.061886
3,18,3,5,0,5,2026-06-16T08:38:57.740993
3,18,4,5,0,5,2026-06-16T08:38:59.171484
3,18,5,5,0,5,2026-06-16T08:39:00.775816
3,18,6,5,0,5,2026-06-16T08:39:07.299479
3,18,7,5,0,5,2026-06-16T08:39:08.799282
3,18,8,5,0,5,2026-06-16T08:39:10.200164
3,18,9,5,0,5,2026-06-16T08:39:11.413149
3,18,10,5,0,5,2026-06-16T08:39:12.616957
3,19,1,3,0,3,2026-06-16T08:39:19.962760
3,19,2,3,0,3,2026-06-16T08:39:21.562552
3,19,3,3,0,3,2026-06-16T08:39:23.150849
3,19,4,3,0,3,2026-06-16T08:39:24.567864
3,19,5,3,0,3,2026-06-16T08:39:31.798034
3,19,6,3,0,3,2026-06-16T08:39:34.029573
3,19,7,3,0,3,2026-06-16T08:39:35.627949
3,19,8,3,0,3,2026-06-16T08:39:36.651119
3,19,9,3,0,3,2026-06-16T08:39:43.803273
3,19,10,3,0,3,2026-06-16T08:39:44.607162
3,20,1,3,0,3,2026-06-16T08:39:45.817765
3,20,2,3,0,3,2026-06-16T08:39:47.211462
3,20,3,3,0,3,2026-06-16T08:39:48.649375
3,20,4,3,0,3,2026-06-16T08:39:55.903682
3,20,5,3,0,3,2026-06-16T08:39:57.300078
3,20,6,3,0,3,2026-06-16T08:39:58.769356
3,20,7,3,0,3,2026-06-16T08:39:59.569777
3,20,8,3,0,3,2026-06-16T08:40:06.737746
3,20,9,3,0,3,2026-06-16T08:40:08.186108
3,20,10,3,0,3,2026-06-16T08:40:08.999526
3,21,1,5,0,5,2026-06-16T08:40:09.815776
3,21,2,5,0,5,2026-06-16T08:40:10.826662
3,21,3,5,0,5,2026-06-16T08:40:11.631981
3,21,4,5,0,5,2026-06-16T08:40:12.638092
3,21,5,5,0,5,2026-06-16T08:40:13.847209
3,21,6,5,0,5,2026-06-16T08:40:15.479991
3,21,7,5,0,5,2026-06-16T08:40:16.897006
3,21,8,5,0,5,2026-06-16T08:40:18.901743
3,21,9,5,0,5,2026-06-16T08:40:19.899084
3,21,10,5,0,5,2026-06-16T08:40:20.709673
3,22,1,3,0,3,2026-06-16T08:40:22.018639
3,22,2,3,0,3,2026-06-16T08:40:23.030239
3,22,3,3,0,3,2026-06-16T08:40:30.224619
3,22,4,3,0,3,2026-06-16T08:40:31.232488
3,22,5,3,0,3,2026-06-16T08:40:32.643802
3,22,6,3,0,3,2026-06-16T08:40:33.641170
3,22,7,3,0,3,2026-06-16T08:40:34.850900
3,22,8,3,0,3,2026-06-16T08:40:42.085470
3,22,9,3,0,3,2026-06-16T08:40:42.885194
3,22,10,3,0,3,2026-06-16T08:40:44.289767
3,23,1,4,0,4,2026-06-16T08:40:45.091920
3,23,2,4,0,4,2026-06-16T08:40:46.094239
3,23,3,4,0,4,2026-06-16T08:40:47.102519
3,23,4,4,0,4,2026-06-16T08:40:49.734603
3,23,5,4,0,4,2026-06-16T08:40:50.791506
3,23,6,4,0,4,2026-06-16T08:40:52.223556
3,23,7,4,0,4,2026-06-16T08:40:53.231420
3,23,8,4,0,4,2026-06-16T08:40:56.218976
3,23,9,4,0,4,2026-06-16T08:40:57.215701
3,23,10,4,0,4,2026-06-16T08:40:58.675407
3,24,1,3,0,3,2026-06-16T08:41:05.241042
3,24,2,3,0,3,2026-06-16T08:41:06.449083
3,24,3,3,0,3,2026-06-16T08:41:08.255659
3,24,4,3,0,3,2026-06-16T08:41:09.325738
3,24,5,3,0,3,2026-06-16T08:41:10.169233
3,24,6,3,0,3,2026-06-16T08:41:10.977940
3,24,7,3,0,3,2026-06-16T08:41:12.182616
3,24,8,3,0,3,2026-06-16T08:41:13.785799
3,24,9,3,0,3,2026-06-16T08:41:15.193136
3,24,10,3,0,3,2026-06-16T08:41:22.409122
3,25,1,0,0,0,2026-06-16T08:41:23.594447
3,25,2,0,0,0,2026-06-16T08:41:24.804705
3,25,3,0,0,0,2026-06-16T08:41:25.794131
3,25,4,0,0,0,2026-06-16T08:41:27.203906
3,25,5,0,0,0,2026-06-16T08:41:33.749906
3,25,6,0,0,0,2026-06-16T08:41:35.829772
3,25,7,0,0,0,2026-06-16T08:41:37.242667
3,25,8,0,0,0,2026-06-16T08:41:38.846817
3,25,9,0,0,0,2026-06-16T08:41:45.442798
3,25,10,0,0,0,2026-06-16T08:41:46.836496
3,26,1,3,0,3,2026-06-16T08:41:48.636549
3,26,2,3,0,3,2026-06-16T08:41:49.835158
3,26,3,3,0,3,2026-06-16T08:41:56.371389
3,26,4,3,0,3,2026-06-16T08:41:58.376887
3,26,5,3,0,3,2026-06-16T08:41:59.585903
3,26,6,3,0,3,2026-06-16T08:42:00.966477
3,26,7,3,0,3,2026-06-16T08:42:02.363274
3,26,8,3,0,3,2026-06-16T08:42:03.360216
3,26,9,3,0,3,2026-06-16T08:42:04.963302
3,26,10,3,0,3,2026-06-16T08:42:06.556883
3,27,1,3,0,3,2026-06-16T08:42:13.750035
3,27,2,2,0,2,2026-06-16T08:42:15.152226
3,27,3,2,0,2,2026-06-16T08:42:16.960326
3,27,4,3,0,3,2026-06-16T08:42:17.966323
3,27,5,3,0,3,2026-06-16T08:42:25.140170
3,27,6,3,0,3,2026-06-16T08:42:28.031536
3,27,7,2,0,2,2026-06-16T08:42:29.639178
3,27,8,3,0,3,2026-06-16T08:42:31.238739
3,27,9,2,0,2,2026-06-16T08:42:37.697129
3,27,10,2,0,2,2026-06-16T08:42:40.105844
3,28,1,3,0,3,2026-06-16T08:42:41.505175
3,28,2,3,0,3,2026-06-16T08:42:42.703987
3,28,3,3,0,3,2026-06-16T08:42:44.522015
3,28,4,3,0,3,2026-06-16T08:42:45.322600
3,28,5,3,0,3,2026-06-16T08:42:46.942287
3,28,6,3,0,3,2026-06-16T08:42:48.336327
3,28,7,3,0,3,2026-06-16T08:42:54.904814
3,28,8,3,0,3,2026-06-16T08:42:56.505172
3,28,9,3,0,3,2026-06-16T08:42:57.310504
3,28,10,3,0,3,2026-06-16T08:42:58.921801
3,29,1,3,0,3,2026-06-16T08:42:59.715233
3,29,2,3,0,3,2026-06-16T08:43:06.885543
3,29,3,3,0,3,2026-06-16T08:43:07.691974
3,29,4,3,0,3,2026-06-16T08:43:09.314873
3,29,5,3,0,3,2026-06-16T08:43:10.120206
3,29,6,3,0,3,2026-06-16T08:43:11.339951
3,29,7,3,0,3,2026-06-16T08:43:13.991784
3,29,8,3,0,3,2026-06-16T08:43:15.198328
3,29,9,3,0,3,2026-06-16T08:43:16.198572
3,29,10,3,0,3,2026-06-16T08:43:17.001231
3,30,1,3,0,3,2026-06-16T08:43:23.558490
3,30,2,2,0,2,2026-06-16T08:43:24.774299
3,30,3,3,0,3,2026-06-16T08:43:25.621634
3,30,4,3,0,3,2026-06-16T08:43:26.490322
3,30,5,3,0,3,2026-06-16T08:43:27.491544
3,30,6,2,0,2,2026-06-16T08:43:28.898994
3,30,7,3,0,3,2026-06-16T08:43:35.466282
3,30,8,3,0,3,2026-06-16T08:43:37.678827
3,30,9,3,0,3,2026-06-16T08:43:38.696425
3,30,10,2,0,2,2026-06-16T08:43:40.305740
4,1,1,5,0,5,2026-06-16T08:43:48.184940
4,1,2,5,0,5,2026-06-16T08:43:49.800602
4,1,3,5,0,5,2026-06-16T08:43:51.213256
4,1,4,5,0,5,2026-06-16T08:43:52.234775
4,1,5,5,0,5,2026-06-16T08:43:59.383666
4,1,6,5,0,5,2026-06-16T08:44:01.804040
4,1,7,5,0,5,2026-06-16T08:44:02.809431
4,1,8,5,0,5,2026-06-16T08:44:04.622900
4,1,9,5,0,5,2026-06-16T08:44:05.453869
4,1,10,5,0,5,2026-06-16T08:44:06.870790
4,2,1,5,0,5,2026-06-16T08:44:08.078560
4,2,2,5,0,5,2026-06-16T08:44:08.864393
4,2,3,5,0,5,2026-06-16T08:44:09.874877
4,2,4,5,0,5,2026-06-16T08:44:11.280824
4,2,5,5,0,5,2026-06-16T08:44:13.953216
4,2,6,5,0,5,2026-06-16T08:44:14.957257
4,2,7,5,0,5,2026-06-16T08:44:16.341548
4,2,8,5,0,5,2026-06-16T08:44:17.543216
4,2,9,5,0,5,2026-06-16T08:44:19.354431
4,2,10,5,0,5,2026-06-16T08:44:20.550585
4,3,1,2,0,2,2026-06-16T08:44:21.636803
4,3,2,2,0,2,2026-06-16T08:44:23.051121
4,3,3,2,0,2,2026-06-16T08:44:30.283353
4,3,4,2,0,2,2026-06-16T08:44:32.078410
4,3,5,2,0,2,2026-06-16T08:44:33.097550
4,3,6,2,0,2,2026-06-16T08:44:34.120531
4,3,7,2,0,2,2026-06-16T08:44:35.744077
4,3,8,2,0,2,2026-06-16T08:44:42.289054
4,3,9,2,0,2,2026-06-16T08:44:43.696332
4,3,10,2,0,2,2026-06-16T08:44:44.570191
4,4,1,3,0,3,2026-06-16T08:44:45.785519
4,4,2,3,0,3,2026-06-16T08:44:47.203705
4,4,3,3,0,3,2026-06-16T08:44:54.469519
4,4,4,3,0,3,2026-06-16T08:44:55.473503
4,4,5,3,0,3,2026-06-16T08:44:56.475677
4,4,6,3,0,3,2026-06-16T08:44:57.482284
4,4,7,3,0,3,2026-06-16T08:44:58.870474
4,4,8,3,0,3,2026-06-16T08:45:05.395039
4,4,9,3,0,3,2026-06-16T08:45:07.808196
4,4,10,3,0,3,2026-06-16T08:45:09.205821
4,5,1,2,0,2,2026-06-16T08:45:10.615924
4,5,2,2,0,2,2026-06-16T08:45:11.401327
4,5,3,2,0,2,2026-06-16T08:45:18.672670
4,5,4,2,0,2,2026-06-16T08:45:20.300388
4,5,5,2,0,2,2026-06-16T08:45:21.700706
4,5,6,2,0,2,2026-06-16T08:45:23.096624
4,5,7,2,0,2,2026-06-16T08:45:29.697451
4,5,8,2,0,2,2026-06-16T08:45:30.548730
4,5,9,2,0,2,2026-06-16T08:45:31.759943
4,5,10,2,0,2,2026-06-16T08:45:33.364218
4,6,1,5,0,5,2026-06-16T08:45:34.357541
4,6,2,5,0,5,2026-06-16T08:45:35.978311
4,6,3,5,0,5,2026-06-16T08:45:37.582766
4,6,4,5,0,5,2026-06-16T08:45:38.784141
4,6,5,5,0,5,2026-06-16T08:45:40.596417
4,6,6,5,0,5,2026-06-16T08:45:42.217535
4,6,7,5,0,5,2026-06-16T08:45:43.626877
4,6,8,5,0,5,2026-06-16T08:45:45.237440
4,6,9,5,0,5,2026-06-16T08:45:46.832236
4,6,10,5,0,5,2026-06-16T08:45:53.363457
4,7,1,5,0,5,2026-06-16T08:45:54.153895
4,7,2,5,0,5,2026-06-16T08:45:55.158570
4,7,3,5,0,5,2026-06-16T08:45:56.253560
4,7,4,5,0,5,2026-06-16T08:45:57.260613
4,7,5,5,0,5,2026-06-16T08:45:58.664834
4,7,6,5,0,5,2026-06-16T08:46:00.667274
4,7,7,5,0,5,2026-06-16T08:46:02.268573
4,7,8,5,0,5,2026-06-16T08:46:04.064217
4,7,9,5,0,5,2026-06-16T08:46:11.984180
4,7,10,5,0,5,2026-06-16T08:46:13.371095
4,8,1,5,0,5,2026-06-16T08:46:14.776415
4,8,2,5,0,5,2026-06-16T08:46:16.369904
4,8,3,5,0,5,2026-06-16T08:46:22.912854
4,8,4,5,0,5,2026-06-16T08:46:25.847396
4,8,5,5,0,5,2026-06-16T08:46:27.755443
4,8,6,5,0,5,2026-06-16T08:46:29.354763
4,8,7,5,0,5,2026-06-16T08:46:35.889285
4,8,8,5,0,5,2026-06-16T08:46:36.692148
4,8,9,5,0,5,2026-06-16T08:46:38.301800
4,8,10,5,0,5,2026-06-16T08:46:39.900695
4,9,1,3,0,3,2026-06-16T08:46:47.077254
4,9,2,3,0,3,2026-06-16T08:46:48.279453
4,9,3,3,0,3,2026-06-16T08:46:49.287328
4,9,4,3,0,3,2026-06-16T08:46:50.292814
4,9,5,3,0,3,2026-06-16T08:46:51.897064
4,9,6,3,0,3,2026-06-16T08:46:54.309787
4,9,7,3,0,3,2026-06-16T08:46:55.326017
4,9,8,3,0,3,2026-06-16T08:46:56.360684
4,9,9,3,0,3,2026-06-16T08:46:57.563274
4,9,10,3,0,3,2026-06-16T08:47:04.721219
4,10,1,2,0,2,2026-06-16T08:47:05.705715
4,10,2,2,0,2,2026-06-16T08:47:07.316046
4,10,3,2,0,2,2026-06-16T08:47:08.519865
4,10,4,2,0,2,2026-06-16T08:47:10.118659
4,10,5,2,0,2,2026-06-16T08:47:17.268926
4,10,6,2,0,2,2026-06-16T08:47:18.872776
4,10,7,2,0,2,2026-06-16T08:47:20.078570
4,10,8,2,0,2,2026-06-16T08:47:21.684990
4,10,9,2,0,2,2026-06-16T08:48:30.325628
4,10,10,2,0,2,2026-06-16T08:48:37.553986
4,11,1,5,0,5,2026-06-16T08:48:39.766420
4,11,2,5,0,5,2026-06-16T08:49:48.605594
4,11,3,5,0,5,2026-06-16T08:49:50.022108
4,11,4,5,0,5,2026-06-16T08:49:50.851606
4,11,5,5,0,5,2026-06-16T08:49:52.062113
4,11,6,5,0,5,2026-06-16T08:49:53.661822
4,11,7,5,0,5,2026-06-16T08:50:00.254302
4,11,8,5,0,5,2026-06-16T08:50:01.238822
4,11,9,5,0,5,2026-06-16T08:50:02.452075
4,11,10,5,0,5,2026-06-16T08:50:04.253184
4,12,1,5,0,5,2026-06-16T08:50:05.249810
4,12,2,5,0,5,2026-06-16T08:50:07.053314
4,12,3,5,0,5,2026-06-16T08:50:08.047107
4,12,4,5,0,5,2026-06-16T08:50:09.199911
4,12,5,5,0,5,2026-06-16T08:50:10.593087
4,12,6,5,0,5,2026-06-16T08:50:11.420586
4,12,7,5,0,5,2026-06-16T08:50:18.599434
4,12,8,5,0,5,2026-06-16T08:50:20.400092
4,12,9,5,0,5,2026-06-16T08:50:21.191869
4,12,10,5,0,5,2026-06-16T08:50:22.592315
4,13,1,5,0,5,2026-06-16T08:50:23.588297
4,13,2,5,0,5,2026-06-16T08:50:30.713533
4,13,3,5,0,5,2026-06-16T08:50:32.704651
4,13,4,5,0,5,2026-06-16T08:50:33.898894
4,13,5,5,0,5,2026-06-16T08:50:34.876555
4,13,6,5,0,5,2026-06-16T08:50:35.874473
4,13,7,5,0,5,2026-06-16T08:50:38.727683
4,13,8,5,0,5,2026-06-16T08:50:39.801473
4,13,9,5,0,5,2026-06-16T08:50:41.403674
4,13,10,5,0,5,2026-06-16T08:50:48.610537
4,14,1,3,0,3,2026-06-16T08:50:49.602701
4,14,2,3,0,3,2026-06-16T08:50:50.594185
4,14,3,3,0,3,2026-06-16T08:50:51.575565
4,14,4,3,0,3,2026-06-16T08:50:53.381497
4,14,5,3,0,3,2026-06-16T08:50:54.996124
4,14,6,3,0,3,2026-06-16T08:50:55.994573
4,14,7,3,0,3,2026-06-16T08:50:57.586502
4,14,8,3,0,3,2026-06-16T08:50:59.188818
4,14,9,3,0,3,2026-06-16T08:51:06.378019
4,14,10,3,0,3,2026-06-16T08:51:09.037406
4,15,1,2,0,2,2026-06-16T08:51:10.445569
4,15,2,2,0,2,2026-06-16T08:51:12.265995
4,15,3,2,0,2,2026-06-16T08:51:19.449379
4,15,4,2,0,2,2026-06-16T08:51:21.683043
4,15,5,2,0,2,2026-06-16T08:51:22.677670
4,15,6,2,0,2,2026-06-16T08:51:23.680299
4,15,7,2,0,2,2026-06-16T08:51:24.495514
4,15,8,2,0,2,2026-06-16T08:51:25.497148
4,15,9,2,0,2,2026-06-16T08:51:27.096584
4,15,10,2,0,2,2026-06-16T08:51:28.489340
4,16,1,5,0,5,2026-06-16T08:51:29.899276
4,16,2,5,0,5,2026-06-16T08:51:36.425319
4,16,3,5,0,5,2026-06-16T08:51:42.942742
4,16,4,5,0,5,2026-06-16T08:51:44.141251
4,16,5,5,0,5,2026-06-16T08:51:45.755878
4,16,6,5,0,5,2026-06-16T08:51:46.769016
4,16,7,5,0,5,2026-06-16T08:51:47.765522
4,16,8,5,0,5,2026-06-16T08:51:54.941639
4,16,9,5,0,5,2026-06-16T08:51:55.729433
4,16,10,5,0,5,2026-06-16T08:51:57.331177
4,17,1,5,0,5,2026-06-16T08:51:58.740268
4,17,2,5,0,5,2026-06-16T08:52:00.353974
4,17,3,5,0,5,2026-06-16T08:52:02.158071
4,17,4,5,0,5,2026-06-16T08:52:03.143687
4,17,5,5,0,5,2026-06-16T08:52:04.746375
4,17,6,5,0,5,2026-06-16T08:52:06.559905
4,17,7,5,0,5,2026-06-16T08:52:07.967910
4,17,8,5,0,5,2026-06-16T08:52:08.968030
4,17,9,5,0,5,2026-06-16T08:52:09.779315
4,17,10,5,0,5,2026-06-16T08:52:10.974399
4,18,1,3,0,3,2026-06-16T08:52:12.178921
4,18,2,3,0,3,2026-06-16T08:52:18.698943
4,18,3,3,0,3,2026-06-16T08:52:20.306345
4,18,4,3,0,3,2026-06-16T08:52:21.911924
4,18,5,3,0,3,2026-06-16T08:52:23.331803
4,18,6,3,0,3,2026-06-16T08:52:24.745125
4,18,7,3,0,3,2026-06-16T08:52:26.356634
4,18,8,3,0,3,2026-06-16T08:52:28.179015
4,18,9,3,0,3,2026-06-16T08:52:29.186854
4,18,10,3,0,3,2026-06-16T08:52:31.817700
4,19,1,3,0,3,2026-06-16T08:52:32.624737
4,19,2,3,0,3,2026-06-16T08:52:34.080912
4,19,3,3,0,3,2026-06-16T08:52:41.931394
4,19,4,3,0,3,2026-06-16T08:52:42.928187
4,19,5,3,0,3,2026-06-16T08:52:43.811034
4,19,6,3,0,3,2026-06-16T08:52:45.204906
4,19,7,3,0,3,2026-06-16T08:52:46.610477
4,19,8,3,0,3,2026-06-16T08:52:47.408788
4,19,9,3,0,3,2026-06-16T08:52:55.268552
4,19,10,3,0,3,2026-06-16T08:52:56.066535
4,20,1,2,0,2,2026-06-16T08:52:57.252808
4,20,2,2,0,2,2026-06-16T08:52:58.257402
4,20,3,2,0,2,2026-06-16T08:52:59.854064
4,20,4,2,0,2,2026-06-16T08:53:01.279258
4,20,5,2,0,2,2026-06-16T08:53:02.882948
4,20,6,2,0,2,2026-06-16T08:53:03.894465
4,20,7,2,0,2,2026-06-16T08:53:05.095824
4,20,8,2,0,2,2026-06-16T08:53:06.099039
4,20,9,2,0,2,2026-06-16T08:53:12.631684
4,20,10,2,0,2,2026-06-16T08:53:14.235027
4,21,1,5,0,5,2026-06-16T08:53:15.231274
4,21,2,5,0,5,2026-06-16T08:53:16.047267
4,21,3,5,0,5,2026-06-16T08:53:17.636410
4,21,4,5,0,5,2026-06-16T08:53:18.639331
4,21,5,5,0,5,2026-06-16T08:53:19.635367
4,21,6,5,0,5,2026-06-16T08:53:20.455602
4,21,7,5,0,5,2026-06-16T08:53:22.037627
4,21,8,5,0,5,2026-06-16T08:53:23.245163
4,21,9,5,0,5,2026-06-16T08:53:29.801950
4,21,10,5,0,5,2026-06-16T08:53:31.660463
4,22,1,3,0,3,2026-06-16T08:53:33.058551
4,22,2,3,0,3,2026-06-16T08:53:34.266469
4,22,3,3,0,3,2026-06-16T08:53:35.254794
4,22,4,3,0,3,2026-06-16T08:53:41.774370
4,22,5,3,0,3,2026-06-16T08:53:43.579152
4,22,6,3,0,3,2026-06-16T08:53:45.194088
4,22,7,3,0,3,2026-06-16T08:53:47.013591
4,22,8,3,0,3,2026-06-16T08:53:54.279583
4,22,9,3,0,3,2026-06-16T08:53:55.466476
4,22,10,3,0,3,2026-06-16T08:53:57.283487
4,23,1,5,0,5,2026-06-16T08:53:58.285245
4,23,2,5,0,5,2026-06-16T08:53:59.683748
4,23,3,5,0,5,2026-06-16T08:54:02.352828
4,23,4,5,0,5,2026-06-16T08:54:04.148807
4,23,5,5,0,5,2026-06-16T08:54:04.957724
4,23,6,5,0,5,2026-06-16T08:54:12.148937
4,23,7,5,0,5,2026-06-16T08:54:13.952336
4,23,8,5,0,5,2026-06-16T08:54:15.375382
4,23,9,5,0,5,2026-06-16T08:54:16.796934
4,23,10,5,0,5,2026-06-16T08:54:17.797625
4,24,1,3,0,3,2026-06-16T08:54:19.421149
4,24,2,3,0,3,2026-06-16T08:54:20.640247
4,24,3,3,0,3,2026-06-16T08:54:21.844363
4,24,4,3,0,3,2026-06-16T08:54:23.253035
4,24,5,3,0,3,2026-06-16T08:54:26.212142
4,24,6,3,0,3,2026-06-16T08:54:27.191702
4,24,7,3,0,3,2026-06-16T08:54:28.804077
4,24,8,3,0,3,2026-06-16T08:54:36.005439
4,24,9,3,0,3,2026-06-16T08:54:37.887784
4,24,10,3,0,3,2026-06-16T08:54:39.116596
4,25,1,0,0,0,2026-06-16T08:54:40.721199
4,25,2,0,0,0,2026-06-16T08:54:47.320793
4,25,3,0,0,0,2026-06-16T08:54:48.737605
4,25,4,0,0,0,2026-06-16T08:54:49.733049
4,25,5,0,0,0,2026-06-16T08:54:51.338141
4,25,6,0,0,0,2026-06-16T08:54:52.946162
4,25,7,0,0,0,2026-06-16T08:54:54.147913
4,25,8,0,0,0,2026-06-16T08:54:55.600903
4,25,9,0,0,0,2026-06-16T08:54:56.796993
4,25,10,0,0,0,2026-06-16T08:54:58.001524
4,26,1,2,0,2,2026-06-16T08:55:00.413947
4,26,2,2,0,2,2026-06-16T08:55:01.829051
4,26,3,2,0,2,2026-06-16T08:55:02.830243
4,26,4,2,0,2,2026-06-16T08:55:10.026163
4,26,5,2,0,2,2026-06-16T08:55:12.698791
4,26,6,2,0,2,2026-06-16T08:55:13.695716
4,26,7,2,0,2,2026-06-16T08:55:14.496085
4,26,8,2,0,2,2026-06-16T08:55:16.308730
4,26,9,2,0,2,2026-06-16T08:55:18.516307
4,26,10,2,0,2,2026-06-16T08:56:23.034539
4,27,1,2,0,2,2026-06-16T08:56:30.193929
4,27,2,2,0,2,2026-06-16T08:56:31.604177
4,27,3,2,0,2,2026-06-16T08:56:32.403104
4,27,4,2,0,2,2026-06-16T08:56:33.804802
4,27,5,2,0,2,2026-06-16T08:56:35.401155
4,27,6,2,0,2,2026-06-16T08:56:36.795729
4,27,7,2,0,2,2026-06-16T08:56:38.206980
4,27,8,2,0,2,2026-06-16T08:56:39.621770
4,27,9,2,0,2,2026-06-16T08:56:41.419553
4,27,10,2,0,2,2026-06-16T08:56:43.019901
4,28,1,2,0,2,2026-06-16T08:56:44.420308
4,28,2,2,0,2,2026-06-16T08:56:45.684287
4,28,3,2,0,2,2026-06-16T08:56:47.286210
4,28,4,2,0,2,2026-06-16T08:56:50.425050
4,28,5,2,0,2,2026-06-16T08:56:51.832994
4,28,6,2,0,2,2026-06-16T08:56:53.442642
4,28,7,2,0,2,2026-06-16T08:56:59.971220
4,28,8,2,0,2,2026-06-16T08:57:00.974778
4,28,9,2,0,2,2026-06-16T08:57:02.578853
4,28,10,2,0,2,2026-06-16T08:57:03.371666
4,29,1,2,0,2,2026-06-16T08:57:04.780282
4,29,2,2,0,2,2026-06-16T08:57:07.413302
4,29,3,2,0,2,2026-06-16T08:57:09.432490
4,29,4,2,0,2,2026-06-16T08:57:10.839152
4,29,5,2,0,2,2026-06-16T08:57:17.347942
4,29,6,2,0,2,2026-06-16T08:57:18.961810
4,29,7,2,0,2,2026-06-16T08:57:20.361180
4,29,8,2,0,2,2026-06-16T08:57:21.768276
4,29,9,2,0,2,2026-06-16T08:57:22.976611
4,29,10,2,0,2,2026-06-16T08:57:25.183969
4,30,1,2,0,2,2026-06-16T08:57:26.787734
4,30,2,3,0,3,2026-06-16T08:57:27.995411
4,30,3,2,0,2,2026-06-16T08:57:29.202422
4,30,4,2,0,2,2026-06-16T08:57:31.830447
4,30,5,2,0,2,2026-06-16T08:57:33.255827
4,30,6,2,0,2,2026-06-16T08:57:34.640852
4,30,7,2,0,2,2026-06-16T08:57:41.182523
4,30,8,2,0,2,2026-06-16T08:57:42.002900
4,30,9,3,0,3,2026-06-16T08:57:43.008729
4,30,10,3,0,3,2026-06-16T08:57:44.428422
5,1,1,2,0,2,2026-06-16T08:57:45.427139
5,1,2,2,0,2,2026-06-16T08:57:46.220660
5,1,3,2,0,2,2026-06-16T08:57:48.619667
5,1,4,2,0,2,2026-06-16T08:57:50.228933
5,1,5,2,0,2,2026-06-16T08:57:51.032052
5,1,6,2,0,2,2026-06-16T08:57:51.832932
5,1,7,2,0,2,2026-06-16T08:57:58.358652
5,1,8,2,0,2,2026-06-16T08:58:00.022336
5,1,9,2,0,2,2026-06-16T08:58:00.949138
5,1,10,2,0,2,2026-06-16T08:58:02.543961
5,2,1,3,0,3,2026-06-16T08:58:03.953085
5,2,2,3,0,3,2026-06-16T08:58:05.566412
5,2,3,3,0,3,2026-06-16T08:58:06.965029
5,2,4,3,0,3,2026-06-16T08:58:08.587564
5,2,5,3,0,3,2026-06-16T08:58:09.789281
5,2,6,3,0,3,2026-06-16T08:58:12.040657
5,2,7,3,0,3,2026-06-16T08:58:13.442898
5,2,8,3,0,3,2026-06-16T08:58:14.641655
5,2,9,3,0,3,2026-06-16T08:58:21.824313
5,2,10,3,0,3,2026-06-16T08:58:24.239486
5,3,1,0,0,0,2026-06-16T08:58:25.646850
5,3,2,1,0,1,2026-06-16T08:58:27.444817
5,3,3,1,0,1,2026-06-16T08:58:34.589765
5,3,4,1,0,1,2026-06-16T08:58:35.829476
5,3,5,0,0,0,2026-06-16T08:58:36.835349
5,3,6,1,0,1,2026-06-16T08:58:38.435601
5,3,7,1,0,1,2026-06-16T08:58:45.702532
5,3,8,1,0,1,2026-06-16T08:58:46.894229
5,3,9,1,0,1,2026-06-16T08:58:48.488170
5,3,10,1,0,1,2026-06-16T08:58:49.694783
5,4,1,1,0,1,2026-06-16T08:58:50.508824
5,4,2,1,0,1,2026-06-16T08:58:52.728357
5,4,3,1,0,1,2026-06-16T08:58:54.334960
5,4,4,1,0,1,2026-06-16T08:58:55.514051
5,4,5,1,0,1,2026-06-16T08:58:56.918842
5,4,6,1,0,1,2026-06-16T08:58:57.749257
5,4,7,1,0,1,2026-06-16T08:58:59.153999
5,4,8,1,0,1,2026-06-16T08:59:00.158855
5,4,9,1,0,1,2026-06-16T08:59:01.166455
5,4,10,1,0,1,2026-06-16T08:59:02.174351
5,5,1,0,0,0,2026-06-16T08:59:03.584381
5,5,2,0,0,0,2026-06-16T08:59:05.210162
5,5,3,0,0,0,2026-06-16T08:59:06.204274
5,5,4,0,0,0,2026-06-16T08:59:07.396839
5,5,5,0,0,0,2026-06-16T08:59:08.602261
5,5,6,0,0,0,2026-06-16T08:59:09.675674
5,5,7,0,0,0,2026-06-16T08:59:10.451790
5,5,8,0,0,0,2026-06-16T08:59:11.455631
5,5,9,0,0,0,2026-06-16T08:59:12.322545
5,5,10,0,0,0,2026-06-16T08:59:13.950252
5,6,1,3,0,3,2026-06-16T08:59:21.173612
5,6,2,3,0,3,2026-06-16T08:59:22.354452
5,6,3,3,0,3,2026-06-16T08:59:23.143356
5,6,4,3,0,3,2026-06-16T08:59:23.934686
5,6,5,3,0,3,2026-06-16T08:59:25.132590
5,6,6,3,0,3,2026-06-16T08:59:26.527156
5,6,7,3,0,3,2026-06-16T08:59:28.322685
5,6,8,3,0,3,2026-06-16T08:59:29.927440
5,6,9,3,0,3,2026-06-16T08:59:31.545644
5,6,10,3,0,3,2026-06-16T08:59:32.553494
5,7,1,3,0,3,2026-06-16T08:59:39.122714
5,7,2,3,0,3,2026-06-16T08:59:40.133803
5,7,3,3,0,3,2026-06-16T08:59:41.932760
5,7,4,3,0,3,2026-06-16T08:59:42.718729
5,7,5,3,0,3,2026-06-16T08:59:44.524670
5,7,6,3,0,3,2026-06-16T08:59:51.120545
5,7,7,3,0,3,2026-06-16T08:59:52.118073
5,7,8,3,0,3,2026-06-16T08:59:53.741967
5,7,9,3,0,3,2026-06-16T08:59:55.163326
5,7,10,3,0,3,2026-06-16T09:00:02.361493
5,8,1,2,0,2,2026-06-16T09:00:03.968366
5,8,2,2,0,2,2026-06-16T09:00:04.778161
5,8,3,2,0,2,2026-06-16T09:00:06.398195
5,8,4,2,0,2,2026-06-16T09:00:07.602261
5,8,5,2,0,2,2026-06-16T09:00:14.150606
5,8,6,2,0,2,2026-06-16T09:00:15.760351
5,8,7,2,0,2,2026-06-16T09:00:17.157458
5,8,8,2,0,2,2026-06-16T09:00:18.768610
5,8,9,2,0,2,2026-06-16T09:00:20.383034
5,8,10,2,0,2,2026-06-16T09:00:21.176638
5,9,1,0,0,0,2026-06-16T09:00:22.772321
5,9,2,0,0,0,2026-06-16T09:00:24.376759
5,9,3,0,0,0,2026-06-16T09:00:26.592603
5,9,4,0,0,0,2026-06-16T09:00:28.002335
5,9,5,0,0,0,2026-06-16T09:00:29.410308
5,9,6,0,0,0,2026-06-16T09:00:30.615997
5,9,7,0,0,0,2026-06-16T09:00:33.526610
5,9,8,0,0,0,2026-06-16T09:00:34.721813
5,9,9,0,0,0,2026-06-16T09:00:36.347533
5,9,10,0,0,0,2026-06-16T09:00:38.992749
5,10,1,0,0,0,2026-06-16T09:00:40.405129
5,10,2,0,0,0,2026-06-16T09:00:41.623640
5,10,3,0,0,0,2026-06-16T09:00:42.947807
5,10,4,0,0,0,2026-06-16T09:00:43.770103
5,10,5,0,0,0,2026-06-16T09:00:44.965999
5,10,6,0,0,0,2026-06-16T09:00:46.155641
5,10,7,0,0,0,2026-06-16T09:00:47.364207
5,10,8,0,0,0,2026-06-16T09:00:49.765870
5,10,9,0,0,0,2026-06-16T09:00:50.570653
5,10,10,0,0,0,2026-06-16T09:00:52.180109
5,11,1,1,0,1,2026-06-16T09:00:53.178136
5,11,2,1,0,1,2026-06-16T09:00:54.393551
5,11,3,1,0,1,2026-06-16T09:00:56.021002
5,11,4,1,0,1,2026-06-16T09:00:57.225784
5,11,5,1,0,1,2026-06-16T09:00:58.629973
5,11,6,1,0,1,2026-06-16T09:01:05.146733
5,11,7,2,0,2,2026-06-16T09:01:06.552874
5,11,8,1,0,1,2026-06-16T09:01:07.953682
5,11,9,1,0,1,2026-06-16T09:01:09.358132
5,11,10,1,0,1,2026-06-16T09:01:16.590259
5,12,1,3,0,3,2026-06-16T09:01:18.186570
5,12,2,3,0,3,2026-06-16T09:01:19.987307
5,12,3,3,0,3,2026-06-16T09:01:21.588351
5,12,4,3,0,3,2026-06-16T09:01:24.225161
5,12,5,3,0,3,2026-06-16T09:01:25.427688
5,12,6,3,0,3,2026-06-16T09:01:26.431516
5,12,7,3,0,3,2026-06-16T09:01:27.219342
5,12,8,3,0,3,2026-06-16T09:01:34.354857
5,12,9,3,0,3,2026-06-16T09:01:35.594607
5,12,10,3,0,3,2026-06-16T09:01:37.398096
5,13,1,1,0,1,2026-06-16T09:01:39.004947
5,13,2,1,0,1,2026-06-16T09:01:45.582312
5,13,3,1,0,1,2026-06-16T09:01:46.979644
5,13,4,1,0,1,2026-06-16T09:01:48.210656
5,13,5,1,0,1,2026-06-16T09:01:49.399658
5,13,6,1,0,1,2026-06-16T09:01:51.006982
5,13,7,1,0,1,2026-06-16T09:01:51.813264
5,13,8,1,0,1,2026-06-16T09:01:53.410250
5,13,9,1,0,1,2026-06-16T09:01:54.229789
5,13,10,1,0,1,2026-06-16T09:01:55.224449
5,14,1,4,0,4,2026-06-16T09:02:01.757784
5,14,2,4,0,4,2026-06-16T09:02:09.016577
5,14,3,4,0,4,2026-06-16T09:02:10.831873
5,14,4,3,0,3,2026-06-16T09:02:11.625646
5,14,5,4,0,4,2026-06-16T09:02:13.225303
5,14,6,4,0,4,2026-06-16T09:02:20.433862
5,14,7,4,0,4,2026-06-16T09:02:21.641307
5,14,8,4,0,4,2026-06-16T09:02:23.271675
5,14,9,4,0,4,2026-06-16T09:02:24.936877
5,14,10,4,0,4,2026-06-16T09:02:26.538428
5,15,1,0,0,0,2026-06-16T09:02:28.548064
5,15,2,0,0,0,2026-06-16T09:02:29.562997
5,15,3,0,0,0,2026-06-16T09:02:30.975306
5,15,4,0,0,0,2026-06-16T09:02:32.361214
5,15,5,0,0,0,2026-06-16T09:02:39.568099
5,15,6,0,0,0,2026-06-16T09:02:41.146286
5,15,7,0,0,0,2026-06-16T09:02:42.353324
5,15,8,0,0,0,2026-06-16T09:02:43.970240
5,15,9,0,0,0,2026-06-16T09:02:44.988100
5,15,10,0,0,0,2026-06-16T09:02:46.609072
5,16,1,2,0,2,2026-06-16T09:02:47.669816
5,16,2,2,0,2,2026-06-16T09:02:48.889780
5,16,3,2,0,2,2026-06-16T09:02:50.538500
5,16,4,2,0,2,2026-06-16T09:02:57.758053
5,16,5,2,0,2,2026-06-16T09:02:59.168943
5,16,6,2,0,2,2026-06-16T09:03:00.173924
5,16,7,2,0,2,2026-06-16T09:03:01.183906
5,16,8,2,0,2,2026-06-16T09:03:02.194040
5,16,9,2,0,2,2026-06-16T09:03:09.355923
5,16,10,2,0,2,2026-06-16T09:03:16.033100
5,17,1,5,0,5,2026-06-16T09:03:18.242040
5,17,2,5,0,5,2026-06-16T09:03:19.435012
5,17,3,5,0,5,2026-06-16T09:03:21.249867
5,17,4,5,0,5,2026-06-16T09:03:28.433682
5,17,5,5,0,5,2026-06-16T09:03:30.846930
5,17,6,5,0,5,2026-06-16T09:03:31.854537
5,17,7,5,0,5,2026-06-16T09:03:33.068102
5,17,8,5,0,5,2026-06-16T09:03:40.220734
5,17,9,5,0,5,2026-06-16T09:03:42.223857
5,17,10,5,0,5,2026-06-16T09:03:43.846756
5,18,1,4,0,4,2026-06-16T09:03:45.256865
5,18,2,3,0,3,2026-06-16T09:03:47.905071
5,18,3,3,0,3,2026-06-16T09:03:48.914503
5,18,4,4,0,4,2026-06-16T09:03:50.337752
5,18,5,4,0,4,2026-06-16T09:03:51.342656
5,18,6,3,0,3,2026-06-16T09:03:57.948489
5,18,7,4,0,4,2026-06-16T09:03:59.555874
5,18,8,4,0,4,2026-06-16T09:04:00.764393
5,18,9,3,0,3,2026-06-16T09:04:02.196157
5,18,10,4,0,4,2026-06-16T09:04:02.997036
5,19,1,3,0,3,2026-06-16T09:04:09.591351
5,19,2,3,0,3,2026-06-16T09:04:10.795457
5,19,3,3,0,3,2026-06-16T09:04:12.601618
5,19,4,3,0,3,2026-06-16T09:04:14.195094
5,19,5,3,0,3,2026-06-16T09:04:15.207097
5,19,6,3,0,3,2026-06-16T09:04:17.418465
5,19,7,3,0,3,2026-06-16T09:04:18.217177
5,19,8,3,0,3,2026-06-16T09:04:20.024811
5,19,9,3,0,3,2026-06-16T09:04:27.192067
5,19,10,3,0,3,2026-06-16T09:04:28.189271
5,20,1,2,0,2,2026-06-16T09:04:28.990449
5,20,2,2,0,2,2026-06-16T09:04:30.654434
5,20,3,2,0,2,2026-06-16T09:04:31.665354
5,20,4,2,0,2,2026-06-16T09:04:34.297005
5,20,5,2,0,2,2026-06-16T09:04:35.911117
5,20,6,2,0,2,2026-06-16T09:04:36.905230
5,20,7,2,0,2,2026-06-16T09:04:38.318800
5,20,8,2,0,2,2026-06-16T09:04:40.005130
5,20,9,2,0,2,2026-06-16T09:04:40.806741
5,20,10,2,0,2,2026-06-16T09:04:41.812446
5,21,1,5,0,5,2026-06-16T09:04:43.008098
5,21,2,5,0,5,2026-06-16T09:04:45.419159
5,21,3,5,0,5,2026-06-16T09:04:46.437875
5,21,4,5,0,5,2026-06-16T09:04:47.634291
5,21,5,5,0,5,2026-06-16T09:04:49.248832
5,21,6,5,0,5,2026-06-16T09:04:51.476697
5,21,7,5,0,5,2026-06-16T09:04:52.472954
5,21,8,5,0,5,2026-06-16T09:04:53.276043
5,21,9,5,0,5,2026-06-16T09:04:54.660174
5,21,10,5,0,5,2026-06-16T09:04:57.321918
5,22,1,3,0,3,2026-06-16T09:04:58.540713
5,22,2,3,0,3,2026-06-16T09:04:59.754301
5,22,3,3,0,3,2026-06-16T09:05:01.369843
5,22,4,3,0,3,2026-06-16T09:05:07.498730
5,22,5,3,0,3,2026-06-16T09:05:09.119594
5,22,6,3,0,3,2026-06-16T09:05:10.739398
5,22,7,3,0,3,2026-06-16T09:05:11.546347
5,22,8,3,0,3,2026-06-16T09:05:12.544328
5,22,9,3,0,3,2026-06-16T09:05:19.698949
5,22,10,3,0,3,2026-06-16T09:05:20.497102
5,23,1,3,0,3,2026-06-16T09:05:21.699970
5,23,2,3,0,3,2026-06-16T09:05:23.312539
5,23,3,3,0,3,2026-06-16T09:05:24.718191
5,23,4,3,0,3,2026-06-16T09:05:31.893073
5,23,5,3,0,3,2026-06-16T09:05:33.107613
5,23,6,3,0,3,2026-06-16T09:05:34.113619
5,23,7,3,0,3,2026-06-16T09:05:35.518013
5,23,8,3,0,3,2026-06-16T09:05:36.718285
5,23,9,3,0,3,2026-06-16T09:05:37.916300
5,23,10,3,0,3,2026-06-16T09:05:38.783810
5,24,1,0,0,0,2026-06-16T09:05:39.589130
5,24,2,0,0,0,2026-06-16T09:05:41.179055
5,24,3,0,0,0,2026-06-16T09:05:42.060210
5,24,4,0,0,0,2026-06-16T09:05:49.258923
5,24,5,0,0,0,2026-06-16T09:05:51.074583
5,24,6,0,0,0,2026-06-16T09:05:52.684631
5,24,7,0,0,0,2026-06-16T09:05:54.461660
5,24,8,0,0,0,2026-06-16T09:05:56.679047
5,24,9,0,0,0,2026-06-16T09:05:57.930390
5,24,10,0,0,0,2026-06-16T09:05:58.737772
5,25,1,0,0,0,2026-06-16T09:06:00.756235
5,25,2,0,0,0,2026-06-16T09:06:02.775451
5,25,3,0,0,0,2026-06-16T09:06:04.410400
5,25,4,0,0,0,2026-06-16T09:06:05.900243
5,25,5,0,0,0,2026-06-16T09:06:06.901297
5,25,6,0,0,0,2026-06-16T09:06:07.947747
5,25,7,0,0,0,2026-06-16T09:06:09.148957
5,25,8,0,0,0,2026-06-16T09:06:10.552899
5,25,9,0,0,0,2026-06-16T09:06:11.655058
5,25,10,0,0,0,2026-06-16T09:06:13.862550
5,26,1,3,0,3,2026-06-16T09:06:14.673757
5,26,2,3,0,3,2026-06-16T09:06:16.096361
5,26,3,3,0,3,2026-06-16T09:06:17.489948
5,26,4,3,0,3,2026-06-16T09:06:24.632044
5,26,5,3,0,3,2026-06-16T09:06:26.840566
5,26,6,3,0,3,2026-06-16T09:06:28.755285
5,26,7,3,0,3,2026-06-16T09:06:30.392067
5,26,8,3,0,3,2026-06-16T09:06:32.382781
5,26,9,3,0,3,2026-06-16T09:06:33.592219
5,26,10,3,0,3,2026-06-16T09:06:35.199744
5,27,1,3,0,3,2026-06-16T09:06:36.435196
5,27,2,3,0,3,2026-06-16T09:06:42.960661
5,27,3,3,0,3,2026-06-16T09:06:44.167134
5,27,4,3,0,3,2026-06-16T09:06:45.564299
5,27,5,3,0,3,2026-06-16T09:06:46.959680
5,27,6,3,0,3,2026-06-16T09:06:54.829309
5,27,7,3,0,3,2026-06-16T09:06:55.647002
5,27,8,3,0,3,2026-06-16T09:06:56.653599
5,27,9,3,0,3,2026-06-16T09:06:58.050846
5,27,10,3,0,3,2026-06-16T09:06:59.881772
5,28,1,3,0,3,2026-06-16T09:07:07.073691
5,28,2,3,0,3,2026-06-16T09:07:09.113765
5,28,3,3,0,3,2026-06-16T09:07:09.919388
5,28,4,3,0,3,2026-06-16T09:07:11.522116
5,28,5,3,0,3,2026-06-16T09:07:18.802252
5,28,6,3,0,3,2026-06-16T09:07:20.009161
5,28,7,3,0,3,2026-06-16T09:07:21.010033
5,28,8,3,0,3,2026-06-16T09:07:22.012396
5,28,9,3,0,3,2026-06-16T09:07:23.203851
5,28,10,3,0,3,2026-06-16T09:07:24.207039
5,29,1,3,0,3,2026-06-16T09:07:25.004351
5,29,2,3,0,3,2026-06-16T09:07:26.205686
5,29,3,3,0,3,2026-06-16T09:07:27.017110
5,29,4,3,0,3,2026-06-16T09:07:28.862638
5,29,5,3,0,3,2026-06-16T09:07:35.441307
5,29,6,3,0,3,2026-06-16T09:07:36.647838
5,29,7,3,0,3,2026-06-16T09:07:37.644968
5,29,8,3,0,3,2026-06-16T09:07:39.515127
5,29,9,3,0,3,2026-06-16T09:07:40.541524
5,29,10,3,0,3,2026-06-16T09:07:41.753010
5,30,1,0,0,0,2026-06-16T09:07:44.164728
5,30,2,0,0,0,2026-06-16T09:07:45.568690
5,30,3,0,0,0,2026-06-16T09:07:46.376505
5,30,4,0,0,0,2026-06-16T09:07:53.580563
5,30,5,0,0,0,2026-06-16T09:07:55.281590
5,30,6,0,0,0,2026-06-16T09:07:56.501288
5,30,7,0,0,0,2026-06-16T09:07:57.901011
5,30,8,0,0,0,2026-06-16T09:08:05.113894
5,30,9,0,0,0,2026-06-16T09:08:06.523662
5,30,10,0,0,0,2026-06-16T09:08:08.127963
6,1,1,5,0,5,2026-06-16T09:08:09.137164
6,1,2,5,0,5,2026-06-16T09:08:10.352350
6,1,3,5,0,5,2026-06-16T09:08:11.360100
6,1,4,5,0,5,2026-06-16T09:08:13.573094
6,1,5,5,0,5,2026-06-16T09:08:14.571983
6,1,6,5,0,5,2026-06-16T09:08:16.191062
6,1,7,5,0,5,2026-06-16T09:08:17.799141
6,1,8,5,0,5,2026-06-16T09:08:19.603547
6,1,9,5,0,5,2026-06-16T09:08:21.009015
6,1,10,5,0,5,2026-06-16T09:08:22.410632
6,2,1,5,0,5,2026-06-16T09:08:24.023138
6,2,2,5,0,5,2026-06-16T09:08:25.621289
6,2,3,5,0,5,2026-06-16T09:08:27.035219
6,2,4,5,0,5,2026-06-16T09:08:28.030279
6,2,5,5,0,5,2026-06-16T09:08:35.234139
6,2,6,5,0,5,2026-06-16T09:08:37.474064
6,2,7,5,0,5,2026-06-16T09:08:38.392263
6,2,8,5,0,5,2026-06-16T09:08:39.791639
6,2,9,5,0,5,2026-06-16T09:08:41.204427
6,2,10,5,0,5,2026-06-16T09:08:47.692203
6,3,1,2,0,2,2026-06-16T09:08:48.714802
6,3,2,2,0,2,2026-06-16T09:08:49.916221
6,3,3,2,0,2,2026-06-16T09:08:50.924077
6,3,4,2,0,2,2026-06-16T09:08:52.526452
6,3,5,2,0,2,2026-06-16T09:08:54.326235
6,3,6,2,0,2,2026-06-16T09:08:55.739852
6,3,7,2,0,2,2026-06-16T09:08:57.126561
6,3,8,2,0,2,2026-06-16T09:08:58.326663
6,3,9,2,0,2,2026-06-16T09:09:04.871585
6,3,10,2,0,2,2026-06-16T09:09:06.064066
6,4,1,2,0,2,2026-06-16T09:09:07.674309
6,4,2,2,0,2,2026-06-16T09:09:08.682798
6,4,3,2,0,2,2026-06-16T09:09:10.290148
6,4,4,2,0,2,2026-06-16T09:09:11.893826
6,4,5,2,0,2,2026-06-16T09:09:13.709573
6,4,6,2,0,2,2026-06-16T09:09:14.911423
6,4,7,2,0,2,2026-06-16T09:09:22.117638
6,4,8,2,0,2,2026-06-16T09:09:22.938073
6,4,9,2,0,2,2026-06-16T09:09:23.739410
6,4,10,2,0,2,2026-06-16T09:09:24.942486
6,5,1,1,0,1,2026-06-16T09:09:26.551349
6,5,2,1,0,1,2026-06-16T09:09:28.776996
6,5,3,1,0,1,2026-06-16T09:09:30.379537
6,5,4,1,0,1,2026-06-16T09:09:31.374636
6,5,5,1,0,1,2026-06-16T09:09:32.462690
6,5,6,1,0,1,2026-06-16T09:09:34.671763
6,5,7,1,0,1,2026-06-16T09:09:35.693963
6,5,8,1,0,1,2026-06-16T09:09:36.480765
6,5,9,1,0,1,2026-06-16T09:09:37.680454
6,5,10,1,0,1,2026-06-16T09:09:39.117869
6,6,1,5,0,5,2026-06-16T09:09:40.925271
6,6,2,5,0,5,2026-06-16T09:09:41.924549
6,6,3,5,0,5,2026-06-16T09:09:42.927958
6,6,4,5,0,5,2026-06-16T09:09:44.559079
6,6,5,5,0,5,2026-06-16T09:09:45.348885
6,6,6,5,0,5,2026-06-16T09:09:46.743999
6,6,7,5,0,5,2026-06-16T09:09:47.734588
6,6,8,5,0,5,2026-06-16T09:09:48.723087
6,6,9,5,0,5,2026-06-16T09:09:55.924157
6,6,10,5,0,5,2026-06-16T09:09:57.535506
6,7,1,5,0,5,2026-06-16T09:09:58.735735
6,7,2,5,0,5,2026-06-16T09:09:59.929929
6,7,3,5,0,5,2026-06-16T09:10:00.931751
6,7,4,5,0,5,2026-06-16T09:10:08.089550
6,7,5,5,0,5,2026-06-16T09:10:09.066351
6,7,6,5,0,5,2026-06-16T09:10:10.554815
6,7,7,5,0,5,2026-06-16T09:10:12.172617
6,7,8,5,0,5,2026-06-16T09:10:13.014982
6,7,9,5,0,5,2026-06-16T09:10:14.226826
6,7,10,5,0,5,2026-06-16T09:10:15.830833
6,8,1,4,0,4,2026-06-16T09:10:17.238810
6,8,2,4,0,4,2026-06-16T09:10:18.426136
6,8,3,4,0,4,2026-06-16T09:10:25.644727
6,8,4,4,0,4,2026-06-16T09:10:27.266976
6,8,5,4,0,4,2026-06-16T09:10:28.465467
6,8,6,4,0,4,2026-06-16T09:10:29.674884
6,8,7,4,0,4,2026-06-16T09:10:30.697488
6,8,8,4,0,4,2026-06-16T09:10:37.345199
6,8,9,4,0,4,2026-06-16T09:10:39.145473
6,8,10,4,0,4,2026-06-16T09:10:40.944918
6,9,1,2,0,2,2026-06-16T09:10:42.147048
6,9,2,2,0,2,2026-06-16T09:10:43.425242
6,9,3,2,0,2,2026-06-16T09:10:46.055940
6,9,4,2,0,2,2026-06-16T09:10:47.267617
6,9,5,2,0,2,2026-06-16T09:10:48.954544
6,9,6,2,0,2,2026-06-16T09:10:55.602599
6,9,7,2,0,2,2026-06-16T09:10:57.202143
6,9,8,2,0,2,2026-06-16T09:10:58.810129
6,9,9,2,0,2,2026-06-16T09:10:59.593407
6,9,10,2,0,2,2026-06-16T09:11:00.815361
6,10,1,1,0,1,2026-06-16T09:11:02.430168
6,10,2,1,0,1,2026-06-16T09:11:03.852363
6,10,3,1,0,1,2026-06-16T09:11:05.465998
6,10,4,1,0,1,2026-06-16T09:11:06.266496
6,10,5,1,0,1,2026-06-16T09:11:13.347163
6,10,6,1,0,1,2026-06-16T09:11:14.556183
6,10,7,1,0,1,2026-06-16T09:11:15.940984
6,10,8,1,0,1,2026-06-16T09:11:17.421776
6,10,9,1,0,1,2026-06-16T09:11:19.235285
6,10,10,1,0,1,2026-06-16T09:11:20.826100
6,11,1,5,0,5,2026-06-16T09:11:21.830250
6,11,2,5,0,5,2026-06-16T09:11:23.426373
6,11,3,5,0,5,2026-06-16T09:11:24.416311
6,11,4,5,0,5,2026-06-16T09:11:25.514484
6,11,5,5,0,5,2026-06-16T09:11:26.944987
6,11,6,5,0,5,2026-06-16T09:11:27.946941
6,11,7,5,0,5,2026-06-16T09:11:29.542943
6,11,8,5,0,5,2026-06-16T09:11:30.954293
6,11,9,5,0,5,2026-06-16T09:11:31.962851
6,11,10,5,0,5,2026-06-16T09:11:32.967788
6,12,1,5,0,5,2026-06-16T09:11:34.572473
6,12,2,5,0,5,2026-06-16T09:11:35.969948
6,12,3,5,0,5,2026-06-16T09:11:36.984449
6,12,4,5,0,5,2026-06-16T09:11:38.190052
6,12,5,5,0,5,2026-06-16T09:11:39.797719
6,12,6,5,0,5,2026-06-16T09:11:41.190785
6,12,7,5,0,5,2026-06-16T09:11:41.980110
6,12,8,5,0,5,2026-06-16T09:11:49.114403
6,12,9,5,0,5,2026-06-16T09:11:50.133374
6,12,10,5,0,5,2026-06-16T09:11:51.115991
6,13,1,3,0,3,2026-06-16T09:11:52.718965
6,13,2,3,0,3,2026-06-16T09:11:53.525053
6,13,3,3,0,3,2026-06-16T09:11:54.729911
6,13,4,3,0,3,2026-06-16T09:11:56.352547
6,13,5,3,0,3,2026-06-16T09:11:57.746617
6,13,6,3,0,3,2026-06-16T09:11:58.551583
6,13,7,3,0,3,2026-06-16T09:11:59.543166
6,13,8,3,0,3,2026-06-16T09:12:06.080050
6,13,9,3,0,3,2026-06-16T09:12:07.711697
6,13,10,3,0,3,2026-06-16T09:12:09.345025
6,14,1,3,0,3,2026-06-16T09:12:10.143163
6,14,2,3,0,3,2026-06-16T09:12:17.399475
6,14,3,3,0,3,2026-06-16T09:12:18.996820
6,14,4,3,0,3,2026-06-16T09:12:20.175483
6,14,5,3,0,3,2026-06-16T09:12:21.368875
6,14,6,3,0,3,2026-06-16T09:12:28.588265
6,14,7,3,0,3,2026-06-16T09:12:30.783279
6,14,8,3,0,3,2026-06-16T09:12:31.578368
6,14,9,3,0,3,2026-06-16T09:12:32.383858
6,14,10,3,0,3,2026-06-16T09:12:34.325136
6,15,1,0,0,0,2026-06-16T09:12:37.188249
6,15,2,2,0,2,2026-06-16T09:12:38.598563
6,15,3,2,0,2,2026-06-16T09:12:39.603188
6,15,4,2,0,2,2026-06-16T09:12:42.286654
6,15,5,2,0,2,2026-06-16T09:12:43.472790
6,15,6,2,0,2,2026-06-16T09:12:44.272001
6,15,7,2,0,2,2026-06-16T09:12:45.477112
6,15,8,0,0,0,2026-06-16T09:12:47.062895
6,15,9,2,0,2,2026-06-16T09:12:48.459483
6,15,10,0,0,0,2026-06-16T09:12:49.254447
6,16,1,5,0,5,2026-06-16T09:12:50.853497
6,16,2,5,0,5,2026-06-16T09:12:58.003121
6,16,3,5,0,5,2026-06-16T09:12:59.411131
6,16,4,5,0,5,2026-06-16T09:13:01.013717
6,16,5,5,0,5,2026-06-16T09:13:02.026418
6,16,6,5,0,5,2026-06-16T09:13:03.039310
6,16,7,5,0,5,2026-06-16T09:13:04.639873
6,16,8,5,0,5,2026-06-16T09:13:05.845394
6,16,9,5,0,5,2026-06-16T09:13:07.257810
6,16,10,5,0,5,2026-06-16T09:13:08.648527
6,17,1,5,0,5,2026-06-16T09:13:10.848143
6,17,2,5,0,5,2026-06-16T09:13:11.846840
6,17,3,5,0,5,2026-06-16T09:13:12.862099
6,17,4,5,0,5,2026-06-16T09:13:13.864701
6,17,5,5,0,5,2026-06-16T09:13:15.063700
6,17,6,5,0,5,2026-06-16T09:13:22.250701
6,17,7,5,0,5,2026-06-16T09:13:23.855712
6,17,8,5,0,5,2026-06-16T09:13:25.277869
6,17,9,5,0,5,2026-06-16T09:13:26.114379
6,17,10,5,0,5,2026-06-16T09:13:26.912680
6,18,1,3,0,3,2026-06-16T09:13:34.084523
6,18,2,3,0,3,2026-06-16T09:13:35.897187
6,18,3,3,0,3,2026-06-16T09:13:37.100423
6,18,4,3,0,3,2026-06-16T09:13:38.117073
6,18,5,3,0,3,2026-06-16T09:13:39.112476
6,18,6,3,0,3,2026-06-16T09:13:46.280184
6,18,7,3,0,3,2026-06-16T09:13:47.480940
6,18,8,3,0,3,2026-06-16T09:13:48.921641
6,18,9,3,0,3,2026-06-16T09:13:50.523163
6,18,10,3,0,3,2026-06-16T09:13:58.501498
6,19,1,3,0,3,2026-06-16T09:13:59.506370
6,19,2,3,0,3,2026-06-16T09:15:06.402248
6,19,3,3,0,3,2026-06-16T09:15:08.409951
6,19,4,3,0,3,2026-06-16T09:15:09.412653
6,19,5,3,0,3,2026-06-16T09:15:10.216335
6,19,6,3,0,3,2026-06-16T09:15:11.427513
6,19,7,3,0,3,2026-06-16T09:15:13.834482
6,19,8,3,0,3,2026-06-16T09:15:14.916507
6,19,9,3,0,3,2026-06-16T09:15:16.522048
6,19,10,3,0,3,2026-06-16T09:15:23.768096
6,20,1,3,0,3,2026-06-16T09:15:26.437025
6,20,2,3,0,3,2026-06-16T09:15:27.471788
6,20,3,3,0,3,2026-06-16T09:15:28.676290
6,20,4,3,0,3,2026-06-16T09:15:35.891129
6,20,5,3,0,3,2026-06-16T09:15:36.693112
6,20,6,3,0,3,2026-06-16T09:15:37.725646
6,20,7,3,0,3,2026-06-16T09:15:39.123292
6,20,8,3,0,3,2026-06-16T09:15:40.388123
6,20,9,3,0,3,2026-06-16T09:15:41.586950
6,20,10,3,0,3,2026-06-16T09:15:48.790244
6,21,1,5,0,5,2026-06-16T09:15:51.200606
6,21,2,5,0,5,2026-06-16T09:15:52.012694
6,21,3,5,0,5,2026-06-16T09:15:53.009950
6,21,4,5,0,5,2026-06-16T09:15:53.996523
6,21,5,5,0,5,2026-06-16T09:15:54.997998
6,21,6,5,0,5,2026-06-16T09:16:02.221728
6,21,7,5,0,5,2026-06-16T09:16:04.052564
6,21,8,5,0,5,2026-06-16T09:16:04.857792
6,21,9,5,0,5,2026-06-16T09:16:05.656495
6,21,10,5,0,5,2026-06-16T09:16:06.463737
6,22,1,5,0,5,2026-06-16T09:16:13.669940
6,22,2,5,0,5,2026-06-16T09:16:15.095069
6,22,3,5,0,5,2026-06-16T09:16:16.909938
6,22,4,5,0,5,2026-06-16T09:16:18.735066
6,22,5,5,0,5,2026-06-16T09:16:26.103317
6,22,6,5,0,5,2026-06-16T09:16:27.306704
6,22,7,5,0,5,2026-06-16T09:16:28.637413
6,22,8,5,0,5,2026-06-16T09:16:30.449374
6,22,9,5,0,5,2026-06-16T09:16:32.254370
6,22,10,5,0,5,2026-06-16T09:16:38.859186
6,23,1,4,0,4,2026-06-16T09:16:39.855379
6,23,2,4,0,4,2026-06-16T09:16:41.060596
6,23,3,4,0,4,2026-06-16T09:16:42.049404
6,23,4,4,0,4,2026-06-16T09:16:43.252284
6,23,5,4,0,4,2026-06-16T09:16:49.840353
6,23,6,4,0,4,2026-06-16T09:16:50.635732
6,23,7,4,0,4,2026-06-16T09:16:51.864782
6,23,8,4,0,4,2026-06-16T09:16:53.272265
6,23,9,4,0,4,2026-06-16T09:16:54.860913
6,23,10,4,0,4,2026-06-16T09:16:57.273648
6,24,1,0,0,0,2026-06-16T09:16:58.483993
6,24,2,0,0,0,2026-06-16T09:16:59.682352
6,24,3,0,0,0,2026-06-16T09:17:00.683652
6,24,4,0,0,0,2026-06-16T09:17:03.111005
6,24,5,0,0,0,2026-06-16T09:17:04.531166
6,24,6,0,0,0,2026-06-16T09:17:06.144499
6,24,7,0,0,0,2026-06-16T09:17:07.552061
6,24,8,0,0,0,2026-06-16T09:17:08.844999
6,24,9,0,0,0,2026-06-16T09:17:10.277173
6,24,10,0,0,0,2026-06-16T09:17:11.883992
6,25,1,0,0,0,2026-06-16T09:17:13.082528
6,25,2,0,0,0,2026-06-16T09:17:20.313000
6,25,3,0,0,0,2026-06-16T09:17:22.340187
6,25,4,0,0,0,2026-06-16T09:17:23.338109
6,25,5,0,0,0,2026-06-16T09:17:24.533868
6,25,6,0,0,0,2026-06-16T09:17:26.359566
6,25,7,0,0,0,2026-06-16T09:17:28.012576
6,25,8,0,0,0,2026-06-16T09:17:29.792301
6,25,9,0,0,0,2026-06-16T09:17:30.786571
6,25,10,0,0,0,2026-06-16T09:17:31.795979
6,26,1,3,0,3,2026-06-16T09:17:38.985400
6,26,2,3,0,3,2026-06-16T09:17:40.390326
6,26,3,3,0,3,2026-06-16T09:17:42.000336
6,26,4,3,0,3,2026-06-16T09:17:43.402519
6,26,5,3,0,3,2026-06-16T09:17:50.006389
6,26,6,3,0,3,2026-06-16T09:17:51.052946
6,26,7,3,0,3,2026-06-16T09:17:52.849530
6,26,8,3,0,3,2026-06-16T09:17:54.668520
6,26,9,3,0,3,2026-06-16T09:17:56.079651
6,26,10,3,0,3,2026-06-16T09:17:58.962635
6,27,1,4,0,4,2026-06-16T09:18:00.572564
6,27,2,4,0,4,2026-06-16T09:18:01.394288
6,27,3,4,0,4,2026-06-16T09:18:02.799044
6,27,4,4,0,4,2026-06-16T09:18:09.370368
6,27,5,4,0,4,2026-06-16T09:18:10.612314
6,27,6,4,0,4,2026-06-16T09:18:12.431763
6,27,7,4,0,4,2026-06-16T09:18:13.658578
6,27,8,4,0,4,2026-06-16T09:18:14.654075
6,27,9,4,0,4,2026-06-16T09:18:16.059311
6,27,10,4,0,4,2026-06-16T09:18:17.451493
6,28,1,2,0,2,2026-06-16T09:18:18.860557
6,28,2,2,0,2,2026-06-16T09:18:19.866167
6,28,3,2,0,2,2026-06-16T09:18:22.754879
6,28,4,2,0,2,2026-06-16T09:18:24.158626
6,28,5,2,0,2,2026-06-16T09:18:25.253368
6,28,6,2,0,2,2026-06-16T09:18:26.255278
6,28,7,2,0,2,2026-06-16T09:18:32.813194
6,28,8,2,0,2,2026-06-16T09:18:34.628311
6,28,9,2,0,2,2026-06-16T09:18:36.220146
6,28,10,2,0,2,2026-06-16T09:18:37.231872
6,29,1,3,0,3,2026-06-16T09:18:38.644299
6,29,2,3,0,3,2026-06-16T09:18:45.873361
6,29,3,3,0,3,2026-06-16T09:18:46.867507
6,29,4,2,0,2,2026-06-16T09:18:47.682968
6,29,5,2,0,2,2026-06-16T09:18:48.904998
6,29,6,3,0,3,2026-06-16T09:18:49.896920
6,29,7,3,0,3,2026-06-16T09:18:51.132796
6,29,8,3,0,3,2026-06-16T09:18:52.332428
6,29,9,3,0,3,2026-06-16T09:18:53.730764
6,29,10,2,0,2,2026-06-16T09:18:55.343389
6,30,1,3,0,3,2026-06-16T09:18:56.336929
6,30,2,3,0,3,2026-06-16T09:18:59.560435
6,30,3,3,0,3,2026-06-16T09:19:01.175975
6,30,4,3,0,3,2026-06-16T09:19:03.000539
6,30,5,3,0,3,2026-06-16T09:19:05.215062
6,30,6,3,0,3,2026-06-16T09:19:06.213900
6,30,7,3,0,3,2026-06-16T09:19:07.415191
6,30,8,3,0,3,2026-06-16T09:19:08.430245
6,30,9,3,0,3,2026-06-16T09:19:14.983276
6,30,10,3,0,3,2026-06-16T09:19:17.399966
7,1,1,5,0,5,2026-06-16T09:19:18.837990
7,1,2,5,0,5,2026-06-16T09:19:20.036758
7,1,3,5,0,5,2026-06-16T09:19:21.030083
7,1,4,5,0,5,2026-06-16T09:20:27.520903
7,1,5,5,0,5,2026-06-16T09:20:34.064976
7,1,6,5,0,5,2026-06-16T09:20:40.652696
7,1,7,5,0,5,2026-06-16T09:20:42.468092
7,1,8,5,0,5,2026-06-16T09:20:43.874045
7,1,9,5,0,5,2026-06-16T09:20:45.268050
7,1,10,5,0,5,2026-06-16T09:20:46.074288
7,2,1,5,0,5,2026-06-16T09:20:53.233321
7,2,2,5,0,5,2026-06-16T09:20:54.829141
7,2,3,5,0,5,2026-06-16T09:20:56.625978
7,2,4,5,0,5,2026-06-16T09:20:57.841823
7,2,5,5,0,5,2026-06-16T09:21:05.018545
7,2,6,5,0,5,2026-06-16T09:21:06.071946
7,2,7,5,0,5,2026-06-16T09:21:06.867297
7,2,8,5,0,5,2026-06-16T09:21:08.487089
7,2,9,5,0,5,2026-06-16T09:21:09.694417
7,2,10,5,0,5,2026-06-16T09:21:16.884304
7,3,1,3,0,3,2026-06-16T09:21:17.894167
7,3,2,3,0,3,2026-06-16T09:21:19.089808
7,3,3,3,0,3,2026-06-16T09:21:20.703353
7,3,4,3,0,3,2026-06-16T09:21:27.259072
7,3,5,3,0,3,2026-06-16T09:21:28.660367
7,3,6,3,0,3,2026-06-16T09:21:30.276836
7,3,7,3,0,3,2026-06-16T09:21:31.685777
7,3,8,3,0,3,2026-06-16T09:21:32.696108
7,3,9,3,0,3,2026-06-16T09:21:33.905231
7,3,10,3,0,3,2026-06-16T09:21:35.504397
7,4,1,2,0,2,2026-06-16T09:21:36.312540
7,4,2,2,0,2,2026-06-16T09:21:37.107893
7,4,3,2,0,2,2026-06-16T09:21:37.922762
7,4,4,2,0,2,2026-06-16T09:21:40.575649
7,4,5,2,0,2,2026-06-16T09:21:41.968307
7,4,6,2,0,2,2026-06-16T09:21:42.974358
7,4,7,2,0,2,2026-06-16T09:21:43.966735
7,4,8,2,0,2,2026-06-16T09:21:50.568108
7,4,9,2,0,2,2026-06-16T09:21:51.767655
7,4,10,2,0,2,2026-06-16T09:21:53.363942
7,5,1,2,0,2,2026-06-16T09:21:55.178929
7,5,2,2,0,2,2026-06-16T09:21:57.018594
7,5,3,2,0,2,2026-06-16T09:21:58.415900
7,5,4,2,0,2,2026-06-16T09:21:59.624078
7,5,5,2,0,2,2026-06-16T09:22:00.825949
7,5,6,2,0,2,2026-06-16T09:22:01.910805
7,5,7,2,0,2,2026-06-16T09:22:02.960364
7,5,8,2,0,2,2026-06-16T09:22:03.776840
7,5,9,2,0,2,2026-06-16T09:22:04.799341
7,5,10,2,0,2,2026-06-16T09:22:06.012699
7,6,1,5,0,5,2026-06-16T09:22:07.422435
7,6,2,5,0,5,2026-06-16T09:22:09.032698
7,6,3,5,0,5,2026-06-16T09:22:10.639630
7,6,4,5,0,5,2026-06-16T09:22:12.242870
7,6,5,5,0,5,2026-06-16T09:22:13.249416
7,6,6,5,0,5,2026-06-16T09:22:15.940368
7,6,7,5,0,5,2026-06-16T09:22:16.745812
7,6,8,5,0,5,2026-06-16T09:22:17.969597
7,6,9,5,0,5,2026-06-16T09:22:19.584248
7,6,10,5,0,5,2026-06-16T09:22:26.124391
7,7,1,5,0,5,2026-06-16T09:22:28.353924
7,7,2,5,0,5,2026-06-16T09:22:29.567470
7,7,3,5,0,5,2026-06-16T09:22:31.176469
7,7,4,5,0,5,2026-06-16T09:22:37.761867
7,7,5,5,0,5,2026-06-16T09:22:39.574343
7,7,6,5,0,5,2026-06-16T09:22:40.993616
7,7,7,5,0,5,2026-06-16T09:22:42.593759
7,7,8,5,0,5,2026-06-16T09:22:45.045474
7,7,9,5,0,5,2026-06-16T09:22:46.060318
7,7,10,5,0,5,2026-06-16T09:22:47.859088
7,8,1,4,0,4,2026-06-16T09:22:48.874125
7,8,2,4,0,4,2026-06-16T09:22:51.280460
7,8,3,4,0,4,2026-06-16T09:22:52.668056
7,8,4,4,0,4,2026-06-16T09:22:53.466507
7,8,5,4,0,4,2026-06-16T09:22:54.464442
7,8,6,4,0,4,2026-06-16T09:22:57.092215
7,8,7,4,0,4,2026-06-16T09:22:57.886858
7,8,8,4,0,4,2026-06-16T09:22:59.090372
7,8,9,4,0,4,2026-06-16T09:23:00.515652
7,8,10,4,0,4,2026-06-16T09:23:07.730667
7,9,1,2,0,2,2026-06-16T09:23:08.526596
7,9,2,2,0,2,2026-06-16T09:23:10.151222
7,9,3,2,0,2,2026-06-16T09:23:11.333078
7,9,4,2,0,2,2026-06-16T09:23:12.345041
7,9,5,2,0,2,2026-06-16T09:23:13.764032
7,9,6,2,0,2,2026-06-16T09:23:16.185202
7,9,7,2,0,2,2026-06-16T09:23:17.387457
7,9,8,2,0,2,2026-06-16T09:23:18.990650
7,9,9,2,0,2,2026-06-16T09:23:20.479711
7,9,10,2,0,2,2026-06-16T09:23:22.678556
7,10,1,2,0,2,2026-06-16T09:23:24.084105
7,10,2,2,0,2,2026-06-16T09:23:25.081698
7,10,3,2,0,2,2026-06-16T09:23:32.245298
7,10,4,2,0,2,2026-06-16T09:23:38.846215
7,10,5,2,0,2,2026-06-16T09:23:41.079566
7,10,6,2,0,2,2026-06-16T09:23:42.295048
7,10,7,2,0,2,2026-06-16T09:23:43.502776
7,10,8,2,0,2,2026-06-16T09:23:50.668806
7,10,9,2,0,2,2026-06-16T09:23:51.662866
7,10,10,2,0,2,2026-06-16T09:23:53.118343
7,11,1,5,0,5,2026-06-16T09:23:54.694352
7,11,2,5,0,5,2026-06-16T09:23:55.694872
7,11,3,5,0,5,2026-06-16T09:23:57.493857
7,11,4,5,0,5,2026-06-16T09:23:58.508687
7,11,5,5,0,5,2026-06-16T09:23:59.713159
7,11,6,5,0,5,2026-06-16T09:24:00.706584
7,11,7,5,0,5,2026-06-16T09:24:07.873997
7,11,8,5,0,5,2026-06-16T09:24:08.886439
7,11,9,5,0,5,2026-06-16T09:24:10.089268
7,11,10,5,0,5,2026-06-16T09:24:11.084817
7,12,1,5,0,5,2026-06-16T09:24:12.293143
7,12,2,5,0,5,2026-06-16T09:24:13.496626
7,12,3,5,0,5,2026-06-16T09:24:15.720845
7,12,4,5,0,5,2026-06-16T09:24:17.541536
7,12,5,5,0,5,2026-06-16T09:24:18.346945
7,12,6,5,0,5,2026-06-16T09:24:19.742129
7,12,7,5,0,5,2026-06-16T09:24:22.165785
7,12,8,5,0,5,2026-06-16T09:24:23.029243
7,12,9,5,0,5,2026-06-16T09:24:24.249589
7,12,10,5,0,5,2026-06-16T09:24:25.656933
7,13,1,3,0,3,2026-06-16T09:24:27.914772
7,13,2,3,0,3,2026-06-16T09:24:29.325213
7,13,3,3,0,3,2026-06-16T09:24:30.518702
7,13,4,3,0,3,2026-06-16T09:24:31.732871
7,13,5,3,0,3,2026-06-16T09:24:38.925570
7,13,6,3,0,3,2026-06-16T09:24:40.137637
7,13,7,3,0,3,2026-06-16T09:24:41.134851
7,13,8,3,0,3,2026-06-16T09:24:42.169351
7,13,9,3,0,3,2026-06-16T09:24:43.778574
7,13,10,3,0,3,2026-06-16T09:24:46.680465
7,14,1,3,0,3,2026-06-16T09:24:48.308919
7,14,2,3,0,3,2026-06-16T09:24:49.968243
7,14,3,3,0,3,2026-06-16T09:24:52.978471
7,14,4,3,0,3,2026-06-16T09:24:54.389270
7,14,5,3,0,3,2026-06-16T09:24:55.404846
7,14,6,3,0,3,2026-06-16T09:24:58.560427
7,14,7,3,0,3,2026-06-16T09:25:00.168318
7,14,8,3,0,3,2026-06-16T09:25:01.185419
7,14,9,3,0,3,2026-06-16T09:25:07.751197
7,14,10,3,0,3,2026-06-16T09:25:09.329787
7,15,1,2,0,2,2026-06-16T09:25:10.366676
7,15,2,2,0,2,2026-06-16T09:25:11.169225
7,15,3,2,0,2,2026-06-16T09:25:11.971707
7,15,4,2,0,2,2026-06-16T09:25:12.990126
7,15,5,2,0,2,2026-06-16T09:25:19.522498
7,15,6,2,0,2,2026-06-16T09:25:21.319313
7,15,7,2,0,2,2026-06-16T09:25:22.523491
7,15,8,2,0,2,2026-06-16T09:25:23.924816
7,15,9,2,0,2,2026-06-16T09:25:25.520548
7,15,10,2,0,2,2026-06-16T09:25:27.522243
7,16,1,5,0,5,2026-06-16T09:25:28.918635
7,16,2,5,0,5,2026-06-16T09:25:30.119735
7,16,3,5,0,5,2026-06-16T09:25:31.320325
7,16,4,5,0,5,2026-06-16T09:25:38.452653
7,16,5,5,0,5,2026-06-16T09:25:45.055019
7,16,6,5,0,5,2026-06-16T09:25:46.257503
7,16,7,5,0,5,2026-06-16T09:25:47.860795
7,16,8,5,0,5,2026-06-16T09:25:48.661377
7,16,9,5,0,5,2026-06-16T09:25:50.273829
7,16,10,5,0,5,2026-06-16T09:25:56.801799
7,17,1,5,0,5,2026-06-16T09:25:58.072984
7,17,2,5,0,5,2026-06-16T09:25:59.710363
7,17,3,5,0,5,2026-06-16T09:26:00.911812
7,17,4,5,0,5,2026-06-16T09:26:02.325382
7,17,5,5,0,5,2026-06-16T09:26:03.325450
7,17,6,5,0,5,2026-06-16T09:26:04.121844
7,17,7,5,0,5,2026-06-16T09:26:05.129392
7,17,8,5,0,5,2026-06-16T09:26:06.777106
7,17,9,5,0,5,2026-06-16T09:26:14.025744
7,17,10,5,0,5,2026-06-16T09:26:15.650148
7,18,1,5,0,5,2026-06-16T09:26:16.663998
7,18,2,5,0,5,2026-06-16T09:26:17.530088
7,18,3,5,0,5,2026-06-16T09:26:18.344514
7,18,4,5,0,5,2026-06-16T09:26:24.922353
7,18,5,5,0,5,2026-06-16T09:26:25.923968
7,18,6,5,0,5,2026-06-16T09:26:26.922113
7,18,7,5,0,5,2026-06-16T09:26:28.531781
7,18,8,5,0,5,2026-06-16T09:26:29.333111
7,18,9,5,0,5,2026-06-16T09:26:36.576130
7,18,10,5,0,5,2026-06-16T09:26:38.388164
7,19,1,3,0,3,2026-06-16T09:26:39.376413
7,19,2,3,0,3,2026-06-16T09:26:40.992426
7,19,3,3,0,3,2026-06-16T09:26:42.439750
7,19,4,3,0,3,2026-06-16T09:26:43.625427
7,19,5,3,0,3,2026-06-16T09:26:44.852595
7,19,6,3,0,3,2026-06-16T09:26:45.648803
7,19,7,3,0,3,2026-06-16T09:26:46.856630
7,19,8,3,0,3,2026-06-16T09:26:53.390968
7,19,9,3,0,3,2026-06-16T09:26:54.408118
7,19,10,3,0,3,2026-06-16T09:26:55.834982
7,20,1,3,0,3,2026-06-16T09:26:56.833801
7,20,2,3,0,3,2026-06-16T09:26:58.047822
7,20,3,3,0,3,2026-06-16T09:27:04.631867
7,20,4,3,0,3,2026-06-16T09:27:05.620672
7,20,5,3,0,3,2026-06-16T09:27:06.422277
7,20,6,3,0,3,2026-06-16T09:27:08.229415
7,20,7,3,0,3,2026-06-16T09:27:10.240119
7,20,8,3,0,3,2026-06-16T09:27:12.874429
7,20,9,3,0,3,2026-06-16T09:27:13.747472
7,20,10,3,0,3,2026-06-16T09:27:14.977365
7,21,1,5,0,5,2026-06-16T09:27:15.831658
7,21,2,5,0,5,2026-06-16T09:27:22.657642
7,21,3,5,0,5,2026-06-16T09:27:24.253633
7,21,4,5,0,5,2026-06-16T09:27:25.874701
7,21,5,5,0,5,2026-06-16T09:27:26.880240
7,21,6,5,0,5,2026-06-16T09:27:34.757756
7,21,7,5,0,5,2026-06-16T09:27:35.806217
7,21,8,5,0,5,2026-06-16T09:27:36.815876
7,21,9,5,0,5,2026-06-16T09:27:38.733218
7,21,10,5,0,5,2026-06-16T09:27:40.538458
7,22,1,5,0,5,2026-06-16T09:27:41.336295
7,22,2,5,0,5,2026-06-16T09:27:42.938114
7,22,3,5,0,5,2026-06-16T09:27:44.746589
7,22,4,5,0,5,2026-06-16T09:27:51.329496
7,22,5,5,0,5,2026-06-16T09:27:52.941545
7,22,6,5,0,5,2026-06-16T09:27:54.606361
7,22,7,5,0,5,2026-06-16T09:27:56.215455
7,22,8,5,0,5,2026-06-16T09:28:02.795760
7,22,9,5,0,5,2026-06-16T09:28:04.638871
7,22,10,5,0,5,2026-06-16T09:28:05.442687
7,23,1,3,0,3,2026-06-16T09:28:06.844224
7,23,2,3,0,3,2026-06-16T09:28:08.040073
7,23,3,3,0,3,2026-06-16T09:28:14.582786
7,23,4,3,0,3,2026-06-16T09:28:16.190122
7,23,5,3,0,3,2026-06-16T09:28:17.190646
7,23,6,3,0,3,2026-06-16T09:28:18.803136
7,23,7,3,0,3,2026-06-16T09:28:19.805861
7,23,8,3,0,3,2026-06-16T09:28:22.430120
7,23,9,3,0,3,2026-06-16T09:28:23.830514
7,23,10,3,0,3,2026-06-16T09:28:25.448693
7,24,1,2,0,2,2026-06-16T09:28:27.052116
7,24,2,2,0,2,2026-06-16T09:28:28.076514
7,24,3,2,0,2,2026-06-16T09:28:29.893259
7,24,4,2,0,2,2026-06-16T09:28:30.702002
7,24,5,2,0,2,2026-06-16T09:28:31.906158
7,24,6,2,0,2,2026-06-16T09:28:33.619915
7,24,7,2,0,2,2026-06-16T09:28:34.637098
7,24,8,2,0,2,2026-06-16T09:28:35.839192
7,24,9,2,0,2,2026-06-16T09:28:42.429780
7,24,10,2,0,2,2026-06-16T09:28:43.228889
7,25,1,0,0,0,2026-06-16T09:28:44.841898
7,25,2,0,0,0,2026-06-16T09:28:45.816687
7,25,3,0,0,0,2026-06-16T09:28:46.818130
7,25,4,0,0,0,2026-06-16T09:28:54.016159
7,25,5,0,0,0,2026-06-16T09:28:55.026777
7,25,6,0,0,0,2026-06-16T09:28:56.440193
7,25,7,0,0,0,2026-06-16T09:28:57.683599
7,25,8,0,0,0,2026-06-16T09:28:58.880324
7,25,9,0,0,0,2026-06-16T09:29:05.421441
7,25,10,0,0,0,2026-06-16T09:29:07.035170
7,26,1,3,0,3,2026-06-16T09:29:08.430798
7,26,2,3,0,3,2026-06-16T09:29:09.440109
7,26,3,3,0,3,2026-06-16T09:29:10.237331
7,26,4,3,0,3,2026-06-16T09:29:16.761978
7,26,5,3,0,3,2026-06-16T09:29:18.583804
7,26,6,3,0,3,2026-06-16T09:29:19.567568
7,26,7,3,0,3,2026-06-16T09:29:20.621237
7,26,8,3,0,3,2026-06-16T09:29:22.418315
7,26,9,3,0,3,2026-06-16T09:29:29.003846
7,26,10,3,0,3,2026-06-16T09:29:30.207413
7,27,1,5,0,5,2026-06-16T09:29:31.055219
7,27,2,5,0,5,2026-06-16T09:29:32.703371
7,27,3,5,0,5,2026-06-16T09:29:33.686519
7,27,4,5,0,5,2026-06-16T09:29:35.299799
7,27,5,5,0,5,2026-06-16T09:29:37.122703
7,27,6,5,0,5,2026-06-16T09:29:38.439380
7,27,7,5,0,5,2026-06-16T09:29:39.845208
7,27,8,5,0,5,2026-06-16T09:29:47.075210
7,27,9,5,0,5,2026-06-16T09:29:48.470739
7,27,10,5,0,5,2026-06-16T09:29:50.100628
7,28,1,2,0,2,2026-06-16T09:29:51.527074
7,28,2,2,0,2,2026-06-16T09:29:58.088659
7,28,3,2,0,2,2026-06-16T09:30:04.655153
7,28,4,2,0,2,2026-06-16T09:30:05.665024
7,28,5,2,0,2,2026-06-16T09:30:07.279215
7,28,6,2,0,2,2026-06-16T09:30:08.514633
7,28,7,2,0,2,2026-06-16T09:30:10.119878
7,28,8,2,0,2,2026-06-16T09:30:16.673111
7,28,9,2,0,2,2026-06-16T09:30:17.670174
7,28,10,2,0,2,2026-06-16T09:30:19.085069
7,29,1,2,0,2,2026-06-16T09:30:20.731629
7,29,2,2,0,2,2026-06-16T09:30:21.647883
7,29,3,2,0,2,2026-06-16T09:30:22.477465
7,29,4,2,0,2,2026-06-16T09:30:23.889781
7,29,5,2,0,2,2026-06-16T09:30:24.885492
7,29,6,2,0,2,2026-06-16T09:30:25.666495
7,29,7,2,0,2,2026-06-16T09:30:26.673768
7,29,8,2,0,2,2026-06-16T09:31:37.533111
7,29,9,2,0,2,2026-06-16T09:31:44.756220
7,29,10,2,0,2,2026-06-16T09:31:45.731546
7,30,1,2,0,2,2026-06-16T09:31:47.348432
7,30,2,2,0,2,2026-06-16T09:31:48.568004
7,30,3,2,0,2,2026-06-16T09:31:49.574162
7,30,4,2,0,2,2026-06-16T09:31:56.770636
7,30,5,2,0,2,2026-06-16T09:31:57.978924
7,30,6,2,0,2,2026-06-16T09:31:59.398918
7,30,7,2,0,2,2026-06-16T09:32:00.401648
7,30,8,2,0,2,2026-06-16T09:32:07.645267
7,30,9,2,0,2,2026-06-16T09:32:09.861012
7,30,10,2,0,2,2026-06-16T09:32:11.675527
8,1,1,3,0,3,2026-06-16T09:32:18.830469
8,1,2,3,0,3,2026-06-16T09:32:20.238683
8,1,3,3,0,3,2026-06-16T09:32:21.233820
8,1,4,3,0,3,2026-06-16T09:32:22.428219
8,1,5,3,0,3,2026-06-16T09:32:23.416616
8,1,6,3,0,3,2026-06-16T09:32:24.216416
8,1,7,3,0,3,2026-06-16T09:32:25.616778
8,1,8,3,0,3,2026-06-16T09:32:26.407485
8,1,9,3,0,3,2026-06-16T09:32:27.402892
8,1,10,3,0,3,2026-06-16T09:32:28.799152
8,2,1,3,0,3,2026-06-16T09:32:29.795740
8,2,2,3,0,3,2026-06-16T09:32:31.400661
8,2,3,3,0,3,2026-06-16T09:32:32.798282
8,2,4,3,0,3,2026-06-16T09:32:33.815899
8,2,5,3,0,3,2026-06-16T09:32:34.815508
8,2,6,3,0,3,2026-06-16T09:32:41.399913
8,2,7,3,0,3,2026-06-16T09:32:42.603284
8,2,8,3,0,3,2026-06-16T09:32:43.795377
8,2,9,3,0,3,2026-06-16T09:32:45.219278
8,2,10,3,0,3,2026-06-16T09:32:52.402833
8,3,1,3,0,3,2026-06-16T09:32:53.609493
8,3,2,3,0,3,2026-06-16T09:32:54.408528
8,3,3,3,0,3,2026-06-16T09:32:55.256259
8,3,4,3,0,3,2026-06-16T09:32:56.476404
8,3,5,3,0,3,2026-06-16T09:32:58.087040
8,3,6,3,0,3,2026-06-16T09:32:59.898022
8,3,7,3,0,3,2026-06-16T09:33:01.530032
8,3,8,3,0,3,2026-06-16T09:33:03.036880
8,3,9,3,0,3,2026-06-16T09:33:04.037423
8,3,10,3,0,3,2026-06-16T09:33:06.458661
8,4,1,3,0,3,2026-06-16T09:33:07.268830
8,4,2,3,0,3,2026-06-16T09:33:08.486866
8,4,3,3,0,3,2026-06-16T09:33:10.086433
8,4,4,3,0,3,2026-06-16T09:33:11.686975
8,4,5,3,0,3,2026-06-16T09:33:12.896593
8,4,6,3,0,3,2026-06-16T09:33:14.709212
8,4,7,3,0,3,2026-06-16T09:33:21.931324
8,4,8,3,0,3,2026-06-16T09:33:22.943894
8,4,9,3,0,3,2026-06-16T09:33:23.949021
8,4,10,3,0,3,2026-06-16T09:33:25.352198
8,5,1,2,0,2,2026-06-16T09:33:26.159627
8,5,2,1,0,1,2026-06-16T09:33:33.310476
8,5,3,1,0,1,2026-06-16T09:33:34.702150
8,5,4,2,0,2,2026-06-16T09:33:36.117863
8,5,5,1,0,1,2026-06-16T09:33:37.303353
8,5,6,1,0,1,2026-06-16T09:33:44.511419
8,5,7,1,0,1,2026-06-16T09:33:46.119509
8,5,8,1,0,1,2026-06-16T09:33:47.522935
8,5,9,2,0,2,2026-06-16T09:33:48.330629
8,5,10,1,0,1,2026-06-16T09:33:49.311410
8,6,1,3,0,3,2026-06-16T09:33:55.912349
8,6,2,3,0,3,2026-06-16T09:33:57.532125
8,6,3,3,0,3,2026-06-16T09:33:58.938888
8,6,4,3,0,3,2026-06-16T09:34:00.764083
8,6,5,3,0,3,2026-06-16T09:34:01.964807
8,6,6,3,0,3,2026-06-16T09:34:03.167540
8,6,7,3,0,3,2026-06-16T09:34:04.682182
8,6,8,3,0,3,2026-06-16T09:34:05.686773
8,6,9,3,0,3,2026-06-16T09:34:06.702185
8,6,10,3,0,3,2026-06-16T09:34:08.516252
8,7,1,4,0,4,2026-06-16T09:34:10.132204
8,7,2,4,0,4,2026-06-16T09:34:11.540139
8,7,3,4,0,4,2026-06-16T09:34:12.741719
8,7,4,4,0,4,2026-06-16T09:34:14.312368
8,7,5,4,0,4,2026-06-16T09:34:15.947715
8,7,6,4,0,4,2026-06-16T09:34:16.764415
8,7,7,4,0,4,2026-06-16T09:34:18.574958
8,7,8,4,0,4,2026-06-16T09:34:21.068581
8,7,9,4,0,4,2026-06-16T09:34:22.670648
8,7,10,4,0,4,2026-06-16T09:34:23.477497
8,8,1,3,0,3,2026-06-16T09:34:24.896527
8,8,2,3,0,3,2026-06-16T09:34:32.103501
8,8,3,3,0,3,2026-06-16T09:34:32.906110
8,8,4,3,0,3,2026-06-16T09:34:33.912046
8,8,5,3,0,3,2026-06-16T09:34:34.922680
8,8,6,3,0,3,2026-06-16T09:34:36.631666
8,8,7,3,0,3,2026-06-16T09:34:37.828276
8,8,8,3,0,3,2026-06-16T09:34:44.321396
8,8,9,3,0,3,2026-06-16T09:34:45.729788
8,8,10,3,0,3,2026-06-16T09:34:46.935443
8,9,1,2,0,2,2026-06-16T09:34:48.338461
8,9,2,2,0,2,2026-06-16T09:34:50.158542
8,9,3,2,0,2,2026-06-16T09:34:56.768965
8,9,4,2,0,2,2026-06-16T09:34:58.170124
8,9,5,2,0,2,2026-06-16T09:34:59.751576
8,9,6,2,0,2,2026-06-16T09:35:00.955763
8,9,7,2,0,2,2026-06-16T09:35:08.124081
8,9,8,2,0,2,2026-06-16T09:35:09.336859
8,9,9,2,0,2,2026-06-16T09:35:10.140060
8,9,10,2,0,2,2026-06-16T09:35:11.165582
8,10,1,1,0,1,2026-06-16T09:35:12.385529
8,10,2,1,0,1,2026-06-16T09:35:14.799193
8,10,3,1,0,1,2026-06-16T09:35:16.408721
8,10,4,1,0,1,2026-06-16T09:35:17.817705
8,10,5,1,0,1,2026-06-16T09:35:19.425189
8,10,6,1,0,1,2026-06-16T09:35:20.867094
8,10,7,1,0,1,2026-06-16T09:35:21.875386
8,10,8,1,0,1,2026-06-16T09:35:23.119377
8,10,9,1,0,1,2026-06-16T09:35:24.330961
8,10,10,1,0,1,2026-06-16T09:35:25.948793
8,11,1,3,0,3,2026-06-16T09:35:27.137676
8,11,2,3,0,3,2026-06-16T09:35:28.138155
8,11,3,3,0,3,2026-06-16T09:35:29.944341
8,11,4,3,0,3,2026-06-16T09:35:36.640283
8,11,5,3,0,3,2026-06-16T09:35:38.442320
8,11,6,3,0,3,2026-06-16T09:35:40.251371
8,11,7,3,0,3,2026-06-16T09:35:41.862322
8,11,8,3,0,3,2026-06-16T09:35:42.666957
8,11,9,3,0,3,2026-06-16T09:35:44.266860
8,11,10,3,0,3,2026-06-16T09:35:45.284021
8,12,1,4,0,4,2026-06-16T09:35:46.089710
8,12,2,5,0,5,2026-06-16T09:35:53.261477
8,12,3,5,0,5,2026-06-16T09:35:55.072811
8,12,4,5,0,5,2026-06-16T09:35:56.093948
8,12,5,5,0,5,2026-06-16T09:35:57.088102
8,12,6,5,0,5,2026-06-16T09:35:58.301466
8,12,7,5,0,5,2026-06-16T09:35:59.305008
8,12,8,4,0,4,2026-06-16T09:36:00.920442
8,12,9,5,0,5,2026-06-16T09:36:02.547288
8,12,10,5,0,5,2026-06-16T09:36:03.571167
8,13,1,3,0,3,2026-06-16T09:36:04.371170
8,13,2,3,0,3,2026-06-16T09:36:05.164184
8,13,3,3,0,3,2026-06-16T09:36:11.678531
8,13,4,3,0,3,2026-06-16T09:36:13.490507
8,13,5,3,0,3,2026-06-16T09:36:14.483421
8,13,6,3,0,3,2026-06-16T09:36:15.285992
8,13,7,3,0,3,2026-06-16T09:36:16.477858
8,13,8,3,0,3,2026-06-16T09:36:18.892075
8,13,9,3,0,3,2026-06-16T09:36:19.897586
8,13,10,3,0,3,2026-06-16T09:36:20.686060
8,14,1,4,0,4,2026-06-16T09:36:22.075999
8,14,2,4,0,4,2026-06-16T09:36:24.277693
8,14,3,4,0,4,2026-06-16T09:36:25.475679
8,14,4,4,0,4,2026-06-16T09:36:26.883966
8,14,5,4,0,4,2026-06-16T09:36:34.057022
8,14,6,4,0,4,2026-06-16T09:36:36.284514
8,14,7,4,0,4,2026-06-16T09:36:37.105489
8,14,8,4,0,4,2026-06-16T09:36:38.310697
8,14,9,4,0,4,2026-06-16T09:36:46.177467
8,14,10,4,0,4,2026-06-16T09:36:47.387829
8,15,1,3,0,3,2026-06-16T09:36:48.626165
8,15,2,3,0,3,2026-06-16T09:36:49.638389
8,15,3,3,0,3,2026-06-16T09:36:50.674376
8,15,4,3,0,3,2026-06-16T09:36:57.248581
8,15,5,3,0,3,2026-06-16T09:36:58.665292
8,15,6,3,0,3,2026-06-16T09:37:00.069192
8,15,7,3,0,3,2026-06-16T09:37:01.074331
8,15,8,3,0,3,2026-06-16T09:37:02.285932
8,15,9,3,0,3,2026-06-16T09:37:03.694895
8,15,10,3,0,3,2026-06-16T09:37:05.102582
8,16,1,3,0,3,2026-06-16T09:37:06.753369
8,16,2,3,0,3,2026-06-16T09:37:07.962609
8,16,3,3,0,3,2026-06-16T09:37:09.352823
8,16,4,3,0,3,2026-06-16T09:37:10.956264
8,16,5,3,0,3,2026-06-16T09:37:12.179687
8,16,6,3,0,3,2026-06-16T09:37:13.568194
8,16,7,3,0,3,2026-06-16T09:37:20.126897
8,16,8,3,0,3,2026-06-16T09:37:21.732092
8,16,9,3,0,3,2026-06-16T09:37:23.329710
8,16,10,3,0,3,2026-06-16T09:37:24.536569
8,17,1,4,0,4,2026-06-16T09:37:25.541277
8,17,2,4,0,4,2026-06-16T09:37:26.748261
8,17,3,4,0,4,2026-06-16T09:37:27.560046
8,17,4,4,0,4,2026-06-16T09:37:28.567552
8,17,5,4,0,4,2026-06-16T09:37:29.369712
8,17,6,4,0,4,2026-06-16T09:37:30.977889
8,17,7,4,0,4,2026-06-16T09:37:32.979800
8,17,8,4,0,4,2026-06-16T09:37:34.387932
8,17,9,4,0,4,2026-06-16T09:37:35.793652
8,17,10,4,0,4,2026-06-16T09:37:37.426251
8,18,1,5,0,5,2026-06-16T09:37:39.852443
8,18,2,5,0,5,2026-06-16T09:37:41.057980
8,18,3,5,0,5,2026-06-16T09:38:49.904159
8,18,4,5,0,5,2026-06-16T09:38:51.732778
8,18,5,5,0,5,2026-06-16T09:38:52.724060
8,18,6,5,0,5,2026-06-16T09:38:53.517018
8,18,7,5,0,5,2026-06-16T09:38:56.412159
8,18,8,5,0,5,2026-06-16T09:38:58.231739
8,18,9,5,0,5,2026-06-16T09:38:59.025755
8,18,10,5,0,5,2026-06-16T09:39:00.430859
8,19,1,5,0,5,2026-06-16T09:39:02.222619
8,19,2,5,0,5,2026-06-16T09:39:03.428438
8,19,3,5,0,5,2026-06-16T09:39:04.620270
8,19,4,5,0,5,2026-06-16T09:39:11.752168
8,19,5,5,0,5,2026-06-16T09:39:14.616071
8,19,6,5,0,5,2026-06-16T09:39:15.619571
8,19,7,5,0,5,2026-06-16T09:39:16.839170
8,19,8,5,0,5,2026-06-16T09:39:17.838325
8,19,9,5,0,5,2026-06-16T09:39:20.742065
8,19,10,5,0,5,2026-06-16T09:39:22.543864
8,20,1,3,0,3,2026-06-16T09:39:23.949343
8,20,2,3,0,3,2026-06-16T09:39:24.944560
8,20,3,3,0,3,2026-06-16T09:39:26.158183
8,20,4,3,0,3,2026-06-16T09:39:27.348466
8,20,5,3,0,3,2026-06-16T09:39:28.149116
8,20,6,3,0,3,2026-06-16T09:39:29.770581
8,20,7,3,0,3,2026-06-16T09:39:36.922772
8,20,8,3,0,3,2026-06-16T09:39:38.327626
8,20,9,3,0,3,2026-06-16T09:39:39.143761
8,20,10,3,0,3,2026-06-16T09:39:40.959477
8,21,1,4,0,4,2026-06-16T09:39:48.153022
8,21,2,4,0,4,2026-06-16T09:39:49.356064
8,21,3,3,0,3,2026-06-16T09:39:51.170981
8,21,4,4,0,4,2026-06-16T09:39:52.438517
8,21,5,4,0,4,2026-06-16T09:39:59.607388
8,21,6,4,0,4,2026-06-16T09:40:01.447620
8,21,7,4,0,4,2026-06-16T09:40:03.086349
8,21,8,4,0,4,2026-06-16T09:40:04.285366
8,21,9,4,0,4,2026-06-16T09:40:05.088164
8,21,10,4,0,4,2026-06-16T09:40:06.703710
8,22,1,3,0,3,2026-06-16T09:40:08.304731
8,22,2,3,0,3,2026-06-16T09:40:10.116623
8,22,3,3,0,3,2026-06-16T09:40:13.024298
8,22,4,3,0,3,2026-06-16T09:40:14.838293
8,22,5,3,0,3,2026-06-16T09:40:15.680939
8,22,6,3,0,3,2026-06-16T09:40:17.076756
8,22,7,3,0,3,2026-06-16T09:40:18.476590
8,22,8,3,0,3,2026-06-16T09:40:19.886375
8,22,9,3,0,3,2026-06-16T09:40:21.303176
8,22,10,3,0,3,2026-06-16T09:40:22.698925
8,23,1,5,0,5,2026-06-16T09:40:29.171524
8,23,2,5,0,5,2026-06-16T09:40:30.572567
8,23,3,5,0,5,2026-06-16T09:40:31.860311
8,23,4,5,0,5,2026-06-16T09:40:33.240880
8,23,5,5,0,5,2026-06-16T09:40:34.247931
8,23,6,5,0,5,2026-06-16T09:40:36.113709
8,23,7,5,0,5,2026-06-16T09:40:36.911474
8,23,8,5,0,5,2026-06-16T09:40:37.709960
8,23,9,5,0,5,2026-06-16T09:40:38.716334
8,23,10,5,0,5,2026-06-16T09:40:39.747706
8,24,1,3,0,3,2026-06-16T09:40:40.540459
8,24,2,3,0,3,2026-06-16T09:40:41.544956
8,24,3,3,0,3,2026-06-16T09:40:42.536950
8,24,4,3,0,3,2026-06-16T09:40:43.537069
8,24,5,3,0,3,2026-06-16T09:40:44.733255
8,24,6,3,0,3,2026-06-16T09:40:46.358613
8,24,7,3,0,3,2026-06-16T09:40:52.964944
8,24,8,3,0,3,2026-06-16T09:40:54.584864
8,24,9,3,0,3,2026-06-16T09:40:56.235583
8,24,10,3,0,3,2026-06-16T09:40:58.045554
8,25,1,0,0,0,2026-06-16T09:41:00.253795
8,25,2,0,0,0,2026-06-16T09:41:01.450861
8,25,3,0,0,0,2026-06-16T09:41:02.838582
8,25,4,0,0,0,2026-06-16T09:41:04.230355
8,25,5,0,0,0,2026-06-16T09:41:05.829992
8,25,6,0,0,0,2026-06-16T09:41:07.032441
8,25,7,0,0,0,2026-06-16T09:41:08.437077
8,25,8,0,0,0,2026-06-16T09:41:10.059431
8,25,9,0,0,0,2026-06-16T09:41:16.634604
8,25,10,0,0,0,2026-06-16T09:41:18.644572
8,26,1,3,0,3,2026-06-16T09:41:20.052497
8,26,2,3,0,3,2026-06-16T09:41:21.462744
8,26,3,3,0,3,2026-06-16T09:41:22.346552
8,26,4,3,0,3,2026-06-16T09:41:24.596900
8,26,5,3,0,3,2026-06-16T09:41:25.599539
8,26,6,3,0,3,2026-06-16T09:41:26.794739
8,26,7,3,0,3,2026-06-16T09:41:28.191893
8,26,8,3,0,3,2026-06-16T09:41:29.998036
8,26,9,3,0,3,2026-06-16T09:41:31.397299
8,26,10,3,0,3,2026-06-16T09:41:32.390917
8,27,1,0,0,0,2026-06-16T09:41:33.198029
8,27,2,0,0,0,2026-06-16T09:41:41.083756
8,27,3,0,0,0,2026-06-16T09:41:42.309466
8,27,4,0,0,0,2026-06-16T09:41:43.908818
8,27,5,0,0,0,2026-06-16T09:41:45.500568
8,27,6,0,0,0,2026-06-16T09:41:46.894629
8,27,7,0,0,0,2026-06-16T09:41:53.438862
8,27,8,0,0,0,2026-06-16T09:41:54.498869
8,27,9,0,0,0,2026-06-16T09:41:55.901081
8,27,10,0,0,0,2026-06-16T09:41:57.291780
8,28,1,4,0,4,2026-06-16T09:41:58.497400
8,28,2,4,0,4,2026-06-16T09:42:00.906921
8,28,3,4,0,4,2026-06-16T09:42:02.114062
8,28,4,4,0,4,2026-06-16T09:42:03.337558
8,28,5,4,0,4,2026-06-16T09:42:04.977752
8,28,6,4,0,4,2026-06-16T09:42:06.171766
8,28,7,4,0,4,2026-06-16T09:42:07.769439
8,28,8,4,0,4,2026-06-16T09:42:09.449314
8,28,9,4,0,4,2026-06-16T09:42:10.845286
8,28,10,4,0,4,2026-06-16T09:42:12.043644
8,29,1,5,0,5,2026-06-16T09:42:13.956961
8,29,2,5,0,5,2026-06-16T09:42:15.570958
8,29,3,5,0,5,2026-06-16T09:42:22.135443
8,29,4,5,0,5,2026-06-16T09:42:23.744011
8,29,5,5,0,5,2026-06-16T09:42:25.346688
8,29,6,5,0,5,2026-06-16T09:42:26.150407
8,29,7,5,0,5,2026-06-16T09:42:33.364123
8,29,8,5,0,5,2026-06-16T09:42:34.385020
8,29,9,5,0,5,2026-06-16T09:42:35.769048
8,29,10,5,0,5,2026-06-16T09:42:36.960327
8,30,1,3,0,3,2026-06-16T09:42:38.158756
8,30,2,3,0,3,2026-06-16T09:42:45.310339
8,30,3,3,0,3,2026-06-16T09:42:46.524491
8,30,4,3,0,3,2026-06-16T09:42:48.146509
8,30,5,3,0,3,2026-06-16T09:42:49.146626
8,30,6,3,0,3,2026-06-16T09:42:50.956638
8,30,7,3,0,3,2026-06-16T09:42:53.596962
8,30,8,3,0,3,2026-06-16T09:42:55.193488
8,30,9,3,0,3,2026-06-16T09:42:56.597421
8,30,10,3,0,3,2026-06-16T09:43:03.768401
9,1,1,5,0,5,2026-06-16T09:43:06.624381
9,1,2,5,0,5,2026-06-16T09:43:08.232936
9,1,3,5,0,5,2026-06-16T09:43:10.048043
9,1,4,5,0,5,2026-06-16T09:43:12.735041
9,1,5,5,0,5,2026-06-16T09:43:14.371943
9,1,6,5,0,5,2026-06-16T09:43:15.569921
9,1,7,5,0,5,2026-06-16T09:43:22.124783
9,1,8,5,0,5,2026-06-16T09:43:23.330611
9,1,9,5,0,5,2026-06-16T09:43:24.113662
9,1,10,5,0,5,2026-06-16T09:43:25.509144
9,2,1,5,0,5,2026-06-16T09:43:26.763207
9,2,2,5,0,5,2026-06-16T09:43:29.174550
9,2,3,5,0,5,2026-06-16T09:43:30.383741
9,2,4,5,0,5,2026-06-16T09:43:31.177066
9,2,5,5,0,5,2026-06-16T09:43:32.379064
9,2,6,5,0,5,2026-06-16T09:43:38.918585
9,2,7,5,0,5,2026-06-16T09:43:39.706927
9,2,8,5,0,5,2026-06-16T09:43:40.727814
9,2,9,5,0,5,2026-06-16T09:43:42.136418
9,2,10,5,0,5,2026-06-16T09:43:42.948445
9,3,1,1,0,1,2026-06-16T09:43:44.753791
9,3,2,1,0,1,2026-06-16T09:43:51.271025
9,3,3,1,0,1,2026-06-16T09:43:53.288639
9,3,4,1,0,1,2026-06-16T09:43:55.081995
9,3,5,1,0,1,2026-06-16T09:43:56.476225
9,3,6,1,0,1,2026-06-16T09:43:57.470684
9,3,7,1,0,1,2026-06-16T09:43:59.690586
9,3,8,1,0,1,2026-06-16T09:44:00.720404
9,3,9,1,0,1,2026-06-16T09:44:02.315508
9,3,10,1,0,1,2026-06-16T09:44:03.718530
9,4,1,2,0,2,2026-06-16T09:44:05.323218
9,4,2,2,0,2,2026-06-16T09:44:06.523110
9,4,3,2,0,2,2026-06-16T09:44:07.316709
9,4,4,2,0,2,2026-06-16T09:44:08.743620
9,4,5,2,0,2,2026-06-16T09:44:09.775694
9,4,6,2,0,2,2026-06-16T09:44:12.187083
9,4,7,2,0,2,2026-06-16T09:44:13.177145
9,4,8,2,0,2,2026-06-16T09:44:14.188075
9,4,9,2,0,2,2026-06-16T09:44:14.969672
9,4,10,2,0,2,2026-06-16T09:44:16.221105
9,5,1,1,0,1,2026-06-16T09:44:18.434142
9,5,2,1,0,1,2026-06-16T09:44:19.835192
9,5,3,1,0,1,2026-06-16T09:44:20.835271
9,5,4,1,0,1,2026-06-16T09:44:27.994122
9,5,5,1,0,1,2026-06-16T09:44:30.423484
9,5,6,1,0,1,2026-06-16T09:44:31.308950
9,5,7,1,0,1,2026-06-16T09:44:32.703013
9,5,8,1,0,1,2026-06-16T09:44:34.315926
9,5,9,1,0,1,2026-06-16T09:44:35.106086
9,5,10,1,0,1,2026-06-16T09:44:36.702431
9,6,1,5,0,5,2026-06-16T09:44:38.110104
9,6,2,5,0,5,2026-06-16T09:44:39.308805
9,6,3,5,0,5,2026-06-16T09:44:46.497393
9,6,4,5,0,5,2026-06-16T09:44:48.507025
9,6,5,5,0,5,2026-06-16T09:44:49.604338
9,6,6,5,0,5,2026-06-16T09:44:51.038384
9,6,7,5,0,5,2026-06-16T09:44:58.202037
9,6,8,5,0,5,2026-06-16T09:44:59.211591
9,6,9,5,0,5,2026-06-16T09:45:00.419816
9,6,10,5,0,5,2026-06-16T09:45:01.821974
9,7,1,3,0,3,2026-06-16T09:45:03.612831
9,7,2,3,0,3,2026-06-16T09:45:10.198643
9,7,3,3,0,3,2026-06-16T09:45:11.808002
9,7,4,3,0,3,2026-06-16T09:45:12.851157
9,7,5,3,0,3,2026-06-16T09:45:13.651929
9,7,6,3,0,3,2026-06-16T09:45:15.472956
9,7,7,3,0,3,2026-06-16T09:45:17.716572
9,7,8,3,0,3,2026-06-16T09:45:18.922298
9,7,9,3,0,3,2026-06-16T09:45:20.224610
9,7,10,3,0,3,2026-06-16T09:45:21.631020
9,8,1,3,0,3,2026-06-16T09:45:23.226993
9,8,2,3,0,3,2026-06-16T09:45:24.221197
9,8,3,3,0,3,2026-06-16T09:45:25.413886
9,8,4,3,0,3,2026-06-16T09:45:27.214336
9,8,5,3,0,3,2026-06-16T09:45:33.783323
9,8,6,3,0,3,2026-06-16T09:45:35.480040
9,8,7,3,0,3,2026-06-16T09:45:36.474904
9,8,8,3,0,3,2026-06-16T09:45:38.075737
9,8,9,3,0,3,2026-06-16T09:45:44.633372
9,8,10,3,0,3,2026-06-16T09:45:47.270790
9,9,1,1,0,1,2026-06-16T09:45:48.878176
9,9,2,1,0,1,2026-06-16T09:45:49.920749
9,9,3,1,0,1,2026-06-16T09:45:51.338114
9,9,4,1,0,1,2026-06-16T09:45:52.973304
9,9,5,1,0,1,2026-06-16T09:45:54.186847
9,9,6,1,0,1,2026-06-16T09:45:55.179670
9,9,7,1,0,1,2026-06-16T09:45:56.378007
9,9,8,1,0,1,2026-06-16T09:45:57.381494
9,9,9,1,0,1,2026-06-16T09:45:59.187940
9,9,10,1,0,1,2026-06-16T09:46:00.411651
9,10,1,2,0,2,2026-06-16T09:46:02.022494
9,10,2,2,0,2,2026-06-16T09:46:03.044150
9,10,3,2,0,2,2026-06-16T09:46:04.869555
9,10,4,2,0,2,2026-06-16T09:46:06.477442
9,10,5,2,0,2,2026-06-16T09:46:13.752198
9,10,6,2,0,2,2026-06-16T09:46:15.358179
9,10,7,2,0,2,2026-06-16T09:46:16.162419
9,10,8,2,0,2,2026-06-16T09:46:17.764392
9,10,9,2,0,2,2026-06-16T09:46:24.327797
9,10,10,2,0,2,2026-06-16T09:46:25.531307
9,11,1,5,0,5,2026-06-16T09:46:26.736442
9,11,2,5,0,5,2026-06-16T09:46:28.133977
9,11,3,5,0,5,2026-06-16T09:46:29.528978
9,11,4,5,0,5,2026-06-16T09:46:36.668528
9,11,5,5,0,5,2026-06-16T09:46:37.873758
9,11,6,5,0,5,2026-06-16T09:46:39.277616
9,11,7,5,0,5,2026-06-16T09:46:40.273999
9,11,8,5,0,5,2026-06-16T09:46:41.468510
9,11,9,5,0,5,2026-06-16T09:46:42.971209
9,11,10,5,0,5,2026-06-16T09:46:44.172577
9,12,1,5,0,5,2026-06-16T09:46:45.177383
9,12,2,5,0,5,2026-06-16T09:46:46.855685
9,12,3,5,0,5,2026-06-16T09:46:49.492914
9,12,4,5,0,5,2026-06-16T09:46:51.116000
9,12,5,5,0,5,2026-06-16T09:46:52.518124
9,12,6,5,0,5,2026-06-16T09:46:53.744662
9,12,7,5,0,5,2026-06-16T09:46:55.172723
9,12,8,5,0,5,2026-06-16T09:46:56.588016
9,12,9,5,0,5,2026-06-16T09:46:57.581446
9,12,10,5,0,5,2026-06-16T09:47:04.855811
9,13,1,3,0,3,2026-06-16T09:47:05.658214
9,13,2,3,0,3,2026-06-16T09:47:06.662054
9,13,3,3,0,3,2026-06-16T09:47:08.454544
9,13,4,3,0,3,2026-06-16T09:47:16.355520
9,13,5,3,0,3,2026-06-16T09:47:17.950177
9,13,6,3,0,3,2026-06-16T09:47:18.742434
9,13,7,3,0,3,2026-06-16T09:47:19.944919
9,13,8,3,0,3,2026-06-16T09:47:26.508830
9,13,9,3,0,3,2026-06-16T09:47:27.917783
9,13,10,3,0,3,2026-06-16T09:47:29.114694
9,14,1,3,0,3,2026-06-16T09:47:30.723839
9,14,2,3,0,3,2026-06-16T09:47:37.933248
9,14,3,3,0,3,2026-06-16T09:47:39.336669
9,14,4,3,0,3,2026-06-16T09:47:40.534357
9,14,5,3,0,3,2026-06-16T09:47:41.845268
9,14,6,3,0,3,2026-06-16T09:47:43.044852
9,14,7,3,0,3,2026-06-16T09:47:45.450836
9,14,8,3,0,3,2026-06-16T09:47:47.071927
9,14,9,3,0,3,2026-06-16T09:47:48.293188
9,14,10,3,0,3,2026-06-16T09:47:49.936234
9,15,1,0,0,0,2026-06-16T09:47:50.742497
9,15,2,0,0,0,2026-06-16T09:47:51.536713
9,15,3,0,0,0,2026-06-16T09:47:53.333731
9,15,4,0,0,0,2026-06-16T09:47:54.531445
9,15,5,0,0,0,2026-06-16T09:48:01.040132
9,15,6,0,0,0,2026-06-16T09:48:03.045961
9,15,7,0,0,0,2026-06-16T09:48:04.644428
9,15,8,0,0,0,2026-06-16T09:48:06.249223
9,15,9,0,0,0,2026-06-16T09:48:13.460980
9,15,10,0,0,0,2026-06-16T09:48:15.068311
9,16,1,3,0,3,2026-06-16T09:48:16.046038
9,16,2,3,0,3,2026-06-16T09:48:17.049089
9,16,3,3,0,3,2026-06-16T09:48:18.446843
9,16,4,3,0,3,2026-06-16T09:48:19.252490
9,16,5,3,0,3,2026-06-16T09:48:20.660613
9,16,6,3,0,3,2026-06-16T09:48:21.473851
9,16,7,3,0,3,2026-06-16T09:48:22.446029
9,16,8,3,0,3,2026-06-16T09:48:23.852877
9,16,9,3,0,3,2026-06-16T09:48:31.076224
9,16,10,3,0,3,2026-06-16T09:48:32.485215
9,17,1,3,0,3,2026-06-16T09:48:33.480083
9,17,2,3,0,3,2026-06-16T09:48:34.465638
9,17,3,3,0,3,2026-06-16T09:48:35.256414
9,17,4,3,0,3,2026-06-16T09:48:41.852152
9,17,5,3,0,3,2026-06-16T09:48:43.271813
9,17,6,3,0,3,2026-06-16T09:48:44.679620
9,17,7,3,0,3,2026-06-16T09:48:45.686740
9,17,8,3,0,3,2026-06-16T09:48:46.483629
9,17,9,3,0,3,2026-06-16T09:48:53.730588
9,17,10,3,0,3,2026-06-16T09:48:55.757423
9,18,1,3,0,3,2026-06-16T09:48:56.564759
9,18,2,3,0,3,2026-06-16T09:48:57.566806
9,18,3,3,0,3,2026-06-16T09:48:58.971911
9,18,4,3,0,3,2026-06-16T09:49:05.505761
9,18,5,3,0,3,2026-06-16T09:49:06.495731
9,18,6,3,0,3,2026-06-16T09:49:07.700771
9,18,7,3,0,3,2026-06-16T09:49:09.100283
9,18,8,3,0,3,2026-06-16T09:49:10.503576
9,18,9,3,0,3,2026-06-16T09:49:18.341462
9,18,10,3,0,3,2026-06-16T09:49:19.729794
9,19,1,2,0,2,2026-06-16T09:49:20.943610
9,19,2,2,0,2,2026-06-16T09:49:22.147028
9,19,3,2,0,2,2026-06-16T09:49:23.578725
9,19,4,2,0,2,2026-06-16T09:49:26.457798
9,19,5,2,0,2,2026-06-16T09:49:28.066132
9,19,6,2,0,2,2026-06-16T09:49:29.851024
9,19,7,2,0,2,2026-06-16T09:49:32.264140
9,19,8,2,0,2,2026-06-16T09:49:33.459971
9,19,9,2,0,2,2026-06-16T09:49:34.865688
9,19,10,2,0,2,2026-06-16T09:49:35.654677
9,20,1,2,0,2,2026-06-16T09:49:38.056397
9,20,2,2,0,2,2026-06-16T09:49:39.053550
9,20,3,2,0,2,2026-06-16T09:49:40.730780
9,20,4,2,0,2,2026-06-16T09:49:47.951094
9,20,5,2,0,2,2026-06-16T09:49:49.328331
9,20,6,2,0,2,2026-06-16T09:49:50.533193
9,20,7,2,0,2,2026-06-16T09:49:51.712366
9,20,8,2,0,2,2026-06-16T09:49:52.711501
9,20,9,2,0,2,2026-06-16T09:49:53.712121
9,20,10,2,0,2,2026-06-16T09:49:56.106184
9,21,1,5,0,5,2026-06-16T09:49:57.116827
9,21,2,5,0,5,2026-06-16T09:49:58.522485
9,21,3,5,0,5,2026-06-16T09:50:00.115529
9,21,4,5,0,5,2026-06-16T09:50:02.360713
9,21,5,5,0,5,2026-06-16T09:50:03.362253
9,21,6,5,0,5,2026-06-16T09:50:04.794774
9,21,7,5,0,5,2026-06-16T09:50:11.959518
9,21,8,5,0,5,2026-06-16T09:50:13.559300
9,21,9,5,0,5,2026-06-16T09:50:15.365679
9,21,10,5,0,5,2026-06-16T09:50:17.167576
9,22,1,3,0,3,2026-06-16T09:50:19.382766
9,22,2,3,0,3,2026-06-16T09:50:21.197800
9,22,3,3,0,3,2026-06-16T09:50:22.784289
9,22,4,3,0,3,2026-06-16T09:50:29.343362
9,22,5,3,0,3,2026-06-16T09:50:30.949175
9,22,6,3,0,3,2026-06-16T09:50:31.956249
9,22,7,3,0,3,2026-06-16T09:50:33.368321
9,22,8,3,0,3,2026-06-16T09:50:34.408293
9,22,9,3,0,3,2026-06-16T09:50:41.043373
9,22,10,3,0,3,2026-06-16T09:50:43.397399
9,23,1,3,0,3,2026-06-16T09:50:44.425348
9,23,2,3,0,3,2026-06-16T09:50:45.626085
9,23,3,3,0,3,2026-06-16T09:50:52.200827
9,23,4,3,0,3,2026-06-16T09:50:53.222084
9,23,5,3,0,3,2026-06-16T09:50:54.664325
9,23,6,3,0,3,2026-06-16T09:50:55.660693
9,23,7,3,0,3,2026-06-16T09:50:56.862110
9,23,8,3,0,3,2026-06-16T09:50:57.736522
9,23,9,3,0,3,2026-06-16T09:51:04.267879
9,23,10,3,0,3,2026-06-16T09:51:05.471348
9,24,1,2,0,2,2026-06-16T09:51:06.478932
9,24,2,2,0,2,2026-06-16T09:51:08.080522
9,24,3,2,0,2,2026-06-16T09:51:09.690999
9,24,4,2,0,2,2026-06-16T09:51:11.893096
9,24,5,2,0,2,2026-06-16T09:51:12.889415
9,24,6,2,0,2,2026-06-16T09:51:14.304833
9,24,7,2,0,2,2026-06-16T09:51:15.305976
9,24,8,2,0,2,2026-06-16T09:51:17.935142
9,24,9,2,0,2,2026-06-16T09:51:19.546629
9,24,10,2,0,2,2026-06-16T09:51:20.745270
9,25,1,0,0,0,2026-06-16T09:51:27.319424
9,25,2,0,0,0,2026-06-16T09:51:28.530056
9,25,3,0,0,0,2026-06-16T09:51:29.923247
9,25,4,0,0,0,2026-06-16T09:51:31.321922
9,25,5,0,0,0,2026-06-16T09:51:33.114123
9,25,6,0,0,0,2026-06-16T09:51:39.645765
9,25,7,0,0,0,2026-06-16T09:51:40.857893
9,25,8,0,0,0,2026-06-16T09:51:42.864551
9,25,9,0,0,0,2026-06-16T09:51:44.075916
9,25,10,0,0,0,2026-06-16T09:51:51.304427
9,26,1,3,0,3,2026-06-16T09:51:57.845839
9,26,2,3,0,3,2026-06-16T09:51:58.851674
9,26,3,3,0,3,2026-06-16T09:52:00.439361
9,26,4,3,0,3,2026-06-16T09:52:01.644945
9,26,5,3,0,3,2026-06-16T09:52:03.047463
9,26,6,3,0,3,2026-06-16T09:52:04.690363
9,26,7,3,0,3,2026-06-16T09:52:05.480644
9,26,8,3,0,3,2026-06-16T09:52:07.068712
9,26,9,3,0,3,2026-06-16T09:52:08.863577
9,26,10,3,0,3,2026-06-16T09:52:10.867618
9,27,1,3,0,3,2026-06-16T09:52:12.073346
9,27,2,3,0,3,2026-06-16T09:52:13.958798
9,27,3,3,0,3,2026-06-16T09:52:14.955081
9,27,4,3,0,3,2026-06-16T09:52:17.355074
9,27,5,3,0,3,2026-06-16T09:52:19.163469
9,27,6,3,0,3,2026-06-16T09:52:20.989446
9,27,7,3,0,3,2026-06-16T09:52:23.888301
9,27,8,3,0,3,2026-06-16T09:52:25.085822
9,27,9,3,0,3,2026-06-16T09:52:26.479464
9,27,10,3,0,3,2026-06-16T09:52:33.638333
9,28,1,2,0,2,2026-06-16T09:52:35.444065
9,28,2,2,0,2,2026-06-16T09:52:36.469949
9,28,3,2,0,2,2026-06-16T09:52:38.283888
9,28,4,2,0,2,2026-06-16T09:52:44.863347
9,28,5,2,0,2,2026-06-16T09:52:46.473271
9,28,6,2,0,2,2026-06-16T09:52:47.280944
9,28,7,2,0,2,2026-06-16T09:52:48.280782
9,28,8,2,0,2,2026-06-16T09:52:49.486408
9,28,9,2,0,2,2026-06-16T09:52:52.351948
9,28,10,2,0,2,2026-06-16T09:52:54.160490
9,29,1,2,0,2,2026-06-16T09:52:55.599666
9,29,2,2,0,2,2026-06-16T09:52:57.105394
9,29,3,2,0,2,2026-06-16T09:52:58.108660
9,29,4,2,0,2,2026-06-16T09:52:59.112673
9,29,5,2,0,2,2026-06-16T09:53:00.738638
9,29,6,2,0,2,2026-06-16T09:53:08.707103
9,29,7,2,0,2,2026-06-16T09:53:09.514706
9,29,8,2,0,2,2026-06-16T09:53:11.138438
9,29,9,2,0,2,2026-06-16T09:53:12.134337
9,29,10,2,0,2,2026-06-16T09:53:13.959431
9,30,1,2,0,2,2026-06-16T09:53:16.369331
9,30,2,2,0,2,2026-06-16T09:53:17.174328
9,30,3,2,0,2,2026-06-16T09:53:18.776772
9,30,4,2,0,2,2026-06-16T09:53:20.377197
9,30,5,2,0,2,2026-06-16T09:53:23.271759
9,30,6,2,0,2,2026-06-16T09:53:25.076372
9,30,7,2,0,2,2026-06-16T09:53:26.519310
9,30,8,2,0,2,2026-06-16T09:53:29.177806
9,30,9,2,0,2,2026-06-16T09:53:30.993527
9,30,10,2,0,2,2026-06-16T09:53:31.804510
10,1,1,5,0,5,2026-06-16T09:53:33.205881
10,1,2,5,0,5,2026-06-16T09:53:35.828444
10,1,3,5,0,5,2026-06-16T09:53:37.215236
10,1,4,5,0,5,2026-06-16T09:53:38.819908
10,1,5,5,0,5,2026-06-16T09:53:45.974869
10,1,6,5,0,5,2026-06-16T09:53:47.414255
10,1,7,5,0,5,2026-06-16T09:53:48.815066
10,1,8,5,0,5,2026-06-16T09:53:50.436840
10,1,9,5,0,5,2026-06-16T09:53:51.858680
10,1,10,5,0,5,2026-06-16T09:53:59.113364
10,2,1,5,0,5,2026-06-16T09:54:00.904335
10,2,2,5,0,5,2026-06-16T09:54:02.736229
10,2,3,5,0,5,2026-06-16T09:54:04.533265
10,2,4,5,0,5,2026-06-16T09:54:05.543902
10,2,5,5,0,5,2026-06-16T09:54:06.542550
10,2,6,5,0,5,2026-06-16T09:54:07.924301
10,2,7,5,0,5,2026-06-16T09:54:09.327863
10,2,8,5,0,5,2026-06-16T09:54:11.153651
10,2,9,5,0,5,2026-06-16T09:54:12.792389
10,2,10,5,0,5,2026-06-16T09:54:13.972867
10,3,1,3,0,3,2026-06-16T09:54:15.375179
10,3,2,2,0,2,2026-06-16T09:54:17.011570
10,3,3,2,0,2,2026-06-16T09:54:18.631463
10,3,4,2,0,2,2026-06-16T09:54:19.633714
10,3,5,2,0,2,2026-06-16T09:54:20.852118
10,3,6,2,0,2,2026-06-16T09:54:27.391098
10,3,7,2,0,2,2026-06-16T09:54:33.894943
10,3,8,2,0,2,2026-06-16T09:54:40.458748
10,3,9,2,0,2,2026-06-16T09:54:41.274418
10,3,10,2,0,2,2026-06-16T09:54:42.093805
10,4,1,2,0,2,2026-06-16T09:54:43.300479
10,4,2,2,0,2,2026-06-16T09:54:44.499727
10,4,3,2,0,2,2026-06-16T09:54:51.692310
10,4,4,2,0,2,2026-06-16T09:54:53.977522
10,4,5,2,0,2,2026-06-16T09:54:55.393218
10,4,6,2,0,2,2026-06-16T09:54:57.583439
10,4,7,2,0,2,2026-06-16T09:55:04.194927
10,4,8,2,0,2,2026-06-16T09:55:06.418477
10,4,9,2,0,2,2026-06-16T09:55:08.047581
10,4,10,2,0,2,2026-06-16T09:55:09.844296
10,5,1,2,0,2,2026-06-16T09:55:12.485096
10,5,2,2,0,2,2026-06-16T09:55:14.089736
10,5,3,2,0,2,2026-06-16T09:55:15.267914
10,5,4,2,0,2,2026-06-16T09:55:16.477375
10,5,5,2,0,2,2026-06-16T09:55:17.887996
10,5,6,2,0,2,2026-06-16T09:55:18.689497
10,5,7,2,0,2,2026-06-16T09:55:19.703710
10,5,8,2,0,2,2026-06-16T09:55:20.600459
10,5,9,2,0,2,2026-06-16T09:55:27.807079
10,5,10,2,0,2,2026-06-16T09:55:29.417516
10,6,1,5,0,5,2026-06-16T09:55:30.821186
10,6,2,5,0,5,2026-06-16T09:55:32.031555
10,6,3,5,0,5,2026-06-16T09:55:34.936672
10,6,4,5,0,5,2026-06-16T09:55:36.129122
10,6,5,5,0,5,2026-06-16T09:55:37.749117
10,6,6,5,0,5,2026-06-16T09:55:38.829504
10,6,7,5,0,5,2026-06-16T09:55:40.031363
10,6,8,5,0,5,2026-06-16T09:55:40.852880
10,6,9,5,0,5,2026-06-16T09:55:42.069925
10,6,10,5,0,5,2026-06-16T09:55:43.070324
10,7,1,5,0,5,2026-06-16T09:55:44.482228
10,7,2,5,0,5,2026-06-16T09:55:45.892767
10,7,3,5,0,5,2026-06-16T09:55:47.113460
10,7,4,5,0,5,2026-06-16T09:55:48.121424
10,7,5,5,0,5,2026-06-16T09:55:49.747455
10,7,6,5,0,5,2026-06-16T09:55:51.360446
10,7,7,5,0,5,2026-06-16T09:55:52.154373
10,7,8,5,0,5,2026-06-16T09:55:53.352490
10,7,9,5,0,5,2026-06-16T09:55:54.953329
10,7,10,5,0,5,2026-06-16T09:56:01.519068
10,8,1,3,0,3,2026-06-16T09:56:08.752449
10,8,2,3,0,3,2026-06-16T09:56:10.470695
10,8,3,3,0,3,2026-06-16T09:56:11.295959
10,8,4,3,0,3,2026-06-16T09:56:12.492322
10,8,5,3,0,3,2026-06-16T09:56:14.089132
10,8,6,3,0,3,2026-06-16T09:56:16.707961
10,8,7,3,0,3,2026-06-16T09:56:17.715960
10,8,8,3,0,3,2026-06-16T09:56:19.522048
10,8,9,3,0,3,2026-06-16T09:56:21.113629
10,8,10,3,0,3,2026-06-16T09:56:22.759007
10,9,1,2,0,2,2026-06-16T09:56:24.172702
10,9,2,2,0,2,2026-06-16T09:56:25.200492
10,9,3,2,0,2,2026-06-16T09:56:27.009110
10,9,4,2,0,2,2026-06-16T09:56:33.520918
10,9,5,2,0,2,2026-06-16T09:56:34.731169
10,9,6,2,0,2,2026-06-16T09:56:36.334096
10,9,7,2,0,2,2026-06-16T09:56:37.927105
10,9,8,2,0,2,2026-06-16T09:56:45.061516
10,9,9,2,0,2,2026-06-16T09:56:46.460609
10,9,10,2,0,2,2026-06-16T09:56:47.657776
10,10,1,2,0,2,2026-06-16T09:56:48.659353
10,10,2,2,0,2,2026-06-16T09:56:49.688836
10,10,3,2,0,2,2026-06-16T09:56:51.290322
10,10,4,2,0,2,2026-06-16T09:56:52.697569
10,10,5,2,0,2,2026-06-16T09:56:53.786571
10,10,6,2,0,2,2026-06-16T09:56:55.014326
10,10,7,2,0,2,2026-06-16T09:56:56.012217
10,10,8,2,0,2,2026-06-16T09:57:02.550040
10,10,9,2,0,2,2026-06-16T09:57:05.460208
10,10,10,2,0,2,2026-06-16T09:57:07.266630
10,11,1,5,0,5,2026-06-16T09:57:08.479396
10,11,2,5,0,5,2026-06-16T09:57:11.152720
10,11,3,5,0,5,2026-06-16T09:57:12.553369
10,11,4,5,0,5,2026-06-16T09:57:13.958276
10,11,5,5,0,5,2026-06-16T09:57:15.141431
10,11,6,5,0,5,2026-06-16T09:57:21.695685
10,11,7,5,0,5,2026-06-16T09:57:22.920136
10,11,8,5,0,5,2026-06-16T09:57:24.143651
10,11,9,5,0,5,2026-06-16T09:57:25.631084
10,11,10,5,0,5,2026-06-16T09:57:26.432629
10,12,1,5,0,5,2026-06-16T09:57:29.567354
10,12,2,5,0,5,2026-06-16T09:57:30.573410
10,12,3,5,0,5,2026-06-16T09:57:32.186953
10,12,4,5,0,5,2026-06-16T09:57:33.823816
10,12,5,5,0,5,2026-06-16T09:57:35.092133
10,12,6,5,0,5,2026-06-16T09:57:37.502383
10,12,7,5,0,5,2026-06-16T09:57:38.696293
10,12,8,5,0,5,2026-06-16T09:57:40.092855
10,12,9,5,0,5,2026-06-16T09:57:40.884809
10,12,10,5,0,5,2026-06-16T09:57:47.405898
10,13,1,3,0,3,2026-06-16T09:57:48.213460
10,13,2,3,0,3,2026-06-16T09:57:49.007320
10,13,3,3,0,3,2026-06-16T09:57:49.817262
10,13,4,3,0,3,2026-06-16T09:57:50.802225
10,13,5,3,0,3,2026-06-16T09:57:51.819880
10,13,6,3,0,3,2026-06-16T09:57:58.503263
10,13,7,3,0,3,2026-06-16T09:58:00.515392
10,13,8,3,0,3,2026-06-16T09:58:02.129335
10,13,9,3,0,3,2026-06-16T09:58:03.330495
10,13,10,3,0,3,2026-06-16T09:58:10.492182
10,14,1,3,0,3,2026-06-16T09:58:11.502765
10,14,2,3,0,3,2026-06-16T09:58:12.696165
10,14,3,3,0,3,2026-06-16T09:58:13.691222
10,14,4,3,0,3,2026-06-16T09:58:14.501741
10,14,5,3,0,3,2026-06-16T09:58:15.478165
10,14,6,3,0,3,2026-06-16T09:58:21.992431
10,14,7,3,0,3,2026-06-16T09:58:29.159132
10,14,8,3,0,3,2026-06-16T09:58:30.958557
10,14,9,3,0,3,2026-06-16T09:58:31.977289
10,14,10,3,0,3,2026-06-16T09:58:33.614013
10,15,1,0,0,0,2026-06-16T09:58:35.025226
10,15,2,0,0,0,2026-06-16T09:58:36.637973
10,15,3,0,0,0,2026-06-16T09:58:38.041777
10,15,4,0,0,0,2026-06-16T09:58:39.657514
10,15,5,0,0,0,2026-06-16T09:58:41.059378
10,15,6,0,0,0,2026-06-16T09:58:47.620706
10,15,7,0,0,0,2026-06-16T09:58:49.011464
10,15,8,0,0,0,2026-06-16T09:58:50.405537
10,15,9,0,0,0,2026-06-16T09:58:52.212858
10,15,10,0,0,0,2026-06-16T09:58:59.390157
10,16,1,5,0,5,2026-06-16T09:59:00.984994
10,16,2,5,0,5,2026-06-16T09:59:02.189699
10,16,3,5,0,5,2026-06-16T09:59:03.797716
10,16,4,5,0,5,2026-06-16T09:59:11.633466
10,16,5,5,0,5,2026-06-16T09:59:12.445369
10,16,6,5,0,5,2026-06-16T09:59:13.460375
10,16,7,5,0,5,2026-06-16T09:59:14.260637
10,16,8,5,0,5,2026-06-16T09:59:15.475888
10,16,9,5,0,5,2026-06-16T09:59:22.679147
10,16,10,5,0,5,2026-06-16T09:59:24.487221
10,17,1,5,0,5,2026-06-16T09:59:26.104549
10,17,2,5,0,5,2026-06-16T09:59:27.296730
10,17,3,5,0,5,2026-06-16T09:59:28.504429
10,17,4,5,0,5,2026-06-16T09:59:35.026809
10,17,5,5,0,5,2026-06-16T09:59:41.597305
10,17,6,5,0,5,2026-06-16T09:59:44.239642
10,17,7,5,0,5,2026-06-16T09:59:45.447500
10,17,8,5,0,5,2026-06-16T09:59:46.247280
10,17,9,5,0,5,2026-06-16T09:59:47.865381
10,17,10,5,0,5,2026-06-16T09:59:54.431880
10,18,1,4,0,4,2026-06-16T10:00:00.993739
10,18,2,4,0,4,2026-06-16T10:00:02.804396
10,18,3,4,0,4,2026-06-16T10:00:03.807646
10,18,4,4,0,4,2026-06-16T10:00:05.404601
10,18,5,4,0,4,2026-06-16T10:00:06.216182
10,18,6,4,0,4,2026-06-16T10:00:12.776143
10,18,7,4,0,4,2026-06-16T10:00:13.673998
10,18,8,4,0,4,2026-06-16T10:00:14.683365
10,18,9,4,0,4,2026-06-16T10:00:16.522658
10,18,10,4,0,4,2026-06-16T10:00:17.729959
10,19,1,2,0,2,2026-06-16T10:00:24.262700
10,19,2,2,0,2,2026-06-16T10:00:25.061236
10,19,3,2,0,2,2026-06-16T10:00:26.054154
10,19,4,2,0,2,2026-06-16T10:00:26.853103
10,19,5,2,0,2,2026-06-16T10:00:28.244906
10,19,6,2,0,2,2026-06-16T10:00:34.782217
10,19,7,2,0,2,2026-06-16T10:00:36.400333
10,19,8,2,0,2,2026-06-16T10:00:38.045164
10,19,9,2,0,2,2026-06-16T10:00:39.258096
10,19,10,2,0,2,2026-06-16T10:00:45.813619
10,20,1,3,0,3,2026-06-16T10:00:47.007376
10,20,2,3,0,3,2026-06-16T10:00:47.875322
10,20,3,3,0,3,2026-06-16T10:00:48.896950
10,20,4,3,0,3,2026-06-16T10:00:49.888925
10,20,5,3,0,3,2026-06-16T10:00:51.536964
10,20,6,3,0,3,2026-06-16T10:00:58.064374
10,20,7,3,0,3,2026-06-16T10:00:59.057753
10,20,8,3,0,3,2026-06-16T10:01:00.657824
10,20,9,3,0,3,2026-06-16T10:01:02.096600
10,20,10,3,0,3,2026-06-16T10:01:03.495339
10,21,1,5,0,5,2026-06-16T10:01:04.278218
10,21,2,5,0,5,2026-06-16T10:01:05.874610
10,21,3,5,0,5,2026-06-16T10:01:07.461736
10,21,4,5,0,5,2026-06-16T10:01:08.256735
10,21,5,5,0,5,2026-06-16T10:01:09.257281
10,21,6,5,0,5,2026-06-16T10:01:15.801170
10,21,7,5,0,5,2026-06-16T10:01:17.603075
10,21,8,5,0,5,2026-06-16T10:01:19.066296
10,21,9,5,0,5,2026-06-16T10:01:19.862351
10,21,10,5,0,5,2026-06-16T10:01:21.472884
10,22,1,4,0,4,2026-06-16T10:01:23.068730
10,22,2,4,0,4,2026-06-16T10:01:24.264359
10,22,3,4,0,4,2026-06-16T10:01:25.867687
10,22,4,4,0,4,2026-06-16T10:01:27.052958
10,22,5,4,0,4,2026-06-16T10:01:33.635699
10,22,6,4,0,4,2026-06-16T10:01:34.639564
10,22,7,4,0,4,2026-06-16T10:01:36.516699
10,22,8,4,0,4,2026-06-16T10:01:37.940902
10,22,9,4,0,4,2026-06-16T10:01:39.768973
10,22,10,4,0,4,2026-06-16T10:01:41.372449
10,23,1,4,0,4,2026-06-16T10:01:42.187076
10,23,2,4,0,4,2026-06-16T10:01:43.589525
10,23,3,4,0,4,2026-06-16T10:01:50.827680
10,23,4,4,0,4,2026-06-16T10:01:52.226044
10,23,5,4,0,4,2026-06-16T10:01:53.423235
10,23,6,4,0,4,2026-06-16T10:01:55.022726
10,23,7,4,0,4,2026-06-16T10:01:56.689609
10,23,8,4,0,4,2026-06-16T10:01:59.091652
10,23,9,4,0,4,2026-06-16T10:02:00.990206
10,23,10,4,0,4,2026-06-16T10:02:02.422262
10,24,1,1,0,1,2026-06-16T10:02:04.635193
10,24,2,0,0,0,2026-06-16T10:02:05.868111
10,24,3,1,0,1,2026-06-16T10:02:07.055258
10,24,4,1,0,1,2026-06-16T10:02:08.456510
10,24,5,0,0,0,2026-06-16T10:02:09.898809
10,24,6,0,0,0,2026-06-16T10:02:11.307177
10,24,7,0,0,0,2026-06-16T10:02:12.698245
10,24,8,1,0,1,2026-06-16T10:02:13.890695
10,24,9,1,0,1,2026-06-16T10:02:20.548888
10,24,10,0,0,0,2026-06-16T10:02:21.946767
10,25,1,0,0,0,2026-06-16T10:02:22.754802
10,25,2,0,0,0,2026-06-16T10:02:23.824878
10,25,3,0,0,0,2026-06-16T10:02:24.824332
10,25,4,0,0,0,2026-06-16T10:02:32.016729
10,25,5,0,0,0,2026-06-16T10:02:32.812002
10,25,6,0,0,0,2026-06-16T10:02:34.238594
10,25,7,0,0,0,2026-06-16T10:02:35.655624
10,25,8,0,0,0,2026-06-16T10:02:37.074069
10,25,9,0,0,0,2026-06-16T10:02:43.663185
10,25,10,0,0,0,2026-06-16T10:02:44.859307
10,26,1,3,0,3,2026-06-16T10:02:46.478478
10,26,2,3,0,3,2026-06-16T10:02:48.077024
10,26,3,3,0,3,2026-06-16T10:02:54.593214
10,26,4,3,0,3,2026-06-16T10:02:55.604314
10,26,5,3,0,3,2026-06-16T10:02:56.400118
10,26,6,3,0,3,2026-06-16T10:02:57.407522
10,26,7,3,0,3,2026-06-16T10:02:58.608061
10,26,8,3,0,3,2026-06-16T10:02:59.399418
10,26,9,3,0,3,2026-06-16T10:03:05.900367
10,26,10,3,0,3,2026-06-16T10:03:07.727332
10,27,1,3,0,3,2026-06-16T10:03:08.718235
10,27,2,3,0,3,2026-06-16T10:03:09.909053
10,27,3,3,0,3,2026-06-16T10:03:11.339831
10,27,4,3,0,3,2026-06-16T10:03:13.143221
10,27,5,3,0,3,2026-06-16T10:03:14.339327
10,27,6,3,0,3,2026-06-16T10:03:15.334265
10,27,7,3,0,3,2026-06-16T10:03:16.732928
10,27,8,3,0,3,2026-06-16T10:03:17.728464
10,27,9,3,0,3,2026-06-16T10:03:19.320349
10,27,10,3,0,3,2026-06-16T10:03:20.726618
10,28,1,2,0,2,2026-06-16T10:03:22.346019
10,28,2,2,0,2,2026-06-16T10:03:23.143732
10,28,3,2,0,2,2026-06-16T10:03:25.770484
10,28,4,2,0,2,2026-06-16T10:03:26.990076
10,28,5,2,0,2,2026-06-16T10:03:28.201537
10,28,6,2,0,2,2026-06-16T10:03:35.457674
10,28,7,2,0,2,2026-06-16T10:03:36.257293
10,28,8,2,0,2,2026-06-16T10:03:37.260729
10,28,9,2,0,2,2026-06-16T10:03:38.883971
10,28,10,2,0,2,2026-06-16T10:03:40.112039
10,29,1,2,0,2,2026-06-16T10:03:46.630270
10,29,2,2,0,2,2026-06-16T10:03:48.032718
10,29,3,2,0,2,2026-06-16T10:03:49.609186
10,29,4,2,0,2,2026-06-16T10:03:50.411006
10,29,5,2,0,2,2026-06-16T10:03:51.215247
10,29,6,2,0,2,2026-06-16T10:03:57.710403
10,29,7,2,0,2,2026-06-16T10:03:58.934630
10,29,8,2,0,2,2026-06-16T10:03:59.966876
10,29,9,2,0,2,2026-06-16T10:04:00.799442
10,29,10,2,0,2,2026-06-16T10:04:01.595231
10,30,1,2,0,2,2026-06-16T10:04:03.211961
10,30,2,2,0,2,2026-06-16T10:04:10.338705
10,30,3,2,0,2,2026-06-16T10:04:11.754686
10,30,4,2,0,2,2026-06-16T10:04:12.964849
10,30,5,2,0,2,2026-06-16T10:04:13.783215
10,30,6,2,0,2,2026-06-16T10:04:15.598893
10,30,7,2,0,2,2026-06-16T10:04:18.204895
10,30,8,2,0,2,2026-06-16T10:04:19.609630
10,30,9,2,0,2,2026-06-16T10:04:20.806720
10,30,10,2,0,2,2026-06-16T10:04:22.204924
11,1,1,5,0,5,2026-06-16T10:04:23.430465
11,1,2,5,0,5,2026-06-16T10:04:24.332249
11,1,3,5,0,5,2026-06-16T10:04:25.941721
11,1,4,5,0,5,2026-06-16T10:04:27.571170
11,1,5,5,0,5,2026-06-16T10:04:34.103728
11,1,6,5,0,5,2026-06-16T10:04:40.649551
11,1,7,5,0,5,2026-06-16T10:04:42.652144
11,1,8,5,0,5,2026-06-16T10:04:43.466120
11,1,9,5,0,5,2026-06-16T10:04:44.665707
11,1,10,5,0,5,2026-06-16T10:04:45.665129
11,2,1,5,0,5,2026-06-16T10:04:48.287046
11,2,2,5,0,5,2026-06-16T10:04:49.279337
11,2,3,5,0,5,2026-06-16T10:04:50.976061
11,2,4,5,0,5,2026-06-16T10:04:52.581869
11,2,5,5,0,5,2026-06-16T10:04:53.994200
11,2,6,5,0,5,2026-06-16T10:04:55.391155
11,2,7,5,0,5,2026-06-16T10:04:56.786735
11,2,8,5,0,5,2026-06-16T10:05:03.306608
11,2,9,5,0,5,2026-06-16T10:05:05.515971
11,2,10,5,0,5,2026-06-16T10:05:06.723198
11,3,1,2,0,2,2026-06-16T10:05:08.120394
11,3,2,2,0,2,2026-06-16T10:05:15.260865
11,3,3,2,0,2,2026-06-16T10:05:17.882680
11,3,4,2,0,2,2026-06-16T10:05:18.897591
11,3,5,2,0,2,2026-06-16T10:05:19.696490
11,3,6,2,0,2,2026-06-16T10:05:21.493676
11,3,7,2,0,2,2026-06-16T10:05:28.006973
11,3,8,2,0,2,2026-06-16T10:05:29.429541
11,3,9,2,0,2,2026-06-16T10:05:30.631676
11,3,10,2,0,2,2026-06-16T10:05:31.433765
11,4,1,2,0,2,2026-06-16T10:05:32.626721
11,4,2,2,0,2,2026-06-16T10:05:34.020396
11,4,3,2,0,2,2026-06-16T10:05:35.610933
11,4,4,2,0,2,2026-06-16T10:05:36.849236
11,4,5,2,0,2,2026-06-16T10:05:38.057932
11,4,6,2,0,2,2026-06-16T10:05:39.479307
11,4,7,2,0,2,2026-06-16T10:05:41.083979
11,4,8,2,0,2,2026-06-16T10:05:41.887279
11,4,9,2,0,2,2026-06-16T10:05:43.098977
11,4,10,2,0,2,2026-06-16T10:05:44.494206
11,5,1,1,0,1,2026-06-16T10:05:45.497865
11,5,2,1,0,1,2026-06-16T10:05:52.613983
11,5,3,1,0,1,2026-06-16T10:05:54.008017
11,5,4,1,0,1,2026-06-16T10:05:54.815686
11,5,5,1,0,1,2026-06-16T10:05:56.030573
11,5,6,1,0,1,2026-06-16T10:05:57.832853
11,5,7,1,0,1,2026-06-16T10:06:00.247513
11,5,8,1,0,1,2026-06-16T10:06:01.642412
11,5,9,1,0,1,2026-06-16T10:06:03.036324
11,5,10,1,0,1,2026-06-16T10:06:04.235171
11,6,1,5,0,5,2026-06-16T10:06:05.522424
11,6,2,5,0,5,2026-06-16T10:06:06.931431
11,6,3,5,0,5,2026-06-16T10:06:07.935078
11,6,4,5,0,5,2026-06-16T10:06:15.099697
11,6,5,5,0,5,2026-06-16T10:06:15.895927
11,6,6,5,0,5,2026-06-16T10:06:17.097314
11,6,7,5,0,5,2026-06-16T10:06:18.705878
11,6,8,5,0,5,2026-06-16T10:06:19.903694
11,6,9,5,0,5,2026-06-16T10:06:26.418563
11,6,10,5,0,5,2026-06-16T10:06:28.216953
11,7,1,5,0,5,2026-06-16T10:06:29.419282
11,7,2,5,0,5,2026-06-16T10:06:30.630998
11,7,3,5,0,5,2026-06-16T10:06:31.412081
11,7,4,5,0,5,2026-06-16T10:06:32.420101
11,7,5,5,0,5,2026-06-16T10:06:33.393644
11,7,6,5,0,5,2026-06-16T10:06:35.421621
11,7,7,5,0,5,2026-06-16T10:06:36.829179
11,7,8,5,0,5,2026-06-16T10:06:37.830505
11,7,9,5,0,5,2026-06-16T10:06:39.231280
11,7,10,5,0,5,2026-06-16T10:06:40.829670
11,8,1,3,0,3,2026-06-16T10:06:42.230521
11,8,2,3,0,3,2026-06-16T10:06:44.012207
11,8,3,3,0,3,2026-06-16T10:06:45.826271
11,8,4,3,0,3,2026-06-16T10:06:47.228136
11,8,5,3,0,3,2026-06-16T10:06:48.224699
11,8,6,3,0,3,2026-06-16T10:06:50.042952
11,8,7,3,0,3,2026-06-16T10:06:51.627664
11,8,8,3,0,3,2026-06-16T10:06:53.229736
11,8,9,3,0,3,2026-06-16T10:06:54.836232
11,8,10,3,0,3,2026-06-16T10:07:02.047505
11,9,1,2,0,2,2026-06-16T10:07:03.443268
11,9,2,2,0,2,2026-06-16T10:07:04.647699
11,9,3,2,0,2,2026-06-16T10:07:05.450819
11,9,4,2,0,2,2026-06-16T10:07:06.460771
11,9,5,2,0,2,2026-06-16T10:07:08.257358
11,9,6,2,0,2,2026-06-16T10:07:14.795302
11,9,7,2,0,2,2026-06-16T10:07:15.989285
11,9,8,2,0,2,2026-06-16T10:07:16.998995
11,9,9,2,0,2,2026-06-16T10:07:18.424180
11,9,10,2,0,2,2026-06-16T10:07:19.849787
11,10,1,2,0,2,2026-06-16T10:07:26.399917
11,10,2,2,0,2,2026-06-16T10:07:27.608817
11,10,3,2,0,2,2026-06-16T10:07:28.629541
11,10,4,2,0,2,2026-06-16T10:07:29.829764
11,10,5,2,0,2,2026-06-16T10:07:31.036265
11,10,6,2,0,2,2026-06-16T10:07:38.183213
11,10,7,2,0,2,2026-06-16T10:07:39.844109
11,10,8,2,0,2,2026-06-16T10:07:41.036879
11,10,9,2,0,2,2026-06-16T10:07:41.854522
11,10,10,2,0,2,2026-06-16T10:07:43.054357
11,11,1,5,0,5,2026-06-16T10:07:44.052626
11,11,2,5,0,5,2026-06-16T10:07:45.256861
11,11,3,5,0,5,2026-06-16T10:07:46.263292
11,11,4,5,0,5,2026-06-16T10:07:47.056590
11,11,5,5,0,5,2026-06-16T10:07:47.858469
11,11,6,5,0,5,2026-06-16T10:07:55.079106
11,11,7,5,0,5,2026-06-16T10:07:56.330389
11,11,8,5,0,5,2026-06-16T10:07:57.707859
11,11,9,5,0,5,2026-06-16T10:07:58.990846
11,11,10,5,0,5,2026-06-16T10:08:05.521361
11,12,1,5,0,5,2026-06-16T10:08:06.527408
11,12,2,5,0,5,2026-06-16T10:08:07.921165
11,12,3,5,0,5,2026-06-16T10:08:09.738427
11,12,4,5,0,5,2026-06-16T10:08:10.749763
11,12,5,5,0,5,2026-06-16T10:08:11.740119
11,12,6,5,0,5,2026-06-16T10:08:13.543625
11,12,7,5,0,5,2026-06-16T10:08:14.357416
11,12,8,5,0,5,2026-06-16T10:08:15.991399
11,12,9,5,0,5,2026-06-16T10:08:17.630394
11,12,10,5,0,5,2026-06-16T10:08:19.025728
11,13,1,2,0,2,2026-06-16T10:08:20.290641
11,13,2,2,0,2,2026-06-16T10:08:22.103223
11,13,3,2,0,2,2026-06-16T10:08:29.273127
11,13,4,2,0,2,2026-06-16T10:08:30.270857
11,13,5,2,0,2,2026-06-16T10:08:31.884109
11,13,6,2,0,2,2026-06-16T10:08:32.891679
11,13,7,2,0,2,2026-06-16T10:08:34.093810
11,13,8,2,0,2,2026-06-16T10:08:36.984548
11,13,9,2,0,2,2026-06-16T10:08:38.585575
11,13,10,2,0,2,2026-06-16T10:08:39.585574
11,14,1,3,0,3,2026-06-16T10:08:46.833984
11,14,2,3,0,3,2026-06-16T10:08:48.043210
11,14,3,3,0,3,2026-06-16T10:08:49.241589
11,14,4,3,0,3,2026-06-16T10:08:50.855069
11,14,5,3,0,3,2026-06-16T10:08:52.065847
11,14,6,3,0,3,2026-06-16T10:08:59.282304
11,14,7,3,0,3,2026-06-16T10:09:00.897805
11,14,8,3,0,3,2026-06-16T10:09:02.126994
11,14,9,3,0,3,2026-06-16T10:09:03.333820
11,14,10,3,0,3,2026-06-16T10:09:04.327551
11,15,1,0,0,0,2026-06-16T10:09:11.527712
11,15,2,0,0,0,2026-06-16T10:09:14.160454
11,15,3,0,0,0,2026-06-16T10:09:15.377131
11,15,4,0,0,0,2026-06-16T10:09:16.968333
11,15,5,0,0,0,2026-06-16T10:09:19.888756
11,15,6,0,0,0,2026-06-16T10:09:21.293142
11,15,7,0,0,0,2026-06-16T10:09:22.492482
11,15,8,0,0,0,2026-06-16T10:09:23.705285
11,15,9,0,0,0,2026-06-16T10:09:26.389905
11,15,10,0,0,0,2026-06-16T10:09:32.995610
11,16,1,5,0,5,2026-06-16T10:09:34.194584
11,16,2,5,0,5,2026-06-16T10:09:35.418823
11,16,3,5,0,5,2026-06-16T10:09:36.422216
11,16,4,5,0,5,2026-06-16T10:09:38.118045
11,16,5,5,0,5,2026-06-16T10:09:44.635284
11,16,6,5,0,5,2026-06-16T10:09:46.042472
11,16,7,5,0,5,2026-06-16T10:09:47.647505
11,16,8,5,0,5,2026-06-16T10:09:48.454713
11,16,9,5,0,5,2026-06-16T10:09:50.263833
11,16,10,5,0,5,2026-06-16T10:09:51.466830
11,17,1,5,0,5,2026-06-16T10:09:52.468375
11,17,2,5,0,5,2026-06-16T10:09:53.863260
11,17,3,5,0,5,2026-06-16T10:09:55.321452
11,17,4,5,0,5,2026-06-16T10:09:56.313134
11,17,5,5,0,5,2026-06-16T10:10:03.495488
11,17,6,5,0,5,2026-06-16T10:10:05.099418
11,17,7,5,0,5,2026-06-16T10:10:06.094964
11,17,8,5,0,5,2026-06-16T10:10:07.309651
11,17,9,5,0,5,2026-06-16T10:10:08.313423
11,17,10,5,0,5,2026-06-16T10:10:15.518746
11,18,1,3,0,3,2026-06-16T10:10:17.134427
11,18,2,3,0,3,2026-06-16T10:10:18.734460
11,18,3,3,0,3,2026-06-16T10:10:20.518882
11,18,4,3,0,3,2026-06-16T10:10:21.741679
11,18,5,3,0,3,2026-06-16T10:10:23.138921
11,18,6,3,0,3,2026-06-16T10:10:24.339932
11,18,7,3,0,3,2026-06-16T10:10:25.562825
11,18,8,3,0,3,2026-06-16T10:10:27.370953
11,18,9,3,0,3,2026-06-16T10:10:34.530409
11,18,10,3,0,3,2026-06-16T10:10:35.929951
11,19,1,3,0,3,2026-06-16T10:10:36.928670
11,19,2,3,0,3,2026-06-16T10:10:38.132650
11,19,3,3,0,3,2026-06-16T10:10:39.942582
11,19,4,3,0,3,2026-06-16T10:10:42.353080
11,19,5,3,0,3,2026-06-16T10:10:43.765007
11,19,6,3,0,3,2026-06-16T10:10:44.969792
11,19,7,3,0,3,2026-06-16T10:10:45.782407
11,19,8,3,0,3,2026-06-16T10:10:52.323866
11,19,9,3,0,3,2026-06-16T10:10:54.165453
11,19,10,3,0,3,2026-06-16T10:10:55.559934
11,20,1,2,0,2,2026-06-16T10:10:56.961981
11,20,2,2,0,2,2026-06-16T10:11:04.108420
11,20,3,2,0,2,2026-06-16T10:11:05.424640
11,20,4,2,0,2,2026-06-16T10:11:06.455671
11,20,5,2,0,2,2026-06-16T10:11:08.058531
11,20,6,2,0,2,2026-06-16T10:11:09.467561
11,20,7,2,0,2,2026-06-16T10:11:12.335543
11,20,8,2,0,2,2026-06-16T10:11:13.138847
11,20,9,2,0,2,2026-06-16T10:11:14.550332
11,20,10,2,0,2,2026-06-16T10:11:16.341246
11,21,1,5,0,5,2026-06-16T10:11:17.740566
11,21,2,5,0,5,2026-06-16T10:11:19.539685
11,21,3,5,0,5,2026-06-16T10:11:20.946127
11,21,4,5,0,5,2026-06-16T10:11:22.151328
11,21,5,5,0,5,2026-06-16T10:11:23.353363
11,21,6,5,0,5,2026-06-16T10:11:24.558512
11,21,7,5,0,5,2026-06-16T10:11:25.527279
11,21,8,5,0,5,2026-06-16T10:11:26.924555
11,21,9,5,0,5,2026-06-16T10:11:27.911400
11,21,10,5,0,5,2026-06-16T10:11:29.118468
11,22,1,3,0,3,2026-06-16T10:11:30.519944
11,22,2,3,0,3,2026-06-16T10:11:32.533273
11,22,3,3,0,3,2026-06-16T10:11:33.347134
11,22,4,3,0,3,2026-06-16T10:11:34.750260
11,22,5,3,0,3,2026-06-16T10:11:35.749435
11,22,6,3,0,3,2026-06-16T10:11:36.754600
11,22,7,3,0,3,2026-06-16T10:11:38.362687
11,22,8,3,0,3,2026-06-16T10:11:40.993976
11,22,9,3,0,3,2026-06-16T10:11:42.636486
11,22,10,3,0,3,2026-06-16T10:11:43.968338
11,23,1,3,0,3,2026-06-16T10:11:51.193652
11,23,2,3,0,3,2026-06-16T10:11:53.418967
11,23,3,3,0,3,2026-06-16T10:11:55.227508
11,23,4,3,0,3,2026-06-16T10:11:56.429035
11,23,5,3,0,3,2026-06-16T10:12:03.616643
11,23,6,3,0,3,2026-06-16T10:12:05.203155
11,23,7,3,0,3,2026-06-16T10:12:06.010794
11,23,8,3,0,3,2026-06-16T10:12:07.421801
11,23,9,3,0,3,2026-06-16T10:12:08.223166
11,23,10,3,0,3,2026-06-16T10:12:15.400938
11,24,1,0,0,0,2026-06-16T10:12:17.397064
11,24,2,0,0,0,2026-06-16T10:12:18.173853
11,24,3,0,0,0,2026-06-16T10:12:19.161556
11,24,4,0,0,0,2026-06-16T10:12:20.354880
11,24,5,0,0,0,2026-06-16T10:12:27.574850
11,24,6,0,0,0,2026-06-16T10:12:29.165181
11,24,7,0,0,0,2026-06-16T10:12:30.160914
11,24,8,0,0,0,2026-06-16T10:12:31.566056
11,24,9,0,0,0,2026-06-16T10:12:38.769868
11,24,10,0,0,0,2026-06-16T10:12:40.184825
11,25,1,0,0,0,2026-06-16T10:12:41.588706
11,25,2,0,0,0,2026-06-16T10:12:42.999207
11,25,3,0,0,0,2026-06-16T10:12:44.396896
11,25,4,0,0,0,2026-06-16T10:12:50.834857
11,25,5,0,0,0,2026-06-16T10:12:53.073271
11,25,6,0,0,0,2026-06-16T10:12:54.095676
11,25,7,0,0,0,2026-06-16T10:12:55.220878
11,25,8,0,0,0,2026-06-16T10:12:56.446475
11,25,9,0,0,0,2026-06-16T10:12:58.252493
11,25,10,0,0,0,2026-06-16T10:12:59.651812
11,26,1,2,0,2,2026-06-16T10:13:01.047421
11,26,2,3,0,3,2026-06-16T10:13:02.043199
11,26,3,2,0,2,2026-06-16T10:13:03.445930
11,26,4,2,0,2,2026-06-16T10:13:05.042942
11,26,5,3,0,3,2026-06-16T10:13:06.059342
11,26,6,2,0,2,2026-06-16T10:13:07.464360
11,26,7,2,0,2,2026-06-16T10:13:08.275437
11,26,8,3,0,3,2026-06-16T10:13:10.946536
11,26,9,3,0,3,2026-06-16T10:13:12.346332
11,26,10,2,0,2,2026-06-16T10:13:13.531423
11,27,1,4,0,4,2026-06-16T10:13:20.749736
11,27,2,3,0,3,2026-06-16T10:13:22.158769
11,27,3,3,0,3,2026-06-16T10:13:23.572768
11,27,4,4,0,4,2026-06-16T10:13:24.627546
11,27,5,3,0,3,2026-06-16T10:13:32.542468
11,27,6,4,0,4,2026-06-16T10:13:34.154484
11,27,7,3,0,3,2026-06-16T10:13:34.954909
11,27,8,4,0,4,2026-06-16T10:13:35.959744
11,27,9,4,0,4,2026-06-16T10:13:36.969424
11,27,10,4,0,4,2026-06-16T10:13:38.554568
11,28,1,2,0,2,2026-06-16T10:13:39.756793
11,28,2,2,0,2,2026-06-16T10:13:41.168785
11,28,3,2,0,2,2026-06-16T10:13:42.135672
11,28,4,2,0,2,2026-06-16T10:13:43.538149
11,28,5,2,0,2,2026-06-16T10:13:45.942133
11,28,6,2,0,2,2026-06-16T10:13:47.430642
11,28,7,2,0,2,2026-06-16T10:13:49.230086
11,28,8,2,0,2,2026-06-16T10:13:56.444644
11,28,9,2,0,2,2026-06-16T10:13:58.059088
11,28,10,2,0,2,2026-06-16T10:13:59.261002
11,29,1,2,0,2,2026-06-16T10:14:00.462654
11,29,2,2,0,2,2026-06-16T10:14:02.256654
11,29,3,2,0,2,2026-06-16T10:14:04.289102
11,29,4,2,0,2,2026-06-16T10:14:05.487499
11,29,5,2,0,2,2026-06-16T10:14:06.725883
11,29,6,2,0,2,2026-06-16T10:14:13.226966
11,29,7,2,0,2,2026-06-16T10:14:14.035488
11,29,8,2,0,2,2026-06-16T10:14:15.036825
11,29,9,2,0,2,2026-06-16T10:14:16.240419
11,29,10,2,0,2,2026-06-16T10:14:18.083342
11,30,1,2,0,2,2026-06-16T10:14:24.688838
11,30,2,2,0,2,2026-06-16T10:14:26.492667
11,30,3,2,0,2,2026-06-16T10:14:28.322807
11,30,4,2,0,2,2026-06-16T10:14:29.324954
11,30,5,2,0,2,2026-06-16T10:14:30.576710
11,30,6,2,0,2,2026-06-16T10:14:37.755604
11,30,7,2,0,2,2026-06-16T10:14:39.952572
11,30,8,2,0,2,2026-06-16T10:14:41.840092
11,30,9,2,0,2,2026-06-16T10:14:49.024961
11,30,10,2,0,2,2026-06-16T10:14:51.038409
12,1,1,5,0,5,2026-06-16T10:14:52.627545
12,1,2,5,0,5,2026-06-16T10:14:53.828801
12,1,3,5,0,5,2026-06-16T10:15:00.409519
12,1,4,5,0,5,2026-06-16T10:15:01.611738
12,1,5,5,0,5,2026-06-16T10:15:03.211578
12,1,6,5,0,5,2026-06-16T10:15:04.816013
12,1,7,5,0,5,2026-06-16T10:15:05.819818
12,1,8,5,0,5,2026-06-16T10:15:12.376131
12,1,9,5,0,5,2026-06-16T10:15:13.583307
12,1,10,5,0,5,2026-06-16T10:15:14.597567
12,2,1,5,0,5,2026-06-16T10:15:15.996628
12,2,2,5,0,5,2026-06-16T10:15:17.833438
12,2,3,5,0,5,2026-06-16T10:15:20.307355
12,2,4,5,0,5,2026-06-16T10:15:21.304041
12,2,5,5,0,5,2026-06-16T10:15:22.704088
12,2,6,5,0,5,2026-06-16T10:15:23.701380
12,2,7,5,0,5,2026-06-16T10:15:26.342340
12,2,8,5,0,5,2026-06-16T10:15:27.820115
12,2,9,5,0,5,2026-06-16T10:15:29.631008
12,2,10,5,0,5,2026-06-16T10:15:32.261872
12,3,1,2,0,2,2026-06-16T10:15:33.856157
12,3,2,2,0,2,2026-06-16T10:15:35.465866
12,3,3,2,0,2,2026-06-16T10:15:36.467787
12,3,4,2,0,2,2026-06-16T10:15:38.063501
12,3,5,2,0,2,2026-06-16T10:15:39.470202
12,3,6,2,0,2,2026-06-16T10:15:40.482501
12,3,7,2,0,2,2026-06-16T10:15:41.497849
12,3,8,2,0,2,2026-06-16T10:15:42.489821
12,3,9,2,0,2,2026-06-16T10:15:44.099957
12,3,10,2,0,2,2026-06-16T10:15:45.739864
12,4,1,2,0,2,2026-06-16T10:15:46.734808
12,4,2,2,0,2,2026-06-16T10:15:49.367373
12,4,3,2,0,2,2026-06-16T10:15:50.578810
12,4,4,2,0,2,2026-06-16T10:15:52.000850
12,4,5,2,0,2,2026-06-16T10:15:53.204626
12,4,6,2,0,2,2026-06-16T10:15:55.406809
12,4,7,2,0,2,2026-06-16T10:15:56.805899
12,4,8,2,0,2,2026-06-16T10:15:57.602967
12,4,9,2,0,2,2026-06-16T10:15:58.410124
12,4,10,2,0,2,2026-06-16T10:16:00.224289
12,5,1,1,0,1,2026-06-16T10:16:02.030497
12,5,2,1,0,1,2026-06-16T10:16:02.837575
12,5,3,1,0,1,2026-06-16T10:16:03.829932
12,5,4,1,0,1,2026-06-16T10:16:11.073210
12,5,5,1,0,1,2026-06-16T10:16:18.177234
12,5,6,1,0,1,2026-06-16T10:16:19.189672
12,5,7,1,0,1,2026-06-16T10:16:20.787120
12,5,8,1,0,1,2026-06-16T10:16:21.884200
12,5,9,1,0,1,2026-06-16T10:16:22.907104
12,5,10,1,0,1,2026-06-16T10:16:24.121200
12,6,1,5,0,5,2026-06-16T10:16:30.663752
12,6,2,5,0,5,2026-06-16T10:16:32.672705
12,6,3,5,0,5,2026-06-16T10:16:33.665138
12,6,4,5,0,5,2026-06-16T10:16:34.875204
12,6,5,5,0,5,2026-06-16T10:16:36.325209
12,6,6,5,0,5,2026-06-16T10:16:38.976646
12,6,7,5,0,5,2026-06-16T10:16:40.581478
12,6,8,5,0,5,2026-06-16T10:16:41.370316
12,6,9,5,0,5,2026-06-16T10:16:42.771596
12,6,10,5,0,5,2026-06-16T10:16:44.983380
12,7,1,5,0,5,2026-06-16T10:16:46.182135
12,7,2,5,0,5,2026-06-16T10:16:47.198382
12,7,3,5,0,5,2026-06-16T10:16:54.439478
12,7,4,5,0,5,2026-06-16T10:16:55.237477
12,7,5,5,0,5,2026-06-16T10:16:56.437337
12,7,6,5,0,5,2026-06-16T10:16:57.645919
12,7,7,5,0,5,2026-06-16T10:16:59.055706
12,7,8,5,0,5,2026-06-16T10:17:06.225245
12,7,9,5,0,5,2026-06-16T10:17:07.231323
12,7,10,5,0,5,2026-06-16T10:17:08.837971
12,8,1,3,0,3,2026-06-16T10:17:10.439455
12,8,2,4,0,4,2026-06-16T10:17:17.614019
12,8,3,4,0,4,2026-06-16T10:17:18.819376
12,8,4,4,0,4,2026-06-16T10:17:20.228226
12,8,5,3,0,3,2026-06-16T10:17:21.843264
12,8,6,3,0,3,2026-06-16T10:17:22.882308
12,8,7,3,0,3,2026-06-16T10:17:24.686418
12,8,8,4,0,4,2026-06-16T10:17:25.671805
12,8,9,4,0,4,2026-06-16T10:17:26.468821
12,8,10,4,0,4,2026-06-16T10:17:28.124641
12,9,1,2,0,2,2026-06-16T10:17:34.663102
12,9,2,2,0,2,2026-06-16T10:17:36.071113
12,9,3,2,0,2,2026-06-16T10:17:37.870338
12,9,4,2,0,2,2026-06-16T10:17:39.540559
12,9,5,2,0,2,2026-06-16T10:17:40.342214
12,9,6,2,0,2,2026-06-16T10:17:46.903007
12,9,7,2,0,2,2026-06-16T10:17:48.107148
12,9,8,2,0,2,2026-06-16T10:17:49.310913
12,9,9,2,0,2,2026-06-16T10:17:50.317301
12,9,10,2,0,2,2026-06-16T10:17:51.508883
12,10,1,1,0,1,2026-06-16T10:17:58.621410
12,10,2,1,0,1,2026-06-16T10:18:00.644924
12,10,3,1,0,1,2026-06-16T10:18:02.454229
12,10,4,1,0,1,2026-06-16T10:18:04.058120
12,10,5,1,0,1,2026-06-16T10:18:06.686656
12,10,6,1,0,1,2026-06-16T10:18:07.693534
12,10,7,1,0,1,2026-06-16T10:18:09.089024
12,10,8,1,0,1,2026-06-16T10:18:10.311013
12,10,9,1,0,1,2026-06-16T10:18:12.119038
12,10,10,1,0,1,2026-06-16T10:18:12.926808
12,11,1,5,0,5,2026-06-16T10:18:13.916950
12,11,2,5,0,5,2026-06-16T10:18:15.328325
12,11,3,5,0,5,2026-06-16T10:18:16.533520
12,11,4,5,0,5,2026-06-16T10:18:18.127174
12,11,5,5,0,5,2026-06-16T10:18:19.126366
12,11,6,5,0,5,2026-06-16T10:18:20.157963
12,11,7,5,0,5,2026-06-16T10:18:21.580686
12,11,8,5,0,5,2026-06-16T10:18:22.780558
12,11,9,5,0,5,2026-06-16T10:18:29.317563
12,11,10,5,0,5,2026-06-16T10:18:30.726435
12,12,1,5,0,5,2026-06-16T10:18:32.312399
12,12,2,5,0,5,2026-06-16T10:18:33.686340
12,12,3,5,0,5,2026-06-16T10:18:34.889295
12,12,4,5,0,5,2026-06-16T10:18:36.095479
12,12,5,5,0,5,2026-06-16T10:18:37.688775
12,12,6,5,0,5,2026-06-16T10:18:38.692107
12,12,7,5,0,5,2026-06-16T10:18:39.444749
12,12,8,5,0,5,2026-06-16T10:18:40.536056
12,12,9,5,0,5,2026-06-16T10:18:47.129588
12,12,10,5,0,5,2026-06-16T10:18:48.528743
12,13,1,3,0,3,2026-06-16T10:18:49.927149
12,13,2,3,0,3,2026-06-16T10:18:51.130704
12,13,3,3,0,3,2026-06-16T10:18:51.918378
12,13,4,3,0,3,2026-06-16T10:18:58.413263
12,13,5,3,0,3,2026-06-16T10:18:59.826603
12,13,6,3,0,3,2026-06-16T10:19:00.961163
12,13,7,3,0,3,2026-06-16T10:19:01.750575
12,13,8,3,0,3,2026-06-16T10:19:02.916163
12,13,9,3,0,3,2026-06-16T10:19:03.934335
12,13,10,3,0,3,2026-06-16T10:19:06.570178
12,14,1,3,0,3,2026-06-16T10:19:07.376342
12,14,2,3,0,3,2026-06-16T10:19:08.976113
12,14,3,3,0,3,2026-06-16T10:19:09.824950
12,14,4,3,0,3,2026-06-16T10:19:16.980902
12,14,5,3,0,3,2026-06-16T10:19:18.601932
12,14,6,3,0,3,2026-06-16T10:19:19.606627
12,14,7,3,0,3,2026-06-16T10:19:20.611628
12,14,8,3,0,3,2026-06-16T10:19:21.595235
12,14,9,3,0,3,2026-06-16T10:19:28.121542
12,14,10,3,0,3,2026-06-16T10:19:28.974469
12,15,1,5,0,5,2026-06-16T10:19:30.613447
12,15,2,5,0,5,2026-06-16T10:19:31.429571
12,15,3,5,0,5,2026-06-16T10:19:33.027894
12,15,4,5,0,5,2026-06-16T10:19:34.620705
12,15,5,5,0,5,2026-06-16T10:19:36.421166
12,15,6,5,0,5,2026-06-16T10:19:37.615909
12,15,7,5,0,5,2026-06-16T10:19:39.211710
12,15,8,5,0,5,2026-06-16T10:19:45.773529
12,15,9,5,0,5,2026-06-16T10:19:46.974166
12,15,10,5,0,5,2026-06-16T10:19:48.583844
12,16,1,5,0,5,2026-06-16T10:19:50.195229
12,16,2,5,0,5,2026-06-16T10:19:51.801669
12,16,3,5,0,5,2026-06-16T10:19:53.008084
12,16,4,5,0,5,2026-06-16T10:19:54.009295
12,16,5,5,0,5,2026-06-16T10:19:55.419835
12,16,6,5,0,5,2026-06-16T10:20:02.614191
12,16,7,5,0,5,2026-06-16T10:20:03.618273
12,16,8,5,0,5,2026-06-16T10:20:04.418563
12,16,9,5,0,5,2026-06-16T10:20:05.837660
12,16,10,5,0,5,2026-06-16T10:20:07.436398
12,17,1,5,0,5,2026-06-16T10:20:08.501578
12,17,2,5,0,5,2026-06-16T10:20:15.694204
12,17,3,5,0,5,2026-06-16T10:20:17.105144
12,17,4,5,0,5,2026-06-16T10:20:18.514123
12,17,5,5,0,5,2026-06-16T10:20:20.345603
12,17,6,5,0,5,2026-06-16T10:20:22.540966
12,17,7,5,0,5,2026-06-16T10:20:24.149388
12,17,8,5,0,5,2026-06-16T10:20:25.553865
12,17,9,5,0,5,2026-06-16T10:20:26.768834
12,17,10,5,0,5,2026-06-16T10:20:28.973095
12,18,1,2,0,2,2026-06-16T10:20:29.972275
12,18,2,2,0,2,2026-06-16T10:20:31.036419
12,18,3,2,0,2,2026-06-16T10:20:32.306875
12,18,4,2,0,2,2026-06-16T10:20:38.831138
12,18,5,2,0,2,2026-06-16T10:20:40.836187
12,18,6,2,0,2,2026-06-16T10:20:42.033112
12,18,7,2,0,2,2026-06-16T10:20:43.227050
12,18,8,2,0,2,2026-06-16T10:20:45.040499
12,18,9,2,0,2,2026-06-16T10:20:46.451457
12,18,10,2,0,2,2026-06-16T10:20:47.250182
12,19,1,3,0,3,2026-06-16T10:20:48.456252
12,19,2,3,0,3,2026-06-16T10:20:49.460750
12,19,3,3,0,3,2026-06-16T10:20:56.883369
12,19,4,3,0,3,2026-06-16T10:20:58.089748
12,19,5,3,0,3,2026-06-16T10:20:59.695715
12,19,6,3,0,3,2026-06-16T10:21:01.196401
12,19,7,3,0,3,2026-06-16T10:21:08.405815
12,19,8,3,0,3,2026-06-16T10:21:09.806298
12,19,9,3,0,3,2026-06-16T10:21:11.201260
12,19,10,3,0,3,2026-06-16T10:21:12.819505
12,20,1,3,0,3,2026-06-16T10:21:14.425963
12,20,2,3,0,3,2026-06-16T10:21:15.423416
12,20,3,3,0,3,2026-06-16T10:21:16.817729
12,20,4,3,0,3,2026-06-16T10:21:18.200229
12,20,5,3,0,3,2026-06-16T10:21:19.000914
12,20,6,3,0,3,2026-06-16T10:21:26.164812
12,20,7,3,0,3,2026-06-16T10:21:26.941807
12,20,8,3,0,3,2026-06-16T10:21:28.340825
12,20,9,3,0,3,2026-06-16T10:21:29.551494
12,20,10,3,0,3,2026-06-16T10:21:30.750916
12,21,1,5,0,5,2026-06-16T10:21:37.301228
12,21,2,5,0,5,2026-06-16T10:21:39.345023
12,21,3,5,0,5,2026-06-16T10:21:40.353266
12,21,4,5,0,5,2026-06-16T10:21:41.763384
12,21,5,5,0,5,2026-06-16T10:21:43.356239
12,21,6,5,0,5,2026-06-16T10:21:44.969831
12,21,7,5,0,5,2026-06-16T10:21:46.373806
12,21,8,5,0,5,2026-06-16T10:21:47.380175
12,21,9,5,0,5,2026-06-16T10:21:54.572599
12,21,10,5,0,5,2026-06-16T10:21:56.186805
12,22,1,5,0,5,2026-06-16T10:21:57.391537
12,22,2,5,0,5,2026-06-16T10:21:58.211143
12,22,3,5,0,5,2026-06-16T10:21:59.005356
12,22,4,5,0,5,2026-06-16T10:22:01.766073
12,22,5,5,0,5,2026-06-16T10:22:02.985072
12,22,6,5,0,5,2026-06-16T10:22:03.985322
12,22,7,5,0,5,2026-06-16T10:22:05.394657
12,22,8,5,0,5,2026-06-16T10:22:07.795795
12,22,9,5,0,5,2026-06-16T10:22:08.599620
12,22,10,5,0,5,2026-06-16T10:22:09.623757
12,23,1,5,0,5,2026-06-16T10:22:10.835305
12,23,2,4,0,4,2026-06-16T10:22:18.049923
12,23,3,4,0,4,2026-06-16T10:22:19.678046
12,23,4,5,0,5,2026-06-16T10:22:20.596938
12,23,5,5,0,5,2026-06-16T10:22:21.795550
12,23,6,4,0,4,2026-06-16T10:22:28.986370
12,23,7,5,0,5,2026-06-16T10:22:30.396009
12,23,8,5,0,5,2026-06-16T10:22:31.580328
12,23,9,5,0,5,2026-06-16T10:22:32.393387
12,23,10,5,0,5,2026-06-16T10:22:33.196392
12,24,1,2,0,2,2026-06-16T10:22:34.628385
12,24,2,2,0,2,2026-06-16T10:22:37.291286
12,24,3,2,0,2,2026-06-16T10:22:38.106825
12,24,4,2,0,2,2026-06-16T10:22:39.748555
12,24,5,2,0,2,2026-06-16T10:22:41.146464
12,24,6,2,0,2,2026-06-16T10:22:48.311136
12,24,7,2,0,2,2026-06-16T10:22:49.499365
12,24,8,2,0,2,2026-06-16T10:22:50.701401
12,24,9,2,0,2,2026-06-16T10:22:51.908798
12,24,10,2,0,2,2026-06-16T10:22:52.899106
12,25,1,0,0,0,2026-06-16T10:22:54.277728
12,25,2,0,0,0,2026-06-16T10:23:00.851461
12,25,3,0,0,0,2026-06-16T10:23:02.460348
12,25,4,0,0,0,2026-06-16T10:23:03.660721
12,25,5,0,0,0,2026-06-16T10:23:04.473182
12,25,6,0,0,0,2026-06-16T10:23:05.464015
12,25,7,0,0,0,2026-06-16T10:23:12.651250
12,25,8,0,0,0,2026-06-16T10:23:14.084373
12,25,9,0,0,0,2026-06-16T10:23:14.892918
12,25,10,0,0,0,2026-06-16T10:23:15.893917
12,26,1,5,0,5,2026-06-16T10:23:16.902220
12,26,2,5,0,5,2026-06-16T10:23:24.142363
12,26,3,5,0,5,2026-06-16T10:23:25.538631
12,26,4,5,0,5,2026-06-16T10:23:27.143659
12,26,5,5,0,5,2026-06-16T10:23:28.729494
12,26,6,5,0,5,2026-06-16T10:23:35.963848
12,26,7,5,0,5,2026-06-16T10:23:36.969877
12,26,8,5,0,5,2026-06-16T10:23:38.372444
12,26,9,5,0,5,2026-06-16T10:23:39.561856
12,26,10,5,0,5,2026-06-16T10:23:41.160442
12,27,1,4,0,4,2026-06-16T10:23:43.577802
12,27,2,4,0,4,2026-06-16T10:23:44.670498
12,27,3,4,0,4,2026-06-16T10:23:45.692745
12,27,4,4,0,4,2026-06-16T10:23:46.921538
12,27,5,4,0,4,2026-06-16T10:23:54.124792
12,27,6,4,0,4,2026-06-16T10:23:55.328497
12,27,7,4,0,4,2026-06-16T10:23:57.131979
12,27,8,4,0,4,2026-06-16T10:23:58.733555
12,27,9,4,0,4,2026-06-16T10:24:01.381806
12,27,10,4,0,4,2026-06-16T10:24:02.395988
12,28,1,2,0,2,2026-06-16T10:24:03.809214
12,28,2,2,0,2,2026-06-16T10:24:05.410242
12,28,3,2,0,2,2026-06-16T10:24:06.205023
12,28,4,2,0,2,2026-06-16T10:24:07.805527
12,28,5,2,0,2,2026-06-16T10:24:09.409207
12,28,6,2,0,2,2026-06-16T10:24:10.207045
12,28,7,2,0,2,2026-06-16T10:24:11.606912
12,28,8,2,0,2,2026-06-16T10:24:12.623109
12,28,9,2,0,2,2026-06-16T10:24:14.040579
12,28,10,2,0,2,2026-06-16T10:24:15.495626
12,29,1,2,0,2,2026-06-16T10:24:17.094607
12,29,2,2,0,2,2026-06-16T10:24:20.010901
12,29,3,2,0,2,2026-06-16T10:24:21.013620
12,29,4,2,0,2,2026-06-16T10:24:22.019918
12,29,5,2,0,2,2026-06-16T10:24:23.214220
12,29,6,2,0,2,2026-06-16T10:24:29.905958
12,29,7,2,0,2,2026-06-16T10:24:31.314262
12,29,8,2,0,2,2026-06-16T10:24:32.532235
12,29,9,2,0,2,2026-06-16T10:24:33.992743
12,29,10,2,0,2,2026-06-16T10:24:34.992568
12,30,1,2,0,2,2026-06-16T10:24:41.552540
12,30,2,3,0,3,2026-06-16T10:24:42.938573
12,30,3,3,0,3,2026-06-16T10:24:44.780583
12,30,4,3,0,3,2026-06-16T10:24:46.606024
12,30,5,3,0,3,2026-06-16T10:24:49.235236
12,30,6,3,0,3,2026-06-16T10:24:50.635671
12,30,7,2,0,2,2026-06-16T10:24:52.029001
12,30,8,3,0,3,2026-06-16T10:24:53.030282
12,30,9,2,0,2,2026-06-16T10:24:54.852520
12,30,10,2,0,2,2026-06-16T10:24:56.065540
13,1,1,5,0,5,2026-06-16T10:24:57.470947
13,1,2,5,0,5,2026-06-16T10:24:59.275236
13,1,3,5,0,5,2026-06-16T10:25:00.880225
13,1,4,5,0,5,2026-06-16T10:25:02.481319
13,1,5,5,0,5,2026-06-16T10:25:04.092501
13,1,6,5,0,5,2026-06-16T10:25:05.900748
13,1,7,5,0,5,2026-06-16T10:25:08.558198
13,1,8,5,0,5,2026-06-16T10:25:10.071368
13,1,9,5,0,5,2026-06-16T10:25:11.872917
13,1,10,5,0,5,2026-06-16T10:25:12.867003
13,2,1,5,0,5,2026-06-16T10:25:13.866786
13,2,2,5,0,5,2026-06-16T10:25:15.286431
13,2,3,5,0,5,2026-06-16T10:25:16.302562
13,2,4,5,0,5,2026-06-16T10:25:17.911485
13,2,5,5,0,5,2026-06-16T10:25:18.909948
13,2,6,5,0,5,2026-06-16T10:25:20.102950
13,2,7,5,0,5,2026-06-16T10:25:21.515951
13,2,8,5,0,5,2026-06-16T10:25:22.513449
13,2,9,5,0,5,2026-06-16T10:25:29.723607
13,2,10,5,0,5,2026-06-16T10:25:31.932979
13,3,1,1,0,1,2026-06-16T10:25:33.153690
13,3,2,1,0,1,2026-06-16T10:25:34.353868
13,3,3,1,0,1,2026-06-16T10:25:35.763858
13,3,4,1,0,1,2026-06-16T10:25:37.370772
13,3,5,1,0,1,2026-06-16T10:25:38.576745
13,3,6,1,0,1,2026-06-16T10:25:39.789052
13,3,7,1,0,1,2026-06-16T10:25:40.604209
13,3,8,1,0,1,2026-06-16T10:25:42.003390
13,3,9,1,0,1,2026-06-16T10:25:43.599361
13,3,10,1,0,1,2026-06-16T10:25:44.799613
13,4,1,0,0,0,2026-06-16T10:25:45.810077
13,4,2,0,0,0,2026-06-16T10:25:47.218075
13,4,3,0,0,0,2026-06-16T10:25:49.086957
13,4,4,0,0,0,2026-06-16T10:25:50.902215
13,4,5,0,0,0,2026-06-16T10:25:52.712761
13,4,6,0,0,0,2026-06-16T10:25:59.303782
13,4,7,0,0,0,2026-06-16T10:26:02.062125
13,4,8,0,0,0,2026-06-16T10:26:03.884166
13,4,9,0,0,0,2026-06-16T10:26:05.483537
13,4,10,0,0,0,2026-06-16T10:26:08.359238
13,5,1,0,0,0,2026-06-16T10:26:10.022737
13,5,2,0,0,0,2026-06-16T10:26:17.233660
13,5,3,0,0,0,2026-06-16T10:26:19.048780
13,5,4,0,0,0,2026-06-16T10:26:20.235366
13,5,5,0,0,0,2026-06-16T10:26:22.034874
13,5,6,0,0,0,2026-06-16T10:26:23.638671
13,5,7,0,0,0,2026-06-16T10:26:25.249538
13,5,8,0,0,0,2026-06-16T10:26:26.256073
13,5,9,0,0,0,2026-06-16T10:26:27.667729
13,5,10,0,0,0,2026-06-16T10:26:28.673892
13,6,1,5,0,5,2026-06-16T10:26:35.839666
13,6,2,5,0,5,2026-06-16T10:26:37.651561
13,6,3,5,0,5,2026-06-16T10:26:38.753666
13,6,4,5,0,5,2026-06-16T10:26:40.365468
13,6,5,5,0,5,2026-06-16T10:26:43.252750
13,6,6,5,0,5,2026-06-16T10:26:44.858075
13,6,7,5,0,5,2026-06-16T10:26:46.073270
13,6,8,5,0,5,2026-06-16T10:26:52.687941
13,6,9,5,0,5,2026-06-16T10:26:54.305468
13,6,10,5,0,5,2026-06-16T10:26:55.907837
13,7,1,5,0,5,2026-06-16T10:26:56.903070
13,7,2,5,0,5,2026-06-16T10:26:58.308999
13,7,3,5,0,5,2026-06-16T10:26:59.516962
13,7,4,5,0,5,2026-06-16T10:27:00.905249
13,7,5,5,0,5,2026-06-16T10:27:02.126308
13,7,6,5,0,5,2026-06-16T10:27:03.325896
13,7,7,5,0,5,2026-06-16T10:27:05.536134
13,7,8,5,0,5,2026-06-16T10:27:07.019157
13,7,9,5,0,5,2026-06-16T10:27:08.020372
13,7,10,5,0,5,2026-06-16T10:27:15.203636
13,8,1,3,0,3,2026-06-16T10:27:16.204872
13,8,2,3,0,3,2026-06-16T10:27:17.826127
13,8,3,3,0,3,2026-06-16T10:27:18.829088
13,8,4,3,0,3,2026-06-16T10:27:20.246503
13,8,5,3,0,3,2026-06-16T10:27:21.090993
13,8,6,3,0,3,2026-06-16T10:27:22.080283
13,8,7,3,0,3,2026-06-16T10:27:23.275732
13,8,8,3,0,3,2026-06-16T10:27:24.880539
13,8,9,3,0,3,2026-06-16T10:27:32.087807
13,8,10,3,0,3,2026-06-16T10:27:33.302169
13,9,1,0,0,0,2026-06-16T10:27:34.307780
13,9,2,0,0,0,2026-06-16T10:27:35.706411
13,9,3,0,0,0,2026-06-16T10:27:36.707411
13,9,4,0,0,0,2026-06-16T10:27:38.554332
13,9,5,0,0,0,2026-06-16T10:27:40.349032
13,9,6,0,0,0,2026-06-16T10:27:41.744108
13,9,7,0,0,0,2026-06-16T10:27:48.900126
13,9,8,0,0,0,2026-06-16T10:27:50.097289
13,9,9,0,0,0,2026-06-16T10:27:51.296407
13,9,10,0,0,0,2026-06-16T10:27:53.109153
13,10,1,2,0,2,2026-06-16T10:27:54.504964
13,10,2,2,0,2,2026-06-16T10:27:55.708711
13,10,3,2,0,2,2026-06-16T10:27:57.517130
13,10,4,2,0,2,2026-06-16T10:27:58.523984
13,10,5,2,0,2,2026-06-16T10:27:59.958383
13,10,6,2,0,2,2026-06-16T10:28:07.173420
13,10,7,2,0,2,2026-06-16T10:28:08.560517
13,10,8,2,0,2,2026-06-16T10:28:09.371257
13,10,9,2,0,2,2026-06-16T10:28:10.778908
13,10,10,2,0,2,2026-06-16T10:28:12.176374
13,11,1,5,0,5,2026-06-16T10:28:19.360592
13,11,2,5,0,5,2026-06-16T10:28:20.979229
13,11,3,5,0,5,2026-06-16T10:28:22.388400
13,11,4,5,0,5,2026-06-16T10:28:23.406462
13,11,5,5,0,5,2026-06-16T10:28:29.975189
13,11,6,5,0,5,2026-06-16T10:28:30.781621
13,11,7,5,0,5,2026-06-16T10:28:31.598582
13,11,8,5,0,5,2026-06-16T10:28:33.181443
13,11,9,5,0,5,2026-06-16T10:28:34.962348
13,11,10,5,0,5,2026-06-16T10:28:36.570867
13,12,1,5,0,5,2026-06-16T10:28:38.181107
13,12,2,5,0,5,2026-06-16T10:28:39.788331
13,12,3,5,0,5,2026-06-16T10:28:47.063045
13,12,4,5,0,5,2026-06-16T10:28:48.065610
13,12,5,5,0,5,2026-06-16T10:28:49.110294
13,12,6,5,0,5,2026-06-16T10:28:50.119056
13,12,7,5,0,5,2026-06-16T10:28:51.910983
13,12,8,5,0,5,2026-06-16T10:28:59.030392
13,12,9,5,0,5,2026-06-16T10:29:00.627633
13,12,10,5,0,5,2026-06-16T10:29:02.238588
13,13,1,5,0,5,2026-06-16T10:29:03.665699
13,13,2,5,0,5,2026-06-16T10:29:05.277813
13,13,3,5,0,5,2026-06-16T10:29:07.305790
13,13,4,5,0,5,2026-06-16T10:29:08.305891
13,13,5,5,0,5,2026-06-16T10:29:09.712783
13,13,6,5,0,5,2026-06-16T10:29:10.516393
13,13,7,5,0,5,2026-06-16T10:29:13.133755
13,13,8,5,0,5,2026-06-16T10:29:14.944675
13,13,9,5,0,5,2026-06-16T10:29:15.950263
13,13,10,5,0,5,2026-06-16T10:29:17.156682
13,14,1,2,0,2,2026-06-16T10:29:18.762293
13,14,2,2,0,2,2026-06-16T10:29:20.367061
13,14,3,2,0,2,2026-06-16T10:29:21.776001
13,14,4,2,0,2,2026-06-16T10:29:28.620256
13,14,5,2,0,2,2026-06-16T10:29:29.764458
13,14,6,2,0,2,2026-06-16T10:29:30.559612
13,14,7,2,0,2,2026-06-16T10:29:31.769659
13,14,8,2,0,2,2026-06-16T10:29:33.155459
13,14,9,2,0,2,2026-06-16T10:29:40.334194
13,14,10,2,0,2,2026-06-16T10:29:41.743453
13,15,1,0,0,0,2026-06-16T10:29:42.960462
13,15,2,0,0,0,2026-06-16T10:29:44.370116
13,15,3,0,0,0,2026-06-16T10:29:45.572364
13,15,4,0,0,0,2026-06-16T10:29:47.808221
13,15,5,0,0,0,2026-06-16T10:29:49.003087
13,15,6,0,0,0,2026-06-16T10:29:50.006300
13,15,7,0,0,0,2026-06-16T10:29:51.813221
13,15,8,0,0,0,2026-06-16T10:29:54.016780
13,15,9,0,0,0,2026-06-16T10:29:55.626413
13,15,10,0,0,0,2026-06-16T10:29:56.622876
13,16,1,5,0,5,2026-06-16T10:29:58.035595
13,16,2,5,0,5,2026-06-16T10:29:59.647478
13,16,3,5,0,5,2026-06-16T10:30:00.851195
13,16,4,5,0,5,2026-06-16T10:30:02.246579
13,16,5,5,0,5,2026-06-16T10:30:03.257895
13,16,6,5,0,5,2026-06-16T10:30:04.640378
13,16,7,5,0,5,2026-06-16T10:30:05.844595
13,16,8,5,0,5,2026-06-16T10:30:07.043401
13,16,9,5,0,5,2026-06-16T10:30:08.263246
13,16,10,5,0,5,2026-06-16T10:30:09.086185
13,17,1,5,0,5,2026-06-16T10:30:16.269133
13,17,2,5,0,5,2026-06-16T10:30:17.086317
13,17,3,5,0,5,2026-06-16T10:30:18.684588
13,17,4,5,0,5,2026-06-16T10:30:19.530558
13,17,5,5,0,5,2026-06-16T10:30:20.727187
13,17,6,5,0,5,2026-06-16T10:30:21.528569
13,17,7,5,0,5,2026-06-16T10:30:22.535207
13,17,8,5,0,5,2026-06-16T10:30:23.533333
13,17,9,5,0,5,2026-06-16T10:30:24.534323
13,17,10,5,0,5,2026-06-16T10:30:25.529416
13,18,1,2,0,2,2026-06-16T10:30:26.329821
13,18,2,2,0,2,2026-06-16T10:30:33.513794
13,18,3,2,0,2,2026-06-16T10:30:35.336792
13,18,4,2,0,2,2026-06-16T10:30:36.141776
13,18,5,2,0,2,2026-06-16T10:30:37.740272
13,18,6,2,0,2,2026-06-16T10:30:39.142641
13,18,7,2,0,2,2026-06-16T10:30:45.722841
13,18,8,2,0,2,2026-06-16T10:30:47.130143
13,18,9,2,0,2,2026-06-16T10:30:48.526991
13,18,10,2,0,2,2026-06-16T10:30:49.745172
13,19,1,0,0,0,2026-06-16T10:30:51.164995
13,19,2,0,0,0,2026-06-16T10:30:57.642315
13,19,3,0,0,0,2026-06-16T10:30:59.636847
13,19,4,0,0,0,2026-06-16T10:31:00.840248
13,19,5,0,0,0,2026-06-16T10:31:02.442708
13,19,6,0,0,0,2026-06-16T10:31:08.952264
13,19,7,0,0,0,2026-06-16T10:31:09.973537
13,19,8,0,0,0,2026-06-16T10:31:11.595123
13,19,9,0,0,0,2026-06-16T10:31:12.992372
13,19,10,0,0,0,2026-06-16T10:31:14.193178
13,20,1,0,0,0,2026-06-16T10:31:15.208291
13,20,2,0,0,0,2026-06-16T10:31:21.783653
13,20,3,0,0,0,2026-06-16T10:31:24.008122
13,20,4,0,0,0,2026-06-16T10:31:24.826566
13,20,5,2,0,2,2026-06-16T10:31:25.834765
13,20,6,0,0,0,2026-06-16T10:31:26.844194
13,20,7,0,0,0,2026-06-16T10:31:27.852588
13,20,8,2,0,2,2026-06-16T10:31:34.407171
13,20,9,0,0,0,2026-06-16T10:31:35.601284
13,20,10,0,0,0,2026-06-16T10:31:36.405453
13,21,1,5,0,5,2026-06-16T10:31:37.201691
13,21,2,5,0,5,2026-06-16T10:31:38.195651
13,21,3,5,0,5,2026-06-16T10:31:39.401346
13,21,4,5,0,5,2026-06-16T10:31:40.625416
13,21,5,5,0,5,2026-06-16T10:31:41.842696
13,21,6,5,0,5,2026-06-16T10:31:43.438113
13,21,7,5,0,5,2026-06-16T10:31:44.626615
13,21,8,5,0,5,2026-06-16T10:31:51.126352
13,21,9,5,0,5,2026-06-16T10:31:52.936108
13,21,10,5,0,5,2026-06-16T10:31:54.137623
13,22,1,3,0,3,2026-06-16T10:31:55.127099
13,22,2,3,0,3,2026-06-16T10:31:56.132622
13,22,3,3,0,3,2026-06-16T10:31:57.331258
13,22,4,3,0,3,2026-06-16T10:31:58.532598
13,22,5,3,0,3,2026-06-16T10:31:59.356327
13,22,6,3,0,3,2026-06-16T10:32:00.571802
13,22,7,3,0,3,2026-06-16T10:32:01.777159
13,22,8,3,0,3,2026-06-16T10:32:03.180912
13,22,9,3,0,3,2026-06-16T10:32:04.991812
13,22,10,3,0,3,2026-06-16T10:32:05.999690
13,23,1,2,0,2,2026-06-16T10:32:07.407096
13,23,2,2,0,2,2026-06-16T10:32:13.952355
13,23,3,2,0,2,2026-06-16T10:32:15.562870
13,23,4,2,0,2,2026-06-16T10:32:16.359454
13,23,5,2,0,2,2026-06-16T10:32:17.964617
13,23,6,2,0,2,2026-06-16T10:32:19.582589
13,23,7,2,0,2,2026-06-16T10:32:20.343803
13,23,8,2,0,2,2026-06-16T10:32:21.592778
13,23,9,2,0,2,2026-06-16T10:32:23.193843
13,23,10,2,0,2,2026-06-16T10:32:23.985032
13,24,1,0,0,0,2026-06-16T10:32:24.870878
13,24,2,0,0,0,2026-06-16T10:32:31.365198
13,24,3,0,0,0,2026-06-16T10:32:33.157737
13,24,4,0,0,0,2026-06-16T10:32:34.756355
13,24,5,0,0,0,2026-06-16T10:32:36.365130
13,24,6,0,0,0,2026-06-16T10:32:42.868969
13,24,7,0,0,0,2026-06-16T10:32:44.495776
13,24,8,0,0,0,2026-06-16T10:32:45.503690
13,24,9,0,0,0,2026-06-16T10:32:46.911517
13,24,10,0,0,0,2026-06-16T10:32:47.779271
13,25,1,0,0,0,2026-06-16T10:32:49.037896
13,25,2,0,0,0,2026-06-16T10:32:50.045942
13,25,3,0,0,0,2026-06-16T10:32:51.061510
13,25,4,0,0,0,2026-06-16T10:32:52.428372
13,25,5,0,0,0,2026-06-16T10:32:53.236290
13,25,6,0,0,0,2026-06-16T10:32:54.669054
13,25,7,0,0,0,2026-06-16T10:33:01.846386
13,25,8,0,0,0,2026-06-16T10:33:04.064994
13,25,9,0,0,0,2026-06-16T10:33:04.875543
13,25,10,0,0,0,2026-06-16T10:33:06.263593
13,26,1,3,0,3,2026-06-16T10:33:13.559686
13,26,2,3,0,3,2026-06-16T10:33:15.940936
13,26,3,3,0,3,2026-06-16T10:33:17.409213
13,26,4,3,0,3,2026-06-16T10:33:18.626269
13,26,5,3,0,3,2026-06-16T10:33:20.835191
13,26,6,3,0,3,2026-06-16T10:33:22.474800
13,26,7,3,0,3,2026-06-16T10:33:23.886175
13,26,8,3,0,3,2026-06-16T10:33:31.130217
13,26,9,3,0,3,2026-06-16T10:33:32.342225
13,26,10,3,0,3,2026-06-16T10:33:33.558131
13,27,1,5,0,5,2026-06-16T10:33:35.186617
13,27,2,5,0,5,2026-06-16T10:33:37.850220
13,27,3,5,0,5,2026-06-16T10:33:38.883701
13,27,4,5,0,5,2026-06-16T10:33:40.290864
13,27,5,5,0,5,2026-06-16T10:33:47.478510
13,27,6,5,0,5,2026-06-16T10:33:48.878314
13,27,7,5,0,5,2026-06-16T10:33:50.471863
13,27,8,5,0,5,2026-06-16T10:33:52.101809
13,27,9,5,0,5,2026-06-16T10:33:59.277566
13,27,10,5,0,5,2026-06-16T10:34:00.885552
13,28,1,0,0,0,2026-06-16T10:34:01.883560
13,28,2,0,0,0,2026-06-16T10:34:02.872581
13,28,3,0,0,0,2026-06-16T10:34:03.865930
13,28,4,0,0,0,2026-06-16T10:34:05.456661
13,28,5,0,0,0,2026-06-16T10:34:06.247528
13,28,6,0,0,0,2026-06-16T10:34:07.854932
13,28,7,0,0,0,2026-06-16T10:34:09.046103
13,28,8,0,0,0,2026-06-16T10:34:10.245681
13,28,9,0,0,0,2026-06-16T10:34:11.040036
13,28,10,0,0,0,2026-06-16T10:34:17.582684
13,29,1,0,0,0,2026-06-16T10:34:19.794617
13,29,2,0,0,0,2026-06-16T10:34:20.810112
13,29,3,0,0,0,2026-06-16T10:34:21.618266
13,29,4,0,0,0,2026-06-16T10:34:22.846949
13,29,5,0,0,0,2026-06-16T10:34:29.419499
13,29,6,0,0,0,2026-06-16T10:34:31.000195
13,29,7,0,0,0,2026-06-16T10:34:31.796118
13,29,8,0,0,0,2026-06-16T10:34:33.079048
13,29,9,0,0,0,2026-06-16T10:34:34.087604
13,29,10,0,0,0,2026-06-16T10:34:36.559064
13,30,1,0,0,0,2026-06-16T10:34:38.163769
13,30,2,0,0,0,2026-06-16T10:34:39.766295
13,30,3,0,0,0,2026-06-16T10:34:46.325812
13,30,4,0,0,0,2026-06-16T10:34:48.137923
13,30,5,0,0,0,2026-06-16T10:34:49.134571
13,30,6,0,0,0,2026-06-16T10:34:50.552940
13,30,7,0,0,0,2026-06-16T10:34:51.952613
13,30,8,0,0,0,2026-06-16T10:34:58.477008
13,30,9,0,0,0,2026-06-16T10:34:59.670962
13,30,10,0,0,0,2026-06-16T10:35:00.662467
14,1,1,5,0,5,2026-06-16T10:35:01.542617
14,1,2,5,0,5,2026-06-16T10:35:03.290777
14,1,3,5,0,5,2026-06-16T10:35:05.695943
14,1,4,5,0,5,2026-06-16T10:35:07.101102
14,1,5,5,0,5,2026-06-16T10:35:08.698838
14,1,6,5,0,5,2026-06-16T10:35:10.289225
14,1,7,5,0,5,2026-06-16T10:35:12.081153
14,1,8,5,0,5,2026-06-16T10:35:13.296462
14,1,9,5,0,5,2026-06-16T10:35:14.292570
14,1,10,5,0,5,2026-06-16T10:35:17.007618
14,2,1,5,0,5,2026-06-16T10:35:18.015972
14,2,2,5,0,5,2026-06-16T10:35:19.020553
14,2,3,5,0,5,2026-06-16T10:35:20.010149
14,2,4,5,0,5,2026-06-16T10:35:21.411023
14,2,5,5,0,5,2026-06-16T10:35:22.805929
14,2,6,5,0,5,2026-06-16T10:35:24.005694
14,2,7,5,0,5,2026-06-16T10:35:25.814889
14,2,8,5,0,5,2026-06-16T10:35:32.361607
14,2,9,5,0,5,2026-06-16T10:35:33.960180
14,2,10,5,0,5,2026-06-16T10:35:34.747794
14,3,1,2,0,2,2026-06-16T10:35:36.338178
14,3,2,2,0,2,2026-06-16T10:35:38.982245
14,3,3,2,0,2,2026-06-16T10:35:40.181346
14,3,4,2,0,2,2026-06-16T10:35:41.172071
14,3,5,2,0,2,2026-06-16T10:35:43.220569
14,3,6,2,0,2,2026-06-16T10:35:49.773783
14,3,7,2,0,2,2026-06-16T10:35:51.376155
14,3,8,2,0,2,2026-06-16T10:35:52.773089
14,3,9,2,0,2,2026-06-16T10:35:54.574685
14,3,10,2,0,2,2026-06-16T10:36:01.756763
14,4,1,3,0,3,2026-06-16T10:36:03.165256
14,4,2,3,0,3,2026-06-16T10:36:04.361866
14,4,3,3,0,3,2026-06-16T10:36:05.362004
14,4,4,2,0,2,2026-06-16T10:36:06.766782
14,4,5,2,0,2,2026-06-16T10:36:08.377725
14,4,6,3,0,3,2026-06-16T10:36:09.986013
14,4,7,3,0,3,2026-06-16T10:36:11.985265
14,4,8,3,0,3,2026-06-16T10:36:12.779703
14,4,9,3,0,3,2026-06-16T10:36:13.971915
14,4,10,3,0,3,2026-06-16T10:36:14.811294
14,5,1,2,0,2,2026-06-16T10:36:16.194736
14,5,2,2,0,2,2026-06-16T10:36:17.591422
14,5,3,2,0,2,2026-06-16T10:36:18.996868
14,5,4,2,0,2,2026-06-16T10:36:20.905502
14,5,5,2,0,2,2026-06-16T10:36:22.105447
14,5,6,2,0,2,2026-06-16T10:36:23.708818
14,5,7,2,0,2,2026-06-16T10:36:25.107126
14,5,8,2,0,2,2026-06-16T10:36:26.536252
14,5,9,2,0,2,2026-06-16T10:36:28.141554
14,5,10,2,0,2,2026-06-16T10:36:29.744638
14,6,1,5,0,5,2026-06-16T10:36:30.771932
14,6,2,5,0,5,2026-06-16T10:36:32.364321
14,6,3,5,0,5,2026-06-16T10:36:33.736802
14,6,4,5,0,5,2026-06-16T10:36:40.974521
14,6,5,5,0,5,2026-06-16T10:36:42.203020
14,6,6,5,0,5,2026-06-16T10:36:42.986178
14,6,7,5,0,5,2026-06-16T10:36:44.386164
14,6,8,5,0,5,2026-06-16T10:36:45.665881
14,6,9,5,0,5,2026-06-16T10:36:46.868409
14,6,10,5,0,5,2026-06-16T10:36:48.466401
14,7,1,5,0,5,2026-06-16T10:36:50.056556
14,7,2,5,0,5,2026-06-16T10:36:51.661561
14,7,3,5,0,5,2026-06-16T10:36:58.823061
14,7,4,5,0,5,2026-06-16T10:36:59.817048
14,7,5,5,0,5,2026-06-16T10:37:01.236209
14,7,6,5,0,5,2026-06-16T10:37:02.616405
14,7,7,5,0,5,2026-06-16T10:37:03.410284
14,7,8,5,0,5,2026-06-16T10:37:09.928658
14,7,9,5,0,5,2026-06-16T10:37:11.333034
14,7,10,5,0,5,2026-06-16T10:37:12.947710
14,8,1,5,0,5,2026-06-16T10:37:14.580436
14,8,2,5,0,5,2026-06-16T10:37:21.754177
14,8,3,5,0,5,2026-06-16T10:37:23.350556
14,8,4,5,0,5,2026-06-16T10:37:24.343420
14,8,5,5,0,5,2026-06-16T10:37:25.760845
14,8,6,5,0,5,2026-06-16T10:37:26.755875
14,8,7,5,0,5,2026-06-16T10:37:33.268023
14,8,8,5,0,5,2026-06-16T10:37:34.675864
14,8,9,5,0,5,2026-06-16T10:37:35.471717
14,8,10,5,0,5,2026-06-16T10:37:36.870769
14,9,1,2,0,2,2026-06-16T10:37:37.671075
14,9,2,2,0,2,2026-06-16T10:37:44.908014
14,9,3,2,0,2,2026-06-16T10:37:46.539248
14,9,4,2,0,2,2026-06-16T10:37:47.736936
14,9,5,2,0,2,2026-06-16T10:37:48.935086
14,9,6,2,0,2,2026-06-16T10:37:56.842982
14,9,7,2,0,2,2026-06-16T10:37:58.855600
14,9,8,2,0,2,2026-06-16T10:37:59.654321
14,9,9,2,0,2,2026-06-16T10:38:01.468986
14,9,10,2,0,2,2026-06-16T10:38:02.697682
14,10,1,2,0,2,2026-06-16T10:38:04.309393
14,10,2,2,0,2,2026-06-16T10:38:05.507548
14,10,3,2,0,2,2026-06-16T10:38:07.128893
14,10,4,2,0,2,2026-06-16T10:38:13.692707
14,10,5,2,0,2,2026-06-16T10:38:14.484465
14,10,6,2,0,2,2026-06-16T10:38:15.882087
14,10,7,2,0,2,2026-06-16T10:38:17.139701
14,10,8,2,0,2,2026-06-16T10:38:18.635134
14,10,9,2,0,2,2026-06-16T10:38:25.775555
14,10,10,2,0,2,2026-06-16T10:38:27.197883
14,11,1,5,0,5,2026-06-16T10:38:28.791924
14,11,2,5,0,5,2026-06-16T10:38:30.397260
14,11,3,5,0,5,2026-06-16T10:38:33.275617
14,11,4,5,0,5,2026-06-16T10:38:34.293145
14,11,5,5,0,5,2026-06-16T10:38:35.491945
14,11,6,5,0,5,2026-06-16T10:38:37.293161
14,11,7,5,0,5,2026-06-16T10:38:39.919917
14,11,8,5,0,5,2026-06-16T10:38:41.514633
14,11,9,5,0,5,2026-06-16T10:38:42.731781
14,11,10,5,0,5,2026-06-16T10:38:43.729478
14,12,1,5,0,5,2026-06-16T10:38:45.952925
14,12,2,5,0,5,2026-06-16T10:38:46.752741
14,12,3,5,0,5,2026-06-16T10:38:48.762475
14,12,4,5,0,5,2026-06-16T10:38:50.171077
14,12,5,5,0,5,2026-06-16T10:38:51.771131
14,12,6,5,0,5,2026-06-16T10:38:52.967082
14,12,7,5,0,5,2026-06-16T10:38:54.152862
14,12,8,5,0,5,2026-06-16T10:38:55.342088
14,12,9,5,0,5,2026-06-16T10:38:56.954796
14,12,10,5,0,5,2026-06-16T10:38:58.557181
14,13,1,5,0,5,2026-06-16T10:38:59.625802
14,13,2,5,0,5,2026-06-16T10:39:06.816192
14,13,3,5,0,5,2026-06-16T10:39:07.817916
14,13,4,5,0,5,2026-06-16T10:39:09.076528
14,13,5,5,0,5,2026-06-16T10:39:10.472381
14,13,6,5,0,5,2026-06-16T10:39:11.661422
14,13,7,5,0,5,2026-06-16T10:39:18.167449
14,13,8,5,0,5,2026-06-16T10:39:18.966203
14,13,9,5,0,5,2026-06-16T10:39:19.966775
14,13,10,5,0,5,2026-06-16T10:39:21.165650
14,14,1,3,0,3,2026-06-16T10:39:22.768453
14,14,2,3,0,3,2026-06-16T10:39:25.171362
14,14,3,3,0,3,2026-06-16T10:39:26.370034
14,14,4,3,0,3,2026-06-16T10:39:27.568531
14,14,5,3,0,3,2026-06-16T10:39:34.707157
14,14,6,3,0,3,2026-06-16T10:39:37.625957
14,14,7,3,0,3,2026-06-16T10:39:38.423582
14,14,8,3,0,3,2026-06-16T10:39:39.215892
14,14,9,3,0,3,2026-06-16T10:39:40.796530
14,14,10,3,0,3,2026-06-16T10:39:47.354225
14,15,1,3,0,3,2026-06-16T10:39:48.949871
14,15,2,3,0,3,2026-06-16T10:39:49.946854
14,15,3,3,0,3,2026-06-16T10:39:51.544188
14,15,4,3,0,3,2026-06-16T10:39:52.738921
14,15,5,3,0,3,2026-06-16T10:39:55.384553
14,15,6,3,0,3,2026-06-16T10:39:56.383321
14,15,7,3,0,3,2026-06-16T10:39:57.167112
14,15,8,3,0,3,2026-06-16T10:39:58.183165
14,15,9,3,0,3,2026-06-16T10:40:05.325900
14,15,10,3,0,3,2026-06-16T10:40:06.925908
14,16,1,3,0,3,2026-06-16T10:40:08.140879
14,16,2,3,0,3,2026-06-16T10:40:09.136497
14,16,3,3,0,3,2026-06-16T10:40:10.332024
14,16,4,3,0,3,2026-06-16T10:40:18.129931
14,16,5,3,0,3,2026-06-16T10:40:19.729842
14,16,6,3,0,3,2026-06-16T10:40:21.530668
14,16,7,3,0,3,2026-06-16T10:40:22.753325
14,16,8,3,0,3,2026-06-16T10:40:29.923047
14,16,9,3,0,3,2026-06-16T10:40:31.327613
14,16,10,3,0,3,2026-06-16T10:40:33.123197
14,17,1,5,0,5,2026-06-16T10:40:34.541074
14,17,2,5,0,5,2026-06-16T10:40:36.145575
14,17,3,5,0,5,2026-06-16T10:40:37.942951
14,17,4,5,0,5,2026-06-16T10:40:39.734968
14,17,5,5,0,5,2026-06-16T10:40:40.946548
14,17,6,5,0,5,2026-06-16T10:40:47.447355
14,17,7,5,0,5,2026-06-16T10:40:49.838015
14,17,8,5,0,5,2026-06-16T10:40:51.028360
14,17,9,5,0,5,2026-06-16T10:40:52.063537
14,17,10,5,0,5,2026-06-16T10:40:53.668572
14,18,1,5,0,5,2026-06-16T10:40:56.168735
14,18,2,3,0,3,2026-06-16T10:40:57.777257
14,18,3,3,0,3,2026-06-16T10:40:58.771429
14,18,4,3,0,3,2026-06-16T10:41:00.172263
14,18,5,3,0,3,2026-06-16T10:41:02.366832
14,18,6,3,0,3,2026-06-16T10:41:04.046383
14,18,7,5,0,5,2026-06-16T10:41:05.653262
14,18,8,3,0,3,2026-06-16T10:41:12.190787
14,18,9,3,0,3,2026-06-16T10:41:13.389748
14,18,10,3,0,3,2026-06-16T10:41:14.782073
14,19,1,3,0,3,2026-06-16T10:41:15.787949
14,19,2,3,0,3,2026-06-16T10:41:17.386612
14,19,3,3,0,3,2026-06-16T10:41:23.910691
14,19,4,3,0,3,2026-06-16T10:41:25.720422
14,19,5,3,0,3,2026-06-16T10:41:27.117279
14,19,6,3,0,3,2026-06-16T10:41:28.621224
14,19,7,3,0,3,2026-06-16T10:41:31.248746
14,19,8,3,0,3,2026-06-16T10:41:32.629688
14,19,9,3,0,3,2026-06-16T10:41:33.827801
14,19,10,3,0,3,2026-06-16T10:41:34.869418
14,20,1,3,0,3,2026-06-16T10:41:41.422762
14,20,2,3,0,3,2026-06-16T10:41:43.434074
14,20,3,3,0,3,2026-06-16T10:41:45.073917
14,20,4,3,0,3,2026-06-16T10:41:46.477720
14,20,5,3,0,3,2026-06-16T10:41:47.276972
14,20,6,3,0,3,2026-06-16T10:41:53.823401
14,20,7,3,0,3,2026-06-16T10:41:54.825806
14,20,8,3,0,3,2026-06-16T10:41:56.027334
14,20,9,3,0,3,2026-06-16T10:41:57.024415
14,20,10,3,0,3,2026-06-16T10:41:58.014344
14,21,1,5,0,5,2026-06-16T10:42:00.634677
14,21,2,5,0,5,2026-06-16T10:42:01.427520
14,21,3,5,0,5,2026-06-16T10:42:03.044754
14,21,4,5,0,5,2026-06-16T10:42:04.051893
14,21,5,5,0,5,2026-06-16T10:42:11.222255
14,21,6,5,0,5,2026-06-16T10:42:13.860143
14,21,7,5,0,5,2026-06-16T10:42:15.317044
14,21,8,5,0,5,2026-06-16T10:42:16.326263
14,21,9,5,0,5,2026-06-16T10:42:23.481434
14,21,10,5,0,5,2026-06-16T10:42:25.887640
14,22,1,3,0,3,2026-06-16T10:42:27.089151
14,22,2,3,0,3,2026-06-16T10:42:28.698802
14,22,3,3,0,3,2026-06-16T10:42:35.923350
14,22,4,3,0,3,2026-06-16T10:42:38.139737
14,22,5,3,0,3,2026-06-16T10:42:39.942719
14,22,6,3,0,3,2026-06-16T10:42:41.138671
14,22,7,3,0,3,2026-06-16T10:42:42.742620
14,22,8,3,0,3,2026-06-16T10:42:44.140563
14,22,9,3,0,3,2026-06-16T10:42:45.354458
14,22,10,3,0,3,2026-06-16T10:42:47.062222
14,23,1,5,0,5,2026-06-16T10:42:53.601858
14,23,2,5,0,5,2026-06-16T10:42:55.408591
14,23,3,5,0,5,2026-06-16T10:42:56.214920
14,23,4,5,0,5,2026-06-16T10:42:57.202111
14,23,5,5,0,5,2026-06-16T10:42:58.426942
14,23,6,5,0,5,2026-06-16T10:42:59.450326
14,23,7,5,0,5,2026-06-16T10:43:01.229647
14,23,8,5,0,5,2026-06-16T10:43:02.453676
14,23,9,5,0,5,2026-06-16T10:43:03.451489
14,23,10,5,0,5,2026-06-16T10:43:04.657914
14,24,1,3,0,3,2026-06-16T10:43:11.886990
14,24,2,0,0,0,2026-06-16T10:43:13.493665
14,24,3,0,0,0,2026-06-16T10:43:14.905214
14,24,4,3,0,3,2026-06-16T10:43:16.122091
14,24,5,3,0,3,2026-06-16T10:43:17.919347
14,24,6,3,0,3,2026-06-16T10:43:18.968785
14,24,7,3,0,3,2026-06-16T10:43:20.387833
14,24,8,3,0,3,2026-06-16T10:43:21.597105
14,24,9,3,0,3,2026-06-16T10:43:22.808298
14,24,10,3,0,3,2026-06-16T10:43:24.209524
14,25,1,0,0,0,2026-06-16T10:43:25.213523
14,25,2,0,0,0,2026-06-16T10:43:26.427545
14,25,3,0,0,0,2026-06-16T10:43:27.227441
14,25,4,0,0,0,2026-06-16T10:43:34.435131
14,25,5,0,0,0,2026-06-16T10:43:36.110599
14,25,6,0,0,0,2026-06-16T10:43:36.911486
14,25,7,0,0,0,2026-06-16T10:43:38.330780
14,25,8,0,0,0,2026-06-16T10:43:39.322601
14,25,9,0,0,0,2026-06-16T10:43:45.913351
14,25,10,0,0,0,2026-06-16T10:43:47.313585
14,26,1,5,0,5,2026-06-16T10:43:48.924989
14,26,2,5,0,5,2026-06-16T10:43:50.129786
14,26,3,3,0,3,2026-06-16T10:43:51.105301
14,26,4,5,0,5,2026-06-16T10:43:54.002105
14,26,5,5,0,5,2026-06-16T10:43:54.803557
14,26,6,5,0,5,2026-06-16T10:43:56.414646
14,26,7,5,0,5,2026-06-16T10:44:03.606964
14,26,8,5,0,5,2026-06-16T10:44:05.209716
14,26,9,5,0,5,2026-06-16T10:44:06.813066
14,26,10,5,0,5,2026-06-16T10:44:07.826773
14,27,1,2,0,2,2026-06-16T10:44:09.012384
14,27,2,2,0,2,2026-06-16T10:44:09.805126
14,27,3,2,0,2,2026-06-16T10:44:10.980167
14,27,4,2,0,2,2026-06-16T10:44:12.393697
14,27,5,2,0,2,2026-06-16T10:44:13.387743
14,27,6,2,0,2,2026-06-16T10:44:14.588504
14,27,7,2,0,2,2026-06-16T10:44:15.579779
14,27,8,2,0,2,2026-06-16T10:44:22.125789
14,27,9,2,0,2,2026-06-16T10:44:24.178522
14,27,10,2,0,2,2026-06-16T10:44:25.590639
14,28,1,3,0,3,2026-06-16T10:44:27.187058
14,28,2,3,0,3,2026-06-16T10:44:28.391231
14,28,3,3,0,3,2026-06-16T10:44:34.926404
14,28,4,3,0,3,2026-06-16T10:44:37.343261
14,28,5,3,0,3,2026-06-16T10:44:38.781515
14,28,6,3,0,3,2026-06-16T10:44:39.787314
14,28,7,3,0,3,2026-06-16T10:44:46.995240
14,28,8,3,0,3,2026-06-16T10:44:47.797441
14,28,9,3,0,3,2026-06-16T10:44:48.783184
14,28,10,3,0,3,2026-06-16T10:44:50.397015
14,29,1,2,0,2,2026-06-16T10:44:51.207964
14,29,2,2,0,2,2026-06-16T10:44:58.393428
14,29,3,2,0,2,2026-06-16T10:45:00.198777
14,29,4,2,0,2,2026-06-16T10:45:00.990125
14,29,5,2,0,2,2026-06-16T10:45:01.792186
14,29,6,2,0,2,2026-06-16T10:45:03.388337
14,29,7,2,0,2,2026-06-16T10:45:04.392661
14,29,8,2,0,2,2026-06-16T10:45:06.594983
14,29,9,2,0,2,2026-06-16T10:45:07.582903
14,29,10,2,0,2,2026-06-16T10:45:08.363705
14,30,1,2,0,2,2026-06-16T10:45:09.565355
14,30,2,2,0,2,2026-06-16T10:45:12.187438
14,30,3,2,0,2,2026-06-16T10:45:13.391334
14,30,4,2,0,2,2026-06-16T10:45:14.795659
14,30,5,2,0,2,2026-06-16T10:45:16.200530
14,30,6,2,0,2,2026-06-16T10:45:17.810391
14,30,7,2,0,2,2026-06-16T10:45:18.612393
14,30,8,2,0,2,2026-06-16T10:45:19.602140
14,30,9,2,0,2,2026-06-16T10:45:20.806984
14,30,10,2,0,2,2026-06-16T10:45:27.999450
15,1,1,5,0,5,2026-06-16T10:45:29.035460
15,1,2,5,0,5,2026-06-16T10:45:29.832669
15,1,3,5,0,5,2026-06-16T10:45:31.222387
15,1,4,5,0,5,2026-06-16T10:45:33.055139
15,1,5,5,0,5,2026-06-16T10:45:33.845515
15,1,6,5,0,5,2026-06-16T10:45:35.510099
15,1,7,5,0,5,2026-06-16T10:45:36.944553
15,1,8,5,0,5,2026-06-16T10:45:37.934484
15,1,9,5,0,5,2026-06-16T10:45:45.061300
15,1,10,5,0,5,2026-06-16T10:45:46.254485
15,2,1,5,0,5,2026-06-16T10:45:47.645363
15,2,2,5,0,5,2026-06-16T10:45:48.832830
15,2,3,5,0,5,2026-06-16T10:45:50.447006
15,2,4,5,0,5,2026-06-16T10:45:53.311326
15,2,5,5,0,5,2026-06-16T10:45:54.910578
15,2,6,5,0,5,2026-06-16T10:45:56.315598
15,2,7,5,0,5,2026-06-16T10:46:02.860644
15,2,8,5,0,5,2026-06-16T10:46:04.268224
15,2,9,5,0,5,2026-06-16T10:46:05.681263
15,2,10,5,0,5,2026-06-16T10:46:07.268964
15,3,1,3,0,3,2026-06-16T10:46:08.856119
15,3,2,3,0,3,2026-06-16T10:46:10.862812
15,3,3,3,0,3,2026-06-16T10:46:12.251336
15,3,4,3,0,3,2026-06-16T10:46:14.047283
15,3,5,3,0,3,2026-06-16T10:46:15.241230
15,3,6,3,0,3,2026-06-16T10:46:16.235917
15,3,7,3,0,3,2026-06-16T10:46:17.430296
15,3,8,3,0,3,2026-06-16T10:46:18.623561
15,3,9,3,0,3,2026-06-16T10:46:20.423877
15,3,10,3,0,3,2026-06-16T10:46:22.036272
15,4,1,3,0,3,2026-06-16T10:46:23.042528
15,4,2,2,0,2,2026-06-16T10:46:24.474475
15,4,3,3,0,3,2026-06-16T10:46:26.274412
15,4,4,3,0,3,2026-06-16T10:46:27.852743
15,4,5,3,0,3,2026-06-16T10:46:29.240722
15,4,6,3,0,3,2026-06-16T10:46:30.038198
15,4,7,2,0,2,2026-06-16T10:46:31.017545
15,4,8,3,0,3,2026-06-16T10:46:38.164973
15,4,9,3,0,3,2026-06-16T10:46:39.760795
15,4,10,3,0,3,2026-06-16T10:46:41.146727
15,5,1,2,0,2,2026-06-16T10:46:42.791552
15,5,2,2,0,2,2026-06-16T10:46:43.814383
15,5,3,2,0,2,2026-06-16T10:46:50.363148
15,5,4,2,0,2,2026-06-16T10:46:51.154705
15,5,5,1,0,1,2026-06-16T10:46:52.970893
15,5,6,2,0,2,2026-06-16T10:46:54.563948
15,5,7,2,0,2,2026-06-16T10:46:55.967753
15,5,8,2,0,2,2026-06-16T10:46:57.159314
15,5,9,2,0,2,2026-06-16T10:46:58.763650
15,5,10,2,0,2,2026-06-16T10:47:00.775524
15,6,1,5,0,5,2026-06-16T10:47:03.271915
15,6,2,5,0,5,2026-06-16T10:47:04.268613
15,6,3,5,0,5,2026-06-16T10:47:05.256109
15,6,4,5,0,5,2026-06-16T10:47:07.061218
15,6,5,5,0,5,2026-06-16T10:47:08.458192
15,6,6,5,0,5,2026-06-16T10:47:09.460182
15,6,7,5,0,5,2026-06-16T10:47:10.840401
15,6,8,5,0,5,2026-06-16T10:47:12.029926
15,6,9,5,0,5,2026-06-16T10:47:13.232352
15,6,10,5,0,5,2026-06-16T10:47:19.735344
15,7,1,5,0,5,2026-06-16T10:47:21.332355
15,7,2,5,0,5,2026-06-16T10:47:22.731130
15,7,3,5,0,5,2026-06-16T10:47:24.322930
15,7,4,5,0,5,2026-06-16T10:47:25.705613
15,7,5,5,0,5,2026-06-16T10:47:27.306450
15,7,6,5,0,5,2026-06-16T10:47:28.902511
15,7,7,5,0,5,2026-06-16T10:47:29.878409
15,7,8,5,0,5,2026-06-16T10:47:37.048212
15,7,9,5,0,5,2026-06-16T10:47:38.648862
15,7,10,5,0,5,2026-06-16T10:47:40.262915
15,8,1,4,0,4,2026-06-16T10:47:41.868685
15,8,2,4,0,4,2026-06-16T10:47:48.378943
15,8,3,4,0,4,2026-06-16T10:47:50.188547
15,8,4,4,0,4,2026-06-16T10:47:51.589258
15,8,5,4,0,4,2026-06-16T10:47:53.189124
15,8,6,4,0,4,2026-06-16T10:47:55.904434
15,8,7,4,0,4,2026-06-16T10:47:57.497383
15,8,8,4,0,4,2026-06-16T10:47:58.296358
15,8,9,4,0,4,2026-06-16T10:48:05.470634
15,8,10,4,0,4,2026-06-16T10:48:08.328056
15,9,1,2,0,2,2026-06-16T10:48:09.935745
15,9,2,2,0,2,2026-06-16T10:48:11.129840
15,9,3,2,0,2,2026-06-16T10:48:18.314047
15,9,4,2,0,2,2026-06-16T10:48:20.123624
15,9,5,2,0,2,2026-06-16T10:49:36.569572
15,9,6,2,0,2,2026-06-16T10:49:38.406203
15,9,7,2,0,2,2026-06-16T10:49:40.197515
15,9,8,2,0,2,2026-06-16T10:49:41.805880
15,9,9,2,0,2,2026-06-16T10:49:43.406856
15,9,10,2,0,2,2026-06-16T10:49:44.390144
15,10,1,1,0,1,2026-06-16T10:49:46.200854
15,10,2,1,0,1,2026-06-16T10:49:47.602153
15,10,3,1,0,1,2026-06-16T10:49:54.997904
15,10,4,1,0,1,2026-06-16T10:49:56.601453
15,10,5,1,0,1,2026-06-16T10:49:57.608944
15,10,6,1,0,1,2026-06-16T10:49:58.984632
15,10,7,1,0,1,2026-06-16T10:50:00.772870
15,10,8,1,0,1,2026-06-16T10:50:03.180749
15,10,9,1,0,1,2026-06-16T10:50:04.176951
15,10,10,1,0,1,2026-06-16T10:50:05.162885
15,11,1,5,0,5,2026-06-16T10:50:06.162004
15,11,2,5,0,5,2026-06-16T10:50:13.369090
15,11,3,5,0,5,2026-06-16T10:50:15.171699
15,11,4,5,0,5,2026-06-16T10:50:16.769622
15,11,5,5,0,5,2026-06-16T10:50:17.787717
15,11,6,5,0,5,2026-06-16T10:50:20.190667
15,11,7,5,0,5,2026-06-16T10:50:21.588766
15,11,8,5,0,5,2026-06-16T10:50:22.979213
15,11,9,5,0,5,2026-06-16T10:50:30.835480
15,11,10,5,0,5,2026-06-16T10:50:32.477082
15,12,1,5,0,5,2026-06-16T10:50:33.879851
15,12,2,5,0,5,2026-06-16T10:50:35.479447
15,12,3,5,0,5,2026-06-16T10:50:37.706721
15,12,4,5,0,5,2026-06-16T10:50:38.512418
15,12,5,5,0,5,2026-06-16T10:50:39.508738
15,12,6,5,0,5,2026-06-16T10:50:40.511983
15,12,7,5,0,5,2026-06-16T10:50:47.714763
15,12,8,5,0,5,2026-06-16T10:50:49.113682
15,12,9,5,0,5,2026-06-16T10:50:50.322442
15,12,10,5,0,5,2026-06-16T10:50:52.124603
15,13,1,3,0,3,2026-06-16T10:50:53.122737
15,13,2,3,0,3,2026-06-16T10:50:54.120071
15,13,3,3,0,3,2026-06-16T10:50:55.725022
15,13,4,3,0,3,2026-06-16T10:50:57.136183
15,13,5,3,0,3,2026-06-16T10:51:04.266004
15,13,6,3,0,3,2026-06-16T10:51:05.863356
15,13,7,3,0,3,2026-06-16T10:51:06.658031
15,13,8,3,0,3,2026-06-16T10:51:07.448945
15,13,9,3,0,3,2026-06-16T10:51:08.452700
15,13,10,3,0,3,2026-06-16T10:51:09.649123
15,14,1,3,0,3,2026-06-16T10:51:16.195427
15,14,2,3,0,3,2026-06-16T10:51:18.612141
15,14,3,3,0,3,2026-06-16T10:51:19.807673
15,14,4,3,0,3,2026-06-16T10:51:20.807281
15,14,5,3,0,3,2026-06-16T10:51:22.606779
15,14,6,3,0,3,2026-06-16T10:51:24.213376
15,14,7,3,0,3,2026-06-16T10:51:25.417530
15,14,8,3,0,3,2026-06-16T10:51:26.816716
15,14,9,3,0,3,2026-06-16T10:51:28.424436
15,14,10,3,0,3,2026-06-16T10:51:34.884954
15,15,1,0,0,0,2026-06-16T10:51:37.296021
15,15,2,0,0,0,2026-06-16T10:51:38.496540
15,15,3,0,0,0,2026-06-16T10:51:40.302620
15,15,4,0,0,0,2026-06-16T10:51:42.928117
15,15,5,0,0,0,2026-06-16T10:51:44.332290
15,15,6,0,0,0,2026-06-16T10:51:45.526901
15,15,7,0,0,0,2026-06-16T10:51:52.701272
15,15,8,0,0,0,2026-06-16T10:51:53.716158
15,15,9,0,0,0,2026-06-16T10:51:54.508489
15,15,10,0,0,0,2026-06-16T10:51:55.932613
15,16,1,4,0,4,2026-06-16T10:51:57.535966
15,16,2,4,0,4,2026-06-16T10:52:04.696419
15,16,3,4,0,4,2026-06-16T10:52:06.300703
15,16,4,4,0,4,2026-06-16T10:52:07.500483
15,16,5,4,0,4,2026-06-16T10:52:08.892058
15,16,6,4,0,4,2026-06-16T10:52:10.499799
15,16,7,4,0,4,2026-06-16T10:52:11.298681
15,16,8,4,0,4,2026-06-16T10:52:13.102489
15,16,9,4,0,4,2026-06-16T10:52:14.904748
15,16,10,4,0,4,2026-06-16T10:52:16.115212
15,17,1,5,0,5,2026-06-16T10:52:17.334240
15,17,2,5,0,5,2026-06-16T10:52:18.768905
15,17,3,5,0,5,2026-06-16T10:52:19.577957
15,17,4,5,0,5,2026-06-16T10:52:20.569150
15,17,5,5,0,5,2026-06-16T10:52:27.140791
15,17,6,5,0,5,2026-06-16T10:52:28.334919
15,17,7,5,0,5,2026-06-16T10:52:29.952362
15,17,8,5,0,5,2026-06-16T10:52:30.947094
15,17,9,5,0,5,2026-06-16T10:52:32.561013
15,17,10,5,0,5,2026-06-16T10:52:39.125084
15,18,1,3,0,3,2026-06-16T10:52:40.123932
15,18,2,3,0,3,2026-06-16T10:52:41.104275
15,18,3,3,0,3,2026-06-16T10:52:41.898903
15,18,4,3,0,3,2026-06-16T10:52:42.885719
15,18,5,3,0,3,2026-06-16T10:52:44.103108
15,18,6,3,0,3,2026-06-16T10:52:50.657970
15,18,7,3,0,3,2026-06-16T10:52:52.246245
15,18,8,3,0,3,2026-06-16T10:52:53.843157
15,18,9,3,0,3,2026-06-16T10:52:55.444402
15,18,10,3,0,3,2026-06-16T10:52:57.651063
15,19,1,3,0,3,2026-06-16T10:52:59.044744
15,19,2,3,0,3,2026-06-16T10:53:00.654383
15,19,3,3,0,3,2026-06-16T10:53:02.063665
15,19,4,3,0,3,2026-06-16T10:53:03.672251
15,19,5,3,0,3,2026-06-16T10:53:04.886552
15,19,6,3,0,3,2026-06-16T10:53:05.686577
15,19,7,3,0,3,2026-06-16T10:53:07.484007
15,19,8,3,0,3,2026-06-16T10:53:09.900309
15,19,9,3,0,3,2026-06-16T10:53:11.303435
15,19,10,3,0,3,2026-06-16T10:53:12.270453
15,20,1,3,0,3,2026-06-16T10:53:13.064614
15,20,2,3,0,3,2026-06-16T10:53:15.795914
15,20,3,3,0,3,2026-06-16T10:53:17.033123
15,20,4,3,0,3,2026-06-16T10:53:17.833530
15,20,5,3,0,3,2026-06-16T10:53:18.854455
15,20,6,3,0,3,2026-06-16T10:53:25.386373
15,20,7,3,0,3,2026-06-16T10:53:26.995403
15,20,8,3,0,3,2026-06-16T10:53:28.174297
15,20,9,3,0,3,2026-06-16T10:53:29.574398
15,20,10,3,0,3,2026-06-16T10:53:30.569175
15,21,1,5,0,5,2026-06-16T10:53:32.160545
15,21,2,5,0,5,2026-06-16T10:53:33.577523
15,21,3,5,0,5,2026-06-16T10:53:34.572231
15,21,4,5,0,5,2026-06-16T10:53:35.979221
15,21,5,5,0,5,2026-06-16T10:53:43.104473
15,21,6,5,0,5,2026-06-16T10:53:44.503517
15,21,7,5,0,5,2026-06-16T10:53:46.115954
15,21,8,5,0,5,2026-06-16T10:53:47.124736
15,21,9,5,0,5,2026-06-16T10:53:54.244355
15,21,10,5,0,5,2026-06-16T10:53:56.062735
15,22,1,4,0,4,2026-06-16T10:53:57.658067
15,22,2,4,0,4,2026-06-16T10:53:58.860992
15,22,3,4,0,4,2026-06-16T10:54:06.018364
15,22,4,4,0,4,2026-06-16T10:54:07.409464
15,22,5,4,0,4,2026-06-16T10:54:08.804927
15,22,6,4,0,4,2026-06-16T10:54:09.589936
15,22,7,4,0,4,2026-06-16T10:54:11.390953
15,22,8,4,0,4,2026-06-16T10:54:14.265271
15,22,9,4,0,4,2026-06-16T10:54:15.261668
15,22,10,4,0,4,2026-06-16T10:54:16.868430
15,23,1,4,0,4,2026-06-16T10:54:24.089324
15,23,2,4,0,4,2026-06-16T10:54:25.297889
15,23,3,4,0,4,2026-06-16T10:54:26.898830
15,23,4,4,0,4,2026-06-16T10:54:27.905467
15,23,5,4,0,4,2026-06-16T10:54:29.306237
15,23,6,4,0,4,2026-06-16T10:54:31.732148
15,23,7,4,0,4,2026-06-16T10:54:33.130214
15,23,8,4,0,4,2026-06-16T10:54:34.735926
15,23,9,4,0,4,2026-06-16T10:54:41.226458
15,23,10,4,0,4,2026-06-16T10:54:42.230029
15,24,1,0,0,0,2026-06-16T10:54:43.624231
15,24,2,0,0,0,2026-06-16T10:54:44.614748
15,24,3,0,0,0,2026-06-16T10:54:46.428384
15,24,4,0,0,0,2026-06-16T10:54:48.853649
15,24,5,0,0,0,2026-06-16T10:54:49.645825
15,24,6,0,0,0,2026-06-16T10:54:51.034337
15,24,7,0,0,0,2026-06-16T10:54:52.424027
15,24,8,0,0,0,2026-06-16T10:54:58.911626
15,24,9,0,0,0,2026-06-16T10:55:00.562135
15,24,10,0,0,0,2026-06-16T10:55:02.175702
15,25,1,0,0,0,2026-06-16T10:55:03.381483
15,25,2,0,0,0,2026-06-16T10:55:04.780301
15,25,3,0,0,0,2026-06-16T10:55:07.421506
15,25,4,0,0,0,2026-06-16T10:55:08.820748
15,25,5,0,0,0,2026-06-16T10:55:10.023681
15,25,6,0,0,0,2026-06-16T10:55:17.155756
15,25,7,0,0,0,2026-06-16T10:55:18.155007
15,25,8,0,0,0,2026-06-16T10:55:19.365960
15,25,9,0,0,0,2026-06-16T10:55:20.427683
15,25,10,0,0,0,2026-06-16T10:55:21.673395
15,26,1,3,0,3,2026-06-16T10:55:22.874058
15,26,2,3,0,3,2026-06-16T10:55:24.286564
15,26,3,3,0,3,2026-06-16T10:55:25.886708
15,26,4,3,0,3,2026-06-16T10:55:27.692804
15,26,5,3,0,3,2026-06-16T10:55:28.890634
15,26,6,3,0,3,2026-06-16T10:55:30.301683
15,26,7,3,0,3,2026-06-16T10:55:31.913955
15,26,8,3,0,3,2026-06-16T10:55:33.719565
15,26,9,3,0,3,2026-06-16T10:55:35.122152
15,26,10,3,0,3,2026-06-16T10:55:35.915970
15,27,1,3,0,3,2026-06-16T10:55:37.326107
15,27,2,3,0,3,2026-06-16T10:55:38.935710
15,27,3,3,0,3,2026-06-16T10:55:40.399383
15,27,4,3,0,3,2026-06-16T10:55:43.269759
15,27,5,3,0,3,2026-06-16T10:55:44.664098
15,27,6,3,0,3,2026-06-16T10:55:46.410015
15,27,7,3,0,3,2026-06-16T10:55:53.001693
15,27,8,3,0,3,2026-06-16T10:55:54.202350
15,27,9,3,0,3,2026-06-16T10:55:55.403123
15,27,10,3,0,3,2026-06-16T10:55:56.464129
15,28,1,2,0,2,2026-06-16T10:55:57.264334
15,28,2,2,0,2,2026-06-16T10:55:58.258451
15,28,3,2,0,2,2026-06-16T10:56:00.686606
15,28,4,2,0,2,2026-06-16T10:56:02.488073
15,28,5,2,0,2,2026-06-16T10:56:03.292348
15,28,6,2,0,2,2026-06-16T10:56:10.449175
15,28,7,2,0,2,2026-06-16T10:56:12.009836
15,28,8,2,0,2,2026-06-16T10:56:13.227467
15,28,9,2,0,2,2026-06-16T10:56:14.631944
15,28,10,2,0,2,2026-06-16T10:56:15.823548
15,29,1,3,0,3,2026-06-16T10:56:18.220201
15,29,2,3,0,3,2026-06-16T10:56:19.637333
15,29,3,3,0,3,2026-06-16T10:56:21.046228
15,29,4,3,0,3,2026-06-16T10:56:22.656791
15,29,5,3,0,3,2026-06-16T10:56:24.246662
15,29,6,3,0,3,2026-06-16T10:56:25.855570
15,29,7,3,0,3,2026-06-16T10:56:27.046311
15,29,8,3,0,3,2026-06-16T10:56:28.648238
15,29,9,3,0,3,2026-06-16T10:56:30.234770
15,29,10,3,0,3,2026-06-16T10:56:31.633141
15,30,1,3,0,3,2026-06-16T10:56:32.899765
15,30,2,3,0,3,2026-06-16T10:56:34.508690
15,30,3,3,0,3,2026-06-16T10:56:36.154094
15,30,4,3,0,3,2026-06-16T10:56:37.573327
15,30,5,3,0,3,2026-06-16T10:56:39.173385
15,30,6,3,0,3,2026-06-16T10:56:39.976832
15,30,7,3,0,3,2026-06-16T10:56:42.613282
15,30,8,3,0,3,2026-06-16T10:56:43.613037
15,30,9,3,0,3,2026-06-16T10:56:44.911505
15,30,10,3,0,3,2026-06-16T10:56:46.318499
16,1,1,3,0,3,2026-06-16T10:56:48.522568
16,1,2,3,0,3,2026-06-16T10:56:50.119053
16,1,3,3,0,3,2026-06-16T10:56:51.731951
16,1,4,3,0,3,2026-06-16T10:56:52.739519
16,1,5,3,0,3,2026-06-16T10:56:55.364747
16,1,6,3,0,3,2026-06-16T10:56:56.351479
16,1,7,3,0,3,2026-06-16T10:56:57.552862
16,1,8,3,0,3,2026-06-16T10:56:58.572398
16,1,9,3,0,3,2026-06-16T10:56:59.574680
16,1,10,3,0,3,2026-06-16T10:57:02.456837
16,2,1,3,0,3,2026-06-16T10:57:03.650274
16,2,2,3,0,3,2026-06-16T10:57:04.426443
16,2,3,3,0,3,2026-06-16T10:57:11.589455
16,2,4,3,0,3,2026-06-16T10:57:13.189776
16,2,5,3,0,3,2026-06-16T10:57:14.801596
16,2,6,3,0,3,2026-06-16T10:57:16.209139
16,2,7,3,0,3,2026-06-16T10:57:17.016661
16,2,8,3,0,3,2026-06-16T10:57:23.598460
16,2,9,3,0,3,2026-06-16T10:57:24.791129
16,2,10,3,0,3,2026-06-16T10:57:26.184460
16,3,1,1,0,1,2026-06-16T10:57:27.767864
16,3,2,2,0,2,2026-06-16T10:57:28.969566
16,3,3,1,0,1,2026-06-16T10:57:31.093948
16,3,4,1,0,1,2026-06-16T10:57:32.526442
16,3,5,1,0,1,2026-06-16T10:57:34.137323
16,3,6,2,0,2,2026-06-16T10:57:35.131195
16,3,7,1,0,1,2026-06-16T10:57:36.541075
16,3,8,1,0,1,2026-06-16T10:57:38.342954
16,3,9,1,0,1,2026-06-16T10:57:39.741567
16,3,10,2,0,2,2026-06-16T10:57:46.907056
16,4,1,2,0,2,2026-06-16T10:57:48.334009
16,4,2,2,0,2,2026-06-16T10:57:49.741279
16,4,3,1,0,1,2026-06-16T10:57:51.157124
16,4,4,1,0,1,2026-06-16T10:57:52.353022
16,4,5,1,0,1,2026-06-16T10:57:54.167568
16,4,6,2,0,2,2026-06-16T10:57:55.179746
16,4,7,1,0,1,2026-06-16T10:57:56.164218
16,4,8,1,0,1,2026-06-16T10:57:57.576714
16,4,9,1,0,1,2026-06-16T10:57:59.379259
16,4,10,2,0,2,2026-06-16T10:58:00.789619
16,5,1,0,0,0,2026-06-16T10:58:02.395610
16,5,2,1,0,1,2026-06-16T10:58:03.782132
16,5,3,0,0,0,2026-06-16T10:58:06.663126
16,5,4,1,0,1,2026-06-16T10:58:08.069927
16,5,5,0,0,0,2026-06-16T10:58:09.478931
16,5,6,1,0,1,2026-06-16T10:58:16.737474
16,5,7,0,0,0,2026-06-16T10:58:18.346886
16,5,8,1,0,1,2026-06-16T10:58:19.121828
16,5,9,0,0,0,2026-06-16T10:58:20.723676
16,5,10,1,0,1,2026-06-16T10:58:22.517741
16,6,1,3,0,3,2026-06-16T10:58:29.695523
16,6,2,3,0,3,2026-06-16T10:58:31.091725
16,6,3,3,0,3,2026-06-16T10:58:32.508280
16,6,4,3,0,3,2026-06-16T10:58:34.109056
16,6,5,3,0,3,2026-06-16T10:58:40.637125
16,6,6,3,0,3,2026-06-16T10:58:43.258318
16,6,7,3,0,3,2026-06-16T10:58:44.857821
16,6,8,3,0,3,2026-06-16T10:58:46.460964
16,6,9,3,0,3,2026-06-16T10:58:48.068547
16,6,10,3,0,3,2026-06-16T10:58:49.655684
16,7,1,3,0,3,2026-06-16T10:58:50.649675
16,7,2,3,0,3,2026-06-16T10:58:51.684118
16,7,3,3,0,3,2026-06-16T10:58:58.835025
16,7,4,3,0,3,2026-06-16T10:59:00.619804
16,7,5,3,0,3,2026-06-16T10:59:01.616329
16,7,6,3,0,3,2026-06-16T10:59:02.616329
16,7,7,3,0,3,2026-06-16T10:59:03.624380
16,7,8,3,0,3,2026-06-16T10:59:10.782308
16,7,9,3,0,3,2026-06-16T10:59:12.579865
16,7,10,3,0,3,2026-06-16T10:59:13.586158
16,8,1,3,0,3,2026-06-16T10:59:14.788708
16,8,2,3,0,3,2026-06-16T10:59:15.782725
16,8,3,3,0,3,2026-06-16T10:59:17.584183
16,8,4,3,0,3,2026-06-16T10:59:19.399486
16,8,5,3,0,3,2026-06-16T10:59:20.580727
16,8,6,3,0,3,2026-06-16T10:59:22.171476
16,8,7,3,0,3,2026-06-16T10:59:24.380117
16,8,8,3,0,3,2026-06-16T10:59:25.364306
16,8,9,3,0,3,2026-06-16T10:59:26.575079
16,8,10,3,0,3,2026-06-16T10:59:27.965389
16,9,1,1,0,1,2026-06-16T10:59:29.372274
16,9,2,1,0,1,2026-06-16T10:59:31.163977
16,9,3,1,0,1,2026-06-16T10:59:32.744739
16,9,4,1,0,1,2026-06-16T10:59:39.900884
16,9,5,1,0,1,2026-06-16T10:59:41.679281
16,9,6,1,0,1,2026-06-16T10:59:42.897392
16,9,7,1,0,1,2026-06-16T10:59:43.696595
16,9,8,1,0,1,2026-06-16T10:59:45.098580
16,9,9,1,0,1,2026-06-16T10:59:46.092008
16,9,10,1,0,1,2026-06-16T10:59:47.085926
16,10,1,2,0,2,2026-06-16T10:59:48.686644
16,10,2,2,0,2,2026-06-16T10:59:49.685713
16,10,3,2,0,2,2026-06-16T10:59:50.673613
16,10,4,2,0,2,2026-06-16T10:59:57.837039
16,10,5,2,0,2,2026-06-16T11:00:04.387238
16,10,6,2,0,2,2026-06-16T11:00:05.198430
16,10,7,2,0,2,2026-06-16T11:00:06.796305
16,10,8,2,0,2,2026-06-16T11:00:08.603802
16,10,9,2,0,2,2026-06-16T11:00:15.790503
16,10,10,2,0,2,2026-06-16T11:00:17.397099
16,11,1,3,0,3,2026-06-16T11:00:18.598977
16,11,2,3,0,3,2026-06-16T11:00:20.203604
16,11,3,3,0,3,2026-06-16T11:00:21.387362
16,11,4,3,0,3,2026-06-16T11:00:28.578821
16,11,5,3,0,3,2026-06-16T11:00:30.180364
16,11,6,3,0,3,2026-06-16T11:00:31.788383
16,11,7,3,0,3,2026-06-16T11:00:33.148749
16,11,8,3,0,3,2026-06-16T11:00:34.550016
16,11,9,3,0,3,2026-06-16T11:00:41.102163
16,11,10,3,0,3,2026-06-16T11:00:42.899168
16,12,1,3,0,3,2026-06-16T11:00:44.704050
16,12,2,3,0,3,2026-06-16T11:00:45.707362
16,12,3,3,0,3,2026-06-16T11:00:52.251832
16,12,4,3,0,3,2026-06-16T11:00:54.057417
16,12,5,3,0,3,2026-06-16T11:00:55.659271
16,12,6,3,0,3,2026-06-16T11:00:57.052397
16,12,7,3,0,3,2026-06-16T11:01:03.634258
16,12,8,3,0,3,2026-06-16T11:01:10.187221
16,12,9,3,0,3,2026-06-16T11:01:10.976725
16,12,10,3,0,3,2026-06-16T11:01:12.174495
16,13,1,2,0,2,2026-06-16T11:01:13.365187
16,13,2,2,0,2,2026-06-16T11:01:14.967268
16,13,3,2,0,2,2026-06-16T11:01:17.381024
16,13,4,3,0,3,2026-06-16T11:01:18.592760
16,13,5,2,0,2,2026-06-16T11:01:19.782810
16,13,6,2,0,2,2026-06-16T11:01:21.375648
16,13,7,2,0,2,2026-06-16T11:01:27.949075
16,13,8,3,0,3,2026-06-16T11:01:29.140039
16,13,9,2,0,2,2026-06-16T11:01:30.136228
16,13,10,2,0,2,2026-06-16T11:01:31.129820
16,14,1,3,0,3,2026-06-16T11:01:32.828146
16,14,2,3,0,3,2026-06-16T11:01:40.027639
16,14,3,3,0,3,2026-06-16T11:01:46.545348
16,14,4,3,0,3,2026-06-16T11:01:47.538430
16,14,5,3,0,3,2026-06-16T11:01:48.542718
16,14,6,3,0,3,2026-06-16T11:01:49.540114
16,14,7,3,0,3,2026-06-16T11:01:50.357004
16,14,8,3,0,3,2026-06-16T11:01:51.973798
16,14,9,3,0,3,2026-06-16T11:01:59.141846
16,14,10,3,0,3,2026-06-16T11:01:59.941613
16,15,1,0,0,0,2026-06-16T11:02:01.761896
16,15,2,0,0,0,2026-06-16T11:02:03.172643
16,15,3,0,0,0,2026-06-16T11:02:03.980615
16,15,4,0,0,0,2026-06-16T11:02:11.210350
16,15,5,0,0,0,2026-06-16T11:02:12.408376
16,15,6,0,0,0,2026-06-16T11:02:13.186565
16,15,7,0,0,0,2026-06-16T11:02:14.788057
16,15,8,0,0,0,2026-06-16T11:02:15.780723
16,15,9,0,0,0,2026-06-16T11:02:22.950918
16,15,10,0,0,0,2026-06-16T11:02:24.357068
16,16,1,3,0,3,2026-06-16T11:02:25.563265
16,16,2,3,0,3,2026-06-16T11:02:27.361596
16,16,3,3,0,3,2026-06-16T11:02:28.556309
16,16,4,3,0,3,2026-06-16T11:02:30.759849
16,16,5,3,0,3,2026-06-16T11:02:31.550159
16,16,6,3,0,3,2026-06-16T11:02:33.344109
16,16,7,3,0,3,2026-06-16T11:02:40.497982
16,16,8,3,0,3,2026-06-16T11:02:41.897961
16,16,9,3,0,3,2026-06-16T11:02:43.545011
16,16,10,3,0,3,2026-06-16T11:02:44.748959
16,17,1,3,0,3,2026-06-16T11:02:51.937750
16,17,2,3,0,3,2026-06-16T11:02:53.514358
16,17,3,3,0,3,2026-06-16T11:02:54.722655
16,17,4,3,0,3,2026-06-16T11:02:56.148238
16,17,5,3,0,3,2026-06-16T11:02:57.122784
16,17,6,3,0,3,2026-06-16T11:02:59.772286
16,17,7,3,0,3,2026-06-16T11:03:01.379397
16,17,8,3,0,3,2026-06-16T11:03:02.563758
16,17,9,3,0,3,2026-06-16T11:03:03.978848
16,17,10,3,0,3,2026-06-16T11:03:05.769803
16,18,1,2,0,2,2026-06-16T11:03:06.966552
16,18,2,2,0,2,2026-06-16T11:03:07.977474
16,18,3,2,0,2,2026-06-16T11:03:09.189213
16,18,4,2,0,2,2026-06-16T11:03:10.589076
16,18,5,2,0,2,2026-06-16T11:03:12.388726
16,18,6,2,0,2,2026-06-16T11:03:13.586638
16,18,7,2,0,2,2026-06-16T11:03:14.384742
16,18,8,2,0,2,2026-06-16T11:03:16.008638
16,18,9,2,0,2,2026-06-16T11:03:18.220252
16,18,10,2,0,2,2026-06-16T11:03:19.736130
16,19,1,2,0,2,2026-06-16T11:03:21.353590
16,19,2,2,0,2,2026-06-16T11:03:22.551651
16,19,3,2,0,2,2026-06-16T11:03:24.365691
16,19,4,2,0,2,2026-06-16T11:03:25.578793
16,19,5,2,0,2,2026-06-16T11:03:27.413558
16,19,6,2,0,2,2026-06-16T11:03:30.290023
16,19,7,2,0,2,2026-06-16T11:03:32.095399
16,19,8,2,0,2,2026-06-16T11:03:33.907649
16,19,9,2,0,2,2026-06-16T11:03:35.504381
16,19,10,2,0,2,2026-06-16T11:03:36.305632
16,20,1,3,0,3,2026-06-16T11:03:37.701368
16,20,2,3,0,3,2026-06-16T11:03:44.905768
16,20,3,3,0,3,2026-06-16T11:03:46.508378
16,20,4,3,0,3,2026-06-16T11:03:48.088379
16,20,5,3,0,3,2026-06-16T11:03:49.085545
16,20,6,3,0,3,2026-06-16T11:03:50.296975
16,20,7,3,0,3,2026-06-16T11:03:57.465318
16,20,8,3,0,3,2026-06-16T11:03:59.067360
16,20,9,3,0,3,2026-06-16T11:03:59.864331
16,20,10,3,0,3,2026-06-16T11:04:01.513793
16,21,1,5,0,5,2026-06-16T11:04:08.712134
16,21,2,5,0,5,2026-06-16T11:04:10.318921
16,21,3,5,0,5,2026-06-16T11:04:12.120986
16,21,4,5,0,5,2026-06-16T11:04:13.327886
16,21,5,5,0,5,2026-06-16T11:04:14.536728
16,21,6,5,0,5,2026-06-16T11:04:16.156775
16,21,7,5,0,5,2026-06-16T11:04:17.173804
16,21,8,5,0,5,2026-06-16T11:04:17.973137
16,21,9,5,0,5,2026-06-16T11:04:18.953276
16,21,10,5,0,5,2026-06-16T11:04:19.966469
16,22,1,3,0,3,2026-06-16T11:04:26.601968
16,22,2,3,0,3,2026-06-16T11:04:28.200740
16,22,3,3,0,3,2026-06-16T11:04:29.412924
16,22,4,3,0,3,2026-06-16T11:04:31.010694
16,22,5,3,0,3,2026-06-16T11:04:38.168164
16,22,6,3,0,3,2026-06-16T11:04:38.940008
16,22,7,3,0,3,2026-06-16T11:04:40.539457
16,22,8,3,0,3,2026-06-16T11:04:42.131753
16,22,9,3,0,3,2026-06-16T11:04:43.324524
16,22,10,3,0,3,2026-06-16T11:04:50.477492
16,23,1,3,0,3,2026-06-16T11:04:53.120064
16,23,2,3,0,3,2026-06-16T11:04:54.546933
16,23,3,3,0,3,2026-06-16T11:04:55.539613
16,23,4,3,0,3,2026-06-16T11:05:02.684946
16,23,5,3,0,3,2026-06-16T11:05:04.391389
16,23,6,3,0,3,2026-06-16T11:05:05.388458
16,23,7,3,0,3,2026-06-16T11:05:06.798950
16,23,8,3,0,3,2026-06-16T11:05:07.872066
16,23,9,3,0,3,2026-06-16T11:05:09.074834
16,23,10,3,0,3,2026-06-16T11:05:11.085566
16,24,1,0,0,0,2026-06-16T11:05:12.888071
16,24,2,0,0,0,2026-06-16T11:05:14.299744
16,24,3,0,0,0,2026-06-16T11:05:16.109504
16,24,4,0,0,0,2026-06-16T11:05:17.107406
16,24,5,0,0,0,2026-06-16T11:05:18.303071
16,24,6,0,0,0,2026-06-16T11:05:25.521955
16,24,7,0,0,0,2026-06-16T11:05:27.314805
16,24,8,0,0,0,2026-06-16T11:05:28.349716
16,24,9,0,0,0,2026-06-16T11:05:29.954309
16,24,10,0,0,0,2026-06-16T11:05:31.565690
16,25,1,0,0,0,2026-06-16T11:05:34.467301
16,25,2,0,0,0,2026-06-16T11:05:36.285980
16,25,3,0,0,0,2026-06-16T11:05:37.674809
16,25,4,0,0,0,2026-06-16T11:05:44.193558
16,25,5,0,0,0,2026-06-16T11:05:45.396885
16,25,6,0,0,0,2026-06-16T11:05:46.805705
16,25,7,0,0,0,2026-06-16T11:05:48.406419
16,25,8,0,0,0,2026-06-16T11:05:49.809619
16,25,9,0,0,0,2026-06-16T11:05:56.363900
16,25,10,0,0,0,2026-06-16T11:05:57.960362
16,26,1,3,0,3,2026-06-16T11:05:59.165649
16,26,2,3,0,3,2026-06-16T11:06:00.769726
16,26,3,3,0,3,2026-06-16T11:06:01.956881
16,26,4,3,0,3,2026-06-16T11:06:08.802383
16,26,5,3,0,3,2026-06-16T11:06:10.601247
16,26,6,3,0,3,2026-06-16T11:06:12.280598
16,26,7,3,0,3,2026-06-16T11:06:13.872818
16,26,8,3,0,3,2026-06-16T11:06:20.472158
16,26,9,3,0,3,2026-06-16T11:06:22.076230
16,26,10,3,0,3,2026-06-16T11:06:23.061161
16,27,1,3,0,3,2026-06-16T11:06:24.256799
16,27,2,3,0,3,2026-06-16T11:06:25.850987
16,27,3,3,0,3,2026-06-16T11:06:28.563693
16,27,4,3,0,3,2026-06-16T11:06:29.970458
16,27,5,3,0,3,2026-06-16T11:06:31.791555
16,27,6,3,0,3,2026-06-16T11:06:39.726114
16,27,7,3,0,3,2026-06-16T11:06:40.543395
16,27,8,3,0,3,2026-06-16T11:06:42.181406
16,27,9,3,0,3,2026-06-16T11:06:43.614514
16,27,10,3,0,3,2026-06-16T11:06:45.230243
16,28,1,2,0,2,2026-06-16T11:06:52.432311
16,28,2,2,0,2,2026-06-16T11:06:53.842162
16,28,3,2,0,2,2026-06-16T11:06:55.638804
16,28,4,2,0,2,2026-06-16T11:06:57.445133
16,28,5,2,0,2,2026-06-16T11:07:03.939309
16,28,6,2,0,2,2026-06-16T11:07:06.350946
16,28,7,2,0,2,2026-06-16T11:07:07.747081
16,28,8,2,0,2,2026-06-16T11:07:08.539372
16,28,9,2,0,2,2026-06-16T11:07:10.134365
16,28,10,2,0,2,2026-06-16T11:07:11.775294
16,29,1,2,0,2,2026-06-16T11:07:12.760766
16,29,2,2,0,2,2026-06-16T11:07:13.959830
16,29,3,2,0,2,2026-06-16T11:07:15.465178
16,29,4,2,0,2,2026-06-16T11:07:16.691713
16,29,5,2,0,2,2026-06-16T11:07:23.242825
16,29,6,2,0,2,2026-06-16T11:07:24.883879
16,29,7,2,0,2,2026-06-16T11:07:26.480612
16,29,8,2,0,2,2026-06-16T11:07:28.279019
16,29,9,2,0,2,2026-06-16T11:07:30.293053
16,29,10,2,0,2,2026-06-16T11:07:32.101105
16,30,1,3,0,3,2026-06-16T11:07:33.306803
16,30,2,3,0,3,2026-06-16T11:07:34.503462
16,30,3,3,0,3,2026-06-16T11:07:35.737083
16,30,4,3,0,3,2026-06-16T11:07:36.736943
16,30,5,3,0,3,2026-06-16T11:07:38.348598
16,30,6,3,0,3,2026-06-16T11:07:39.345056
16,30,7,3,0,3,2026-06-16T11:07:40.755395
16,30,8,3,0,3,2026-06-16T11:07:47.258038
16,30,9,3,0,3,2026-06-16T11:07:49.456199
16,30,10,3,0,3,2026-06-16T11:07:51.049571
17,1,1,5,0,5,2026-06-16T11:07:52.456463
17,1,2,5,0,5,2026-06-16T11:07:59.583839
17,1,3,5,0,5,2026-06-16T11:08:01.785944
17,1,4,5,0,5,2026-06-16T11:08:03.488060
17,1,5,5,0,5,2026-06-16T11:08:04.700143
17,1,6,5,0,5,2026-06-16T11:08:11.209023
17,1,7,5,0,5,2026-06-16T11:08:12.217441
17,1,8,5,0,5,2026-06-16T11:08:14.022829
17,1,9,5,0,5,2026-06-16T11:08:15.425358
17,1,10,5,0,5,2026-06-16T11:08:16.906281
17,2,1,5,0,5,2026-06-16T11:08:23.453805
17,2,2,5,0,5,2026-06-16T11:08:25.199222
17,2,3,5,0,5,2026-06-16T11:08:26.835882
17,2,4,5,0,5,2026-06-16T11:08:28.444978
17,2,5,5,0,5,2026-06-16T11:08:35.617128
17,2,6,5,0,5,2026-06-16T11:08:38.231151
17,2,7,5,0,5,2026-06-16T11:08:39.837823
17,2,8,5,0,5,2026-06-16T11:08:41.884540
17,2,9,5,0,5,2026-06-16T11:08:43.892693
17,2,10,5,0,5,2026-06-16T11:08:45.289453
17,3,1,2,0,2,2026-06-16T11:08:46.703636
17,3,2,2,0,2,2026-06-16T11:08:53.931424
17,3,3,2,0,2,2026-06-16T11:08:54.998059
17,3,4,2,0,2,2026-06-16T11:08:56.841505
17,3,5,2,0,2,2026-06-16T11:08:57.845076
17,3,6,2,0,2,2026-06-16T11:08:59.230330
17,3,7,2,0,2,2026-06-16T11:09:00.624585
17,3,8,2,0,2,2026-06-16T11:09:02.223334
17,3,9,2,0,2,2026-06-16T11:09:03.833805
17,3,10,2,0,2,2026-06-16T11:09:11.044059
17,4,1,2,0,2,2026-06-16T11:09:12.238895
17,4,2,2,0,2,2026-06-16T11:09:13.437933
17,4,3,2,0,2,2026-06-16T11:09:14.244388
17,4,4,2,0,2,2026-06-16T11:09:15.643856
17,4,5,2,0,2,2026-06-16T11:09:22.888528
17,4,6,2,0,2,2026-06-16T11:09:23.874845
17,4,7,2,0,2,2026-06-16T11:09:25.474936
17,4,8,2,0,2,2026-06-16T11:09:27.071108
17,4,9,2,0,2,2026-06-16T11:09:34.216524
17,4,10,2,0,2,2026-06-16T11:09:36.013612
17,5,1,2,0,2,2026-06-16T11:09:36.808498
17,5,2,2,0,2,2026-06-16T11:09:38.204678
17,5,3,2,0,2,2026-06-16T11:09:39.807138
17,5,4,2,0,2,2026-06-16T11:09:42.437497
17,5,5,2,0,2,2026-06-16T11:09:43.854578
17,5,6,2,0,2,2026-06-16T11:09:45.454911
17,5,7,2,0,2,2026-06-16T11:09:52.595684
17,5,8,2,0,2,2026-06-16T11:09:54.979956
17,5,9,2,0,2,2026-06-16T11:09:56.370155
17,5,10,2,0,2,2026-06-16T11:09:57.571040
17,6,1,5,0,5,2026-06-16T11:10:04.733149
17,6,2,5,0,5,2026-06-16T11:10:06.125217
17,6,3,5,0,5,2026-06-16T11:10:07.732996
17,6,4,5,0,5,2026-06-16T11:10:08.920595
17,6,5,5,0,5,2026-06-16T11:10:11.322898
17,6,6,5,0,5,2026-06-16T11:10:12.307570
17,6,7,5,0,5,2026-06-16T11:10:13.745020
17,6,8,5,0,5,2026-06-16T11:10:14.563001
17,6,9,5,0,5,2026-06-16T11:10:21.067659
17,6,10,5,0,5,2026-06-16T11:10:22.865387
17,7,1,5,0,5,2026-06-16T11:10:23.882347
17,7,2,5,0,5,2026-06-16T11:10:25.088654
17,7,3,5,0,5,2026-06-16T11:10:26.102400
17,7,4,5,0,5,2026-06-16T11:10:33.302095
17,7,5,5,0,5,2026-06-16T11:10:34.906342
17,7,6,5,0,5,2026-06-16T11:10:35.903424
17,7,7,5,0,5,2026-06-16T11:10:37.313511
17,7,8,5,0,5,2026-06-16T11:10:38.321814
17,7,9,5,0,5,2026-06-16T11:10:45.557597
17,7,10,5,0,5,2026-06-16T11:10:46.960896
17,8,1,5,0,5,2026-06-16T11:10:47.771777
17,8,2,5,0,5,2026-06-16T11:10:49.379087
17,8,3,5,0,5,2026-06-16T11:10:50.173384
17,8,4,5,0,5,2026-06-16T11:10:51.173713
17,8,5,5,0,5,2026-06-16T11:10:52.181001
17,8,6,5,0,5,2026-06-16T11:10:52.978275
17,8,7,5,0,5,2026-06-16T11:10:54.586430
17,8,8,5,0,5,2026-06-16T11:10:55.774763
17,8,9,5,0,5,2026-06-16T11:11:02.913149
17,8,10,5,0,5,2026-06-16T11:11:05.331332
17,9,1,2,0,2,2026-06-16T11:11:06.329181
17,9,2,2,0,2,2026-06-16T11:11:07.731562
17,9,3,2,0,2,2026-06-16T11:11:15.588129
17,9,4,2,0,2,2026-06-16T11:11:16.593888
17,9,5,2,0,2,2026-06-16T11:11:17.395923
17,9,6,2,0,2,2026-06-16T11:11:18.396639
17,9,7,2,0,2,2026-06-16T11:11:19.994521
17,9,8,2,0,2,2026-06-16T11:11:22.873568
17,9,9,2,0,2,2026-06-16T11:11:23.875368
17,9,10,2,0,2,2026-06-16T11:11:25.886795
17,10,1,2,0,2,2026-06-16T11:11:28.299734
17,10,2,2,0,2,2026-06-16T11:11:29.304401
17,10,3,2,0,2,2026-06-16T11:11:30.907852
17,10,4,2,0,2,2026-06-16T11:11:31.715042
17,10,5,2,0,2,2026-06-16T11:11:38.874436
17,10,6,2,0,2,2026-06-16T11:11:40.290330
17,10,7,2,0,2,2026-06-16T11:11:41.892032
17,10,8,2,0,2,2026-06-16T11:11:43.687166
17,10,9,2,0,2,2026-06-16T11:11:44.489447
17,10,10,2,0,2,2026-06-16T11:11:46.286114
17,11,1,5,0,5,2026-06-16T11:11:47.493427
17,11,2,5,0,5,2026-06-16T11:11:48.297667
17,11,3,5,0,5,2026-06-16T11:11:49.291354
17,11,4,5,0,5,2026-06-16T11:11:52.203064
17,11,5,5,0,5,2026-06-16T11:11:53.798798
17,11,6,5,0,5,2026-06-16T11:11:55.003830
17,11,7,5,0,5,2026-06-16T11:11:57.624080
17,11,8,5,0,5,2026-06-16T11:11:58.807780
17,11,9,5,0,5,2026-06-16T11:12:00.403124
17,11,10,5,0,5,2026-06-16T11:12:01.393765
17,12,1,5,0,5,2026-06-16T11:12:07.876178
17,12,2,5,0,5,2026-06-16T11:12:10.086956
17,12,3,5,0,5,2026-06-16T11:12:11.475628
17,12,4,5,0,5,2026-06-16T11:12:13.483327
17,12,5,5,0,5,2026-06-16T11:12:20.698546
17,12,6,5,0,5,2026-06-16T11:12:22.327302
17,12,7,5,0,5,2026-06-16T11:12:23.921983
17,12,8,5,0,5,2026-06-16T11:12:24.926839
17,12,9,5,0,5,2026-06-16T11:12:31.527326
17,12,10,5,0,5,2026-06-16T11:12:32.394074
17,13,1,3,0,3,2026-06-16T11:12:33.794121
17,13,2,3,0,3,2026-06-16T11:12:35.206326
17,13,3,3,0,3,2026-06-16T11:12:36.405621
17,13,4,3,0,3,2026-06-16T11:12:37.606492
17,13,5,3,0,3,2026-06-16T11:12:38.639573
17,13,6,3,0,3,2026-06-16T11:12:39.839951
17,13,7,3,0,3,2026-06-16T11:12:41.254977
17,13,8,3,0,3,2026-06-16T11:12:43.061910
17,13,9,3,0,3,2026-06-16T11:12:44.455355
17,13,10,3,0,3,2026-06-16T11:12:45.849036
17,14,1,3,0,3,2026-06-16T11:12:47.456525
17,14,2,3,0,3,2026-06-16T11:12:49.293214
17,14,3,3,0,3,2026-06-16T11:12:50.891395
17,14,4,3,0,3,2026-06-16T11:12:52.294278
17,14,5,3,0,3,2026-06-16T11:12:53.557168
17,14,6,3,0,3,2026-06-16T11:12:54.959872
17,14,7,3,0,3,2026-06-16T11:12:56.160611
17,14,8,3,0,3,2026-06-16T11:12:56.959140
17,14,9,3,0,3,2026-06-16T11:12:58.575985
17,14,10,3,0,3,2026-06-16T11:13:00.166431
17,15,1,2,0,2,2026-06-16T11:13:07.301351
17,15,2,2,0,2,2026-06-16T11:13:13.890584
17,15,3,2,0,2,2026-06-16T11:13:20.386917
17,15,4,2,0,2,2026-06-16T11:13:26.922271
17,15,5,2,0,2,2026-06-16T11:13:27.720518
17,15,6,2,0,2,2026-06-16T11:13:29.322469
17,15,7,2,0,2,2026-06-16T11:13:30.521030
17,15,8,2,0,2,2026-06-16T11:13:31.505294
17,15,9,2,0,2,2026-06-16T11:13:38.070256
17,15,10,2,0,2,2026-06-16T11:13:39.463379
17,16,1,5,0,5,2026-06-16T11:13:40.663334
17,16,2,5,0,5,2026-06-16T11:13:41.451325
17,16,3,5,0,5,2026-06-16T11:13:42.845990
17,16,4,5,0,5,2026-06-16T11:13:44.040177
17,16,5,5,0,5,2026-06-16T11:13:50.532466
17,16,6,5,0,5,2026-06-16T11:13:51.930765
17,16,7,5,0,5,2026-06-16T11:13:53.189777
17,16,8,5,0,5,2026-06-16T11:13:54.194895
17,16,9,5,0,5,2026-06-16T11:13:55.788196
17,16,10,5,0,5,2026-06-16T11:13:58.653860
17,17,1,5,0,5,2026-06-16T11:14:00.246547
17,17,2,5,0,5,2026-06-16T11:14:01.438729
17,17,3,5,0,5,2026-06-16T11:14:02.632357
17,17,4,5,0,5,2026-06-16T11:14:09.882094
17,17,5,5,0,5,2026-06-16T11:14:11.489702
17,17,6,5,0,5,2026-06-16T11:14:12.870672
17,17,7,5,0,5,2026-06-16T11:14:13.877535
17,17,8,5,0,5,2026-06-16T11:14:14.867255
17,17,9,5,0,5,2026-06-16T11:14:21.440198
17,17,10,5,0,5,2026-06-16T11:14:23.057238
17,18,1,3,0,3,2026-06-16T11:14:24.054521
17,18,2,3,0,3,2026-06-16T11:14:25.660367
17,18,3,3,0,3,2026-06-16T11:14:26.866889
17,18,4,3,0,3,2026-06-16T11:14:27.660625
17,18,5,3,0,3,2026-06-16T11:14:28.860788
17,18,6,3,0,3,2026-06-16T11:14:30.459690
17,18,7,3,0,3,2026-06-16T11:14:31.457106
17,18,8,3,0,3,2026-06-16T11:14:38.037623
17,18,9,3,0,3,2026-06-16T11:14:39.230360
17,18,10,3,0,3,2026-06-16T11:14:40.435854
17,19,1,5,0,5,2026-06-16T11:14:41.440254
17,19,2,5,0,5,2026-06-16T11:14:42.661209
17,19,3,5,0,5,2026-06-16T11:14:43.865462
17,19,4,5,0,5,2026-06-16T11:14:45.268815
17,19,5,5,0,5,2026-06-16T11:14:47.078249
17,19,6,5,0,5,2026-06-16T11:14:48.472090
17,19,7,5,0,5,2026-06-16T11:14:50.262447
17,19,8,5,0,5,2026-06-16T11:14:51.052110
17,19,9,5,0,5,2026-06-16T11:14:52.650003
17,19,10,5,0,5,2026-06-16T11:14:54.255227
17,20,1,3,0,3,2026-06-16T11:15:01.441169
17,20,2,3,0,3,2026-06-16T11:15:03.036597
17,20,3,3,0,3,2026-06-16T11:15:04.224176
17,20,4,3,0,3,2026-06-16T11:15:05.819583
17,20,5,3,0,3,2026-06-16T11:15:06.814462
17,20,6,3,0,3,2026-06-16T11:15:08.395097
17,20,7,3,0,3,2026-06-16T11:15:09.992090
17,20,8,3,0,3,2026-06-16T11:15:11.588294
17,20,9,3,0,3,2026-06-16T11:15:12.782225
17,20,10,3,0,3,2026-06-16T11:15:13.983527
17,21,1,5,0,5,2026-06-16T11:15:14.966592
17,21,2,5,0,5,2026-06-16T11:15:16.376911
17,21,3,5,0,5,2026-06-16T11:15:17.973844
17,21,4,5,0,5,2026-06-16T11:15:25.129938
17,21,5,5,0,5,2026-06-16T11:15:26.328401
17,21,6,5,0,5,2026-06-16T11:15:27.118145
17,21,7,5,0,5,2026-06-16T11:15:28.107479
17,21,8,5,0,5,2026-06-16T11:15:29.706881
17,21,9,5,0,5,2026-06-16T11:15:36.227567
17,21,10,5,0,5,2026-06-16T11:15:37.024730
17,22,1,5,0,5,2026-06-16T11:15:38.223296
17,22,2,5,0,5,2026-06-16T11:15:39.814009
17,22,3,5,0,5,2026-06-16T11:15:40.638950
17,22,4,5,0,5,2026-06-16T11:15:42.446973
17,22,5,5,0,5,2026-06-16T11:15:44.453063
17,22,6,5,0,5,2026-06-16T11:15:46.253258
17,22,7,5,0,5,2026-06-16T11:15:47.832481
17,22,8,5,0,5,2026-06-16T11:15:55.010400
17,22,9,5,0,5,2026-06-16T11:15:56.596587
17,22,10,5,0,5,2026-06-16T11:15:58.405811
17,23,1,4,0,4,2026-06-16T11:15:59.203822
17,23,2,4,0,4,2026-06-16T11:16:00.421050
17,23,3,4,0,4,2026-06-16T11:16:02.832106
17,23,4,4,0,4,2026-06-16T11:16:04.034353
17,23,5,4,0,4,2026-06-16T11:16:04.844511
17,23,6,4,0,4,2026-06-16T11:16:05.627789
17,23,7,4,0,4,2026-06-16T11:16:07.233699
17,23,8,4,0,4,2026-06-16T11:16:08.239145
17,23,9,4,0,4,2026-06-16T11:16:10.050015
17,23,10,4,0,4,2026-06-16T11:16:11.453275
17,24,1,0,0,0,2026-06-16T11:16:13.062823
17,24,2,0,0,0,2026-06-16T11:16:15.481480
17,24,3,0,0,0,2026-06-16T11:16:16.474232
17,24,4,0,0,0,2026-06-16T11:16:17.486844
17,24,5,0,0,0,2026-06-16T11:16:18.883979
17,24,6,0,0,0,2026-06-16T11:16:25.462155
17,24,7,0,0,0,2026-06-16T11:16:26.869687
17,24,8,0,0,0,2026-06-16T11:16:28.462624
17,24,9,0,0,0,2026-06-16T11:16:30.065589
17,24,10,0,0,0,2026-06-16T11:16:37.301175
17,25,1,0,0,0,2026-06-16T11:16:39.604704
17,25,2,0,0,0,2026-06-16T11:16:40.391790
17,25,3,0,0,0,2026-06-16T11:16:41.380367
17,25,4,0,0,0,2026-06-16T11:16:42.380153
17,25,5,0,0,0,2026-06-16T11:16:43.577341
17,25,6,0,0,0,2026-06-16T11:16:50.856947
17,25,7,0,0,0,2026-06-16T11:16:52.461372
17,25,8,0,0,0,2026-06-16T11:16:53.258803
17,25,9,0,0,0,2026-06-16T11:16:54.338722
17,25,10,0,0,0,2026-06-16T11:16:55.565362
17,26,1,5,0,5,2026-06-16T11:17:02.121263
17,26,2,5,0,5,2026-06-16T11:17:03.533912
17,26,3,5,0,5,2026-06-16T11:17:05.350294
17,26,4,5,0,5,2026-06-16T11:17:06.951362
17,26,5,5,0,5,2026-06-16T11:17:07.941209
17,26,6,5,0,5,2026-06-16T11:17:10.195081
17,26,7,5,0,5,2026-06-16T11:17:11.806584
17,26,8,5,0,5,2026-06-16T11:17:13.214809
17,26,9,5,0,5,2026-06-16T11:17:20.369567
17,26,10,5,0,5,2026-06-16T11:17:21.783927
17,27,1,3,0,3,2026-06-16T11:17:22.783115
17,27,2,3,0,3,2026-06-16T11:17:23.966487
17,27,3,3,0,3,2026-06-16T11:17:25.567487
17,27,4,3,0,3,2026-06-16T11:17:28.453565
17,27,5,3,0,3,2026-06-16T11:17:29.450131
17,27,6,3,0,3,2026-06-16T11:17:30.844159
17,27,7,3,0,3,2026-06-16T11:17:37.415237
17,27,8,3,0,3,2026-06-16T11:17:39.013245
17,27,9,3,0,3,2026-06-16T11:17:40.215164
17,27,10,3,0,3,2026-06-16T11:17:41.412081
17,28,1,3,0,3,2026-06-16T11:17:42.817021
17,28,2,3,0,3,2026-06-16T11:17:45.686437
17,28,3,3,0,3,2026-06-16T11:17:46.677187
17,28,4,3,0,3,2026-06-16T11:17:47.886478
17,28,5,3,0,3,2026-06-16T11:17:49.280855
17,28,6,3,0,3,2026-06-16T11:17:55.881020
17,28,7,3,0,3,2026-06-16T11:17:57.519526
17,28,8,3,0,3,2026-06-16T11:17:58.516161
17,28,9,3,0,3,2026-06-16T11:17:59.365652
17,28,10,3,0,3,2026-06-16T11:18:01.190569
17,29,1,3,0,3,2026-06-16T11:18:08.268169
17,29,2,3,0,3,2026-06-16T11:18:10.676464
17,29,3,3,0,3,2026-06-16T11:18:12.266027
17,29,4,3,0,3,2026-06-16T11:18:13.455058
17,29,5,3,0,3,2026-06-16T11:18:20.577603
17,29,6,3,0,3,2026-06-16T11:18:21.773833
17,29,7,3,0,3,2026-06-16T11:18:23.199434
17,29,8,3,0,3,2026-06-16T11:18:24.804992
17,29,9,3,0,3,2026-06-16T11:18:25.799707
17,29,10,3,0,3,2026-06-16T11:18:32.323988
17,30,1,3,0,3,2026-06-16T11:18:34.727577
17,30,2,3,0,3,2026-06-16T11:18:36.341958
17,30,3,3,0,3,2026-06-16T11:18:37.545920
17,30,4,3,0,3,2026-06-16T11:18:38.332320
17,30,5,3,0,3,2026-06-16T11:18:44.846221
17,30,6,3,0,3,2026-06-16T11:18:46.840249
17,30,7,3,0,3,2026-06-16T11:18:48.440651
17,30,8,3,0,3,2026-06-16T11:18:50.051680
17,30,9,3,0,3,2026-06-16T11:18:57.204605
17,30,10,3,0,3,2026-06-16T11:18:58.193661
18,1,1,5,0,5,2026-06-16T11:18:59.385087
18,1,2,5,0,5,2026-06-16T11:19:00.987677
18,1,3,5,0,5,2026-06-16T11:19:02.191111
18,1,4,5,0,5,2026-06-16T11:19:03.385543
18,1,5,5,0,5,2026-06-16T11:19:05.196867
18,1,6,5,0,5,2026-06-16T11:19:06.797067
18,1,7,5,0,5,2026-06-16T11:19:07.586872
18,1,8,5,0,5,2026-06-16T11:19:09.185822
18,1,9,5,0,5,2026-06-16T11:19:15.745467
18,1,10,5,0,5,2026-06-16T11:19:17.335273
18,2,1,5,0,5,2026-06-16T11:19:18.121317
18,2,2,5,0,5,2026-06-16T11:19:19.721898
18,2,3,5,0,5,2026-06-16T11:19:21.322485
18,2,4,5,0,5,2026-06-16T11:19:22.527528
18,2,5,5,0,5,2026-06-16T11:19:23.326187
18,2,6,5,0,5,2026-06-16T11:19:25.127693
18,2,7,5,0,5,2026-06-16T11:19:26.409005
18,2,8,5,0,5,2026-06-16T11:19:33.575526
18,2,9,5,0,5,2026-06-16T11:19:35.553687
18,2,10,5,0,5,2026-06-16T11:19:36.541223
18,3,1,3,0,3,2026-06-16T11:19:38.162367
18,3,2,3,0,3,2026-06-16T11:19:39.573367
18,3,3,3,0,3,2026-06-16T11:19:40.559082
18,3,4,3,0,3,2026-06-16T11:19:41.753286
18,3,5,3,0,3,2026-06-16T11:19:43.305988
18,3,6,3,0,3,2026-06-16T11:19:44.533632
18,3,7,3,0,3,2026-06-16T11:19:51.098595
18,3,8,3,0,3,2026-06-16T11:19:53.717848
18,3,9,3,0,3,2026-06-16T11:19:54.521646
18,3,10,3,0,3,2026-06-16T11:19:55.710401
18,4,1,2,0,2,2026-06-16T11:19:56.713840
18,4,2,2,0,2,2026-06-16T11:19:57.916290
18,4,3,2,0,2,2026-06-16T11:20:05.295164
18,4,4,2,0,2,2026-06-16T11:20:06.910374
18,4,5,2,0,2,2026-06-16T11:20:08.299413
18,4,6,2,0,2,2026-06-16T11:20:09.302691
18,4,7,2,0,2,2026-06-16T11:20:10.543659
18,4,8,2,0,2,2026-06-16T11:20:17.654189
18,4,9,2,0,2,2026-06-16T11:20:18.456038
18,4,10,2,0,2,2026-06-16T11:20:19.449965
18,5,1,1,0,1,2026-06-16T11:20:20.641252
18,5,2,1,0,1,2026-06-16T11:20:21.637123
18,5,3,1,0,1,2026-06-16T11:20:22.834624
18,5,4,1,0,1,2026-06-16T11:20:24.065011
18,5,5,1,0,1,2026-06-16T11:20:25.475197
18,5,6,1,0,1,2026-06-16T11:20:26.473355
18,5,7,1,0,1,2026-06-16T11:20:28.270142
18,5,8,1,0,1,2026-06-16T11:20:34.773442
18,5,9,1,0,1,2026-06-16T11:20:36.181384
18,5,10,1,0,1,2026-06-16T11:20:37.376839
18,6,1,5,0,5,2026-06-16T11:20:38.977561
18,6,2,5,0,5,2026-06-16T11:20:39.770756
18,6,3,5,0,5,2026-06-16T11:20:42.700612
18,6,4,5,0,5,2026-06-16T11:20:44.491258
18,6,5,5,0,5,2026-06-16T11:20:45.495107
18,6,6,5,0,5,2026-06-16T11:20:46.695334
18,6,7,5,0,5,2026-06-16T11:20:48.291276
18,6,8,5,0,5,2026-06-16T11:20:50.086221
18,6,9,5,0,5,2026-06-16T11:20:51.301566
18,6,10,5,0,5,2026-06-16T11:20:54.179642
18,7,1,5,0,5,2026-06-16T11:20:55.396784
18,7,2,5,0,5,2026-06-16T11:20:57.203931
18,7,3,5,0,5,2026-06-16T11:21:03.663414
18,7,4,5,0,5,2026-06-16T11:21:06.556076
18,7,5,5,0,5,2026-06-16T11:21:08.167641
18,7,6,5,0,5,2026-06-16T11:21:09.388394
18,7,7,5,0,5,2026-06-16T11:21:10.393352
18,7,8,5,0,5,2026-06-16T11:21:11.995216
18,7,9,5,0,5,2026-06-16T11:21:13.391979
18,7,10,5,0,5,2026-06-16T11:21:14.980242
18,8,1,4,0,4,2026-06-16T11:21:22.149840
18,8,2,4,0,4,2026-06-16T11:21:23.250681
18,8,3,4,0,4,2026-06-16T11:21:24.663746
18,8,4,4,0,4,2026-06-16T11:21:26.324074
18,8,5,4,0,4,2026-06-16T11:21:33.351579
18,8,6,4,0,4,2026-06-16T11:21:35.414009
18,8,7,4,0,4,2026-06-16T11:21:36.770874
18,8,8,4,0,4,2026-06-16T11:21:38.179312
18,8,9,4,0,4,2026-06-16T11:21:44.962442
18,8,10,4,0,4,2026-06-16T11:21:45.981687
18,9,1,1,0,1,2026-06-16T11:21:47.396802
18,9,2,1,0,1,2026-06-16T11:21:48.215613
18,9,3,1,0,1,2026-06-16T11:21:49.567187
18,9,4,1,0,1,2026-06-16T11:21:56.876554
18,9,5,1,0,1,2026-06-16T11:21:58.457895
18,9,6,1,0,1,2026-06-16T11:22:00.261552
18,9,7,1,0,1,2026-06-16T11:22:02.055281
18,9,8,1,0,1,2026-06-16T11:22:09.225841
18,9,9,1,0,1,2026-06-16T11:22:10.824220
18,9,10,1,0,1,2026-06-16T11:22:12.221126
18,10,1,1,0,1,2026-06-16T11:22:13.613644
18,10,2,1,0,1,2026-06-16T11:22:20.819718
18,10,3,1,0,1,2026-06-16T11:22:22.819191
18,10,4,1,0,1,2026-06-16T11:22:24.638845
18,10,5,1,0,1,2026-06-16T11:22:26.334321
18,10,6,1,0,1,2026-06-16T11:22:27.972670
18,10,7,1,0,1,2026-06-16T11:22:29.191939
18,10,8,1,0,1,2026-06-16T11:22:30.838001
18,10,9,1,0,1,2026-06-16T11:22:32.026063
18,10,10,1,0,1,2026-06-16T11:22:33.029108
18,11,1,5,0,5,2026-06-16T11:22:34.424069
18,11,2,5,0,5,2026-06-16T11:22:35.411704
18,11,3,5,0,5,2026-06-16T11:22:36.615232
18,11,4,5,0,5,2026-06-16T11:22:43.833449
18,11,5,5,0,5,2026-06-16T11:22:45.442228
18,11,6,5,0,5,2026-06-16T11:22:46.613544
18,11,7,5,0,5,2026-06-16T11:22:48.218849
18,11,8,5,0,5,2026-06-16T11:22:50.863576
18,11,9,5,0,5,2026-06-16T11:22:52.464825
18,11,10,5,0,5,2026-06-16T11:22:54.287453
18,12,1,5,0,5,2026-06-16T11:23:01.435494
18,12,2,5,0,5,2026-06-16T11:23:03.237333
18,12,3,5,0,5,2026-06-16T11:23:04.436902
18,12,4,5,0,5,2026-06-16T11:23:05.838126
18,12,5,5,0,5,2026-06-16T11:23:06.839608
18,12,6,5,0,5,2026-06-16T11:23:08.856517
18,12,7,5,0,5,2026-06-16T11:23:09.646296
18,12,8,5,0,5,2026-06-16T11:23:10.452942
18,12,9,5,0,5,2026-06-16T11:23:11.246171
18,12,10,5,0,5,2026-06-16T11:23:13.037798
18,13,1,3,0,3,2026-06-16T11:23:14.831860
18,13,2,3,0,3,2026-06-16T11:23:16.018247
18,13,3,3,0,3,2026-06-16T11:23:17.019933
18,13,4,3,0,3,2026-06-16T11:23:18.441193
18,13,5,3,0,3,2026-06-16T11:23:20.914834
18,13,6,3,0,3,2026-06-16T11:23:22.100480
18,13,7,3,0,3,2026-06-16T11:23:23.695195
18,13,8,3,0,3,2026-06-16T11:23:24.902028
18,13,9,3,0,3,2026-06-16T11:23:31.455189
18,13,10,3,0,3,2026-06-16T11:23:33.664101
18,14,1,3,0,3,2026-06-16T11:23:35.282749
18,14,2,3,0,3,2026-06-16T11:23:36.299485
18,14,3,3,0,3,2026-06-16T11:23:37.291577
18,14,4,3,0,3,2026-06-16T11:23:43.909587
18,14,5,3,0,3,2026-06-16T11:23:46.322116
18,14,6,3,0,3,2026-06-16T11:23:47.109614
18,14,7,3,0,3,2026-06-16T11:23:48.504131
18,14,8,3,0,3,2026-06-16T11:23:50.302021
18,14,9,3,0,3,2026-06-16T11:23:51.911955
18,14,10,3,0,3,2026-06-16T11:23:52.904241
18,15,1,2,0,2,2026-06-16T11:23:54.101571
18,15,2,2,0,2,2026-06-16T11:23:55.100144
18,15,3,2,0,2,2026-06-16T11:24:01.650081
18,15,4,2,0,2,2026-06-16T11:24:03.258735
18,15,5,2,0,2,2026-06-16T11:24:04.257979
18,15,6,2,0,2,2026-06-16T11:24:05.269957
18,15,7,2,0,2,2026-06-16T11:24:07.072397
18,15,8,2,0,2,2026-06-16T11:24:13.651637
18,15,9,2,0,2,2026-06-16T11:24:15.904374
18,15,10,2,0,2,2026-06-16T11:24:17.809944
18,16,1,4,0,4,2026-06-16T11:24:18.625313
18,16,2,4,0,4,2026-06-16T11:24:25.867676
18,16,3,4,0,4,2026-06-16T11:24:27.868538
18,16,4,4,0,4,2026-06-16T11:24:29.681970
18,16,5,4,0,4,2026-06-16T11:24:31.091529
18,16,6,4,0,4,2026-06-16T11:24:37.675674
18,16,7,4,0,4,2026-06-16T11:24:44.276650
18,16,8,4,0,4,2026-06-16T11:24:46.301603
18,16,9,4,0,4,2026-06-16T11:24:47.312378
18,16,10,4,0,4,2026-06-16T11:24:48.310723
18,17,1,5,0,5,2026-06-16T11:24:49.597018
18,17,2,5,0,5,2026-06-16T11:24:51.008698
18,17,3,5,0,5,2026-06-16T11:24:52.402707
18,17,4,5,0,5,2026-06-16T11:24:53.808806
18,17,5,5,0,5,2026-06-16T11:24:54.600896
18,17,6,5,0,5,2026-06-16T11:24:57.488005
18,17,7,5,0,5,2026-06-16T11:24:58.898047
18,17,8,5,0,5,2026-06-16T11:24:59.888867
18,17,9,5,0,5,2026-06-16T11:25:07.123451
18,17,10,5,0,5,2026-06-16T11:25:07.926689
18,18,1,5,0,5,2026-06-16T11:25:09.564166
18,18,2,5,0,5,2026-06-16T11:25:11.161520
18,18,3,5,0,5,2026-06-16T11:25:12.016391
18,18,4,5,0,5,2026-06-16T11:25:18.574483
18,18,5,5,0,5,2026-06-16T11:25:19.564616
18,18,6,5,0,5,2026-06-16T11:25:20.357712
18,18,7,5,0,5,2026-06-16T11:25:21.959815
18,18,8,5,0,5,2026-06-16T11:25:23.658382
18,18,9,5,0,5,2026-06-16T11:25:30.877862
18,18,10,5,0,5,2026-06-16T11:25:32.082036
18,19,1,4,0,4,2026-06-16T11:25:33.526716
18,19,2,4,0,4,2026-06-16T11:25:35.119718
18,19,3,4,0,4,2026-06-16T11:25:42.365587
18,19,4,4,0,4,2026-06-16T11:25:43.367547
18,19,5,4,0,4,2026-06-16T11:25:44.893508
18,19,6,4,0,4,2026-06-16T11:25:46.737475
18,19,7,4,0,4,2026-06-16T11:25:53.062299
18,19,8,4,0,4,2026-06-16T11:25:55.813670
18,19,9,4,0,4,2026-06-16T11:25:57.416373
18,19,10,4,0,4,2026-06-16T11:25:58.232428
18,20,1,3,0,3,2026-06-16T11:25:59.642760
18,20,2,3,0,3,2026-06-16T11:26:06.191047
18,20,3,3,0,3,2026-06-16T11:26:07.791520
18,20,4,3,0,3,2026-06-16T11:26:08.602779
18,20,5,3,0,3,2026-06-16T11:26:09.992693
18,20,6,3,0,3,2026-06-16T11:26:10.788891
18,20,7,3,0,3,2026-06-16T11:26:17.971863
18,20,8,3,0,3,2026-06-16T11:26:19.577053
18,20,9,3,0,3,2026-06-16T11:26:21.249140
18,20,10,3,0,3,2026-06-16T11:26:22.451785
18,21,1,5,0,5,2026-06-16T11:26:23.844268
18,21,2,5,0,5,2026-06-16T11:26:26.050624
18,21,3,5,0,5,2026-06-16T11:26:27.251039
18,21,4,5,0,5,2026-06-16T11:26:28.849341
18,21,5,5,0,5,2026-06-16T11:26:29.850191
18,21,6,5,0,5,2026-06-16T11:26:32.308687
18,21,7,5,0,5,2026-06-16T11:26:33.344429
18,21,8,5,0,5,2026-06-16T11:26:34.145797
18,21,9,5,0,5,2026-06-16T11:26:35.343618
18,21,10,5,0,5,2026-06-16T11:26:42.503588
18,22,1,4,0,4,2026-06-16T11:26:43.694734
18,22,2,4,0,4,2026-06-16T11:26:45.321498
18,22,3,4,0,4,2026-06-16T11:26:46.714671
18,22,4,4,0,4,2026-06-16T11:26:47.925299
18,22,5,4,0,4,2026-06-16T11:26:49.921007
18,22,6,4,0,4,2026-06-16T11:26:50.923411
18,22,7,4,0,4,2026-06-16T11:26:52.533618
18,22,8,4,0,4,2026-06-16T11:26:54.124805
18,22,9,4,0,4,2026-06-16T11:26:55.932541
18,22,10,4,0,4,2026-06-16T11:26:57.324730
18,23,1,4,0,4,2026-06-16T11:26:58.929279
18,23,2,4,0,4,2026-06-16T11:27:00.317279
18,23,3,4,0,4,2026-06-16T11:27:01.309362
18,23,4,4,0,4,2026-06-16T11:27:02.311309
18,23,5,4,0,4,2026-06-16T11:27:03.521475
18,23,6,4,0,4,2026-06-16T11:27:04.722895
18,23,7,4,0,4,2026-06-16T11:27:10.178417
18,23,8,4,0,4,2026-06-16T11:27:16.128329
18,23,9,4,0,4,2026-06-16T11:27:30.035955
18,23,10,4,0,4,2026-06-16T11:27:32.048288
18,24,1,0,0,0,2026-06-16T11:27:33.843125
18,24,2,0,0,0,2026-06-16T11:27:35.450203
18,24,3,0,0,0,2026-06-16T11:27:37.294063
18,24,4,0,0,0,2026-06-16T11:27:38.890807
18,24,5,0,0,0,2026-06-16T11:27:41.082620
18,24,6,0,0,0,2026-06-16T11:27:42.674661
18,24,7,0,0,0,2026-06-16T11:27:44.664267
18,24,8,0,0,0,2026-06-16T11:27:46.670522
18,24,9,0,0,0,2026-06-16T11:27:48.671451
18,24,10,0,0,0,2026-06-16T11:27:50.658588
18,25,1,0,0,0,2026-06-16T11:27:52.669582
18,25,2,0,0,0,2026-06-16T11:27:54.678504
18,25,3,0,0,0,2026-06-16T11:27:55.669670
18,25,4,0,0,0,2026-06-16T11:27:57.687337
18,25,5,0,0,0,2026-06-16T11:27:59.510811
18,25,6,0,0,0,2026-06-16T11:28:01.399251
18,25,7,0,0,0,2026-06-16T11:28:03.006896
18,25,8,0,0,0,2026-06-16T11:28:04.826014
18,25,9,0,0,0,2026-06-16T11:28:06.518592
18,25,10,0,0,0,2026-06-16T11:28:08.113616
18,26,1,5,0,5,2026-06-16T11:28:09.899873
18,26,2,5,0,5,2026-06-16T11:28:11.693368
18,26,3,4,0,4,2026-06-16T11:28:14.078965
18,26,4,5,0,5,2026-06-16T11:28:15.475539
18,26,5,5,0,5,2026-06-16T11:28:17.901992
18,26,6,5,0,5,2026-06-16T11:28:19.087835
18,26,7,4,0,4,2026-06-16T11:28:20.754298
18,26,8,5,0,5,2026-06-16T11:28:21.941436
18,26,9,5,0,5,2026-06-16T11:28:23.130856
18,26,10,5,0,5,2026-06-16T11:28:24.951157
18,27,1,4,0,4,2026-06-16T11:28:26.152040
18,27,2,4,0,4,2026-06-16T11:28:27.614621
18,27,3,4,0,4,2026-06-16T11:28:29.831111
18,27,4,4,0,4,2026-06-16T11:28:31.433958
18,27,5,4,0,4,2026-06-16T11:28:33.230729
18,27,6,4,0,4,2026-06-16T11:28:34.632321
18,27,7,4,0,4,2026-06-16T11:28:36.524975
18,27,8,4,0,4,2026-06-16T11:28:37.916887
18,27,9,4,0,4,2026-06-16T11:28:39.113667
18,27,10,4,0,4,2026-06-16T11:28:40.301139
18,28,1,3,0,3,2026-06-16T11:28:42.092400
18,28,2,3,0,3,2026-06-16T11:28:43.686323
18,28,3,3,0,3,2026-06-16T11:28:45.488259
18,28,4,3,0,3,2026-06-16T11:28:47.088714
18,28,5,3,0,3,2026-06-16T11:28:48.084762
18,28,6,3,0,3,2026-06-16T11:28:49.276744
18,28,7,3,0,3,2026-06-16T11:28:51.078372
18,28,8,3,0,3,2026-06-16T11:28:52.875300
18,28,9,3,0,3,2026-06-16T11:28:54.084424
18,28,10,3,0,3,2026-06-16T11:28:55.480048
18,29,1,2,0,2,2026-06-16T11:28:57.074677
18,29,2,2,0,2,2026-06-16T11:28:58.682589
18,29,3,2,0,2,2026-06-16T11:28:59.869055
18,29,4,2,0,2,2026-06-16T11:29:00.883515
18,29,5,2,0,2,2026-06-16T11:29:02.310448
18,29,6,2,0,2,2026-06-16T11:29:06.825090
18,29,7,3,0,3,2026-06-16T11:29:26.876513
18,29,8,2,0,2,2026-06-16T11:29:28.076013
18,29,9,2,0,2,2026-06-16T11:29:29.875914
18,29,10,2,0,2,2026-06-16T11:29:31.474336
18,30,1,3,0,3,2026-06-16T11:29:33.069770
18,30,2,3,0,3,2026-06-16T11:29:34.052533
18,30,3,3,0,3,2026-06-16T11:29:35.435965
18,30,4,3,0,3,2026-06-16T11:29:37.228249
18,30,5,3,0,3,2026-06-16T11:29:38.416707
18,30,6,3,0,3,2026-06-16T11:30:06.434020
18,30,7,3,0,3,2026-06-16T11:31:25.017291
18,30,8,3,0,3,2026-06-16T11:33:07.478791
18,30,9,3,0,3,2026-06-16T11:34:58.225934
18,30,10,3,0,3,2026-06-16T11:35:38.586226
19,1,1,5,0,5,2026-06-16T11:36:15.036781
19,1,2,5,0,5,2026-06-16T11:37:03.471267
19,1,3,5,0,5,2026-06-16T11:37:49.731233
19,1,4,5,0,5,2026-06-16T11:39:10.311397
19,1,5,5,0,5,2026-06-16T11:41:17.547121
19,1,6,5,0,5,2026-06-16T11:44:23.275447
19,1,7,5,0,5,2026-06-16T11:45:19.771357
19,1,8,5,0,5,2026-06-16T11:45:50.160777
19,1,9,5,0,5,2026-06-16T11:46:08.607999
19,1,10,5,0,5,2026-06-16T11:46:10.209999
19,2,1,5,0,5,2026-06-16T11:46:11.802859
19,2,2,5,0,5,2026-06-16T11:46:12.794258
19,2,3,5,0,5,2026-06-16T11:46:14.804119
19,2,4,5,0,5,2026-06-16T11:46:16.404862
19,2,5,5,0,5,2026-06-16T11:46:17.427824
19,2,6,5,0,5,2026-06-16T11:46:19.022597
19,2,7,5,0,5,2026-06-16T11:46:20.297250
19,2,8,5,0,5,2026-06-16T11:46:21.896377
19,2,9,5,0,5,2026-06-16T11:46:23.096056
19,2,10,5,0,5,2026-06-16T11:46:24.188637
19,3,1,5,0,5,2026-06-16T11:46:25.782268
19,3,2,5,0,5,2026-06-16T11:46:26.779001
19,3,3,5,0,5,2026-06-16T11:46:28.488623
19,3,4,5,0,5,2026-06-16T11:46:35.711268
19,3,5,5,0,5,2026-06-16T11:46:37.510182
19,3,6,5,0,5,2026-06-16T11:46:38.714464
19,3,7,5,0,5,2026-06-16T11:46:39.700559
19,3,8,5,0,5,2026-06-16T11:46:41.516191
19,3,9,5,0,5,2026-06-16T11:46:48.661451
19,3,10,5,0,5,2026-06-16T11:46:50.265496
19,4,1,2,0,2,2026-06-16T11:46:51.460389
19,4,2,2,0,2,2026-06-16T11:46:52.456171
19,4,3,2,0,2,2026-06-16T11:46:53.659402
19,4,4,2,0,2,2026-06-16T11:46:55.061741
19,4,5,2,0,2,2026-06-16T11:46:56.251943
19,4,6,2,0,2,2026-06-16T11:46:57.262809
19,4,7,2,0,2,2026-06-16T11:46:58.257642
19,4,8,2,0,2,2026-06-16T11:46:59.250003
19,4,9,2,0,2,2026-06-16T11:47:06.480188
19,4,10,2,0,2,2026-06-16T11:47:09.353312
19,5,1,2,0,2,2026-06-16T11:47:10.554897
19,5,2,2,0,2,2026-06-16T11:47:11.768822
19,5,3,2,0,2,2026-06-16T11:47:13.371311
19,5,4,2,0,2,2026-06-16T11:47:14.369334
19,5,5,3,0,3,2026-06-16T11:47:15.984723
19,5,6,3,0,3,2026-06-16T11:47:17.226446
19,5,7,3,0,3,2026-06-16T11:47:24.396414
19,5,8,2,0,2,2026-06-16T11:47:25.394886
19,5,9,3,0,3,2026-06-16T11:47:26.792217
19,5,10,2,0,2,2026-06-16T11:47:27.999896
19,6,1,5,0,5,2026-06-16T11:47:28.796970
19,6,2,5,0,5,2026-06-16T11:47:35.947824
19,6,3,5,0,5,2026-06-16T11:47:37.166791
19,6,4,5,0,5,2026-06-16T11:47:38.789504
19,6,5,5,0,5,2026-06-16T11:47:40.188447
19,6,6,5,0,5,2026-06-16T11:47:41.804676
19,6,7,5,0,5,2026-06-16T11:47:48.976627
19,6,8,5,0,5,2026-06-16T11:47:50.777773
19,6,9,5,0,5,2026-06-16T11:47:51.988775
19,6,10,5,0,5,2026-06-16T11:47:52.778414
19,7,1,5,0,5,2026-06-16T11:47:59.338641
19,7,2,5,0,5,2026-06-16T11:48:00.137543
19,7,3,5,0,5,2026-06-16T11:48:01.940769
19,7,4,5,0,5,2026-06-16T11:48:03.131588
19,7,5,5,0,5,2026-06-16T11:48:03.917046
19,7,6,5,0,5,2026-06-16T11:48:05.523753
19,7,7,5,0,5,2026-06-16T11:48:06.918378
19,7,8,5,0,5,2026-06-16T11:48:07.744209
19,7,9,5,0,5,2026-06-16T11:48:09.452676
19,7,10,5,0,5,2026-06-16T11:48:10.248182
19,8,1,4,0,4,2026-06-16T11:48:11.450646
19,8,2,3,0,3,2026-06-16T11:48:12.844170
19,8,3,4,0,4,2026-06-16T11:48:14.454264
19,8,4,4,0,4,2026-06-16T11:48:15.245780
19,8,5,4,0,4,2026-06-16T11:48:21.758878
19,8,6,3,0,3,2026-06-16T11:48:22.763180
19,8,7,4,0,4,2026-06-16T11:48:24.177827
19,8,8,4,0,4,2026-06-16T11:48:25.627333
19,8,9,4,0,4,2026-06-16T11:48:26.420410
19,8,10,4,0,4,2026-06-16T11:48:27.417058
19,9,1,3,0,3,2026-06-16T11:48:29.020236
19,9,2,3,0,3,2026-06-16T11:48:30.627012
19,9,3,3,0,3,2026-06-16T11:48:32.514671
19,9,4,3,0,3,2026-06-16T11:48:34.119426
19,9,5,3,0,3,2026-06-16T11:48:36.143270
19,9,6,3,0,3,2026-06-16T11:48:43.410094
19,9,7,3,0,3,2026-06-16T11:48:44.808349
19,9,8,3,0,3,2026-06-16T11:48:46.206703
19,9,9,3,0,3,2026-06-16T11:48:47.403099
19,9,10,3,0,3,2026-06-16T11:48:54.637230
19,10,1,2,0,2,2026-06-16T11:48:55.636398
19,10,2,2,0,2,2026-06-16T11:48:56.430938
19,10,3,2,0,2,2026-06-16T11:48:57.531570
19,10,4,2,0,2,2026-06-16T11:48:59.149443
19,10,5,2,0,2,2026-06-16T11:49:05.682510
19,10,6,2,0,2,2026-06-16T11:49:12.217510
19,10,7,2,0,2,2026-06-16T11:49:13.917288
19,10,8,2,0,2,2026-06-16T11:49:14.917157
19,10,9,2,0,2,2026-06-16T11:49:16.121118
19,10,10,2,0,2,2026-06-16T11:49:16.927019
19,11,1,5,0,5,2026-06-16T11:49:17.733768
19,11,2,5,0,5,2026-06-16T11:49:18.938022
19,11,3,5,0,5,2026-06-16T11:49:20.572330
19,11,4,5,0,5,2026-06-16T11:49:22.179593
19,11,5,5,0,5,2026-06-16T11:49:29.402836
19,11,6,5,0,5,2026-06-16T11:49:31.012421
19,11,7,5,0,5,2026-06-16T11:49:32.604031
19,11,8,5,0,5,2026-06-16T11:49:33.792942
19,11,9,5,0,5,2026-06-16T11:49:35.385435
19,11,10,5,0,5,2026-06-16T11:49:36.983207
19,12,1,5,0,5,2026-06-16T11:49:38.593846
19,12,2,5,0,5,2026-06-16T11:49:40.420801
19,12,3,5,0,5,2026-06-16T11:49:41.829035
19,12,4,5,0,5,2026-06-16T11:49:44.232193
19,12,5,5,0,5,2026-06-16T11:49:45.437061
19,12,6,5,0,5,2026-06-16T11:49:47.046332
19,12,7,5,0,5,2026-06-16T11:49:54.246747
19,12,8,5,0,5,2026-06-16T11:49:56.055080
19,12,9,5,0,5,2026-06-16T11:49:57.254523
19,12,10,5,0,5,2026-06-16T11:49:58.665837
19,13,1,5,0,5,2026-06-16T11:49:59.661206
19,13,2,5,0,5,2026-06-16T11:50:02.088178
19,13,3,5,0,5,2026-06-16T11:50:03.506686
19,13,4,5,0,5,2026-06-16T11:50:04.712041
19,13,5,5,0,5,2026-06-16T11:50:11.913246
19,13,6,5,0,5,2026-06-16T11:50:13.709204
19,13,7,5,0,5,2026-06-16T11:50:15.119338
19,13,8,5,0,5,2026-06-16T11:50:16.359878
19,13,9,5,0,5,2026-06-16T11:50:17.767061
19,13,10,5,0,5,2026-06-16T11:50:18.967448
19,14,1,3,0,3,2026-06-16T11:50:20.565736
19,14,2,3,0,3,2026-06-16T11:50:21.957333
19,14,3,3,0,3,2026-06-16T11:50:25.090175
19,14,4,3,0,3,2026-06-16T11:50:25.883786
19,14,5,3,0,3,2026-06-16T11:50:27.678750
19,14,6,3,0,3,2026-06-16T11:50:29.286396
19,14,7,3,0,3,2026-06-16T11:50:30.701158
19,14,8,3,0,3,2026-06-16T11:50:31.714278
19,14,9,3,0,3,2026-06-16T11:50:33.111362
19,14,10,3,0,3,2026-06-16T11:50:39.678520
19,15,1,5,0,5,2026-06-16T11:50:41.257623
19,15,2,5,0,5,2026-06-16T11:50:42.254905
19,15,3,5,0,5,2026-06-16T11:50:43.043802
19,15,4,5,0,5,2026-06-16T11:50:44.042255
19,15,5,5,0,5,2026-06-16T11:50:44.832801
19,15,6,5,0,5,2026-06-16T11:50:46.693789
19,15,7,5,0,5,2026-06-16T11:50:53.967230
19,15,8,5,0,5,2026-06-16T11:50:56.627420
19,15,9,5,0,5,2026-06-16T11:50:58.025527
19,15,10,5,0,5,2026-06-16T11:50:59.832977
19,16,1,5,0,5,2026-06-16T11:51:00.633632
19,16,2,5,0,5,2026-06-16T11:51:02.033148
19,16,3,5,0,5,2026-06-16T11:51:03.821684
19,16,4,5,0,5,2026-06-16T11:51:04.813238
19,16,5,5,0,5,2026-06-16T11:51:11.996389
19,16,6,5,0,5,2026-06-16T11:51:13.194887
19,16,7,5,0,5,2026-06-16T11:51:14.783384
19,16,8,5,0,5,2026-06-16T11:51:16.182672
19,16,9,5,0,5,2026-06-16T11:51:17.579449
19,16,10,5,0,5,2026-06-16T11:51:18.777989
19,17,1,5,0,5,2026-06-16T11:51:19.972847
19,17,2,5,0,5,2026-06-16T11:51:21.580051
19,17,3,5,0,5,2026-06-16T11:51:22.773626
19,17,4,5,0,5,2026-06-16T11:51:23.765259
19,17,5,5,0,5,2026-06-16T11:51:25.755895
19,17,6,5,0,5,2026-06-16T11:51:29.882090
19,17,7,5,0,5,2026-06-16T11:51:46.633330
19,17,8,5,0,5,2026-06-16T11:51:49.502398
19,17,9,5,0,5,2026-06-16T11:51:56.741035
19,17,10,5,0,5,2026-06-16T11:51:58.557640
19,18,1,5,0,5,2026-06-16T11:52:00.159297
19,18,2,5,0,5,2026-06-16T11:52:01.776648
19,18,3,5,0,5,2026-06-16T11:52:04.657115
19,18,4,5,0,5,2026-06-16T11:52:06.480152
19,18,5,5,0,5,2026-06-16T11:52:08.276523
19,18,6,5,0,5,2026-06-16T11:52:09.256392
19,18,7,5,0,5,2026-06-16T11:52:10.653555
19,18,8,5,0,5,2026-06-16T11:52:11.859719
19,18,9,5,0,5,2026-06-16T11:52:12.921556
19,18,10,5,0,5,2026-06-16T11:52:13.915827
19,19,1,3,0,3,2026-06-16T11:52:20.469987
19,19,2,3,0,3,2026-06-16T11:52:22.283677
19,19,3,3,0,3,2026-06-16T11:52:23.775181
19,19,4,3,0,3,2026-06-16T11:52:25.383294
19,19,5,3,0,3,2026-06-16T11:52:31.933260
19,19,6,3,0,3,2026-06-16T11:52:33.344548
19,19,7,3,0,3,2026-06-16T11:52:34.349261
19,19,8,3,0,3,2026-06-16T11:52:35.162850
19,19,9,3,0,3,2026-06-16T11:52:36.555571
19,19,10,3,0,3,2026-06-16T11:52:43.844440
19,20,1,3,0,3,2026-06-16T11:52:45.043511
19,20,2,3,0,3,2026-06-16T11:52:46.846327
19,20,3,3,0,3,2026-06-16T11:52:48.043529
19,20,4,3,0,3,2026-06-16T11:52:49.243522
19,20,5,3,0,3,2026-06-16T11:52:50.910367
19,20,6,3,0,3,2026-06-16T11:52:51.933996
19,20,7,3,0,3,2026-06-16T11:52:53.543870
19,20,8,3,0,3,2026-06-16T11:52:54.539629
19,20,9,3,0,3,2026-06-16T11:53:01.770077
19,20,10,3,0,3,2026-06-16T11:53:04.638068
19,21,1,5,0,5,2026-06-16T11:53:06.215150
19,21,2,5,0,5,2026-06-16T11:53:07.803842
19,21,3,5,0,5,2026-06-16T11:53:15.004096
19,21,4,5,0,5,2026-06-16T11:53:16.797665
19,21,5,5,0,5,2026-06-16T11:53:18.595672
19,21,6,5,0,5,2026-06-16T11:53:19.792007
19,21,7,5,0,5,2026-06-16T11:53:27.161276
19,21,8,5,0,5,2026-06-16T11:53:29.792891
19,21,9,5,0,5,2026-06-16T11:53:30.990128
19,21,10,5,0,5,2026-06-16T11:53:32.190956
19,22,1,5,0,5,2026-06-16T11:53:33.186868
19,22,2,5,0,5,2026-06-16T11:53:39.778522
19,22,3,5,0,5,2026-06-16T11:53:41.978899
19,22,4,5,0,5,2026-06-16T11:53:42.971123
19,22,5,5,0,5,2026-06-16T11:53:44.776517
19,22,6,5,0,5,2026-06-16T11:53:47.185522
19,22,7,5,0,5,2026-06-16T11:53:47.988280
19,22,8,5,0,5,2026-06-16T11:53:49.374199
19,22,9,5,0,5,2026-06-16T11:53:50.358383
19,22,10,5,0,5,2026-06-16T11:53:58.224198
19,23,1,5,0,5,2026-06-16T11:53:59.433058
19,23,2,5,0,5,2026-06-16T11:54:00.434364
19,23,3,5,0,5,2026-06-16T11:54:02.032818
19,23,4,5,0,5,2026-06-16T11:54:08.566289
19,23,5,5,0,5,2026-06-16T11:54:09.972065
19,23,6,5,0,5,2026-06-16T11:54:11.173984
19,23,7,5,0,5,2026-06-16T11:54:12.163200
19,23,8,5,0,5,2026-06-16T11:54:13.367659
19,23,9,5,0,5,2026-06-16T11:54:14.377567
19,23,10,5,0,5,2026-06-16T11:54:16.403426
19,24,1,2,0,2,2026-06-16T11:54:17.628696
19,24,2,2,0,2,2026-06-16T11:54:18.447575
19,24,3,2,0,2,2026-06-16T11:54:20.246581
19,24,4,2,0,2,2026-06-16T11:54:21.869621
19,24,5,2,0,2,2026-06-16T11:54:23.676938
19,24,6,2,0,2,2026-06-16T11:54:35.065209
19,24,7,2,0,2,2026-06-16T11:55:15.387900
19,24,8,2,0,2,2026-06-16T11:56:22.177924
19,24,9,2,0,2,2026-06-16T11:57:02.502621
19,24,10,2,0,2,2026-06-16T11:57:26.639914
19,25,1,0,0,0,2026-06-16T11:58:13.176724
19,25,2,0,0,0,2026-06-16T11:58:51.530394
19,25,3,0,0,0,2026-06-16T12:00:48.462510
19,25,4,0,0,0,2026-06-16T12:02:45.543131
19,25,5,0,0,0,2026-06-16T12:04:26.595801
19,25,6,0,0,0,2026-06-16T12:06:59.586186
19,25,7,0,0,0,2026-06-16T12:11:04.432699
19,25,8,0,0,0,2026-06-16T12:12:02.925669
19,25,9,0,0,0,2026-06-16T12:12:45.342819
19,25,10,0,0,0,2026-06-16T12:12:47.570277
19,26,1,5,0,5,2026-06-16T12:12:49.380848
19,26,2,5,0,5,2026-06-16T12:12:50.796438
19,26,3,5,0,5,2026-06-16T12:12:52.804469
19,26,4,5,0,5,2026-06-16T12:12:54.622474
19,26,5,5,0,5,2026-06-16T12:12:55.866796
19,26,6,5,0,5,2026-06-16T12:12:57.468492
19,26,7,5,0,5,2026-06-16T12:12:58.936985
19,26,8,5,0,5,2026-06-16T12:12:59.932255
19,26,9,5,0,5,2026-06-16T12:13:01.734341
19,26,10,5,0,5,2026-06-16T12:13:02.947702
19,27,1,4,0,4,2026-06-16T12:13:04.759861
19,27,2,4,0,4,2026-06-16T12:13:05.793076
19,27,3,4,0,4,2026-06-16T12:13:07.380692
19,27,4,4,0,4,2026-06-16T12:13:09.392219
19,27,5,4,0,4,2026-06-16T12:13:11.435248
19,27,6,4,0,4,2026-06-16T12:13:13.319857
19,27,7,4,0,4,2026-06-16T12:13:14.782363
19,27,8,4,0,4,2026-06-16T12:13:15.979001
19,27,9,4,0,4,2026-06-16T12:13:16.985302
19,27,10,4,0,4,2026-06-16T12:13:18.200226
19,28,1,0,0,0,2026-06-16T12:13:19.606453
19,28,2,0,0,0,2026-06-16T12:13:21.636241
19,28,3,0,0,0,2026-06-16T12:13:23.240452
19,28,4,0,0,0,2026-06-16T12:13:25.248110
19,28,5,0,0,0,2026-06-16T12:13:26.274359
19,28,6,0,0,0,2026-06-16T12:13:27.887832
19,28,7,0,0,0,2026-06-16T12:13:29.762044
19,28,8,0,0,0,2026-06-16T12:13:31.163821
19,28,9,0,0,0,2026-06-16T12:13:32.977225
19,28,10,0,0,0,2026-06-16T12:13:33.962100
19,29,1,2,0,2,2026-06-16T12:13:35.368723
19,29,2,2,0,2,2026-06-16T12:13:37.165334
19,29,3,2,0,2,2026-06-16T12:14:11.598101
19,29,4,2,0,2,2026-06-16T12:15:05.845065
19,29,5,2,0,2,2026-06-16T12:15:54.282841
19,29,6,2,0,2,2026-06-16T12:16:30.475192
19,29,7,2,0,2,2026-06-16T12:17:00.406636
19,29,8,2,0,2,2026-06-16T12:17:36.752133
19,29,9,2,0,2,2026-06-16T12:18:23.336752
19,29,10,2,0,2,2026-06-16T12:19:03.792801
19,30,1,3,0,3,2026-06-16T12:19:44.309437
19,30,2,3,0,3,2026-06-16T12:20:24.723598
19,30,3,3,0,3,2026-06-16T12:20:25.738997
19,30,4,3,0,3,2026-06-16T12:20:27.458556
19,30,5,3,0,3,2026-06-16T12:20:29.094187
19,30,6,3,0,3,2026-06-16T12:20:30.703790
19,30,7,3,0,3,2026-06-16T12:20:32.298555
19,30,8,3,0,3,2026-06-16T12:20:34.929441
19,30,9,3,0,3,2026-06-16T12:20:36.980590
19,30,10,3,0,3,2026-06-16T12:20:38.175770
20,1,1,2,0,2,2026-06-16T12:20:40.368818
20,1,2,2,0,2,2026-06-16T12:20:42.184641
20,1,3,2,0,2,2026-06-16T12:20:43.784689
20,1,4,2,0,2,2026-06-16T12:20:44.995731
20,1,5,2,0,2,2026-06-16T12:20:45.986693
20,1,6,2,0,2,2026-06-16T12:20:47.996494
20,1,7,2,0,2,2026-06-16T12:20:49.602505
20,1,8,2,0,2,2026-06-16T12:20:51.401894
20,1,9,2,0,2,2026-06-16T12:20:53.265213
20,1,10,2,0,2,2026-06-16T12:20:54.262155
20,2,1,2,0,2,2026-06-16T12:20:55.660752
20,2,2,2,0,2,2026-06-16T12:20:57.112833
20,2,3,2,0,2,2026-06-16T12:20:58.104932
20,2,4,2,0,2,2026-06-16T12:20:59.704572
20,2,5,2,0,2,2026-06-16T12:21:01.506406
20,2,6,2,0,2,2026-06-16T12:21:02.513136
20,2,7,2,0,2,2026-06-16T12:21:03.721924
20,2,8,2,0,2,2026-06-16T12:21:04.734831
20,2,9,2,0,2,2026-06-16T12:21:05.755015
20,2,10,2,0,2,2026-06-16T12:21:07.554962
20,3,1,1,0,1,2026-06-16T12:21:08.937516
20,3,2,1,0,1,2026-06-16T12:21:10.129604
20,3,3,1,0,1,2026-06-16T12:21:11.329157
20,3,4,1,0,1,2026-06-16T12:21:12.732296
20,3,5,1,0,1,2026-06-16T12:21:13.928319
20,3,6,1,0,1,2026-06-16T12:21:15.137283
20,3,7,1,0,1,2026-06-16T12:21:16.760505
20,3,8,1,0,1,2026-06-16T12:21:18.771191
20,3,9,1,0,1,2026-06-16T12:21:19.778516
20,3,10,1,0,1,2026-06-16T12:21:20.973296
20,4,1,3,0,3,2026-06-16T12:21:22.789400
20,4,2,3,0,3,2026-06-16T12:21:24.084841
20,4,3,3,0,3,2026-06-16T12:21:25.084779
20,4,4,3,0,3,2026-06-16T12:21:26.881179
20,4,5,3,0,3,2026-06-16T12:21:28.079960
20,4,6,3,0,3,2026-06-16T12:21:29.686811
20,4,7,3,0,3,2026-06-16T12:21:30.677365
20,4,8,3,0,3,2026-06-16T12:21:32.068597
20,4,9,3,0,3,2026-06-16T12:21:33.274791
20,4,10,3,0,3,2026-06-16T12:21:34.273752
20,5,1,3,0,3,2026-06-16T12:21:35.873566
20,5,2,3,0,3,2026-06-16T12:21:38.522179
20,5,3,3,0,3,2026-06-16T12:21:39.926410
20,5,4,3,0,3,2026-06-16T12:21:40.728540
20,5,5,3,0,3,2026-06-16T12:21:41.717588
20,5,6,3,0,3,2026-06-16T12:21:43.412591
20,5,7,3,0,3,2026-06-16T12:21:45.196951
20,5,8,3,0,3,2026-06-16T12:21:45.994395
20,5,9,3,0,3,2026-06-16T12:21:46.988593
20,5,10,3,0,3,2026-06-16T12:21:53.645646
20,6,1,1,0,1,2026-06-16T12:21:55.249676
20,6,2,2,0,2,2026-06-16T12:21:56.096636
20,6,3,1,0,1,2026-06-16T12:21:57.494719
20,6,4,1,0,1,2026-06-16T12:21:59.093842
20,6,5,1,0,1,2026-06-16T12:22:00.906196
20,6,6,1,0,1,2026-06-16T12:22:01.900808
20,6,7,1,0,1,2026-06-16T12:22:02.699876
20,6,8,1,0,1,2026-06-16T12:22:03.900588
20,6,9,2,0,2,2026-06-16T12:22:05.105019
20,6,10,1,0,1,2026-06-16T12:22:06.789764
20,7,1,2,0,2,2026-06-16T12:22:07.598253
20,7,2,2,0,2,2026-06-16T12:22:08.592990
20,7,3,2,0,2,2026-06-16T12:22:09.593510
20,7,4,2,0,2,2026-06-16T12:22:16.822176
20,7,5,2,0,2,2026-06-16T12:22:18.432033
20,7,6,2,0,2,2026-06-16T12:22:19.894312
20,7,7,2,0,2,2026-06-16T12:22:21.689611
20,7,8,2,0,2,2026-06-16T12:22:23.083410
20,7,9,2,0,2,2026-06-16T12:22:24.796190
20,7,10,2,0,2,2026-06-16T12:22:26.802336
20,8,1,1,0,1,2026-06-16T12:22:28.208238
20,8,2,1,0,1,2026-06-16T12:22:30.013076
20,8,3,1,0,1,2026-06-16T12:22:31.423699
20,8,4,1,0,1,2026-06-16T12:22:33.438926
20,8,5,1,0,1,2026-06-16T12:22:35.244984
20,8,6,1,0,1,2026-06-16T12:22:45.609023
20,8,7,1,0,1,2026-06-16T12:23:44.099465
20,8,8,1,0,1,2026-06-16T12:24:38.426043
20,8,9,1,0,1,2026-06-16T12:26:29.243396
20,8,10,1,0,1,2026-06-16T12:26:35.858459
20,9,1,4,0,4,2026-06-16T12:26:37.468044
20,9,2,4,0,4,2026-06-16T12:26:38.679707
20,9,3,4,0,4,2026-06-16T12:26:40.498645
20,9,4,4,0,4,2026-06-16T12:26:42.108480
20,9,5,4,0,4,2026-06-16T12:26:43.913864
20,9,6,4,0,4,2026-06-16T12:26:45.516581
20,9,7,4,0,4,2026-06-16T12:26:47.131236
20,9,8,4,0,4,2026-06-16T12:26:48.804272
20,9,9,5,0,5,2026-06-16T12:26:51.261349
20,9,10,4,0,4,2026-06-16T12:26:52.898699
20,10,1,1,0,1,2026-06-16T12:26:55.106869
20,10,2,1,0,1,2026-06-16T12:26:56.717351
20,10,3,1,0,1,2026-06-16T12:26:58.531710
20,10,4,1,0,1,2026-06-16T12:27:00.139685
20,10,5,1,0,1,2026-06-16T12:27:01.350138
20,10,6,1,0,1,2026-06-16T12:27:02.753379
20,10,7,1,0,1,2026-06-16T12:27:03.964654
20,10,8,1,0,1,2026-06-16T12:27:05.186073
20,10,9,1,0,1,2026-06-16T12:27:06.778718
20,10,10,1,0,1,2026-06-16T12:27:08.575992
20,11,1,2,0,2,2026-06-16T12:27:10.178532
20,11,2,2,0,2,2026-06-16T12:27:11.783353
20,11,3,2,0,2,2026-06-16T12:27:13.193673
20,11,4,2,0,2,2026-06-16T12:27:14.778266
20,11,5,2,0,2,2026-06-16T12:27:16.042954
20,11,6,2,0,2,2026-06-16T12:27:17.449884
20,11,7,2,0,2,2026-06-16T12:27:18.651566
20,11,8,2,0,2,2026-06-16T12:27:20.463978
20,11,9,2,0,2,2026-06-16T12:27:22.273221
20,11,10,2,0,2,2026-06-16T12:27:23.272776
20,12,1,2,0,2,2026-06-16T12:27:24.867723
20,12,2,2,0,2,2026-06-16T12:27:25.864872
20,12,3,2,0,2,2026-06-16T12:27:27.468460
20,12,4,2,0,2,2026-06-16T12:27:28.946169
20,12,5,2,0,2,2026-06-16T12:27:30.762807
20,12,6,2,0,2,2026-06-16T12:27:32.631649
20,12,7,2,0,2,2026-06-16T12:27:34.243743
20,12,8,2,0,2,2026-06-16T12:27:35.704080
20,12,9,2,0,2,2026-06-16T12:27:36.705278
20,12,10,2,0,2,2026-06-16T12:27:38.527600
20,13,1,2,0,2,2026-06-16T12:27:40.131182
20,13,2,2,0,2,2026-06-16T12:27:41.511470
20,13,3,2,0,2,2026-06-16T12:27:42.706370
20,13,4,2,0,2,2026-06-16T12:27:43.895746
20,13,5,2,0,2,2026-06-16T12:27:45.766524
20,13,6,2,0,2,2026-06-16T12:27:46.976010
20,13,7,2,0,2,2026-06-16T12:27:47.991069
20,13,8,2,0,2,2026-06-16T12:27:49.801352
20,13,9,2,0,2,2026-06-16T12:27:51.199260
20,13,10,2,0,2,2026-06-16T12:27:53.002411
20,14,1,3,0,3,2026-06-16T12:28:00.144371
20,14,2,3,0,3,2026-06-16T12:28:01.349823
20,14,3,3,0,3,2026-06-16T12:28:02.966726
20,14,4,3,0,3,2026-06-16T12:28:04.172842
20,14,5,3,0,3,2026-06-16T12:28:05.600230
20,14,6,3,0,3,2026-06-16T12:28:08.024659
20,14,7,3,0,3,2026-06-16T12:28:09.042165
20,14,8,3,0,3,2026-06-16T12:28:10.241898
20,14,9,3,0,3,2026-06-16T12:28:11.047409
20,14,10,3,0,3,2026-06-16T12:28:17.602340
20,15,1,0,0,0,2026-06-16T12:28:18.800963
20,15,2,0,0,0,2026-06-16T12:28:20.408429
20,15,3,0,0,0,2026-06-16T12:28:21.408414
20,15,4,0,0,0,2026-06-16T12:28:22.812185
20,15,5,0,0,0,2026-06-16T12:28:24.400192
20,15,6,0,0,0,2026-06-16T12:28:26.198353
20,15,7,0,0,0,2026-06-16T12:28:27.418057
20,15,8,0,0,0,2026-06-16T12:28:28.430311
20,15,9,0,0,0,2026-06-16T12:28:29.639799
20,15,10,0,0,0,2026-06-16T12:28:30.633873
20,16,1,3,0,3,2026-06-16T12:28:32.040601
20,16,2,3,0,3,2026-06-16T12:28:33.074019
20,16,3,3,0,3,2026-06-16T12:28:34.073039
20,16,4,3,0,3,2026-06-16T12:28:41.298789
20,16,5,3,0,3,2026-06-16T12:28:42.485881
20,16,6,3,0,3,2026-06-16T12:28:43.895688
20,16,7,3,0,3,2026-06-16T12:28:44.769187
20,16,8,3,0,3,2026-06-16T12:28:46.563577
20,16,9,3,0,3,2026-06-16T12:28:47.792517
20,16,10,3,0,3,2026-06-16T12:28:49.205628
20,17,1,3,0,3,2026-06-16T12:28:50.830257
20,17,2,4,0,4,2026-06-16T12:28:52.639113
20,17,3,4,0,4,2026-06-16T12:28:55.100316
20,17,4,4,0,4,2026-06-16T12:29:02.293100
20,17,5,3,0,3,2026-06-16T12:29:04.505436
20,17,6,3,0,3,2026-06-16T12:29:05.699541
20,17,7,4,0,4,2026-06-16T12:29:06.723574
20,17,8,4,0,4,2026-06-16T12:29:07.715689
20,17,9,4,0,4,2026-06-16T12:29:08.523773
20,17,10,4,0,4,2026-06-16T12:29:10.144694
20,18,1,4,0,4,2026-06-16T12:29:11.144866
20,18,2,4,0,4,2026-06-16T12:29:12.780115
20,18,3,4,0,4,2026-06-16T12:29:14.181933
20,18,4,4,0,4,2026-06-16T12:29:15.188262
20,18,5,4,0,4,2026-06-16T12:29:17.821739
20,18,6,4,0,4,2026-06-16T12:29:18.615317
20,18,7,4,0,4,2026-06-16T12:29:19.818213
20,18,8,3,0,3,2026-06-16T12:29:20.606207
20,18,9,5,0,5,2026-06-16T12:29:27.167997
20,18,10,4,0,4,2026-06-16T12:29:28.184378
20,19,1,5,0,5,2026-06-16T12:29:29.206058
20,19,2,5,0,5,2026-06-16T12:29:30.823869
20,19,3,5,0,5,2026-06-16T12:29:32.231715
20,19,4,5,0,5,2026-06-16T12:29:39.481369
20,19,5,5,0,5,2026-06-16T12:29:40.691302
20,19,6,5,0,5,2026-06-16T12:29:41.883310
20,19,7,5,0,5,2026-06-16T12:29:42.889350
20,19,8,5,0,5,2026-06-16T12:29:44.101360
20,19,9,5,0,5,2026-06-16T12:29:50.715939
20,19,10,5,0,5,2026-06-16T12:29:53.350829
20,20,1,3,0,3,2026-06-16T12:29:54.152807
20,20,2,3,0,3,2026-06-16T12:29:55.274891
20,20,3,3,0,3,2026-06-16T12:29:56.281101
20,20,4,3,0,3,2026-06-16T12:29:58.701758
20,20,5,3,0,3,2026-06-16T12:30:00.111292
20,20,6,3,0,3,2026-06-16T12:30:01.197261
20,20,7,3,0,3,2026-06-16T12:30:03.035687
20,20,8,3,0,3,2026-06-16T12:30:04.627459
20,20,9,3,0,3,2026-06-16T12:30:06.243476
20,20,10,3,0,3,2026-06-16T12:30:07.648703
20,21,1,4,0,4,2026-06-16T12:30:08.866304
20,21,2,4,0,4,2026-06-16T12:30:11.505962
20,21,3,4,0,4,2026-06-16T12:30:12.699830
20,21,4,4,0,4,2026-06-16T12:30:14.310464
20,21,5,5,0,5,2026-06-16T12:30:15.295223
20,21,6,4,0,4,2026-06-16T12:30:16.511281
20,21,7,4,0,4,2026-06-16T12:30:18.321743
20,21,8,4,0,4,2026-06-16T12:30:20.325360
20,21,9,4,0,4,2026-06-16T12:30:22.535417
20,21,10,4,0,4,2026-06-16T12:30:23.732209
20,22,1,3,0,3,2026-06-16T12:30:24.930740
20,22,2,3,0,3,2026-06-16T12:30:26.329329
20,22,3,3,0,3,2026-06-16T12:30:28.338506
20,22,4,3,0,3,2026-06-16T12:30:29.743028
20,22,5,3,0,3,2026-06-16T12:30:30.553858
20,22,6,3,0,3,2026-06-16T12:30:31.970121
20,22,7,3,0,3,2026-06-16T12:30:34.617618
20,22,8,3,0,3,2026-06-16T12:30:35.832621
20,22,9,3,0,3,2026-06-16T12:30:37.045297
20,22,10,3,0,3,2026-06-16T12:30:38.253567
20,23,1,4,0,4,2026-06-16T12:30:40.466025
20,23,2,4,0,4,2026-06-16T12:30:42.070772
20,23,3,4,0,4,2026-06-16T12:32:02.767742
20,23,4,4,0,4,2026-06-16T12:32:04.973947
20,23,5,4,0,4,2026-06-16T12:32:06.570960
20,23,6,4,0,4,2026-06-16T12:32:08.380601
20,23,7,4,0,4,2026-06-16T12:32:16.244427
20,23,8,4,0,4,2026-06-16T12:32:18.077300
20,23,9,4,0,4,2026-06-16T12:32:19.289901
20,23,10,4,0,4,2026-06-16T12:32:20.101211
20,24,1,3,0,3,2026-06-16T12:32:21.091090
20,24,2,3,0,3,2026-06-16T12:32:21.917856
20,24,3,3,0,3,2026-06-16T12:32:24.539931
20,24,4,3,0,3,2026-06-16T12:32:26.146336
20,24,5,3,0,3,2026-06-16T12:32:27.743498
20,24,6,3,0,3,2026-06-16T12:32:29.152670
20,24,7,3,0,3,2026-06-16T12:32:30.143748
20,24,8,3,0,3,2026-06-16T12:32:31.376560
20,24,9,3,0,3,2026-06-16T12:32:32.584469
20,24,10,3,0,3,2026-06-16T12:32:39.778223
20,25,1,0,0,0,2026-06-16T12:32:40.992294
20,25,2,0,0,0,2026-06-16T12:32:42.591489
20,25,3,0,0,0,2026-06-16T12:32:43.397086
20,25,4,0,0,0,2026-06-16T12:32:44.396734
20,25,5,0,0,0,2026-06-16T12:32:45.399191
20,25,6,0,0,0,2026-06-16T12:32:52.585512
20,25,7,0,0,0,2026-06-16T12:32:54.390342
20,25,8,0,0,0,2026-06-16T12:32:56.186828
20,25,9,0,0,0,2026-06-16T12:32:57.195099
20,25,10,0,0,0,2026-06-16T12:32:58.381987
20,26,1,4,0,4,2026-06-16T12:33:00.006757
20,26,2,4,0,4,2026-06-16T12:33:00.809658
20,26,3,4,0,4,2026-06-16T12:33:02.199532
20,26,4,4,0,4,2026-06-16T12:33:03.207605
20,26,5,4,0,4,2026-06-16T12:33:04.215950
20,26,6,4,0,4,2026-06-16T12:33:11.360674
20,26,7,4,0,4,2026-06-16T12:33:12.565903
20,26,8,4,0,4,2026-06-16T12:33:13.578369
20,26,9,4,0,4,2026-06-16T12:33:15.406631
20,26,10,4,0,4,2026-06-16T12:33:22.585427
20,27,1,0,0,0,2026-06-16T12:33:24.401111
20,27,2,0,0,0,2026-06-16T12:33:25.601178
20,27,3,0,0,0,2026-06-16T12:33:26.416269
20,27,4,0,0,0,2026-06-16T12:33:27.619154
20,27,5,0,0,0,2026-06-16T12:33:28.631449
20,27,6,0,0,0,2026-06-16T12:33:30.036444
20,27,7,0,0,0,2026-06-16T12:33:31.234634
20,27,8,0,0,0,2026-06-16T12:33:32.024348
20,27,9,0,0,0,2026-06-16T12:33:33.426994
20,27,10,0,0,0,2026-06-16T12:33:34.415635
20,28,1,5,0,5,2026-06-16T12:33:41.563227
20,28,2,5,0,5,2026-06-16T12:33:48.097349
20,28,3,5,0,5,2026-06-16T12:33:50.298354
20,28,4,5,0,5,2026-06-16T12:33:52.101889
20,28,5,5,0,5,2026-06-16T12:33:53.306870
20,28,6,5,0,5,2026-06-16T12:34:00.497411
20,28,7,5,0,5,2026-06-16T12:34:02.732957
20,28,8,5,0,5,2026-06-16T12:34:04.735567
20,28,9,5,0,5,2026-06-16T12:34:11.937161
20,28,10,5,0,5,2026-06-16T12:34:15.122598
20,29,1,5,0,5,2026-06-16T12:34:16.740569
20,29,2,5,0,5,2026-06-16T12:34:17.558453
20,29,3,5,0,5,2026-06-16T12:34:19.185785
20,29,4,5,0,5,2026-06-16T12:34:20.772540
20,29,5,5,0,5,2026-06-16T12:34:22.585666
20,29,6,5,0,5,2026-06-16T12:34:25.478799
20,29,7,5,0,5,2026-06-16T12:34:26.898117
20,29,8,5,0,5,2026-06-16T12:34:28.305798
20,29,9,5,0,5,2026-06-16T12:34:29.303532
20,29,10,5,0,5,2026-06-16T12:34:30.894171
20,30,1,3,0,3,2026-06-16T12:34:31.895100
20,30,2,3,0,3,2026-06-16T12:34:33.503439
20,30,3,3,0,3,2026-06-16T12:34:35.109282
20,30,4,3,0,3,2026-06-16T12:34:36.317984
20,30,5,3,0,3,2026-06-16T12:34:37.928709
20,30,6,3,0,3,2026-06-16T12:34:38.723845
20,30,7,3,0,3,2026-06-16T12:34:39.719392
20,30,8,3,0,3,2026-06-16T12:34:46.921984
20,30,9,3,0,3,2026-06-16T12:34:48.722329
20,30,10,3,0,3,2026-06-16T12:34:50.142140
21,1,1,5,0,5,2026-06-16T12:34:51.545967
21,1,2,5,0,5,2026-06-16T12:34:58.117824
21,1,3,5,0,5,2026-06-16T12:34:59.396230
21,1,4,5,0,5,2026-06-16T12:35:00.213767
21,1,5,5,0,5,2026-06-16T12:35:01.417312
21,1,6,5,0,5,2026-06-16T12:35:02.423749
21,1,7,5,0,5,2026-06-16T12:35:03.230709
21,1,8,5,0,5,2026-06-16T12:35:10.410260
21,1,9,5,0,5,2026-06-16T12:35:12.215890
21,1,10,5,0,5,2026-06-16T12:35:13.848631
21,2,1,5,0,5,2026-06-16T12:35:14.653722
21,2,2,5,0,5,2026-06-16T12:35:21.202972
21,2,3,5,0,5,2026-06-16T12:35:27.769978
21,2,4,5,0,5,2026-06-16T12:35:29.366175
21,2,5,5,0,5,2026-06-16T12:35:30.767420
21,2,6,5,0,5,2026-06-16T12:35:32.203833
21,2,7,5,0,5,2026-06-16T12:35:39.403474
21,2,8,5,0,5,2026-06-16T12:35:40.835656
21,2,9,5,0,5,2026-06-16T12:35:42.624799
21,2,10,5,0,5,2026-06-16T12:35:44.466082
21,3,1,3,0,3,2026-06-16T12:35:46.075772
21,3,2,3,0,3,2026-06-16T12:35:46.881694
21,3,3,3,0,3,2026-06-16T12:35:47.878726
21,3,4,3,0,3,2026-06-16T12:35:49.073922
21,3,5,3,0,3,2026-06-16T12:35:50.282134
21,3,6,3,0,3,2026-06-16T12:35:56.857040
21,3,7,3,0,3,2026-06-16T12:35:58.455250
21,3,8,3,0,3,2026-06-16T12:35:59.725069
21,3,9,3,0,3,2026-06-16T12:36:00.907453
21,3,10,3,0,3,2026-06-16T12:36:02.512551
21,4,1,3,0,3,2026-06-16T12:36:09.673788
21,4,2,3,0,3,2026-06-16T12:36:10.740615
21,4,3,3,0,3,2026-06-16T12:36:12.558896
21,4,4,3,0,3,2026-06-16T12:36:14.162100
21,4,5,3,0,3,2026-06-16T12:36:15.377173
21,4,6,3,0,3,2026-06-16T12:36:16.594714
21,4,7,3,0,3,2026-06-16T12:36:17.809545
21,4,8,3,0,3,2026-06-16T12:36:18.823690
21,4,9,3,0,3,2026-06-16T12:36:20.632870
21,4,10,3,0,3,2026-06-16T12:36:22.437397
21,5,1,2,0,2,2026-06-16T12:36:23.436372
21,5,2,2,0,2,2026-06-16T12:36:25.031923
21,5,3,2,0,2,2026-06-16T12:36:32.214068
21,5,4,2,0,2,2026-06-16T12:36:33.832499
21,5,5,2,0,2,2026-06-16T12:36:35.449246
21,5,6,2,0,2,2026-06-16T12:36:36.856688
21,5,7,2,0,2,2026-06-16T12:36:38.658219
21,5,8,2,0,2,2026-06-16T12:36:39.460953
21,5,9,2,0,2,2026-06-16T12:36:40.657746
21,5,10,2,0,2,2026-06-16T12:36:41.855220
21,6,1,5,0,5,2026-06-16T12:36:42.632244
21,6,2,5,0,5,2026-06-16T12:36:49.846528
21,6,3,5,0,5,2026-06-16T12:36:51.257954
21,6,4,5,0,5,2026-06-16T12:36:52.670019
21,6,5,5,0,5,2026-06-16T12:36:53.883050
21,6,6,5,0,5,2026-06-16T12:36:55.280968
21,6,7,5,0,5,2026-06-16T12:36:56.698040
21,6,8,5,0,5,2026-06-16T12:36:57.700805
21,6,9,5,0,5,2026-06-16T12:36:58.509885
21,6,10,5,0,5,2026-06-16T12:37:00.106173
21,7,1,5,0,5,2026-06-16T12:37:01.104313
21,7,2,5,0,5,2026-06-16T12:37:08.242568
21,7,3,5,0,5,2026-06-16T12:37:10.240204
21,7,4,5,0,5,2026-06-16T12:37:11.450727
21,7,5,5,0,5,2026-06-16T12:37:12.921639
21,7,6,5,0,5,2026-06-16T12:37:20.112448
21,7,7,5,0,5,2026-06-16T12:37:21.733451
21,7,8,5,0,5,2026-06-16T12:37:23.534067
21,7,9,5,0,5,2026-06-16T12:37:25.145453
21,7,10,5,0,5,2026-06-16T12:37:32.295497
21,8,1,4,0,4,2026-06-16T12:37:33.082405
21,8,2,4,0,4,2026-06-16T12:37:34.298681
21,8,3,4,0,4,2026-06-16T12:37:35.509652
21,8,4,4,0,4,2026-06-16T12:37:36.921048
21,8,5,4,0,4,2026-06-16T12:37:38.528603
21,8,6,4,0,4,2026-06-16T12:37:39.923614
21,8,7,4,0,4,2026-06-16T12:37:41.001554
21,8,8,4,0,4,2026-06-16T12:37:42.816778
21,8,9,4,0,4,2026-06-16T12:37:49.388714
21,8,10,4,0,4,2026-06-16T12:37:50.990384
21,9,1,3,0,3,2026-06-16T12:37:51.984838
21,9,2,3,0,3,2026-06-16T12:37:52.989399
21,9,3,3,0,3,2026-06-16T12:37:54.004333
21,9,4,3,0,3,2026-06-16T12:38:01.175424
21,9,5,3,0,3,2026-06-16T12:38:03.397376
21,9,6,3,0,3,2026-06-16T12:38:04.634599
21,9,7,3,0,3,2026-06-16T12:38:06.035768
21,9,8,3,0,3,2026-06-16T12:38:07.215434
21,9,9,3,0,3,2026-06-16T12:38:08.017189
21,9,10,3,0,3,2026-06-16T12:38:09.224281
21,10,1,2,0,2,2026-06-16T12:38:10.223882
21,10,2,2,0,2,2026-06-16T12:38:11.435957
21,10,3,2,0,2,2026-06-16T12:38:12.631725
21,10,4,2,0,2,2026-06-16T12:38:19.178781
21,10,5,2,0,2,2026-06-16T12:38:20.585862
21,10,6,2,0,2,2026-06-16T12:38:22.434258
21,10,7,2,0,2,2026-06-16T12:38:24.034157
21,10,8,2,0,2,2026-06-16T12:38:25.040796
21,10,9,2,0,2,2026-06-16T12:38:27.928533
21,10,10,2,0,2,2026-06-16T12:38:28.926508
21,11,1,5,0,5,2026-06-16T12:38:29.932678
21,11,2,5,0,5,2026-06-16T12:38:37.148801
21,11,3,5,0,5,2026-06-16T12:38:38.753475
21,11,4,5,0,5,2026-06-16T12:38:40.249415
21,11,5,5,0,5,2026-06-16T12:38:41.035658
21,11,6,5,0,5,2026-06-16T12:38:41.840176
21,11,7,5,0,5,2026-06-16T12:38:49.053272
21,11,8,5,0,5,2026-06-16T12:38:50.254224
21,11,9,5,0,5,2026-06-16T12:38:52.074795
21,11,10,5,0,5,2026-06-16T12:38:52.884656
21,12,1,5,0,5,2026-06-16T12:38:54.525764
21,12,2,5,0,5,2026-06-16T12:38:56.935534
21,12,3,5,0,5,2026-06-16T12:38:57.930923
21,12,4,5,0,5,2026-06-16T12:38:59.333981
21,12,5,5,0,5,2026-06-16T12:39:00.542434
21,12,6,5,0,5,2026-06-16T12:39:01.997855
21,12,7,5,0,5,2026-06-16T12:39:03.204450
21,12,8,5,0,5,2026-06-16T12:39:04.222711
21,12,9,5,0,5,2026-06-16T12:39:06.023988
21,12,10,5,0,5,2026-06-16T12:39:07.223681
21,13,1,3,0,3,2026-06-16T12:39:09.026108
21,13,2,3,0,3,2026-06-16T12:39:10.624621
21,13,3,3,0,3,2026-06-16T12:39:11.624766
21,13,4,3,0,3,2026-06-16T12:39:18.767878
21,13,5,3,0,3,2026-06-16T12:39:21.174956
21,13,6,3,0,3,2026-06-16T12:39:22.995560
21,13,7,3,0,3,2026-06-16T12:39:23.996105
21,13,8,3,0,3,2026-06-16T12:39:31.226611
21,13,9,3,0,3,2026-06-16T12:39:32.625454
21,13,10,3,0,3,2026-06-16T12:39:33.833568
21,14,1,3,0,3,2026-06-16T12:39:34.629967
21,14,2,3,0,3,2026-06-16T12:39:41.828093
21,14,3,3,0,3,2026-06-16T12:39:48.441216
21,14,4,3,0,3,2026-06-16T12:39:49.448682
21,14,5,3,0,3,2026-06-16T12:39:51.050122
21,14,6,3,0,3,2026-06-16T12:39:52.222695
21,14,7,3,0,3,2026-06-16T12:39:53.612810
21,14,8,3,0,3,2026-06-16T12:39:55.002583
21,14,9,3,0,3,2026-06-16T12:39:56.476967
21,14,10,3,0,3,2026-06-16T12:39:57.878672
21,15,1,2,0,2,2026-06-16T12:39:59.275990
21,15,2,2,0,2,2026-06-16T12:40:05.850656
21,15,3,2,0,2,2026-06-16T12:40:12.432772
21,15,4,2,0,2,2026-06-16T12:40:13.235174
21,15,5,2,0,2,2026-06-16T12:40:14.856396
21,15,6,2,0,2,2026-06-16T12:40:16.063329
21,15,7,2,0,2,2026-06-16T12:40:17.076137
21,15,8,2,0,2,2026-06-16T12:40:23.585115
21,15,9,2,0,2,2026-06-16T12:40:25.804408
21,15,10,2,0,2,2026-06-16T12:40:27.014634
21,16,1,5,0,5,2026-06-16T12:40:28.608225
21,16,2,5,0,5,2026-06-16T12:40:35.739470
21,16,3,5,0,5,2026-06-16T12:40:36.529076
21,16,4,5,0,5,2026-06-16T12:40:37.938878
21,16,5,5,0,5,2026-06-16T12:40:39.149612
21,16,6,5,0,5,2026-06-16T12:40:40.346491
21,16,7,5,0,5,2026-06-16T12:40:42.992516
21,16,8,5,0,5,2026-06-16T12:40:43.991104
21,16,9,5,0,5,2026-06-16T12:40:45.222605
21,16,10,5,0,5,2026-06-16T12:40:47.019338
21,17,1,5,0,5,2026-06-16T12:40:53.503756
21,17,2,5,0,5,2026-06-16T12:40:54.744009
21,17,3,5,0,5,2026-06-16T12:40:56.143670
21,17,4,5,0,5,2026-06-16T12:40:57.355667
21,17,5,5,0,5,2026-06-16T12:40:58.361245
21,17,6,5,0,5,2026-06-16T12:40:59.455126
21,17,7,5,0,5,2026-06-16T12:41:01.056133
21,17,8,5,0,5,2026-06-16T12:41:02.680301
21,17,9,5,0,5,2026-06-16T12:41:04.286807
21,17,10,5,0,5,2026-06-16T12:41:10.823602
21,18,1,3,0,3,2026-06-16T12:41:12.623998
21,18,2,3,0,3,2026-06-16T12:41:14.263164
21,18,3,3,0,3,2026-06-16T12:41:16.080497
21,18,4,3,0,3,2026-06-16T12:41:22.665284
21,18,5,3,0,3,2026-06-16T12:41:24.478510
21,18,6,3,0,3,2026-06-16T12:41:25.487845
21,18,7,3,0,3,2026-06-16T12:41:26.684515
21,18,8,3,0,3,2026-06-16T12:41:27.717872
21,18,9,3,0,3,2026-06-16T12:41:30.372147
21,18,10,3,0,3,2026-06-16T12:41:31.399920
21,19,1,4,0,4,2026-06-16T12:41:32.627962
21,19,2,4,0,4,2026-06-16T12:41:34.029522
21,19,3,4,0,4,2026-06-16T12:41:36.676884
21,19,4,4,0,4,2026-06-16T12:41:37.549726
21,19,5,4,0,4,2026-06-16T12:41:38.959052
21,19,6,4,0,4,2026-06-16T12:41:46.213246
21,19,7,4,0,4,2026-06-16T12:41:47.840734
21,19,8,4,0,4,2026-06-16T12:41:49.038426
21,19,9,4,0,4,2026-06-16T12:41:50.238743
21,19,10,4,0,4,2026-06-16T12:41:51.242948
21,20,1,3,0,3,2026-06-16T12:41:58.437878
21,20,2,3,0,3,2026-06-16T12:42:00.053172
21,20,3,3,0,3,2026-06-16T12:42:01.251339
21,20,4,3,0,3,2026-06-16T12:42:03.053812
21,20,5,3,0,3,2026-06-16T12:42:05.701716
21,20,6,3,0,3,2026-06-16T12:42:07.143894
21,20,7,3,0,3,2026-06-16T12:42:08.156278
21,20,8,3,0,3,2026-06-16T12:42:09.964649
21,20,9,3,0,3,2026-06-16T12:42:11.168778
21,20,10,3,0,3,2026-06-16T12:42:12.176952
21,21,1,5,0,5,2026-06-16T12:42:13.790806
21,21,2,5,0,5,2026-06-16T12:42:14.989498
21,21,3,5,0,5,2026-06-16T12:42:15.988363
21,21,4,5,0,5,2026-06-16T12:42:16.991363
21,21,5,5,0,5,2026-06-16T12:42:17.802772
21,21,6,5,0,5,2026-06-16T12:42:19.267803
21,21,7,5,0,5,2026-06-16T12:42:20.667053
21,21,8,5,0,5,2026-06-16T12:42:22.913749
21,21,9,5,0,5,2026-06-16T12:42:24.117796
21,21,10,5,0,5,2026-06-16T12:42:25.315519
21,22,1,4,0,4,2026-06-16T12:42:26.108389
21,22,2,4,0,4,2026-06-16T12:42:33.277016
21,22,3,4,0,4,2026-06-16T12:42:34.677636
21,22,4,4,0,4,2026-06-16T12:42:35.646589
21,22,5,4,0,4,2026-06-16T12:42:36.447193
21,22,6,4,0,4,2026-06-16T12:42:37.451692
21,22,7,5,0,5,2026-06-16T12:42:38.248268
21,22,8,4,0,4,2026-06-16T12:42:39.247144
21,22,9,4,0,4,2026-06-16T12:42:41.060200
21,22,10,5,0,5,2026-06-16T12:42:41.859045
21,23,1,4,0,4,2026-06-16T12:42:42.854012
21,23,2,4,0,4,2026-06-16T12:42:44.242769
21,23,3,4,0,4,2026-06-16T12:42:50.752654
21,23,4,4,0,4,2026-06-16T12:42:51.753063
21,23,5,4,0,4,2026-06-16T12:42:53.381755
21,23,6,4,0,4,2026-06-16T12:42:55.176120
21,23,7,4,0,4,2026-06-16T12:42:56.604612
21,23,8,4,0,4,2026-06-16T12:42:57.830492
21,23,9,4,0,4,2026-06-16T12:42:59.240568
21,23,10,4,0,4,2026-06-16T12:43:00.235089
21,24,1,2,0,2,2026-06-16T12:43:02.047562
21,24,2,2,0,2,2026-06-16T12:43:03.655263
21,24,3,2,0,2,2026-06-16T12:43:04.663134
21,24,4,2,0,2,2026-06-16T12:43:06.466103
21,24,5,2,0,2,2026-06-16T12:43:07.474256
21,24,6,2,0,2,2026-06-16T12:43:08.690126
21,24,7,2,0,2,2026-06-16T12:43:10.482709
21,24,8,2,0,2,2026-06-16T12:43:11.504123
21,24,9,2,0,2,2026-06-16T12:43:12.711643
21,24,10,2,0,2,2026-06-16T12:43:14.743116
21,25,1,0,0,0,2026-06-16T12:43:16.343647
21,25,2,0,0,0,2026-06-16T12:43:17.736288
21,25,3,0,0,0,2026-06-16T12:43:24.975713
21,25,4,0,0,0,2026-06-16T12:43:25.983541
21,25,5,0,0,0,2026-06-16T12:43:27.592417
21,25,6,0,0,0,2026-06-16T12:43:28.386101
21,25,7,0,0,0,2026-06-16T12:43:29.571851
21,25,8,0,0,0,2026-06-16T12:43:36.772331
21,25,9,0,0,0,2026-06-16T12:43:37.962658
21,25,10,0,0,0,2026-06-16T12:43:38.954049
21,26,1,4,0,4,2026-06-16T12:43:39.943677
21,26,2,3,0,3,2026-06-16T12:43:41.145389
21,26,3,4,0,4,2026-06-16T12:43:48.351706
21,26,4,3,0,3,2026-06-16T12:43:50.988618
21,26,5,3,0,3,2026-06-16T12:43:52.408168
21,26,6,3,0,3,2026-06-16T12:43:53.605939
21,26,7,4,0,4,2026-06-16T12:43:55.013581
21,26,8,4,0,4,2026-06-16T12:43:56.410742
21,26,9,4,0,4,2026-06-16T12:43:57.611837
21,26,10,3,0,3,2026-06-16T12:43:59.069278
21,27,1,4,0,4,2026-06-16T12:44:01.700682
21,27,2,4,0,4,2026-06-16T12:44:03.312358
21,27,3,4,0,4,2026-06-16T12:44:04.503623
21,27,4,4,0,4,2026-06-16T12:44:05.906768
21,27,5,4,0,4,2026-06-16T12:44:08.545693
21,27,6,4,0,4,2026-06-16T12:44:09.538620
21,27,7,4,0,4,2026-06-16T12:44:10.535151
21,27,8,4,0,4,2026-06-16T12:44:12.361795
21,27,9,4,0,4,2026-06-16T12:44:14.838919
21,27,10,4,0,4,2026-06-16T12:44:15.633868
21,28,1,3,0,3,2026-06-16T12:44:16.438096
21,28,2,3,0,3,2026-06-16T12:44:18.053207
21,28,3,3,0,3,2026-06-16T12:44:24.566410
21,28,4,3,0,3,2026-06-16T12:44:26.192179
21,28,5,3,0,3,2026-06-16T12:44:27.589995
21,28,6,3,0,3,2026-06-16T12:44:29.194859
21,28,7,3,0,3,2026-06-16T12:44:30.596303
21,28,8,3,0,3,2026-06-16T12:44:32.427231
21,28,9,3,0,3,2026-06-16T12:44:34.088791
21,28,10,3,0,3,2026-06-16T12:44:41.217357
21,29,1,2,0,2,2026-06-16T12:44:43.235833
21,29,2,2,0,2,2026-06-16T12:44:44.848452
21,29,3,2,0,2,2026-06-16T12:44:46.462190
21,29,4,2,0,2,2026-06-16T12:44:52.969956
21,29,5,2,0,2,2026-06-16T12:44:54.374849
21,29,6,2,0,2,2026-06-16T12:44:55.173876
21,29,7,2,0,2,2026-06-16T12:44:56.570295
21,29,8,2,0,2,2026-06-16T12:44:58.592366
21,29,9,2,0,2,2026-06-16T12:45:05.113261
21,29,10,2,0,2,2026-06-16T12:45:05.915715
21,30,1,3,0,3,2026-06-16T12:46:28.642349
21,30,2,3,0,3,2026-06-16T12:46:30.274878
21,30,3,3,0,3,2026-06-16T12:46:31.280629
21,30,4,3,0,3,2026-06-16T12:46:32.686342
21,30,5,3,0,3,2026-06-16T12:46:39.857328
21,30,6,3,0,3,2026-06-16T12:46:41.523087
21,30,7,3,0,3,2026-06-16T12:46:42.332018
21,30,8,3,0,3,2026-06-16T12:46:43.933825
21,30,9,3,0,3,2026-06-16T12:46:45.327591
21,30,10,3,0,3,2026-06-16T12:46:47.127176
22,1,1,3,0,3,2026-06-16T12:46:48.164102
22,1,2,3,0,3,2026-06-16T12:46:49.561067
22,1,3,3,0,3,2026-06-16T12:46:50.359744
22,1,4,3,0,3,2026-06-16T12:46:51.410069
22,1,5,3,0,3,2026-06-16T12:46:57.973370
22,1,6,3,0,3,2026-06-16T12:46:59.606031
22,1,7,3,0,3,2026-06-16T12:47:00.586414
22,1,8,3,0,3,2026-06-16T12:47:02.194879
22,1,9,3,0,3,2026-06-16T12:47:04.014298
22,1,10,3,0,3,2026-06-16T12:47:06.565242
22,2,1,5,0,5,2026-06-16T12:47:07.768396
22,2,2,5,0,5,2026-06-16T12:47:09.171822
22,2,3,5,0,5,2026-06-16T12:47:16.312104
22,2,4,5,0,5,2026-06-16T12:47:17.924527
22,2,5,5,0,5,2026-06-16T12:47:19.536131
22,2,6,5,0,5,2026-06-16T12:47:20.739810
22,2,7,5,0,5,2026-06-16T12:47:23.643241
22,2,8,5,0,5,2026-06-16T12:47:24.645081
22,2,9,5,0,5,2026-06-16T12:47:26.105131
22,2,10,5,0,5,2026-06-16T12:47:33.319906
22,3,1,2,0,2,2026-06-16T12:47:34.318213
22,3,2,2,0,2,2026-06-16T12:47:35.330075
22,3,3,2,0,2,2026-06-16T12:47:36.727558
22,3,4,2,0,2,2026-06-16T12:47:38.323450
22,3,5,2,0,2,2026-06-16T12:47:39.949422
22,3,6,2,0,2,2026-06-16T12:47:41.148947
22,3,7,2,0,2,2026-06-16T12:47:42.405615
22,3,8,2,0,2,2026-06-16T12:47:44.018928
22,3,9,2,0,2,2026-06-16T12:47:51.190352
22,3,10,2,0,2,2026-06-16T12:47:54.088774
22,4,1,3,0,3,2026-06-16T12:47:55.896118
22,4,2,3,0,3,2026-06-16T12:47:56.890986
22,4,3,3,0,3,2026-06-16T12:48:04.084792
22,4,4,3,0,3,2026-06-16T12:48:05.482311
22,4,5,3,0,3,2026-06-16T12:48:06.575412
22,4,6,3,0,3,2026-06-16T12:48:07.772347
22,4,7,3,0,3,2026-06-16T12:48:08.768593
22,4,8,3,0,3,2026-06-16T12:48:09.784104
22,4,9,3,0,3,2026-06-16T12:48:11.080626
22,4,10,3,0,3,2026-06-16T12:48:12.282883
22,5,1,1,0,1,2026-06-16T12:48:13.535685
22,5,2,1,0,1,2026-06-16T12:48:14.766042
22,5,3,1,0,1,2026-06-16T12:48:21.344083
22,5,4,1,0,1,2026-06-16T12:48:23.352770
22,5,5,1,0,1,2026-06-16T12:48:24.801275
22,5,6,1,0,1,2026-06-16T12:48:25.804358
22,5,7,1,0,1,2026-06-16T12:48:27.217240
22,5,8,1,0,1,2026-06-16T12:48:29.223968
22,5,9,1,0,1,2026-06-16T12:48:30.231605
22,5,10,1,0,1,2026-06-16T12:48:31.627500
22,6,1,5,0,5,2026-06-16T12:48:33.031220
22,6,2,5,0,5,2026-06-16T12:48:39.657571
22,6,3,5,0,5,2026-06-16T12:48:46.190148
22,6,4,5,0,5,2026-06-16T12:48:47.187153
22,6,5,5,0,5,2026-06-16T12:48:48.595971
22,6,6,5,0,5,2026-06-16T12:48:50.434900
22,6,7,5,0,5,2026-06-16T12:48:51.230831
22,6,8,5,0,5,2026-06-16T12:48:53.871125
22,6,9,5,0,5,2026-06-16T12:48:54.885765
22,6,10,5,0,5,2026-06-16T12:48:55.876090
22,7,1,5,0,5,2026-06-16T12:49:03.047779
22,7,2,5,0,5,2026-06-16T12:49:05.762842
22,7,3,5,0,5,2026-06-16T12:49:07.154960
22,7,4,5,0,5,2026-06-16T12:49:08.761893
22,7,5,5,0,5,2026-06-16T12:49:16.001830
22,7,6,5,0,5,2026-06-16T12:49:17.223703
22,7,7,5,0,5,2026-06-16T12:49:18.430836
22,7,8,5,0,5,2026-06-16T12:49:19.424033
22,7,9,5,0,5,2026-06-16T12:49:20.223460
22,7,10,5,0,5,2026-06-16T12:49:21.236084
22,8,1,3,0,3,2026-06-16T12:49:24.093669
22,8,2,3,0,3,2026-06-16T12:49:25.701829
22,8,3,3,0,3,2026-06-16T12:49:26.696070
22,8,4,3,0,3,2026-06-16T12:49:33.839189
22,8,5,3,0,3,2026-06-16T12:49:34.847234
22,8,6,3,0,3,2026-06-16T12:49:36.549782
22,8,7,3,0,3,2026-06-16T12:49:37.951694
22,8,8,3,0,3,2026-06-16T12:49:39.362131
22,8,9,3,0,3,2026-06-16T12:49:41.998680
22,8,10,3,0,3,2026-06-16T12:49:43.206289
22,9,1,2,0,2,2026-06-16T12:49:44.806853
22,9,2,2,0,2,2026-06-16T12:49:51.952581
22,9,3,2,0,2,2026-06-16T12:49:54.158586
22,9,4,2,0,2,2026-06-16T12:49:55.554712
22,9,5,2,0,2,2026-06-16T12:49:56.958732
22,9,6,2,0,2,2026-06-16T12:50:04.105558
22,9,7,2,0,2,2026-06-16T12:50:05.507225
22,9,8,2,0,2,2026-06-16T12:50:06.905034
22,9,9,2,0,2,2026-06-16T12:50:08.918546
22,9,10,2,0,2,2026-06-16T12:50:10.137350
22,10,1,1,0,1,2026-06-16T12:50:11.196116
22,10,2,1,0,1,2026-06-16T12:50:12.833760
22,10,3,1,0,1,2026-06-16T12:50:13.843993
22,10,4,1,0,1,2026-06-16T12:50:15.457456
22,10,5,1,0,1,2026-06-16T12:50:21.985510
22,10,6,1,0,1,2026-06-16T12:50:22.977925
22,10,7,1,0,1,2026-06-16T12:50:24.794037
22,10,8,1,0,1,2026-06-16T12:50:25.807921
22,10,9,1,0,1,2026-06-16T12:50:27.620785
22,10,10,1,0,1,2026-06-16T12:50:28.826234
22,11,1,5,0,5,2026-06-16T12:50:29.833093
22,11,2,5,0,5,2026-06-16T12:50:30.630765
22,11,3,5,0,5,2026-06-16T12:50:31.636299
22,11,4,5,0,5,2026-06-16T12:50:32.840281
22,11,5,5,0,5,2026-06-16T12:50:35.731182
22,11,6,5,0,5,2026-06-16T12:50:37.156945
22,11,7,5,0,5,2026-06-16T12:50:38.845771
22,11,8,5,0,5,2026-06-16T12:50:40.305321
22,11,9,5,0,5,2026-06-16T12:50:41.911909
22,11,10,5,0,5,2026-06-16T12:50:42.924794
22,12,1,5,0,5,2026-06-16T12:50:44.530853
22,12,2,5,0,5,2026-06-16T12:50:51.037605
22,12,3,5,0,5,2026-06-16T12:50:52.637085
22,12,4,5,0,5,2026-06-16T12:50:53.424066
22,12,5,5,0,5,2026-06-16T12:50:54.419097
22,12,6,5,0,5,2026-06-16T12:50:56.048536
22,12,7,5,0,5,2026-06-16T12:50:57.046772
22,12,8,5,0,5,2026-06-16T12:50:58.639974
22,12,9,5,0,5,2026-06-16T12:51:00.241968
22,12,10,5,0,5,2026-06-16T12:51:01.637697
22,13,1,3,0,3,2026-06-16T12:51:02.635223
22,13,2,3,0,3,2026-06-16T12:51:03.635456
22,13,3,3,0,3,2026-06-16T12:51:05.041970
22,13,4,3,0,3,2026-06-16T12:51:06.659451
22,13,5,3,0,3,2026-06-16T12:51:07.875169
22,13,6,3,0,3,2026-06-16T12:51:08.869998
22,13,7,3,0,3,2026-06-16T12:51:10.269386
22,13,8,3,0,3,2026-06-16T12:51:11.068680
22,13,9,3,0,3,2026-06-16T12:51:12.083894
22,13,10,3,0,3,2026-06-16T12:51:13.699744
22,14,1,3,0,3,2026-06-16T12:51:14.712685
22,14,2,3,0,3,2026-06-16T12:51:15.913548
22,14,3,3,0,3,2026-06-16T12:51:17.314156
22,14,4,3,0,3,2026-06-16T12:51:18.734480
22,14,5,3,0,3,2026-06-16T12:51:19.537733
22,14,6,3,0,3,2026-06-16T12:51:21.342026
22,14,7,3,0,3,2026-06-16T12:51:22.136518
22,14,8,3,0,3,2026-06-16T12:51:23.746368
22,14,9,3,0,3,2026-06-16T12:51:24.930124
22,14,10,3,0,3,2026-06-16T12:51:26.138259
22,15,1,2,0,2,2026-06-16T12:51:28.408818
22,15,2,2,0,2,2026-06-16T12:51:29.840255
22,15,3,2,0,2,2026-06-16T12:51:31.251256
22,15,4,2,0,2,2026-06-16T12:51:38.461787
22,15,5,2,0,2,2026-06-16T12:51:39.984885
22,15,6,2,0,2,2026-06-16T12:51:41.207203
22,15,7,2,0,2,2026-06-16T12:51:42.209839
22,15,8,2,0,2,2026-06-16T12:51:48.685963
22,15,9,2,0,2,2026-06-16T12:51:50.098979
22,15,10,2,0,2,2026-06-16T12:51:50.893269
22,16,1,4,0,4,2026-06-16T12:51:51.897381
22,16,2,4,0,4,2026-06-16T12:51:52.698541
22,16,3,4,0,4,2026-06-16T12:51:53.494021
22,16,4,4,0,4,2026-06-16T12:51:54.711985
22,16,5,4,0,4,2026-06-16T12:52:01.276162
22,16,6,4,0,4,2026-06-16T12:52:03.123805
22,16,7,4,0,4,2026-06-16T12:52:04.718346
22,16,8,4,0,4,2026-06-16T12:52:05.530874
22,16,9,4,0,4,2026-06-16T12:52:06.554995
22,16,10,4,0,4,2026-06-16T12:52:13.769785
22,17,1,5,0,5,2026-06-16T12:52:15.183513
22,17,2,5,0,5,2026-06-16T12:52:16.595042
22,17,3,5,0,5,2026-06-16T12:52:18.235040
22,17,4,5,0,5,2026-06-16T12:52:19.851075
22,17,5,5,0,5,2026-06-16T12:52:21.143335
22,17,6,5,0,5,2026-06-16T12:52:22.550733
22,17,7,5,0,5,2026-06-16T12:52:23.359626
22,17,8,5,0,5,2026-06-16T12:52:30.669213
22,17,9,5,0,5,2026-06-16T12:52:32.047568
22,17,10,5,0,5,2026-06-16T12:52:33.047171
22,18,1,4,0,4,2026-06-16T12:52:34.045487
22,18,2,4,0,4,2026-06-16T12:52:35.048310
22,18,3,4,0,4,2026-06-16T12:52:42.259412
22,18,4,4,0,4,2026-06-16T12:52:43.262647
22,18,5,4,0,4,2026-06-16T12:52:44.471683
22,18,6,4,0,4,2026-06-16T12:52:45.927185
22,18,7,4,0,4,2026-06-16T12:52:47.333395
22,18,8,4,0,4,2026-06-16T12:52:48.137285
22,18,9,4,0,4,2026-06-16T12:52:49.610720
22,18,10,4,0,4,2026-06-16T12:52:51.228062
22,19,1,4,0,4,2026-06-16T12:52:52.840858
22,19,2,4,0,4,2026-06-16T12:52:59.445143
22,19,3,4,0,4,2026-06-16T12:53:00.876152
22,19,4,4,0,4,2026-06-16T12:53:01.677596
22,19,5,4,0,4,2026-06-16T12:53:03.473074
22,19,6,4,0,4,2026-06-16T12:53:05.280881
22,19,7,4,0,4,2026-06-16T12:53:07.914987
22,19,8,4,0,4,2026-06-16T12:53:08.917697
22,19,9,4,0,4,2026-06-16T12:53:10.543609
22,19,10,4,0,4,2026-06-16T12:53:17.773405
22,20,1,3,0,3,2026-06-16T12:53:19.374496
22,20,2,3,0,3,2026-06-16T12:53:20.773551
22,20,3,3,0,3,2026-06-16T12:53:22.176673
22,20,4,3,0,3,2026-06-16T12:53:22.995839
22,20,5,3,0,3,2026-06-16T12:53:30.163715
22,20,6,3,0,3,2026-06-16T12:53:30.972647
22,20,7,3,0,3,2026-06-16T12:53:32.592258
22,20,8,3,0,3,2026-06-16T12:53:34.232585
22,20,9,3,0,3,2026-06-16T12:53:40.786939
22,20,10,3,0,3,2026-06-16T12:53:43.199793
22,21,1,5,0,5,2026-06-16T12:53:44.617992
22,21,2,5,0,5,2026-06-16T12:53:45.423816
22,21,3,5,0,5,2026-06-16T12:53:46.854794
22,21,4,5,0,5,2026-06-16T12:53:54.027063
22,21,5,5,0,5,2026-06-16T12:53:55.659445
22,21,6,5,0,5,2026-06-16T12:53:57.248812
22,21,7,5,0,5,2026-06-16T12:53:59.057564
22,21,8,5,0,5,2026-06-16T12:54:01.069380
22,21,9,5,0,5,2026-06-16T12:54:02.278940
22,21,10,5,0,5,2026-06-16T12:54:03.334936
22,22,1,4,0,4,2026-06-16T12:54:04.345476
22,22,2,4,0,4,2026-06-16T12:54:05.532825
22,22,3,4,0,4,2026-06-16T12:54:12.741647
22,22,4,4,0,4,2026-06-16T12:54:14.554548
22,22,5,4,0,4,2026-06-16T12:54:16.150040
22,22,6,4,0,4,2026-06-16T12:54:17.756569
22,22,7,4,0,4,2026-06-16T12:54:24.290920
22,22,8,4,0,4,2026-06-16T12:55:47.075560
22,22,9,4,0,4,2026-06-16T12:55:53.698238
22,22,10,4,0,4,2026-06-16T12:55:55.313895
22,23,1,4,0,4,2026-06-16T12:55:56.326151
22,23,2,4,0,4,2026-06-16T12:55:57.522764
22,23,3,4,0,4,2026-06-16T12:55:59.525865
22,23,4,4,0,4,2026-06-16T12:56:01.330805
22,23,5,4,0,4,2026-06-16T12:56:02.531105
22,23,6,4,0,4,2026-06-16T12:56:03.931050
22,23,7,4,0,4,2026-06-16T12:56:05.545812
22,23,8,4,0,4,2026-06-16T12:56:07.155218
22,23,9,4,0,4,2026-06-16T12:56:08.955184
22,23,10,4,0,4,2026-06-16T12:56:10.186181
22,24,1,2,0,2,2026-06-16T12:56:11.242659
22,24,2,2,0,2,2026-06-16T12:56:17.828692
22,24,3,2,0,2,2026-06-16T12:56:19.436223
22,24,4,2,0,2,2026-06-16T12:56:20.433114
22,24,5,2,0,2,2026-06-16T12:56:22.233810
22,24,6,2,0,2,2026-06-16T12:56:23.832271
22,24,7,2,0,2,2026-06-16T12:56:26.030047
22,24,8,2,0,2,2026-06-16T12:56:27.422291
22,24,9,2,0,2,2026-06-16T12:56:28.423521
22,24,10,2,0,2,2026-06-16T12:56:29.830704
22,25,1,0,0,0,2026-06-16T12:56:36.419837
22,25,2,0,0,0,2026-06-16T12:56:38.838516
22,25,3,0,0,0,2026-06-16T12:56:40.055970
22,25,4,0,0,0,2026-06-16T12:56:41.266027
22,25,5,0,0,0,2026-06-16T12:56:42.877996
22,25,6,0,0,0,2026-06-16T12:56:44.082311
22,25,7,0,0,0,2026-06-16T12:56:45.493051
22,25,8,0,0,0,2026-06-16T12:56:46.718028
22,25,9,0,0,0,2026-06-16T12:56:48.722211
22,25,10,0,0,0,2026-06-16T12:56:50.326351
22,26,1,2,0,2,2026-06-16T12:56:51.516064
22,26,2,2,0,2,2026-06-16T12:56:53.130462
22,26,3,2,0,2,2026-06-16T12:56:55.887777
22,26,4,2,0,2,2026-06-16T12:56:57.084982
22,26,5,2,0,2,2026-06-16T12:56:58.107877
22,26,6,2,0,2,2026-06-16T12:56:58.963396
22,26,7,2,0,2,2026-06-16T12:57:05.493400
22,26,8,2,0,2,2026-06-16T12:57:06.908023
22,26,9,2,0,2,2026-06-16T12:57:08.734047
22,26,10,2,0,2,2026-06-16T12:57:10.146484
22,27,1,3,0,3,2026-06-16T12:57:17.367907
22,27,2,3,0,3,2026-06-16T12:57:18.587828
22,27,3,3,0,3,2026-06-16T12:57:19.399040
22,27,4,3,0,3,2026-06-16T12:57:20.407165
22,27,5,2,0,2,2026-06-16T12:57:21.406012
22,27,6,3,0,3,2026-06-16T12:57:23.209756
22,27,7,3,0,3,2026-06-16T12:57:24.215031
22,27,8,3,0,3,2026-06-16T12:57:25.434911
22,27,9,3,0,3,2026-06-16T12:57:27.241317
22,27,10,3,0,3,2026-06-16T12:57:28.861595
22,28,1,3,0,3,2026-06-16T12:57:31.277615
22,28,2,3,0,3,2026-06-16T12:57:32.311454
22,28,3,3,0,3,2026-06-16T12:57:33.927181
22,28,4,3,0,3,2026-06-16T12:57:35.142849
22,28,5,3,0,3,2026-06-16T12:57:36.336047
22,28,6,3,0,3,2026-06-16T12:57:37.745621
22,28,7,3,0,3,2026-06-16T12:57:38.753771
22,28,8,3,0,3,2026-06-16T12:57:39.760365
22,28,9,3,0,3,2026-06-16T12:57:46.938373
22,28,10,3,0,3,2026-06-16T12:57:48.550187
22,29,1,3,0,3,2026-06-16T12:57:50.148208
22,29,2,3,0,3,2026-06-16T12:57:51.354048
22,29,3,3,0,3,2026-06-16T12:57:58.588428
22,29,4,3,0,3,2026-06-16T12:58:00.196361
22,29,5,3,0,3,2026-06-16T12:58:01.603913
22,29,6,3,0,3,2026-06-16T12:58:02.811742
22,29,7,3,0,3,2026-06-16T12:58:04.027677
22,29,8,3,0,3,2026-06-16T12:58:06.752006
22,29,9,3,0,3,2026-06-16T12:58:08.357218
22,29,10,3,0,3,2026-06-16T12:58:09.565914
22,30,1,2,0,2,2026-06-16T12:58:16.165342
22,30,2,2,0,2,2026-06-16T12:58:17.586023
22,30,3,2,0,2,2026-06-16T12:58:19.219948
22,30,4,2,0,2,2026-06-16T12:58:20.473925
22,30,5,2,0,2,2026-06-16T12:58:21.889463
22,30,6,2,0,2,2026-06-16T12:58:22.699826
22,30,7,2,0,2,2026-06-16T12:58:24.146941
22,30,8,2,0,2,2026-06-16T12:58:25.755820
22,30,9,2,0,2,2026-06-16T12:58:27.155986
22,30,10,2,0,2,2026-06-16T12:58:29.381628
23,1,1,5,0,5,2026-06-16T12:58:30.782691
23,1,2,5,0,5,2026-06-16T12:58:31.986929
23,1,3,5,0,5,2026-06-16T12:58:32.993609
23,1,4,5,0,5,2026-06-16T12:58:34.213875
23,1,5,5,0,5,2026-06-16T12:58:35.815868
23,1,6,5,0,5,2026-06-16T12:58:36.826784
23,1,7,5,0,5,2026-06-16T12:58:37.815055
23,1,8,5,0,5,2026-06-16T12:58:39.224119
23,1,9,5,0,5,2026-06-16T12:58:41.637438
23,1,10,5,0,5,2026-06-16T12:58:42.834414
23,2,1,5,0,5,2026-06-16T12:58:43.630557
23,2,2,5,0,5,2026-06-16T12:58:50.833673
23,2,3,5,0,5,2026-06-16T12:58:52.244006
23,2,4,5,0,5,2026-06-16T12:58:53.059127
23,2,5,5,0,5,2026-06-16T12:58:54.485363
23,2,6,5,0,5,2026-06-16T12:58:55.498679
23,2,7,5,0,5,2026-06-16T12:59:02.725593
23,2,8,5,0,5,2026-06-16T12:59:03.531131
23,2,9,5,0,5,2026-06-16T12:59:04.562504
23,2,10,5,0,5,2026-06-16T12:59:05.631623
23,3,1,3,0,3,2026-06-16T12:59:06.859732
23,3,2,3,0,3,2026-06-16T12:59:07.863869
23,3,3,3,0,3,2026-06-16T12:59:15.012758
23,3,4,3,0,3,2026-06-16T12:59:16.405262
23,3,5,3,0,3,2026-06-16T12:59:18.019358
23,3,6,3,0,3,2026-06-16T12:59:19.028241
23,3,7,3,0,3,2026-06-16T12:59:20.071047
23,3,8,3,0,3,2026-06-16T12:59:26.640276
23,3,9,3,0,3,2026-06-16T12:59:27.453608
23,3,10,3,0,3,2026-06-16T12:59:28.875181
23,4,1,2,0,2,2026-06-16T12:59:29.900112
23,4,2,2,0,2,2026-06-16T12:59:31.510680
23,4,3,2,0,2,2026-06-16T12:59:32.564834
23,4,4,2,0,2,2026-06-16T12:59:39.776555
23,4,5,2,0,2,2026-06-16T12:59:41.802218
23,4,6,2,0,2,2026-06-16T12:59:43.198277
23,4,7,2,0,2,2026-06-16T12:59:44.397040
23,4,8,2,0,2,2026-06-16T12:59:46.082324
23,4,9,2,0,2,2026-06-16T12:59:53.245941
23,4,10,2,0,2,2026-06-16T12:59:55.064232
23,5,1,3,0,3,2026-06-16T12:59:56.107725
23,5,2,3,0,3,2026-06-16T12:59:57.105681
23,5,3,3,0,3,2026-06-16T13:00:04.257614
23,5,4,3,0,3,2026-06-16T13:00:06.889082
23,5,5,3,0,3,2026-06-16T13:00:08.531520
23,5,6,3,0,3,2026-06-16T13:00:10.342858
23,5,7,3,0,3,2026-06-16T13:00:16.934635
23,5,8,3,0,3,2026-06-16T13:00:18.540525
23,5,9,3,0,3,2026-06-16T13:00:19.352906
23,5,10,3,0,3,2026-06-16T13:00:20.349781
23,6,1,5,0,5,2026-06-16T13:00:21.752372
23,6,2,5,0,5,2026-06-16T13:00:23.153885
23,6,3,5,0,5,2026-06-16T13:00:24.550096
23,6,4,5,0,5,2026-06-16T13:00:25.951769
23,6,5,5,0,5,2026-06-16T13:00:26.945768
23,6,6,5,0,5,2026-06-16T13:00:34.121408
23,6,7,5,0,5,2026-06-16T13:00:35.132311
23,6,8,5,0,5,2026-06-16T13:00:36.319595
23,6,9,5,0,5,2026-06-16T13:00:37.385434
23,6,10,5,0,5,2026-06-16T13:00:38.887772
23,7,1,5,0,5,2026-06-16T13:00:46.042668
23,7,2,5,0,5,2026-06-16T13:00:47.452654
23,7,3,5,0,5,2026-06-16T13:00:48.453630
23,7,4,5,0,5,2026-06-16T13:00:49.855101
23,7,5,5,0,5,2026-06-16T13:00:51.246072
23,7,6,5,0,5,2026-06-16T13:00:57.828036
23,7,7,5,0,5,2026-06-16T13:01:00.228116
23,7,8,5,0,5,2026-06-16T13:01:01.857029
23,7,9,5,0,5,2026-06-16T13:01:02.867482
23,7,10,5,0,5,2026-06-16T13:01:05.720413
23,8,1,4,0,4,2026-06-16T13:01:07.330301
23,8,2,4,0,4,2026-06-16T13:01:08.742386
23,8,3,3,0,3,2026-06-16T13:01:09.754726
23,8,4,3,0,3,2026-06-16T13:01:17.014421
23,8,5,3,0,3,2026-06-16T13:01:18.859224
23,8,6,4,0,4,2026-06-16T13:01:20.664071
23,8,7,4,0,4,2026-06-16T13:01:21.668022
23,8,8,3,0,3,2026-06-16T13:01:28.880650
23,8,9,3,0,3,2026-06-16T13:01:29.915215
23,8,10,3,0,3,2026-06-16T13:01:31.318366
23,9,1,2,0,2,2026-06-16T13:01:32.731659
23,9,2,2,0,2,2026-06-16T13:01:33.806997
23,9,3,2,0,2,2026-06-16T13:01:41.012202
23,9,4,2,0,2,2026-06-16T13:01:47.543802
23,9,5,2,0,2,2026-06-16T13:01:49.764270
23,9,6,2,0,2,2026-06-16T13:01:51.378460
23,9,7,2,0,2,2026-06-16T13:01:52.995451
23,9,8,2,0,2,2026-06-16T13:01:58.983247
23,9,9,2,0,2,2026-06-16T13:02:00.588972
23,9,10,2,0,2,2026-06-16T13:02:01.797406
23,10,1,2,0,2,2026-06-16T13:02:02.805215
23,10,2,2,0,2,2026-06-16T13:02:04.243983
23,10,3,2,0,2,2026-06-16T13:02:11.436642
23,10,4,2,0,2,2026-06-16T13:02:18.041775
23,10,5,2,0,2,2026-06-16T13:02:24.643616
23,10,6,2,0,2,2026-06-16T13:02:31.181441
23,10,7,2,0,2,2026-06-16T13:02:33.606242
23,10,8,2,0,2,2026-06-16T13:02:35.416055
23,10,9,2,0,2,2026-06-16T13:02:36.421608
23,10,10,2,0,2,2026-06-16T13:02:37.852993
23,11,1,5,0,5,2026-06-16T13:02:39.058584
23,11,2,5,0,5,2026-06-16T13:02:39.883528
23,11,3,5,0,5,2026-06-16T13:02:41.290935
23,11,4,5,0,5,2026-06-16T13:02:42.501239
23,11,5,5,0,5,2026-06-16T13:02:49.075903
23,11,6,5,0,5,2026-06-16T13:02:50.894090
23,11,7,5,0,5,2026-06-16T13:02:51.893657
23,11,8,5,0,5,2026-06-16T13:02:53.570761
23,11,9,5,0,5,2026-06-16T13:02:54.799866
23,11,10,5,0,5,2026-06-16T13:02:55.994565
23,12,1,5,0,5,2026-06-16T13:02:57.462872
23,12,2,5,0,5,2026-06-16T13:02:58.871870
23,12,3,5,0,5,2026-06-16T13:03:00.099561
23,12,4,5,0,5,2026-06-16T13:03:01.966441
23,12,5,5,0,5,2026-06-16T13:03:03.605296
23,12,6,5,0,5,2026-06-16T13:03:04.629621
23,12,7,5,0,5,2026-06-16T13:03:05.632583
23,12,8,5,0,5,2026-06-16T13:03:06.850534
23,12,9,5,0,5,2026-06-16T13:03:13.442930
23,12,10,5,0,5,2026-06-16T13:03:15.050149
23,13,1,3,0,3,2026-06-16T13:03:16.264304
23,13,2,3,0,3,2026-06-16T13:03:17.671158
23,13,3,3,0,3,2026-06-16T13:03:18.677820
23,13,4,3,0,3,2026-06-16T13:03:20.294267
23,13,5,3,0,3,2026-06-16T13:03:21.116500
23,13,6,3,0,3,2026-06-16T13:03:22.566334
23,13,7,3,0,3,2026-06-16T13:03:23.363015
23,13,8,3,0,3,2026-06-16T13:03:24.575375
23,13,9,3,0,3,2026-06-16T13:03:26.394357
23,13,10,3,0,3,2026-06-16T13:03:27.200536
23,14,1,3,0,3,2026-06-16T13:03:28.806446
23,14,2,3,0,3,2026-06-16T13:03:30.409980
23,14,3,3,0,3,2026-06-16T13:03:31.411358
23,14,4,3,0,3,2026-06-16T13:03:32.964781
23,14,5,3,0,3,2026-06-16T13:03:34.190692
23,14,6,3,0,3,2026-06-16T13:03:35.779519
23,14,7,3,0,3,2026-06-16T13:03:42.920975
23,14,8,3,0,3,2026-06-16T13:03:44.974528
23,14,9,3,0,3,2026-06-16T13:03:46.380784
23,14,10,3,0,3,2026-06-16T13:03:47.187822
23,15,1,2,0,2,2026-06-16T13:03:48.048499
23,15,2,2,0,2,2026-06-16T13:03:49.236024
23,15,3,2,0,2,2026-06-16T13:03:51.439867
23,15,4,2,0,2,2026-06-16T13:03:52.646744
23,15,5,2,0,2,2026-06-16T13:03:53.443397
23,15,6,2,0,2,2026-06-16T13:03:55.048692
23,15,7,2,0,2,2026-06-16T13:04:01.608614
23,15,8,2,0,2,2026-06-16T13:04:02.576676
23,15,9,2,0,2,2026-06-16T13:04:04.207680
23,15,10,2,0,2,2026-06-16T13:04:05.211253
23,16,1,5,0,5,2026-06-16T13:04:12.414029
23,16,2,5,0,5,2026-06-16T13:04:13.429064
23,16,3,5,0,5,2026-06-16T13:04:14.840321
23,16,4,5,0,5,2026-06-16T13:04:16.648908
23,16,5,5,0,5,2026-06-16T13:04:23.811280
23,16,6,5,0,5,2026-06-16T13:04:25.218508
23,16,7,5,0,5,2026-06-16T13:04:26.411801
23,16,8,5,0,5,2026-06-16T13:04:27.413343
23,16,9,5,0,5,2026-06-16T13:04:29.024607
23,16,10,5,0,5,2026-06-16T13:04:36.302033
23,17,1,5,0,5,2026-06-16T13:04:37.900819
23,17,2,5,0,5,2026-06-16T13:04:38.897616
23,17,3,5,0,5,2026-06-16T13:04:39.703528
23,17,4,5,0,5,2026-06-16T13:04:41.314903
23,17,5,5,0,5,2026-06-16T13:04:48.523983
23,17,6,5,0,5,2026-06-16T13:04:49.926778
23,17,7,5,0,5,2026-06-16T13:04:51.133194
23,17,8,5,0,5,2026-06-16T13:04:52.349551
23,17,9,5,0,5,2026-06-16T13:04:53.560751
23,17,10,5,0,5,2026-06-16T13:05:00.114838
23,18,1,4,0,4,2026-06-16T13:05:01.923346
23,18,2,4,0,4,2026-06-16T13:05:03.332575
23,18,3,4,0,4,2026-06-16T13:05:04.946882
23,18,4,4,0,4,2026-06-16T13:05:05.976236
23,18,5,4,0,4,2026-06-16T13:05:06.997034
23,18,6,4,0,4,2026-06-16T13:05:08.208999
23,18,7,4,0,4,2026-06-16T13:05:10.027858
23,18,8,4,0,4,2026-06-16T13:05:10.828327
23,18,9,4,0,4,2026-06-16T13:05:18.004400
23,18,10,4,0,4,2026-06-16T13:05:18.996959
23,19,1,3,0,3,2026-06-16T13:05:20.197840
23,19,2,3,0,3,2026-06-16T13:05:21.616308
23,19,3,3,0,3,2026-06-16T13:05:23.486606
23,19,4,3,0,3,2026-06-16T13:05:24.923302
23,19,5,3,0,3,2026-06-16T13:05:26.733680
23,19,6,3,0,3,2026-06-16T13:05:28.339231
23,19,7,3,0,3,2026-06-16T13:05:29.743010
23,19,8,3,0,3,2026-06-16T13:05:30.748120
23,19,9,3,0,3,2026-06-16T13:05:31.751538
23,19,10,3,0,3,2026-06-16T13:05:32.741672
23,20,1,4,0,4,2026-06-16T13:05:34.346088
23,20,2,4,0,4,2026-06-16T13:05:36.151428
23,20,3,4,0,4,2026-06-16T13:05:42.716015
23,20,4,4,0,4,2026-06-16T13:05:44.334522
23,20,5,4,0,4,2026-06-16T13:05:45.721379
23,20,6,4,0,4,2026-06-16T13:05:46.723111
23,20,7,4,0,4,2026-06-16T13:05:48.325664
23,20,8,4,0,4,2026-06-16T13:05:50.965154
23,20,9,4,0,4,2026-06-16T13:05:52.054312
23,20,10,4,0,4,2026-06-16T13:05:52.852567
23,21,1,5,0,5,2026-06-16T13:05:53.662973
23,21,2,5,0,5,2026-06-16T13:05:54.466149
23,21,3,5,0,5,2026-06-16T13:05:56.073301
23,21,4,5,0,5,2026-06-16T13:05:57.892055
23,21,5,5,0,5,2026-06-16T13:05:59.302732
23,21,6,5,0,5,2026-06-16T13:06:00.307870
23,21,7,5,0,5,2026-06-16T13:06:02.940844
23,21,8,5,0,5,2026-06-16T13:06:04.345582
23,21,9,5,0,5,2026-06-16T13:06:05.342663
23,21,10,5,0,5,2026-06-16T13:06:06.544807
23,22,1,5,0,5,2026-06-16T13:06:13.734755
23,22,2,5,0,5,2026-06-16T13:06:20.301777
23,22,3,5,0,5,2026-06-16T13:06:21.303882
23,22,4,5,0,5,2026-06-16T13:06:22.726994
23,22,5,5,0,5,2026-06-16T13:06:24.138904
23,22,6,5,0,5,2026-06-16T13:06:25.543065
23,22,7,5,0,5,2026-06-16T13:06:26.953698
23,22,8,5,0,5,2026-06-16T13:06:28.564626
23,22,9,5,0,5,2026-06-16T13:06:30.180584
23,22,10,5,0,5,2026-06-16T13:06:31.590889
23,23,1,4,0,4,2026-06-16T13:06:38.161328
23,23,2,4,0,4,2026-06-16T13:06:39.148375
23,23,3,4,0,4,2026-06-16T13:06:40.344754
23,23,4,4,0,4,2026-06-16T13:06:41.970165
23,23,5,4,0,4,2026-06-16T13:06:43.382435
23,23,6,4,0,4,2026-06-16T13:06:49.912676
23,23,7,4,0,4,2026-06-16T13:06:51.194383
23,23,8,4,0,4,2026-06-16T13:06:52.202234
23,23,9,4,0,4,2026-06-16T13:06:53.622280
23,23,10,4,0,4,2026-06-16T13:06:55.109899
23,24,1,2,0,2,2026-06-16T13:07:02.292040
23,24,2,2,0,2,2026-06-16T13:07:03.494949
23,24,3,2,0,2,2026-06-16T13:07:05.113212
23,24,4,2,0,2,2026-06-16T13:07:06.317627
23,24,5,2,0,2,2026-06-16T13:07:13.547993
23,24,6,2,0,2,2026-06-16T13:07:15.572035
23,24,7,2,0,2,2026-06-16T13:07:16.959443
23,24,8,2,0,2,2026-06-16T13:07:18.559764
23,24,9,2,0,2,2026-06-16T13:07:25.106349
23,24,10,2,0,2,2026-06-16T13:07:25.913321
23,25,1,0,0,0,2026-06-16T13:07:27.106266
23,25,2,0,0,0,2026-06-16T13:07:28.122081
23,25,3,0,0,0,2026-06-16T13:07:29.440905
23,25,4,0,0,0,2026-06-16T13:07:36.678804
23,25,5,0,0,0,2026-06-16T13:07:38.081050
23,25,6,0,0,0,2026-06-16T13:07:39.080491
23,25,7,0,0,0,2026-06-16T13:07:40.282662
23,25,8,0,0,0,2026-06-16T13:07:41.491192
23,25,9,0,0,0,2026-06-16T13:07:42.915984
23,25,10,0,0,0,2026-06-16T13:07:44.117259
23,26,1,3,0,3,2026-06-16T13:07:45.529330
23,26,2,3,0,3,2026-06-16T13:07:46.538484
23,26,3,3,0,3,2026-06-16T13:07:48.138306
23,26,4,3,0,3,2026-06-16T13:07:50.541635
23,26,5,3,0,3,2026-06-16T13:07:51.930165
23,26,6,3,0,3,2026-06-16T13:07:53.348901
23,26,7,3,0,3,2026-06-16T13:07:54.744512
23,26,8,3,0,3,2026-06-16T13:08:01.262549
23,26,9,3,0,3,2026-06-16T13:08:02.467032
23,26,10,3,0,3,2026-06-16T13:08:04.064651
23,27,1,3,0,3,2026-06-16T13:08:05.682480
23,27,2,3,0,3,2026-06-16T13:08:07.686410
23,27,3,3,0,3,2026-06-16T13:08:08.490674
23,27,4,3,0,3,2026-06-16T13:08:09.889494
23,27,5,3,0,3,2026-06-16T13:08:11.699060
23,27,6,3,0,3,2026-06-16T13:08:13.904235
23,27,7,3,0,3,2026-06-16T13:08:15.501214
23,27,8,3,0,3,2026-06-16T13:08:16.698855
23,27,9,3,0,3,2026-06-16T13:08:23.905565
23,27,10,3,0,3,2026-06-16T13:08:31.039488
23,28,1,3,0,3,2026-06-16T13:08:32.297464
23,28,2,3,0,3,2026-06-16T13:08:33.910279
23,28,3,3,0,3,2026-06-16T13:08:34.921890
23,28,4,3,0,3,2026-06-16T13:08:36.733818
23,28,5,3,0,3,2026-06-16T13:08:37.637379
23,28,6,3,0,3,2026-06-16T13:08:38.662287
23,28,7,3,0,3,2026-06-16T13:08:39.460780
23,28,8,3,0,3,2026-06-16T13:08:40.664850
23,28,9,3,0,3,2026-06-16T13:08:41.668833
23,28,10,3,0,3,2026-06-16T13:08:42.881273
23,29,1,3,0,3,2026-06-16T13:08:44.288578
23,29,2,3,0,3,2026-06-16T13:08:45.093850
23,29,3,3,0,3,2026-06-16T13:08:46.092450
23,29,4,3,0,3,2026-06-16T13:08:47.545403
23,29,5,3,0,3,2026-06-16T13:08:54.087552
23,29,6,3,0,3,2026-06-16T13:08:55.693093
23,29,7,3,0,3,2026-06-16T13:08:56.696146
23,29,8,3,0,3,2026-06-16T13:08:57.606044
23,29,9,3,0,3,2026-06-16T13:08:58.599313
23,29,10,3,0,3,2026-06-16T13:09:01.735094
23,30,1,3,0,3,2026-06-16T13:09:03.137018
23,30,2,3,0,3,2026-06-16T13:09:04.145166
23,30,3,3,0,3,2026-06-16T13:09:05.335037
23,30,4,3,0,3,2026-06-16T13:09:06.139439
23,30,5,3,0,3,2026-06-16T13:09:12.716706
23,30,6,3,0,3,2026-06-16T13:09:14.522448
23,30,7,3,0,3,2026-06-16T13:09:16.038636
23,30,8,3,0,3,2026-06-16T13:09:16.847823
23,30,9,3,0,3,2026-06-16T13:09:18.658053
23,30,10,3,0,3,2026-06-16T13:09:25.840143
24,1,1,5,0,5,2026-06-16T13:09:27.508690
24,1,2,5,0,5,2026-06-16T13:09:28.519307
24,1,3,5,0,5,2026-06-16T13:09:29.528177
24,1,4,5,0,5,2026-06-16T13:09:30.513370
24,1,5,5,0,5,2026-06-16T13:09:31.398680
24,1,6,5,0,5,2026-06-16T13:09:32.603793
24,1,7,5,0,5,2026-06-16T13:09:33.412865
24,1,8,5,0,5,2026-06-16T13:09:35.003693
24,1,9,5,0,5,2026-06-16T13:09:36.722562
24,1,10,5,0,5,2026-06-16T13:09:37.743508
24,2,1,5,0,5,2026-06-16T13:09:38.946198
24,2,2,5,0,5,2026-06-16T13:09:40.002330
24,2,3,5,0,5,2026-06-16T13:09:41.230573
24,2,4,5,0,5,2026-06-16T13:09:42.642747
24,2,5,5,0,5,2026-06-16T13:09:44.044689
24,2,6,5,0,5,2026-06-16T13:09:45.653221
24,2,7,5,0,5,2026-06-16T13:09:46.667756
24,2,8,5,0,5,2026-06-16T13:09:47.901135
24,2,9,5,0,5,2026-06-16T13:09:54.458431
24,2,10,5,0,5,2026-06-16T13:09:56.092606
24,3,1,3,0,3,2026-06-16T13:09:57.092566
24,3,2,3,0,3,2026-06-16T13:09:58.888127
24,3,3,3,0,3,2026-06-16T13:10:06.122568
24,3,4,3,0,3,2026-06-16T13:10:07.125410
24,3,5,3,0,3,2026-06-16T13:10:07.932805
24,3,6,3,0,3,2026-06-16T13:10:08.936981
24,3,7,3,0,3,2026-06-16T13:10:10.145528
24,3,8,3,0,3,2026-06-16T13:10:11.028093
24,3,9,3,0,3,2026-06-16T13:10:17.562975
24,3,10,3,0,3,2026-06-16T13:10:18.951100
24,4,1,3,0,3,2026-06-16T13:10:20.161062
24,4,2,3,0,3,2026-06-16T13:10:21.995652
24,4,3,3,0,3,2026-06-16T13:10:23.315270
24,4,4,3,0,3,2026-06-16T13:10:29.849623
24,4,5,3,0,3,2026-06-16T13:10:36.407512
24,4,6,3,0,3,2026-06-16T13:10:42.910344
24,4,7,3,0,3,2026-06-16T13:10:44.095346
24,4,8,3,0,3,2026-06-16T13:10:45.704842
24,4,9,3,0,3,2026-06-16T13:10:46.716242
24,4,10,3,0,3,2026-06-16T13:10:48.124308
24,5,1,3,0,3,2026-06-16T13:10:54.660960
24,5,2,3,0,3,2026-06-16T13:10:56.086505
24,5,3,3,0,3,2026-06-16T13:10:57.503327
24,5,4,3,0,3,2026-06-16T13:10:58.545706
24,5,5,3,0,3,2026-06-16T13:10:59.960216
24,5,6,3,0,3,2026-06-16T13:11:00.973701
24,5,7,3,0,3,2026-06-16T13:11:02.377990
24,5,8,3,0,3,2026-06-16T13:11:03.380843
24,5,9,3,0,3,2026-06-16T13:11:04.975282
24,5,10,3,0,3,2026-06-16T13:11:05.780165
24,6,1,5,0,5,2026-06-16T13:11:06.588687
24,6,2,5,0,5,2026-06-16T13:11:07.786488
24,6,3,5,0,5,2026-06-16T13:11:09.192629
24,6,4,5,0,5,2026-06-16T13:11:10.607904
24,6,5,5,0,5,2026-06-16T13:11:12.015703
24,6,6,5,0,5,2026-06-16T13:11:13.423928
24,6,7,5,0,5,2026-06-16T13:11:15.024945
24,6,8,5,0,5,2026-06-16T13:11:16.437317
24,6,9,5,0,5,2026-06-16T13:11:17.850632
24,6,10,5,0,5,2026-06-16T13:11:24.449064
24,7,1,5,0,5,2026-06-16T13:11:25.679347
24,7,2,5,0,5,2026-06-16T13:11:27.490701
24,7,3,5,0,5,2026-06-16T13:11:28.713787
24,7,4,5,0,5,2026-06-16T13:11:35.841139
24,7,5,5,0,5,2026-06-16T13:11:42.436774
24,7,6,5,0,5,2026-06-16T13:11:44.520972
24,7,7,5,0,5,2026-06-16T13:11:45.320879
24,7,8,5,0,5,2026-06-16T13:11:46.094855
24,7,9,5,0,5,2026-06-16T13:11:47.303478
24,7,10,5,0,5,2026-06-16T13:11:54.450313
24,8,1,5,0,5,2026-06-16T13:11:56.254620
24,8,2,5,0,5,2026-06-16T13:11:57.656590
24,8,3,5,0,5,2026-06-16T13:11:59.058016
24,8,4,5,0,5,2026-06-16T13:12:06.260258
24,8,5,5,0,5,2026-06-16T13:12:07.868338
24,8,6,5,0,5,2026-06-16T13:12:09.272209
24,8,7,5,0,5,2026-06-16T13:12:10.883896
24,8,8,5,0,5,2026-06-16T13:12:12.118322
24,8,9,5,0,5,2026-06-16T13:12:14.421932
24,8,10,5,0,5,2026-06-16T13:12:16.236218
24,9,1,2,0,2,2026-06-16T13:12:17.852652
24,9,2,2,0,2,2026-06-16T13:12:19.544055
24,9,3,2,0,2,2026-06-16T13:12:20.975524
24,9,4,2,0,2,2026-06-16T13:12:22.371187
24,9,5,2,0,2,2026-06-16T13:12:29.516537
24,9,6,2,0,2,2026-06-16T13:12:31.727746
24,9,7,2,0,2,2026-06-16T13:12:33.366949
24,9,8,2,0,2,2026-06-16T13:12:34.973990
24,9,9,2,0,2,2026-06-16T13:12:42.195567
24,9,10,2,0,2,2026-06-16T13:12:43.404593
24,10,1,3,0,3,2026-06-16T13:12:44.196058
24,10,2,3,0,3,2026-06-16T13:12:45.811267
24,10,3,3,0,3,2026-06-16T13:12:47.619268
24,10,4,3,0,3,2026-06-16T13:12:54.159478
24,10,5,3,0,3,2026-06-16T13:12:55.365288
24,10,6,3,0,3,2026-06-16T13:12:56.575425
24,10,7,3,0,3,2026-06-16T13:12:58.184640
24,10,8,3,0,3,2026-06-16T13:12:59.802126
24,10,9,3,0,3,2026-06-16T13:13:01.209979
24,10,10,3,0,3,2026-06-16T13:13:02.431312
24,11,1,5,0,5,2026-06-16T13:13:03.237990
24,11,2,5,0,5,2026-06-16T13:13:04.840078
24,11,3,5,0,5,2026-06-16T13:13:11.362852
24,11,4,5,0,5,2026-06-16T13:13:12.344080
24,11,5,5,0,5,2026-06-16T13:13:13.540775
24,11,6,5,0,5,2026-06-16T13:13:14.359994
24,11,7,5,0,5,2026-06-16T13:13:15.389289
24,11,8,5,0,5,2026-06-16T13:13:16.790712
24,11,9,5,0,5,2026-06-16T13:13:17.974580
24,11,10,5,0,5,2026-06-16T13:13:19.779995
24,12,1,5,0,5,2026-06-16T13:13:21.183291
24,12,2,5,0,5,2026-06-16T13:13:22.787157
24,12,3,5,0,5,2026-06-16T13:13:29.418982
24,12,4,5,0,5,2026-06-16T13:13:35.939677
24,12,5,5,0,5,2026-06-16T13:13:38.142562
24,12,6,5,0,5,2026-06-16T13:13:39.154004
24,12,7,5,0,5,2026-06-16T13:13:40.558314
24,12,8,5,0,5,2026-06-16T13:13:42.177290
24,12,9,5,0,5,2026-06-16T13:13:43.588381
24,12,10,5,0,5,2026-06-16T13:13:44.783129
24,13,1,5,0,5,2026-06-16T13:13:46.384070
24,13,2,5,0,5,2026-06-16T13:13:53.586899
24,13,3,5,0,5,2026-06-16T13:13:55.209509
24,13,4,5,0,5,2026-06-16T13:13:56.423669
24,13,5,5,0,5,2026-06-16T13:13:57.850010
24,13,6,5,0,5,2026-06-16T13:13:58.649090
24,13,7,5,0,5,2026-06-16T13:14:05.169664
24,13,8,5,0,5,2026-06-16T13:14:11.673146
24,13,9,5,0,5,2026-06-16T13:14:13.279795
24,13,10,5,0,5,2026-06-16T13:14:14.886931
24,14,1,4,0,4,2026-06-16T13:14:16.701711
24,14,2,4,0,4,2026-06-16T13:14:18.493348
24,14,3,4,0,4,2026-06-16T13:14:20.249593
24,14,4,4,0,4,2026-06-16T13:14:21.466181
24,14,5,4,0,4,2026-06-16T13:14:29.358169
24,14,6,4,0,4,2026-06-16T13:14:31.374299
24,14,7,4,0,4,2026-06-16T13:14:32.577862
24,14,8,4,0,4,2026-06-16T13:14:34.188204
24,14,9,4,0,4,2026-06-16T13:14:35.389701
24,14,10,4,0,4,2026-06-16T13:14:36.382550
24,15,1,4,0,4,2026-06-16T13:14:37.991042
24,15,2,4,0,4,2026-06-16T13:14:39.192116
24,15,3,4,0,4,2026-06-16T13:14:46.379901
24,15,4,4,0,4,2026-06-16T13:14:48.003670
24,15,5,4,0,4,2026-06-16T13:14:49.608430
24,15,6,4,0,4,2026-06-16T13:14:51.206407
24,15,7,4,0,4,2026-06-16T13:14:53.018257
24,15,8,4,0,4,2026-06-16T13:14:54.424036
24,15,9,4,0,4,2026-06-16T13:14:55.637057
24,15,10,4,0,4,2026-06-16T13:14:56.848700
24,16,1,5,0,5,2026-06-16T13:15:04.096149
24,16,2,5,0,5,2026-06-16T13:15:05.683069
24,16,3,5,0,5,2026-06-16T13:15:06.881913
24,16,4,5,0,5,2026-06-16T13:15:08.500438
24,16,5,5,0,5,2026-06-16T13:15:09.520645
24,16,6,5,0,5,2026-06-16T13:15:16.095724
24,16,7,5,0,5,2026-06-16T13:15:17.710017
24,16,8,5,0,5,2026-06-16T13:15:19.107900
24,16,9,5,0,5,2026-06-16T13:15:20.712235
24,16,10,5,0,5,2026-06-16T13:15:27.306430
24,17,1,5,0,5,2026-06-16T13:15:28.927329
24,17,2,5,0,5,2026-06-16T13:15:30.420319
24,17,3,5,0,5,2026-06-16T13:15:32.229968
24,17,4,5,0,5,2026-06-16T13:15:34.643843
24,17,5,5,0,5,2026-06-16T13:15:35.454213
24,17,6,5,0,5,2026-06-16T13:15:36.658269
24,17,7,5,0,5,2026-06-16T13:15:38.068038
24,17,8,5,0,5,2026-06-16T13:15:45.251869
24,17,9,5,0,5,2026-06-16T13:15:46.656019
24,17,10,5,0,5,2026-06-16T13:15:47.674977
24,18,1,5,0,5,2026-06-16T13:15:48.749551
24,18,2,5,0,5,2026-06-16T13:15:50.371445
24,18,3,5,0,5,2026-06-16T13:15:53.265563
24,18,4,5,0,5,2026-06-16T13:15:54.277611
24,18,5,5,0,5,2026-06-16T13:15:55.481348
24,18,6,5,0,5,2026-06-16T13:15:56.280675
24,18,7,5,0,5,2026-06-16T13:15:57.763630
24,18,8,5,0,5,2026-06-16T13:15:58.568875
24,18,9,5,0,5,2026-06-16T13:16:00.196725
24,18,10,5,0,5,2026-06-16T13:16:01.611761
24,19,1,4,0,4,2026-06-16T13:16:04.045900
24,19,2,4,0,4,2026-06-16T13:16:05.661440
24,19,3,4,0,4,2026-06-16T13:16:06.873445
24,19,4,4,0,4,2026-06-16T13:16:14.078649
24,19,5,4,0,4,2026-06-16T13:16:15.488595
24,19,6,4,0,4,2026-06-16T13:16:16.497711
24,19,7,4,0,4,2026-06-16T13:16:18.130119
24,19,8,4,0,4,2026-06-16T13:16:19.146786
24,19,9,4,0,4,2026-06-16T13:16:26.397813
24,19,10,4,0,4,2026-06-16T13:16:27.207356
24,20,1,3,0,3,2026-06-16T13:16:28.011172
24,20,2,3,0,3,2026-06-16T13:16:29.096757
24,20,3,3,0,3,2026-06-16T13:16:30.094900
24,20,4,3,0,3,2026-06-16T13:16:31.701583
24,20,5,3,0,3,2026-06-16T13:16:32.578360
24,20,6,3,0,3,2026-06-16T13:16:34.406805
24,20,7,3,0,3,2026-06-16T13:16:35.811196
24,20,8,3,0,3,2026-06-16T13:16:37.203619
24,20,9,3,0,3,2026-06-16T13:16:43.636492
24,20,10,3,0,3,2026-06-16T13:16:44.838610
24,21,1,5,0,5,2026-06-16T13:16:46.257481
24,21,2,5,0,5,2026-06-16T13:16:47.261519
24,21,3,5,0,5,2026-06-16T13:16:48.658541
24,21,4,5,0,5,2026-06-16T13:16:49.665551
24,21,5,5,0,5,2026-06-16T13:16:51.668372
24,21,6,5,0,5,2026-06-16T13:16:52.466127
24,21,7,5,0,5,2026-06-16T13:16:54.469418
24,21,8,5,0,5,2026-06-16T13:16:55.926061
24,21,9,5,0,5,2026-06-16T13:16:58.339861
24,21,10,5,0,5,2026-06-16T13:16:59.950401
24,22,1,5,0,5,2026-06-16T13:17:01.356814
24,22,2,5,0,5,2026-06-16T13:17:08.530116
24,22,3,5,0,5,2026-06-16T13:17:15.790289
24,22,4,5,0,5,2026-06-16T13:17:16.808590
24,22,5,5,0,5,2026-06-16T13:17:18.010554
24,22,6,5,0,5,2026-06-16T13:17:19.407316
24,22,7,5,0,5,2026-06-16T13:17:21.034148
24,22,8,5,0,5,2026-06-16T13:17:28.165466
24,22,9,5,0,5,2026-06-16T13:17:29.409664
24,22,10,5,0,5,2026-06-16T13:17:30.789329
24,23,1,5,0,5,2026-06-16T13:17:32.200507
24,23,2,5,0,5,2026-06-16T13:17:33.419789
24,23,3,5,0,5,2026-06-16T13:17:39.940690
24,23,4,5,0,5,2026-06-16T13:17:47.132105
24,23,5,5,0,5,2026-06-16T13:17:49.771126
24,23,6,5,0,5,2026-06-16T13:17:50.584094
24,23,7,5,0,5,2026-06-16T13:17:51.386361
24,23,8,5,0,5,2026-06-16T13:17:52.190235
24,23,9,5,0,5,2026-06-16T13:17:58.758414
24,23,10,5,0,5,2026-06-16T13:18:00.766791
24,24,1,2,0,2,2026-06-16T13:18:01.967172
24,24,2,2,0,2,2026-06-16T13:18:03.815925
24,24,3,2,0,2,2026-06-16T13:18:10.779281
24,24,4,2,0,2,2026-06-16T13:18:11.787754
24,24,5,2,0,2,2026-06-16T13:18:12.802678
24,24,6,2,0,2,2026-06-16T13:18:14.671116
24,24,7,2,0,2,2026-06-16T13:18:21.941107
24,24,8,2,0,2,2026-06-16T13:18:23.164957
24,24,9,2,0,2,2026-06-16T13:18:24.771320
24,24,10,2,0,2,2026-06-16T13:18:25.979008
24,25,1,2,0,2,2026-06-16T13:18:27.180021
24,25,2,2,0,2,2026-06-16T13:18:28.175502
24,25,3,2,0,2,2026-06-16T13:18:29.784070
24,25,4,2,0,2,2026-06-16T13:18:30.601954
24,25,5,2,0,2,2026-06-16T13:18:32.202550
24,25,6,2,0,2,2026-06-16T13:18:38.732357
24,25,7,2,0,2,2026-06-16T13:18:39.810406
24,25,8,2,0,2,2026-06-16T13:18:41.206830
24,25,9,2,0,2,2026-06-16T13:18:42.211112
24,25,10,2,0,2,2026-06-16T13:18:44.025042
24,26,1,3,0,3,2026-06-16T13:18:46.402000
24,26,2,3,0,3,2026-06-16T13:18:47.197274
24,26,3,3,0,3,2026-06-16T13:18:48.591687
24,26,4,3,0,3,2026-06-16T13:18:49.790140
24,26,5,3,0,3,2026-06-16T13:18:57.065792
24,26,6,3,0,3,2026-06-16T13:18:58.261751
24,26,7,3,0,3,2026-06-16T13:18:59.874975
24,26,8,3,0,3,2026-06-16T13:19:01.485095
24,26,9,3,0,3,2026-06-16T13:19:02.283520
24,26,10,3,0,3,2026-06-16T13:19:03.905958
24,27,1,3,0,3,2026-06-16T13:19:04.706867
24,27,2,3,0,3,2026-06-16T13:19:06.506159
24,27,3,3,0,3,2026-06-16T13:19:07.707782
24,27,4,3,0,3,2026-06-16T13:19:14.258267
24,27,5,3,0,3,2026-06-16T13:19:16.058230
24,27,6,3,0,3,2026-06-16T13:19:17.283687
24,27,7,3,0,3,2026-06-16T13:19:19.082902
24,27,8,3,0,3,2026-06-16T13:19:25.623506
24,27,9,3,0,3,2026-06-16T13:19:26.441968
24,27,10,3,0,3,2026-06-16T13:19:27.448283
24,28,1,4,0,4,2026-06-16T13:19:28.860896
24,28,2,4,0,4,2026-06-16T13:19:30.654803
24,28,3,4,0,4,2026-06-16T13:19:37.266277
24,28,4,4,0,4,2026-06-16T13:19:38.257408
24,28,5,4,0,4,2026-06-16T13:19:39.850631
24,28,6,4,0,4,2026-06-16T13:19:41.664683
24,28,7,4,0,4,2026-06-16T13:19:48.875806
24,28,8,4,0,4,2026-06-16T13:19:50.702367
24,28,9,4,0,4,2026-06-16T13:19:51.937312
24,28,10,4,0,4,2026-06-16T13:19:52.746989
24,29,1,3,0,3,2026-06-16T13:19:55.393986
24,29,2,3,0,3,2026-06-16T13:19:56.403897
24,29,3,3,0,3,2026-06-16T13:19:57.402755
24,29,4,3,0,3,2026-06-16T13:19:58.809094
24,29,5,3,0,3,2026-06-16T13:20:01.424683
24,29,6,3,0,3,2026-06-16T13:20:03.040931
24,29,7,3,0,3,2026-06-16T13:20:04.646989
24,29,8,3,0,3,2026-06-16T13:20:06.053639
24,29,9,3,0,3,2026-06-16T13:20:06.858099
24,29,10,3,0,3,2026-06-16T13:20:07.928584
24,30,1,3,0,3,2026-06-16T13:20:08.935128
24,30,2,3,0,3,2026-06-16T13:20:10.741645
24,30,3,3,0,3,2026-06-16T13:20:12.432690
24,30,4,3,0,3,2026-06-16T13:20:13.457390
24,30,5,3,0,3,2026-06-16T13:20:15.056340
24,30,6,3,0,3,2026-06-16T13:20:16.459478
24,30,7,3,0,3,2026-06-16T13:20:23.033729
24,30,8,3,0,3,2026-06-16T13:20:25.056866
24,30,9,3,0,3,2026-06-16T13:20:26.860153
24,30,10,3,0,3,2026-06-16T13:20:28.262174
25,1,1,5,0,5,2026-06-16T13:20:30.469305
25,1,2,5,0,5,2026-06-16T13:20:32.153227
25,1,3,5,0,5,2026-06-16T13:20:33.352139
25,1,4,5,0,5,2026-06-16T13:20:39.980137
25,1,5,5,0,5,2026-06-16T13:20:41.590800
25,1,6,5,0,5,2026-06-16T13:20:43.006551
25,1,7,5,0,5,2026-06-16T13:20:44.606200
25,1,8,5,0,5,2026-06-16T13:20:51.169377
25,1,9,5,0,5,2026-06-16T13:20:52.780776
25,1,10,5,0,5,2026-06-16T13:20:54.188471
25,2,1,5,0,5,2026-06-16T13:20:55.594223
25,2,2,5,0,5,2026-06-16T13:21:03.476498
25,2,3,5,0,5,2026-06-16T13:21:04.880915
25,2,4,5,0,5,2026-06-16T13:21:06.490529
25,2,5,5,0,5,2026-06-16T13:21:07.506643
25,2,6,5,0,5,2026-06-16T13:21:08.507477
25,2,7,5,0,5,2026-06-16T13:21:15.051131
25,2,8,5,0,5,2026-06-16T13:21:16.669326
25,2,9,5,0,5,2026-06-16T13:21:17.879123
25,2,10,5,0,5,2026-06-16T13:21:19.290989
25,3,1,3,0,3,2026-06-16T13:21:20.709496
25,3,2,5,0,5,2026-06-16T13:21:27.894937
25,3,3,5,0,5,2026-06-16T13:21:29.103136
25,3,4,3,0,3,2026-06-16T13:21:30.552905
25,3,5,3,0,3,2026-06-16T13:21:32.162296
25,3,6,5,0,5,2026-06-16T13:21:33.155623
25,3,7,5,0,5,2026-06-16T13:21:39.723899
25,3,8,5,0,5,2026-06-16T13:21:41.115123
25,3,9,5,0,5,2026-06-16T13:21:42.724393
25,3,10,3,0,3,2026-06-16T13:21:43.923721
25,4,1,5,0,5,2026-06-16T13:21:45.126694
25,4,2,5,0,5,2026-06-16T13:21:46.126334
25,4,3,5,0,5,2026-06-16T13:21:46.936297
25,4,4,5,0,5,2026-06-16T13:21:48.589583
25,4,5,5,0,5,2026-06-16T13:21:49.380831
25,4,6,5,0,5,2026-06-16T13:21:50.991982
25,4,7,5,0,5,2026-06-16T13:21:58.217283
25,4,8,5,0,5,2026-06-16T13:21:59.218889
25,4,9,5,0,5,2026-06-16T13:22:00.263880
25,4,10,5,0,5,2026-06-16T13:22:01.480877
25,5,1,5,0,5,2026-06-16T13:22:02.485975
25,5,2,5,0,5,2026-06-16T13:22:03.479943
25,5,3,5,0,5,2026-06-16T13:22:10.035685
25,5,4,5,0,5,2026-06-16T13:22:16.618396
25,5,5,5,0,5,2026-06-16T13:22:18.408447
25,5,6,5,0,5,2026-06-16T13:22:19.415122
25,5,7,5,0,5,2026-06-16T13:22:20.222938
25,5,8,5,0,5,2026-06-16T13:22:22.023984
25,5,9,5,0,5,2026-06-16T13:22:23.427579
25,5,10,5,0,5,2026-06-16T13:22:24.609347
25,6,1,5,0,5,2026-06-16T13:22:25.820389
25,6,2,5,0,5,2026-06-16T13:22:27.028068
25,6,3,5,0,5,2026-06-16T13:22:28.425668
25,6,4,5,0,5,2026-06-16T13:22:31.053394
25,6,5,5,0,5,2026-06-16T13:22:32.859053
25,6,6,5,0,5,2026-06-16T13:22:34.264858
25,6,7,5,0,5,2026-06-16T13:22:41.464082
25,6,8,5,0,5,2026-06-16T13:22:42.662837
25,6,9,5,0,5,2026-06-16T13:22:44.361783
25,6,10,5,0,5,2026-06-16T13:22:46.186796
25,7,1,5,0,5,2026-06-16T13:22:47.408991
25,7,2,5,0,5,2026-06-16T13:22:48.617987
25,7,3,5,0,5,2026-06-16T13:22:50.026353
25,7,4,5,0,5,2026-06-16T13:22:51.426959
25,7,5,5,0,5,2026-06-16T13:22:54.636574
25,7,6,5,0,5,2026-06-16T13:22:56.435561
25,7,7,5,0,5,2026-06-16T13:22:58.249655
25,7,8,5,0,5,2026-06-16T13:23:00.673806
25,7,9,5,0,5,2026-06-16T13:23:02.478473
25,7,10,5,0,5,2026-06-16T13:23:04.495435
25,8,1,5,0,5,2026-06-16T13:23:05.499803
25,8,2,5,0,5,2026-06-16T13:23:07.112837
25,8,3,5,0,5,2026-06-16T13:23:08.118064
25,8,4,5,0,5,2026-06-16T13:23:09.327139
25,8,5,5,0,5,2026-06-16T13:23:10.543532
25,8,6,5,0,5,2026-06-16T13:23:17.136124
25,8,7,5,0,5,2026-06-16T13:23:18.934361
25,8,8,5,0,5,2026-06-16T13:23:19.938394
25,8,9,5,0,5,2026-06-16T13:23:20.735016
25,8,10,5,0,5,2026-06-16T13:23:21.932955
25,9,1,5,0,5,2026-06-16T13:23:29.146346
25,9,2,5,0,5,2026-06-16T13:23:29.953006
25,9,3,5,0,5,2026-06-16T13:23:30.952241
25,9,4,5,0,5,2026-06-16T13:23:32.627572
25,9,5,5,0,5,2026-06-16T13:23:33.839375
25,9,6,5,0,5,2026-06-16T13:23:34.856414
25,9,7,5,0,5,2026-06-16T13:23:36.246974
25,9,8,5,0,5,2026-06-16T13:23:37.250408
25,9,9,5,0,5,2026-06-16T13:23:38.048378
25,9,10,5,0,5,2026-06-16T13:23:39.053700
25,10,1,5,0,5,2026-06-16T13:23:40.873510
25,10,2,5,0,5,2026-06-16T13:23:43.749956
25,10,3,5,0,5,2026-06-16T13:23:45.634648
25,10,4,5,0,5,2026-06-16T13:23:47.243244
25,10,5,5,0,5,2026-06-16T13:23:54.439233
25,10,6,5,0,5,2026-06-16T13:23:56.863476
25,10,7,5,0,5,2026-06-16T13:23:58.079412
25,10,8,5,0,5,2026-06-16T13:23:58.881977
25,10,9,5,0,5,2026-06-16T13:24:00.690652
25,10,10,5,0,5,2026-06-16T13:24:07.320784
25,11,1,5,0,5,2026-06-16T13:24:08.936445
25,11,2,5,0,5,2026-06-16T13:24:10.737184
25,11,3,5,0,5,2026-06-16T13:24:12.360961
25,11,4,5,0,5,2026-06-16T13:24:13.740146
25,11,5,5,0,5,2026-06-16T13:24:15.355277
25,11,6,5,0,5,2026-06-16T13:24:16.660112
25,11,7,5,0,5,2026-06-16T13:24:18.268608
25,11,8,5,0,5,2026-06-16T13:24:20.910030
25,11,9,5,0,5,2026-06-16T13:24:21.726390
25,11,10,5,0,5,2026-06-16T13:24:23.118122
25,12,1,5,0,5,2026-06-16T13:24:24.726328
25,12,2,5,0,5,2026-06-16T13:24:27.334933
25,12,3,5,0,5,2026-06-16T13:24:28.133892
25,12,4,5,0,5,2026-06-16T13:24:29.566191
25,12,5,5,0,5,2026-06-16T13:24:30.998014
25,12,6,5,0,5,2026-06-16T13:24:38.213618
25,12,7,5,0,5,2026-06-16T13:24:39.208254
25,12,8,5,0,5,2026-06-16T13:24:41.007274
25,12,9,5,0,5,2026-06-16T13:24:42.614680
25,12,10,5,0,5,2026-06-16T13:24:45.499876
25,13,1,5,0,5,2026-06-16T13:24:46.707025
25,13,2,5,0,5,2026-06-16T13:24:48.123456
25,13,3,5,0,5,2026-06-16T13:24:55.349181
25,13,4,5,0,5,2026-06-16T13:24:56.755337
25,13,5,5,0,5,2026-06-16T13:24:57.757139
25,13,6,5,0,5,2026-06-16T13:24:58.964126
25,13,7,5,0,5,2026-06-16T13:25:06.186309
25,13,8,5,0,5,2026-06-16T13:25:07.190901
25,13,9,5,0,5,2026-06-16T13:25:08.606150
25,13,10,5,0,5,2026-06-16T13:25:10.426498
25,14,1,5,0,5,2026-06-16T13:25:12.045806
25,14,2,5,0,5,2026-06-16T13:25:14.913883
25,14,3,5,0,5,2026-06-16T13:25:15.924558
25,14,4,5,0,5,2026-06-16T13:25:16.735165
25,14,5,5,0,5,2026-06-16T13:25:17.922493
25,14,6,5,0,5,2026-06-16T13:25:25.126026
25,14,7,5,0,5,2026-06-16T13:25:26.326635
25,14,8,5,0,5,2026-06-16T13:25:27.318465
25,14,9,5,0,5,2026-06-16T13:25:28.107972
25,14,10,5,0,5,2026-06-16T13:25:29.512938
25,15,1,5,0,5,2026-06-16T13:25:30.698897
25,15,2,5,0,5,2026-06-16T13:25:37.307679
25,15,3,5,0,5,2026-06-16T13:25:38.919121
25,15,4,5,0,5,2026-06-16T13:25:40.526250
25,15,5,5,0,5,2026-06-16T13:25:42.123874
25,15,6,5,0,5,2026-06-16T13:25:43.131999
25,15,7,5,0,5,2026-06-16T13:25:45.647043
25,15,8,5,0,5,2026-06-16T13:25:47.257723
25,15,9,5,0,5,2026-06-16T13:25:48.678118
25,15,10,5,0,5,2026-06-16T13:25:49.886134
25,16,1,5,0,5,2026-06-16T13:25:56.485398
25,16,2,5,0,5,2026-06-16T13:25:57.887211
25,16,3,5,0,5,2026-06-16T13:25:59.100711
25,16,4,5,0,5,2026-06-16T13:26:00.912014
25,16,5,5,0,5,2026-06-16T13:26:02.310845
25,16,6,5,0,5,2026-06-16T13:26:03.935891
25,16,7,5,0,5,2026-06-16T13:26:05.130725
25,16,8,5,0,5,2026-06-16T13:26:06.752289
25,16,9,5,0,5,2026-06-16T13:26:07.756356
25,16,10,5,0,5,2026-06-16T13:26:14.272313
25,17,1,5,0,5,2026-06-16T13:26:16.291403
25,17,2,5,0,5,2026-06-16T13:26:18.115406
25,17,3,5,0,5,2026-06-16T13:26:19.325229
25,17,4,5,0,5,2026-06-16T13:26:20.952234
25,17,5,5,0,5,2026-06-16T13:26:22.148019
25,17,6,5,0,5,2026-06-16T13:26:23.546063
25,17,7,5,0,5,2026-06-16T13:26:25.156853
25,17,8,5,0,5,2026-06-16T13:26:31.722262
25,17,9,5,0,5,2026-06-16T13:26:33.521640
25,17,10,5,0,5,2026-06-16T13:26:34.326882
25,18,1,5,0,5,2026-06-16T13:26:35.543290
25,18,2,5,0,5,2026-06-16T13:26:42.680901
25,18,3,5,0,5,2026-06-16T13:26:44.293285
25,18,4,5,0,5,2026-06-16T13:26:45.494385
25,18,5,5,0,5,2026-06-16T13:26:46.506102
25,18,6,5,0,5,2026-06-16T13:26:53.759872
25,18,7,5,0,5,2026-06-16T13:26:55.159854
25,18,8,5,0,5,2026-06-16T13:26:55.944032
25,18,9,5,0,5,2026-06-16T13:26:57.345772
25,18,10,5,0,5,2026-06-16T13:26:58.358896
25,19,1,5,0,5,2026-06-16T13:27:05.647291
25,19,2,5,0,5,2026-06-16T13:27:07.476652
25,19,3,5,0,5,2026-06-16T13:27:09.073557
25,19,4,5,0,5,2026-06-16T13:27:10.084451
25,19,5,5,0,5,2026-06-16T13:27:17.296277
25,19,6,5,0,5,2026-06-16T13:27:18.938519
25,19,7,5,0,5,2026-06-16T13:27:20.138754
