persona_id,question_id,run_index,rating,failures,response,collected_at
0,1,1,3,0,3,2026-06-16T04:30:15.912200
0,1,2,4,0,4,2026-06-16T04:30:17.522639
0,1,3,4,0,4,2026-06-16T04:30:19.535216
0,1,4,4,0,4,2026-06-16T04:30:20.933286
0,1,5,3,0,3,2026-06-16T04:30:28.787734
0,1,6,3,0,3,2026-06-16T04:30:30.624532
0,1,7,4,0,4,2026-06-16T04:30:32.032955
0,1,8,4,0,4,2026-06-16T04:30:33.839987
0,1,9,3,0,3,2026-06-16T04:30:41.024886
0,1,10,3,0,3,2026-06-16T04:30:42.036374
0,2,1,4,0,4,2026-06-16T04:30:43.243818
0,2,2,4,0,4,2026-06-16T04:30:44.744659
0,2,3,4,0,4,2026-06-16T04:30:46.541268
0,2,4,4,0,4,2026-06-16T04:30:53.139086
0,2,5,4,0,4,2026-06-16T04:30:55.764943
0,2,6,4,0,4,2026-06-16T04:30:57.170890
0,2,7,4,0,4,2026-06-16T04:30:58.972029
0,2,8,4,0,4,2026-06-16T04:31:06.063699
0,2,9,4,0,4,2026-06-16T04:31:07.665219
0,2,10,4,0,4,2026-06-16T04:31:09.059760
0,3,1,3,0,3,2026-06-16T04:31:10.248106
0,3,2,3,0,3,2026-06-16T04:31:17.442390
0,3,3,3,0,3,2026-06-16T04:31:18.630884
0,3,4,3,0,3,2026-06-16T04:31:20.431852
0,3,5,3,0,3,2026-06-16T04:31:21.624908
0,3,6,3,0,3,2026-06-16T04:31:28.789177
0,3,7,3,0,3,2026-06-16T04:31:31.007219
0,3,8,3,0,3,2026-06-16T04:31:32.404437
0,3,9,3,0,3,2026-06-16T04:31:34.011036
0,3,10,3,0,3,2026-06-16T04:31:41.863911
0,4,1,3,0,3,2026-06-16T04:31:43.676437
0,4,2,3,0,3,2026-06-16T04:31:45.522191
0,4,3,3,0,3,2026-06-16T04:31:46.925780
0,4,4,3,0,3,2026-06-16T04:31:48.948785
0,4,5,3,0,3,2026-06-16T04:31:50.547440
0,4,6,3,0,3,2026-06-16T04:31:51.739290
0,4,7,3,0,3,2026-06-16T04:31:52.937868
0,4,8,3,0,3,2026-06-16T04:32:00.165253
0,4,9,3,0,3,2026-06-16T04:32:02.378846
0,4,10,2,0,2,2026-06-16T04:32:04.183940
0,5,1,0,0,0,2026-06-16T04:32:05.775239
0,5,2,0,0,0,2026-06-16T04:32:12.918586
0,5,3,0,0,0,2026-06-16T04:32:15.139425
0,5,4,3,0,3,2026-06-16T04:32:16.149786
0,5,5,0,0,0,2026-06-16T04:32:18.030143
0,5,6,3,0,3,2026-06-16T04:32:25.301134
0,5,7,3,0,3,2026-06-16T04:32:28.439939
0,5,8,3,0,3,2026-06-16T04:32:30.242047
0,5,9,3,0,3,2026-06-16T04:32:38.091747
0,5,10,3,0,3,2026-06-16T04:32:39.535908
0,6,1,3,0,3,2026-06-16T04:32:40.534234
0,6,2,4,0,4,2026-06-16T04:32:42.545070
0,6,3,3,0,3,2026-06-16T04:32:50.389739
0,6,4,3,0,3,2026-06-16T04:32:51.415272
0,6,5,4,0,4,2026-06-16T04:32:53.435035
0,6,6,4,0,4,2026-06-16T04:32:55.463758
0,6,7,3,0,3,2026-06-16T04:33:02.612883
0,6,8,3,0,3,2026-06-16T04:33:09.224614
0,6,9,4,0,4,2026-06-16T04:33:12.384558
0,6,10,4,0,4,2026-06-16T04:33:13.786673
0,7,1,4,0,4,2026-06-16T04:33:15.202143
0,7,2,4,0,4,2026-06-16T04:33:21.813722
0,7,3,4,0,4,2026-06-16T04:33:29.003630
0,7,4,4,0,4,2026-06-16T04:33:30.227180
0,7,5,4,0,4,2026-06-16T04:33:31.646473
0,7,6,4,0,4,2026-06-16T04:33:33.455204
0,7,7,4,0,4,2026-06-16T04:33:40.657384
0,7,8,4,0,4,2026-06-16T04:33:41.861806
0,7,9,4,0,4,2026-06-16T04:33:43.665916
0,7,10,4,0,4,2026-06-16T04:33:45.113547
0,8,1,3,0,3,2026-06-16T04:33:52.298222
0,8,2,4,0,4,2026-06-16T04:33:54.094889
0,8,3,3,0,3,2026-06-16T04:33:56.102047
0,8,4,3,0,3,2026-06-16T04:33:57.900741
0,8,5,3,0,3,2026-06-16T04:34:04.521172
0,8,6,3,0,3,2026-06-16T04:34:06.532930
0,8,7,3,0,3,2026-06-16T04:34:07.733885
0,8,8,3,0,3,2026-06-16T04:34:09.540487
0,8,9,3,0,3,2026-06-16T04:34:12.446145
0,8,10,4,0,4,2026-06-16T04:34:14.437175
0,9,1,3,0,3,2026-06-16T04:34:16.438519
0,9,2,3,0,3,2026-06-16T04:34:18.436900
0,9,3,3,0,3,2026-06-16T04:34:20.442060
0,9,4,2,0,2,2026-06-16T04:34:22.458119
0,9,5,3,0,3,2026-06-16T04:34:28.952356
0,9,6,3,0,3,2026-06-16T04:34:31.178567
0,9,7,2,0,2,2026-06-16T04:34:32.587634
0,9,8,3,0,3,2026-06-16T04:34:34.599021
0,9,9,3,0,3,2026-06-16T04:34:41.844913
0,9,10,2,0,2,2026-06-16T04:34:43.134479
0,10,1,3,0,3,2026-06-16T04:34:44.338090
0,10,2,3,0,3,2026-06-16T04:34:45.536735
0,10,3,3,0,3,2026-06-16T04:34:47.320192
0,10,4,4,0,4,2026-06-16T04:34:53.865704
0,10,5,3,0,3,2026-06-16T04:34:55.069706
0,10,6,3,0,3,2026-06-16T04:34:56.286885
0,10,7,3,0,3,2026-06-16T04:34:57.778116
0,10,8,3,0,3,2026-06-16T04:34:59.400553
0,10,9,3,0,3,2026-06-16T04:35:07.301991
0,10,10,3,0,3,2026-06-16T04:35:08.702140
0,11,1,4,0,4,2026-06-16T04:35:09.927110
0,11,2,4,0,4,2026-06-16T04:35:11.954979
0,11,3,4,0,4,2026-06-16T04:35:19.129680
0,11,4,4,0,4,2026-06-16T04:35:20.338465
0,11,5,4,0,4,2026-06-16T04:35:21.792605
0,11,6,4,0,4,2026-06-16T04:35:23.589103
0,11,7,4,0,4,2026-06-16T04:35:24.782932
0,11,8,4,0,4,2026-06-16T04:35:31.954844
0,11,9,4,0,4,2026-06-16T04:35:33.768899
0,11,10,4,0,4,2026-06-16T04:35:35.385261
0,12,1,4,0,4,2026-06-16T04:35:36.594867
0,12,2,4,0,4,2026-06-16T04:35:43.803955
0,12,3,4,0,4,2026-06-16T04:35:45.407016
0,12,4,4,0,4,2026-06-16T04:35:47.032880
0,12,5,4,0,4,2026-06-16T04:35:48.438080
0,12,6,4,0,4,2026-06-16T04:35:55.626734
0,12,7,4,0,4,2026-06-16T04:35:57.256628
0,12,8,4,0,4,2026-06-16T04:35:59.060972
0,12,9,4,0,4,2026-06-16T04:36:00.666909
0,12,10,5,0,5,2026-06-16T04:36:01.864688
0,13,1,4,0,4,2026-06-16T04:36:09.728071
0,13,2,3,0,3,2026-06-16T04:36:10.750897
0,13,3,4,0,4,2026-06-16T04:36:12.557091
0,13,4,3,0,3,2026-06-16T04:36:14.166080
0,13,5,3,0,3,2026-06-16T04:36:22.156908
0,13,6,3,0,3,2026-06-16T04:36:23.559425
0,13,7,3,0,3,2026-06-16T04:36:24.783698
0,13,8,3,0,3,2026-06-16T04:36:25.804419
0,13,9,3,0,3,2026-06-16T04:36:27.401865
0,13,10,4,0,4,2026-06-16T04:36:34.546193
0,14,1,4,0,4,2026-06-16T04:36:36.150209
0,14,2,4,0,4,2026-06-16T04:36:37.984435
0,14,3,4,0,4,2026-06-16T04:36:39.594138
0,14,4,4,0,4,2026-06-16T04:36:46.687359
0,14,5,4,0,4,2026-06-16T04:36:47.886032
0,14,6,4,0,4,2026-06-16T04:36:49.294754
0,14,7,4,0,4,2026-06-16T04:36:50.520923
0,14,8,4,0,4,2026-06-16T04:36:51.732052
0,14,9,4,0,4,2026-06-16T04:36:58.255550
0,14,10,4,0,4,2026-06-16T04:37:01.148324
0,15,1,0,0,0,2026-06-16T04:37:02.154423
0,15,2,0,0,0,2026-06-16T04:37:03.559340
0,15,3,0,0,0,2026-06-16T04:37:05.165607
0,15,4,0,0,0,2026-06-16T04:37:07.796628
0,15,5,0,0,0,2026-06-16T04:37:09.089680
0,15,6,0,0,0,2026-06-16T04:37:10.897117
0,15,7,0,0,0,2026-06-16T04:37:18.137517
0,15,8,0,0,0,2026-06-16T04:37:19.529958
0,15,9,0,0,0,2026-06-16T04:37:21.548427
0,15,10,0,0,0,2026-06-16T04:37:22.964309
0,16,1,5,0,5,2026-06-16T04:37:23.967346
0,16,2,5,0,5,2026-06-16T04:37:31.204955
0,16,3,5,0,5,2026-06-16T04:37:32.506618
0,16,4,4,0,4,2026-06-16T04:37:34.103208
0,16,5,5,0,5,2026-06-16T04:37:35.694050
0,16,6,5,0,5,2026-06-16T04:37:42.863752
0,16,7,4,0,4,2026-06-16T04:37:44.063817
0,16,8,4,0,4,2026-06-16T04:37:45.459229
0,16,9,5,0,5,2026-06-16T04:37:48.333936
0,16,10,4,0,4,2026-06-16T04:37:49.922602
0,17,1,5,0,5,2026-06-16T04:37:51.322197
0,17,2,5,0,5,2026-06-16T04:37:58.454867
0,17,3,5,0,5,2026-06-16T04:38:00.038094
0,17,4,5,0,5,2026-06-16T04:38:01.838967
0,17,5,5,0,5,2026-06-16T04:38:03.641981
0,17,6,5,0,5,2026-06-16T04:38:05.051607
0,17,7,5,0,5,2026-06-16T04:38:06.873691
0,17,8,5,0,5,2026-06-16T04:38:08.269130
0,17,9,5,0,5,2026-06-16T04:38:10.089512
0,17,10,5,0,5,2026-06-16T04:38:13.225812
0,18,1,4,0,4,2026-06-16T04:38:14.847401
0,18,2,4,0,4,2026-06-16T04:38:16.653307
0,18,3,4,0,4,2026-06-16T04:38:23.784212
0,18,4,4,0,4,2026-06-16T04:38:25.586521
0,18,5,4,0,4,2026-06-16T04:38:27.589684
0,18,6,4,0,4,2026-06-16T04:38:29.584188
0,18,7,4,0,4,2026-06-16T04:38:36.743460
0,18,8,4,0,4,2026-06-16T04:38:37.934324
0,18,9,4,0,4,2026-06-16T04:38:39.937642
0,18,10,4,0,4,2026-06-16T04:38:41.540693
0,19,1,4,0,4,2026-06-16T04:38:42.945688
0,19,2,4,0,4,2026-06-16T04:38:44.528404
0,19,3,4,0,4,2026-06-16T04:38:46.146904
0,19,4,4,0,4,2026-06-16T04:38:47.356916
0,19,5,4,0,4,2026-06-16T04:38:48.576847
0,19,6,4,0,4,2026-06-16T04:38:55.745426
0,19,7,4,0,4,2026-06-16T04:38:57.162148
0,19,8,4,0,4,2026-06-16T04:38:58.971479
0,19,9,4,0,4,2026-06-16T04:39:00.576117
0,19,10,4,0,4,2026-06-16T04:39:08.471242
0,20,1,3,0,3,2026-06-16T04:39:09.683855
0,20,2,4,0,4,2026-06-16T04:39:10.904818
0,20,3,4,0,4,2026-06-16T04:39:12.705705
0,20,4,4,0,4,2026-06-16T04:39:14.322004
0,20,5,4,0,4,2026-06-16T04:39:16.330346
0,20,6,3,0,3,2026-06-16T04:39:17.750255
0,20,7,4,0,4,2026-06-16T04:39:19.357231
0,20,8,4,0,4,2026-06-16T04:39:22.533894
0,20,9,4,0,4,2026-06-16T04:39:24.333358
0,20,10,4,0,4,2026-06-16T04:39:26.143788
0,21,1,5,0,5,2026-06-16T04:39:27.952551
0,21,2,5,0,5,2026-06-16T04:39:29.165651
0,21,3,5,0,5,2026-06-16T04:39:30.569927
0,21,4,5,0,5,2026-06-16T04:39:32.597192
0,21,5,5,0,5,2026-06-16T04:39:34.612942
0,21,6,5,0,5,2026-06-16T04:39:36.050183
0,21,7,5,0,5,2026-06-16T04:39:37.466098
0,21,8,5,0,5,2026-06-16T04:39:38.675665
0,21,9,5,0,5,2026-06-16T04:39:40.276985
0,21,10,5,0,5,2026-06-16T04:39:41.289571
0,22,1,5,0,5,2026-06-16T04:39:43.097676
0,22,2,5,0,5,2026-06-16T04:39:44.901415
0,22,3,5,0,5,2026-06-16T04:39:47.791320
0,22,4,5,0,5,2026-06-16T04:39:49.190302
0,22,5,5,0,5,2026-06-16T04:39:51.192630
0,22,6,5,0,5,2026-06-16T04:39:58.420054
0,22,7,5,0,5,2026-06-16T04:40:00.238077
0,22,8,5,0,5,2026-06-16T04:40:01.237827
0,22,9,5,0,5,2026-06-16T04:40:03.047413
0,22,10,5,0,5,2026-06-16T04:40:05.045136
0,23,1,3,0,3,2026-06-16T04:40:11.552321
0,23,2,4,0,4,2026-06-16T04:40:14.181661
0,23,3,4,0,4,2026-06-16T04:40:15.174528
0,23,4,3,0,3,2026-06-16T04:40:16.584276
0,23,5,3,0,3,2026-06-16T04:40:17.847819
0,23,6,5,0,5,2026-06-16T04:40:25.011843
0,23,7,3,0,3,2026-06-16T04:40:26.418809
0,23,8,3,0,3,2026-06-16T04:40:28.434039
0,23,9,3,0,3,2026-06-16T04:40:29.848777
0,23,10,5,0,5,2026-06-16T04:40:31.856764
0,24,1,5,0,5,2026-06-16T04:40:33.552262
0,24,2,5,0,5,2026-06-16T04:40:34.552886
0,24,3,5,0,5,2026-06-16T04:40:36.373797
0,24,4,5,0,5,2026-06-16T04:40:43.521181
0,24,5,5,0,5,2026-06-16T04:40:45.528172
0,24,6,3,0,3,2026-06-16T04:40:47.535185
0,24,7,5,0,5,2026-06-16T04:40:48.742458
0,24,8,0,0,0,2026-06-16T04:40:51.896737
0,24,9,5,0,5,2026-06-16T04:40:52.890883
0,24,10,5,0,5,2026-06-16T04:40:54.501014
0,25,1,0,0,0,2026-06-16T04:40:55.697017
0,25,2,3,0,3,2026-06-16T04:41:02.263411
0,25,3,3,0,3,2026-06-16T04:41:03.556236
0,25,4,3,0,3,2026-06-16T04:41:05.043616
0,25,5,3,0,3,2026-06-16T04:41:06.427853
0,25,6,3,0,3,2026-06-16T04:41:08.442187
0,25,7,0,0,0,2026-06-16T04:41:10.723327
0,25,8,3,0,3,2026-06-16T04:41:12.537417
0,25,9,3,0,3,2026-06-16T04:41:14.354183
0,25,10,0,0,0,2026-06-16T04:41:15.555264
0,26,1,3,0,3,2026-06-16T04:41:17.351109
0,26,2,5,0,5,2026-06-16T04:41:19.558288
0,26,3,5,0,5,2026-06-16T04:41:26.801463
0,26,4,5,0,5,2026-06-16T04:41:28.404851
0,26,5,5,0,5,2026-06-16T04:41:30.005022
0,26,6,5,0,5,2026-06-16T04:41:31.812537
0,26,7,5,0,5,2026-06-16T04:41:34.661734
0,26,8,3,0,3,2026-06-16T04:41:36.469707
0,26,9,3,0,3,2026-06-16T04:41:37.880245
0,26,10,3,0,3,2026-06-16T04:41:40.356296
0,27,1,4,0,4,2026-06-16T04:41:41.752242
0,27,2,3,0,3,2026-06-16T04:41:43.163644
0,27,3,3,0,3,2026-06-16T04:41:44.165262
0,27,4,4,0,4,2026-06-16T04:41:51.352372
0,27,5,4,0,4,2026-06-16T04:41:53.369818
0,27,6,3,0,3,2026-06-16T04:41:55.381005
0,27,7,3,0,3,2026-06-16T04:41:56.796190
0,27,8,4,0,4,2026-06-16T04:41:58.411727
0,27,9,3,0,3,2026-06-16T04:42:00.431757
0,27,10,3,0,3,2026-06-16T04:42:01.828684
0,28,1,5,0,5,2026-06-16T04:42:03.234786
0,28,2,3,0,3,2026-06-16T04:42:09.818100
0,28,3,4,0,4,2026-06-16T04:42:12.704269
0,28,4,4,0,4,2026-06-16T04:42:13.895024
0,28,5,4,0,4,2026-06-16T04:42:15.522380
0,28,6,3,0,3,2026-06-16T04:42:17.354846
0,28,7,4,0,4,2026-06-16T04:42:19.176629
0,28,8,4,0,4,2026-06-16T04:42:20.612115
0,28,9,4,0,4,2026-06-16T04:42:21.808250
0,28,10,4,0,4,2026-06-16T04:42:23.609049
0,29,1,4,0,4,2026-06-16T04:42:30.165338
0,29,2,5,0,5,2026-06-16T04:42:32.378650
0,29,3,5,0,5,2026-06-16T04:42:34.390407
0,29,4,5,0,5,2026-06-16T04:42:36.596451
0,29,5,4,0,4,2026-06-16T04:42:43.172217
0,29,6,5,0,5,2026-06-16T04:42:44.577979
0,29,7,5,0,5,2026-06-16T04:42:46.387243
0,29,8,4,0,4,2026-06-16T04:42:48.395087
0,29,9,4,0,4,2026-06-16T04:42:54.914063
0,29,10,5,0,5,2026-06-16T04:42:56.700675
0,30,1,3,0,3,2026-06-16T04:42:57.919619
0,30,2,3,0,3,2026-06-16T04:42:59.125075
0,30,3,3,0,3,2026-06-16T04:43:00.190718
0,30,4,3,0,3,2026-06-16T04:43:06.761257
0,30,5,3,0,3,2026-06-16T04:43:13.295507
0,30,6,3,0,3,2026-06-16T04:43:14.695218
0,30,7,3,0,3,2026-06-16T04:43:16.109542
0,30,8,3,0,3,2026-06-16T04:43:17.922799
0,30,9,3,0,3,2026-06-16T04:43:19.724487
0,30,10,3,0,3,2026-06-16T04:43:26.907356
1,1,1,5,0,5,2026-06-16T04:43:28.144063
1,1,2,5,0,5,2026-06-16T04:43:29.991255
1,1,3,5,0,5,2026-06-16T04:43:31.808018
1,1,4,5,0,5,2026-06-16T04:43:33.023568
1,1,5,5,0,5,2026-06-16T04:43:34.635898
1,1,6,5,0,5,2026-06-16T04:43:41.837143
1,1,7,5,0,5,2026-06-16T04:43:42.837225
1,1,8,5,0,5,2026-06-16T04:43:44.434785
1,1,9,5,0,5,2026-06-16T04:43:45.669304
1,1,10,5,0,5,2026-06-16T04:43:47.265333
1,2,1,5,0,5,2026-06-16T04:43:53.829591
1,2,2,4,0,4,2026-06-16T04:43:55.434759
1,2,3,5,0,5,2026-06-16T04:43:56.924436
1,2,4,5,0,5,2026-06-16T04:43:58.526103
1,2,5,5,0,5,2026-06-16T04:44:00.140558
1,2,6,5,0,5,2026-06-16T04:44:01.727258
1,2,7,5,0,5,2026-06-16T04:44:03.139181
1,2,8,4,0,4,2026-06-16T04:44:04.925805
1,2,9,4,0,4,2026-06-16T04:44:12.065679
1,2,10,4,0,4,2026-06-16T04:44:14.079395
1,3,1,3,0,3,2026-06-16T04:44:15.481153
1,3,2,3,0,3,2026-06-16T04:44:16.888807
1,3,3,4,0,4,2026-06-16T04:44:18.495776
1,3,4,3,0,3,2026-06-16T04:44:20.890919
1,3,5,3,0,3,2026-06-16T04:44:22.705460
1,3,6,3,0,3,2026-06-16T04:44:24.108736
1,3,7,3,0,3,2026-06-16T04:44:31.290924
1,3,8,4,0,4,2026-06-16T04:44:33.124567
1,3,9,3,0,3,2026-06-16T04:44:34.530581
1,3,10,3,0,3,2026-06-16T04:44:36.125961
1,4,1,3,0,3,2026-06-16T04:44:37.133293
1,4,2,3,0,3,2026-06-16T04:44:38.732737
1,4,3,3,0,3,2026-06-16T04:44:40.032648
1,4,4,3,0,3,2026-06-16T04:44:41.658335
1,4,5,3,0,3,2026-06-16T04:44:42.673379
1,4,6,3,0,3,2026-06-16T04:44:45.789798
1,4,7,3,0,3,2026-06-16T04:44:47.810818
1,4,8,3,0,3,2026-06-16T04:44:55.678036
1,4,9,3,0,3,2026-06-16T04:44:57.289864
1,4,10,3,0,3,2026-06-16T04:44:58.290754
1,5,1,4,0,4,2026-06-16T04:45:00.122038
1,5,2,4,0,4,2026-06-16T04:45:07.283194
1,5,3,3,0,3,2026-06-16T04:45:09.688467
1,5,4,3,0,3,2026-06-16T04:45:11.306434
1,5,5,4,0,4,2026-06-16T04:45:12.322970
1,5,6,4,0,4,2026-06-16T04:45:19.497572
1,5,7,3,0,3,2026-06-16T04:45:26.022935
1,5,8,3,0,3,2026-06-16T04:45:28.420450
1,5,9,3,0,3,2026-06-16T04:45:30.229752
1,5,10,3,0,3,2026-06-16T04:45:31.238098
1,6,1,5,0,5,2026-06-16T04:45:33.867961
1,6,2,5,0,5,2026-06-16T04:45:35.465293
1,6,3,5,0,5,2026-06-16T04:45:36.682063
1,6,4,5,0,5,2026-06-16T04:45:39.559701
1,6,5,5,0,5,2026-06-16T04:45:40.754524
1,6,6,5,0,5,2026-06-16T04:45:42.176834
1,6,7,5,0,5,2026-06-16T04:45:50.041009
1,6,8,5,0,5,2026-06-16T04:45:51.440038
1,6,9,5,0,5,2026-06-16T04:45:53.451706
1,6,10,5,0,5,2026-06-16T04:45:55.057646
1,7,1,5,0,5,2026-06-16T04:45:57.076444
1,7,2,5,0,5,2026-06-16T04:45:59.103514
1,7,3,5,0,5,2026-06-16T04:46:00.899088
1,7,4,5,0,5,2026-06-16T04:46:03.773233
1,7,5,5,0,5,2026-06-16T04:46:05.367037
1,7,6,5,0,5,2026-06-16T04:46:07.177872
1,7,7,5,0,5,2026-06-16T04:46:08.574388
1,7,8,5,0,5,2026-06-16T04:46:10.184927
1,7,9,5,0,5,2026-06-16T04:46:12.194616
1,7,10,5,0,5,2026-06-16T04:46:15.349291
1,8,1,5,0,5,2026-06-16T04:46:17.352122
1,8,2,4,0,4,2026-06-16T04:46:18.543262
1,8,3,5,0,5,2026-06-16T04:46:25.841415
1,8,4,4,0,4,2026-06-16T04:46:28.573246
1,8,5,5,0,5,2026-06-16T04:46:30.360441
1,8,6,4,0,4,2026-06-16T04:46:32.145569
1,8,7,4,0,4,2026-06-16T04:46:39.990533
1,8,8,4,0,4,2026-06-16T04:46:41.816688
1,8,9,4,0,4,2026-06-16T04:46:43.624038
1,8,10,5,0,5,2026-06-16T04:46:45.034022
1,9,1,3,0,3,2026-06-16T04:46:46.638986
1,9,2,3,0,3,2026-06-16T04:46:47.849096
1,9,3,3,0,3,2026-06-16T04:46:49.468494
1,9,4,3,0,3,2026-06-16T04:46:50.662512
1,9,5,3,0,3,2026-06-16T04:46:52.852695
1,9,6,3,0,3,2026-06-16T04:46:56.030824
1,9,7,3,0,3,2026-06-16T04:46:57.855563
1,9,8,3,0,3,2026-06-16T04:46:59.470285
1,9,9,3,0,3,2026-06-16T04:47:02.327387
1,9,10,3,0,3,2026-06-16T04:47:03.750696
1,10,1,3,0,3,2026-06-16T04:47:05.562496
1,10,2,4,0,4,2026-06-16T04:47:12.781382
1,10,3,3,0,3,2026-06-16T04:47:14.798420
1,10,4,5,0,5,2026-06-16T04:47:15.998417
1,10,5,4,0,4,2026-06-16T04:47:18.012360
1,10,6,3,0,3,2026-06-16T04:47:19.408452
1,10,7,3,0,3,2026-06-16T04:47:20.610382
1,10,8,3,0,3,2026-06-16T04:47:22.638996
1,10,9,4,0,4,2026-06-16T04:47:25.953830
1,10,10,4,0,4,2026-06-16T04:47:26.960913
1,11,1,5,0,5,2026-06-16T04:47:28.819479
1,11,2,5,0,5,2026-06-16T04:47:36.030011
1,11,3,5,0,5,2026-06-16T04:47:42.569489
1,11,4,5,0,5,2026-06-16T04:47:49.144371
1,11,5,5,0,5,2026-06-16T04:47:51.140743
1,11,6,5,0,5,2026-06-16T04:47:52.345449
1,11,7,5,0,5,2026-06-16T04:47:54.147127
1,11,8,5,0,5,2026-06-16T04:47:57.911295
1,11,9,5,0,5,2026-06-16T04:47:59.118886
1,11,10,5,0,5,2026-06-16T04:48:00.523262
1,12,1,5,0,5,2026-06-16T04:48:01.724021
1,12,2,5,0,5,2026-06-16T04:48:03.511654
1,12,3,5,0,5,2026-06-16T04:48:04.714591
1,12,4,5,0,5,2026-06-16T04:48:05.918947
1,12,5,5,0,5,2026-06-16T04:48:07.115374
1,12,6,5,0,5,2026-06-16T04:48:08.511993
1,12,7,5,0,5,2026-06-16T04:48:15.718128
1,12,8,5,0,5,2026-06-16T04:48:17.319584
1,12,9,5,0,5,2026-06-16T04:48:18.923067
1,12,10,5,0,5,2026-06-16T04:48:20.326066
1,13,1,4,0,4,2026-06-16T04:48:21.927038
1,13,2,4,0,4,2026-06-16T04:48:23.335905
1,13,3,4,0,4,2026-06-16T04:48:24.545621
1,13,4,4,0,4,2026-06-16T04:48:26.177633
1,13,5,4,0,4,2026-06-16T04:48:28.168061
1,13,6,4,0,4,2026-06-16T04:48:29.576918
1,13,7,4,0,4,2026-06-16T04:48:30.787112
1,13,8,4,0,4,2026-06-16T04:48:32.815104
1,13,9,4,0,4,2026-06-16T04:48:34.039188
1,13,10,4,0,4,2026-06-16T04:48:36.457542
1,14,1,4,0,4,2026-06-16T04:48:38.256520
1,14,2,4,0,4,2026-06-16T04:48:39.467384
1,14,3,4,0,4,2026-06-16T04:48:42.342336
1,14,4,5,0,5,2026-06-16T04:48:43.757489
1,14,5,5,0,5,2026-06-16T04:48:45.387130
1,14,6,4,0,4,2026-06-16T04:48:52.588126
1,14,7,4,0,4,2026-06-16T04:48:54.998744
1,14,8,5,0,5,2026-06-16T04:48:56.397676
1,14,9,5,0,5,2026-06-16T04:48:58.008798
1,14,10,4,0,4,2026-06-16T04:49:00.898123
1,15,1,0,0,0,2026-06-16T04:49:02.093771
1,15,2,0,0,0,2026-06-16T04:49:03.890700
1,15,3,0,0,0,2026-06-16T04:49:05.289087
1,15,4,0,0,0,2026-06-16T04:49:06.284202
1,15,5,0,0,0,2026-06-16T04:49:13.506584
1,15,6,0,0,0,2026-06-16T04:49:14.715622
1,15,7,0,0,0,2026-06-16T04:49:15.799591
1,15,8,0,0,0,2026-06-16T04:49:16.994847
1,15,9,0,0,0,2026-06-16T04:49:19.077199
1,15,10,0,0,0,2026-06-16T04:49:26.281606
1,16,1,5,0,5,2026-06-16T04:49:32.965017
1,16,2,5,0,5,2026-06-16T04:49:34.971272
1,16,3,5,0,5,2026-06-16T04:49:36.379369
1,16,4,5,0,5,2026-06-16T04:49:38.390703
1,16,5,5,0,5,2026-06-16T04:49:39.999307
1,16,6,5,0,5,2026-06-16T04:49:41.196416
1,16,7,5,0,5,2026-06-16T04:49:43.212093
1,16,8,5,0,5,2026-06-16T04:49:44.815250
1,16,9,5,0,5,2026-06-16T04:49:47.015867
1,16,10,5,0,5,2026-06-16T04:49:48.624486
1,17,1,5,0,5,2026-06-16T04:49:49.603779
1,17,2,5,0,5,2026-06-16T04:49:51.218514
1,17,3,5,0,5,2026-06-16T04:49:53.246518
1,17,4,5,0,5,2026-06-16T04:49:59.822941
1,17,5,5,0,5,2026-06-16T04:50:01.032293
1,17,6,5,0,5,2026-06-16T04:50:02.869483
1,17,7,5,0,5,2026-06-16T04:50:04.678427
1,17,8,5,0,5,2026-06-16T04:50:05.769815
1,17,9,5,0,5,2026-06-16T04:50:08.425946
1,17,10,5,0,5,2026-06-16T04:50:10.070359
1,18,1,5,0,5,2026-06-16T04:50:18.739605
1,18,2,5,0,5,2026-06-16T04:50:40.833819
1,18,3,5,0,5,2026-06-16T04:50:49.817921
1,18,4,5,0,5,2026-06-16T04:51:01.358424
1,18,5,5,0,5,2026-06-16T04:51:13.915633
1,18,6,5,0,5,2026-06-16T04:51:30.604023
1,18,7,5,0,5,2026-06-16T04:51:37.930568
1,18,8,5,0,5,2026-06-16T04:51:39.346217
1,18,9,5,0,5,2026-06-16T04:51:41.364280
1,18,10,5,0,5,2026-06-16T04:51:43.375636
1,19,1,5,0,5,2026-06-16T04:51:49.928184
1,19,2,5,0,5,2026-06-16T04:52:00.460659
1,19,3,4,0,4,2026-06-16T04:52:02.856835
1,19,4,4,0,4,2026-06-16T04:52:04.674768
1,19,5,5,0,5,2026-06-16T04:52:06.273210
1,19,6,4,0,4,2026-06-16T04:52:08.073133
1,19,7,4,0,4,2026-06-16T04:52:09.684011
1,19,8,5,0,5,2026-06-16T04:52:11.520721
1,19,9,4,0,4,2026-06-16T04:52:13.158175
1,19,10,4,0,4,2026-06-16T04:52:15.375738
1,20,1,3,0,3,2026-06-16T04:52:16.368964
1,20,2,5,0,5,2026-06-16T04:52:17.790244
1,20,3,5,0,5,2026-06-16T04:52:19.601145
1,20,4,3,0,3,2026-06-16T04:52:20.599251
1,20,5,2,0,2,2026-06-16T04:52:22.207531
1,20,6,4,0,4,2026-06-16T04:52:24.216792
1,20,7,4,0,4,2026-06-16T04:52:25.650062
1,20,8,5,0,5,2026-06-16T04:52:27.243850
1,20,9,4,0,4,2026-06-16T04:52:35.277502
1,20,10,5,0,5,2026-06-16T04:52:46.746053
1,21,1,5,0,5,2026-06-16T04:52:47.742986
1,21,2,5,0,5,2026-06-16T04:52:49.141601
1,21,3,5,0,5,2026-06-16T04:52:50.134772
1,21,4,5,0,5,2026-06-16T04:52:51.744176
1,21,5,5,0,5,2026-06-16T04:53:04.420619
1,21,6,5,0,5,2026-06-16T04:53:05.801624
1,21,7,5,0,5,2026-06-16T04:53:07.207112
1,21,8,5,0,5,2026-06-16T04:53:09.476948
1,21,9,5,0,5,2026-06-16T04:53:16.620797
1,21,10,5,0,5,2026-06-16T04:53:17.874779
1,22,1,5,0,5,2026-06-16T04:53:19.485507
1,22,2,5,0,5,2026-06-16T04:53:21.174922
1,22,3,5,0,5,2026-06-16T04:53:23.202864
1,22,4,5,0,5,2026-06-16T04:53:24.788231
1,22,5,5,0,5,2026-06-16T04:53:26.978953
1,22,6,5,0,5,2026-06-16T04:53:28.831386
1,22,7,5,0,5,2026-06-16T04:53:30.235324
1,22,8,5,0,5,2026-06-16T04:53:38.823387
1,22,9,5,0,5,2026-06-16T04:53:52.696110
1,22,10,5,0,5,2026-06-16T04:53:54.093701
1,23,1,3,0,3,2026-06-16T04:53:55.696093
1,23,2,3,0,3,2026-06-16T04:53:56.786964
1,23,3,5,0,5,2026-06-16T04:53:57.792096
1,23,4,3,0,3,2026-06-16T04:53:59.002682
1,23,5,3,0,3,2026-06-16T04:54:00.201232
1,23,6,5,0,5,2026-06-16T04:54:01.402734
1,23,7,5,0,5,2026-06-16T04:54:13.948134
1,23,8,5,0,5,2026-06-16T04:54:15.956536
1,23,9,3,0,3,2026-06-16T04:54:17.371811
1,23,10,5,0,5,2026-06-16T04:54:18.970619
1,24,1,5,0,5,2026-06-16T04:54:19.984023
1,24,2,4,0,4,2026-06-16T04:54:21.565948
1,24,3,5,0,5,2026-06-16T04:54:23.599441
1,24,4,5,0,5,2026-06-16T04:54:25.611218
1,24,5,3,0,3,2026-06-16T04:54:27.418344
1,24,6,5,0,5,2026-06-16T04:54:28.460757
1,24,7,3,0,3,2026-06-16T04:54:30.462042
1,24,8,5,0,5,2026-06-16T04:54:31.708233
1,24,9,3,0,3,2026-06-16T04:54:33.330464
1,24,10,3,0,3,2026-06-16T04:54:34.721742
1,25,1,3,0,3,2026-06-16T04:54:37.609866
1,25,2,3,0,3,2026-06-16T04:54:38.819924
1,25,3,3,0,3,2026-06-16T04:54:40.719952
1,25,4,3,0,3,2026-06-16T04:54:42.529341
1,25,5,3,0,3,2026-06-16T04:54:43.935385
1,25,6,3,0,3,2026-06-16T04:54:45.538278
1,25,7,3,0,3,2026-06-16T04:54:55.976303
1,25,8,3,0,3,2026-06-16T04:54:57.376626
1,25,9,3,0,3,2026-06-16T04:54:58.587595
1,25,10,3,0,3,2026-06-16T04:54:59.789571
1,26,1,2,0,2,2026-06-16T04:55:00.985630
1,26,2,3,0,3,2026-06-16T04:55:02.838484
1,26,3,3,0,3,2026-06-16T04:55:04.442545
1,26,4,2,0,2,2026-06-16T04:55:06.115434
1,26,5,2,0,2,2026-06-16T04:55:07.521715
1,26,6,2,0,2,2026-06-16T04:55:08.981029
1,26,7,3,0,3,2026-06-16T04:55:10.183586
1,26,8,2,0,2,2026-06-16T04:55:11.780008
1,26,9,3,0,3,2026-06-16T04:55:13.381548
1,26,10,3,0,3,2026-06-16T04:55:15.063205
1,27,1,3,0,3,2026-06-16T04:55:16.147508
1,27,2,5,0,5,2026-06-16T04:55:17.768802
1,27,3,5,0,5,2026-06-16T04:55:37.762994
1,27,4,5,0,5,2026-06-16T04:55:38.963457
1,27,5,3,0,3,2026-06-16T04:55:40.828389
1,27,6,5,0,5,2026-06-16T04:55:42.030932
1,27,7,3,0,3,2026-06-16T04:55:43.230515
1,27,8,3,0,3,2026-06-16T04:55:45.038556
1,27,9,5,0,5,2026-06-16T04:55:46.436406
1,27,10,3,0,3,2026-06-16T04:55:57.861895
1,28,1,5,0,5,2026-06-16T04:55:59.875266
1,28,2,3,0,3,2026-06-16T04:56:01.478503
1,28,3,5,0,5,2026-06-16T04:56:02.743010
1,28,4,4,0,4,2026-06-16T04:56:21.191851
1,28,5,3,0,3,2026-06-16T04:56:22.396034
1,28,6,5,0,5,2026-06-16T04:56:24.194463
1,28,7,4,0,4,2026-06-16T04:56:32.031371
1,28,8,4,0,4,2026-06-16T04:56:33.871941
1,28,9,4,0,4,2026-06-16T04:56:42.576210
1,28,10,3,0,3,2026-06-16T04:57:01.048611
1,29,1,5,0,5,2026-06-16T04:57:02.860844
1,29,2,5,0,5,2026-06-16T04:57:04.070771
1,29,3,4,0,4,2026-06-16T04:57:06.071479
1,29,4,3,0,3,2026-06-16T04:57:07.869885
1,29,5,3,0,3,2026-06-16T04:57:09.288540
1,29,6,3,0,3,2026-06-16T04:57:11.329698
1,29,7,5,0,5,2026-06-16T04:57:12.936570
1,29,8,3,0,3,2026-06-16T04:57:21.656357
1,29,9,3,0,3,2026-06-16T04:57:23.260809
1,29,10,5,0,5,2026-06-16T04:57:24.462730
1,30,1,3,0,3,2026-06-16T04:57:33.185576
1,30,2,5,0,5,2026-06-16T04:57:34.395203
1,30,3,5,0,5,2026-06-16T04:57:35.825054
1,30,4,5,0,5,2026-06-16T04:57:37.223658
1,30,5,5,0,5,2026-06-16T04:57:38.689584
1,30,6,5,0,5,2026-06-16T04:57:45.840663
1,30,7,5,0,5,2026-06-16T04:57:47.446852
1,30,8,5,0,5,2026-06-16T04:57:50.671593
1,30,9,5,0,5,2026-06-16T04:57:58.660786
1,30,10,5,0,5,2026-06-16T04:58:10.104137
2,1,1,4,0,4,2026-06-16T04:58:11.562713
2,1,2,4,0,4,2026-06-16T04:58:13.551800
2,1,3,4,0,4,2026-06-16T04:58:20.755908
2,1,4,4,0,4,2026-06-16T04:58:22.171603
2,1,5,4,0,4,2026-06-16T04:58:23.586555
2,1,6,4,0,4,2026-06-16T04:58:24.986136
2,1,7,4,0,4,2026-06-16T04:58:26.390339
2,1,8,4,0,4,2026-06-16T04:58:37.947121
2,1,9,4,0,4,2026-06-16T04:58:39.556810
2,1,10,4,0,4,2026-06-16T04:58:40.756872
2,2,1,5,0,5,2026-06-16T04:58:42.557740
2,2,2,4,0,4,2026-06-16T04:58:49.118895
2,2,3,5,0,5,2026-06-16T04:58:50.776155
2,2,4,5,0,5,2026-06-16T04:58:52.582197
2,2,5,5,0,5,2026-06-16T04:58:54.591589
2,2,6,4,0,4,2026-06-16T04:59:07.337198
2,2,7,5,0,5,2026-06-16T04:59:11.900386
2,2,8,5,0,5,2026-06-16T04:59:12.925170
2,2,9,4,0,4,2026-06-16T04:59:26.666042
2,2,10,4,0,4,2026-06-16T04:59:28.067770
2,3,1,4,0,4,2026-06-16T04:59:29.881915
2,3,2,3,0,3,2026-06-16T04:59:31.699900
2,3,3,3,0,3,2026-06-16T04:59:39.699841
2,3,4,3,0,3,2026-06-16T04:59:42.870275
2,3,5,3,0,3,2026-06-16T04:59:44.076287
2,3,6,3,0,3,2026-06-16T04:59:51.227549
2,3,7,4,0,4,2026-06-16T04:59:53.438336
2,3,8,4,0,4,2026-06-16T04:59:54.878791
2,3,9,3,0,3,2026-06-16T05:00:03.551356
2,3,10,3,0,3,2026-06-16T05:00:20.360617
2,4,1,3,0,3,2026-06-16T05:00:22.374579
2,4,2,2,0,2,2026-06-16T05:00:23.774222
2,4,3,3,0,3,2026-06-16T05:00:25.806072
2,4,4,3,0,3,2026-06-16T05:00:27.612684
2,4,5,3,0,3,2026-06-16T05:00:28.878712
2,4,6,3,0,3,2026-06-16T05:00:30.493590
2,4,7,3,0,3,2026-06-16T05:00:37.785210
2,4,8,3,0,3,2026-06-16T05:00:39.627690
2,4,9,3,0,3,2026-06-16T05:00:41.245921
2,4,10,3,0,3,2026-06-16T05:00:43.053590
2,5,1,3,0,3,2026-06-16T05:00:44.872756
2,5,2,3,0,3,2026-06-16T05:00:46.482881
2,5,3,3,0,3,2026-06-16T05:00:47.881227
2,5,4,3,0,3,2026-06-16T05:00:49.275293
2,5,5,3,0,3,2026-06-16T05:00:51.276144
2,5,6,3,0,3,2026-06-16T05:00:53.283854
2,5,7,3,0,3,2026-06-16T05:00:55.090362
2,5,8,3,0,3,2026-06-16T05:01:07.650655
2,5,9,3,0,3,2026-06-16T05:01:09.666678
2,5,10,3,0,3,2026-06-16T05:01:17.621996
2,6,1,4,0,4,2026-06-16T05:01:30.234845
2,6,2,5,0,5,2026-06-16T05:01:32.245747
2,6,3,5,0,5,2026-06-16T05:01:40.113617
2,6,4,4,0,4,2026-06-16T05:01:42.987037
2,6,5,5,0,5,2026-06-16T05:01:44.386207
2,6,6,5,0,5,2026-06-16T05:01:45.603021
2,6,7,5,0,5,2026-06-16T05:01:46.998105
2,6,8,5,0,5,2026-06-16T05:01:59.605540
2,6,9,4,0,4,2026-06-16T05:02:01.037793
2,6,10,5,0,5,2026-06-16T05:02:02.644536
2,7,1,5,0,5,2026-06-16T05:02:04.652536
2,7,2,4,0,4,2026-06-16T05:02:07.789672
2,7,3,4,0,4,2026-06-16T05:02:09.794869
2,7,4,5,0,5,2026-06-16T05:02:11.401560
2,7,5,4,0,4,2026-06-16T05:02:12.995538
2,7,6,5,0,5,2026-06-16T05:02:14.779033
2,7,7,5,0,5,2026-06-16T05:02:15.779303
2,7,8,4,0,4,2026-06-16T05:02:28.586385
2,7,9,5,0,5,2026-06-16T05:02:48.850323
2,7,10,4,0,4,2026-06-16T05:03:01.473962
2,8,1,4,0,4,2026-06-16T05:03:03.681161
2,8,2,4,0,4,2026-06-16T05:03:11.459841
2,8,3,4,0,4,2026-06-16T05:03:22.876882
2,8,4,4,0,4,2026-06-16T05:03:28.875917
2,8,5,4,0,4,2026-06-16T05:03:33.839388
2,8,6,3,0,3,2026-06-16T05:03:35.289468
2,8,7,4,0,4,2026-06-16T05:03:36.502102
2,8,8,3,0,3,2026-06-16T05:03:38.412616
2,8,9,4,0,4,2026-06-16T05:03:40.024112
2,8,10,3,0,3,2026-06-16T05:03:53.795358
2,9,1,3,0,3,2026-06-16T05:03:54.778700
2,9,2,3,0,3,2026-06-16T05:04:02.794421
2,9,3,2,0,2,2026-06-16T05:04:04.425068
2,9,4,3,0,3,2026-06-16T05:04:07.078950
2,9,5,3,0,3,2026-06-16T05:04:08.073634
2,9,6,3,0,3,2026-06-16T05:04:09.480504
2,9,7,3,0,3,2026-06-16T05:04:11.487432
2,9,8,3,0,3,2026-06-16T05:04:13.303959
2,9,9,3,0,3,2026-06-16T05:04:15.312163
2,9,10,3,0,3,2026-06-16T05:04:27.984602
2,10,1,4,0,4,2026-06-16T05:04:29.214046
2,10,2,3,0,3,2026-06-16T05:04:31.020488
2,10,3,3,0,3,2026-06-16T05:04:32.428844
2,10,4,4,0,4,2026-06-16T05:04:45.063160
2,10,5,4,0,4,2026-06-16T05:04:47.072087
2,10,6,3,0,3,2026-06-16T05:04:48.286493
2,10,7,3,0,3,2026-06-16T05:04:56.978629
2,10,8,3,0,3,2026-06-16T05:04:58.601699
2,10,9,3,0,3,2026-06-16T05:04:59.996440
2,10,10,3,0,3,2026-06-16T05:05:01.597616
2,11,1,5,0,5,2026-06-16T05:05:09.534552
2,11,2,5,0,5,2026-06-16T05:05:12.683644
2,11,3,5,0,5,2026-06-16T05:05:14.075690
2,11,4,5,0,5,2026-06-16T05:05:15.688800
2,11,5,5,0,5,2026-06-16T05:05:24.310059
2,11,6,4,0,4,2026-06-16T05:05:26.530006
2,11,7,5,0,5,2026-06-16T05:05:27.557611
2,11,8,5,0,5,2026-06-16T05:05:37.096577
2,11,9,5,0,5,2026-06-16T05:05:48.573211
2,11,10,5,0,5,2026-06-16T05:05:50.605887
2,12,1,5,0,5,2026-06-16T05:05:57.893878
2,12,2,5,0,5,2026-06-16T05:05:59.900538
2,12,3,5,0,5,2026-06-16T05:06:01.510541
2,12,4,5,0,5,2026-06-16T05:06:03.139956
2,12,5,5,0,5,2026-06-16T05:06:04.956755
2,12,6,5,0,5,2026-06-16T05:06:13.660551
2,12,7,5,0,5,2026-06-16T05:06:14.859039
2,12,8,5,0,5,2026-06-16T05:06:26.358520
2,12,9,5,0,5,2026-06-16T05:06:29.259556
2,12,10,5,0,5,2026-06-16T05:06:37.124275
2,13,1,4,0,4,2026-06-16T05:06:50.316639
2,13,2,3,0,3,2026-06-16T05:06:52.526324
2,13,3,3,0,3,2026-06-16T05:07:00.521768
2,13,4,4,0,4,2026-06-16T05:07:02.608483
2,13,5,4,0,4,2026-06-16T05:07:04.008553
2,13,6,4,0,4,2026-06-16T05:07:05.413079
2,13,7,4,0,4,2026-06-16T05:07:06.812774
2,13,8,4,0,4,2026-06-16T05:07:08.018804
2,13,9,4,0,4,2026-06-16T05:07:09.427299
2,13,10,4,0,4,2026-06-16T05:07:11.064296
2,14,1,4,0,4,2026-06-16T05:07:12.458491
2,14,2,3,0,3,2026-06-16T05:07:14.260387
2,14,3,3,0,3,2026-06-16T05:07:15.884571
2,14,4,3,0,3,2026-06-16T05:07:17.094918
2,14,5,3,0,3,2026-06-16T05:07:18.300295
2,14,6,4,0,4,2026-06-16T05:07:20.016761
2,14,7,3,0,3,2026-06-16T05:07:27.231621
2,14,8,4,0,4,2026-06-16T05:07:28.447467
2,14,9,4,0,4,2026-06-16T05:07:47.870915
2,14,10,3,0,3,2026-06-16T05:07:49.882018
2,15,1,0,0,0,2026-06-16T05:07:50.903008
2,15,2,2,0,2,2026-06-16T05:07:52.951077
2,15,3,3,0,3,2026-06-16T05:07:54.753422
2,15,4,3,0,3,2026-06-16T05:08:02.655324
2,15,5,0,0,0,2026-06-16T05:08:09.787527
2,15,6,3,0,3,2026-06-16T05:08:11.189851
2,15,7,3,0,3,2026-06-16T05:08:12.593473
2,15,8,3,0,3,2026-06-16T05:08:14.229331
2,15,9,3,0,3,2026-06-16T05:08:15.236976
2,15,10,3,0,3,2026-06-16T05:08:17.236569
2,16,1,5,0,5,2026-06-16T05:08:18.441451
2,16,2,5,0,5,2026-06-16T05:08:26.374342
2,16,3,5,0,5,2026-06-16T05:08:37.885482
2,16,4,5,0,5,2026-06-16T05:08:39.097065
2,16,5,5,0,5,2026-06-16T05:08:40.906901
2,16,6,5,0,5,2026-06-16T05:08:41.876347
2,16,7,5,0,5,2026-06-16T05:08:43.070784
2,16,8,5,0,5,2026-06-16T05:08:44.280716
2,16,9,5,0,5,2026-06-16T05:08:51.482880
2,16,10,5,0,5,2026-06-16T05:08:53.089714
2,17,1,5,0,5,2026-06-16T05:08:54.125141
2,17,2,5,0,5,2026-06-16T05:08:55.319931
2,17,3,5,0,5,2026-06-16T05:08:58.480797
2,17,4,5,0,5,2026-06-16T05:09:00.483970
2,17,5,5,0,5,2026-06-16T05:09:02.497238
2,17,6,5,0,5,2026-06-16T05:09:03.710035
2,17,7,5,0,5,2026-06-16T05:09:04.903889
2,17,8,5,0,5,2026-06-16T05:09:06.505325
2,17,9,5,0,5,2026-06-16T05:09:08.308233
2,17,10,5,0,5,2026-06-16T05:09:09.720134
2,18,1,5,0,5,2026-06-16T05:09:11.531610
2,18,2,5,0,5,2026-06-16T05:09:13.134029
2,18,3,5,0,5,2026-06-16T05:09:20.359891
2,18,4,5,0,5,2026-06-16T05:09:22.150905
2,18,5,5,0,5,2026-06-16T05:09:30.821024
2,18,6,5,0,5,2026-06-16T05:09:32.022104
2,18,7,5,0,5,2026-06-16T05:09:34.022559
2,18,8,5,0,5,2026-06-16T05:09:35.423872
2,18,9,5,0,5,2026-06-16T05:09:42.644518
2,18,10,5,0,5,2026-06-16T05:09:44.644896
2,19,1,5,0,5,2026-06-16T05:09:53.292595
2,19,2,5,0,5,2026-06-16T05:10:05.908667
2,19,3,4,0,4,2026-06-16T05:10:06.918399
2,19,4,5,0,5,2026-06-16T05:10:08.722729
2,19,5,5,0,5,2026-06-16T05:10:10.116833
2,19,6,4,0,4,2026-06-16T05:10:11.939635
2,19,7,5,0,5,2026-06-16T05:10:13.350968
2,19,8,5,0,5,2026-06-16T05:10:15.361972
2,19,9,5,0,5,2026-06-16T05:10:16.969345
2,19,10,5,0,5,2026-06-16T05:10:18.383679
2,20,1,5,0,5,2026-06-16T05:10:20.000373
2,20,2,5,0,5,2026-06-16T05:10:21.199130
2,20,3,5,0,5,2026-06-16T05:10:22.835917
2,20,4,3,0,3,2026-06-16T05:10:24.239715
2,20,5,5,0,5,2026-06-16T05:10:44.425303
2,20,6,5,0,5,2026-06-16T05:10:46.227246
2,20,7,5,0,5,2026-06-16T05:10:48.255941
2,20,8,3,0,3,2026-06-16T05:11:00.918510
2,20,9,3,0,3,2026-06-16T05:11:19.226907
2,20,10,3,0,3,2026-06-16T05:11:21.223248
2,21,1,5,0,5,2026-06-16T05:11:23.237371
2,21,2,5,0,5,2026-06-16T05:11:25.063780
2,21,3,5,0,5,2026-06-16T05:11:26.669772
2,21,4,5,0,5,2026-06-16T05:11:28.276916
2,21,5,5,0,5,2026-06-16T05:11:29.283092
2,21,6,5,0,5,2026-06-16T05:11:41.771564
2,21,7,5,0,5,2026-06-16T05:12:00.252564
2,21,8,5,0,5,2026-06-16T05:12:01.454280
2,21,9,5,0,5,2026-06-16T05:12:03.063686
2,21,10,5,0,5,2026-06-16T05:12:04.479398
2,22,1,5,0,5,2026-06-16T05:12:05.885303
2,22,2,5,0,5,2026-06-16T05:12:07.700376
2,22,3,5,0,5,2026-06-16T05:12:09.315734
2,22,4,5,0,5,2026-06-16T05:12:11.531430
2,22,5,5,0,5,2026-06-16T05:12:12.725769
2,22,6,5,0,5,2026-06-16T05:12:19.949622
2,22,7,5,0,5,2026-06-16T05:12:27.195733
2,22,8,5,0,5,2026-06-16T05:12:28.609271
2,22,9,5,0,5,2026-06-16T05:12:30.413878
2,22,10,5,0,5,2026-06-16T05:12:32.442820
2,23,1,5,0,5,2026-06-16T05:12:33.753362
2,23,2,4,0,4,2026-06-16T05:12:34.972505
2,23,3,5,0,5,2026-06-16T05:12:36.182087
2,23,4,4,0,4,2026-06-16T05:12:37.186104
2,23,5,4,0,4,2026-06-16T05:12:43.761556
2,23,6,5,0,5,2026-06-16T05:12:44.973169
2,23,7,4,0,4,2026-06-16T05:12:46.475209
2,23,8,5,0,5,2026-06-16T05:13:00.277207
2,23,9,4,0,4,2026-06-16T05:13:02.235919
2,23,10,5,0,5,2026-06-16T05:13:03.442614
2,24,1,3,0,3,2026-06-16T05:13:10.742683
2,24,2,3,0,3,2026-06-16T05:13:17.343772
2,24,3,3,0,3,2026-06-16T05:13:24.494869
2,24,4,3,0,3,2026-06-16T05:13:26.411147
2,24,5,3,0,3,2026-06-16T05:13:28.229935
2,24,6,3,0,3,2026-06-16T05:13:29.850636
2,24,7,5,0,5,2026-06-16T05:13:37.171201
2,24,8,5,0,5,2026-06-16T05:13:43.819977
2,24,9,5,0,5,2026-06-16T05:14:06.136709
2,24,10,5,0,5,2026-06-16T05:14:07.549449
2,25,1,0,0,0,2026-06-16T05:14:09.358046
2,25,2,3,0,3,2026-06-16T05:14:10.766747
2,25,3,3,0,3,2026-06-16T05:14:11.977351
2,25,4,3,0,3,2026-06-16T05:14:13.574207
2,25,5,3,0,3,2026-06-16T05:14:14.771291
2,25,6,3,0,3,2026-06-16T05:14:17.940643
2,25,7,3,0,3,2026-06-16T05:14:19.953336
2,25,8,3,0,3,2026-06-16T05:14:21.369051
2,25,9,3,0,3,2026-06-16T05:14:23.445639
2,25,10,3,0,3,2026-06-16T05:14:24.650231
2,26,1,5,0,5,2026-06-16T05:14:31.831033
2,26,2,5,0,5,2026-06-16T05:14:33.422291
2,26,3,5,0,5,2026-06-16T05:14:35.323285
2,26,4,5,0,5,2026-06-16T05:14:36.929581
2,26,5,5,0,5,2026-06-16T05:14:38.131915
2,26,6,5,0,5,2026-06-16T05:14:40.856107
2,26,7,5,0,5,2026-06-16T05:14:42.259389
2,26,8,5,0,5,2026-06-16T05:14:43.517093
2,26,9,5,0,5,2026-06-16T05:14:44.717585
2,26,10,5,0,5,2026-06-16T05:14:51.891369
2,27,1,3,0,3,2026-06-16T05:14:53.754396
2,27,2,5,0,5,2026-06-16T05:14:55.395785
2,27,3,3,0,3,2026-06-16T05:15:02.519285
2,27,4,5,0,5,2026-06-16T05:15:03.917675
2,27,5,4,0,4,2026-06-16T05:15:16.410462
2,27,6,5,0,5,2026-06-16T05:15:34.835411
2,27,7,5,0,5,2026-06-16T05:15:36.642488
2,27,8,5,0,5,2026-06-16T05:15:38.443655
2,27,9,4,0,4,2026-06-16T05:15:40.047699
2,27,10,4,0,4,2026-06-16T05:15:41.854003
2,28,1,3,0,3,2026-06-16T05:15:43.048859
2,28,2,4,0,4,2026-06-16T05:15:44.267500
2,28,3,4,0,4,2026-06-16T05:15:45.666947
2,28,4,4,0,4,2026-06-16T05:15:47.676031
2,28,5,3,0,3,2026-06-16T05:15:49.269896
2,28,6,3,0,3,2026-06-16T05:15:50.671032
2,28,7,3,0,3,2026-06-16T05:15:52.488799
2,28,8,3,0,3,2026-06-16T05:15:53.766082
2,28,9,3,0,3,2026-06-16T05:15:54.788375
2,28,10,3,0,3,2026-06-16T05:15:55.811570
2,29,1,5,0,5,2026-06-16T05:15:57.201318
2,29,2,5,0,5,2026-06-16T05:16:04.417754
2,29,3,5,0,5,2026-06-16T05:16:06.257624
2,29,4,5,0,5,2026-06-16T05:16:08.258874
2,29,5,5,0,5,2026-06-16T05:16:10.065612
2,29,6,5,0,5,2026-06-16T05:16:12.067834
2,29,7,5,0,5,2026-06-16T05:16:13.528812
2,29,8,5,0,5,2026-06-16T05:16:15.371790
2,29,9,5,0,5,2026-06-16T05:16:16.773818
2,29,10,5,0,5,2026-06-16T05:16:18.393216
2,30,1,5,0,5,2026-06-16T05:16:19.395779
2,30,2,5,0,5,2026-06-16T05:16:21.187577
2,30,3,3,0,3,2026-06-16T05:16:22.845664
2,30,4,3,0,3,2026-06-16T05:16:24.892864
2,30,5,5,0,5,2026-06-16T05:16:37.638135
2,30,6,5,0,5,2026-06-16T05:16:39.859043
2,30,7,5,0,5,2026-06-16T05:16:41.891923
2,30,8,5,0,5,2026-06-16T05:16:49.762471
2,30,9,5,0,5,2026-06-16T05:17:01.298202
2,30,10,5,0,5,2026-06-16T05:17:03.991783
3,1,1,4,0,4,2026-06-16T05:17:05.600629
3,1,2,5,0,5,2026-06-16T05:17:07.606149
3,1,3,4,0,4,2026-06-16T05:17:09.221865
3,1,4,4,0,4,2026-06-16T05:17:11.219441
3,1,5,4,0,4,2026-06-16T05:17:12.835624
3,1,6,4,0,4,2026-06-16T05:17:21.505943
3,1,7,5,0,5,2026-06-16T05:17:32.978980
3,1,8,4,0,4,2026-06-16T05:17:34.386074
3,1,9,4,0,4,2026-06-16T05:17:36.178807
3,1,10,4,0,4,2026-06-16T05:17:44.072681
3,2,1,5,0,5,2026-06-16T05:17:45.290389
3,2,2,5,0,5,2026-06-16T05:17:47.315187
3,2,3,5,0,5,2026-06-16T05:17:56.030156
3,2,4,5,0,5,2026-06-16T05:18:14.565335
3,2,5,5,0,5,2026-06-16T05:18:15.973823
3,2,6,5,0,5,2026-06-16T05:18:17.386069
3,2,7,5,0,5,2026-06-16T05:18:18.865779
3,2,8,5,0,5,2026-06-16T05:18:20.711448
3,2,9,5,0,5,2026-06-16T05:18:22.502754
3,2,10,5,0,5,2026-06-16T05:18:23.921700
3,3,1,3,0,3,2026-06-16T05:18:25.925563
3,3,2,3,0,3,2026-06-16T05:18:27.537416
3,3,3,3,0,3,2026-06-16T05:18:29.140462
3,3,4,3,0,3,2026-06-16T05:18:30.232388
3,3,5,3,0,3,2026-06-16T05:18:36.797859
3,3,6,3,0,3,2026-06-16T05:18:38.811478
3,3,7,3,0,3,2026-06-16T05:18:40.821895
3,3,8,3,0,3,2026-06-16T05:18:47.402393
3,3,9,3,0,3,2026-06-16T05:18:49.203363
3,3,10,3,0,3,2026-06-16T05:18:57.896297
3,4,1,3,0,3,2026-06-16T05:19:18.047543
3,4,2,3,0,3,2026-06-16T05:19:26.028344
3,4,3,2,0,2,2026-06-16T05:19:28.252457
3,4,4,3,0,3,2026-06-16T05:19:29.467085
3,4,5,3,0,3,2026-06-16T05:19:36.793022
3,4,6,2,0,2,2026-06-16T05:19:44.056942
3,4,7,3,0,3,2026-06-16T05:19:45.484025
3,4,8,2,0,2,2026-06-16T05:19:47.294010
3,4,9,2,0,2,2026-06-16T05:20:03.929164
3,4,10,3,0,3,2026-06-16T05:20:19.191355
3,5,1,4,0,4,2026-06-16T05:20:20.404749
3,5,2,4,0,4,2026-06-16T05:20:21.616460
3,5,3,3,0,3,2026-06-16T05:20:28.849276
3,5,4,3,0,3,2026-06-16T05:20:40.257606
3,5,5,3,0,3,2026-06-16T05:20:42.512047
3,5,6,4,0,4,2026-06-16T05:20:43.923667
3,5,7,4,0,4,2026-06-16T05:20:45.543584
3,5,8,4,0,4,2026-06-16T05:20:47.210841
3,5,9,4,0,4,2026-06-16T05:20:49.090168
3,5,10,3,0,3,2026-06-16T05:20:50.495336
3,6,1,5,0,5,2026-06-16T05:20:51.701779
3,6,2,5,0,5,2026-06-16T05:20:52.698300
3,6,3,5,0,5,2026-06-16T05:20:59.929996
3,6,4,5,0,5,2026-06-16T05:21:01.133502
3,6,5,5,0,5,2026-06-16T05:21:03.149497
3,6,6,5,0,5,2026-06-16T05:21:04.560796
3,6,7,5,0,5,2026-06-16T05:21:17.159957
3,6,8,5,0,5,2026-06-16T05:21:19.188625
3,6,9,5,0,5,2026-06-16T05:21:21.012415
3,6,10,5,0,5,2026-06-16T05:21:22.268748
3,7,1,5,0,5,2026-06-16T05:21:23.260545
3,7,2,4,0,4,2026-06-16T05:21:25.295692
3,7,3,4,0,4,2026-06-16T05:21:26.926694
3,7,4,5,0,5,2026-06-16T05:21:27.921170
3,7,5,5,0,5,2026-06-16T05:21:43.188830
3,7,6,4,0,4,2026-06-16T05:21:45.189538
3,7,7,5,0,5,2026-06-16T05:21:46.390242
3,7,8,4,0,4,2026-06-16T05:21:48.391571
3,7,9,4,0,4,2026-06-16T05:21:50.015605
3,7,10,4,0,4,2026-06-16T05:21:51.046204
3,8,1,4,0,4,2026-06-16T05:21:52.871500
3,8,2,4,0,4,2026-06-16T05:21:54.301614
3,8,3,4,0,4,2026-06-16T05:21:56.328120
3,8,4,4,0,4,2026-06-16T05:21:57.955323
3,8,5,4,0,4,2026-06-16T05:21:59.966265
3,8,6,4,0,4,2026-06-16T05:22:01.895683
3,8,7,4,0,4,2026-06-16T05:22:03.095591
3,8,8,4,0,4,2026-06-16T05:22:04.299641
3,8,9,4,0,4,2026-06-16T05:22:06.306676
3,8,10,4,0,4,2026-06-16T05:22:18.886115
3,9,1,3,0,3,2026-06-16T05:22:20.704887
3,9,2,3,0,3,2026-06-16T05:22:22.706979
3,9,3,3,0,3,2026-06-16T05:22:24.329321
3,9,4,4,0,4,2026-06-16T05:22:25.528961
3,9,5,5,0,5,2026-06-16T05:22:27.527481
3,9,6,4,0,4,2026-06-16T05:22:29.333079
3,9,7,3,0,3,2026-06-16T05:22:30.540910
3,9,8,3,0,3,2026-06-16T05:22:43.179419
3,9,9,4,0,4,2026-06-16T05:22:44.586017
3,9,10,3,0,3,2026-06-16T05:22:47.054897
3,10,1,0,0,0,2026-06-16T05:22:48.465712
3,10,2,3,0,3,2026-06-16T05:22:50.064728
3,10,3,3,0,3,2026-06-16T05:22:58.013990
3,10,4,3,0,3,2026-06-16T05:22:59.419600
3,10,5,4,0,4,2026-06-16T05:23:01.031201
3,10,6,3,0,3,2026-06-16T05:23:02.724439
3,10,7,3,0,3,2026-06-16T05:23:13.707784
3,10,8,3,0,3,2026-06-16T05:23:26.362629
3,10,9,4,0,4,2026-06-16T05:23:27.774329
3,10,10,4,0,4,2026-06-16T05:23:28.964384
3,11,1,5,0,5,2026-06-16T05:23:30.178213
3,11,2,5,0,5,2026-06-16T05:23:31.584145
3,11,3,5,0,5,2026-06-16T05:23:33.394836
3,11,4,5,0,5,2026-06-16T05:23:34.794526
3,11,5,5,0,5,2026-06-16T05:23:36.804062
3,11,6,5,0,5,2026-06-16T05:23:38.819633
3,11,7,5,0,5,2026-06-16T05:23:40.225629
3,11,8,5,0,5,2026-06-16T05:23:42.243693
3,11,9,5,0,5,2026-06-16T05:23:53.823265
3,11,10,5,0,5,2026-06-16T05:23:55.622809
3,12,1,5,0,5,2026-06-16T05:23:56.620628
3,12,2,5,0,5,2026-06-16T05:23:57.838321
3,12,3,5,0,5,2026-06-16T05:23:59.638816
3,12,4,5,0,5,2026-06-16T05:24:00.840045
3,12,5,5,0,5,2026-06-16T05:24:02.217016
3,12,6,5,0,5,2026-06-16T05:24:03.855212
3,12,7,5,0,5,2026-06-16T05:24:06.313287
3,12,8,5,0,5,2026-06-16T05:24:15.763287
3,12,9,4,0,4,2026-06-16T05:24:17.372002
3,12,10,5,0,5,2026-06-16T05:24:19.380688
3,13,1,4,0,4,2026-06-16T05:24:21.176010
3,13,2,4,0,4,2026-06-16T05:24:22.572576
3,13,3,4,0,4,2026-06-16T05:24:29.776805
3,13,4,4,0,4,2026-06-16T05:24:41.308539
3,13,5,4,0,4,2026-06-16T05:24:42.519427
3,13,6,4,0,4,2026-06-16T05:24:44.346336
3,13,7,4,0,4,2026-06-16T05:24:46.164615
3,13,8,4,0,4,2026-06-16T05:24:47.584736
3,13,9,4,0,4,2026-06-16T05:24:48.990159
3,13,10,4,0,4,2026-06-16T05:24:49.990958
3,14,1,4,0,4,2026-06-16T05:24:57.239555
3,14,2,4,0,4,2026-06-16T05:24:58.843805
3,14,3,4,0,4,2026-06-16T05:25:00.250831
3,14,4,4,0,4,2026-06-16T05:25:07.407568
3,14,5,3,0,3,2026-06-16T05:25:21.141955
3,14,6,4,0,4,2026-06-16T05:25:22.544868
3,14,7,4,0,4,2026-06-16T05:25:23.949023
3,14,8,4,0,4,2026-06-16T05:25:25.336447
3,14,9,4,0,4,2026-06-16T05:25:26.538234
3,14,10,4,0,4,2026-06-16T05:25:39.137115
3,15,1,3,0,3,2026-06-16T05:25:57.502512
3,15,2,5,0,5,2026-06-16T05:26:07.146395
3,15,3,3,0,3,2026-06-16T05:26:09.145875
3,15,4,3,0,3,2026-06-16T05:26:10.948049
3,15,5,3,0,3,2026-06-16T05:26:18.923332
3,15,6,3,0,3,2026-06-16T05:26:20.938526
3,15,7,3,0,3,2026-06-16T05:26:22.778509
3,15,8,3,0,3,2026-06-16T05:26:23.994548
3,15,9,4,0,4,2026-06-16T05:26:25.997639
3,15,10,4,0,4,2026-06-16T05:26:27.618993
3,16,1,5,0,5,2026-06-16T05:26:34.187602
3,16,2,5,0,5,2026-06-16T05:26:48.058483
3,16,3,5,0,5,2026-06-16T05:26:49.282768
3,16,4,5,0,5,2026-06-16T05:26:51.294682
3,16,5,5,0,5,2026-06-16T05:26:53.108245
3,16,6,5,0,5,2026-06-16T05:26:55.141948
3,16,7,5,0,5,2026-06-16T05:26:56.964625
3,16,8,5,0,5,2026-06-16T05:26:59.835131
3,16,9,5,0,5,2026-06-16T05:27:01.270087
3,16,10,5,0,5,2026-06-16T05:27:03.082230
3,17,1,5,0,5,2026-06-16T05:27:05.162404
3,17,2,5,0,5,2026-06-16T05:27:07.169992
3,17,3,5,0,5,2026-06-16T05:27:08.168859
3,17,4,5,0,5,2026-06-16T05:27:14.721962
3,17,5,5,0,5,2026-06-16T05:27:16.338745
3,17,6,5,0,5,2026-06-16T05:27:18.150647
3,17,7,5,0,5,2026-06-16T05:27:19.795616
3,17,8,5,0,5,2026-06-16T05:27:20.859519
3,17,9,5,0,5,2026-06-16T05:27:32.549410
3,17,10,5,0,5,2026-06-16T05:27:34.596981
3,18,1,5,0,5,2026-06-16T05:27:43.279321
3,18,2,5,0,5,2026-06-16T05:27:54.732262
3,18,3,5,0,5,2026-06-16T05:27:56.410483
3,18,4,5,0,5,2026-06-16T05:28:04.276250
3,18,5,5,0,5,2026-06-16T05:28:05.495925
3,18,6,5,0,5,2026-06-16T05:28:06.716845
3,18,7,5,0,5,2026-06-16T05:28:14.527754
3,18,8,5,0,5,2026-06-16T05:28:34.814306
3,18,9,5,0,5,2026-06-16T05:28:43.408394
3,18,10,5,0,5,2026-06-16T05:28:50.008181
3,19,1,5,0,5,2026-06-16T05:28:51.203888
3,19,2,5,0,5,2026-06-16T05:28:52.422488
3,19,3,5,0,5,2026-06-16T05:28:53.825803
3,19,4,5,0,5,2026-06-16T05:29:06.454391
3,19,5,5,0,5,2026-06-16T05:29:07.868122
3,19,6,4,0,4,2026-06-16T05:29:09.668355
3,19,7,4,0,4,2026-06-16T05:29:11.071850
3,19,8,4,0,4,2026-06-16T05:29:12.468733
3,19,9,5,0,5,2026-06-16T05:29:19.019377
3,19,10,4,0,4,2026-06-16T05:29:30.515416
3,20,1,5,0,5,2026-06-16T05:29:31.511278
3,20,2,5,0,5,2026-06-16T05:29:34.358018
3,20,3,2,0,2,2026-06-16T05:29:36.196426
3,20,4,5,0,5,2026-06-16T05:29:38.207397
3,20,5,5,0,5,2026-06-16T05:29:39.819537
3,20,6,5,0,5,2026-06-16T05:29:41.882129
3,20,7,5,0,5,2026-06-16T05:29:55.713200
3,20,8,4,0,4,2026-06-16T05:29:57.306783
3,20,9,5,0,5,2026-06-16T05:29:58.736624
3,20,10,3,0,3,2026-06-16T05:30:00.827476
3,21,1,5,0,5,2026-06-16T05:30:02.841757
3,21,2,5,0,5,2026-06-16T05:30:04.635287
3,21,3,5,0,5,2026-06-16T05:30:05.827137
3,21,4,5,0,5,2026-06-16T05:30:07.033266
3,21,5,5,0,5,2026-06-16T05:30:10.794138
3,21,6,5,0,5,2026-06-16T05:30:18.007250
3,21,7,5,0,5,2026-06-16T05:30:36.359335
3,21,8,5,0,5,2026-06-16T05:30:37.770415
3,21,9,5,0,5,2026-06-16T05:30:39.385299
3,21,10,5,0,5,2026-06-16T05:30:40.991013
3,22,1,5,0,5,2026-06-16T05:30:52.420791
3,22,2,5,0,5,2026-06-16T05:30:54.429304
3,22,3,5,0,5,2026-06-16T05:30:56.246724
3,22,4,5,0,5,2026-06-16T05:30:58.252469
3,22,5,5,0,5,2026-06-16T05:30:59.657952
3,22,6,5,0,5,2026-06-16T05:31:00.854995
3,22,7,5,0,5,2026-06-16T05:31:02.875627
3,22,8,5,0,5,2026-06-16T05:31:10.809468
3,22,9,4,0,4,2026-06-16T05:31:29.129902
3,22,10,5,0,5,2026-06-16T05:31:30.124930
3,23,1,3,0,3,2026-06-16T05:31:31.528646
3,23,2,3,0,3,2026-06-16T05:31:33.601585
3,23,3,4,0,4,2026-06-16T05:31:35.000661
3,23,4,4,0,4,2026-06-16T05:31:36.994871
3,23,5,5,0,5,2026-06-16T05:31:38.195913
3,23,6,5,0,5,2026-06-16T05:31:46.914132
3,23,7,5,0,5,2026-06-16T05:32:00.738041
3,23,8,5,0,5,2026-06-16T05:32:17.429721
3,23,9,5,0,5,2026-06-16T05:32:18.640972
3,23,10,3,0,3,2026-06-16T05:32:20.243183
3,24,1,5,0,5,2026-06-16T05:32:21.643104
3,24,2,5,0,5,2026-06-16T05:32:34.240113
3,24,3,5,0,5,2026-06-16T05:32:40.842113
3,24,4,5,0,5,2026-06-16T05:32:42.662142
3,24,5,5,0,5,2026-06-16T05:32:44.255835
3,24,6,5,0,5,2026-06-16T05:32:52.245320
3,24,7,5,0,5,2026-06-16T05:33:12.378293
3,24,8,3,0,3,2026-06-16T05:33:21.034483
3,24,9,5,0,5,2026-06-16T05:33:22.863422
3,24,10,5,0,5,2026-06-16T05:33:24.654587
3,25,1,5,0,5,2026-06-16T05:33:26.455791
3,25,2,3,0,3,2026-06-16T05:33:27.665892
3,25,3,3,0,3,2026-06-16T05:33:29.726477
3,25,4,3,0,3,2026-06-16T05:33:30.741320
3,25,5,3,0,3,2026-06-16T05:33:32.153841
3,25,6,2,0,2,2026-06-16T05:33:44.725197
3,25,7,0,0,0,2026-06-16T05:33:57.387299
3,25,8,0,0,0,2026-06-16T05:33:58.588708
3,25,9,0,0,0,2026-06-16T05:34:00.399948
3,25,10,0,0,0,2026-06-16T05:34:01.798994
3,26,1,5,0,5,2026-06-16T05:34:03.816989
3,26,2,5,0,5,2026-06-16T05:34:05.669323
3,26,3,5,0,5,2026-06-16T05:34:21.002831
3,26,4,5,0,5,2026-06-16T05:34:22.416581
3,26,5,3,0,3,2026-06-16T05:34:23.855720
3,26,6,5,0,5,2026-06-16T05:34:25.473608
3,26,7,3,0,3,2026-06-16T05:34:26.884830
3,26,8,5,0,5,2026-06-16T05:34:28.683686
3,26,9,5,0,5,2026-06-16T05:34:30.289704
3,26,10,3,0,3,2026-06-16T05:34:31.695725
3,27,1,3,0,3,2026-06-16T05:34:33.111338
3,27,2,4,0,4,2026-06-16T05:34:41.788535
3,27,3,4,0,4,2026-06-16T05:34:43.564580
3,27,4,5,0,5,2026-06-16T05:34:44.603593
3,27,5,5,0,5,2026-06-16T05:34:45.808824
3,27,6,5,0,5,2026-06-16T05:34:47.812441
3,27,7,3,0,3,2026-06-16T05:34:49.617916
3,27,8,3,0,3,2026-06-16T05:34:51.033467
3,27,9,5,0,5,2026-06-16T05:34:53.029649
3,27,10,3,0,3,2026-06-16T05:34:54.437017
3,28,1,5,0,5,2026-06-16T05:34:57.587661
3,28,2,5,0,5,2026-06-16T05:34:58.798179
3,28,3,5,0,5,2026-06-16T05:35:09.179611
3,28,4,5,0,5,2026-06-16T05:35:17.076415
3,28,5,5,0,5,2026-06-16T05:35:18.279229
3,28,6,4,0,4,2026-06-16T05:35:19.491764
3,28,7,4,0,4,2026-06-16T05:35:21.112738
3,28,8,5,0,5,2026-06-16T05:35:32.641909
3,28,9,5,0,5,2026-06-16T05:35:33.862131
3,28,10,5,0,5,2026-06-16T05:35:35.868661
3,29,1,5,0,5,2026-06-16T05:35:37.275182
3,29,2,5,0,5,2026-06-16T05:35:38.684501
3,29,3,5,0,5,2026-06-16T05:35:51.248307
3,29,4,5,0,5,2026-06-16T05:35:53.244535
3,29,5,5,0,5,2026-06-16T05:35:54.667073
3,29,6,4,0,4,2026-06-16T05:35:56.678628
3,29,7,5,0,5,2026-06-16T05:35:57.676569
3,29,8,5,0,5,2026-06-16T05:35:59.287831
3,29,9,5,0,5,2026-06-16T05:36:01.309950
3,29,10,5,0,5,2026-06-16T05:36:02.901547
3,30,1,5,0,5,2026-06-16T05:36:04.148239
3,30,2,3,0,3,2026-06-16T05:36:12.850349
3,30,3,3,0,3,2026-06-16T05:36:20.122149
3,30,4,3,0,3,2026-06-16T05:36:21.127186
3,30,5,3,0,3,2026-06-16T05:36:23.123600
3,30,6,5,0,5,2026-06-16T05:36:24.733944
3,30,7,3,0,3,2026-06-16T05:36:26.534460
3,30,8,3,0,3,2026-06-16T05:36:27.738694
3,30,9,3,0,3,2026-06-16T05:36:29.151708
3,30,10,3,0,3,2026-06-16T05:36:36.294279
4,1,1,4,0,4,2026-06-16T05:36:38.290566
4,1,2,4,0,4,2026-06-16T05:36:39.296737
4,1,3,4,0,4,2026-06-16T05:36:40.505373
4,1,4,4,0,4,2026-06-16T05:36:41.493914
4,1,5,5,0,5,2026-06-16T05:36:42.743498
4,1,6,4,0,4,2026-06-16T05:36:49.845157
4,1,7,4,0,4,2026-06-16T05:37:01.383398
4,1,8,4,0,4,2026-06-16T05:37:06.909579
4,1,9,4,0,4,2026-06-16T05:37:08.522101
4,1,10,4,0,4,2026-06-16T05:37:10.134620
4,2,1,4,0,4,2026-06-16T05:37:11.946063
4,2,2,4,0,4,2026-06-16T05:37:14.170719
4,2,3,4,0,4,2026-06-16T05:37:15.368631
4,2,4,4,0,4,2026-06-16T05:37:16.362177
4,2,5,4,0,4,2026-06-16T05:37:24.227338
4,2,6,4,0,4,2026-06-16T05:37:26.658163
4,2,7,4,0,4,2026-06-16T05:37:28.063076
4,2,8,4,0,4,2026-06-16T05:37:29.949979
4,2,9,4,0,4,2026-06-16T05:37:36.535787
4,2,10,4,0,4,2026-06-16T05:37:44.490793
4,3,1,3,0,3,2026-06-16T05:37:46.500052
4,3,2,3,0,3,2026-06-16T05:37:55.110386
4,3,3,3,0,3,2026-06-16T05:38:05.585480
4,3,4,3,0,3,2026-06-16T05:38:07.392634
4,3,5,4,0,4,2026-06-16T05:38:08.607223
4,3,6,3,0,3,2026-06-16T05:38:10.422650
4,3,7,3,0,3,2026-06-16T05:38:12.427614
4,3,8,3,0,3,2026-06-16T05:38:14.082237
4,3,9,3,0,3,2026-06-16T05:38:15.720969
4,3,10,3,0,3,2026-06-16T05:38:17.533034
4,4,1,4,0,4,2026-06-16T05:38:30.159021
4,4,2,4,0,4,2026-06-16T05:38:32.012490
4,4,3,4,0,4,2026-06-16T05:38:33.810058
4,4,4,4,0,4,2026-06-16T05:38:35.813871
4,4,5,4,0,4,2026-06-16T05:38:37.408886
4,4,6,4,0,4,2026-06-16T05:38:39.413966
4,4,7,4,0,4,2026-06-16T05:38:40.812030
4,4,8,4,0,4,2026-06-16T05:38:52.241352
4,4,9,4,0,4,2026-06-16T05:38:55.135445
4,4,10,4,0,4,2026-06-16T05:38:56.335883
4,5,1,4,0,4,2026-06-16T05:39:02.928303
4,5,2,4,0,4,2026-06-16T05:39:14.489225
4,5,3,4,0,4,2026-06-16T05:39:16.103342
4,5,4,4,0,4,2026-06-16T05:39:17.570863
4,5,5,4,0,4,2026-06-16T05:39:19.721488
4,5,6,4,0,4,2026-06-16T05:39:21.150551
4,5,7,4,0,4,2026-06-16T05:39:22.863528
4,5,8,4,0,4,2026-06-16T05:39:24.672472
4,5,9,4,0,4,2026-06-16T05:39:26.282068
4,5,10,4,0,4,2026-06-16T05:39:32.814897
4,6,1,5,0,5,2026-06-16T05:39:39.960263
4,6,2,4,0,4,2026-06-16T05:39:41.971144
4,6,3,4,0,4,2026-06-16T05:39:43.566726
4,6,4,4,0,4,2026-06-16T05:39:45.172787
4,6,5,5,0,5,2026-06-16T05:39:52.358194
4,6,6,4,0,4,2026-06-16T05:39:54.168807
4,6,7,4,0,4,2026-06-16T05:39:55.868754
4,6,8,5,0,5,2026-06-16T05:39:56.871569
4,6,9,4,0,4,2026-06-16T05:40:09.521012
4,6,10,4,0,4,2026-06-16T05:40:11.027773
4,7,1,4,0,4,2026-06-16T05:40:12.357255
4,7,2,4,0,4,2026-06-16T05:40:13.583681
4,7,3,4,0,4,2026-06-16T05:40:14.989563
4,7,4,4,0,4,2026-06-16T05:40:16.213356
4,7,5,4,0,4,2026-06-16T05:40:27.818590
4,7,6,4,0,4,2026-06-16T05:40:29.248045
4,7,7,4,0,4,2026-06-16T05:40:30.448602
4,7,8,4,0,4,2026-06-16T05:40:32.053853
4,7,9,5,0,5,2026-06-16T05:40:34.151663
4,7,10,4,0,4,2026-06-16T05:40:36.156387
4,8,1,4,0,4,2026-06-16T05:40:38.158645
4,8,2,5,0,5,2026-06-16T05:40:56.423863
4,8,3,5,0,5,2026-06-16T05:40:58.442008
4,8,4,5,0,5,2026-06-16T05:41:00.461068
4,8,5,4,0,4,2026-06-16T05:41:07.673314
4,8,6,4,0,4,2026-06-16T05:41:09.269669
4,8,7,5,0,5,2026-06-16T05:41:11.085798
4,8,8,4,0,4,2026-06-16T05:41:12.292207
4,8,9,5,0,5,2026-06-16T05:41:13.502240
4,8,10,4,0,4,2026-06-16T05:41:20.176355
4,9,1,5,0,5,2026-06-16T05:41:21.374362
4,9,2,4,0,4,2026-06-16T05:41:24.831661
4,9,3,4,0,4,2026-06-16T05:41:26.040015
4,9,4,4,0,4,2026-06-16T05:41:27.246340
4,9,5,5,0,5,2026-06-16T05:41:29.068546
4,9,6,4,0,4,2026-06-16T05:41:31.947534
4,9,7,4,0,4,2026-06-16T05:41:32.959105
4,9,8,4,0,4,2026-06-16T05:41:34.583360
4,9,9,5,0,5,2026-06-16T05:41:36.006055
4,9,10,5,0,5,2026-06-16T05:41:37.861769
4,10,1,3,0,3,2026-06-16T05:41:39.500757
4,10,2,3,0,3,2026-06-16T05:41:46.641872
4,10,3,3,0,3,2026-06-16T05:41:51.196175
4,10,4,4,0,4,2026-06-16T05:41:52.608442
4,10,5,3,0,3,2026-06-16T05:41:54.003570
4,10,6,3,0,3,2026-06-16T05:42:02.655079
4,10,7,3,0,3,2026-06-16T05:42:22.769415
4,10,8,3,0,3,2026-06-16T05:42:24.576729
4,10,9,3,0,3,2026-06-16T05:42:25.978318
4,10,10,3,0,3,2026-06-16T05:42:27.193908
4,11,1,5,0,5,2026-06-16T05:42:28.446169
4,11,2,4,0,4,2026-06-16T05:42:30.441915
4,11,3,4,0,4,2026-06-16T05:42:32.446466
4,11,4,4,0,4,2026-06-16T05:42:33.873458
4,11,5,4,0,4,2026-06-16T05:42:35.276987
4,11,6,4,0,4,2026-06-16T05:42:37.302121
4,11,7,4,0,4,2026-06-16T05:42:45.185047
4,11,8,4,0,4,2026-06-16T05:42:46.677652
4,11,9,4,0,4,2026-06-16T05:42:48.106830
4,11,10,4,0,4,2026-06-16T05:42:56.012732
4,12,1,4,0,4,2026-06-16T05:42:57.593795
4,12,2,5,0,5,2026-06-16T05:42:59.680170
4,12,3,5,0,5,2026-06-16T05:43:07.607310
4,12,4,4,0,4,2026-06-16T05:43:09.407213
4,12,5,5,0,5,2026-06-16T05:43:11.240329
4,12,6,5,0,5,2026-06-16T05:43:19.952499
4,12,7,5,0,5,2026-06-16T05:43:31.426477
4,12,8,4,0,4,2026-06-16T05:43:42.852546
4,12,9,4,0,4,2026-06-16T05:43:44.457284
4,12,10,4,0,4,2026-06-16T05:43:45.863181
4,13,1,4,0,4,2026-06-16T05:43:47.079856
4,13,2,4,0,4,2026-06-16T05:43:55.007342
4,13,3,4,0,4,2026-06-16T05:43:56.922042
4,13,4,4,0,4,2026-06-16T05:43:58.732381
4,13,5,4,0,4,2026-06-16T05:44:00.546146
4,13,6,5,0,5,2026-06-16T05:44:02.367946
4,13,7,5,0,5,2026-06-16T05:44:03.354311
4,13,8,4,0,4,2026-06-16T05:44:04.559506
4,13,9,4,0,4,2026-06-16T05:44:05.760744
4,13,10,4,0,4,2026-06-16T05:44:07.161369
4,14,1,4,0,4,2026-06-16T05:44:08.582552
4,14,2,4,0,4,2026-06-16T05:44:16.493957
4,14,3,4,0,4,2026-06-16T05:44:17.480200
4,14,4,4,0,4,2026-06-16T05:44:24.724106
4,14,5,4,0,4,2026-06-16T05:44:26.005018
4,14,6,4,0,4,2026-06-16T05:44:28.001432
4,14,7,4,0,4,2026-06-16T05:44:30.259611
4,14,8,5,0,5,2026-06-16T05:44:50.603908
4,14,9,5,0,5,2026-06-16T05:44:57.810644
4,14,10,5,0,5,2026-06-16T05:45:08.331356
4,15,1,4,0,4,2026-06-16T05:45:14.860215
4,15,2,4,0,4,2026-06-16T05:45:27.547041
4,15,3,4,0,4,2026-06-16T05:45:29.759341
4,15,4,3,0,3,2026-06-16T05:45:31.353465
4,15,5,4,0,4,2026-06-16T05:45:32.664260
4,15,6,4,0,4,2026-06-16T05:45:34.466631
4,15,7,4,0,4,2026-06-16T05:45:41.623565
4,15,8,4,0,4,2026-06-16T05:45:43.018251
4,15,9,4,0,4,2026-06-16T05:45:44.616515
4,15,10,4,0,4,2026-06-16T05:45:46.695571
4,16,1,5,0,5,2026-06-16T05:45:47.925687
4,16,2,5,0,5,2026-06-16T05:46:08.212389
4,16,3,5,0,5,2026-06-16T05:46:10.028049
4,16,4,4,0,4,2026-06-16T05:46:11.827220
4,16,5,4,0,4,2026-06-16T05:46:13.228482
4,16,6,5,0,5,2026-06-16T05:46:15.040843
4,16,7,4,0,4,2026-06-16T05:46:16.848069
4,16,8,4,0,4,2026-06-16T05:46:18.648351
4,16,9,5,0,5,2026-06-16T05:46:27.329031
4,16,10,5,0,5,2026-06-16T05:46:28.732198
4,17,1,5,0,5,2026-06-16T05:46:29.925529
4,17,2,5,0,5,2026-06-16T05:46:31.345224
4,17,3,5,0,5,2026-06-16T05:46:43.974119
4,17,4,5,0,5,2026-06-16T05:47:04.048704
4,17,5,5,0,5,2026-06-16T05:47:05.865017
4,17,6,5,0,5,2026-06-16T05:47:06.858403
4,17,7,5,0,5,2026-06-16T05:47:08.867344
4,17,8,5,0,5,2026-06-16T05:47:10.669014
4,17,9,5,0,5,2026-06-16T05:47:11.869167
4,17,10,5,0,5,2026-06-16T05:47:13.875297
4,18,1,5,0,5,2026-06-16T05:47:26.433552
4,18,2,4,0,4,2026-06-16T05:47:27.636622
4,18,3,4,0,4,2026-06-16T05:47:29.034575
4,18,4,4,0,4,2026-06-16T05:47:30.644358
4,18,5,4,0,4,2026-06-16T05:47:32.852922
4,18,6,5,0,5,2026-06-16T05:47:33.850607
4,18,7,4,0,4,2026-06-16T05:47:35.254181
4,18,8,4,0,4,2026-06-16T05:47:37.081889
4,18,9,4,0,4,2026-06-16T05:47:44.987125
4,18,10,5,0,5,2026-06-16T05:48:05.126031
4,19,1,4,0,4,2026-06-16T05:48:06.933673
4,19,2,4,0,4,2026-06-16T05:48:08.739557
4,19,3,4,0,4,2026-06-16T05:48:09.731916
4,19,4,5,0,5,2026-06-16T05:48:11.342905
4,19,5,5,0,5,2026-06-16T05:48:13.148685
4,19,6,4,0,4,2026-06-16T05:48:14.754019
4,19,7,4,0,4,2026-06-16T05:48:16.355397
4,19,8,4,0,4,2026-06-16T05:48:24.233838
4,19,9,5,0,5,2026-06-16T05:48:44.371052
4,19,10,5,0,5,2026-06-16T05:48:54.853010
4,20,1,4,0,4,2026-06-16T05:48:56.871359
4,20,2,3,0,3,2026-06-16T05:48:58.490460
4,20,3,3,0,3,2026-06-16T05:48:59.703915
4,20,4,3,0,3,2026-06-16T05:49:00.902195
4,20,5,3,0,3,2026-06-16T05:49:02.518145
4,20,6,3,0,3,2026-06-16T05:49:04.525712
4,20,7,4,0,4,2026-06-16T05:49:11.774515
4,20,8,3,0,3,2026-06-16T05:49:12.975456
4,20,9,4,0,4,2026-06-16T05:49:14.805948
4,20,10,4,0,4,2026-06-16T05:49:16.309852
4,21,1,5,0,5,2026-06-16T05:49:34.629808
4,21,2,5,0,5,2026-06-16T05:49:37.538012
4,21,3,5,0,5,2026-06-16T05:49:39.555874
4,21,4,5,0,5,2026-06-16T05:49:46.762771
4,21,5,5,0,5,2026-06-16T05:49:58.154511
4,21,6,5,0,5,2026-06-16T05:49:59.359862
4,21,7,5,0,5,2026-06-16T05:50:01.368844
4,21,8,5,0,5,2026-06-16T05:50:02.797951
4,21,9,5,0,5,2026-06-16T05:50:04.206700
4,21,10,5,0,5,2026-06-16T05:50:05.605939
4,22,1,4,0,4,2026-06-16T05:50:07.410379
4,22,2,5,0,5,2026-06-16T05:50:14.597940
4,22,3,4,0,4,2026-06-16T05:50:16.600461
4,22,4,4,0,4,2026-06-16T05:50:18.012790
4,22,5,5,0,5,2026-06-16T05:50:20.103597
4,22,6,5,0,5,2026-06-16T05:50:40.208149
4,22,7,5,0,5,2026-06-16T05:50:41.642988
4,22,8,4,0,4,2026-06-16T05:50:48.877834
4,22,9,5,0,5,2026-06-16T05:50:59.344471
4,22,10,5,0,5,2026-06-16T05:51:00.539815
4,23,1,4,0,4,2026-06-16T05:51:01.940528
4,23,2,5,0,5,2026-06-16T05:51:03.350880
4,23,3,4,0,4,2026-06-16T05:51:04.767470
4,23,4,4,0,4,2026-06-16T05:51:05.975734
4,23,5,5,0,5,2026-06-16T05:51:08.597829
4,23,6,4,0,4,2026-06-16T05:51:17.194385
4,23,7,4,0,4,2026-06-16T05:51:25.230595
4,23,8,4,0,4,2026-06-16T05:51:31.713897
4,23,9,5,0,5,2026-06-16T05:51:33.524817
4,23,10,4,0,4,2026-06-16T05:51:42.213658
4,24,1,4,0,4,2026-06-16T05:51:54.772814
4,24,2,5,0,5,2026-06-16T05:51:56.586696
4,24,3,5,0,5,2026-06-16T05:51:58.390947
4,24,4,5,0,5,2026-06-16T05:52:00.458878
4,24,5,5,0,5,2026-06-16T05:52:01.687086
4,24,6,4,0,4,2026-06-16T05:52:03.119478
4,24,7,5,0,5,2026-06-16T05:52:10.320312
4,24,8,4,0,4,2026-06-16T05:52:22.825734
4,24,9,5,0,5,2026-06-16T05:52:24.825986
4,24,10,5,0,5,2026-06-16T05:52:26.435221
4,25,1,3,0,3,2026-06-16T05:52:28.094551
4,25,2,4,0,4,2026-06-16T05:52:30.107094
4,25,3,3,0,3,2026-06-16T05:52:31.521427
4,25,4,3,0,3,2026-06-16T05:52:32.931030
4,25,5,3,0,3,2026-06-16T05:52:34.923326
4,25,6,3,0,3,2026-06-16T05:52:36.124207
4,25,7,3,0,3,2026-06-16T05:52:37.943831
4,25,8,3,0,3,2026-06-16T05:52:39.749985
4,25,9,3,0,3,2026-06-16T05:52:53.421024
4,25,10,3,0,3,2026-06-16T05:52:55.228980
4,26,1,2,0,2,2026-06-16T05:53:02.446340
4,26,2,3,0,3,2026-06-16T05:53:10.398221
4,26,3,3,0,3,2026-06-16T05:53:11.830368
4,26,4,3,0,3,2026-06-16T05:53:14.028528
4,26,5,3,0,3,2026-06-16T05:53:15.430731
4,26,6,3,0,3,2026-06-16T05:53:16.840432
4,26,7,2,0,2,2026-06-16T05:53:35.415684
4,26,8,3,0,3,2026-06-16T05:53:36.824807
4,26,9,3,0,3,2026-06-16T05:53:38.821215
4,26,10,3,0,3,2026-06-16T05:53:40.830594
4,27,1,5,0,5,2026-06-16T05:53:42.046651
4,27,2,5,0,5,2026-06-16T05:53:54.583876
4,27,3,3,0,3,2026-06-16T05:53:55.993479
4,27,4,3,0,3,2026-06-16T05:54:09.783761
4,27,5,4,0,4,2026-06-16T05:54:11.793052
4,27,6,3,0,3,2026-06-16T05:54:13.594005
4,27,7,3,0,3,2026-06-16T05:54:15.233581
4,27,8,3,0,3,2026-06-16T05:54:33.648513
4,27,9,4,0,4,2026-06-16T05:54:35.056680
4,27,10,3,0,3,2026-06-16T05:54:36.451352
4,28,1,3,0,3,2026-06-16T05:54:38.062782
4,28,2,3,0,3,2026-06-16T05:54:40.067151
4,28,3,3,0,3,2026-06-16T05:54:42.149075
4,28,4,3,0,3,2026-06-16T05:54:43.351113
4,28,5,3,0,3,2026-06-16T05:54:45.344925
4,28,6,3,0,3,2026-06-16T05:54:52.593110
4,28,7,3,0,3,2026-06-16T05:54:55.740355
4,28,8,3,0,3,2026-06-16T05:55:04.411965
4,28,9,3,0,3,2026-06-16T05:55:11.105836
4,28,10,3,0,3,2026-06-16T05:55:12.914374
4,29,1,3,0,3,2026-06-16T05:55:14.521897
4,29,2,3,0,3,2026-06-16T05:55:21.058314
4,29,3,2,0,2,2026-06-16T05:55:22.643691
4,29,4,4,0,4,2026-06-16T05:55:24.613778
4,29,5,3,0,3,2026-06-16T05:55:26.422897
4,29,6,3,0,3,2026-06-16T05:55:28.219251
4,29,7,3,0,3,2026-06-16T05:55:29.660902
4,29,8,3,0,3,2026-06-16T05:55:30.657637
4,29,9,4,0,4,2026-06-16T05:55:31.851079
4,29,10,4,0,4,2026-06-16T05:55:33.077278
4,30,1,3,0,3,2026-06-16T05:55:34.487218
4,30,2,3,0,3,2026-06-16T05:55:35.895055
4,30,3,4,0,4,2026-06-16T05:55:37.499986
4,30,4,3,0,3,2026-06-16T05:55:38.913394
4,30,5,3,0,3,2026-06-16T05:55:52.742087
4,30,6,3,0,3,2026-06-16T05:55:54.031327
4,30,7,3,0,3,2026-06-16T05:55:56.031094
4,30,8,3,0,3,2026-06-16T05:55:57.224768
4,30,9,3,0,3,2026-06-16T05:55:58.425926
4,30,10,3,0,3,2026-06-16T05:55:59.666454
5,1,1,3,0,3,2026-06-16T05:56:01.509491
5,1,2,3,0,3,2026-06-16T05:56:02.487102
5,1,3,3,0,3,2026-06-16T05:56:09.700509
5,1,4,3,0,3,2026-06-16T05:56:27.973298
5,1,5,3,0,3,2026-06-16T05:56:29.374931
5,1,6,3,0,3,2026-06-16T05:56:30.971294
5,1,7,3,0,3,2026-06-16T05:56:32.150705
5,1,8,3,0,3,2026-06-16T05:56:33.761343
5,1,9,3,0,3,2026-06-16T05:56:35.506889
5,1,10,3,0,3,2026-06-16T05:56:36.916288
5,2,1,4,0,4,2026-06-16T05:56:48.397948
5,2,2,3,0,3,2026-06-16T05:56:55.594791
5,2,3,3,0,3,2026-06-16T05:56:56.815841
5,2,4,4,0,4,2026-06-16T05:56:58.427154
5,2,5,4,0,4,2026-06-16T05:56:59.631211
5,2,6,4,0,4,2026-06-16T05:57:02.249238
5,2,7,3,0,3,2026-06-16T05:57:04.274293
5,2,8,3,0,3,2026-06-16T05:57:05.485854
5,2,9,4,0,4,2026-06-16T05:57:06.709329
5,2,10,4,0,4,2026-06-16T05:57:18.167170
5,3,1,3,0,3,2026-06-16T05:57:20.591140
5,3,2,3,0,3,2026-06-16T05:57:21.993782
5,3,3,0,0,0,2026-06-16T05:57:23.198314
5,3,4,3,0,3,2026-06-16T05:57:25.257677
5,3,5,3,0,3,2026-06-16T05:57:26.249639
5,3,6,3,0,3,2026-06-16T05:57:29.384071
5,3,7,3,0,3,2026-06-16T05:57:30.394133
5,3,8,3,0,3,2026-06-16T05:57:31.792562
5,3,9,3,0,3,2026-06-16T05:57:32.997202
5,3,10,3,0,3,2026-06-16T05:57:34.016770
5,4,1,0,0,0,2026-06-16T05:57:35.619683
5,4,2,0,0,0,2026-06-16T05:57:44.329485
5,4,3,0,0,0,2026-06-16T05:57:45.964357
5,4,4,0,0,0,2026-06-16T05:57:49.105160
5,4,5,0,0,0,2026-06-16T05:57:50.306929
5,4,6,0,0,0,2026-06-16T05:57:51.513694
5,4,7,0,0,0,2026-06-16T05:57:53.119418
5,4,8,2,0,2,2026-06-16T05:57:54.329588
5,4,9,0,0,0,2026-06-16T05:57:55.863274
5,4,10,2,0,2,2026-06-16T05:57:57.662395
5,5,1,0,0,0,2026-06-16T05:57:59.476050
5,5,2,0,0,0,2026-06-16T05:58:00.870927
5,5,3,0,0,0,2026-06-16T05:58:02.887314
5,5,4,0,0,0,2026-06-16T05:58:04.704639
5,5,5,0,0,0,2026-06-16T05:58:05.896238
5,5,6,0,0,0,2026-06-16T05:58:25.849808
5,5,7,0,0,0,2026-06-16T05:58:27.470952
5,5,8,0,0,0,2026-06-16T05:58:29.088616
5,5,9,0,0,0,2026-06-16T05:58:30.883204
5,5,10,0,0,0,2026-06-16T05:58:32.299313
5,6,1,4,0,4,2026-06-16T05:58:33.901173
5,6,2,0,0,0,2026-06-16T05:58:40.481570
5,6,3,3,0,3,2026-06-16T05:58:41.767738
5,6,4,3,0,3,2026-06-16T05:58:54.329467
5,6,5,3,0,3,2026-06-16T05:59:04.807166
5,6,6,3,0,3,2026-06-16T05:59:07.221424
5,6,7,3,0,3,2026-06-16T05:59:09.227270
5,6,8,3,0,3,2026-06-16T05:59:10.832582
5,6,9,3,0,3,2026-06-16T05:59:12.485143
5,6,10,0,0,0,2026-06-16T05:59:13.503822
5,7,1,3,0,3,2026-06-16T05:59:21.538167
5,7,2,4,0,4,2026-06-16T05:59:23.035009
5,7,3,4,0,4,2026-06-16T05:59:30.910181
5,7,4,4,0,4,2026-06-16T05:59:34.092637
5,7,5,4,0,4,2026-06-16T05:59:35.905176
5,7,6,4,0,4,2026-06-16T05:59:37.900946
5,7,7,4,0,4,2026-06-16T05:59:39.702409
5,7,8,4,0,4,2026-06-16T05:59:41.773994
5,7,9,4,0,4,2026-06-16T05:59:43.169857
5,7,10,4,0,4,2026-06-16T05:59:44.393607
5,8,1,4,0,4,2026-06-16T05:59:46.204659
5,8,2,3,0,3,2026-06-16T05:59:47.603641
5,8,3,3,0,3,2026-06-16T06:00:00.121798
5,8,4,3,0,3,2026-06-16T06:00:02.136179
5,8,5,3,0,3,2026-06-16T06:00:04.151947
5,8,6,3,0,3,2026-06-16T06:00:06.164725
5,8,7,3,0,3,2026-06-16T06:00:10.035450
5,8,8,3,0,3,2026-06-16T06:00:22.561170
5,8,9,3,0,3,2026-06-16T06:00:23.972356
5,8,10,3,0,3,2026-06-16T06:00:31.877881
5,9,1,0,0,0,2026-06-16T06:00:33.305819
5,9,2,0,0,0,2026-06-16T06:00:39.840218
5,9,3,0,0,0,2026-06-16T06:00:47.093769
5,9,4,0,0,0,2026-06-16T06:00:48.298526
5,9,5,0,0,0,2026-06-16T06:00:50.380425
5,9,6,0,0,0,2026-06-16T06:00:57.548306
5,9,7,0,0,0,2026-06-16T06:00:58.770402
5,9,8,0,0,0,2026-06-16T06:01:00.377907
5,9,9,0,0,0,2026-06-16T06:01:02.190030
5,9,10,0,0,0,2026-06-16T06:01:13.627303
5,10,1,0,0,0,2026-06-16T06:01:15.446710
5,10,2,0,0,0,2026-06-16T06:01:17.059754
5,10,3,0,0,0,2026-06-16T06:01:24.976920
5,10,4,0,0,0,2026-06-16T06:01:32.223663
5,10,5,0,0,0,2026-06-16T06:01:33.659760
5,10,6,0,0,0,2026-06-16T06:01:35.269379
5,10,7,0,0,0,2026-06-16T06:01:36.878855
5,10,8,0,0,0,2026-06-16T06:01:38.713110
5,10,9,0,0,0,2026-06-16T06:01:40.556788
5,10,10,0,0,0,2026-06-16T06:01:41.787308
5,11,1,3,0,3,2026-06-16T06:01:43.403407
5,11,2,3,0,3,2026-06-16T06:01:45.396740
5,11,3,4,0,4,2026-06-16T06:02:05.644643
5,11,4,3,0,3,2026-06-16T06:02:13.569834
5,11,5,4,0,4,2026-06-16T06:02:15.973312
5,11,6,4,0,4,2026-06-16T06:02:24.690732
5,11,7,4,0,4,2026-06-16T06:02:28.495699
5,11,8,4,0,4,2026-06-16T06:02:35.751614
5,11,9,4,0,4,2026-06-16T06:02:37.767138
5,11,10,3,0,3,2026-06-16T06:02:39.153053
5,12,1,4,0,4,2026-06-16T06:02:41.318299
5,12,2,4,0,4,2026-06-16T06:02:43.309066
5,12,3,4,0,4,2026-06-16T06:02:49.898586
5,12,4,4,0,4,2026-06-16T06:02:51.130452
5,12,5,5,0,5,2026-06-16T06:02:52.543933
5,12,6,5,0,5,2026-06-16T06:02:53.979911
5,12,7,5,0,5,2026-06-16T06:03:01.892759
5,12,8,5,0,5,2026-06-16T06:03:03.144722
5,12,9,5,0,5,2026-06-16T06:03:04.554415
5,12,10,5,0,5,2026-06-16T06:03:17.144860
5,13,1,3,0,3,2026-06-16T06:03:23.777658
5,13,2,3,0,3,2026-06-16T06:03:25.983378
5,13,3,3,0,3,2026-06-16T06:03:27.874956
5,13,4,3,0,3,2026-06-16T06:03:36.060237
5,13,5,3,0,3,2026-06-16T06:03:37.668285
5,13,6,3,0,3,2026-06-16T06:03:39.677269
5,13,7,3,0,3,2026-06-16T06:03:41.289260
5,13,8,3,0,3,2026-06-16T06:03:48.429761
5,13,9,3,0,3,2026-06-16T06:04:08.526281
5,13,10,3,0,3,2026-06-16T06:04:10.120829
5,14,1,5,0,5,2026-06-16T06:04:17.341705
5,14,2,4,0,4,2026-06-16T06:04:18.973700
5,14,3,4,0,4,2026-06-16T06:04:28.432552
5,14,4,4,0,4,2026-06-16T06:04:48.480044
5,14,5,4,0,4,2026-06-16T06:04:57.159663
5,14,6,4,0,4,2026-06-16T06:04:58.152443
5,14,7,4,0,4,2026-06-16T06:04:59.366196
5,14,8,4,0,4,2026-06-16T06:05:00.647468
5,14,9,4,0,4,2026-06-16T06:05:09.243670
5,14,10,4,0,4,2026-06-16T06:05:10.451173
5,15,1,0,0,0,2026-06-16T06:05:23.139367
5,15,2,0,0,0,2026-06-16T06:05:25.134982
5,15,3,0,0,0,2026-06-16T06:05:27.152238
5,15,4,0,0,0,2026-06-16T06:05:33.753710
5,15,5,0,0,0,2026-06-16T06:05:34.958428
5,15,6,0,0,0,2026-06-16T06:05:36.798191
5,15,7,0,0,0,2026-06-16T06:05:38.394935
5,15,8,0,0,0,2026-06-16T06:05:40.200077
5,15,9,0,0,0,2026-06-16T06:05:41.402838
5,15,10,0,0,0,2026-06-16T06:05:49.289633
5,16,1,5,0,5,2026-06-16T06:06:00.861107
5,16,2,5,0,5,2026-06-16T06:06:17.598196
5,16,3,4,0,4,2026-06-16T06:06:30.357233
5,16,4,5,0,5,2026-06-16T06:06:37.621691
5,16,5,5,0,5,2026-06-16T06:06:38.843052
5,16,6,5,0,5,2026-06-16T06:06:40.470229
5,16,7,5,0,5,2026-06-16T06:06:42.074337
5,16,8,3,0,3,2026-06-16T06:06:43.263887
5,16,9,4,0,4,2026-06-16T06:06:45.074325
5,16,10,5,0,5,2026-06-16T06:06:52.999571
5,17,1,5,0,5,2026-06-16T06:06:54.394381
5,17,2,5,0,5,2026-06-16T06:07:00.968835
5,17,3,5,0,5,2026-06-16T06:07:21.208844
5,17,4,5,0,5,2026-06-16T06:07:23.212061
5,17,5,5,0,5,2026-06-16T06:07:24.620741
5,17,6,5,0,5,2026-06-16T06:07:27.271256
5,17,7,5,0,5,2026-06-16T06:07:29.130870
5,17,8,5,0,5,2026-06-16T06:07:30.736220
5,17,9,5,0,5,2026-06-16T06:07:31.943061
5,17,10,5,0,5,2026-06-16T06:07:43.329396
5,18,1,4,0,4,2026-06-16T06:07:44.311223
5,18,2,4,0,4,2026-06-16T06:07:45.917592
5,18,3,4,0,4,2026-06-16T06:07:47.328442
5,18,4,4,0,4,2026-06-16T06:07:49.157992
5,18,5,4,0,4,2026-06-16T06:07:50.577503
5,18,6,4,0,4,2026-06-16T06:07:51.957128
5,18,7,4,0,4,2026-06-16T06:07:53.077650
5,18,8,4,0,4,2026-06-16T06:07:54.881320
5,18,9,4,0,4,2026-06-16T06:07:56.483867
5,18,10,4,0,4,2026-06-16T06:08:03.844870
5,19,1,4,0,4,2026-06-16T06:08:10.397034
5,19,2,4,0,4,2026-06-16T06:08:20.820826
5,19,3,4,0,4,2026-06-16T06:08:23.984007
5,19,4,5,0,5,2026-06-16T06:08:25.811575
5,19,5,5,0,5,2026-06-16T06:08:27.423108
5,19,6,4,0,4,2026-06-16T06:08:28.633697
5,19,7,5,0,5,2026-06-16T06:08:30.248766
5,19,8,5,0,5,2026-06-16T06:08:31.860826
5,19,9,5,0,5,2026-06-16T06:08:33.465610
5,19,10,5,0,5,2026-06-16T06:08:40.353560
5,20,1,3,0,3,2026-06-16T06:08:42.449422
5,20,2,3,0,3,2026-06-16T06:08:44.246812
5,20,3,3,0,3,2026-06-16T06:08:45.520582
5,20,4,3,0,3,2026-06-16T06:08:47.344352
5,20,5,3,0,3,2026-06-16T06:08:49.163518
5,20,6,3,0,3,2026-06-16T06:08:50.641569
5,20,7,3,0,3,2026-06-16T06:08:52.649863
5,20,8,3,0,3,2026-06-16T06:09:01.320430
5,20,9,3,0,3,2026-06-16T06:09:09.266241
5,20,10,3,0,3,2026-06-16T06:09:25.898047
5,21,1,5,0,5,2026-06-16T06:09:32.551638
5,21,2,5,0,5,2026-06-16T06:09:46.345984
5,21,3,5,0,5,2026-06-16T06:09:47.553086
5,21,4,5,0,5,2026-06-16T06:09:49.175311
5,21,5,5,0,5,2026-06-16T06:09:50.574317
5,21,6,5,0,5,2026-06-16T06:09:57.131305
5,21,7,5,0,5,2026-06-16T06:09:58.531287
5,21,8,5,0,5,2026-06-16T06:10:00.546405
5,21,9,5,0,5,2026-06-16T06:10:01.967886
5,21,10,5,0,5,2026-06-16T06:10:03.379816
5,22,1,4,0,4,2026-06-16T06:10:14.757361
5,22,2,3,0,3,2026-06-16T06:10:22.009548
5,22,3,4,0,4,2026-06-16T06:10:23.812203
5,22,4,4,0,4,2026-06-16T06:10:24.833651
5,22,5,3,0,3,2026-06-16T06:10:32.705745
5,22,6,3,0,3,2026-06-16T06:10:34.720828
5,22,7,5,0,5,2026-06-16T06:10:36.937234
5,22,8,4,0,4,2026-06-16T06:10:38.938189
5,22,9,4,0,4,2026-06-16T06:10:40.551947
5,22,10,3,0,3,2026-06-16T06:10:42.051258
5,23,1,3,0,3,2026-06-16T06:10:51.513210
5,23,2,3,0,3,2026-06-16T06:10:53.698340
5,23,3,5,0,5,2026-06-16T06:11:02.435091
5,23,4,3,0,3,2026-06-16T06:11:13.927422
5,23,5,3,0,3,2026-06-16T06:11:15.128267
5,23,6,3,0,3,2026-06-16T06:11:22.993186
5,23,7,3,0,3,2026-06-16T06:11:26.813830
5,23,8,5,0,5,2026-06-16T06:11:28.643782
5,23,9,5,0,5,2026-06-16T06:11:37.248568
5,23,10,5,0,5,2026-06-16T06:11:48.715085
5,24,1,0,0,0,2026-06-16T06:11:50.319146
5,24,2,5,0,5,2026-06-16T06:11:52.123172
5,24,3,3,0,3,2026-06-16T06:11:59.956050
5,24,4,0,0,0,2026-06-16T06:12:06.633696
5,24,5,3,0,3,2026-06-16T06:12:07.848614
5,24,6,0,0,0,2026-06-16T06:12:09.049563
5,24,7,3,0,3,2026-06-16T06:12:11.076338
5,24,8,0,0,0,2026-06-16T06:12:12.073179
5,24,9,3,0,3,2026-06-16T06:12:14.111660
5,24,10,3,0,3,2026-06-16T06:12:15.304672
5,25,1,0,0,0,2026-06-16T06:12:18.183087
5,25,2,0,0,0,2026-06-16T06:12:19.793102
5,25,3,0,0,0,2026-06-16T06:12:27.188532
5,25,4,0,0,0,2026-06-16T06:12:45.854859
5,25,5,0,0,0,2026-06-16T06:12:47.084088
5,25,6,0,0,0,2026-06-16T06:12:48.792570
5,25,7,0,0,0,2026-06-16T06:13:01.330326
5,25,8,0,0,0,2026-06-16T06:13:02.750681
5,25,9,0,0,0,2026-06-16T06:13:10.739712
5,25,10,0,0,0,2026-06-16T06:13:11.951689
5,26,1,3,0,3,2026-06-16T06:13:19.859499
5,26,2,3,0,3,2026-06-16T06:13:21.898681
5,26,3,3,0,3,2026-06-16T06:13:23.343035
5,26,4,3,0,3,2026-06-16T06:13:31.214886
5,26,5,3,0,3,2026-06-16T06:13:32.614250
5,26,6,3,0,3,2026-06-16T06:13:34.635873
5,26,7,3,0,3,2026-06-16T06:13:36.651892
5,26,8,3,0,3,2026-06-16T06:13:49.166791
5,26,9,3,0,3,2026-06-16T06:13:50.385052
5,26,10,3,0,3,2026-06-16T06:13:51.993995
5,27,1,3,0,3,2026-06-16T06:13:53.601333
5,27,2,3,0,3,2026-06-16T06:13:55.439619
5,27,3,3,0,3,2026-06-16T06:13:57.048431
5,27,4,3,0,3,2026-06-16T06:14:04.334352
5,27,5,3,0,3,2026-06-16T06:14:11.551750
5,27,6,3,0,3,2026-06-16T06:14:13.413706
5,27,7,3,0,3,2026-06-16T06:14:14.640671
5,27,8,5,0,5,2026-06-16T06:14:24.093077
5,27,9,5,0,5,2026-06-16T06:14:25.901448
5,27,10,5,0,5,2026-06-16T06:14:27.296284
5,28,1,4,0,4,2026-06-16T06:14:34.506759
5,28,2,5,0,5,2026-06-16T06:14:37.655379
5,28,3,5,0,5,2026-06-16T06:14:39.672285
5,28,4,5,0,5,2026-06-16T06:14:41.284039
5,28,5,5,0,5,2026-06-16T06:14:52.072199
5,28,6,5,0,5,2026-06-16T06:14:54.482845
5,28,7,3,0,3,2026-06-16T06:14:55.677220
5,28,8,5,0,5,2026-06-16T06:14:56.937331
5,28,9,5,0,5,2026-06-16T06:14:58.164256
5,28,10,5,0,5,2026-06-16T06:14:59.596438
5,29,1,5,0,5,2026-06-16T06:15:01.213032
5,29,2,5,0,5,2026-06-16T06:15:02.818424
5,29,3,5,0,5,2026-06-16T06:15:04.237401
5,29,4,5,0,5,2026-06-16T06:15:05.643520
5,29,5,5,0,5,2026-06-16T06:15:06.869122
5,29,6,3,0,3,2026-06-16T06:15:08.148434
5,29,7,4,0,4,2026-06-16T06:15:15.319609
5,29,8,3,0,3,2026-06-16T06:15:17.006149
5,29,9,5,0,5,2026-06-16T06:15:18.195310
5,29,10,5,0,5,2026-06-16T06:15:27.643182
5,30,1,3,0,3,2026-06-16T06:15:46.088641
5,30,2,3,0,3,2026-06-16T06:15:55.651171
5,30,3,3,0,3,2026-06-16T06:15:57.253320
5,30,4,3,0,3,2026-06-16T06:15:58.868506
5,30,5,3,0,3,2026-06-16T06:16:00.472164
5,30,6,3,0,3,2026-06-16T06:16:07.692441
5,30,7,3,0,3,2026-06-16T06:16:09.024704
5,30,8,3,0,3,2026-06-16T06:16:10.830629
5,30,9,3,0,3,2026-06-16T06:16:12.029133
5,30,10,3,0,3,2026-06-16T06:16:32.140868
6,1,1,5,0,5,2026-06-16T06:16:41.631727
6,1,2,5,0,5,2026-06-16T06:16:44.046382
6,1,3,5,0,5,2026-06-16T06:16:45.062887
6,1,4,5,0,5,2026-06-16T06:16:46.272562
6,1,5,5,0,5,2026-06-16T06:16:47.531972
6,1,6,5,0,5,2026-06-16T06:16:49.577174
6,1,7,5,0,5,2026-06-16T06:16:51.397788
6,1,8,5,0,5,2026-06-16T06:16:53.203687
6,1,9,5,0,5,2026-06-16T06:16:55.044793
6,1,10,5,0,5,2026-06-16T06:16:56.442880
6,2,1,5,0,5,2026-06-16T06:16:57.646595
6,2,2,5,0,5,2026-06-16T06:16:58.894790
6,2,3,5,0,5,2026-06-16T06:17:00.300786
6,2,4,5,0,5,2026-06-16T06:17:02.375695
6,2,5,5,0,5,2026-06-16T06:17:04.001037
6,2,6,5,0,5,2026-06-16T06:17:16.603077
6,2,7,5,0,5,2026-06-16T06:17:17.634187
6,2,8,5,0,5,2026-06-16T06:17:19.042753
6,2,9,5,0,5,2026-06-16T06:17:20.242628
6,2,10,5,0,5,2026-06-16T06:17:22.274746
6,3,1,3,0,3,2026-06-16T06:17:23.777349
6,3,2,3,0,3,2026-06-16T06:17:25.622949
6,3,3,4,0,4,2026-06-16T06:17:26.633978
6,3,4,3,0,3,2026-06-16T06:17:38.159590
6,3,5,4,0,4,2026-06-16T06:17:39.363957
6,3,6,3,0,3,2026-06-16T06:17:40.958116
6,3,7,3,0,3,2026-06-16T06:17:48.866251
6,3,8,3,0,3,2026-06-16T06:18:07.478009
6,3,9,3,0,3,2026-06-16T06:18:17.984963
6,3,10,3,0,3,2026-06-16T06:18:18.973604
6,4,1,3,0,3,2026-06-16T06:18:20.762464
6,4,2,3,0,3,2026-06-16T06:18:22.174956
6,4,3,3,0,3,2026-06-16T06:18:29.333321
6,4,4,3,0,3,2026-06-16T06:18:35.838346
6,4,5,3,0,3,2026-06-16T06:18:42.423298
6,4,6,3,0,3,2026-06-16T06:18:44.469526
6,4,7,3,0,3,2026-06-16T06:18:46.081430
6,4,8,3,0,3,2026-06-16T06:18:47.290052
6,4,9,3,0,3,2026-06-16T06:18:48.912325
6,4,10,3,0,3,2026-06-16T06:18:50.120143
6,5,1,3,0,3,2026-06-16T06:18:51.528085
6,5,2,3,0,3,2026-06-16T06:18:53.132164
6,5,3,3,0,3,2026-06-16T06:18:54.533965
6,5,4,3,0,3,2026-06-16T06:18:55.740964
6,5,5,3,0,3,2026-06-16T06:18:57.161154
6,5,6,4,0,4,2026-06-16T06:18:58.568686
6,5,7,4,0,4,2026-06-16T06:19:00.365339
6,5,8,3,0,3,2026-06-16T06:19:02.181911
6,5,9,3,0,3,2026-06-16T06:19:03.790613
6,5,10,4,0,4,2026-06-16T06:19:05.203047
6,6,1,5,0,5,2026-06-16T06:19:16.827632
6,6,2,5,0,5,2026-06-16T06:19:18.671698
6,6,3,5,0,5,2026-06-16T06:19:20.493111
6,6,4,5,0,5,2026-06-16T06:19:21.504921
6,6,5,5,0,5,2026-06-16T06:19:23.110212
6,6,6,5,0,5,2026-06-16T06:19:24.107300
6,6,7,5,0,5,2026-06-16T06:19:25.538515
6,6,8,5,0,5,2026-06-16T06:19:26.744168
6,6,9,5,0,5,2026-06-16T06:19:28.546777
6,6,10,5,0,5,2026-06-16T06:19:30.769735
6,7,1,5,0,5,2026-06-16T06:19:31.973467
6,7,2,5,0,5,2026-06-16T06:19:33.178307
6,7,3,5,0,5,2026-06-16T06:19:34.771192
6,7,4,5,0,5,2026-06-16T06:19:36.371913
6,7,5,5,0,5,2026-06-16T06:19:38.434128
6,7,6,5,0,5,2026-06-16T06:19:48.926819
6,7,7,5,0,5,2026-06-16T06:19:56.865285
6,7,8,5,0,5,2026-06-16T06:19:58.703767
6,7,9,5,0,5,2026-06-16T06:19:59.938413
6,7,10,5,0,5,2026-06-16T06:20:01.068647
6,8,1,4,0,4,2026-06-16T06:20:02.278142
6,8,2,4,0,4,2026-06-16T06:20:03.688590
6,8,3,4,0,4,2026-06-16T06:20:04.902459
6,8,4,4,0,4,2026-06-16T06:20:06.312464
6,8,5,4,0,4,2026-06-16T06:20:07.925218
6,8,6,4,0,4,2026-06-16T06:20:09.132372
6,8,7,4,0,4,2026-06-16T06:20:10.763578
6,8,8,4,0,4,2026-06-16T06:20:11.957186
6,8,9,4,0,4,2026-06-16T06:20:12.960236
6,8,10,3,0,3,2026-06-16T06:20:14.562278
6,9,1,3,0,3,2026-06-16T06:20:16.364692
6,9,2,3,0,3,2026-06-16T06:20:18.393024
6,9,3,3,0,3,2026-06-16T06:20:25.568303
6,9,4,3,0,3,2026-06-16T06:20:27.487710
6,9,5,2,0,2,2026-06-16T06:20:28.918714
6,9,6,2,0,2,2026-06-16T06:20:30.740720
6,9,7,2,0,2,2026-06-16T06:20:32.743758
6,9,8,3,0,3,2026-06-16T06:20:34.000718
6,9,9,3,0,3,2026-06-16T06:20:35.801022
6,9,10,3,0,3,2026-06-16T06:20:37.491844
6,10,1,3,0,3,2026-06-16T06:20:56.057321
6,10,2,4,0,4,2026-06-16T06:21:07.453329
6,10,3,4,0,4,2026-06-16T06:21:09.069157
6,10,4,3,0,3,2026-06-16T06:21:17.753799
6,10,5,3,0,3,2026-06-16T06:21:24.322048
6,10,6,4,0,4,2026-06-16T06:21:25.721804
6,10,7,2,0,2,2026-06-16T06:21:39.568930
6,10,8,4,0,4,2026-06-16T06:21:42.202024
6,10,9,4,0,4,2026-06-16T06:21:43.401899
6,10,10,4,0,4,2026-06-16T06:21:45.213074
6,11,1,5,0,5,2026-06-16T06:21:46.629406
6,11,2,5,0,5,2026-06-16T06:21:48.035033
6,11,3,5,0,5,2026-06-16T06:21:49.652246
6,11,4,5,0,5,2026-06-16T06:21:51.073215
6,11,5,5,0,5,2026-06-16T06:22:02.558768
6,11,6,5,0,5,2026-06-16T06:22:09.788225
6,11,7,5,0,5,2026-06-16T06:22:11.184457
6,11,8,5,0,5,2026-06-16T06:22:12.196694
6,11,9,5,0,5,2026-06-16T06:22:14.216225
6,11,10,5,0,5,2026-06-16T06:22:15.824616
6,12,1,5,0,5,2026-06-16T06:22:22.974746
6,12,2,5,0,5,2026-06-16T06:22:24.377417
6,12,3,5,0,5,2026-06-16T06:22:26.021248
6,12,4,5,0,5,2026-06-16T06:22:27.223226
6,12,5,5,0,5,2026-06-16T06:22:28.432710
6,12,6,5,0,5,2026-06-16T06:22:30.455892
6,12,7,5,0,5,2026-06-16T06:22:32.083105
6,12,8,5,0,5,2026-06-16T06:22:40.770001
6,12,9,5,0,5,2026-06-16T06:22:59.167387
6,12,10,5,0,5,2026-06-16T06:23:00.648872
6,13,1,4,0,4,2026-06-16T06:23:02.260377
6,13,2,4,0,4,2026-06-16T06:23:03.520263
6,13,3,4,0,4,2026-06-16T06:23:04.706577
6,13,4,4,0,4,2026-06-16T06:23:06.516023
6,13,5,4,0,4,2026-06-16T06:23:08.109410
6,13,6,4,0,4,2026-06-16T06:23:09.911070
6,13,7,4,0,4,2026-06-16T06:23:18.511486
6,13,8,3,0,3,2026-06-16T06:23:29.982481
6,13,9,4,0,4,2026-06-16T06:23:31.375045
6,13,10,4,0,4,2026-06-16T06:23:32.575081
6,14,1,4,0,4,2026-06-16T06:23:34.381844
6,14,2,4,0,4,2026-06-16T06:23:41.025587
6,14,3,4,0,4,2026-06-16T06:23:42.253036
6,14,4,4,0,4,2026-06-16T06:23:43.673125
6,14,5,4,0,4,2026-06-16T06:23:45.082567
6,14,6,4,0,4,2026-06-16T06:23:52.256718
6,14,7,4,0,4,2026-06-16T06:23:53.880567
6,14,8,4,0,4,2026-06-16T06:23:55.892558
6,14,9,4,0,4,2026-06-16T06:23:57.145783
6,14,10,4,0,4,2026-06-16T06:23:58.746960
6,15,1,5,0,5,2026-06-16T06:24:00.571828
6,15,2,4,0,4,2026-06-16T06:24:01.998079
6,15,3,4,0,4,2026-06-16T06:24:10.018126
6,15,4,0,0,0,2026-06-16T06:24:28.300309
6,15,5,0,0,0,2026-06-16T06:24:40.952142
6,15,6,0,0,0,2026-06-16T06:24:42.147303
6,15,7,4,0,4,2026-06-16T06:24:43.555943
6,15,8,5,0,5,2026-06-16T06:24:44.613767
6,15,9,5,0,5,2026-06-16T06:24:46.222158
6,15,10,5,0,5,2026-06-16T06:24:49.378627
6,16,1,5,0,5,2026-06-16T06:24:57.244099
6,16,2,5,0,5,2026-06-16T06:25:07.592054
6,16,3,5,0,5,2026-06-16T06:25:17.149737
6,16,4,5,0,5,2026-06-16T06:25:18.363156
6,16,5,5,0,5,2026-06-16T06:25:19.766758
6,16,6,5,0,5,2026-06-16T06:25:21.768385
6,16,7,5,0,5,2026-06-16T06:25:23.766848
6,16,8,5,0,5,2026-06-16T06:25:25.680698
6,16,9,5,0,5,2026-06-16T06:25:27.084123
6,16,10,5,0,5,2026-06-16T06:25:39.708901
6,17,1,5,0,5,2026-06-16T06:25:40.916400
6,17,2,5,0,5,2026-06-16T06:25:42.507264
6,17,3,5,0,5,2026-06-16T06:25:50.345599
6,17,4,5,0,5,2026-06-16T06:25:52.145833
6,17,5,5,0,5,2026-06-16T06:25:53.953608
6,17,6,5,0,5,2026-06-16T06:25:55.367533
6,17,7,5,0,5,2026-06-16T06:25:56.574718
6,17,8,5,0,5,2026-06-16T06:26:08.147248
6,17,9,5,0,5,2026-06-16T06:26:09.349845
6,17,10,5,0,5,2026-06-16T06:26:11.146017
6,18,1,5,0,5,2026-06-16T06:26:12.362498
6,18,2,5,0,5,2026-06-16T06:26:13.579982
6,18,3,5,0,5,2026-06-16T06:26:20.775918
6,18,4,4,0,4,2026-06-16T06:26:22.201976
6,18,5,4,0,4,2026-06-16T06:26:23.633992
6,18,6,4,0,4,2026-06-16T06:26:25.072597
6,18,7,4,0,4,2026-06-16T06:26:26.506312
6,18,8,4,0,4,2026-06-16T06:26:27.701301
6,18,9,4,0,4,2026-06-16T06:26:29.512379
6,18,10,5,0,5,2026-06-16T06:26:30.711045
6,19,1,5,0,5,2026-06-16T06:26:32.333053
6,19,2,4,0,4,2026-06-16T06:26:33.552555
6,19,3,5,0,5,2026-06-16T06:26:35.162656
6,19,4,5,0,5,2026-06-16T06:26:36.363567
6,19,5,4,0,4,2026-06-16T06:26:37.763748
6,19,6,5,0,5,2026-06-16T06:26:39.764449
6,19,7,4,0,4,2026-06-16T06:26:41.178401
6,19,8,5,0,5,2026-06-16T06:26:42.431842
6,19,9,4,0,4,2026-06-16T06:26:55.177697
6,19,10,4,0,4,2026-06-16T06:26:58.633607
6,20,1,5,0,5,2026-06-16T06:27:06.541657
6,20,2,4,0,4,2026-06-16T06:27:26.636662
6,20,3,3,0,3,2026-06-16T06:27:27.887978
6,20,4,3,0,3,2026-06-16T06:27:35.076360
6,20,5,4,0,4,2026-06-16T06:27:36.481383
6,20,6,5,0,5,2026-06-16T06:27:38.486182
6,20,7,4,0,4,2026-06-16T06:27:39.909030
6,20,8,5,0,5,2026-06-16T06:27:41.518389
6,20,9,5,0,5,2026-06-16T06:27:42.515749
6,20,10,3,0,3,2026-06-16T06:27:43.919794
6,21,1,5,0,5,2026-06-16T06:27:45.147076
6,21,2,5,0,5,2026-06-16T06:27:46.348436
6,21,3,5,0,5,2026-06-16T06:27:54.193784
6,21,4,5,0,5,2026-06-16T06:27:57.651143
6,21,5,5,0,5,2026-06-16T06:27:59.250802
6,21,6,5,0,5,2026-06-16T06:28:01.090783
6,21,7,5,0,5,2026-06-16T06:28:02.716320
6,21,8,5,0,5,2026-06-16T06:28:09.874761
6,21,9,5,0,5,2026-06-16T06:28:10.887906
6,21,10,5,0,5,2026-06-16T06:28:11.903083
6,22,1,5,0,5,2026-06-16T06:28:19.197657
6,22,2,5,0,5,2026-06-16T06:28:29.896312
6,22,3,5,0,5,2026-06-16T06:28:37.817107
6,22,4,5,0,5,2026-06-16T06:28:50.281162
6,22,5,5,0,5,2026-06-16T06:28:52.094339
6,22,6,5,0,5,2026-06-16T06:28:54.098159
6,22,7,5,0,5,2026-06-16T06:28:56.293520
6,22,8,5,0,5,2026-06-16T06:28:57.894964
6,22,9,5,0,5,2026-06-16T06:28:59.720453
6,22,10,5,0,5,2026-06-16T06:29:13.481712
6,23,1,5,0,5,2026-06-16T06:29:15.287474
6,23,2,5,0,5,2026-06-16T06:29:16.491033
6,23,3,3,0,3,2026-06-16T06:29:24.378963
6,23,4,5,0,5,2026-06-16T06:29:26.418533
6,23,5,3,0,3,2026-06-16T06:29:46.697853
6,23,6,3,0,3,2026-06-16T06:29:47.715156
6,23,7,3,0,3,2026-06-16T06:29:49.722618
6,23,8,4,0,4,2026-06-16T06:29:51.729961
6,23,9,3,0,3,2026-06-16T06:29:52.934518
6,23,10,3,0,3,2026-06-16T06:29:54.531380
6,24,1,3,0,3,2026-06-16T06:29:56.332378
6,24,2,3,0,3,2026-06-16T06:29:58.742674
6,24,3,3,0,3,2026-06-16T06:30:00.154590
6,24,4,5,0,5,2026-06-16T06:30:08.083395
6,24,5,5,0,5,2026-06-16T06:30:28.167687
6,24,6,5,0,5,2026-06-16T06:30:29.562979
6,24,7,3,0,3,2026-06-16T06:30:30.770807
6,24,8,5,0,5,2026-06-16T06:30:38.640844
6,24,9,5,0,5,2026-06-16T06:30:50.175680
6,24,10,3,0,3,2026-06-16T06:30:52.577267
6,25,1,0,0,0,2026-06-16T06:30:54.185095
6,25,2,0,0,0,2026-06-16T06:30:56.025109
6,25,3,0,0,0,2026-06-16T06:30:57.244755
6,25,4,0,0,0,2026-06-16T06:30:59.056002
6,25,5,0,0,0,2026-06-16T06:31:00.468080
6,25,6,0,0,0,2026-06-16T06:31:01.885079
6,25,7,0,0,0,2026-06-16T06:31:04.295588
6,25,8,0,0,0,2026-06-16T06:31:05.303338
6,25,9,0,0,0,2026-06-16T06:31:06.898938
6,25,10,0,0,0,2026-06-16T06:31:08.114304
6,26,1,3,0,3,2026-06-16T06:31:14.608611
6,26,2,3,0,3,2026-06-16T06:31:15.819635
6,26,3,3,0,3,2026-06-16T06:31:17.834560
6,26,4,3,0,3,2026-06-16T06:31:26.443954
6,26,5,3,0,3,2026-06-16T06:31:29.603574
6,26,6,3,0,3,2026-06-16T06:31:31.420488
6,26,7,3,0,3,2026-06-16T06:31:32.856653
6,26,8,3,0,3,2026-06-16T06:31:41.581876
6,26,9,3,0,3,2026-06-16T06:32:01.780316
6,26,10,5,0,5,2026-06-16T06:32:09.710570
6,27,1,5,0,5,2026-06-16T06:32:11.116944
6,27,2,5,0,5,2026-06-16T06:32:13.131216
6,27,3,5,0,5,2026-06-16T06:32:21.015262
6,27,4,5,0,5,2026-06-16T06:32:32.511192
6,27,5,5,0,5,2026-06-16T06:32:52.608759
6,27,6,5,0,5,2026-06-16T06:32:54.419915
6,27,7,5,0,5,2026-06-16T06:32:56.243381
6,27,8,5,0,5,2026-06-16T06:32:57.449149
6,27,9,5,0,5,2026-06-16T06:32:58.660424
6,27,10,5,0,5,2026-06-16T06:32:59.661279
6,28,1,3,0,3,2026-06-16T06:33:00.866304
6,28,2,3,0,3,2026-06-16T06:33:02.062232
6,28,3,3,0,3,2026-06-16T06:33:03.908968
6,28,4,3,0,3,2026-06-16T06:33:05.714053
6,28,5,3,0,3,2026-06-16T06:33:07.720995
6,28,6,3,0,3,2026-06-16T06:33:09.322874
6,28,7,3,0,3,2026-06-16T06:33:11.313027
6,28,8,3,0,3,2026-06-16T06:33:12.724341
6,28,9,3,0,3,2026-06-16T06:33:14.326604
6,28,10,3,0,3,2026-06-16T06:33:17.504134
6,29,1,4,0,4,2026-06-16T06:33:18.910646
6,29,2,5,0,5,2026-06-16T06:33:20.919803
6,29,3,5,0,5,2026-06-16T06:33:22.921047
6,29,4,4,0,4,2026-06-16T06:33:24.925464
6,29,5,4,0,4,2026-06-16T06:33:33.005806
6,29,6,5,0,5,2026-06-16T06:33:45.765195
6,29,7,3,0,3,2026-06-16T06:33:47.588191
6,29,8,4,0,4,2026-06-16T06:33:49.398280
6,29,9,5,0,5,2026-06-16T06:33:57.256885
6,29,10,3,0,3,2026-06-16T06:34:03.810548
6,30,1,3,0,3,2026-06-16T06:34:26.049799
6,30,2,5,0,5,2026-06-16T06:34:36.547038
6,30,3,3,0,3,2026-06-16T06:34:38.552869
6,30,4,5,0,5,2026-06-16T06:34:39.952685
6,30,5,5,0,5,2026-06-16T06:34:41.773057
6,30,6,5,0,5,2026-06-16T06:34:42.970777
6,30,7,3,0,3,2026-06-16T06:34:45.612834
6,30,8,3,0,3,2026-06-16T06:34:46.809428
6,30,9,5,0,5,2026-06-16T06:34:48.065658
6,30,10,3,0,3,2026-06-16T06:34:56.714262
7,1,1,5,0,5,2026-06-16T06:34:58.124546
7,1,2,5,0,5,2026-06-16T06:34:59.730811
7,1,3,5,0,5,2026-06-16T06:35:19.922149
7,1,4,5,0,5,2026-06-16T06:35:21.498275
7,1,5,5,0,5,2026-06-16T06:35:22.732329
7,1,6,5,0,5,2026-06-16T06:35:23.911237
7,1,7,5,0,5,2026-06-16T06:35:25.513273
7,1,8,5,0,5,2026-06-16T06:35:26.715200
7,1,9,5,0,5,2026-06-16T06:35:43.313574
7,1,10,5,0,5,2026-06-16T06:35:44.523455
7,2,1,5,0,5,2026-06-16T06:35:46.230525
7,2,2,5,0,5,2026-06-16T06:35:47.629970
7,2,3,5,0,5,2026-06-16T06:35:48.845570
7,2,4,5,0,5,2026-06-16T06:35:50.734635
7,2,5,5,0,5,2026-06-16T06:35:51.939319
7,2,6,5,0,5,2026-06-16T06:35:58.541159
7,2,7,5,0,5,2026-06-16T06:36:00.159237
7,2,8,5,0,5,2026-06-16T06:36:01.578842
7,2,9,5,0,5,2026-06-16T06:36:14.213183
7,2,10,5,0,5,2026-06-16T06:36:15.409838
7,3,1,3,0,3,2026-06-16T06:36:16.845855
7,3,2,3,0,3,2026-06-16T06:36:18.263495
7,3,3,4,0,4,2026-06-16T06:36:29.590452
7,3,4,3,0,3,2026-06-16T06:36:31.579919
7,3,5,3,0,3,2026-06-16T06:36:33.611887
7,3,6,3,0,3,2026-06-16T06:36:41.513951
7,3,7,3,0,3,2026-06-16T06:36:53.007225
7,3,8,3,0,3,2026-06-16T06:36:55.032875
7,3,9,3,0,3,2026-06-16T06:37:03.752111
7,3,10,3,0,3,2026-06-16T06:37:16.282699
7,4,1,3,0,3,2026-06-16T06:37:17.689358
7,4,2,3,0,3,2026-06-16T06:37:24.943248
7,4,3,2,0,2,2026-06-16T06:37:28.718702
7,4,4,3,0,3,2026-06-16T06:37:35.238238
7,4,5,3,0,3,2026-06-16T06:37:36.641443
7,4,6,3,0,3,2026-06-16T06:37:38.459695
7,4,7,3,0,3,2026-06-16T06:37:39.585871
7,4,8,3,0,3,2026-06-16T06:37:40.997056
7,4,9,3,0,3,2026-06-16T06:37:42.210180
7,4,10,3,0,3,2026-06-16T06:37:44.026361
7,5,1,3,0,3,2026-06-16T06:37:45.430587
7,5,2,3,0,3,2026-06-16T06:37:46.755064
7,5,3,4,0,4,2026-06-16T06:37:53.897185
7,5,4,4,0,4,2026-06-16T06:37:55.355506
7,5,5,3,0,3,2026-06-16T06:37:57.172295
7,5,6,3,0,3,2026-06-16T06:37:58.606801
7,5,7,4,0,4,2026-06-16T06:38:05.792678
7,5,8,4,0,4,2026-06-16T06:38:07.618751
7,5,9,4,0,4,2026-06-16T06:38:16.349139
7,5,10,4,0,4,2026-06-16T06:38:36.404950
7,6,1,5,0,5,2026-06-16T06:38:37.647416
7,6,2,5,0,5,2026-06-16T06:38:39.459644
7,6,3,5,0,5,2026-06-16T06:38:42.892930
7,6,4,5,0,5,2026-06-16T06:38:44.311055
7,6,5,5,0,5,2026-06-16T06:38:46.131637
7,6,6,5,0,5,2026-06-16T06:38:47.524835
7,6,7,5,0,5,2026-06-16T06:38:48.924423
7,6,8,5,0,5,2026-06-16T06:38:50.139543
7,6,9,5,0,5,2026-06-16T06:38:51.956840
7,6,10,5,0,5,2026-06-16T06:38:53.974930
7,7,1,5,0,5,2026-06-16T06:38:56.004169
7,7,2,5,0,5,2026-06-16T06:39:03.864099
7,7,3,5,0,5,2026-06-16T06:39:11.837119
7,7,4,5,0,5,2026-06-16T06:39:13.448348
7,7,5,5,0,5,2026-06-16T06:39:15.249210
7,7,6,5,0,5,2026-06-16T06:39:27.702551
7,7,7,5,0,5,2026-06-16T06:39:34.297764
7,7,8,5,0,5,2026-06-16T06:39:35.498361
7,7,9,5,0,5,2026-06-16T06:39:36.923679
7,7,10,5,0,5,2026-06-16T06:39:38.736539
7,8,1,4,0,4,2026-06-16T06:39:50.254455
7,8,2,4,0,4,2026-06-16T06:40:10.381313
7,8,3,4,0,4,2026-06-16T06:40:11.989883
7,8,4,4,0,4,2026-06-16T06:40:13.597714
7,8,5,4,0,4,2026-06-16T06:40:15.629779
7,8,6,4,0,4,2026-06-16T06:40:18.006177
7,8,7,4,0,4,2026-06-16T06:40:19.843742
7,8,8,4,0,4,2026-06-16T06:40:21.459474
7,8,9,4,0,4,2026-06-16T06:40:29.351423
7,8,10,4,0,4,2026-06-16T06:40:49.413200
7,9,1,3,0,3,2026-06-16T06:40:50.620509
7,9,2,3,0,3,2026-06-16T06:40:59.253457
7,9,3,3,0,3,2026-06-16T06:41:17.548660
7,9,4,2,0,2,2026-06-16T06:41:19.440084
7,9,5,3,0,3,2026-06-16T06:41:20.833979
7,9,6,3,0,3,2026-06-16T06:41:22.229607
7,9,7,2,0,2,2026-06-16T06:41:23.947710
7,9,8,3,0,3,2026-06-16T06:41:25.340017
7,9,9,4,0,4,2026-06-16T06:41:27.143793
7,9,10,3,0,3,2026-06-16T06:41:28.560317
7,10,1,4,0,4,2026-06-16T06:41:30.357397
7,10,2,4,0,4,2026-06-16T06:41:32.164567
7,10,3,4,0,4,2026-06-16T06:41:33.555420
7,10,4,4,0,4,2026-06-16T06:41:35.416533
7,10,5,4,0,4,2026-06-16T06:41:36.418506
7,10,6,4,0,4,2026-06-16T06:41:38.436874
7,10,7,4,0,4,2026-06-16T06:41:39.421277
7,10,8,4,0,4,2026-06-16T06:41:40.813848
7,10,9,4,0,4,2026-06-16T06:41:42.891028
7,10,10,4,0,4,2026-06-16T06:41:51.596380
7,11,1,5,0,5,2026-06-16T06:41:58.992687
7,11,2,5,0,5,2026-06-16T06:42:00.602643
7,11,3,5,0,5,2026-06-16T06:42:02.414326
7,11,4,5,0,5,2026-06-16T06:42:11.084360
7,11,5,5,0,5,2026-06-16T06:42:13.082333
7,11,6,5,0,5,2026-06-16T06:42:21.840290
7,11,7,5,0,5,2026-06-16T06:42:42.108856
7,11,8,5,0,5,2026-06-16T06:42:51.604983
7,11,9,5,0,5,2026-06-16T06:42:53.599807
7,11,10,5,0,5,2026-06-16T06:42:55.206537
7,12,1,5,0,5,2026-06-16T06:42:56.208490
7,12,2,5,0,5,2026-06-16T06:42:57.725623
7,12,3,5,0,5,2026-06-16T06:42:59.343274
7,12,4,5,0,5,2026-06-16T06:43:00.818475
7,12,5,5,0,5,2026-06-16T06:43:08.021317
7,12,6,5,0,5,2026-06-16T06:43:09.425372
7,12,7,5,0,5,2026-06-16T06:43:11.040037
7,12,8,5,0,5,2026-06-16T06:43:12.493474
7,12,9,5,0,5,2026-06-16T06:43:14.133010
7,12,10,5,0,5,2026-06-16T06:43:34.380600
7,13,1,4,0,4,2026-06-16T06:43:36.184440
7,13,2,4,0,4,2026-06-16T06:43:38.004523
7,13,3,4,0,4,2026-06-16T06:43:39.430864
7,13,4,4,0,4,2026-06-16T06:43:52.176331
7,13,5,5,0,5,2026-06-16T06:43:53.589824
7,13,6,4,0,4,2026-06-16T06:44:02.308599
7,13,7,3,0,3,2026-06-16T06:44:13.778968
7,13,8,4,0,4,2026-06-16T06:44:15.202685
7,13,9,4,0,4,2026-06-16T06:44:16.610708
7,13,10,4,0,4,2026-06-16T06:44:17.829530
7,14,1,4,0,4,2026-06-16T06:44:19.564781
7,14,2,4,0,4,2026-06-16T06:44:21.071963
7,14,3,4,0,4,2026-06-16T06:44:23.087067
7,14,4,4,0,4,2026-06-16T06:44:24.905414
7,14,5,4,0,4,2026-06-16T06:44:26.718994
7,14,6,4,0,4,2026-06-16T06:44:34.576816
7,14,7,4,0,4,2026-06-16T06:44:36.182767
7,14,8,4,0,4,2026-06-16T06:44:47.698704
7,14,9,4,0,4,2026-06-16T06:44:49.138179
7,14,10,4,0,4,2026-06-16T06:44:50.961609
7,15,1,3,0,3,2026-06-16T06:44:52.772127
7,15,2,0,0,0,2026-06-16T06:45:05.451139
7,15,3,3,0,3,2026-06-16T06:45:07.708679
7,15,4,3,0,3,2026-06-16T06:45:09.583285
7,15,5,3,0,3,2026-06-16T06:45:16.908061
7,15,6,3,0,3,2026-06-16T06:45:24.122471
7,15,7,0,0,0,2026-06-16T06:45:25.345446
7,15,8,4,0,4,2026-06-16T06:45:27.454972
7,15,9,3,0,3,2026-06-16T06:45:29.085509
7,15,10,3,0,3,2026-06-16T06:45:30.513102
7,16,1,5,0,5,2026-06-16T06:45:31.517843
7,16,2,5,0,5,2026-06-16T06:45:32.945015
7,16,3,5,0,5,2026-06-16T06:45:34.166066
7,16,4,5,0,5,2026-06-16T06:45:42.833504
7,16,5,5,0,5,2026-06-16T06:45:55.354739
7,16,6,5,0,5,2026-06-16T06:46:13.734415
7,16,7,5,0,5,2026-06-16T06:46:15.989497
7,16,8,5,0,5,2026-06-16T06:46:17.592178
7,16,9,5,0,5,2026-06-16T06:46:18.814860
7,16,10,5,0,5,2026-06-16T06:46:32.582356
7,17,1,5,0,5,2026-06-16T06:46:34.787875
7,17,2,5,0,5,2026-06-16T06:46:42.731682
7,17,3,5,0,5,2026-06-16T06:46:44.555633
7,17,4,5,0,5,2026-06-16T06:46:45.773447
7,17,5,5,0,5,2026-06-16T06:46:54.453534
7,17,6,5,0,5,2026-06-16T06:47:13.032690
7,17,7,5,0,5,2026-06-16T06:47:15.062593
7,17,8,5,0,5,2026-06-16T06:47:16.924965
7,17,9,5,0,5,2026-06-16T06:47:24.837793
7,17,10,5,0,5,2026-06-16T06:47:36.408520
7,18,1,4,0,4,2026-06-16T06:47:43.038084
7,18,2,4,0,4,2026-06-16T06:47:50.897437
7,18,3,4,0,4,2026-06-16T06:47:52.093323
7,18,4,3,0,3,2026-06-16T06:47:54.956813
7,18,5,3,0,3,2026-06-16T06:47:56.244906
7,18,6,4,0,4,2026-06-16T06:47:57.878045
7,18,7,5,0,5,2026-06-16T06:48:11.666426
7,18,8,4,0,4,2026-06-16T06:48:13.690434
7,18,9,4,0,4,2026-06-16T06:48:15.302942
7,18,10,3,0,3,2026-06-16T06:48:35.426474
7,19,1,5,0,5,2026-06-16T06:48:37.457807
7,19,2,4,0,4,2026-06-16T06:48:38.869980
7,19,3,4,0,4,2026-06-16T06:48:40.290431
7,19,4,5,0,5,2026-06-16T06:48:52.936732
7,19,5,4,0,4,2026-06-16T06:48:54.149044
7,19,6,4,0,4,2026-06-16T06:48:57.603371
7,19,7,4,0,4,2026-06-16T06:49:05.776994
7,19,8,5,0,5,2026-06-16T06:49:26.007331
7,19,9,4,0,4,2026-06-16T06:49:34.644204
7,19,10,5,0,5,2026-06-16T06:49:36.442019
7,20,1,3,0,3,2026-06-16T06:49:37.861624
7,20,2,5,0,5,2026-06-16T06:49:39.474163
7,20,3,4,0,4,2026-06-16T06:49:47.420577
7,20,4,3,0,3,2026-06-16T06:49:49.041197
7,20,5,3,0,3,2026-06-16T06:49:50.061912
7,20,6,3,0,3,2026-06-16T06:49:58.039527
7,20,7,3,0,3,2026-06-16T06:50:06.756055
7,20,8,5,0,5,2026-06-16T06:50:08.589492
7,20,9,4,0,4,2026-06-16T06:50:10.495774
7,20,10,4,0,4,2026-06-16T06:50:11.525788
7,21,1,5,0,5,2026-06-16T06:50:13.549801
7,21,2,5,0,5,2026-06-16T06:50:14.976273
7,21,3,5,0,5,2026-06-16T06:50:22.872969
7,21,4,5,0,5,2026-06-16T06:50:35.647248
7,21,5,5,0,5,2026-06-16T06:50:42.880054
7,21,6,5,0,5,2026-06-16T06:50:44.702082
7,21,7,5,0,5,2026-06-16T06:50:53.046811
7,21,8,5,0,5,2026-06-16T06:51:04.462708
7,21,9,5,0,5,2026-06-16T06:51:24.630495
7,21,10,5,0,5,2026-06-16T06:51:26.048103
7,22,1,5,0,5,2026-06-16T06:51:28.657758
7,22,2,5,0,5,2026-06-16T06:51:30.252841
7,22,3,5,0,5,2026-06-16T06:51:32.382193
7,22,4,5,0,5,2026-06-16T06:51:34.464709
7,22,5,5,0,5,2026-06-16T06:51:36.081690
7,22,6,5,0,5,2026-06-16T06:51:47.609670
7,22,7,5,0,5,2026-06-16T06:51:49.623965
7,22,8,5,0,5,2026-06-16T06:51:51.421454
7,22,9,5,0,5,2026-06-16T06:51:52.646668
7,22,10,5,0,5,2026-06-16T06:51:54.042056
7,23,1,5,0,5,2026-06-16T06:52:14.303639
7,23,2,3,0,3,2026-06-16T06:52:15.728490
7,23,3,3,0,3,2026-06-16T06:52:17.059284
7,23,4,4,0,4,2026-06-16T06:52:24.266429
7,23,5,5,0,5,2026-06-16T06:52:26.084967
7,23,6,3,0,3,2026-06-16T06:52:27.914067
7,23,7,3,0,3,2026-06-16T06:52:29.709240
7,23,8,4,0,4,2026-06-16T06:52:36.879270
7,23,9,3,0,3,2026-06-16T06:52:38.079429
7,23,10,3,0,3,2026-06-16T06:52:39.891946
7,24,1,5,0,5,2026-06-16T06:52:41.713225
7,24,2,0,0,0,2026-06-16T06:52:43.529789
7,24,3,5,0,5,2026-06-16T06:52:56.246462
7,24,4,5,0,5,2026-06-16T06:52:57.662858
7,24,5,5,0,5,2026-06-16T06:52:59.067172
7,24,6,3,0,3,2026-06-16T06:53:00.474333
7,24,7,3,0,3,2026-06-16T06:53:02.272351
7,24,8,5,0,5,2026-06-16T06:53:03.877835
7,24,9,5,0,5,2026-06-16T06:53:05.897619
7,24,10,3,0,3,2026-06-16T06:53:13.122768
7,25,1,3,0,3,2026-06-16T06:53:15.114893
7,25,2,3,0,3,2026-06-16T06:53:23.727245
7,25,3,3,0,3,2026-06-16T06:53:43.982157
7,25,4,3,0,3,2026-06-16T06:53:52.693312
7,25,5,3,0,3,2026-06-16T06:53:54.300212
7,25,6,3,0,3,2026-06-16T06:53:55.978492
7,25,7,3,0,3,2026-06-16T06:54:04.609026
7,25,8,3,0,3,2026-06-16T06:54:24.924905
7,25,9,3,0,3,2026-06-16T06:54:26.737412
7,25,10,5,0,5,2026-06-16T06:54:28.539908
7,26,1,3,0,3,2026-06-16T06:54:29.568718
7,26,2,3,0,3,2026-06-16T06:54:30.996564
7,26,3,3,0,3,2026-06-16T06:54:32.394460
7,26,4,3,0,3,2026-06-16T06:54:34.389017
7,26,5,3,0,3,2026-06-16T06:54:35.795371
7,26,6,3,0,3,2026-06-16T06:54:43.698070
7,26,7,3,0,3,2026-06-16T06:54:55.356756
7,26,8,3,0,3,2026-06-16T06:55:13.850571
7,26,9,3,0,3,2026-06-16T06:55:15.866507
7,26,10,3,0,3,2026-06-16T06:55:17.263978
7,27,1,5,0,5,2026-06-16T06:55:18.445169
7,27,2,5,0,5,2026-06-16T06:55:19.841942
7,27,3,5,0,5,2026-06-16T06:55:21.657663
7,27,4,5,0,5,2026-06-16T06:55:34.235519
7,27,5,5,0,5,2026-06-16T06:55:45.699511
7,27,6,5,0,5,2026-06-16T06:55:50.209652
7,27,7,5,0,5,2026-06-16T06:55:51.837131
7,27,8,5,0,5,2026-06-16T06:55:53.125698
7,27,9,5,0,5,2026-06-16T06:55:55.173506
7,27,10,5,0,5,2026-06-16T06:55:56.188487
7,28,1,3,0,3,2026-06-16T06:55:58.199868
7,28,2,3,0,3,2026-06-16T06:55:59.682579
7,28,3,2,0,2,2026-06-16T06:56:06.235677
7,28,4,3,0,3,2026-06-16T06:56:14.117598
7,28,5,3,0,3,2026-06-16T06:56:16.323201
7,28,6,3,0,3,2026-06-16T06:56:17.935617
7,28,7,3,0,3,2026-06-16T06:56:25.176426
7,28,8,3,0,3,2026-06-16T06:56:26.584787
7,28,9,3,0,3,2026-06-16T06:56:27.842159
7,28,10,3,0,3,2026-06-16T06:56:29.437245
7,29,1,5,0,5,2026-06-16T06:56:32.315373
7,29,2,5,0,5,2026-06-16T06:56:33.575193
7,29,3,3,0,3,2026-06-16T06:56:35.390475
7,29,4,3,0,3,2026-06-16T06:56:37.055929
7,29,5,3,0,3,2026-06-16T06:56:38.667310
7,29,6,4,0,4,2026-06-16T06:56:40.680809
7,29,7,3,0,3,2026-06-16T06:56:42.291364
7,29,8,3,0,3,2026-06-16T06:56:43.879285
7,29,9,5,0,5,2026-06-16T06:56:45.350268
7,29,10,2,0,2,2026-06-16T06:56:57.949596
7,30,1,5,0,5,2026-06-16T06:56:59.763754
7,30,2,5,0,5,2026-06-16T06:57:01.175763
7,30,3,3,0,3,2026-06-16T06:57:02.861418
7,30,4,5,0,5,2026-06-16T06:57:04.903157
7,30,5,3,0,3,2026-06-16T06:57:06.754233
7,30,6,3,0,3,2026-06-16T06:57:08.579936
7,30,7,3,0,3,2026-06-16T06:57:10.986168
7,30,8,5,0,5,2026-06-16T06:57:12.398275
7,30,9,3,0,3,2026-06-16T06:57:20.279730
7,30,10,5,0,5,2026-06-16T06:57:21.697705
8,1,1,3,0,3,2026-06-16T06:57:23.309828
8,1,2,3,0,3,2026-06-16T06:57:31.225555
8,1,3,3,0,3,2026-06-16T06:57:42.711541
8,1,4,3,0,3,2026-06-16T06:57:45.346121
8,1,5,3,0,3,2026-06-16T06:57:54.074087
8,1,6,4,0,4,2026-06-16T06:58:07.951984
8,1,7,3,0,3,2026-06-16T06:58:09.160080
8,1,8,3,0,3,2026-06-16T06:58:17.100980
8,1,9,3,0,3,2026-06-16T06:58:18.917259
8,1,10,3,0,3,2026-06-16T06:58:20.622215
8,2,1,3,0,3,2026-06-16T06:58:27.826451
8,2,2,3,0,3,2026-06-16T06:58:29.032612
8,2,3,3,0,3,2026-06-16T06:58:30.447048
8,2,4,3,0,3,2026-06-16T06:58:32.451923
8,2,5,3,0,3,2026-06-16T06:58:39.662857
8,2,6,3,0,3,2026-06-16T06:58:40.962048
8,2,7,3,0,3,2026-06-16T06:58:41.960119
8,2,8,3,0,3,2026-06-16T06:58:43.972926
8,2,9,3,0,3,2026-06-16T06:58:45.572538
8,2,10,3,0,3,2026-06-16T06:58:47.167437
8,3,1,4,0,4,2026-06-16T06:58:48.368707
8,3,2,4,0,4,2026-06-16T06:58:50.076790
8,3,3,4,0,4,2026-06-16T06:58:52.122916
8,3,4,4,0,4,2026-06-16T06:58:54.133436
8,3,5,4,0,4,2026-06-16T06:59:06.682687
8,3,6,3,0,3,2026-06-16T06:59:08.289033
8,3,7,3,0,3,2026-06-16T06:59:09.488114
8,3,8,4,0,4,2026-06-16T06:59:16.803880
8,3,9,3,0,3,2026-06-16T06:59:29.461943
8,3,10,4,0,4,2026-06-16T06:59:36.016070
8,4,1,4,0,4,2026-06-16T06:59:38.885586
8,4,2,3,0,3,2026-06-16T06:59:40.302338
8,4,3,3,0,3,2026-06-16T06:59:41.945996
8,4,4,4,0,4,2026-06-16T06:59:49.226850
8,4,5,3,0,3,2026-06-16T06:59:51.245730
8,4,6,3,0,3,2026-06-16T06:59:59.901736
8,4,7,4,0,4,2026-06-16T07:00:01.701601
8,4,8,4,0,4,2026-06-16T07:00:03.099806
8,4,9,4,0,4,2026-06-16T07:00:04.114726
8,4,10,3,0,3,2026-06-16T07:00:05.531231
8,5,1,3,0,3,2026-06-16T07:00:12.682550
8,5,2,2,0,2,2026-06-16T07:00:32.842627
8,5,3,3,0,3,2026-06-16T07:00:34.041234
8,5,4,1,0,1,2026-06-16T07:00:35.754571
8,5,5,3,0,3,2026-06-16T07:00:36.778419
8,5,6,3,0,3,2026-06-16T07:00:38.571341
8,5,7,2,0,2,2026-06-16T07:00:39.779132
8,5,8,3,0,3,2026-06-16T07:00:41.190402
8,5,9,3,0,3,2026-06-16T07:00:42.614197
8,5,10,2,0,2,2026-06-16T07:00:44.235738
8,6,1,3,0,3,2026-06-16T07:00:51.358513
8,6,2,4,0,4,2026-06-16T07:00:59.208285
8,6,3,3,0,3,2026-06-16T07:01:00.598367
8,6,4,4,0,4,2026-06-16T07:01:01.996974
8,6,5,3,0,3,2026-06-16T07:01:15.975189
8,6,6,4,0,4,2026-06-16T07:01:17.389127
8,6,7,3,0,3,2026-06-16T07:01:26.126800
8,6,8,4,0,4,2026-06-16T07:01:48.247310
8,6,9,3,0,3,2026-06-16T07:01:56.872052
8,6,10,3,0,3,2026-06-16T07:02:00.036315
8,7,1,4,0,4,2026-06-16T07:02:08.748200
8,7,2,3,0,3,2026-06-16T07:02:27.138679
8,7,3,4,0,4,2026-06-16T07:02:28.944816
8,7,4,4,0,4,2026-06-16T07:02:30.364710
8,7,5,4,0,4,2026-06-16T07:02:38.310615
8,7,6,4,0,4,2026-06-16T07:02:45.702207
8,7,7,4,0,4,2026-06-16T07:03:04.132239
8,7,8,4,0,4,2026-06-16T07:03:13.687656
8,7,9,4,0,4,2026-06-16T07:03:15.602700
8,7,10,4,0,4,2026-06-16T07:03:17.018595
8,8,1,3,0,3,2026-06-16T07:03:18.879862
8,8,2,3,0,3,2026-06-16T07:03:20.884345
8,8,3,3,0,3,2026-06-16T07:03:22.290769
8,8,4,3,0,3,2026-06-16T07:03:24.290670
8,8,5,3,0,3,2026-06-16T07:03:26.082970
8,8,6,3,0,3,2026-06-16T07:03:27.293882
8,8,7,3,0,3,2026-06-16T07:03:29.298410
8,8,8,3,0,3,2026-06-16T07:03:30.307228
8,8,9,3,0,3,2026-06-16T07:03:31.520858
8,8,10,3,0,3,2026-06-16T07:03:33.150461
8,9,1,3,0,3,2026-06-16T07:03:35.042188
8,9,2,3,0,3,2026-06-16T07:03:41.579033
8,9,3,3,0,3,2026-06-16T07:03:43.594412
8,9,4,3,0,3,2026-06-16T07:03:45.198233
8,9,5,3,0,3,2026-06-16T07:03:46.405780
8,9,6,3,0,3,2026-06-16T07:03:47.633570
8,9,7,3,0,3,2026-06-16T07:03:59.368653
8,9,8,3,0,3,2026-06-16T07:04:00.593415
8,9,9,3,0,3,2026-06-16T07:04:02.021344
8,9,10,3,0,3,2026-06-16T07:04:05.879981
8,10,1,3,0,3,2026-06-16T07:04:07.281085
8,10,2,3,0,3,2026-06-16T07:04:08.747844
8,10,3,3,0,3,2026-06-16T07:04:17.054598
8,10,4,3,0,3,2026-06-16T07:04:39.265109
8,10,5,3,0,3,2026-06-16T07:04:47.330049
8,10,6,3,0,3,2026-06-16T07:04:53.916393
8,10,7,3,0,3,2026-06-16T07:04:57.082234
8,10,8,3,0,3,2026-06-16T07:05:05.041609
8,10,9,3,0,3,2026-06-16T07:05:06.502962
8,10,10,3,0,3,2026-06-16T07:05:07.932393
8,11,1,4,0,4,2026-06-16T07:05:09.472985
8,11,2,4,0,4,2026-06-16T07:05:11.109454
8,11,3,3,0,3,2026-06-16T07:05:22.784488
8,11,4,4,0,4,2026-06-16T07:05:24.602338
8,11,5,4,0,4,2026-06-16T07:05:26.222734
8,11,6,4,0,4,2026-06-16T07:05:28.108552
8,11,7,4,0,4,2026-06-16T07:05:29.330911
8,11,8,3,0,3,2026-06-16T07:05:47.938033
8,11,9,3,0,3,2026-06-16T07:05:49.141823
8,11,10,3,0,3,2026-06-16T07:05:50.378883
8,12,1,3,0,3,2026-06-16T07:05:51.397420
8,12,2,3,0,3,2026-06-16T07:05:58.563071
8,12,3,3,0,3,2026-06-16T07:06:05.109156
8,12,4,3,0,3,2026-06-16T07:06:17.839459
8,12,5,4,0,4,2026-06-16T07:06:19.260087
8,12,6,3,0,3,2026-06-16T07:06:20.300578
8,12,7,3,0,3,2026-06-16T07:06:22.102331
8,12,8,3,0,3,2026-06-16T07:06:24.018790
8,12,9,4,0,4,2026-06-16T07:06:37.959218
8,12,10,4,0,4,2026-06-16T07:06:39.786762
8,13,1,4,0,4,2026-06-16T07:06:46.957407
8,13,2,4,0,4,2026-06-16T07:06:59.620516
8,13,3,3,0,3,2026-06-16T07:07:01.245564
8,13,4,3,0,3,2026-06-16T07:07:03.264426
8,13,5,3,0,3,2026-06-16T07:07:05.073598
8,13,6,3,0,3,2026-06-16T07:07:06.593239
8,13,7,3,0,3,2026-06-16T07:07:08.011954
8,13,8,3,0,3,2026-06-16T07:07:15.273086
8,13,9,3,0,3,2026-06-16T07:07:17.309326
8,13,10,3,0,3,2026-06-16T07:07:26.075313
8,14,1,4,0,4,2026-06-16T07:07:37.514488
8,14,2,4,0,4,2026-06-16T07:07:38.729290
8,14,3,4,0,4,2026-06-16T07:07:39.944570
8,14,4,4,0,4,2026-06-16T07:07:48.010576
8,14,5,4,0,4,2026-06-16T07:08:00.604342
8,14,6,4,0,4,2026-06-16T07:08:02.420631
8,14,7,4,0,4,2026-06-16T07:08:11.026291
8,14,8,4,0,4,2026-06-16T07:08:12.041117
8,14,9,3,0,3,2026-06-16T07:08:25.866108
8,14,10,4,0,4,2026-06-16T07:08:27.308287
8,15,1,3,0,3,2026-06-16T07:08:28.958254
8,15,2,3,0,3,2026-06-16T07:08:36.852465
8,15,3,3,0,3,2026-06-16T07:08:39.767187
8,15,4,3,0,3,2026-06-16T07:08:41.390001
8,15,5,3,0,3,2026-06-16T07:08:42.882917
8,15,6,3,0,3,2026-06-16T07:08:44.895596
8,15,7,3,0,3,2026-06-16T07:08:46.332309
8,15,8,3,0,3,2026-06-16T07:08:48.360414
8,15,9,3,0,3,2026-06-16T07:08:55.568448
8,15,10,3,0,3,2026-06-16T07:08:57.379119
8,16,1,5,0,5,2026-06-16T07:08:58.801488
8,16,2,5,0,5,2026-06-16T07:09:07.468717
8,16,3,4,0,4,2026-06-16T07:09:17.876764
8,16,4,4,0,4,2026-06-16T07:09:19.070287
8,16,5,3,0,3,2026-06-16T07:09:27.018689
8,16,6,4,0,4,2026-06-16T07:09:45.389118
8,16,7,5,0,5,2026-06-16T07:09:46.801789
8,16,8,5,0,5,2026-06-16T07:09:48.625738
8,16,9,4,0,4,2026-06-16T07:09:56.568282
8,16,10,4,0,4,2026-06-16T07:09:57.842876
8,17,1,5,0,5,2026-06-16T07:10:09.285542
8,17,2,5,0,5,2026-06-16T07:10:10.700336
8,17,3,4,0,4,2026-06-16T07:10:12.512576
8,17,4,5,0,5,2026-06-16T07:10:13.915664
8,17,5,5,0,5,2026-06-16T07:10:15.328030
8,17,6,5,0,5,2026-06-16T07:10:17.152545
8,17,7,5,0,5,2026-06-16T07:10:18.423033
8,17,8,5,0,5,2026-06-16T07:10:20.218573
8,17,9,5,0,5,2026-06-16T07:10:22.224079
8,17,10,5,0,5,2026-06-16T07:10:23.850906
8,18,1,5,0,5,2026-06-16T07:10:25.866092
8,18,2,5,0,5,2026-06-16T07:10:27.946678
8,18,3,5,0,5,2026-06-16T07:10:29.558140
8,18,4,5,0,5,2026-06-16T07:10:31.167984
8,18,5,5,0,5,2026-06-16T07:10:37.713008
8,18,6,5,0,5,2026-06-16T07:10:39.111235
8,18,7,5,0,5,2026-06-16T07:10:41.129287
8,18,8,5,0,5,2026-06-16T07:10:49.070230
8,18,9,5,0,5,2026-06-16T07:11:00.659251
8,18,10,5,0,5,2026-06-16T07:11:02.267674
8,19,1,4,0,4,2026-06-16T07:11:03.684682
8,19,2,5,0,5,2026-06-16T07:11:05.496414
8,19,3,5,0,5,2026-06-16T07:11:07.314453
8,19,4,5,0,5,2026-06-16T07:11:08.804648
8,19,5,5,0,5,2026-06-16T07:11:09.897934
8,19,6,5,0,5,2026-06-16T07:11:11.764697
8,19,7,5,0,5,2026-06-16T07:11:13.183597
8,19,8,5,0,5,2026-06-16T07:11:24.780453
8,19,9,5,0,5,2026-06-16T07:11:31.340214
8,19,10,5,0,5,2026-06-16T07:11:33.141798
8,20,1,3,0,3,2026-06-16T07:11:35.021968
8,20,2,3,0,3,2026-06-16T07:11:36.862945
8,20,3,3,0,3,2026-06-16T07:11:38.252319
8,20,4,3,0,3,2026-06-16T07:11:39.874377
8,20,5,3,0,3,2026-06-16T07:11:47.822134
8,20,6,3,0,3,2026-06-16T07:12:00.502300
8,20,7,3,0,3,2026-06-16T07:12:18.744456
8,20,8,3,0,3,2026-06-16T07:12:19.942642
8,20,9,3,0,3,2026-06-16T07:12:21.816736
8,20,10,3,0,3,2026-06-16T07:12:23.040198
8,21,1,5,0,5,2026-06-16T07:12:24.475447
8,21,2,5,0,5,2026-06-16T07:12:25.672017
8,21,3,5,0,5,2026-06-16T07:12:26.885736
8,21,4,5,0,5,2026-06-16T07:12:38.509326
8,21,5,5,0,5,2026-06-16T07:12:40.926323
8,21,6,5,0,5,2026-06-16T07:12:48.850966
8,21,7,5,0,5,2026-06-16T07:13:01.478848
8,21,8,5,0,5,2026-06-16T07:13:03.085023
8,21,9,5,0,5,2026-06-16T07:13:05.132916
8,21,10,5,0,5,2026-06-16T07:13:07.148253
8,22,1,5,0,5,2026-06-16T07:13:08.955660
8,22,2,5,0,5,2026-06-16T07:13:10.357563
8,22,3,5,0,5,2026-06-16T07:13:12.162449
8,22,4,4,0,4,2026-06-16T07:13:14.174120
8,22,5,5,0,5,2026-06-16T07:13:15.989817
8,22,6,5,0,5,2026-06-16T07:13:17.182700
8,22,7,5,0,5,2026-06-16T07:13:18.777160
8,22,8,5,0,5,2026-06-16T07:13:31.269365
8,22,9,5,0,5,2026-06-16T07:13:32.887847
8,22,10,5,0,5,2026-06-16T07:13:34.497249
8,23,1,4,0,4,2026-06-16T07:13:35.700716
8,23,2,5,0,5,2026-06-16T07:13:37.597764
8,23,3,5,0,5,2026-06-16T07:13:50.167518
8,23,4,4,0,4,2026-06-16T07:13:57.400339
8,23,5,5,0,5,2026-06-16T07:14:07.814324
8,23,6,3,0,3,2026-06-16T07:14:09.827897
8,23,7,3,0,3,2026-06-16T07:14:11.658448
8,23,8,4,0,4,2026-06-16T07:14:13.480692
8,23,9,4,0,4,2026-06-16T07:14:15.175256
8,23,10,5,0,5,2026-06-16T07:14:16.777267
8,24,1,3,0,3,2026-06-16T07:14:17.999222
8,24,2,5,0,5,2026-06-16T07:14:30.513569
8,24,3,3,0,3,2026-06-16T07:14:32.343745
8,24,4,3,0,3,2026-06-16T07:14:39.649378
8,24,5,3,0,3,2026-06-16T07:14:50.112153
8,24,6,3,0,3,2026-06-16T07:14:52.042228
8,24,7,3,0,3,2026-06-16T07:14:53.650529
8,24,8,3,0,3,2026-06-16T07:15:01.525698
8,24,9,3,0,3,2026-06-16T07:15:14.207416
8,24,10,5,0,5,2026-06-16T07:15:32.798074
8,25,1,3,0,3,2026-06-16T07:15:44.320845
8,25,2,0,0,0,2026-06-16T07:15:45.929012
8,25,3,3,0,3,2026-06-16T07:15:47.144680
8,25,4,3,0,3,2026-06-16T07:15:48.346095
8,25,5,3,0,3,2026-06-16T07:15:50.154410
8,25,6,0,0,0,2026-06-16T07:15:58.106799
8,25,7,3,0,3,2026-06-16T07:15:59.950881
8,25,8,3,0,3,2026-06-16T07:16:01.987419
8,25,9,3,0,3,2026-06-16T07:16:03.608303
8,25,10,3,0,3,2026-06-16T07:16:05.615198
8,26,1,4,0,4,2026-06-16T07:16:07.054656
8,26,2,5,0,5,2026-06-16T07:16:08.535920
8,26,3,5,0,5,2026-06-16T07:16:17.184983
8,26,4,5,0,5,2026-06-16T07:16:18.807806
8,26,5,5,0,5,2026-06-16T07:16:26.744434
8,26,6,3,0,3,2026-06-16T07:16:32.738554
8,26,7,5,0,5,2026-06-16T07:16:39.977086
8,26,8,5,0,5,2026-06-16T07:16:42.185902
8,26,9,5,0,5,2026-06-16T07:16:43.814984
8,26,10,3,0,3,2026-06-16T07:16:45.222371
8,27,1,3,0,3,2026-06-16T07:16:46.239330
8,27,2,3,0,3,2026-06-16T07:17:06.394201
8,27,3,3,0,3,2026-06-16T07:17:07.600018
8,27,4,3,0,3,2026-06-16T07:17:08.804085
8,27,5,3,0,3,2026-06-16T07:17:21.226971
8,27,6,4,0,4,2026-06-16T07:17:41.411788
8,27,7,3,0,3,2026-06-16T07:17:42.658114
8,27,8,3,0,3,2026-06-16T07:17:51.281925
8,27,9,3,0,3,2026-06-16T07:17:52.281498
8,27,10,3,0,3,2026-06-16T07:18:03.668281
8,28,1,4,0,4,2026-06-16T07:18:06.564262
8,28,2,4,0,4,2026-06-16T07:18:07.986353
8,28,3,5,0,5,2026-06-16T07:18:09.396904
8,28,4,4,0,4,2026-06-16T07:18:11.029314
8,28,5,5,0,5,2026-06-16T07:18:31.202975
8,28,6,5,0,5,2026-06-16T07:18:38.403671
8,28,7,5,0,5,2026-06-16T07:18:58.780774
8,28,8,5,0,5,2026-06-16T07:19:00.854528
8,28,9,5,0,5,2026-06-16T07:19:01.882608
8,28,10,5,0,5,2026-06-16T07:19:15.978840
8,29,1,5,0,5,2026-06-16T07:19:17.792704
8,29,2,4,0,4,2026-06-16T07:19:19.808469
8,29,3,5,0,5,2026-06-16T07:19:21.417452
8,29,4,5,0,5,2026-06-16T07:19:22.821022
8,29,5,5,0,5,2026-06-16T07:19:30.076029
8,29,6,5,0,5,2026-06-16T07:19:31.802721
8,29,7,5,0,5,2026-06-16T07:19:43.345655
8,29,8,5,0,5,2026-06-16T07:19:44.767509
8,29,9,5,0,5,2026-06-16T07:19:46.583766
8,29,10,4,0,4,2026-06-16T07:19:47.619199
8,30,1,3,0,3,2026-06-16T07:19:48.637664
8,30,2,4,0,4,2026-06-16T07:19:51.526335
8,30,3,5,0,5,2026-06-16T07:19:53.346915
8,30,4,5,0,5,2026-06-16T07:20:00.565244
8,30,5,5,0,5,2026-06-16T07:20:11.210843
8,30,6,3,0,3,2026-06-16T07:20:13.020506
8,30,7,5,0,5,2026-06-16T07:20:21.056915
8,30,8,5,0,5,2026-06-16T07:20:41.481599
8,30,9,5,0,5,2026-06-16T07:20:42.891024
8,30,10,4,0,4,2026-06-16T07:20:44.117111
9,1,1,5,0,5,2026-06-16T07:20:45.742504
9,1,2,5,0,5,2026-06-16T07:20:46.955929
9,1,3,5,0,5,2026-06-16T07:20:48.771755
9,1,4,5,0,5,2026-06-16T07:20:49.962446
9,1,5,5,0,5,2026-06-16T07:20:57.144808
9,1,6,4,0,4,2026-06-16T07:20:58.562850
9,1,7,4,0,4,2026-06-16T07:20:59.971443
9,1,8,4,0,4,2026-06-16T07:21:01.586165
9,1,9,5,0,5,2026-06-16T07:21:04.475662
9,1,10,5,0,5,2026-06-16T07:21:06.111650
9,2,1,5,0,5,2026-06-16T07:21:07.320469
9,2,2,5,0,5,2026-06-16T07:21:08.527455
9,2,3,5,0,5,2026-06-16T07:21:10.732748
9,2,4,5,0,5,2026-06-16T07:21:12.363904
9,2,5,5,0,5,2026-06-16T07:21:14.164870
9,2,6,5,0,5,2026-06-16T07:21:15.976721
9,2,7,5,0,5,2026-06-16T07:21:17.988699
9,2,8,5,0,5,2026-06-16T07:21:19.618506
9,2,9,5,0,5,2026-06-16T07:21:32.169383
9,2,10,5,0,5,2026-06-16T07:21:34.192347
9,3,1,4,0,4,2026-06-16T07:21:35.912958
9,3,2,4,0,4,2026-06-16T07:21:44.572347
9,3,3,4,0,4,2026-06-16T07:21:46.218244
9,3,4,4,0,4,2026-06-16T07:21:47.687758
9,3,5,4,0,4,2026-06-16T07:21:49.287698
9,3,6,4,0,4,2026-06-16T07:21:50.703057
9,3,7,3,0,3,2026-06-16T07:21:51.901041
9,3,8,3,0,3,2026-06-16T07:21:53.902083
9,3,9,3,0,3,2026-06-16T07:21:54.921083
9,3,10,3,0,3,2026-06-16T07:21:56.597971
9,4,1,4,0,4,2026-06-16T07:21:58.206591
9,4,2,3,0,3,2026-06-16T07:22:05.403674
9,4,3,3,0,3,2026-06-16T07:22:07.016480
9,4,4,3,0,3,2026-06-16T07:22:08.212363
9,4,5,3,0,3,2026-06-16T07:22:10.232233
9,4,6,3,0,3,2026-06-16T07:22:18.921007
9,4,7,3,0,3,2026-06-16T07:22:20.134596
9,4,8,3,0,3,2026-06-16T07:22:28.034082
9,4,9,3,0,3,2026-06-16T07:22:35.214823
9,4,10,4,0,4,2026-06-16T07:22:37.240041
9,5,1,3,0,3,2026-06-16T07:22:38.863875
9,5,2,4,0,4,2026-06-16T07:22:40.861170
9,5,3,4,0,4,2026-06-16T07:22:42.983626
9,5,4,3,0,3,2026-06-16T07:22:50.810571
9,5,5,3,0,3,2026-06-16T07:23:11.120536
9,5,6,4,0,4,2026-06-16T07:23:12.168289
9,5,7,3,0,3,2026-06-16T07:23:13.164716
9,5,8,3,0,3,2026-06-16T07:23:14.609389
9,5,9,4,0,4,2026-06-16T07:23:16.206972
9,5,10,3,0,3,2026-06-16T07:23:17.492791
9,6,1,5,0,5,2026-06-16T07:23:19.523198
9,6,2,5,0,5,2026-06-16T07:23:31.009316
9,6,3,4,0,4,2026-06-16T07:23:33.644044
9,6,4,5,0,5,2026-06-16T07:23:35.643986
9,6,5,5,0,5,2026-06-16T07:23:42.820371
9,6,6,5,0,5,2026-06-16T07:23:44.095632
9,6,7,5,0,5,2026-06-16T07:23:54.629273
9,6,8,5,0,5,2026-06-16T07:23:56.447149
9,6,9,5,0,5,2026-06-16T07:24:04.394835
9,6,10,5,0,5,2026-06-16T07:24:15.887315
9,7,1,4,0,4,2026-06-16T07:24:34.500919
9,7,2,4,0,4,2026-06-16T07:24:47.151142
9,7,3,5,0,5,2026-06-16T07:24:48.354282
9,7,4,5,0,5,2026-06-16T07:24:49.960508
9,7,5,5,0,5,2026-06-16T07:24:57.132397
9,7,6,4,0,4,2026-06-16T07:25:04.319549
9,7,7,4,0,4,2026-06-16T07:25:06.135684
9,7,8,5,0,5,2026-06-16T07:25:07.557272
9,7,9,5,0,5,2026-06-16T07:25:09.793209
9,7,10,4,0,4,2026-06-16T07:25:11.195633
9,8,1,4,0,4,2026-06-16T07:25:12.799370
9,8,2,4,0,4,2026-06-16T07:25:20.287864
9,8,3,3,0,3,2026-06-16T07:25:38.645856
9,8,4,4,0,4,2026-06-16T07:25:40.254246
9,8,5,3,0,3,2026-06-16T07:25:41.759701
9,8,6,3,0,3,2026-06-16T07:25:43.569869
9,8,7,4,0,4,2026-06-16T07:25:56.185061
9,8,8,4,0,4,2026-06-16T07:26:01.699506
9,8,9,3,0,3,2026-06-16T07:26:03.531055
9,8,10,4,0,4,2026-06-16T07:26:04.749448
9,9,1,3,0,3,2026-06-16T07:26:06.662396
9,9,2,3,0,3,2026-06-16T07:26:13.218335
9,9,3,3,0,3,2026-06-16T07:26:14.432139
9,9,4,3,0,3,2026-06-16T07:26:16.053449
9,9,5,3,0,3,2026-06-16T07:26:17.884094
9,9,6,3,0,3,2026-06-16T07:26:19.292299
9,9,7,3,0,3,2026-06-16T07:26:26.526554
9,9,8,3,0,3,2026-06-16T07:26:27.753647
9,9,9,3,0,3,2026-06-16T07:26:28.982318
9,9,10,3,0,3,2026-06-16T07:26:30.624805
9,10,1,4,0,4,2026-06-16T07:26:32.034085
9,10,2,4,0,4,2026-06-16T07:26:33.898937
9,10,3,4,0,4,2026-06-16T07:26:35.720384
9,10,4,4,0,4,2026-06-16T07:26:37.500475
9,10,5,4,0,4,2026-06-16T07:26:38.707660
9,10,6,4,0,4,2026-06-16T07:26:41.888570
9,10,7,4,0,4,2026-06-16T07:26:44.139456
9,10,8,4,0,4,2026-06-16T07:26:46.159127
9,10,9,4,0,4,2026-06-16T07:26:54.079357
9,10,10,4,0,4,2026-06-16T07:27:12.486786
9,11,1,5,0,5,2026-06-16T07:27:22.945047
9,11,2,5,0,5,2026-06-16T07:27:24.970609
9,11,3,5,0,5,2026-06-16T07:27:25.996171
9,11,4,5,0,5,2026-06-16T07:27:34.640690
9,11,5,5,0,5,2026-06-16T07:27:37.075845
9,11,6,5,0,5,2026-06-16T07:27:38.911913
9,11,7,5,0,5,2026-06-16T07:27:47.729829
9,11,8,5,0,5,2026-06-16T07:27:48.958495
9,11,9,4,0,4,2026-06-16T07:28:01.699099
9,11,10,5,0,5,2026-06-16T07:28:03.121290
9,12,1,5,0,5,2026-06-16T07:28:10.355026
9,12,2,5,0,5,2026-06-16T07:28:11.751968
9,12,3,5,0,5,2026-06-16T07:28:13.639648
9,12,4,5,0,5,2026-06-16T07:28:14.866194
9,12,5,5,0,5,2026-06-16T07:28:25.313775
9,12,6,5,0,5,2026-06-16T07:28:27.343641
9,12,7,5,0,5,2026-06-16T07:28:28.792562
9,12,8,5,0,5,2026-06-16T07:28:29.987208
9,12,9,5,0,5,2026-06-16T07:28:31.250937
9,12,10,5,0,5,2026-06-16T07:28:42.814784
9,13,1,4,0,4,2026-06-16T07:28:44.634121
9,13,2,4,0,4,2026-06-16T07:28:46.446511
9,13,3,4,0,4,2026-06-16T07:28:47.660912
9,13,4,3,0,3,2026-06-16T07:28:49.307092
9,13,5,4,0,4,2026-06-16T07:29:01.970275
9,13,6,4,0,4,2026-06-16T07:29:03.585620
9,13,7,4,0,4,2026-06-16T07:29:05.396485
9,13,8,3,0,3,2026-06-16T07:29:07.225854
9,13,9,3,0,3,2026-06-16T07:29:08.831887
9,13,10,3,0,3,2026-06-16T07:29:10.839008
9,14,1,3,0,3,2026-06-16T07:29:12.446563
9,14,2,5,0,5,2026-06-16T07:29:14.250201
9,14,3,4,0,4,2026-06-16T07:29:16.058960
9,14,4,4,0,4,2026-06-16T07:29:17.465417
9,14,5,4,0,4,2026-06-16T07:29:18.675808
9,14,6,4,0,4,2026-06-16T07:29:20.274007
9,14,7,4,0,4,2026-06-16T07:29:21.710503
9,14,8,3,0,3,2026-06-16T07:29:29.566053
9,14,9,4,0,4,2026-06-16T07:29:43.464095
9,14,10,4,0,4,2026-06-16T07:29:44.674395
9,15,1,0,0,0,2026-06-16T07:29:45.903160
9,15,2,4,0,4,2026-06-16T07:29:56.388547
9,15,3,5,0,5,2026-06-16T07:29:58.412758
9,15,4,5,0,5,2026-06-16T07:29:59.832931
9,15,5,5,0,5,2026-06-16T07:30:01.035931
9,15,6,4,0,4,2026-06-16T07:30:03.089901
9,15,7,4,0,4,2026-06-16T07:30:09.818762
9,15,8,4,0,4,2026-06-16T07:30:12.034568
9,15,9,5,0,5,2026-06-16T07:30:13.041143
9,15,10,4,0,4,2026-06-16T07:30:14.437431
9,16,1,5,0,5,2026-06-16T07:30:16.050502
9,16,2,5,0,5,2026-06-16T07:30:18.936185
9,16,3,5,0,5,2026-06-16T07:30:26.812505
9,16,4,5,0,5,2026-06-16T07:30:33.380507
9,16,5,5,0,5,2026-06-16T07:30:34.390248
9,16,6,5,0,5,2026-06-16T07:30:36.079585
9,16,7,5,0,5,2026-06-16T07:30:37.715836
9,16,8,5,0,5,2026-06-16T07:30:39.519412
9,16,9,5,0,5,2026-06-16T07:30:41.349622
9,16,10,5,0,5,2026-06-16T07:30:42.560034
9,17,1,5,0,5,2026-06-16T07:30:43.976255
9,17,2,5,0,5,2026-06-16T07:30:45.598023
9,17,3,5,0,5,2026-06-16T07:30:58.189014
9,17,4,5,0,5,2026-06-16T07:31:00.009049
9,17,5,5,0,5,2026-06-16T07:31:01.882768
9,17,6,5,0,5,2026-06-16T07:31:03.497538
9,17,7,5,0,5,2026-06-16T07:31:05.569917
9,17,8,5,0,5,2026-06-16T07:31:06.962614
9,17,9,5,0,5,2026-06-16T07:31:14.106116
9,17,10,5,0,5,2026-06-16T07:31:16.016444
9,18,1,3,0,3,2026-06-16T07:31:17.433396
9,18,2,3,0,3,2026-06-16T07:31:30.016084
9,18,3,5,0,5,2026-06-16T07:31:32.644948
9,18,4,3,0,3,2026-06-16T07:31:40.573880
9,18,5,4,0,4,2026-06-16T07:31:53.126074
9,18,6,3,0,3,2026-06-16T07:31:54.339173
9,18,7,3,0,3,2026-06-16T07:31:56.132603
9,18,8,3,0,3,2026-06-16T07:31:57.737149
9,18,9,3,0,3,2026-06-16T07:31:59.750304
9,18,10,3,0,3,2026-06-16T07:32:01.788383
9,19,1,3,0,3,2026-06-16T07:32:03.193595
9,19,2,3,0,3,2026-06-16T07:32:11.061430
9,19,3,3,0,3,2026-06-16T07:32:21.405285
9,19,4,3,0,3,2026-06-16T07:32:23.636113
9,19,5,3,0,3,2026-06-16T07:32:25.035013
9,19,6,3,0,3,2026-06-16T07:32:33.694660
9,19,7,3,0,3,2026-06-16T07:32:35.517781
9,19,8,4,0,4,2026-06-16T07:32:44.258195
9,19,9,3,0,3,2026-06-16T07:32:55.720246
9,19,10,3,0,3,2026-06-16T07:33:06.255467
9,20,1,5,0,5,2026-06-16T07:33:07.895827
9,20,2,3,0,3,2026-06-16T07:33:28.088680
9,20,3,5,0,5,2026-06-16T07:33:29.340887
9,20,4,4,0,4,2026-06-16T07:33:30.554519
9,20,5,3,0,3,2026-06-16T07:33:32.369123
9,20,6,5,0,5,2026-06-16T07:33:33.780060
9,20,7,3,0,3,2026-06-16T07:33:35.787012
9,20,8,5,0,5,2026-06-16T07:33:46.299977
9,20,9,3,0,3,2026-06-16T07:33:48.337393
9,20,10,3,0,3,2026-06-16T07:33:50.158909
9,21,1,5,0,5,2026-06-16T07:33:51.768842
9,21,2,5,0,5,2026-06-16T07:34:04.314787
9,21,3,5,0,5,2026-06-16T07:34:06.123538
9,21,4,5,0,5,2026-06-16T07:34:07.947842
9,21,5,5,0,5,2026-06-16T07:34:09.543825
9,21,6,5,0,5,2026-06-16T07:34:11.430771
9,21,7,5,0,5,2026-06-16T07:34:13.034528
9,21,8,5,0,5,2026-06-16T07:34:14.850837
9,21,9,5,0,5,2026-06-16T07:34:17.299903
9,21,10,5,0,5,2026-06-16T07:34:18.513166
9,22,1,5,0,5,2026-06-16T07:34:19.517622
9,22,2,5,0,5,2026-06-16T07:34:21.146369
9,22,3,5,0,5,2026-06-16T07:34:22.160895
9,22,4,5,0,5,2026-06-16T07:34:23.765020
9,22,5,5,0,5,2026-06-16T07:34:25.789504
9,22,6,5,0,5,2026-06-16T07:34:27.794258
9,22,7,5,0,5,2026-06-16T07:34:29.040697
9,22,8,5,0,5,2026-06-16T07:34:30.666237
9,22,9,5,0,5,2026-06-16T07:34:31.860426
9,22,10,5,0,5,2026-06-16T07:34:33.546167
9,23,1,3,0,3,2026-06-16T07:34:35.388896
9,23,2,5,0,5,2026-06-16T07:34:37.379354
9,23,3,3,0,3,2026-06-16T07:34:38.783549
9,23,4,5,0,5,2026-06-16T07:34:50.214491
9,23,5,5,0,5,2026-06-16T07:34:52.082818
9,23,6,5,0,5,2026-06-16T07:34:54.108832
9,23,7,3,0,3,2026-06-16T07:34:55.913410
9,23,8,5,0,5,2026-06-16T07:34:57.935236
9,23,9,5,0,5,2026-06-16T07:34:58.947692
9,23,10,5,0,5,2026-06-16T07:35:00.360754
9,24,1,3,0,3,2026-06-16T07:35:01.976075
9,24,2,3,0,3,2026-06-16T07:35:14.577280
9,24,3,5,0,5,2026-06-16T07:35:22.473230
9,24,4,5,0,5,2026-06-16T07:35:23.878340
9,24,5,5,0,5,2026-06-16T07:35:25.504572
9,24,6,5,0,5,2026-06-16T07:35:27.138512
9,24,7,5,0,5,2026-06-16T07:35:28.562300
9,24,8,5,0,5,2026-06-16T07:35:30.364141
9,24,9,5,0,5,2026-06-16T07:35:37.605308
9,24,10,0,0,0,2026-06-16T07:35:39.024946
9,25,1,3,0,3,2026-06-16T07:35:40.031722
9,25,2,5,0,5,2026-06-16T07:35:42.049325
9,25,3,5,0,5,2026-06-16T07:35:44.927038
9,25,4,3,0,3,2026-06-16T07:35:52.816107
9,25,5,3,0,3,2026-06-16T07:36:05.377729
9,25,6,3,0,3,2026-06-16T07:36:07.022372
9,25,7,3,0,3,2026-06-16T07:36:08.756703
9,25,8,5,0,5,2026-06-16T07:36:16.006768
9,25,9,5,0,5,2026-06-16T07:36:18.014786
9,25,10,3,0,3,2026-06-16T07:36:19.026805
9,26,1,3,0,3,2026-06-16T07:36:20.853600
9,26,2,3,0,3,2026-06-16T07:36:28.128015
9,26,3,3,0,3,2026-06-16T07:36:46.465438
9,26,4,3,0,3,2026-06-16T07:36:48.298551
9,26,5,3,0,3,2026-06-16T07:36:50.307387
9,26,6,3,0,3,2026-06-16T07:36:51.721528
9,26,7,3,0,3,2026-06-16T07:36:53.540991
9,26,8,3,0,3,2026-06-16T07:36:54.957423
9,26,9,3,0,3,2026-06-16T07:36:56.973823
9,26,10,3,0,3,2026-06-16T07:37:09.709718
9,27,1,5,0,5,2026-06-16T07:37:10.921694
9,27,2,5,0,5,2026-06-16T07:37:12.929091
9,27,3,5,0,5,2026-06-16T07:37:20.179443
9,27,4,5,0,5,2026-06-16T07:37:21.391198
9,27,5,4,0,4,2026-06-16T07:37:23.406301
9,27,6,5,0,5,2026-06-16T07:37:25.215757
9,27,7,4,0,4,2026-06-16T07:37:27.226433
9,27,8,5,0,5,2026-06-16T07:37:34.424292
9,27,9,5,0,5,2026-06-16T07:37:46.067355
9,27,10,5,0,5,2026-06-16T07:37:47.857825
9,28,1,3,0,3,2026-06-16T07:37:55.790422
9,28,2,3,0,3,2026-06-16T07:37:57.002201
9,28,3,3,0,3,2026-06-16T07:37:58.821684
9,28,4,5,0,5,2026-06-16T07:38:00.246937
9,28,5,3,0,3,2026-06-16T07:38:01.671147
9,28,6,3,0,3,2026-06-16T07:38:02.880769
9,28,7,3,0,3,2026-06-16T07:38:10.056708
9,28,8,3,0,3,2026-06-16T07:38:30.506253
9,28,9,0,0,0,2026-06-16T07:38:42.000690
9,28,10,3,0,3,2026-06-16T07:38:43.612649
9,29,1,3,0,3,2026-06-16T07:38:52.345724
9,29,2,3,0,3,2026-06-16T07:38:58.932407
9,29,3,5,0,5,2026-06-16T07:39:00.545087
9,29,4,5,0,5,2026-06-16T07:39:01.771126
9,29,5,3,0,3,2026-06-16T07:39:09.203905
9,29,6,3,0,3,2026-06-16T07:39:21.837066
9,29,7,3,0,3,2026-06-16T07:39:23.247985
9,29,8,5,0,5,2026-06-16T07:39:25.111276
9,29,9,5,0,5,2026-06-16T07:39:32.298462
9,29,10,3,0,3,2026-06-16T07:39:44.947931
9,30,1,3,0,3,2026-06-16T07:39:45.960638
9,30,2,5,0,5,2026-06-16T07:39:47.379247
9,30,3,5,0,5,2026-06-16T07:39:48.788533
9,30,4,3,0,3,2026-06-16T07:39:50.414014
9,30,5,5,0,5,2026-06-16T07:39:51.835440
9,30,6,5,0,5,2026-06-16T07:39:53.705719
9,30,7,5,0,5,2026-06-16T07:39:55.129067
9,30,8,5,0,5,2026-06-16T07:39:56.758032
9,30,9,3,0,3,2026-06-16T07:39:57.941528
9,30,10,5,0,5,2026-06-16T07:39:59.565064
10,1,1,4,0,4,2026-06-16T07:40:01.153361
10,1,2,4,0,4,2026-06-16T07:40:12.530269
10,1,3,5,0,5,2026-06-16T07:40:26.397067
10,1,4,5,0,5,2026-06-16T07:40:27.617929
10,1,5,4,0,4,2026-06-16T07:40:29.024165
10,1,6,5,0,5,2026-06-16T07:40:30.721825
10,1,7,5,0,5,2026-06-16T07:40:32.332503
10,1,8,4,0,4,2026-06-16T07:40:33.950043
10,1,9,4,0,4,2026-06-16T07:40:35.576020
10,1,10,5,0,5,2026-06-16T07:40:36.782808
10,2,1,5,0,5,2026-06-16T07:40:37.995870
10,2,2,5,0,5,2026-06-16T07:40:51.921418
10,2,3,5,0,5,2026-06-16T07:41:10.291698
10,2,4,5,0,5,2026-06-16T07:41:16.837675
10,2,5,4,0,4,2026-06-16T07:41:19.258379
10,2,6,5,0,5,2026-06-16T07:41:20.869799
10,2,7,5,0,5,2026-06-16T07:41:29.524398
10,2,8,4,0,4,2026-06-16T07:41:40.995355
10,2,9,4,0,4,2026-06-16T07:41:42.598802
10,2,10,5,0,5,2026-06-16T07:41:44.451081
10,3,1,3,0,3,2026-06-16T07:41:51.036873
10,3,2,3,0,3,2026-06-16T07:42:04.830864
10,3,3,3,0,3,2026-06-16T07:42:06.031932
10,3,4,3,0,3,2026-06-16T07:42:07.034886
10,3,5,3,0,3,2026-06-16T07:42:08.642146
10,3,6,3,0,3,2026-06-16T07:42:15.197181
10,3,7,3,0,3,2026-06-16T07:42:16.912461
10,3,8,3,0,3,2026-06-16T07:42:18.309872
10,3,9,3,0,3,2026-06-16T07:42:19.372268
10,3,10,3,0,3,2026-06-16T07:42:20.791904
10,4,1,3,0,3,2026-06-16T07:42:21.998693
10,4,2,1,0,1,2026-06-16T07:42:23.606871
10,4,3,3,0,3,2026-06-16T07:42:25.417890
10,4,4,3,0,3,2026-06-16T07:42:31.967739
10,4,5,3,0,3,2026-06-16T07:42:33.374026
10,4,6,3,0,3,2026-06-16T07:42:35.394345
10,4,7,3,0,3,2026-06-16T07:42:36.606711
10,4,8,3,0,3,2026-06-16T07:42:39.030836
10,4,9,3,0,3,2026-06-16T07:42:41.157865
10,4,10,3,0,3,2026-06-16T07:42:43.155937
10,5,1,3,0,3,2026-06-16T07:42:45.047031
10,5,2,3,0,3,2026-06-16T07:42:46.254289
10,5,3,3,0,3,2026-06-16T07:42:58.927981
10,5,4,4,0,4,2026-06-16T07:43:01.154355
10,5,5,4,0,4,2026-06-16T07:43:08.335148
10,5,6,4,0,4,2026-06-16T07:43:19.796673
10,5,7,3,0,3,2026-06-16T07:43:38.184944
10,5,8,3,0,3,2026-06-16T07:43:39.978741
10,5,9,3,0,3,2026-06-16T07:43:41.198028
10,5,10,3,0,3,2026-06-16T07:43:42.389683
10,6,1,4,0,4,2026-06-16T07:43:43.798095
10,6,2,5,0,5,2026-06-16T07:43:45.612891
10,6,3,5,0,5,2026-06-16T07:43:58.189201
10,6,4,5,0,5,2026-06-16T07:43:59.615925
10,6,5,4,0,4,2026-06-16T07:44:00.829771
10,6,6,5,0,5,2026-06-16T07:44:02.656996
10,6,7,4,0,4,2026-06-16T07:44:09.842380
10,6,8,4,0,4,2026-06-16T07:44:11.706395
10,6,9,4,0,4,2026-06-16T07:44:12.933843
10,6,10,4,0,4,2026-06-16T07:44:14.941517
10,7,1,4,0,4,2026-06-16T07:44:16.823756
10,7,2,4,0,4,2026-06-16T07:44:18.430461
10,7,3,4,0,4,2026-06-16T07:44:20.270545
10,7,4,4,0,4,2026-06-16T07:44:21.676880
10,7,5,4,0,4,2026-06-16T07:44:23.294699
10,7,6,4,0,4,2026-06-16T07:44:25.016673
10,7,7,5,0,5,2026-06-16T07:44:26.450256
10,7,8,4,0,4,2026-06-16T07:44:27.885666
10,7,9,4,0,4,2026-06-16T07:44:29.276018
10,7,10,4,0,4,2026-06-16T07:44:30.314514
10,8,1,4,0,4,2026-06-16T07:44:31.732906
10,8,2,4,0,4,2026-06-16T07:44:32.968870
10,8,3,4,0,4,2026-06-16T07:44:34.390479
10,8,4,4,0,4,2026-06-16T07:44:35.800361
10,8,5,4,0,4,2026-06-16T07:44:38.699638
10,8,6,4,0,4,2026-06-16T07:44:39.904136
10,8,7,4,0,4,2026-06-16T07:44:41.710039
10,8,8,4,0,4,2026-06-16T07:44:48.874653
10,8,9,4,0,4,2026-06-16T07:44:50.684264
10,8,10,4,0,4,2026-06-16T07:44:51.914091
10,9,1,3,0,3,2026-06-16T07:44:53.534615
10,9,2,3,0,3,2026-06-16T07:44:54.935397
10,9,3,3,0,3,2026-06-16T07:45:07.436098
10,9,4,3,0,3,2026-06-16T07:45:09.869572
10,9,5,3,0,3,2026-06-16T07:45:11.489003
10,9,6,3,0,3,2026-06-16T07:45:19.404135
10,9,7,3,0,3,2026-06-16T07:45:36.184535
10,9,8,3,0,3,2026-06-16T07:45:38.195518
10,9,9,3,0,3,2026-06-16T07:45:40.234489
10,9,10,3,0,3,2026-06-16T07:45:42.267069
10,10,1,4,0,4,2026-06-16T07:45:44.071787
10,10,2,3,0,3,2026-06-16T07:45:45.479135
10,10,3,3,0,3,2026-06-16T07:45:47.091776
10,10,4,3,0,3,2026-06-16T07:45:49.308037
10,10,5,3,0,3,2026-06-16T07:45:57.346514
10,10,6,4,0,4,2026-06-16T07:46:08.762081
10,10,7,3,0,3,2026-06-16T07:46:10.368377
10,10,8,3,0,3,2026-06-16T07:46:12.388811
10,10,9,3,0,3,2026-06-16T07:46:14.201181
10,10,10,4,0,4,2026-06-16T07:46:16.415205
10,11,1,5,0,5,2026-06-16T07:46:18.210517
10,11,2,4,0,4,2026-06-16T07:46:26.070860
10,11,3,5,0,5,2026-06-16T07:46:37.662288
10,11,4,5,0,5,2026-06-16T07:46:39.151108
10,11,5,5,0,5,2026-06-16T07:46:40.787402
10,11,6,5,0,5,2026-06-16T07:46:41.988145
10,11,7,5,0,5,2026-06-16T07:46:43.625500
10,11,8,5,0,5,2026-06-16T07:46:45.230861
10,11,9,5,0,5,2026-06-16T07:46:46.637270
10,11,10,5,0,5,2026-06-16T07:46:48.071919
10,12,1,5,0,5,2026-06-16T07:46:59.556169
10,12,2,5,0,5,2026-06-16T07:47:11.026959
10,12,3,5,0,5,2026-06-16T07:47:12.243128
10,12,4,5,0,5,2026-06-16T07:47:13.251103
10,12,5,5,0,5,2026-06-16T07:47:14.490659
10,12,6,4,0,4,2026-06-16T07:47:15.514173
10,12,7,5,0,5,2026-06-16T07:47:17.329057
10,12,8,5,0,5,2026-06-16T07:47:19.163375
10,12,9,5,0,5,2026-06-16T07:47:20.364608
10,12,10,5,0,5,2026-06-16T07:47:21.618516
10,13,1,4,0,4,2026-06-16T07:47:33.127778
10,13,2,4,0,4,2026-06-16T07:47:53.136440
10,13,3,3,0,3,2026-06-16T07:47:54.562642
10,13,4,4,0,4,2026-06-16T07:47:55.763930
10,13,5,4,0,4,2026-06-16T07:47:57.198541
10,13,6,4,0,4,2026-06-16T07:47:58.815149
10,13,7,4,0,4,2026-06-16T07:48:20.995889
10,13,8,4,0,4,2026-06-16T07:48:22.404620
10,13,9,4,0,4,2026-06-16T07:48:23.815462
10,13,10,4,0,4,2026-06-16T07:48:24.817959
10,14,1,4,0,4,2026-06-16T07:48:31.417057
10,14,2,4,0,4,2026-06-16T07:48:42.918026
10,14,3,4,0,4,2026-06-16T07:48:44.195660
10,14,4,4,0,4,2026-06-16T07:48:45.814428
10,14,5,4,0,4,2026-06-16T07:48:47.676681
10,14,6,4,0,4,2026-06-16T07:48:54.833455
10,14,7,3,0,3,2026-06-16T07:49:08.682873
10,14,8,4,0,4,2026-06-16T07:49:09.893707
10,14,9,4,0,4,2026-06-16T07:49:11.702163
10,14,10,4,0,4,2026-06-16T07:49:13.587220
10,15,1,0,0,0,2026-06-16T07:49:14.798029
10,15,2,0,0,0,2026-06-16T07:49:16.219609
10,15,3,3,0,3,2026-06-16T07:49:17.886301
10,15,4,0,0,0,2026-06-16T07:49:19.320708
10,15,5,0,0,0,2026-06-16T07:49:20.355442
10,15,6,0,0,0,2026-06-16T07:49:21.771169
10,15,7,0,0,0,2026-06-16T07:49:23.207629
10,15,8,0,0,0,2026-06-16T07:49:24.216708
10,15,9,0,0,0,2026-06-16T07:49:26.077106
10,15,10,0,0,0,2026-06-16T07:49:27.514276
10,16,1,5,0,5,2026-06-16T07:49:34.796389
10,16,2,5,0,5,2026-06-16T07:49:36.809781
10,16,3,5,0,5,2026-06-16T07:49:38.059287
10,16,4,5,0,5,2026-06-16T07:49:39.878487
10,16,5,5,0,5,2026-06-16T07:50:00.114863
10,16,6,5,0,5,2026-06-16T07:50:01.928529
10,16,7,5,0,5,2026-06-16T07:50:03.535680
10,16,8,5,0,5,2026-06-16T07:50:05.161663
10,16,9,5,0,5,2026-06-16T07:50:25.305953
10,16,10,5,0,5,2026-06-16T07:50:27.123550
10,17,1,5,0,5,2026-06-16T07:50:28.917799
10,17,2,5,0,5,2026-06-16T07:50:41.680650
10,17,3,5,0,5,2026-06-16T07:50:43.098193
10,17,4,5,0,5,2026-06-16T07:50:45.104417
10,17,5,5,0,5,2026-06-16T07:50:46.911450
10,17,6,5,0,5,2026-06-16T07:50:49.116387
10,17,7,5,0,5,2026-06-16T07:50:50.951468
10,17,8,5,0,5,2026-06-16T07:50:59.579150
10,17,9,5,0,5,2026-06-16T07:51:12.283394
10,17,10,5,0,5,2026-06-16T07:51:28.961352
10,18,1,4,0,4,2026-06-16T07:51:36.131676
10,18,2,4,0,4,2026-06-16T07:51:37.342920
10,18,3,4,0,4,2026-06-16T07:51:39.375238
10,18,4,4,0,4,2026-06-16T07:51:46.606619
10,18,5,4,0,4,2026-06-16T07:51:57.020930
10,18,6,4,0,4,2026-06-16T07:52:00.193753
10,18,7,4,0,4,2026-06-16T07:52:01.609386
10,18,8,5,0,5,2026-06-16T07:52:10.250966
10,18,9,4,0,4,2026-06-16T07:52:12.071028
10,18,10,4,0,4,2026-06-16T07:52:13.501210
10,19,1,3,0,3,2026-06-16T07:52:20.877050
10,19,2,3,0,3,2026-06-16T07:52:22.479769
10,19,3,3,0,3,2026-06-16T07:52:24.079838
10,19,4,3,0,3,2026-06-16T07:52:26.106681
10,19,5,3,0,3,2026-06-16T07:52:27.523548
10,19,6,4,0,4,2026-06-16T07:52:28.945548
10,19,7,3,0,3,2026-06-16T07:52:30.146252
10,19,8,4,0,4,2026-06-16T07:52:38.789395
10,19,9,3,0,3,2026-06-16T07:52:48.895142
10,19,10,3,0,3,2026-06-16T07:52:52.083251
10,20,1,3,0,3,2026-06-16T07:53:00.733326
10,20,2,3,0,3,2026-06-16T07:53:02.746520
10,20,3,3,0,3,2026-06-16T07:53:03.987233
10,20,4,3,0,3,2026-06-16T07:53:05.203103
10,20,5,3,0,3,2026-06-16T07:53:07.061611
10,20,6,3,0,3,2026-06-16T07:53:15.732554
10,20,7,3,0,3,2026-06-16T07:53:27.180190
10,20,8,3,0,3,2026-06-16T07:53:28.781131
10,20,9,3,0,3,2026-06-16T07:53:37.503503
10,20,10,3,0,3,2026-06-16T07:53:44.752745
10,21,1,5,0,5,2026-06-16T07:53:56.185226
10,21,2,5,0,5,2026-06-16T07:54:03.405996
10,21,3,5,0,5,2026-06-16T07:54:05.422932
10,21,4,5,0,5,2026-06-16T07:54:07.041542
10,21,5,5,0,5,2026-06-16T07:54:08.093902
10,21,6,5,0,5,2026-06-16T07:54:09.513725
10,21,7,5,0,5,2026-06-16T07:54:12.161315
10,21,8,5,0,5,2026-06-16T07:54:14.180447
10,21,9,5,0,5,2026-06-16T07:54:15.588512
10,21,10,5,0,5,2026-06-16T07:54:22.740088
10,22,1,5,0,5,2026-06-16T07:54:42.906896
10,22,2,5,0,5,2026-06-16T07:54:45.110747
10,22,3,5,0,5,2026-06-16T07:54:46.944597
10,22,4,5,0,5,2026-06-16T07:54:47.996682
10,22,5,5,0,5,2026-06-16T07:54:49.990447
10,22,6,5,0,5,2026-06-16T07:54:51.188655
10,22,7,5,0,5,2026-06-16T07:54:52.397117
10,22,8,5,0,5,2026-06-16T07:55:04.002612
10,22,9,5,0,5,2026-06-16T07:55:05.405883
10,22,10,5,0,5,2026-06-16T07:55:16.907445
10,23,1,3,0,3,2026-06-16T07:55:18.521795
10,23,2,3,0,3,2026-06-16T07:55:27.193080
10,23,3,3,0,3,2026-06-16T07:55:45.679333
10,23,4,5,0,5,2026-06-16T07:55:57.206437
10,23,5,3,0,3,2026-06-16T07:55:58.816590
10,23,6,3,0,3,2026-06-16T07:56:00.227130
10,23,7,3,0,3,2026-06-16T07:56:01.860097
10,23,8,3,0,3,2026-06-16T07:56:03.269783
10,23,9,3,0,3,2026-06-16T07:56:04.674894
10,23,10,3,0,3,2026-06-16T07:56:05.886681
10,24,1,3,0,3,2026-06-16T07:56:07.086778
10,24,2,0,0,0,2026-06-16T07:56:09.539667
10,24,3,5,0,5,2026-06-16T07:56:10.548027
10,24,4,0,0,0,2026-06-16T07:56:12.368981
10,24,5,0,0,0,2026-06-16T07:56:13.635943
10,24,6,0,0,0,2026-06-16T07:56:14.850266
10,24,7,5,0,5,2026-06-16T07:56:16.248557
10,24,8,5,0,5,2026-06-16T07:56:17.857774
10,24,9,0,0,0,2026-06-16T07:56:30.536603
10,24,10,0,0,0,2026-06-16T07:56:32.756423
10,25,1,3,0,3,2026-06-16T07:56:34.360014
10,25,2,5,0,5,2026-06-16T07:56:41.591482
10,25,3,0,0,0,2026-06-16T07:56:54.139327
10,25,4,3,0,3,2026-06-16T07:56:55.414497
10,25,5,3,0,3,2026-06-16T07:56:56.417941
10,25,6,3,0,3,2026-06-16T07:57:04.416093
10,25,7,3,0,3,2026-06-16T07:57:11.696495
10,25,8,3,0,3,2026-06-16T07:57:13.117216
10,25,9,3,0,3,2026-06-16T07:57:14.537925
10,25,10,3,0,3,2026-06-16T07:57:15.737093
10,26,1,4,0,4,2026-06-16T07:57:17.584547
10,26,2,3,0,3,2026-06-16T07:57:20.501845
10,26,3,3,0,3,2026-06-16T07:57:22.516924
10,26,4,3,0,3,2026-06-16T07:57:24.536905
10,26,5,3,0,3,2026-06-16T07:57:31.789173
10,26,6,3,0,3,2026-06-16T07:57:38.392111
10,26,7,3,0,3,2026-06-16T07:57:51.082048
10,26,8,3,0,3,2026-06-16T07:58:01.497973
10,26,9,3,0,3,2026-06-16T07:58:03.104134
10,26,10,3,0,3,2026-06-16T07:58:10.345155
10,27,1,4,0,4,2026-06-16T07:58:17.548408
10,27,2,5,0,5,2026-06-16T07:58:19.187244
10,27,3,4,0,4,2026-06-16T07:58:20.601580
10,27,4,4,0,4,2026-06-16T07:58:21.828961
10,27,5,4,0,4,2026-06-16T07:58:23.635608
10,27,6,4,0,4,2026-06-16T07:58:25.247758
10,27,7,5,0,5,2026-06-16T07:58:37.985285
10,27,8,4,0,4,2026-06-16T07:58:49.487656
10,27,9,3,0,3,2026-06-16T07:58:51.088180
10,27,10,4,0,4,2026-06-16T07:58:52.291865
10,28,1,3,0,3,2026-06-16T07:58:59.627925
10,28,2,3,0,3,2026-06-16T07:59:12.166704
10,28,3,3,0,3,2026-06-16T07:59:13.374788
10,28,4,3,0,3,2026-06-16T07:59:25.963310
10,28,5,3,0,3,2026-06-16T07:59:27.370507
10,28,6,3,0,3,2026-06-16T07:59:39.974907
10,28,7,3,0,3,2026-06-16T07:59:41.579214
10,28,8,3,0,3,2026-06-16T07:59:43.660319
10,28,9,3,0,3,2026-06-16T07:59:45.265195
10,28,10,2,0,2,2026-06-16T07:59:46.884929
10,29,1,3,0,3,2026-06-16T07:59:53.536962
10,29,2,0,0,0,2026-06-16T07:59:55.369407
10,29,3,0,0,0,2026-06-16T07:59:57.183219
10,29,4,2,0,2,2026-06-16T08:00:03.801601
10,29,5,0,0,0,2026-06-16T08:00:10.337314
10,29,6,0,0,0,2026-06-16T08:00:12.028022
10,29,7,3,0,3,2026-06-16T08:00:13.631483
10,29,8,0,0,0,2026-06-16T08:00:15.254453
10,29,9,3,0,3,2026-06-16T08:00:22.490168
10,29,10,0,0,0,2026-06-16T08:00:23.484759
10,30,1,3,0,3,2026-06-16T08:00:24.699316
10,30,2,3,0,3,2026-06-16T08:00:26.722587
10,30,3,3,0,3,2026-06-16T08:00:28.327138
10,30,4,3,0,3,2026-06-16T08:00:30.335808
10,30,5,3,0,3,2026-06-16T08:00:31.437944
10,30,6,3,0,3,2026-06-16T08:00:33.669714
10,30,7,3,0,3,2026-06-16T08:00:44.219762
10,30,8,3,0,3,2026-06-16T08:00:45.439810
10,30,9,3,0,3,2026-06-16T08:00:47.481914
