persona_id,question_id,run_index,rating,failures,response,collected_at
0,1,1,3,0,3,2026-06-16T08:07:16.887016
0,1,2,3,0,3,2026-06-16T08:07:17.695614
0,1,3,3,0,3,2026-06-16T08:07:18.915078
0,1,4,3,0,3,2026-06-16T08:07:19.908534
0,1,5,3,0,3,2026-06-16T08:07:21.511190
0,1,6,3,0,3,2026-06-16T08:07:22.305515
0,1,7,4,0,4,2026-06-16T08:07:23.705538
0,1,8,3,0,3,2026-06-16T08:07:26.110178
0,1,9,3,0,3,2026-06-16T08:07:28.514632
0,1,10,3,0,3,2026-06-16T08:07:31.388380
0,2,1,5,0,5,2026-06-16T08:07:33.187861
0,2,2,4,0,4,2026-06-16T08:07:33.986263
0,2,3,5,0,5,2026-06-16T08:07:35.608960
0,2,4,5,0,5,2026-06-16T08:07:36.819185
0,2,5,5,0,5,2026-06-16T08:07:38.023542
0,2,6,5,0,5,2026-06-16T08:07:39.217917
0,2,7,5,0,5,2026-06-16T08:07:40.847028
0,2,8,5,0,5,2026-06-16T08:07:42.448973
0,2,9,5,0,5,2026-06-16T08:07:43.661250
0,2,10,5,0,5,2026-06-16T08:07:45.147943
0,3,1,1,0,1,2026-06-16T08:07:46.342278
0,3,2,1,0,1,2026-06-16T08:07:47.937447
0,3,3,1,0,1,2026-06-16T08:07:49.747986
0,3,4,1,0,1,2026-06-16T08:07:51.606755
0,3,5,1,0,1,2026-06-16T08:07:53.816941
0,3,6,1,0,1,2026-06-16T08:07:55.630631
0,3,7,1,0,1,2026-06-16T08:07:57.244727
0,3,8,1,0,1,2026-06-16T08:07:58.244037
0,3,9,1,0,1,2026-06-16T08:07:59.244745
0,3,10,1,0,1,2026-06-16T08:08:00.450183
0,4,1,1,0,1,2026-06-16T08:08:02.040144
0,4,2,2,0,2,2026-06-16T08:08:03.641485
0,4,3,2,0,2,2026-06-16T08:08:05.242154
0,4,4,1,0,1,2026-06-16T08:08:06.438651
0,4,5,1,0,1,2026-06-16T08:08:07.640693
0,4,6,1,0,1,2026-06-16T08:08:09.240320
0,4,7,1,0,1,2026-06-16T08:08:10.031144
0,4,8,2,0,2,2026-06-16T08:08:11.642677
0,4,9,1,0,1,2026-06-16T08:08:12.865811
0,4,10,1,0,1,2026-06-16T08:08:14.130213
0,5,1,1,0,1,2026-06-16T08:08:15.539784
0,5,2,1,0,1,2026-06-16T08:08:17.152731
0,5,3,1,0,1,2026-06-16T08:08:19.161879
0,5,4,1,0,1,2026-06-16T08:08:22.615595
0,5,5,1,0,1,2026-06-16T08:08:24.217863
0,5,6,1,0,1,2026-06-16T08:08:25.210645
0,5,7,1,0,1,2026-06-16T08:08:27.225869
0,5,8,1,0,1,2026-06-16T08:08:29.232074
0,5,9,1,0,1,2026-06-16T08:08:30.836448
0,5,10,1,0,1,2026-06-16T08:08:32.450640
0,6,1,4,0,4,2026-06-16T08:08:33.651769
0,6,2,4,0,4,2026-06-16T08:08:34.443481
0,6,3,4,0,4,2026-06-16T08:08:36.063899
0,6,4,4,0,4,2026-06-16T08:08:37.260428
0,6,5,4,0,4,2026-06-16T08:08:38.259579
0,6,6,4,0,4,2026-06-16T08:08:39.933890
0,6,7,4,0,4,2026-06-16T08:08:40.920996
0,6,8,4,0,4,2026-06-16T08:08:42.323106
0,6,9,4,0,4,2026-06-16T08:08:43.329678
0,6,10,4,0,4,2026-06-16T08:08:44.723349
0,7,1,5,0,5,2026-06-16T08:08:46.590986
0,7,2,5,0,5,2026-06-16T08:08:50.073736
0,7,3,5,0,5,2026-06-16T08:08:51.280805
0,7,4,5,0,5,2026-06-16T08:08:53.086009
0,7,5,5,0,5,2026-06-16T08:08:54.682780
0,7,6,4,0,4,2026-06-16T08:08:56.286912
0,7,7,5,0,5,2026-06-16T08:08:57.956347
0,7,8,4,0,4,2026-06-16T08:08:59.154992
0,7,9,4,0,4,2026-06-16T08:09:01.170873
0,7,10,4,0,4,2026-06-16T08:09:02.764227
0,8,1,2,0,2,2026-06-16T08:09:03.998773
0,8,2,2,0,2,2026-06-16T08:09:04.796076
0,8,3,2,0,2,2026-06-16T08:09:06.390096
0,8,4,2,0,2,2026-06-16T08:09:07.810840
0,8,5,2,0,2,2026-06-16T08:09:08.616304
0,8,6,2,0,2,2026-06-16T08:09:09.834949
0,8,7,2,0,2,2026-06-16T08:09:11.232646
0,8,8,2,0,2,2026-06-16T08:09:13.430822
0,8,9,2,0,2,2026-06-16T08:09:15.232611
0,8,10,2,0,2,2026-06-16T08:09:16.639826
0,9,1,1,0,1,2026-06-16T08:09:17.630474
0,9,2,1,0,1,2026-06-16T08:09:19.238036
0,9,3,1,0,1,2026-06-16T08:09:20.413095
0,9,4,1,0,1,2026-06-16T08:09:22.011230
0,9,5,1,0,1,2026-06-16T08:09:23.213916
0,9,6,1,0,1,2026-06-16T08:09:24.833695
0,9,7,1,0,1,2026-06-16T08:09:26.440459
0,9,8,1,0,1,2026-06-16T08:09:28.467431
0,9,9,1,0,1,2026-06-16T08:09:29.669013
0,9,10,1,0,1,2026-06-16T08:09:30.468104
0,10,1,1,0,1,2026-06-16T08:09:31.658471
0,10,2,1,0,1,2026-06-16T08:09:33.269425
0,10,3,1,0,1,2026-06-16T08:09:34.866966
0,10,4,1,0,1,2026-06-16T08:09:35.948808
0,10,5,1,0,1,2026-06-16T08:09:37.753764
0,10,6,1,0,1,2026-06-16T08:09:40.160510
0,10,7,1,0,1,2026-06-16T08:09:41.977910
0,10,8,1,0,1,2026-06-16T08:09:44.004239
0,10,9,1,0,1,2026-06-16T08:09:45.397003
0,10,10,1,0,1,2026-06-16T08:09:47.297873
0,11,1,2,0,2,2026-06-16T08:09:48.540154
0,11,2,2,0,2,2026-06-16T08:09:49.959245
0,11,3,2,0,2,2026-06-16T08:09:50.981962
0,11,4,2,0,2,2026-06-16T08:09:52.209954
0,11,5,2,0,2,2026-06-16T08:09:53.812088
0,11,6,2,0,2,2026-06-16T08:09:55.507787
0,11,7,2,0,2,2026-06-16T08:09:56.930172
0,11,8,2,0,2,2026-06-16T08:09:57.975155
0,11,9,2,0,2,2026-06-16T08:09:59.174473
0,11,10,2,0,2,2026-06-16T08:10:00.401071
0,12,1,5,0,5,2026-06-16T08:10:02.024248
0,12,2,5,0,5,2026-06-16T08:10:03.024240
0,12,3,5,0,5,2026-06-16T08:10:04.110292
0,12,4,5,0,5,2026-06-16T08:10:05.121939
0,12,5,5,0,5,2026-06-16T08:10:08.010875
0,12,6,5,0,5,2026-06-16T08:10:09.314353
0,12,7,5,0,5,2026-06-16T08:10:11.320894
0,12,8,5,0,5,2026-06-16T08:10:12.659199
0,12,9,5,0,5,2026-06-16T08:10:14.057313
0,12,10,5,0,5,2026-06-16T08:10:15.276895
0,13,1,2,0,2,2026-06-16T08:10:16.263579
0,13,2,2,0,2,2026-06-16T08:10:17.702793
0,13,3,2,0,2,2026-06-16T08:10:19.110310
0,13,4,2,0,2,2026-06-16T08:10:21.112366
0,13,5,1,0,1,2026-06-16T08:10:22.710556
0,13,6,2,0,2,2026-06-16T08:10:23.512011
0,13,7,2,0,2,2026-06-16T08:10:24.504035
0,13,8,2,0,2,2026-06-16T08:10:26.089560
0,13,9,2,0,2,2026-06-16T08:10:27.291293
0,13,10,2,0,2,2026-06-16T08:10:28.336124
0,14,1,4,0,4,2026-06-16T08:10:29.143360
0,14,2,4,0,4,2026-06-16T08:10:30.753361
0,14,3,4,0,4,2026-06-16T08:10:32.134290
0,14,4,4,0,4,2026-06-16T08:10:35.024815
0,14,5,4,0,4,2026-06-16T08:10:37.697185
0,14,6,4,0,4,2026-06-16T08:10:39.303388
0,14,7,4,0,4,2026-06-16T08:10:41.099426
0,14,8,4,0,4,2026-06-16T08:10:42.504731
0,14,9,4,0,4,2026-06-16T08:10:43.737250
0,14,10,4,0,4,2026-06-16T08:10:45.330364
0,15,1,1,0,1,2026-06-16T08:10:46.964636
0,15,2,1,0,1,2026-06-16T08:10:48.184051
0,15,3,1,0,1,2026-06-16T08:10:49.996870
0,15,4,1,0,1,2026-06-16T08:10:51.013421
0,15,5,1,0,1,2026-06-16T08:10:52.626526
0,15,6,1,0,1,2026-06-16T08:10:54.234420
0,15,7,1,0,1,2026-06-16T08:10:55.425928
0,15,8,1,0,1,2026-06-16T08:10:56.743545
0,15,9,1,0,1,2026-06-16T08:10:58.734853
0,15,10,1,0,1,2026-06-16T08:10:59.918975
0,16,1,5,0,5,2026-06-16T08:11:01.518553
0,16,2,4,0,4,2026-06-16T08:11:03.327071
0,16,3,4,0,4,2026-06-16T08:11:05.533439
0,16,4,4,0,4,2026-06-16T08:11:07.150619
0,16,5,4,0,4,2026-06-16T08:11:08.366012
0,16,6,4,0,4,2026-06-16T08:11:09.569046
0,16,7,4,0,4,2026-06-16T08:11:11.179956
0,16,8,4,0,4,2026-06-16T08:11:12.377379
0,16,9,4,0,4,2026-06-16T08:11:13.634185
0,16,10,4,0,4,2026-06-16T08:11:14.842051
0,17,1,5,0,5,2026-06-16T08:11:16.440554
0,17,2,5,0,5,2026-06-16T08:11:17.438616
0,17,3,5,0,5,2026-06-16T08:11:19.037627
0,17,4,5,0,5,2026-06-16T08:11:20.248273
0,17,5,5,0,5,2026-06-16T08:11:21.457979
0,17,6,5,0,5,2026-06-16T08:11:22.466476
0,17,7,5,0,5,2026-06-16T08:11:23.675925
0,17,8,5,0,5,2026-06-16T08:11:24.677024
0,17,9,5,0,5,2026-06-16T08:11:26.077361
0,17,10,5,0,5,2026-06-16T08:11:27.485750
0,18,1,3,0,3,2026-06-16T08:11:28.888570
0,18,2,3,0,3,2026-06-16T08:11:30.283488
0,18,3,3,0,3,2026-06-16T08:11:31.893211
0,18,4,3,0,3,2026-06-16T08:11:33.703601
0,18,5,3,0,3,2026-06-16T08:11:34.521242
0,18,6,3,0,3,2026-06-16T08:11:35.734397
0,18,7,3,0,3,2026-06-16T08:11:37.136262
0,18,8,3,0,3,2026-06-16T08:11:38.828586
0,18,9,3,0,3,2026-06-16T08:11:39.838266
0,18,10,3,0,3,2026-06-16T08:11:41.448929
0,19,1,3,0,3,2026-06-16T08:11:42.517991
0,19,2,3,0,3,2026-06-16T08:11:43.914382
0,19,3,3,0,3,2026-06-16T08:11:45.118407
0,19,4,3,0,3,2026-06-16T08:11:46.516584
0,19,5,3,0,3,2026-06-16T08:11:47.732591
0,19,6,3,0,3,2026-06-16T08:11:49.133276
0,19,7,3,0,3,2026-06-16T08:11:50.335954
0,19,8,3,0,3,2026-06-16T08:11:51.332923
0,19,9,3,0,3,2026-06-16T08:11:52.322557
0,19,10,3,0,3,2026-06-16T08:11:53.542952
0,20,1,3,0,3,2026-06-16T08:11:55.559936
0,20,2,3,0,3,2026-06-16T08:11:58.439824
0,20,3,3,0,3,2026-06-16T08:11:59.640387
0,20,4,3,0,3,2026-06-16T08:12:01.239467
0,20,5,3,0,3,2026-06-16T08:12:03.071122
0,20,6,3,0,3,2026-06-16T08:12:04.681232
0,20,7,3,0,3,2026-06-16T08:12:06.085801
0,20,8,3,0,3,2026-06-16T08:12:07.090148
0,20,9,3,0,3,2026-06-16T08:12:08.289805
0,20,10,3,0,3,2026-06-16T08:12:09.900844
0,21,1,5,0,5,2026-06-16T08:12:11.712459
0,21,2,5,0,5,2026-06-16T08:12:12.916423
0,21,3,5,0,5,2026-06-16T08:12:14.913524
0,21,4,5,0,5,2026-06-16T08:12:16.519839
0,21,5,5,0,5,2026-06-16T08:12:17.734264
0,21,6,5,0,5,2026-06-16T08:12:19.337455
0,21,7,5,0,5,2026-06-16T08:12:21.225540
0,21,8,5,0,5,2026-06-16T08:12:23.434871
0,21,9,5,0,5,2026-06-16T08:12:26.061598
0,21,10,5,0,5,2026-06-16T08:12:27.865520
0,22,1,5,0,5,2026-06-16T08:12:29.068537
0,22,2,5,0,5,2026-06-16T08:12:30.869357
0,22,3,5,0,5,2026-06-16T08:12:32.687362
0,22,4,5,0,5,2026-06-16T08:12:34.489912
0,22,5,5,0,5,2026-06-16T08:12:36.501592
0,22,6,5,0,5,2026-06-16T08:12:38.114365
0,22,7,5,0,5,2026-06-16T08:12:39.899323
0,22,8,5,0,5,2026-06-16T08:12:41.298356
0,22,9,5,0,5,2026-06-16T08:12:42.923675
0,22,10,5,0,5,2026-06-16T08:12:43.725392
0,23,1,3,0,3,2026-06-16T08:12:44.726958
0,23,2,3,0,3,2026-06-16T08:12:45.729965
0,23,3,2,0,2,2026-06-16T08:12:47.542652
0,23,4,3,0,3,2026-06-16T08:12:50.414052
0,23,5,3,0,3,2026-06-16T08:12:52.226258
0,23,6,3,0,3,2026-06-16T08:12:53.644935
0,23,7,3,0,3,2026-06-16T08:12:54.837541
0,23,8,3,0,3,2026-06-16T08:12:56.443642
0,23,9,3,0,3,2026-06-16T08:12:58.053601
0,23,10,3,0,3,2026-06-16T08:12:59.657196
0,24,1,0,0,0,2026-06-16T08:13:01.484705
0,24,2,0,0,0,2026-06-16T08:13:02.477693
0,24,3,0,0,0,2026-06-16T08:13:04.473586
0,24,4,0,0,0,2026-06-16T08:13:06.066034
0,24,5,0,0,0,2026-06-16T08:13:07.685998
0,24,6,0,0,0,2026-06-16T08:13:08.889520
0,24,7,0,0,0,2026-06-16T08:13:10.498697
0,24,8,0,0,0,2026-06-16T08:13:11.297049
0,24,9,0,0,0,2026-06-16T08:13:12.892465
0,24,10,0,0,0,2026-06-16T08:13:13.894499
0,25,1,1,0,1,2026-06-16T08:13:15.676983
0,25,2,1,0,1,2026-06-16T08:13:18.536468
0,25,3,1,0,1,2026-06-16T08:13:20.131985
0,25,4,1,0,1,2026-06-16T08:13:21.737961
0,25,5,1,0,1,2026-06-16T08:13:22.940369
0,25,6,1,0,1,2026-06-16T08:13:24.570401
0,25,7,1,0,1,2026-06-16T08:13:26.801146
0,25,8,1,0,1,2026-06-16T08:13:28.839412
0,25,9,0,0,0,2026-06-16T08:13:29.839263
0,25,10,1,0,1,2026-06-16T08:13:31.039500
0,26,1,3,0,3,2026-06-16T08:13:32.843543
0,26,2,3,0,3,2026-06-16T08:13:34.230726
0,26,3,3,0,3,2026-06-16T08:13:35.235278
0,26,4,3,0,3,2026-06-16T08:13:37.031477
0,26,5,3,0,3,2026-06-16T08:13:38.844466
0,26,6,3,0,3,2026-06-16T08:13:40.460899
0,26,7,3,0,3,2026-06-16T08:13:42.259476
0,26,8,3,0,3,2026-06-16T08:13:43.861949
0,26,9,3,0,3,2026-06-16T08:13:45.478504
0,26,10,3,0,3,2026-06-16T08:13:47.684890
0,27,1,3,0,3,2026-06-16T08:13:49.079873
0,27,2,3,0,3,2026-06-16T08:13:50.690671
0,27,3,3,0,3,2026-06-16T08:13:51.901804
0,27,4,3,0,3,2026-06-16T08:13:52.885940
0,27,5,3,0,3,2026-06-16T08:13:54.692579
0,27,6,3,0,3,2026-06-16T08:13:56.492369
0,27,7,3,0,3,2026-06-16T08:13:58.509929
0,27,8,3,0,3,2026-06-16T08:13:59.510055
0,27,9,3,0,3,2026-06-16T08:14:00.502083
0,27,10,3,0,3,2026-06-16T08:14:02.308605
0,28,1,3,0,3,2026-06-16T08:14:04.108259
0,28,2,3,0,3,2026-06-16T08:14:05.574328
0,28,3,4,0,4,2026-06-16T08:14:07.168065
0,28,4,4,0,4,2026-06-16T08:14:08.154978
0,28,5,3,0,3,2026-06-16T08:14:09.569363
0,28,6,3,0,3,2026-06-16T08:14:13.323401
0,28,7,3,0,3,2026-06-16T08:14:15.328495
0,28,8,3,0,3,2026-06-16T08:14:16.931790
0,28,9,4,0,4,2026-06-16T08:14:18.527432
0,28,10,3,0,3,2026-06-16T08:14:19.396856
0,29,1,3,0,3,2026-06-16T08:14:20.604951
0,29,2,3,0,3,2026-06-16T08:14:21.983289
0,29,3,3,0,3,2026-06-16T08:14:23.182776
0,29,4,3,0,3,2026-06-16T08:14:24.787578
0,29,5,3,0,3,2026-06-16T08:14:25.986802
0,29,6,3,0,3,2026-06-16T08:14:27.370962
0,29,7,3,0,3,2026-06-16T08:14:28.574567
0,29,8,3,0,3,2026-06-16T08:14:30.583172
0,29,9,3,0,3,2026-06-16T08:14:31.966978
0,29,10,3,0,3,2026-06-16T08:14:33.336435
0,30,1,3,0,3,2026-06-16T08:14:34.535676
0,30,2,3,0,3,2026-06-16T08:14:35.959155
0,30,3,3,0,3,2026-06-16T08:14:37.559534
0,30,4,3,0,3,2026-06-16T08:14:40.429435
0,30,5,3,0,3,2026-06-16T08:14:42.043725
0,30,6,3,0,3,2026-06-16T08:14:43.653153
0,30,7,3,0,3,2026-06-16T08:14:44.860049
0,30,8,3,0,3,2026-06-16T08:14:46.474768
0,30,9,3,0,3,2026-06-16T08:14:48.172513
0,30,10,3,0,3,2026-06-16T08:14:49.981115
1,1,1,5,0,5,2026-06-16T08:14:51.388379
1,1,2,5,0,5,2026-06-16T08:14:52.589682
1,1,3,5,0,5,2026-06-16T08:14:54.192643
1,1,4,5,0,5,2026-06-16T08:14:55.802951
1,1,5,5,0,5,2026-06-16T08:14:57.444789
1,1,6,5,0,5,2026-06-16T08:14:58.452045
1,1,7,5,0,5,2026-06-16T08:14:59.647382
1,1,8,5,0,5,2026-06-16T08:15:00.472159
1,1,9,5,0,5,2026-06-16T08:15:01.881266
1,1,10,5,0,5,2026-06-16T08:15:02.676177
1,2,1,5,0,5,2026-06-16T08:15:03.847646
1,2,2,5,0,5,2026-06-16T08:15:05.270049
1,2,3,5,0,5,2026-06-16T08:15:07.696693
1,2,4,5,0,5,2026-06-16T08:15:09.709674
1,2,5,5,0,5,2026-06-16T08:15:11.127514
1,2,6,5,0,5,2026-06-16T08:15:12.931855
1,2,7,5,0,5,2026-06-16T08:15:14.143080
1,2,8,5,0,5,2026-06-16T08:15:14.954639
1,2,9,5,0,5,2026-06-16T08:15:16.156940
1,2,10,5,0,5,2026-06-16T08:15:17.778795
1,3,1,2,0,2,2026-06-16T08:15:19.575510
1,3,2,2,0,2,2026-06-16T08:15:20.568956
1,3,3,2,0,2,2026-06-16T08:15:22.170030
1,3,4,3,0,3,2026-06-16T08:15:23.579633
1,3,5,2,0,2,2026-06-16T08:15:24.620803
1,3,6,2,0,2,2026-06-16T08:15:25.824491
1,3,7,2,0,2,2026-06-16T08:15:27.509418
1,3,8,2,0,2,2026-06-16T08:15:28.298650
1,3,9,2,0,2,2026-06-16T08:15:29.911095
1,3,10,2,0,2,2026-06-16T08:15:30.975260
1,4,1,2,0,2,2026-06-16T08:15:32.987665
1,4,2,2,0,2,2026-06-16T08:15:36.120023
1,4,3,2,0,2,2026-06-16T08:15:37.736506
1,4,4,2,0,2,2026-06-16T08:15:39.138497
1,4,5,2,0,2,2026-06-16T08:15:40.732474
1,4,6,2,0,2,2026-06-16T08:15:41.754470
1,4,7,2,0,2,2026-06-16T08:15:43.367587
1,4,8,2,0,2,2026-06-16T08:15:44.568752
1,4,9,2,0,2,2026-06-16T08:15:45.774324
1,4,10,2,0,2,2026-06-16T08:15:46.773024
1,5,1,1,0,1,2026-06-16T08:15:48.380466
1,5,2,2,0,2,2026-06-16T08:15:49.371458
1,5,3,2,0,2,2026-06-16T08:15:50.984601
1,5,4,2,0,2,2026-06-16T08:15:51.980159
1,5,5,2,0,2,2026-06-16T08:15:53.115148
1,5,6,2,0,2,2026-06-16T08:15:54.712746
1,5,7,2,0,2,2026-06-16T08:15:56.336766
1,5,8,2,0,2,2026-06-16T08:15:57.138449
1,5,9,2,0,2,2026-06-16T08:15:58.737510
1,5,10,2,0,2,2026-06-16T08:16:00.922811
1,6,1,5,0,5,2026-06-16T08:16:03.541918
1,6,2,5,0,5,2026-06-16T08:16:04.947683
1,6,3,5,0,5,2026-06-16T08:16:06.765556
1,6,4,5,0,5,2026-06-16T08:16:08.390590
1,6,5,5,0,5,2026-06-16T08:16:09.996725
1,6,6,5,0,5,2026-06-16T08:16:11.813169
1,6,7,5,0,5,2026-06-16T08:16:13.226331
1,6,8,5,0,5,2026-06-16T08:16:14.422908
1,6,9,5,0,5,2026-06-16T08:16:16.029204
1,6,10,5,0,5,2026-06-16T08:16:16.824813
1,7,1,5,0,5,2026-06-16T08:16:18.637797
1,7,2,5,0,5,2026-06-16T08:16:20.440705
1,7,3,5,0,5,2026-06-16T08:16:21.659601
1,7,4,5,0,5,2026-06-16T08:16:22.861422
1,7,5,5,0,5,2026-06-16T08:16:24.269139
1,7,6,5,0,5,2026-06-16T08:16:25.673777
1,7,7,5,0,5,2026-06-16T08:16:27.277523
1,7,8,5,0,5,2026-06-16T08:16:29.097853
1,7,9,5,0,5,2026-06-16T08:16:31.503688
1,7,10,5,0,5,2026-06-16T08:16:33.106406
1,8,1,5,0,5,2026-06-16T08:16:34.696931
1,8,2,5,0,5,2026-06-16T08:16:35.893313
1,8,3,5,0,5,2026-06-16T08:16:37.685677
1,8,4,5,0,5,2026-06-16T08:16:39.360401
1,8,5,5,0,5,2026-06-16T08:16:40.755005
1,8,6,5,0,5,2026-06-16T08:16:42.164850
1,8,7,5,0,5,2026-06-16T08:16:43.864685
1,8,8,5,0,5,2026-06-16T08:16:45.249328
1,8,9,5,0,5,2026-06-16T08:16:46.865475
1,8,10,5,0,5,2026-06-16T08:16:48.067117
1,9,1,2,0,2,2026-06-16T08:16:49.664046
1,9,2,2,0,2,2026-06-16T08:16:51.267230
1,9,3,1,0,1,2026-06-16T08:16:52.271804
1,9,4,1,0,1,2026-06-16T08:16:53.872141
1,9,5,1,0,1,2026-06-16T08:16:54.683179
1,9,6,2,0,2,2026-06-16T08:16:56.284281
1,9,7,2,0,2,2026-06-16T08:16:59.117926
1,9,8,2,0,2,2026-06-16T08:17:00.715572
1,9,9,2,0,2,2026-06-16T08:17:02.325564
1,9,10,1,0,1,2026-06-16T08:17:03.534462
1,10,1,3,0,3,2026-06-16T08:17:04.933565
1,10,2,3,0,3,2026-06-16T08:17:06.543177
1,10,3,5,0,5,2026-06-16T08:17:08.569379
1,10,4,3,0,3,2026-06-16T08:17:09.781308
1,10,5,3,0,3,2026-06-16T08:17:11.367998
1,10,6,5,0,5,2026-06-16T08:17:12.772739
1,10,7,4,0,4,2026-06-16T08:17:14.582763
1,10,8,3,0,3,2026-06-16T08:17:15.991995
1,10,9,3,0,3,2026-06-16T08:17:17.865000
1,10,10,3,0,3,2026-06-16T08:17:19.061328
1,11,1,5,0,5,2026-06-16T08:17:20.457637
1,11,2,5,0,5,2026-06-16T08:17:21.661260
1,11,3,5,0,5,2026-06-16T08:17:22.858562
1,11,4,5,0,5,2026-06-16T08:17:25.265326
1,11,5,5,0,5,2026-06-16T08:17:27.898955
1,11,6,5,0,5,2026-06-16T08:17:29.333025
1,11,7,5,0,5,2026-06-16T08:17:30.970648
1,11,8,5,0,5,2026-06-16T08:17:32.174345
1,11,9,5,0,5,2026-06-16T08:17:33.793496
1,11,10,5,0,5,2026-06-16T08:17:35.416902
1,12,1,5,0,5,2026-06-16T08:17:36.623192
1,12,2,5,0,5,2026-06-16T08:17:37.831282
1,12,3,5,0,5,2026-06-16T08:17:39.037227
1,12,4,5,0,5,2026-06-16T08:17:40.245916
1,12,5,5,0,5,2026-06-16T08:17:41.651392
1,12,6,5,0,5,2026-06-16T08:17:43.257667
1,12,7,5,0,5,2026-06-16T08:17:44.464874
1,12,8,5,0,5,2026-06-16T08:17:45.858013
1,12,9,5,0,5,2026-06-16T08:17:47.475945
1,12,10,5,0,5,2026-06-16T08:17:49.081481
1,13,1,4,0,4,2026-06-16T08:17:50.877361
1,13,2,5,0,5,2026-06-16T08:17:52.682397
1,13,3,5,0,5,2026-06-16T08:17:53.876415
1,13,4,5,0,5,2026-06-16T08:17:55.877888
1,13,5,4,0,4,2026-06-16T08:17:57.884700
1,13,6,5,0,5,2026-06-16T08:17:59.293252
1,13,7,5,0,5,2026-06-16T08:18:00.498744
1,13,8,5,0,5,2026-06-16T08:18:02.314080
1,13,9,5,0,5,2026-06-16T08:18:03.111006
1,13,10,5,0,5,2026-06-16T08:18:05.135739
1,14,1,4,0,4,2026-06-16T08:18:06.936166
1,14,2,4,0,4,2026-06-16T08:18:08.151411
1,14,3,5,0,5,2026-06-16T08:18:09.363585
1,14,4,5,0,5,2026-06-16T08:18:10.161369
1,14,5,5,0,5,2026-06-16T08:18:11.352659
1,14,6,4,0,4,2026-06-16T08:18:12.547693
1,14,7,5,0,5,2026-06-16T08:18:14.154368
1,14,8,4,0,4,2026-06-16T08:18:15.563885
1,14,9,5,0,5,2026-06-16T08:18:17.565990
1,14,10,5,0,5,2026-06-16T08:18:19.374835
1,15,1,1,0,1,2026-06-16T08:18:21.864153
1,15,2,0,0,0,2026-06-16T08:18:23.872566
1,15,3,1,0,1,2026-06-16T08:18:25.475536
1,15,4,0,0,0,2026-06-16T08:18:27.089753
1,15,5,0,0,0,2026-06-16T08:18:28.294233
1,15,6,0,0,0,2026-06-16T08:18:29.914663
1,15,7,0,0,0,2026-06-16T08:18:31.314936
1,15,8,0,0,0,2026-06-16T08:18:32.311743
1,15,9,1,0,1,2026-06-16T08:18:33.365948
1,15,10,1,0,1,2026-06-16T08:18:34.980249
1,16,1,5,0,5,2026-06-16T08:18:36.987128
1,16,2,5,0,5,2026-06-16T08:18:37.775614
1,16,3,5,0,5,2026-06-16T08:18:38.982837
1,16,4,5,0,5,2026-06-16T08:18:40.185215
1,16,5,5,0,5,2026-06-16T08:18:41.401273
1,16,6,5,0,5,2026-06-16T08:18:43.156915
1,16,7,5,0,5,2026-06-16T08:18:45.008594
1,16,8,5,0,5,2026-06-16T08:18:47.886337
1,16,9,5,0,5,2026-06-16T08:18:50.093591
1,16,10,5,0,5,2026-06-16T08:18:50.896628
1,17,1,5,0,5,2026-06-16T08:18:51.889809
1,17,2,5,0,5,2026-06-16T08:18:52.885715
1,17,3,5,0,5,2026-06-16T08:18:53.876967
1,17,4,5,0,5,2026-06-16T08:18:54.883383
1,17,5,5,0,5,2026-06-16T08:18:56.326744
1,17,6,5,0,5,2026-06-16T08:18:57.331715
1,17,7,5,0,5,2026-06-16T08:18:58.123003
1,17,8,5,0,5,2026-06-16T08:18:59.735106
1,17,9,5,0,5,2026-06-16T08:19:01.361984
1,17,10,5,0,5,2026-06-16T08:19:02.962455
1,18,1,5,0,5,2026-06-16T08:19:04.570027
1,18,2,3,0,3,2026-06-16T08:19:06.367850
1,18,3,3,0,3,2026-06-16T08:19:07.586230
1,18,4,3,0,3,2026-06-16T08:19:08.659939
1,18,5,5,0,5,2026-06-16T08:19:10.466584
1,18,6,5,0,5,2026-06-16T08:19:11.454503
1,18,7,5,0,5,2026-06-16T08:19:13.667270
1,18,8,5,0,5,2026-06-16T08:19:15.468129
1,18,9,3,0,3,2026-06-16T08:19:17.690170
1,18,10,3,0,3,2026-06-16T08:19:19.310417
1,19,1,3,0,3,2026-06-16T08:19:21.109152
1,19,2,3,0,3,2026-06-16T08:19:23.116120
1,19,3,3,0,3,2026-06-16T08:19:24.707057
1,19,4,3,0,3,2026-06-16T08:19:26.276834
1,19,5,3,0,3,2026-06-16T08:19:28.296986
1,19,6,3,0,3,2026-06-16T08:19:29.144317
1,19,7,3,0,3,2026-06-16T08:19:30.348963
1,19,8,3,0,3,2026-06-16T08:19:32.173344
1,19,9,3,0,3,2026-06-16T08:19:32.963383
1,19,10,3,0,3,2026-06-16T08:19:33.765522
1,20,1,5,0,5,2026-06-16T08:19:35.170003
1,20,2,5,0,5,2026-06-16T08:19:36.173213
1,20,3,5,0,5,2026-06-16T08:19:37.173453
1,20,4,5,0,5,2026-06-16T08:19:37.972737
1,20,5,5,0,5,2026-06-16T08:19:39.173096
1,20,6,5,0,5,2026-06-16T08:19:41.391445
1,20,7,5,0,5,2026-06-16T08:19:43.205540
1,20,8,5,0,5,2026-06-16T08:19:44.393396
1,20,9,5,0,5,2026-06-16T08:19:45.405183
1,20,10,5,0,5,2026-06-16T08:19:46.807280
1,21,1,5,0,5,2026-06-16T08:19:47.802006
1,21,2,5,0,5,2026-06-16T08:19:49.793852
1,21,3,5,0,5,2026-06-16T08:19:50.997184
1,21,4,5,0,5,2026-06-16T08:19:52.201185
1,21,5,5,0,5,2026-06-16T08:19:54.206042
1,21,6,5,0,5,2026-06-16T08:19:55.416350
1,21,7,5,0,5,2026-06-16T08:19:56.617690
1,21,8,5,0,5,2026-06-16T08:19:58.416763
1,21,9,5,0,5,2026-06-16T08:20:00.231787
1,21,10,5,0,5,2026-06-16T08:20:01.840584
1,22,1,5,0,5,2026-06-16T08:20:03.239266
1,22,2,5,0,5,2026-06-16T08:20:04.674804
1,22,3,5,0,5,2026-06-16T08:20:06.486783
1,22,4,5,0,5,2026-06-16T08:20:07.690514
1,22,5,5,0,5,2026-06-16T08:20:10.635688
1,22,6,5,0,5,2026-06-16T08:20:12.359619
1,22,7,5,0,5,2026-06-16T08:20:13.555640
1,22,8,5,0,5,2026-06-16T08:20:15.172531
1,22,9,5,0,5,2026-06-16T08:20:16.770574
1,22,10,5,0,5,2026-06-16T08:20:17.564407
1,23,1,3,0,3,2026-06-16T08:20:18.965352
1,23,2,3,0,3,2026-06-16T08:20:20.161480
1,23,3,3,0,3,2026-06-16T08:20:21.774822
1,23,4,3,0,3,2026-06-16T08:20:23.414412
1,23,5,3,0,3,2026-06-16T08:20:24.720404
1,23,6,3,0,3,2026-06-16T08:20:25.908570
1,23,7,3,0,3,2026-06-16T08:20:27.092374
1,23,8,3,0,3,2026-06-16T08:20:28.740344
1,23,9,3,0,3,2026-06-16T08:20:29.955947
1,23,10,3,0,3,2026-06-16T08:20:30.963324
1,24,1,0,0,0,2026-06-16T08:20:32.774278
1,24,2,0,0,0,2026-06-16T08:20:34.373634
1,24,3,0,0,0,2026-06-16T08:20:36.417452
1,24,4,0,0,0,2026-06-16T08:20:39.314460
1,24,5,0,0,0,2026-06-16T08:20:40.595440
1,24,6,0,0,0,2026-06-16T08:20:41.999964
1,24,7,0,0,0,2026-06-16T08:20:43.205768
1,24,8,0,0,0,2026-06-16T08:20:44.405921
1,24,9,0,0,0,2026-06-16T08:20:46.024836
1,24,10,0,0,0,2026-06-16T08:20:47.683373
1,25,1,0,0,0,2026-06-16T08:20:49.089522
1,25,2,0,0,0,2026-06-16T08:20:50.685716
1,25,3,0,0,0,2026-06-16T08:20:52.705786
1,25,4,0,0,0,2026-06-16T08:20:53.707256
1,25,5,0,0,0,2026-06-16T08:20:55.515895
1,25,6,0,0,0,2026-06-16T08:20:56.514952
1,25,7,0,0,0,2026-06-16T08:20:57.508958
1,25,8,0,0,0,2026-06-16T08:20:58.910795
1,25,9,0,0,0,2026-06-16T08:20:59.717770
1,25,10,0,0,0,2026-06-16T08:21:00.723651
1,26,1,1,0,1,2026-06-16T08:21:02.126947
1,26,2,1,0,1,2026-06-16T08:21:03.933670
1,26,3,1,0,1,2026-06-16T08:21:07.108270
1,26,4,1,0,1,2026-06-16T08:21:08.531013
1,26,5,1,0,1,2026-06-16T08:21:10.349493
1,26,6,1,0,1,2026-06-16T08:21:11.951587
1,26,7,1,0,1,2026-06-16T08:21:13.130621
1,26,8,2,0,2,2026-06-16T08:21:14.728748
1,26,9,1,0,1,2026-06-16T08:21:16.345164
1,26,10,1,0,1,2026-06-16T08:21:17.340858
1,27,1,5,0,5,2026-06-16T08:21:19.145351
1,27,2,5,0,5,2026-06-16T08:21:20.942574
1,27,3,5,0,5,2026-06-16T08:21:22.547490
1,27,4,5,0,5,2026-06-16T08:21:23.565807
1,27,5,5,0,5,2026-06-16T08:21:24.967145
1,27,6,5,0,5,2026-06-16T08:21:26.562102
1,27,7,5,0,5,2026-06-16T08:21:27.824943
1,27,8,5,0,5,2026-06-16T08:21:29.455644
1,27,9,5,0,5,2026-06-16T08:21:31.042915
1,27,10,5,0,5,2026-06-16T08:21:32.226489
1,28,1,4,0,4,2026-06-16T08:21:33.415719
1,28,2,3,0,3,2026-06-16T08:21:35.009609
1,28,3,3,0,3,2026-06-16T08:21:36.833508
1,28,4,3,0,3,2026-06-16T08:21:38.436210
1,28,5,3,0,3,2026-06-16T08:21:39.836618
1,28,6,3,0,3,2026-06-16T08:21:41.244011
1,28,7,3,0,3,2026-06-16T08:21:42.847685
1,28,8,3,0,3,2026-06-16T08:21:44.444950
1,28,9,3,0,3,2026-06-16T08:21:46.049349
1,28,10,3,0,3,2026-06-16T08:21:47.638550
1,29,1,5,0,5,2026-06-16T08:21:48.626277
1,29,2,5,0,5,2026-06-16T08:21:50.232612
1,29,3,5,0,5,2026-06-16T08:21:51.423166
1,29,4,5,0,5,2026-06-16T08:21:53.023831
1,29,5,5,0,5,2026-06-16T08:21:53.818255
1,29,6,5,0,5,2026-06-16T08:21:55.625863
1,29,7,3,0,3,2026-06-16T08:21:58.032421
1,29,8,3,0,3,2026-06-16T08:22:00.121228
1,29,9,5,0,5,2026-06-16T08:22:01.929192
1,29,10,3,0,3,2026-06-16T08:22:03.738731
1,30,1,5,0,5,2026-06-16T08:22:05.405736
1,30,2,5,0,5,2026-06-16T08:22:07.406277
1,30,3,5,0,5,2026-06-16T08:22:08.604525
1,30,4,5,0,5,2026-06-16T08:22:09.596294
1,30,5,5,0,5,2026-06-16T08:22:11.038019
1,30,6,5,0,5,2026-06-16T08:22:12.266483
1,30,7,5,0,5,2026-06-16T08:22:14.273557
1,30,8,3,0,3,2026-06-16T08:22:15.063442
1,30,9,5,0,5,2026-06-16T08:22:16.864078
1,30,10,5,0,5,2026-06-16T08:22:18.100689
2,1,1,4,0,4,2026-06-16T08:22:19.302607
2,1,2,4,0,4,2026-06-16T08:22:20.311723
2,1,3,4,0,4,2026-06-16T08:22:21.308420
2,1,4,4,0,4,2026-06-16T08:22:22.904799
2,1,5,4,0,4,2026-06-16T08:22:26.671429
2,1,6,4,0,4,2026-06-16T08:22:27.875372
2,1,7,4,0,4,2026-06-16T08:22:29.127031
2,1,8,4,0,4,2026-06-16T08:22:30.314153
2,1,9,4,0,4,2026-06-16T08:22:31.509354
2,1,10,4,0,4,2026-06-16T08:22:32.506157
2,2,1,5,0,5,2026-06-16T08:22:33.702936
2,2,2,5,0,5,2026-06-16T08:22:35.510027
2,2,3,5,0,5,2026-06-16T08:22:37.127433
2,2,4,5,0,5,2026-06-16T08:22:38.756212
2,2,5,5,0,5,2026-06-16T08:22:40.385462
2,2,6,5,0,5,2026-06-16T08:22:42.121957
2,2,7,5,0,5,2026-06-16T08:22:42.916250
2,2,8,5,0,5,2026-06-16T08:22:44.314284
2,2,9,5,0,5,2026-06-16T08:22:45.926543
2,2,10,5,0,5,2026-06-16T08:22:47.939779
2,3,1,2,0,2,2026-06-16T08:22:48.940894
2,3,2,1,0,1,2026-06-16T08:22:50.974847
2,3,3,2,0,2,2026-06-16T08:22:52.574025
2,3,4,1,0,1,2026-06-16T08:22:54.569393
2,3,5,1,0,1,2026-06-16T08:22:56.574791
2,3,6,2,0,2,2026-06-16T08:22:58.166816
2,3,7,2,0,2,2026-06-16T08:22:59.570832
2,3,8,1,0,1,2026-06-16T08:23:01.168123
2,3,9,2,0,2,2026-06-16T08:23:02.986247
2,3,10,1,0,1,2026-06-16T08:23:04.138751
2,4,1,1,0,1,2026-06-16T08:23:05.135935
2,4,2,2,0,2,2026-06-16T08:23:07.035786
2,4,3,1,0,1,2026-06-16T08:23:07.847337
2,4,4,2,0,2,2026-06-16T08:23:09.061546
2,4,5,2,0,2,2026-06-16T08:23:10.268542
2,4,6,1,0,1,2026-06-16T08:23:11.268195
2,4,7,1,0,1,2026-06-16T08:23:12.675549
2,4,8,2,0,2,2026-06-16T08:23:14.285061
2,4,9,2,0,2,2026-06-16T08:23:15.685725
2,4,10,1,0,1,2026-06-16T08:23:17.281257
2,5,1,2,0,2,2026-06-16T08:23:19.690091
2,5,2,2,0,2,2026-06-16T08:23:23.132967
2,5,3,2,0,2,2026-06-16T08:23:24.328500
2,5,4,2,0,2,2026-06-16T08:23:25.129836
2,5,5,2,0,2,2026-06-16T08:23:26.740006
2,5,6,2,0,2,2026-06-16T08:23:28.355409
2,5,7,2,0,2,2026-06-16T08:23:29.453811
2,5,8,2,0,2,2026-06-16T08:23:30.445584
2,5,9,2,0,2,2026-06-16T08:23:32.281202
2,5,10,2,0,2,2026-06-16T08:23:33.662127
2,6,1,5,0,5,2026-06-16T08:23:34.866825
2,6,2,5,0,5,2026-06-16T08:23:36.466220
2,6,3,5,0,5,2026-06-16T08:23:37.771868
2,6,4,5,0,5,2026-06-16T08:23:39.574119
2,6,5,5,0,5,2026-06-16T08:23:40.600230
2,6,6,5,0,5,2026-06-16T08:23:42.010068
2,6,7,5,0,5,2026-06-16T08:23:43.212354
2,6,8,5,0,5,2026-06-16T08:23:44.422619
2,6,9,5,0,5,2026-06-16T08:23:45.616958
2,6,10,4,0,4,2026-06-16T08:23:48.755933
2,7,1,4,0,4,2026-06-16T08:23:50.057863
2,7,2,5,0,5,2026-06-16T08:23:51.456549
2,7,3,5,0,5,2026-06-16T08:23:53.054636
2,7,4,4,0,4,2026-06-16T08:23:54.648611
2,7,5,5,0,5,2026-06-16T08:23:55.843479
2,7,6,5,0,5,2026-06-16T08:23:57.123452
2,7,7,4,0,4,2026-06-16T08:23:58.932448
2,7,8,4,0,4,2026-06-16T08:24:00.534729
2,7,9,4,0,4,2026-06-16T08:24:01.535020
2,7,10,5,0,5,2026-06-16T08:24:02.731635
2,8,1,2,0,2,2026-06-16T08:24:04.555148
2,8,2,2,0,2,2026-06-16T08:24:05.976993
2,8,3,2,0,2,2026-06-16T08:24:07.177608
2,8,4,2,0,2,2026-06-16T08:24:08.778035
2,8,5,2,0,2,2026-06-16T08:24:09.790516
2,8,6,2,0,2,2026-06-16T08:24:11.148403
2,8,7,2,0,2,2026-06-16T08:24:12.144496
2,8,8,2,0,2,2026-06-16T08:24:14.567970
2,8,9,2,0,2,2026-06-16T08:24:16.576018
2,8,10,2,0,2,2026-06-16T08:24:18.438103
2,9,1,2,0,2,2026-06-16T08:24:19.850228
2,9,2,2,0,2,2026-06-16T08:24:21.060063
2,9,3,2,0,2,2026-06-16T08:24:22.453673
2,9,4,2,0,2,2026-06-16T08:24:24.065239
2,9,5,2,0,2,2026-06-16T08:24:25.268610
2,9,6,2,0,2,2026-06-16T08:24:26.482469
2,9,7,2,0,2,2026-06-16T08:24:28.127178
2,9,8,2,0,2,2026-06-16T08:24:30.137817
2,9,9,2,0,2,2026-06-16T08:24:31.743487
2,9,10,2,0,2,2026-06-16T08:24:32.950730
2,10,1,2,0,2,2026-06-16T08:24:33.958642
2,10,2,2,0,2,2026-06-16T08:24:34.934410
2,10,3,2,0,2,2026-06-16T08:24:36.533857
2,10,4,2,0,2,2026-06-16T08:24:37.343937
2,10,5,2,0,2,2026-06-16T08:24:38.145627
2,10,6,2,0,2,2026-06-16T08:24:39.750734
2,10,7,2,0,2,2026-06-16T08:24:42.634414
2,10,8,2,0,2,2026-06-16T08:24:44.637123
2,10,9,2,0,2,2026-06-16T08:24:45.424416
2,10,10,2,0,2,2026-06-16T08:24:47.022089
2,11,1,5,0,5,2026-06-16T08:24:48.641123
2,11,2,5,0,5,2026-06-16T08:24:49.850676
2,11,3,5,0,5,2026-06-16T08:24:51.863511
2,11,4,5,0,5,2026-06-16T08:24:53.458252
2,11,5,5,0,5,2026-06-16T08:24:55.056283
2,11,6,5,0,5,2026-06-16T08:24:56.246071
2,11,7,5,0,5,2026-06-16T08:24:57.222451
2,11,8,5,0,5,2026-06-16T08:24:58.426549
2,11,9,5,0,5,2026-06-16T08:25:00.431039
2,11,10,5,0,5,2026-06-16T08:25:01.221680
2,12,1,5,0,5,2026-06-16T08:25:02.817333
2,12,2,5,0,5,2026-06-16T08:25:04.017612
2,12,3,5,0,5,2026-06-16T08:25:05.214945
2,12,4,5,0,5,2026-06-16T08:25:06.416903
2,12,5,5,0,5,2026-06-16T08:25:07.823009
2,12,6,5,0,5,2026-06-16T08:25:10.037494
2,12,7,5,0,5,2026-06-16T08:25:12.246001
2,12,8,5,0,5,2026-06-16T08:25:13.926717
2,12,9,5,0,5,2026-06-16T08:25:15.500848
2,12,10,5,0,5,2026-06-16T08:25:16.300802
2,13,1,2,0,2,2026-06-16T08:25:17.297441
2,13,2,2,0,2,2026-06-16T08:25:19.125339
2,13,3,2,0,2,2026-06-16T08:25:19.922106
2,13,4,2,0,2,2026-06-16T08:25:21.528518
2,13,5,2,0,2,2026-06-16T08:25:22.726454
2,13,6,2,0,2,2026-06-16T08:25:23.950642
2,13,7,2,0,2,2026-06-16T08:25:25.702275
2,13,8,2,0,2,2026-06-16T08:25:27.124584
2,13,9,2,0,2,2026-06-16T08:25:28.546944
2,13,10,2,0,2,2026-06-16T08:25:29.351963
2,14,1,4,0,4,2026-06-16T08:25:30.754937
2,14,2,4,0,4,2026-06-16T08:25:32.458746
2,14,3,4,0,4,2026-06-16T08:25:33.674599
2,14,4,4,0,4,2026-06-16T08:25:35.483911
2,14,5,4,0,4,2026-06-16T08:25:38.115349
2,14,6,4,0,4,2026-06-16T08:25:39.934771
2,14,7,4,0,4,2026-06-16T08:25:41.959136
2,14,8,4,0,4,2026-06-16T08:25:43.575305
2,14,9,4,0,4,2026-06-16T08:25:45.052905
2,14,10,4,0,4,2026-06-16T08:25:46.460861
2,15,1,2,0,2,2026-06-16T08:25:47.463266
2,15,2,2,0,2,2026-06-16T08:25:48.259253
2,15,3,2,0,2,2026-06-16T08:25:49.260935
2,15,4,2,0,2,2026-06-16T08:25:51.070514
2,15,5,2,0,2,2026-06-16T08:25:52.472827
2,15,6,1,0,1,2026-06-16T08:25:53.692581
2,15,7,2,0,2,2026-06-16T08:25:55.699057
2,15,8,2,0,2,2026-06-16T08:25:57.300410
2,15,9,2,0,2,2026-06-16T08:25:58.880992
2,15,10,2,0,2,2026-06-16T08:26:00.679018
2,16,1,5,0,5,2026-06-16T08:26:02.563984
2,16,2,5,0,5,2026-06-16T08:26:04.612750
2,16,3,5,0,5,2026-06-16T08:26:06.626140
2,16,4,5,0,5,2026-06-16T08:26:08.635599
2,16,5,5,0,5,2026-06-16T08:26:09.629009
2,16,6,5,0,5,2026-06-16T08:26:10.631579
2,16,7,5,0,5,2026-06-16T08:26:12.647645
2,16,8,5,0,5,2026-06-16T08:26:15.366708
2,16,9,5,0,5,2026-06-16T08:26:16.969123
2,16,10,5,0,5,2026-06-16T08:26:18.779748
2,17,1,5,0,5,2026-06-16T08:26:20.358958
2,17,2,5,0,5,2026-06-16T08:26:21.965356
2,17,3,5,0,5,2026-06-16T08:26:23.570520
2,17,4,5,0,5,2026-06-16T08:26:24.782427
2,17,5,5,0,5,2026-06-16T08:26:25.809977
2,17,6,5,0,5,2026-06-16T08:26:27.210207
2,17,7,5,0,5,2026-06-16T08:26:29.418982
2,17,8,5,0,5,2026-06-16T08:26:31.406008
2,17,9,5,0,5,2026-06-16T08:26:32.394094
2,17,10,5,0,5,2026-06-16T08:26:33.996288
2,18,1,4,0,4,2026-06-16T08:26:35.202495
2,18,2,4,0,4,2026-06-16T08:26:36.391976
2,18,3,5,0,5,2026-06-16T08:26:38.199271
2,18,4,4,0,4,2026-06-16T08:26:40.215060
2,18,5,4,0,4,2026-06-16T08:26:41.069281
2,18,6,4,0,4,2026-06-16T08:26:42.678795
2,18,7,4,0,4,2026-06-16T08:26:44.246240
2,18,8,4,0,4,2026-06-16T08:26:45.041479
2,18,9,4,0,4,2026-06-16T08:26:46.085681
2,18,10,4,0,4,2026-06-16T08:26:47.078128
2,19,1,4,0,4,2026-06-16T08:26:48.882312
2,19,2,4,0,4,2026-06-16T08:26:50.283935
2,19,3,4,0,4,2026-06-16T08:26:51.870555
2,19,4,4,0,4,2026-06-16T08:26:53.464378
2,19,5,4,0,4,2026-06-16T08:26:54.852426
2,19,6,4,0,4,2026-06-16T08:26:56.256494
2,19,7,4,0,4,2026-06-16T08:26:58.061265
2,19,8,4,0,4,2026-06-16T08:26:59.459620
2,19,9,4,0,4,2026-06-16T08:27:00.656920
2,19,10,4,0,4,2026-06-16T08:27:02.456618
2,20,1,4,0,4,2026-06-16T08:27:03.860388
2,20,2,4,0,4,2026-06-16T08:27:05.048123
2,20,3,4,0,4,2026-06-16T08:27:06.272949
2,20,4,4,0,4,2026-06-16T08:27:07.480461
2,20,5,4,0,4,2026-06-16T08:27:08.675521
2,20,6,4,0,4,2026-06-16T08:27:10.474686
2,20,7,4,0,4,2026-06-16T08:27:12.273387
2,20,8,4,0,4,2026-06-16T08:27:13.530717
2,20,9,4,0,4,2026-06-16T08:27:14.737662
2,20,10,4,0,4,2026-06-16T08:27:15.944460
2,21,1,5,0,5,2026-06-16T08:27:17.554692
2,21,2,5,0,5,2026-06-16T08:27:19.152239
2,21,3,5,0,5,2026-06-16T08:27:20.594678
2,21,4,5,0,5,2026-06-16T08:27:22.382015
2,21,5,5,0,5,2026-06-16T08:27:24.197022
2,21,6,5,0,5,2026-06-16T08:27:27.049128
2,21,7,5,0,5,2026-06-16T08:27:28.041677
2,21,8,5,0,5,2026-06-16T08:27:29.631828
2,21,9,5,0,5,2026-06-16T08:27:31.441357
2,21,10,5,0,5,2026-06-16T08:27:33.056401
2,22,1,5,0,5,2026-06-16T08:27:34.055295
2,22,2,5,0,5,2026-06-16T08:27:35.794504
2,22,3,5,0,5,2026-06-16T08:27:37.082759
2,22,4,5,0,5,2026-06-16T08:27:38.893215
2,22,5,5,0,5,2026-06-16T08:27:40.485970
2,22,6,5,0,5,2026-06-16T08:27:41.658333
2,22,7,5,0,5,2026-06-16T08:27:43.053865
2,22,8,5,0,5,2026-06-16T08:27:44.664673
2,22,9,5,0,5,2026-06-16T08:27:46.065825
2,22,10,5,0,5,2026-06-16T08:27:47.265230
2,23,1,3,0,3,2026-06-16T08:27:48.667858
2,23,2,3,0,3,2026-06-16T08:27:50.061210
2,23,3,3,0,3,2026-06-16T08:27:52.940232
2,23,4,4,0,4,2026-06-16T08:27:54.943961
2,23,5,4,0,4,2026-06-16T08:27:55.953860
2,23,6,3,0,3,2026-06-16T08:27:57.151022
2,23,7,4,0,4,2026-06-16T08:27:58.346711
2,23,8,3,0,3,2026-06-16T08:27:59.574263
2,23,9,3,0,3,2026-06-16T08:28:01.183094
2,23,10,3,0,3,2026-06-16T08:28:02.984935
2,24,1,0,0,0,2026-06-16T08:28:04.390505
2,24,2,0,0,0,2026-06-16T08:28:05.220325
2,24,3,0,0,0,2026-06-16T08:28:06.820931
2,24,4,0,0,0,2026-06-16T08:28:08.827510
2,24,5,0,0,0,2026-06-16T08:28:10.434486
2,24,6,0,0,0,2026-06-16T08:28:11.223231
2,24,7,0,0,0,2026-06-16T08:28:12.824115
2,24,8,0,0,0,2026-06-16T08:28:14.048177
2,24,9,0,0,0,2026-06-16T08:28:16.046657
2,24,10,0,0,0,2026-06-16T08:28:17.640294
2,25,1,1,0,1,2026-06-16T08:28:20.503356
2,25,2,0,0,0,2026-06-16T08:28:22.304195
2,25,3,1,0,1,2026-06-16T08:28:23.298813
2,25,4,1,0,1,2026-06-16T08:28:24.290995
2,25,5,1,0,1,2026-06-16T08:28:25.666454
2,25,6,0,0,0,2026-06-16T08:28:27.257038
2,25,7,1,0,1,2026-06-16T08:28:28.894923
2,25,8,1,0,1,2026-06-16T08:28:30.480092
2,25,9,1,0,1,2026-06-16T08:28:32.078192
2,25,10,1,0,1,2026-06-16T08:28:33.281179
2,26,1,3,0,3,2026-06-16T08:28:34.270276
2,26,2,3,0,3,2026-06-16T08:28:35.470677
2,26,3,3,0,3,2026-06-16T08:28:36.666832
2,26,4,3,0,3,2026-06-16T08:28:38.673782
2,26,5,3,0,3,2026-06-16T08:28:39.458309
2,26,6,3,0,3,2026-06-16T08:28:40.653082
2,26,7,3,0,3,2026-06-16T08:28:41.446731
2,26,8,3,0,3,2026-06-16T08:28:43.450856
2,26,9,3,0,3,2026-06-16T08:28:46.631719
2,26,10,5,0,5,2026-06-16T08:28:48.034978
2,27,1,3,0,3,2026-06-16T08:28:49.630328
2,27,2,3,0,3,2026-06-16T08:28:50.843316
2,27,3,3,0,3,2026-06-16T08:28:52.657207
2,27,4,3,0,3,2026-06-16T08:28:54.067515
2,27,5,3,0,3,2026-06-16T08:28:55.057913
2,27,6,3,0,3,2026-06-16T08:28:56.678937
2,27,7,3,0,3,2026-06-16T08:28:58.497194
2,27,8,3,0,3,2026-06-16T08:28:59.891003
2,27,9,3,0,3,2026-06-16T08:29:01.503596
2,27,10,3,0,3,2026-06-16T08:29:03.115843
2,28,1,3,0,3,2026-06-16T08:29:04.722932
2,28,2,3,0,3,2026-06-16T08:29:06.121337
2,28,3,3,0,3,2026-06-16T08:29:06.915248
2,28,4,3,0,3,2026-06-16T08:29:08.531692
2,28,5,3,0,3,2026-06-16T08:29:10.342418
2,28,6,3,0,3,2026-06-16T08:29:11.969349
2,28,7,3,0,3,2026-06-16T08:29:14.374597
2,28,8,3,0,3,2026-06-16T08:29:15.971456
2,28,9,4,0,4,2026-06-16T08:29:17.789363
2,28,10,3,0,3,2026-06-16T08:29:20.201893
2,29,1,4,0,4,2026-06-16T08:29:21.804597
2,29,2,4,0,4,2026-06-16T08:29:22.833095
2,29,3,4,0,4,2026-06-16T08:29:24.045474
2,29,4,4,0,4,2026-06-16T08:29:25.256332
2,29,5,4,0,4,2026-06-16T08:29:26.862976
2,29,6,4,0,4,2026-06-16T08:29:28.474445
2,29,7,4,0,4,2026-06-16T08:29:29.281459
2,29,8,4,0,4,2026-06-16T08:29:31.090731
2,29,9,4,0,4,2026-06-16T08:29:32.886566
2,29,10,4,0,4,2026-06-16T08:29:34.501454
2,30,1,4,0,4,2026-06-16T08:29:35.499085
2,30,2,4,0,4,2026-06-16T08:29:36.993498
2,30,3,4,0,4,2026-06-16T08:29:38.198761
2,30,4,4,0,4,2026-06-16T08:29:41.078558
2,30,5,4,0,4,2026-06-16T08:29:42.885517
2,30,6,5,0,5,2026-06-16T08:29:44.684768
2,30,7,4,0,4,2026-06-16T08:29:46.091053
2,30,8,4,0,4,2026-06-16T08:29:48.498910
2,30,9,4,0,4,2026-06-16T08:29:49.892301
2,30,10,4,0,4,2026-06-16T08:29:51.106515
3,1,1,4,0,4,2026-06-16T08:29:52.102957
3,1,2,4,0,4,2026-06-16T08:29:53.722744
3,1,3,4,0,4,2026-06-16T08:29:54.927803
3,1,4,4,0,4,2026-06-16T08:29:56.726310
3,1,5,4,0,4,2026-06-16T08:29:58.327050
3,1,6,4,0,4,2026-06-16T08:30:00.033417
3,1,7,4,0,4,2026-06-16T08:30:01.012004
3,1,8,4,0,4,2026-06-16T08:30:02.210777
3,1,9,4,0,4,2026-06-16T08:30:03.015730
3,1,10,4,0,4,2026-06-16T08:30:04.268005
3,2,1,4,0,4,2026-06-16T08:30:06.076460
3,2,2,4,0,4,2026-06-16T08:30:09.225270
3,2,3,4,0,4,2026-06-16T08:30:10.690866
3,2,4,4,0,4,2026-06-16T08:30:12.492053
3,2,5,4,0,4,2026-06-16T08:30:14.084704
3,2,6,4,0,4,2026-06-16T08:30:15.674812
3,2,7,4,0,4,2026-06-16T08:30:17.276336
3,2,8,4,0,4,2026-06-16T08:30:18.880761
3,2,9,4,0,4,2026-06-16T08:30:20.477528
3,2,10,4,0,4,2026-06-16T08:30:21.265992
3,3,1,2,0,2,2026-06-16T08:30:22.264148
3,3,2,2,0,2,2026-06-16T08:30:23.478185
3,3,3,2,0,2,2026-06-16T08:30:25.086356
3,3,4,2,0,2,2026-06-16T08:30:26.889520
3,3,5,2,0,2,2026-06-16T08:30:28.689460
3,3,6,2,0,2,2026-06-16T08:30:29.880538
3,3,7,2,0,2,2026-06-16T08:30:31.477987
3,3,8,2,0,2,2026-06-16T08:30:32.872038
3,3,9,2,0,2,2026-06-16T08:30:36.078147
3,3,10,2,0,2,2026-06-16T08:30:37.873547
3,4,1,1,0,1,2026-06-16T08:30:38.671475
3,4,2,1,0,1,2026-06-16T08:30:40.267168
3,4,3,1,0,1,2026-06-16T08:30:41.867761
3,4,4,1,0,1,2026-06-16T08:30:43.060209
3,4,5,1,0,1,2026-06-16T08:30:44.460809
3,4,6,2,0,2,2026-06-16T08:30:45.863690
3,4,7,1,0,1,2026-06-16T08:30:47.054549
3,4,8,1,0,1,2026-06-16T08:30:48.659508
3,4,9,2,0,2,2026-06-16T08:30:49.454493
3,4,10,1,0,1,2026-06-16T08:30:50.456832
3,5,1,1,0,1,2026-06-16T08:30:52.052027
3,5,2,1,0,1,2026-06-16T08:30:53.461578
3,5,3,1,0,1,2026-06-16T08:30:54.861526
3,5,4,1,0,1,2026-06-16T08:30:55.866167
3,5,5,1,0,1,2026-06-16T08:30:57.264013
3,5,6,1,0,1,2026-06-16T08:30:58.261244
3,5,7,1,0,1,2026-06-16T08:31:00.894793
3,5,8,1,0,1,2026-06-16T08:31:02.497862
3,5,9,1,0,1,2026-06-16T08:31:03.508459
3,5,10,1,0,1,2026-06-16T08:31:05.130002
3,6,1,5,0,5,2026-06-16T08:31:06.956003
3,6,2,5,0,5,2026-06-16T08:31:07.741019
3,6,3,5,0,5,2026-06-16T08:31:08.740707
3,6,4,5,0,5,2026-06-16T08:31:09.539413
3,6,5,5,0,5,2026-06-16T08:31:10.325285
3,6,6,5,0,5,2026-06-16T08:31:11.936274
3,6,7,5,0,5,2026-06-16T08:31:12.938235
3,6,8,5,0,5,2026-06-16T08:31:14.144933
3,6,9,5,0,5,2026-06-16T08:31:15.745104
3,6,10,5,0,5,2026-06-16T08:31:17.355970
3,7,1,4,0,4,2026-06-16T08:31:18.852577
3,7,2,4,0,4,2026-06-16T08:31:20.039050
3,7,3,4,0,4,2026-06-16T08:31:21.240095
3,7,4,4,0,4,2026-06-16T08:31:22.840842
3,7,5,4,0,4,2026-06-16T08:31:23.899110
3,7,6,4,0,4,2026-06-16T08:31:25.308765
3,7,7,4,0,4,2026-06-16T08:31:27.727801
3,7,8,4,0,4,2026-06-16T08:31:30.116622
3,7,9,4,0,4,2026-06-16T08:31:31.512284
3,7,10,4,0,4,2026-06-16T08:31:33.121031
3,8,1,2,0,2,2026-06-16T08:31:34.530054
3,8,2,2,0,2,2026-06-16T08:31:35.736860
3,8,3,2,0,2,2026-06-16T08:31:37.350320
3,8,4,2,0,2,2026-06-16T08:31:38.956898
3,8,5,2,0,2,2026-06-16T08:31:40.197492
3,8,6,2,0,2,2026-06-16T08:31:41.411132
3,8,7,2,0,2,2026-06-16T08:31:43.006545
3,8,8,2,0,2,2026-06-16T08:31:44.624314
3,8,9,2,0,2,2026-06-16T08:31:45.616433
3,8,10,2,0,2,2026-06-16T08:31:46.802362
3,9,1,2,0,2,2026-06-16T08:31:48.210207
3,9,2,2,0,2,2026-06-16T08:31:49.624829
3,9,3,2,0,2,2026-06-16T08:31:50.629262
3,9,4,2,0,2,2026-06-16T08:31:51.640839
3,9,5,2,0,2,2026-06-16T08:31:53.854396
3,9,6,2,0,2,2026-06-16T08:31:56.062154
3,9,7,2,0,2,2026-06-16T08:31:57.666252
3,9,8,2,0,2,2026-06-16T08:31:58.474053
3,9,9,2,0,2,2026-06-16T08:32:00.285239
3,9,10,2,0,2,2026-06-16T08:32:01.692662
3,10,1,1,0,1,2026-06-16T08:32:02.504766
3,10,2,1,0,1,2026-06-16T08:32:03.691575
3,10,3,1,0,1,2026-06-16T08:32:05.696002
3,10,4,1,0,1,2026-06-16T08:32:07.297298
3,10,5,1,0,1,2026-06-16T08:32:08.496759
3,10,6,1,0,1,2026-06-16T08:32:09.298603
3,10,7,1,0,1,2026-06-16T08:32:11.303332
3,10,8,1,0,1,2026-06-16T08:32:12.895250
3,10,9,1,0,1,2026-06-16T08:32:14.081868
3,10,10,1,0,1,2026-06-16T08:32:14.877539
3,11,1,5,0,5,2026-06-16T08:32:16.078382
3,11,2,5,0,5,2026-06-16T08:32:17.055497
3,11,3,5,0,5,2026-06-16T08:32:18.657536
3,11,4,5,0,5,2026-06-16T08:32:19.858911
3,11,5,5,0,5,2026-06-16T08:32:22.066502
3,11,6,5,0,5,2026-06-16T08:32:24.719525
3,11,7,5,0,5,2026-06-16T08:32:25.955688
3,11,8,5,0,5,2026-06-16T08:32:26.957022
3,11,9,5,0,5,2026-06-16T08:32:28.570007
3,11,10,5,0,5,2026-06-16T08:32:30.571292
3,12,1,2,0,2,2026-06-16T08:32:31.802946
3,12,2,2,0,2,2026-06-16T08:32:33.790817
3,12,3,2,0,2,2026-06-16T08:32:34.968905
3,12,4,2,0,2,2026-06-16T08:32:36.155948
3,12,5,2,0,2,2026-06-16T08:32:37.361739
3,12,6,2,0,2,2026-06-16T08:32:39.062515
3,12,7,2,0,2,2026-06-16T08:32:40.464996
3,12,8,2,0,2,2026-06-16T08:32:42.070922
3,12,9,2,0,2,2026-06-16T08:32:43.677141
3,12,10,2,0,2,2026-06-16T08:32:44.515004
3,13,1,2,0,2,2026-06-16T08:32:45.513988
3,13,2,2,0,2,2026-06-16T08:32:47.527433
3,13,3,2,0,2,2026-06-16T08:32:50.734521
3,13,4,2,0,2,2026-06-16T08:32:52.151249
3,13,5,2,0,2,2026-06-16T08:32:53.954872
3,13,6,2,0,2,2026-06-16T08:32:54.958560
3,13,7,2,0,2,2026-06-16T08:32:56.359597
3,13,8,2,0,2,2026-06-16T08:32:58.362018
3,13,9,2,0,2,2026-06-16T08:33:00.161876
3,13,10,2,0,2,2026-06-16T08:33:01.151522
3,14,1,4,0,4,2026-06-16T08:33:01.949453
3,14,2,4,0,4,2026-06-16T08:33:03.344008
3,14,3,4,0,4,2026-06-16T08:33:04.941444
3,14,4,4,0,4,2026-06-16T08:33:06.133749
3,14,5,4,0,4,2026-06-16T08:33:07.733687
3,14,6,4,0,4,2026-06-16T08:33:08.735412
3,14,7,4,0,4,2026-06-16T08:33:09.932690
3,14,8,4,0,4,2026-06-16T08:33:10.899280
3,14,9,4,0,4,2026-06-16T08:33:12.104385
3,14,10,4,0,4,2026-06-16T08:33:13.496558
3,15,1,2,0,2,2026-06-16T08:33:15.088821
3,15,2,2,0,2,2026-06-16T08:33:17.489813
3,15,3,2,0,2,2026-06-16T08:33:18.896527
3,15,4,2,0,2,2026-06-16T08:33:20.707917
3,15,5,2,0,2,2026-06-16T08:33:22.703687
3,15,6,2,0,2,2026-06-16T08:33:24.508701
3,15,7,2,0,2,2026-06-16T08:33:26.139759
3,15,8,2,0,2,2026-06-16T08:33:27.965566
3,15,9,2,0,2,2026-06-16T08:33:29.147647
3,15,10,2,0,2,2026-06-16T08:33:29.942509
3,16,1,5,0,5,2026-06-16T08:33:31.157046
3,16,2,5,0,5,2026-06-16T08:33:31.970488
3,16,3,5,0,5,2026-06-16T08:33:33.167640
3,16,4,5,0,5,2026-06-16T08:33:34.785085
3,16,5,5,0,5,2026-06-16T08:33:36.402735
3,16,6,5,0,5,2026-06-16T08:33:37.619023
3,16,7,5,0,5,2026-06-16T08:33:39.014166
3,16,8,5,0,5,2026-06-16T08:33:41.225542
3,16,9,5,0,5,2026-06-16T08:33:44.120156
3,16,10,5,0,5,2026-06-16T08:33:45.918865
3,17,1,5,0,5,2026-06-16T08:33:48.124080
3,17,2,5,0,5,2026-06-16T08:33:49.519865
3,17,3,5,0,5,2026-06-16T08:33:50.713216
3,17,4,5,0,5,2026-06-16T08:33:51.499913
3,17,5,5,0,5,2026-06-16T08:33:52.700351
3,17,6,5,0,5,2026-06-16T08:33:53.917343
3,17,7,5,0,5,2026-06-16T08:33:55.143879
3,17,8,5,0,5,2026-06-16T08:33:56.344528
3,17,9,5,0,5,2026-06-16T08:33:57.549467
3,17,10,5,0,5,2026-06-16T08:33:59.160530
3,18,1,5,0,5,2026-06-16T08:34:00.969711
3,18,2,5,0,5,2026-06-16T08:34:02.360146
3,18,3,5,0,5,2026-06-16T08:34:03.153613
3,18,4,5,0,5,2026-06-16T08:34:04.145394
3,18,5,5,0,5,2026-06-16T08:34:05.762307
3,18,6,5,0,5,2026-06-16T08:34:06.964882
3,18,7,5,0,5,2026-06-16T08:34:08.591765
3,18,8,5,0,5,2026-06-16T08:34:10.390344
3,18,9,5,0,5,2026-06-16T08:34:13.523121
3,18,10,5,0,5,2026-06-16T08:34:14.921949
3,19,1,4,0,4,2026-06-16T08:34:18.351962
3,19,2,4,0,4,2026-06-16T08:34:21.208245
3,19,3,4,0,4,2026-06-16T08:34:22.810354
3,19,4,4,0,4,2026-06-16T08:34:24.012426
3,19,5,4,0,4,2026-06-16T08:34:25.609173
3,19,6,4,0,4,2026-06-16T08:34:27.205162
3,19,7,4,0,4,2026-06-16T08:34:28.816569
3,19,8,4,0,4,2026-06-16T08:34:30.065544
3,19,9,4,0,4,2026-06-16T08:34:31.465145
3,19,10,4,0,4,2026-06-16T08:34:32.663969
3,20,1,4,0,4,2026-06-16T08:34:34.666451
3,20,2,4,0,4,2026-06-16T08:34:36.880758
3,20,3,4,0,4,2026-06-16T08:34:40.016417
3,20,4,4,0,4,2026-06-16T08:34:41.413080
3,20,5,3,0,3,2026-06-16T08:34:43.422408
3,20,6,4,0,4,2026-06-16T08:34:47.183406
3,20,7,3,0,3,2026-06-16T08:34:48.784077
3,20,8,4,0,4,2026-06-16T08:34:50.400585
3,20,9,4,0,4,2026-06-16T08:34:51.601821
3,20,10,4,0,4,2026-06-16T08:34:53.377264
3,21,1,5,0,5,2026-06-16T08:34:54.982866
3,21,2,5,0,5,2026-06-16T08:34:56.584148
3,21,3,5,0,5,2026-06-16T08:34:57.774260
3,21,4,5,0,5,2026-06-16T08:34:59.369554
3,21,5,5,0,5,2026-06-16T08:35:01.168167
3,21,6,5,0,5,2026-06-16T08:35:02.976921
3,21,7,5,0,5,2026-06-16T08:35:04.982245
3,21,8,5,0,5,2026-06-16T08:35:06.762861
3,21,9,5,0,5,2026-06-16T08:35:08.183801
3,21,10,5,0,5,2026-06-16T08:35:09.585986
3,22,1,5,0,5,2026-06-16T08:35:11.435448
3,22,2,5,0,5,2026-06-16T08:35:14.083975
3,22,3,5,0,5,2026-06-16T08:35:15.297903
3,22,4,4,0,4,2026-06-16T08:35:16.484357
3,22,5,5,0,5,2026-06-16T08:35:18.483193
3,22,6,5,0,5,2026-06-16T08:35:20.486163
3,22,7,4,0,4,2026-06-16T08:35:21.681892
3,22,8,5,0,5,2026-06-16T08:35:22.876066
3,22,9,5,0,5,2026-06-16T08:35:23.860844
3,22,10,4,0,4,2026-06-16T08:35:25.449430
3,23,1,3,0,3,2026-06-16T08:35:26.644378
3,23,2,3,0,3,2026-06-16T08:35:28.047712
3,23,3,3,0,3,2026-06-16T08:35:30.066111
3,23,4,3,0,3,2026-06-16T08:35:31.860805
3,23,5,3,0,3,2026-06-16T08:35:33.285030
3,23,6,3,0,3,2026-06-16T08:35:35.098575
3,23,7,3,0,3,2026-06-16T08:35:36.690840
3,23,8,3,0,3,2026-06-16T08:35:39.108604
3,23,9,3,0,3,2026-06-16T08:35:40.919003
3,23,10,3,0,3,2026-06-16T08:35:42.344291
3,24,1,3,0,3,2026-06-16T08:35:44.552554
3,24,2,3,0,3,2026-06-16T08:35:45.543731
3,24,3,2,0,2,2026-06-16T08:35:47.144318
3,24,4,3,0,3,2026-06-16T08:35:48.764938
3,24,5,3,0,3,2026-06-16T08:35:49.959997
3,24,6,3,0,3,2026-06-16T08:35:51.156842
3,24,7,3,0,3,2026-06-16T08:35:52.563480
3,24,8,3,0,3,2026-06-16T08:35:53.760786
3,24,9,3,0,3,2026-06-16T08:35:55.559976
3,24,10,3,0,3,2026-06-16T08:35:57.159868
3,25,1,3,0,3,2026-06-16T08:35:58.639702
3,25,2,3,0,3,2026-06-16T08:36:01.266769
3,25,3,2,0,2,2026-06-16T08:36:03.274535
3,25,4,3,0,3,2026-06-16T08:36:04.072541
3,25,5,2,0,2,2026-06-16T08:36:05.262012
3,25,6,2,0,2,2026-06-16T08:36:06.268682
3,25,7,3,0,3,2026-06-16T08:36:07.474201
3,25,8,2,0,2,2026-06-16T08:36:09.078435
3,25,9,2,0,2,2026-06-16T08:36:10.473474
3,25,10,3,0,3,2026-06-16T08:36:11.675811
3,26,1,3,0,3,2026-06-16T08:36:12.871606
3,26,2,3,0,3,2026-06-16T08:36:13.900055
3,26,3,3,0,3,2026-06-16T08:36:15.101847
3,26,4,3,0,3,2026-06-16T08:36:16.704839
3,26,5,3,0,3,2026-06-16T08:36:17.913142
3,26,6,3,0,3,2026-06-16T08:36:19.098062
3,26,7,3,0,3,2026-06-16T08:36:20.302558
3,26,8,3,0,3,2026-06-16T08:36:22.115431
3,26,9,3,0,3,2026-06-16T08:36:23.110720
3,26,10,3,0,3,2026-06-16T08:36:24.546765
3,27,1,3,0,3,2026-06-16T08:36:26.939953
3,27,2,3,0,3,2026-06-16T08:36:28.746356
3,27,3,3,0,3,2026-06-16T08:36:31.360586
3,27,4,3,0,3,2026-06-16T08:36:32.368532
3,27,5,3,0,3,2026-06-16T08:36:33.565418
3,27,6,3,0,3,2026-06-16T08:36:35.196636
3,27,7,3,0,3,2026-06-16T08:36:36.191560
3,27,8,3,0,3,2026-06-16T08:36:37.795036
3,27,9,3,0,3,2026-06-16T08:36:39.573252
3,27,10,3,0,3,2026-06-16T08:36:40.767564
3,28,1,3,0,3,2026-06-16T08:36:42.169696
3,28,2,3,0,3,2026-06-16T08:36:43.382695
3,28,3,3,0,3,2026-06-16T08:36:44.775167
3,28,4,3,0,3,2026-06-16T08:36:46.374778
3,28,5,3,0,3,2026-06-16T08:36:48.172235
3,28,6,3,0,3,2026-06-16T08:36:49.362498
3,28,7,3,0,3,2026-06-16T08:36:50.363844
3,28,8,3,0,3,2026-06-16T08:36:52.358109
3,28,9,4,0,4,2026-06-16T08:36:54.568901
3,28,10,3,0,3,2026-06-16T08:36:56.370342
3,29,1,3,0,3,2026-06-16T08:36:58.372189
3,29,2,3,0,3,2026-06-16T08:36:59.777872
3,29,3,3,0,3,2026-06-16T08:37:01.386560
3,29,4,3,0,3,2026-06-16T08:37:02.592586
3,29,5,3,0,3,2026-06-16T08:37:03.791540
3,29,6,3,0,3,2026-06-16T08:37:05.612804
3,29,7,3,0,3,2026-06-16T08:37:07.243902
3,29,8,3,0,3,2026-06-16T08:37:08.065451
3,29,9,3,0,3,2026-06-16T08:37:09.271611
3,29,10,3,0,3,2026-06-16T08:37:10.666512
3,30,1,3,0,3,2026-06-16T08:37:11.749405
3,30,2,3,0,3,2026-06-16T08:37:13.089244
3,30,3,3,0,3,2026-06-16T08:37:14.519366
3,30,4,3,0,3,2026-06-16T08:37:16.527435
3,30,5,3,0,3,2026-06-16T08:37:17.937259
3,30,6,3,0,3,2026-06-16T08:37:19.734076
3,30,7,3,0,3,2026-06-16T08:37:20.530330
3,30,8,3,0,3,2026-06-16T08:37:21.531478
3,30,9,3,0,3,2026-06-16T08:37:22.525182
3,30,10,3,0,3,2026-06-16T08:37:24.319363
4,1,1,4,0,4,2026-06-16T08:37:26.341497
4,1,2,4,0,4,2026-06-16T08:37:28.127082
4,1,3,4,0,4,2026-06-16T08:37:29.333562
4,1,4,4,0,4,2026-06-16T08:37:30.340668
4,1,5,4,0,4,2026-06-16T08:37:31.748545
4,1,6,4,0,4,2026-06-16T08:37:32.745998
4,1,7,4,0,4,2026-06-16T08:37:34.161236
4,1,8,4,0,4,2026-06-16T08:37:35.355854
4,1,9,4,0,4,2026-06-16T08:37:36.582237
4,1,10,4,0,4,2026-06-16T08:37:37.579330
4,2,1,5,0,5,2026-06-16T08:37:38.580843
4,2,2,5,0,5,2026-06-16T08:37:39.787706
4,2,3,5,0,5,2026-06-16T08:37:40.799282
4,2,4,4,0,4,2026-06-16T08:37:41.859806
4,2,5,5,0,5,2026-06-16T08:37:43.498510
4,2,6,4,0,4,2026-06-16T08:37:44.702893
4,2,7,4,0,4,2026-06-16T08:37:46.897666
4,2,8,5,0,5,2026-06-16T08:37:49.304286
4,2,9,5,0,5,2026-06-16T08:37:51.084661
4,2,10,5,0,5,2026-06-16T08:37:52.097949
4,3,1,2,0,2,2026-06-16T08:37:53.890533
4,3,2,2,0,2,2026-06-16T08:37:57.358039
4,3,3,2,0,2,2026-06-16T08:37:58.979386
4,3,4,2,0,2,2026-06-16T08:38:00.183629
4,3,5,2,0,2,2026-06-16T08:38:01.769493
4,3,6,2,0,2,2026-06-16T08:38:03.568968
4,3,7,2,0,2,2026-06-16T08:38:05.003035
4,3,8,2,0,2,2026-06-16T08:38:06.405545
4,3,9,2,0,2,2026-06-16T08:38:08.021036
4,3,10,2,0,2,2026-06-16T08:38:09.424027
4,4,1,2,0,2,2026-06-16T08:38:10.429141
4,4,2,2,0,2,2026-06-16T08:38:11.825504
4,4,3,3,0,3,2026-06-16T08:38:13.662124
4,4,4,3,0,3,2026-06-16T08:38:16.268718
4,4,5,3,0,3,2026-06-16T08:38:17.664911
4,4,6,3,0,3,2026-06-16T08:38:19.667247
4,4,7,3,0,3,2026-06-16T08:38:21.072039
4,4,8,3,0,3,2026-06-16T08:38:22.668283
4,4,9,2,0,2,2026-06-16T08:38:23.858131
4,4,10,3,0,3,2026-06-16T08:38:24.855615
4,5,1,4,0,4,2026-06-16T08:38:26.852287
4,5,2,4,0,4,2026-06-16T08:38:28.038625
4,5,3,4,0,4,2026-06-16T08:38:28.825967
4,5,4,4,0,4,2026-06-16T08:38:30.422851
4,5,5,4,0,4,2026-06-16T08:38:32.019275
4,5,6,4,0,4,2026-06-16T08:38:33.630075
4,5,7,4,0,4,2026-06-16T08:38:34.836658
4,5,8,4,0,4,2026-06-16T08:38:36.018661
4,5,9,4,0,4,2026-06-16T08:38:37.209729
4,5,10,4,0,4,2026-06-16T08:38:38.610474
4,6,1,5,0,5,2026-06-16T08:38:41.227091
4,6,2,5,0,5,2026-06-16T08:38:43.028595
4,6,3,5,0,5,2026-06-16T08:38:46.254068
4,6,4,5,0,5,2026-06-16T08:38:47.867078
4,6,5,5,0,5,2026-06-16T08:38:49.890380
4,6,6,5,0,5,2026-06-16T08:38:51.889005
4,6,7,5,0,5,2026-06-16T08:38:53.091269
4,6,8,5,0,5,2026-06-16T08:38:54.286838
4,6,9,5,0,5,2026-06-16T08:38:55.894422
4,6,10,5,0,5,2026-06-16T08:38:56.919341
4,7,1,5,0,5,2026-06-16T08:38:58.326316
4,7,2,5,0,5,2026-06-16T08:38:59.334850
4,7,3,5,0,5,2026-06-16T08:39:00.943495
4,7,4,5,0,5,2026-06-16T08:39:02.547891
4,7,5,5,0,5,2026-06-16T08:39:03.371200
4,7,6,5,0,5,2026-06-16T08:39:04.340061
4,7,7,5,0,5,2026-06-16T08:39:06.750527
4,7,8,5,0,5,2026-06-16T08:39:09.161312
4,7,9,5,0,5,2026-06-16T08:39:10.978110
4,7,10,5,0,5,2026-06-16T08:39:12.183933
4,8,1,5,0,5,2026-06-16T08:39:13.555753
4,8,2,5,0,5,2026-06-16T08:39:14.944948
4,8,3,5,0,5,2026-06-16T08:39:16.343238
4,8,4,5,0,5,2026-06-16T08:39:18.147373
4,8,5,5,0,5,2026-06-16T08:39:19.345516
4,8,6,5,0,5,2026-06-16T08:39:21.141241
4,8,7,5,0,5,2026-06-16T08:39:23.141019
4,8,8,5,0,5,2026-06-16T08:39:24.736019
4,8,9,5,0,5,2026-06-16T08:39:25.702250
4,8,10,5,0,5,2026-06-16T08:39:27.507482
4,9,1,4,0,4,2026-06-16T08:39:28.892580
4,9,2,4,0,4,2026-06-16T08:39:29.683424
4,9,3,4,0,4,2026-06-16T08:39:31.079884
4,9,4,4,0,4,2026-06-16T08:39:32.692265
4,9,5,4,0,4,2026-06-16T08:39:35.559778
4,9,6,4,0,4,2026-06-16T08:39:38.717244
4,9,7,4,0,4,2026-06-16T08:39:40.713355
4,9,8,4,0,4,2026-06-16T08:39:42.320894
4,9,9,4,0,4,2026-06-16T08:39:43.920847
4,9,10,4,0,4,2026-06-16T08:39:44.710406
4,10,1,2,0,2,2026-06-16T08:39:46.790524
4,10,2,2,0,2,2026-06-16T08:39:47.813146
4,10,3,2,0,2,2026-06-16T08:39:49.004354
4,10,4,2,0,2,2026-06-16T08:39:50.209868
4,10,5,2,0,2,2026-06-16T08:39:51.410779
4,10,6,2,0,2,2026-06-16T08:39:53.038533
4,10,7,2,0,2,2026-06-16T08:39:53.836827
4,10,8,2,0,2,2026-06-16T08:39:55.037062
4,10,9,2,0,2,2026-06-16T08:39:55.904371
4,10,10,2,0,2,2026-06-16T08:39:57.502803
4,11,1,5,0,5,2026-06-16T08:39:59.301126
4,11,2,5,0,5,2026-06-16T08:40:01.314951
4,11,3,5,0,5,2026-06-16T08:40:03.326096
4,11,4,5,0,5,2026-06-16T08:40:05.508221
4,11,5,5,0,5,2026-06-16T08:40:06.504247
4,11,6,5,0,5,2026-06-16T08:40:07.287827
4,11,7,5,0,5,2026-06-16T08:40:08.278038
4,11,8,5,0,5,2026-06-16T08:40:10.086318
4,11,9,5,0,5,2026-06-16T08:40:11.893112
4,11,10,5,0,5,2026-06-16T08:40:13.494720
4,12,1,2,0,2,2026-06-16T08:40:14.897648
4,12,2,3,0,3,2026-06-16T08:40:16.696482
4,12,3,4,0,4,2026-06-16T08:40:18.499528
4,12,4,2,0,2,2026-06-16T08:40:20.513746
4,12,5,3,0,3,2026-06-16T08:40:22.527217
4,12,6,2,0,2,2026-06-16T08:40:23.331953
4,12,7,2,0,2,2026-06-16T08:40:24.734784
4,12,8,3,0,3,2026-06-16T08:40:26.338170
4,12,9,2,0,2,2026-06-16T08:40:27.330310
4,12,10,3,0,3,2026-06-16T08:40:28.364093
4,13,1,5,0,5,2026-06-16T08:40:30.374042
4,13,2,5,0,5,2026-06-16T08:40:34.094578
4,13,3,5,0,5,2026-06-16T08:40:35.100442
4,13,4,5,0,5,2026-06-16T08:40:36.297023
4,13,5,5,0,5,2026-06-16T08:40:37.501169
4,13,6,5,0,5,2026-06-16T08:40:39.116763
4,13,7,5,0,5,2026-06-16T08:40:40.719294
4,13,8,5,0,5,2026-06-16T08:40:42.324290
4,13,9,5,0,5,2026-06-16T08:40:43.928314
4,13,10,5,0,5,2026-06-16T08:40:45.568600
4,14,1,4,0,4,2026-06-16T08:40:47.179893
4,14,2,4,0,4,2026-06-16T08:40:48.387827
4,14,3,4,0,4,2026-06-16T08:40:49.778164
4,14,4,4,0,4,2026-06-16T08:40:51.382128
4,14,5,4,0,4,2026-06-16T08:40:52.371890
4,14,6,4,0,4,2026-06-16T08:40:53.565292
4,14,7,4,0,4,2026-06-16T08:40:54.759326
4,14,8,4,0,4,2026-06-16T08:40:57.035940
4,14,9,4,0,4,2026-06-16T08:40:59.035801
4,14,10,4,0,4,2026-06-16T08:41:00.239345
4,15,1,2,0,2,2026-06-16T08:41:02.453527
4,15,2,2,0,2,2026-06-16T08:41:03.449071
4,15,3,2,0,2,2026-06-16T08:41:04.848329
4,15,4,2,0,2,2026-06-16T08:41:06.451013
4,15,5,2,0,2,2026-06-16T08:41:07.647691
4,15,6,2,0,2,2026-06-16T08:41:08.655537
4,15,7,2,0,2,2026-06-16T08:41:10.268734
4,15,8,2,0,2,2026-06-16T08:41:12.064965
4,15,9,2,0,2,2026-06-16T08:41:13.675651
4,15,10,2,0,2,2026-06-16T08:41:15.276280
4,16,1,4,0,4,2026-06-16T08:41:16.878812
4,16,2,4,0,4,2026-06-16T08:41:18.088601
4,16,3,4,0,4,2026-06-16T08:41:18.897137
4,16,4,4,0,4,2026-06-16T08:41:20.504454
4,16,5,4,0,4,2026-06-16T08:41:21.300731
4,16,6,4,0,4,2026-06-16T08:41:23.319444
4,16,7,4,0,4,2026-06-16T08:41:25.731583
4,16,8,4,0,4,2026-06-16T08:41:27.757783
4,16,9,4,0,4,2026-06-16T08:41:28.783201
4,16,10,4,0,4,2026-06-16T08:41:30.393913
4,17,1,5,0,5,2026-06-16T08:41:32.060171
4,17,2,5,0,5,2026-06-16T08:41:33.685589
4,17,3,5,0,5,2026-06-16T08:41:35.297363
4,17,4,5,0,5,2026-06-16T08:41:36.882380
4,17,5,5,0,5,2026-06-16T08:41:37.677995
4,17,6,5,0,5,2026-06-16T08:41:38.881732
4,17,7,5,0,5,2026-06-16T08:41:40.558295
4,17,8,5,0,5,2026-06-16T08:41:42.556192
4,17,9,5,0,5,2026-06-16T08:41:43.790786
4,17,10,5,0,5,2026-06-16T08:41:45.207367
4,18,1,3,0,3,2026-06-16T08:41:46.403578
4,18,2,3,0,3,2026-06-16T08:41:48.004808
4,18,3,3,0,3,2026-06-16T08:41:49.405289
4,18,4,3,0,3,2026-06-16T08:41:51.720234
4,18,5,3,0,3,2026-06-16T08:41:53.310685
4,18,6,3,0,3,2026-06-16T08:41:54.928247
4,18,7,3,0,3,2026-06-16T08:41:56.531308
4,18,8,3,0,3,2026-06-16T08:41:58.373824
4,18,9,3,0,3,2026-06-16T08:41:59.975129
4,18,10,3,0,3,2026-06-16T08:42:01.170429
4,19,1,3,0,3,2026-06-16T08:42:02.767477
4,19,2,3,0,3,2026-06-16T08:42:04.353150
4,19,3,3,0,3,2026-06-16T08:42:05.952723
4,19,4,3,0,3,2026-06-16T08:42:07.147312
4,19,5,3,0,3,2026-06-16T08:42:08.342811
4,19,6,3,0,3,2026-06-16T08:42:09.539121
4,19,7,3,0,3,2026-06-16T08:42:10.533923
4,19,8,3,0,3,2026-06-16T08:42:12.131787
4,19,9,3,0,3,2026-06-16T08:42:12.933359
4,19,10,3,0,3,2026-06-16T08:42:13.720749
4,20,1,3,0,3,2026-06-16T08:42:15.728186
4,20,2,3,0,3,2026-06-16T08:42:17.541898
4,20,3,3,0,3,2026-06-16T08:42:19.321863
4,20,4,3,0,3,2026-06-16T08:42:21.335762
4,20,5,3,0,3,2026-06-16T08:42:22.950217
4,20,6,3,0,3,2026-06-16T08:42:24.356647
4,20,7,3,0,3,2026-06-16T08:42:26.146694
4,20,8,3,0,3,2026-06-16T08:42:26.953180
4,20,9,3,0,3,2026-06-16T08:42:27.957155
4,20,10,3,0,3,2026-06-16T08:42:29.571798
4,21,1,5,0,5,2026-06-16T08:42:30.970763
4,21,2,5,0,5,2026-06-16T08:42:32.158288
4,21,3,5,0,5,2026-06-16T08:42:33.353759
4,21,4,5,0,5,2026-06-16T08:42:35.956022
4,21,5,5,0,5,2026-06-16T08:42:37.161616
4,21,6,5,0,5,2026-06-16T08:42:38.879027
4,21,7,5,0,5,2026-06-16T08:42:40.477629
4,21,8,5,0,5,2026-06-16T08:42:41.504131
4,21,9,5,0,5,2026-06-16T08:42:42.699472
4,21,10,5,0,5,2026-06-16T08:42:44.302919
4,22,1,4,0,4,2026-06-16T08:42:46.730874
4,22,2,4,0,4,2026-06-16T08:42:47.732045
4,22,3,4,0,4,2026-06-16T08:42:48.932432
4,22,4,4,0,4,2026-06-16T08:42:49.736247
4,22,5,4,0,4,2026-06-16T08:42:51.623572
4,22,6,4,0,4,2026-06-16T08:42:53.467413
4,22,7,4,0,4,2026-06-16T08:42:54.866520
4,22,8,4,0,4,2026-06-16T08:42:56.063573
4,22,9,4,0,4,2026-06-16T08:42:58.060818
4,22,10,4,0,4,2026-06-16T08:42:59.469352
4,23,1,4,0,4,2026-06-16T08:43:00.469909
4,23,2,4,0,4,2026-06-16T08:43:02.489469
4,23,3,4,0,4,2026-06-16T08:43:03.291588
4,23,4,4,0,4,2026-06-16T08:43:04.112982
4,23,5,4,0,4,2026-06-16T08:43:05.502079
4,23,6,4,0,4,2026-06-16T08:43:06.899113
4,23,7,4,0,4,2026-06-16T08:43:08.077528
4,23,8,4,0,4,2026-06-16T08:43:09.659842
4,23,9,4,0,4,2026-06-16T08:43:12.297659
4,23,10,4,0,4,2026-06-16T08:43:16.081260
4,24,1,4,0,4,2026-06-16T08:43:17.891517
4,24,2,4,0,4,2026-06-16T08:43:19.884826
4,24,3,3,0,3,2026-06-16T08:43:21.088163
4,24,4,4,0,4,2026-06-16T08:43:22.102976
4,24,5,4,0,4,2026-06-16T08:43:23.915388
4,24,6,4,0,4,2026-06-16T08:43:24.919425
4,24,7,3,0,3,2026-06-16T08:43:26.531709
4,24,8,4,0,4,2026-06-16T08:43:27.317005
4,24,9,4,0,4,2026-06-16T08:43:29.131944
4,24,10,4,0,4,2026-06-16T08:43:30.328968
4,25,1,1,0,1,2026-06-16T08:43:31.969931
4,25,2,1,0,1,2026-06-16T08:43:33.163288
4,25,3,1,0,1,2026-06-16T08:43:34.176591
4,25,4,1,0,1,2026-06-16T08:43:35.172599
4,25,5,1,0,1,2026-06-16T08:43:36.781100
4,25,6,1,0,1,2026-06-16T08:43:38.775363
4,25,7,1,0,1,2026-06-16T08:43:40.550727
4,25,8,1,0,1,2026-06-16T08:43:42.003549
4,25,9,1,0,1,2026-06-16T08:43:43.203779
4,25,10,1,0,1,2026-06-16T08:43:44.007804
4,26,1,2,0,2,2026-06-16T08:43:45.623063
4,26,2,2,0,2,2026-06-16T08:43:47.228345
4,26,3,2,0,2,2026-06-16T08:43:48.033160
4,26,4,2,0,2,2026-06-16T08:43:49.639419
4,26,5,2,0,2,2026-06-16T08:43:51.249277
4,26,6,2,0,2,2026-06-16T08:43:53.047721
4,26,7,2,0,2,2026-06-16T08:43:54.250447
4,26,8,2,0,2,2026-06-16T08:43:55.233458
4,26,9,2,0,2,2026-06-16T08:43:56.835990
4,26,10,2,0,2,2026-06-16T08:43:57.626549
4,27,1,3,0,3,2026-06-16T08:43:58.629767
4,27,2,3,0,3,2026-06-16T08:44:00.233588
4,27,3,3,0,3,2026-06-16T08:44:01.651000
4,27,4,3,0,3,2026-06-16T08:44:02.641823
4,27,5,3,0,3,2026-06-16T08:44:04.250255
4,27,6,3,0,3,2026-06-16T08:44:07.124976
4,27,7,3,0,3,2026-06-16T08:44:08.724203
4,27,8,3,0,3,2026-06-16T08:44:09.536343
4,27,9,3,0,3,2026-06-16T08:44:11.143398
4,27,10,3,0,3,2026-06-16T08:44:12.343236
4,28,1,3,0,3,2026-06-16T08:44:14.142979
4,28,2,3,0,3,2026-06-16T08:44:14.919099
4,28,3,3,0,3,2026-06-16T08:44:16.140692
4,28,4,3,0,3,2026-06-16T08:44:17.539021
4,28,5,3,0,3,2026-06-16T08:44:19.142680
4,28,6,3,0,3,2026-06-16T08:44:20.953507
4,28,7,3,0,3,2026-06-16T08:44:22.249477
4,28,8,3,0,3,2026-06-16T08:44:23.052116
4,28,9,3,0,3,2026-06-16T08:44:24.251216
4,28,10,3,0,3,2026-06-16T08:44:25.465735
4,29,1,3,0,3,2026-06-16T08:44:26.869149
4,29,2,3,0,3,2026-06-16T08:44:28.271902
4,29,3,3,0,3,2026-06-16T08:44:29.478672
4,29,4,3,0,3,2026-06-16T08:44:30.879604
4,29,5,3,0,3,2026-06-16T08:44:32.891261
4,29,6,3,0,3,2026-06-16T08:44:34.492876
4,29,7,3,0,3,2026-06-16T08:44:35.491564
4,29,8,3,0,3,2026-06-16T08:44:36.976046
4,29,9,3,0,3,2026-06-16T08:44:38.156176
4,29,10,3,0,3,2026-06-16T08:44:39.972857
4,30,1,3,0,3,2026-06-16T08:44:41.805826
4,30,2,3,0,3,2026-06-16T08:44:43.444790
4,30,3,3,0,3,2026-06-16T08:44:45.042210
4,30,4,3,0,3,2026-06-16T08:44:45.844951
4,30,5,3,0,3,2026-06-16T08:44:47.048474
4,30,6,3,0,3,2026-06-16T08:44:48.050747
4,30,7,3,0,3,2026-06-16T08:44:49.690475
4,30,8,3,0,3,2026-06-16T08:44:50.880436
4,30,9,3,0,3,2026-06-16T08:44:52.072880
4,30,10,3,0,3,2026-06-16T08:44:53.269940
5,1,1,2,0,2,2026-06-16T08:44:54.070353
5,1,2,2,0,2,2026-06-16T08:44:55.285982
5,1,3,2,0,2,2026-06-16T08:44:57.476733
5,1,4,2,0,2,2026-06-16T08:44:59.909791
5,1,5,2,0,2,2026-06-16T08:45:03.800857
5,1,6,2,0,2,2026-06-16T08:45:05.398722
5,1,7,2,0,2,2026-06-16T08:45:07.599036
5,1,8,2,0,2,2026-06-16T08:45:11.070672
5,1,9,2,0,2,2026-06-16T08:45:11.862081
5,1,10,2,0,2,2026-06-16T08:45:13.462801
5,2,1,2,0,2,2026-06-16T08:45:15.470969
5,2,2,2,0,2,2026-06-16T08:45:17.107867
5,2,3,2,0,2,2026-06-16T08:45:18.704014
5,2,4,2,0,2,2026-06-16T08:45:20.127719
5,2,5,2,0,2,2026-06-16T08:45:21.094628
5,2,6,2,0,2,2026-06-16T08:45:22.298131
5,2,7,2,0,2,2026-06-16T08:45:23.471995
5,2,8,2,0,2,2026-06-16T08:45:24.713449
5,2,9,2,0,2,2026-06-16T08:45:26.912433
5,2,10,2,0,2,2026-06-16T08:45:28.931085
5,3,1,1,0,1,2026-06-16T08:45:30.549457
5,3,2,1,0,1,2026-06-16T08:45:31.949843
5,3,3,1,0,1,2026-06-16T08:45:33.357608
5,3,4,1,0,1,2026-06-16T08:45:34.561855
5,3,5,1,0,1,2026-06-16T08:45:36.172968
5,3,6,1,0,1,2026-06-16T08:45:37.387576
5,3,7,1,0,1,2026-06-16T08:45:38.985823
5,3,8,1,0,1,2026-06-16T08:45:40.597089
5,3,9,1,0,1,2026-06-16T08:45:41.386002
5,3,10,1,0,1,2026-06-16T08:45:42.837700
5,4,1,1,0,1,2026-06-16T08:45:44.453907
5,4,2,1,0,1,2026-06-16T08:45:45.244025
5,4,3,1,0,1,2026-06-16T08:45:46.236641
5,4,4,1,0,1,2026-06-16T08:45:47.842637
5,4,5,1,0,1,2026-06-16T08:45:48.837255
5,4,6,1,0,1,2026-06-16T08:45:49.635294
5,4,7,1,0,1,2026-06-16T08:45:50.425640
5,4,8,1,0,1,2026-06-16T08:45:52.054833
5,4,9,1,0,1,2026-06-16T08:45:53.261234
5,4,10,1,0,1,2026-06-16T08:45:55.612032
5,5,1,0,0,0,2026-06-16T08:45:56.875398
5,5,2,0,0,0,2026-06-16T08:45:58.270977
5,5,3,0,0,0,2026-06-16T08:45:59.256817
5,5,4,0,0,0,2026-06-16T08:46:01.271293
5,5,5,0,0,0,2026-06-16T08:46:02.089983
5,5,6,0,0,0,2026-06-16T08:46:03.695316
5,5,7,0,0,0,2026-06-16T08:46:05.102358
5,5,8,0,0,0,2026-06-16T08:46:06.703254
5,5,9,0,0,0,2026-06-16T08:46:07.694622
5,5,10,0,0,0,2026-06-16T08:46:08.908547
5,6,1,2,0,2,2026-06-16T08:46:10.110950
5,6,2,2,0,2,2026-06-16T08:46:11.313259
5,6,3,2,0,2,2026-06-16T08:46:12.302493
5,6,4,2,0,2,2026-06-16T08:46:13.111326
5,6,5,2,0,2,2026-06-16T08:46:14.683555
5,6,6,2,0,2,2026-06-16T08:46:15.881695
5,6,7,2,0,2,2026-06-16T08:46:17.080054
5,6,8,2,0,2,2026-06-16T08:46:18.121930
5,6,9,2,0,2,2026-06-16T08:46:19.731752
5,6,10,2,0,2,2026-06-16T08:46:22.607833
5,7,1,2,0,2,2026-06-16T08:46:23.905728
5,7,2,2,0,2,2026-06-16T08:46:25.903360
5,7,3,2,0,2,2026-06-16T08:46:27.294280
5,7,4,2,0,2,2026-06-16T08:46:28.071083
5,7,5,2,0,2,2026-06-16T08:46:29.271461
5,7,6,2,0,2,2026-06-16T08:46:31.084721
5,7,7,2,0,2,2026-06-16T08:46:32.281563
5,7,8,2,0,2,2026-06-16T08:46:33.897769
5,7,9,2,0,2,2026-06-16T08:46:35.118691
5,7,10,2,0,2,2026-06-16T08:46:36.728113
5,8,1,1,0,1,2026-06-16T08:46:37.720709
5,8,2,1,0,1,2026-06-16T08:46:39.331214
5,8,3,1,0,1,2026-06-16T08:46:40.127008
5,8,4,0,0,0,2026-06-16T08:46:41.931186
5,8,5,1,0,1,2026-06-16T08:46:43.137551
5,8,6,1,0,1,2026-06-16T08:46:44.129323
5,8,7,0,0,0,2026-06-16T08:46:46.112020
5,8,8,0,0,0,2026-06-16T08:46:47.709269
5,8,9,1,0,1,2026-06-16T08:46:49.704654
5,8,10,0,0,0,2026-06-16T08:46:51.100214
5,9,1,1,0,1,2026-06-16T08:46:52.902727
5,9,2,1,0,1,2026-06-16T08:46:54.698126
5,9,3,1,0,1,2026-06-16T08:46:56.494629
5,9,4,1,0,1,2026-06-16T08:46:58.292278
5,9,5,1,0,1,2026-06-16T08:46:59.481821
5,9,6,1,0,1,2026-06-16T08:47:01.083644
5,9,7,1,0,1,2026-06-16T08:47:02.709740
5,9,8,1,0,1,2026-06-16T08:47:04.116908
5,9,9,1,0,1,2026-06-16T08:47:05.718076
5,9,10,1,0,1,2026-06-16T08:47:06.505891
5,10,1,0,0,0,2026-06-16T08:47:08.106430
5,10,2,0,0,0,2026-06-16T08:47:08.908169
5,10,3,0,0,0,2026-06-16T08:47:09.777391
5,10,4,0,0,0,2026-06-16T08:47:10.578002
5,10,5,0,0,0,2026-06-16T08:47:11.372239
5,10,6,0,0,0,2026-06-16T08:47:12.574540
5,10,7,0,0,0,2026-06-16T08:47:14.792559
5,10,8,0,0,0,2026-06-16T08:47:16.841550
5,10,9,0,0,0,2026-06-16T08:47:18.238590
5,10,10,0,0,0,2026-06-16T08:47:19.238517
5,11,1,2,0,2,2026-06-16T08:47:21.122961
5,11,2,1,0,1,2026-06-16T08:47:22.936673
5,11,3,1,0,1,2026-06-16T08:47:23.920524
5,11,4,0,0,0,2026-06-16T08:47:24.938489
5,11,5,1,0,1,2026-06-16T08:47:26.363986
5,11,6,1,0,1,2026-06-16T08:47:27.956107
5,11,7,1,0,1,2026-06-16T08:47:29.350805
5,11,8,2,0,2,2026-06-16T08:47:30.335286
5,11,9,2,0,2,2026-06-16T08:47:31.949280
5,11,10,1,0,1,2026-06-16T08:47:33.942735
5,12,1,0,0,0,2026-06-16T08:47:35.460286
5,12,2,0,0,0,2026-06-16T08:47:37.251089
5,12,3,0,0,0,2026-06-16T08:47:38.462297
5,12,4,0,0,0,2026-06-16T08:47:39.479328
5,12,5,0,0,0,2026-06-16T08:47:41.109524
5,12,6,0,0,0,2026-06-16T08:47:43.774016
5,12,7,0,0,0,2026-06-16T08:47:45.010119
5,12,8,0,0,0,2026-06-16T08:47:47.244659
5,12,9,0,0,0,2026-06-16T08:47:48.639145
5,12,10,0,0,0,2026-06-16T08:47:51.041493
5,13,1,1,0,1,2026-06-16T08:47:52.663375
5,13,2,1,0,1,2026-06-16T08:47:53.910195
5,13,3,1,0,1,2026-06-16T08:47:55.315832
5,13,4,1,0,1,2026-06-16T08:47:56.571773
5,13,5,1,0,1,2026-06-16T08:47:58.415320
5,13,6,0,0,0,2026-06-16T08:47:59.439211
5,13,7,0,0,0,2026-06-16T08:48:01.033372
5,13,8,0,0,0,2026-06-16T08:48:02.641739
5,13,9,0,0,0,2026-06-16T08:48:04.241802
5,13,10,1,0,1,2026-06-16T08:48:05.034861
5,14,1,4,0,4,2026-06-16T08:48:06.210343
5,14,2,4,0,4,2026-06-16T08:48:07.813295
5,14,3,4,0,4,2026-06-16T08:48:10.191809
5,14,4,4,0,4,2026-06-16T08:48:12.204014
5,14,5,4,0,4,2026-06-16T08:48:13.806953
5,14,6,4,0,4,2026-06-16T08:48:15.926275
5,14,7,4,0,4,2026-06-16T08:48:17.330291
5,14,8,4,0,4,2026-06-16T08:48:18.336292
5,14,9,4,0,4,2026-06-16T08:48:19.596386
5,14,10,4,0,4,2026-06-16T08:48:20.591821
5,15,1,0,0,0,2026-06-16T08:48:21.408564
5,15,2,0,0,0,2026-06-16T08:48:22.816465
5,15,3,0,0,0,2026-06-16T08:48:24.018151
5,15,4,0,0,0,2026-06-16T08:48:25.613866
5,15,5,0,0,0,2026-06-16T08:48:27.416628
5,15,6,0,0,0,2026-06-16T08:48:28.427294
5,15,7,0,0,0,2026-06-16T08:48:30.043672
5,15,8,0,0,0,2026-06-16T08:48:31.238766
5,15,9,0,0,0,2026-06-16T08:48:32.840456
5,15,10,0,0,0,2026-06-16T08:48:33.842563
5,16,1,3,0,3,2026-06-16T08:48:34.841387
5,16,2,3,0,3,2026-06-16T08:48:36.842777
5,16,3,3,0,3,2026-06-16T08:48:38.031471
5,16,4,3,0,3,2026-06-16T08:48:39.033853
5,16,5,3,0,3,2026-06-16T08:48:40.709498
5,16,6,3,0,3,2026-06-16T08:48:42.706768
5,16,7,3,0,3,2026-06-16T08:48:43.715723
5,16,8,3,0,3,2026-06-16T08:48:45.419592
5,16,9,3,0,3,2026-06-16T08:48:47.026883
5,16,10,3,0,3,2026-06-16T08:48:48.236507
5,17,1,5,0,5,2026-06-16T08:48:49.639758
5,17,2,5,0,5,2026-06-16T08:48:50.630620
5,17,3,5,0,5,2026-06-16T08:48:52.381293
5,17,4,5,0,5,2026-06-16T08:48:53.589450
5,17,5,5,0,5,2026-06-16T08:48:54.796936
5,17,6,5,0,5,2026-06-16T08:48:56.403326
5,17,7,5,0,5,2026-06-16T08:48:57.611079
5,17,8,5,0,5,2026-06-16T08:48:59.045771
5,17,9,5,0,5,2026-06-16T08:49:00.091713
5,17,10,5,0,5,2026-06-16T08:49:01.903166
5,18,1,4,0,4,2026-06-16T08:49:03.693550
5,18,2,4,0,4,2026-06-16T08:49:06.096143
5,18,3,4,0,4,2026-06-16T08:49:08.970756
5,18,4,4,0,4,2026-06-16T08:49:09.980569
5,18,5,4,0,4,2026-06-16T08:49:10.762940
5,18,6,4,0,4,2026-06-16T08:49:11.789903
5,18,7,4,0,4,2026-06-16T08:49:13.200490
5,18,8,4,0,4,2026-06-16T08:49:15.004012
5,18,9,4,0,4,2026-06-16T08:49:16.606514
5,18,10,4,0,4,2026-06-16T08:49:17.879138
5,19,1,4,0,4,2026-06-16T08:49:19.287905
5,19,2,3,0,3,2026-06-16T08:49:21.095953
5,19,3,4,0,4,2026-06-16T08:49:22.695581
5,19,4,4,0,4,2026-06-16T08:49:24.120018
5,19,5,4,0,4,2026-06-16T08:49:25.932234
5,19,6,4,0,4,2026-06-16T08:49:27.541765
5,19,7,4,0,4,2026-06-16T08:49:28.839171
5,19,8,3,0,3,2026-06-16T08:49:30.235442
5,19,9,4,0,4,2026-06-16T08:49:32.239681
5,19,10,4,0,4,2026-06-16T08:49:33.442488
5,20,1,3,0,3,2026-06-16T08:49:35.452423
5,20,2,3,0,3,2026-06-16T08:49:37.262396
5,20,3,3,0,3,2026-06-16T08:49:38.461154
5,20,4,3,0,3,2026-06-16T08:49:39.689508
5,20,5,3,0,3,2026-06-16T08:49:41.694608
5,20,6,3,0,3,2026-06-16T08:49:43.684402
5,20,7,3,0,3,2026-06-16T08:49:45.297075
5,20,8,3,0,3,2026-06-16T08:49:46.502388
5,20,9,3,0,3,2026-06-16T08:49:48.482797
5,20,10,3,0,3,2026-06-16T08:49:49.679520
5,21,1,5,0,5,2026-06-16T08:49:50.892717
5,21,2,5,0,5,2026-06-16T08:49:51.909683
5,21,3,5,0,5,2026-06-16T08:49:53.315113
5,21,4,5,0,5,2026-06-16T08:49:54.114136
5,21,5,5,0,5,2026-06-16T08:49:55.935766
5,21,6,5,0,5,2026-06-16T08:49:57.750787
5,21,7,5,0,5,2026-06-16T08:49:59.352152
5,21,8,5,0,5,2026-06-16T08:50:00.359571
5,21,9,5,0,5,2026-06-16T08:50:02.170322
5,21,10,5,0,5,2026-06-16T08:50:03.582852
5,22,1,4,0,4,2026-06-16T08:50:04.984646
5,22,2,5,0,5,2026-06-16T08:50:06.795725
5,22,3,5,0,5,2026-06-16T08:50:08.394287
5,22,4,4,0,4,2026-06-16T08:50:10.007909
5,22,5,4,0,4,2026-06-16T08:50:12.015784
5,22,6,5,0,5,2026-06-16T08:50:13.204531
5,22,7,4,0,4,2026-06-16T08:50:14.098483
5,22,8,4,0,4,2026-06-16T08:50:15.900659
5,22,9,4,0,4,2026-06-16T08:50:16.906724
5,22,10,4,0,4,2026-06-16T08:50:18.096775
5,23,1,3,0,3,2026-06-16T08:50:19.934448
5,23,2,3,0,3,2026-06-16T08:50:21.170433
5,23,3,3,0,3,2026-06-16T08:50:22.968601
5,23,4,3,0,3,2026-06-16T08:50:24.569840
5,23,5,3,0,3,2026-06-16T08:50:26.582147
5,23,6,3,0,3,2026-06-16T08:50:27.789331
5,23,7,3,0,3,2026-06-16T08:50:28.991675
5,23,8,3,0,3,2026-06-16T08:50:30.804573
5,23,9,3,0,3,2026-06-16T08:50:32.428655
5,23,10,3,0,3,2026-06-16T08:50:34.236536
5,24,1,0,0,0,2026-06-16T08:50:35.834643
5,24,2,0,0,0,2026-06-16T08:50:37.432821
5,24,3,0,0,0,2026-06-16T08:50:38.834249
5,24,4,0,0,0,2026-06-16T08:50:40.520341
5,24,5,0,0,0,2026-06-16T08:50:42.325733
5,24,6,0,0,0,2026-06-16T08:50:44.325358
5,24,7,0,0,0,2026-06-16T08:50:46.047632
5,24,8,0,0,0,2026-06-16T08:50:46.853739
5,24,9,0,0,0,2026-06-16T08:50:48.036912
5,24,10,0,0,0,2026-06-16T08:50:49.852556
5,25,1,0,0,0,2026-06-16T08:50:52.190882
5,25,2,0,0,0,2026-06-16T08:50:55.957309
5,25,3,0,0,0,2026-06-16T08:50:57.791807
5,25,4,1,0,1,2026-06-16T08:50:58.792803
5,25,5,0,0,0,2026-06-16T08:51:00.595820
5,25,6,1,0,1,2026-06-16T08:51:02.602600
5,25,7,0,0,0,2026-06-16T08:51:04.215093
5,25,8,0,0,0,2026-06-16T08:51:06.255747
5,25,9,1,0,1,2026-06-16T08:51:07.856616
5,25,10,1,0,1,2026-06-16T08:51:09.037490
5,26,1,3,0,3,2026-06-16T08:51:10.244222
5,26,2,3,0,3,2026-06-16T08:51:11.121999
5,26,3,3,0,3,2026-06-16T08:51:12.311307
5,26,4,3,0,3,2026-06-16T08:51:13.505666
5,26,5,3,0,3,2026-06-16T08:51:14.900962
5,26,6,3,0,3,2026-06-16T08:51:16.098782
5,26,7,3,0,3,2026-06-16T08:51:17.504774
5,26,8,3,0,3,2026-06-16T08:51:19.302606
5,26,9,3,0,3,2026-06-16T08:51:20.967750
5,26,10,3,0,3,2026-06-16T08:51:22.603492
5,27,1,3,0,3,2026-06-16T08:51:23.814757
5,27,2,3,0,3,2026-06-16T08:51:25.231989
5,27,3,3,0,3,2026-06-16T08:51:26.699493
5,27,4,3,0,3,2026-06-16T08:51:28.303612
5,27,5,3,0,3,2026-06-16T08:51:29.712132
5,27,6,3,0,3,2026-06-16T08:51:31.294601
5,27,7,3,0,3,2026-06-16T08:51:33.305810
5,27,8,3,0,3,2026-06-16T08:51:34.917467
5,27,9,3,0,3,2026-06-16T08:51:35.708799
5,27,10,3,0,3,2026-06-16T08:51:37.331768
5,28,1,4,0,4,2026-06-16T08:51:38.986377
5,28,2,4,0,4,2026-06-16T08:51:39.978358
5,28,3,4,0,4,2026-06-16T08:51:41.796231
5,28,4,4,0,4,2026-06-16T08:51:42.794958
5,28,5,4,0,4,2026-06-16T08:51:44.192623
5,28,6,4,0,4,2026-06-16T08:51:45.996129
5,28,7,4,0,4,2026-06-16T08:51:48.001189
5,28,8,4,0,4,2026-06-16T08:51:49.205764
5,28,9,4,0,4,2026-06-16T08:51:50.867527
5,28,10,4,0,4,2026-06-16T08:51:51.872126
5,29,1,3,0,3,2026-06-16T08:51:53.427737
5,29,2,3,0,3,2026-06-16T08:51:55.017189
5,29,3,3,0,3,2026-06-16T08:51:56.613758
5,29,4,3,0,3,2026-06-16T08:51:58.413405
5,29,5,3,0,3,2026-06-16T08:52:00.039680
5,29,6,3,0,3,2026-06-16T08:52:01.644005
5,29,7,4,0,4,2026-06-16T08:52:03.058876
5,29,8,3,0,3,2026-06-16T08:52:04.669457
5,29,9,3,0,3,2026-06-16T08:52:06.500696
5,29,10,3,0,3,2026-06-16T08:52:07.910509
5,30,1,3,0,3,2026-06-16T08:52:08.912447
5,30,2,3,0,3,2026-06-16T08:52:09.714249
5,30,3,3,0,3,2026-06-16T08:52:11.328920
5,30,4,3,0,3,2026-06-16T08:52:14.461922
5,30,5,3,0,3,2026-06-16T08:52:16.494764
5,30,6,3,0,3,2026-06-16T08:52:18.094748
5,30,7,3,0,3,2026-06-16T08:52:19.910675
5,30,8,3,0,3,2026-06-16T08:52:21.920260
5,30,9,3,0,3,2026-06-16T08:52:23.538175
5,30,10,3,0,3,2026-06-16T08:52:24.744436
6,1,1,5,0,5,2026-06-16T08:52:26.356634
6,1,2,5,0,5,2026-06-16T08:52:27.582111
6,1,3,5,0,5,2026-06-16T08:52:29.391577
6,1,4,5,0,5,2026-06-16T08:52:31.407298
6,1,5,5,0,5,2026-06-16T08:52:33.215967
6,1,6,5,0,5,2026-06-16T08:52:34.828386
6,1,7,5,0,5,2026-06-16T08:52:36.020346
6,1,8,5,0,5,2026-06-16T08:52:37.832486
6,1,9,5,0,5,2026-06-16T08:52:40.458548
6,1,10,5,0,5,2026-06-16T08:52:42.471009
6,2,1,5,0,5,2026-06-16T08:52:43.862518
6,2,2,5,0,5,2026-06-16T08:52:45.471773
6,2,3,5,0,5,2026-06-16T08:52:46.266187
6,2,4,5,0,5,2026-06-16T08:52:47.471528
6,2,5,5,0,5,2026-06-16T08:52:49.083188
6,2,6,5,0,5,2026-06-16T08:52:50.694661
6,2,7,5,0,5,2026-06-16T08:52:52.295378
6,2,8,5,0,5,2026-06-16T08:52:53.492611
6,2,9,5,0,5,2026-06-16T08:52:54.973670
6,2,10,5,0,5,2026-06-16T08:52:56.790866
6,3,1,2,0,2,2026-06-16T08:52:58.403475
6,3,2,2,0,2,2026-06-16T08:53:00.411531
6,3,3,2,0,2,2026-06-16T08:53:02.225270
6,3,4,2,0,2,2026-06-16T08:53:03.230980
6,3,5,2,0,2,2026-06-16T08:53:04.831063
6,3,6,2,0,2,2026-06-16T08:53:06.020312
6,3,7,2,0,2,2026-06-16T08:53:08.455372
6,3,8,2,0,2,2026-06-16T08:53:10.475821
6,3,9,2,0,2,2026-06-16T08:53:11.673257
6,3,10,2,0,2,2026-06-16T08:53:12.472346
6,4,1,2,0,2,2026-06-16T08:53:13.884677
6,4,2,2,0,2,2026-06-16T08:53:15.092231
6,4,3,2,0,2,2026-06-16T08:53:17.308329
6,4,4,2,0,2,2026-06-16T08:53:18.510276
6,4,5,2,0,2,2026-06-16T08:53:20.117530
6,4,6,2,0,2,2026-06-16T08:53:21.321193
6,4,7,2,0,2,2026-06-16T08:53:22.758146
6,4,8,2,0,2,2026-06-16T08:53:23.826996
6,4,9,2,0,2,2026-06-16T08:53:25.077146
6,4,10,2,0,2,2026-06-16T08:53:27.089164
6,5,1,2,0,2,2026-06-16T08:53:28.698360
6,5,2,2,0,2,2026-06-16T08:53:29.712676
6,5,3,2,0,2,2026-06-16T08:53:30.705042
6,5,4,2,0,2,2026-06-16T08:53:32.712857
6,5,5,2,0,2,2026-06-16T08:53:35.125678
6,5,6,2,0,2,2026-06-16T08:53:36.332470
6,5,7,2,0,2,2026-06-16T08:53:37.731104
6,5,8,2,0,2,2026-06-16T08:53:38.730463
6,5,9,2,0,2,2026-06-16T08:53:39.934382
6,5,10,2,0,2,2026-06-16T08:53:41.546816
6,6,1,5,0,5,2026-06-16T08:53:43.408884
6,6,2,5,0,5,2026-06-16T08:53:45.210433
6,6,3,5,0,5,2026-06-16T08:53:49.041298
6,6,4,5,0,5,2026-06-16T08:53:50.275251
6,6,5,5,0,5,2026-06-16T08:53:51.079510
6,6,6,5,0,5,2026-06-16T08:53:52.283262
6,6,7,5,0,5,2026-06-16T08:53:53.548089
6,6,8,5,0,5,2026-06-16T08:53:55.348714
6,6,9,5,0,5,2026-06-16T08:53:56.208631
6,6,10,5,0,5,2026-06-16T08:53:57.222062
6,7,1,5,0,5,2026-06-16T08:53:59.115851
6,7,2,5,0,5,2026-06-16T08:54:00.613633
6,7,3,5,0,5,2026-06-16T08:54:04.053756
6,7,4,5,0,5,2026-06-16T08:54:05.468810
6,7,5,5,0,5,2026-06-16T08:54:06.554176
6,7,6,5,0,5,2026-06-16T08:54:08.166863
6,7,7,5,0,5,2026-06-16T08:54:09.362082
6,7,8,5,0,5,2026-06-16T08:54:10.739344
6,7,9,5,0,5,2026-06-16T08:54:12.797693
6,7,10,5,0,5,2026-06-16T08:54:14.415699
6,8,1,3,0,3,2026-06-16T08:54:16.215868
6,8,2,3,0,3,2026-06-16T08:54:18.022033
6,8,3,3,0,3,2026-06-16T08:54:19.823015
6,8,4,3,0,3,2026-06-16T08:54:21.019021
6,8,5,3,0,3,2026-06-16T08:54:22.428838
6,8,6,3,0,3,2026-06-16T08:54:23.436488
6,8,7,3,0,3,2026-06-16T08:54:24.237188
6,8,8,4,0,4,2026-06-16T08:54:25.643796
6,8,9,3,0,3,2026-06-16T08:54:27.460743
6,8,10,3,0,3,2026-06-16T08:54:29.081207
6,9,1,2,0,2,2026-06-16T08:54:30.306866
6,9,2,2,0,2,2026-06-16T08:54:31.907686
6,9,3,2,0,2,2026-06-16T08:54:33.128243
6,9,4,2,0,2,2026-06-16T08:54:33.923229
6,9,5,2,0,2,2026-06-16T08:54:35.142364
6,9,6,2,0,2,2026-06-16T08:54:37.147472
6,9,7,2,0,2,2026-06-16T08:54:38.339274
6,9,8,2,0,2,2026-06-16T08:54:40.359130
6,9,9,2,0,2,2026-06-16T08:54:41.757817
6,9,10,2,0,2,2026-06-16T08:54:42.972925
6,10,1,2,0,2,2026-06-16T08:54:44.380041
6,10,2,2,0,2,2026-06-16T08:54:45.578680
6,10,3,2,0,2,2026-06-16T08:54:46.775059
6,10,4,2,0,2,2026-06-16T08:54:48.395432
6,10,5,2,0,2,2026-06-16T08:54:50.005453
6,10,6,2,0,2,2026-06-16T08:54:51.009713
6,10,7,2,0,2,2026-06-16T08:54:52.421676
6,10,8,2,0,2,2026-06-16T08:54:54.438952
6,10,9,2,0,2,2026-06-16T08:54:55.651728
6,10,10,2,0,2,2026-06-16T08:54:57.659058
6,11,1,5,0,5,2026-06-16T08:55:02.159345
6,11,2,5,0,5,2026-06-16T08:55:03.557830
6,11,3,5,0,5,2026-06-16T08:55:05.228857
6,11,4,5,0,5,2026-06-16T08:55:06.848824
6,11,5,5,0,5,2026-06-16T08:55:07.658812
6,11,6,5,0,5,2026-06-16T08:55:09.262503
6,11,7,5,0,5,2026-06-16T08:55:11.078480
6,11,8,5,0,5,2026-06-16T08:55:12.307042
6,11,9,5,0,5,2026-06-16T08:55:13.113589
6,11,10,5,0,5,2026-06-16T08:55:14.725016
6,12,1,5,0,5,2026-06-16T08:55:16.538913
6,12,2,5,0,5,2026-06-16T08:55:17.340387
6,12,3,5,0,5,2026-06-16T08:55:19.144257
6,12,4,5,0,5,2026-06-16T08:55:20.768423
6,12,5,5,0,5,2026-06-16T08:55:22.167885
6,12,6,5,0,5,2026-06-16T08:55:25.049569
6,12,7,5,0,5,2026-06-16T08:55:27.063230
6,12,8,5,0,5,2026-06-16T08:55:28.260747
6,12,9,5,0,5,2026-06-16T08:55:29.860422
6,12,10,5,0,5,2026-06-16T08:55:30.876880
6,13,1,3,0,3,2026-06-16T08:55:32.102932
6,13,2,3,0,3,2026-06-16T08:55:33.707509
6,13,3,3,0,3,2026-06-16T08:55:34.510277
6,13,4,3,0,3,2026-06-16T08:55:35.715321
6,13,5,3,0,3,2026-06-16T08:55:36.926895
6,13,6,3,0,3,2026-06-16T08:55:38.572235
6,13,7,3,0,3,2026-06-16T08:55:39.773522
6,13,8,3,0,3,2026-06-16T08:55:41.070099
6,13,9,3,0,3,2026-06-16T08:55:42.281985
6,13,10,3,0,3,2026-06-16T08:55:43.758069
6,14,1,4,0,4,2026-06-16T08:55:45.566990
6,14,2,4,0,4,2026-06-16T08:55:46.960107
6,14,3,4,0,4,2026-06-16T08:55:47.954607
6,14,4,4,0,4,2026-06-16T08:55:49.986601
6,14,5,4,0,4,2026-06-16T08:55:51.983818
6,14,6,4,0,4,2026-06-16T08:55:53.181959
6,14,7,3,0,3,2026-06-16T08:55:54.382813
6,14,8,4,0,4,2026-06-16T08:55:56.631886
6,14,9,4,0,4,2026-06-16T08:55:57.838925
6,14,10,4,0,4,2026-06-16T08:55:58.722539
6,15,1,2,0,2,2026-06-16T08:56:00.324023
6,15,2,2,0,2,2026-06-16T08:56:02.162362
6,15,3,2,0,2,2026-06-16T08:56:03.570317
6,15,4,2,0,2,2026-06-16T08:56:04.976628
6,15,5,2,0,2,2026-06-16T08:56:06.668450
6,15,6,2,0,2,2026-06-16T08:56:08.267031
6,15,7,2,0,2,2026-06-16T08:56:09.470981
6,15,8,3,0,3,2026-06-16T08:56:11.081195
6,15,9,3,0,3,2026-06-16T08:56:12.484902
6,15,10,2,0,2,2026-06-16T08:56:14.094396
6,16,1,5,0,5,2026-06-16T08:56:15.703054
6,16,2,5,0,5,2026-06-16T08:56:18.360836
6,16,3,5,0,5,2026-06-16T08:56:20.376943
6,16,4,5,0,5,2026-06-16T08:56:21.586416
6,16,5,5,0,5,2026-06-16T08:56:22.396174
6,16,6,5,0,5,2026-06-16T08:56:23.595419
6,16,7,5,0,5,2026-06-16T08:56:24.589702
6,16,8,5,0,5,2026-06-16T08:56:26.395761
6,16,9,5,0,5,2026-06-16T08:56:27.202322
6,16,10,5,0,5,2026-06-16T08:56:28.808300
6,17,1,5,0,5,2026-06-16T08:56:29.611418
6,17,2,5,0,5,2026-06-16T08:56:31.006841
6,17,3,5,0,5,2026-06-16T08:56:32.211093
6,17,4,5,0,5,2026-06-16T08:56:33.812792
6,17,5,5,0,5,2026-06-16T08:56:35.015015
6,17,6,5,0,5,2026-06-16T08:56:36.814092
6,17,7,5,0,5,2026-06-16T08:56:38.016495
6,17,8,5,0,5,2026-06-16T08:56:39.211710
6,17,9,5,0,5,2026-06-16T08:56:41.017656
6,17,10,5,0,5,2026-06-16T08:56:42.618568
6,18,1,3,0,3,2026-06-16T08:56:43.822944
6,18,2,3,0,3,2026-06-16T08:56:46.060467
6,18,3,3,0,3,2026-06-16T08:56:48.703841
6,18,4,3,0,3,2026-06-16T08:56:49.912187
6,18,5,3,0,3,2026-06-16T08:56:51.321789
6,18,6,3,0,3,2026-06-16T08:56:52.205522
6,18,7,3,0,3,2026-06-16T08:56:53.433202
6,18,8,3,0,3,2026-06-16T08:56:54.647050
6,18,9,3,0,3,2026-06-16T08:56:56.254376
6,18,10,3,0,3,2026-06-16T08:56:57.120301
6,19,1,4,0,4,2026-06-16T08:56:58.725377
6,19,2,4,0,4,2026-06-16T08:57:00.529357
6,19,3,4,0,4,2026-06-16T08:57:01.956225
6,19,4,4,0,4,2026-06-16T08:57:02.963176
6,19,5,4,0,4,2026-06-16T08:57:04.014114
6,19,6,4,0,4,2026-06-16T08:57:05.618568
6,19,7,4,0,4,2026-06-16T08:57:06.410418
6,19,8,4,0,4,2026-06-16T08:57:07.835980
6,19,9,4,0,4,2026-06-16T08:57:08.927272
6,19,10,4,0,4,2026-06-16T08:57:10.928641
6,20,1,3,0,3,2026-06-16T08:57:12.734013
6,20,2,3,0,3,2026-06-16T08:57:14.544081
6,20,3,3,0,3,2026-06-16T08:57:16.153731
6,20,4,3,0,3,2026-06-16T08:57:19.055042
6,20,5,3,0,3,2026-06-16T08:57:21.049739
6,20,6,3,0,3,2026-06-16T08:57:22.633854
6,20,7,3,0,3,2026-06-16T08:57:23.877957
6,20,8,3,0,3,2026-06-16T08:57:24.683505
6,20,9,3,0,3,2026-06-16T08:57:26.701936
6,20,10,3,0,3,2026-06-16T08:57:27.973912
6,21,1,5,0,5,2026-06-16T08:57:29.819340
6,21,2,5,0,5,2026-06-16T08:57:31.630983
6,21,3,5,0,5,2026-06-16T08:57:32.628792
6,21,4,5,0,5,2026-06-16T08:57:34.242706
6,21,5,5,0,5,2026-06-16T08:57:36.055098
6,21,6,5,0,5,2026-06-16T08:57:37.039970
6,21,7,5,0,5,2026-06-16T08:57:38.839772
6,21,8,5,0,5,2026-06-16T08:57:40.240415
6,21,9,5,0,5,2026-06-16T08:57:42.044989
6,21,10,5,0,5,2026-06-16T08:57:43.846909
6,22,1,5,0,5,2026-06-16T08:57:45.447311
6,22,2,5,0,5,2026-06-16T08:57:46.713868
6,22,3,5,0,5,2026-06-16T08:57:48.125000
6,22,4,5,0,5,2026-06-16T08:57:48.938351
6,22,5,5,0,5,2026-06-16T08:57:49.950573
6,22,6,5,0,5,2026-06-16T08:57:51.354620
6,22,7,5,0,5,2026-06-16T08:57:52.746009
6,22,8,5,0,5,2026-06-16T08:57:53.983368
6,22,9,5,0,5,2026-06-16T08:57:55.393698
6,22,10,5,0,5,2026-06-16T08:57:57.011605
6,23,1,3,0,3,2026-06-16T08:57:58.224402
6,23,2,3,0,3,2026-06-16T08:58:00.027766
6,23,3,3,0,3,2026-06-16T08:58:01.664018
6,23,4,3,0,3,2026-06-16T08:58:02.671621
6,23,5,3,0,3,2026-06-16T08:58:04.113951
6,23,6,3,0,3,2026-06-16T08:58:05.311595
6,23,7,3,0,3,2026-06-16T08:58:07.317711
6,23,8,3,0,3,2026-06-16T08:58:08.930097
6,23,9,3,0,3,2026-06-16T08:58:09.986230
6,23,10,3,0,3,2026-06-16T08:58:10.990600
6,24,1,0,0,0,2026-06-16T08:58:11.995368
6,24,2,0,0,0,2026-06-16T08:58:13.796552
6,24,3,0,0,0,2026-06-16T08:58:14.998263
6,24,4,0,0,0,2026-06-16T08:58:16.206851
6,24,5,0,0,0,2026-06-16T08:58:17.826838
6,24,6,0,0,0,2026-06-16T08:58:19.831264
6,24,7,0,0,0,2026-06-16T08:58:21.298617
6,24,8,0,0,0,2026-06-16T08:58:22.917778
6,24,9,0,0,0,2026-06-16T08:58:24.808932
6,24,10,0,0,0,2026-06-16T08:58:26.240124
6,25,1,1,0,1,2026-06-16T08:58:27.240061
6,25,2,1,0,1,2026-06-16T08:58:28.241157
6,25,3,1,0,1,2026-06-16T08:58:29.722412
6,25,4,1,0,1,2026-06-16T08:58:31.985716
6,25,5,1,0,1,2026-06-16T08:58:34.206260
6,25,6,1,0,1,2026-06-16T08:58:36.009646
6,25,7,1,0,1,2026-06-16T08:58:38.222246
6,25,8,1,0,1,2026-06-16T08:58:39.623475
6,25,9,1,0,1,2026-06-16T08:58:41.091789
6,25,10,1,0,1,2026-06-16T08:58:42.697923
6,26,1,3,0,3,2026-06-16T08:58:44.503289
6,26,2,3,0,3,2026-06-16T08:58:45.700959
6,26,3,3,0,3,2026-06-16T08:58:47.309340
6,26,4,3,0,3,2026-06-16T08:58:48.907024
6,26,5,3,0,3,2026-06-16T08:58:50.896364
6,26,6,3,0,3,2026-06-16T08:58:52.919679
6,26,7,3,0,3,2026-06-16T08:58:54.141154
6,26,8,3,0,3,2026-06-16T08:58:55.545595
6,26,9,3,0,3,2026-06-16T08:58:56.365623
6,26,10,3,0,3,2026-06-16T08:58:57.269082
6,27,1,3,0,3,2026-06-16T08:58:59.282417
6,27,2,3,0,3,2026-06-16T08:59:01.300570
6,27,3,4,0,4,2026-06-16T08:59:03.314800
6,27,4,3,0,3,2026-06-16T08:59:05.322611
6,27,5,3,0,3,2026-06-16T08:59:07.134330
6,27,6,3,0,3,2026-06-16T08:59:08.121385
6,27,7,3,0,3,2026-06-16T08:59:09.330409
6,27,8,3,0,3,2026-06-16T08:59:10.929661
6,27,9,4,0,4,2026-06-16T08:59:12.563820
6,27,10,3,0,3,2026-06-16T08:59:13.770329
6,28,1,3,0,3,2026-06-16T08:59:15.569414
6,28,2,3,0,3,2026-06-16T08:59:16.374781
6,28,3,3,0,3,2026-06-16T08:59:17.580491
6,28,4,3,0,3,2026-06-16T08:59:19.542263
6,28,5,3,0,3,2026-06-16T08:59:21.143616
6,28,6,3,0,3,2026-06-16T08:59:22.565053
6,28,7,3,0,3,2026-06-16T08:59:23.404844
6,28,8,3,0,3,2026-06-16T08:59:24.981706
6,28,9,3,0,3,2026-06-16T08:59:27.178838
6,28,10,3,0,3,2026-06-16T08:59:29.831560
6,29,1,3,0,3,2026-06-16T08:59:31.272838
6,29,2,3,0,3,2026-06-16T08:59:32.272483
6,29,3,3,0,3,2026-06-16T08:59:34.501475
6,29,4,3,0,3,2026-06-16T08:59:35.907646
6,29,5,3,0,3,2026-06-16T08:59:37.123726
6,29,6,3,0,3,2026-06-16T08:59:37.918261
6,29,7,3,0,3,2026-06-16T08:59:38.945177
6,29,8,3,0,3,2026-06-16T08:59:39.948700
6,29,9,3,0,3,2026-06-16T08:59:40.958236
6,29,10,3,0,3,2026-06-16T08:59:42.156601
6,30,1,3,0,3,2026-06-16T08:59:43.958759
6,30,2,3,0,3,2026-06-16T08:59:45.167142
6,30,3,3,0,3,2026-06-16T08:59:46.783571
6,30,4,3,0,3,2026-06-16T08:59:48.197052
6,30,5,3,0,3,2026-06-16T08:59:49.797937
6,30,6,3,0,3,2026-06-16T08:59:51.599085
6,30,7,3,0,3,2026-06-16T08:59:53.225482
6,30,8,3,0,3,2026-06-16T08:59:55.430218
6,30,9,3,0,3,2026-06-16T08:59:56.833771
6,30,10,3,0,3,2026-06-16T08:59:58.420544
7,1,1,5,0,5,2026-06-16T08:59:59.427119
7,1,2,5,0,5,2026-06-16T09:00:01.032386
7,1,3,5,0,5,2026-06-16T09:00:02.643445
7,1,4,5,0,5,2026-06-16T09:00:04.044764
7,1,5,5,0,5,2026-06-16T09:00:06.049141
7,1,6,5,0,5,2026-06-16T09:00:07.459626
7,1,7,5,0,5,2026-06-16T09:00:08.681940
7,1,8,5,0,5,2026-06-16T09:00:09.888951
7,1,9,5,0,5,2026-06-16T09:00:11.499554
7,1,10,5,0,5,2026-06-16T09:00:12.512789
7,2,1,4,0,4,2026-06-16T09:00:13.707066
7,2,2,4,0,4,2026-06-16T09:00:14.910638
7,2,3,4,0,4,2026-06-16T09:00:16.314071
7,2,4,4,0,4,2026-06-16T09:00:17.960531
7,2,5,4,0,4,2026-06-16T09:00:19.356832
7,2,6,4,0,4,2026-06-16T09:00:21.362045
7,2,7,4,0,4,2026-06-16T09:00:23.760315
7,2,8,5,0,5,2026-06-16T09:00:25.809704
7,2,9,4,0,4,2026-06-16T09:00:26.814678
7,2,10,5,0,5,2026-06-16T09:00:28.020964
7,3,1,2,0,2,2026-06-16T09:00:29.225775
7,3,2,2,0,2,2026-06-16T09:00:30.426311
7,3,3,2,0,2,2026-06-16T09:00:32.029335
7,3,4,2,0,2,2026-06-16T09:00:33.621852
7,3,5,2,0,2,2026-06-16T09:00:35.265559
7,3,6,2,0,2,2026-06-16T09:00:36.903650
7,3,7,2,0,2,2026-06-16T09:00:37.700888
7,3,8,2,0,2,2026-06-16T09:00:39.310241
7,3,9,2,0,2,2026-06-16T09:00:40.315824
7,3,10,2,0,2,2026-06-16T09:00:41.514675
7,4,1,2,0,2,2026-06-16T09:00:42.947808
7,4,2,2,0,2,2026-06-16T09:00:44.164474
7,4,3,2,0,2,2026-06-16T09:00:45.772499
7,4,4,2,0,2,2026-06-16T09:00:47.378075
7,4,5,2,0,2,2026-06-16T09:00:49.182036
7,4,6,2,0,2,2026-06-16T09:00:51.104987
7,4,7,2,0,2,2026-06-16T09:00:52.286702
7,4,8,2,0,2,2026-06-16T09:00:54.004795
7,4,9,2,0,2,2026-06-16T09:00:55.828064
7,4,10,2,0,2,2026-06-16T09:00:57.042348
7,5,1,2,0,2,2026-06-16T09:00:58.651362
7,5,2,2,0,2,2026-06-16T09:00:59.656900
7,5,3,2,0,2,2026-06-16T09:01:01.270886
7,5,4,2,0,2,2026-06-16T09:01:02.709915
7,5,5,2,0,2,2026-06-16T09:01:04.131905
7,5,6,2,0,2,2026-06-16T09:01:05.782837
7,5,7,2,0,2,2026-06-16T09:01:07.187865
7,5,8,2,0,2,2026-06-16T09:01:08.797638
7,5,9,2,0,2,2026-06-16T09:01:09.879799
7,5,10,2,0,2,2026-06-16T09:01:10.881696
7,6,1,5,0,5,2026-06-16T09:01:11.669479
7,6,2,5,0,5,2026-06-16T09:01:12.489250
7,6,3,5,0,5,2026-06-16T09:01:13.730021
7,6,4,5,0,5,2026-06-16T09:01:15.334194
7,6,5,5,0,5,2026-06-16T09:01:17.129295
7,6,6,5,0,5,2026-06-16T09:01:18.126227
7,6,7,5,0,5,2026-06-16T09:01:19.743843
7,6,8,5,0,5,2026-06-16T09:01:21.567979
7,6,9,5,0,5,2026-06-16T09:01:22.790131
7,6,10,5,0,5,2026-06-16T09:01:23.990053
7,7,1,5,0,5,2026-06-16T09:01:25.202395
7,7,2,5,0,5,2026-06-16T09:01:26.399578
7,7,3,5,0,5,2026-06-16T09:01:28.019077
7,7,4,5,0,5,2026-06-16T09:01:29.421684
7,7,5,5,0,5,2026-06-16T09:01:31.024228
7,7,6,5,0,5,2026-06-16T09:01:33.008093
7,7,7,5,0,5,2026-06-16T09:01:34.614474
7,7,8,5,0,5,2026-06-16T09:01:35.829310
7,7,9,5,0,5,2026-06-16T09:01:36.838151
7,7,10,5,0,5,2026-06-16T09:01:38.124430
7,8,1,4,0,4,2026-06-16T09:01:39.125193
7,8,2,4,0,4,2026-06-16T09:01:41.308960
7,8,3,4,0,4,2026-06-16T09:01:43.119032
7,8,4,3,0,3,2026-06-16T09:01:44.731803
7,8,5,4,0,4,2026-06-16T09:01:46.532625
7,8,6,3,0,3,2026-06-16T09:01:47.938137
7,8,7,4,0,4,2026-06-16T09:01:48.995367
7,8,8,4,0,4,2026-06-16T09:01:50.839662
7,8,9,4,0,4,2026-06-16T09:01:52.646049
7,8,10,4,0,4,2026-06-16T09:01:54.241333
7,9,1,2,0,2,2026-06-16T09:01:55.443997
7,9,2,2,0,2,2026-06-16T09:01:56.673415
7,9,3,2,0,2,2026-06-16T09:01:57.680781
7,9,4,2,0,2,2026-06-16T09:01:59.286190
7,9,5,2,0,2,2026-06-16T09:02:00.888988
7,9,6,2,0,2,2026-06-16T09:02:02.817813
7,9,7,2,0,2,2026-06-16T09:02:03.828158
7,9,8,2,0,2,2026-06-16T09:02:05.245021
7,9,9,2,0,2,2026-06-16T09:02:06.658853
7,9,10,2,0,2,2026-06-16T09:02:08.262076
7,10,1,2,0,2,2026-06-16T09:02:11.390868
7,10,2,2,0,2,2026-06-16T09:02:13.197603
7,10,3,2,0,2,2026-06-16T09:02:14.699147
7,10,4,2,0,2,2026-06-16T09:02:16.919192
7,10,5,2,0,2,2026-06-16T09:02:20.663807
7,10,6,2,0,2,2026-06-16T09:02:22.478347
7,10,7,2,0,2,2026-06-16T09:02:23.677579
7,10,8,2,0,2,2026-06-16T09:02:25.485768
7,10,9,2,0,2,2026-06-16T09:02:26.891791
7,10,10,2,0,2,2026-06-16T09:02:28.111727
7,11,1,5,0,5,2026-06-16T09:02:29.523182
7,11,2,5,0,5,2026-06-16T09:02:30.525381
7,11,3,5,0,5,2026-06-16T09:02:31.929134
7,11,4,5,0,5,2026-06-16T09:02:33.436069
7,11,5,5,0,5,2026-06-16T09:02:35.669493
7,11,6,5,0,5,2026-06-16T09:02:38.581357
7,11,7,5,0,5,2026-06-16T09:02:39.781016
7,11,8,5,0,5,2026-06-16T09:02:40.987120
7,11,9,5,0,5,2026-06-16T09:02:42.201900
7,11,10,5,0,5,2026-06-16T09:02:43.607726
7,12,1,5,0,5,2026-06-16T09:02:45.025399
7,12,2,5,0,5,2026-06-16T09:02:46.426321
7,12,3,5,0,5,2026-06-16T09:02:47.670751
7,12,4,5,0,5,2026-06-16T09:02:49.484559
7,12,5,5,0,5,2026-06-16T09:02:51.308129
7,12,6,5,0,5,2026-06-16T09:02:52.364535
7,12,7,5,0,5,2026-06-16T09:02:53.378711
7,12,8,5,0,5,2026-06-16T09:02:54.584624
7,12,9,5,0,5,2026-06-16T09:02:55.780439
7,12,10,5,0,5,2026-06-16T09:02:57.383509
7,13,1,4,0,4,2026-06-16T09:02:59.036343
7,13,2,4,0,4,2026-06-16T09:03:00.451272
7,13,3,4,0,4,2026-06-16T09:03:01.857747
7,13,4,4,0,4,2026-06-16T09:03:03.868854
7,13,5,4,0,4,2026-06-16T09:03:07.652897
7,13,6,4,0,4,2026-06-16T09:03:09.067058
7,13,7,4,0,4,2026-06-16T09:03:10.270003
7,13,8,4,0,4,2026-06-16T09:03:11.068444
7,13,9,4,0,4,2026-06-16T09:03:11.878038
7,13,10,4,0,4,2026-06-16T09:03:13.119385
7,14,1,3,0,3,2026-06-16T09:03:14.720376
7,14,2,3,0,3,2026-06-16T09:03:16.328773
7,14,3,3,0,3,2026-06-16T09:03:18.342922
7,14,4,3,0,3,2026-06-16T09:03:19.551562
7,14,5,3,0,3,2026-06-16T09:03:20.777993
7,14,6,4,0,4,2026-06-16T09:03:21.987756
7,14,7,4,0,4,2026-06-16T09:03:23.612851
7,14,8,3,0,3,2026-06-16T09:03:25.234395
7,14,9,3,0,3,2026-06-16T09:03:27.059727
7,14,10,3,0,3,2026-06-16T09:03:29.264677
7,15,1,2,0,2,2026-06-16T09:03:31.081894
7,15,2,2,0,2,2026-06-16T09:03:32.883497
7,15,3,2,0,2,2026-06-16T09:03:34.777218
7,15,4,2,0,2,2026-06-16T09:03:36.405591
7,15,5,2,0,2,2026-06-16T09:03:37.579210
7,15,6,2,0,2,2026-06-16T09:03:39.165173
7,15,7,2,0,2,2026-06-16T09:03:40.979714
7,15,8,2,0,2,2026-06-16T09:03:42.593390
7,15,9,2,0,2,2026-06-16T09:03:43.793719
7,15,10,2,0,2,2026-06-16T09:03:44.986517
7,16,1,5,0,5,2026-06-16T09:03:46.218350
7,16,2,5,0,5,2026-06-16T09:03:47.231486
7,16,3,5,0,5,2026-06-16T09:03:49.043432
7,16,4,5,0,5,2026-06-16T09:03:50.666471
7,16,5,5,0,5,2026-06-16T09:03:51.469911
7,16,6,5,0,5,2026-06-16T09:03:53.074356
7,16,7,5,0,5,2026-06-16T09:03:54.103457
7,16,8,5,0,5,2026-06-16T09:03:56.332280
7,16,9,5,0,5,2026-06-16T09:03:57.911278
7,16,10,5,0,5,2026-06-16T09:03:58.941690
7,17,1,5,0,5,2026-06-16T09:04:00.162109
7,17,2,5,0,5,2026-06-16T09:04:01.993978
7,17,3,5,0,5,2026-06-16T09:04:03.005524
7,17,4,5,0,5,2026-06-16T09:04:04.021143
7,17,5,5,0,5,2026-06-16T09:04:05.208933
7,17,6,5,0,5,2026-06-16T09:04:07.020893
7,17,7,5,0,5,2026-06-16T09:04:08.635345
7,17,8,5,0,5,2026-06-16T09:04:10.259505
7,17,9,5,0,5,2026-06-16T09:04:11.463997
7,17,10,5,0,5,2026-06-16T09:04:13.080548
7,18,1,4,0,4,2026-06-16T09:04:14.916055
7,18,2,4,0,4,2026-06-16T09:04:15.895250
7,18,3,4,0,4,2026-06-16T09:04:17.501598
7,18,4,4,0,4,2026-06-16T09:04:18.501551
7,18,5,4,0,4,2026-06-16T09:04:20.726893
7,18,6,4,0,4,2026-06-16T09:04:22.725800
7,18,7,4,0,4,2026-06-16T09:04:25.355222
7,18,8,4,0,4,2026-06-16T09:04:27.001922
7,18,9,4,0,4,2026-06-16T09:04:28.607654
7,18,10,4,0,4,2026-06-16T09:04:29.791668
7,19,1,3,0,3,2026-06-16T09:04:31.001828
7,19,2,3,0,3,2026-06-16T09:04:31.996087
7,19,3,3,0,3,2026-06-16T09:04:33.989597
7,19,4,3,0,3,2026-06-16T09:04:34.796492
7,19,5,3,0,3,2026-06-16T09:04:35.787233
7,19,6,3,0,3,2026-06-16T09:04:37.016345
7,19,7,3,0,3,2026-06-16T09:04:38.626068
7,19,8,3,0,3,2026-06-16T09:04:40.445749
7,19,9,3,0,3,2026-06-16T09:04:42.060894
7,19,10,3,0,3,2026-06-16T09:04:43.258802
7,20,1,3,0,3,2026-06-16T09:04:44.271270
7,20,2,3,0,3,2026-06-16T09:04:45.469153
7,20,3,3,0,3,2026-06-16T09:04:47.118809
7,20,4,3,0,3,2026-06-16T09:04:48.735906
7,20,5,3,0,3,2026-06-16T09:04:51.137308
7,20,6,3,0,3,2026-06-16T09:04:53.147427
7,20,7,3,0,3,2026-06-16T09:04:54.941075
7,20,8,3,0,3,2026-06-16T09:04:56.140793
7,20,9,3,0,3,2026-06-16T09:04:57.747606
7,20,10,3,0,3,2026-06-16T09:04:59.348951
7,21,1,5,0,5,2026-06-16T09:05:00.754197
7,21,2,5,0,5,2026-06-16T09:05:01.748967
7,21,3,5,0,5,2026-06-16T09:05:03.559994
7,21,4,5,0,5,2026-06-16T09:05:04.959339
7,21,5,5,0,5,2026-06-16T09:05:06.576678
7,21,6,5,0,5,2026-06-16T09:05:08.184416
7,21,7,5,0,5,2026-06-16T09:05:09.589620
7,21,8,5,0,5,2026-06-16T09:05:10.800734
7,21,9,5,0,5,2026-06-16T09:05:12.200846
7,21,10,5,0,5,2026-06-16T09:05:13.609567
7,22,1,5,0,5,2026-06-16T09:05:14.650593
7,22,2,5,0,5,2026-06-16T09:05:16.056035
7,22,3,5,0,5,2026-06-16T09:05:17.475988
7,22,4,5,0,5,2026-06-16T09:05:21.599369
7,22,5,5,0,5,2026-06-16T09:05:23.219248
7,22,6,5,0,5,2026-06-16T09:05:24.224833
7,22,7,5,0,5,2026-06-16T09:05:26.033321
7,22,8,5,0,5,2026-06-16T09:05:27.647530
7,22,9,5,0,5,2026-06-16T09:05:28.858284
7,22,10,5,0,5,2026-06-16T09:05:30.275543
7,23,1,3,0,3,2026-06-16T09:05:32.294876
7,23,2,3,0,3,2026-06-16T09:05:33.514530
7,23,3,3,0,3,2026-06-16T09:05:35.319656
7,23,4,3,0,3,2026-06-16T09:05:36.920968
7,23,5,3,0,3,2026-06-16T09:05:38.120636
7,23,6,3,0,3,2026-06-16T09:05:39.332229
7,23,7,3,0,3,2026-06-16T09:05:40.547615
7,23,8,3,0,3,2026-06-16T09:05:42.361011
7,23,9,3,0,3,2026-06-16T09:05:44.173019
7,23,10,3,0,3,2026-06-16T09:05:45.595271
7,24,1,1,0,1,2026-06-16T09:05:46.803855
7,24,2,0,0,0,2026-06-16T09:05:48.016189
7,24,3,1,0,1,2026-06-16T09:05:49.430784
7,24,4,1,0,1,2026-06-16T09:05:50.631136
7,24,5,1,0,1,2026-06-16T09:05:51.446729
7,24,6,1,0,1,2026-06-16T09:05:52.256159
7,24,7,1,0,1,2026-06-16T09:05:53.850253
7,24,8,1,0,1,2026-06-16T09:05:55.468474
7,24,9,1,0,1,2026-06-16T09:05:56.674410
7,24,10,1,0,1,2026-06-16T09:05:58.276398
7,25,1,1,0,1,2026-06-16T09:05:59.697456
7,25,2,1,0,1,2026-06-16T09:06:00.881145
7,25,3,1,0,1,2026-06-16T09:06:02.076593
7,25,4,1,0,1,2026-06-16T09:06:02.879199
7,25,5,1,0,1,2026-06-16T09:06:04.506356
7,25,6,1,0,1,2026-06-16T09:06:05.920470
7,25,7,1,0,1,2026-06-16T09:06:08.608162
7,25,8,1,0,1,2026-06-16T09:06:10.414032
7,25,9,1,0,1,2026-06-16T09:06:11.816957
7,25,10,1,0,1,2026-06-16T09:06:14.229601
7,26,1,3,0,3,2026-06-16T09:06:16.049830
7,26,2,3,0,3,2026-06-16T09:06:17.050112
7,26,3,3,0,3,2026-06-16T09:06:18.048365
7,26,4,3,0,3,2026-06-16T09:06:19.120430
7,26,5,3,0,3,2026-06-16T09:06:20.358867
7,26,6,3,0,3,2026-06-16T09:06:21.153467
7,26,7,3,0,3,2026-06-16T09:06:22.156580
7,26,8,3,0,3,2026-06-16T09:06:22.953951
7,26,9,3,0,3,2026-06-16T09:06:24.144118
7,26,10,3,0,3,2026-06-16T09:06:25.745649
7,27,1,4,0,4,2026-06-16T09:06:27.149890
7,27,2,4,0,4,2026-06-16T09:06:28.768766
7,27,3,5,0,5,2026-06-16T09:06:30.392580
7,27,4,5,0,5,2026-06-16T09:06:31.597973
7,27,5,4,0,4,2026-06-16T09:06:33.217778
7,27,6,4,0,4,2026-06-16T09:06:34.424205
7,27,7,4,0,4,2026-06-16T09:06:36.436612
7,27,8,4,0,4,2026-06-16T09:06:37.643128
7,27,9,4,0,4,2026-06-16T09:06:39.254405
7,27,10,4,0,4,2026-06-16T09:06:40.867871
7,28,1,2,0,2,2026-06-16T09:06:42.273900
7,28,2,2,0,2,2026-06-16T09:06:43.871373
7,28,3,2,0,2,2026-06-16T09:06:44.668889
7,28,4,2,0,2,2026-06-16T09:06:46.273114
7,28,5,3,0,3,2026-06-16T09:06:47.877039
7,28,6,2,0,2,2026-06-16T09:06:49.543661
7,28,7,2,0,2,2026-06-16T09:06:50.756706
7,28,8,2,0,2,2026-06-16T09:06:51.960110
7,28,9,2,0,2,2026-06-16T09:06:52.775164
7,28,10,2,0,2,2026-06-16T09:06:53.994485
7,29,1,3,0,3,2026-06-16T09:06:55.811814
7,29,2,3,0,3,2026-06-16T09:06:57.022334
7,29,3,3,0,3,2026-06-16T09:06:58.230729
7,29,4,3,0,3,2026-06-16T09:07:00.031340
7,29,5,3,0,3,2026-06-16T09:07:01.038369
7,29,6,3,0,3,2026-06-16T09:07:03.444818
7,29,7,3,0,3,2026-06-16T09:07:05.662610
7,29,8,3,0,3,2026-06-16T09:07:07.674178
7,29,9,3,0,3,2026-06-16T09:07:09.078632
7,29,10,3,0,3,2026-06-16T09:07:10.890283
7,30,1,3,0,3,2026-06-16T09:07:11.897382
7,30,2,3,0,3,2026-06-16T09:07:12.891125
7,30,3,3,0,3,2026-06-16T09:07:14.500329
7,30,4,3,0,3,2026-06-16T09:07:15.906448
7,30,5,3,0,3,2026-06-16T09:07:17.289558
7,30,6,3,0,3,2026-06-16T09:07:18.894947
7,30,7,3,0,3,2026-06-16T09:07:20.776385
7,30,8,3,0,3,2026-06-16T09:07:21.996793
7,30,9,3,0,3,2026-06-16T09:07:23.202632
7,30,10,3,0,3,2026-06-16T09:07:24.806406
8,1,1,2,0,2,2026-06-16T09:07:25.813570
8,1,2,2,0,2,2026-06-16T09:07:27.222905
8,1,3,3,0,3,2026-06-16T09:07:29.242960
8,1,4,2,0,2,2026-06-16T09:07:31.648826
8,1,5,2,0,2,2026-06-16T09:07:33.241583
8,1,6,2,0,2,2026-06-16T09:07:34.850475
8,1,7,2,0,2,2026-06-16T09:07:36.456207
8,1,8,2,0,2,2026-06-16T09:07:37.472543
8,1,9,2,0,2,2026-06-16T09:07:38.682438
8,1,10,2,0,2,2026-06-16T09:07:39.873490
8,2,1,3,0,3,2026-06-16T09:07:41.475224
8,2,2,3,0,3,2026-06-16T09:07:42.283792
8,2,3,3,0,3,2026-06-16T09:07:43.894311
8,2,4,3,0,3,2026-06-16T09:07:45.294261
8,2,5,3,0,3,2026-06-16T09:07:46.990444
8,2,6,3,0,3,2026-06-16T09:07:48.817743
8,2,7,3,0,3,2026-06-16T09:07:50.052374
8,2,8,3,0,3,2026-06-16T09:07:51.282198
8,2,9,3,0,3,2026-06-16T09:07:52.914367
8,2,10,3,0,3,2026-06-16T09:07:54.316140
8,3,1,2,0,2,2026-06-16T09:07:55.936682
8,3,2,2,0,2,2026-06-16T09:07:58.829539
8,3,3,2,0,2,2026-06-16T09:08:00.646013
8,3,4,2,0,2,2026-06-16T09:08:02.259845
8,3,5,2,0,2,2026-06-16T09:08:03.272283
8,3,6,2,0,2,2026-06-16T09:08:04.874882
8,3,7,2,0,2,2026-06-16T09:08:06.710078
8,3,8,2,0,2,2026-06-16T09:08:07.934161
8,3,9,2,0,2,2026-06-16T09:08:09.540873
8,3,10,2,0,2,2026-06-16T09:08:10.732134
8,4,1,2,0,2,2026-06-16T09:08:12.382853
8,4,2,2,0,2,2026-06-16T09:08:13.481029
8,4,3,2,0,2,2026-06-16T09:08:15.489223
8,4,4,2,0,2,2026-06-16T09:08:16.690229
8,4,5,2,0,2,2026-06-16T09:08:17.907598
8,4,6,2,0,2,2026-06-16T09:08:19.302001
8,4,7,2,0,2,2026-06-16T09:08:20.914292
8,4,8,2,0,2,2026-06-16T09:08:23.353795
8,4,9,2,0,2,2026-06-16T09:08:24.783348
8,4,10,2,0,2,2026-06-16T09:08:26.393592
8,5,1,2,0,2,2026-06-16T09:08:27.812410
8,5,2,2,0,2,2026-06-16T09:08:28.870147
8,5,3,2,0,2,2026-06-16T09:08:29.862845
8,5,4,2,0,2,2026-06-16T09:08:31.474953
8,5,5,2,0,2,2026-06-16T09:08:33.285737
8,5,6,2,0,2,2026-06-16T09:08:34.698384
8,5,7,2,0,2,2026-06-16T09:08:36.552360
8,5,8,2,0,2,2026-06-16T09:08:37.474064
8,5,9,2,0,2,2026-06-16T09:08:39.075086
8,5,10,2,0,2,2026-06-16T09:08:40.498663
8,6,1,4,0,4,2026-06-16T09:08:41.980202
8,6,2,4,0,4,2026-06-16T09:08:43.396677
8,6,3,4,0,4,2026-06-16T09:08:44.638831
8,6,4,4,0,4,2026-06-16T09:08:45.436642
8,6,5,4,0,4,2026-06-16T09:08:46.641746
8,6,6,4,0,4,2026-06-16T09:08:48.038601
8,6,7,4,0,4,2026-06-16T09:08:50.578895
8,6,8,4,0,4,2026-06-16T09:08:53.737359
8,6,9,4,0,4,2026-06-16T09:08:54.934604
8,6,10,4,0,4,2026-06-16T09:08:56.744997
8,7,1,4,0,4,2026-06-16T09:08:58.351935
8,7,2,4,0,4,2026-06-16T09:08:59.561556
8,7,3,4,0,4,2026-06-16T09:09:01.170584
8,7,4,3,0,3,2026-06-16T09:09:02.980544
8,7,5,4,0,4,2026-06-16T09:09:04.584758
8,7,6,4,0,4,2026-06-16T09:09:05.768475
8,7,7,4,0,4,2026-06-16T09:09:06.766325
8,7,8,4,0,4,2026-06-16T09:09:08.156622
8,7,9,4,0,4,2026-06-16T09:09:09.552058
8,7,10,4,0,4,2026-06-16T09:09:10.755217
8,8,1,2,0,2,2026-06-16T09:09:12.361724
8,8,2,2,0,2,2026-06-16T09:09:13.572706
8,8,3,2,0,2,2026-06-16T09:09:14.848437
8,8,4,2,0,2,2026-06-16T09:09:17.260357
8,8,5,2,0,2,2026-06-16T09:09:19.057692
8,8,6,2,0,2,2026-06-16T09:09:20.247571
8,8,7,2,0,2,2026-06-16T09:09:21.446518
8,8,8,2,0,2,2026-06-16T09:09:22.937250
8,8,9,2,0,2,2026-06-16T09:09:24.356789
8,8,10,2,0,2,2026-06-16T09:09:25.577167
8,9,1,2,0,2,2026-06-16T09:09:27.586202
8,9,2,2,0,2,2026-06-16T09:09:28.806452
8,9,3,2,0,2,2026-06-16T09:09:29.613597
8,9,4,2,0,2,2026-06-16T09:09:31.216939
8,9,5,2,0,2,2026-06-16T09:09:32.606398
8,9,6,2,0,2,2026-06-16T09:09:34.421635
8,9,7,2,0,2,2026-06-16T09:09:35.624222
8,9,8,2,0,2,2026-06-16T09:09:37.035387
8,9,9,2,0,2,2026-06-16T09:09:38.046225
8,9,10,2,0,2,2026-06-16T09:09:39.733447
8,10,1,1,0,1,2026-06-16T09:09:41.133109
8,10,2,1,0,1,2026-06-16T09:09:43.144186
8,10,3,1,0,1,2026-06-16T09:09:44.743164
8,10,4,1,0,1,2026-06-16T09:09:46.943487
8,10,5,1,0,1,2026-06-16T09:09:48.556912
8,10,6,1,0,1,2026-06-16T09:09:49.556986
8,10,7,1,0,1,2026-06-16T09:09:50.755487
8,10,8,1,0,1,2026-06-16T09:09:52.137766
8,10,9,1,0,1,2026-06-16T09:09:53.134766
8,10,10,1,0,1,2026-06-16T09:09:54.541629
8,11,1,2,0,2,2026-06-16T09:09:55.959039
8,11,2,3,0,3,2026-06-16T09:09:57.161775
8,11,3,3,0,3,2026-06-16T09:09:58.365384
8,11,4,3,0,3,2026-06-16T09:09:59.374685
8,11,5,3,0,3,2026-06-16T09:10:00.575475
8,11,6,3,0,3,2026-06-16T09:10:02.174486
8,11,7,3,0,3,2026-06-16T09:10:03.972819
8,11,8,3,0,3,2026-06-16T09:10:05.592019
8,11,9,3,0,3,2026-06-16T09:10:07.417392
8,11,10,2,0,2,2026-06-16T09:10:09.427627
8,12,1,4,0,4,2026-06-16T09:10:11.681096
8,12,2,4,0,4,2026-06-16T09:10:13.108024
8,12,3,4,0,4,2026-06-16T09:10:14.905638
8,12,4,4,0,4,2026-06-16T09:10:15.912146
8,12,5,4,0,4,2026-06-16T09:10:16.914588
8,12,6,4,0,4,2026-06-16T09:10:18.326035
8,12,7,4,0,4,2026-06-16T09:10:20.183741
8,12,8,4,0,4,2026-06-16T09:10:21.191860
8,12,9,4,0,4,2026-06-16T09:10:22.800120
8,12,10,4,0,4,2026-06-16T09:10:24.009964
8,13,1,2,0,2,2026-06-16T09:10:26.023896
8,13,2,2,0,2,2026-06-16T09:10:27.831737
8,13,3,2,0,2,2026-06-16T09:10:28.638581
8,13,4,2,0,2,2026-06-16T09:10:30.255086
8,13,5,2,0,2,2026-06-16T09:10:31.893174
8,13,6,2,0,2,2026-06-16T09:10:32.692012
8,13,7,2,0,2,2026-06-16T09:10:33.687943
8,13,8,2,0,2,2026-06-16T09:10:35.094994
8,13,9,2,0,2,2026-06-16T09:10:37.731272
8,13,10,2,0,2,2026-06-16T09:10:39.955400
8,14,1,4,0,4,2026-06-16T09:10:41.364949
8,14,2,4,0,4,2026-06-16T09:10:42.780533
8,14,3,4,0,4,2026-06-16T09:10:44.585640
8,14,4,4,0,4,2026-06-16T09:10:46.383849
8,14,5,4,0,4,2026-06-16T09:10:47.973435
8,14,6,4,0,4,2026-06-16T09:10:50.083028
8,14,7,4,0,4,2026-06-16T09:10:51.181271
8,14,8,4,0,4,2026-06-16T09:10:53.193477
8,14,9,4,0,4,2026-06-16T09:10:54.422405
8,14,10,4,0,4,2026-06-16T09:10:55.632008
8,15,1,2,0,2,2026-06-16T09:10:57.051642
8,15,2,2,0,2,2026-06-16T09:10:57.847922
8,15,3,2,0,2,2026-06-16T09:10:59.056970
8,15,4,2,0,2,2026-06-16T09:10:59.855724
8,15,5,2,0,2,2026-06-16T09:11:01.068503
8,15,6,2,0,2,2026-06-16T09:11:02.271304
8,15,7,2,0,2,2026-06-16T09:11:03.473243
8,15,8,2,0,2,2026-06-16T09:11:05.887953
8,15,9,2,0,2,2026-06-16T09:11:07.095201
8,15,10,2,0,2,2026-06-16T09:11:09.121179
8,16,1,4,0,4,2026-06-16T09:11:10.933781
8,16,2,4,0,4,2026-06-16T09:11:12.749649
8,16,3,4,0,4,2026-06-16T09:11:13.941383
8,16,4,4,0,4,2026-06-16T09:11:15.129079
8,16,5,4,0,4,2026-06-16T09:11:16.749640
8,16,6,4,0,4,2026-06-16T09:11:17.960362
8,16,7,4,0,4,2026-06-16T09:11:19.561550
8,16,8,4,0,4,2026-06-16T09:11:21.180532
8,16,9,4,0,4,2026-06-16T09:11:22.375030
8,16,10,4,0,4,2026-06-16T09:11:23.589119
8,17,1,5,0,5,2026-06-16T09:11:24.802700
8,17,2,5,0,5,2026-06-16T09:11:26.016172
8,17,3,5,0,5,2026-06-16T09:11:26.825127
8,17,4,5,0,5,2026-06-16T09:11:28.610285
8,17,5,5,0,5,2026-06-16T09:11:31.555530
8,17,6,5,0,5,2026-06-16T09:11:33.364436
8,17,7,5,0,5,2026-06-16T09:11:34.760284
8,17,8,5,0,5,2026-06-16T09:11:35.969011
8,17,9,5,0,5,2026-06-16T09:11:36.984449
8,17,10,5,0,5,2026-06-16T09:11:38.786175
8,18,1,4,0,4,2026-06-16T09:11:40.617242
8,18,2,4,0,4,2026-06-16T09:11:42.235912
8,18,3,5,0,5,2026-06-16T09:11:43.044584
8,18,4,4,0,4,2026-06-16T09:11:44.848851
8,18,5,5,0,5,2026-06-16T09:11:46.051179
8,18,6,5,0,5,2026-06-16T09:11:47.252586
8,18,7,4,0,4,2026-06-16T09:11:48.941783
8,18,8,5,0,5,2026-06-16T09:11:50.135395
8,18,9,4,0,4,2026-06-16T09:11:51.344719
8,18,10,5,0,5,2026-06-16T09:11:52.149016
8,19,1,5,0,5,2026-06-16T09:11:53.547327
8,19,2,5,0,5,2026-06-16T09:11:54.957111
8,19,3,5,0,5,2026-06-16T09:11:56.781252
8,19,4,5,0,5,2026-06-16T09:11:58.781000
8,19,5,5,0,5,2026-06-16T09:12:00.593893
8,19,6,5,0,5,2026-06-16T09:12:01.661524
8,19,7,5,0,5,2026-06-16T09:12:02.868483
8,19,8,5,0,5,2026-06-16T09:12:04.266553
8,19,9,5,0,5,2026-06-16T09:12:05.061779
8,19,10,5,0,5,2026-06-16T09:12:06.299169
8,20,1,3,0,3,2026-06-16T09:12:07.911912
8,20,2,3,0,3,2026-06-16T09:12:12.450967
8,20,3,3,0,3,2026-06-16T09:12:14.278818
8,20,4,3,0,3,2026-06-16T09:12:15.895860
8,20,5,5,0,5,2026-06-16T09:12:17.111110
8,20,6,3,0,3,2026-06-16T09:12:18.119839
8,20,7,5,0,5,2026-06-16T09:12:18.922854
8,20,8,3,0,3,2026-06-16T09:12:19.992505
8,20,9,3,0,3,2026-06-16T09:12:21.797471
8,20,10,4,0,4,2026-06-16T09:12:23.608472
8,21,1,5,0,5,2026-06-16T09:12:25.207401
8,21,2,5,0,5,2026-06-16T09:12:27.204779
8,21,3,5,0,5,2026-06-16T09:12:29.591741
8,21,4,5,0,5,2026-06-16T09:12:30.995026
8,21,5,5,0,5,2026-06-16T09:12:32.608334
8,21,6,5,0,5,2026-06-16T09:12:34.227324
8,21,7,5,0,5,2026-06-16T09:12:35.759121
8,21,8,5,0,5,2026-06-16T09:12:37.376215
8,21,9,5,0,5,2026-06-16T09:12:38.994492
8,21,10,5,0,5,2026-06-16T09:12:39.806578
8,22,1,5,0,5,2026-06-16T09:12:41.023830
8,22,2,5,0,5,2026-06-16T09:12:42.439218
8,22,3,5,0,5,2026-06-16T09:12:43.846736
8,22,4,5,0,5,2026-06-16T09:12:45.257611
8,22,5,5,0,5,2026-06-16T09:12:46.652759
8,22,6,5,0,5,2026-06-16T09:12:48.070461
8,22,7,5,0,5,2026-06-16T09:12:48.862610
8,22,8,5,0,5,2026-06-16T09:12:49.592456
8,22,9,5,0,5,2026-06-16T09:12:50.790362
8,22,10,5,0,5,2026-06-16T09:12:52.029026
8,23,1,4,0,4,2026-06-16T09:12:53.224743
8,23,2,4,0,4,2026-06-16T09:12:55.648116
8,23,3,4,0,4,2026-06-16T09:12:57.866301
8,23,4,4,0,4,2026-06-16T09:12:59.462631
8,23,5,4,0,4,2026-06-16T09:13:00.875739
8,23,6,4,0,4,2026-06-16T09:13:02.484702
8,23,7,4,0,4,2026-06-16T09:13:03.641345
8,23,8,4,0,4,2026-06-16T09:13:05.352934
8,23,9,4,0,4,2026-06-16T09:13:06.974113
8,23,10,4,0,4,2026-06-16T09:13:08.998030
8,24,1,3,0,3,2026-06-16T09:13:10.270178
8,24,2,3,0,3,2026-06-16T09:13:11.687903
8,24,3,3,0,3,2026-06-16T09:13:12.683472
8,24,4,3,0,3,2026-06-16T09:13:14.301721
8,24,5,3,0,3,2026-06-16T09:13:15.707249
8,24,6,3,0,3,2026-06-16T09:13:17.122196
8,24,7,3,0,3,2026-06-16T09:13:18.726935
8,24,8,3,0,3,2026-06-16T09:13:21.689914
8,24,9,3,0,3,2026-06-16T09:13:23.717207
8,24,10,3,0,3,2026-06-16T09:13:24.715458
8,25,1,1,0,1,2026-06-16T09:13:26.745699
8,25,2,2,0,2,2026-06-16T09:13:27.548131
8,25,3,2,0,2,2026-06-16T09:13:28.770469
8,25,4,2,0,2,2026-06-16T09:13:30.387791
8,25,5,2,0,2,2026-06-16T09:13:32.184759
8,25,6,2,0,2,2026-06-16T09:13:33.392750
8,25,7,2,0,2,2026-06-16T09:13:34.598158
8,25,8,2,0,2,2026-06-16T09:13:35.801813
8,25,9,2,0,2,2026-06-16T09:13:36.623385
8,25,10,1,0,1,2026-06-16T09:13:37.846803
8,26,1,5,0,5,2026-06-16T09:13:39.058910
8,26,2,5,0,5,2026-06-16T09:13:40.667833
8,26,3,5,0,5,2026-06-16T09:13:41.469893
8,26,4,5,0,5,2026-06-16T09:13:42.884009
8,26,5,5,0,5,2026-06-16T09:13:43.905475
8,26,6,5,0,5,2026-06-16T09:13:45.320716
8,26,7,5,0,5,2026-06-16T09:13:46.924978
8,26,8,5,0,5,2026-06-16T09:13:48.925022
8,26,9,5,0,5,2026-06-16T09:13:50.203336
8,26,10,5,0,5,2026-06-16T09:13:52.020752
8,27,1,2,0,2,2026-06-16T09:13:53.018459
8,27,2,2,0,2,2026-06-16T09:13:54.652196
8,27,3,2,0,2,2026-06-16T09:13:56.517797
8,27,4,2,0,2,2026-06-16T09:13:59.984834
8,27,5,2,0,2,2026-06-16T09:14:01.795540
8,27,6,2,0,2,2026-06-16T09:14:03.001939
8,27,7,2,0,2,2026-06-16T09:14:04.605711
8,27,8,2,0,2,2026-06-16T09:14:05.408487
8,27,9,2,0,2,2026-06-16T09:14:06.900415
8,27,10,2,0,2,2026-06-16T09:14:08.314273
8,28,1,4,0,4,2026-06-16T09:14:10.115000
8,28,2,4,0,4,2026-06-16T09:14:10.935075
8,28,3,4,0,4,2026-06-16T09:14:11.939973
8,28,4,4,0,4,2026-06-16T09:14:13.149021
8,28,5,4,0,4,2026-06-16T09:14:15.350515
8,28,6,4,0,4,2026-06-16T09:14:18.504579
8,28,7,4,0,4,2026-06-16T09:14:19.908097
8,28,8,4,0,4,2026-06-16T09:14:20.713310
8,28,9,4,0,4,2026-06-16T09:14:21.538950
8,28,10,4,0,4,2026-06-16T09:14:22.354543
8,29,1,4,0,4,2026-06-16T09:14:24.164324
8,29,2,4,0,4,2026-06-16T09:14:26.454769
8,29,3,4,0,4,2026-06-16T09:14:27.659310
8,29,4,4,0,4,2026-06-16T09:14:29.073231
8,29,5,4,0,4,2026-06-16T09:14:30.289290
8,29,6,4,0,4,2026-06-16T09:14:32.598755
8,29,7,4,0,4,2026-06-16T09:14:34.441804
8,29,8,4,0,4,2026-06-16T09:14:36.263204
8,29,9,4,0,4,2026-06-16T09:14:37.676106
8,29,10,4,0,4,2026-06-16T09:14:39.087522
8,30,1,3,0,3,2026-06-16T09:14:41.304644
8,30,2,3,0,3,2026-06-16T09:14:43.095245
8,30,3,3,0,3,2026-06-16T09:14:46.536993
8,30,4,3,0,3,2026-06-16T09:14:48.168218
8,30,5,3,0,3,2026-06-16T09:14:48.978182
8,30,6,5,0,5,2026-06-16T09:14:50.204899
8,30,7,5,0,5,2026-06-16T09:14:51.817783
8,30,8,5,0,5,2026-06-16T09:14:53.898160
8,30,9,5,0,5,2026-06-16T09:14:55.301853
8,30,10,5,0,5,2026-06-16T09:14:56.315082
9,1,1,5,0,5,2026-06-16T09:14:58.119169
9,1,2,5,0,5,2026-06-16T09:14:59.730617
9,1,3,5,0,5,2026-06-16T09:15:00.939871
9,1,4,5,0,5,2026-06-16T09:15:02.554089
9,1,5,5,0,5,2026-06-16T09:15:03.363474
9,1,6,5,0,5,2026-06-16T09:15:04.446989
9,1,7,5,0,5,2026-06-16T09:15:05.263718
9,1,8,5,0,5,2026-06-16T09:15:07.078581
9,1,9,5,0,5,2026-06-16T09:15:08.899109
9,1,10,5,0,5,2026-06-16T09:15:12.692240
9,2,1,5,0,5,2026-06-16T09:15:14.470392
9,2,2,5,0,5,2026-06-16T09:15:15.684678
9,2,3,5,0,5,2026-06-16T09:15:16.885387
9,2,4,5,0,5,2026-06-16T09:15:18.492039
9,2,5,5,0,5,2026-06-16T09:15:19.708327
9,2,6,5,0,5,2026-06-16T09:15:21.119601
9,2,7,5,0,5,2026-06-16T09:15:22.332172
9,2,8,5,0,5,2026-06-16T09:15:23.535480
9,2,9,5,0,5,2026-06-16T09:15:25.548002
9,2,10,5,0,5,2026-06-16T09:15:27.335406
9,3,1,2,0,2,2026-06-16T09:15:28.535829
9,3,2,2,0,2,2026-06-16T09:15:29.936131
9,3,3,1,0,1,2026-06-16T09:15:31.149816
9,3,4,2,0,2,2026-06-16T09:15:33.043843
9,3,5,2,0,2,2026-06-16T09:15:34.055021
9,3,6,2,0,2,2026-06-16T09:15:36.681685
9,3,7,2,0,2,2026-06-16T09:15:39.878774
9,3,8,1,0,1,2026-06-16T09:15:41.475819
9,3,9,1,0,1,2026-06-16T09:15:44.113768
9,3,10,1,0,1,2026-06-16T09:15:45.918162
9,4,1,1,0,1,2026-06-16T09:15:47.725761
9,4,2,1,0,1,2026-06-16T09:15:48.736525
9,4,3,2,0,2,2026-06-16T09:15:49.976568
9,4,4,2,0,2,2026-06-16T09:15:51.577026
9,4,5,1,0,1,2026-06-16T09:15:53.181136
9,4,6,1,0,1,2026-06-16T09:15:54.389835
9,4,7,1,0,1,2026-06-16T09:15:55.600664
9,4,8,1,0,1,2026-06-16T09:15:57.221273
9,4,9,2,0,2,2026-06-16T09:15:58.426889
9,4,10,1,0,1,2026-06-16T09:15:59.427589
9,5,1,1,0,1,2026-06-16T09:16:00.844163
9,5,2,1,0,1,2026-06-16T09:16:02.445589
9,5,3,1,0,1,2026-06-16T09:16:04.055243
9,5,4,1,0,1,2026-06-16T09:16:06.685865
9,5,5,1,0,1,2026-06-16T09:16:08.689988
9,5,6,1,0,1,2026-06-16T09:16:09.902593
9,5,7,1,0,1,2026-06-16T09:16:10.925563
9,5,8,1,0,1,2026-06-16T09:16:12.533509
9,5,9,1,0,1,2026-06-16T09:16:13.936137
9,5,10,1,0,1,2026-06-16T09:16:15.157881
9,6,1,5,0,5,2026-06-16T09:16:16.963583
9,6,2,5,0,5,2026-06-16T09:16:17.975444
9,6,3,5,0,5,2026-06-16T09:16:19.582012
9,6,4,5,0,5,2026-06-16T09:16:21.587392
9,6,5,5,0,5,2026-06-16T09:16:23.206355
9,6,6,5,0,5,2026-06-16T09:16:24.415843
9,6,7,5,0,5,2026-06-16T09:16:26.029161
9,6,8,5,0,5,2026-06-16T09:16:27.821143
9,6,9,5,0,5,2026-06-16T09:16:29.613499
9,6,10,5,0,5,2026-06-16T09:16:31.488512
9,7,1,4,0,4,2026-06-16T09:16:34.624053
9,7,2,4,0,4,2026-06-16T09:16:36.427340
9,7,3,5,0,5,2026-06-16T09:16:37.633983
9,7,4,4,0,4,2026-06-16T09:16:39.248414
9,7,5,5,0,5,2026-06-16T09:16:40.860740
9,7,6,5,0,5,2026-06-16T09:16:42.472786
9,7,7,5,0,5,2026-06-16T09:16:43.680385
9,7,8,4,0,4,2026-06-16T09:16:44.489165
9,7,9,5,0,5,2026-06-16T09:16:46.104689
9,7,10,5,0,5,2026-06-16T09:16:47.315490
9,8,1,2,0,2,2026-06-16T09:16:48.517994
9,8,2,2,0,2,2026-06-16T09:16:50.114629
9,8,3,2,0,2,2026-06-16T09:16:52.240183
9,8,4,4,0,4,2026-06-16T09:16:53.233931
9,8,5,2,0,2,2026-06-16T09:16:54.854769
9,8,6,4,0,4,2026-06-16T09:16:56.461643
9,8,7,2,0,2,2026-06-16T09:16:58.276317
9,8,8,2,0,2,2026-06-16T09:17:01.161955
9,8,9,2,0,2,2026-06-16T09:17:02.207290
9,8,10,2,0,2,2026-06-16T09:17:03.643715
9,9,1,2,0,2,2026-06-16T09:17:05.060809
9,9,2,1,0,1,2026-06-16T09:17:06.472651
9,9,3,1,0,1,2026-06-16T09:17:07.282600
9,9,4,2,0,2,2026-06-16T09:17:08.086775
9,9,5,2,0,2,2026-06-16T09:17:09.701426
9,9,6,1,0,1,2026-06-16T09:17:10.913104
9,9,7,2,0,2,2026-06-16T09:17:12.121048
9,9,8,2,0,2,2026-06-16T09:17:13.734437
9,9,9,2,0,2,2026-06-16T09:17:15.138316
9,9,10,1,0,1,2026-06-16T09:17:16.565812
9,10,1,2,0,2,2026-06-16T09:17:18.174975
9,10,2,2,0,2,2026-06-16T09:17:19.787292
9,10,3,2,0,2,2026-06-16T09:17:21.395467
9,10,4,2,0,2,2026-06-16T09:17:22.602814
9,10,5,2,0,2,2026-06-16T09:17:23.812195
9,10,6,2,0,2,2026-06-16T09:17:26.957030
9,10,7,2,0,2,2026-06-16T09:17:28.153643
9,10,8,2,0,2,2026-06-16T09:17:29.758737
9,10,9,2,0,2,2026-06-16T09:17:31.761750
9,10,10,2,0,2,2026-06-16T09:17:33.382407
9,11,1,5,0,5,2026-06-16T09:17:34.778022
9,11,2,5,0,5,2026-06-16T09:17:35.979795
9,11,3,5,0,5,2026-06-16T09:17:37.405523
9,11,4,5,0,5,2026-06-16T09:17:38.667518
9,11,5,5,0,5,2026-06-16T09:17:40.675789
9,11,6,5,0,5,2026-06-16T09:17:42.279919
9,11,7,5,0,5,2026-06-16T09:17:43.694620
9,11,8,5,0,5,2026-06-16T09:17:45.320346
9,11,9,5,0,5,2026-06-16T09:17:46.958677
9,11,10,5,0,5,2026-06-16T09:17:48.378183
9,12,1,5,0,5,2026-06-16T09:17:49.786952
9,12,2,5,0,5,2026-06-16T09:17:51.052301
9,12,3,5,0,5,2026-06-16T09:17:53.458470
9,12,4,5,0,5,2026-06-16T09:17:55.494523
9,12,5,5,0,5,2026-06-16T09:17:56.692024
9,12,6,5,0,5,2026-06-16T09:17:58.695264
9,12,7,5,0,5,2026-06-16T09:18:00.508667
9,12,8,5,0,5,2026-06-16T09:18:01.716043
9,12,9,5,0,5,2026-06-16T09:18:02.923298
9,12,10,5,0,5,2026-06-16T09:18:04.337874
9,13,1,4,0,4,2026-06-16T09:18:05.956096
9,13,2,4,0,4,2026-06-16T09:18:06.752783
9,13,3,4,0,4,2026-06-16T09:18:08.169292
9,13,4,4,0,4,2026-06-16T09:18:09.579168
9,13,5,4,0,4,2026-06-16T09:18:11.188172
9,13,6,4,0,4,2026-06-16T09:18:12.606003
9,13,7,4,0,4,2026-06-16T09:18:13.792033
9,13,8,4,0,4,2026-06-16T09:18:15.398880
9,13,9,4,0,4,2026-06-16T09:18:16.424177
9,13,10,4,0,4,2026-06-16T09:18:17.829738
9,14,1,2,0,2,2026-06-16T09:18:20.476702
9,14,2,2,0,2,2026-06-16T09:18:24.219956
9,14,3,2,0,2,2026-06-16T09:18:26.043702
9,14,4,2,0,2,2026-06-16T09:18:26.850212
9,14,5,2,0,2,2026-06-16T09:18:28.049070
9,14,6,2,0,2,2026-06-16T09:18:29.448982
9,14,7,2,0,2,2026-06-16T09:18:31.062276
9,14,8,2,0,2,2026-06-16T09:18:32.669282
9,14,9,2,0,2,2026-06-16T09:18:33.753326
9,14,10,2,0,2,2026-06-16T09:18:35.390760
9,15,1,2,0,2,2026-06-16T09:18:36.775437
9,15,2,2,0,2,2026-06-16T09:18:37.990774
9,15,3,2,0,2,2026-06-16T09:18:39.198501
9,15,4,2,0,2,2026-06-16T09:18:40.808286
9,15,5,2,0,2,2026-06-16T09:18:42.220331
9,15,6,2,0,2,2026-06-16T09:18:43.818856
9,15,7,2,0,2,2026-06-16T09:18:44.708286
9,15,8,2,0,2,2026-06-16T09:18:45.916407
9,15,9,2,0,2,2026-06-16T09:18:47.139488
9,15,10,2,0,2,2026-06-16T09:18:50.288938
9,16,1,5,0,5,2026-06-16T09:18:51.674731
9,16,2,5,0,5,2026-06-16T09:18:52.867396
9,16,3,5,0,5,2026-06-16T09:18:53.867750
9,16,4,5,0,5,2026-06-16T09:18:55.489839
9,16,5,5,0,5,2026-06-16T09:18:56.890606
9,16,6,5,0,5,2026-06-16T09:18:58.491956
9,16,7,5,0,5,2026-06-16T09:18:59.700436
9,16,8,5,0,5,2026-06-16T09:19:00.920252
9,16,9,5,0,5,2026-06-16T09:19:01.724397
9,16,10,5,0,5,2026-06-16T09:19:02.742808
9,17,1,5,0,5,2026-06-16T09:19:04.063279
9,17,2,5,0,5,2026-06-16T09:19:05.274450
9,17,3,5,0,5,2026-06-16T09:19:06.475726
9,17,4,5,0,5,2026-06-16T09:19:08.076913
9,17,5,5,0,5,2026-06-16T09:19:08.981305
9,17,6,5,0,5,2026-06-16T09:19:10.207704
9,17,7,5,0,5,2026-06-16T09:19:11.822867
9,17,8,5,0,5,2026-06-16T09:19:13.623541
9,17,9,5,0,5,2026-06-16T09:19:14.834772
9,17,10,5,0,5,2026-06-16T09:19:17.975976
9,18,1,2,0,2,2026-06-16T09:19:18.788819
9,18,2,2,0,2,2026-06-16T09:19:20.211835
9,18,3,2,0,2,2026-06-16T09:19:21.676643
9,18,4,2,0,2,2026-06-16T09:19:23.475210
9,18,5,2,0,2,2026-06-16T09:19:24.884073
9,18,6,2,0,2,2026-06-16T09:19:26.492057
9,18,7,2,0,2,2026-06-16T09:19:28.120353
9,18,8,2,0,2,2026-06-16T09:19:29.116744
9,18,9,2,0,2,2026-06-16T09:19:30.929085
9,18,10,2,0,2,2026-06-16T09:19:32.645245
9,19,1,2,0,2,2026-06-16T09:19:33.662392
9,19,2,2,0,2,2026-06-16T09:19:35.196888
9,19,3,2,0,2,2026-06-16T09:19:36.812606
9,19,4,2,0,2,2026-06-16T09:19:38.217887
9,19,5,2,0,2,2026-06-16T09:19:39.229771
9,19,6,2,0,2,2026-06-16T09:19:41.446884
9,19,7,2,0,2,2026-06-16T09:19:44.323505
9,19,8,2,0,2,2026-06-16T09:19:46.980574
9,19,9,2,0,2,2026-06-16T09:19:49.409293
9,19,10,2,0,2,2026-06-16T09:19:50.964266
9,20,1,2,0,2,2026-06-16T09:19:52.789288
9,20,2,2,0,2,2026-06-16T09:19:54.396039
9,20,3,2,0,2,2026-06-16T09:19:56.020597
9,20,4,3,0,3,2026-06-16T09:19:57.522063
9,20,5,2,0,2,2026-06-16T09:19:58.729266
9,20,6,3,0,3,2026-06-16T09:19:59.937612
9,20,7,2,0,2,2026-06-16T09:20:02.022538
9,20,8,2,0,2,2026-06-16T09:20:03.022088
9,20,9,2,0,2,2026-06-16T09:20:04.629382
9,20,10,2,0,2,2026-06-16T09:20:06.237209
9,21,1,5,0,5,2026-06-16T09:20:07.243728
9,21,2,5,0,5,2026-06-16T09:20:09.247358
9,21,3,5,0,5,2026-06-16T09:20:11.958852
9,21,4,5,0,5,2026-06-16T09:20:13.546461
9,21,5,5,0,5,2026-06-16T09:20:14.800429
9,21,6,5,0,5,2026-06-16T09:20:16.225370
9,21,7,5,0,5,2026-06-16T09:20:17.238016
9,21,8,5,0,5,2026-06-16T09:20:18.918961
9,21,9,5,0,5,2026-06-16T09:20:20.251196
9,21,10,5,0,5,2026-06-16T09:20:21.666547
9,22,1,3,0,3,2026-06-16T09:20:22.668493
9,22,2,3,0,3,2026-06-16T09:20:23.879468
9,22,3,3,0,3,2026-06-16T09:20:24.756608
9,22,4,3,0,3,2026-06-16T09:20:25.743829
9,22,5,3,0,3,2026-06-16T09:20:27.423497
9,22,6,3,0,3,2026-06-16T09:20:28.430575
9,22,7,3,0,3,2026-06-16T09:20:29.422551
9,22,8,3,0,3,2026-06-16T09:20:31.047858
9,22,9,3,0,3,2026-06-16T09:20:32.249962
9,22,10,3,0,3,2026-06-16T09:20:33.060580
9,23,1,2,0,2,2026-06-16T09:20:34.245550
9,23,2,2,0,2,2026-06-16T09:20:35.057921
9,23,3,2,0,2,2026-06-16T09:20:36.053486
9,23,4,2,0,2,2026-06-16T09:20:39.513839
9,23,5,2,0,2,2026-06-16T09:20:41.959888
9,23,6,2,0,2,2026-06-16T09:20:44.188770
9,23,7,2,0,2,2026-06-16T09:20:46.002748
9,23,8,2,0,2,2026-06-16T09:20:47.406475
9,23,9,2,0,2,2026-06-16T09:20:48.630218
9,23,10,2,0,2,2026-06-16T09:20:50.435723
9,24,1,1,0,1,2026-06-16T09:20:51.846718
9,24,2,1,0,1,2026-06-16T09:20:52.854749
9,24,3,0,0,0,2026-06-16T09:20:54.072121
9,24,4,1,0,1,2026-06-16T09:20:55.078556
9,24,5,1,0,1,2026-06-16T09:20:55.886146
9,24,6,1,0,1,2026-06-16T09:20:57.084407
9,24,7,1,0,1,2026-06-16T09:20:58.723875
9,24,8,0,0,0,2026-06-16T09:21:00.331868
9,24,9,1,0,1,2026-06-16T09:21:01.540483
9,24,10,0,0,0,2026-06-16T09:21:02.329661
9,25,1,1,0,1,2026-06-16T09:21:03.567517
9,25,2,2,0,2,2026-06-16T09:21:04.793587
9,25,3,2,0,2,2026-06-16T09:21:08.246558
9,25,4,1,0,1,2026-06-16T09:21:09.869101
9,25,5,2,0,2,2026-06-16T09:21:11.278406
9,25,6,2,0,2,2026-06-16T09:21:13.305985
9,25,7,2,0,2,2026-06-16T09:21:14.897915
9,25,8,0,0,0,2026-06-16T09:21:16.487991
9,25,9,1,0,1,2026-06-16T09:21:17.690364
9,25,10,0,0,0,2026-06-16T09:21:19.502579
9,26,1,2,0,2,2026-06-16T09:21:20.910637
9,26,2,2,0,2,2026-06-16T09:21:21.892313
9,26,3,2,0,2,2026-06-16T09:21:22.919807
9,26,4,2,0,2,2026-06-16T09:21:24.113098
9,26,5,2,0,2,2026-06-16T09:21:25.671471
9,26,6,2,0,2,2026-06-16T09:21:27.275505
9,26,7,2,0,2,2026-06-16T09:21:28.488339
9,26,8,2,0,2,2026-06-16T09:21:29.696758
9,26,9,3,0,3,2026-06-16T09:21:30.900160
9,26,10,2,0,2,2026-06-16T09:21:31.898271
9,27,1,5,0,5,2026-06-16T09:21:33.493570
9,27,2,5,0,5,2026-06-16T09:21:35.721916
9,27,3,5,0,5,2026-06-16T09:21:37.344975
9,27,4,5,0,5,2026-06-16T09:21:38.759093
9,27,5,5,0,5,2026-06-16T09:21:40.401639
9,27,6,5,0,5,2026-06-16T09:21:42.006767
9,27,7,5,0,5,2026-06-16T09:21:43.233708
9,27,8,5,0,5,2026-06-16T09:21:45.062922
9,27,9,5,0,5,2026-06-16T09:21:45.878960
9,27,10,5,0,5,2026-06-16T09:21:46.675676
9,28,1,1,0,1,2026-06-16T09:21:47.931404
9,28,2,1,0,1,2026-06-16T09:21:49.442943
9,28,3,1,0,1,2026-06-16T09:21:51.465568
9,28,4,1,0,1,2026-06-16T09:21:52.673658
9,28,5,1,0,1,2026-06-16T09:21:54.072067
9,28,6,1,0,1,2026-06-16T09:21:55.267752
9,28,7,1,0,1,2026-06-16T09:21:56.277531
9,28,8,1,0,1,2026-06-16T09:21:57.493790
9,28,9,1,0,1,2026-06-16T09:21:58.698771
9,28,10,1,0,1,2026-06-16T09:22:00.303263
9,29,1,3,0,3,2026-06-16T09:22:04.043112
9,29,2,3,0,3,2026-06-16T09:22:05.244912
9,29,3,3,0,3,2026-06-16T09:22:06.244206
9,29,4,3,0,3,2026-06-16T09:22:07.240590
9,29,5,3,0,3,2026-06-16T09:22:08.836231
9,29,6,2,0,2,2026-06-16T09:22:09.642160
9,29,7,3,0,3,2026-06-16T09:22:11.248913
9,29,8,3,0,3,2026-06-16T09:22:12.464440
9,29,9,3,0,3,2026-06-16T09:22:13.247179
9,29,10,2,0,2,2026-06-16T09:22:14.857346
9,30,1,3,0,3,2026-06-16T09:22:15.873496
9,30,2,2,0,2,2026-06-16T09:22:16.893224
9,30,3,3,0,3,2026-06-16T09:22:18.705363
9,30,4,2,0,2,2026-06-16T09:22:19.915899
9,30,5,3,0,3,2026-06-16T09:22:21.124514
9,30,6,3,0,3,2026-06-16T09:22:22.724820
9,30,7,2,0,2,2026-06-16T09:22:23.728609
9,30,8,2,0,2,2026-06-16T09:22:24.734009
9,30,9,2,0,2,2026-06-16T09:22:25.737434
9,30,10,2,0,2,2026-06-16T09:22:27.152686
10,1,1,4,0,4,2026-06-16T09:22:29.561504
10,1,2,4,0,4,2026-06-16T09:22:31.362089
10,1,3,5,0,5,2026-06-16T09:22:33.173488
10,1,4,4,0,4,2026-06-16T09:22:34.165852
10,1,5,4,0,4,2026-06-16T09:22:35.783579
10,1,6,4,0,4,2026-06-16T09:22:36.992989
10,1,7,4,0,4,2026-06-16T09:22:38.597705
10,1,8,4,0,4,2026-06-16T09:22:39.423917
10,1,9,4,0,4,2026-06-16T09:22:40.629192
10,1,10,4,0,4,2026-06-16T09:22:41.846730
10,2,1,4,0,4,2026-06-16T09:22:43.044777
10,2,2,4,0,4,2026-06-16T09:22:45.071709
10,2,3,4,0,4,2026-06-16T09:22:46.276009
10,2,4,4,0,4,2026-06-16T09:22:47.871504
10,2,5,4,0,4,2026-06-16T09:22:48.666154
10,2,6,4,0,4,2026-06-16T09:22:50.286810
10,2,7,4,0,4,2026-06-16T09:22:51.476516
10,2,8,4,0,4,2026-06-16T09:22:53.303035
10,2,9,4,0,4,2026-06-16T09:22:55.123376
10,2,10,4,0,4,2026-06-16T09:22:57.127649
10,3,1,2,0,2,2026-06-16T09:22:58.731187
10,3,2,2,0,2,2026-06-16T09:22:59.932275
10,3,3,2,0,2,2026-06-16T09:23:00.727960
10,3,4,2,0,2,2026-06-16T09:23:01.720009
10,3,5,2,0,2,2026-06-16T09:23:02.902762
10,3,6,2,0,2,2026-06-16T09:23:04.517824
10,3,7,2,0,2,2026-06-16T09:23:05.697686
10,3,8,2,0,2,2026-06-16T09:23:07.116600
10,3,9,2,0,2,2026-06-16T09:23:08.727257
10,3,10,2,0,2,2026-06-16T09:23:09.955595
10,4,1,2,0,2,2026-06-16T09:23:11.586363
10,4,2,1,0,1,2026-06-16T09:23:13.397596
10,4,3,2,0,2,2026-06-16T09:23:15.050660
10,4,4,1,0,1,2026-06-16T09:23:16.071765
10,4,5,2,0,2,2026-06-16T09:23:17.278312
10,4,6,1,0,1,2026-06-16T09:23:18.479892
10,4,7,2,0,2,2026-06-16T09:23:19.684801
10,4,8,1,0,1,2026-06-16T09:23:21.724435
10,4,9,2,0,2,2026-06-16T09:23:23.744050
10,4,10,2,0,2,2026-06-16T09:23:24.546649
10,5,1,1,0,1,2026-06-16T09:23:26.548726
10,5,2,2,0,2,2026-06-16T09:23:28.142698
10,5,3,1,0,1,2026-06-16T09:23:29.961550
10,5,4,2,0,2,2026-06-16T09:23:31.169188
10,5,5,1,0,1,2026-06-16T09:23:32.780691
10,5,6,1,0,1,2026-06-16T09:23:34.390917
10,5,7,1,0,1,2026-06-16T09:23:36.008880
10,5,8,1,0,1,2026-06-16T09:23:37.415140
10,5,9,1,0,1,2026-06-16T09:23:38.705574
10,5,10,1,0,1,2026-06-16T09:23:39.713200
10,6,1,5,0,5,2026-06-16T09:23:41.111393
10,6,2,5,0,5,2026-06-16T09:23:42.317124
10,6,3,5,0,5,2026-06-16T09:23:44.124775
10,6,4,5,0,5,2026-06-16T09:23:44.948943
10,6,5,5,0,5,2026-06-16T09:23:46.360409
10,6,6,5,0,5,2026-06-16T09:23:47.765881
10,6,7,5,0,5,2026-06-16T09:23:50.710573
10,6,8,5,0,5,2026-06-16T09:23:52.327195
10,6,9,5,0,5,2026-06-16T09:23:54.137554
10,6,10,5,0,5,2026-06-16T09:23:55.950610
10,7,1,5,0,5,2026-06-16T09:23:57.158579
10,7,2,5,0,5,2026-06-16T09:23:58.768861
10,7,3,5,0,5,2026-06-16T09:23:59.979347
10,7,4,5,0,5,2026-06-16T09:24:00.985934
10,7,5,5,0,5,2026-06-16T09:24:02.583475
10,7,6,4,0,4,2026-06-16T09:24:04.200393
10,7,7,4,0,4,2026-06-16T09:24:05.801565
10,7,8,5,0,5,2026-06-16T09:24:07.401082
10,7,9,5,0,5,2026-06-16T09:24:09.028042
10,7,10,5,0,5,2026-06-16T09:24:10.235474
10,8,1,2,0,2,2026-06-16T09:24:11.254551
10,8,2,2,0,2,2026-06-16T09:24:12.860119
10,8,3,2,0,2,2026-06-16T09:24:14.505435
10,8,4,3,0,3,2026-06-16T09:24:17.140158
10,8,5,3,0,3,2026-06-16T09:24:20.020144
10,8,6,2,0,2,2026-06-16T09:24:21.834166
10,8,7,2,0,2,2026-06-16T09:24:23.434379
10,8,8,2,0,2,2026-06-16T09:24:25.037100
10,8,9,2,0,2,2026-06-16T09:24:26.233678
10,8,10,2,0,2,2026-06-16T09:24:27.234283
10,9,1,2,0,2,2026-06-16T09:24:28.841266
10,9,2,2,0,2,2026-06-16T09:24:32.361696
10,9,3,2,0,2,2026-06-16T09:24:33.973312
10,9,4,2,0,2,2026-06-16T09:24:35.179588
10,9,5,2,0,2,2026-06-16T09:24:36.397640
10,9,6,2,0,2,2026-06-16T09:24:37.195959
10,9,7,2,0,2,2026-06-16T09:24:38.823292
10,9,8,2,0,2,2026-06-16T09:24:40.041750
10,9,9,2,0,2,2026-06-16T09:24:41.837966
10,9,10,2,0,2,2026-06-16T09:24:43.241312
10,10,1,2,0,2,2026-06-16T09:24:45.257330
10,10,2,2,0,2,2026-06-16T09:24:47.444442
10,10,3,2,0,2,2026-06-16T09:24:51.214135
10,10,4,2,0,2,2026-06-16T09:24:52.886131
10,10,5,2,0,2,2026-06-16T09:24:54.288617
10,10,6,2,0,2,2026-06-16T09:25:02.967852
10,10,7,2,0,2,2026-06-16T09:25:04.975702
10,10,8,2,0,2,2026-06-16T09:25:05.777876
10,10,9,2,0,2,2026-06-16T09:25:07.607118
10,10,10,2,0,2,2026-06-16T09:25:08.411255
10,11,1,5,0,5,2026-06-16T09:25:09.426508
10,11,2,5,0,5,2026-06-16T09:25:10.629159
10,11,3,5,0,5,2026-06-16T09:25:11.629009
10,11,4,5,0,5,2026-06-16T09:25:13.646365
10,11,5,5,0,5,2026-06-16T09:25:14.942889
10,11,6,5,0,5,2026-06-16T09:25:17.590808
10,11,7,5,0,5,2026-06-16T09:25:19.806163
10,11,8,5,0,5,2026-06-16T09:25:21.626100
10,11,9,5,0,5,2026-06-16T09:25:23.037379
10,11,10,5,0,5,2026-06-16T09:25:24.649079
10,12,1,5,0,5,2026-06-16T09:25:25.846002
10,12,2,5,0,5,2026-06-16T09:25:27.456082
10,12,3,5,0,5,2026-06-16T09:25:29.664063
10,12,4,5,0,5,2026-06-16T09:25:31.881191
10,12,5,5,0,5,2026-06-16T09:25:33.085371
10,12,6,5,0,5,2026-06-16T09:25:34.705920
10,12,7,5,0,5,2026-06-16T09:25:35.915695
10,12,8,5,0,5,2026-06-16T09:25:37.339559
10,12,9,5,0,5,2026-06-16T09:25:38.334727
10,12,10,5,0,5,2026-06-16T09:25:39.137327
10,13,1,3,0,3,2026-06-16T09:25:41.136364
10,13,2,3,0,3,2026-06-16T09:25:42.739241
10,13,3,3,0,3,2026-06-16T09:25:45.380630
10,13,4,4,0,4,2026-06-16T09:25:47.180804
10,13,5,3,0,3,2026-06-16T09:25:48.185970
10,13,6,3,0,3,2026-06-16T09:25:50.002600
10,13,7,3,0,3,2026-06-16T09:25:51.205782
10,13,8,3,0,3,2026-06-16T09:25:53.267493
10,13,9,3,0,3,2026-06-16T09:25:55.096382
10,13,10,3,0,3,2026-06-16T09:25:56.707109
10,14,1,4,0,4,2026-06-16T09:25:58.303399
10,14,2,4,0,4,2026-06-16T09:25:59.524723
10,14,3,4,0,4,2026-06-16T09:26:01.138298
10,14,4,4,0,4,2026-06-16T09:26:02.335095
10,14,5,4,0,4,2026-06-16T09:26:03.729950
10,14,6,4,0,4,2026-06-16T09:26:04.982045
10,14,7,4,0,4,2026-06-16T09:26:06.181889
10,14,8,4,0,4,2026-06-16T09:26:07.391840
10,14,9,4,0,4,2026-06-16T09:26:08.787194
10,14,10,4,0,4,2026-06-16T09:26:10.826034
10,15,1,1,0,1,2026-06-16T09:26:13.042168
10,15,2,1,0,1,2026-06-16T09:26:14.848132
10,15,3,1,0,1,2026-06-16T09:26:16.630587
10,15,4,1,0,1,2026-06-16T09:26:18.263152
10,15,5,1,0,1,2026-06-16T09:26:19.667422
10,15,6,1,0,1,2026-06-16T09:26:20.888005
10,15,7,1,0,1,2026-06-16T09:26:22.101727
10,15,8,1,0,1,2026-06-16T09:26:23.314548
10,15,9,1,0,1,2026-06-16T09:26:24.330562
10,15,10,1,0,1,2026-06-16T09:26:25.619461
10,16,1,5,0,5,2026-06-16T09:26:26.841312
10,16,2,5,0,5,2026-06-16T09:26:28.467301
10,16,3,5,0,5,2026-06-16T09:26:29.682611
10,16,4,5,0,5,2026-06-16T09:26:31.094784
10,16,5,5,0,5,2026-06-16T09:26:32.717034
10,16,6,5,0,5,2026-06-16T09:26:34.126138
10,16,7,5,0,5,2026-06-16T09:26:35.122907
10,16,8,5,0,5,2026-06-16T09:26:36.576130
10,16,9,5,0,5,2026-06-16T09:26:38.071901
10,16,10,5,0,5,2026-06-16T09:26:39.070270
10,17,1,5,0,5,2026-06-16T09:26:41.370982
10,17,2,5,0,5,2026-06-16T09:26:43.434371
10,17,3,5,0,5,2026-06-16T09:26:45.025351
10,17,4,5,0,5,2026-06-16T09:26:47.243992
10,17,5,5,0,5,2026-06-16T09:26:48.644462
10,17,6,5,0,5,2026-06-16T09:26:50.444946
10,17,7,5,0,5,2026-06-16T09:26:52.050167
10,17,8,5,0,5,2026-06-16T09:26:52.852085
10,17,9,5,0,5,2026-06-16T09:26:53.854183
10,17,10,5,0,5,2026-06-16T09:26:55.460764
10,18,1,4,0,4,2026-06-16T09:26:56.471525
10,18,2,4,0,4,2026-06-16T09:26:57.470210
10,18,3,4,0,4,2026-06-16T09:26:58.671764
10,18,4,4,0,4,2026-06-16T09:27:00.285313
10,18,5,4,0,4,2026-06-16T09:27:01.290999
10,18,6,4,0,4,2026-06-16T09:27:02.788409
10,18,7,4,0,4,2026-06-16T09:27:03.788578
10,18,8,4,0,4,2026-06-16T09:27:04.795646
10,18,9,4,0,4,2026-06-16T09:27:05.797952
10,18,10,4,0,4,2026-06-16T09:27:07.409958
10,19,1,2,0,2,2026-06-16T09:27:09.619814
10,19,2,2,0,2,2026-06-16T09:27:12.858374
10,19,3,2,0,2,2026-06-16T09:27:14.256867
10,19,4,2,0,2,2026-06-16T09:27:15.893934
10,19,5,2,0,2,2026-06-16T09:27:17.499022
10,19,6,2,0,2,2026-06-16T09:27:18.691654
10,19,7,2,0,2,2026-06-16T09:27:20.501834
10,19,8,2,0,2,2026-06-16T09:27:21.900619
10,19,9,2,0,2,2026-06-16T09:27:23.111280
10,19,10,2,0,2,2026-06-16T09:27:24.362931
10,20,1,4,0,4,2026-06-16T09:27:25.983091
10,20,2,4,0,4,2026-06-16T09:27:27.394666
10,20,3,4,0,4,2026-06-16T09:27:28.803523
10,20,4,4,0,4,2026-06-16T09:27:29.617356
10,20,5,4,0,4,2026-06-16T09:27:30.628250
10,20,6,4,0,4,2026-06-16T09:27:32.054745
10,20,7,4,0,4,2026-06-16T09:27:33.063042
10,20,8,4,0,4,2026-06-16T09:27:34.893334
10,20,9,4,0,4,2026-06-16T09:27:36.898494
10,20,10,3,0,3,2026-06-16T09:27:38.926182
10,21,1,5,0,5,2026-06-16T09:27:40.152701
10,21,2,5,0,5,2026-06-16T09:27:42.178900
10,21,3,5,0,5,2026-06-16T09:27:43.605428
10,21,4,5,0,5,2026-06-16T09:27:45.014999
10,21,5,5,0,5,2026-06-16T09:27:46.017929
10,21,6,5,0,5,2026-06-16T09:27:47.245855
10,21,7,5,0,5,2026-06-16T09:27:48.061529
10,21,8,5,0,5,2026-06-16T09:27:49.795987
10,21,9,5,0,5,2026-06-16T09:27:51.600589
10,21,10,5,0,5,2026-06-16T09:27:53.015280
10,22,1,5,0,5,2026-06-16T09:27:54.823378
10,22,2,5,0,5,2026-06-16T09:27:55.636646
10,22,3,5,0,5,2026-06-16T09:27:56.646435
10,22,4,5,0,5,2026-06-16T09:27:58.261590
10,22,5,4,0,4,2026-06-16T09:27:59.261862
10,22,6,4,0,4,2026-06-16T09:28:00.469559
10,22,7,4,0,4,2026-06-16T09:28:01.473752
10,22,8,5,0,5,2026-06-16T09:28:03.304457
10,22,9,5,0,5,2026-06-16T09:28:05.709622
10,22,10,4,0,4,2026-06-16T09:28:07.944088
10,23,1,3,0,3,2026-06-16T09:28:09.146432
10,23,2,3,0,3,2026-06-16T09:28:10.579634
10,23,3,3,0,3,2026-06-16T09:28:12.404194
10,23,4,3,0,3,2026-06-16T09:28:13.855000
10,23,5,3,0,3,2026-06-16T09:28:15.662478
10,23,6,3,0,3,2026-06-16T09:28:16.870082
10,23,7,3,0,3,2026-06-16T09:28:18.056611
10,23,8,3,0,3,2026-06-16T09:28:19.677533
10,23,9,3,0,3,2026-06-16T09:28:20.474441
10,23,10,3,0,3,2026-06-16T09:28:21.891241
10,24,1,1,0,1,2026-06-16T09:28:23.315172
10,24,2,1,0,1,2026-06-16T09:28:24.514782
10,24,3,0,0,0,2026-06-16T09:28:25.572807
10,24,4,0,0,0,2026-06-16T09:28:26.568203
10,24,5,0,0,0,2026-06-16T09:28:28.176064
10,24,6,0,0,0,2026-06-16T09:28:29.789971
10,24,7,0,0,0,2026-06-16T09:28:31.602709
10,24,8,0,0,0,2026-06-16T09:28:33.045385
10,24,9,0,0,0,2026-06-16T09:28:35.068281
10,24,10,0,0,0,2026-06-16T09:28:36.456838
10,25,1,1,0,1,2026-06-16T09:28:39.080863
10,25,2,1,0,1,2026-06-16T09:28:40.286541
10,25,3,1,0,1,2026-06-16T09:28:42.101989
10,25,4,1,0,1,2026-06-16T09:28:43.552735
10,25,5,1,0,1,2026-06-16T09:28:44.780915
10,25,6,1,0,1,2026-06-16T09:28:46.761998
10,25,7,1,0,1,2026-06-16T09:28:47.986882
10,25,8,1,0,1,2026-06-16T09:28:49.405957
10,25,9,1,0,1,2026-06-16T09:28:51.461307
10,25,10,1,0,1,2026-06-16T09:28:53.445025
10,26,1,3,0,3,2026-06-16T09:28:54.659108
10,26,2,3,0,3,2026-06-16T09:28:55.941456
10,26,3,3,0,3,2026-06-16T09:28:56.944574
10,26,4,3,0,3,2026-06-16T09:28:57.743938
10,26,5,3,0,3,2026-06-16T09:28:58.948118
10,26,6,3,0,3,2026-06-16T09:29:00.734757
10,26,7,3,0,3,2026-06-16T09:29:03.619620
10,26,8,3,0,3,2026-06-16T09:29:05.025338
10,26,9,3,0,3,2026-06-16T09:29:06.215389
10,26,10,3,0,3,2026-06-16T09:29:07.209295
10,27,1,4,0,4,2026-06-16T09:29:08.825976
10,27,2,4,0,4,2026-06-16T09:29:10.072940
10,27,3,4,0,4,2026-06-16T09:29:10.874765
10,27,4,4,0,4,2026-06-16T09:29:11.880987
10,27,5,4,0,4,2026-06-16T09:29:13.291673
10,27,6,4,0,4,2026-06-16T09:29:15.119401
10,27,7,4,0,4,2026-06-16T09:29:16.724784
10,27,8,4,0,4,2026-06-16T09:29:18.138303
10,27,9,4,0,4,2026-06-16T09:29:19.329637
10,27,10,4,0,4,2026-06-16T09:29:20.620451
10,28,1,2,0,2,2026-06-16T09:29:22.055649
10,28,2,2,0,2,2026-06-16T09:29:23.864116
10,28,3,2,0,2,2026-06-16T09:29:25.475536
10,28,4,2,0,2,2026-06-16T09:29:26.686312
10,28,5,2,0,2,2026-06-16T09:29:28.088500
10,28,6,2,0,2,2026-06-16T09:29:29.494334
10,28,7,2,0,2,2026-06-16T09:29:31.088796
10,28,8,2,0,2,2026-06-16T09:29:33.307068
10,28,9,2,0,2,2026-06-16T09:29:35.532627
10,28,10,2,0,2,2026-06-16T09:29:36.935277
10,29,1,2,0,2,2026-06-16T09:29:38.439502
10,29,2,2,0,2,2026-06-16T09:29:39.648280
10,29,3,2,0,2,2026-06-16T09:29:41.026510
10,29,4,2,0,2,2026-06-16T09:29:41.836390
10,29,5,2,0,2,2026-06-16T09:29:43.763064
10,29,6,2,0,2,2026-06-16T09:29:47.003170
10,29,7,2,0,2,2026-06-16T09:29:49.215915
10,29,8,2,0,2,2026-06-16T09:29:50.633767
10,29,9,2,0,2,2026-06-16T09:29:51.858933
10,29,10,2,0,2,2026-06-16T09:29:52.667772
10,30,1,3,0,3,2026-06-16T09:29:54.486525
10,30,2,3,0,3,2026-06-16T09:29:55.699557
10,30,3,3,0,3,2026-06-16T09:29:57.912144
10,30,4,3,0,3,2026-06-16T09:30:00.323850
10,30,5,3,0,3,2026-06-16T09:30:01.334643
10,30,6,3,0,3,2026-06-16T09:30:02.947363
10,30,7,3,0,3,2026-06-16T09:30:04.655153
10,30,8,3,0,3,2026-06-16T09:30:06.052305
10,30,9,3,0,3,2026-06-16T09:30:07.654328
10,30,10,3,0,3,2026-06-16T09:30:09.252717
11,1,1,5,0,5,2026-06-16T09:30:10.672769
11,1,2,5,0,5,2026-06-16T09:30:12.681191
11,1,3,5,0,5,2026-06-16T09:30:13.491905
11,1,4,5,0,5,2026-06-16T09:30:14.708074
11,1,5,5,0,5,2026-06-16T09:30:16.321381
11,1,6,5,0,5,2026-06-16T09:30:17.728431
11,1,7,5,0,5,2026-06-16T09:30:19.387236
11,1,8,5,0,5,2026-06-16T09:30:21.212226
11,1,9,5,0,5,2026-06-16T09:30:22.810153
11,1,10,5,0,5,2026-06-16T09:30:24.601260
11,2,1,4,0,4,2026-06-16T09:30:26.408451
11,2,2,4,0,4,2026-06-16T09:30:28.623649
11,2,3,4,0,4,2026-06-16T09:30:29.621303
11,2,4,4,0,4,2026-06-16T09:30:31.430189
11,2,5,4,0,4,2026-06-16T09:30:33.070649
11,2,6,4,0,4,2026-06-16T09:30:34.272571
11,2,7,4,0,4,2026-06-16T09:30:35.304915
11,2,8,4,0,4,2026-06-16T09:30:37.314319
11,2,9,4,0,4,2026-06-16T09:30:39.131887
11,2,10,4,0,4,2026-06-16T09:30:39.954223
11,3,1,2,0,2,2026-06-16T09:30:41.964314
11,3,2,2,0,2,2026-06-16T09:30:43.561537
11,3,3,2,0,2,2026-06-16T09:30:45.614356
11,3,4,2,0,2,2026-06-16T09:30:47.434366
11,3,5,2,0,2,2026-06-16T09:30:49.045600
11,3,6,2,0,2,2026-06-16T09:30:50.531403
11,3,7,2,0,2,2026-06-16T09:30:52.477403
11,3,8,2,0,2,2026-06-16T09:30:53.688533
11,3,9,2,0,2,2026-06-16T09:30:56.676102
11,3,10,2,0,2,2026-06-16T09:30:59.080067
11,4,1,1,0,1,2026-06-16T09:31:01.315376
11,4,2,1,0,1,2026-06-16T09:31:02.524972
11,4,3,1,0,1,2026-06-16T09:31:03.944147
11,4,4,2,0,2,2026-06-16T09:31:05.786785
11,4,5,2,0,2,2026-06-16T09:31:07.204227
11,4,6,2,0,2,2026-06-16T09:31:08.811708
11,4,7,1,0,1,2026-06-16T09:31:11.020919
11,4,8,2,0,2,2026-06-16T09:31:13.230070
11,4,9,2,0,2,2026-06-16T09:31:14.437141
11,4,10,1,0,1,2026-06-16T09:31:15.484281
11,5,1,2,0,2,2026-06-16T09:31:16.474382
11,5,2,2,0,2,2026-06-16T09:31:17.485621
11,5,3,2,0,2,2026-06-16T09:31:18.683332
11,5,4,2,0,2,2026-06-16T09:31:20.697936
11,5,5,2,0,2,2026-06-16T09:31:23.605480
11,5,6,2,0,2,2026-06-16T09:31:24.806331
11,5,7,2,0,2,2026-06-16T09:31:26.459817
11,5,8,2,0,2,2026-06-16T09:31:27.701045
11,5,9,2,0,2,2026-06-16T09:31:29.120181
11,5,10,2,0,2,2026-06-16T09:31:30.332529
11,6,1,5,0,5,2026-06-16T09:31:31.593039
11,6,2,5,0,5,2026-06-16T09:31:33.208795
11,6,3,5,0,5,2026-06-16T09:31:34.019374
11,6,4,5,0,5,2026-06-16T09:31:36.102161
11,6,5,5,0,5,2026-06-16T09:31:37.533111
11,6,6,5,0,5,2026-06-16T09:31:38.948480
11,6,7,5,0,5,2026-06-16T09:31:40.359995
11,6,8,5,0,5,2026-06-16T09:31:42.244790
11,6,9,5,0,5,2026-06-16T09:31:43.882990
11,6,10,5,0,5,2026-06-16T09:31:45.494425
11,7,1,5,0,5,2026-06-16T09:31:46.907861
11,7,2,5,0,5,2026-06-16T09:31:48.306338
11,7,3,5,0,5,2026-06-16T09:31:50.111030
11,7,4,5,0,5,2026-06-16T09:31:52.162562
11,7,5,5,0,5,2026-06-16T09:31:53.169727
11,7,6,5,0,5,2026-06-16T09:31:55.388840
11,7,7,5,0,5,2026-06-16T09:31:56.200249
11,7,8,5,0,5,2026-06-16T09:31:57.810155
11,7,9,5,0,5,2026-06-16T09:31:59.223429
11,7,10,5,0,5,2026-06-16T09:32:00.820163
11,8,1,2,0,2,2026-06-16T09:32:02.017129
11,8,2,2,0,2,2026-06-16T09:32:03.449219
11,8,3,2,0,2,2026-06-16T09:32:05.282420
11,8,4,2,0,2,2026-06-16T09:32:06.678091
11,8,5,3,0,3,2026-06-16T09:32:07.683577
11,8,6,2,0,2,2026-06-16T09:32:09.506987
11,8,7,2,0,2,2026-06-16T09:32:10.309989
11,8,8,2,0,2,2026-06-16T09:32:11.714786
11,8,9,2,0,2,2026-06-16T09:32:12.902848
11,8,10,2,0,2,2026-06-16T09:32:13.913584
11,9,1,2,0,2,2026-06-16T09:32:15.115681
11,9,2,2,0,2,2026-06-16T09:32:16.720456
11,9,3,2,0,2,2026-06-16T09:32:19.351916
11,9,4,2,0,2,2026-06-16T09:32:20.748337
11,9,5,2,0,2,2026-06-16T09:32:23.151905
11,9,6,2,0,2,2026-06-16T09:32:24.538538
11,9,7,2,0,2,2026-06-16T09:32:26.129535
11,9,8,2,0,2,2026-06-16T09:32:27.729892
11,9,9,2,0,2,2026-06-16T09:32:29.329596
11,9,10,2,0,2,2026-06-16T09:32:30.142596
11,10,1,2,0,2,2026-06-16T09:32:31.547008
11,10,2,2,0,2,2026-06-16T09:32:33.325267
11,10,3,2,0,2,2026-06-16T09:32:34.688281
11,10,4,2,0,2,2026-06-16T09:32:36.286797
11,10,5,2,0,2,2026-06-16T09:32:37.885541
11,10,6,2,0,2,2026-06-16T09:32:39.297338
11,10,7,2,0,2,2026-06-16T09:32:40.496650
11,10,8,2,0,2,2026-06-16T09:32:41.504767
11,10,9,2,0,2,2026-06-16T09:32:42.901440
11,10,10,2,0,2,2026-06-16T09:32:44.810155
11,11,1,5,0,5,2026-06-16T09:32:46.431518
11,11,2,5,0,5,2026-06-16T09:32:50.938082
11,11,3,5,0,5,2026-06-16T09:32:52.161752
11,11,4,5,0,5,2026-06-16T09:32:53.760240
11,11,5,5,0,5,2026-06-16T09:32:55.403197
11,11,6,5,0,5,2026-06-16T09:32:57.024595
11,11,7,5,0,5,2026-06-16T09:32:58.218995
11,11,8,5,0,5,2026-06-16T09:32:59.830584
11,11,9,5,0,5,2026-06-16T09:33:01.452863
11,11,10,5,0,5,2026-06-16T09:33:02.256115
11,12,1,5,0,5,2026-06-16T09:33:04.673491
11,12,2,5,0,5,2026-06-16T09:33:06.484106
11,12,3,5,0,5,2026-06-16T09:33:08.091036
11,12,4,5,0,5,2026-06-16T09:33:09.491715
11,12,5,5,0,5,2026-06-16T09:33:10.683123
11,12,6,5,0,5,2026-06-16T09:33:12.906724
11,12,7,5,0,5,2026-06-16T09:33:15.136600
11,12,8,5,0,5,2026-06-16T09:33:16.746577
11,12,9,5,0,5,2026-06-16T09:33:17.968292
11,12,10,5,0,5,2026-06-16T09:33:19.581583
11,13,1,2,0,2,2026-06-16T09:33:20.596471
11,13,2,2,0,2,2026-06-16T09:33:21.604271
11,13,3,2,0,2,2026-06-16T09:33:23.019450
11,13,4,2,0,2,2026-06-16T09:33:24.622401
11,13,5,2,0,2,2026-06-16T09:33:25.873216
11,13,6,2,0,2,2026-06-16T09:33:27.101100
11,13,7,2,0,2,2026-06-16T09:33:28.515763
11,13,8,2,0,2,2026-06-16T09:33:30.529757
11,13,9,2,0,2,2026-06-16T09:33:31.797260
11,13,10,2,0,2,2026-06-16T09:33:33.211426
11,14,1,3,0,3,2026-06-16T09:33:35.010898
11,14,2,3,0,3,2026-06-16T09:33:36.813114
11,14,3,3,0,3,2026-06-16T09:33:38.675692
11,14,4,3,0,3,2026-06-16T09:33:40.279045
11,14,5,3,0,3,2026-06-16T09:33:42.693664
11,14,6,3,0,3,2026-06-16T09:33:45.101022
11,14,7,3,0,3,2026-06-16T09:33:46.110914
11,14,8,3,0,3,2026-06-16T09:33:47.521176
11,14,9,3,0,3,2026-06-16T09:33:48.738325
11,14,10,3,0,3,2026-06-16T09:33:50.543973
11,15,1,1,0,1,2026-06-16T09:33:52.160451
11,15,2,1,0,1,2026-06-16T09:33:53.768753
11,15,3,1,0,1,2026-06-16T09:33:55.168926
11,15,4,1,0,1,2026-06-16T09:33:56.373867
11,15,5,1,0,1,2026-06-16T09:33:57.593946
11,15,6,1,0,1,2026-06-16T09:33:59.001071
11,15,7,1,0,1,2026-06-16T09:34:00.201539
11,15,8,1,0,1,2026-06-16T09:34:01.593243
11,15,9,1,0,1,2026-06-16T09:34:03.594509
11,15,10,1,0,1,2026-06-16T09:34:05.503153
11,16,1,5,0,5,2026-06-16T09:34:06.908887
11,16,2,5,0,5,2026-06-16T09:34:08.118290
11,16,3,5,0,5,2026-06-16T09:34:09.925827
11,16,4,5,0,5,2026-06-16T09:34:11.748575
11,16,5,5,0,5,2026-06-16T09:34:13.748201
11,16,6,5,0,5,2026-06-16T09:34:15.149593
11,16,7,5,0,5,2026-06-16T09:34:17.814771
11,16,8,5,0,5,2026-06-16T09:34:19.413637
11,16,9,5,0,5,2026-06-16T09:34:21.068582
11,16,10,5,0,5,2026-06-16T09:34:22.911377
11,17,1,5,0,5,2026-06-16T09:34:24.753877
11,17,2,5,0,5,2026-06-16T09:34:25.964375
11,17,3,5,0,5,2026-06-16T09:34:26.962148
11,17,4,5,0,5,2026-06-16T09:34:27.825578
11,17,5,5,0,5,2026-06-16T09:34:29.637878
11,17,6,5,0,5,2026-06-16T09:34:31.664213
11,17,7,5,0,5,2026-06-16T09:34:32.863675
11,17,8,5,0,5,2026-06-16T09:34:34.264193
11,17,9,5,0,5,2026-06-16T09:34:35.660343
11,17,10,5,0,5,2026-06-16T09:34:37.271555
11,18,1,3,0,3,2026-06-16T09:34:39.264356
11,18,2,3,0,3,2026-06-16T09:34:41.682947
11,18,3,3,0,3,2026-06-16T09:34:43.086399
11,18,4,3,0,3,2026-06-16T09:34:44.095262
11,18,5,3,0,3,2026-06-16T09:34:45.094442
11,18,6,3,0,3,2026-06-16T09:34:46.728114
11,18,7,3,0,3,2026-06-16T09:34:48.331811
11,18,8,3,0,3,2026-06-16T09:34:49.526443
11,18,9,3,0,3,2026-06-16T09:34:51.151901
11,18,10,3,0,3,2026-06-16T09:34:52.359962
11,19,1,3,0,3,2026-06-16T09:34:53.364116
11,19,2,3,0,3,2026-06-16T09:34:54.368056
11,19,3,3,0,3,2026-06-16T09:34:55.982760
11,19,4,3,0,3,2026-06-16T09:34:57.788856
11,19,5,3,0,3,2026-06-16T09:34:58.998001
11,19,6,3,0,3,2026-06-16T09:35:00.582143
11,19,7,3,0,3,2026-06-16T09:35:01.988531
11,19,8,3,0,3,2026-06-16T09:35:03.823150
11,19,9,3,0,3,2026-06-16T09:35:06.036580
11,19,10,3,0,3,2026-06-16T09:35:09.844665
11,20,1,3,0,3,2026-06-16T09:35:11.646834
11,20,2,3,0,3,2026-06-16T09:35:12.658198
11,20,3,3,0,3,2026-06-16T09:35:14.260454
11,20,4,3,0,3,2026-06-16T09:35:16.075527
11,20,5,3,0,3,2026-06-16T09:35:17.295444
11,20,6,3,0,3,2026-06-16T09:35:19.288241
11,20,7,3,0,3,2026-06-16T09:35:20.914690
11,20,8,3,0,3,2026-06-16T09:35:21.921864
11,20,9,3,0,3,2026-06-16T09:35:23.325028
11,20,10,3,0,3,2026-06-16T09:35:25.122290
11,21,1,5,0,5,2026-06-16T09:35:26.123342
11,21,2,5,0,5,2026-06-16T09:35:27.951336
11,21,3,5,0,5,2026-06-16T09:35:29.347298
11,21,4,5,0,5,2026-06-16T09:35:30.755959
11,21,5,5,0,5,2026-06-16T09:35:31.750598
11,21,6,5,0,5,2026-06-16T09:35:33.162792
11,21,7,5,0,5,2026-06-16T09:35:35.561066
11,21,8,5,0,5,2026-06-16T09:35:37.373685
11,21,9,5,0,5,2026-06-16T09:35:38.781768
11,21,10,5,0,5,2026-06-16T09:35:40.392306
11,22,1,4,0,4,2026-06-16T09:35:42.199600
11,22,2,4,0,4,2026-06-16T09:35:43.795320
11,22,3,4,0,4,2026-06-16T09:35:45.392487
11,22,4,4,0,4,2026-06-16T09:35:46.598661
11,22,5,4,0,4,2026-06-16T09:35:48.192607
11,22,6,4,0,4,2026-06-16T09:35:49.186763
11,22,7,4,0,4,2026-06-16T09:35:50.797445
11,22,8,4,0,4,2026-06-16T09:35:52.014972
11,22,9,4,0,4,2026-06-16T09:35:53.232626
11,22,10,4,0,4,2026-06-16T09:35:54.209036
11,23,1,2,0,2,2026-06-16T09:35:55.614928
11,23,2,3,0,3,2026-06-16T09:35:57.222372
11,23,3,3,0,3,2026-06-16T09:35:59.233704
11,23,4,2,0,2,2026-06-16T09:36:00.907268
11,23,5,3,0,3,2026-06-16T09:36:02.714013
11,23,6,2,0,2,2026-06-16T09:36:03.709446
11,23,7,2,0,2,2026-06-16T09:36:05.529634
11,23,8,2,0,2,2026-06-16T09:36:06.725373
11,23,9,3,0,3,2026-06-16T09:36:07.724966
11,23,10,2,0,2,2026-06-16T09:36:08.998575
11,24,1,0,0,0,2026-06-16T09:36:10.411991
11,24,2,0,0,0,2026-06-16T09:36:12.414064
11,24,3,1,0,1,2026-06-16T09:36:13.626373
11,24,4,1,0,1,2026-06-16T09:36:15.432735
11,24,5,1,0,1,2026-06-16T09:36:16.648051
11,24,6,2,0,2,2026-06-16T09:36:18.261329
11,24,7,1,0,1,2026-06-16T09:36:20.078866
11,24,8,2,0,2,2026-06-16T09:36:20.874845
11,24,9,2,0,2,2026-06-16T09:36:22.718270
11,24,10,1,0,1,2026-06-16T09:36:23.920850
11,25,1,1,0,1,2026-06-16T09:36:24.919311
11,25,2,1,0,1,2026-06-16T09:36:27.089206
11,25,3,1,0,1,2026-06-16T09:36:28.546505
11,25,4,1,0,1,2026-06-16T09:36:32.299264
11,25,5,1,0,1,2026-06-16T09:36:33.118752
11,25,6,1,0,1,2026-06-16T09:36:34.324505
11,25,7,1,0,1,2026-06-16T09:36:35.615329
11,25,8,1,0,1,2026-06-16T09:36:37.446504
11,25,9,1,0,1,2026-06-16T09:36:38.649842
11,25,10,1,0,1,2026-06-16T09:36:40.261016
11,26,1,3,0,3,2026-06-16T09:36:41.267781
11,26,2,2,0,2,2026-06-16T09:36:42.892499
11,26,3,3,0,3,2026-06-16T09:36:44.516529
11,26,4,3,0,3,2026-06-16T09:36:45.731869
11,26,5,2,0,2,2026-06-16T09:36:47.345632
11,26,6,3,0,3,2026-06-16T09:36:49.369231
11,26,7,3,0,3,2026-06-16T09:36:50.162877
11,26,8,2,0,2,2026-06-16T09:36:50.967499
11,26,9,3,0,3,2026-06-16T09:36:52.583654
11,26,10,3,0,3,2026-06-16T09:36:53.609994
11,27,1,4,0,4,2026-06-16T09:36:54.389392
11,27,2,4,0,4,2026-06-16T09:36:56.808066
11,27,3,4,0,4,2026-06-16T09:36:58.665295
11,27,4,4,0,4,2026-06-16T09:37:00.475610
11,27,5,4,0,4,2026-06-16T09:37:01.678617
11,27,6,4,0,4,2026-06-16T09:37:02.678947
11,27,7,4,0,4,2026-06-16T09:37:04.293193
11,27,8,4,0,4,2026-06-16T09:37:05.086055
11,27,9,4,0,4,2026-06-16T09:37:06.753369
11,27,10,4,0,4,2026-06-16T09:37:07.971691
11,28,1,3,0,3,2026-06-16T09:37:09.572175
11,28,2,3,0,3,2026-06-16T09:37:11.461444
11,28,3,3,0,3,2026-06-16T09:37:13.284808
11,28,4,3,0,3,2026-06-16T09:37:14.287455
11,28,5,3,0,3,2026-06-16T09:37:15.502781
11,28,6,3,0,3,2026-06-16T09:37:17.530975
11,28,7,3,0,3,2026-06-16T09:37:19.143343
11,28,8,3,0,3,2026-06-16T09:37:20.960578
11,28,9,3,0,3,2026-06-16T09:37:22.158699
11,28,10,3,0,3,2026-06-16T09:37:28.158605
11,29,1,3,0,3,2026-06-16T09:37:30.158946
11,29,2,3,0,3,2026-06-16T09:37:31.576902
11,29,3,3,0,3,2026-06-16T09:37:32.842878
11,29,4,3,0,3,2026-06-16T09:37:34.058804
11,29,5,3,0,3,2026-06-16T09:37:35.269772
11,29,6,3,0,3,2026-06-16T09:37:36.754857
11,29,7,3,0,3,2026-06-16T09:37:38.393670
11,29,8,3,0,3,2026-06-16T09:37:39.602731
11,29,9,3,0,3,2026-06-16T09:37:40.620372
11,29,10,3,0,3,2026-06-16T09:37:41.620690
11,30,1,3,0,3,2026-06-16T09:37:43.031482
11,30,2,3,0,3,2026-06-16T09:37:43.835258
11,30,3,3,0,3,2026-06-16T09:37:45.454776
11,30,4,3,0,3,2026-06-16T09:37:46.688281
11,30,5,3,0,3,2026-06-16T09:37:48.502492
11,30,6,3,0,3,2026-06-16T09:37:50.321812
11,30,7,3,0,3,2026-06-16T09:37:52.359816
11,30,8,3,0,3,2026-06-16T09:37:55.224828
11,30,9,3,0,3,2026-06-16T09:37:56.035844
11,30,10,3,0,3,2026-06-16T09:37:58.029506
12,1,1,5,0,5,2026-06-16T09:37:59.234639
12,1,2,5,0,5,2026-06-16T09:38:00.511488
12,1,3,5,0,5,2026-06-16T09:38:01.948141
12,1,4,5,0,5,2026-06-16T09:38:03.686482
12,1,5,5,0,5,2026-06-16T09:38:05.200683
12,1,6,5,0,5,2026-06-16T09:38:06.603911
12,1,7,5,0,5,2026-06-16T09:38:08.211261
12,1,8,5,0,5,2026-06-16T09:38:10.061398
12,1,9,5,0,5,2026-06-16T09:38:11.266626
12,1,10,5,0,5,2026-06-16T09:38:13.108475
12,2,1,5,0,5,2026-06-16T09:38:14.925619
12,2,2,5,0,5,2026-06-16T09:38:17.409306
12,2,3,5,0,5,2026-06-16T09:38:19.426029
12,2,4,5,0,5,2026-06-16T09:38:20.825487
12,2,5,5,0,5,2026-06-16T09:38:21.825128
12,2,6,5,0,5,2026-06-16T09:38:23.423403
12,2,7,5,0,5,2026-06-16T09:38:25.017740
12,2,8,5,0,5,2026-06-16T09:38:26.622769
12,2,9,5,0,5,2026-06-16T09:38:27.827180
12,2,10,5,0,5,2026-06-16T09:38:29.052712
12,3,1,2,0,2,2026-06-16T09:38:30.052230
12,3,2,2,0,2,2026-06-16T09:38:31.659133
12,3,3,2,0,2,2026-06-16T09:38:32.873062
12,3,4,2,0,2,2026-06-16T09:38:34.078997
12,3,5,2,0,2,2026-06-16T09:38:35.534193
12,3,6,2,0,2,2026-06-16T09:38:37.580879
12,3,7,2,0,2,2026-06-16T09:38:38.583383
12,3,8,2,0,2,2026-06-16T09:38:39.989308
12,3,9,2,0,2,2026-06-16T09:38:41.799942
12,3,10,2,0,2,2026-06-16T09:38:43.603362
12,4,1,1,0,1,2026-06-16T09:38:45.428745
12,4,2,1,0,1,2026-06-16T09:38:46.821718
12,4,3,1,0,1,2026-06-16T09:38:48.641867
12,4,4,1,0,1,2026-06-16T09:38:50.053573
12,4,5,1,0,1,2026-06-16T09:38:51.659442
12,4,6,1,0,1,2026-06-16T09:38:52.857633
12,4,7,1,0,1,2026-06-16T09:38:54.871470
12,4,8,1,0,1,2026-06-16T09:38:56.477840
12,4,9,1,0,1,2026-06-16T09:38:57.674005
12,4,10,1,0,1,2026-06-16T09:38:59.269264
12,5,1,1,0,1,2026-06-16T09:39:00.873673
12,5,2,2,0,2,2026-06-16T09:39:02.094863
12,5,3,2,0,2,2026-06-16T09:39:03.307960
12,5,4,2,0,2,2026-06-16T09:39:04.514563
12,5,5,1,0,1,2026-06-16T09:39:06.118603
12,5,6,1,0,1,2026-06-16T09:39:07.326437
12,5,7,1,0,1,2026-06-16T09:39:08.949422
12,5,8,1,0,1,2026-06-16T09:39:10.354321
12,5,9,1,0,1,2026-06-16T09:39:11.968966
12,5,10,1,0,1,2026-06-16T09:39:13.580212
12,6,1,5,0,5,2026-06-16T09:39:15.184871
12,6,2,5,0,5,2026-06-16T09:39:18.646940
12,6,3,5,0,5,2026-06-16T09:39:20.049288
12,6,4,5,0,5,2026-06-16T09:39:22.127775
12,6,5,5,0,5,2026-06-16T09:39:23.713901
12,6,6,5,0,5,2026-06-16T09:39:25.333445
12,6,7,5,0,5,2026-06-16T09:39:26.947354
12,6,8,5,0,5,2026-06-16T09:39:28.878295
12,6,9,5,0,5,2026-06-16T09:39:29.677143
12,6,10,5,0,5,2026-06-16T09:39:31.293747
12,7,1,5,0,5,2026-06-16T09:39:32.305443
12,7,2,5,0,5,2026-06-16T09:39:33.112163
12,7,3,5,0,5,2026-06-16T09:39:34.513463
12,7,4,5,0,5,2026-06-16T09:39:35.933409
12,7,5,5,0,5,2026-06-16T09:39:37.385116
12,7,6,5,0,5,2026-06-16T09:39:38.159498
12,7,7,5,0,5,2026-06-16T09:39:39.972460
12,7,8,5,0,5,2026-06-16T09:39:41.384597
12,7,9,5,0,5,2026-06-16T09:39:43.805057
12,7,10,5,0,5,2026-06-16T09:39:45.425002
12,8,1,2,0,2,2026-06-16T09:39:47.044802
12,8,2,2,0,2,2026-06-16T09:39:48.258250
12,8,3,2,0,2,2026-06-16T09:39:49.268048
12,8,4,2,0,2,2026-06-16T09:39:50.472971
12,8,5,2,0,2,2026-06-16T09:39:52.280075
12,8,6,2,0,2,2026-06-16T09:39:53.908770
12,8,7,2,0,2,2026-06-16T09:39:55.611493
12,8,8,2,0,2,2026-06-16T09:39:57.602166
12,8,9,2,0,2,2026-06-16T09:39:59.016513
12,8,10,2,0,2,2026-06-16T09:40:01.230038
12,9,1,2,0,2,2026-06-16T09:40:02.060378
12,9,2,2,0,2,2026-06-16T09:40:03.700550
12,9,3,1,0,1,2026-06-16T09:40:05.302842
12,9,4,1,0,1,2026-06-16T09:40:07.507595
12,9,5,2,0,2,2026-06-16T09:40:09.304186
12,9,6,1,0,1,2026-06-16T09:40:11.111931
12,9,7,2,0,2,2026-06-16T09:40:12.517220
12,9,8,2,0,2,2026-06-16T09:40:14.325254
12,9,9,1,0,1,2026-06-16T09:40:16.337741
12,9,10,2,0,2,2026-06-16T09:40:17.122532
12,10,1,1,0,1,2026-06-16T09:40:18.976286
12,10,2,1,0,1,2026-06-16T09:40:20.990505
12,10,3,1,0,1,2026-06-16T09:40:22.180272
12,10,4,1,0,1,2026-06-16T09:40:23.574603
12,10,5,1,0,1,2026-06-16T09:40:25.392306
12,10,6,2,0,2,2026-06-16T09:40:27.404433
12,10,7,1,0,1,2026-06-16T09:40:28.867189
12,10,8,1,0,1,2026-06-16T09:40:29.884117
12,10,9,2,0,2,2026-06-16T09:40:31.092484
12,10,10,1,0,1,2026-06-16T09:40:32.300154
12,11,1,5,0,5,2026-06-16T09:40:33.504806
12,11,2,5,0,5,2026-06-16T09:40:35.318863
12,11,3,5,0,5,2026-06-16T09:40:36.753807
12,11,4,5,0,5,2026-06-16T09:40:40.201477
12,11,5,5,0,5,2026-06-16T09:40:41.408173
12,11,6,5,0,5,2026-06-16T09:40:42.611529
12,11,7,5,0,5,2026-06-16T09:40:44.423185
12,11,8,5,0,5,2026-06-16T09:40:46.024739
12,11,9,5,0,5,2026-06-16T09:40:47.254598
12,11,10,5,0,5,2026-06-16T09:40:48.757835
12,12,1,5,0,5,2026-06-16T09:40:50.379572
12,12,2,5,0,5,2026-06-16T09:40:51.582118
12,12,3,5,0,5,2026-06-16T09:40:52.798812
12,12,4,5,0,5,2026-06-16T09:40:53.605654
12,12,5,5,0,5,2026-06-16T09:40:55.409236
12,12,6,5,0,5,2026-06-16T09:40:56.988746
12,12,7,5,0,5,2026-06-16T09:40:57.984314
12,12,8,5,0,5,2026-06-16T09:40:59.203270
12,12,9,5,0,5,2026-06-16T09:41:00.811571
12,12,10,5,0,5,2026-06-16T09:41:02.016810
12,13,1,2,0,2,2026-06-16T09:41:03.405713
12,13,2,3,0,3,2026-06-16T09:41:05.216161
12,13,3,2,0,2,2026-06-16T09:41:06.821675
12,13,4,2,0,2,2026-06-16T09:41:07.626299
12,13,5,4,0,4,2026-06-16T09:41:09.866630
12,13,6,4,0,4,2026-06-16T09:41:11.072085
12,13,7,4,0,4,2026-06-16T09:41:12.274192
12,13,8,2,0,2,2026-06-16T09:41:13.667674
12,13,9,2,0,2,2026-06-16T09:41:15.473855
12,13,10,2,0,2,2026-06-16T09:41:16.917493
12,14,1,4,0,4,2026-06-16T09:41:17.916042
12,14,2,4,0,4,2026-06-16T09:41:19.120797
12,14,3,4,0,4,2026-06-16T09:41:20.727883
12,14,4,4,0,4,2026-06-16T09:41:22.346553
12,14,5,4,0,4,2026-06-16T09:41:23.956099
12,14,6,4,0,4,2026-06-16T09:41:25.358760
12,14,7,4,0,4,2026-06-16T09:41:26.764355
12,14,8,4,0,4,2026-06-16T09:41:28.572890
12,14,9,4,0,4,2026-06-16T09:41:30.005145
12,14,10,4,0,4,2026-06-16T09:41:33.147546
12,15,1,3,0,3,2026-06-16T09:41:34.563485
12,15,2,4,0,4,2026-06-16T09:41:35.379233
12,15,3,3,0,3,2026-06-16T09:41:37.199378
12,15,4,4,0,4,2026-06-16T09:41:37.997691
12,15,5,3,0,3,2026-06-16T09:41:39.614569
12,15,6,4,0,4,2026-06-16T09:41:41.227972
12,15,7,3,0,3,2026-06-16T09:41:42.430075
12,15,8,3,0,3,2026-06-16T09:41:44.049557
12,15,9,4,0,4,2026-06-16T09:41:44.872782
12,15,10,4,0,4,2026-06-16T09:41:46.488004
12,16,1,5,0,5,2026-06-16T09:41:48.276217
12,16,2,5,0,5,2026-06-16T09:41:49.669250
12,16,3,5,0,5,2026-06-16T09:41:51.269227
12,16,4,5,0,5,2026-06-16T09:41:52.681317
12,16,5,5,0,5,2026-06-16T09:41:54.499520
12,16,6,5,0,5,2026-06-16T09:41:56.602384
12,16,7,5,0,5,2026-06-16T09:41:58.398458
12,16,8,5,0,5,2026-06-16T09:42:01.305337
12,16,9,5,0,5,2026-06-16T09:42:02.913689
12,16,10,5,0,5,2026-06-16T09:42:04.721872
12,17,1,5,0,5,2026-06-16T09:42:06.329162
12,17,2,5,0,5,2026-06-16T09:42:08.137838
12,17,3,5,0,5,2026-06-16T09:42:09.923137
12,17,4,5,0,5,2026-06-16T09:42:11.330993
12,17,5,5,0,5,2026-06-16T09:42:12.950063
12,17,6,5,0,5,2026-06-16T09:42:13.956976
12,17,7,5,0,5,2026-06-16T09:42:15.164098
12,17,8,5,0,5,2026-06-16T09:42:16.569047
12,17,9,5,0,5,2026-06-16T09:42:18.169395
12,17,10,5,0,5,2026-06-16T09:42:19.366780
12,18,1,3,0,3,2026-06-16T09:42:20.345425
12,18,2,3,0,3,2026-06-16T09:42:21.140841
12,18,3,3,0,3,2026-06-16T09:42:22.580992
12,18,4,3,0,3,2026-06-16T09:42:24.566896
12,18,5,3,0,3,2026-06-16T09:42:28.396316
12,18,6,3,0,3,2026-06-16T09:42:30.013196
12,18,7,3,0,3,2026-06-16T09:42:31.418111
12,18,8,3,0,3,2026-06-16T09:42:33.042080
12,18,9,3,0,3,2026-06-16T09:42:34.744300
12,18,10,3,0,3,2026-06-16T09:42:35.748472
12,19,1,4,0,4,2026-06-16T09:42:37.171715
12,19,2,4,0,4,2026-06-16T09:42:38.383420
12,19,3,4,0,4,2026-06-16T09:42:39.597260
12,19,4,4,0,4,2026-06-16T09:42:41.006705
12,19,5,4,0,4,2026-06-16T09:42:42.808485
12,19,6,4,0,4,2026-06-16T09:42:44.225243
12,19,7,4,0,4,2026-06-16T09:42:45.835288
12,19,8,4,0,4,2026-06-16T09:42:47.241478
12,19,9,4,0,4,2026-06-16T09:42:48.645250
12,19,10,4,0,4,2026-06-16T09:42:50.225023
12,20,1,5,0,5,2026-06-16T09:42:51.627505
12,20,2,5,0,5,2026-06-16T09:42:54.283190
12,20,3,5,0,5,2026-06-16T09:42:55.734293
12,20,4,5,0,5,2026-06-16T09:42:56.942778
12,20,5,5,0,5,2026-06-16T09:42:58.935375
12,20,6,5,0,5,2026-06-16T09:43:00.143571
12,20,7,5,0,5,2026-06-16T09:43:01.749705
12,20,8,5,0,5,2026-06-16T09:43:03.350118
12,20,9,5,0,5,2026-06-16T09:43:04.645155
12,20,10,5,0,5,2026-06-16T09:43:05.975244
12,21,1,5,0,5,2026-06-16T09:43:07.086265
12,21,2,5,0,5,2026-06-16T09:43:08.505886
12,21,3,5,0,5,2026-06-16T09:43:10.334500
12,21,4,5,0,5,2026-06-16T09:43:11.957770
12,21,5,5,0,5,2026-06-16T09:43:13.570448
12,21,6,5,0,5,2026-06-16T09:43:14.795144
12,21,7,5,0,5,2026-06-16T09:43:16.201219
12,21,8,5,0,5,2026-06-16T09:43:16.978313
12,21,9,5,0,5,2026-06-16T09:43:18.966608
12,21,10,5,0,5,2026-06-16T09:43:21.397639
12,22,1,5,0,5,2026-06-16T09:43:23.414034
12,22,2,5,0,5,2026-06-16T09:43:25.223105
12,22,3,5,0,5,2026-06-16T09:43:27.239087
12,22,4,5,0,5,2026-06-16T09:43:28.046487
12,22,5,5,0,5,2026-06-16T09:43:29.251436
12,22,6,5,0,5,2026-06-16T09:43:30.861485
12,22,7,5,0,5,2026-06-16T09:43:32.270318
12,22,8,5,0,5,2026-06-16T09:43:33.875375
12,22,9,5,0,5,2026-06-16T09:43:35.083139
12,22,10,5,0,5,2026-06-16T09:43:36.085048
12,23,1,4,0,4,2026-06-16T09:43:37.303815
12,23,2,4,0,4,2026-06-16T09:43:39.090424
12,23,3,4,0,4,2026-06-16T09:43:40.696258
12,23,4,4,0,4,2026-06-16T09:43:41.901092
12,23,5,4,0,4,2026-06-16T09:43:43.112726
12,23,6,4,0,4,2026-06-16T09:43:44.376759
12,23,7,4,0,4,2026-06-16T09:43:45.780553
12,23,8,4,0,4,2026-06-16T09:43:47.791699
12,23,9,4,0,4,2026-06-16T09:43:50.210848
12,23,10,4,0,4,2026-06-16T09:43:51.402877
12,24,1,0,0,0,2026-06-16T09:43:54.001252
12,24,2,2,0,2,2026-06-16T09:43:56.200600
12,24,3,2,0,2,2026-06-16T09:43:57.823801
12,24,4,2,0,2,2026-06-16T09:43:59.035019
12,24,5,2,0,2,2026-06-16T09:44:00.642937
12,24,6,2,0,2,2026-06-16T09:44:02.266637
12,24,7,2,0,2,2026-06-16T09:44:03.879338
12,24,8,2,0,2,2026-06-16T09:44:05.697680
12,24,9,2,0,2,2026-06-16T09:44:07.490898
12,24,10,2,0,2,2026-06-16T09:44:09.285417
12,25,1,0,0,0,2026-06-16T09:44:10.082427
12,25,2,0,0,0,2026-06-16T09:44:11.508492
12,25,3,0,0,0,2026-06-16T09:44:12.910212
12,25,4,0,0,0,2026-06-16T09:44:14.523215
12,25,5,0,0,0,2026-06-16T09:44:17.408195
12,25,6,0,0,0,2026-06-16T09:44:18.419509
12,25,7,0,0,0,2026-06-16T09:44:19.617544
12,25,8,0,0,0,2026-06-16T09:44:20.627114
12,25,9,0,0,0,2026-06-16T09:44:22.039534
12,25,10,0,0,0,2026-06-16T09:44:24.250524
12,26,1,5,0,5,2026-06-16T09:44:25.860253
12,26,2,5,0,5,2026-06-16T09:44:26.664601
12,26,3,5,0,5,2026-06-16T09:44:28.265630
12,26,4,5,0,5,2026-06-16T09:44:29.477158
12,26,5,5,0,5,2026-06-16T09:44:30.875221
12,26,6,5,0,5,2026-06-16T09:44:32.070265
12,26,7,5,0,5,2026-06-16T09:44:33.277795
12,26,8,5,0,5,2026-06-16T09:44:34.480069
12,26,9,5,0,5,2026-06-16T09:44:35.689251
12,26,10,5,0,5,2026-06-16T09:44:37.295898
12,27,1,5,0,5,2026-06-16T09:44:38.501993
12,27,2,5,0,5,2026-06-16T09:44:40.388200
12,27,3,5,0,5,2026-06-16T09:44:43.052625
12,27,4,5,0,5,2026-06-16T09:44:44.857968
12,27,5,5,0,5,2026-06-16T09:44:45.857530
12,27,6,5,0,5,2026-06-16T09:44:47.054247
12,27,7,5,0,5,2026-06-16T09:44:48.065659
12,27,8,5,0,5,2026-06-16T09:44:49.682287
12,27,9,5,0,5,2026-06-16T09:44:51.293784
12,27,10,5,0,5,2026-06-16T09:44:52.697484
12,28,1,4,0,4,2026-06-16T09:44:53.927916
12,28,2,4,0,4,2026-06-16T09:44:55.324392
12,28,3,4,0,4,2026-06-16T09:44:56.308960
12,28,4,4,0,4,2026-06-16T09:44:57.502642
12,28,5,4,0,4,2026-06-16T09:44:59.102536
12,28,6,4,0,4,2026-06-16T09:45:00.312037
12,28,7,4,0,4,2026-06-16T09:45:01.503635
12,28,8,4,0,4,2026-06-16T09:45:02.313344
12,28,9,4,0,4,2026-06-16T09:45:03.924103
12,28,10,4,0,4,2026-06-16T09:45:05.121130
12,29,1,5,0,5,2026-06-16T09:45:06.125427
12,29,2,5,0,5,2026-06-16T09:45:07.732964
12,29,3,5,0,5,2026-06-16T09:45:09.143000
12,29,4,5,0,5,2026-06-16T09:45:14.080382
12,29,5,5,0,5,2026-06-16T09:45:15.101882
12,29,6,5,0,5,2026-06-16T09:45:16.912947
12,29,7,5,0,5,2026-06-16T09:45:18.708382
12,29,8,5,0,5,2026-06-16T09:45:20.306045
12,29,9,5,0,5,2026-06-16T09:45:21.914632
12,29,10,5,0,5,2026-06-16T09:45:23.537542
12,30,1,4,0,4,2026-06-16T09:45:25.341760
12,30,2,4,0,4,2026-06-16T09:45:26.551643
12,30,3,4,0,4,2026-06-16T09:45:27.354294
12,30,4,4,0,4,2026-06-16T09:45:28.159426
12,30,5,5,0,5,2026-06-16T09:45:29.164527
12,30,6,4,0,4,2026-06-16T09:45:30.564808
12,30,7,4,0,4,2026-06-16T09:45:32.168948
12,30,8,4,0,4,2026-06-16T09:45:33.974799
12,30,9,4,0,4,2026-06-16T09:45:36.193336
12,30,10,5,0,5,2026-06-16T09:45:37.792641
13,1,1,5,0,5,2026-06-16T09:45:39.800589
13,1,2,5,0,5,2026-06-16T09:45:41.007374
13,1,3,5,0,5,2026-06-16T09:45:42.620723
13,1,4,5,0,5,2026-06-16T09:45:43.842312
13,1,5,5,0,5,2026-06-16T09:45:45.472713
13,1,6,5,0,5,2026-06-16T09:45:46.673574
13,1,7,5,0,5,2026-06-16T09:45:48.269397
13,1,8,5,0,5,2026-06-16T09:45:49.920707
13,1,9,5,0,5,2026-06-16T09:45:51.742236
13,1,10,5,0,5,2026-06-16T09:45:53.363927
13,2,1,5,0,5,2026-06-16T09:45:54.967890
13,2,2,5,0,5,2026-06-16T09:45:56.781320
13,2,3,4,0,4,2026-06-16T09:45:57.571580
13,2,4,4,0,4,2026-06-16T09:45:58.396167
13,2,5,4,0,4,2026-06-16T09:45:59.601194
13,2,6,4,0,4,2026-06-16T09:46:01.203190
13,2,7,5,0,5,2026-06-16T09:46:03.026041
13,2,8,5,0,5,2026-06-16T09:46:04.868790
13,2,9,5,0,5,2026-06-16T09:46:06.274035
13,2,10,5,0,5,2026-06-16T09:46:07.884268
13,3,1,1,0,1,2026-06-16T09:46:09.092710
13,3,2,1,0,1,2026-06-16T09:46:10.099362
13,3,3,1,0,1,2026-06-16T09:46:10.898068
13,3,4,1,0,1,2026-06-16T09:46:12.503743
13,3,5,1,0,1,2026-06-16T09:46:14.118205
13,3,6,1,0,1,2026-06-16T09:46:15.934371
13,3,7,1,0,1,2026-06-16T09:46:17.545161
13,3,8,1,0,1,2026-06-16T09:46:19.360932
13,3,9,1,0,1,2026-06-16T09:46:20.570432
13,3,10,1,0,1,2026-06-16T09:46:22.176320
13,4,1,1,0,1,2026-06-16T09:46:23.983624
13,4,2,1,0,1,2026-06-16T09:46:25.597885
13,4,3,1,0,1,2026-06-16T09:46:26.405728
13,4,4,1,0,1,2026-06-16T09:46:27.886280
13,4,5,1,0,1,2026-06-16T09:46:29.466816
13,4,6,1,0,1,2026-06-16T09:46:31.677360
13,4,7,1,0,1,2026-06-16T09:46:33.498611
13,4,8,1,0,1,2026-06-16T09:46:35.103076
13,4,9,1,0,1,2026-06-16T09:46:36.491219
13,4,10,1,0,1,2026-06-16T09:46:37.692822
13,5,1,1,0,1,2026-06-16T09:46:39.498298
13,5,2,1,0,1,2026-06-16T09:46:41.116619
13,5,3,1,0,1,2026-06-16T09:46:42.320287
13,5,4,1,0,1,2026-06-16T09:46:43.933133
13,5,5,1,0,1,2026-06-16T09:46:45.555727
13,5,6,1,0,1,2026-06-16T09:46:46.855682
13,5,7,1,0,1,2026-06-16T09:46:48.057832
13,5,8,1,0,1,2026-06-16T09:46:49.267128
13,5,9,1,0,1,2026-06-16T09:46:50.478247
13,5,10,1,0,1,2026-06-16T09:46:52.084202
13,6,1,5,0,5,2026-06-16T09:46:53.471076
13,6,2,5,0,5,2026-06-16T09:46:54.281971
13,6,3,5,0,5,2026-06-16T09:46:55.277536
13,6,4,5,0,5,2026-06-16T09:46:57.081841
13,6,5,5,0,5,2026-06-16T09:46:59.494360
13,6,6,5,0,5,2026-06-16T09:47:03.454510
13,6,7,5,0,5,2026-06-16T09:47:05.301337
13,6,8,5,0,5,2026-06-16T09:47:06.890267
13,6,9,5,0,5,2026-06-16T09:47:08.088520
13,6,10,5,0,5,2026-06-16T09:47:08.903314
13,7,1,5,0,5,2026-06-16T09:47:10.114198
13,7,2,5,0,5,2026-06-16T09:47:11.636619
13,7,3,5,0,5,2026-06-16T09:47:12.831870
13,7,4,5,0,5,2026-06-16T09:47:14.231751
13,7,5,5,0,5,2026-06-16T09:47:15.937678
13,7,6,5,0,5,2026-06-16T09:47:17.941994
13,7,7,5,0,5,2026-06-16T09:47:18.947621
13,7,8,5,0,5,2026-06-16T09:47:20.558282
13,7,9,5,0,5,2026-06-16T09:47:21.955011
13,7,10,5,0,5,2026-06-16T09:47:24.173431
13,8,1,2,0,2,2026-06-16T09:47:26.191383
13,8,2,2,0,2,2026-06-16T09:47:28.398243
13,8,3,2,0,2,2026-06-16T09:47:30.001656
13,8,4,2,0,2,2026-06-16T09:47:31.215621
13,8,5,2,0,2,2026-06-16T09:47:33.028853
13,8,6,2,0,2,2026-06-16T09:47:34.432609
13,8,7,2,0,2,2026-06-16T09:47:36.049260
13,8,8,2,0,2,2026-06-16T09:47:37.047131
13,8,9,2,0,2,2026-06-16T09:47:38.067801
13,8,10,2,0,2,2026-06-16T09:47:39.077024
13,9,1,1,0,1,2026-06-16T09:47:40.468390
13,9,2,1,0,1,2026-06-16T09:47:41.275286
13,9,3,1,0,1,2026-06-16T09:47:42.559734
13,9,4,1,0,1,2026-06-16T09:47:44.169829
13,9,5,1,0,1,2026-06-16T09:47:45.386233
13,9,6,1,0,1,2026-06-16T09:47:46.586330
13,9,7,1,0,1,2026-06-16T09:47:48.190803
13,9,8,1,0,1,2026-06-16T09:47:50.015721
13,9,9,1,0,1,2026-06-16T09:47:51.420950
13,9,10,1,0,1,2026-06-16T09:47:53.431805
13,10,1,2,0,2,2026-06-16T09:47:55.633068
13,10,2,2,0,2,2026-06-16T09:47:57.843244
13,10,3,2,0,2,2026-06-16T09:47:58.856148
13,10,4,2,0,2,2026-06-16T09:48:00.676506
13,10,5,2,0,2,2026-06-16T09:48:01.915468
13,10,6,2,0,2,2026-06-16T09:48:03.119417
13,10,7,2,0,2,2026-06-16T09:48:04.306519
13,10,8,2,0,2,2026-06-16T09:48:05.910658
13,10,9,2,0,2,2026-06-16T09:48:07.116016
13,10,10,2,0,2,2026-06-16T09:48:07.941062
13,11,1,5,0,5,2026-06-16T09:48:09.545526
13,11,2,5,0,5,2026-06-16T09:48:10.750870
13,11,3,5,0,5,2026-06-16T09:48:11.958967
13,11,4,5,0,5,2026-06-16T09:48:13.181745
13,11,5,5,0,5,2026-06-16T09:48:14.170016
13,11,6,5,0,5,2026-06-16T09:48:16.045385
13,11,7,5,0,5,2026-06-16T09:48:17.667489
13,11,8,5,0,5,2026-06-16T09:48:19.477175
13,11,9,5,0,5,2026-06-16T09:48:21.485307
13,11,10,5,0,5,2026-06-16T09:48:23.139725
13,12,1,5,0,5,2026-06-16T09:48:24.937204
13,12,2,5,0,5,2026-06-16T09:48:26.389763
13,12,3,5,0,5,2026-06-16T09:48:28.211123
13,12,4,5,0,5,2026-06-16T09:48:29.416084
13,12,5,5,0,5,2026-06-16T09:48:31.041854
13,12,6,5,0,5,2026-06-16T09:48:32.658989
13,12,7,5,0,5,2026-06-16T09:48:34.474370
13,12,8,5,0,5,2026-06-16T09:48:35.670767
13,12,9,5,0,5,2026-06-16T09:48:36.666150
13,12,10,5,0,5,2026-06-16T09:48:37.473288
13,13,1,4,0,4,2026-06-16T09:48:38.681467
13,13,2,4,0,4,2026-06-16T09:48:40.496295
13,13,3,4,0,4,2026-06-16T09:48:42.108115
13,13,4,4,0,4,2026-06-16T09:48:43.322770
13,13,5,4,0,4,2026-06-16T09:48:44.719621
13,13,6,4,0,4,2026-06-16T09:48:46.746937
13,13,7,4,0,4,2026-06-16T09:48:49.386377
13,13,8,4,0,4,2026-06-16T09:48:50.599812
13,13,9,4,0,4,2026-06-16T09:48:51.599823
13,13,10,4,0,4,2026-06-16T09:48:52.786414
13,14,1,3,0,3,2026-06-16T09:48:54.004977
13,14,2,3,0,3,2026-06-16T09:48:55.676218
13,14,3,3,0,3,2026-06-16T09:48:56.877100
13,14,4,2,0,2,2026-06-16T09:48:58.083846
13,14,5,3,0,3,2026-06-16T09:48:59.299382
13,14,6,2,0,2,2026-06-16T09:49:01.116526
13,14,7,2,0,2,2026-06-16T09:49:02.531651
13,14,8,3,0,3,2026-06-16T09:49:04.556845
13,14,9,3,0,3,2026-06-16T09:49:05.761956
13,14,10,2,0,2,2026-06-16T09:49:06.971811
13,15,1,1,0,1,2026-06-16T09:49:08.172334
13,15,2,1,0,1,2026-06-16T09:49:09.806440
13,15,3,1,0,1,2026-06-16T09:49:11.206759
13,15,4,1,0,1,2026-06-16T09:49:12.618132
13,15,5,1,0,1,2026-06-16T09:49:15.021025
13,15,6,1,0,1,2026-06-16T09:49:16.977345
13,15,7,1,0,1,2026-06-16T09:49:18.576340
13,15,8,1,0,1,2026-06-16T09:49:19.779449
13,15,9,1,0,1,2026-06-16T09:49:20.796268
13,15,10,1,0,1,2026-06-16T09:49:22.001374
13,16,1,5,0,5,2026-06-16T09:49:23.813516
13,16,2,5,0,5,2026-06-16T09:49:25.221518
13,16,3,5,0,5,2026-06-16T09:49:26.431033
13,16,4,5,0,5,2026-06-16T09:49:28.441545
13,16,5,5,0,5,2026-06-16T09:49:30.052212
13,16,6,5,0,5,2026-06-16T09:49:31.661787
13,16,7,5,0,5,2026-06-16T09:49:32.870778
13,16,8,5,0,5,2026-06-16T09:49:34.074013
13,16,9,5,0,5,2026-06-16T09:49:35.282682
13,16,10,5,0,5,2026-06-16T09:49:37.105812
13,17,1,5,0,5,2026-06-16T09:49:37.920336
13,17,2,5,0,5,2026-06-16T09:49:39.728482
13,17,3,5,0,5,2026-06-16T09:49:41.149792
13,17,4,5,0,5,2026-06-16T09:49:44.111958
13,17,5,5,0,5,2026-06-16T09:49:46.121298
13,17,6,5,0,5,2026-06-16T09:49:47.559435
13,17,7,5,0,5,2026-06-16T09:49:48.561042
13,17,8,5,0,5,2026-06-16T09:49:49.959750
13,17,9,5,0,5,2026-06-16T09:49:51.770905
13,17,10,5,0,5,2026-06-16T09:49:52.755915
13,18,1,2,0,2,2026-06-16T09:49:54.359683
13,18,2,2,0,2,2026-06-16T09:49:55.570296
13,18,3,2,0,2,2026-06-16T09:49:57.177123
13,18,4,2,0,2,2026-06-16T09:49:58.789600
13,18,5,2,0,2,2026-06-16T09:49:59.994874
13,18,6,2,0,2,2026-06-16T09:50:00.999632
13,18,7,2,0,2,2026-06-16T09:50:02.209365
13,18,8,2,0,2,2026-06-16T09:50:03.213715
13,18,9,2,0,2,2026-06-16T09:50:04.048948
13,18,10,2,0,2,2026-06-16T09:50:05.614719
13,19,1,2,0,2,2026-06-16T09:50:06.814080
13,19,2,2,0,2,2026-06-16T09:50:09.445211
13,19,3,2,0,2,2026-06-16T09:50:12.849019
13,19,4,2,0,2,2026-06-16T09:50:14.052064
13,19,5,2,0,2,2026-06-16T09:50:15.458124
13,19,6,2,0,2,2026-06-16T09:50:17.057401
13,19,7,2,0,2,2026-06-16T09:50:18.107397
13,19,8,2,0,2,2026-06-16T09:50:20.759258
13,19,9,2,0,2,2026-06-16T09:50:22.169098
13,19,10,2,0,2,2026-06-16T09:50:23.573623
13,20,1,3,0,3,2026-06-16T09:50:24.660029
13,20,2,3,0,3,2026-06-16T09:50:26.056876
13,20,3,4,0,4,2026-06-16T09:50:27.070155
13,20,4,3,0,3,2026-06-16T09:50:28.473805
13,20,5,3,0,3,2026-06-16T09:50:30.081601
13,20,6,4,0,4,2026-06-16T09:50:31.080763
13,20,7,3,0,3,2026-06-16T09:50:32.288251
13,20,8,3,0,3,2026-06-16T09:50:34.269235
13,20,9,3,0,3,2026-06-16T09:50:36.672599
13,20,10,3,0,3,2026-06-16T09:50:38.675977
13,21,1,5,0,5,2026-06-16T09:50:40.464138
13,21,2,5,0,5,2026-06-16T09:50:41.669852
13,21,3,5,0,5,2026-06-16T09:50:43.283055
13,21,4,5,0,5,2026-06-16T09:50:45.498107
13,21,5,5,0,5,2026-06-16T09:50:47.112813
13,21,6,5,0,5,2026-06-16T09:50:48.323344
13,21,7,5,0,5,2026-06-16T09:50:49.114452
13,21,8,5,0,5,2026-06-16T09:50:50.351342
13,21,9,5,0,5,2026-06-16T09:50:51.775329
13,21,10,5,0,5,2026-06-16T09:50:53.435100
13,22,1,5,0,5,2026-06-16T09:50:54.665185
13,22,2,5,0,5,2026-06-16T09:50:55.876709
13,22,3,5,0,5,2026-06-16T09:50:57.083837
13,22,4,5,0,5,2026-06-16T09:50:58.696288
13,22,5,5,0,5,2026-06-16T09:50:59.692843
13,22,6,5,0,5,2026-06-16T09:51:01.125073
13,22,7,5,0,5,2026-06-16T09:51:02.933459
13,22,8,5,0,5,2026-06-16T09:51:04.801329
13,22,9,5,0,5,2026-06-16T09:51:06.462480
13,22,10,5,0,5,2026-06-16T09:51:07.871949
13,23,1,2,0,2,2026-06-16T09:51:09.889720
13,23,2,2,0,2,2026-06-16T09:51:10.882593
13,23,3,2,0,2,2026-06-16T09:51:12.090395
13,23,4,2,0,2,2026-06-16T09:51:13.915840
13,23,5,2,0,2,2026-06-16T09:51:14.732867
13,23,6,2,0,2,2026-06-16T09:51:15.935483
13,23,7,2,0,2,2026-06-16T09:51:17.741295
13,23,8,2,0,2,2026-06-16T09:51:18.553555
13,23,9,2,0,2,2026-06-16T09:51:19.760397
13,23,10,2,0,2,2026-06-16T09:51:20.758587
13,24,1,0,0,0,2026-06-16T09:51:22.759503
13,24,2,0,0,0,2026-06-16T09:51:24.167281
13,24,3,0,0,0,2026-06-16T09:51:25.779941
13,24,4,0,0,0,2026-06-16T09:51:27.584575
13,24,5,0,0,0,2026-06-16T09:51:29.401059
13,24,6,0,0,0,2026-06-16T09:51:32.077429
13,24,7,0,0,0,2026-06-16T09:51:34.704116
13,24,8,0,0,0,2026-06-16T09:51:35.903910
13,24,9,0,0,0,2026-06-16T09:51:37.712722
13,24,10,0,0,0,2026-06-16T09:51:38.522200
13,25,1,0,0,0,2026-06-16T09:51:39.525712
13,25,2,1,0,1,2026-06-16T09:51:40.734826
13,25,3,0,0,0,2026-06-16T09:51:42.337743
13,25,4,0,0,0,2026-06-16T09:51:43.941890
13,25,5,0,0,0,2026-06-16T09:51:45.547735
13,25,6,1,0,1,2026-06-16T09:51:47.160329
13,25,7,1,0,1,2026-06-16T09:51:49.168554
13,25,8,1,0,1,2026-06-16T09:51:50.758570
13,25,9,1,0,1,2026-06-16T09:51:51.559457
13,25,10,1,0,1,2026-06-16T09:51:53.160913
13,26,1,3,0,3,2026-06-16T09:51:54.362178
13,26,2,3,0,3,2026-06-16T09:51:55.798844
13,26,3,3,0,3,2026-06-16T09:51:57.405761
13,26,4,3,0,3,2026-06-16T09:52:00.883965
13,26,5,3,0,3,2026-06-16T09:52:02.505400
13,26,6,3,0,3,2026-06-16T09:52:04.317508
13,26,7,3,0,3,2026-06-16T09:52:05.916717
13,26,8,3,0,3,2026-06-16T09:52:07.527843
13,26,9,3,0,3,2026-06-16T09:52:09.542689
13,26,10,3,0,3,2026-06-16T09:52:11.149763
13,27,1,4,0,4,2026-06-16T09:52:12.561103
13,27,2,4,0,4,2026-06-16T09:52:14.159744
13,27,3,4,0,4,2026-06-16T09:52:15.563969
13,27,4,4,0,4,2026-06-16T09:52:16.774968
13,27,5,4,0,4,2026-06-16T09:52:17.769180
13,27,6,4,0,4,2026-06-16T09:52:19.364324
13,27,7,4,0,4,2026-06-16T09:52:20.764392
13,27,8,4,0,4,2026-06-16T09:52:21.791406
13,27,9,4,0,4,2026-06-16T09:52:23.404603
13,27,10,4,0,4,2026-06-16T09:52:25.023448
13,28,1,1,0,1,2026-06-16T09:52:26.023832
13,28,2,1,0,1,2026-06-16T09:52:28.226278
13,28,3,1,0,1,2026-06-16T09:52:30.718200
13,28,4,1,0,1,2026-06-16T09:52:32.539893
13,28,5,1,0,1,2026-06-16T09:52:35.174224
13,28,6,1,0,1,2026-06-16T09:52:36.374217
13,28,7,1,0,1,2026-06-16T09:52:38.186008
13,28,8,1,0,1,2026-06-16T09:52:38.990171
13,28,9,1,0,1,2026-06-16T09:52:40.393369
13,28,10,1,0,1,2026-06-16T09:52:41.973392
13,29,1,1,0,1,2026-06-16T09:52:43.188827
13,29,2,1,0,1,2026-06-16T09:52:44.401560
13,29,3,1,0,1,2026-06-16T09:52:46.034762
13,29,4,1,0,1,2026-06-16T09:52:47.017820
13,29,5,1,0,1,2026-06-16T09:52:48.216390
13,29,6,1,0,1,2026-06-16T09:52:49.426919
13,29,7,1,0,1,2026-06-16T09:52:50.683834
13,29,8,1,0,1,2026-06-16T09:52:52.913721
13,29,9,1,0,1,2026-06-16T09:52:54.939139
13,29,10,1,0,1,2026-06-16T09:52:56.830837
13,30,1,2,0,2,2026-06-16T09:52:58.442329
13,30,2,2,0,2,2026-06-16T09:52:59.659800
13,30,3,2,0,2,2026-06-16T09:53:00.911951
13,30,4,2,0,2,2026-06-16T09:53:02.525550
13,30,5,2,0,2,2026-06-16T09:53:03.730947
13,30,6,2,0,2,2026-06-16T09:53:05.122374
13,30,7,2,0,2,2026-06-16T09:53:06.124924
13,30,8,2,0,2,2026-06-16T09:53:07.931500
13,30,9,2,0,2,2026-06-16T09:53:09.128160
13,30,10,2,0,2,2026-06-16T09:53:10.742268
14,1,1,5,0,5,2026-06-16T09:53:12.741538
14,1,2,4,0,4,2026-06-16T09:53:13.937596
14,1,3,4,0,4,2026-06-16T09:53:14.979065
14,1,4,4,0,4,2026-06-16T09:53:15.982095
14,1,5,4,0,4,2026-06-16T09:53:17.582429
14,1,6,5,0,5,2026-06-16T09:53:19.385246
14,1,7,4,0,4,2026-06-16T09:53:21.190940
14,1,8,4,0,4,2026-06-16T09:53:22.800354
14,1,9,4,0,4,2026-06-16T09:53:24.421297
14,1,10,4,0,4,2026-06-16T09:53:26.028881
14,2,1,5,0,5,2026-06-16T09:53:26.838279
14,2,2,5,0,5,2026-06-16T09:53:28.855020
14,2,3,5,0,5,2026-06-16T09:53:29.698206
14,2,4,5,0,5,2026-06-16T09:53:31.525417
14,2,5,5,0,5,2026-06-16T09:53:32.506939
14,2,6,5,0,5,2026-06-16T09:53:33.718082
14,2,7,5,0,5,2026-06-16T09:53:35.717582
14,2,8,5,0,5,2026-06-16T09:53:36.920107
14,2,9,5,0,5,2026-06-16T09:53:38.534418
14,2,10,5,0,5,2026-06-16T09:53:39.911784
14,3,1,2,0,2,2026-06-16T09:53:40.957470
14,3,2,2,0,2,2026-06-16T09:53:42.173926
14,3,3,2,0,2,2026-06-16T09:53:43.568310
14,3,4,2,0,2,2026-06-16T09:53:44.366571
14,3,5,2,0,2,2026-06-16T09:53:45.764316
14,3,6,2,0,2,2026-06-16T09:53:47.961452
14,3,7,2,0,2,2026-06-16T09:53:48.963989
14,3,8,2,0,2,2026-06-16T09:53:49.968867
14,3,9,2,0,2,2026-06-16T09:53:51.389844
14,3,10,2,0,2,2026-06-16T09:53:52.603961
14,4,1,2,0,2,2026-06-16T09:53:53.661379
14,4,2,2,0,2,2026-06-16T09:53:56.817915
14,4,3,2,0,2,2026-06-16T09:53:58.611834
14,4,4,2,0,2,2026-06-16T09:53:59.909157
14,4,5,2,0,2,2026-06-16T09:54:01.532266
14,4,6,2,0,2,2026-06-16T09:54:02.324516
14,4,7,2,0,2,2026-06-16T09:54:04.416184
14,4,8,2,0,2,2026-06-16T09:54:05.825158
14,4,9,2,0,2,2026-06-16T09:54:07.076096
14,4,10,2,0,2,2026-06-16T09:54:08.273111
14,5,1,2,0,2,2026-06-16T09:54:09.693379
14,5,2,2,0,2,2026-06-16T09:54:11.787684
14,5,3,2,0,2,2026-06-16T09:54:13.788085
14,5,4,2,0,2,2026-06-16T09:54:15.804044
14,5,5,2,0,2,2026-06-16T09:54:17.385705
14,5,6,2,0,2,2026-06-16T09:54:18.782533
14,5,7,2,0,2,2026-06-16T09:54:20.587772
14,5,8,2,0,2,2026-06-16T09:54:21.405748
14,5,9,2,0,2,2026-06-16T09:54:22.603884
14,5,10,2,0,2,2026-06-16T09:54:24.407524
14,6,1,5,0,5,2026-06-16T09:54:25.793096
14,6,2,5,0,5,2026-06-16T09:54:26.588790
14,6,3,5,0,5,2026-06-16T09:54:27.995893
14,6,4,5,0,5,2026-06-16T09:54:29.199877
14,6,5,5,0,5,2026-06-16T09:54:30.804839
14,6,6,5,0,5,2026-06-16T09:54:32.014044
14,6,7,5,0,5,2026-06-16T09:54:33.418770
14,6,8,5,0,5,2026-06-16T09:54:35.036087
14,6,9,5,0,5,2026-06-16T09:54:36.625986
14,6,10,5,0,5,2026-06-16T09:54:38.029700
14,7,1,5,0,5,2026-06-16T09:54:38.838141
14,7,2,5,0,5,2026-06-16T09:54:41.073404
14,7,3,5,0,5,2026-06-16T09:54:44.863647
14,7,4,5,0,5,2026-06-16T09:54:45.878007
14,7,5,5,0,5,2026-06-16T09:54:47.680194
14,7,6,5,0,5,2026-06-16T09:54:49.098814
14,7,7,5,0,5,2026-06-16T09:54:51.109616
14,7,8,5,0,5,2026-06-16T09:54:52.523316
14,7,9,5,0,5,2026-06-16T09:54:54.131954
14,7,10,5,0,5,2026-06-16T09:54:55.108602
14,8,1,5,0,5,2026-06-16T09:54:56.116145
14,8,2,5,0,5,2026-06-16T09:54:57.717529
14,8,3,5,0,5,2026-06-16T09:54:58.994746
14,8,4,5,0,5,2026-06-16T09:55:00.593077
14,8,5,5,0,5,2026-06-16T09:55:02.190521
14,8,6,5,0,5,2026-06-16T09:55:03.770470
14,8,7,5,0,5,2026-06-16T09:55:05.176842
14,8,8,5,0,5,2026-06-16T09:55:06.597006
14,8,9,5,0,5,2026-06-16T09:55:08.201551
14,8,10,5,0,5,2026-06-16T09:55:10.209637
14,9,1,2,0,2,2026-06-16T09:55:12.408370
14,9,2,2,0,2,2026-06-16T09:55:14.006677
14,9,3,2,0,2,2026-06-16T09:55:15.611629
14,9,4,2,0,2,2026-06-16T09:55:17.233998
14,9,5,2,0,2,2026-06-16T09:55:18.451377
14,9,6,2,0,2,2026-06-16T09:55:20.064932
14,9,7,2,0,2,2026-06-16T09:55:21.266008
14,9,8,2,0,2,2026-06-16T09:55:22.069659
14,9,9,2,0,2,2026-06-16T09:55:23.281662
14,9,10,2,0,2,2026-06-16T09:55:24.278064
14,10,1,2,0,2,2026-06-16T09:55:25.924209
14,10,2,4,0,4,2026-06-16T09:55:26.732917
14,10,3,4,0,4,2026-06-16T09:55:28.587069
14,10,4,4,0,4,2026-06-16T09:55:29.596269
14,10,5,2,0,2,2026-06-16T09:55:31.204801
14,10,6,5,0,5,2026-06-16T09:55:32.410105
14,10,7,2,0,2,2026-06-16T09:55:33.911826
14,10,8,5,0,5,2026-06-16T09:55:36.538963
14,10,9,2,0,2,2026-06-16T09:55:37.755931
14,10,10,5,0,5,2026-06-16T09:55:38.829505
14,11,1,5,0,5,2026-06-16T09:55:40.854055
14,11,2,5,0,5,2026-06-16T09:55:42.279845
14,11,3,5,0,5,2026-06-16T09:55:43.898450
14,11,4,5,0,5,2026-06-16T09:55:45.112475
14,11,5,5,0,5,2026-06-16T09:55:46.720897
14,11,6,5,0,5,2026-06-16T09:55:48.558784
14,11,7,5,0,5,2026-06-16T09:55:50.388417
14,11,8,5,0,5,2026-06-16T09:55:51.979044
14,11,9,5,0,5,2026-06-16T09:55:53.581474
14,11,10,5,0,5,2026-06-16T09:55:54.785499
14,12,1,5,0,5,2026-06-16T09:55:55.563037
14,12,2,5,0,5,2026-06-16T09:55:57.380827
14,12,3,5,0,5,2026-06-16T09:55:58.389220
14,12,4,5,0,5,2026-06-16T09:55:59.210968
14,12,5,5,0,5,2026-06-16T09:56:00.423676
14,12,6,5,0,5,2026-06-16T09:56:02.233020
14,12,7,5,0,5,2026-06-16T09:56:05.248979
14,12,8,5,0,5,2026-06-16T09:56:07.261192
14,12,9,5,0,5,2026-06-16T09:56:08.253391
14,12,10,5,0,5,2026-06-16T09:56:09.857289
14,13,1,5,0,5,2026-06-16T09:56:11.469443
14,13,2,5,0,5,2026-06-16T09:56:12.675903
14,13,3,5,0,5,2026-06-16T09:56:14.285922
14,13,4,5,0,5,2026-06-16T09:56:15.896493
14,13,5,5,0,5,2026-06-16T09:56:17.102811
14,13,6,5,0,5,2026-06-16T09:56:18.708894
14,13,7,5,0,5,2026-06-16T09:56:19.705094
14,13,8,5,0,5,2026-06-16T09:56:21.311524
14,13,9,5,0,5,2026-06-16T09:56:23.316192
14,13,10,5,0,5,2026-06-16T09:56:24.719054
14,14,1,2,0,2,2026-06-16T09:56:26.307203
14,14,2,2,0,2,2026-06-16T09:56:28.135064
14,14,3,2,0,2,2026-06-16T09:56:30.355292
14,14,4,2,0,2,2026-06-16T09:56:32.559678
14,14,5,2,0,2,2026-06-16T09:56:34.175591
14,14,6,3,0,3,2026-06-16T09:56:35.982191
14,14,7,2,0,2,2026-06-16T09:56:36.980087
14,14,8,2,0,2,2026-06-16T09:56:38.399278
14,14,9,2,0,2,2026-06-16T09:56:39.995044
14,14,10,2,0,2,2026-06-16T09:56:41.595573
14,15,1,3,0,3,2026-06-16T09:56:42.785740
14,15,2,3,0,3,2026-06-16T09:56:43.785033
14,15,3,3,0,3,2026-06-16T09:56:45.385346
14,15,4,3,0,3,2026-06-16T09:56:46.998390
14,15,5,3,0,3,2026-06-16T09:56:48.624732
14,15,6,3,0,3,2026-06-16T09:56:50.231255
14,15,7,3,0,3,2026-06-16T09:56:51.638460
14,15,8,3,0,3,2026-06-16T09:56:53.244700
14,15,9,3,0,3,2026-06-16T09:56:54.029229
14,15,10,2,0,2,2026-06-16T09:56:56.017206
14,16,1,5,0,5,2026-06-16T09:56:58.706641
14,16,2,5,0,5,2026-06-16T09:56:59.705903
14,16,3,5,0,5,2026-06-16T09:57:01.516145
14,16,4,5,0,5,2026-06-16T09:57:03.140326
14,16,5,5,0,5,2026-06-16T09:57:04.531520
14,16,6,5,0,5,2026-06-16T09:57:05.531592
14,16,7,5,0,5,2026-06-16T09:57:07.140432
14,16,8,5,0,5,2026-06-16T09:57:08.359021
14,16,9,5,0,5,2026-06-16T09:57:10.152399
14,16,10,5,0,5,2026-06-16T09:57:11.352022
14,17,1,5,0,5,2026-06-16T09:57:13.372510
14,17,2,5,0,5,2026-06-16T09:57:14.587555
14,17,3,5,0,5,2026-06-16T09:57:15.781007
14,17,4,5,0,5,2026-06-16T09:57:16.779030
14,17,5,5,0,5,2026-06-16T09:57:18.767584
14,17,6,5,0,5,2026-06-16T09:57:20.156073
14,17,7,5,0,5,2026-06-16T09:57:21.353148
14,17,8,5,0,5,2026-06-16T09:57:22.367266
14,17,9,5,0,5,2026-06-16T09:57:23.982484
14,17,10,5,0,5,2026-06-16T09:57:26.597444
14,18,1,5,0,5,2026-06-16T09:57:27.818076
14,18,2,5,0,5,2026-06-16T09:57:29.437454
14,18,3,5,0,5,2026-06-16T09:57:31.648767
14,18,4,5,0,5,2026-06-16T09:57:32.696891
14,18,5,5,0,5,2026-06-16T09:57:34.309776
14,18,6,5,0,5,2026-06-16T09:57:35.923203
14,18,7,5,0,5,2026-06-16T09:57:37.517092
14,18,8,5,0,5,2026-06-16T09:57:39.125915
14,18,9,5,0,5,2026-06-16T09:57:40.937052
14,18,10,5,0,5,2026-06-16T09:57:42.561598
14,19,1,5,0,5,2026-06-16T09:57:43.763875
14,19,2,5,0,5,2026-06-16T09:57:45.382393
14,19,3,5,0,5,2026-06-16T09:57:46.391415
14,19,4,5,0,5,2026-06-16T09:57:47.594903
14,19,5,5,0,5,2026-06-16T09:57:48.589174
14,19,6,5,0,5,2026-06-16T09:57:49.593748
14,19,7,5,0,5,2026-06-16T09:57:51.007805
14,19,8,5,0,5,2026-06-16T09:57:53.016860
14,19,9,5,0,5,2026-06-16T09:57:55.436875
14,19,10,5,0,5,2026-06-16T09:57:57.453161
14,20,1,5,0,5,2026-06-16T09:57:58.870748
14,20,2,5,0,5,2026-06-16T09:58:00.083744
14,20,3,5,0,5,2026-06-16T09:58:01.314996
14,20,4,5,0,5,2026-06-16T09:58:02.116375
14,20,5,5,0,5,2026-06-16T09:58:03.316076
14,20,6,5,0,5,2026-06-16T09:58:04.912204
14,20,7,5,0,5,2026-06-16T09:58:06.509262
14,20,8,5,0,5,2026-06-16T09:58:08.513628
14,20,9,5,0,5,2026-06-16T09:58:09.713211
14,20,10,5,0,5,2026-06-16T09:58:11.315868
14,21,1,5,0,5,2026-06-16T09:58:12.493432
14,21,2,5,0,5,2026-06-16T09:58:14.092463
14,21,3,5,0,5,2026-06-16T09:58:14.904752
14,21,4,5,0,5,2026-06-16T09:58:16.320068
14,21,5,5,0,5,2026-06-16T09:58:18.140251
14,21,6,5,0,5,2026-06-16T09:58:19.956954
14,21,7,5,0,5,2026-06-16T09:58:22.586922
14,21,8,5,0,5,2026-06-16T09:58:23.791126
14,21,9,5,0,5,2026-06-16T09:58:26.001808
14,21,10,5,0,5,2026-06-16T09:58:27.503950
14,22,1,5,0,5,2026-06-16T09:58:29.108975
14,22,2,5,0,5,2026-06-16T09:58:30.798923
14,22,3,5,0,5,2026-06-16T09:58:32.420106
14,22,4,5,0,5,2026-06-16T09:58:34.037215
14,22,5,5,0,5,2026-06-16T09:58:35.259861
14,22,6,5,0,5,2026-06-16T09:58:36.465372
14,22,7,5,0,5,2026-06-16T09:58:37.266298
14,22,8,5,0,5,2026-06-16T09:58:38.870862
14,22,9,5,0,5,2026-06-16T09:58:40.095660
14,22,10,5,0,5,2026-06-16T09:58:41.527448
14,23,1,5,0,5,2026-06-16T09:58:42.515266
14,23,2,5,0,5,2026-06-16T09:58:44.522345
14,23,3,4,0,4,2026-06-16T09:58:46.732414
14,23,4,5,0,5,2026-06-16T09:58:48.986159
14,23,5,5,0,5,2026-06-16T09:58:50.387973
14,23,6,5,0,5,2026-06-16T09:58:52.414802
14,23,7,5,0,5,2026-06-16T09:58:53.812611
14,23,8,4,0,4,2026-06-16T09:58:55.029094
14,23,9,5,0,5,2026-06-16T09:58:56.635547
14,23,10,4,0,4,2026-06-16T09:58:57.854572
14,24,1,0,0,0,2026-06-16T09:58:59.073007
14,24,2,0,0,0,2026-06-16T09:59:00.670805
14,24,3,0,0,0,2026-06-16T09:59:02.470349
14,24,4,0,0,0,2026-06-16T09:59:03.474002
14,24,5,0,0,0,2026-06-16T09:59:05.091641
14,24,6,0,0,0,2026-06-16T09:59:06.901320
14,24,7,0,0,0,2026-06-16T09:59:08.108886
14,24,8,0,0,0,2026-06-16T09:59:09.738112
14,24,9,0,0,0,2026-06-16T09:59:11.770328
14,24,10,0,0,0,2026-06-16T09:59:13.588245
14,25,1,0,0,0,2026-06-16T09:59:15.394143
14,25,2,0,0,0,2026-06-16T09:59:16.599400
14,25,3,3,0,3,2026-06-16T09:59:18.615663
14,25,4,0,0,0,2026-06-16T09:59:19.844934
14,25,5,0,0,0,2026-06-16T09:59:22.029333
14,25,6,3,0,3,2026-06-16T09:59:23.448603
14,25,7,3,0,3,2026-06-16T09:59:25.059509
14,25,8,0,0,0,2026-06-16T09:59:26.651493
14,25,9,3,0,3,2026-06-16T09:59:27.658890
14,25,10,0,0,0,2026-06-16T09:59:29.267049
14,26,1,5,0,5,2026-06-16T09:59:30.884798
14,26,2,3,0,3,2026-06-16T09:59:31.877460
14,26,3,3,0,3,2026-06-16T09:59:32.681550
14,26,4,5,0,5,2026-06-16T09:59:33.681758
14,26,5,3,0,3,2026-06-16T09:59:34.965598
14,26,6,3,0,3,2026-06-16T09:59:36.807853
14,26,7,3,0,3,2026-06-16T09:59:38.022934
14,26,8,3,0,3,2026-06-16T09:59:39.629728
14,26,9,3,0,3,2026-06-16T09:59:40.903325
14,26,10,5,0,5,2026-06-16T09:59:44.077292
14,27,1,3,0,3,2026-06-16T09:59:45.896656
14,27,2,3,0,3,2026-06-16T09:59:48.113141
14,27,3,3,0,3,2026-06-16T09:59:50.329415
14,27,4,3,0,3,2026-06-16T09:59:52.112943
14,27,5,3,0,3,2026-06-16T09:59:53.712812
14,27,6,3,0,3,2026-06-16T09:59:54.917121
14,27,7,3,0,3,2026-06-16T09:59:56.539971
14,27,8,3,0,3,2026-06-16T09:59:57.955147
14,27,9,3,0,3,2026-06-16T09:59:59.565151
14,27,10,3,0,3,2026-06-16T10:00:00.773731
14,28,1,5,0,5,2026-06-16T10:00:01.785567
14,28,2,5,0,5,2026-06-16T10:00:02.786126
14,28,3,5,0,5,2026-06-16T10:00:03.589789
14,28,4,5,0,5,2026-06-16T10:00:04.597953
14,28,5,5,0,5,2026-06-16T10:00:05.811504
14,28,6,5,0,5,2026-06-16T10:00:07.616008
14,28,7,5,0,5,2026-06-16T10:00:09.882892
14,28,8,5,0,5,2026-06-16T10:00:11.085113
14,28,9,5,0,5,2026-06-16T10:00:12.915014
14,28,10,5,0,5,2026-06-16T10:00:14.916049
14,29,1,5,0,5,2026-06-16T10:00:15.915704
14,29,2,5,0,5,2026-06-16T10:00:17.124535
14,29,3,5,0,5,2026-06-16T10:00:18.317005
14,29,4,5,0,5,2026-06-16T10:00:19.511819
14,29,5,5,0,5,2026-06-16T10:00:21.123672
14,29,6,5,0,5,2026-06-16T10:00:22.541642
14,29,7,5,0,5,2026-06-16T10:00:23.346289
14,29,8,5,0,5,2026-06-16T10:00:25.038132
14,29,9,5,0,5,2026-06-16T10:00:26.237424
14,29,10,5,0,5,2026-06-16T10:00:27.048461
14,30,1,5,0,5,2026-06-16T10:00:28.861636
14,30,2,5,0,5,2026-06-16T10:00:29.668090
14,30,3,5,0,5,2026-06-16T10:00:31.075348
14,30,4,5,0,5,2026-06-16T10:00:32.681656
14,30,5,5,0,5,2026-06-16T10:00:33.505197
14,30,6,5,0,5,2026-06-16T10:00:35.710627
14,30,7,5,0,5,2026-06-16T10:00:38.586005
14,30,8,5,0,5,2026-06-16T10:00:40.091483
14,30,9,5,0,5,2026-06-16T10:00:41.715714
14,30,10,5,0,5,2026-06-16T10:00:42.926791
15,1,1,5,0,5,2026-06-16T10:00:44.394406
15,1,2,4,0,4,2026-06-16T10:00:45.629990
15,1,3,5,0,5,2026-06-16T10:00:46.746833
15,1,4,5,0,5,2026-06-16T10:00:48.161626
15,1,5,5,0,5,2026-06-16T10:00:48.952073
15,1,6,4,0,4,2026-06-16T10:00:50.344986
15,1,7,5,0,5,2026-06-16T10:00:51.553392
15,1,8,4,0,4,2026-06-16T10:00:52.930369
15,1,9,4,0,4,2026-06-16T10:00:54.523990
15,1,10,4,0,4,2026-06-16T10:00:56.133559
15,2,1,4,0,4,2026-06-16T10:00:57.339840
15,2,2,4,0,4,2026-06-16T10:00:58.737529
15,2,3,4,0,4,2026-06-16T10:01:00.449696
15,2,4,5,0,5,2026-06-16T10:01:02.854425
15,2,5,5,0,5,2026-06-16T10:01:05.259911
15,2,6,4,0,4,2026-06-16T10:01:08.718772
15,2,7,5,0,5,2026-06-16T10:01:10.127344
15,2,8,5,0,5,2026-06-16T10:01:11.528185
15,2,9,4,0,4,2026-06-16T10:01:12.536217
15,2,10,5,0,5,2026-06-16T10:01:14.140851
15,3,1,2,0,2,2026-06-16T10:01:15.341862
15,3,2,2,0,2,2026-06-16T10:01:16.951865
15,3,3,2,0,2,2026-06-16T10:01:17.958986
15,3,4,2,0,2,2026-06-16T10:01:19.565468
15,3,5,2,0,2,2026-06-16T10:01:21.163972
15,3,6,2,0,2,2026-06-16T10:01:22.792245
15,3,7,2,0,2,2026-06-16T10:01:23.790161
15,3,8,2,0,2,2026-06-16T10:01:25.597619
15,3,9,2,0,2,2026-06-16T10:01:26.402999
15,3,10,2,0,2,2026-06-16T10:01:27.444680
15,4,1,2,0,2,2026-06-16T10:01:29.078537
15,4,2,2,0,2,2026-06-16T10:01:32.523572
15,4,3,2,0,2,2026-06-16T10:01:34.142862
15,4,4,2,0,2,2026-06-16T10:01:35.747562
15,4,5,2,0,2,2026-06-16T10:01:37.742656
15,4,6,2,0,2,2026-06-16T10:01:40.154161
15,4,7,2,0,2,2026-06-16T10:01:41.742437
15,4,8,2,0,2,2026-06-16T10:01:42.562589
15,4,9,2,0,2,2026-06-16T10:01:44.179067
15,4,10,2,0,2,2026-06-16T10:01:45.181107
15,5,1,2,0,2,2026-06-16T10:01:46.654108
15,5,2,2,0,2,2026-06-16T10:01:47.881255
15,5,3,2,0,2,2026-06-16T10:01:48.903078
15,5,4,2,0,2,2026-06-16T10:01:50.312271
15,5,5,2,0,2,2026-06-16T10:01:51.312037
15,5,6,2,0,2,2026-06-16T10:01:53.119696
15,5,7,2,0,2,2026-06-16T10:01:54.125473
15,5,8,2,0,2,2026-06-16T10:01:56.135879
15,5,9,2,0,2,2026-06-16T10:01:58.140219
15,5,10,2,0,2,2026-06-16T10:01:59.864925
15,6,1,5,0,5,2026-06-16T10:02:01.459332
15,6,2,5,0,5,2026-06-16T10:02:02.462311
15,6,3,5,0,5,2026-06-16T10:02:04.265689
15,6,4,5,0,5,2026-06-16T10:02:05.870763
15,6,5,5,0,5,2026-06-16T10:02:06.662376
15,6,6,5,0,5,2026-06-16T10:02:07.861277
15,6,7,5,0,5,2026-06-16T10:02:08.658576
15,6,8,5,0,5,2026-06-16T10:02:09.898815
15,6,9,5,0,5,2026-06-16T10:02:11.506195
15,6,10,5,0,5,2026-06-16T10:02:12.899197
15,7,1,5,0,5,2026-06-16T10:02:13.902661
15,7,2,5,0,5,2026-06-16T10:02:15.313434
15,7,3,5,0,5,2026-06-16T10:02:16.519699
15,7,4,5,0,5,2026-06-16T10:02:18.529568
15,7,5,5,0,5,2026-06-16T10:02:19.934084
15,7,6,5,0,5,2026-06-16T10:02:21.345103
15,7,7,5,0,5,2026-06-16T10:02:22.357145
15,7,8,5,0,5,2026-06-16T10:02:25.255486
15,7,9,5,0,5,2026-06-16T10:02:27.479532
15,7,10,5,0,5,2026-06-16T10:02:28.537664
15,8,1,3,0,3,2026-06-16T10:02:30.353914
15,8,2,3,0,3,2026-06-16T10:02:31.167468
15,8,3,3,0,3,2026-06-16T10:02:32.584305
15,8,4,3,0,3,2026-06-16T10:02:34.205524
15,8,5,3,0,3,2026-06-16T10:02:35.408056
15,8,6,3,0,3,2026-06-16T10:02:37.015537
15,8,7,3,0,3,2026-06-16T10:02:37.853217
15,8,8,3,0,3,2026-06-16T10:02:39.061715
15,8,9,3,0,3,2026-06-16T10:02:40.648083
15,8,10,3,0,3,2026-06-16T10:02:42.261639
15,9,1,2,0,2,2026-06-16T10:02:43.870918
15,9,2,2,0,2,2026-06-16T10:02:45.532696
15,9,3,2,0,2,2026-06-16T10:02:46.545649
15,9,4,2,0,2,2026-06-16T10:02:47.745460
15,9,5,2,0,2,2026-06-16T10:02:49.629029
15,9,6,2,0,2,2026-06-16T10:02:51.676595
15,9,7,2,0,2,2026-06-16T10:02:53.481376
15,9,8,2,0,2,2026-06-16T10:02:54.683155
15,9,9,2,0,2,2026-06-16T10:02:56.498360
15,9,10,2,0,2,2026-06-16T10:02:57.301236
15,10,1,2,0,2,2026-06-16T10:02:59.319540
15,10,2,2,0,2,2026-06-16T10:03:00.316012
15,10,3,2,0,2,2026-06-16T10:03:01.911651
15,10,4,2,0,2,2026-06-16T10:03:03.116812
15,10,5,2,0,2,2026-06-16T10:03:04.327881
15,10,6,2,0,2,2026-06-16T10:03:05.526707
15,10,7,2,0,2,2026-06-16T10:03:07.517291
15,10,8,2,0,2,2026-06-16T10:03:08.719394
15,10,9,2,0,2,2026-06-16T10:03:10.316080
15,10,10,2,0,2,2026-06-16T10:03:11.918945
15,11,1,5,0,5,2026-06-16T10:03:12.920816
15,11,2,5,0,5,2026-06-16T10:03:13.908235
15,11,3,5,0,5,2026-06-16T10:03:15.330221
15,11,4,5,0,5,2026-06-16T10:03:16.917066
15,11,5,5,0,5,2026-06-16T10:03:18.607774
15,11,6,5,0,5,2026-06-16T10:03:21.020308
15,11,7,5,0,5,2026-06-16T10:03:22.425506
15,11,8,5,0,5,2026-06-16T10:03:24.043502
15,11,9,5,0,5,2026-06-16T10:03:25.264009
15,11,10,5,0,5,2026-06-16T10:03:26.480247
15,12,1,5,0,5,2026-06-16T10:03:28.494396
15,12,2,5,0,5,2026-06-16T10:03:29.957881
15,12,3,5,0,5,2026-06-16T10:03:31.562811
15,12,4,5,0,5,2026-06-16T10:03:32.773615
15,12,5,5,0,5,2026-06-16T10:03:34.187125
15,12,6,5,0,5,2026-06-16T10:03:34.993135
15,12,7,5,0,5,2026-06-16T10:03:36.392868
15,12,8,5,0,5,2026-06-16T10:03:37.608223
15,12,9,5,0,5,2026-06-16T10:03:39.426073
15,12,10,5,0,5,2026-06-16T10:03:40.849755
15,13,1,2,0,2,2026-06-16T10:03:41.651167
15,13,2,2,0,2,2026-06-16T10:03:43.269919
15,13,3,2,0,2,2026-06-16T10:03:45.092688
15,13,4,2,0,2,2026-06-16T10:03:46.321274
15,13,5,2,0,2,2026-06-16T10:03:48.143767
15,13,6,2,0,2,2026-06-16T10:03:49.162669
15,13,7,2,0,2,2026-06-16T10:03:50.966309
15,13,8,2,0,2,2026-06-16T10:03:52.187912
15,13,9,2,0,2,2026-06-16T10:03:53.390844
15,13,10,2,0,2,2026-06-16T10:03:54.584180
15,14,1,4,0,4,2026-06-16T10:03:55.799682
15,14,2,4,0,4,2026-06-16T10:03:56.604715
15,14,3,4,0,4,2026-06-16T10:03:58.218046
15,14,4,3,0,3,2026-06-16T10:03:59.626763
15,14,5,4,0,4,2026-06-16T10:04:00.841537
15,14,6,4,0,4,2026-06-16T10:04:02.448395
15,14,7,4,0,4,2026-06-16T10:04:03.236604
15,14,8,4,0,4,2026-06-16T10:04:04.615064
15,14,9,4,0,4,2026-06-16T10:04:05.427045
15,14,10,4,0,4,2026-06-16T10:04:06.423068
15,15,1,2,0,2,2026-06-16T10:04:07.836113
15,15,2,2,0,2,2026-06-16T10:04:09.233935
15,15,3,2,0,2,2026-06-16T10:04:10.638950
15,15,4,2,0,2,2026-06-16T10:04:12.644162
15,15,5,2,0,2,2026-06-16T10:04:14.337294
15,15,6,2,0,2,2026-06-16T10:04:15.746943
15,15,7,2,0,2,2026-06-16T10:04:17.356064
15,15,8,2,0,2,2026-06-16T10:04:19.179342
15,15,9,2,0,2,2026-06-16T10:04:20.380521
15,15,10,2,0,2,2026-06-16T10:04:21.995072
15,16,1,5,0,5,2026-06-16T10:04:23.430465
15,16,2,5,0,5,2026-06-16T10:04:25.376090
15,16,3,5,0,5,2026-06-16T10:04:26.973145
15,16,4,5,0,5,2026-06-16T10:04:28.977350
15,16,5,5,0,5,2026-06-16T10:04:29.775958
15,16,6,5,0,5,2026-06-16T10:04:30.976015
15,16,7,5,0,5,2026-06-16T10:04:32.588170
15,16,8,5,0,5,2026-06-16T10:04:34.163957
15,16,9,5,0,5,2026-06-16T10:04:35.368243
15,16,10,5,0,5,2026-06-16T10:04:36.182294
15,17,1,5,0,5,2026-06-16T10:04:37.784403
15,17,2,5,0,5,2026-06-16T10:04:40.695353
15,17,3,5,0,5,2026-06-16T10:04:43.115069
15,17,4,5,0,5,2026-06-16T10:04:44.523277
15,17,5,5,0,5,2026-06-16T10:04:45.532215
15,17,6,5,0,5,2026-06-16T10:04:47.347316
15,17,7,5,0,5,2026-06-16T10:04:48.953777
15,17,8,5,0,5,2026-06-16T10:04:50.360321
15,17,9,5,0,5,2026-06-16T10:04:51.765101
15,17,10,5,0,5,2026-06-16T10:04:53.370506
15,18,1,4,0,4,2026-06-16T10:04:54.566760
15,18,2,4,0,4,2026-06-16T10:04:56.168593
15,18,3,4,0,4,2026-06-16T10:04:57.374306
15,18,4,4,0,4,2026-06-16T10:04:59.386446
15,18,5,4,0,4,2026-06-16T10:05:00.198300
15,18,6,4,0,4,2026-06-16T10:05:01.015648
15,18,7,4,0,4,2026-06-16T10:05:01.815262
15,18,8,4,0,4,2026-06-16T10:05:03.422490
15,18,9,4,0,4,2026-06-16T10:05:05.515172
15,18,10,4,0,4,2026-06-16T10:05:07.724423
15,19,1,4,0,4,2026-06-16T10:05:08.932389
15,19,2,4,0,4,2026-06-16T10:05:10.341079
15,19,3,4,0,4,2026-06-16T10:05:11.325141
15,19,4,4,0,4,2026-06-16T10:05:12.295358
15,19,5,4,0,4,2026-06-16T10:05:13.903307
15,19,6,4,0,4,2026-06-16T10:05:15.901765
15,19,7,4,0,4,2026-06-16T10:05:18.772967
15,19,8,4,0,4,2026-06-16T10:05:20.175837
15,19,9,4,0,4,2026-06-16T10:05:21.784000
15,19,10,4,0,4,2026-06-16T10:05:23.594414
15,20,1,3,0,3,2026-06-16T10:05:25.660143
15,20,2,3,0,3,2026-06-16T10:05:27.465317
15,20,3,3,0,3,2026-06-16T10:05:28.881814
15,20,4,4,0,4,2026-06-16T10:05:30.716221
15,20,5,4,0,4,2026-06-16T10:05:32.318278
15,20,6,3,0,3,2026-06-16T10:05:34.334833
15,20,7,3,0,3,2026-06-16T10:05:35.923446
15,20,8,4,0,4,2026-06-16T10:05:37.145921
15,20,9,3,0,3,2026-06-16T10:05:38.747466
15,20,10,3,0,3,2026-06-16T10:05:40.768888
15,21,1,5,0,5,2026-06-16T10:05:42.179282
15,21,2,5,0,5,2026-06-16T10:05:43.379633
15,21,3,5,0,5,2026-06-16T10:05:44.602088
15,21,4,5,0,5,2026-06-16T10:05:46.206073
15,21,5,5,0,5,2026-06-16T10:05:47.418952
15,21,6,5,0,5,2026-06-16T10:05:49.031237
15,21,7,5,0,5,2026-06-16T10:05:50.634453
15,21,8,5,0,5,2026-06-16T10:05:51.649176
15,21,9,5,0,5,2026-06-16T10:05:52.667088
15,21,10,5,0,5,2026-06-16T10:05:53.928973
15,22,1,5,0,5,2026-06-16T10:05:55.303876
15,22,2,5,0,5,2026-06-16T10:05:56.716567
15,22,3,5,0,5,2026-06-16T10:05:57.716827
15,22,4,5,0,5,2026-06-16T10:05:59.951490
15,22,5,5,0,5,2026-06-16T10:06:02.320253
15,22,6,5,0,5,2026-06-16T10:06:03.731375
15,22,7,5,0,5,2026-06-16T10:06:05.529966
15,22,8,5,0,5,2026-06-16T10:06:07.136697
15,22,9,5,0,5,2026-06-16T10:06:08.361106
15,22,10,5,0,5,2026-06-16T10:06:09.587432
15,23,1,3,0,3,2026-06-16T10:06:10.988602
15,23,2,3,0,3,2026-06-16T10:06:12.584299
15,23,3,3,0,3,2026-06-16T10:06:13.793844
15,23,4,3,0,3,2026-06-16T10:06:14.631741
15,23,5,3,0,3,2026-06-16T10:06:16.643737
15,23,6,3,0,3,2026-06-16T10:06:17.840878
15,23,7,3,0,3,2026-06-16T10:06:19.065499
15,23,8,3,0,3,2026-06-16T10:06:20.286095
15,23,9,3,0,3,2026-06-16T10:06:21.692346
15,23,10,3,0,3,2026-06-16T10:06:22.702647
15,24,1,2,0,2,2026-06-16T10:06:23.687093
15,24,2,1,0,1,2026-06-16T10:06:24.684972
15,24,3,2,0,2,2026-06-16T10:06:26.693235
15,24,4,1,0,1,2026-06-16T10:06:29.106369
15,24,5,1,0,1,2026-06-16T10:06:30.701539
15,24,6,1,0,1,2026-06-16T10:06:32.718521
15,24,7,1,0,1,2026-06-16T10:06:34.131395
15,24,8,1,0,1,2026-06-16T10:06:35.751950
15,24,9,1,0,1,2026-06-16T10:06:37.770151
15,24,10,1,0,1,2026-06-16T10:06:38.976028
15,25,1,1,0,1,2026-06-16T10:06:40.373153
15,25,2,2,0,2,2026-06-16T10:06:41.585708
15,25,3,2,0,2,2026-06-16T10:06:43.192565
15,25,4,2,0,2,2026-06-16T10:06:44.392298
15,25,5,2,0,2,2026-06-16T10:06:46.222306
15,25,6,1,0,1,2026-06-16T10:06:47.228136
15,25,7,1,0,1,2026-06-16T10:06:48.827604
15,25,8,2,0,2,2026-06-16T10:06:50.437990
15,25,9,2,0,2,2026-06-16T10:06:51.628615
15,25,10,2,0,2,2026-06-16T10:06:53.051494
15,26,1,3,0,3,2026-06-16T10:06:55.945655
15,26,2,3,0,3,2026-06-16T10:06:57.953206
15,26,3,3,0,3,2026-06-16T10:06:59.152089
15,26,4,3,0,3,2026-06-16T10:07:00.565805
15,26,5,3,0,3,2026-06-16T10:07:01.567567
15,26,6,3,0,3,2026-06-16T10:07:02.826344
15,26,7,3,0,3,2026-06-16T10:07:05.717607
15,26,8,3,0,3,2026-06-16T10:07:08.599585
15,26,9,3,0,3,2026-06-16T10:07:10.380067
15,26,10,3,0,3,2026-06-16T10:07:11.372063
15,27,1,4,0,4,2026-06-16T10:07:12.799608
15,27,2,4,0,4,2026-06-16T10:07:14.793134
15,27,3,4,0,4,2026-06-16T10:07:16.212320
15,27,4,4,0,4,2026-06-16T10:07:17.647590
15,27,5,4,0,4,2026-06-16T10:07:19.255411
15,27,6,4,0,4,2026-06-16T10:07:21.685307
15,27,7,4,0,4,2026-06-16T10:07:24.564959
15,27,8,4,0,4,2026-06-16T10:07:25.850409
15,27,9,4,0,4,2026-06-16T10:07:26.663043
15,27,10,4,0,4,2026-06-16T10:07:28.264140
15,28,1,3,0,3,2026-06-16T10:07:29.490322
15,28,2,3,0,3,2026-06-16T10:07:31.691158
15,28,3,3,0,3,2026-06-16T10:07:33.093964
15,28,4,3,0,3,2026-06-16T10:07:34.703280
15,28,5,3,0,3,2026-06-16T10:07:35.502160
15,28,6,3,0,3,2026-06-16T10:07:37.118983
15,28,7,3,0,3,2026-06-16T10:07:38.744933
15,28,8,3,0,3,2026-06-16T10:07:39.844110
15,28,9,3,0,3,2026-06-16T10:07:41.265076
15,28,10,3,0,3,2026-06-16T10:07:42.253989
15,29,1,3,0,3,2026-06-16T10:07:43.645551
15,29,2,3,0,3,2026-06-16T10:07:44.642645
15,29,3,3,0,3,2026-06-16T10:07:46.037981
15,29,4,3,0,3,2026-06-16T10:07:48.468554
15,29,5,3,0,3,2026-06-16T10:07:50.871034
15,29,6,3,0,3,2026-06-16T10:07:52.256299
15,29,7,3,0,3,2026-06-16T10:07:53.644040
15,29,8,3,0,3,2026-06-16T10:07:54.896859
15,29,9,3,0,3,2026-06-16T10:07:56.330389
15,29,10,3,0,3,2026-06-16T10:07:57.933964
15,30,1,3,0,3,2026-06-16T10:07:59.554338
15,30,2,3,0,3,2026-06-16T10:08:00.357444
15,30,3,3,0,3,2026-06-16T10:08:01.550575
15,30,4,3,0,3,2026-06-16T10:08:02.751575
15,30,5,3,0,3,2026-06-16T10:08:03.804969
15,30,6,3,0,3,2026-06-16T10:08:05.207376
15,30,7,3,0,3,2026-06-16T10:08:06.830313
15,30,8,3,0,3,2026-06-16T10:08:08.227411
15,30,9,3,0,3,2026-06-16T10:08:09.450843
15,30,10,3,0,3,2026-06-16T10:08:11.060743
16,1,1,4,0,4,2026-06-16T10:08:12.673068
16,1,2,4,0,4,2026-06-16T10:08:13.874825
16,1,3,5,0,5,2026-06-16T10:08:15.306645
16,1,4,4,0,4,2026-06-16T10:08:17.940141
16,1,5,4,0,4,2026-06-16T10:08:19.556466
16,1,6,4,0,4,2026-06-16T10:08:21.599970
16,1,7,4,0,4,2026-06-16T10:08:22.600709
16,1,8,4,0,4,2026-06-16T10:08:24.004397
16,1,9,4,0,4,2026-06-16T10:08:24.817054
16,1,10,4,0,4,2026-06-16T10:08:26.624913
16,2,1,2,0,2,2026-06-16T10:08:27.458567
16,2,2,2,0,2,2026-06-16T10:08:28.664865
16,2,3,2,0,2,2026-06-16T10:08:29.866755
16,2,4,2,0,2,2026-06-16T10:08:31.080277
16,2,5,2,0,2,2026-06-16T10:08:32.327660
16,2,6,2,0,2,2026-06-16T10:08:33.124787
16,2,7,2,0,2,2026-06-16T10:08:33.954873
16,2,8,2,0,2,2026-06-16T10:08:35.177154
16,2,9,2,0,2,2026-06-16T10:08:36.185395
16,2,10,2,0,2,2026-06-16T10:08:37.193088
16,3,1,2,0,2,2026-06-16T10:08:38.407988
16,3,2,2,0,2,2026-06-16T10:08:40.225714
16,3,3,2,0,2,2026-06-16T10:08:41.632268
16,3,4,2,0,2,2026-06-16T10:08:46.169484
16,3,5,2,0,2,2026-06-16T10:08:47.772210
16,3,6,2,0,2,2026-06-16T10:08:49.387370
16,3,7,2,0,2,2026-06-16T10:08:51.813959
16,3,8,2,0,2,2026-06-16T10:08:54.255775
16,3,9,2,0,2,2026-06-16T10:08:56.077843
16,3,10,2,0,2,2026-06-16T10:08:57.491247
16,4,1,1,0,1,2026-06-16T10:08:58.894966
16,4,2,1,0,1,2026-06-16T10:09:00.295776
16,4,3,1,0,1,2026-06-16T10:09:01.291688
16,4,4,1,0,1,2026-06-16T10:09:02.126600
16,4,5,1,0,1,2026-06-16T10:09:03.305957
16,4,6,1,0,1,2026-06-16T10:09:05.143356
16,4,7,1,0,1,2026-06-16T10:09:05.940512
16,4,8,1,0,1,2026-06-16T10:09:07.142285
16,4,9,1,0,1,2026-06-16T10:09:08.152961
16,4,10,1,0,1,2026-06-16T10:09:09.853466
16,5,1,1,0,1,2026-06-16T10:09:12.736361
16,5,2,1,0,1,2026-06-16T10:09:14.547192
16,5,3,1,0,1,2026-06-16T10:09:15.976316
16,5,4,1,0,1,2026-06-16T10:09:17.772910
16,5,5,1,0,1,2026-06-16T10:09:19.799131
16,5,6,1,0,1,2026-06-16T10:09:21.619995
16,5,7,1,0,1,2026-06-16T10:09:22.428410
16,5,8,1,0,1,2026-06-16T10:09:24.040864
16,5,9,1,0,1,2026-06-16T10:09:26.053412
16,5,10,1,0,1,2026-06-16T10:09:27.660456
16,6,1,4,0,4,2026-06-16T10:09:29.482480
16,6,2,5,0,5,2026-06-16T10:09:30.679706
16,6,3,4,0,4,2026-06-16T10:09:32.290620
16,6,4,5,0,5,2026-06-16T10:09:33.296717
16,6,5,4,0,4,2026-06-16T10:09:34.088790
16,6,6,5,0,5,2026-06-16T10:09:35.101887
16,6,7,4,0,4,2026-06-16T10:09:36.508002
16,6,8,4,0,4,2026-06-16T10:09:40.627492
16,6,9,4,0,4,2026-06-16T10:09:41.634567
16,6,10,3,0,3,2026-06-16T10:09:42.843329
16,7,1,2,0,2,2026-06-16T10:09:44.251082
16,7,2,2,0,2,2026-06-16T10:09:45.654067
16,7,3,2,0,2,2026-06-16T10:09:47.053343
16,7,4,2,0,2,2026-06-16T10:09:47.853485
16,7,5,2,0,2,2026-06-16T10:09:49.476303
16,7,6,2,0,2,2026-06-16T10:09:51.105423
16,7,7,2,0,2,2026-06-16T10:09:52.914105
16,7,8,2,0,2,2026-06-16T10:09:54.521041
16,7,9,2,0,2,2026-06-16T10:09:55.926332
16,7,10,2,0,2,2026-06-16T10:09:57.730608
16,8,1,2,0,2,2026-06-16T10:09:59.008043
16,8,2,2,0,2,2026-06-16T10:10:00.416233
16,8,3,2,0,2,2026-06-16T10:10:02.078530
16,8,4,2,0,2,2026-06-16T10:10:03.287002
16,8,5,2,0,2,2026-06-16T10:10:04.893919
16,8,6,2,0,2,2026-06-16T10:10:06.775987
16,8,7,2,0,2,2026-06-16T10:10:08.165042
16,8,8,2,0,2,2026-06-16T10:10:10.179370
16,8,9,2,0,2,2026-06-16T10:10:12.192517
16,8,10,2,0,2,2026-06-16T10:10:13.970929
16,9,1,1,0,1,2026-06-16T10:10:15.367079
16,9,2,1,0,1,2026-06-16T10:10:16.361751
16,9,3,1,0,1,2026-06-16T10:10:18.193383
16,9,4,1,0,1,2026-06-16T10:10:19.898531
16,9,5,1,0,1,2026-06-16T10:10:21.108612
16,9,6,1,0,1,2026-06-16T10:10:22.916059
16,9,7,1,0,1,2026-06-16T10:10:23.906119
16,9,8,1,0,1,2026-06-16T10:10:25.729809
16,9,9,1,0,1,2026-06-16T10:10:26.735116
16,9,10,1,0,1,2026-06-16T10:10:27.740372
16,10,1,2,0,2,2026-06-16T10:10:28.539382
16,10,2,2,0,2,2026-06-16T10:10:29.946039
16,10,3,2,0,2,2026-06-16T10:10:31.761363
16,10,4,2,0,2,2026-06-16T10:10:33.772847
16,10,5,2,0,2,2026-06-16T10:10:35.377707
16,10,6,2,0,2,2026-06-16T10:10:37.193083
16,10,7,2,0,2,2026-06-16T10:10:38.841759
16,10,8,2,0,2,2026-06-16T10:10:40.452122
16,10,9,2,0,2,2026-06-16T10:10:41.707046
16,10,10,2,0,2,2026-06-16T10:10:43.325217
16,11,1,5,0,5,2026-06-16T10:10:44.925819
16,11,2,5,0,5,2026-06-16T10:10:45.730924
16,11,3,5,0,5,2026-06-16T10:10:46.926306
16,11,4,5,0,5,2026-06-16T10:10:48.362163
16,11,5,5,0,5,2026-06-16T10:10:50.003637
16,11,6,5,0,5,2026-06-16T10:10:51.618659
16,11,7,5,0,5,2026-06-16T10:10:53.424253
16,11,8,5,0,5,2026-06-16T10:10:54.411685
16,11,9,5,0,5,2026-06-16T10:10:56.017761
16,11,10,5,0,5,2026-06-16T10:10:58.091367
16,12,1,2,0,2,2026-06-16T10:10:59.475582
16,12,2,2,0,2,2026-06-16T10:11:01.475589
16,12,3,2,0,2,2026-06-16T10:11:03.282247
16,12,4,5,0,5,2026-06-16T10:11:04.896883
16,12,5,2,0,2,2026-06-16T10:11:06.094338
16,12,6,2,0,2,2026-06-16T10:11:07.490836
16,12,7,2,0,2,2026-06-16T10:11:09.087145
16,12,8,2,0,2,2026-06-16T10:11:10.690326
16,12,9,2,0,2,2026-06-16T10:11:12.090863
16,12,10,5,0,5,2026-06-16T10:11:13.278882
16,13,1,2,0,2,2026-06-16T10:11:14.288900
16,13,2,2,0,2,2026-06-16T10:11:15.497346
16,13,3,2,0,2,2026-06-16T10:11:16.936722
16,13,4,2,0,2,2026-06-16T10:11:18.747255
16,13,5,2,0,2,2026-06-16T10:11:19.744833
16,13,6,2,0,2,2026-06-16T10:11:20.744954
16,13,7,2,0,2,2026-06-16T10:11:22.566328
16,13,8,2,0,2,2026-06-16T10:11:23.570475
16,13,9,2,0,2,2026-06-16T10:11:25.173884
16,13,10,2,0,2,2026-06-16T10:11:28.027826
16,14,1,2,0,2,2026-06-16T10:11:29.434682
16,14,2,2,0,2,2026-06-16T10:11:30.625555
16,14,3,2,0,2,2026-06-16T10:11:32.019332
16,14,4,2,0,2,2026-06-16T10:11:33.117364
16,14,5,2,0,2,2026-06-16T10:11:34.120912
16,14,6,2,0,2,2026-06-16T10:11:35.534316
16,14,7,2,0,2,2026-06-16T10:11:37.133039
16,14,8,2,0,2,2026-06-16T10:11:38.743001
16,14,9,2,0,2,2026-06-16T10:11:40.361780
16,14,10,2,0,2,2026-06-16T10:11:41.581182
16,15,1,1,0,1,2026-06-16T10:11:43.180944
16,15,2,1,0,1,2026-06-16T10:11:44.782794
16,15,3,1,0,1,2026-06-16T10:11:45.976885
16,15,4,1,0,1,2026-06-16T10:11:47.388919
16,15,5,1,0,1,2026-06-16T10:11:48.475210
16,15,6,1,0,1,2026-06-16T10:11:50.112104
16,15,7,1,0,1,2026-06-16T10:11:52.138950
16,15,8,1,0,1,2026-06-16T10:11:54.565672
16,15,9,1,0,1,2026-06-16T10:11:56.366572
16,15,10,1,0,1,2026-06-16T10:11:57.385266
16,16,1,3,0,3,2026-06-16T10:11:58.397498
16,16,2,3,0,3,2026-06-16T10:11:59.600757
16,16,3,4,0,4,2026-06-16T10:12:01.208442
16,16,4,4,0,4,2026-06-16T10:12:04.112707
16,16,5,3,0,3,2026-06-16T10:12:05.526155
16,16,6,4,0,4,2026-06-16T10:12:06.933601
16,16,7,4,0,4,2026-06-16T10:12:07.935691
16,16,8,4,0,4,2026-06-16T10:12:09.123221
16,16,9,4,0,4,2026-06-16T10:12:10.310269
16,16,10,4,0,4,2026-06-16T10:12:11.108545
16,17,1,5,0,5,2026-06-16T10:12:11.920057
16,17,2,5,0,5,2026-06-16T10:12:13.728206
16,17,3,5,0,5,2026-06-16T10:12:14.729153
16,17,4,5,0,5,2026-06-16T10:12:15.924520
16,17,5,5,0,5,2026-06-16T10:12:17.933961
16,17,6,5,0,5,2026-06-16T10:12:20.149591
16,17,7,5,0,5,2026-06-16T10:12:22.267495
16,17,8,5,0,5,2026-06-16T10:12:23.879189
16,17,9,5,0,5,2026-06-16T10:12:25.098999
16,17,10,5,0,5,2026-06-16T10:12:25.912619
16,18,1,2,0,2,2026-06-16T10:12:26.918951
16,18,2,3,0,3,2026-06-16T10:12:28.901391
16,18,3,2,0,2,2026-06-16T10:12:30.297056
16,18,4,2,0,2,2026-06-16T10:12:31.096472
16,18,5,2,0,2,2026-06-16T10:12:32.097924
16,18,6,3,0,3,2026-06-16T10:12:33.700162
16,18,7,2,0,2,2026-06-16T10:12:35.138545
16,18,8,2,0,2,2026-06-16T10:12:36.762947
16,18,9,2,0,2,2026-06-16T10:12:38.446337
16,18,10,2,0,2,2026-06-16T10:12:39.656098
16,19,1,2,0,2,2026-06-16T10:12:40.699367
16,19,2,2,0,2,2026-06-16T10:12:41.704858
16,19,3,2,0,2,2026-06-16T10:12:42.909562
16,19,4,2,0,2,2026-06-16T10:12:43.691326
16,19,5,2,0,2,2026-06-16T10:12:45.497092
16,19,6,2,0,2,2026-06-16T10:12:47.724338
16,19,7,2,0,2,2026-06-16T10:12:49.924997
16,19,8,2,0,2,2026-06-16T10:12:51.734637
16,19,9,2,0,2,2026-06-16T10:12:53.330354
16,19,10,2,0,2,2026-06-16T10:12:54.730333
16,20,1,3,0,3,2026-06-16T10:12:55.740704
16,20,2,3,0,3,2026-06-16T10:12:57.530677
16,20,3,3,0,3,2026-06-16T10:12:59.332626
16,20,4,3,0,3,2026-06-16T10:13:00.741184
16,20,5,3,0,3,2026-06-16T10:13:02.342776
16,20,6,3,0,3,2026-06-16T10:13:03.168386
16,20,7,3,0,3,2026-06-16T10:13:04.364527
16,20,8,3,0,3,2026-06-16T10:13:05.970443
16,20,9,3,0,3,2026-06-16T10:13:07.179855
16,20,10,3,0,3,2026-06-16T10:13:08.790064
16,21,1,5,0,5,2026-06-16T10:13:09.797827
16,21,2,5,0,5,2026-06-16T10:13:11.189089
16,21,3,5,0,5,2026-06-16T10:13:12.408573
16,21,4,5,0,5,2026-06-16T10:13:15.041686
16,21,5,5,0,5,2026-06-16T10:13:17.738940
16,21,6,5,0,5,2026-06-16T10:13:18.539593
16,21,7,5,0,5,2026-06-16T10:13:20.351621
16,21,8,5,0,5,2026-06-16T10:13:21.550006
16,21,9,5,0,5,2026-06-16T10:13:22.329929
16,21,10,5,0,5,2026-06-16T10:13:23.334622
16,22,1,3,0,3,2026-06-16T10:13:25.350358
16,22,2,3,0,3,2026-06-16T10:13:26.569038
16,22,3,3,0,3,2026-06-16T10:13:27.951095
16,22,4,3,0,3,2026-06-16T10:13:29.154449
16,22,5,3,0,3,2026-06-16T10:13:30.361179
16,22,6,3,0,3,2026-06-16T10:13:31.562244
16,22,7,3,0,3,2026-06-16T10:13:33.363154
16,22,8,3,0,3,2026-06-16T10:13:34.774929
16,22,9,3,0,3,2026-06-16T10:13:36.376740
16,22,10,3,0,3,2026-06-16T10:13:37.783789
16,23,1,2,0,2,2026-06-16T10:13:39.803678
16,23,2,2,0,2,2026-06-16T10:13:41.729641
16,23,3,2,0,2,2026-06-16T10:13:42.919179
16,23,4,2,0,2,2026-06-16T10:13:46.593297
16,23,5,2,0,2,2026-06-16T10:13:47.583114
16,23,6,2,0,2,2026-06-16T10:13:48.734252
16,23,7,2,0,2,2026-06-16T10:13:49.552239
16,23,8,2,0,2,2026-06-16T10:13:51.159597
16,23,9,2,0,2,2026-06-16T10:13:52.369814
16,23,10,2,0,2,2026-06-16T10:13:53.609648
16,24,1,0,0,0,2026-06-16T10:13:54.818126
16,24,2,0,0,0,2026-06-16T10:13:56.021164
16,24,3,0,0,0,2026-06-16T10:13:58.028970
16,24,4,0,0,0,2026-06-16T10:13:58.843122
16,24,5,0,0,0,2026-06-16T10:14:00.455650
16,24,6,0,0,0,2026-06-16T10:14:02.255715
16,24,7,0,0,0,2026-06-16T10:14:03.669017
16,24,8,0,0,0,2026-06-16T10:14:05.301310
16,24,9,0,0,0,2026-06-16T10:14:06.906723
16,24,10,0,0,0,2026-06-16T10:14:09.307781
16,25,1,1,0,1,2026-06-16T10:14:11.319407
16,25,2,1,0,1,2026-06-16T10:14:12.756656
16,25,3,2,0,2,2026-06-16T10:14:15.919054
16,25,4,2,0,2,2026-06-16T10:14:17.530406
16,25,5,1,0,1,2026-06-16T10:14:18.733196
16,25,6,2,0,2,2026-06-16T10:14:19.942502
16,25,7,2,0,2,2026-06-16T10:14:21.157798
16,25,8,2,0,2,2026-06-16T10:14:22.355317
16,25,9,2,0,2,2026-06-16T10:14:23.756097
16,25,10,2,0,2,2026-06-16T10:14:25.366119
16,26,1,2,0,2,2026-06-16T10:14:26.392597
16,26,2,2,0,2,2026-06-16T10:14:27.998238
16,26,3,2,0,2,2026-06-16T10:14:28.816665
16,26,4,2,0,2,2026-06-16T10:14:29.650639
16,26,5,2,0,2,2026-06-16T10:14:31.067881
16,26,6,2,0,2,2026-06-16T10:14:32.684858
16,26,7,2,0,2,2026-06-16T10:14:34.088998
16,26,8,2,0,2,2026-06-16T10:14:36.106414
16,26,9,2,0,2,2026-06-16T10:14:37.742544
16,26,10,2,0,2,2026-06-16T10:14:38.724344
16,27,1,3,0,3,2026-06-16T10:14:40.533978
16,27,2,3,0,3,2026-06-16T10:14:42.138903
16,27,3,3,0,3,2026-06-16T10:14:43.959094
16,27,4,3,0,3,2026-06-16T10:14:45.778533
16,27,5,3,0,3,2026-06-16T10:14:46.789393
16,27,6,3,0,3,2026-06-16T10:14:48.402715
16,27,7,3,0,3,2026-06-16T10:14:50.008366
16,27,8,3,0,3,2026-06-16T10:14:51.246692
16,27,9,3,0,3,2026-06-16T10:14:52.853399
16,27,10,3,0,3,2026-06-16T10:14:54.065407
16,28,1,2,0,2,2026-06-16T10:14:55.264253
16,28,2,2,0,2,2026-06-16T10:14:56.566649
16,28,3,2,0,2,2026-06-16T10:14:58.378305
16,28,4,2,0,2,2026-06-16T10:14:59.586844
16,28,5,2,0,2,2026-06-16T10:15:02.480612
16,28,6,2,0,2,2026-06-16T10:15:05.081038
16,28,7,2,0,2,2026-06-16T10:15:06.508380
16,28,8,2,0,2,2026-06-16T10:15:07.906109
16,28,9,2,0,2,2026-06-16T10:15:09.693542
16,28,10,2,0,2,2026-06-16T10:15:11.330431
16,29,1,3,0,3,2026-06-16T10:15:12.531682
16,29,2,3,0,3,2026-06-16T10:15:14.156781
16,29,3,3,0,3,2026-06-16T10:15:15.963742
16,29,4,3,0,3,2026-06-16T10:15:16.976131
16,29,5,3,0,3,2026-06-16T10:15:18.181514
16,29,6,3,0,3,2026-06-16T10:15:19.837839
16,29,7,3,0,3,2026-06-16T10:15:20.638101
16,29,8,3,0,3,2026-06-16T10:15:21.828601
16,29,9,3,0,3,2026-06-16T10:15:23.446739
16,29,10,3,0,3,2026-06-16T10:15:25.452390
16,30,1,3,0,3,2026-06-16T10:15:27.070569
16,30,2,3,0,3,2026-06-16T10:15:28.263645
16,30,3,3,0,3,2026-06-16T10:15:30.471482
16,30,4,3,0,3,2026-06-16T10:15:34.241707
16,30,5,3,0,3,2026-06-16T10:15:35.427522
16,30,6,3,0,3,2026-06-16T10:15:36.644026
16,30,7,3,0,3,2026-06-16T10:15:37.449301
16,30,8,3,0,3,2026-06-16T10:15:39.064106
16,30,9,3,0,3,2026-06-16T10:15:40.477329
16,30,10,3,0,3,2026-06-16T10:15:42.087081
17,1,1,5,0,5,2026-06-16T10:15:43.496883
17,1,2,5,0,5,2026-06-16T10:15:44.701795
17,1,3,5,0,5,2026-06-16T10:15:46.328305
17,1,4,5,0,5,2026-06-16T10:15:47.989342
17,1,5,5,0,5,2026-06-16T10:15:49.608969
17,1,6,5,0,5,2026-06-16T10:15:51.424513
17,1,7,5,0,5,2026-06-16T10:15:52.632966
17,1,8,5,0,5,2026-06-16T10:15:54.258706
17,1,9,5,0,5,2026-06-16T10:15:56.696276
17,1,10,5,0,5,2026-06-16T10:15:59.337869
17,2,1,5,0,5,2026-06-16T10:16:00.769318
17,2,2,5,0,5,2026-06-16T10:16:02.391294
17,2,3,5,0,5,2026-06-16T10:16:03.594195
17,2,4,5,0,5,2026-06-16T10:16:05.199966
17,2,5,5,0,5,2026-06-16T10:16:07.024400
17,2,6,5,0,5,2026-06-16T10:16:08.227103
17,2,7,5,0,5,2026-06-16T10:16:09.831294
17,2,8,5,0,5,2026-06-16T10:16:11.241275
17,2,9,5,0,5,2026-06-16T10:16:12.051004
17,2,10,5,0,5,2026-06-16T10:16:14.065728
17,3,1,2,0,2,2026-06-16T10:16:14.916128
17,3,2,2,0,2,2026-06-16T10:16:16.542523
17,3,3,2,0,2,2026-06-16T10:16:17.788386
17,3,4,2,0,2,2026-06-16T10:16:18.813072
17,3,5,2,0,2,2026-06-16T10:16:20.246348
17,3,6,2,0,2,2026-06-16T10:16:22.254114
17,3,7,2,0,2,2026-06-16T10:16:24.297888
17,3,8,2,0,2,2026-06-16T10:16:25.506697
17,3,9,2,0,2,2026-06-16T10:16:27.101375
17,3,10,2,0,2,2026-06-16T10:16:28.727824
17,4,1,2,0,2,2026-06-16T10:16:30.589937
17,4,2,2,0,2,2026-06-16T10:16:32.196624
17,4,3,2,0,2,2026-06-16T10:16:33.798370
17,4,4,2,0,2,2026-06-16T10:16:34.594764
17,4,5,2,0,2,2026-06-16T10:16:36.398924
17,4,6,2,0,2,2026-06-16T10:16:38.014986
17,4,7,2,0,2,2026-06-16T10:16:40.023077
17,4,8,2,0,2,2026-06-16T10:16:41.620806
17,4,9,2,0,2,2026-06-16T10:16:42.818103
17,4,10,2,0,2,2026-06-16T10:16:44.214232
17,5,1,2,0,2,2026-06-16T10:16:45.610982
17,5,2,2,0,2,2026-06-16T10:16:47.396410
17,5,3,2,0,2,2026-06-16T10:16:48.810814
17,5,4,2,0,2,2026-06-16T10:16:52.267114
17,5,5,2,0,2,2026-06-16T10:16:54.091175
17,5,6,2,0,2,2026-06-16T10:16:55.708447
17,5,7,2,0,2,2026-06-16T10:16:59.571093
17,5,8,2,0,2,2026-06-16T10:17:00.978603
17,5,9,2,0,2,2026-06-16T10:17:01.773423
17,5,10,2,0,2,2026-06-16T10:17:03.378659
17,6,1,5,0,5,2026-06-16T10:17:04.587505
17,6,2,5,0,5,2026-06-16T10:17:06.225246
17,6,3,5,0,5,2026-06-16T10:17:08.228462
17,6,4,5,0,5,2026-06-16T10:17:09.846990
17,6,5,5,0,5,2026-06-16T10:17:11.660371
17,6,6,5,0,5,2026-06-16T10:17:13.665813
17,6,7,5,0,5,2026-06-16T10:17:15.067856
17,6,8,5,0,5,2026-06-16T10:17:16.872370
17,6,9,5,0,5,2026-06-16T10:17:18.087951
17,6,10,5,0,5,2026-06-16T10:17:19.741935
17,7,1,5,0,5,2026-06-16T10:17:20.955756
17,7,2,5,0,5,2026-06-16T10:17:22.173241
17,7,3,5,0,5,2026-06-16T10:17:23.379386
17,7,4,5,0,5,2026-06-16T10:17:25.179532
17,7,5,5,0,5,2026-06-16T10:17:26.385144
17,7,6,5,0,5,2026-06-16T10:17:28.402040
17,7,7,5,0,5,2026-06-16T10:17:30.011381
17,7,8,5,0,5,2026-06-16T10:17:31.793055
17,7,9,5,0,5,2026-06-16T10:17:32.790695
17,7,10,5,0,5,2026-06-16T10:17:33.579966
17,8,1,4,0,4,2026-06-16T10:17:35.178320
17,8,2,4,0,4,2026-06-16T10:17:36.582626
17,8,3,4,0,4,2026-06-16T10:17:37.582236
17,8,4,4,0,4,2026-06-16T10:17:38.984455
17,8,5,4,0,4,2026-06-16T10:17:40.017384
17,8,6,4,0,4,2026-06-16T10:17:41.220765
17,8,7,4,0,4,2026-06-16T10:17:42.215636
17,8,8,4,0,4,2026-06-16T10:17:44.051118
17,8,9,4,0,4,2026-06-16T10:17:46.061261
17,8,10,4,0,4,2026-06-16T10:17:47.643217
17,9,1,2,0,2,2026-06-16T10:17:49.066619
17,9,2,2,0,2,2026-06-16T10:17:50.472865
17,9,3,2,0,2,2026-06-16T10:17:52.073469
17,9,4,2,0,2,2026-06-16T10:17:53.070126
17,9,5,2,0,2,2026-06-16T10:17:54.682199
17,9,6,2,0,2,2026-06-16T10:17:55.892349
17,9,7,2,0,2,2026-06-16T10:17:57.509679
17,9,8,2,0,2,2026-06-16T10:17:58.904135
17,9,9,2,0,2,2026-06-16T10:18:00.120572
17,9,10,2,0,2,2026-06-16T10:18:01.325309
17,10,1,2,0,2,2026-06-16T10:18:02.914906
17,10,2,2,0,2,2026-06-16T10:18:04.552846
17,10,3,2,0,2,2026-06-16T10:18:05.581892
17,10,4,2,0,2,2026-06-16T10:18:06.642526
17,10,5,2,0,2,2026-06-16T10:18:07.448379
17,10,6,2,0,2,2026-06-16T10:18:09.057689
17,10,7,2,0,2,2026-06-16T10:18:10.942338
17,10,8,2,0,2,2026-06-16T10:18:13.350621
17,10,9,2,0,2,2026-06-16T10:18:14.941164
17,10,10,2,0,2,2026-06-16T10:18:16.546444
17,11,1,5,0,5,2026-06-16T10:18:17.958359
17,11,2,5,0,5,2026-06-16T10:18:19.150803
17,11,3,5,0,5,2026-06-16T10:18:20.344896
17,11,4,5,0,5,2026-06-16T10:18:21.967352
17,11,5,5,0,5,2026-06-16T10:18:22.985404
17,11,6,5,0,5,2026-06-16T10:18:24.203604
17,11,7,5,0,5,2026-06-16T10:18:25.414596
17,11,8,5,0,5,2026-06-16T10:18:27.429025
17,11,9,5,0,5,2026-06-16T10:18:29.031078
17,11,10,5,0,5,2026-06-16T10:18:30.646839
17,12,1,5,0,5,2026-06-16T10:18:32.052056
17,12,2,5,0,5,2026-06-16T10:18:33.651180
17,12,3,5,0,5,2026-06-16T10:18:35.446750
17,12,4,5,0,5,2026-06-16T10:18:37.064909
17,12,5,5,0,5,2026-06-16T10:18:39.473903
17,12,6,5,0,5,2026-06-16T10:18:40.858580
17,12,7,5,0,5,2026-06-16T10:18:42.051987
17,12,8,5,0,5,2026-06-16T10:18:43.069758
17,12,9,5,0,5,2026-06-16T10:18:44.282028
17,12,10,5,0,5,2026-06-16T10:18:46.082000
17,13,1,3,0,3,2026-06-16T10:18:47.704672
17,13,2,2,0,2,2026-06-16T10:18:49.508729
17,13,3,3,0,3,2026-06-16T10:18:50.921167
17,13,4,2,0,2,2026-06-16T10:18:52.939384
17,13,5,3,0,3,2026-06-16T10:18:54.317828
17,13,6,2,0,2,2026-06-16T10:18:55.116370
17,13,7,3,0,3,2026-06-16T10:18:57.123159
17,13,8,2,0,2,2026-06-16T10:18:58.316695
17,13,9,2,0,2,2026-06-16T10:18:59.930737
17,13,10,3,0,3,2026-06-16T10:19:00.933913
17,14,1,4,0,4,2026-06-16T10:19:01.721547
17,14,2,4,0,4,2026-06-16T10:19:02.939720
17,14,3,4,0,4,2026-06-16T10:19:04.754487
17,14,4,4,0,4,2026-06-16T10:19:06.158954
17,14,5,4,0,4,2026-06-16T10:19:07.965045
17,14,6,4,0,4,2026-06-16T10:19:09.204680
17,14,7,4,0,4,2026-06-16T10:19:10.846312
17,14,8,4,0,4,2026-06-16T10:19:11.862842
17,14,9,4,0,4,2026-06-16T10:19:13.671159
17,14,10,4,0,4,2026-06-16T10:19:14.883216
17,15,1,3,0,3,2026-06-16T10:19:16.711038
17,15,2,3,0,3,2026-06-16T10:19:17.711827
17,15,3,3,0,3,2026-06-16T10:19:18.915241
17,15,4,3,0,3,2026-06-16T10:19:20.121851
17,15,5,3,0,3,2026-06-16T10:19:21.746030
17,15,6,3,0,3,2026-06-16T10:19:22.947486
17,15,7,3,0,3,2026-06-16T10:19:24.564737
17,15,8,3,0,3,2026-06-16T10:19:26.169928
17,15,9,3,0,3,2026-06-16T10:19:27.564384
17,15,10,3,0,3,2026-06-16T10:19:29.054009
17,16,1,5,0,5,2026-06-16T10:19:30.872496
17,16,2,5,0,5,2026-06-16T10:19:32.682620
17,16,3,5,0,5,2026-06-16T10:19:34.474424
17,16,4,5,0,5,2026-06-16T10:19:36.070949
17,16,5,5,0,5,2026-06-16T10:19:38.273498
17,16,6,5,0,5,2026-06-16T10:19:39.677165
17,16,7,5,0,5,2026-06-16T10:19:40.887156
17,16,8,5,0,5,2026-06-16T10:19:42.303532
17,16,9,5,0,5,2026-06-16T10:19:43.512068
17,16,10,5,0,5,2026-06-16T10:19:44.708656
17,17,1,5,0,5,2026-06-16T10:19:45.717073
17,17,2,5,0,5,2026-06-16T10:19:46.516656
17,17,3,5,0,5,2026-06-16T10:19:48.106497
17,17,4,5,0,5,2026-06-16T10:19:48.895025
17,17,5,5,0,5,2026-06-16T10:19:50.510041
17,17,6,5,0,5,2026-06-16T10:19:51.509874
17,17,7,5,0,5,2026-06-16T10:19:53.317438
17,17,8,5,0,5,2026-06-16T10:19:54.288428
17,17,9,5,0,5,2026-06-16T10:19:55.897984
17,17,10,5,0,5,2026-06-16T10:19:56.697687
17,18,1,4,0,4,2026-06-16T10:19:59.119683
17,18,2,4,0,4,2026-06-16T10:20:01.988487
17,18,3,4,0,4,2026-06-16T10:20:03.184486
17,18,4,4,0,4,2026-06-16T10:20:04.401174
17,18,5,4,0,4,2026-06-16T10:20:05.599590
17,18,6,4,0,4,2026-06-16T10:20:07.220456
17,18,7,4,0,4,2026-06-16T10:20:08.501579
17,18,8,4,0,4,2026-06-16T10:20:09.728103
17,18,9,4,0,4,2026-06-16T10:20:11.061215
17,18,10,4,0,4,2026-06-16T10:20:12.067307
17,19,1,5,0,5,2026-06-16T10:20:13.259593
17,19,2,4,0,4,2026-06-16T10:20:14.853444
17,19,3,4,0,4,2026-06-16T10:20:16.058939
17,19,4,5,0,5,2026-06-16T10:20:17.665707
17,19,5,5,0,5,2026-06-16T10:20:18.876765
17,19,6,4,0,4,2026-06-16T10:20:19.968613
17,19,7,5,0,5,2026-06-16T10:20:20.770711
17,19,8,5,0,5,2026-06-16T10:20:21.770426
17,19,9,5,0,5,2026-06-16T10:20:22.557912
17,19,10,5,0,5,2026-06-16T10:20:23.561387
17,20,1,4,0,4,2026-06-16T10:20:24.773819
17,20,2,4,0,4,2026-06-16T10:20:26.786648
17,20,3,4,0,4,2026-06-16T10:20:28.790666
17,20,4,4,0,4,2026-06-16T10:20:31.004380
17,20,5,4,0,4,2026-06-16T10:20:32.201193
17,20,6,4,0,4,2026-06-16T10:20:34.408171
17,20,7,4,0,4,2026-06-16T10:20:35.213736
17,20,8,4,0,4,2026-06-16T10:20:36.012644
17,20,9,4,0,4,2026-06-16T10:20:37.813186
17,20,10,4,0,4,2026-06-16T10:20:39.012694
17,21,1,5,0,5,2026-06-16T10:20:40.417968
17,21,2,5,0,5,2026-06-16T10:20:41.220109
17,21,3,5,0,5,2026-06-16T10:20:42.836396
17,21,4,5,0,5,2026-06-16T10:20:43.633067
17,21,5,5,0,5,2026-06-16T10:20:44.633665
17,21,6,5,0,5,2026-06-16T10:20:45.861411
17,21,7,5,0,5,2026-06-16T10:20:47.073851
17,21,8,5,0,5,2026-06-16T10:20:48.287206
17,21,9,5,0,5,2026-06-16T10:20:49.689548
17,21,10,5,0,5,2026-06-16T10:20:50.670538
17,22,1,5,0,5,2026-06-16T10:20:51.714864
17,22,2,5,0,5,2026-06-16T10:20:55.165138
17,22,3,5,0,5,2026-06-16T10:20:56.768191
17,22,4,5,0,5,2026-06-16T10:20:58.061846
17,22,5,5,0,5,2026-06-16T10:20:59.496225
17,22,6,5,0,5,2026-06-16T10:21:00.304423
17,22,7,5,0,5,2026-06-16T10:21:01.909176
17,22,8,5,0,5,2026-06-16T10:21:03.116960
17,22,9,5,0,5,2026-06-16T10:21:03.921221
17,22,10,5,0,5,2026-06-16T10:21:05.537825
17,23,1,3,0,3,2026-06-16T10:21:07.153811
17,23,2,3,0,3,2026-06-16T10:21:08.625828
17,23,3,3,0,3,2026-06-16T10:21:10.248152
17,23,4,3,0,3,2026-06-16T10:21:11.446023
17,23,5,3,0,3,2026-06-16T10:21:13.045770
17,23,6,3,0,3,2026-06-16T10:21:14.125133
17,23,7,3,0,3,2026-06-16T10:21:15.527819
17,23,8,3,0,3,2026-06-16T10:21:16.536552
17,23,9,3,0,3,2026-06-16T10:21:18.136924
17,23,10,3,0,3,2026-06-16T10:21:19.549610
17,24,1,0,0,0,2026-06-16T10:21:21.747005
17,24,2,0,0,0,2026-06-16T10:21:25.180559
17,24,3,0,0,0,2026-06-16T10:21:26.838007
17,24,4,0,0,0,2026-06-16T10:21:28.272560
17,24,5,0,0,0,2026-06-16T10:21:29.059977
17,24,6,0,0,0,2026-06-16T10:21:30.728020
17,24,7,0,0,0,2026-06-16T10:21:31.943526
17,24,8,0,0,0,2026-06-16T10:21:32.941351
17,24,9,0,0,0,2026-06-16T10:21:34.719312
17,24,10,0,0,0,2026-06-16T10:21:36.114644
17,25,1,1,0,1,2026-06-16T10:21:37.720191
17,25,2,1,0,1,2026-06-16T10:21:39.366416
17,25,3,1,0,1,2026-06-16T10:21:40.231751
17,25,4,0,0,0,2026-06-16T10:21:41.479562
17,25,5,1,0,1,2026-06-16T10:21:42.884616
17,25,6,1,0,1,2026-06-16T10:21:44.109590
17,25,7,1,0,1,2026-06-16T10:21:45.115441
17,25,8,1,0,1,2026-06-16T10:21:46.311924
17,25,9,1,0,1,2026-06-16T10:21:48.115414
17,25,10,1,0,1,2026-06-16T10:21:50.538017
17,26,1,3,0,3,2026-06-16T10:21:51.618085
17,26,2,3,0,3,2026-06-16T10:21:53.245328
17,26,3,3,0,3,2026-06-16T10:21:55.049146
17,26,4,3,0,3,2026-06-16T10:21:56.044298
17,26,5,3,0,3,2026-06-16T10:21:57.236640
17,26,6,3,0,3,2026-06-16T10:21:58.646318
17,26,7,3,0,3,2026-06-16T10:21:59.845541
17,26,8,3,0,3,2026-06-16T10:22:01.040694
17,26,9,3,0,3,2026-06-16T10:22:02.048335
17,26,10,3,0,3,2026-06-16T10:22:03.655653
17,27,1,4,0,4,2026-06-16T10:22:05.475985
17,27,2,4,0,4,2026-06-16T10:22:06.685557
17,27,3,4,0,4,2026-06-16T10:22:08.289529
17,27,4,4,0,4,2026-06-16T10:22:09.484765
17,27,5,4,0,4,2026-06-16T10:22:10.695492
17,27,6,4,0,4,2026-06-16T10:22:11.511592
17,27,7,4,0,4,2026-06-16T10:22:13.136406
17,27,8,4,0,4,2026-06-16T10:22:14.953499
17,27,9,4,0,4,2026-06-16T10:22:16.167206
17,27,10,4,0,4,2026-06-16T10:22:17.384545
17,28,1,2,0,2,2026-06-16T10:22:19.013446
17,28,2,2,0,2,2026-06-16T10:22:20.027250
17,28,3,2,0,2,2026-06-16T10:22:21.436290
17,28,4,3,0,3,2026-06-16T10:22:23.036857
17,28,5,3,0,3,2026-06-16T10:22:24.236044
17,28,6,3,0,3,2026-06-16T10:22:25.246489
17,28,7,3,0,3,2026-06-16T10:22:26.251858
17,28,8,2,0,2,2026-06-16T10:22:27.970688
17,28,9,2,0,2,2026-06-16T10:22:28.789358
17,28,10,3,0,3,2026-06-16T10:22:30.392976
17,29,1,3,0,3,2026-06-16T10:22:31.374010
17,29,2,3,0,3,2026-06-16T10:22:32.997016
17,29,3,3,0,3,2026-06-16T10:22:34.805809
17,29,4,3,0,3,2026-06-16T10:22:36.060021
17,29,5,3,0,3,2026-06-16T10:22:37.063024
17,29,6,3,0,3,2026-06-16T10:22:38.043469
17,29,7,3,0,3,2026-06-16T10:22:39.748555
17,29,8,3,0,3,2026-06-16T10:22:41.560566
17,29,9,3,0,3,2026-06-16T10:22:45.000770
17,29,10,3,0,3,2026-06-16T10:22:47.873548
17,30,1,5,0,5,2026-06-16T10:22:49.474458
17,30,2,5,0,5,2026-06-16T10:22:51.090237
17,30,3,5,0,5,2026-06-16T10:22:52.312130
17,30,4,5,0,5,2026-06-16T10:22:53.329479
17,30,5,5,0,5,2026-06-16T10:22:54.377189
17,30,6,5,0,5,2026-06-16T10:22:55.794873
17,30,7,5,0,5,2026-06-16T10:22:57.234243
17,30,8,5,0,5,2026-06-16T10:22:58.662526
17,30,9,5,0,5,2026-06-16T10:23:00.260899
17,30,10,5,0,5,2026-06-16T10:23:01.067909
18,1,1,5,0,5,2026-06-16T10:23:02.680475
18,1,2,5,0,5,2026-06-16T10:23:04.290453
18,1,3,5,0,5,2026-06-16T10:23:05.294895
18,1,4,5,0,5,2026-06-16T10:23:06.707776
18,1,5,5,0,5,2026-06-16T10:23:08.532133
18,1,6,5,0,5,2026-06-16T10:23:09.730414
18,1,7,5,0,5,2026-06-16T10:23:11.732076
18,1,8,5,0,5,2026-06-16T10:23:13.141326
18,1,9,5,0,5,2026-06-16T10:23:14.956738
18,1,10,5,0,5,2026-06-16T10:23:16.564508
18,2,1,5,0,5,2026-06-16T10:23:17.365232
18,2,2,5,0,5,2026-06-16T10:23:18.969612
18,2,3,5,0,5,2026-06-16T10:23:20.185999
18,2,4,5,0,5,2026-06-16T10:23:21.808441
18,2,5,5,0,5,2026-06-16T10:23:23.013951
18,2,6,5,0,5,2026-06-16T10:23:24.432322
18,2,7,5,0,5,2026-06-16T10:23:26.446347
18,2,8,5,0,5,2026-06-16T10:23:27.655089
18,2,9,5,0,5,2026-06-16T10:23:28.651048
18,2,10,5,0,5,2026-06-16T10:23:30.059659
18,3,1,4,0,4,2026-06-16T10:23:30.856419
18,3,2,4,0,4,2026-06-16T10:23:31.857095
18,3,3,4,0,4,2026-06-16T10:23:33.256416
18,3,4,4,0,4,2026-06-16T10:23:36.125211
18,3,5,4,0,4,2026-06-16T10:23:38.135068
18,3,6,4,0,4,2026-06-16T10:23:39.347922
18,3,7,4,0,4,2026-06-16T10:23:40.348389
18,3,8,4,0,4,2026-06-16T10:23:41.965411
18,3,9,4,0,4,2026-06-16T10:23:42.771674
18,3,10,4,0,4,2026-06-16T10:23:43.579134
18,4,1,2,0,2,2026-06-16T10:23:44.990634
18,4,2,2,0,2,2026-06-16T10:23:45.828757
18,4,3,2,0,2,2026-06-16T10:23:47.223677
18,4,4,2,0,2,2026-06-16T10:23:48.441378
18,4,5,2,0,2,2026-06-16T10:23:49.428742
18,4,6,2,0,2,2026-06-16T10:23:50.636919
18,4,7,2,0,2,2026-06-16T10:23:52.657372
18,4,8,2,0,2,2026-06-16T10:23:54.259470
18,4,9,2,0,2,2026-06-16T10:23:56.064764
18,4,10,2,0,2,2026-06-16T10:23:57.251825
18,5,1,2,0,2,2026-06-16T10:23:58.250100
18,5,2,2,0,2,2026-06-16T10:23:59.851979
18,5,3,2,0,2,2026-06-16T10:24:02.060951
18,5,4,2,0,2,2026-06-16T10:24:03.677529
18,5,5,2,0,2,2026-06-16T10:24:05.686003
18,5,6,2,0,2,2026-06-16T10:24:07.492322
18,5,7,2,0,2,2026-06-16T10:24:08.496493
18,5,8,2,0,2,2026-06-16T10:24:09.697392
18,5,9,2,0,2,2026-06-16T10:24:11.305837
18,5,10,2,0,2,2026-06-16T10:24:12.908977
18,6,1,5,0,5,2026-06-16T10:24:14.317427
18,6,2,5,0,5,2026-06-16T10:24:15.919426
18,6,3,5,0,5,2026-06-16T10:24:17.120078
18,6,4,5,0,5,2026-06-16T10:24:19.147025
18,6,5,5,0,5,2026-06-16T10:24:20.342510
18,6,6,5,0,5,2026-06-16T10:24:21.952301
18,6,7,5,0,5,2026-06-16T10:24:22.764122
18,6,8,5,0,5,2026-06-16T10:24:24.374597
18,6,9,5,0,5,2026-06-16T10:24:25.173893
18,6,10,5,0,5,2026-06-16T10:24:26.370903
18,7,1,5,0,5,2026-06-16T10:24:27.361098
18,7,2,5,0,5,2026-06-16T10:24:29.377850
18,7,3,5,0,5,2026-06-16T10:24:31.194672
18,7,4,5,0,5,2026-06-16T10:24:32.814037
18,7,5,5,0,5,2026-06-16T10:24:34.423772
18,7,6,5,0,5,2026-06-16T10:24:36.484377
18,7,7,5,0,5,2026-06-16T10:24:38.297662
18,7,8,5,0,5,2026-06-16T10:24:39.501365
18,7,9,5,0,5,2026-06-16T10:24:40.312532
18,7,10,5,0,5,2026-06-16T10:24:41.718563
18,8,1,4,0,4,2026-06-16T10:24:42.741128
18,8,2,4,0,4,2026-06-16T10:24:44.780502
18,8,3,4,0,4,2026-06-16T10:24:46.330093
18,8,4,4,0,4,2026-06-16T10:24:47.954763
18,8,5,4,0,4,2026-06-16T10:24:48.960374
18,8,6,4,0,4,2026-06-16T10:24:50.158142
18,8,7,4,0,4,2026-06-16T10:24:51.366362
18,8,8,4,0,4,2026-06-16T10:24:52.573943
18,8,9,4,0,4,2026-06-16T10:24:54.194754
18,8,10,4,0,4,2026-06-16T10:24:55.594162
18,9,1,2,0,2,2026-06-16T10:24:57.400502
18,9,2,2,0,2,2026-06-16T10:25:01.559109
18,9,3,2,0,2,2026-06-16T10:25:03.006661
18,9,4,2,0,2,2026-06-16T10:25:04.029833
18,9,5,2,0,2,2026-06-16T10:25:05.669692
18,9,6,2,0,2,2026-06-16T10:25:07.266576
18,9,7,2,0,2,2026-06-16T10:25:09.285514
18,9,8,2,0,2,2026-06-16T10:25:10.496333
18,9,9,2,0,2,2026-06-16T10:25:11.695407
18,9,10,2,0,2,2026-06-16T10:25:13.112043
18,10,1,2,0,2,2026-06-16T10:25:14.513152
18,10,2,2,0,2,2026-06-16T10:25:15.951411
18,10,3,2,0,2,2026-06-16T10:25:17.566525
18,10,4,2,0,2,2026-06-16T10:25:18.573850
18,10,5,2,0,2,2026-06-16T10:25:19.992434
18,10,6,2,0,2,2026-06-16T10:25:21.975791
18,10,7,2,0,2,2026-06-16T10:25:24.863145
18,10,8,2,0,2,2026-06-16T10:25:27.092944
18,10,9,2,0,2,2026-06-16T10:25:28.710430
18,10,10,2,0,2,2026-06-16T10:25:29.895002
18,11,1,5,0,5,2026-06-16T10:25:30.903732
18,11,2,5,0,5,2026-06-16T10:25:31.911719
18,11,3,5,0,5,2026-06-16T10:25:34.829866
18,11,4,5,0,5,2026-06-16T10:25:35.848374
18,11,5,5,0,5,2026-06-16T10:25:37.061492
18,11,6,5,0,5,2026-06-16T10:25:38.277187
18,11,7,5,0,5,2026-06-16T10:25:40.313040
18,11,8,5,0,5,2026-06-16T10:25:41.478573
18,11,9,5,0,5,2026-06-16T10:25:42.679462
18,11,10,5,0,5,2026-06-16T10:25:44.278464
18,12,1,5,0,5,2026-06-16T10:25:45.483577
18,12,2,5,0,5,2026-06-16T10:25:46.695157
18,12,3,5,0,5,2026-06-16T10:25:47.698639
18,12,4,5,0,5,2026-06-16T10:25:49.905686
18,12,5,5,0,5,2026-06-16T10:25:53.391047
18,12,6,5,0,5,2026-06-16T10:25:54.785016
18,12,7,5,0,5,2026-06-16T10:25:55.997770
18,12,8,5,0,5,2026-06-16T10:25:57.013473
18,12,9,5,0,5,2026-06-16T10:25:58.420795
18,12,10,5,0,5,2026-06-16T10:25:59.661879
18,13,1,3,0,3,2026-06-16T10:26:00.709140
18,13,2,3,0,3,2026-06-16T10:26:02.513057
18,13,3,3,0,3,2026-06-16T10:26:04.133326
18,13,4,3,0,3,2026-06-16T10:26:05.622723
18,13,5,4,0,4,2026-06-16T10:26:07.434053
18,13,6,3,0,3,2026-06-16T10:26:09.063613
18,13,7,4,0,4,2026-06-16T10:26:10.593214
18,13,8,3,0,3,2026-06-16T10:26:12.181141
18,13,9,3,0,3,2026-06-16T10:26:13.195214
18,13,10,3,0,3,2026-06-16T10:26:14.413124
18,14,1,4,0,4,2026-06-16T10:26:16.390670
18,14,2,4,0,4,2026-06-16T10:26:17.388074
18,14,3,4,0,4,2026-06-16T10:26:18.800516
18,14,4,4,0,4,2026-06-16T10:26:22.934119
18,14,5,4,0,4,2026-06-16T10:26:23.931334
18,14,6,4,0,4,2026-06-16T10:26:25.520158
18,14,7,4,0,4,2026-06-16T10:26:27.116188
18,14,8,4,0,4,2026-06-16T10:26:28.531587
18,14,9,4,0,4,2026-06-16T10:26:29.869995
18,14,10,4,0,4,2026-06-16T10:26:31.456573
18,15,1,2,0,2,2026-06-16T10:26:33.278027
18,15,2,2,0,2,2026-06-16T10:26:34.515479
18,15,3,2,0,2,2026-06-16T10:26:35.730102
18,15,4,2,0,2,2026-06-16T10:26:37.518565
18,15,5,2,0,2,2026-06-16T10:26:39.124302
18,15,6,2,0,2,2026-06-16T10:26:40.736927
18,15,7,2,0,2,2026-06-16T10:26:42.342183
18,15,8,2,0,2,2026-06-16T10:26:43.137860
18,15,9,2,0,2,2026-06-16T10:26:44.793763
18,15,10,2,0,2,2026-06-16T10:26:47.443002
18,16,1,5,0,5,2026-06-16T10:26:49.055860
18,16,2,5,0,5,2026-06-16T10:26:50.259085
18,16,3,5,0,5,2026-06-16T10:26:52.462752
18,16,4,5,0,5,2026-06-16T10:26:53.298125
18,16,5,5,0,5,2026-06-16T10:26:54.713702
18,16,6,5,0,5,2026-06-16T10:26:56.569460
18,16,7,5,0,5,2026-06-16T10:26:57.887909
18,16,8,5,0,5,2026-06-16T10:26:59.513066
18,16,9,5,0,5,2026-06-16T10:27:00.751536
18,16,10,5,0,5,2026-06-16T10:27:01.967922
18,17,1,5,0,5,2026-06-16T10:27:03.384595
18,17,2,5,0,5,2026-06-16T10:27:05.050521
18,17,3,5,0,5,2026-06-16T10:27:06.046979
18,17,4,5,0,5,2026-06-16T10:27:07.261006
18,17,5,5,0,5,2026-06-16T10:27:08.281826
18,17,6,5,0,5,2026-06-16T10:27:10.093322
18,17,7,5,0,5,2026-06-16T10:27:12.740983
18,17,8,5,0,5,2026-06-16T10:27:14.148834
18,17,9,5,0,5,2026-06-16T10:27:15.763660
18,17,10,5,0,5,2026-06-16T10:27:16.965143
18,18,1,5,0,5,2026-06-16T10:27:18.565257
18,18,2,5,0,5,2026-06-16T10:27:20.170995
18,18,3,5,0,5,2026-06-16T10:27:21.777702
18,18,4,5,0,5,2026-06-16T10:27:23.186039
18,18,5,5,0,5,2026-06-16T10:27:24.590883
18,18,6,5,0,5,2026-06-16T10:27:26.602092
18,18,7,5,0,5,2026-06-16T10:27:28.407413
18,18,8,5,0,5,2026-06-16T10:27:29.210155
18,18,9,5,0,5,2026-06-16T10:27:30.204300
18,18,10,5,0,5,2026-06-16T10:27:31.992998
18,19,1,5,0,5,2026-06-16T10:27:33.008677
18,19,2,4,0,4,2026-06-16T10:27:34.631999
18,19,3,5,0,5,2026-06-16T10:27:36.056298
18,19,4,5,0,5,2026-06-16T10:27:37.061890
18,19,5,4,0,4,2026-06-16T10:27:37.876246
18,19,6,4,0,4,2026-06-16T10:27:39.891937
18,19,7,5,0,5,2026-06-16T10:27:43.674574
18,19,8,4,0,4,2026-06-16T10:27:44.906635
18,19,9,4,0,4,2026-06-16T10:27:45.919754
18,19,10,5,0,5,2026-06-16T10:27:47.538561
18,20,1,4,0,4,2026-06-16T10:27:49.339582
18,20,2,4,0,4,2026-06-16T10:27:50.952310
18,20,3,4,0,4,2026-06-16T10:27:52.156043
18,20,4,4,0,4,2026-06-16T10:27:53.768749
18,20,5,4,0,4,2026-06-16T10:27:54.978146
18,20,6,4,0,4,2026-06-16T10:27:55.780234
18,20,7,4,0,4,2026-06-16T10:27:57.383653
18,20,8,4,0,4,2026-06-16T10:27:58.762187
18,20,9,4,0,4,2026-06-16T10:27:59.970329
18,20,10,4,0,4,2026-06-16T10:28:01.787933
18,21,1,5,0,5,2026-06-16T10:28:03.399448
18,21,2,5,0,5,2026-06-16T10:28:04.819759
18,21,3,5,0,5,2026-06-16T10:28:06.028321
18,21,4,5,0,5,2026-06-16T10:28:08.429122
18,21,5,5,0,5,2026-06-16T10:28:09.854208
18,21,6,5,0,5,2026-06-16T10:28:11.869585
18,21,7,5,0,5,2026-06-16T10:28:13.074837
18,21,8,5,0,5,2026-06-16T10:28:14.287679
18,21,9,5,0,5,2026-06-16T10:28:15.086795
18,21,10,5,0,5,2026-06-16T10:28:16.698831
18,22,1,5,0,5,2026-06-16T10:28:18.720750
18,22,2,5,0,5,2026-06-16T10:28:19.919667
18,22,3,5,0,5,2026-06-16T10:28:20.733405
18,22,4,5,0,5,2026-06-16T10:28:22.341924
18,22,5,5,0,5,2026-06-16T10:28:23.951458
18,22,6,5,0,5,2026-06-16T10:28:25.393287
18,22,7,5,0,5,2026-06-16T10:28:26.996045
18,22,8,5,0,5,2026-06-16T10:28:28.609482
18,22,9,5,0,5,2026-06-16T10:28:29.880372
18,22,10,5,0,5,2026-06-16T10:28:31.679348
18,23,1,3,0,3,2026-06-16T10:28:32.678813
18,23,2,4,0,4,2026-06-16T10:28:34.278132
18,23,3,4,0,4,2026-06-16T10:28:38.026274
18,23,4,3,0,3,2026-06-16T10:28:39.663865
18,23,5,4,0,4,2026-06-16T10:28:41.269400
18,23,6,4,0,4,2026-06-16T10:28:42.871120
18,23,7,3,0,3,2026-06-16T10:28:44.468494
18,23,8,4,0,4,2026-06-16T10:28:45.686611
18,23,9,4,0,4,2026-06-16T10:28:47.287695
18,23,10,4,0,4,2026-06-16T10:28:48.467410
18,24,1,0,0,0,2026-06-16T10:28:49.723633
18,24,2,0,0,0,2026-06-16T10:28:51.337878
18,24,3,0,0,0,2026-06-16T10:28:52.746505
18,24,4,0,0,0,2026-06-16T10:28:53.960388
18,24,5,0,0,0,2026-06-16T10:28:55.362293
18,24,6,0,0,0,2026-06-16T10:28:56.980947
18,24,7,0,0,0,2026-06-16T10:28:57.983052
18,24,8,0,0,0,2026-06-16T10:28:59.579964
18,24,9,0,0,0,2026-06-16T10:29:02.228251
18,24,10,0,0,0,2026-06-16T10:29:03.433503
18,25,1,2,0,2,2026-06-16T10:29:05.076585
18,25,2,2,0,2,2026-06-16T10:29:06.902764
18,25,3,2,0,2,2026-06-16T10:29:08.320049
18,25,4,1,0,1,2026-06-16T10:29:10.312395
18,25,5,1,0,1,2026-06-16T10:29:11.806078
18,25,6,1,0,1,2026-06-16T10:29:13.430184
18,25,7,1,0,1,2026-06-16T10:29:15.051125
18,25,8,1,0,1,2026-06-16T10:29:16.656189
18,25,9,2,0,2,2026-06-16T10:29:18.262056
18,25,10,2,0,2,2026-06-16T10:29:19.873104
18,26,1,3,0,3,2026-06-16T10:29:21.296866
18,26,2,3,0,3,2026-06-16T10:29:22.507911
18,26,3,3,0,3,2026-06-16T10:29:24.120618
18,26,4,3,0,3,2026-06-16T10:29:25.931194
18,26,5,3,0,3,2026-06-16T10:29:27.746720
18,26,6,3,0,3,2026-06-16T10:29:29.155488
18,26,7,3,0,3,2026-06-16T10:29:29.957146
18,26,8,3,0,3,2026-06-16T10:29:31.553647
18,26,9,3,0,3,2026-06-16T10:29:33.400948
18,26,10,3,0,3,2026-06-16T10:29:34.610239
18,27,1,4,0,4,2026-06-16T10:29:35.821435
18,27,2,4,0,4,2026-06-16T10:29:36.836613
18,27,3,4,0,4,2026-06-16T10:29:38.056266
18,27,4,4,0,4,2026-06-16T10:29:40.072893
18,27,5,4,0,4,2026-06-16T10:29:41.890474
18,27,6,4,0,4,2026-06-16T10:29:43.520349
18,27,7,4,0,4,2026-06-16T10:29:45.124711
18,27,8,4,0,4,2026-06-16T10:29:46.536423
18,27,9,4,0,4,2026-06-16T10:29:48.152595
18,27,10,4,0,4,2026-06-16T10:29:49.156685
18,28,1,4,0,4,2026-06-16T10:29:50.552013
18,28,2,4,0,4,2026-06-16T10:29:51.958847
18,28,3,4,0,4,2026-06-16T10:29:53.972995
18,28,4,4,0,4,2026-06-16T10:29:55.980652
18,28,5,4,0,4,2026-06-16T10:29:57.596226
18,28,6,4,0,4,2026-06-16T10:29:58.801254
18,28,7,4,0,4,2026-06-16T10:30:00.688060
18,28,8,4,0,4,2026-06-16T10:30:02.308888
18,28,9,4,0,4,2026-06-16T10:30:03.124068
18,28,10,4,0,4,2026-06-16T10:30:04.339869
18,29,1,4,0,4,2026-06-16T10:30:06.358532
18,29,2,4,0,4,2026-06-16T10:30:07.956957
18,29,3,4,0,4,2026-06-16T10:30:09.783436
18,29,4,4,0,4,2026-06-16T10:30:11.383140
18,29,5,4,0,4,2026-06-16T10:30:13.006918
18,29,6,4,0,4,2026-06-16T10:30:14.511514
18,29,7,4,0,4,2026-06-16T10:30:15.317642
18,29,8,4,0,4,2026-06-16T10:30:16.330461
18,29,9,4,0,4,2026-06-16T10:30:18.145470
18,29,10,4,0,4,2026-06-16T10:30:19.761118
18,30,1,4,0,4,2026-06-16T10:30:21.570499
18,30,2,4,0,4,2026-06-16T10:30:24.207255
18,30,3,4,0,4,2026-06-16T10:30:27.074934
18,30,4,4,0,4,2026-06-16T10:30:27.874067
18,30,5,4,0,4,2026-06-16T10:30:29.739753
18,30,6,4,0,4,2026-06-16T10:30:30.945817
18,30,7,4,0,4,2026-06-16T10:30:32.170744
18,30,8,4,0,4,2026-06-16T10:30:33.779330
18,30,9,4,0,4,2026-06-16T10:30:35.395446
18,30,10,4,0,4,2026-06-16T10:30:37.004255
19,1,1,5,0,5,2026-06-16T10:30:38.610548
19,1,2,5,0,5,2026-06-16T10:30:40.113924
19,1,3,5,0,5,2026-06-16T10:30:40.955185
19,1,4,5,0,5,2026-06-16T10:30:42.577266
19,1,5,5,0,5,2026-06-16T10:30:43.799171
19,1,6,5,0,5,2026-06-16T10:30:44.805250
19,1,7,5,0,5,2026-06-16T10:30:46.434191
19,1,8,5,0,5,2026-06-16T10:30:47.455625
19,1,9,5,0,5,2026-06-16T10:30:48.867902
19,1,10,5,0,5,2026-06-16T10:30:50.761797
19,2,1,5,0,5,2026-06-16T10:30:52.191269
19,2,2,5,0,5,2026-06-16T10:30:53.191612
19,2,3,5,0,5,2026-06-16T10:30:54.826401
19,2,4,5,0,5,2026-06-16T10:30:55.635523
19,2,5,5,0,5,2026-06-16T10:30:57.646352
19,2,6,5,0,5,2026-06-16T10:30:59.265441
19,2,7,5,0,5,2026-06-16T10:31:00.873119
19,2,8,5,0,5,2026-06-16T10:31:01.877954
19,2,9,5,0,5,2026-06-16T10:31:03.490391
19,2,10,5,0,5,2026-06-16T10:31:05.118559
19,3,1,4,0,4,2026-06-16T10:31:06.535147
19,3,2,4,0,4,2026-06-16T10:31:07.746213
19,3,3,4,0,4,2026-06-16T10:31:08.956217
19,3,4,4,0,4,2026-06-16T10:31:10.577099
19,3,5,4,0,4,2026-06-16T10:31:11.800400
19,3,6,3,0,3,2026-06-16T10:31:13.630820
19,3,7,4,0,4,2026-06-16T10:31:15.457572
19,3,8,4,0,4,2026-06-16T10:31:17.281586
19,3,9,3,0,3,2026-06-16T10:31:18.696662
19,3,10,4,0,4,2026-06-16T10:31:20.118916
19,4,1,2,0,2,2026-06-16T10:31:21.538197
19,4,2,2,0,2,2026-06-16T10:31:22.951913
19,4,3,2,0,2,2026-06-16T10:31:24.159373
19,4,4,2,0,2,2026-06-16T10:31:26.196589
19,4,5,2,0,2,2026-06-16T10:31:27.393144
19,4,6,2,0,2,2026-06-16T10:31:28.218748
19,4,7,2,0,2,2026-06-16T10:31:29.849461
19,4,8,2,0,2,2026-06-16T10:31:31.251175
19,4,9,2,0,2,2026-06-16T10:31:32.456880
19,4,10,2,0,2,2026-06-16T10:31:34.079246
19,5,1,3,0,3,2026-06-16T10:31:35.513325
19,5,2,3,0,3,2026-06-16T10:31:36.717578
19,5,3,3,0,3,2026-06-16T10:31:37.738956
19,5,4,3,0,3,2026-06-16T10:31:38.954377
19,5,5,3,0,3,2026-06-16T10:31:40.165965
19,5,6,3,0,3,2026-06-16T10:31:41.993600
19,5,7,3,0,3,2026-06-16T10:31:43.815180
19,5,8,3,0,3,2026-06-16T10:31:45.632631
19,5,9,3,0,3,2026-06-16T10:31:47.035046
19,5,10,3,0,3,2026-06-16T10:31:47.833166
19,6,1,5,0,5,2026-06-16T10:31:49.441379
19,6,2,5,0,5,2026-06-16T10:31:50.248028
19,6,3,5,0,5,2026-06-16T10:31:51.864307
19,6,4,5,0,5,2026-06-16T10:31:53.476411
19,6,5,5,0,5,2026-06-16T10:31:54.867407
19,6,6,5,0,5,2026-06-16T10:31:57.079959
19,6,7,5,0,5,2026-06-16T10:31:58.496792
19,6,8,5,0,5,2026-06-16T10:31:59.503592
19,6,9,5,0,5,2026-06-16T10:32:00.515503
19,6,10,5,0,5,2026-06-16T10:32:01.924937
19,7,1,5,0,5,2026-06-16T10:32:03.538357
19,7,2,5,0,5,2026-06-16T10:32:04.338393
19,7,3,5,0,5,2026-06-16T10:32:05.355356
19,7,4,5,0,5,2026-06-16T10:32:06.559110
19,7,5,5,0,5,2026-06-16T10:32:07.971595
19,7,6,5,0,5,2026-06-16T10:32:10.190297
19,7,7,5,0,5,2026-06-16T10:32:12.681695
19,7,8,5,0,5,2026-06-16T10:32:13.695872
19,7,9,5,0,5,2026-06-16T10:32:15.345726
19,7,10,5,0,5,2026-06-16T10:32:16.544375
19,8,1,3,0,3,2026-06-16T10:32:18.564954
19,8,2,4,0,4,2026-06-16T10:32:19.974330
19,8,3,4,0,4,2026-06-16T10:32:21.983359
19,8,4,4,0,4,2026-06-16T10:32:23.583757
19,8,5,4,0,4,2026-06-16T10:32:25.204987
19,8,6,4,0,4,2026-06-16T10:32:26.023683
19,8,7,4,0,4,2026-06-16T10:32:27.035352
19,8,8,4,0,4,2026-06-16T10:32:28.453448
19,8,9,4,0,4,2026-06-16T10:32:29.668975
19,8,10,4,0,4,2026-06-16T10:32:31.312962
19,9,1,3,0,3,2026-06-16T10:32:32.730275
19,9,2,2,0,2,2026-06-16T10:32:33.728157
19,9,3,3,0,3,2026-06-16T10:32:35.346860
19,9,4,3,0,3,2026-06-16T10:32:36.411897
19,9,5,3,0,3,2026-06-16T10:32:38.613667
19,9,6,3,0,3,2026-06-16T10:32:40.417663
19,9,7,3,0,3,2026-06-16T10:32:42.037209
19,9,8,3,0,3,2026-06-16T10:32:43.916774
19,9,9,3,0,3,2026-06-16T10:32:45.525290
19,9,10,3,0,3,2026-06-16T10:32:46.527912
19,10,1,2,0,2,2026-06-16T10:32:47.330406
19,10,2,2,0,2,2026-06-16T10:32:49.347551
19,10,3,2,0,2,2026-06-16T10:32:50.557277
19,10,4,2,0,2,2026-06-16T10:32:52.165183
19,10,5,2,0,2,2026-06-16T10:32:53.176649
19,10,6,2,0,2,2026-06-16T10:32:54.804326
19,10,7,2,0,2,2026-06-16T10:32:56.614774
19,10,8,2,0,2,2026-06-16T10:32:58.008358
19,10,9,2,0,2,2026-06-16T10:32:59.617888
19,10,10,2,0,2,2026-06-16T10:33:00.631624
19,11,1,5,0,5,2026-06-16T10:33:02.260882
19,11,2,5,0,5,2026-06-16T10:33:03.867430
19,11,3,5,0,5,2026-06-16T10:33:06.205319
19,11,4,5,0,5,2026-06-16T10:33:07.631919
19,11,5,5,0,5,2026-06-16T10:33:09.418270
19,11,6,5,0,5,2026-06-16T10:33:11.770140
19,11,7,5,0,5,2026-06-16T10:33:13.493995
19,11,8,5,0,5,2026-06-16T10:33:15.275157
19,11,9,5,0,5,2026-06-16T10:33:16.890570
19,11,10,5,0,5,2026-06-16T10:33:18.543370
19,12,1,5,0,5,2026-06-16T10:33:20.196212
19,12,2,5,0,5,2026-06-16T10:33:21.778396
19,12,3,5,0,5,2026-06-16T10:33:23.819565
19,12,4,5,0,5,2026-06-16T10:33:25.437818
19,12,5,5,0,5,2026-06-16T10:33:26.877032
19,12,6,5,0,5,2026-06-16T10:33:28.461637
19,12,7,5,0,5,2026-06-16T10:33:29.473101
19,12,8,5,0,5,2026-06-16T10:33:30.477556
19,12,9,5,0,5,2026-06-16T10:33:32.309962
19,12,10,5,0,5,2026-06-16T10:33:34.520153
19,13,1,4,0,4,2026-06-16T10:33:36.149983
19,13,2,4,0,4,2026-06-16T10:33:37.779235
19,13,3,4,0,4,2026-06-16T10:33:39.435250
19,13,4,4,0,4,2026-06-16T10:33:40.437596
19,13,5,4,0,4,2026-06-16T10:33:42.046392
19,13,6,4,0,4,2026-06-16T10:33:43.258358
19,13,7,4,0,4,2026-06-16T10:33:44.647300
19,13,8,4,0,4,2026-06-16T10:33:46.037047
19,13,9,4,0,4,2026-06-16T10:33:47.242995
19,13,10,4,0,4,2026-06-16T10:33:49.056013
19,14,1,4,0,4,2026-06-16T10:33:50.264622
19,14,2,4,0,4,2026-06-16T10:33:51.466136
19,14,3,4,0,4,2026-06-16T10:33:52.662467
19,14,4,4,0,4,2026-06-16T10:33:53.670072
19,14,5,4,0,4,2026-06-16T10:33:54.869040
19,14,6,4,0,4,2026-06-16T10:33:56.462844
19,14,7,4,0,4,2026-06-16T10:33:58.283436
19,14,8,4,0,4,2026-06-16T10:34:00.290432
19,14,9,4,0,4,2026-06-16T10:34:02.318393
19,14,10,4,0,4,2026-06-16T10:34:04.325850
19,15,1,4,0,4,2026-06-16T10:34:06.965585
19,15,2,4,0,4,2026-06-16T10:34:08.556879
19,15,3,5,0,5,2026-06-16T10:34:09.776879
19,15,4,4,0,4,2026-06-16T10:34:10.973384
19,15,5,4,0,4,2026-06-16T10:34:12.580204
19,15,6,4,0,4,2026-06-16T10:34:13.787190
19,15,7,5,0,5,2026-06-16T10:34:15.798984
19,15,8,5,0,5,2026-06-16T10:34:16.813066
19,15,9,4,0,4,2026-06-16T10:34:18.422621
19,15,10,5,0,5,2026-06-16T10:34:19.221488
19,16,1,5,0,5,2026-06-16T10:34:20.023654
19,16,2,5,0,5,2026-06-16T10:34:21.232622
19,16,3,5,0,5,2026-06-16T10:34:23.035689
19,16,4,5,0,5,2026-06-16T10:34:24.841096
19,16,5,5,0,5,2026-06-16T10:34:25.840836
19,16,6,5,0,5,2026-06-16T10:34:27.641529
19,16,7,5,0,5,2026-06-16T10:34:30.046579
19,16,8,5,0,5,2026-06-16T10:34:31.662858
19,16,9,5,0,5,2026-06-16T10:34:34.081608
19,16,10,5,0,5,2026-06-16T10:34:35.469817
19,17,1,5,0,5,2026-06-16T10:34:53.713082
19,17,2,5,0,5,2026-06-16T10:34:55.119255
19,17,3,5,0,5,2026-06-16T10:34:56.520485
19,17,4,5,0,5,2026-06-16T10:34:58.319791
19,17,5,5,0,5,2026-06-16T10:35:00.120246
19,17,6,5,0,5,2026-06-16T10:35:02.328860
19,17,7,5,0,5,2026-06-16T10:35:03.521418
19,17,8,5,0,5,2026-06-16T10:35:04.928687
19,17,9,5,0,5,2026-06-16T10:35:07.123714
19,17,10,5,0,5,2026-06-16T10:35:08.927582
19,18,1,4,0,4,2026-06-16T10:35:10.739451
19,18,2,4,0,4,2026-06-16T10:35:12.347814
19,18,3,4,0,4,2026-06-16T10:35:13.526794
19,18,4,4,0,4,2026-06-16T10:35:15.104583
19,18,5,4,0,4,2026-06-16T10:35:17.007617
19,18,6,4,0,4,2026-06-16T10:35:18.822411
19,18,7,4,0,4,2026-06-16T10:35:20.416278
19,18,8,4,0,4,2026-06-16T10:35:22.024607
19,18,9,4,0,4,2026-06-16T10:35:23.827402
19,18,10,5,0,5,2026-06-16T10:35:27.615134
19,19,1,4,0,4,2026-06-16T10:35:28.886519
19,19,2,4,0,4,2026-06-16T10:35:31.099808
19,19,3,4,0,4,2026-06-16T10:35:33.738969
19,19,4,4,0,4,2026-06-16T10:35:35.341022
19,19,5,4,0,4,2026-06-16T10:35:37.155843
19,19,6,4,0,4,2026-06-16T10:35:39.560558
19,19,7,4,0,4,2026-06-16T10:35:58.171116
19,19,8,4,0,4,2026-06-16T10:35:59.374333
19,19,9,4,0,4,2026-06-16T10:36:01.212497
19,19,10,4,0,4,2026-06-16T10:36:02.221531
19,20,1,4,0,4,2026-06-16T10:36:03.818672
19,20,2,4,0,4,2026-06-16T10:36:05.216513
19,20,3,4,0,4,2026-06-16T10:36:06.619731
19,20,4,4,0,4,2026-06-16T10:36:07.818785
19,20,5,4,0,4,2026-06-16T10:36:09.829231
19,20,6,4,0,4,2026-06-16T10:36:11.639272
19,20,7,4,0,4,2026-06-16T10:36:12.838080
19,20,8,4,0,4,2026-06-16T10:36:15.451633
19,20,9,4,0,4,2026-06-16T10:36:17.259191
19,20,10,4,0,4,2026-06-16T10:36:18.659717
19,21,1,5,0,5,2026-06-16T10:36:20.466975
19,21,2,5,0,5,2026-06-16T10:36:21.460830
19,21,3,5,0,5,2026-06-16T10:36:24.795975
19,21,4,5,0,5,2026-06-16T10:36:26.393508
19,21,5,5,0,5,2026-06-16T10:36:27.578013
19,21,6,5,0,5,2026-06-16T10:36:28.793039
19,21,7,5,0,5,2026-06-16T10:36:29.979879
19,21,8,5,0,5,2026-06-16T10:36:30.784594
19,21,9,5,0,5,2026-06-16T10:36:32.375766
19,21,10,5,0,5,2026-06-16T10:36:33.983618
19,22,1,5,0,5,2026-06-16T10:36:35.592889
19,22,2,5,0,5,2026-06-16T10:36:37.602952
19,22,3,5,0,5,2026-06-16T10:36:39.224632
19,22,4,5,0,5,2026-06-16T10:36:40.458515
19,22,5,5,0,5,2026-06-16T10:36:41.670913
19,22,6,5,0,5,2026-06-16T10:36:43.483770
19,22,7,5,0,5,2026-06-16T10:36:45.674876
19,22,8,5,0,5,2026-06-16T10:36:47.070315
19,22,9,5,0,5,2026-06-16T10:36:49.128166
19,22,10,5,0,5,2026-06-16T10:36:50.718498
19,23,1,3,0,3,2026-06-16T10:36:52.746000
19,23,2,3,0,3,2026-06-16T10:37:12.676967
19,23,3,3,0,3,2026-06-16T10:37:14.677763
19,23,4,3,0,3,2026-06-16T10:37:16.083619
19,23,5,3,0,3,2026-06-16T10:37:17.906270
19,23,6,4,0,4,2026-06-16T10:37:19.928902
19,23,7,3,0,3,2026-06-16T10:37:21.544571
19,23,8,4,0,4,2026-06-16T10:37:22.940505
19,23,9,4,0,4,2026-06-16T10:37:24.351328
19,23,10,3,0,3,2026-06-16T10:37:25.953114
19,24,1,3,0,3,2026-06-16T10:37:28.161487
19,24,2,3,0,3,2026-06-16T10:37:30.170652
19,24,3,3,0,3,2026-06-16T10:37:31.175989
19,24,4,3,0,3,2026-06-16T10:37:32.990460
19,24,5,3,0,3,2026-06-16T10:37:34.390856
19,24,6,3,0,3,2026-06-16T10:37:36.002881
19,24,7,3,0,3,2026-06-16T10:37:38.007950
19,24,8,3,0,3,2026-06-16T10:37:40.027133
19,24,9,3,0,3,2026-06-16T10:37:41.838872
19,24,10,3,0,3,2026-06-16T10:37:44.048688
19,25,1,3,0,3,2026-06-16T10:37:46.059584
19,25,2,3,0,3,2026-06-16T10:37:48.454053
19,25,3,3,0,3,2026-06-16T10:37:50.044269
19,25,4,3,0,3,2026-06-16T10:37:51.244558
19,25,5,3,0,3,2026-06-16T10:37:52.651566
19,25,6,3,0,3,2026-06-16T10:37:53.453049
19,25,7,3,0,3,2026-06-16T10:37:55.258491
19,25,8,2,0,2,2026-06-16T10:37:56.258679
19,25,9,3,0,3,2026-06-16T10:37:57.672948
19,25,10,2,0,2,2026-06-16T10:37:58.687510
19,26,1,3,0,3,2026-06-16T10:38:07.298701
19,26,2,3,0,3,2026-06-16T10:38:09.948973
19,26,3,3,0,3,2026-06-16T10:38:11.564336
19,26,4,3,0,3,2026-06-16T10:38:12.420363
19,26,5,3,0,3,2026-06-16T10:38:13.629070
19,26,6,3,0,3,2026-06-16T10:38:15.229554
19,26,7,3,0,3,2026-06-16T10:38:17.230126
19,26,8,5,0,5,2026-06-16T10:38:18.050296
19,26,9,3,0,3,2026-06-16T10:38:19.484827
19,26,10,3,0,3,2026-06-16T10:38:21.084338
19,27,1,4,0,4,2026-06-16T10:38:22.295597
19,27,2,4,0,4,2026-06-16T10:38:23.583512
19,27,3,4,0,4,2026-06-16T10:38:25.385323
19,27,4,4,0,4,2026-06-16T10:38:26.376985
19,27,5,4,0,4,2026-06-16T10:38:28.185553
19,27,6,4,0,4,2026-06-16T10:38:29.828292
19,27,7,4,0,4,2026-06-16T10:38:32.079402
19,27,8,4,0,4,2026-06-16T10:38:33.884493
19,27,9,4,0,4,2026-06-16T10:38:35.486753
19,27,10,4,0,4,2026-06-16T10:38:36.688740
19,28,1,2,0,2,2026-06-16T10:38:38.289264
19,28,2,1,0,1,2026-06-16T10:38:39.896128
19,28,3,2,0,2,2026-06-16T10:38:41.703387
19,28,4,2,0,2,2026-06-16T10:38:43.537844
19,28,5,1,0,1,2026-06-16T10:38:45.151052
19,28,6,2,0,2,2026-06-16T10:38:47.361284
19,28,7,2,0,2,2026-06-16T10:38:48.973315
19,28,8,2,0,2,2026-06-16T10:38:50.571692
19,28,9,2,0,2,2026-06-16T10:39:00.986746
19,28,10,1,0,1,2026-06-16T10:39:03.620328
19,29,1,3,0,3,2026-06-16T10:39:05.872194
19,29,2,3,0,3,2026-06-16T10:39:07.066396
19,29,3,3,0,3,2026-06-16T10:39:08.659896
19,29,4,3,0,3,2026-06-16T10:39:10.264424
19,29,5,3,0,3,2026-06-16T10:39:11.866777
19,29,6,3,0,3,2026-06-16T10:39:13.862252
19,29,7,3,0,3,2026-06-16T10:39:15.459280
19,29,8,3,0,3,2026-06-16T10:39:17.046684
19,29,9,3,0,3,2026-06-16T10:39:18.855616
19,29,10,3,0,3,2026-06-16T10:39:20.466073
19,30,1,4,0,4,2026-06-16T10:39:34.311149
19,30,2,4,0,4,2026-06-16T10:39:35.542271
19,30,3,4,0,4,2026-06-16T10:39:36.749732
19,30,4,4,0,4,2026-06-16T10:39:37.775537
19,30,5,4,0,4,2026-06-16T10:39:39.583193
19,30,6,4,0,4,2026-06-16T10:39:52.199986
19,30,7,4,0,4,2026-06-16T10:39:53.824115
19,30,8,4,0,4,2026-06-16T10:39:55.029814
19,30,9,4,0,4,2026-06-16T10:39:57.484747
19,30,10,4,0,4,2026-06-16T10:39:58.703349
20,1,1,2,0,2,2026-06-16T10:40:00.310486
20,1,2,2,0,2,2026-06-16T10:40:01.719338
20,1,3,2,0,2,2026-06-16T10:40:03.529569
20,1,4,2,0,2,2026-06-16T10:40:05.148425
20,1,5,2,0,2,2026-06-16T10:40:06.757323
20,1,6,2,0,2,2026-06-16T10:40:08.729806
20,1,7,2,0,2,2026-06-16T10:40:11.150054
20,1,8,2,0,2,2026-06-16T10:40:12.556485
20,1,9,2,0,2,2026-06-16T10:40:14.364122
20,1,10,2,0,2,2026-06-16T10:40:16.019655
20,2,1,2,0,2,2026-06-16T10:40:18.026467
20,2,2,2,0,2,2026-06-16T10:40:19.655752
20,2,3,2,0,2,2026-06-16T10:40:21.752064
20,2,4,2,0,2,2026-06-16T10:40:22.963809
20,2,5,2,0,2,2026-06-16T10:40:23.968212
20,2,6,2,0,2,2026-06-16T10:40:26.182197
20,2,7,2,0,2,2026-06-16T10:40:35.723850
20,2,8,2,0,2,2026-06-16T10:40:37.313596
20,2,9,2,0,2,2026-06-16T10:40:38.344853
20,2,10,2,0,2,2026-06-16T10:40:39.740674
20,3,1,1,0,1,2026-06-16T10:40:40.750175
20,3,2,1,0,1,2026-06-16T10:40:41.823612
20,3,3,1,0,1,2026-06-16T10:40:43.634656
20,3,4,1,0,1,2026-06-16T10:40:45.509462
20,3,5,1,0,1,2026-06-16T10:40:47.101114
20,3,6,1,0,1,2026-06-16T10:40:48.917709
20,3,7,1,0,1,2026-06-16T10:40:50.938684
20,3,8,1,0,1,2026-06-16T10:40:52.939930
20,3,9,1,0,1,2026-06-16T10:40:53.966732
20,3,10,1,0,1,2026-06-16T10:40:56.170321
20,4,1,4,0,4,2026-06-16T10:40:57.767434
20,4,2,4,0,4,2026-06-16T10:40:59.176046
20,4,3,4,0,4,2026-06-16T10:41:00.574242
20,4,4,4,0,4,2026-06-16T10:41:02.415671
20,4,5,4,0,4,2026-06-16T10:41:03.401567
20,4,6,4,0,4,2026-06-16T10:41:05.609965
20,4,7,4,0,4,2026-06-16T10:41:07.420769
20,4,8,4,0,4,2026-06-16T10:41:08.641548
20,4,9,4,0,4,2026-06-16T10:41:10.044322
20,4,10,4,0,4,2026-06-16T10:41:11.255166
20,5,1,1,0,1,2026-06-16T10:41:13.244630
20,5,2,1,0,1,2026-06-16T10:41:14.418945
20,5,3,1,0,1,2026-06-16T10:41:15.616568
20,5,4,1,0,1,2026-06-16T10:41:16.814186
20,5,5,1,0,1,2026-06-16T10:41:18.202474
20,5,6,1,0,1,2026-06-16T10:41:19.820394
20,5,7,2,0,2,2026-06-16T10:41:20.816959
20,5,8,2,0,2,2026-06-16T10:41:21.863979
20,5,9,1,0,1,2026-06-16T10:41:23.068901
20,5,10,1,0,1,2026-06-16T10:41:24.467763
20,6,1,2,0,2,2026-06-16T10:41:34.909471
20,6,2,2,0,2,2026-06-16T10:41:36.899960
20,6,3,2,0,2,2026-06-16T10:41:38.115536
20,6,4,1,0,1,2026-06-16T10:41:38.909899
20,6,5,1,0,1,2026-06-16T10:41:40.516323
20,6,6,2,0,2,2026-06-16T10:41:42.100071
20,6,7,2,0,2,2026-06-16T10:41:42.959392
20,6,8,2,0,2,2026-06-16T10:41:44.543761
20,6,9,2,0,2,2026-06-16T10:41:46.347244
20,6,10,2,0,2,2026-06-16T10:41:47.770358
20,7,1,3,0,3,2026-06-16T10:41:49.177540
20,7,2,2,0,2,2026-06-16T10:41:50.994171
20,7,3,2,0,2,2026-06-16T10:41:53.708809
20,7,4,2,0,2,2026-06-16T10:41:55.513509
20,7,5,2,0,2,2026-06-16T10:41:56.702731
20,7,6,3,0,3,2026-06-16T10:41:57.889460
20,7,7,2,0,2,2026-06-16T10:42:00.769884
20,7,8,2,0,2,2026-06-16T10:42:01.763112
20,7,9,2,0,2,2026-06-16T10:42:03.964624
20,7,10,2,0,2,2026-06-16T10:42:05.754164
20,8,1,4,0,4,2026-06-16T10:42:06.543960
20,8,2,2,0,2,2026-06-16T10:42:08.151876
20,8,3,4,0,4,2026-06-16T10:42:09.792721
20,8,4,2,0,2,2026-06-16T10:42:11.200474
20,8,5,4,0,4,2026-06-16T10:42:12.993145
20,8,6,4,0,4,2026-06-16T10:42:14.615070
20,8,7,2,0,2,2026-06-16T10:42:15.816248
20,8,8,1,0,1,2026-06-16T10:42:17.403401
20,8,9,2,0,2,2026-06-16T10:42:19.416709
20,8,10,4,0,4,2026-06-16T10:42:21.415349
20,9,1,4,0,4,2026-06-16T10:42:23.188049
20,9,2,4,0,4,2026-06-16T10:42:24.793773
20,9,3,4,0,4,2026-06-16T10:42:25.787832
20,9,4,4,0,4,2026-06-16T10:42:27.202757
20,9,5,4,0,4,2026-06-16T10:42:28.303922
20,9,6,4,0,4,2026-06-16T10:42:30.328781
20,9,7,4,0,4,2026-06-16T10:42:32.132583
20,9,8,4,0,4,2026-06-16T10:42:33.940955
20,9,9,4,0,4,2026-06-16T10:42:35.943608
20,9,10,4,0,4,2026-06-16T10:42:37.124244
20,10,1,2,0,2,2026-06-16T10:42:38.523892
20,10,2,2,0,2,2026-06-16T10:42:39.519852
20,10,3,2,0,2,2026-06-16T10:42:41.543897
20,10,4,2,0,2,2026-06-16T10:42:42.742619
20,10,5,2,0,2,2026-06-16T10:42:44.349111
20,10,6,2,0,2,2026-06-16T10:42:46.134995
20,10,7,2,0,2,2026-06-16T10:42:47.345324
20,10,8,2,0,2,2026-06-16T10:42:48.963468
20,10,9,2,0,2,2026-06-16T10:42:50.565035
20,10,10,2,0,2,2026-06-16T10:42:52.179245
20,11,1,2,0,2,2026-06-16T10:42:53.996348
20,11,2,2,0,2,2026-06-16T10:42:56.073219
20,11,3,2,0,2,2026-06-16T10:42:58.277875
20,11,4,2,0,2,2026-06-16T10:43:00.945368
20,11,5,2,0,2,2026-06-16T10:43:02.346506
20,11,6,2,0,2,2026-06-16T10:43:04.124369
20,11,7,2,0,2,2026-06-16T10:43:05.730820
20,11,8,2,0,2,2026-06-16T10:43:07.321626
20,11,9,2,0,2,2026-06-16T10:43:09.122628
20,11,10,2,0,2,2026-06-16T10:43:10.541683
20,12,1,2,0,2,2026-06-16T10:43:12.155254
20,12,2,1,0,1,2026-06-16T10:43:13.960817
20,12,3,1,0,1,2026-06-16T10:43:15.770887
20,12,4,2,0,2,2026-06-16T10:43:17.178871
20,12,5,2,0,2,2026-06-16T10:43:28.730069
20,12,6,2,0,2,2026-06-16T10:43:30.140271
20,12,7,2,0,2,2026-06-16T10:43:31.154942
20,12,8,1,0,1,2026-06-16T10:43:32.144956
20,12,9,2,0,2,2026-06-16T10:43:35.395436
20,12,10,1,0,1,2026-06-16T10:43:36.804903
20,13,1,4,0,4,2026-06-16T10:43:38.423997
20,13,2,4,0,4,2026-06-16T10:43:39.222156
20,13,3,4,0,4,2026-06-16T10:43:40.022079
20,13,4,4,0,4,2026-06-16T10:43:41.620535
20,13,5,4,0,4,2026-06-16T10:43:42.837373
20,13,6,4,0,4,2026-06-16T10:43:44.057178
20,13,7,4,0,4,2026-06-16T10:43:45.658515
20,13,8,4,0,4,2026-06-16T10:43:47.454319
20,13,9,4,0,4,2026-06-16T10:43:49.731748
20,13,10,4,0,4,2026-06-16T10:43:51.981661
20,14,1,4,0,4,2026-06-16T10:43:53.620670
20,14,2,4,0,4,2026-06-16T10:43:55.624304
20,14,3,4,0,4,2026-06-16T10:43:57.243843
20,14,4,4,0,4,2026-06-16T10:43:58.949900
20,14,5,4,0,4,2026-06-16T10:43:59.947568
20,14,6,4,0,4,2026-06-16T10:44:01.962338
20,14,7,4,0,4,2026-06-16T10:44:03.593500
20,14,8,4,0,4,2026-06-16T10:44:05.603525
20,14,9,4,0,4,2026-06-16T10:44:06.625597
20,14,10,4,0,4,2026-06-16T10:44:07.425371
20,15,1,1,0,1,2026-06-16T10:44:09.438100
20,15,2,1,0,1,2026-06-16T10:44:10.645151
20,15,3,1,0,1,2026-06-16T10:44:12.231255
20,15,4,1,0,1,2026-06-16T10:44:14.510901
20,15,5,1,0,1,2026-06-16T10:44:26.033563
20,15,6,1,0,1,2026-06-16T10:44:27.651887
20,15,7,1,0,1,2026-06-16T10:44:29.464412
20,15,8,1,0,1,2026-06-16T10:44:30.666697
20,15,9,1,0,1,2026-06-16T10:44:32.043156
20,15,10,1,0,1,2026-06-16T10:44:33.657781
20,16,1,3,0,3,2026-06-16T10:44:35.268647
20,16,2,3,0,3,2026-06-16T10:44:37.075159
20,16,3,3,0,3,2026-06-16T10:44:38.079221
20,16,4,3,0,3,2026-06-16T10:44:39.110523
20,16,5,3,0,3,2026-06-16T10:44:41.114292
20,16,6,3,0,3,2026-06-16T10:44:42.512730
20,16,7,3,0,3,2026-06-16T10:44:44.309166
20,16,8,3,0,3,2026-06-16T10:44:45.308259
20,16,9,3,0,3,2026-06-16T10:44:47.306236
20,16,10,3,0,3,2026-06-16T10:44:48.715400
20,17,1,4,0,4,2026-06-16T10:44:49.907247
20,17,2,4,0,4,2026-06-16T10:44:52.816908
20,17,3,4,0,4,2026-06-16T10:44:54.826858
20,17,4,3,0,3,2026-06-16T10:44:55.830909
20,17,5,4,0,4,2026-06-16T10:44:56.833910
20,17,6,4,0,4,2026-06-16T10:44:58.472679
20,17,7,4,0,4,2026-06-16T10:45:00.142433
20,17,8,4,0,4,2026-06-16T10:45:01.946215
20,17,9,4,0,4,2026-06-16T10:45:04.172140
20,17,10,4,0,4,2026-06-16T10:45:05.776768
20,18,1,4,0,4,2026-06-16T10:45:07.394651
20,18,2,4,0,4,2026-06-16T10:45:09.001077
20,18,3,4,0,4,2026-06-16T10:45:10.212227
20,18,4,4,0,4,2026-06-16T10:45:11.820167
20,18,5,4,0,4,2026-06-16T10:45:13.418516
20,18,6,4,0,4,2026-06-16T10:45:15.410971
20,18,7,4,0,4,2026-06-16T10:45:17.079489
20,18,8,4,0,4,2026-06-16T10:45:18.088661
20,18,9,4,0,4,2026-06-16T10:45:19.082800
20,18,10,4,0,4,2026-06-16T10:45:21.116480
20,19,1,5,0,5,2026-06-16T10:45:22.923483
20,19,2,5,0,5,2026-06-16T10:45:33.389493
20,19,3,5,0,5,2026-06-16T10:45:34.781370
20,19,4,5,0,5,2026-06-16T10:45:36.384163
20,19,5,5,0,5,2026-06-16T10:45:38.384604
20,19,6,5,0,5,2026-06-16T10:45:39.775446
20,19,7,5,0,5,2026-06-16T10:45:41.572355
20,19,8,5,0,5,2026-06-16T10:45:42.973728
20,19,9,5,0,5,2026-06-16T10:45:43.975112
20,19,10,5,0,5,2026-06-16T10:45:45.582425
20,20,1,5,0,5,2026-06-16T10:45:46.981936
20,20,2,5,0,5,2026-06-16T10:45:48.173397
20,20,3,5,0,5,2026-06-16T10:45:49.592899
20,20,4,5,0,5,2026-06-16T10:45:51.191339
20,20,5,5,0,5,2026-06-16T10:45:52.816219
20,20,6,5,0,5,2026-06-16T10:45:53.829763
20,20,7,5,0,5,2026-06-16T10:45:55.229586
20,20,8,5,0,5,2026-06-16T10:45:56.833555
20,20,9,5,0,5,2026-06-16T10:45:57.826128
20,20,10,5,0,5,2026-06-16T10:45:59.418456
20,21,1,5,0,5,2026-06-16T10:46:00.815107
20,21,2,5,0,5,2026-06-16T10:46:02.628052
20,21,3,5,0,5,2026-06-16T10:46:04.439828
20,21,4,5,0,5,2026-06-16T10:46:06.249477
20,21,5,5,0,5,2026-06-16T10:46:07.261867
20,21,6,5,0,5,2026-06-16T10:46:08.649854
20,21,7,5,0,5,2026-06-16T10:46:10.852743
20,21,8,5,0,5,2026-06-16T10:46:12.452023
20,21,9,5,0,5,2026-06-16T10:46:13.834623
20,21,10,5,0,5,2026-06-16T10:46:15.432994
20,22,1,3,0,3,2026-06-16T10:46:18.317172
20,22,2,3,0,3,2026-06-16T10:46:20.326272
20,22,3,3,0,3,2026-06-16T10:46:21.932671
20,22,4,3,0,3,2026-06-16T10:46:23.744658
20,22,5,3,0,3,2026-06-16T10:46:25.947741
20,22,6,3,0,3,2026-06-16T10:46:27.560335
20,22,7,3,0,3,2026-06-16T10:46:29.576879
20,22,8,3,0,3,2026-06-16T10:46:30.578659
20,22,9,3,0,3,2026-06-16T10:46:32.182822
20,22,10,3,0,3,2026-06-16T10:46:34.004965
20,23,1,3,0,3,2026-06-16T10:46:35.826384
20,23,2,3,0,3,2026-06-16T10:46:37.639103
20,23,3,3,0,3,2026-06-16T10:46:39.654991
20,23,4,4,0,4,2026-06-16T10:46:41.465505
20,23,5,4,0,4,2026-06-16T10:46:43.062356
20,23,6,3,0,3,2026-06-16T10:46:45.069986
20,23,7,3,0,3,2026-06-16T10:46:46.665945
20,23,8,3,0,3,2026-06-16T10:46:48.267217
20,23,9,3,0,3,2026-06-16T10:46:49.858014
20,23,10,4,0,4,2026-06-16T10:46:51.266253
20,24,1,3,0,3,2026-06-16T10:46:52.469149
20,24,2,3,0,3,2026-06-16T10:46:54.069436
20,24,3,3,0,3,2026-06-16T10:46:56.067542
20,24,4,3,0,3,2026-06-16T10:46:57.236565
20,24,5,3,0,3,2026-06-16T10:46:58.233655
20,24,6,3,0,3,2026-06-16T10:46:59.643800
20,24,7,3,0,3,2026-06-16T10:47:11.105542
20,24,8,3,0,3,2026-06-16T10:47:13.201852
20,24,9,3,0,3,2026-06-16T10:47:14.207935
20,24,10,3,0,3,2026-06-16T10:47:15.405255
20,25,1,4,0,4,2026-06-16T10:47:17.610169
20,25,2,4,0,4,2026-06-16T10:47:19.010672
20,25,3,4,0,4,2026-06-16T10:47:19.815093
20,25,4,4,0,4,2026-06-16T10:47:21.017083
20,25,5,4,0,4,2026-06-16T10:47:22.614687
20,25,6,4,0,4,2026-06-16T10:47:24.826040
20,25,7,4,0,4,2026-06-16T10:47:27.233559
20,25,8,4,0,4,2026-06-16T10:47:29.426638
20,25,9,4,0,4,2026-06-16T10:47:31.043597
20,25,10,4,0,4,2026-06-16T10:47:32.865896
20,26,1,3,0,3,2026-06-16T10:47:34.271276
20,26,2,3,0,3,2026-06-16T10:47:36.079167
20,26,3,3,0,3,2026-06-16T10:47:37.876926
20,26,4,3,0,3,2026-06-16T10:47:39.276684
20,26,5,3,0,3,2026-06-16T10:47:41.480409
20,26,6,3,0,3,2026-06-16T10:47:43.287794
20,26,7,3,0,3,2026-06-16T10:47:44.279062
20,26,8,3,0,3,2026-06-16T10:47:45.490111
20,26,9,5,0,5,2026-06-16T10:47:47.287276
20,26,10,3,0,3,2026-06-16T10:47:48.885399
20,27,1,2,0,2,2026-06-16T10:47:57.613473
20,27,2,1,0,1,2026-06-16T10:47:59.410040
20,27,3,2,0,2,2026-06-16T10:48:01.022443
20,27,4,2,0,2,2026-06-16T10:48:02.624646
20,27,5,2,0,2,2026-06-16T10:48:04.239443
20,27,6,2,0,2,2026-06-16T10:48:05.854468
20,27,7,2,0,2,2026-06-16T10:48:07.263762
20,27,8,2,0,2,2026-06-16T10:48:08.472808
20,27,9,2,0,2,2026-06-16T10:48:10.872279
20,27,10,1,0,1,2026-06-16T10:48:12.278931
20,28,1,4,0,4,2026-06-16T10:48:13.722012
20,28,2,4,0,4,2026-06-16T10:48:15.544057
20,28,3,4,0,4,2026-06-16T10:48:17.357189
20,28,4,4,0,4,2026-06-16T10:48:18.346029
20,28,5,4,0,4,2026-06-16T10:48:19.747806
20,28,6,4,0,4,2026-06-16T10:48:21.760209
20,28,7,4,0,4,2026-06-16T10:48:23.360553
20,28,8,4,0,4,2026-06-16T10:48:25.161851
20,28,9,4,0,4,2026-06-16T10:48:36.636845
20,28,10,4,0,4,2026-06-16T10:48:38.634434
20,29,1,5,0,5,2026-06-16T10:48:39.644481
20,29,2,5,0,5,2026-06-16T10:48:40.652379
20,29,3,5,0,5,2026-06-16T10:48:42.266698
20,29,4,5,0,5,2026-06-16T10:48:44.489341
20,29,5,5,0,5,2026-06-16T10:48:45.977527
20,29,6,5,0,5,2026-06-16T10:48:48.389273
20,29,7,5,0,5,2026-06-16T10:48:49.606999
20,29,8,5,0,5,2026-06-16T10:48:51.214274
20,29,9,5,0,5,2026-06-16T10:48:52.020792
20,29,10,5,0,5,2026-06-16T10:48:53.428412
20,30,1,3,0,3,2026-06-16T10:48:55.227566
20,30,2,3,0,3,2026-06-16T10:48:56.223156
20,30,3,3,0,3,2026-06-16T10:48:57.829035
20,30,4,3,0,3,2026-06-16T10:49:00.108660
20,30,5,3,0,3,2026-06-16T10:49:01.110331
20,30,6,3,0,3,2026-06-16T10:49:02.916350
20,30,7,3,0,3,2026-06-16T10:49:04.729141
20,30,8,3,0,3,2026-06-16T10:49:06.942754
20,30,9,3,0,3,2026-06-16T10:49:07.934740
20,30,10,3,0,3,2026-06-16T10:49:09.535246
21,1,1,4,0,4,2026-06-16T10:49:11.145693
21,1,2,4,0,4,2026-06-16T10:49:12.182330
21,1,3,4,0,4,2026-06-16T10:49:13.188163
21,1,4,4,0,4,2026-06-16T10:49:15.385494
21,1,5,4,0,4,2026-06-16T10:49:17.603242
21,1,6,4,0,4,2026-06-16T10:49:19.666951
21,1,7,4,0,4,2026-06-16T10:49:21.685487
21,1,8,4,0,4,2026-06-16T10:49:23.077969
21,1,9,4,0,4,2026-06-16T10:49:24.789507
21,1,10,4,0,4,2026-06-16T10:49:26.385022
21,2,1,4,0,4,2026-06-16T10:49:27.379014
21,2,2,4,0,4,2026-06-16T10:49:29.169618
21,2,3,4,0,4,2026-06-16T10:49:30.971670
21,2,4,4,0,4,2026-06-16T10:49:32.160666
21,2,5,4,0,4,2026-06-16T10:49:33.377418
21,2,6,4,0,4,2026-06-16T10:49:34.824101
21,2,7,4,0,4,2026-06-16T10:49:35.824070
21,2,8,4,0,4,2026-06-16T10:49:37.219806
21,2,9,4,0,4,2026-06-16T10:49:39.023064
21,2,10,4,0,4,2026-06-16T10:49:40.417863
21,3,1,3,0,3,2026-06-16T10:49:41.812461
21,3,2,3,0,3,2026-06-16T10:49:43.218615
21,3,3,3,0,3,2026-06-16T10:49:45.614271
21,3,4,3,0,3,2026-06-16T10:49:47.220858
21,3,5,3,0,3,2026-06-16T10:49:48.627498
21,3,6,3,0,3,2026-06-16T10:49:49.825126
21,3,7,3,0,3,2026-06-16T10:49:52.958825
21,3,8,3,0,3,2026-06-16T10:49:54.997819
21,3,9,3,0,3,2026-06-16T10:49:56.194841
21,3,10,3,0,3,2026-06-16T10:49:57.772832
21,4,1,2,0,2,2026-06-16T10:49:58.774473
21,4,2,2,0,2,2026-06-16T10:49:59.964839
21,4,3,2,0,2,2026-06-16T10:50:00.959780
21,4,4,2,0,2,2026-06-16T10:50:02.777751
21,4,5,2,0,2,2026-06-16T10:50:03.968970
21,4,6,2,0,2,2026-06-16T10:50:05.577265
21,4,7,2,0,2,2026-06-16T10:50:06.589557
21,4,8,2,0,2,2026-06-16T10:50:07.992793
21,4,9,2,0,2,2026-06-16T10:50:10.411938
21,4,10,2,0,2,2026-06-16T10:50:22.929212
21,5,1,2,0,2,2026-06-16T10:50:24.943274
21,5,2,2,0,2,2026-06-16T10:50:26.131534
21,5,3,2,0,2,2026-06-16T10:50:27.522458
21,5,4,2,0,2,2026-06-16T10:50:28.511596
21,5,5,2,0,2,2026-06-16T10:50:30.304522
21,5,6,2,0,2,2026-06-16T10:50:31.505035
21,5,7,2,0,2,2026-06-16T10:50:32.494824
21,5,8,2,0,2,2026-06-16T10:50:34.292936
21,5,9,2,0,2,2026-06-16T10:50:35.694840
21,5,10,2,0,2,2026-06-16T10:50:36.492662
21,6,1,5,0,5,2026-06-16T10:50:38.510664
21,6,2,5,0,5,2026-06-16T10:50:39.945155
21,6,3,5,0,5,2026-06-16T10:50:41.754926
21,6,4,5,0,5,2026-06-16T10:50:43.555979
21,6,5,5,0,5,2026-06-16T10:50:45.350694
21,6,6,5,0,5,2026-06-16T10:50:47.425722
21,6,7,5,0,5,2026-06-16T10:50:48.435967
21,6,8,5,0,5,2026-06-16T10:50:49.844510
21,6,9,5,0,5,2026-06-16T10:50:51.254012
21,6,10,5,0,5,2026-06-16T10:50:52.244028
21,7,1,5,0,5,2026-06-16T10:50:53.850481
21,7,2,5,0,5,2026-06-16T10:50:55.669989
21,7,3,5,0,5,2026-06-16T10:50:57.894478
21,7,4,5,0,5,2026-06-16T10:50:59.700415
21,7,5,5,0,5,2026-06-16T10:51:00.900657
21,7,6,5,0,5,2026-06-16T10:51:02.100904
21,7,7,4,0,4,2026-06-16T10:51:03.399355
21,7,8,5,0,5,2026-06-16T10:51:04.603234
21,7,9,5,0,5,2026-06-16T10:51:06.820199
21,7,10,5,0,5,2026-06-16T10:51:08.626016
21,8,1,3,0,3,2026-06-16T10:51:10.026495
21,8,2,3,0,3,2026-06-16T10:51:11.232541
21,8,3,3,0,3,2026-06-16T10:51:12.023466
21,8,4,3,0,3,2026-06-16T10:51:13.815617
21,8,5,4,0,4,2026-06-16T10:51:16.033468
21,8,6,4,0,4,2026-06-16T10:51:17.634292
21,8,7,3,0,3,2026-06-16T10:51:19.642071
21,8,8,3,0,3,2026-06-16T10:51:20.636220
21,8,9,4,0,4,2026-06-16T10:51:22.251478
21,8,10,3,0,3,2026-06-16T10:51:23.446862
21,9,1,2,0,2,2026-06-16T10:51:24.659588
21,9,2,3,0,3,2026-06-16T10:51:25.661923
21,9,3,3,0,3,2026-06-16T10:51:27.566291
21,9,4,2,0,2,2026-06-16T10:51:29.186690
21,9,5,2,0,2,2026-06-16T10:51:30.780497
21,9,6,2,0,2,2026-06-16T10:51:32.589139
21,9,7,2,0,2,2026-06-16T10:51:34.205043
21,9,8,2,0,2,2026-06-16T10:51:35.202120
21,9,9,2,0,2,2026-06-16T10:51:36.399488
21,9,10,2,0,2,2026-06-16T10:51:38.397630
21,10,1,2,0,2,2026-06-16T10:51:39.600215
21,10,2,2,0,2,2026-06-16T10:51:40.793460
21,10,3,2,0,2,2026-06-16T10:51:42.619330
21,10,4,2,0,2,2026-06-16T10:51:43.799778
21,10,5,2,0,2,2026-06-16T10:51:45.610864
21,10,6,2,0,2,2026-06-16T10:51:47.008350
21,10,7,2,0,2,2026-06-16T10:51:48.198737
21,10,8,2,0,2,2026-06-16T10:51:50.009452
21,10,9,2,0,2,2026-06-16T10:51:52.230430
21,10,10,2,0,2,2026-06-16T10:51:54.034235
21,11,1,5,0,5,2026-06-16T10:51:55.931862
21,11,2,5,0,5,2026-06-16T10:51:57.342127
21,11,3,5,0,5,2026-06-16T10:51:59.128261
21,11,4,5,0,5,2026-06-16T10:52:01.331839
21,11,5,5,0,5,2026-06-16T10:52:02.383110
21,11,6,5,0,5,2026-06-16T10:52:03.612114
21,11,7,5,0,5,2026-06-16T10:52:04.399617
21,11,8,5,0,5,2026-06-16T10:52:06.004418
21,11,9,5,0,5,2026-06-16T10:52:06.800644
21,11,10,5,0,5,2026-06-16T10:52:08.202479
21,12,1,5,0,5,2026-06-16T10:52:10.213907
21,12,2,5,0,5,2026-06-16T10:52:12.222795
21,12,3,5,0,5,2026-06-16T10:52:13.206252
21,12,4,5,0,5,2026-06-16T10:52:14.828823
21,12,5,5,0,5,2026-06-16T10:52:16.693867
21,12,6,5,0,5,2026-06-16T10:52:17.499599
21,12,7,5,0,5,2026-06-16T10:52:19.699021
21,12,8,5,0,5,2026-06-16T10:52:20.887113
21,12,9,5,0,5,2026-06-16T10:52:23.092957
21,12,10,5,0,5,2026-06-16T10:52:24.313588
21,13,1,3,0,3,2026-06-16T10:52:26.119592
21,13,2,3,0,3,2026-06-16T10:52:27.320682
21,13,3,3,0,3,2026-06-16T10:52:29.419119
21,13,4,3,0,3,2026-06-16T10:52:31.013370
21,13,5,3,0,3,2026-06-16T10:52:32.004697
21,13,6,4,0,4,2026-06-16T10:52:34.211368
21,13,7,3,0,3,2026-06-16T10:52:35.826796
21,13,8,4,0,4,2026-06-16T10:52:37.712296
21,13,9,3,0,3,2026-06-16T10:52:39.113538
21,13,10,4,0,4,2026-06-16T10:52:41.135343
21,14,1,3,0,3,2026-06-16T10:52:42.344995
21,14,2,3,0,3,2026-06-16T10:52:43.341298
21,14,3,3,0,3,2026-06-16T10:52:45.340568
21,14,4,3,0,3,2026-06-16T10:52:47.292969
21,14,5,3,0,3,2026-06-16T10:52:48.899384
21,14,6,3,0,3,2026-06-16T10:52:50.086246
21,14,7,3,0,3,2026-06-16T10:52:52.104274
21,14,8,3,0,3,2026-06-16T10:52:54.509376
21,14,9,3,0,3,2026-06-16T10:52:56.101932
21,14,10,3,0,3,2026-06-16T10:52:57.512440
21,15,1,2,0,2,2026-06-16T10:52:58.533454
21,15,2,2,0,2,2026-06-16T10:53:00.332805
21,15,3,2,0,2,2026-06-16T10:53:01.336499
21,15,4,2,0,2,2026-06-16T10:53:03.336400
21,15,5,2,0,2,2026-06-16T10:53:04.733348
21,15,6,2,0,2,2026-06-16T10:53:05.735262
21,15,7,2,0,2,2026-06-16T10:53:07.739600
21,15,8,2,0,2,2026-06-16T10:53:08.541629
21,15,9,2,0,2,2026-06-16T10:53:10.549611
21,15,10,2,0,2,2026-06-16T10:53:12.149497
21,16,1,5,0,5,2026-06-16T10:53:13.759686
21,16,2,5,0,5,2026-06-16T10:53:14.750853
21,16,3,5,0,5,2026-06-16T10:53:15.555671
21,16,4,5,0,5,2026-06-16T10:53:17.552704
21,16,5,5,0,5,2026-06-16T10:53:19.153270
21,16,6,5,0,5,2026-06-16T10:53:21.163090
21,16,7,5,0,5,2026-06-16T10:53:22.567716
21,16,8,5,0,5,2026-06-16T10:53:24.783425
21,16,9,5,0,5,2026-06-16T10:53:26.201115
21,16,10,5,0,5,2026-06-16T10:53:28.207880
21,17,1,5,0,5,2026-06-16T10:53:30.027403
21,17,2,5,0,5,2026-06-16T10:53:31.437005
21,17,3,5,0,5,2026-06-16T10:53:32.441494
21,17,4,5,0,5,2026-06-16T10:53:34.649030
21,17,5,5,0,5,2026-06-16T10:53:36.056563
21,17,6,5,0,5,2026-06-16T10:53:37.455138
21,17,7,5,0,5,2026-06-16T10:53:39.061443
21,17,8,5,0,5,2026-06-16T10:53:40.860096
21,17,9,5,0,5,2026-06-16T10:53:42.274850
21,17,10,5,0,5,2026-06-16T10:53:43.671993
21,18,1,3,0,3,2026-06-16T10:53:45.063417
21,18,2,3,0,3,2026-06-16T10:53:47.492211
21,18,3,3,0,3,2026-06-16T10:53:48.685727
21,18,4,3,0,3,2026-06-16T10:53:51.081049
21,18,5,3,0,3,2026-06-16T10:53:53.285657
21,18,6,3,0,3,2026-06-16T10:53:54.483216
21,18,7,3,0,3,2026-06-16T10:53:55.536757
21,18,8,3,0,3,2026-06-16T10:53:57.552245
21,18,9,3,0,3,2026-06-16T10:53:59.141154
21,18,10,3,0,3,2026-06-16T10:54:00.541250
21,19,1,4,0,4,2026-06-16T10:54:02.363953
21,19,2,4,0,4,2026-06-16T10:54:04.361554
21,19,3,4,0,4,2026-06-16T10:54:05.962802
21,19,4,4,0,4,2026-06-16T10:54:07.771251
21,19,5,4,0,4,2026-06-16T10:54:09.167615
21,19,6,4,0,4,2026-06-16T10:54:11.204357
21,19,7,4,0,4,2026-06-16T10:54:12.197152
21,19,8,4,0,4,2026-06-16T10:54:13.204983
21,19,9,4,0,4,2026-06-16T10:54:14.799143
21,19,10,4,0,4,2026-06-16T10:54:16.201518
21,20,1,4,0,4,2026-06-16T10:54:18.414646
21,20,2,4,0,4,2026-06-16T10:54:20.014257
21,20,3,4,0,4,2026-06-16T10:54:21.620409
21,20,4,4,0,4,2026-06-16T10:54:23.013480
21,20,5,4,0,4,2026-06-16T10:54:24.605977
21,20,6,4,0,4,2026-06-16T10:54:26.023586
21,20,7,4,0,4,2026-06-16T10:54:27.841754
21,20,8,4,0,4,2026-06-16T10:54:28.851759
21,20,9,4,0,4,2026-06-16T10:54:30.268526
21,20,10,4,0,4,2026-06-16T10:54:31.585046
21,21,1,5,0,5,2026-06-16T10:54:32.997183
21,21,2,5,0,5,2026-06-16T10:54:35.012291
21,21,3,5,0,5,2026-06-16T10:54:36.009641
21,21,4,5,0,5,2026-06-16T10:54:37.805608
21,21,5,5,0,5,2026-06-16T10:54:39.212382
21,21,6,5,0,5,2026-06-16T10:54:41.006908
21,21,7,5,0,5,2026-06-16T10:54:42.404050
21,21,8,5,0,5,2026-06-16T10:54:44.415866
21,21,9,5,0,5,2026-06-16T10:54:46.030449
21,21,10,5,0,5,2026-06-16T10:54:47.835552
21,22,1,5,0,5,2026-06-16T10:54:48.824267
21,22,2,5,0,5,2026-06-16T10:54:50.404400
21,22,3,5,0,5,2026-06-16T10:54:52.062736
21,22,4,5,0,5,2026-06-16T10:54:54.073903
21,22,5,5,0,5,2026-06-16T10:54:55.545120
21,22,6,5,0,5,2026-06-16T10:54:56.746098
21,22,7,5,0,5,2026-06-16T10:54:57.947658
21,22,8,5,0,5,2026-06-16T10:54:59.845649
21,22,9,5,0,5,2026-06-16T10:55:01.696803
21,22,10,5,0,5,2026-06-16T10:55:03.109906
21,23,1,3,0,3,2026-06-16T10:55:04.721087
21,23,2,3,0,3,2026-06-16T10:55:05.987190
21,23,3,3,0,3,2026-06-16T10:55:08.009953
21,23,4,3,0,3,2026-06-16T10:55:09.016150
21,23,5,3,0,3,2026-06-16T10:55:10.828252
21,23,6,3,0,3,2026-06-16T10:55:12.245282
21,23,7,4,0,4,2026-06-16T10:55:13.659862
21,23,8,3,0,3,2026-06-16T10:55:14.852222
21,23,9,3,0,3,2026-06-16T10:55:16.862523
21,23,10,4,0,4,2026-06-16T10:55:17.887564
21,24,1,2,0,2,2026-06-16T10:55:18.902295
21,24,2,2,0,2,2026-06-16T10:55:20.505635
21,24,3,2,0,2,2026-06-16T10:55:22.124312
21,24,4,2,0,2,2026-06-16T10:55:23.331998
21,24,5,2,0,2,2026-06-16T10:55:24.935404
21,24,6,2,0,2,2026-06-16T10:55:26.140582
21,24,7,2,0,2,2026-06-16T10:55:27.743159
21,24,8,2,0,2,2026-06-16T10:55:28.755469
21,24,9,2,0,2,2026-06-16T10:55:30.364660
21,24,10,2,0,2,2026-06-16T10:55:31.968206
21,25,1,2,0,2,2026-06-16T10:55:33.173004
21,25,2,2,0,2,2026-06-16T10:55:34.373666
21,25,3,2,0,2,2026-06-16T10:55:35.174414
21,25,4,2,0,2,2026-06-16T10:55:36.777534
21,25,5,2,0,2,2026-06-16T10:55:38.180170
21,25,6,2,0,2,2026-06-16T10:55:40.399383
21,25,7,2,0,2,2026-06-16T10:55:41.590489
21,25,8,2,0,2,2026-06-16T10:55:43.195415
21,25,9,2,0,2,2026-06-16T10:55:44.989452
21,25,10,2,0,2,2026-06-16T10:55:46.631310
21,26,1,3,0,3,2026-06-16T10:55:48.233466
21,26,2,3,0,3,2026-06-16T10:55:49.252779
21,26,3,3,0,3,2026-06-16T10:55:51.080641
21,26,4,3,0,3,2026-06-16T10:55:52.283868
21,26,5,3,0,3,2026-06-16T10:55:53.914622
21,26,6,3,0,3,2026-06-16T10:55:55.520445
21,26,7,3,0,3,2026-06-16T10:55:56.732671
21,26,8,3,0,3,2026-06-16T10:55:58.010112
21,26,9,3,0,3,2026-06-16T10:55:59.646617
21,26,10,3,0,3,2026-06-16T10:56:01.040370
21,27,1,4,0,4,2026-06-16T10:56:02.105243
21,27,2,4,0,4,2026-06-16T10:56:03.517169
21,27,3,4,0,4,2026-06-16T10:56:05.122595
21,27,4,4,0,4,2026-06-16T10:56:06.737246
21,27,5,4,0,4,2026-06-16T10:56:08.128867
21,27,6,4,0,4,2026-06-16T10:56:09.323318
21,27,7,4,0,4,2026-06-16T10:56:11.515152
21,27,8,4,0,4,2026-06-16T10:56:12.713916
21,27,9,4,0,4,2026-06-16T10:56:14.713601
21,27,10,4,0,4,2026-06-16T10:56:16.334357
21,28,1,3,0,3,2026-06-16T10:56:17.519466
21,28,2,3,0,3,2026-06-16T10:56:18.923799
21,28,3,3,0,3,2026-06-16T10:56:20.538262
21,28,4,3,0,3,2026-06-16T10:56:21.560886
21,28,5,3,0,3,2026-06-16T10:56:23.166344
21,28,6,3,0,3,2026-06-16T10:56:24.383452
21,28,7,3,0,3,2026-06-16T10:56:25.175549
21,28,8,3,0,3,2026-06-16T10:56:26.576038
21,28,9,3,0,3,2026-06-16T10:56:28.173901
21,28,10,3,0,3,2026-06-16T10:56:29.162670
21,29,1,4,0,4,2026-06-16T10:56:31.164489
21,29,2,3,0,3,2026-06-16T10:56:33.165176
21,29,3,3,0,3,2026-06-16T10:56:34.360059
21,29,4,3,0,3,2026-06-16T10:56:37.247720
21,29,5,3,0,3,2026-06-16T10:56:38.647607
21,29,6,3,0,3,2026-06-16T10:56:40.261943
21,29,7,3,0,3,2026-06-16T10:56:41.451311
21,29,8,3,0,3,2026-06-16T10:56:42.662041
21,29,9,3,0,3,2026-06-16T10:56:43.866267
21,29,10,3,0,3,2026-06-16T10:56:44.911498
21,30,1,3,0,3,2026-06-16T10:56:46.508776
21,30,2,3,0,3,2026-06-16T10:56:47.713433
21,30,3,3,0,3,2026-06-16T10:56:49.144893
21,30,4,3,0,3,2026-06-16T10:56:50.757268
21,30,5,3,0,3,2026-06-16T10:56:52.370303
21,30,6,3,0,3,2026-06-16T10:56:54.162897
21,30,7,3,0,3,2026-06-16T10:56:55.558938
21,30,8,3,0,3,2026-06-16T10:56:57.157701
21,30,9,3,0,3,2026-06-16T10:56:58.363039
21,30,10,3,0,3,2026-06-16T10:56:59.570878
22,1,1,4,0,4,2026-06-16T10:57:01.792764
22,1,2,4,0,4,2026-06-16T10:57:04.671724
22,1,3,4,0,4,2026-06-16T10:57:06.074867
22,1,4,4,0,4,2026-06-16T10:57:06.879226
22,1,5,4,0,4,2026-06-16T10:57:08.185768
22,1,6,4,0,4,2026-06-16T10:57:09.784389
22,1,7,4,0,4,2026-06-16T10:57:10.817355
22,1,8,4,0,4,2026-06-16T10:57:12.606702
22,1,9,4,0,4,2026-06-16T10:57:13.599571
22,1,10,4,0,4,2026-06-16T10:57:14.606914
22,2,1,5,0,5,2026-06-16T10:57:15.835464
22,2,2,5,0,5,2026-06-16T10:57:16.831347
22,2,3,5,0,5,2026-06-16T10:57:18.260943
22,2,4,5,0,5,2026-06-16T10:57:19.472245
22,2,5,5,0,5,2026-06-16T10:57:21.057976
22,2,6,5,0,5,2026-06-16T10:57:22.657146
22,2,7,5,0,5,2026-06-16T10:57:24.064035
22,2,8,4,0,4,2026-06-16T10:57:25.460392
22,2,9,4,0,4,2026-06-16T10:57:26.876808
22,2,10,5,0,5,2026-06-16T10:57:29.108070
22,3,1,2,0,2,2026-06-16T10:57:31.301415
22,3,2,2,0,2,2026-06-16T10:57:32.719066
22,3,3,2,0,2,2026-06-16T10:57:33.916459
22,3,4,2,0,2,2026-06-16T10:57:35.725193
22,3,5,2,0,2,2026-06-16T10:57:37.323493
22,3,6,2,0,2,2026-06-16T10:57:38.933314
22,3,7,2,0,2,2026-06-16T10:57:40.541981
22,3,8,2,0,2,2026-06-16T10:57:42.048360
22,3,9,2,0,2,2026-06-16T10:57:43.444510
22,3,10,2,0,2,2026-06-16T10:57:45.046530
22,4,1,2,0,2,2026-06-16T10:57:46.857928
22,4,2,2,0,2,2026-06-16T10:57:48.456990
22,4,3,2,0,2,2026-06-16T10:57:49.651715
22,4,4,2,0,2,2026-06-16T10:57:51.267310
22,4,5,2,0,2,2026-06-16T10:57:52.084622
22,4,6,2,0,2,2026-06-16T10:57:53.108437
22,4,7,2,0,2,2026-06-16T10:57:54.105821
22,4,8,2,0,2,2026-06-16T10:57:55.715308
22,4,9,2,0,2,2026-06-16T10:57:57.327872
22,4,10,2,0,2,2026-06-16T10:57:59.740947
22,5,1,2,0,2,2026-06-16T10:58:02.379529
22,5,2,2,0,2,2026-06-16T10:58:03.389032
22,5,3,2,0,2,2026-06-16T10:58:05.200865
22,5,4,2,0,2,2026-06-16T10:58:06.408996
22,5,5,2,0,2,2026-06-16T10:58:07.405665
22,5,6,2,0,2,2026-06-16T10:58:09.001796
22,5,7,2,0,2,2026-06-16T10:58:10.001358
22,5,8,2,0,2,2026-06-16T10:58:11.813826
22,5,9,2,0,2,2026-06-16T10:58:13.488239
22,5,10,2,0,2,2026-06-16T10:58:14.475892
22,6,1,5,0,5,2026-06-16T10:58:15.891811
22,6,2,5,0,5,2026-06-16T10:58:17.507190
22,6,3,5,0,5,2026-06-16T10:58:18.711361
22,6,4,5,0,5,2026-06-16T10:58:20.514889
22,6,5,5,0,5,2026-06-16T10:58:21.911673
22,6,6,5,0,5,2026-06-16T10:58:23.126867
22,6,7,5,0,5,2026-06-16T10:58:25.111154
22,6,8,5,0,5,2026-06-16T10:58:26.800006
22,6,9,5,0,5,2026-06-16T10:58:29.020172
22,6,10,5,0,5,2026-06-16T10:58:30.829596
22,7,1,5,0,5,2026-06-16T10:58:32.653880
22,7,2,5,0,5,2026-06-16T10:58:34.889524
22,7,3,5,0,5,2026-06-16T10:58:36.721258
22,7,4,5,0,5,2026-06-16T10:58:37.725336
22,7,5,5,0,5,2026-06-16T10:58:39.350924
22,7,6,5,0,5,2026-06-16T10:58:40.626078
22,7,7,5,0,5,2026-06-16T10:58:41.817097
22,7,8,5,0,5,2026-06-16T10:58:42.824215
22,7,9,5,0,5,2026-06-16T10:58:44.631903
22,7,10,5,0,5,2026-06-16T10:58:45.844638
22,8,1,4,0,4,2026-06-16T10:58:47.047118
22,8,2,4,0,4,2026-06-16T10:58:48.448956
22,8,3,4,0,4,2026-06-16T10:58:50.230018
22,8,4,4,0,4,2026-06-16T10:58:51.684128
22,8,5,4,0,4,2026-06-16T10:58:53.286360
22,8,6,4,0,4,2026-06-16T10:58:54.489798
22,8,7,4,0,4,2026-06-16T10:58:55.897874
22,8,8,4,0,4,2026-06-16T10:58:57.498707
22,8,9,4,0,4,2026-06-16T10:58:59.307328
22,8,10,4,0,4,2026-06-16T10:59:00.922363
22,9,1,2,0,2,2026-06-16T10:59:02.533984
22,9,2,2,0,2,2026-06-16T10:59:03.728717
22,9,3,2,0,2,2026-06-16T10:59:05.135686
22,9,4,2,0,2,2026-06-16T10:59:06.129903
22,9,5,2,0,2,2026-06-16T10:59:07.736334
22,9,6,2,0,2,2026-06-16T10:59:09.335174
22,9,7,2,0,2,2026-06-16T10:59:10.732505
22,9,8,2,0,2,2026-06-16T10:59:11.737544
22,9,9,2,0,2,2026-06-16T10:59:13.130655
22,9,10,2,0,2,2026-06-16T10:59:14.728550
22,10,1,2,0,2,2026-06-16T10:59:16.318930
22,10,2,2,0,2,2026-06-16T10:59:17.311742
22,10,3,2,0,2,2026-06-16T10:59:18.935564
22,10,4,2,0,2,2026-06-16T10:59:20.132172
22,10,5,2,0,2,2026-06-16T10:59:21.907798
22,10,6,2,0,2,2026-06-16T10:59:23.918339
22,10,7,2,0,2,2026-06-16T10:59:25.123812
22,10,8,2,0,2,2026-06-16T10:59:26.926343
22,10,9,2,0,2,2026-06-16T10:59:28.723823
22,10,10,2,0,2,2026-06-16T10:59:30.493137
22,11,1,5,0,5,2026-06-16T10:59:31.881223
22,11,2,5,0,5,2026-06-16T10:59:33.076171
22,11,3,5,0,5,2026-06-16T10:59:34.701644
22,11,4,5,0,5,2026-06-16T10:59:35.694371
22,11,5,5,0,5,2026-06-16T10:59:36.916681
22,11,6,5,0,5,2026-06-16T10:59:38.928399
22,11,7,5,0,5,2026-06-16T10:59:40.311503
22,11,8,5,0,5,2026-06-16T10:59:41.519107
22,11,9,5,0,5,2026-06-16T10:59:43.129213
22,11,10,5,0,5,2026-06-16T10:59:44.828421
22,12,1,5,0,5,2026-06-16T10:59:45.853191
22,12,2,5,0,5,2026-06-16T10:59:47.664899
22,12,3,5,0,5,2026-06-16T10:59:48.666245
22,12,4,5,0,5,2026-06-16T10:59:51.545200
22,12,5,5,0,5,2026-06-16T10:59:53.760848
22,12,6,5,0,5,2026-06-16T10:59:54.953215
22,12,7,5,0,5,2026-06-16T10:59:56.353328
22,12,8,5,0,5,2026-06-16T10:59:57.345059
22,12,9,5,0,5,2026-06-16T10:59:58.346335
22,12,10,5,0,5,2026-06-16T10:59:59.757972
22,13,1,3,0,3,2026-06-16T11:00:01.152481
22,13,2,3,0,3,2026-06-16T11:00:01.947315
22,13,3,3,0,3,2026-06-16T11:00:03.758005
22,13,4,3,0,3,2026-06-16T11:00:05.562052
22,13,5,3,0,3,2026-06-16T11:00:07.381380
22,13,6,3,0,3,2026-06-16T11:00:08.385282
22,13,7,3,0,3,2026-06-16T11:00:09.986854
22,13,8,3,0,3,2026-06-16T11:00:11.795385
22,13,9,3,0,3,2026-06-16T11:00:12.995726
22,13,10,3,0,3,2026-06-16T11:00:13.993030
22,14,1,4,0,4,2026-06-16T11:00:15.597916
22,14,2,4,0,4,2026-06-16T11:00:16.780196
22,14,3,4,0,4,2026-06-16T11:00:18.153861
22,14,4,4,0,4,2026-06-16T11:00:21.077999
22,14,5,4,0,4,2026-06-16T11:00:22.922724
22,14,6,4,0,4,2026-06-16T11:00:23.938141
22,14,7,4,0,4,2026-06-16T11:00:25.533390
22,14,8,4,0,4,2026-06-16T11:00:26.748493
22,14,9,4,0,4,2026-06-16T11:00:28.538340
22,14,10,4,0,4,2026-06-16T11:00:29.740490
22,15,1,2,0,2,2026-06-16T11:00:31.519977
22,15,2,2,0,2,2026-06-16T11:00:32.677526
22,15,3,2,0,2,2026-06-16T11:00:34.301505
22,15,4,2,0,2,2026-06-16T11:00:36.112225
22,15,5,2,0,2,2026-06-16T11:00:37.712784
22,15,6,2,0,2,2026-06-16T11:00:39.307753
22,15,7,2,0,2,2026-06-16T11:00:40.674831
22,15,8,2,0,2,2026-06-16T11:00:42.080888
22,15,9,2,0,2,2026-06-16T11:00:43.879467
22,15,10,3,0,3,2026-06-16T11:00:45.706739
22,16,1,5,0,5,2026-06-16T11:00:48.613558
22,16,2,4,0,4,2026-06-16T11:00:51.027180
22,16,3,5,0,5,2026-06-16T11:00:52.038269
22,16,4,5,0,5,2026-06-16T11:00:53.650868
22,16,5,5,0,5,2026-06-16T11:00:55.452500
22,16,6,5,0,5,2026-06-16T11:00:56.663911
22,16,7,5,0,5,2026-06-16T11:00:58.260155
22,16,8,4,0,4,2026-06-16T11:00:59.280900
22,16,9,5,0,5,2026-06-16T11:01:01.271466
22,16,10,4,0,4,2026-06-16T11:01:02.478568
22,17,1,5,0,5,2026-06-16T11:01:03.675093
22,17,2,5,0,5,2026-06-16T11:01:05.074376
22,17,3,5,0,5,2026-06-16T11:01:06.284775
22,17,4,5,0,5,2026-06-16T11:01:07.284963
22,17,5,5,0,5,2026-06-16T11:01:09.088721
22,17,6,5,0,5,2026-06-16T11:01:09.855679
22,17,7,5,0,5,2026-06-16T11:01:11.507284
22,17,8,5,0,5,2026-06-16T11:01:13.515742
22,17,9,5,0,5,2026-06-16T11:01:15.533192
22,17,10,5,0,5,2026-06-16T11:01:16.532613
22,18,1,4,0,4,2026-06-16T11:01:18.351321
22,18,2,4,0,4,2026-06-16T11:01:20.153875
22,18,3,4,0,4,2026-06-16T11:01:21.364010
22,18,4,4,0,4,2026-06-16T11:01:22.586947
22,18,5,4,0,4,2026-06-16T11:01:24.189188
22,18,6,4,0,4,2026-06-16T11:01:25.397171
22,18,7,4,0,4,2026-06-16T11:01:26.600548
22,18,8,4,0,4,2026-06-16T11:01:28.200550
22,18,9,4,0,4,2026-06-16T11:01:29.393235
22,18,10,4,0,4,2026-06-16T11:01:31.188435
22,19,1,4,0,4,2026-06-16T11:01:32.179679
22,19,2,4,0,4,2026-06-16T11:01:33.377820
22,19,3,4,0,4,2026-06-16T11:01:34.971765
22,19,4,4,0,4,2026-06-16T11:01:36.374390
22,19,5,4,0,4,2026-06-16T11:01:37.972235
22,19,6,4,0,4,2026-06-16T11:01:39.482530
22,19,7,4,0,4,2026-06-16T11:01:41.696323
22,19,8,4,0,4,2026-06-16T11:01:43.529371
22,19,9,4,0,4,2026-06-16T11:01:44.727648
22,19,10,4,0,4,2026-06-16T11:01:45.521507
22,20,1,4,0,4,2026-06-16T11:01:46.695610
22,20,2,4,0,4,2026-06-16T11:01:47.889153
22,20,3,4,0,4,2026-06-16T11:01:49.296132
22,20,4,4,0,4,2026-06-16T11:01:53.888403
22,20,5,4,0,4,2026-06-16T11:01:55.764255
22,20,6,4,0,4,2026-06-16T11:01:57.162746
22,20,7,4,0,4,2026-06-16T11:01:58.780231
22,20,8,4,0,4,2026-06-16T11:01:59.788546
22,20,9,4,0,4,2026-06-16T11:02:01.800892
22,20,10,4,0,4,2026-06-16T11:02:03.405908
22,21,1,5,0,5,2026-06-16T11:02:04.208551
22,21,2,5,0,5,2026-06-16T11:02:05.005752
22,21,3,5,0,5,2026-06-16T11:02:06.825714
22,21,4,5,0,5,2026-06-16T11:02:09.949446
22,21,5,5,0,5,2026-06-16T11:02:14.108102
22,21,6,5,0,5,2026-06-16T11:02:15.704078
22,21,7,5,0,5,2026-06-16T11:02:17.309640
22,21,8,5,0,5,2026-06-16T11:02:19.932620
22,21,9,5,0,5,2026-06-16T11:02:22.570961
22,21,10,5,0,5,2026-06-16T11:02:23.576463
22,22,1,5,0,5,2026-06-16T11:02:24.779532
22,22,2,5,0,5,2026-06-16T11:02:26.592932
22,22,3,5,0,5,2026-06-16T11:02:28.398845
22,22,4,5,0,5,2026-06-16T11:02:29.659394
22,22,5,5,0,5,2026-06-16T11:02:30.450191
22,22,6,5,0,5,2026-06-16T11:02:32.255836
22,22,7,5,0,5,2026-06-16T11:02:33.256056
22,22,8,5,0,5,2026-06-16T11:02:34.874186
22,22,9,5,0,5,2026-06-16T11:02:36.915850
22,22,10,5,0,5,2026-06-16T11:02:38.333990
22,23,1,3,0,3,2026-06-16T11:02:39.753776
22,23,2,3,0,3,2026-06-16T11:02:40.613473
22,23,3,3,0,3,2026-06-16T11:02:42.242182
22,23,4,3,0,3,2026-06-16T11:02:43.461945
22,23,5,3,0,3,2026-06-16T11:02:44.694259
22,23,6,3,0,3,2026-06-16T11:02:46.102462
22,23,7,3,0,3,2026-06-16T11:02:47.896148
22,23,8,3,0,3,2026-06-16T11:02:49.311219
22,23,9,3,0,3,2026-06-16T11:02:50.911851
22,23,10,3,0,3,2026-06-16T11:02:52.313215
22,24,1,2,0,2,2026-06-16T11:02:53.710852
22,24,2,2,0,2,2026-06-16T11:02:55.330000
22,24,3,1,0,1,2026-06-16T11:02:56.916678
22,24,4,0,0,0,2026-06-16T11:02:58.437597
22,24,5,1,0,1,2026-06-16T11:02:59.431156
22,24,6,2,0,2,2026-06-16T11:03:00.843546
22,24,7,0,0,0,2026-06-16T11:03:02.658009
22,24,8,0,0,0,2026-06-16T11:03:04.055277
22,24,9,0,0,0,2026-06-16T11:03:05.705423
22,24,10,2,0,2,2026-06-16T11:03:07.503349
22,25,1,2,0,2,2026-06-16T11:03:08.718368
22,25,2,2,0,2,2026-06-16T11:03:10.725745
22,25,3,2,0,2,2026-06-16T11:03:12.330415
22,25,4,2,0,2,2026-06-16T11:03:13.939452
22,25,5,2,0,2,2026-06-16T11:03:14.951800
22,25,6,2,0,2,2026-06-16T11:03:16.162810
22,25,7,2,0,2,2026-06-16T11:03:17.377799
22,25,8,3,0,3,2026-06-16T11:03:19.183865
22,25,9,2,0,2,2026-06-16T11:03:19.963469
22,25,10,2,0,2,2026-06-16T11:03:21.560705
22,26,1,3,0,3,2026-06-16T11:03:23.165864
22,26,2,3,0,3,2026-06-16T11:03:23.963287
22,26,3,3,0,3,2026-06-16T11:03:25.174661
22,26,4,3,0,3,2026-06-16T11:03:26.558343
22,26,5,3,0,3,2026-06-16T11:03:27.556278
22,26,6,3,0,3,2026-06-16T11:03:29.370245
22,26,7,3,0,3,2026-06-16T11:03:31.363551
22,26,8,3,0,3,2026-06-16T11:03:32.573872
22,26,9,3,0,3,2026-06-16T11:03:34.392021
22,26,10,3,0,3,2026-06-16T11:03:35.888077
22,27,1,3,0,3,2026-06-16T11:03:36.887213
22,27,2,3,0,3,2026-06-16T11:03:37.881311
22,27,3,3,0,3,2026-06-16T11:03:39.084125
22,27,4,3,0,3,2026-06-16T11:03:41.094035
22,27,5,3,0,3,2026-06-16T11:03:42.509808
22,27,6,3,0,3,2026-06-16T11:03:43.714792
22,27,7,3,0,3,2026-06-16T11:03:45.323280
22,27,8,3,0,3,2026-06-16T11:03:46.354909
22,27,9,3,0,3,2026-06-16T11:03:47.752952
22,27,10,3,0,3,2026-06-16T11:03:49.151398
22,28,1,4,0,4,2026-06-16T11:03:50.761310
22,28,2,4,0,4,2026-06-16T11:03:52.182305
22,28,3,4,0,4,2026-06-16T11:03:53.977905
22,28,4,4,0,4,2026-06-16T11:03:56.176489
22,28,5,4,0,4,2026-06-16T11:03:57.793472
22,28,6,4,0,4,2026-06-16T11:04:00.201620
22,28,7,4,0,4,2026-06-16T11:04:01.605910
22,28,8,4,0,4,2026-06-16T11:04:02.810117
22,28,9,4,0,4,2026-06-16T11:04:04.421164
22,28,10,4,0,4,2026-06-16T11:04:05.216127
22,29,1,4,0,4,2026-06-16T11:04:06.419626
22,29,2,4,0,4,2026-06-16T11:04:07.810376
22,29,3,4,0,4,2026-06-16T11:04:09.018861
22,29,4,4,0,4,2026-06-16T11:04:10.226189
22,29,5,4,0,4,2026-06-16T11:04:11.636405
22,29,6,4,0,4,2026-06-16T11:04:13.446247
22,29,7,4,0,4,2026-06-16T11:04:14.457224
22,29,8,4,0,4,2026-06-16T11:04:15.224873
22,29,9,4,0,4,2026-06-16T11:04:16.239092
22,29,10,4,0,4,2026-06-16T11:04:18.057706
22,30,1,3,0,3,2026-06-16T11:04:19.263979
22,30,2,3,0,3,2026-06-16T11:04:20.765295
22,30,3,3,0,3,2026-06-16T11:04:21.978047
22,30,4,3,0,3,2026-06-16T11:04:23.195873
22,30,5,3,0,3,2026-06-16T11:04:24.593688
22,30,6,3,0,3,2026-06-16T11:04:27.016933
22,30,7,3,0,3,2026-06-16T11:04:28.607119
22,30,8,3,0,3,2026-06-16T11:04:29.815109
22,30,9,3,0,3,2026-06-16T11:04:31.520991
22,30,10,3,0,3,2026-06-16T11:04:32.931197
23,1,1,5,0,5,2026-06-16T11:04:34.343688
23,1,2,5,0,5,2026-06-16T11:04:35.960143
23,1,3,5,0,5,2026-06-16T11:04:37.660802
23,1,4,5,0,5,2026-06-16T11:04:39.672983
23,1,5,5,0,5,2026-06-16T11:04:41.081733
23,1,6,5,0,5,2026-06-16T11:04:42.723233
23,1,7,5,0,5,2026-06-16T11:04:44.108447
23,1,8,5,0,5,2026-06-16T11:04:45.509278
23,1,9,5,0,5,2026-06-16T11:04:46.904268
23,1,10,5,0,5,2026-06-16T11:04:48.107250
23,2,1,5,0,5,2026-06-16T11:04:49.746773
23,2,2,5,0,5,2026-06-16T11:04:51.162199
23,2,3,5,0,5,2026-06-16T11:04:52.586351
23,2,4,5,0,5,2026-06-16T11:04:55.727608
23,2,5,5,0,5,2026-06-16T11:04:57.630032
23,2,6,5,0,5,2026-06-16T11:04:58.835443
23,2,7,5,0,5,2026-06-16T11:05:00.426666
23,2,8,5,0,5,2026-06-16T11:05:01.631818
23,2,9,5,0,5,2026-06-16T11:05:03.231087
23,2,10,5,0,5,2026-06-16T11:05:04.836836
23,3,1,2,0,2,2026-06-16T11:05:06.444075
23,3,2,2,0,2,2026-06-16T11:05:08.055855
23,3,3,2,0,2,2026-06-16T11:05:09.665993
23,3,4,2,0,2,2026-06-16T11:05:11.042776
23,3,5,2,0,2,2026-06-16T11:05:12.017756
23,3,6,2,0,2,2026-06-16T11:05:13.220180
23,3,7,2,0,2,2026-06-16T11:05:14.828134
23,3,8,2,0,2,2026-06-16T11:05:16.244171
23,3,9,2,0,2,2026-06-16T11:05:17.249991
23,3,10,2,0,2,2026-06-16T11:05:18.057923
23,4,1,2,0,2,2026-06-16T11:05:19.078133
23,4,2,2,0,2,2026-06-16T11:05:21.280885
23,4,3,2,0,2,2026-06-16T11:05:22.889491
23,4,4,2,0,2,2026-06-16T11:05:24.290551
23,4,5,2,0,2,2026-06-16T11:05:26.108365
23,4,6,2,0,2,2026-06-16T11:05:27.515038
23,4,7,2,0,2,2026-06-16T11:05:28.934470
23,4,8,2,0,2,2026-06-16T11:05:29.921931
23,4,9,2,0,2,2026-06-16T11:05:31.116912
23,4,10,2,0,2,2026-06-16T11:05:32.955600
23,5,1,3,0,3,2026-06-16T11:05:34.547082
23,5,2,2,0,2,2026-06-16T11:05:35.360859
23,5,3,2,0,2,2026-06-16T11:05:37.348346
23,5,4,2,0,2,2026-06-16T11:05:38.730456
23,5,5,2,0,2,2026-06-16T11:05:39.532124
23,5,6,2,0,2,2026-06-16T11:05:40.528548
23,5,7,2,0,2,2026-06-16T11:05:41.328311
23,5,8,2,0,2,2026-06-16T11:05:43.403260
23,5,9,2,0,2,2026-06-16T11:05:44.810960
23,5,10,2,0,2,2026-06-16T11:05:46.481526
23,6,1,5,0,5,2026-06-16T11:05:47.694326
23,6,2,5,0,5,2026-06-16T11:05:49.308270
23,6,3,5,0,5,2026-06-16T11:05:51.695660
23,6,4,5,0,5,2026-06-16T11:05:53.303657
23,6,5,5,0,5,2026-06-16T11:05:55.114409
23,6,6,5,0,5,2026-06-16T11:05:56.305128
23,6,7,5,0,5,2026-06-16T11:05:57.720857
23,6,8,5,0,5,2026-06-16T11:05:59.512798
23,6,9,5,0,5,2026-06-16T11:06:00.506196
23,6,10,5,0,5,2026-06-16T11:06:02.310194
23,7,1,5,0,5,2026-06-16T11:06:03.927521
23,7,2,5,0,5,2026-06-16T11:06:05.326939
23,7,3,5,0,5,2026-06-16T11:06:06.331070
23,7,4,5,0,5,2026-06-16T11:06:08.146273
23,7,5,5,0,5,2026-06-16T11:06:09.106817
23,7,6,5,0,5,2026-06-16T11:06:10.697136
23,7,7,5,0,5,2026-06-16T11:06:11.694091
23,7,8,5,0,5,2026-06-16T11:06:12.508146
23,7,9,5,0,5,2026-06-16T11:06:13.815809
23,7,10,5,0,5,2026-06-16T11:06:14.625671
23,8,1,4,0,4,2026-06-16T11:06:16.414335
23,8,2,4,0,4,2026-06-16T11:06:18.026332
23,8,3,4,0,4,2026-06-16T11:06:19.448120
23,8,4,4,0,4,2026-06-16T11:06:21.495873
23,8,5,4,0,4,2026-06-16T11:06:22.683532
23,8,6,4,0,4,2026-06-16T11:06:24.774883
23,8,7,4,0,4,2026-06-16T11:06:25.978400
23,8,8,4,0,4,2026-06-16T11:06:27.384559
23,8,9,4,0,4,2026-06-16T11:06:29.184363
23,8,10,4,0,4,2026-06-16T11:06:30.992087
23,9,1,2,0,2,2026-06-16T11:06:31.790046
23,9,2,2,0,2,2026-06-16T11:06:32.786080
23,9,3,2,0,2,2026-06-16T11:06:34.382743
23,9,4,2,0,2,2026-06-16T11:06:35.783379
23,9,5,2,0,2,2026-06-16T11:06:37.579701
23,9,6,2,0,2,2026-06-16T11:06:39.186919
23,9,7,2,0,2,2026-06-16T11:06:40.592173
23,9,8,2,0,2,2026-06-16T11:06:42.601028
23,9,9,2,0,2,2026-06-16T11:06:45.050932
23,9,10,2,0,2,2026-06-16T11:06:46.257683
23,10,1,2,0,2,2026-06-16T11:06:47.466822
23,10,2,2,0,2,2026-06-16T11:06:49.554791
23,10,3,2,0,2,2026-06-16T11:06:51.566044
23,10,4,2,0,2,2026-06-16T11:06:53.572080
23,10,5,2,0,2,2026-06-16T11:06:55.185241
23,10,6,2,0,2,2026-06-16T11:06:56.415725
23,10,7,2,0,2,2026-06-16T11:06:57.218815
23,10,8,2,0,2,2026-06-16T11:06:58.409656
23,10,9,2,0,2,2026-06-16T11:07:00.013552
23,10,10,2,0,2,2026-06-16T11:07:01.815384
23,11,1,5,0,5,2026-06-16T11:07:02.639161
23,11,2,5,0,5,2026-06-16T11:07:03.833679
23,11,3,5,0,5,2026-06-16T11:07:05.325250
23,11,4,5,0,5,2026-06-16T11:07:06.545269
23,11,5,5,0,5,2026-06-16T11:07:07.561516
23,11,6,5,0,5,2026-06-16T11:07:08.764106
23,11,7,5,0,5,2026-06-16T11:07:09.746776
23,11,8,5,0,5,2026-06-16T11:07:11.776285
23,11,9,5,0,5,2026-06-16T11:07:14.440935
23,11,10,5,0,5,2026-06-16T11:07:17.311079
23,12,1,5,0,5,2026-06-16T11:07:19.125322
23,12,2,5,0,5,2026-06-16T11:07:21.135316
23,12,3,5,0,5,2026-06-16T11:07:22.425221
23,12,4,5,0,5,2026-06-16T11:07:23.613427
23,12,5,5,0,5,2026-06-16T11:07:25.219075
23,12,6,5,0,5,2026-06-16T11:07:27.233582
23,12,7,5,0,5,2026-06-16T11:07:29.035133
23,12,8,5,0,5,2026-06-16T11:07:30.245458
23,12,9,5,0,5,2026-06-16T11:07:31.854485
23,12,10,5,0,5,2026-06-16T11:07:33.460374
23,13,1,3,0,3,2026-06-16T11:07:34.270326
23,13,2,3,0,3,2026-06-16T11:07:35.861238
23,13,3,3,0,3,2026-06-16T11:07:37.679613
23,13,4,3,0,3,2026-06-16T11:07:39.858643
23,13,5,3,0,3,2026-06-16T11:07:41.658336
23,13,6,3,0,3,2026-06-16T11:07:43.252967
23,13,7,3,0,3,2026-06-16T11:07:44.701622
23,13,8,3,0,3,2026-06-16T11:07:46.319616
23,13,9,3,0,3,2026-06-16T11:07:49.478759
23,13,10,3,0,3,2026-06-16T11:07:51.070382
23,14,1,4,0,4,2026-06-16T11:07:52.673792
23,14,2,4,0,4,2026-06-16T11:07:54.067720
23,14,3,4,0,4,2026-06-16T11:07:56.277150
23,14,4,4,0,4,2026-06-16T11:07:57.886289
23,14,5,4,0,4,2026-06-16T11:07:59.094242
23,14,6,4,0,4,2026-06-16T11:07:59.903725
23,14,7,4,0,4,2026-06-16T11:08:00.929049
23,14,8,4,0,4,2026-06-16T11:08:02.143700
23,14,9,4,0,4,2026-06-16T11:08:03.745802
23,14,10,4,0,4,2026-06-16T11:08:05.372908
23,15,1,2,0,2,2026-06-16T11:08:07.181634
23,15,2,2,0,2,2026-06-16T11:08:08.983699
23,15,3,2,0,2,2026-06-16T11:08:12.121837
23,15,4,2,0,2,2026-06-16T11:08:13.915309
23,15,5,2,0,2,2026-06-16T11:08:15.367111
23,15,6,2,0,2,2026-06-16T11:08:17.177999
23,15,7,2,0,2,2026-06-16T11:08:18.780765
23,15,8,2,0,2,2026-06-16T11:08:20.188945
23,15,9,2,0,2,2026-06-16T11:08:21.411545
23,15,10,2,0,2,2026-06-16T11:08:23.032645
23,16,1,5,0,5,2026-06-16T11:08:24.431478
23,16,2,5,0,5,2026-06-16T11:08:25.886674
23,16,3,5,0,5,2026-06-16T11:08:26.898421
23,16,4,5,0,5,2026-06-16T11:08:28.711659
23,16,5,5,0,5,2026-06-16T11:08:30.115161
23,16,6,5,0,5,2026-06-16T11:08:31.536771
23,16,7,5,0,5,2026-06-16T11:08:32.541363
23,16,8,5,0,5,2026-06-16T11:08:34.746126
23,16,9,5,0,5,2026-06-16T11:08:36.749866
23,16,10,5,0,5,2026-06-16T11:08:37.750636
23,17,1,5,0,5,2026-06-16T11:08:39.774279
23,17,2,5,0,5,2026-06-16T11:08:40.962171
23,17,3,5,0,5,2026-06-16T11:08:42.762813
23,17,4,5,0,5,2026-06-16T11:08:43.972590
23,17,5,5,0,5,2026-06-16T11:08:45.585254
23,17,6,5,0,5,2026-06-16T11:08:46.791126
23,17,7,5,0,5,2026-06-16T11:08:48.189375
23,17,8,5,0,5,2026-06-16T11:08:50.002668
23,17,9,5,0,5,2026-06-16T11:08:51.817338
23,17,10,5,0,5,2026-06-16T11:08:53.017680
23,18,1,4,0,4,2026-06-16T11:08:54.625199
23,18,2,4,0,4,2026-06-16T11:08:56.018375
23,18,3,4,0,4,2026-06-16T11:08:57.434505
23,18,4,4,0,4,2026-06-16T11:08:58.446684
23,18,5,4,0,4,2026-06-16T11:08:59.459808
23,18,6,4,0,4,2026-06-16T11:09:00.870691
23,18,7,4,0,4,2026-06-16T11:09:02.268018
23,18,8,4,0,4,2026-06-16T11:09:05.434072
23,18,9,4,0,4,2026-06-16T11:09:06.639845
23,18,10,4,0,4,2026-06-16T11:09:08.026737
23,19,1,4,0,4,2026-06-16T11:09:09.221457
23,19,2,4,0,4,2026-06-16T11:09:10.420813
23,19,3,3,0,3,2026-06-16T11:09:12.017663
23,19,4,4,0,4,2026-06-16T11:09:13.422471
23,19,5,3,0,3,2026-06-16T11:09:14.617009
23,19,6,4,0,4,2026-06-16T11:09:16.421457
23,19,7,4,0,4,2026-06-16T11:09:17.824796
23,19,8,4,0,4,2026-06-16T11:09:19.225018
23,19,9,3,0,3,2026-06-16T11:09:20.422996
23,19,10,3,0,3,2026-06-16T11:09:21.622708
23,20,1,4,0,4,2026-06-16T11:09:22.849886
23,20,2,4,0,4,2026-06-16T11:09:23.843269
23,20,3,4,0,4,2026-06-16T11:09:25.309000
23,20,4,4,0,4,2026-06-16T11:09:27.123561
23,20,5,4,0,4,2026-06-16T11:09:28.341807
23,20,6,4,0,4,2026-06-16T11:09:30.757281
23,20,7,4,0,4,2026-06-16T11:09:32.158802
23,20,8,4,0,4,2026-06-16T11:09:33.755295
23,20,9,4,0,4,2026-06-16T11:09:35.649810
23,20,10,4,0,4,2026-06-16T11:09:36.843006
23,21,1,5,0,5,2026-06-16T11:09:38.632757
23,21,2,5,0,5,2026-06-16T11:09:40.237128
23,21,3,5,0,5,2026-06-16T11:09:41.034132
23,21,4,5,0,5,2026-06-16T11:09:42.437191
23,21,5,5,0,5,2026-06-16T11:09:43.844523
23,21,6,5,0,5,2026-06-16T11:09:45.854231
23,21,7,5,0,5,2026-06-16T11:09:47.661798
23,21,8,5,0,5,2026-06-16T11:09:48.860623
23,21,9,5,0,5,2026-06-16T11:09:50.864305
23,21,10,5,0,5,2026-06-16T11:09:51.652803
23,22,1,5,0,5,2026-06-16T11:09:53.048427
23,22,2,5,0,5,2026-06-16T11:09:54.449814
23,22,3,5,0,5,2026-06-16T11:09:55.646799
23,22,4,5,0,5,2026-06-16T11:09:58.057429
23,22,5,5,0,5,2026-06-16T11:10:00.074119
23,22,6,5,0,5,2026-06-16T11:10:01.078164
23,22,7,5,0,5,2026-06-16T11:10:02.675989
23,22,8,5,0,5,2026-06-16T11:10:03.666192
23,22,9,5,0,5,2026-06-16T11:10:05.070840
23,22,10,5,0,5,2026-06-16T11:10:05.884596
23,23,1,3,0,3,2026-06-16T11:10:07.288333
23,23,2,4,0,4,2026-06-16T11:10:08.877795
23,23,3,4,0,4,2026-06-16T11:10:10.081741
23,23,4,3,0,3,2026-06-16T11:10:11.493111
23,23,5,3,0,3,2026-06-16T11:10:12.896426
23,23,6,3,0,3,2026-06-16T11:10:14.562234
23,23,7,3,0,3,2026-06-16T11:10:15.960277
23,23,8,3,0,3,2026-06-16T11:10:17.759010
23,23,9,3,0,3,2026-06-16T11:10:19.145273
23,23,10,4,0,4,2026-06-16T11:10:20.137122
23,24,1,1,0,1,2026-06-16T11:10:20.933871
23,24,2,1,0,1,2026-06-16T11:10:22.338386
23,24,3,1,0,1,2026-06-16T11:10:23.132246
23,24,4,1,0,1,2026-06-16T11:10:24.545929
23,24,5,1,0,1,2026-06-16T11:10:27.174289
23,24,6,1,0,1,2026-06-16T11:10:30.036749
23,24,7,1,0,1,2026-06-16T11:10:31.234419
23,24,8,1,0,1,2026-06-16T11:10:32.619137
23,24,9,1,0,1,2026-06-16T11:10:33.826352
23,24,10,1,0,1,2026-06-16T11:10:35.451535
23,25,1,1,0,1,2026-06-16T11:10:36.841970
23,25,2,1,0,1,2026-06-16T11:10:38.623442
23,25,3,1,0,1,2026-06-16T11:10:39.421769
23,25,4,1,0,1,2026-06-16T11:10:40.830940
23,25,5,1,0,1,2026-06-16T11:10:42.235887
23,25,6,1,0,1,2026-06-16T11:10:43.043880
23,25,7,1,0,1,2026-06-16T11:10:44.431066
23,25,8,1,0,1,2026-06-16T11:10:46.015657
23,25,9,1,0,1,2026-06-16T11:10:47.438973
23,25,10,1,0,1,2026-06-16T11:10:48.654350
23,26,1,3,0,3,2026-06-16T11:10:49.685222
23,26,2,3,0,3,2026-06-16T11:10:50.688847
23,26,3,3,0,3,2026-06-16T11:10:52.890663
23,26,4,3,0,3,2026-06-16T11:10:56.656171
23,26,5,3,0,3,2026-06-16T11:10:58.073999
23,26,6,2,0,2,2026-06-16T11:10:59.869493
23,26,7,3,0,3,2026-06-16T11:11:01.596326
23,26,8,3,0,3,2026-06-16T11:11:05.060208
23,26,9,3,0,3,2026-06-16T11:11:06.706128
23,26,10,2,0,2,2026-06-16T11:11:08.316307
23,27,1,4,0,4,2026-06-16T11:11:10.128452
23,27,2,4,0,4,2026-06-16T11:11:11.526290
23,27,3,4,0,4,2026-06-16T11:11:12.727060
23,27,4,4,0,4,2026-06-16T11:11:14.366452
23,27,5,4,0,4,2026-06-16T11:11:15.770890
23,27,6,4,0,4,2026-06-16T11:11:17.014716
23,27,7,4,0,4,2026-06-16T11:11:18.809321
23,27,8,4,0,4,2026-06-16T11:11:19.606949
23,27,9,4,0,4,2026-06-16T11:11:21.807652
23,27,10,4,0,4,2026-06-16T11:11:23.210581
23,28,1,3,0,3,2026-06-16T11:11:24.622267
23,28,2,3,0,3,2026-06-16T11:11:25.631064
23,28,3,3,0,3,2026-06-16T11:11:26.448300
23,28,4,3,0,3,2026-06-16T11:11:27.467653
23,28,5,3,0,3,2026-06-16T11:11:29.092942
23,28,6,3,0,3,2026-06-16T11:11:30.497817
23,28,7,3,0,3,2026-06-16T11:11:31.504747
23,28,8,3,0,3,2026-06-16T11:11:33.515945
23,28,9,3,0,3,2026-06-16T11:11:34.927714
23,28,10,3,0,3,2026-06-16T11:11:36.336775
23,29,1,4,0,4,2026-06-16T11:11:37.814064
23,29,2,4,0,4,2026-06-16T11:11:39.453392
23,29,3,4,0,4,2026-06-16T11:11:40.430627
23,29,4,4,0,4,2026-06-16T11:11:42.024075
23,29,5,4,0,4,2026-06-16T11:11:43.229002
23,29,6,4,0,4,2026-06-16T11:11:44.231950
23,29,7,4,0,4,2026-06-16T11:11:45.887740
23,29,8,4,0,4,2026-06-16T11:11:47.089843
23,29,9,4,0,4,2026-06-16T11:11:48.487071
23,29,10,4,0,4,2026-06-16T11:11:51.372806
23,30,1,3,0,3,2026-06-16T11:11:52.979028
23,30,2,3,0,3,2026-06-16T11:11:53.979831
23,30,3,3,0,3,2026-06-16T11:11:55.185023
23,30,4,3,0,3,2026-06-16T11:11:56.798230
23,30,5,3,0,3,2026-06-16T11:11:58.405390
23,30,6,3,0,3,2026-06-16T11:12:00.022669
23,30,7,3,0,3,2026-06-16T11:12:01.233029
23,30,8,3,0,3,2026-06-16T11:12:02.242930
23,30,9,3,0,3,2026-06-16T11:12:04.045045
23,30,10,3,0,3,2026-06-16T11:12:05.453663
24,1,1,5,0,5,2026-06-16T11:12:06.854571
24,1,2,5,0,5,2026-06-16T11:12:08.257923
24,1,3,5,0,5,2026-06-16T11:12:09.455370
24,1,4,5,0,5,2026-06-16T11:12:10.256113
24,1,5,5,0,5,2026-06-16T11:12:11.655838
24,1,6,5,0,5,2026-06-16T11:12:13.060558
24,1,7,5,0,5,2026-06-16T11:12:14.866463
24,1,8,5,0,5,2026-06-16T11:12:17.082791
24,1,9,5,0,5,2026-06-16T11:12:19.496044
24,1,10,5,0,5,2026-06-16T11:12:20.701552
24,2,1,5,0,5,2026-06-16T11:12:21.921417
24,2,2,5,0,5,2026-06-16T11:12:23.128443
24,2,3,5,0,5,2026-06-16T11:12:24.328077
24,2,4,5,0,5,2026-06-16T11:12:26.341858
24,2,5,5,0,5,2026-06-16T11:12:27.546577
24,2,6,5,0,5,2026-06-16T11:12:28.550325
24,2,7,5,0,5,2026-06-16T11:12:29.949928
24,2,8,5,0,5,2026-06-16T11:12:31.560519
24,2,9,5,0,5,2026-06-16T11:12:32.553784
24,2,10,5,0,5,2026-06-16T11:12:33.759989
24,3,1,2,0,2,2026-06-16T11:12:35.171323
24,3,2,3,0,3,2026-06-16T11:12:36.568192
24,3,3,2,0,2,2026-06-16T11:12:37.770740
24,3,4,2,0,2,2026-06-16T11:12:39.179704
24,3,5,3,0,3,2026-06-16T11:12:40.791949
24,3,6,2,0,2,2026-06-16T11:12:42.006755
24,3,7,3,0,3,2026-06-16T11:12:45.298372
24,3,8,2,0,2,2026-06-16T11:12:46.699499
24,3,9,2,0,2,2026-06-16T11:12:48.133284
24,3,10,3,0,3,2026-06-16T11:12:49.528531
24,4,1,2,0,2,2026-06-16T11:12:51.122949
24,4,2,2,0,2,2026-06-16T11:12:52.111965
24,4,3,2,0,2,2026-06-16T11:12:54.119422
24,4,4,2,0,2,2026-06-16T11:12:55.742639
24,4,5,2,0,2,2026-06-16T11:12:57.158963
24,4,6,2,0,2,2026-06-16T11:12:58.780040
24,4,7,2,0,2,2026-06-16T11:13:00.380208
24,4,8,2,0,2,2026-06-16T11:13:01.778009
24,4,9,2,0,2,2026-06-16T11:13:03.786370
24,4,10,2,0,2,2026-06-16T11:13:04.975100
24,5,1,2,0,2,2026-06-16T11:13:06.585657
24,5,2,2,0,2,2026-06-16T11:13:08.586210
24,5,3,2,0,2,2026-06-16T11:13:09.587026
24,5,4,2,0,2,2026-06-16T11:13:13.047165
24,5,5,2,0,2,2026-06-16T11:13:14.450470
24,5,6,2,0,2,2026-06-16T11:13:15.869743
24,5,7,2,0,2,2026-06-16T11:13:17.449821
24,5,8,2,0,2,2026-06-16T11:13:18.652300
24,5,9,2,0,2,2026-06-16T11:13:19.851438
24,5,10,2,0,2,2026-06-16T11:13:21.036563
24,6,1,5,0,5,2026-06-16T11:13:22.229641
24,6,2,5,0,5,2026-06-16T11:13:23.494514
24,6,3,5,0,5,2026-06-16T11:13:24.290642
24,6,4,5,0,5,2026-06-16T11:13:26.098478
24,6,5,5,0,5,2026-06-16T11:13:28.096042
24,6,6,5,0,5,2026-06-16T11:13:29.498786
24,6,7,5,0,5,2026-06-16T11:13:31.173660
24,6,8,5,0,5,2026-06-16T11:13:32.986046
24,6,9,5,0,5,2026-06-16T11:13:34.787787
24,6,10,5,0,5,2026-06-16T11:13:36.194782
24,7,1,5,0,5,2026-06-16T11:13:38.202305
24,7,2,5,0,5,2026-06-16T11:13:41.752650
24,7,3,5,0,5,2026-06-16T11:13:42.952984
24,7,4,5,0,5,2026-06-16T11:13:43.951072
24,7,5,5,0,5,2026-06-16T11:13:45.793091
24,7,6,5,0,5,2026-06-16T11:13:47.452736
24,7,7,5,0,5,2026-06-16T11:13:49.854835
24,7,8,5,0,5,2026-06-16T11:13:51.464890
24,7,9,5,0,5,2026-06-16T11:13:52.458795
24,7,10,5,0,5,2026-06-16T11:13:54.065700
24,8,1,5,0,5,2026-06-16T11:13:55.466782
24,8,2,5,0,5,2026-06-16T11:13:56.659719
24,8,3,5,0,5,2026-06-16T11:13:58.251795
24,8,4,5,0,5,2026-06-16T11:14:00.090144
24,8,5,5,0,5,2026-06-16T11:14:00.891619
24,8,6,5,0,5,2026-06-16T11:14:02.300432
24,8,7,5,0,5,2026-06-16T11:14:03.909854
24,8,8,5,0,5,2026-06-16T11:14:05.909976
24,8,9,5,0,5,2026-06-16T11:14:08.796839
24,8,10,5,0,5,2026-06-16T11:14:09.996819
24,9,1,2,0,2,2026-06-16T11:14:11.406560
24,9,2,2,0,2,2026-06-16T11:14:12.201855
24,9,3,2,0,2,2026-06-16T11:14:13.876475
24,9,4,2,0,2,2026-06-16T11:14:15.072324
24,9,5,2,0,2,2026-06-16T11:14:16.661550
24,9,6,2,0,2,2026-06-16T11:14:18.243845
24,9,7,2,0,2,2026-06-16T11:14:19.437812
24,9,8,2,0,2,2026-06-16T11:14:20.643758
24,9,9,2,0,2,2026-06-16T11:14:21.441769
24,9,10,2,0,2,2026-06-16T11:14:22.851219
24,10,1,2,0,2,2026-06-16T11:14:24.249356
24,10,2,3,0,3,2026-06-16T11:14:25.847239
24,10,3,2,0,2,2026-06-16T11:14:27.494755
24,10,4,2,0,2,2026-06-16T11:14:29.100648
24,10,5,2,0,2,2026-06-16T11:14:29.887988
24,10,6,2,0,2,2026-06-16T11:14:31.480691
24,10,7,2,0,2,2026-06-16T11:14:33.105410
24,10,8,2,0,2,2026-06-16T11:14:35.120143
24,10,9,2,0,2,2026-06-16T11:14:38.887268
24,10,10,2,0,2,2026-06-16T11:14:40.496683
24,11,1,5,0,5,2026-06-16T11:14:42.094578
24,11,2,5,0,5,2026-06-16T11:14:43.366578
24,11,3,5,0,5,2026-06-16T11:14:44.799762
24,11,4,5,0,5,2026-06-16T11:14:45.603055
24,11,5,5,0,5,2026-06-16T11:14:46.601944
24,11,6,5,0,5,2026-06-16T11:14:47.401348
24,11,7,5,0,5,2026-06-16T11:14:49.006418
24,11,8,5,0,5,2026-06-16T11:14:50.822916
24,11,9,5,0,5,2026-06-16T11:14:52.436131
24,11,10,5,0,5,2026-06-16T11:14:54.032535
24,12,1,5,0,5,2026-06-16T11:14:55.623045
24,12,2,5,0,5,2026-06-16T11:14:57.035416
24,12,3,5,0,5,2026-06-16T11:14:58.659282
24,12,4,5,0,5,2026-06-16T11:15:01.802098
24,12,5,5,0,5,2026-06-16T11:15:04.970378
24,12,6,5,0,5,2026-06-16T11:15:06.568088
24,12,7,5,0,5,2026-06-16T11:15:08.374484
24,12,8,5,0,5,2026-06-16T11:15:09.982508
24,12,9,5,0,5,2026-06-16T11:15:11.581224
24,12,10,5,0,5,2026-06-16T11:15:12.779167
24,13,1,5,0,5,2026-06-16T11:15:13.985607
24,13,2,5,0,5,2026-06-16T11:15:15.587572
24,13,3,5,0,5,2026-06-16T11:15:16.778779
24,13,4,5,0,5,2026-06-16T11:15:18.578613
24,13,5,5,0,5,2026-06-16T11:15:19.784144
24,13,6,5,0,5,2026-06-16T11:15:20.577061
24,13,7,5,0,5,2026-06-16T11:15:22.179160
24,13,8,5,0,5,2026-06-16T11:15:23.994756
24,13,9,5,0,5,2026-06-16T11:15:25.603234
24,13,10,5,0,5,2026-06-16T11:15:26.802992
24,14,1,4,0,4,2026-06-16T11:15:29.000626
24,14,2,4,0,4,2026-06-16T11:15:30.814804
24,14,3,4,0,4,2026-06-16T11:15:32.616626
24,14,4,3,0,3,2026-06-16T11:15:34.035596
24,14,5,4,0,4,2026-06-16T11:15:34.837829
24,14,6,4,0,4,2026-06-16T11:15:36.847706
24,14,7,4,0,4,2026-06-16T11:15:37.649581
24,14,8,4,0,4,2026-06-16T11:15:38.442096
24,14,9,4,0,4,2026-06-16T11:15:39.443381
24,14,10,4,0,4,2026-06-16T11:15:40.641407
24,15,1,4,0,4,2026-06-16T11:15:42.053739
24,15,2,4,0,4,2026-06-16T11:15:43.854661
24,15,3,4,0,4,2026-06-16T11:15:44.660720
24,15,4,4,0,4,2026-06-16T11:15:46.056314
24,15,5,4,0,4,2026-06-16T11:15:47.274470
24,15,6,4,0,4,2026-06-16T11:15:48.887261
24,15,7,4,0,4,2026-06-16T11:15:50.670966
24,15,8,4,0,4,2026-06-16T11:15:52.069818
24,15,9,4,0,4,2026-06-16T11:15:53.307858
24,15,10,4,0,4,2026-06-16T11:15:54.908547
24,16,1,5,0,5,2026-06-16T11:15:57.530853
24,16,2,5,0,5,2026-06-16T11:15:59.545247
24,16,3,5,0,5,2026-06-16T11:16:00.524670
24,16,4,5,0,5,2026-06-16T11:16:01.722559
24,16,5,5,0,5,2026-06-16T11:16:03.927181
24,16,6,5,0,5,2026-06-16T11:16:05.940876
24,16,7,5,0,5,2026-06-16T11:16:07.133869
24,16,8,5,0,5,2026-06-16T11:16:08.118864
24,16,9,5,0,5,2026-06-16T11:16:09.715463
24,16,10,5,0,5,2026-06-16T11:16:10.910040
24,17,1,5,0,5,2026-06-16T11:16:12.761829
24,17,2,5,0,5,2026-06-16T11:16:14.195842
24,17,3,5,0,5,2026-06-16T11:16:15.432693
24,17,4,5,0,5,2026-06-16T11:16:16.830007
24,17,5,5,0,5,2026-06-16T11:16:18.475014
24,17,6,5,0,5,2026-06-16T11:16:20.286686
24,17,7,5,0,5,2026-06-16T11:16:22.297558
24,17,8,5,0,5,2026-06-16T11:16:24.504878
24,17,9,5,0,5,2026-06-16T11:16:26.911676
24,17,10,5,0,5,2026-06-16T11:16:28.723411
24,18,1,5,0,5,2026-06-16T11:16:32.515610
24,18,2,5,0,5,2026-06-16T11:16:34.229576
24,18,3,5,0,5,2026-06-16T11:16:36.040199
24,18,4,5,0,5,2026-06-16T11:16:37.862341
24,18,5,5,0,5,2026-06-16T11:16:39.652135
24,18,6,5,0,5,2026-06-16T11:16:40.455261
24,18,7,4,0,4,2026-06-16T11:16:41.628706
24,18,8,5,0,5,2026-06-16T11:16:43.279062
24,18,9,5,0,5,2026-06-16T11:16:44.676517
24,18,10,5,0,5,2026-06-16T11:16:45.460033
24,19,1,4,0,4,2026-06-16T11:16:47.270121
24,19,2,5,0,5,2026-06-16T11:16:48.870881
24,19,3,5,0,5,2026-06-16T11:16:50.882844
24,19,4,4,0,4,2026-06-16T11:16:52.462475
24,19,5,5,0,5,2026-06-16T11:16:53.464513
24,19,6,4,0,4,2026-06-16T11:16:54.855031
24,19,7,4,0,4,2026-06-16T11:16:57.066737
24,19,8,4,0,4,2026-06-16T11:16:58.866615
24,19,9,5,0,5,2026-06-16T11:17:00.058219
24,19,10,5,0,5,2026-06-16T11:17:01.278412
24,20,1,5,0,5,2026-06-16T11:17:02.284113
24,20,2,5,0,5,2026-06-16T11:17:03.486163
24,20,3,5,0,5,2026-06-16T11:17:04.704575
24,20,4,5,0,5,2026-06-16T11:17:05.988901
24,20,5,5,0,5,2026-06-16T11:17:06.961382
24,20,6,5,0,5,2026-06-16T11:17:08.770622
24,20,7,5,0,5,2026-06-16T11:17:10.180774
24,20,8,5,0,5,2026-06-16T11:17:11.391143
24,20,9,5,0,5,2026-06-16T11:17:12.604243
24,20,10,5,0,5,2026-06-16T11:17:13.797012
24,21,1,5,0,5,2026-06-16T11:17:15.211814
24,21,2,5,0,5,2026-06-16T11:17:16.403340
24,21,3,5,0,5,2026-06-16T11:17:20.171401
24,21,4,5,0,5,2026-06-16T11:17:21.966073
24,21,5,5,0,5,2026-06-16T11:17:23.575787
24,21,6,5,0,5,2026-06-16T11:17:25.058416
24,21,7,5,0,5,2026-06-16T11:17:26.241199
24,21,8,5,0,5,2026-06-16T11:17:28.068970
24,21,9,5,0,5,2026-06-16T11:17:29.873745
24,21,10,5,0,5,2026-06-16T11:17:31.287547
24,22,1,5,0,5,2026-06-16T11:17:33.100708
24,22,2,5,0,5,2026-06-16T11:17:34.296447
24,22,3,5,0,5,2026-06-16T11:17:35.498136
24,22,4,5,0,5,2026-06-16T11:17:36.707768
24,22,5,5,0,5,2026-06-16T11:17:38.301839
24,22,6,5,0,5,2026-06-16T11:17:39.104875
24,22,7,5,0,5,2026-06-16T11:17:40.315569
24,22,8,5,0,5,2026-06-16T11:17:41.922210
24,22,9,5,0,5,2026-06-16T11:17:44.130049
24,22,10,5,0,5,2026-06-16T11:17:45.953611
24,23,1,4,0,4,2026-06-16T11:17:47.530600
24,23,2,4,0,4,2026-06-16T11:17:49.134585
24,23,3,4,0,4,2026-06-16T11:17:50.141966
24,23,4,4,0,4,2026-06-16T11:17:51.751017
24,23,5,4,0,4,2026-06-16T11:17:53.346800
24,23,6,4,0,4,2026-06-16T11:17:54.943777
24,23,7,4,0,4,2026-06-16T11:17:56.157389
24,23,8,4,0,4,2026-06-16T11:17:57.773173
24,23,9,4,0,4,2026-06-16T11:17:59.380705
24,23,10,4,0,4,2026-06-16T11:18:00.389744
24,24,1,3,0,3,2026-06-16T11:18:01.990152
24,24,2,3,0,3,2026-06-16T11:18:03.185459
24,24,3,3,0,3,2026-06-16T11:18:04.792395
24,24,4,3,0,3,2026-06-16T11:18:05.791499
24,24,5,3,0,3,2026-06-16T11:18:07.021328
24,24,6,3,0,3,2026-06-16T11:18:08.819800
24,24,7,3,0,3,2026-06-16T11:18:10.429366
24,24,8,3,0,3,2026-06-16T11:18:11.429290
24,24,9,3,0,3,2026-06-16T11:18:13.635096
24,24,10,3,0,3,2026-06-16T11:18:15.231938
24,25,1,2,0,2,2026-06-16T11:18:17.032532
24,25,2,2,0,2,2026-06-16T11:18:17.829704
24,25,3,3,0,3,2026-06-16T11:18:19.410377
24,25,4,2,0,2,2026-06-16T11:18:20.412381
24,25,5,2,0,2,2026-06-16T11:18:22.015414
24,25,6,2,0,2,2026-06-16T11:18:23.608113
24,25,7,2,0,2,2026-06-16T11:18:24.808591
24,25,8,2,0,2,2026-06-16T11:18:26.003812
24,25,9,2,0,2,2026-06-16T11:18:27.203828
24,25,10,2,0,2,2026-06-16T11:18:28.406746
24,26,1,3,0,3,2026-06-16T11:18:30.019218
24,26,2,3,0,3,2026-06-16T11:18:31.635632
24,26,3,3,0,3,2026-06-16T11:18:33.039124
24,26,4,3,0,3,2026-06-16T11:18:34.643368
24,26,5,3,0,3,2026-06-16T11:18:36.647752
24,26,6,3,0,3,2026-06-16T11:18:38.651348
24,26,7,3,0,3,2026-06-16T11:18:39.861703
24,26,8,3,0,3,2026-06-16T11:18:41.475142
24,26,9,3,0,3,2026-06-16T11:18:43.068753
24,26,10,3,0,3,2026-06-16T11:18:44.657778
24,27,1,3,0,3,2026-06-16T11:18:46.456344
24,27,2,3,0,3,2026-06-16T11:18:47.492629
24,27,3,3,0,3,2026-06-16T11:18:48.294881
24,27,4,3,0,3,2026-06-16T11:18:49.898672
24,27,5,3,0,3,2026-06-16T11:18:51.881345
24,27,6,3,0,3,2026-06-16T11:18:53.085562
24,27,7,3,0,3,2026-06-16T11:18:54.293326
24,27,8,3,0,3,2026-06-16T11:18:55.091201
24,27,9,3,0,3,2026-06-16T11:18:55.897311
24,27,10,3,0,3,2026-06-16T11:18:57.504591
24,28,1,5,0,5,2026-06-16T11:18:58.910035
24,28,2,5,0,5,2026-06-16T11:19:00.329198
24,28,3,5,0,5,2026-06-16T11:19:01.334133
24,28,4,5,0,5,2026-06-16T11:19:02.124035
24,28,5,5,0,5,2026-06-16T11:19:04.317544
24,28,6,4,0,4,2026-06-16T11:19:07.189582
24,28,7,5,0,5,2026-06-16T11:19:08.391236
24,28,8,5,0,5,2026-06-16T11:19:09.383969
24,28,9,4,0,4,2026-06-16T11:19:10.579264
24,28,10,5,0,5,2026-06-16T11:19:11.983159
24,29,1,4,0,4,2026-06-16T11:19:13.996587
24,29,2,5,0,5,2026-06-16T11:19:17.425062
24,29,3,5,0,5,2026-06-16T11:19:19.431945
24,29,4,4,0,4,2026-06-16T11:19:20.428254
24,29,5,5,0,5,2026-06-16T11:19:22.023744
24,29,6,5,0,5,2026-06-16T11:19:23.232070
24,29,7,4,0,4,2026-06-16T11:19:24.460928
24,29,8,4,0,4,2026-06-16T11:19:25.870359
24,29,9,4,0,4,2026-06-16T11:19:26.665763
24,29,10,4,0,4,2026-06-16T11:19:27.864645
24,30,1,4,0,4,2026-06-16T11:19:29.862398
24,30,2,4,0,4,2026-06-16T11:19:31.854883
24,30,3,4,0,4,2026-06-16T11:19:34.480686
24,30,4,4,0,4,2026-06-16T11:19:36.289440
24,30,5,4,0,4,2026-06-16T11:19:37.883721
24,30,6,4,0,4,2026-06-16T11:19:39.275104
24,30,7,4,0,4,2026-06-16T11:19:41.900764
24,30,8,4,0,4,2026-06-16T11:19:43.305988
24,30,9,4,0,4,2026-06-16T11:19:44.532845
24,30,10,4,0,4,2026-06-16T11:19:45.731912
25,1,1,2,0,2,2026-06-16T11:19:47.747023
25,1,2,2,0,2,2026-06-16T11:19:49.344798
25,1,3,2,0,2,2026-06-16T11:19:50.140499
25,1,4,2,0,2,2026-06-16T11:19:51.543872
25,1,5,2,0,2,2026-06-16T11:19:53.159036
25,1,6,2,0,2,2026-06-16T11:19:53.958591
25,1,7,2,0,2,2026-06-16T11:19:55.154489
25,1,8,2,0,2,2026-06-16T11:19:55.947534
25,1,9,2,0,2,2026-06-16T11:19:56.743091
25,1,10,2,0,2,2026-06-16T11:19:58.560844
25,2,1,2,0,2,2026-06-16T11:20:00.775694
25,2,2,2,0,2,2026-06-16T11:20:02.386599
25,2,3,2,0,2,2026-06-16T11:20:04.392996
25,2,4,2,0,2,2026-06-16T11:20:05.787499
25,2,5,2,0,2,2026-06-16T11:20:07.602384
25,2,6,2,0,2,2026-06-16T11:20:08.999902
25,2,7,2,0,2,2026-06-16T11:20:09.986344
25,2,8,2,0,2,2026-06-16T11:20:10.993239
25,2,9,2,0,2,2026-06-16T11:20:12.595363
25,2,10,2,0,2,2026-06-16T11:20:14.199685
25,3,1,2,0,2,2026-06-16T11:20:15.235752
25,3,2,2,0,2,2026-06-16T11:20:17.245248
25,3,3,2,0,2,2026-06-16T11:20:18.857657
25,3,4,2,0,2,2026-06-16T11:20:20.053342
25,3,5,2,0,2,2026-06-16T11:20:21.247922
25,3,6,2,0,2,2026-06-16T11:20:23.060549
25,3,7,2,0,2,2026-06-16T11:20:24.471706
25,3,8,2,0,2,2026-06-16T11:20:26.466105
25,3,9,2,0,2,2026-06-16T11:20:28.076119
25,3,10,2,0,2,2026-06-16T11:20:30.072516
25,4,1,4,0,4,2026-06-16T11:20:31.467945
25,4,2,4,0,4,2026-06-16T11:20:32.259387
25,4,3,4,0,4,2026-06-16T11:20:33.251727
25,4,4,4,0,4,2026-06-16T11:20:34.648520
25,4,5,4,0,4,2026-06-16T11:20:36.245908
25,4,6,4,0,4,2026-06-16T11:20:37.246508
25,4,7,4,0,4,2026-06-16T11:20:39.046468
25,4,8,4,0,4,2026-06-16T11:20:40.658815
25,4,9,4,0,4,2026-06-16T11:20:42.700570
25,4,10,4,0,4,2026-06-16T11:20:44.314031
25,5,1,5,0,5,2026-06-16T11:20:46.109852
25,5,2,5,0,5,2026-06-16T11:20:46.915630
25,5,3,5,0,5,2026-06-16T11:20:47.918601
25,5,4,5,0,5,2026-06-16T11:20:48.522124
25,5,5,5,0,5,2026-06-16T11:20:49.919675
25,5,6,5,0,5,2026-06-16T11:20:51.727261
25,5,7,5,0,5,2026-06-16T11:20:53.728042
25,5,8,5,0,5,2026-06-16T11:20:55.926190
25,5,9,5,0,5,2026-06-16T11:20:57.930193
25,5,10,5,0,5,2026-06-16T11:20:58.929267
25,6,1,5,0,5,2026-06-16T11:20:59.935598
25,6,2,5,0,5,2026-06-16T11:21:01.141664
25,6,3,5,0,5,2026-06-16T11:21:02.314842
25,6,4,5,0,5,2026-06-16T11:21:03.924757
25,6,5,5,0,5,2026-06-16T11:21:05.116396
25,6,6,5,0,5,2026-06-16T11:21:06.713432
25,6,7,5,0,5,2026-06-16T11:21:07.724962
25,6,8,5,0,5,2026-06-16T11:21:08.955796
25,6,9,5,0,5,2026-06-16T11:21:10.566203
25,6,10,5,0,5,2026-06-16T11:21:11.884216
25,7,1,5,0,5,2026-06-16T11:21:13.286425
25,7,2,5,0,5,2026-06-16T11:21:14.291145
25,7,3,5,0,5,2026-06-16T11:21:15.362050
25,7,4,5,0,5,2026-06-16T11:21:16.167893
25,7,5,5,0,5,2026-06-16T11:21:17.575823
25,7,6,5,0,5,2026-06-16T11:21:19.186980
25,7,7,5,0,5,2026-06-16T11:21:21.408906
25,7,8,5,0,5,2026-06-16T11:21:23.371605
25,7,9,5,0,5,2026-06-16T11:21:24.574849
25,7,10,5,0,5,2026-06-16T11:21:26.652481
25,8,1,5,0,5,2026-06-16T11:21:27.858166
25,8,2,5,0,5,2026-06-16T11:21:29.500005
25,8,3,5,0,5,2026-06-16T11:21:31.651768
25,8,4,5,0,5,2026-06-16T11:21:32.877418
25,8,5,5,0,5,2026-06-16T11:21:34.574068
25,8,6,5,0,5,2026-06-16T11:21:36.227413
25,8,7,5,0,5,2026-06-16T11:21:37.856611
25,8,8,5,0,5,2026-06-16T11:21:38.655349
25,8,9,5,0,5,2026-06-16T11:21:39.910390
25,8,10,5,0,5,2026-06-16T11:21:41.469040
25,9,1,5,0,5,2026-06-16T11:21:42.502600
25,9,2,5,0,5,2026-06-16T11:21:44.012208
25,9,3,5,0,5,2026-06-16T11:21:46.258384
25,9,4,5,0,5,2026-06-16T11:21:48.071822
25,9,5,5,0,5,2026-06-16T11:21:50.232214
25,9,6,5,0,5,2026-06-16T11:21:52.051650
25,9,7,5,0,5,2026-06-16T11:21:53.854488
25,9,8,5,0,5,2026-06-16T11:21:55.653731
25,9,9,5,0,5,2026-06-16T11:21:57.063117
25,9,10,5,0,5,2026-06-16T11:21:58.056985
25,10,1,5,0,5,2026-06-16T11:21:59.871247
25,10,2,5,0,5,2026-06-16T11:22:01.471279
25,10,3,5,0,5,2026-06-16T11:22:02.684575
25,10,4,5,0,5,2026-06-16T11:22:03.703065
25,10,5,5,0,5,2026-06-16T11:22:05.104840
25,10,6,5,0,5,2026-06-16T11:22:06.312230
25,10,7,5,0,5,2026-06-16T11:22:07.112779
25,10,8,5,0,5,2026-06-16T11:22:08.315860
25,10,9,5,0,5,2026-06-16T11:22:10.139681
25,10,10,4,0,4,2026-06-16T11:22:11.140968
25,11,1,5,0,5,2026-06-16T11:22:12.755556
25,11,2,5,0,5,2026-06-16T11:22:15.162982
25,11,3,5,0,5,2026-06-16T11:22:17.796593
25,11,4,5,0,5,2026-06-16T11:22:18.990330
25,11,5,5,0,5,2026-06-16T11:22:20.190395
25,11,6,5,0,5,2026-06-16T11:22:22.006655
25,11,7,5,0,5,2026-06-16T11:22:23.669968
25,11,8,5,0,5,2026-06-16T11:22:24.462467
25,11,9,5,0,5,2026-06-16T11:22:25.461087
25,11,10,5,0,5,2026-06-16T11:22:26.948683
25,12,1,5,0,5,2026-06-16T11:22:28.322385
25,12,2,5,0,5,2026-06-16T11:22:29.724745
25,12,3,5,0,5,2026-06-16T11:22:31.309438
25,12,4,5,0,5,2026-06-16T11:22:32.112141
25,12,5,5,0,5,2026-06-16T11:22:34.111771
25,12,6,5,0,5,2026-06-16T11:22:35.697299
25,12,7,5,0,5,2026-06-16T11:22:36.699739
25,12,8,5,0,5,2026-06-16T11:22:37.488158
25,12,9,5,0,5,2026-06-16T11:22:38.698412
25,12,10,5,0,5,2026-06-16T11:22:40.514614
25,13,1,5,0,5,2026-06-16T11:22:43.151048
25,13,2,5,0,5,2026-06-16T11:22:43.950353
25,13,3,5,0,5,2026-06-16T11:22:45.152118
25,13,4,5,0,5,2026-06-16T11:22:46.549217
25,13,5,5,0,5,2026-06-16T11:22:47.353841
25,13,6,5,0,5,2026-06-16T11:22:48.563086
25,13,7,5,0,5,2026-06-16T11:22:49.567238
25,13,8,5,0,5,2026-06-16T11:22:51.171026
25,13,9,5,0,5,2026-06-16T11:22:52.374011
25,13,10,5,0,5,2026-06-16T11:22:53.674967
25,14,1,4,0,4,2026-06-16T11:22:55.486052
25,14,2,5,0,5,2026-06-16T11:22:57.081640
25,14,3,5,0,5,2026-06-16T11:22:58.474733
25,14,4,5,0,5,2026-06-16T11:22:59.874689
25,14,5,5,0,5,2026-06-16T11:23:00.743444
25,14,6,5,0,5,2026-06-16T11:23:01.935878
25,14,7,5,0,5,2026-06-16T11:23:03.145686
25,14,8,5,0,5,2026-06-16T11:23:05.147891
25,14,9,5,0,5,2026-06-16T11:23:06.538080
25,14,10,5,0,5,2026-06-16T11:23:09.158244
25,15,1,5,0,5,2026-06-16T11:23:10.963192
25,15,2,5,0,5,2026-06-16T11:23:12.821974
25,15,3,5,0,5,2026-06-16T11:23:14.620911
25,15,4,5,0,5,2026-06-16T11:23:16.218228
25,15,5,5,0,5,2026-06-16T11:23:17.410063
25,15,6,5,0,5,2026-06-16T11:23:18.608620
25,15,7,5,0,5,2026-06-16T11:23:19.888958
25,15,8,5,0,5,2026-06-16T11:23:21.091153
25,15,9,5,0,5,2026-06-16T11:23:22.279592
25,15,10,5,0,5,2026-06-16T11:23:24.288963
25,16,1,5,0,5,2026-06-16T11:23:25.684222
25,16,2,5,0,5,2026-06-16T11:23:26.892370
25,16,3,5,0,5,2026-06-16T11:23:28.706700
25,16,4,5,0,5,2026-06-16T11:23:30.438891
25,16,5,5,0,5,2026-06-16T11:23:31.649507
25,16,6,5,0,5,2026-06-16T11:23:32.487353
25,16,7,5,0,5,2026-06-16T11:23:33.699131
25,16,8,5,0,5,2026-06-16T11:23:35.099059
25,16,9,5,0,5,2026-06-16T11:23:38.244466
25,16,10,5,0,5,2026-06-16T11:23:39.439231
25,17,1,5,0,5,2026-06-16T11:23:40.442228
25,17,2,5,0,5,2026-06-16T11:23:41.433570
25,17,3,5,0,5,2026-06-16T11:23:42.658094
25,17,4,5,0,5,2026-06-16T11:23:44.057806
25,17,5,5,0,5,2026-06-16T11:23:46.271224
25,17,6,5,0,5,2026-06-16T11:23:47.274210
25,17,7,5,0,5,2026-06-16T11:23:48.881598
25,17,8,5,0,5,2026-06-16T11:23:49.887477
25,17,9,5,0,5,2026-06-16T11:23:51.297845
25,17,10,5,0,5,2026-06-16T11:23:53.307318
25,18,1,5,0,5,2026-06-16T11:23:54.306691
25,18,2,4,0,4,2026-06-16T11:23:55.508828
25,18,3,5,0,5,2026-06-16T11:23:56.516912
25,18,4,5,0,5,2026-06-16T11:23:57.677980
25,18,5,5,0,5,2026-06-16T11:23:58.470707
25,18,6,5,0,5,2026-06-16T11:23:59.665805
25,18,7,5,0,5,2026-06-16T11:24:01.473600
25,18,8,5,0,5,2026-06-16T11:24:03.885762
25,18,9,5,0,5,2026-06-16T11:24:05.489999
25,18,10,4,0,4,2026-06-16T11:24:06.697324
25,19,1,5,0,5,2026-06-16T11:24:08.305827
25,19,2,5,0,5,2026-06-16T11:24:10.101811
25,19,3,5,0,5,2026-06-16T11:24:11.710473
25,19,4,5,0,5,2026-06-16T11:24:13.328275
25,19,5,5,0,5,2026-06-16T11:24:14.949868
25,19,6,5,0,5,2026-06-16T11:24:15.931685
25,19,7,5,0,5,2026-06-16T11:24:17.524071
25,19,8,5,0,5,2026-06-16T11:24:18.723707
25,19,9,5,0,5,2026-06-16T11:24:19.923991
25,19,10,5,0,5,2026-06-16T11:24:21.436472
25,20,1,5,0,5,2026-06-16T11:24:23.441028
25,20,2,5,0,5,2026-06-16T11:24:25.325535
25,20,3,5,0,5,2026-06-16T11:24:27.169320
25,20,4,5,0,5,2026-06-16T11:24:28.602754
25,20,5,5,0,5,2026-06-16T11:24:31.477366
25,20,6,5,0,5,2026-06-16T11:24:33.677576
25,20,7,5,0,5,2026-06-16T11:24:35.469609
25,20,8,5,0,5,2026-06-16T11:24:36.270673
25,20,9,5,0,5,2026-06-16T11:24:37.470185
25,20,10,5,0,5,2026-06-16T11:24:39.076439
25,21,1,5,0,5,2026-06-16T11:24:40.276440
25,21,2,5,0,5,2026-06-16T11:24:41.915570
25,21,3,5,0,5,2026-06-16T11:24:42.718681
25,21,4,5,0,5,2026-06-16T11:24:44.305620
25,21,5,5,0,5,2026-06-16T11:24:46.112288
25,21,6,5,0,5,2026-06-16T11:24:47.328078
25,21,7,5,0,5,2026-06-16T11:24:48.925458
25,21,8,5,0,5,2026-06-16T11:24:50.141686
25,21,9,5,0,5,2026-06-16T11:24:51.154572
25,21,10,5,0,5,2026-06-16T11:24:52.750643
25,22,1,5,0,5,2026-06-16T11:24:53.792836
25,22,2,5,0,5,2026-06-16T11:24:55.229507
25,22,3,5,0,5,2026-06-16T11:24:57.872901
25,22,4,5,0,5,2026-06-16T11:25:00.065098
25,22,5,5,0,5,2026-06-16T11:25:02.080717
25,22,6,5,0,5,2026-06-16T11:25:03.301026
25,22,7,5,0,5,2026-06-16T11:25:04.546480
25,22,8,5,0,5,2026-06-16T11:25:05.746696
25,22,9,5,0,5,2026-06-16T11:25:06.954665
25,22,10,5,0,5,2026-06-16T11:25:08.169756
25,23,1,4,0,4,2026-06-16T11:25:09.564975
25,23,2,4,0,4,2026-06-16T11:25:11.177733
25,23,3,4,0,4,2026-06-16T11:25:12.361367
25,23,4,4,0,4,2026-06-16T11:25:13.584991
25,23,5,4,0,4,2026-06-16T11:25:14.584041
25,23,6,4,0,4,2026-06-16T11:25:15.810498
25,23,7,4,0,4,2026-06-16T11:25:17.008817
25,23,8,4,0,4,2026-06-16T11:25:18.411916
25,23,9,4,0,4,2026-06-16T11:25:20.231610
25,23,10,4,0,4,2026-06-16T11:25:22.063391
25,24,1,4,0,4,2026-06-16T11:25:24.507671
25,24,2,4,0,4,2026-06-16T11:25:27.410573
25,24,3,4,0,4,2026-06-16T11:25:28.508959
25,24,4,4,0,4,2026-06-16T11:25:30.556825
25,24,5,4,0,4,2026-06-16T11:25:32.177441
25,24,6,4,0,4,2026-06-16T11:25:33.785708
25,24,7,4,0,4,2026-06-16T11:25:35.064322
25,24,8,4,0,4,2026-06-16T11:25:36.667827
25,24,9,4,0,4,2026-06-16T11:25:38.336369
25,24,10,4,0,4,2026-06-16T11:25:39.940657
25,25,1,5,0,5,2026-06-16T11:25:41.541282
25,25,2,5,0,5,2026-06-16T11:25:42.871975
25,25,3,5,0,5,2026-06-16T11:25:44.376953
25,25,4,5,0,5,2026-06-16T11:25:45.972380
25,25,5,5,0,5,2026-06-16T11:25:47.660961
25,25,6,5,0,5,2026-06-16T11:25:49.334337
25,25,7,5,0,5,2026-06-16T11:25:50.618883
25,25,8,5,0,5,2026-06-16T11:25:52.221048
25,25,9,5,0,5,2026-06-16T11:25:54.306325
25,25,10,5,0,5,2026-06-16T11:25:56.060686
25,26,1,3,0,3,2026-06-16T11:25:58.005882
25,26,2,3,0,3,2026-06-16T11:25:59.411166
25,26,3,3,0,3,2026-06-16T11:26:00.819892
25,26,4,3,0,3,2026-06-16T11:26:02.415734
25,26,5,3,0,3,2026-06-16T11:26:04.011704
25,26,6,3,0,3,2026-06-16T11:26:05.212843
25,26,7,3,0,3,2026-06-16T11:26:06.009867
25,26,8,3,0,3,2026-06-16T11:26:07.383182
25,26,9,3,0,3,2026-06-16T11:26:09.408526
25,26,10,3,0,3,2026-06-16T11:26:11.018242
25,27,1,2,0,2,2026-06-16T11:26:12.805070
25,27,2,2,0,2,2026-06-16T11:26:14.489257
25,27,3,2,0,2,2026-06-16T11:26:15.698877
25,27,4,2,0,2,2026-06-16T11:26:17.499826
25,27,5,2,0,2,2026-06-16T11:26:19.326614
25,27,6,2,0,2,2026-06-16T11:26:21.350801
25,27,7,2,0,2,2026-06-16T11:26:22.740256
25,27,8,2,0,2,2026-06-16T11:26:24.366325
25,27,9,2,0,2,2026-06-16T11:26:26.586028
25,27,10,2,0,2,2026-06-16T11:26:28.224964
25,28,1,3,0,3,2026-06-16T11:26:29.426255
25,28,2,3,0,3,2026-06-16T11:26:31.238121
25,28,3,3,0,3,2026-06-16T11:26:32.637851
25,28,4,3,0,3,2026-06-16T11:26:34.239466
25,28,5,3,0,3,2026-06-16T11:26:36.037614
25,28,6,3,0,3,2026-06-16T11:26:37.433693
25,28,7,3,0,3,2026-06-16T11:26:39.038441
25,28,8,3,0,3,2026-06-16T11:26:40.427467
25,28,9,3,0,3,2026-06-16T11:26:41.817610
25,28,10,3,0,3,2026-06-16T11:26:42.828496
25,29,1,5,0,5,2026-06-16T11:26:44.454107
25,29,2,5,0,5,2026-06-16T11:26:45.660743
25,29,3,5,0,5,2026-06-16T11:26:48.096402
25,29,4,5,0,5,2026-06-16T11:26:50.842073
25,29,5,5,0,5,2026-06-16T11:26:51.867927
25,29,6,5,0,5,2026-06-16T11:26:52.667279
25,29,7,5,0,5,2026-06-16T11:26:54.264216
25,29,8,5,0,5,2026-06-16T11:26:56.050568
25,29,9,5,0,5,2026-06-16T11:26:57.070380
25,29,10,5,0,5,2026-06-16T11:26:58.320594
25,30,1,5,0,5,2026-06-16T11:26:59.343178
25,30,2,5,0,5,2026-06-16T11:27:00.979131
25,30,3,5,0,5,2026-06-16T11:27:03.030692
25,30,4,5,0,5,2026-06-16T11:27:04.841663
25,30,5,5,0,5,2026-06-16T11:27:06.048449
25,30,6,5,0,5,2026-06-16T11:27:07.857555
25,30,7,5,0,5,2026-06-16T11:27:09.283147
25,30,8,5,0,5,2026-06-16T11:27:10.096522
25,30,9,5,0,5,2026-06-16T11:27:11.937299
25,30,10,5,0,5,2026-06-16T11:27:13.741408
26,1,1,4,0,4,2026-06-16T11:27:15.009234
26,1,2,4,0,4,2026-06-16T11:27:16.426130
26,1,3,5,0,5,2026-06-16T11:27:17.849309
26,1,4,5,0,5,2026-06-16T11:27:18.696736
26,1,5,5,0,5,2026-06-16T11:27:20.291707
26,1,6,5,0,5,2026-06-16T11:27:22.089691
26,1,7,4,0,4,2026-06-16T11:27:23.280568
26,1,8,5,0,5,2026-06-16T11:27:24.946816
26,1,9,5,0,5,2026-06-16T11:27:26.144382
26,1,10,4,0,4,2026-06-16T11:27:27.557529
26,2,1,5,0,5,2026-06-16T11:27:29.568256
26,2,2,5,0,5,2026-06-16T11:27:31.168605
26,2,3,4,0,4,2026-06-16T11:27:31.955090
26,2,4,5,0,5,2026-06-16T11:27:33.354014
26,2,5,5,0,5,2026-06-16T11:27:34.534043
26,2,6,5,0,5,2026-06-16T11:27:36.528217
26,2,7,5,0,5,2026-06-16T11:27:38.535347
26,2,8,5,0,5,2026-06-16T11:27:40.758551
26,2,9,5,0,5,2026-06-16T11:27:41.839260
26,2,10,4,0,4,2026-06-16T11:27:43.438503
26,3,1,2,0,2,2026-06-16T11:27:45.050310
26,3,2,2,0,2,2026-06-16T11:27:46.244226
26,3,3,2,0,2,2026-06-16T11:27:47.654449
26,3,4,2,0,2,2026-06-16T11:27:48.858437
26,3,5,2,0,2,2026-06-16T11:27:50.442901
26,3,6,2,0,2,2026-06-16T11:27:52.060341
26,3,7,2,0,2,2026-06-16T11:27:52.864733
26,3,8,2,0,2,2026-06-16T11:27:54.537942
26,3,9,2,0,2,2026-06-16T11:27:55.747191
26,3,10,2,0,2,2026-06-16T11:27:56.547654
26,4,1,1,0,1,2026-06-16T11:27:57.748550
26,4,2,1,0,1,2026-06-16T11:27:59.353248
26,4,3,1,0,1,2026-06-16T11:28:00.574110
26,4,4,1,0,1,2026-06-16T11:28:01.802674
26,4,5,1,0,1,2026-06-16T11:28:02.996722
26,4,6,1,0,1,2026-06-16T11:28:04.422903
26,4,7,1,0,1,2026-06-16T11:28:07.302158
26,4,8,1,0,1,2026-06-16T11:28:09.107364
26,4,9,1,0,1,2026-06-16T11:28:10.303838
26,4,10,1,0,1,2026-06-16T11:28:11.700041
26,5,1,1,0,1,2026-06-16T11:28:13.483501
26,5,2,1,0,1,2026-06-16T11:28:16.910056
26,5,3,1,0,1,2026-06-16T11:28:18.516467
26,5,4,1,0,1,2026-06-16T11:28:20.129578
26,5,5,1,0,1,2026-06-16T11:28:21.726162
26,5,6,1,0,1,2026-06-16T11:28:22.520359
26,5,7,1,0,1,2026-06-16T11:28:23.546044
26,5,8,1,0,1,2026-06-16T11:28:25.158911
26,5,9,1,0,1,2026-06-16T11:28:26.353039
26,5,10,1,0,1,2026-06-16T11:28:27.945049
26,6,1,5,0,5,2026-06-16T11:28:29.351019
26,6,2,5,0,5,2026-06-16T11:28:30.149784
26,6,3,5,0,5,2026-06-16T11:28:32.144045
26,6,4,5,0,5,2026-06-16T11:28:34.579874
26,6,5,5,0,5,2026-06-16T11:28:35.382274
26,6,6,5,0,5,2026-06-16T11:28:37.182473
26,6,7,5,0,5,2026-06-16T11:28:38.798213
26,6,8,5,0,5,2026-06-16T11:28:41.660809
26,6,9,5,0,5,2026-06-16T11:28:43.481769
26,6,10,5,0,5,2026-06-16T11:28:44.686405
26,7,1,5,0,5,2026-06-16T11:28:45.886573
26,7,2,5,0,5,2026-06-16T11:28:46.885449
26,7,3,5,0,5,2026-06-16T11:28:48.084102
26,7,4,5,0,5,2026-06-16T11:28:49.284551
26,7,5,5,0,5,2026-06-16T11:28:50.756905
26,7,6,5,0,5,2026-06-16T11:28:51.558600
26,7,7,5,0,5,2026-06-16T11:28:53.146028
26,7,8,5,0,5,2026-06-16T11:28:53.952809
26,7,9,5,0,5,2026-06-16T11:28:55.163282
26,7,10,5,0,5,2026-06-16T11:28:55.959618
26,8,1,2,0,2,2026-06-16T11:28:56.944002
26,8,2,2,0,2,2026-06-16T11:28:58.546628
26,8,3,2,0,2,2026-06-16T11:28:59.956512
26,8,4,2,0,2,2026-06-16T11:29:02.842291
26,8,5,2,0,2,2026-06-16T11:29:03.854306
26,8,6,2,0,2,2026-06-16T11:29:05.048904
26,8,7,2,0,2,2026-06-16T11:29:06.457347
26,8,8,2,0,2,2026-06-16T11:29:08.260901
26,8,9,2,0,2,2026-06-16T11:29:09.055323
26,8,10,2,0,2,2026-06-16T11:29:10.044404
26,9,1,2,0,2,2026-06-16T11:29:11.342467
26,9,2,2,0,2,2026-06-16T11:29:12.543353
26,9,3,2,0,2,2026-06-16T11:29:13.929125
26,9,4,2,0,2,2026-06-16T11:29:15.523685
26,9,5,2,0,2,2026-06-16T11:29:16.973588
26,9,6,2,0,2,2026-06-16T11:29:17.772699
26,9,7,2,0,2,2026-06-16T11:29:19.771749
26,9,8,2,0,2,2026-06-16T11:29:21.071845
26,9,9,2,0,2,2026-06-16T11:29:22.680345
26,9,10,2,0,2,2026-06-16T11:29:24.292524
26,10,1,1,0,1,2026-06-16T11:29:25.706390
26,10,2,1,0,1,2026-06-16T11:29:28.587647
26,10,3,1,0,1,2026-06-16T11:29:30.190796
26,10,4,1,0,1,2026-06-16T11:29:31.376639
26,10,5,1,0,1,2026-06-16T11:29:32.576666
26,10,6,1,0,1,2026-06-16T11:29:34.384985
26,10,7,1,0,1,2026-06-16T11:29:35.608469
26,10,8,1,0,1,2026-06-16T11:29:37.202967
26,10,9,1,0,1,2026-06-16T11:29:38.183643
26,10,10,1,0,1,2026-06-16T11:29:39.197339
26,11,1,5,0,5,2026-06-16T11:29:41.036833
26,11,2,5,0,5,2026-06-16T11:29:42.832652
26,11,3,5,0,5,2026-06-16T11:29:44.424800
26,11,4,5,0,5,2026-06-16T11:29:45.611821
26,11,5,5,0,5,2026-06-16T11:29:46.805403
26,11,6,5,0,5,2026-06-16T11:29:48.166140
26,11,7,5,0,5,2026-06-16T11:29:49.638920
26,11,8,5,0,5,2026-06-16T11:29:51.037981
26,11,9,5,0,5,2026-06-16T11:29:52.647396
26,11,10,5,0,5,2026-06-16T11:29:54.036896
26,12,1,5,0,5,2026-06-16T11:29:57.179895
26,12,2,5,0,5,2026-06-16T11:29:59.188762
26,12,3,5,0,5,2026-06-16T11:30:01.809092
26,12,4,5,0,5,2026-06-16T11:30:03.399582
26,12,5,5,0,5,2026-06-16T11:30:04.207357
26,12,6,5,0,5,2026-06-16T11:30:05.211946
26,12,7,5,0,5,2026-06-16T11:30:06.433805
26,12,8,5,0,5,2026-06-16T11:30:08.226728
26,12,9,5,0,5,2026-06-16T11:30:09.215148
26,12,10,5,0,5,2026-06-16T11:30:10.400878
26,13,1,2,0,2,2026-06-16T11:30:12.190554
26,13,2,2,0,2,2026-06-16T11:30:13.786372
26,13,3,2,0,2,2026-06-16T11:30:14.975455
26,13,4,2,0,2,2026-06-16T11:30:16.675971
26,13,5,2,0,2,2026-06-16T11:30:18.470368
26,13,6,2,0,2,2026-06-16T11:30:20.362076
26,13,7,2,0,2,2026-06-16T11:30:22.202946
26,13,8,2,0,2,2026-06-16T11:30:23.994407
26,13,9,2,0,2,2026-06-16T11:30:25.787841
26,13,10,2,0,2,2026-06-16T11:30:27.791080
26,14,1,2,0,2,2026-06-16T11:30:29.002221
26,14,2,2,0,2,2026-06-16T11:30:30.200915
26,14,3,2,0,2,2026-06-16T11:30:31.402746
26,14,4,2,0,2,2026-06-16T11:30:33.196818
26,14,5,2,0,2,2026-06-16T11:30:34.398976
26,14,6,2,0,2,2026-06-16T11:30:36.200693
26,14,7,2,0,2,2026-06-16T11:30:37.403073
26,14,8,2,0,2,2026-06-16T11:30:38.590071
26,14,9,2,0,2,2026-06-16T11:30:40.198075
26,14,10,2,0,2,2026-06-16T11:30:41.407961
26,15,1,2,0,2,2026-06-16T11:30:42.890281
26,15,2,2,0,2,2026-06-16T11:30:43.700175
26,15,3,2,0,2,2026-06-16T11:30:45.085984
26,15,4,2,0,2,2026-06-16T11:30:46.288782
26,15,5,2,0,2,2026-06-16T11:30:48.297257
26,15,6,2,0,2,2026-06-16T11:30:50.492511
26,15,7,2,0,2,2026-06-16T11:30:52.106489
26,15,8,2,0,2,2026-06-16T11:30:53.910461
26,15,9,2,0,2,2026-06-16T11:30:55.383027
26,15,10,2,0,2,2026-06-16T11:30:57.640074
26,16,1,5,0,5,2026-06-16T11:30:59.037263
26,16,2,5,0,5,2026-06-16T11:31:00.246977
26,16,3,5,0,5,2026-06-16T11:31:02.034243
26,16,4,5,0,5,2026-06-16T11:31:02.826392
26,16,5,5,0,5,2026-06-16T11:31:04.035046
26,16,6,5,0,5,2026-06-16T11:31:05.256887
26,16,7,5,0,5,2026-06-16T11:31:06.835799
26,16,8,5,0,5,2026-06-16T11:31:08.037693
26,16,9,5,0,5,2026-06-16T11:31:09.245241
26,16,10,5,0,5,2026-06-16T11:31:10.238196
26,17,1,5,0,5,2026-06-16T11:31:11.633829
26,17,2,5,0,5,2026-06-16T11:31:12.635574
26,17,3,5,0,5,2026-06-16T11:31:14.027431
26,17,4,5,0,5,2026-06-16T11:31:16.243817
26,17,5,5,0,5,2026-06-16T11:31:19.381886
26,17,6,5,0,5,2026-06-16T11:31:20.584591
26,17,7,5,0,5,2026-06-16T11:31:21.782572
26,17,8,5,0,5,2026-06-16T11:31:23.648673
26,17,9,5,0,5,2026-06-16T11:31:25.282301
26,17,10,5,0,5,2026-06-16T11:31:27.745174
26,18,1,5,0,5,2026-06-16T11:31:29.149102
26,18,2,5,0,5,2026-06-16T11:31:30.535137
26,18,3,5,0,5,2026-06-16T11:31:32.147513
26,18,4,5,0,5,2026-06-16T11:31:33.751309
26,18,5,5,0,5,2026-06-16T11:31:35.351258
26,18,6,5,0,5,2026-06-16T11:31:36.554106
26,18,7,5,0,5,2026-06-16T11:31:38.152589
26,18,8,5,0,5,2026-06-16T11:31:39.550240
26,18,9,5,0,5,2026-06-16T11:31:41.157630
26,18,10,5,0,5,2026-06-16T11:31:44.027916
26,19,1,5,0,5,2026-06-16T11:31:46.040267
26,19,2,4,0,4,2026-06-16T11:31:47.435383
26,19,3,4,0,4,2026-06-16T11:31:48.841941
26,19,4,4,0,4,2026-06-16T11:31:50.847410
26,19,5,5,0,5,2026-06-16T11:31:52.039693
26,19,6,5,0,5,2026-06-16T11:31:53.343216
26,19,7,5,0,5,2026-06-16T11:31:54.720606
26,19,8,4,0,4,2026-06-16T11:31:55.521188
26,19,9,4,0,4,2026-06-16T11:31:56.511190
26,19,10,4,0,4,2026-06-16T11:31:57.324799
26,20,1,5,0,5,2026-06-16T11:31:58.944811
26,20,2,5,0,5,2026-06-16T11:32:00.556250
26,20,3,5,0,5,2026-06-16T11:32:01.750691
26,20,4,5,0,5,2026-06-16T11:32:03.368333
26,20,5,5,0,5,2026-06-16T11:32:04.367513
26,20,6,5,0,5,2026-06-16T11:32:05.353311
26,20,7,5,0,5,2026-06-16T11:32:06.327857
26,20,8,5,0,5,2026-06-16T11:32:07.738864
26,20,9,5,0,5,2026-06-16T11:32:09.536452
26,20,10,5,0,5,2026-06-16T11:32:11.757375
26,21,1,5,0,5,2026-06-16T11:32:13.353585
26,21,2,5,0,5,2026-06-16T11:32:14.760643
26,21,3,5,0,5,2026-06-16T11:32:15.759955
26,21,4,5,0,5,2026-06-16T11:32:17.360904
26,21,5,5,0,5,2026-06-16T11:32:18.156796
26,21,6,5,0,5,2026-06-16T11:32:18.949872
26,21,7,5,0,5,2026-06-16T11:32:20.164751
26,21,8,5,0,5,2026-06-16T11:32:22.176172
26,21,9,5,0,5,2026-06-16T11:32:23.366520
26,21,10,5,0,5,2026-06-16T11:32:24.561970
26,22,1,5,0,5,2026-06-16T11:32:26.138642
26,22,2,5,0,5,2026-06-16T11:32:27.326499
26,22,3,5,0,5,2026-06-16T11:32:28.526699
26,22,4,5,0,5,2026-06-16T11:32:29.728738
26,22,5,5,0,5,2026-06-16T11:32:31.151472
26,22,6,5,0,5,2026-06-16T11:32:32.145363
26,22,7,5,0,5,2026-06-16T11:32:33.016928
26,22,8,5,0,5,2026-06-16T11:32:34.429222
26,22,9,5,0,5,2026-06-16T11:32:37.566864
26,22,10,5,0,5,2026-06-16T11:32:40.162315
26,23,1,4,0,4,2026-06-16T11:32:41.765875
26,23,2,4,0,4,2026-06-16T11:32:42.764831
26,23,3,4,0,4,2026-06-16T11:32:43.750761
26,23,4,4,0,4,2026-06-16T11:32:45.345725
26,23,5,4,0,4,2026-06-16T11:32:46.949729
26,23,6,4,0,4,2026-06-16T11:32:48.751721
26,23,7,4,0,4,2026-06-16T11:32:49.943247
26,23,8,4,0,4,2026-06-16T11:32:51.558178
26,23,9,4,0,4,2026-06-16T11:32:52.762894
26,23,10,4,0,4,2026-06-16T11:32:53.966336
26,24,1,0,0,0,2026-06-16T11:32:54.964926
26,24,2,0,0,0,2026-06-16T11:32:56.597020
26,24,3,0,0,0,2026-06-16T11:32:57.387154
26,24,4,0,0,0,2026-06-16T11:32:58.583915
26,24,5,0,0,0,2026-06-16T11:32:59.981601
26,24,6,0,0,0,2026-06-16T11:33:01.399713
26,24,7,0,0,0,2026-06-16T11:33:02.974646
26,24,8,0,0,0,2026-06-16T11:33:05.365692
26,24,9,0,0,0,2026-06-16T11:33:06.969365
26,24,10,0,0,0,2026-06-16T11:33:08.162754
26,25,1,1,0,1,2026-06-16T11:33:09.572443
26,25,2,3,0,3,2026-06-16T11:33:11.647260
26,25,3,1,0,1,2026-06-16T11:33:14.792193
26,25,4,0,0,0,2026-06-16T11:33:16.578440
26,25,5,1,0,1,2026-06-16T11:33:17.791273
26,25,6,1,0,1,2026-06-16T11:33:18.590145
26,25,7,1,0,1,2026-06-16T11:33:20.183304
26,25,8,1,0,1,2026-06-16T11:33:21.271976
26,25,9,3,0,3,2026-06-16T11:33:22.272828
26,25,10,0,0,0,2026-06-16T11:33:24.072559
26,26,1,3,0,3,2026-06-16T11:33:25.504939
26,26,2,3,0,3,2026-06-16T11:33:26.883523
26,26,3,3,0,3,2026-06-16T11:33:29.088716
26,26,4,3,0,3,2026-06-16T11:33:31.722644
26,26,5,3,0,3,2026-06-16T11:33:33.135038
26,26,6,3,0,3,2026-06-16T11:33:34.745903
26,26,7,3,0,3,2026-06-16T11:33:36.748927
26,26,8,3,0,3,2026-06-16T11:33:38.955425
26,26,9,3,0,3,2026-06-16T11:33:40.762578
26,26,10,3,0,3,2026-06-16T11:33:42.157784
26,27,1,3,0,3,2026-06-16T11:33:43.360705
26,27,2,3,0,3,2026-06-16T11:33:44.154529
26,27,3,3,0,3,2026-06-16T11:33:45.348905
26,27,4,3,0,3,2026-06-16T11:33:46.549810
26,27,5,3,0,3,2026-06-16T11:33:48.152062
26,27,6,3,0,3,2026-06-16T11:33:49.842822
26,27,7,3,0,3,2026-06-16T11:33:51.044422
26,27,8,3,0,3,2026-06-16T11:33:52.637956
26,27,9,3,0,3,2026-06-16T11:33:54.031513
26,27,10,3,0,3,2026-06-16T11:33:55.472035
26,28,1,2,0,2,2026-06-16T11:33:58.097702
26,28,2,2,0,2,2026-06-16T11:34:01.527415
26,28,3,3,0,3,2026-06-16T11:34:02.517778
26,28,4,2,0,2,2026-06-16T11:34:04.521976
26,28,5,2,0,2,2026-06-16T11:34:06.126044
26,28,6,2,0,2,2026-06-16T11:34:06.918775
26,28,7,3,0,3,2026-06-16T11:34:08.515246
26,28,8,2,0,2,2026-06-16T11:34:09.717973
26,28,9,2,0,2,2026-06-16T11:34:10.724590
26,28,10,2,0,2,2026-06-16T11:34:11.929570
26,29,1,5,0,5,2026-06-16T11:34:12.925193
26,29,2,5,0,5,2026-06-16T11:34:14.748141
26,29,3,5,0,5,2026-06-16T11:34:15.965145
26,29,4,5,0,5,2026-06-16T11:34:16.757792
26,29,5,5,0,5,2026-06-16T11:34:18.145667
26,29,6,5,0,5,2026-06-16T11:34:19.961089
26,29,7,5,0,5,2026-06-16T11:34:21.365430
26,29,8,5,0,5,2026-06-16T11:34:23.366339
26,29,9,5,0,5,2026-06-16T11:34:26.814672
26,29,10,5,0,5,2026-06-16T11:34:28.013994
26,30,1,5,0,5,2026-06-16T11:34:29.623109
26,30,2,5,0,5,2026-06-16T11:34:31.219188
26,30,3,5,0,5,2026-06-16T11:34:32.209802
26,30,4,5,0,5,2026-06-16T11:34:34.216729
26,30,5,5,0,5,2026-06-16T11:34:35.814383
26,30,6,5,0,5,2026-06-16T11:34:37.820567
26,30,7,5,0,5,2026-06-16T11:34:39.423923
26,30,8,5,0,5,2026-06-16T11:34:41.018018
26,30,9,5,0,5,2026-06-16T11:34:42.416957
26,30,10,5,0,5,2026-06-16T11:34:43.824689
27,1,1,5,0,5,2026-06-16T11:34:45.620816
27,1,2,5,0,5,2026-06-16T11:34:47.229777
27,1,3,5,0,5,2026-06-16T11:34:48.836246
27,1,4,5,0,5,2026-06-16T11:34:51.268628
27,1,5,5,0,5,2026-06-16T11:34:53.837834
27,1,6,5,0,5,2026-06-16T11:34:55.066776
27,1,7,5,0,5,2026-06-16T11:34:56.062025
27,1,8,5,0,5,2026-06-16T11:34:57.660277
27,1,9,5,0,5,2026-06-16T11:34:59.678925
27,1,10,5,0,5,2026-06-16T11:35:01.294928
27,2,1,5,0,5,2026-06-16T11:35:02.543219
27,2,2,5,0,5,2026-06-16T11:35:04.339882
27,2,3,5,0,5,2026-06-16T11:35:05.528188
27,2,4,5,0,5,2026-06-16T11:35:07.132119
27,2,5,5,0,5,2026-06-16T11:35:08.742309
27,2,6,5,0,5,2026-06-16T11:35:09.932078
27,2,7,5,0,5,2026-06-16T11:35:11.520543
27,2,8,5,0,5,2026-06-16T11:35:13.126187
27,2,9,5,0,5,2026-06-16T11:35:14.943049
27,2,10,5,0,5,2026-06-16T11:35:15.739766
27,3,1,1,0,1,2026-06-16T11:35:16.945697
27,3,2,1,0,1,2026-06-16T11:35:20.119135
27,3,3,1,0,1,2026-06-16T11:35:23.882920
27,3,4,1,0,1,2026-06-16T11:35:25.497121
27,3,5,1,0,1,2026-06-16T11:35:26.707243
27,3,6,1,0,1,2026-06-16T11:35:28.116284
27,3,7,1,0,1,2026-06-16T11:35:29.517831
27,3,8,1,0,1,2026-06-16T11:35:31.536000
27,3,9,1,0,1,2026-06-16T11:35:32.944889
27,3,10,1,0,1,2026-06-16T11:35:34.162627
27,4,1,1,0,1,2026-06-16T11:35:35.763432
27,4,2,1,0,1,2026-06-16T11:35:37.758805
27,4,3,1,0,1,2026-06-16T11:35:39.364303
27,4,4,1,0,1,2026-06-16T11:35:41.166620
27,4,5,1,0,1,2026-06-16T11:35:42.372859
27,4,6,1,0,1,2026-06-16T11:35:43.783765
27,4,7,1,0,1,2026-06-16T11:35:45.388519
27,4,8,1,0,1,2026-06-16T11:35:47.791216
27,4,9,1,0,1,2026-06-16T11:35:48.979515
27,4,10,1,0,1,2026-06-16T11:35:50.376186
27,5,1,1,0,1,2026-06-16T11:35:51.563058
27,5,2,1,0,1,2026-06-16T11:35:52.769050
27,5,3,1,0,1,2026-06-16T11:35:54.562766
27,5,4,1,0,1,2026-06-16T11:35:56.360208
27,5,5,1,0,1,2026-06-16T11:35:58.374012
27,5,6,1,0,1,2026-06-16T11:35:59.561730
27,5,7,1,0,1,2026-06-16T11:36:00.754483
27,5,8,1,0,1,2026-06-16T11:36:01.624586
27,5,9,1,0,1,2026-06-16T11:36:02.828135
27,5,10,1,0,1,2026-06-16T11:36:04.046252
27,6,1,5,0,5,2026-06-16T11:36:05.032880
27,6,2,5,0,5,2026-06-16T11:36:06.233403
27,6,3,5,0,5,2026-06-16T11:36:07.453810
27,6,4,5,0,5,2026-06-16T11:36:08.644627
27,6,5,5,0,5,2026-06-16T11:36:09.655693
27,6,6,5,0,5,2026-06-16T11:36:11.628429
27,6,7,5,0,5,2026-06-16T11:36:13.632290
27,6,8,5,0,5,2026-06-16T11:36:15.637980
27,6,9,5,0,5,2026-06-16T11:36:17.085396
27,6,10,5,0,5,2026-06-16T11:36:18.279491
27,7,1,5,0,5,2026-06-16T11:36:19.340221
27,7,2,5,0,5,2026-06-16T11:36:20.944920
27,7,3,5,0,5,2026-06-16T11:36:22.616349
27,7,4,5,0,5,2026-06-16T11:36:23.823180
27,7,5,5,0,5,2026-06-16T11:36:25.072221
27,7,6,5,0,5,2026-06-16T11:36:26.075943
27,7,7,5,0,5,2026-06-16T11:36:27.474145
27,7,8,5,0,5,2026-06-16T11:36:28.488658
27,7,9,5,0,5,2026-06-16T11:36:29.878712
27,7,10,5,0,5,2026-06-16T11:36:31.317518
27,8,1,4,0,4,2026-06-16T11:36:33.120155
27,8,2,4,0,4,2026-06-16T11:36:34.726537
27,8,3,4,0,4,2026-06-16T11:36:35.723385
27,8,4,4,0,4,2026-06-16T11:36:36.921036
27,8,5,4,0,4,2026-06-16T11:36:37.716050
27,8,6,4,0,4,2026-06-16T11:36:39.115620
27,8,7,4,0,4,2026-06-16T11:36:41.121748
27,8,8,4,0,4,2026-06-16T11:36:44.000365
27,8,9,4,0,4,2026-06-16T11:36:45.653495
27,8,10,4,0,4,2026-06-16T11:36:47.496470
27,9,1,1,0,1,2026-06-16T11:36:48.698116
27,9,2,1,0,1,2026-06-16T11:36:50.496496
27,9,3,1,0,1,2026-06-16T11:36:51.696839
27,9,4,1,0,1,2026-06-16T11:36:53.304328
27,9,5,1,0,1,2026-06-16T11:36:54.562419
27,9,6,1,0,1,2026-06-16T11:36:56.405854
27,9,7,1,0,1,2026-06-16T11:36:58.249731
27,9,8,1,0,1,2026-06-16T11:37:00.074049
27,9,9,1,0,1,2026-06-16T11:37:01.661353
27,9,10,1,0,1,2026-06-16T11:37:03.471525
27,10,1,1,0,1,2026-06-16T11:37:04.879771
27,10,2,1,0,1,2026-06-16T11:37:05.883697
27,10,3,1,0,1,2026-06-16T11:37:08.090588
27,10,4,1,0,1,2026-06-16T11:37:10.537815
27,10,5,1,0,1,2026-06-16T11:37:12.378444
27,10,6,1,0,1,2026-06-16T11:37:13.990006
27,10,7,1,0,1,2026-06-16T11:37:15.999515
27,10,8,1,0,1,2026-06-16T11:37:17.599769
27,10,9,1,0,1,2026-06-16T11:37:18.611208
27,10,10,1,0,1,2026-06-16T11:37:19.853458
27,11,1,5,0,5,2026-06-16T11:37:21.057625
27,11,2,5,0,5,2026-06-16T11:37:22.654347
27,11,3,5,0,5,2026-06-16T11:37:23.860199
27,11,4,5,0,5,2026-06-16T11:37:25.485268
27,11,5,5,0,5,2026-06-16T11:37:27.328737
27,11,6,5,0,5,2026-06-16T11:37:28.557339
27,11,7,5,0,5,2026-06-16T11:37:30.401343
27,11,8,5,0,5,2026-06-16T11:37:31.998598
27,11,9,5,0,5,2026-06-16T11:37:33.267366
27,11,10,5,0,5,2026-06-16T11:37:35.517834
27,12,1,5,0,5,2026-06-16T11:37:37.929509
27,12,2,5,0,5,2026-06-16T11:37:38.920955
27,12,3,5,0,5,2026-06-16T11:37:40.742568
27,12,4,5,0,5,2026-06-16T11:37:42.782761
27,12,5,5,0,5,2026-06-16T11:37:44.381495
27,12,6,5,0,5,2026-06-16T11:37:46.161094
27,12,7,5,0,5,2026-06-16T11:37:47.968545
27,12,8,5,0,5,2026-06-16T11:37:49.373907
27,12,9,5,0,5,2026-06-16T11:37:50.983455
27,12,10,5,0,5,2026-06-16T11:37:51.994330
27,13,1,1,0,1,2026-06-16T11:37:53.608494
27,13,2,1,0,1,2026-06-16T11:37:55.077774
27,13,3,1,0,1,2026-06-16T11:37:56.697653
27,13,4,1,0,1,2026-06-16T11:37:58.309058
27,13,5,1,0,1,2026-06-16T11:37:59.105608
27,13,6,1,0,1,2026-06-16T11:38:00.913762
27,13,7,1,0,1,2026-06-16T11:38:02.347408
27,13,8,1,0,1,2026-06-16T11:38:03.753530
27,13,9,1,0,1,2026-06-16T11:38:05.553833
27,13,10,1,0,1,2026-06-16T11:38:06.955407
27,14,1,4,0,4,2026-06-16T11:38:07.757769
27,14,2,4,0,4,2026-06-16T11:38:09.357570
27,14,3,4,0,4,2026-06-16T11:38:10.563192
27,14,4,4,0,4,2026-06-16T11:38:11.665593
27,14,5,4,0,4,2026-06-16T11:38:13.067742
27,14,6,4,0,4,2026-06-16T11:38:14.668679
27,14,7,4,0,4,2026-06-16T11:38:16.264437
27,14,8,4,0,4,2026-06-16T11:38:17.869466
27,14,9,4,0,4,2026-06-16T11:38:18.663171
27,14,10,4,0,4,2026-06-16T11:38:19.677958
27,15,1,2,0,2,2026-06-16T11:38:21.280517
27,15,2,2,0,2,2026-06-16T11:38:22.663416
27,15,3,2,0,2,2026-06-16T11:38:24.262345
27,15,4,2,0,2,2026-06-16T11:38:25.470318
27,15,5,2,0,2,2026-06-16T11:38:26.673242
27,15,6,2,0,2,2026-06-16T11:38:28.082987
27,15,7,2,0,2,2026-06-16T11:38:29.888738
27,15,8,2,0,2,2026-06-16T11:38:32.293947
27,15,9,2,0,2,2026-06-16T11:38:34.024898
27,15,10,2,0,2,2026-06-16T11:38:35.411112
27,16,1,5,0,5,2026-06-16T11:38:37.017702
27,16,2,5,0,5,2026-06-16T11:38:38.416604
27,16,3,5,0,5,2026-06-16T11:38:39.628217
27,16,4,5,0,5,2026-06-16T11:38:40.617146
27,16,5,5,0,5,2026-06-16T11:38:42.229953
27,16,6,5,0,5,2026-06-16T11:38:44.259153
27,16,7,5,0,5,2026-06-16T11:38:45.461777
27,16,8,5,0,5,2026-06-16T11:38:46.855828
27,16,9,5,0,5,2026-06-16T11:38:48.074306
27,16,10,5,0,5,2026-06-16T11:38:49.677730
27,17,1,5,0,5,2026-06-16T11:38:51.274006
27,17,2,5,0,5,2026-06-16T11:38:52.282298
27,17,3,5,0,5,2026-06-16T11:38:53.078900
27,17,4,5,0,5,2026-06-16T11:38:54.281211
27,17,5,5,0,5,2026-06-16T11:38:55.897317
27,17,6,5,0,5,2026-06-16T11:38:57.101808
27,17,7,5,0,5,2026-06-16T11:38:59.104240
27,17,8,5,0,5,2026-06-16T11:39:00.698646
27,17,9,5,0,5,2026-06-16T11:39:02.556958
27,17,10,5,0,5,2026-06-16T11:39:03.933518
27,18,1,2,0,2,2026-06-16T11:39:05.518931
27,18,2,2,0,2,2026-06-16T11:39:06.922412
27,18,3,2,0,2,2026-06-16T11:39:07.925793
27,18,4,2,0,2,2026-06-16T11:39:09.738220
27,18,5,2,0,2,2026-06-16T11:39:10.535001
27,18,6,2,0,2,2026-06-16T11:39:11.942632
27,18,7,2,0,2,2026-06-16T11:39:13.354824
27,18,8,2,0,2,2026-06-16T11:39:14.547670
27,18,9,2,0,2,2026-06-16T11:39:15.753859
27,18,10,2,0,2,2026-06-16T11:39:16.992458
27,19,1,3,0,3,2026-06-16T11:39:18.155809
27,19,2,3,0,3,2026-06-16T11:39:19.769648
27,19,3,3,0,3,2026-06-16T11:39:21.177404
27,19,4,3,0,3,2026-06-16T11:39:22.780777
27,19,5,3,0,3,2026-06-16T11:39:23.806052
27,19,6,3,0,3,2026-06-16T11:39:25.396614
27,19,7,3,0,3,2026-06-16T11:39:27.389698
27,19,8,3,0,3,2026-06-16T11:39:29.282160
27,19,9,3,0,3,2026-06-16T11:39:30.893780
27,19,10,3,0,3,2026-06-16T11:39:32.095071
27,20,1,3,0,3,2026-06-16T11:39:33.284972
27,20,2,3,0,3,2026-06-16T11:39:34.873166
27,20,3,4,0,4,2026-06-16T11:39:36.552777
27,20,4,3,0,3,2026-06-16T11:39:37.779741
27,20,5,3,0,3,2026-06-16T11:39:38.978983
27,20,6,4,0,4,2026-06-16T11:39:40.384375
27,20,7,4,0,4,2026-06-16T11:39:41.392769
27,20,8,3,0,3,2026-06-16T11:39:42.596651
27,20,9,3,0,3,2026-06-16T11:39:43.411180
27,20,10,3,0,3,2026-06-16T11:39:45.024383
27,21,1,5,0,5,2026-06-16T11:39:46.279467
27,21,2,5,0,5,2026-06-16T11:39:48.091472
27,21,3,5,0,5,2026-06-16T11:39:49.908230
27,21,4,5,0,5,2026-06-16T11:39:51.903818
27,21,5,5,0,5,2026-06-16T11:39:53.307813
27,21,6,5,0,5,2026-06-16T11:39:55.122251
27,21,7,5,0,5,2026-06-16T11:39:56.745391
27,21,8,5,0,5,2026-06-16T11:39:58.343850
27,21,9,5,0,5,2026-06-16T11:39:59.542398
27,21,10,5,0,5,2026-06-16T11:40:01.433960
27,22,1,5,0,5,2026-06-16T11:40:03.586541
27,22,2,5,0,5,2026-06-16T11:40:04.588880
27,22,3,5,0,5,2026-06-16T11:40:05.999569
27,22,4,5,0,5,2026-06-16T11:40:07.202393
27,22,5,5,0,5,2026-06-16T11:40:08.385247
27,22,6,5,0,5,2026-06-16T11:40:09.829116
27,22,7,5,0,5,2026-06-16T11:40:11.212656
27,22,8,5,0,5,2026-06-16T11:40:12.818631
27,22,9,5,0,5,2026-06-16T11:40:13.614860
27,22,10,5,0,5,2026-06-16T11:40:15.212117
27,23,1,4,0,4,2026-06-16T11:40:16.822980
27,23,2,4,0,4,2026-06-16T11:40:18.222382
27,23,3,4,0,4,2026-06-16T11:40:19.811325
27,23,4,4,0,4,2026-06-16T11:40:21.394166
27,23,5,4,0,4,2026-06-16T11:40:23.407188
27,23,6,4,0,4,2026-06-16T11:40:25.015148
27,23,7,4,0,4,2026-06-16T11:40:26.423364
27,23,8,4,0,4,2026-06-16T11:40:28.035810
27,23,9,4,0,4,2026-06-16T11:40:29.224285
27,23,10,4,0,4,2026-06-16T11:40:30.418143
27,24,1,3,0,3,2026-06-16T11:40:31.640293
27,24,2,2,0,2,2026-06-16T11:40:33.437775
27,24,3,2,0,2,2026-06-16T11:40:34.835106
27,24,4,3,0,3,2026-06-16T11:40:36.428432
27,24,5,2,0,2,2026-06-16T11:40:38.046024
27,24,6,2,0,2,2026-06-16T11:40:39.851534
27,24,7,2,0,2,2026-06-16T11:40:40.846551
27,24,8,2,0,2,2026-06-16T11:40:42.495248
27,24,9,2,0,2,2026-06-16T11:40:44.131790
27,24,10,2,0,2,2026-06-16T11:40:45.941312
27,25,1,1,0,1,2026-06-16T11:40:46.795792
27,25,2,1,0,1,2026-06-16T11:40:50.932289
27,25,3,1,0,1,2026-06-16T11:40:52.555399
27,25,4,2,0,2,2026-06-16T11:40:53.852184
27,25,5,2,0,2,2026-06-16T11:40:55.254599
27,25,6,1,0,1,2026-06-16T11:40:56.460673
27,25,7,2,0,2,2026-06-16T11:40:58.058018
27,25,8,2,0,2,2026-06-16T11:40:59.058175
27,25,9,1,0,1,2026-06-16T11:41:00.311036
27,25,10,3,0,3,2026-06-16T11:41:01.539975
27,26,1,3,0,3,2026-06-16T11:41:03.350054
27,26,2,3,0,3,2026-06-16T11:41:04.611926
27,26,3,3,0,3,2026-06-16T11:41:06.209872
27,26,4,3,0,3,2026-06-16T11:41:07.825197
27,26,5,3,0,3,2026-06-16T11:41:09.528407
27,26,6,3,0,3,2026-06-16T11:41:10.936407
27,26,7,3,0,3,2026-06-16T11:41:12.748877
27,26,8,3,0,3,2026-06-16T11:41:14.442081
27,26,9,3,0,3,2026-06-16T11:41:15.429817
27,26,10,3,0,3,2026-06-16T11:41:19.194855
27,27,1,5,0,5,2026-06-16T11:41:20.203124
27,27,2,5,0,5,2026-06-16T11:41:22.429965
27,27,3,5,0,5,2026-06-16T11:41:24.430713
27,27,4,5,0,5,2026-06-16T11:41:25.636639
27,27,5,5,0,5,2026-06-16T11:41:27.037104
27,27,6,5,0,5,2026-06-16T11:41:28.625451
27,27,7,5,0,5,2026-06-16T11:41:30.231195
27,27,8,5,0,5,2026-06-16T11:41:31.847361
27,27,9,5,0,5,2026-06-16T11:41:33.436817
27,27,10,5,0,5,2026-06-16T11:41:35.222521
27,28,1,1,0,1,2026-06-16T11:41:36.606795
27,28,2,1,0,1,2026-06-16T11:41:37.995147
27,28,3,1,0,1,2026-06-16T11:41:39.603856
27,28,4,1,0,1,2026-06-16T11:41:42.009764
27,28,5,1,0,1,2026-06-16T11:41:45.752253
27,28,6,1,0,1,2026-06-16T11:41:46.953474
27,28,7,1,0,1,2026-06-16T11:41:48.761337
27,28,8,1,0,1,2026-06-16T11:41:50.178883
27,28,9,1,0,1,2026-06-16T11:41:51.178263
27,28,10,1,0,1,2026-06-16T11:41:52.789460
27,29,1,3,0,3,2026-06-16T11:41:54.199997
27,29,2,3,0,3,2026-06-16T11:41:55.501776
27,29,3,3,0,3,2026-06-16T11:41:57.314015
27,29,4,3,0,3,2026-06-16T11:41:59.394911
27,29,5,3,0,3,2026-06-16T11:42:00.579066
27,29,6,3,0,3,2026-06-16T11:42:01.773108
27,29,7,3,0,3,2026-06-16T11:42:03.014093
27,29,8,3,0,3,2026-06-16T11:42:04.616289
27,29,9,3,0,3,2026-06-16T11:42:05.640081
27,29,10,3,0,3,2026-06-16T11:42:06.459088
27,30,1,3,0,3,2026-06-16T11:42:08.067637
27,30,2,3,0,3,2026-06-16T11:42:10.070783
27,30,3,3,0,3,2026-06-16T11:42:11.110827
27,30,4,3,0,3,2026-06-16T11:42:13.108355
27,30,5,3,0,3,2026-06-16T11:42:14.525125
27,30,6,3,0,3,2026-06-16T11:42:15.933659
27,30,7,3,0,3,2026-06-16T11:42:17.348332
27,30,8,3,0,3,2026-06-16T11:42:19.562619
27,30,9,3,0,3,2026-06-16T11:42:21.407661
27,30,10,3,0,3,2026-06-16T11:42:22.794134
28,1,1,4,0,4,2026-06-16T11:42:24.409017
28,1,2,3,0,3,2026-06-16T11:42:25.610300
28,1,3,4,0,4,2026-06-16T11:42:27.244482
28,1,4,4,0,4,2026-06-16T11:42:29.086712
28,1,5,4,0,4,2026-06-16T11:42:30.294613
28,1,6,3,0,3,2026-06-16T11:42:31.895750
28,1,7,4,0,4,2026-06-16T11:42:33.498505
28,1,8,4,0,4,2026-06-16T11:42:34.887372
28,1,9,4,0,4,2026-06-16T11:42:36.696846
28,1,10,4,0,4,2026-06-16T11:42:39.599703
28,2,1,4,0,4,2026-06-16T11:42:41.000519
28,2,2,4,0,4,2026-06-16T11:42:42.196777
28,2,3,4,0,4,2026-06-16T11:42:43.003328
28,2,4,4,0,4,2026-06-16T11:42:44.784916
28,2,5,5,0,5,2026-06-16T11:42:46.384872
28,2,6,4,0,4,2026-06-16T11:42:47.993374
28,2,7,4,0,4,2026-06-16T11:42:49.191026
28,2,8,4,0,4,2026-06-16T11:42:50.856580
28,2,9,4,0,4,2026-06-16T11:42:52.658255
28,2,10,4,0,4,2026-06-16T11:42:54.480962
28,3,1,2,0,2,2026-06-16T11:42:55.899776
28,3,2,2,0,2,2026-06-16T11:42:57.495158
28,3,3,2,0,2,2026-06-16T11:42:58.691248
28,3,4,2,0,2,2026-06-16T11:43:00.676841
28,3,5,2,0,2,2026-06-16T11:43:01.465476
28,3,6,2,0,2,2026-06-16T11:43:02.870913
28,3,7,2,0,2,2026-06-16T11:43:04.068325
28,3,8,2,0,2,2026-06-16T11:43:05.657830
28,3,9,2,0,2,2026-06-16T11:43:08.793650
28,3,10,2,0,2,2026-06-16T11:43:10.197618
28,4,1,2,0,2,2026-06-16T11:43:11.796424
28,4,2,2,0,2,2026-06-16T11:43:13.426298
28,4,3,2,0,2,2026-06-16T11:43:15.023734
28,4,4,2,0,2,2026-06-16T11:43:16.850511
28,4,5,2,0,2,2026-06-16T11:43:18.647543
28,4,6,2,0,2,2026-06-16T11:43:19.640929
28,4,7,2,0,2,2026-06-16T11:43:20.426185
28,4,8,2,0,2,2026-06-16T11:43:22.026345
28,4,9,2,0,2,2026-06-16T11:43:23.225972
28,4,10,2,0,2,2026-06-16T11:43:24.612517
28,5,1,2,0,2,2026-06-16T11:43:26.235195
28,5,2,1,0,1,2026-06-16T11:43:27.453036
28,5,3,1,0,1,2026-06-16T11:43:28.655485
28,5,4,2,0,2,2026-06-16T11:43:29.657888
28,5,5,1,0,1,2026-06-16T11:43:30.851717
28,5,6,2,0,2,2026-06-16T11:43:31.845673
28,5,7,2,0,2,2026-06-16T11:43:33.240221
28,5,8,2,0,2,2026-06-16T11:43:35.042115
28,5,9,1,0,1,2026-06-16T11:43:36.247420
28,5,10,1,0,1,2026-06-16T11:43:37.250956
28,6,1,5,0,5,2026-06-16T11:43:38.510792
28,6,2,5,0,5,2026-06-16T11:43:40.317399
28,6,3,5,0,5,2026-06-16T11:43:41.512372
28,6,4,5,0,5,2026-06-16T11:43:42.736123
28,6,5,5,0,5,2026-06-16T11:43:43.630826
28,6,6,5,0,5,2026-06-16T11:43:45.046747
28,6,7,5,0,5,2026-06-16T11:43:47.051421
28,6,8,5,0,5,2026-06-16T11:43:48.238468
28,6,9,5,0,5,2026-06-16T11:43:49.429777
28,6,10,5,0,5,2026-06-16T11:43:51.426835
28,7,1,5,0,5,2026-06-16T11:43:52.613848
28,7,2,5,0,5,2026-06-16T11:43:54.217788
28,7,3,5,0,5,2026-06-16T11:43:55.611955
28,7,4,5,0,5,2026-06-16T11:43:57.219436
28,7,5,5,0,5,2026-06-16T11:43:58.430123
28,7,6,5,0,5,2026-06-16T11:44:00.025657
28,7,7,5,0,5,2026-06-16T11:44:02.035189
28,7,8,5,0,5,2026-06-16T11:44:03.290107
28,7,9,5,0,5,2026-06-16T11:44:04.891854
28,7,10,5,0,5,2026-06-16T11:44:06.569094
28,8,1,2,0,2,2026-06-16T11:44:07.767635
28,8,2,2,0,2,2026-06-16T11:44:09.365399
28,8,3,2,0,2,2026-06-16T11:44:10.133178
28,8,4,2,0,2,2026-06-16T11:44:11.733672
28,8,5,2,0,2,2026-06-16T11:44:12.934861
28,8,6,2,0,2,2026-06-16T11:44:14.136144
28,8,7,2,0,2,2026-06-16T11:44:15.784586
28,8,8,2,0,2,2026-06-16T11:44:17.587491
28,8,9,2,0,2,2026-06-16T11:44:19.160123
28,8,10,2,0,2,2026-06-16T11:44:20.365734
28,9,1,2,0,2,2026-06-16T11:44:21.965548
28,9,2,2,0,2,2026-06-16T11:44:23.593537
28,9,3,2,0,2,2026-06-16T11:44:25.410776
28,9,4,2,0,2,2026-06-16T11:44:27.630074
28,9,5,2,0,2,2026-06-16T11:44:29.855837
28,9,6,2,0,2,2026-06-16T11:44:33.307578
28,9,7,2,0,2,2026-06-16T11:44:34.711487
28,9,8,2,0,2,2026-06-16T11:44:36.569493
28,9,9,2,0,2,2026-06-16T11:44:37.567716
28,9,10,2,0,2,2026-06-16T11:44:39.370998
28,10,1,1,0,1,2026-06-16T11:44:40.768792
28,10,2,1,0,1,2026-06-16T11:44:42.589715
28,10,3,1,0,1,2026-06-16T11:44:44.592613
28,10,4,1,0,1,2026-06-16T11:44:46.197328
28,10,5,1,0,1,2026-06-16T11:44:47.832756
28,10,6,1,0,1,2026-06-16T11:44:49.437438
28,10,7,1,0,1,2026-06-16T11:44:51.111054
28,10,8,1,0,1,2026-06-16T11:44:52.340104
28,10,9,1,0,1,2026-06-16T11:44:54.151808
28,10,10,1,0,1,2026-06-16T11:44:55.746722
28,11,1,5,0,5,2026-06-16T11:44:59.178583
28,11,2,5,0,5,2026-06-16T11:45:01.184685
28,11,3,5,0,5,2026-06-16T11:45:02.795763
28,11,4,5,0,5,2026-06-16T11:45:06.272079
28,11,5,5,0,5,2026-06-16T11:45:07.291887
28,11,6,5,0,5,2026-06-16T11:45:08.312452
28,11,7,5,0,5,2026-06-16T11:45:09.528928
28,11,8,5,0,5,2026-06-16T11:45:10.524818
28,11,9,5,0,5,2026-06-16T11:45:11.530694
28,11,10,5,0,5,2026-06-16T11:45:12.537260
28,12,1,5,0,5,2026-06-16T11:45:14.660048
28,12,2,5,0,5,2026-06-16T11:45:16.708395
28,12,3,5,0,5,2026-06-16T11:45:18.224352
28,12,4,5,0,5,2026-06-16T11:45:19.832789
28,12,5,5,0,5,2026-06-16T11:45:21.033017
28,12,6,5,0,5,2026-06-16T11:45:22.426418
28,12,7,5,0,5,2026-06-16T11:45:23.616528
28,12,8,5,0,5,2026-06-16T11:45:25.217606
28,12,9,5,0,5,2026-06-16T11:45:26.211380
28,12,10,5,0,5,2026-06-16T11:45:27.233830
28,13,1,2,0,2,2026-06-16T11:45:28.687704
28,13,2,2,0,2,2026-06-16T11:45:29.493073
28,13,3,2,0,2,2026-06-16T11:45:31.107319
28,13,4,2,0,2,2026-06-16T11:45:32.732341
28,13,5,2,0,2,2026-06-16T11:45:34.132739
28,13,6,2,0,2,2026-06-16T11:45:35.339682
28,13,7,2,0,2,2026-06-16T11:45:36.938532
28,13,8,2,0,2,2026-06-16T11:45:38.621457
28,13,9,2,0,2,2026-06-16T11:45:40.026377
28,13,10,2,0,2,2026-06-16T11:45:41.233491
28,14,1,4,0,4,2026-06-16T11:45:43.030874
28,14,2,4,0,4,2026-06-16T11:45:44.456163
28,14,3,4,0,4,2026-06-16T11:45:45.665364
28,14,4,4,0,4,2026-06-16T11:45:46.476787
28,14,5,4,0,4,2026-06-16T11:45:48.282164
28,14,6,4,0,4,2026-06-16T11:45:49.875045
28,14,7,4,0,4,2026-06-16T11:45:52.090536
28,14,8,4,0,4,2026-06-16T11:45:53.311263
28,14,9,4,0,4,2026-06-16T11:45:54.919491
28,14,10,4,0,4,2026-06-16T11:45:56.136644
28,15,1,2,0,2,2026-06-16T11:45:57.736829
28,15,2,2,0,2,2026-06-16T11:45:58.938989
28,15,3,2,0,2,2026-06-16T11:46:00.146163
28,15,4,2,0,2,2026-06-16T11:46:01.536796
28,15,5,2,0,2,2026-06-16T11:46:02.543581
28,15,6,2,0,2,2026-06-16T11:46:03.764476
28,15,7,2,0,2,2026-06-16T11:46:05.370484
28,15,8,2,0,2,2026-06-16T11:46:06.981474
28,15,9,2,0,2,2026-06-16T11:46:08.372673
28,15,10,2,0,2,2026-06-16T11:46:09.622418
28,16,1,3,0,3,2026-06-16T11:46:10.547135
28,16,2,4,0,4,2026-06-16T11:46:12.157816
28,16,3,3,0,3,2026-06-16T11:46:13.171270
28,16,4,3,0,3,2026-06-16T11:46:14.663399
28,16,5,3,0,3,2026-06-16T11:46:15.664253
28,16,6,3,0,3,2026-06-16T11:46:16.862824
28,16,7,4,0,4,2026-06-16T11:46:18.291081
28,16,8,4,0,4,2026-06-16T11:46:20.492821
28,16,9,3,0,3,2026-06-16T11:46:22.291357
28,16,10,3,0,3,2026-06-16T11:46:24.188663
28,17,1,3,0,3,2026-06-16T11:46:25.581632
28,17,2,3,0,3,2026-06-16T11:46:26.779908
28,17,3,3,0,3,2026-06-16T11:46:28.487660
28,17,4,3,0,3,2026-06-16T11:46:29.700623
28,17,5,3,0,3,2026-06-16T11:46:31.105012
28,17,6,3,0,3,2026-06-16T11:46:32.911395
28,17,7,3,0,3,2026-06-16T11:46:34.519667
28,17,8,3,0,3,2026-06-16T11:46:35.551690
28,17,9,3,0,3,2026-06-16T11:46:36.967663
28,17,10,3,0,3,2026-06-16T11:46:38.169599
28,18,1,4,0,4,2026-06-16T11:46:39.648368
28,18,2,4,0,4,2026-06-16T11:46:40.649695
28,18,3,4,0,4,2026-06-16T11:46:41.641943
28,18,4,4,0,4,2026-06-16T11:46:42.838519
28,18,5,4,0,4,2026-06-16T11:46:44.052582
28,18,6,4,0,4,2026-06-16T11:46:46.077161
28,18,7,4,0,4,2026-06-16T11:46:48.282108
28,18,8,4,0,4,2026-06-16T11:46:49.480386
28,18,9,4,0,4,2026-06-16T11:46:50.266852
28,18,10,4,0,4,2026-06-16T11:46:51.259561
28,19,1,4,0,4,2026-06-16T11:46:52.258264
28,19,2,4,0,4,2026-06-16T11:46:53.868825
28,19,3,4,0,4,2026-06-16T11:46:55.464547
28,19,4,4,0,4,2026-06-16T11:46:56.669234
28,19,5,4,0,4,2026-06-16T11:46:57.872736
28,19,6,4,0,4,2026-06-16T11:46:59.261916
28,19,7,4,0,4,2026-06-16T11:47:01.064628
28,19,8,4,0,4,2026-06-16T11:47:02.272964
28,19,9,4,0,4,2026-06-16T11:47:03.662177
28,19,10,4,0,4,2026-06-16T11:47:05.264930
28,20,1,3,0,3,2026-06-16T11:47:06.667499
28,20,2,3,0,3,2026-06-16T11:47:08.474382
28,20,3,3,0,3,2026-06-16T11:47:09.484082
28,20,4,3,0,3,2026-06-16T11:47:10.278555
28,20,5,3,0,3,2026-06-16T11:47:12.091640
28,20,6,3,0,3,2026-06-16T11:47:14.119274
28,20,7,3,0,3,2026-06-16T11:47:15.912869
28,20,8,3,0,3,2026-06-16T11:47:17.922700
28,20,9,3,0,3,2026-06-16T11:47:19.345696
28,20,10,3,0,3,2026-06-16T11:47:20.334596
28,21,1,5,0,5,2026-06-16T11:47:21.714381
28,21,2,5,0,5,2026-06-16T11:47:23.718178
28,21,3,5,0,5,2026-06-16T11:47:25.317088
28,21,4,5,0,5,2026-06-16T11:47:26.545616
28,21,5,5,0,5,2026-06-16T11:47:27.962617
28,21,6,5,0,5,2026-06-16T11:47:28.959951
28,21,7,5,0,5,2026-06-16T11:47:30.963119
28,21,8,5,0,5,2026-06-16T11:47:32.570268
28,21,9,5,0,5,2026-06-16T11:47:33.783178
28,21,10,5,0,5,2026-06-16T11:47:34.555652
28,22,1,5,0,5,2026-06-16T11:47:35.565723
28,22,2,5,0,5,2026-06-16T11:47:36.966014
28,22,3,5,0,5,2026-06-16T11:47:37.977970
28,22,4,5,0,5,2026-06-16T11:47:40.881135
28,22,5,5,0,5,2026-06-16T11:47:44.646113
28,22,6,5,0,5,2026-06-16T11:47:46.231591
28,22,7,5,0,5,2026-06-16T11:47:48.111649
28,22,8,5,0,5,2026-06-16T11:47:50.981209
28,22,9,5,0,5,2026-06-16T11:47:52.177931
28,22,10,5,0,5,2026-06-16T11:47:53.827394
28,23,1,2,0,2,2026-06-16T11:47:54.835833
28,23,2,2,0,2,2026-06-16T11:47:56.033179
28,23,3,2,0,2,2026-06-16T11:47:58.034998
28,23,4,2,0,2,2026-06-16T11:47:58.841726
28,23,5,2,0,2,2026-06-16T11:48:00.254876
28,23,6,2,0,2,2026-06-16T11:48:01.652723
28,23,7,2,0,2,2026-06-16T11:48:03.465819
28,23,8,2,0,2,2026-06-16T11:48:05.148847
28,23,9,2,0,2,2026-06-16T11:48:06.579890
28,23,10,2,0,2,2026-06-16T11:48:08.379210
28,24,1,3,0,3,2026-06-16T11:48:09.985473
28,24,2,3,0,3,2026-06-16T11:48:11.398862
28,24,3,3,0,3,2026-06-16T11:48:12.611854
28,24,4,3,0,3,2026-06-16T11:48:13.402993
28,24,5,3,0,3,2026-06-16T11:48:14.797812
28,24,6,3,0,3,2026-06-16T11:48:15.786704
28,24,7,3,0,3,2026-06-16T11:48:17.434457
28,24,8,3,0,3,2026-06-16T11:48:18.767008
28,24,9,3,0,3,2026-06-16T11:48:20.969429
28,24,10,3,0,3,2026-06-16T11:48:22.575194
28,25,1,1,0,1,2026-06-16T11:48:23.770822
28,25,2,2,0,2,2026-06-16T11:48:24.582880
28,25,3,2,0,2,2026-06-16T11:48:26.191661
28,25,4,2,0,2,2026-06-16T11:48:27.166202
28,25,5,2,0,2,2026-06-16T11:48:28.765953
28,25,6,2,0,2,2026-06-16T11:48:29.576595
28,25,7,2,0,2,2026-06-16T11:48:31.389861
28,25,8,2,0,2,2026-06-16T11:48:33.674252
28,25,9,2,0,2,2026-06-16T11:48:36.822907
28,25,10,2,0,2,2026-06-16T11:48:38.030058
28,26,1,2,0,2,2026-06-16T11:48:39.233955
28,26,2,2,0,2,2026-06-16T11:48:40.429229
28,26,3,2,0,2,2026-06-16T11:48:41.620599
28,26,4,2,0,2,2026-06-16T11:48:42.828394
28,26,5,2,0,2,2026-06-16T11:48:44.623526
28,26,6,2,0,2,2026-06-16T11:48:46.435347
28,26,7,2,0,2,2026-06-16T11:48:47.907394
28,26,8,2,0,2,2026-06-16T11:48:48.912012
28,26,9,2,0,2,2026-06-16T11:48:50.567042
28,26,10,2,0,2,2026-06-16T11:48:51.572138
28,27,1,1,0,1,2026-06-16T11:48:52.369307
28,27,2,1,0,1,2026-06-16T11:48:53.986582
28,27,3,1,0,1,2026-06-16T11:48:55.782194
28,27,4,2,0,2,2026-06-16T11:48:57.530536
28,27,5,1,0,1,2026-06-16T11:48:58.734578
28,27,6,1,0,1,2026-06-16T11:48:59.933679
28,27,7,1,0,1,2026-06-16T11:49:01.738211
28,27,8,1,0,1,2026-06-16T11:49:04.623113
28,27,9,2,0,2,2026-06-16T11:49:06.442925
28,27,10,2,0,2,2026-06-16T11:49:07.636973
28,28,1,2,0,2,2026-06-16T11:49:09.719670
28,28,2,2,0,2,2026-06-16T11:49:10.927181
28,28,3,2,0,2,2026-06-16T11:49:12.739032
28,28,4,2,0,2,2026-06-16T11:49:14.130239
28,28,5,2,0,2,2026-06-16T11:49:15.137976
28,28,6,2,0,2,2026-06-16T11:49:16.330851
28,28,7,2,0,2,2026-06-16T11:49:17.532734
28,28,8,2,0,2,2026-06-16T11:49:19.348364
28,28,9,2,0,2,2026-06-16T11:49:20.943736
28,28,10,2,0,2,2026-06-16T11:49:22.006425
28,29,1,4,0,4,2026-06-16T11:49:22.824534
28,29,2,4,0,4,2026-06-16T11:49:23.821120
28,29,3,4,0,4,2026-06-16T11:49:25.221419
28,29,4,4,0,4,2026-06-16T11:49:26.227597
28,29,5,4,0,4,2026-06-16T11:49:27.630632
28,29,6,4,0,4,2026-06-16T11:49:29.234228
28,29,7,4,0,4,2026-06-16T11:49:32.676778
28,29,8,4,0,4,2026-06-16T11:49:34.276158
28,29,9,4,0,4,2026-06-16T11:49:35.671578
28,29,10,4,0,4,2026-06-16T11:49:36.868894
28,30,1,3,0,3,2026-06-16T11:49:38.493452
28,30,2,4,0,4,2026-06-16T11:49:40.454267
28,30,3,4,0,4,2026-06-16T11:49:41.249610
28,30,4,3,0,3,2026-06-16T11:49:42.768581
28,30,5,4,0,4,2026-06-16T11:49:43.613265
28,30,6,3,0,3,2026-06-16T11:49:44.812951
28,30,7,3,0,3,2026-06-16T11:49:46.012439
28,30,8,3,0,3,2026-06-16T11:49:48.011650
28,30,9,4,0,4,2026-06-16T11:49:49.817197
28,30,10,3,0,3,2026-06-16T11:49:51.499729
29,1,1,3,0,3,2026-06-16T11:49:52.701587
29,1,2,4,0,4,2026-06-16T11:49:54.510361
29,1,3,4,0,4,2026-06-16T11:49:57.233191
29,1,4,3,0,3,2026-06-16T11:49:58.862458
29,1,5,3,0,3,2026-06-16T11:50:00.057953
29,1,6,3,0,3,2026-06-16T11:50:01.263098
29,1,7,3,0,3,2026-06-16T11:50:02.877993
29,1,8,4,0,4,2026-06-16T11:50:04.508907
29,1,9,3,0,3,2026-06-16T11:50:05.718829
29,1,10,2,0,2,2026-06-16T11:50:07.329323
29,2,1,4,0,4,2026-06-16T11:50:08.526401
29,2,2,4,0,4,2026-06-16T11:50:10.125904
29,2,3,4,0,4,2026-06-16T11:50:11.524352
29,2,4,4,0,4,2026-06-16T11:50:12.912841
29,2,5,4,0,4,2026-06-16T11:50:14.107795
29,2,6,4,0,4,2026-06-16T11:50:14.950502
29,2,7,4,0,4,2026-06-16T11:50:16.551637
29,2,8,4,0,4,2026-06-16T11:50:18.638110
29,2,9,4,0,4,2026-06-16T11:50:20.241717
29,2,10,4,0,4,2026-06-16T11:50:22.034497
29,3,1,1,0,1,2026-06-16T11:50:24.250941
29,3,2,2,0,2,2026-06-16T11:50:25.856199
29,3,3,2,0,2,2026-06-16T11:50:26.647023
29,3,4,2,0,2,2026-06-16T11:50:28.254662
29,3,5,2,0,2,2026-06-16T11:50:29.650436
29,3,6,2,0,2,2026-06-16T11:50:30.847615
29,3,7,2,0,2,2026-06-16T11:50:31.856461
29,3,8,2,0,2,2026-06-16T11:50:33.265425
29,3,9,2,0,2,2026-06-16T11:50:34.466182
29,3,10,2,0,2,2026-06-16T11:50:35.676460
29,4,1,1,0,1,2026-06-16T11:50:36.675582
29,4,2,1,0,1,2026-06-16T11:50:38.278120
29,4,3,1,0,1,2026-06-16T11:50:39.269959
29,4,4,1,0,1,2026-06-16T11:50:40.464925
29,4,5,1,0,1,2026-06-16T11:50:41.667772
29,4,6,1,0,1,2026-06-16T11:50:42.904991
29,4,7,1,0,1,2026-06-16T11:50:43.913070
29,4,8,1,0,1,2026-06-16T11:50:45.320536
29,4,9,1,0,1,2026-06-16T11:50:46.916008
29,4,10,1,0,1,2026-06-16T11:50:49.124569
29,5,1,1,0,1,2026-06-16T11:50:50.923593
29,5,2,1,0,1,2026-06-16T11:50:53.130265
29,5,3,1,0,1,2026-06-16T11:50:54.332462
29,5,4,1,0,1,2026-06-16T11:50:55.746755
29,5,5,1,0,1,2026-06-16T11:50:56.953953
29,5,6,1,0,1,2026-06-16T11:50:58.356376
29,5,7,1,0,1,2026-06-16T11:50:59.802218
29,5,8,1,0,1,2026-06-16T11:51:00.790658
29,5,9,1,0,1,2026-06-16T11:51:02.002658
29,5,10,1,0,1,2026-06-16T11:51:03.203587
29,6,1,4,0,4,2026-06-16T11:51:04.201931
29,6,2,4,0,4,2026-06-16T11:51:05.800844
29,6,3,4,0,4,2026-06-16T11:51:07.404636
29,6,4,4,0,4,2026-06-16T11:51:08.408048
29,6,5,4,0,4,2026-06-16T11:51:09.813871
29,6,6,4,0,4,2026-06-16T11:51:11.418092
29,6,7,4,0,4,2026-06-16T11:51:12.630112
29,6,8,5,0,5,2026-06-16T11:51:14.243892
29,6,9,4,0,4,2026-06-16T11:51:15.841565
29,6,10,4,0,4,2026-06-16T11:51:18.039525
29,7,1,4,0,4,2026-06-16T11:51:20.466696
29,7,2,4,0,4,2026-06-16T11:51:22.073402
29,7,3,4,0,4,2026-06-16T11:51:24.288544
29,7,4,4,0,4,2026-06-16T11:51:25.695005
29,7,5,4,0,4,2026-06-16T11:51:28.121273
29,7,6,4,0,4,2026-06-16T11:51:29.319826
29,7,7,4,0,4,2026-06-16T11:51:30.924704
29,7,8,4,0,4,2026-06-16T11:51:32.525933
29,7,9,4,0,4,2026-06-16T11:51:33.328777
29,7,10,4,0,4,2026-06-16T11:51:34.931887
29,8,1,2,0,2,2026-06-16T11:51:35.749574
29,8,2,2,0,2,2026-06-16T11:51:37.148375
29,8,3,2,0,2,2026-06-16T11:51:38.765048
29,8,4,2,0,2,2026-06-16T11:51:40.382735
29,8,5,2,0,2,2026-06-16T11:51:41.404808
29,8,6,2,0,2,2026-06-16T11:51:43.205335
29,8,7,2,0,2,2026-06-16T11:51:46.109798
29,8,8,2,0,2,2026-06-16T11:51:47.096212
29,8,9,2,0,2,2026-06-16T11:51:48.904472
29,8,10,2,0,2,2026-06-16T11:51:49.908735
29,9,1,1,0,1,2026-06-16T11:51:50.906386
29,9,2,1,0,1,2026-06-16T11:51:51.928460
29,9,3,1,0,1,2026-06-16T11:51:53.769301
29,9,4,1,0,1,2026-06-16T11:51:55.783493
29,9,5,1,0,1,2026-06-16T11:51:56.835019
29,9,6,1,0,1,2026-06-16T11:51:58.070417
29,9,7,1,0,1,2026-06-16T11:51:59.273019
29,9,8,1,0,1,2026-06-16T11:52:00.670554
29,9,9,1,0,1,2026-06-16T11:52:01.758559
29,9,10,1,0,1,2026-06-16T11:52:03.157966
29,10,1,1,0,1,2026-06-16T11:52:04.573493
29,10,2,1,0,1,2026-06-16T11:52:06.394358
29,10,3,1,0,1,2026-06-16T11:52:07.390754
29,10,4,1,0,1,2026-06-16T11:52:08.404549
29,10,5,1,0,1,2026-06-16T11:52:09.610235
29,10,6,1,0,1,2026-06-16T11:52:11.630366
29,10,7,1,0,1,2026-06-16T11:52:13.737613
29,10,8,1,0,1,2026-06-16T11:52:15.329654
29,10,9,1,0,1,2026-06-16T11:52:17.357260
29,10,10,1,0,1,2026-06-16T11:52:19.174556
29,11,1,4,0,4,2026-06-16T11:52:21.382968
29,11,2,4,0,4,2026-06-16T11:52:22.782766
29,11,3,4,0,4,2026-06-16T11:52:23.981346
29,11,4,4,0,4,2026-06-16T11:52:25.378743
29,11,5,4,0,4,2026-06-16T11:52:26.187355
29,11,6,4,0,4,2026-06-16T11:52:27.179689
29,11,7,4,0,4,2026-06-16T11:52:28.386590
29,11,8,4,0,4,2026-06-16T11:52:30.094260
29,11,9,4,0,4,2026-06-16T11:52:31.098194
29,11,10,4,0,4,2026-06-16T11:52:32.715794
29,12,1,4,0,4,2026-06-16T11:52:34.530060
29,12,2,4,0,4,2026-06-16T11:52:36.352580
29,12,3,4,0,4,2026-06-16T11:52:37.577130
29,12,4,4,0,4,2026-06-16T11:52:39.193541
29,12,5,4,0,4,2026-06-16T11:52:41.286095
29,12,6,4,0,4,2026-06-16T11:52:42.694269
29,12,7,4,0,4,2026-06-16T11:52:44.304260
29,12,8,4,0,4,2026-06-16T11:52:45.505109
29,12,9,4,0,4,2026-06-16T11:52:46.692504
29,12,10,4,0,4,2026-06-16T11:52:48.295741
29,13,1,1,0,1,2026-06-16T11:52:49.902137
29,13,2,1,0,1,2026-06-16T11:52:50.911246
29,13,3,1,0,1,2026-06-16T11:52:52.324513
29,13,4,1,0,1,2026-06-16T11:52:53.732591
29,13,5,1,0,1,2026-06-16T11:52:55.338393
29,13,6,1,0,1,2026-06-16T11:52:56.114823
29,13,7,1,0,1,2026-06-16T11:52:57.362060
29,13,8,1,0,1,2026-06-16T11:52:58.976431
29,13,9,1,0,1,2026-06-16T11:53:00.201984
29,13,10,1,0,1,2026-06-16T11:53:01.210929
29,14,1,3,0,3,2026-06-16T11:53:02.615625
29,14,2,3,0,3,2026-06-16T11:53:03.628330
29,14,3,3,0,3,2026-06-16T11:53:05.667499
29,14,4,3,0,3,2026-06-16T11:53:09.085975
29,14,5,3,0,3,2026-06-16T11:53:11.095809
29,14,6,3,0,3,2026-06-16T11:53:12.888052
29,14,7,3,0,3,2026-06-16T11:53:14.905418
29,14,8,3,0,3,2026-06-16T11:53:16.725913
29,14,9,3,0,3,2026-06-16T11:53:18.130074
29,14,10,2,0,2,2026-06-16T11:53:19.350553
29,15,1,1,0,1,2026-06-16T11:53:20.948959
29,15,2,1,0,1,2026-06-16T11:53:22.596430
29,15,3,1,0,1,2026-06-16T11:53:24.194201
29,15,4,1,0,1,2026-06-16T11:53:25.801213
29,15,5,1,0,1,2026-06-16T11:53:27.200475
29,15,6,1,0,1,2026-06-16T11:53:28.603659
29,15,7,1,0,1,2026-06-16T11:53:29.475235
29,15,8,1,0,1,2026-06-16T11:53:31.497506
29,15,9,1,0,1,2026-06-16T11:53:33.694207
29,15,10,1,0,1,2026-06-16T11:53:36.355205
29,16,1,4,0,4,2026-06-16T11:53:38.164718
29,16,2,4,0,4,2026-06-16T11:53:40.183181
29,16,3,4,0,4,2026-06-16T11:53:42.379521
29,16,4,4,0,4,2026-06-16T11:53:43.589987
29,16,5,4,0,4,2026-06-16T11:53:45.013842
29,16,6,4,0,4,2026-06-16T11:53:45.831275
29,16,7,4,0,4,2026-06-16T11:53:47.844531
29,16,8,4,0,4,2026-06-16T11:53:48.644118
29,16,9,4,0,4,2026-06-16T11:53:49.851485
29,16,10,4,0,4,2026-06-16T11:53:51.263062
29,17,1,5,0,5,2026-06-16T11:53:53.172270
29,17,2,5,0,5,2026-06-16T11:53:54.786045
29,17,3,5,0,5,2026-06-16T11:53:56.184453
29,17,4,5,0,5,2026-06-16T11:53:57.883342
29,17,5,5,0,5,2026-06-16T11:53:58.913672
29,17,6,5,0,5,2026-06-16T11:54:01.120309
29,17,7,5,0,5,2026-06-16T11:54:02.729848
29,17,8,5,0,5,2026-06-16T11:54:04.125117
29,17,9,5,0,5,2026-06-16T11:54:05.728990
29,17,10,5,0,5,2026-06-16T11:54:07.531270
29,18,1,3,0,3,2026-06-16T11:54:09.124685
29,18,2,3,0,3,2026-06-16T11:54:10.741239
29,18,3,3,0,3,2026-06-16T11:54:12.541329
29,18,4,3,0,3,2026-06-16T11:54:13.543639
29,18,5,3,0,3,2026-06-16T11:54:14.737515
29,18,6,3,0,3,2026-06-16T11:54:16.010346
29,18,7,3,0,3,2026-06-16T11:54:17.205423
29,18,8,3,0,3,2026-06-16T11:54:18.386917
29,18,9,3,0,3,2026-06-16T11:54:19.591544
29,18,10,3,0,3,2026-06-16T11:54:20.794770
29,19,1,3,0,3,2026-06-16T11:54:22.812037
29,19,2,3,0,3,2026-06-16T11:54:23.814670
29,19,3,3,0,3,2026-06-16T11:54:25.011611
29,19,4,3,0,3,2026-06-16T11:54:27.029980
29,19,5,3,0,3,2026-06-16T11:54:29.458391
29,19,6,3,0,3,2026-06-16T11:54:31.254639
29,19,7,3,0,3,2026-06-16T11:54:32.254800
29,19,8,3,0,3,2026-06-16T11:54:33.859668
29,19,9,3,0,3,2026-06-16T11:54:35.510141
29,19,10,3,0,3,2026-06-16T11:54:37.161824
29,20,1,3,0,3,2026-06-16T11:54:38.375125
29,20,2,3,0,3,2026-06-16T11:54:40.162830
29,20,3,3,0,3,2026-06-16T11:54:41.375359
29,20,4,3,0,3,2026-06-16T11:54:42.838714
29,20,5,3,0,3,2026-06-16T11:54:44.449995
29,20,6,3,0,3,2026-06-16T11:54:45.640766
29,20,7,3,0,3,2026-06-16T11:54:46.729497
29,20,8,3,0,3,2026-06-16T11:54:48.368262
29,20,9,3,0,3,2026-06-16T11:54:49.600245
29,20,10,3,0,3,2026-06-16T11:54:51.398205
29,21,1,5,0,5,2026-06-16T11:54:52.182304
29,21,2,5,0,5,2026-06-16T11:54:53.779893
29,21,3,5,0,5,2026-06-16T11:54:54.987500
29,21,4,5,0,5,2026-06-16T11:54:57.401556
29,21,5,5,0,5,2026-06-16T11:55:01.163860
29,21,6,5,0,5,2026-06-16T11:55:02.378656
29,21,7,5,0,5,2026-06-16T11:55:03.591767
29,21,8,5,0,5,2026-06-16T11:55:05.608036
29,21,9,5,0,5,2026-06-16T11:55:06.807541
29,21,10,5,0,5,2026-06-16T11:55:08.420671
29,22,1,4,0,4,2026-06-16T11:55:09.210517
29,22,2,4,0,4,2026-06-16T11:55:11.308565
29,22,3,4,0,4,2026-06-16T11:55:13.103891
29,22,4,4,0,4,2026-06-16T11:55:13.908873
29,22,5,4,0,4,2026-06-16T11:55:15.511182
29,22,6,4,0,4,2026-06-16T11:55:16.700985
29,22,7,4,0,4,2026-06-16T11:55:17.704147
29,22,8,4,0,4,2026-06-16T11:55:18.987099
29,22,9,4,0,4,2026-06-16T11:55:19.985612
29,22,10,4,0,4,2026-06-16T11:55:21.387218
29,23,1,3,0,3,2026-06-16T11:55:22.604320
29,23,2,3,0,3,2026-06-16T11:55:24.625255
29,23,3,3,0,3,2026-06-16T11:55:28.071804
29,23,4,3,0,3,2026-06-16T11:55:28.869992
29,23,5,3,0,3,2026-06-16T11:55:29.865676
29,23,6,3,0,3,2026-06-16T11:55:31.879873
29,23,7,3,0,3,2026-06-16T11:55:33.293435
29,23,8,3,0,3,2026-06-16T11:55:34.903128
29,23,9,3,0,3,2026-06-16T11:55:35.907351
29,23,10,3,0,3,2026-06-16T11:55:37.100374
29,24,1,2,0,2,2026-06-16T11:55:38.546349
29,24,2,2,0,2,2026-06-16T11:55:39.365324
29,24,3,2,0,2,2026-06-16T11:55:40.566428
29,24,4,2,0,2,2026-06-16T11:55:41.538788
29,24,5,2,0,2,2026-06-16T11:55:42.720924
29,24,6,2,0,2,2026-06-16T11:55:44.328858
29,24,7,2,0,2,2026-06-16T11:55:45.927869
29,24,8,2,0,2,2026-06-16T11:55:47.560614
29,24,9,2,0,2,2026-06-16T11:55:48.980282
29,24,10,2,0,2,2026-06-16T11:55:50.629759
29,25,1,1,0,1,2026-06-16T11:55:52.264512
29,25,2,1,0,1,2026-06-16T11:55:54.464245
29,25,3,1,0,1,2026-06-16T11:55:56.274893
29,25,4,1,0,1,2026-06-16T11:55:57.663395
29,25,5,1,0,1,2026-06-16T11:55:59.941177
29,25,6,1,0,1,2026-06-16T11:56:00.931702
29,25,7,1,0,1,2026-06-16T11:56:02.949623
29,25,8,1,0,1,2026-06-16T11:56:04.757706
29,25,9,1,0,1,2026-06-16T11:56:06.775425
29,25,10,1,0,1,2026-06-16T11:56:07.572655
29,26,1,3,0,3,2026-06-16T11:56:08.566396
29,26,2,3,0,3,2026-06-16T11:56:10.177314
29,26,3,3,0,3,2026-06-16T11:56:11.583091
29,26,4,3,0,3,2026-06-16T11:56:12.366710
29,26,5,3,0,3,2026-06-16T11:56:13.365706
29,26,6,2,0,2,2026-06-16T11:56:14.966927
29,26,7,3,0,3,2026-06-16T11:56:16.379858
29,26,8,2,0,2,2026-06-16T11:56:18.392577
29,26,9,3,0,3,2026-06-16T11:56:20.402500
29,26,10,3,0,3,2026-06-16T11:56:24.538918
29,27,1,4,0,4,2026-06-16T11:56:26.339771
29,27,2,4,0,4,2026-06-16T11:56:27.802861
29,27,3,3,0,3,2026-06-16T11:56:29.806390
29,27,4,3,0,3,2026-06-16T11:56:31.220128
29,27,5,3,0,3,2026-06-16T11:56:32.017059
29,27,6,3,0,3,2026-06-16T11:56:33.221314
29,27,7,3,0,3,2026-06-16T11:56:34.648393
29,27,8,3,0,3,2026-06-16T11:56:36.044843
29,27,9,3,0,3,2026-06-16T11:56:36.835651
29,27,10,3,0,3,2026-06-16T11:56:38.237194
29,28,1,4,0,4,2026-06-16T11:56:39.646162
29,28,2,4,0,4,2026-06-16T11:56:40.655190
29,28,3,4,0,4,2026-06-16T11:56:42.270226
29,28,4,4,0,4,2026-06-16T11:56:43.883338
29,28,5,4,0,4,2026-06-16T11:56:45.279038
29,28,6,4,0,4,2026-06-16T11:56:47.293371
29,28,7,4,0,4,2026-06-16T11:56:48.902934
29,28,8,4,0,4,2026-06-16T11:56:50.099560
29,28,9,4,0,4,2026-06-16T11:56:51.897017
29,28,10,4,0,4,2026-06-16T11:56:53.701331
29,29,1,3,0,3,2026-06-16T11:56:54.706756
29,29,2,3,0,3,2026-06-16T11:56:56.310214
29,29,3,3,0,3,2026-06-16T11:56:57.910347
29,29,4,3,0,3,2026-06-16T11:56:58.889677
29,29,5,3,0,3,2026-06-16T11:57:00.062789
29,29,6,3,0,3,2026-06-16T11:57:01.700585
29,29,7,3,0,3,2026-06-16T11:57:02.676652
29,29,8,3,0,3,2026-06-16T11:57:04.087633
29,29,9,3,0,3,2026-06-16T11:57:05.589385
29,29,10,3,0,3,2026-06-16T11:57:06.803151
29,30,1,3,0,3,2026-06-16T11:57:08.206462
29,30,2,3,0,3,2026-06-16T11:57:09.216995
29,30,3,3,0,3,2026-06-16T11:57:11.022327
29,30,4,3,0,3,2026-06-16T11:57:12.451620
29,30,5,3,0,3,2026-06-16T11:57:14.063067
29,30,6,3,0,3,2026-06-16T11:57:15.259214
29,30,7,3,0,3,2026-06-16T11:57:17.043805
29,30,8,3,0,3,2026-06-16T11:57:19.042393
29,30,9,3,0,3,2026-06-16T11:57:20.854358
29,30,10,3,0,3,2026-06-16T11:57:21.657453
30,1,1,4,0,4,2026-06-16T11:57:23.261087
30,1,2,4,0,4,2026-06-16T11:57:24.861926
30,1,3,4,0,4,2026-06-16T11:57:26.285440
30,1,4,4,0,4,2026-06-16T11:57:27.710089
30,1,5,4,0,4,2026-06-16T11:57:28.938911
30,1,6,4,0,4,2026-06-16T11:57:30.576457
30,1,7,4,0,4,2026-06-16T11:57:32.101150
30,1,8,4,0,4,2026-06-16T11:57:33.706738
30,1,9,4,0,4,2026-06-16T11:57:34.906811
30,1,10,4,0,4,2026-06-16T11:57:36.509010
30,2,1,5,0,5,2026-06-16T11:57:37.334422
30,2,2,5,0,5,2026-06-16T11:57:39.142823
30,2,3,5,0,5,2026-06-16T11:57:40.756507
30,2,4,5,0,5,2026-06-16T11:57:42.773443
30,2,5,5,0,5,2026-06-16T11:57:45.181777
30,2,6,5,0,5,2026-06-16T11:57:46.991515
30,2,7,5,0,5,2026-06-16T11:57:48.799796
30,2,8,5,0,5,2026-06-16T11:57:49.789280
30,2,9,5,0,5,2026-06-16T11:57:51.057387
30,2,10,5,0,5,2026-06-16T11:57:51.859795
30,3,1,1,0,1,2026-06-16T11:57:53.063361
30,3,2,2,0,2,2026-06-16T11:57:54.288182
30,3,3,2,0,2,2026-06-16T11:57:56.308944
30,3,4,2,0,2,2026-06-16T11:57:57.816095
30,3,5,2,0,2,2026-06-16T11:57:58.819012
30,3,6,2,0,2,2026-06-16T11:58:00.479722
30,3,7,1,0,1,2026-06-16T11:58:02.095754
30,3,8,2,0,2,2026-06-16T11:58:03.716173
30,3,9,2,0,2,2026-06-16T11:58:05.319325
30,3,10,2,0,2,2026-06-16T11:58:06.523458
30,4,1,2,0,2,2026-06-16T11:58:07.715039
30,4,2,2,0,2,2026-06-16T11:58:08.922993
30,4,3,2,0,2,2026-06-16T11:58:11.568069
30,4,4,2,0,2,2026-06-16T11:58:13.560238
30,4,5,1,0,1,2026-06-16T11:58:14.969072
30,4,6,1,0,1,2026-06-16T11:58:16.573393
30,4,7,2,0,2,2026-06-16T11:58:18.184614
30,4,8,2,0,2,2026-06-16T11:58:19.181290
30,4,9,2,0,2,2026-06-16T11:58:20.786203
30,4,10,1,0,1,2026-06-16T11:58:22.387897
30,5,1,2,0,2,2026-06-16T11:58:23.587797
30,5,2,2,0,2,2026-06-16T11:58:24.588880
30,5,3,2,0,2,2026-06-16T11:58:25.993455
30,5,4,2,0,2,2026-06-16T11:58:27.401211
30,5,5,2,0,2,2026-06-16T11:58:29.404829
30,5,6,2,0,2,2026-06-16T11:58:30.223204
30,5,7,2,0,2,2026-06-16T11:58:32.232487
30,5,8,2,0,2,2026-06-16T11:58:33.432368
30,5,9,2,0,2,2026-06-16T11:58:35.435217
30,5,10,2,0,2,2026-06-16T11:58:37.227653
30,6,1,5,0,5,2026-06-16T11:58:39.027090
30,6,2,5,0,5,2026-06-16T11:58:42.535735
30,6,3,5,0,5,2026-06-16T11:58:44.548658
30,6,4,5,0,5,2026-06-16T11:58:46.143338
30,6,5,5,0,5,2026-06-16T11:58:47.789303
30,6,6,5,0,5,2026-06-16T11:58:49.838303
30,6,7,5,0,5,2026-06-16T11:58:51.067995
30,6,8,5,0,5,2026-06-16T11:58:52.077273
30,6,9,5,0,5,2026-06-16T11:58:53.276447
30,6,10,5,0,5,2026-06-16T11:58:54.485985
30,7,1,5,0,5,2026-06-16T11:58:56.290697
30,7,2,5,0,5,2026-06-16T11:58:57.697192
30,7,3,5,0,5,2026-06-16T11:58:59.488396
30,7,4,5,0,5,2026-06-16T11:59:01.290440
30,7,5,5,0,5,2026-06-16T11:59:02.301732
30,7,6,5,0,5,2026-06-16T11:59:03.299807
30,7,7,5,0,5,2026-06-16T11:59:05.292002
30,7,8,5,0,5,2026-06-16T11:59:06.898248
30,7,9,5,0,5,2026-06-16T11:59:08.906144
30,7,10,5,0,5,2026-06-16T11:59:09.902065
30,8,1,2,0,2,2026-06-16T11:59:11.520813
30,8,2,2,0,2,2026-06-16T11:59:13.125163
30,8,3,2,0,2,2026-06-16T11:59:13.932387
30,8,4,2,0,2,2026-06-16T11:59:15.138974
30,8,5,2,0,2,2026-06-16T11:59:16.748404
30,8,6,2,0,2,2026-06-16T11:59:18.345326
30,8,7,2,0,2,2026-06-16T11:59:19.607698
30,8,8,2,0,2,2026-06-16T11:59:21.687998
30,8,9,2,0,2,2026-06-16T11:59:23.120098
30,8,10,2,0,2,2026-06-16T11:59:24.516783
30,9,1,2,0,2,2026-06-16T11:59:25.907414
30,9,2,2,0,2,2026-06-16T11:59:27.509988
30,9,3,2,0,2,2026-06-16T11:59:28.503705
30,9,4,1,0,1,2026-06-16T11:59:30.108635
30,9,5,1,0,1,2026-06-16T11:59:31.899496
30,9,6,2,0,2,2026-06-16T11:59:35.044824
30,9,7,2,0,2,2026-06-16T11:59:39.191236
30,9,8,1,0,1,2026-06-16T11:59:40.609447
30,9,9,2,0,2,2026-06-16T11:59:42.639546
30,9,10,1,0,1,2026-06-16T11:59:44.238246
30,10,1,1,0,1,2026-06-16T11:59:45.450157
30,10,2,1,0,1,2026-06-16T11:59:46.442700
30,10,3,1,0,1,2026-06-16T11:59:48.042301
30,10,4,1,0,1,2026-06-16T11:59:49.856621
30,10,5,1,0,1,2026-06-16T11:59:51.469400
30,10,6,1,0,1,2026-06-16T11:59:52.676418
30,10,7,1,0,1,2026-06-16T11:59:54.252820
30,10,8,1,0,1,2026-06-16T11:59:55.263211
30,10,9,1,0,1,2026-06-16T11:59:56.666211
30,10,10,1,0,1,2026-06-16T11:59:58.272144
30,11,1,4,0,4,2026-06-16T11:59:59.284007
30,11,2,4,0,4,2026-06-16T12:00:00.474244
30,11,3,5,0,5,2026-06-16T12:00:02.106265
30,11,4,4,0,4,2026-06-16T12:00:03.928146
30,11,5,4,0,4,2026-06-16T12:00:05.138496
30,11,6,4,0,4,2026-06-16T12:00:05.944942
30,11,7,4,0,4,2026-06-16T12:00:07.131814
30,11,8,4,0,4,2026-06-16T12:00:08.141962
30,11,9,4,0,4,2026-06-16T12:00:08.946426
30,11,10,4,0,4,2026-06-16T12:00:10.758096
30,12,1,5,0,5,2026-06-16T12:00:12.134118
30,12,2,5,0,5,2026-06-16T12:00:12.942754
30,12,3,5,0,5,2026-06-16T12:00:14.151291
30,12,4,5,0,5,2026-06-16T12:00:15.749615
30,12,5,5,0,5,2026-06-16T12:00:16.556809
30,12,6,5,0,5,2026-06-16T12:00:18.370768
30,12,7,5,0,5,2026-06-16T12:00:20.180611
30,12,8,5,0,5,2026-06-16T12:00:21.591820
30,12,9,5,0,5,2026-06-16T12:00:22.791824
30,12,10,5,0,5,2026-06-16T12:00:24.399054
30,13,1,1,0,1,2026-06-16T12:00:25.893042
30,13,2,1,0,1,2026-06-16T12:00:27.298017
30,13,3,1,0,1,2026-06-16T12:00:28.760628
30,13,4,1,0,1,2026-06-16T12:00:30.566325
30,13,5,1,0,1,2026-06-16T12:00:32.779314
30,13,6,1,0,1,2026-06-16T12:00:34.590836
30,13,7,1,0,1,2026-06-16T12:00:36.595829
30,13,8,1,0,1,2026-06-16T12:00:38.595266
30,13,9,1,0,1,2026-06-16T12:00:39.783671
30,13,10,1,0,1,2026-06-16T12:00:41.187146
30,14,1,4,0,4,2026-06-16T12:00:42.894351
30,14,2,4,0,4,2026-06-16T12:00:44.287519
30,14,3,3,0,3,2026-06-16T12:00:46.104121
30,14,4,4,0,4,2026-06-16T12:00:47.110159
30,14,5,4,0,4,2026-06-16T12:00:48.709805
30,14,6,4,0,4,2026-06-16T12:00:50.323593
30,14,7,4,0,4,2026-06-16T12:00:51.934249
30,14,8,4,0,4,2026-06-16T12:00:52.922839
30,14,9,4,0,4,2026-06-16T12:00:54.120766
30,14,10,4,0,4,2026-06-16T12:00:55.115136
30,15,1,1,0,1,2026-06-16T12:00:57.133178
30,15,2,1,0,1,2026-06-16T12:01:00.593890
30,15,3,1,0,1,2026-06-16T12:01:02.193359
30,15,4,1,0,1,2026-06-16T12:01:03.993652
30,15,5,1,0,1,2026-06-16T12:01:05.200535
30,15,6,1,0,1,2026-06-16T12:01:06.797672
30,15,7,1,0,1,2026-06-16T12:01:08.429926
30,15,8,1,0,1,2026-06-16T12:01:09.429146
30,15,9,1,0,1,2026-06-16T12:01:10.231091
30,15,10,1,0,1,2026-06-16T12:01:11.234824
30,16,1,5,0,5,2026-06-16T12:01:12.634878
30,16,2,5,0,5,2026-06-16T12:01:14.624201
30,16,3,5,0,5,2026-06-16T12:01:15.664209
30,16,4,5,0,5,2026-06-16T12:01:16.891408
30,16,5,5,0,5,2026-06-16T12:01:18.099652
30,16,6,5,0,5,2026-06-16T12:01:19.759847
30,16,7,5,0,5,2026-06-16T12:01:21.191046
30,16,8,5,0,5,2026-06-16T12:01:22.596172
30,16,9,5,0,5,2026-06-16T12:01:24.003565
30,16,10,5,0,5,2026-06-16T12:01:26.418990
30,17,1,5,0,5,2026-06-16T12:01:28.831457
30,17,2,5,0,5,2026-06-16T12:01:30.443664
30,17,3,5,0,5,2026-06-16T12:01:32.048251
30,17,4,5,0,5,2026-06-16T12:01:33.641337
30,17,5,5,0,5,2026-06-16T12:01:34.456426
30,17,6,5,0,5,2026-06-16T12:01:36.089642
30,17,7,5,0,5,2026-06-16T12:01:37.721268
30,17,8,5,0,5,2026-06-16T12:01:38.742259
30,17,9,5,0,5,2026-06-16T12:01:40.151253
30,17,10,5,0,5,2026-06-16T12:01:41.979089
30,18,1,3,0,3,2026-06-16T12:01:43.580458
30,18,2,3,0,3,2026-06-16T12:01:44.985111
30,18,3,3,0,3,2026-06-16T12:01:46.993997
30,18,4,3,0,3,2026-06-16T12:01:48.406509
30,18,5,3,0,3,2026-06-16T12:01:49.659359
30,18,6,3,0,3,2026-06-16T12:01:50.857780
30,18,7,3,0,3,2026-06-16T12:01:53.055975
30,18,8,3,0,3,2026-06-16T12:01:54.113712
30,18,9,3,0,3,2026-06-16T12:01:55.807106
30,18,10,3,0,3,2026-06-16T12:01:57.213458
30,19,1,4,0,4,2026-06-16T12:01:58.210602
30,19,2,4,0,4,2026-06-16T12:01:59.817738
30,19,3,4,0,4,2026-06-16T12:02:01.228524
30,19,4,4,0,4,2026-06-16T12:02:02.030006
30,19,5,4,0,4,2026-06-16T12:02:03.895806
30,19,6,4,0,4,2026-06-16T12:02:05.102403
30,19,7,4,0,4,2026-06-16T12:02:06.291484
30,19,8,4,0,4,2026-06-16T12:02:07.291096
30,19,9,4,0,4,2026-06-16T12:02:08.692027
30,19,10,4,0,4,2026-06-16T12:02:09.685481
30,20,1,3,0,3,2026-06-16T12:02:10.887491
30,20,2,3,0,3,2026-06-16T12:02:12.299056
30,20,3,3,0,3,2026-06-16T12:02:13.501455
30,20,4,3,0,3,2026-06-16T12:02:14.543916
30,20,5,3,0,3,2026-06-16T12:02:16.146785
30,20,6,3,0,3,2026-06-16T12:02:16.952783
30,20,7,3,0,3,2026-06-16T12:02:18.581388
30,20,8,3,0,3,2026-06-16T12:02:19.790934
30,20,9,3,0,3,2026-06-16T12:02:21.203909
30,20,10,3,0,3,2026-06-16T12:02:24.634324
30,21,1,5,0,5,2026-06-16T12:02:26.635862
30,21,2,5,0,5,2026-06-16T12:02:28.032417
30,21,3,5,0,5,2026-06-16T12:02:30.038740
30,21,4,5,0,5,2026-06-16T12:02:31.220077
30,21,5,5,0,5,2026-06-16T12:02:32.029548
30,21,6,5,0,5,2026-06-16T12:02:33.027598
30,21,7,5,0,5,2026-06-16T12:02:34.618628
30,21,8,5,0,5,2026-06-16T12:02:35.639295
30,21,9,5,0,5,2026-06-16T12:02:36.643573
30,21,10,5,0,5,2026-06-16T12:02:38.239111
30,22,1,5,0,5,2026-06-16T12:02:40.233325
30,22,2,5,0,5,2026-06-16T12:02:41.829803
30,22,3,5,0,5,2026-06-16T12:02:43.642907
30,22,4,5,0,5,2026-06-16T12:02:45.467295
30,22,5,5,0,5,2026-06-16T12:02:47.073182
30,22,6,5,0,5,2026-06-16T12:02:48.477625
30,22,7,5,0,5,2026-06-16T12:02:50.879315
30,22,8,5,0,5,2026-06-16T12:02:51.868221
30,22,9,5,0,5,2026-06-16T12:02:53.278318
30,22,10,5,0,5,2026-06-16T12:02:54.464239
30,23,1,3,0,3,2026-06-16T12:02:55.466221
30,23,2,3,0,3,2026-06-16T12:02:56.683725
30,23,3,3,0,3,2026-06-16T12:02:58.286285
30,23,4,3,0,3,2026-06-16T12:02:59.909175
30,23,5,3,0,3,2026-06-16T12:03:00.910068
30,23,6,3,0,3,2026-06-16T12:03:02.306995
30,23,7,3,0,3,2026-06-16T12:03:03.700724
30,23,8,3,0,3,2026-06-16T12:03:04.927794
30,23,9,3,0,3,2026-06-16T12:03:06.770435
30,23,10,3,0,3,2026-06-16T12:03:08.409488
30,24,1,1,0,1,2026-06-16T12:03:09.844092
30,24,2,0,0,0,2026-06-16T12:03:11.258360
30,24,3,0,0,0,2026-06-16T12:03:12.655817
30,24,4,0,0,0,2026-06-16T12:03:13.874256
30,24,5,0,0,0,2026-06-16T12:03:16.601865
30,24,6,2,0,2,2026-06-16T12:03:18.799236
30,24,7,0,0,0,2026-06-16T12:03:19.984393
30,24,8,1,0,1,2026-06-16T12:03:21.194518
30,24,9,0,0,0,2026-06-16T12:03:23.053350
30,24,10,0,0,0,2026-06-16T12:03:24.486861
30,25,1,1,0,1,2026-06-16T12:03:25.920204
30,25,2,1,0,1,2026-06-16T12:03:27.559339
30,25,3,1,0,1,2026-06-16T12:03:28.992880
30,25,4,1,0,1,2026-06-16T12:03:31.179696
30,25,5,1,0,1,2026-06-16T12:03:32.886492
30,25,6,1,0,1,2026-06-16T12:03:34.108504
30,25,7,1,0,1,2026-06-16T12:03:36.124501
30,25,8,1,0,1,2026-06-16T12:03:37.738974
30,25,9,1,0,1,2026-06-16T12:03:39.143024
30,25,10,1,0,1,2026-06-16T12:03:40.525650
30,26,1,3,0,3,2026-06-16T12:03:41.734340
30,26,2,3,0,3,2026-06-16T12:03:44.165285
30,26,3,3,0,3,2026-06-16T12:03:46.176854
30,26,4,3,0,3,2026-06-16T12:03:47.579220
30,26,5,3,0,3,2026-06-16T12:03:48.449035
30,26,6,3,0,3,2026-06-16T12:03:50.254925
30,26,7,3,0,3,2026-06-16T12:03:51.852840
30,26,8,3,0,3,2026-06-16T12:03:53.978717
30,26,9,3,0,3,2026-06-16T12:03:55.785669
30,26,10,3,0,3,2026-06-16T12:03:57.051532
30,27,1,3,0,3,2026-06-16T12:03:57.869542
30,27,2,3,0,3,2026-06-16T12:03:59.673774
30,27,3,3,0,3,2026-06-16T12:04:01.483972
30,27,4,3,0,3,2026-06-16T12:04:03.502013
30,27,5,3,0,3,2026-06-16T12:04:04.897038
30,27,6,3,0,3,2026-06-16T12:04:06.782646
30,27,7,3,0,3,2026-06-16T12:04:07.976427
30,27,8,3,0,3,2026-06-16T12:04:09.774426
30,27,9,3,0,3,2026-06-16T12:04:11.386582
30,27,10,3,0,3,2026-06-16T12:04:13.395710
30,28,1,4,0,4,2026-06-16T12:04:15.221306
30,28,2,4,0,4,2026-06-16T12:04:16.644212
30,28,3,3,0,3,2026-06-16T12:04:18.045204
30,28,4,4,0,4,2026-06-16T12:04:19.887309
30,28,5,4,0,4,2026-06-16T12:04:21.729508
30,28,6,4,0,4,2026-06-16T12:04:23.777711
30,28,7,4,0,4,2026-06-16T12:04:25.826342
30,28,8,4,0,4,2026-06-16T12:04:27.243403
30,28,9,4,0,4,2026-06-16T12:04:28.444002
30,28,10,4,0,4,2026-06-16T12:04:30.222087
30,29,1,3,0,3,2026-06-16T12:04:31.606175
30,29,2,3,0,3,2026-06-16T12:04:33.016126
30,29,3,3,0,3,2026-06-16T12:04:34.233999
30,29,4,3,0,3,2026-06-16T12:04:35.246938
30,29,5,3,0,3,2026-06-16T12:04:36.650985
30,29,6,3,0,3,2026-06-16T12:04:37.702046
30,29,7,3,0,3,2026-06-16T12:04:38.909718
30,29,8,3,0,3,2026-06-16T12:04:40.693820
30,29,9,3,0,3,2026-06-16T12:04:43.604055
30,29,10,3,0,3,2026-06-16T12:04:45.490200
30,30,1,3,0,3,2026-06-16T12:04:46.503614
30,30,2,3,0,3,2026-06-16T12:04:48.113903
30,30,3,3,0,3,2026-06-16T12:04:48.914897
30,30,4,3,0,3,2026-06-16T12:04:50.120445
30,30,5,3,0,3,2026-06-16T12:04:51.191420
30,30,6,3,0,3,2026-06-16T12:04:52.997592
30,30,7,3,0,3,2026-06-16T12:04:54.190305
30,30,8,3,0,3,2026-06-16T12:04:55.789212
30,30,9,3,0,3,2026-06-16T12:04:57.470368
30,30,10,3,0,3,2026-06-16T12:04:59.108732
31,1,1,5,0,5,2026-06-16T12:05:00.512413
31,1,2,5,0,5,2026-06-16T12:05:01.920040
31,1,3,5,0,5,2026-06-16T12:05:03.122211
31,1,4,5,0,5,2026-06-16T12:05:04.347828
31,1,5,5,0,5,2026-06-16T12:05:06.161577
31,1,6,5,0,5,2026-06-16T12:05:09.319334
31,1,7,5,0,5,2026-06-16T12:05:12.830743
31,1,8,5,0,5,2026-06-16T12:05:14.839324
31,1,9,5,0,5,2026-06-16T12:05:16.449057
31,1,10,5,0,5,2026-06-16T12:05:17.858036
31,2,1,5,0,5,2026-06-16T12:05:18.871913
31,2,2,5,0,5,2026-06-16T12:05:20.485515
31,2,3,5,0,5,2026-06-16T12:05:22.493089
31,2,4,5,0,5,2026-06-16T12:05:23.915623
31,2,5,5,0,5,2026-06-16T12:05:24.934398
31,2,6,5,0,5,2026-06-16T12:05:26.337287
31,2,7,5,0,5,2026-06-16T12:05:27.543025
31,2,8,5,0,5,2026-06-16T12:05:28.551298
31,2,9,5,0,5,2026-06-16T12:05:30.160246
31,2,10,5,0,5,2026-06-16T12:05:31.058002
31,3,1,2,0,2,2026-06-16T12:05:31.863483
31,3,2,2,0,2,2026-06-16T12:05:33.312164
31,3,3,2,0,2,2026-06-16T12:05:35.974616
31,3,4,2,0,2,2026-06-16T12:05:37.579661
31,3,5,2,0,2,2026-06-16T12:05:39.045996
31,3,6,2,0,2,2026-06-16T12:05:40.463717
31,3,7,2,0,2,2026-06-16T12:05:41.677869
31,3,8,2,0,2,2026-06-16T12:05:42.883039
31,3,9,2,0,2,2026-06-16T12:05:43.906300
31,3,10,2,0,2,2026-06-16T12:05:45.117457
31,4,1,2,0,2,2026-06-16T12:05:46.716471
31,4,2,2,0,2,2026-06-16T12:05:48.336970
31,4,3,2,0,2,2026-06-16T12:05:50.119437
31,4,4,2,0,2,2026-06-16T12:05:50.912413
31,4,5,2,0,2,2026-06-16T12:05:52.326159
31,4,6,2,0,2,2026-06-16T12:05:53.724341
31,4,7,2,0,2,2026-06-16T12:05:55.227363
31,4,8,2,0,2,2026-06-16T12:05:56.439799
31,4,9,2,0,2,2026-06-16T12:05:57.854796
31,4,10,2,0,2,2026-06-16T12:05:58.864132
31,5,1,2,0,2,2026-06-16T12:05:59.869247
31,5,2,2,0,2,2026-06-16T12:06:01.480957
31,5,3,2,0,2,2026-06-16T12:06:03.278663
31,5,4,2,0,2,2026-06-16T12:06:04.873043
31,5,5,2,0,2,2026-06-16T12:06:06.683503
31,5,6,2,0,2,2026-06-16T12:06:08.209316
31,5,7,2,0,2,2026-06-16T12:06:09.821999
31,5,8,2,0,2,2026-06-16T12:06:11.236793
31,5,9,2,0,2,2026-06-16T12:06:12.653147
31,5,10,2,0,2,2026-06-16T12:06:14.069403
31,6,1,5,0,5,2026-06-16T12:06:15.478174
31,6,2,5,0,5,2026-06-16T12:06:16.682080
31,6,3,5,0,5,2026-06-16T12:06:18.283310
31,6,4,5,0,5,2026-06-16T12:06:19.889990
31,6,5,5,0,5,2026-06-16T12:06:21.301662
31,6,6,5,0,5,2026-06-16T12:06:23.315674
31,6,7,5,0,5,2026-06-16T12:06:25.130718
31,6,8,5,0,5,2026-06-16T12:06:26.343862
31,6,9,5,0,5,2026-06-16T12:06:27.362722
31,6,10,5,0,5,2026-06-16T12:06:28.967123
31,7,1,5,0,5,2026-06-16T12:06:30.570882
31,7,2,5,0,5,2026-06-16T12:06:32.581479
31,7,3,5,0,5,2026-06-16T12:06:35.712001
31,7,4,5,0,5,2026-06-16T12:06:36.531950
31,7,5,5,0,5,2026-06-16T12:06:37.621561
31,7,6,5,0,5,2026-06-16T12:06:39.245506
31,7,7,5,0,5,2026-06-16T12:06:40.849919
31,7,8,5,0,5,2026-06-16T12:06:42.241687
31,7,9,5,0,5,2026-06-16T12:06:43.655288
31,7,10,5,0,5,2026-06-16T12:06:44.655658
31,8,1,3,0,3,2026-06-16T12:06:46.118584
31,8,2,3,0,3,2026-06-16T12:06:47.509833
31,8,3,3,0,3,2026-06-16T12:06:49.326569
31,8,4,3,0,3,2026-06-16T12:06:50.933084
31,8,5,3,0,3,2026-06-16T12:06:52.136501
31,8,6,3,0,3,2026-06-16T12:06:53.354214
31,8,7,3,0,3,2026-06-16T12:06:54.347737
31,8,8,3,0,3,2026-06-16T12:06:55.568462
31,8,9,3,0,3,2026-06-16T12:06:56.572615
31,8,10,3,0,3,2026-06-16T12:06:58.159865
31,9,1,2,0,2,2026-06-16T12:06:59.565386
31,9,2,2,0,2,2026-06-16T12:07:03.008662
31,9,3,2,0,2,2026-06-16T12:07:04.016780
31,9,4,2,0,2,2026-06-16T12:07:05.024583
31,9,5,2,0,2,2026-06-16T12:07:06.040727
31,9,6,2,0,2,2026-06-16T12:07:07.647443
31,9,7,2,0,2,2026-06-16T12:07:09.059713
31,9,8,2,0,2,2026-06-16T12:07:10.266206
31,9,9,2,0,2,2026-06-16T12:07:11.475607
31,9,10,2,0,2,2026-06-16T12:07:12.679523
31,10,1,2,0,2,2026-06-16T12:07:13.890378
31,10,2,2,0,2,2026-06-16T12:07:15.300730
31,10,3,2,0,2,2026-06-16T12:07:16.308799
31,10,4,2,0,2,2026-06-16T12:07:18.296620
31,10,5,2,0,2,2026-06-16T12:07:19.710396
31,10,6,2,0,2,2026-06-16T12:07:21.113106
31,10,7,2,0,2,2026-06-16T12:07:21.912107
31,10,8,2,0,2,2026-06-16T12:07:23.113560
31,10,9,2,0,2,2026-06-16T12:07:24.535653
31,10,10,2,0,2,2026-06-16T12:07:25.958459
31,11,1,5,0,5,2026-06-16T12:07:28.834914
31,11,2,5,0,5,2026-06-16T12:07:30.054667
31,11,3,5,0,5,2026-06-16T12:07:31.968589
31,11,4,5,0,5,2026-06-16T12:07:34.045898
31,11,5,5,0,5,2026-06-16T12:07:34.831733
31,11,6,5,0,5,2026-06-16T12:07:36.447559
31,11,7,5,0,5,2026-06-16T12:07:37.734641
31,11,8,5,0,5,2026-06-16T12:07:39.371045
31,11,9,5,0,5,2026-06-16T12:07:40.973060
31,11,10,5,0,5,2026-06-16T12:07:42.383321
31,12,1,5,0,5,2026-06-16T12:07:43.381249
31,12,2,5,0,5,2026-06-16T12:07:44.419922
31,12,3,5,0,5,2026-06-16T12:07:45.644193
31,12,4,5,0,5,2026-06-16T12:07:47.264412
31,12,5,5,0,5,2026-06-16T12:07:48.448399
31,12,6,5,0,5,2026-06-16T12:07:50.446353
31,12,7,5,0,5,2026-06-16T12:07:52.262114
31,12,8,5,0,5,2026-06-16T12:07:53.261117
31,12,9,5,0,5,2026-06-16T12:07:55.248611
31,12,10,5,0,5,2026-06-16T12:07:58.521106
31,13,1,3,0,3,2026-06-16T12:08:00.306030
31,13,2,3,0,3,2026-06-16T12:08:02.002301
31,13,3,3,0,3,2026-06-16T12:08:03.410545
31,13,4,3,0,3,2026-06-16T12:08:05.025181
31,13,5,3,0,3,2026-06-16T12:08:05.830580
31,13,6,3,0,3,2026-06-16T12:08:07.236397
31,13,7,3,0,3,2026-06-16T12:08:09.051082
31,13,8,3,0,3,2026-06-16T12:08:10.853454
31,13,9,3,0,3,2026-06-16T12:08:12.451763
31,13,10,3,0,3,2026-06-16T12:08:13.868974
31,14,1,4,0,4,2026-06-16T12:08:15.284226
31,14,2,4,0,4,2026-06-16T12:08:16.893097
31,14,3,4,0,4,2026-06-16T12:08:18.120291
31,14,4,4,0,4,2026-06-16T12:08:19.933577
31,14,5,4,0,4,2026-06-16T12:08:21.146086
31,14,6,4,0,4,2026-06-16T12:08:23.570406
31,14,7,4,0,4,2026-06-16T12:08:25.415051
31,14,8,4,0,4,2026-06-16T12:08:26.478074
31,14,9,4,0,4,2026-06-16T12:08:27.701731
31,14,10,4,0,4,2026-06-16T12:08:28.938283
31,15,1,2,0,2,2026-06-16T12:08:30.337534
31,15,2,2,0,2,2026-06-16T12:08:31.566580
31,15,3,2,0,2,2026-06-16T12:08:32.784055
31,15,4,2,0,2,2026-06-16T12:08:34.389175
31,15,5,2,0,2,2026-06-16T12:08:35.607923
31,15,6,2,0,2,2026-06-16T12:08:37.009765
31,15,7,2,0,2,2026-06-16T12:08:38.851245
31,15,8,2,0,2,2026-06-16T12:08:40.489382
31,15,9,2,0,2,2026-06-16T12:08:42.293469
31,15,10,2,0,2,2026-06-16T12:08:43.901268
31,16,1,5,0,5,2026-06-16T12:08:45.299895
31,16,2,5,0,5,2026-06-16T12:08:46.325854
31,16,3,5,0,5,2026-06-16T12:08:47.320292
31,16,4,5,0,5,2026-06-16T12:08:48.522767
31,16,5,5,0,5,2026-06-16T12:08:50.956374
31,16,6,5,0,5,2026-06-16T12:08:53.858287
31,16,7,5,0,5,2026-06-16T12:08:55.943083
31,16,8,5,0,5,2026-06-16T12:08:57.547742
31,16,9,5,0,5,2026-06-16T12:08:58.779743
31,16,10,5,0,5,2026-06-16T12:09:00.396631
31,17,1,5,0,5,2026-06-16T12:09:01.607625
31,17,2,5,0,5,2026-06-16T12:09:03.007085
31,17,3,5,0,5,2026-06-16T12:09:04.615236
31,17,4,5,0,5,2026-06-16T12:09:06.423110
31,17,5,5,0,5,2026-06-16T12:09:07.420210
31,17,6,5,0,5,2026-06-16T12:09:09.422334
31,17,7,5,0,5,2026-06-16T12:09:11.093386
31,17,8,5,0,5,2026-06-16T12:09:12.302185
31,17,9,5,0,5,2026-06-16T12:09:13.144015
31,17,10,5,0,5,2026-06-16T12:09:14.065544
31,18,1,3,0,3,2026-06-16T12:09:15.872828
31,18,2,3,0,3,2026-06-16T12:09:17.681799
31,18,3,3,0,3,2026-06-16T12:09:21.811489
31,18,4,3,0,3,2026-06-16T12:09:23.631529
31,18,5,3,0,3,2026-06-16T12:09:25.236237
31,18,6,3,0,3,2026-06-16T12:09:26.439547
31,18,7,3,0,3,2026-06-16T12:09:27.246304
31,18,8,3,0,3,2026-06-16T12:09:28.474925
31,18,9,3,0,3,2026-06-16T12:09:29.649887
31,18,10,3,0,3,2026-06-16T12:09:31.457398
31,19,1,3,0,3,2026-06-16T12:09:33.270060
31,19,2,3,0,3,2026-06-16T12:09:34.056989
31,19,3,3,0,3,2026-06-16T12:09:35.071831
31,19,4,3,0,3,2026-06-16T12:09:37.085145
31,19,5,3,0,3,2026-06-16T12:09:37.922989
31,19,6,3,0,3,2026-06-16T12:09:39.522727
31,19,7,3,0,3,2026-06-16T12:09:40.524191
31,19,8,3,0,3,2026-06-16T12:09:41.534125
31,19,9,3,0,3,2026-06-16T12:09:42.555654
31,19,10,3,0,3,2026-06-16T12:09:44.065745
31,20,1,3,0,3,2026-06-16T12:09:45.672394
31,20,2,3,0,3,2026-06-16T12:09:47.547202
31,20,3,3,0,3,2026-06-16T12:09:48.752352
31,20,4,3,0,3,2026-06-16T12:09:49.801799
31,20,5,3,0,3,2026-06-16T12:09:51.029732
31,20,6,3,0,3,2026-06-16T12:09:52.639688
31,20,7,3,0,3,2026-06-16T12:09:53.834909
31,20,8,3,0,3,2026-06-16T12:09:54.668969
31,20,9,3,0,3,2026-06-16T12:09:55.472358
31,20,10,3,0,3,2026-06-16T12:09:56.888733
31,21,1,5,0,5,2026-06-16T12:09:58.090086
31,21,2,5,0,5,2026-06-16T12:09:59.486126
31,21,3,5,0,5,2026-06-16T12:10:00.554675
31,21,4,5,0,5,2026-06-16T12:10:01.968870
31,21,5,5,0,5,2026-06-16T12:10:03.333782
31,21,6,5,0,5,2026-06-16T12:10:04.131449
31,21,7,5,0,5,2026-06-16T12:10:05.343784
31,21,8,5,0,5,2026-06-16T12:10:06.559011
31,21,9,5,0,5,2026-06-16T12:10:07.348553
31,21,10,5,0,5,2026-06-16T12:10:08.353220
31,22,1,5,0,5,2026-06-16T12:10:09.555596
31,22,2,5,0,5,2026-06-16T12:10:10.755406
31,22,3,5,0,5,2026-06-16T12:10:13.164777
31,22,4,5,0,5,2026-06-16T12:10:25.821703
31,22,5,5,0,5,2026-06-16T12:10:27.279553
31,22,6,5,0,5,2026-06-16T12:10:29.093665
31,22,7,5,0,5,2026-06-16T12:10:30.683222
31,22,8,5,0,5,2026-06-16T12:10:32.688604
31,22,9,5,0,5,2026-06-16T12:10:34.114131
31,22,10,5,0,5,2026-06-16T12:10:35.368879
31,23,1,3,0,3,2026-06-16T12:10:36.806347
31,23,2,3,0,3,2026-06-16T12:10:38.000689
31,23,3,3,0,3,2026-06-16T12:10:39.600340
31,23,4,3,0,3,2026-06-16T12:10:41.402984
31,23,5,3,0,3,2026-06-16T12:10:43.631091
31,23,6,3,0,3,2026-06-16T12:10:45.508778
31,23,7,3,0,3,2026-06-16T12:10:47.098155
31,23,8,3,0,3,2026-06-16T12:10:48.504667
31,23,9,3,0,3,2026-06-16T12:10:50.912633
31,23,10,3,0,3,2026-06-16T12:10:52.520171
31,24,1,1,0,1,2026-06-16T12:10:54.417294
31,24,2,1,0,1,2026-06-16T12:10:56.222542
31,24,3,1,0,1,2026-06-16T12:10:57.427714
31,24,4,1,0,1,2026-06-16T12:10:58.635705
31,24,5,1,0,1,2026-06-16T12:11:00.441374
31,24,6,1,0,1,2026-06-16T12:11:02.283950
31,24,7,1,0,1,2026-06-16T12:11:03.693571
31,24,8,1,0,1,2026-06-16T12:11:04.702049
31,24,9,1,0,1,2026-06-16T12:11:06.326968
31,24,10,1,0,1,2026-06-16T12:11:07.730988
31,25,1,1,0,1,2026-06-16T12:11:09.943700
31,25,2,1,0,1,2026-06-16T12:11:11.567816
31,25,3,1,0,1,2026-06-16T12:11:12.848575
31,25,4,1,0,1,2026-06-16T12:11:13.853330
31,25,5,1,0,1,2026-06-16T12:11:15.920282
31,25,6,1,0,1,2026-06-16T12:11:16.929755
31,25,7,1,0,1,2026-06-16T12:11:18.551146
31,25,8,1,0,1,2026-06-16T12:11:19.766804
31,25,9,1,0,1,2026-06-16T12:11:21.039551
31,25,10,1,0,1,2026-06-16T12:11:22.444819
31,26,1,3,0,3,2026-06-16T12:11:23.450051
31,26,2,3,0,3,2026-06-16T12:11:24.727160
31,26,3,2,0,2,2026-06-16T12:11:25.536562
31,26,4,2,0,2,2026-06-16T12:11:26.340789
31,26,5,3,0,3,2026-06-16T12:11:27.725098
31,26,6,3,0,3,2026-06-16T12:11:29.111642
31,26,7,2,0,2,2026-06-16T12:11:30.335015
31,26,8,3,0,3,2026-06-16T12:11:31.736971
31,26,9,3,0,3,2026-06-16T12:11:33.135794
31,26,10,3,0,3,2026-06-16T12:11:35.144763
31,27,1,4,0,4,2026-06-16T12:11:37.548402
31,27,2,4,0,4,2026-06-16T12:11:39.751383
31,27,3,4,0,4,2026-06-16T12:11:41.365605
31,27,4,4,0,4,2026-06-16T12:11:42.977532
31,27,5,4,0,4,2026-06-16T12:11:44.188036
31,27,6,4,0,4,2026-06-16T12:11:45.604275
31,27,7,4,0,4,2026-06-16T12:11:47.210869
31,27,8,4,0,4,2026-06-16T12:11:48.408098
31,27,9,4,0,4,2026-06-16T12:11:49.407852
31,27,10,4,0,4,2026-06-16T12:11:50.430047
31,28,1,2,0,2,2026-06-16T12:11:51.640223
31,28,2,2,0,2,2026-06-16T12:11:52.844623
31,28,3,2,0,2,2026-06-16T12:11:53.851854
31,28,4,2,0,2,2026-06-16T12:11:55.062827
31,28,5,2,0,2,2026-06-16T12:11:57.091552
31,28,6,2,0,2,2026-06-16T12:11:58.485993
31,28,7,2,0,2,2026-06-16T12:11:59.483093
31,28,8,2,0,2,2026-06-16T12:12:00.741668
31,28,9,2,0,2,2026-06-16T12:12:01.945831
31,28,10,2,0,2,2026-06-16T12:12:04.170446
31,29,1,3,0,3,2026-06-16T12:12:07.596330
31,29,2,3,0,3,2026-06-16T12:12:09.595867
31,29,3,3,0,3,2026-06-16T12:12:11.219452
31,29,4,3,0,3,2026-06-16T12:12:12.412366
31,29,5,3,0,3,2026-06-16T12:12:13.801407
31,29,6,3,0,3,2026-06-16T12:12:15.831141
31,29,7,3,0,3,2026-06-16T12:12:16.652361
31,29,8,3,0,3,2026-06-16T12:12:18.460218
31,29,9,3,0,3,2026-06-16T12:12:19.717399
31,29,10,3,0,3,2026-06-16T12:12:21.310075
31,30,1,3,0,3,2026-06-16T12:12:22.791178
31,30,2,3,0,3,2026-06-16T12:12:24.601006
31,30,3,3,0,3,2026-06-16T12:12:25.814672
31,30,4,3,0,3,2026-06-16T12:12:27.500052
31,30,5,3,0,3,2026-06-16T12:12:28.902130
31,30,6,3,0,3,2026-06-16T12:12:30.499982
31,30,7,3,0,3,2026-06-16T12:12:32.899082
31,30,8,3,0,3,2026-06-16T12:12:34.728081
31,30,9,3,0,3,2026-06-16T12:12:36.309834
31,30,10,3,0,3,2026-06-16T12:12:37.715276
32,1,1,4,0,4,2026-06-16T12:12:39.479505
32,1,2,4,0,4,2026-06-16T12:12:41.098986
32,1,3,4,0,4,2026-06-16T12:12:42.918294
32,1,4,4,0,4,2026-06-16T12:12:44.521673
32,1,5,4,0,4,2026-06-16T12:12:46.121104
32,1,6,4,0,4,2026-06-16T12:12:47.714022
32,1,7,4,0,4,2026-06-16T12:12:49.112841
32,1,8,4,0,4,2026-06-16T12:12:50.718684
32,1,9,4,0,4,2026-06-16T12:12:52.315238
32,1,10,4,0,4,2026-06-16T12:12:53.524966
32,2,1,5,0,5,2026-06-16T12:12:54.731174
32,2,2,5,0,5,2026-06-16T12:12:55.941466
32,2,3,5,0,5,2026-06-16T12:12:57.138991
32,2,4,5,0,5,2026-06-16T12:12:59.792589
32,2,5,5,0,5,2026-06-16T12:13:01.406237
32,2,6,5,0,5,2026-06-16T12:13:02.631085
32,2,7,5,0,5,2026-06-16T12:13:04.646438
32,2,8,5,0,5,2026-06-16T12:13:06.668113
32,2,9,5,0,5,2026-06-16T12:13:08.282211
32,2,10,5,0,5,2026-06-16T12:13:10.085883
32,3,1,2,0,2,2026-06-16T12:13:11.775963
32,3,2,2,0,2,2026-06-16T12:13:13.821275
32,3,3,2,0,2,2026-06-16T12:13:15.020842
32,3,4,2,0,2,2026-06-16T12:13:16.632952
32,3,5,2,0,2,2026-06-16T12:13:17.630417
32,3,6,2,0,2,2026-06-16T12:13:19.236007
32,3,7,2,0,2,2026-06-16T12:13:20.453556
32,3,8,2,0,2,2026-06-16T12:13:21.453749
32,3,9,2,0,2,2026-06-16T12:13:23.056015
32,3,10,2,0,2,2026-06-16T12:13:25.271492
32,4,1,1,0,1,2026-06-16T12:13:26.468070
32,4,2,1,0,1,2026-06-16T12:13:28.473777
32,4,3,1,0,1,2026-06-16T12:13:30.507201
32,4,4,1,0,1,2026-06-16T12:13:31.499419
32,4,5,1,0,1,2026-06-16T12:13:32.497682
32,4,6,1,0,1,2026-06-16T12:13:33.901413
32,4,7,1,0,1,2026-06-16T12:13:34.696499
32,4,8,1,0,1,2026-06-16T12:13:35.693107
32,4,9,1,0,1,2026-06-16T12:13:36.882939
32,4,10,1,0,1,2026-06-16T12:13:38.496808
32,5,1,1,0,1,2026-06-16T12:13:40.091319
32,5,2,1,0,1,2026-06-16T12:13:40.901094
32,5,3,1,0,1,2026-06-16T12:13:42.114102
32,5,4,1,0,1,2026-06-16T12:13:43.319904
32,5,5,1,0,1,2026-06-16T12:13:44.990973
32,5,6,1,0,1,2026-06-16T12:13:45.821222
32,5,7,1,0,1,2026-06-16T12:13:47.479411
32,5,8,1,0,1,2026-06-16T12:13:48.485085
32,5,9,1,0,1,2026-06-16T12:13:50.298086
32,5,10,1,0,1,2026-06-16T12:13:51.502793
32,6,1,5,0,5,2026-06-16T12:13:53.491523
32,6,2,5,0,5,2026-06-16T12:13:55.769396
32,6,3,5,0,5,2026-06-16T12:13:57.777889
32,6,4,5,0,5,2026-06-16T12:13:59.566207
32,6,5,5,0,5,2026-06-16T12:14:01.778089
32,6,6,5,0,5,2026-06-16T12:14:02.985094
32,6,7,5,0,5,2026-06-16T12:14:04.591986
32,6,8,5,0,5,2026-06-16T12:14:06.594553
32,6,9,5,0,5,2026-06-16T12:14:08.404688
32,6,10,5,0,5,2026-06-16T12:14:09.608037
32,7,1,5,0,5,2026-06-16T12:14:11.024313
32,7,2,5,0,5,2026-06-16T12:14:12.433520
32,7,3,5,0,5,2026-06-16T12:14:13.279936
32,7,4,5,0,5,2026-06-16T12:14:15.091734
32,7,5,5,0,5,2026-06-16T12:14:16.693627
32,7,6,5,0,5,2026-06-16T12:14:18.514136
32,7,7,5,0,5,2026-06-16T12:14:21.155109
32,7,8,5,0,5,2026-06-16T12:14:23.008321
32,7,9,5,0,5,2026-06-16T12:14:24.648181
32,7,10,5,0,5,2026-06-16T12:14:25.858555
32,8,1,2,0,2,2026-06-16T12:14:26.854368
32,8,2,2,0,2,2026-06-16T12:14:29.060882
32,8,3,2,0,2,2026-06-16T12:14:30.672154
32,8,4,2,0,2,2026-06-16T12:14:32.480291
32,8,5,2,0,2,2026-06-16T12:14:33.891860
32,8,6,2,0,2,2026-06-16T12:14:34.730398
32,8,7,2,0,2,2026-06-16T12:14:36.142407
32,8,8,2,0,2,2026-06-16T12:14:36.989795
32,8,9,2,0,2,2026-06-16T12:14:38.407100
32,8,10,2,0,2,2026-06-16T12:14:39.611206
32,9,1,1,0,1,2026-06-16T12:14:40.811013
32,9,2,1,0,1,2026-06-16T12:14:42.419123
32,9,3,1,0,1,2026-06-16T12:14:44.023072
32,9,4,1,0,1,2026-06-16T12:14:46.228105
32,9,5,1,0,1,2026-06-16T12:14:47.634879
32,9,6,1,0,1,2026-06-16T12:14:49.662806
32,9,7,1,0,1,2026-06-16T12:14:51.278336
32,9,8,1,0,1,2026-06-16T12:14:52.862608
32,9,9,1,0,1,2026-06-16T12:14:53.730149
32,9,10,1,0,1,2026-06-16T12:14:55.162510
32,10,1,1,0,1,2026-06-16T12:14:58.065495
32,10,2,1,0,1,2026-06-16T12:14:59.055897
32,10,3,1,0,1,2026-06-16T12:15:00.656021
32,10,4,1,0,1,2026-06-16T12:15:02.084368
32,10,5,1,0,1,2026-06-16T12:15:03.709826
32,10,6,1,0,1,2026-06-16T12:15:05.323368
32,10,7,1,0,1,2026-06-16T12:15:06.930676
32,10,8,1,0,1,2026-06-16T12:15:08.933640
32,10,9,1,0,1,2026-06-16T12:15:10.346063
32,10,10,1,0,1,2026-06-16T12:15:11.649071
32,11,1,5,0,5,2026-06-16T12:15:13.246406
32,11,2,5,0,5,2026-06-16T12:15:15.749304
32,11,3,5,0,5,2026-06-16T12:15:16.964725
32,11,4,5,0,5,2026-06-16T12:15:18.565683
32,11,5,5,0,5,2026-06-16T12:15:20.158874
32,11,6,5,0,5,2026-06-16T12:15:20.969975
32,11,7,5,0,5,2026-06-16T12:15:22.811070
32,11,8,5,0,5,2026-06-16T12:15:23.836437
32,11,9,5,0,5,2026-06-16T12:15:25.438953
32,11,10,5,0,5,2026-06-16T12:15:26.702357
32,12,1,5,0,5,2026-06-16T12:15:27.917083
32,12,2,5,0,5,2026-06-16T12:15:29.740383
32,12,3,5,0,5,2026-06-16T12:15:30.748221
32,12,4,5,0,5,2026-06-16T12:15:32.167260
32,12,5,5,0,5,2026-06-16T12:15:33.053190
32,12,6,5,0,5,2026-06-16T12:15:34.255768
32,12,7,5,0,5,2026-06-16T12:15:35.471102
32,12,8,5,0,5,2026-06-16T12:15:36.504167
32,12,9,5,0,5,2026-06-16T12:15:37.517949
32,12,10,5,0,5,2026-06-16T12:15:39.119362
32,13,1,2,0,2,2026-06-16T12:15:40.925225
32,13,2,2,0,2,2026-06-16T12:15:43.837086
32,13,3,2,0,2,2026-06-16T12:15:46.714876
32,13,4,2,0,2,2026-06-16T12:15:47.709887
32,13,5,2,0,2,2026-06-16T12:15:49.114011
32,13,6,2,0,2,2026-06-16T12:15:50.769526
32,13,7,2,0,2,2026-06-16T12:15:52.407517
32,13,8,2,0,2,2026-06-16T12:15:54.018023
32,13,9,2,0,2,2026-06-16T12:15:55.215843
32,13,10,2,0,2,2026-06-16T12:15:56.409858
32,14,1,4,0,4,2026-06-16T12:15:57.210143
32,14,2,3,0,3,2026-06-16T12:15:59.471577
32,14,3,4,0,4,2026-06-16T12:16:01.089415
32,14,4,4,0,4,2026-06-16T12:16:02.307720
32,14,5,3,0,3,2026-06-16T12:16:03.305538
32,14,6,4,0,4,2026-06-16T12:16:05.001304
32,14,7,3,0,3,2026-06-16T12:16:06.199341
32,14,8,3,0,3,2026-06-16T12:16:07.999650
32,14,9,3,0,3,2026-06-16T12:16:09.409293
32,14,10,3,0,3,2026-06-16T12:16:11.027105
32,15,1,1,0,1,2026-06-16T12:16:12.841151
32,15,2,1,0,1,2026-06-16T12:16:14.648579
32,15,3,1,0,1,2026-06-16T12:16:16.060119
32,15,4,1,0,1,2026-06-16T12:16:16.880161
32,15,5,1,0,1,2026-06-16T12:16:18.479561
32,15,6,1,0,1,2026-06-16T12:16:19.682912
32,15,7,1,0,1,2026-06-16T12:16:20.925139
32,15,8,1,0,1,2026-06-16T12:16:22.545719
32,15,9,1,0,1,2026-06-16T12:16:24.178795
32,15,10,1,0,1,2026-06-16T12:16:25.375083
32,16,1,5,0,5,2026-06-16T12:16:26.608384
32,16,2,5,0,5,2026-06-16T12:16:27.797175
32,16,3,5,0,5,2026-06-16T12:16:28.805553
32,16,4,5,0,5,2026-06-16T12:16:30.092681
32,16,5,5,0,5,2026-06-16T12:16:30.907798
32,16,6,5,0,5,2026-06-16T12:16:32.143295
32,16,7,5,0,5,2026-06-16T12:16:33.353591
32,16,8,5,0,5,2026-06-16T12:16:34.161835
32,16,9,5,0,5,2026-06-16T12:16:36.367080
32,16,10,5,0,5,2026-06-16T12:16:38.487477
32,17,1,5,0,5,2026-06-16T12:16:39.880368
32,17,2,5,0,5,2026-06-16T12:16:40.874311
32,17,3,5,0,5,2026-06-16T12:16:42.279555
32,17,4,5,0,5,2026-06-16T12:16:43.897379
32,17,5,5,0,5,2026-06-16T12:16:45.093947
32,17,6,5,0,5,2026-06-16T12:16:46.304578
32,17,7,5,0,5,2026-06-16T12:16:47.912700
32,17,8,5,0,5,2026-06-16T12:16:49.751229
32,17,9,5,0,5,2026-06-16T12:16:50.559466
32,17,10,5,0,5,2026-06-16T12:16:51.773143
32,18,1,4,0,4,2026-06-16T12:16:53.232216
32,18,2,4,0,4,2026-06-16T12:16:54.842924
32,18,3,4,0,4,2026-06-16T12:16:56.439099
32,18,4,4,0,4,2026-06-16T12:16:58.055884
32,18,5,4,0,4,2026-06-16T12:16:59.253253
32,18,6,4,0,4,2026-06-16T12:17:00.642496
32,18,7,4,0,4,2026-06-16T12:17:01.734150
32,18,8,4,0,4,2026-06-16T12:17:04.626412
32,18,9,4,0,4,2026-06-16T12:17:05.852507
32,18,10,4,0,4,2026-06-16T12:17:07.672286
32,19,1,3,0,3,2026-06-16T12:17:10.093680
32,19,2,4,0,4,2026-06-16T12:17:11.561719
32,19,3,4,0,4,2026-06-16T12:17:13.175448
32,19,4,3,0,3,2026-06-16T12:17:14.398749
32,19,5,3,0,3,2026-06-16T12:17:15.810580
32,19,6,4,0,4,2026-06-16T12:17:17.013139
32,19,7,4,0,4,2026-06-16T12:17:18.413252
32,19,8,4,0,4,2026-06-16T12:17:19.447595
32,19,9,4,0,4,2026-06-16T12:17:21.264873
32,19,10,4,0,4,2026-06-16T12:17:23.068817
32,20,1,3,0,3,2026-06-16T12:17:24.772934
32,20,2,3,0,3,2026-06-16T12:17:25.674821
32,20,3,3,0,3,2026-06-16T12:17:26.884534
32,20,4,3,0,3,2026-06-16T12:17:29.093842
32,20,5,3,0,3,2026-06-16T12:17:31.090054
32,20,6,3,0,3,2026-06-16T12:17:33.784206
32,20,7,3,0,3,2026-06-16T12:17:34.585643
32,20,8,3,0,3,2026-06-16T12:17:36.446671
32,20,9,3,0,3,2026-06-16T12:17:38.070667
32,20,10,3,0,3,2026-06-16T12:17:40.279715
32,21,1,5,0,5,2026-06-16T12:17:41.491438
32,21,2,5,0,5,2026-06-16T12:17:42.528398
32,21,3,5,0,5,2026-06-16T12:17:43.820481
32,21,4,5,0,5,2026-06-16T12:17:45.634852
32,21,5,5,0,5,2026-06-16T12:17:47.435700
32,21,6,5,0,5,2026-06-16T12:17:49.044825
32,21,7,5,0,5,2026-06-16T12:17:50.679782
32,21,8,5,0,5,2026-06-16T12:17:51.909884
32,21,9,5,0,5,2026-06-16T12:17:53.548243
32,21,10,5,0,5,2026-06-16T12:17:55.155775
32,22,1,5,0,5,2026-06-16T12:17:56.970671
32,22,2,5,0,5,2026-06-16T12:17:58.180345
32,22,3,5,0,5,2026-06-16T12:17:59.692886
32,22,4,5,0,5,2026-06-16T12:18:02.346183
32,22,5,5,0,5,2026-06-16T12:18:05.017104
32,22,6,5,0,5,2026-06-16T12:18:06.027656
32,22,7,5,0,5,2026-06-16T12:18:07.856178
32,22,8,5,0,5,2026-06-16T12:18:09.123253
32,22,9,5,0,5,2026-06-16T12:18:10.958148
32,22,10,5,0,5,2026-06-16T12:18:12.594527
32,23,1,3,0,3,2026-06-16T12:18:13.618279
32,23,2,3,0,3,2026-06-16T12:18:15.225784
32,23,3,3,0,3,2026-06-16T12:18:16.433135
32,23,4,3,0,3,2026-06-16T12:18:17.713443
32,23,5,3,0,3,2026-06-16T12:18:18.943421
32,23,6,3,0,3,2026-06-16T12:18:20.580570
32,23,7,3,0,3,2026-06-16T12:18:21.604838
32,23,8,3,0,3,2026-06-16T12:18:23.606048
32,23,9,3,0,3,2026-06-16T12:18:25.436535
32,23,10,3,0,3,2026-06-16T12:18:27.244766
32,24,1,0,0,0,2026-06-16T12:18:29.048375
32,24,2,0,0,0,2026-06-16T12:18:31.267168
32,24,3,0,0,0,2026-06-16T12:18:32.285480
32,24,4,0,0,0,2026-06-16T12:18:33.494856
32,24,5,0,0,0,2026-06-16T12:18:34.903953
32,24,6,0,0,0,2026-06-16T12:18:36.536358
32,24,7,0,0,0,2026-06-16T12:18:37.375242
32,24,8,0,0,0,2026-06-16T12:18:38.995980
32,24,9,0,0,0,2026-06-16T12:18:40.202309
32,24,10,0,0,0,2026-06-16T12:18:41.801537
32,25,1,1,0,1,2026-06-16T12:18:43.396158
32,25,2,1,0,1,2026-06-16T12:18:45.057370
32,25,3,1,0,1,2026-06-16T12:18:46.253977
32,25,4,1,0,1,2026-06-16T12:18:47.457657
32,25,5,1,0,1,2026-06-16T12:18:48.861595
32,25,6,1,0,1,2026-06-16T12:18:51.069676
32,25,7,1,0,1,2026-06-16T12:18:53.990256
32,25,8,1,0,1,2026-06-16T12:18:55.196213
32,25,9,2,0,2,2026-06-16T12:18:56.193987
32,25,10,1,0,1,2026-06-16T12:18:57.793214
32,26,1,2,0,2,2026-06-16T12:18:59.398420
32,26,2,2,0,2,2026-06-16T12:19:00.827415
32,26,3,3,0,3,2026-06-16T12:19:01.832358
32,26,4,3,0,3,2026-06-16T12:19:02.633094
32,26,5,2,0,2,2026-06-16T12:19:03.638816
32,26,6,2,0,2,2026-06-16T12:19:04.922221
32,26,7,2,0,2,2026-06-16T12:19:06.144635
32,26,8,2,0,2,2026-06-16T12:19:07.535662
32,26,9,3,0,3,2026-06-16T12:19:08.335075
32,26,10,2,0,2,2026-06-16T12:19:10.043413
32,27,1,4,0,4,2026-06-16T12:19:11.270467
32,27,2,4,0,4,2026-06-16T12:19:12.083877
32,27,3,4,0,4,2026-06-16T12:19:13.679714
32,27,4,4,0,4,2026-06-16T12:19:14.871608
32,27,5,4,0,4,2026-06-16T12:19:16.279441
32,27,6,4,0,4,2026-06-16T12:19:17.078154
32,27,7,4,0,4,2026-06-16T12:19:18.498564
32,27,8,4,0,4,2026-06-16T12:19:21.204530
32,27,9,4,0,4,2026-06-16T12:19:22.432311
32,27,10,4,0,4,2026-06-16T12:19:24.246521
32,28,1,4,0,4,2026-06-16T12:19:25.452202
32,28,2,4,0,4,2026-06-16T12:19:26.941595
32,28,3,4,0,4,2026-06-16T12:19:28.964848
32,28,4,4,0,4,2026-06-16T12:19:30.828784
32,28,5,4,0,4,2026-06-16T12:19:33.031382
32,28,6,4,0,4,2026-06-16T12:19:34.444631
32,28,7,4,0,4,2026-06-16T12:19:35.662415
32,28,8,4,0,4,2026-06-16T12:19:36.665135
32,28,9,4,0,4,2026-06-16T12:19:38.282043
32,28,10,4,0,4,2026-06-16T12:19:39.083512
32,29,1,4,0,4,2026-06-16T12:19:40.091625
32,29,2,4,0,4,2026-06-16T12:19:40.959832
32,29,3,4,0,4,2026-06-16T12:19:41.766071
32,29,4,4,0,4,2026-06-16T12:19:42.602189
32,29,5,3,0,3,2026-06-16T12:19:43.798945
32,29,6,4,0,4,2026-06-16T12:19:45.472618
32,29,7,4,0,4,2026-06-16T12:19:46.683723
32,29,8,4,0,4,2026-06-16T12:19:49.099259
32,29,9,4,0,4,2026-06-16T12:19:50.520760
32,29,10,4,0,4,2026-06-16T12:19:52.323317
32,30,1,3,0,3,2026-06-16T12:19:53.548095
32,30,2,3,0,3,2026-06-16T12:19:55.405558
32,30,3,3,0,3,2026-06-16T12:19:56.804089
32,30,4,3,0,3,2026-06-16T12:19:58.188012
32,30,5,3,0,3,2026-06-16T12:19:59.398363
32,30,6,3,0,3,2026-06-16T12:20:01.006614
32,30,7,3,0,3,2026-06-16T12:20:02.410732
32,30,8,3,0,3,2026-06-16T12:20:03.821064
32,30,9,3,0,3,2026-06-16T12:20:05.637223
32,30,10,3,0,3,2026-06-16T12:20:06.874465
33,1,1,5,0,5,2026-06-16T12:20:08.481663
33,1,2,5,0,5,2026-06-16T12:20:09.740882
33,1,3,5,0,5,2026-06-16T12:20:11.152404
33,1,4,5,0,5,2026-06-16T12:20:13.149108
33,1,5,5,0,5,2026-06-16T12:20:15.169559
33,1,6,5,0,5,2026-06-16T12:20:16.772380
33,1,7,5,0,5,2026-06-16T12:20:17.993463
33,1,8,5,0,5,2026-06-16T12:20:19.824335
33,1,9,5,0,5,2026-06-16T12:20:21.035109
33,1,10,5,0,5,2026-06-16T12:20:22.847707
33,2,1,4,0,4,2026-06-16T12:20:24.427020
33,2,2,4,0,4,2026-06-16T12:20:25.585164
33,2,3,4,0,4,2026-06-16T12:20:26.765976
33,2,4,4,0,4,2026-06-16T12:20:27.777506
33,2,5,4,0,4,2026-06-16T12:20:29.389712
33,2,6,4,0,4,2026-06-16T12:20:30.790959
33,2,7,4,0,4,2026-06-16T12:20:32.390696
33,2,8,3,0,3,2026-06-16T12:20:34.184036
33,2,9,3,0,3,2026-06-16T12:20:35.856991
33,2,10,4,0,4,2026-06-16T12:20:37.266353
33,3,1,2,0,2,2026-06-16T12:20:38.445205
33,3,2,2,0,2,2026-06-16T12:20:39.843296
33,3,3,2,0,2,2026-06-16T12:20:42.268887
33,3,4,2,0,2,2026-06-16T12:20:45.419018
33,3,5,2,0,2,2026-06-16T12:20:47.018113
33,3,6,2,0,2,2026-06-16T12:20:48.427138
33,3,7,2,0,2,2026-06-16T12:20:50.035327
33,3,8,2,0,2,2026-06-16T12:20:51.828267
33,3,9,2,0,2,2026-06-16T12:20:53.433734
33,3,10,2,0,2,2026-06-16T12:20:54.428642
33,4,1,1,0,1,2026-06-16T12:20:56.033999
33,4,2,2,0,2,2026-06-16T12:20:57.850860
33,4,3,2,0,2,2026-06-16T12:20:59.050286
33,4,4,2,0,2,2026-06-16T12:21:00.459826
33,4,5,2,0,2,2026-06-16T12:21:01.260118
33,4,6,2,0,2,2026-06-16T12:21:02.881163
33,4,7,2,0,2,2026-06-16T12:21:03.886481
33,4,8,2,0,2,2026-06-16T12:21:05.297842
33,4,9,2,0,2,2026-06-16T12:21:07.109311
33,4,10,2,0,2,2026-06-16T12:21:08.911970
33,5,1,2,0,2,2026-06-16T12:21:10.522250
33,5,2,2,0,2,2026-06-16T12:21:13.398334
33,5,3,2,0,2,2026-06-16T12:21:14.374635
33,5,4,2,0,2,2026-06-16T12:21:15.962263
33,5,5,2,0,2,2026-06-16T12:21:16.963791
33,5,6,2,0,2,2026-06-16T12:21:18.372394
33,5,7,2,0,2,2026-06-16T12:21:19.980797
33,5,8,2,0,2,2026-06-16T12:21:21.565023
33,5,9,2,0,2,2026-06-16T12:21:22.961556
33,5,10,2,0,2,2026-06-16T12:21:24.577221
33,6,1,5,0,5,2026-06-16T12:21:25.977764
33,6,2,5,0,5,2026-06-16T12:21:27.597261
33,6,3,5,0,5,2026-06-16T12:21:28.991811
33,6,4,5,0,5,2026-06-16T12:21:29.993141
33,6,5,5,0,5,2026-06-16T12:21:31.781491
33,6,6,5,0,5,2026-06-16T12:21:32.850926
33,6,7,5,0,5,2026-06-16T12:21:34.663287
33,6,8,5,0,5,2026-06-16T12:21:35.665885
33,6,9,5,0,5,2026-06-16T12:21:37.070439
33,6,10,5,0,5,2026-06-16T12:21:38.522179
33,7,1,4,0,4,2026-06-16T12:21:39.528705
33,7,2,4,0,4,2026-06-16T12:21:40.724636
33,7,3,4,0,4,2026-06-16T12:21:42.534598
33,7,4,4,0,4,2026-06-16T12:21:44.341047
33,7,5,4,0,4,2026-06-16T12:21:46.165554
33,7,6,4,0,4,2026-06-16T12:21:46.956497
33,7,7,4,0,4,2026-06-16T12:21:48.576721
33,7,8,4,0,4,2026-06-16T12:21:49.778137
33,7,9,4,0,4,2026-06-16T12:21:51.390851
33,7,10,4,0,4,2026-06-16T12:21:53.009825
33,8,1,2,0,2,2026-06-16T12:21:54.834861
33,8,2,2,0,2,2026-06-16T12:21:56.443565
33,8,3,3,0,3,2026-06-16T12:21:57.640398
33,8,4,3,0,3,2026-06-16T12:21:59.269041
33,8,5,2,0,2,2026-06-16T12:22:00.540490
33,8,6,3,0,3,2026-06-16T12:22:01.341542
33,8,7,3,0,3,2026-06-16T12:22:02.134966
33,8,8,3,0,3,2026-06-16T12:22:03.335978
33,8,9,2,0,2,2026-06-16T12:22:05.356246
33,8,10,3,0,3,2026-06-16T12:22:08.512700
33,9,1,2,0,2,2026-06-16T12:22:09.911500
33,9,2,2,0,2,2026-06-16T12:22:11.110470
33,9,3,2,0,2,2026-06-16T12:22:11.920130
33,9,4,2,0,2,2026-06-16T12:22:13.546526
33,9,5,2,0,2,2026-06-16T12:22:15.167549
33,9,6,2,0,2,2026-06-16T12:22:16.970200
33,9,7,2,0,2,2026-06-16T12:22:18.169561
33,9,8,2,0,2,2026-06-16T12:22:19.366583
33,9,9,2,0,2,2026-06-16T12:22:21.007796
33,9,10,2,0,2,2026-06-16T12:22:22.407757
33,10,1,2,0,2,2026-06-16T12:22:23.196989
33,10,2,2,0,2,2026-06-16T12:22:24.800243
33,10,3,2,0,2,2026-06-16T12:22:26.397631
33,10,4,2,0,2,2026-06-16T12:22:27.201693
33,10,5,2,0,2,2026-06-16T12:22:28.404618
33,10,6,2,0,2,2026-06-16T12:22:30.017261
33,10,7,2,0,2,2026-06-16T12:22:31.824285
33,10,8,2,0,2,2026-06-16T12:22:33.215545
33,10,9,2,0,2,2026-06-16T12:22:36.956052
33,10,10,2,0,2,2026-06-16T12:22:39.455108
33,11,1,5,0,5,2026-06-16T12:22:41.263112
33,11,2,5,0,5,2026-06-16T12:22:42.692946
33,11,3,5,0,5,2026-06-16T12:22:43.888328
33,11,4,5,0,5,2026-06-16T12:22:45.086411
33,11,5,5,0,5,2026-06-16T12:22:46.272526
33,11,6,5,0,5,2026-06-16T12:22:47.501609
33,11,7,5,0,5,2026-06-16T12:22:48.772520
33,11,8,5,0,5,2026-06-16T12:22:49.971524
33,11,9,5,0,5,2026-06-16T12:22:51.176421
33,11,10,5,0,5,2026-06-16T12:22:52.382302
33,12,1,5,0,5,2026-06-16T12:22:54.382706
33,12,2,5,0,5,2026-06-16T12:22:55.596389
33,12,3,5,0,5,2026-06-16T12:22:56.593853
33,12,4,5,0,5,2026-06-16T12:22:57.980822
33,12,5,5,0,5,2026-06-16T12:22:59.590880
33,12,6,5,0,5,2026-06-16T12:23:01.198312
33,12,7,5,0,5,2026-06-16T12:23:02.698282
33,12,8,5,0,5,2026-06-16T12:23:03.907374
33,12,9,5,0,5,2026-06-16T12:23:05.362799
33,12,10,5,0,5,2026-06-16T12:23:06.975813
33,13,1,2,0,2,2026-06-16T12:23:08.799727
33,13,2,2,0,2,2026-06-16T12:23:10.397041
33,13,3,2,0,2,2026-06-16T12:23:11.597701
33,13,4,2,0,2,2026-06-16T12:23:13.397197
33,13,5,2,0,2,2026-06-16T12:23:14.369402
33,13,6,2,0,2,2026-06-16T12:23:15.972776
33,13,7,2,0,2,2026-06-16T12:23:16.774510
33,13,8,2,0,2,2026-06-16T12:23:18.163197
33,13,9,2,0,2,2026-06-16T12:23:19.760948
33,13,10,2,0,2,2026-06-16T12:23:21.362498
33,14,1,4,0,4,2026-06-16T12:23:22.871966
33,14,2,4,0,4,2026-06-16T12:23:23.718468
33,14,3,4,0,4,2026-06-16T12:23:25.520072
33,14,4,4,0,4,2026-06-16T12:23:29.015771
33,14,5,4,0,4,2026-06-16T12:23:30.858470
33,14,6,4,0,4,2026-06-16T12:23:32.468911
33,14,7,4,0,4,2026-06-16T12:23:34.261639
33,14,8,4,0,4,2026-06-16T12:23:35.254202
33,14,9,4,0,4,2026-06-16T12:23:36.663052
33,14,10,4,0,4,2026-06-16T12:23:37.708501
33,15,1,2,0,2,2026-06-16T12:23:38.699337
33,15,2,2,0,2,2026-06-16T12:23:39.707107
33,15,3,2,0,2,2026-06-16T12:23:40.917616
33,15,4,2,0,2,2026-06-16T12:23:42.527154
33,15,5,2,0,2,2026-06-16T12:23:44.372642
33,15,6,2,0,2,2026-06-16T12:23:45.799297
33,15,7,2,0,2,2026-06-16T12:23:46.603953
33,15,8,2,0,2,2026-06-16T12:23:47.400232
33,15,9,2,0,2,2026-06-16T12:23:48.811107
33,15,10,2,0,2,2026-06-16T12:23:50.428765
33,16,1,5,0,5,2026-06-16T12:23:51.646724
33,16,2,5,0,5,2026-06-16T12:23:53.284549
33,16,3,5,0,5,2026-06-16T12:23:55.082006
33,16,4,5,0,5,2026-06-16T12:23:58.553264
33,16,5,5,0,5,2026-06-16T12:23:59.766389
33,16,6,5,0,5,2026-06-16T12:24:01.373983
33,16,7,5,0,5,2026-06-16T12:24:02.584156
33,16,8,5,0,5,2026-06-16T12:24:04.196236
33,16,9,5,0,5,2026-06-16T12:24:05.407813
33,16,10,5,0,5,2026-06-16T12:24:06.632206
33,17,1,5,0,5,2026-06-16T12:24:07.861209
33,17,2,5,0,5,2026-06-16T12:24:09.678564
33,17,3,5,0,5,2026-06-16T12:24:11.293692
33,17,4,5,0,5,2026-06-16T12:24:12.900964
33,17,5,5,0,5,2026-06-16T12:24:14.511943
33,17,6,5,0,5,2026-06-16T12:24:15.710511
33,17,7,5,0,5,2026-06-16T12:24:16.712085
33,17,8,5,0,5,2026-06-16T12:24:18.319184
33,17,9,5,0,5,2026-06-16T12:24:19.528788
33,17,10,5,0,5,2026-06-16T12:24:21.526729
33,18,1,3,0,3,2026-06-16T12:24:23.739224
33,18,2,3,0,3,2026-06-16T12:24:26.463755
33,18,3,3,0,3,2026-06-16T12:24:27.644161
33,18,4,3,0,3,2026-06-16T12:24:28.642528
33,18,5,3,0,3,2026-06-16T12:24:30.656545
33,18,6,3,0,3,2026-06-16T12:24:31.874540
33,18,7,3,0,3,2026-06-16T12:24:33.080677
33,18,8,3,0,3,2026-06-16T12:24:34.679773
33,18,9,3,0,3,2026-06-16T12:24:36.481291
33,18,10,3,0,3,2026-06-16T12:24:37.693948
33,19,1,3,0,3,2026-06-16T12:24:38.906235
33,19,2,2,0,2,2026-06-16T12:24:40.290218
33,19,3,3,0,3,2026-06-16T12:24:41.926378
33,19,4,3,0,3,2026-06-16T12:24:43.524815
33,19,5,3,0,3,2026-06-16T12:24:44.737933
33,19,6,3,0,3,2026-06-16T12:24:45.938311
33,19,7,3,0,3,2026-06-16T12:24:47.749967
33,19,8,3,0,3,2026-06-16T12:24:50.375908
33,19,9,3,0,3,2026-06-16T12:24:52.393387
33,19,10,3,0,3,2026-06-16T12:24:53.194465
33,20,1,3,0,3,2026-06-16T12:24:54.401045
33,20,2,3,0,3,2026-06-16T12:24:55.341208
33,20,3,3,0,3,2026-06-16T12:24:56.552767
33,20,4,3,0,3,2026-06-16T12:24:58.377660
33,20,5,4,0,4,2026-06-16T12:24:59.587101
33,20,6,4,0,4,2026-06-16T12:25:00.792939
33,20,7,4,0,4,2026-06-16T12:25:01.999722
33,20,8,4,0,4,2026-06-16T12:25:03.821442
33,20,9,3,0,3,2026-06-16T12:25:04.615339
33,20,10,4,0,4,2026-06-16T12:25:06.234616
33,21,1,5,0,5,2026-06-16T12:25:07.831185
33,21,2,5,0,5,2026-06-16T12:25:08.641689
33,21,3,5,0,5,2026-06-16T12:25:10.653000
33,21,4,5,0,5,2026-06-16T12:25:11.651310
33,21,5,5,0,5,2026-06-16T12:25:13.262076
33,21,6,5,0,5,2026-06-16T12:25:15.081591
33,21,7,5,0,5,2026-06-16T12:25:16.280905
33,21,8,5,0,5,2026-06-16T12:25:17.893512
33,21,9,5,0,5,2026-06-16T12:25:18.903638
33,21,10,5,0,5,2026-06-16T12:25:20.299450
33,22,1,3,0,3,2026-06-16T12:25:22.298011
33,22,2,3,0,3,2026-06-16T12:25:23.299009
33,22,3,3,0,3,2026-06-16T12:25:25.140180
33,22,4,3,0,3,2026-06-16T12:25:26.369999
33,22,5,3,0,3,2026-06-16T12:25:27.986906
33,22,6,3,0,3,2026-06-16T12:25:28.778862
33,22,7,3,0,3,2026-06-16T12:25:30.185663
33,22,8,3,0,3,2026-06-16T12:25:31.992453
33,22,9,3,0,3,2026-06-16T12:25:33.208117
33,22,10,4,0,4,2026-06-16T12:25:33.998085
33,23,1,3,0,3,2026-06-16T12:25:34.991897
33,23,2,3,0,3,2026-06-16T12:25:36.411596
33,23,3,3,0,3,2026-06-16T12:25:38.044032
33,23,4,3,0,3,2026-06-16T12:25:38.837470
33,23,5,3,0,3,2026-06-16T12:25:40.093698
33,23,6,3,0,3,2026-06-16T12:25:41.684742
33,23,7,3,0,3,2026-06-16T12:25:43.075761
33,23,8,3,0,3,2026-06-16T12:25:44.485130
33,23,9,3,0,3,2026-06-16T12:25:45.723223
33,23,10,3,0,3,2026-06-16T12:25:47.158116
33,24,1,2,0,2,2026-06-16T12:25:49.190629
33,24,2,2,0,2,2026-06-16T12:25:50.401230
33,24,3,2,0,2,2026-06-16T12:25:51.661405
33,24,4,1,0,1,2026-06-16T12:25:53.475850
33,24,5,2,0,2,2026-06-16T12:25:54.681757
33,24,6,2,0,2,2026-06-16T12:25:55.887072
33,24,7,2,0,2,2026-06-16T12:25:57.297785
33,24,8,2,0,2,2026-06-16T12:25:58.498835
33,24,9,2,0,2,2026-06-16T12:26:00.302513
33,24,10,2,0,2,2026-06-16T12:26:01.097227
33,25,1,2,0,2,2026-06-16T12:26:03.122437
33,25,2,2,0,2,2026-06-16T12:26:04.527919
33,25,3,2,0,2,2026-06-16T12:26:05.538862
33,25,4,3,0,3,2026-06-16T12:26:06.946287
33,25,5,2,0,2,2026-06-16T12:26:07.759062
33,25,6,2,0,2,2026-06-16T12:26:10.168070
33,25,7,2,0,2,2026-06-16T12:26:13.059697
33,25,8,2,0,2,2026-06-16T12:26:14.066279
33,25,9,2,0,2,2026-06-16T12:26:15.444031
33,25,10,2,0,2,2026-06-16T12:26:16.650076
33,26,1,3,0,3,2026-06-16T12:26:17.454017
33,26,2,3,0,3,2026-06-16T12:26:18.657663
33,26,3,3,0,3,2026-06-16T12:26:20.270142
33,26,4,3,0,3,2026-06-16T12:26:21.479973
33,26,5,3,0,3,2026-06-16T12:26:22.884853
33,26,6,3,0,3,2026-06-16T12:26:24.105720
33,26,7,3,0,3,2026-06-16T12:26:25.147046
33,26,8,3,0,3,2026-06-16T12:26:26.769307
33,26,9,3,0,3,2026-06-16T12:26:28.391302
33,26,10,3,0,3,2026-06-16T12:26:29.598099
33,27,1,4,0,4,2026-06-16T12:26:31.019756
33,27,2,4,0,4,2026-06-16T12:26:32.423944
33,27,3,4,0,4,2026-06-16T12:26:34.245284
33,27,4,4,0,4,2026-06-16T12:26:36.882298
33,27,5,4,0,4,2026-06-16T12:26:38.095463
33,27,6,4,0,4,2026-06-16T12:26:40.110888
33,27,7,4,0,4,2026-06-16T12:26:41.500921
33,27,8,4,0,4,2026-06-16T12:26:43.101348
33,27,9,4,0,4,2026-06-16T12:26:44.708977
33,27,10,4,0,4,2026-06-16T12:26:46.517623
33,28,1,2,0,2,2026-06-16T12:26:48.957878
33,28,2,2,0,2,2026-06-16T12:26:51.607039
33,28,3,2,0,2,2026-06-16T12:26:53.409506
33,28,4,2,0,2,2026-06-16T12:26:54.645077
33,28,5,2,0,2,2026-06-16T12:26:56.452766
33,28,6,2,0,2,2026-06-16T12:26:58.069072
33,28,7,2,0,2,2026-06-16T12:26:59.271262
33,28,8,2,0,2,2026-06-16T12:27:00.478247
33,28,9,2,0,2,2026-06-16T12:27:01.292230
33,28,10,2,0,2,2026-06-16T12:27:02.498698
33,29,1,3,0,3,2026-06-16T12:27:04.105542
33,29,2,3,0,3,2026-06-16T12:27:06.973579
33,29,3,3,0,3,2026-06-16T12:27:08.568744
33,29,4,3,0,3,2026-06-16T12:27:09.784560
33,29,5,3,0,3,2026-06-16T12:27:10.788036
33,29,6,3,0,3,2026-06-16T12:27:12.181018
33,29,7,3,0,3,2026-06-16T12:27:13.380186
33,29,8,3,0,3,2026-06-16T12:27:14.762761
33,29,9,3,0,3,2026-06-16T12:27:16.164858
33,29,10,3,0,3,2026-06-16T12:27:17.364614
33,30,1,3,0,3,2026-06-16T12:27:18.772749
33,30,2,3,0,3,2026-06-16T12:27:20.184104
33,30,3,3,0,3,2026-06-16T12:27:20.992249
33,30,4,3,0,3,2026-06-16T12:27:22.621027
33,30,5,3,0,3,2026-06-16T12:27:23.420179
33,30,6,3,0,3,2026-06-16T12:27:24.392728
33,30,7,3,0,3,2026-06-16T12:27:25.193677
33,30,8,3,0,3,2026-06-16T12:27:26.858009
33,30,9,3,0,3,2026-06-16T12:27:27.918783
33,30,10,3,0,3,2026-06-16T12:27:28.942520
34,1,1,5,0,5,2026-06-16T12:27:30.150485
34,1,2,4,0,4,2026-06-16T12:27:31.601323
34,1,3,4,0,4,2026-06-16T12:27:34.229019
34,1,4,5,0,5,2026-06-16T12:27:35.830690
34,1,5,5,0,5,2026-06-16T12:27:37.237874
34,1,6,4,0,4,2026-06-16T12:27:38.870744
34,1,7,4,0,4,2026-06-16T12:27:40.683362
34,1,8,4,0,4,2026-06-16T12:27:41.878431
34,1,9,5,0,5,2026-06-16T12:27:43.903467
34,1,10,5,0,5,2026-06-16T12:27:45.714527
34,2,1,5,0,5,2026-06-16T12:27:47.332783
34,2,2,5,0,5,2026-06-16T12:27:48.951132
34,2,3,5,0,5,2026-06-16T12:27:50.145436
34,2,4,5,0,5,2026-06-16T12:27:51.748533
34,2,5,2,0,2,2026-06-16T12:27:53.541562
34,2,6,5,0,5,2026-06-16T12:27:54.750946
34,2,7,5,0,5,2026-06-16T12:27:55.743739
34,2,8,2,0,2,2026-06-16T12:27:57.344065
34,2,9,5,0,5,2026-06-16T12:27:58.750485
34,2,10,5,0,5,2026-06-16T12:28:01.632927
34,3,1,1,0,1,2026-06-16T12:28:02.838998
34,3,2,1,0,1,2026-06-16T12:28:04.639540
34,3,3,1,0,1,2026-06-16T12:28:06.523937
34,3,4,1,0,1,2026-06-16T12:28:07.924717
34,3,5,1,0,1,2026-06-16T12:28:09.330769
34,3,6,1,0,1,2026-06-16T12:28:10.547601
34,3,7,1,0,1,2026-06-16T12:28:11.341890
34,3,8,1,0,1,2026-06-16T12:28:12.343076
34,3,9,1,0,1,2026-06-16T12:28:13.936931
34,3,10,1,0,1,2026-06-16T12:28:15.942382
34,4,1,1,0,1,2026-06-16T12:28:17.741694
34,4,2,1,0,1,2026-06-16T12:28:19.339147
34,4,3,1,0,1,2026-06-16T12:28:20.541989
34,4,4,1,0,1,2026-06-16T12:28:21.552512
34,4,5,1,0,1,2026-06-16T12:28:23.160928
34,4,6,0,0,0,2026-06-16T12:28:24.963465
34,4,7,1,0,1,2026-06-16T12:28:26.385544
34,4,8,1,0,1,2026-06-16T12:28:28.394270
34,4,9,1,0,1,2026-06-16T12:28:30.398883
34,4,10,0,0,0,2026-06-16T12:28:32.406885
34,5,1,2,0,2,2026-06-16T12:28:33.412100
34,5,2,2,0,2,2026-06-16T12:28:35.024541
34,5,3,2,0,2,2026-06-16T12:28:36.647095
34,5,4,2,0,2,2026-06-16T12:28:38.046777
34,5,5,2,0,2,2026-06-16T12:28:39.266112
34,5,6,2,0,2,2026-06-16T12:28:40.315756
34,5,7,2,0,2,2026-06-16T12:28:41.921643
34,5,8,2,0,2,2026-06-16T12:28:43.539777
34,5,9,2,0,2,2026-06-16T12:28:45.147995
34,5,10,2,0,2,2026-06-16T12:28:46.768319
34,6,1,5,0,5,2026-06-16T12:28:48.569027
34,6,2,5,0,5,2026-06-16T12:28:50.184033
34,6,3,5,0,5,2026-06-16T12:28:51.197781
34,6,4,5,0,5,2026-06-16T12:28:52.611523
34,6,5,5,0,5,2026-06-16T12:28:53.827329
34,6,6,5,0,5,2026-06-16T12:28:55.629752
34,6,7,5,0,5,2026-06-16T12:28:58.506232
34,6,8,5,0,5,2026-06-16T12:29:00.119846
34,6,9,5,0,5,2026-06-16T12:29:01.711229
34,6,10,5,0,5,2026-06-16T12:29:03.357336
34,7,1,4,0,4,2026-06-16T12:29:04.978661
34,7,2,4,0,4,2026-06-16T12:29:06.384024
34,7,3,4,0,4,2026-06-16T12:29:08.292415
34,7,4,4,0,4,2026-06-16T12:29:09.701077
34,7,5,4,0,4,2026-06-16T12:29:11.303534
34,7,6,4,0,4,2026-06-16T12:29:12.908093
34,7,7,4,0,4,2026-06-16T12:29:14.505080
34,7,8,4,0,4,2026-06-16T12:29:16.508395
34,7,9,4,0,4,2026-06-16T12:29:17.910463
34,7,10,4,0,4,2026-06-16T12:29:18.718317
34,8,1,0,0,0,2026-06-16T12:29:20.567699
34,8,2,1,0,1,2026-06-16T12:29:22.780211
34,8,3,0,0,0,2026-06-16T12:29:26.922542
34,8,4,1,0,1,2026-06-16T12:29:28.130443
34,8,5,1,0,1,2026-06-16T12:29:29.945945
34,8,6,1,0,1,2026-06-16T12:29:31.563417
34,8,7,1,0,1,2026-06-16T12:29:33.574451
34,8,8,0,0,0,2026-06-16T12:29:34.372316
34,8,9,1,0,1,2026-06-16T12:29:35.566265
34,8,10,1,0,1,2026-06-16T12:29:36.972394
34,9,1,2,0,2,2026-06-16T12:29:38.402608
34,9,2,2,0,2,2026-06-16T12:29:40.006871
34,9,3,2,0,2,2026-06-16T12:29:40.805438
34,9,4,2,0,2,2026-06-16T12:29:42.420580
34,9,5,2,0,2,2026-06-16T12:29:43.617475
34,9,6,2,0,2,2026-06-16T12:29:45.224618
34,9,7,2,0,2,2026-06-16T12:29:46.233361
34,9,8,2,0,2,2026-06-16T12:29:47.418302
34,9,9,2,0,2,2026-06-16T12:29:48.413219
34,9,10,2,0,2,2026-06-16T12:29:50.668171
34,10,1,2,0,2,2026-06-16T12:29:53.545047
34,10,2,2,0,2,2026-06-16T12:29:57.326789
34,10,3,2,0,2,2026-06-16T12:29:59.133346
34,10,4,2,0,2,2026-06-16T12:30:00.337241
34,10,5,2,0,2,2026-06-16T12:30:01.546737
34,10,6,2,0,2,2026-06-16T12:30:03.555836
34,10,7,2,0,2,2026-06-16T12:30:04.957431
34,10,8,2,0,2,2026-06-16T12:30:06.154170
34,10,9,2,0,2,2026-06-16T12:30:07.741349
34,10,10,2,0,2,2026-06-16T12:30:08.542930
34,11,1,5,0,5,2026-06-16T12:30:09.547479
34,11,2,5,0,5,2026-06-16T12:30:10.353173
34,11,3,5,0,5,2026-06-16T12:30:11.963370
34,11,4,5,0,5,2026-06-16T12:30:13.363160
34,11,5,5,0,5,2026-06-16T12:30:15.175098
34,11,6,5,0,5,2026-06-16T12:30:17.193250
34,11,7,5,0,5,2026-06-16T12:30:21.299851
34,11,8,5,0,5,2026-06-16T12:30:22.902845
34,11,9,5,0,5,2026-06-16T12:30:24.296687
34,11,10,5,0,5,2026-06-16T12:30:25.492748
34,12,1,5,0,5,2026-06-16T12:30:26.269405
34,12,2,5,0,5,2026-06-16T12:30:27.860504
34,12,3,5,0,5,2026-06-16T12:30:29.273083
34,12,4,5,0,5,2026-06-16T12:30:30.468794
34,12,5,5,0,5,2026-06-16T12:30:32.282366
34,12,6,5,0,5,2026-06-16T12:30:33.984198
34,12,7,5,0,5,2026-06-16T12:30:35.827841
34,12,8,5,0,5,2026-06-16T12:30:37.252876
34,12,9,5,0,5,2026-06-16T12:30:38.851021
34,12,10,5,0,5,2026-06-16T12:30:40.432105
34,13,1,1,0,1,2026-06-16T12:30:41.237423
34,13,2,1,0,1,2026-06-16T12:30:42.236731
34,13,3,1,0,1,2026-06-16T12:30:44.533140
34,13,4,1,0,1,2026-06-16T12:30:48.317120
34,13,5,1,0,1,2026-06-16T12:30:49.531432
34,13,6,1,0,1,2026-06-16T12:30:50.742000
34,13,7,1,0,1,2026-06-16T12:30:52.141747
34,13,8,2,0,2,2026-06-16T12:30:54.783948
34,13,9,1,0,1,2026-06-16T12:30:56.387860
34,13,10,2,0,2,2026-06-16T12:30:57.395519
34,14,1,2,0,2,2026-06-16T12:30:58.613045
34,14,2,2,0,2,2026-06-16T12:31:00.240202
34,14,3,2,0,2,2026-06-16T12:31:01.448550
34,14,4,2,0,2,2026-06-16T12:31:02.655503
34,14,5,2,0,2,2026-06-16T12:31:03.681393
34,14,6,2,0,2,2026-06-16T12:31:05.319423
34,14,7,2,0,2,2026-06-16T12:31:06.703165
34,14,8,2,0,2,2026-06-16T12:31:07.693866
34,14,9,2,0,2,2026-06-16T12:31:08.901907
34,14,10,2,0,2,2026-06-16T12:31:10.294916
34,15,1,2,0,2,2026-06-16T12:31:11.302642
34,15,2,2,0,2,2026-06-16T12:31:13.318221
34,15,3,2,0,2,2026-06-16T12:31:16.480093
34,15,4,2,0,2,2026-06-16T12:31:18.106903
34,15,5,2,0,2,2026-06-16T12:31:19.314054
34,15,6,2,0,2,2026-06-16T12:31:20.310735
34,15,7,2,0,2,2026-06-16T12:31:21.512829
34,15,8,2,0,2,2026-06-16T12:31:22.518718
34,15,9,2,0,2,2026-06-16T12:31:23.761690
34,15,10,2,0,2,2026-06-16T12:31:25.167173
34,16,1,5,0,5,2026-06-16T12:31:26.813628
34,16,2,5,0,5,2026-06-16T12:31:28.434832
34,16,3,5,0,5,2026-06-16T12:31:30.045267
34,16,4,5,0,5,2026-06-16T12:31:31.641061
34,16,5,5,0,5,2026-06-16T12:31:33.254161
34,16,6,5,0,5,2026-06-16T12:31:34.442954
34,16,7,5,0,5,2026-06-16T12:31:35.857359
34,16,8,5,0,5,2026-06-16T12:31:37.883921
34,16,9,5,0,5,2026-06-16T12:31:39.725258
34,16,10,5,0,5,2026-06-16T12:31:41.734897
34,17,1,5,0,5,2026-06-16T12:31:43.340808
34,17,2,5,0,5,2026-06-16T12:31:45.160598
34,17,3,5,0,5,2026-06-16T12:31:46.381025
34,17,4,5,0,5,2026-06-16T12:31:47.998352
34,17,5,5,0,5,2026-06-16T12:31:49.204398
34,17,6,5,0,5,2026-06-16T12:31:50.409769
34,17,7,5,0,5,2026-06-16T12:31:51.619909
34,17,8,5,0,5,2026-06-16T12:31:52.823051
34,17,9,5,0,5,2026-06-16T12:31:54.062349
34,17,10,5,0,5,2026-06-16T12:31:55.291156
34,18,1,5,0,5,2026-06-16T12:31:56.724945
34,18,2,5,0,5,2026-06-16T12:31:57.730481
34,18,3,5,0,5,2026-06-16T12:31:59.151965
34,18,4,5,0,5,2026-06-16T12:32:00.761408
34,18,5,5,0,5,2026-06-16T12:32:02.163864
34,18,6,5,0,5,2026-06-16T12:32:03.379113
34,18,7,5,0,5,2026-06-16T12:32:04.573397
34,18,8,5,0,5,2026-06-16T12:32:06.178863
34,18,9,5,0,5,2026-06-16T12:32:09.036007
34,18,10,5,0,5,2026-06-16T12:32:10.645012
34,19,1,4,0,4,2026-06-16T12:32:12.049687
34,19,2,4,0,4,2026-06-16T12:32:13.252774
34,19,3,4,0,4,2026-06-16T12:32:14.853429
34,19,4,3,0,3,2026-06-16T12:32:16.495495
34,19,5,4,0,4,2026-06-16T12:32:18.319080
34,19,6,4,0,4,2026-06-16T12:32:20.138424
34,19,7,4,0,4,2026-06-16T12:32:22.120795
34,19,8,3,0,3,2026-06-16T12:32:23.759370
34,19,9,4,0,4,2026-06-16T12:32:25.363387
34,19,10,4,0,4,2026-06-16T12:32:26.571009
34,20,1,5,0,5,2026-06-16T12:32:28.586029
34,20,2,5,0,5,2026-06-16T12:32:29.390006
34,20,3,5,0,5,2026-06-16T12:32:30.221978
34,20,4,5,0,5,2026-06-16T12:32:31.239728
34,20,5,5,0,5,2026-06-16T12:32:32.647373
34,20,6,5,0,5,2026-06-16T12:32:35.124428
34,20,7,5,0,5,2026-06-16T12:32:38.918351
34,20,8,5,0,5,2026-06-16T12:32:40.298735
34,20,9,5,0,5,2026-06-16T12:32:41.699858
34,20,10,5,0,5,2026-06-16T12:32:43.298207
34,21,1,5,0,5,2026-06-16T12:32:44.915340
34,21,2,5,0,5,2026-06-16T12:32:46.521221
34,21,3,5,0,5,2026-06-16T12:32:48.123710
34,21,4,5,0,5,2026-06-16T12:32:49.330840
34,21,5,5,0,5,2026-06-16T12:32:50.544448
34,21,6,5,0,5,2026-06-16T12:32:52.347821
34,21,7,5,0,5,2026-06-16T12:32:53.951763
34,21,8,5,0,5,2026-06-16T12:32:55.562416
34,21,9,5,0,5,2026-06-16T12:32:56.799385
34,21,10,5,0,5,2026-06-16T12:32:58.414463
34,22,1,5,0,5,2026-06-16T12:32:59.906650
34,22,2,5,0,5,2026-06-16T12:33:00.914667
34,22,3,5,0,5,2026-06-16T12:33:02.549389
34,22,4,5,0,5,2026-06-16T12:33:04.341838
34,22,5,5,0,5,2026-06-16T12:33:06.149674
34,22,6,5,0,5,2026-06-16T12:33:07.577918
34,22,7,5,0,5,2026-06-16T12:33:08.980938
34,22,8,5,0,5,2026-06-16T12:33:10.390863
34,22,9,5,0,5,2026-06-16T12:33:11.887983
34,22,10,5,0,5,2026-06-16T12:33:13.486985
34,23,1,3,0,3,2026-06-16T12:33:15.301719
34,23,2,3,0,3,2026-06-16T12:33:17.715362
34,23,3,3,0,3,2026-06-16T12:33:20.591212
34,23,4,4,0,4,2026-06-16T12:33:22.601767
34,23,5,3,0,3,2026-06-16T12:33:24.201091
34,23,6,3,0,3,2026-06-16T12:33:25.600046
34,23,7,3,0,3,2026-06-16T12:33:27.454521
34,23,8,4,0,4,2026-06-16T12:33:29.061247
34,23,9,3,0,3,2026-06-16T12:33:31.275734
34,23,10,3,0,3,2026-06-16T12:33:32.886863
34,24,1,0,0,0,2026-06-16T12:33:34.303695
34,24,2,0,0,0,2026-06-16T12:33:35.517311
34,24,3,0,0,0,2026-06-16T12:33:36.726573
34,24,4,0,0,0,2026-06-16T12:33:38.614965
34,24,5,0,0,0,2026-06-16T12:33:39.825531
34,24,6,0,0,0,2026-06-16T12:33:41.426325
34,24,7,0,0,0,2026-06-16T12:33:42.627742
34,24,8,0,0,0,2026-06-16T12:33:44.432459
34,24,9,0,0,0,2026-06-16T12:33:45.632792
34,24,10,0,0,0,2026-06-16T12:33:46.830784
34,25,1,1,0,1,2026-06-16T12:33:48.865080
34,25,2,1,0,1,2026-06-16T12:33:50.058428
34,25,3,1,0,1,2026-06-16T12:33:51.464724
34,25,4,2,0,2,2026-06-16T12:33:52.672246
34,25,5,2,0,2,2026-06-16T12:33:54.074592
34,25,6,2,0,2,2026-06-16T12:33:56.080947
34,25,7,2,0,2,2026-06-16T12:33:58.301260
34,25,8,1,0,1,2026-06-16T12:33:59.505434
34,25,9,2,0,2,2026-06-16T12:34:01.115097
34,25,10,2,0,2,2026-06-16T12:34:02.312436
34,26,1,5,0,5,2026-06-16T12:34:03.525391
34,26,2,5,0,5,2026-06-16T12:34:04.729875
34,26,3,5,0,5,2026-06-16T12:34:06.756412
34,26,4,5,0,5,2026-06-16T12:34:08.567229
34,26,5,3,0,3,2026-06-16T12:34:10.376341
34,26,6,5,0,5,2026-06-16T12:34:11.586937
34,26,7,5,0,5,2026-06-16T12:34:13.385683
34,26,8,5,0,5,2026-06-16T12:34:14.787126
34,26,9,5,0,5,2026-06-16T12:34:16.192593
34,26,10,5,0,5,2026-06-16T12:34:17.591880
34,27,1,3,0,3,2026-06-16T12:34:18.990084
34,27,2,3,0,3,2026-06-16T12:34:19.788163
34,27,3,3,0,3,2026-06-16T12:34:20.987290
34,27,4,3,0,3,2026-06-16T12:34:22.993195
34,27,5,3,0,3,2026-06-16T12:34:24.192596
34,27,6,3,0,3,2026-06-16T12:34:26.617759
34,27,7,3,0,3,2026-06-16T12:34:29.024827
34,27,8,3,0,3,2026-06-16T12:34:30.850344
34,27,9,3,0,3,2026-06-16T12:34:32.852051
34,27,10,3,0,3,2026-06-16T12:34:34.664107
34,28,1,3,0,3,2026-06-16T12:34:36.669866
34,28,2,3,0,3,2026-06-16T12:34:38.872485
34,28,3,3,0,3,2026-06-16T12:34:40.068949
34,28,4,3,0,3,2026-06-16T12:34:40.869132
34,28,5,3,0,3,2026-06-16T12:34:42.269655
34,28,6,3,0,3,2026-06-16T12:34:43.482102
34,28,7,3,0,3,2026-06-16T12:34:45.294947
34,28,8,3,0,3,2026-06-16T12:34:46.089588
34,28,9,3,0,3,2026-06-16T12:34:47.105167
34,28,10,3,0,3,2026-06-16T12:34:48.486343
34,29,1,3,0,3,2026-06-16T12:34:50.294169
34,29,2,3,0,3,2026-06-16T12:34:51.901729
34,29,3,3,0,3,2026-06-16T12:34:53.699942
34,29,4,3,0,3,2026-06-16T12:34:55.504531
34,29,5,3,0,3,2026-06-16T12:34:57.191423
34,29,6,3,0,3,2026-06-16T12:34:58.392944
34,29,7,3,0,3,2026-06-16T12:34:59.994910
34,29,8,3,0,3,2026-06-16T12:35:02.023047
34,29,9,3,0,3,2026-06-16T12:35:04.100887
34,29,10,3,0,3,2026-06-16T12:35:05.707888
34,30,1,3,0,3,2026-06-16T12:35:07.515328
34,30,2,3,0,3,2026-06-16T12:35:08.711627
34,30,3,3,0,3,2026-06-16T12:35:10.307737
34,30,4,3,0,3,2026-06-16T12:35:11.505700
34,30,5,3,0,3,2026-06-16T12:35:12.723698
34,30,6,3,0,3,2026-06-16T12:35:13.901069
34,30,7,3,0,3,2026-06-16T12:35:15.302375
34,30,8,3,0,3,2026-06-16T12:35:16.905107
34,30,9,3,0,3,2026-06-16T12:35:18.698424
34,30,10,3,0,3,2026-06-16T12:35:20.525003
35,1,1,5,0,5,2026-06-16T12:35:21.729678
35,1,2,5,0,5,2026-06-16T12:35:22.934394
35,1,3,5,0,5,2026-06-16T12:35:24.759360
35,1,4,5,0,5,2026-06-16T12:35:26.360660
35,1,5,5,0,5,2026-06-16T12:35:27.357521
35,1,6,5,0,5,2026-06-16T12:35:28.986992
35,1,7,5,0,5,2026-06-16T12:35:30.963077
35,1,8,5,0,5,2026-06-16T12:35:32.077506
35,1,9,5,0,5,2026-06-16T12:35:33.281853
35,1,10,5,0,5,2026-06-16T12:35:34.089116
35,2,1,2,0,2,2026-06-16T12:35:35.289345
35,2,2,2,0,2,2026-06-16T12:35:36.272617
35,2,3,2,0,2,2026-06-16T12:35:37.874593
35,2,4,2,0,2,2026-06-16T12:35:39.677552
35,2,5,2,0,2,2026-06-16T12:35:40.892427
35,2,6,2,0,2,2026-06-16T12:35:41.687784
35,2,7,2,0,2,2026-06-16T12:35:43.544662
35,2,8,2,0,2,2026-06-16T12:35:44.941721
35,2,9,2,0,2,2026-06-16T12:35:45.738682
35,2,10,2,0,2,2026-06-16T12:35:48.138444
35,3,1,0,0,0,2026-06-16T12:35:51.636474
35,3,2,0,0,0,2026-06-16T12:35:52.432221
35,3,3,0,0,0,2026-06-16T12:35:53.824454
35,3,4,0,0,0,2026-06-16T12:35:56.032199
35,3,5,0,0,0,2026-06-16T12:35:57.813509
35,3,6,0,0,0,2026-06-16T12:35:59.213289
35,3,7,0,0,0,2026-06-16T12:36:00.815864
35,3,8,0,0,0,2026-06-16T12:36:01.817494
35,3,9,0,0,0,2026-06-16T12:36:03.417751
35,3,10,0,0,0,2026-06-16T12:36:04.631523
35,4,1,1,0,1,2026-06-16T12:36:05.838379
35,4,2,1,0,1,2026-06-16T12:36:06.843960
35,4,3,1,0,1,2026-06-16T12:36:08.450718
35,4,4,1,0,1,2026-06-16T12:36:10.054802
35,4,5,1,0,1,2026-06-16T12:36:11.657073
35,4,6,1,0,1,2026-06-16T12:36:13.637327
35,4,7,1,0,1,2026-06-16T12:36:16.753011
35,4,8,1,0,1,2026-06-16T12:36:18.331180
35,4,9,1,0,1,2026-06-16T12:36:19.941739
35,4,10,1,0,1,2026-06-16T12:36:21.639051
35,5,1,2,0,2,2026-06-16T12:36:22.847912
35,5,2,1,0,1,2026-06-16T12:36:24.453375
35,5,3,2,0,2,2026-06-16T12:36:26.235087
35,5,4,2,0,2,2026-06-16T12:36:27.445271
35,5,5,1,0,1,2026-06-16T12:36:28.844149
35,5,6,1,0,1,2026-06-16T12:36:30.458883
35,5,7,2,0,2,2026-06-16T12:36:31.677598
35,5,8,2,0,2,2026-06-16T12:36:32.698653
35,5,9,1,0,1,2026-06-16T12:36:33.893622
35,5,10,2,0,2,2026-06-16T12:36:35.089107
35,6,1,3,0,3,2026-06-16T12:36:36.714012
35,6,2,3,0,3,2026-06-16T12:36:37.911391
35,6,3,3,0,3,2026-06-16T12:36:39.932651
35,6,4,4,0,4,2026-06-16T12:36:41.939622
35,6,5,3,0,3,2026-06-16T12:36:44.330594
35,6,6,3,0,3,2026-06-16T12:36:45.945107
35,6,7,3,0,3,2026-06-16T12:36:47.352537
35,6,8,3,0,3,2026-06-16T12:36:48.555196
35,6,9,3,0,3,2026-06-16T12:36:50.162565
35,6,10,3,0,3,2026-06-16T12:36:51.350595
35,7,1,3,0,3,2026-06-16T12:36:53.168925
35,7,2,3,0,3,2026-06-16T12:36:54.362173
35,7,3,3,0,3,2026-06-16T12:36:55.560716
35,7,4,4,0,4,2026-06-16T12:36:56.969572
35,7,5,3,0,3,2026-06-16T12:36:58.366752
35,7,6,4,0,4,2026-06-16T12:37:00.171643
35,7,7,4,0,4,2026-06-16T12:37:01.773959
35,7,8,3,0,3,2026-06-16T12:37:02.567635
35,7,9,3,0,3,2026-06-16T12:37:03.576039
35,7,10,3,0,3,2026-06-16T12:37:04.777099
35,8,1,1,0,1,2026-06-16T12:37:05.769546
35,8,2,1,0,1,2026-06-16T12:37:07.179081
35,8,3,1,0,1,2026-06-16T12:37:08.778799
35,8,4,1,0,1,2026-06-16T12:37:12.557587
35,8,5,1,0,1,2026-06-16T12:37:14.580900
35,8,6,1,0,1,2026-06-16T12:37:16.391827
35,8,7,1,0,1,2026-06-16T12:37:17.204806
35,8,8,1,0,1,2026-06-16T12:37:18.405304
35,8,9,1,0,1,2026-06-16T12:37:19.610272
35,8,10,1,0,1,2026-06-16T12:37:21.240258
35,9,1,2,0,2,2026-06-16T12:37:22.877988
35,9,2,2,0,2,2026-06-16T12:37:24.490807
35,9,3,2,0,2,2026-06-16T12:37:25.903444
35,9,4,2,0,2,2026-06-16T12:37:27.098796
35,9,5,2,0,2,2026-06-16T12:37:28.497416
35,9,6,2,0,2,2026-06-16T12:37:30.096309
35,9,7,2,0,2,2026-06-16T12:37:31.102210
35,9,8,3,0,3,2026-06-16T12:37:32.295494
35,9,9,2,0,2,2026-06-16T12:37:33.100823
35,9,10,2,0,2,2026-06-16T12:37:35.077138
35,10,1,2,0,2,2026-06-16T12:37:36.677741
35,10,2,2,0,2,2026-06-16T12:37:40.446457
35,10,3,2,0,2,2026-06-16T12:37:41.641695
35,10,4,2,0,2,2026-06-16T12:37:42.537600
35,10,5,2,0,2,2026-06-16T12:37:44.356093
35,10,6,2,0,2,2026-06-16T12:37:45.608297
35,10,7,2,0,2,2026-06-16T12:37:46.823974
35,10,8,2,0,2,2026-06-16T12:37:48.415521
35,10,9,2,0,2,2026-06-16T12:37:50.429222
35,10,10,2,0,2,2026-06-16T12:37:51.630725
35,11,1,5,0,5,2026-06-16T12:37:53.307627
35,11,2,5,0,5,2026-06-16T12:37:54.918932
35,11,3,5,0,5,2026-06-16T12:37:55.732255
35,11,4,5,0,5,2026-06-16T12:37:56.928181
35,11,5,5,0,5,2026-06-16T12:37:58.519571
35,11,6,5,0,5,2026-06-16T12:37:59.731573
35,11,7,5,0,5,2026-06-16T12:38:01.721997
35,11,8,5,0,5,2026-06-16T12:38:05.201160
35,11,9,5,0,5,2026-06-16T12:38:06.606136
35,11,10,5,0,5,2026-06-16T12:38:08.006264
35,12,1,2,0,2,2026-06-16T12:38:09.018340
35,12,2,2,0,2,2026-06-16T12:38:09.877302
35,12,3,2,0,2,2026-06-16T12:38:10.684209
35,12,4,2,0,2,2026-06-16T12:38:12.693310
35,12,5,2,0,2,2026-06-16T12:38:13.974352
35,12,6,2,0,2,2026-06-16T12:38:14.976015
35,12,7,2,0,2,2026-06-16T12:38:16.790444
35,12,8,2,0,2,2026-06-16T12:38:18.398677
35,12,9,2,0,2,2026-06-16T12:38:19.813544
35,12,10,2,0,2,2026-06-16T12:38:21.012127
35,13,1,2,0,2,2026-06-16T12:38:22.435111
35,13,2,2,0,2,2026-06-16T12:38:24.036526
35,13,3,3,0,3,2026-06-16T12:38:25.440847
35,13,4,3,0,3,2026-06-16T12:38:27.287066
35,13,5,3,0,3,2026-06-16T12:38:28.883957
35,13,6,4,0,4,2026-06-16T12:38:30.689745
35,13,7,4,0,4,2026-06-16T12:38:32.881394
35,13,8,3,0,3,2026-06-16T12:38:34.287319
35,13,9,2,0,2,2026-06-16T12:38:35.081876
35,13,10,3,0,3,2026-06-16T12:38:36.881748
35,14,1,5,0,5,2026-06-16T12:38:38.272634
35,14,2,4,0,4,2026-06-16T12:38:39.490892
35,14,3,4,0,4,2026-06-16T12:38:41.088420
35,14,4,4,0,4,2026-06-16T12:38:42.306409
35,14,5,4,0,4,2026-06-16T12:38:43.504929
35,14,6,4,0,4,2026-06-16T12:38:44.313526
35,14,7,4,0,4,2026-06-16T12:38:45.922554
35,14,8,4,0,4,2026-06-16T12:38:47.730230
35,14,9,4,0,4,2026-06-16T12:38:48.516568
35,14,10,5,0,5,2026-06-16T12:38:50.116379
35,15,1,2,0,2,2026-06-16T12:38:51.114102
35,15,2,2,0,2,2026-06-16T12:38:52.307673
35,15,3,3,0,3,2026-06-16T12:38:53.913581
35,15,4,3,0,3,2026-06-16T12:38:55.242938
35,15,5,3,0,3,2026-06-16T12:38:56.647146
35,15,6,2,0,2,2026-06-16T12:38:58.465344
35,15,7,3,0,3,2026-06-16T12:39:00.458642
35,15,8,3,0,3,2026-06-16T12:39:02.468251
35,15,9,3,0,3,2026-06-16T12:39:04.285111
35,15,10,3,0,3,2026-06-16T12:39:05.879745
35,16,1,5,0,5,2026-06-16T12:39:06.893362
35,16,2,5,0,5,2026-06-16T12:39:08.695212
35,16,3,5,0,5,2026-06-16T12:39:10.515051
35,16,4,5,0,5,2026-06-16T12:39:12.310541
35,16,5,5,0,5,2026-06-16T12:39:13.516422
35,16,6,5,0,5,2026-06-16T12:39:15.117416
35,16,7,5,0,5,2026-06-16T12:39:16.934536
35,16,8,5,0,5,2026-06-16T12:39:18.346110
35,16,9,5,0,5,2026-06-16T12:39:19.142745
35,16,10,5,0,5,2026-06-16T12:39:20.536836
35,17,1,5,0,5,2026-06-16T12:39:21.943803
35,17,2,5,0,5,2026-06-16T12:39:23.743683
35,17,3,5,0,5,2026-06-16T12:39:25.338416
35,17,4,5,0,5,2026-06-16T12:39:26.576194
35,17,5,5,0,5,2026-06-16T12:39:28.010031
35,17,6,5,0,5,2026-06-16T12:39:29.420403
35,17,7,5,0,5,2026-06-16T12:39:30.633154
35,17,8,5,0,5,2026-06-16T12:39:32.464187
35,17,9,5,0,5,2026-06-16T12:39:33.664881
35,17,10,5,0,5,2026-06-16T12:39:34.468133
35,18,1,3,0,3,2026-06-16T12:39:35.894953
35,18,2,3,0,3,2026-06-16T12:39:37.729862
35,18,3,3,0,3,2026-06-16T12:39:39.132480
35,18,4,3,0,3,2026-06-16T12:39:40.554338
35,18,5,3,0,3,2026-06-16T12:39:42.158145
35,18,6,3,0,3,2026-06-16T12:39:43.770285
35,18,7,3,0,3,2026-06-16T12:39:45.183542
35,18,8,3,0,3,2026-06-16T12:39:46.403504
35,18,9,3,0,3,2026-06-16T12:39:48.080149
35,18,10,3,0,3,2026-06-16T12:39:50.103152
35,19,1,3,0,3,2026-06-16T12:39:52.510612
35,19,2,3,0,3,2026-06-16T12:39:55.950135
35,19,3,3,0,3,2026-06-16T12:39:57.146949
35,19,4,3,0,3,2026-06-16T12:39:58.627324
35,19,5,3,0,3,2026-06-16T12:39:59.797769
35,19,6,3,0,3,2026-06-16T12:40:00.998354
35,19,7,3,0,3,2026-06-16T12:40:01.810177
35,19,8,3,0,3,2026-06-16T12:40:03.020895
35,19,9,3,0,3,2026-06-16T12:40:04.054927
35,19,10,3,0,3,2026-06-16T12:40:05.457982
35,20,1,4,0,4,2026-06-16T12:40:07.056704
35,20,2,4,0,4,2026-06-16T12:40:08.676373
35,20,3,4,0,4,2026-06-16T12:40:10.677362
35,20,4,4,0,4,2026-06-16T12:40:11.482624
35,20,5,4,0,4,2026-06-16T12:40:12.862348
35,20,6,4,0,4,2026-06-16T12:40:14.267573
35,20,7,4,0,4,2026-06-16T12:40:16.071951
35,20,8,4,0,4,2026-06-16T12:40:17.285497
35,20,9,4,0,4,2026-06-16T12:40:19.106749
35,20,10,4,0,4,2026-06-16T12:40:20.318382
35,21,1,5,0,5,2026-06-16T12:40:22.141787
35,21,2,5,0,5,2026-06-16T12:40:23.131574
35,21,3,5,0,5,2026-06-16T12:40:24.128882
35,21,4,5,0,5,2026-06-16T12:40:25.765712
35,21,5,5,0,5,2026-06-16T12:40:27.359024
35,21,6,5,0,5,2026-06-16T12:40:28.555807
35,21,7,5,0,5,2026-06-16T12:40:30.167505
35,21,8,5,0,5,2026-06-16T12:40:31.790758
35,21,9,5,0,5,2026-06-16T12:40:33.343104
35,21,10,5,0,5,2026-06-16T12:40:35.133262
35,22,1,3,0,3,2026-06-16T12:40:36.344070
35,22,2,4,0,4,2026-06-16T12:40:37.645320
35,22,3,3,0,3,2026-06-16T12:40:38.634381
35,22,4,3,0,3,2026-06-16T12:40:39.895093
35,22,5,3,0,3,2026-06-16T12:40:41.093980
35,22,6,3,0,3,2026-06-16T12:40:41.892526
35,22,7,4,0,4,2026-06-16T12:40:43.483149
35,22,8,3,0,3,2026-06-16T12:40:45.279840
35,22,9,3,0,3,2026-06-16T12:40:47.271419
35,22,10,3,0,3,2026-06-16T12:40:48.878258
35,23,1,2,0,2,2026-06-16T12:40:50.089608
35,23,2,2,0,2,2026-06-16T12:40:52.113750
35,23,3,3,0,3,2026-06-16T12:40:53.512266
35,23,4,2,0,2,2026-06-16T12:40:54.916711
35,23,5,2,0,2,2026-06-16T12:40:56.521778
35,23,6,2,0,2,2026-06-16T12:40:57.714882
35,23,7,2,0,2,2026-06-16T12:40:59.531630
35,23,8,2,0,2,2026-06-16T12:41:00.787569
35,23,9,3,0,3,2026-06-16T12:41:02.199336
35,23,10,2,0,2,2026-06-16T12:41:03.000578
35,24,1,2,0,2,2026-06-16T12:41:04.371129
35,24,2,2,0,2,2026-06-16T12:41:05.393686
35,24,3,2,0,2,2026-06-16T12:41:06.412709
35,24,4,2,0,2,2026-06-16T12:41:07.831705
35,24,5,2,0,2,2026-06-16T12:41:08.829807
35,24,6,2,0,2,2026-06-16T12:41:10.635882
35,24,7,2,0,2,2026-06-16T12:41:12.031414
35,24,8,2,0,2,2026-06-16T12:41:13.885912
35,24,9,2,0,2,2026-06-16T12:41:15.076169
35,24,10,2,0,2,2026-06-16T12:41:16.494382
35,25,1,2,0,2,2026-06-16T12:41:18.495302
35,25,2,2,0,2,2026-06-16T12:41:19.729861
35,25,3,2,0,2,2026-06-16T12:41:21.742206
35,25,4,2,0,2,2026-06-16T12:41:22.943327
35,25,5,1,0,1,2026-06-16T12:41:24.148199
35,25,6,2,0,2,2026-06-16T12:41:25.363826
35,25,7,2,0,2,2026-06-16T12:41:26.968408
35,25,8,2,0,2,2026-06-16T12:41:28.179121
35,25,9,2,0,2,2026-06-16T12:41:30.176822
35,25,10,2,0,2,2026-06-16T12:41:31.981051
35,26,1,3,0,3,2026-06-16T12:41:32.789649
35,26,2,3,0,3,2026-06-16T12:41:33.771031
35,26,3,3,0,3,2026-06-16T12:41:34.994399
35,26,4,3,0,3,2026-06-16T12:41:36.620148
35,26,5,3,0,3,2026-06-16T12:41:38.219392
35,26,6,3,0,3,2026-06-16T12:41:40.634480
35,26,7,3,0,3,2026-06-16T12:41:42.643795
35,26,8,3,0,3,2026-06-16T12:41:44.456532
35,26,9,3,0,3,2026-06-16T12:41:46.471885
35,26,10,3,0,3,2026-06-16T12:41:49.344478
35,27,1,4,0,4,2026-06-16T12:41:51.147781
35,27,2,4,0,4,2026-06-16T12:41:52.358994
35,27,3,4,0,4,2026-06-16T12:41:53.996779
35,27,4,3,0,3,2026-06-16T12:41:54.800979
35,27,5,4,0,4,2026-06-16T12:41:56.017573
35,27,6,4,0,4,2026-06-16T12:41:56.905465
35,27,7,4,0,4,2026-06-16T12:41:57.708754
35,27,8,4,0,4,2026-06-16T12:41:59.528057
35,27,9,4,0,4,2026-06-16T12:42:00.525281
35,27,10,4,0,4,2026-06-16T12:42:01.936645
35,28,1,2,0,2,2026-06-16T12:42:03.139569
35,28,2,2,0,2,2026-06-16T12:42:04.151977
35,28,3,2,0,2,2026-06-16T12:42:07.297270
35,28,4,2,0,2,2026-06-16T12:42:10.185688
35,28,5,2,0,2,2026-06-16T12:42:11.175454
35,28,6,2,0,2,2026-06-16T12:42:12.970531
35,28,7,2,0,2,2026-06-16T12:42:14.573536
35,28,8,2,0,2,2026-06-16T12:42:15.792134
35,28,9,2,0,2,2026-06-16T12:42:16.991362
35,28,10,2,0,2,2026-06-16T12:42:18.384851
35,29,1,3,0,3,2026-06-16T12:42:19.769029
35,29,2,3,0,3,2026-06-16T12:42:20.659160
35,29,3,3,0,3,2026-06-16T12:42:21.890515
35,29,4,3,0,3,2026-06-16T12:42:23.502175
35,29,5,3,0,3,2026-06-16T12:42:25.091835
35,29,6,3,0,3,2026-06-16T12:42:25.885989
35,29,7,3,0,3,2026-06-16T12:42:27.289331
35,29,8,3,0,3,2026-06-16T12:42:28.506437
35,29,9,3,0,3,2026-06-16T12:42:29.487441
35,29,10,3,0,3,2026-06-16T12:42:30.674597
35,30,1,3,0,3,2026-06-16T12:42:32.746045
35,30,2,3,0,3,2026-06-16T12:42:36.535580
35,30,3,3,0,3,2026-06-16T12:42:37.534854
35,30,4,3,0,3,2026-06-16T12:42:38.965755
35,30,5,3,0,3,2026-06-16T12:42:39.798133
35,30,6,3,0,3,2026-06-16T12:42:41.793305
35,30,7,3,0,3,2026-06-16T12:42:43.497021
35,30,8,3,0,3,2026-06-16T12:42:44.904219
35,30,9,3,0,3,2026-06-16T12:42:46.294546
35,30,10,3,0,3,2026-06-16T12:42:47.999680
36,1,1,5,0,5,2026-06-16T12:42:49.404387
36,1,2,5,0,5,2026-06-16T12:42:50.661423
36,1,3,5,0,5,2026-06-16T12:42:51.876304
36,1,4,5,0,5,2026-06-16T12:42:53.281745
36,1,5,5,0,5,2026-06-16T12:42:54.887693
36,1,6,5,0,5,2026-06-16T12:42:56.604611
36,1,7,4,0,4,2026-06-16T12:42:58.209603
36,1,8,5,0,5,2026-06-16T12:43:00.623023
36,1,9,4,0,4,2026-06-16T12:43:01.828235
36,1,10,5,0,5,2026-06-16T12:43:03.841231
36,2,1,4,0,4,2026-06-16T12:43:05.047083
36,2,2,4,0,4,2026-06-16T12:43:06.249331
36,2,3,3,0,3,2026-06-16T12:43:07.459270
36,2,4,4,0,4,2026-06-16T12:43:08.248450
36,2,5,3,0,3,2026-06-16T12:43:09.233278
36,2,6,4,0,4,2026-06-16T12:43:10.643003
36,2,7,4,0,4,2026-06-16T12:43:12.275572
36,2,8,4,0,4,2026-06-16T12:43:13.891720
36,2,9,3,0,3,2026-06-16T12:43:15.127062
36,2,10,3,0,3,2026-06-16T12:43:16.323584
36,3,1,1,0,1,2026-06-16T12:43:18.132993
36,3,2,1,0,1,2026-06-16T12:43:19.342234
36,3,3,1,0,1,2026-06-16T12:43:20.542163
36,3,4,1,0,1,2026-06-16T12:43:21.943823
36,3,5,1,0,1,2026-06-16T12:43:23.136339
36,3,6,1,0,1,2026-06-16T12:43:24.534429
36,3,7,1,0,1,2026-06-16T12:43:26.941556
36,3,8,1,0,1,2026-06-16T12:43:28.154032
36,3,9,1,0,1,2026-06-16T12:43:28.961309
36,3,10,1,0,1,2026-06-16T12:43:30.765967
36,4,1,1,0,1,2026-06-16T12:43:31.570041
36,4,2,1,0,1,2026-06-16T12:43:32.357532
36,4,3,1,0,1,2026-06-16T12:43:33.365094
36,4,4,1,0,1,2026-06-16T12:43:34.581425
36,4,5,1,0,1,2026-06-16T12:43:35.987655
36,4,6,1,0,1,2026-06-16T12:43:37.194786
36,4,7,1,0,1,2026-06-16T12:43:38.191571
36,4,8,1,0,1,2026-06-16T12:43:39.394046
36,4,9,1,0,1,2026-06-16T12:43:41.018491
36,4,10,1,0,1,2026-06-16T12:43:41.864896
36,5,1,2,0,2,2026-06-16T12:43:43.468482
36,5,2,2,0,2,2026-06-16T12:43:45.476530
36,5,3,2,0,2,2026-06-16T12:43:46.876566
36,5,4,2,0,2,2026-06-16T12:43:48.081549
36,5,5,1,0,1,2026-06-16T12:43:49.747397
36,5,6,2,0,2,2026-06-16T12:43:52.004758
36,5,7,1,0,1,2026-06-16T12:43:54.637587
36,5,8,2,0,2,2026-06-16T12:43:55.892336
36,5,9,1,0,1,2026-06-16T12:43:57.711330
36,5,10,2,0,2,2026-06-16T12:43:58.509786
36,6,1,5,0,5,2026-06-16T12:44:00.326516
36,6,2,5,0,5,2026-06-16T12:44:01.123897
36,6,3,5,0,5,2026-06-16T12:44:02.729482
36,6,4,5,0,5,2026-06-16T12:44:04.540503
36,6,5,5,0,5,2026-06-16T12:44:06.161927
36,6,6,5,0,5,2026-06-16T12:44:07.767673
36,6,7,5,0,5,2026-06-16T12:44:09.172231
36,6,8,5,0,5,2026-06-16T12:44:10.784629
36,6,9,5,0,5,2026-06-16T12:44:11.996048
36,6,10,5,0,5,2026-06-16T12:44:13.215056
36,7,1,5,0,5,2026-06-16T12:44:14.838919
36,7,2,5,0,5,2026-06-16T12:44:16.243047
36,7,3,5,0,5,2026-06-16T12:44:18.053553
36,7,4,5,0,5,2026-06-16T12:44:20.454523
36,7,5,5,0,5,2026-06-16T12:44:22.063478
36,7,6,5,0,5,2026-06-16T12:44:23.659601
36,7,7,5,0,5,2026-06-16T12:44:25.065957
36,7,8,5,0,5,2026-06-16T12:44:29.488071
36,7,9,5,0,5,2026-06-16T12:44:30.381634
36,7,10,5,0,5,2026-06-16T12:44:32.015875
36,8,1,2,0,2,2026-06-16T12:44:33.421893
36,8,2,2,0,2,2026-06-16T12:44:35.023400
36,8,3,2,0,2,2026-06-16T12:44:36.835389
36,8,4,3,0,3,2026-06-16T12:44:38.449876
36,8,5,2,0,2,2026-06-16T12:44:39.451509
36,8,6,2,0,2,2026-06-16T12:44:40.652891
36,8,7,2,0,2,2026-06-16T12:44:42.078123
36,8,8,2,0,2,2026-06-16T12:44:43.290215
36,8,9,2,0,2,2026-06-16T12:44:44.907989
36,8,10,2,0,2,2026-06-16T12:44:47.773714
36,9,1,1,0,1,2026-06-16T12:44:49.985645
36,9,2,2,0,2,2026-06-16T12:44:51.087126
36,9,3,1,0,1,2026-06-16T12:44:52.083194
36,9,4,1,0,1,2026-06-16T12:44:53.082917
36,9,5,1,0,1,2026-06-16T12:44:54.885639
36,9,6,1,0,1,2026-06-16T12:44:58.088673
36,9,7,1,0,1,2026-06-16T12:44:59.290523
36,9,8,1,0,1,2026-06-16T12:45:00.882452
36,9,9,2,0,2,2026-06-16T12:45:02.071018
36,9,10,2,0,2,2026-06-16T12:45:03.479511
36,10,1,4,0,4,2026-06-16T12:45:05.077997
36,10,2,4,0,4,2026-06-16T12:45:06.082256
36,10,3,4,0,4,2026-06-16T12:45:07.273877
36,10,4,5,0,5,2026-06-16T12:45:08.459486
36,10,5,5,0,5,2026-06-16T12:45:10.102932
36,10,6,4,0,4,2026-06-16T12:45:11.363678
36,10,7,4,0,4,2026-06-16T12:45:13.615682
36,10,8,4,0,4,2026-06-16T12:45:16.027828
36,10,9,5,0,5,2026-06-16T12:45:17.230018
36,10,10,4,0,4,2026-06-16T12:45:19.035403
36,11,1,5,0,5,2026-06-16T12:45:21.032358
36,11,2,5,0,5,2026-06-16T12:45:22.235333
36,11,3,5,0,5,2026-06-16T12:45:23.140070
36,11,4,5,0,5,2026-06-16T12:45:24.953813
36,11,5,5,0,5,2026-06-16T12:45:26.149820
36,11,6,5,0,5,2026-06-16T12:45:26.949468
36,11,7,5,0,5,2026-06-16T12:45:28.555348
36,11,8,5,0,5,2026-06-16T12:45:30.167758
36,11,9,5,0,5,2026-06-16T12:45:31.976056
36,11,10,5,0,5,2026-06-16T12:45:33.071552
36,12,1,5,0,5,2026-06-16T12:45:34.476770
36,12,2,4,0,4,2026-06-16T12:45:36.093202
36,12,3,4,0,4,2026-06-16T12:45:37.515807
36,12,4,5,0,5,2026-06-16T12:45:39.136208
36,12,5,5,0,5,2026-06-16T12:45:40.753374
36,12,6,4,0,4,2026-06-16T12:45:43.892220
36,12,7,4,0,4,2026-06-16T12:45:46.103856
36,12,8,4,0,4,2026-06-16T12:45:47.302141
36,12,9,5,0,5,2026-06-16T12:45:49.105259
36,12,10,5,0,5,2026-06-16T12:45:50.307449
36,13,1,5,0,5,2026-06-16T12:45:51.812438
36,13,2,5,0,5,2026-06-16T12:45:53.018443
36,13,3,5,0,5,2026-06-16T12:45:54.230348
36,13,4,5,0,5,2026-06-16T12:45:55.499871
36,13,5,5,0,5,2026-06-16T12:45:56.727647
36,13,6,5,0,5,2026-06-16T12:45:58.572341
36,13,7,5,0,5,2026-06-16T12:45:59.798890
36,13,8,5,0,5,2026-06-16T12:46:01.407622
36,13,9,5,0,5,2026-06-16T12:46:02.818236
36,13,10,5,0,5,2026-06-16T12:46:04.414587
36,14,1,5,0,5,2026-06-16T12:46:05.616707
36,14,2,5,0,5,2026-06-16T12:46:06.864037
36,14,3,5,0,5,2026-06-16T12:46:09.491697
36,14,4,5,0,5,2026-06-16T12:46:12.128857
36,14,5,5,0,5,2026-06-16T12:46:13.418366
36,14,6,5,0,5,2026-06-16T12:46:15.032599
36,14,7,5,0,5,2026-06-16T12:46:16.899995
36,14,8,5,0,5,2026-06-16T12:46:18.099069
36,14,9,5,0,5,2026-06-16T12:46:19.301513
36,14,10,5,0,5,2026-06-16T12:46:20.719399
36,15,1,2,0,2,2026-06-16T12:46:22.128457
36,15,2,2,0,2,2026-06-16T12:46:22.931635
36,15,3,2,0,2,2026-06-16T12:46:24.580168
36,15,4,1,0,1,2026-06-16T12:46:25.798662
36,15,5,2,0,2,2026-06-16T12:46:27.402093
36,15,6,2,0,2,2026-06-16T12:46:29.417319
36,15,7,2,0,2,2026-06-16T12:46:31.030127
36,15,8,2,0,2,2026-06-16T12:46:32.431504
36,15,9,1,0,1,2026-06-16T12:46:34.044716
36,15,10,2,0,2,2026-06-16T12:46:35.946554
36,16,1,4,0,4,2026-06-16T12:46:37.554989
36,16,2,5,0,5,2026-06-16T12:46:39.774931
36,16,3,5,0,5,2026-06-16T12:46:41.356614
36,16,4,4,0,4,2026-06-16T12:46:42.972241
36,16,5,5,0,5,2026-06-16T12:46:43.972892
36,16,6,5,0,5,2026-06-16T12:46:45.174338
36,16,7,5,0,5,2026-06-16T12:46:46.167498
36,16,8,5,0,5,2026-06-16T12:46:47.377892
36,16,9,5,0,5,2026-06-16T12:46:49.053857
36,16,10,4,0,4,2026-06-16T12:46:50.065964
36,17,1,5,0,5,2026-06-16T12:46:52.064060
36,17,2,5,0,5,2026-06-16T12:46:53.661645
36,17,3,5,0,5,2026-06-16T12:46:55.270298
36,17,4,5,0,5,2026-06-16T12:46:56.891654
36,17,5,5,0,5,2026-06-16T12:46:58.094888
36,17,6,5,0,5,2026-06-16T12:46:59.293061
36,17,7,5,0,5,2026-06-16T12:47:00.885575
36,17,8,5,0,5,2026-06-16T12:47:02.503055
36,17,9,5,0,5,2026-06-16T12:47:04.927220
36,17,10,5,0,5,2026-06-16T12:47:06.722858
36,18,1,3,0,3,2026-06-16T12:47:07.891459
36,18,2,3,0,3,2026-06-16T12:47:09.098910
36,18,3,3,0,3,2026-06-16T12:47:10.493797
36,18,4,3,0,3,2026-06-16T12:47:12.118109
36,18,5,3,0,3,2026-06-16T12:47:13.341220
36,18,6,3,0,3,2026-06-16T12:47:14.746566
36,18,7,3,0,3,2026-06-16T12:47:16.153326
36,18,8,3,0,3,2026-06-16T12:47:17.557422
36,18,9,3,0,3,2026-06-16T12:47:19.159031
36,18,10,3,0,3,2026-06-16T12:47:21.179180
36,19,1,4,0,4,2026-06-16T12:47:22.388869
36,19,2,4,0,4,2026-06-16T12:47:23.797250
36,19,3,4,0,4,2026-06-16T12:47:24.803630
36,19,4,4,0,4,2026-06-16T12:47:26.407265
36,19,5,4,0,4,2026-06-16T12:47:27.617900
36,19,6,4,0,4,2026-06-16T12:47:29.850113
36,19,7,4,0,4,2026-06-16T12:47:31.447834
36,19,8,4,0,4,2026-06-16T12:47:33.055226
36,19,9,4,0,4,2026-06-16T12:47:34.253161
36,19,10,4,0,4,2026-06-16T12:47:35.038833
36,20,1,5,0,5,2026-06-16T12:47:36.466215
36,20,2,5,0,5,2026-06-16T12:47:38.900016
36,20,3,5,0,5,2026-06-16T12:47:41.301576
36,20,4,5,0,5,2026-06-16T12:47:42.700633
36,20,5,5,0,5,2026-06-16T12:47:43.904834
36,20,6,5,0,5,2026-06-16T12:47:45.377369
36,20,7,5,0,5,2026-06-16T12:47:46.585595
36,20,8,5,0,5,2026-06-16T12:47:48.188969
36,20,9,5,0,5,2026-06-16T12:47:49.781087
36,20,10,5,0,5,2026-06-16T12:47:51.404129
36,21,1,5,0,5,2026-06-16T12:47:52.194529
36,21,2,5,0,5,2026-06-16T12:47:53.597137
36,21,3,5,0,5,2026-06-16T12:47:55.414348
36,21,4,5,0,5,2026-06-16T12:47:57.457980
36,21,5,5,0,5,2026-06-16T12:48:01.213865
36,21,6,5,0,5,2026-06-16T12:48:02.819836
36,21,7,5,0,5,2026-06-16T12:48:04.426701
36,21,8,5,0,5,2026-06-16T12:48:05.422824
36,21,9,5,0,5,2026-06-16T12:48:07.221724
36,21,10,5,0,5,2026-06-16T12:48:08.626656
36,22,1,4,0,4,2026-06-16T12:48:09.828560
36,22,2,3,0,3,2026-06-16T12:48:11.452998
36,22,3,4,0,4,2026-06-16T12:48:12.250556
36,22,4,4,0,4,2026-06-16T12:48:13.864137
36,22,5,4,0,4,2026-06-16T12:48:15.062912
36,22,6,4,0,4,2026-06-16T12:48:16.268094
36,22,7,4,0,4,2026-06-16T12:48:17.736098
36,22,8,3,0,3,2026-06-16T12:48:19.138253
36,22,9,4,0,4,2026-06-16T12:48:20.532655
36,22,10,4,0,4,2026-06-16T12:48:21.925395
36,23,1,3,0,3,2026-06-16T12:48:25.080688
36,23,2,3,0,3,2026-06-16T12:48:27.721059
36,23,3,3,0,3,2026-06-16T12:48:29.331134
36,23,4,3,0,3,2026-06-16T12:48:30.926025
36,23,5,3,0,3,2026-06-16T12:48:32.133659
36,23,6,3,0,3,2026-06-16T12:48:33.134699
36,23,7,3,0,3,2026-06-16T12:48:34.742350
36,23,8,3,0,3,2026-06-16T12:48:36.763273
36,23,9,3,0,3,2026-06-16T12:48:38.421491
36,23,10,3,0,3,2026-06-16T12:48:39.637226
36,24,1,2,0,2,2026-06-16T12:48:41.239137
36,24,2,1,0,1,2026-06-16T12:48:42.862190
36,24,3,2,0,2,2026-06-16T12:48:43.877043
36,24,4,1,0,1,2026-06-16T12:48:45.588257
36,24,5,1,0,1,2026-06-16T12:48:46.395426
36,24,6,2,0,2,2026-06-16T12:48:47.402355
36,24,7,1,0,1,2026-06-16T12:48:49.215973
36,24,8,1,0,1,2026-06-16T12:48:50.820363
36,24,9,1,0,1,2026-06-16T12:48:52.210481
36,24,10,1,0,1,2026-06-16T12:48:53.805011
36,25,1,1,0,1,2026-06-16T12:48:55.641158
36,25,2,1,0,1,2026-06-16T12:48:56.854433
36,25,3,1,0,1,2026-06-16T12:48:58.475742
36,25,4,1,0,1,2026-06-16T12:48:59.653526
36,25,5,1,0,1,2026-06-16T12:49:00.448360
36,25,6,1,0,1,2026-06-16T12:49:02.479297
36,25,7,1,0,1,2026-06-16T12:49:04.485773
36,25,8,1,0,1,2026-06-16T12:49:06.097595
36,25,9,1,0,1,2026-06-16T12:49:06.903032
36,25,10,1,0,1,2026-06-16T12:49:07.707411
36,26,1,5,0,5,2026-06-16T12:49:08.505020
36,26,2,5,0,5,2026-06-16T12:49:09.756459
36,26,3,5,0,5,2026-06-16T12:49:10.956606
36,26,4,5,0,5,2026-06-16T12:49:12.554516
36,26,5,5,0,5,2026-06-16T12:49:13.360015
36,26,6,5,0,5,2026-06-16T12:49:14.153096
36,26,7,3,0,3,2026-06-16T12:49:16.819589
36,26,8,5,0,5,2026-06-16T12:49:19.455264
36,26,9,5,0,5,2026-06-16T12:49:21.083123
36,26,10,5,0,5,2026-06-16T12:49:23.082328
36,27,1,4,0,4,2026-06-16T12:49:24.091111
36,27,2,5,0,5,2026-06-16T12:49:25.701382
36,27,3,4,0,4,2026-06-16T12:49:27.312197
36,27,4,5,0,5,2026-06-16T12:49:29.121036
36,27,5,5,0,5,2026-06-16T12:49:29.916894
36,27,6,5,0,5,2026-06-16T12:49:31.528621
36,27,7,5,0,5,2026-06-16T12:49:32.743028
36,27,8,5,0,5,2026-06-16T12:49:34.157694
36,27,9,5,0,5,2026-06-16T12:49:35.360078
36,27,10,5,0,5,2026-06-16T12:49:36.558761
36,28,1,1,0,1,2026-06-16T12:49:37.815417
36,28,2,2,0,2,2026-06-16T12:49:38.628454
36,28,3,2,0,2,2026-06-16T12:49:39.618059
36,28,4,2,0,2,2026-06-16T12:49:41.226986
36,28,5,2,0,2,2026-06-16T12:49:43.443067
36,28,6,2,0,2,2026-06-16T12:49:45.844563
36,28,7,1,0,1,2026-06-16T12:49:48.056271
36,28,8,2,0,2,2026-06-16T12:49:50.269277
36,28,9,2,0,2,2026-06-16T12:49:54.385364
36,28,10,2,0,2,2026-06-16T12:49:55.611462
36,29,1,4,0,4,2026-06-16T12:49:57.034224
36,29,2,4,0,4,2026-06-16T12:49:58.234466
36,29,3,3,0,3,2026-06-16T12:49:59.451664
36,29,4,3,0,3,2026-06-16T12:50:00.847566
36,29,5,3,0,3,2026-06-16T12:50:02.038275
36,29,6,3,0,3,2026-06-16T12:50:03.258711
36,29,7,3,0,3,2026-06-16T12:50:04.866472
36,29,8,3,0,3,2026-06-16T12:50:06.480819
36,29,9,3,0,3,2026-06-16T12:50:07.489931
36,29,10,3,0,3,2026-06-16T12:50:08.697292
36,30,1,1,0,1,2026-06-16T12:50:10.310778
36,30,2,1,0,1,2026-06-16T12:50:12.104206
36,30,3,1,0,1,2026-06-16T12:50:15.543556
36,30,4,1,0,1,2026-06-16T12:50:16.968561
36,30,5,2,0,2,2026-06-16T12:50:17.973249
36,30,6,1,0,1,2026-06-16T12:50:19.181007
36,30,7,1,0,1,2026-06-16T12:50:20.414172
36,30,8,1,0,1,2026-06-16T12:50:21.630004
36,30,9,1,0,1,2026-06-16T12:50:22.640077
36,30,10,1,0,1,2026-06-16T12:50:23.845440
37,1,1,5,0,5,2026-06-16T12:50:25.045524
37,1,2,5,0,5,2026-06-16T12:50:26.260176
37,1,3,5,0,5,2026-06-16T12:50:27.070202
37,1,4,5,0,5,2026-06-16T12:50:28.280046
37,1,5,5,0,5,2026-06-16T12:50:29.296592
37,1,6,5,0,5,2026-06-16T12:50:30.550263
37,1,7,5,0,5,2026-06-16T12:50:32.167625
37,1,8,5,0,5,2026-06-16T12:50:33.761419
37,1,9,5,0,5,2026-06-16T12:50:34.575859
37,1,10,5,0,5,2026-06-16T12:50:36.693691
37,2,1,5,0,5,2026-06-16T12:50:38.286143
37,2,2,5,0,5,2026-06-16T12:50:41.436606
37,2,3,5,0,5,2026-06-16T12:50:43.281070
37,2,4,5,0,5,2026-06-16T12:50:45.309472
37,2,5,5,0,5,2026-06-16T12:50:47.753651
37,2,6,5,0,5,2026-06-16T12:50:49.393391
37,2,7,5,0,5,2026-06-16T12:50:50.991786
37,2,8,5,0,5,2026-06-16T12:50:51.849671
37,2,9,5,0,5,2026-06-16T12:50:52.856375
37,2,10,5,0,5,2026-06-16T12:50:54.101521
37,3,1,2,0,2,2026-06-16T12:50:55.125710
37,3,2,2,0,2,2026-06-16T12:50:56.938968
37,3,3,2,0,2,2026-06-16T12:50:58.139831
37,3,4,2,0,2,2026-06-16T12:50:59.949563
37,3,5,2,0,2,2026-06-16T12:51:01.374134
37,3,6,2,0,2,2026-06-16T12:51:02.374188
37,3,7,2,0,2,2026-06-16T12:51:03.972382
37,3,8,2,0,2,2026-06-16T12:51:05.765922
37,3,9,2,0,2,2026-06-16T12:51:08.163533
37,3,10,2,0,2,2026-06-16T12:51:10.594991
37,4,1,4,0,4,2026-06-16T12:51:12.182263
37,4,2,4,0,4,2026-06-16T12:51:12.987772
37,4,3,4,0,4,2026-06-16T12:51:14.580980
37,4,4,4,0,4,2026-06-16T12:51:16.197348
37,4,5,4,0,4,2026-06-16T12:51:17.799437
37,4,6,4,0,4,2026-06-16T12:51:19.421211
37,4,7,4,0,4,2026-06-16T12:51:21.022345
37,4,8,4,0,4,2026-06-16T12:51:22.038371
37,4,9,4,0,4,2026-06-16T12:51:23.233706
37,4,10,4,0,4,2026-06-16T12:51:24.911809
37,5,1,2,0,2,2026-06-16T12:51:26.537276
37,5,2,2,0,2,2026-06-16T12:51:27.545534
37,5,3,2,0,2,2026-06-16T12:51:28.771326
37,5,4,2,0,2,2026-06-16T12:51:30.456419
37,5,5,2,0,2,2026-06-16T12:51:32.874786
37,5,6,2,0,2,2026-06-16T12:51:34.483742
37,5,7,2,0,2,2026-06-16T12:51:36.484586
37,5,8,2,0,2,2026-06-16T12:51:37.931121
37,5,9,2,0,2,2026-06-16T12:51:39.132189
37,5,10,2,0,2,2026-06-16T12:51:40.136511
37,6,1,5,0,5,2026-06-16T12:51:41.311112
37,6,2,5,0,5,2026-06-16T12:51:42.513044
37,6,3,5,0,5,2026-06-16T12:51:44.320154
37,6,4,5,0,5,2026-06-16T12:51:45.723676
37,6,5,5,0,5,2026-06-16T12:51:46.921993
37,6,6,5,0,5,2026-06-16T12:51:48.533419
37,6,7,5,0,5,2026-06-16T12:51:50.162701
37,6,8,5,0,5,2026-06-16T12:51:51.746841
37,6,9,5,0,5,2026-06-16T12:51:53.349057
37,6,10,5,0,5,2026-06-16T12:51:54.548040
37,7,1,5,0,5,2026-06-16T12:51:56.163584
37,7,2,5,0,5,2026-06-16T12:51:56.979008
37,7,3,5,0,5,2026-06-16T12:51:58.798460
37,7,4,5,0,5,2026-06-16T12:52:02.247507
37,7,5,5,0,5,2026-06-16T12:52:04.260151
37,7,6,5,0,5,2026-06-16T12:52:05.472271
37,7,7,5,0,5,2026-06-16T12:52:06.681373
37,7,8,5,0,5,2026-06-16T12:52:09.545194
37,7,9,5,0,5,2026-06-16T12:52:11.154162
37,7,10,5,0,5,2026-06-16T12:52:12.777171
37,8,1,4,0,4,2026-06-16T12:52:13.991480
37,8,2,4,0,4,2026-06-16T12:52:16.002989
37,8,3,4,0,4,2026-06-16T12:52:17.438766
37,8,4,4,0,4,2026-06-16T12:52:18.457369
37,8,5,4,0,4,2026-06-16T12:52:19.709596
37,8,6,4,0,4,2026-06-16T12:52:21.144131
37,8,7,4,0,4,2026-06-16T12:52:22.151723
37,8,8,4,0,4,2026-06-16T12:52:23.361211
37,8,9,4,0,4,2026-06-16T12:52:24.756123
37,8,10,4,0,4,2026-06-16T12:52:27.382822
37,9,1,2,0,2,2026-06-16T12:52:29.396387
37,9,2,2,0,2,2026-06-16T12:52:31.001857
37,9,3,2,0,2,2026-06-16T12:52:32.406709
37,9,4,2,0,2,2026-06-16T12:52:33.816773
37,9,5,2,0,2,2026-06-16T12:52:35.019338
37,9,6,2,0,2,2026-06-16T12:52:36.840297
37,9,7,2,0,2,2026-06-16T12:52:38.445217
37,9,8,2,0,2,2026-06-16T12:52:40.045886
37,9,9,2,0,2,2026-06-16T12:52:40.906326
37,9,10,2,0,2,2026-06-16T12:52:42.107636
37,10,1,2,0,2,2026-06-16T12:52:43.978725
37,10,2,2,0,2,2026-06-16T12:52:45.209784
37,10,3,2,0,2,2026-06-16T12:52:46.837905
37,10,4,2,0,2,2026-06-16T12:52:48.249498
37,10,5,2,0,2,2026-06-16T12:52:49.861392
37,10,6,2,0,2,2026-06-16T12:52:51.467876
37,10,7,2,0,2,2026-06-16T12:52:52.671461
37,10,8,2,0,2,2026-06-16T12:52:56.095993
37,10,9,2,0,2,2026-06-16T12:52:57.707609
37,10,10,2,0,2,2026-06-16T12:52:58.895123
37,11,1,5,0,5,2026-06-16T12:53:00.089167
37,11,2,5,0,5,2026-06-16T12:53:01.298299
37,11,3,5,0,5,2026-06-16T12:53:03.284185
37,11,4,5,0,5,2026-06-16T12:53:04.563349
37,11,5,5,0,5,2026-06-16T12:53:06.367591
37,11,6,5,0,5,2026-06-16T12:53:07.381755
37,11,7,5,0,5,2026-06-16T12:53:08.574128
37,11,8,5,0,5,2026-06-16T12:53:10.568327
37,11,9,5,0,5,2026-06-16T12:53:12.364976
37,11,10,5,0,5,2026-06-16T12:53:13.772355
37,12,1,5,0,5,2026-06-16T12:53:14.976040
37,12,2,5,0,5,2026-06-16T12:53:16.391287
37,12,3,5,0,5,2026-06-16T12:53:17.206069
37,12,4,5,0,5,2026-06-16T12:53:19.214634
37,12,5,5,0,5,2026-06-16T12:53:21.423973
37,12,6,5,0,5,2026-06-16T12:53:24.313986
37,12,7,5,0,5,2026-06-16T12:53:25.326249
37,12,8,5,0,5,2026-06-16T12:53:26.977938
37,12,9,5,0,5,2026-06-16T12:53:28.180337
37,12,10,5,0,5,2026-06-16T12:53:29.650258
37,13,1,4,0,4,2026-06-16T12:53:31.261412
37,13,2,4,0,4,2026-06-16T12:53:33.277823
37,13,3,4,0,4,2026-06-16T12:53:34.487061
37,13,4,4,0,4,2026-06-16T12:53:35.704807
37,13,5,4,0,4,2026-06-16T12:53:37.325716
37,13,6,4,0,4,2026-06-16T12:53:38.132470
37,13,7,4,0,4,2026-06-16T12:53:38.931913
37,13,8,4,0,4,2026-06-16T12:53:40.744996
37,13,9,2,0,2,2026-06-16T12:53:42.601840
37,13,10,3,0,3,2026-06-16T12:53:44.402349
37,14,1,5,0,5,2026-06-16T12:53:46.019110
37,14,2,5,0,5,2026-06-16T12:53:47.425691
37,14,3,5,0,5,2026-06-16T12:53:50.319849
37,14,4,5,0,5,2026-06-16T12:53:52.322680
37,14,5,5,0,5,2026-06-16T12:53:53.333739
37,14,6,5,0,5,2026-06-16T12:53:54.743864
37,14,7,5,0,5,2026-06-16T12:53:55.940228
37,14,8,5,0,5,2026-06-16T12:53:57.360340
37,14,9,5,0,5,2026-06-16T12:53:58.138876
37,14,10,5,0,5,2026-06-16T12:53:59.747480
37,15,1,2,0,2,2026-06-16T12:54:00.752694
37,15,2,2,0,2,2026-06-16T12:54:02.360880
37,15,3,2,0,2,2026-06-16T12:54:03.368580
37,15,4,2,0,2,2026-06-16T12:54:04.564087
37,15,5,2,0,2,2026-06-16T12:54:05.758753
37,15,6,2,0,2,2026-06-16T12:54:07.379443
37,15,7,2,0,2,2026-06-16T12:54:08.594251
37,15,8,2,0,2,2026-06-16T12:54:10.200255
37,15,9,2,0,2,2026-06-16T12:54:11.839736
37,15,10,2,0,2,2026-06-16T12:54:13.642543
37,16,1,5,0,5,2026-06-16T12:54:16.277527
37,16,2,5,0,5,2026-06-16T12:54:18.683514
37,16,3,5,0,5,2026-06-16T12:54:19.881536
37,16,4,5,0,5,2026-06-16T12:54:21.488605
37,16,5,5,0,5,2026-06-16T12:54:22.682105
37,16,6,5,0,5,2026-06-16T12:54:23.892023
37,16,7,5,0,5,2026-06-16T12:54:25.499872
37,16,8,5,0,5,2026-06-16T12:54:26.698784
37,16,9,5,0,5,2026-06-16T12:54:27.908083
37,16,10,5,0,5,2026-06-16T12:54:29.100034
37,17,1,5,0,5,2026-06-16T12:54:30.581604
37,17,2,5,0,5,2026-06-16T12:54:31.368380
37,17,3,5,0,5,2026-06-16T12:54:32.423547
37,17,4,5,0,5,2026-06-16T12:54:34.061304
37,17,5,5,0,5,2026-06-16T12:54:35.867731
37,17,6,5,0,5,2026-06-16T12:54:36.860182
37,17,7,5,0,5,2026-06-16T12:54:38.062325
37,17,8,5,0,5,2026-06-16T12:54:39.898325
37,17,9,5,0,5,2026-06-16T12:54:41.506407
37,17,10,5,0,5,2026-06-16T12:54:43.910459
37,18,1,3,0,3,2026-06-16T12:54:45.934028
37,18,2,3,0,3,2026-06-16T12:54:47.548016
37,18,3,3,0,3,2026-06-16T12:54:48.744711
37,18,4,3,0,3,2026-06-16T12:54:50.760032
37,18,5,3,0,3,2026-06-16T12:54:51.962597
37,18,6,3,0,3,2026-06-16T12:54:53.581001
37,18,7,3,0,3,2026-06-16T12:54:54.782768
37,18,8,3,0,3,2026-06-16T12:54:56.078802
37,18,9,3,0,3,2026-06-16T12:54:57.286585
37,18,10,3,0,3,2026-06-16T12:54:58.500376
37,19,1,5,0,5,2026-06-16T12:54:59.506821
37,19,2,5,0,5,2026-06-16T12:55:00.921765
37,19,3,5,0,5,2026-06-16T12:55:02.331497
37,19,4,5,0,5,2026-06-16T12:55:03.740962
37,19,5,5,0,5,2026-06-16T12:55:05.601228
37,19,6,5,0,5,2026-06-16T12:55:07.603864
37,19,7,5,0,5,2026-06-16T12:55:10.824995
37,19,8,5,0,5,2026-06-16T12:55:11.824420
37,19,9,5,0,5,2026-06-16T12:55:13.031176
37,19,10,5,0,5,2026-06-16T12:55:14.511667
37,20,1,5,0,5,2026-06-16T12:55:15.739980
37,20,2,4,0,4,2026-06-16T12:55:16.947018
37,20,3,4,0,4,2026-06-16T12:55:18.171123
37,20,4,4,0,4,2026-06-16T12:55:19.377595
37,20,5,5,0,5,2026-06-16T12:55:20.655242
37,20,6,5,0,5,2026-06-16T12:55:22.065673
37,20,7,4,0,4,2026-06-16T12:55:23.319287
37,20,8,4,0,4,2026-06-16T12:55:24.944776
37,20,9,5,0,5,2026-06-16T12:55:26.163831
37,20,10,5,0,5,2026-06-16T12:55:27.371564
37,21,1,5,0,5,2026-06-16T12:55:28.847143
37,21,2,5,0,5,2026-06-16T12:55:30.690514
37,21,3,5,0,5,2026-06-16T12:55:31.918628
37,21,4,5,0,5,2026-06-16T12:55:33.318033
37,21,5,5,0,5,2026-06-16T12:55:36.221613
37,21,6,5,0,5,2026-06-16T12:55:38.234457
37,21,7,5,0,5,2026-06-16T12:55:39.638497
37,21,8,5,0,5,2026-06-16T12:55:40.520590
37,21,9,5,0,5,2026-06-16T12:55:41.312253
37,21,10,5,0,5,2026-06-16T12:55:42.567537
37,22,1,5,0,5,2026-06-16T12:55:45.335321
37,22,2,5,0,5,2026-06-16T12:55:47.586521
37,22,3,5,0,5,2026-06-16T12:55:49.194339
37,22,4,5,0,5,2026-06-16T12:55:50.404275
37,22,5,5,0,5,2026-06-16T12:55:52.004586
37,22,6,5,0,5,2026-06-16T12:55:53.628170
37,22,7,5,0,5,2026-06-16T12:55:55.428855
37,22,8,5,0,5,2026-06-16T12:55:57.108484
37,22,9,5,0,5,2026-06-16T12:55:58.313866
37,22,10,5,0,5,2026-06-16T12:56:00.116701
37,23,1,3,0,3,2026-06-16T12:56:01.927438
37,23,2,3,0,3,2026-06-16T12:56:05.097648
37,23,3,3,0,3,2026-06-16T12:56:06.478944
37,23,4,3,0,3,2026-06-16T12:56:07.682523
37,23,5,3,0,3,2026-06-16T12:56:08.873057
37,23,6,3,0,3,2026-06-16T12:56:10.070094
37,23,7,3,0,3,2026-06-16T12:56:11.479256
37,23,8,3,0,3,2026-06-16T12:56:13.107915
37,23,9,3,0,3,2026-06-16T12:56:14.824640
37,23,10,3,0,3,2026-06-16T12:56:16.225645
37,24,1,2,0,2,2026-06-16T12:56:17.281977
37,24,2,2,0,2,2026-06-16T12:56:18.486409
37,24,3,2,0,2,2026-06-16T12:56:20.087322
37,24,4,2,0,2,2026-06-16T12:56:21.698832
37,24,5,2,0,2,2026-06-16T12:56:23.318858
37,24,6,2,0,2,2026-06-16T12:56:24.964524
37,24,7,2,0,2,2026-06-16T12:56:25.782533
37,24,8,2,0,2,2026-06-16T12:56:27.386552
37,24,9,2,0,2,2026-06-16T12:56:29.600370
37,24,10,2,0,2,2026-06-16T12:56:32.542763
37,25,1,3,0,3,2026-06-16T12:56:34.145113
37,25,2,3,0,3,2026-06-16T12:56:35.746784
37,25,3,2,0,2,2026-06-16T12:56:37.162888
37,25,4,3,0,3,2026-06-16T12:56:38.982914
37,25,5,3,0,3,2026-06-16T12:56:40.607922
37,25,6,2,0,2,2026-06-16T12:56:42.216245
37,25,7,3,0,3,2026-06-16T12:56:43.420888
37,25,8,3,0,3,2026-06-16T12:56:45.032715
37,25,9,3,0,3,2026-06-16T12:56:46.230464
37,25,10,3,0,3,2026-06-16T12:56:47.628707
37,26,1,3,0,3,2026-06-16T12:56:48.839537
37,26,2,3,0,3,2026-06-16T12:56:50.259408
37,26,3,3,0,3,2026-06-16T12:56:51.660887
37,26,4,3,0,3,2026-06-16T12:56:53.484421
37,26,5,3,0,3,2026-06-16T12:56:54.495967
37,26,6,3,0,3,2026-06-16T12:56:55.897593
37,26,7,3,0,3,2026-06-16T12:56:58.319247
37,26,8,3,0,3,2026-06-16T12:56:59.536718
37,26,9,3,0,3,2026-06-16T12:57:00.730551
37,26,10,3,0,3,2026-06-16T12:57:02.333159
37,27,1,4,0,4,2026-06-16T12:57:03.740866
37,27,2,4,0,4,2026-06-16T12:57:05.003409
37,27,3,4,0,4,2026-06-16T12:57:06.609932
37,27,4,4,0,4,2026-06-16T12:57:07.807409
37,27,5,4,0,4,2026-06-16T12:57:09.417466
37,27,6,4,0,4,2026-06-16T12:57:10.840898
37,27,7,4,0,4,2026-06-16T12:57:11.635281
37,27,8,4,0,4,2026-06-16T12:57:12.847101
37,27,9,4,0,4,2026-06-16T12:57:14.107146
37,27,10,4,0,4,2026-06-16T12:57:15.344486
37,28,1,3,0,3,2026-06-16T12:57:17.146521
37,28,2,3,0,3,2026-06-16T12:57:18.948833
37,28,3,3,0,3,2026-06-16T12:57:20.938991
37,28,4,3,0,3,2026-06-16T12:57:22.139212
37,28,5,3,0,3,2026-06-16T12:57:23.751781
37,28,6,3,0,3,2026-06-16T12:57:25.364002
37,28,7,3,0,3,2026-06-16T12:57:27.162436
37,28,8,4,0,4,2026-06-16T12:57:29.176798
37,28,9,3,0,3,2026-06-16T12:57:30.277539
37,28,10,3,0,3,2026-06-16T12:57:31.891038
37,29,1,4,0,4,2026-06-16T12:57:33.501872
37,29,2,4,0,4,2026-06-16T12:57:34.505293
37,29,3,4,0,4,2026-06-16T12:57:35.307196
37,29,4,4,0,4,2026-06-16T12:57:36.905899
37,29,5,4,0,4,2026-06-16T12:57:38.306779
37,29,6,4,0,4,2026-06-16T12:57:39.514306
37,29,7,4,0,4,2026-06-16T12:57:41.122617
37,29,8,4,0,4,2026-06-16T12:57:42.127900
37,29,9,4,0,4,2026-06-16T12:57:43.326108
37,29,10,4,0,4,2026-06-16T12:57:44.739037
37,30,1,4,0,4,2026-06-16T12:57:45.552689
37,30,2,4,0,4,2026-06-16T12:57:46.381138
37,30,3,4,0,4,2026-06-16T12:57:48.176754
37,30,4,4,0,4,2026-06-16T12:57:50.397324
37,30,5,4,0,4,2026-06-16T12:57:53.024003
37,30,6,4,0,4,2026-06-16T12:57:54.229792
37,30,7,4,0,4,2026-06-16T12:57:55.029830
37,30,8,4,0,4,2026-06-16T12:57:56.639152
37,30,9,4,0,4,2026-06-16T12:57:59.891264
37,30,10,4,0,4,2026-06-16T12:58:00.905765
38,1,1,5,0,5,2026-06-16T12:58:02.515191
38,1,2,5,0,5,2026-06-16T12:58:04.128911
38,1,3,5,0,5,2026-06-16T12:58:05.120598
38,1,4,5,0,5,2026-06-16T12:58:06.122277
38,1,5,5,0,5,2026-06-16T12:58:07.722238
38,1,6,5,0,5,2026-06-16T12:58:09.550602
38,1,7,5,0,5,2026-06-16T12:58:11.155996
38,1,8,5,0,5,2026-06-16T12:58:11.951005
38,1,9,5,0,5,2026-06-16T12:58:13.749761
38,1,10,5,0,5,2026-06-16T12:58:15.344538
38,2,1,5,0,5,2026-06-16T12:58:16.953944
38,2,2,5,0,5,2026-06-16T12:58:20.744704
38,2,3,5,0,5,2026-06-16T12:58:22.160614
38,2,4,5,0,5,2026-06-16T12:58:23.172474
38,2,5,5,0,5,2026-06-16T12:58:24.558855
38,2,6,5,0,5,2026-06-16T12:58:26.567822
38,2,7,5,0,5,2026-06-16T12:58:28.176826
38,2,8,5,0,5,2026-06-16T12:58:29.773675
38,2,9,5,0,5,2026-06-16T12:58:30.991647
38,2,10,4,0,4,2026-06-16T12:58:32.596196
38,3,1,2,0,2,2026-06-16T12:58:34.000412
38,3,2,2,0,2,2026-06-16T12:58:35.810652
38,3,3,2,0,2,2026-06-16T12:58:37.022715
38,3,4,2,0,2,2026-06-16T12:58:38.225425
38,3,5,2,0,2,2026-06-16T12:58:39.225319
38,3,6,2,0,2,2026-06-16T12:58:40.425633
38,3,7,2,0,2,2026-06-16T12:58:41.607074
38,3,8,2,0,2,2026-06-16T12:58:43.184579
38,3,9,2,0,2,2026-06-16T12:58:45.188129
38,3,10,2,0,2,2026-06-16T12:58:47.187949
38,4,1,1,0,1,2026-06-16T12:58:50.074444
38,4,2,1,0,1,2026-06-16T12:58:51.283431
38,4,3,1,0,1,2026-06-16T12:58:52.498935
38,4,4,1,0,1,2026-06-16T12:58:53.908765
38,4,5,1,0,1,2026-06-16T12:58:54.888271
38,4,6,1,0,1,2026-06-16T12:58:56.492116
38,4,7,1,0,1,2026-06-16T12:58:58.505518
38,4,8,1,0,1,2026-06-16T12:59:00.111838
38,4,9,1,0,1,2026-06-16T12:59:02.134233
38,4,10,1,0,1,2026-06-16T12:59:03.740341
38,5,1,1,0,1,2026-06-16T12:59:04.952885
38,5,2,2,0,2,2026-06-16T12:59:06.168027
38,5,3,2,0,2,2026-06-16T12:59:07.174628
38,5,4,2,0,2,2026-06-16T12:59:09.421134
38,5,5,2,0,2,2026-06-16T12:59:10.649382
38,5,6,2,0,2,2026-06-16T12:59:13.552406
38,5,7,2,0,2,2026-06-16T12:59:15.564516
38,5,8,2,0,2,2026-06-16T12:59:16.973004
38,5,9,2,0,2,2026-06-16T12:59:18.379408
38,5,10,2,0,2,2026-06-16T12:59:20.070132
38,6,1,5,0,5,2026-06-16T12:59:21.673678
38,6,2,5,0,5,2026-06-16T12:59:22.476060
38,6,3,5,0,5,2026-06-16T12:59:23.705893
38,6,4,5,0,5,2026-06-16T12:59:24.506492
38,6,5,5,0,5,2026-06-16T12:59:25.710814
38,6,6,5,0,5,2026-06-16T12:59:26.918100
38,6,7,5,0,5,2026-06-16T12:59:28.129147
38,6,8,5,0,5,2026-06-16T12:59:29.360439
38,6,9,5,0,5,2026-06-16T12:59:30.563387
38,6,10,5,0,5,2026-06-16T12:59:31.973567
38,7,1,5,0,5,2026-06-16T12:59:33.166337
38,7,2,5,0,5,2026-06-16T12:59:34.784615
38,7,3,5,0,5,2026-06-16T12:59:37.273379
38,7,4,5,0,5,2026-06-16T12:59:47.791672
38,7,5,5,0,5,2026-06-16T12:59:48.845957
38,7,6,5,0,5,2026-06-16T12:59:50.241222
38,7,7,5,0,5,2026-06-16T12:59:51.043957
38,7,8,5,0,5,2026-06-16T12:59:52.254417
38,7,9,5,0,5,2026-06-16T12:59:53.852342
38,7,10,5,0,5,2026-06-16T12:59:55.256307
38,8,1,3,0,3,2026-06-16T12:59:57.064475
38,8,2,3,0,3,2026-06-16T12:59:58.274859
38,8,3,3,0,3,2026-06-16T12:59:59.695172
38,8,4,3,0,3,2026-06-16T13:00:00.494272
38,8,5,3,0,3,2026-06-16T13:00:02.315896
38,8,6,2,0,2,2026-06-16T13:00:03.504624
38,8,7,3,0,3,2026-06-16T13:00:05.741071
38,8,8,3,0,3,2026-06-16T13:00:07.371691
38,8,9,3,0,3,2026-06-16T13:00:08.373136
38,8,10,3,0,3,2026-06-16T13:00:10.216040
38,9,1,1,0,1,2026-06-16T13:00:12.431797
38,9,2,1,0,1,2026-06-16T13:00:13.645328
38,9,3,1,0,1,2026-06-16T13:00:14.844339
38,9,4,1,0,1,2026-06-16T13:00:16.470879
38,9,5,1,0,1,2026-06-16T13:00:18.107562
38,9,6,1,0,1,2026-06-16T13:00:19.313500
38,9,7,1,0,1,2026-06-16T13:00:20.526394
38,9,8,1,0,1,2026-06-16T13:00:22.127234
38,9,9,1,0,1,2026-06-16T13:00:23.322557
38,9,10,1,0,1,2026-06-16T13:00:24.312865
38,10,1,2,0,2,2026-06-16T13:00:25.731358
38,10,2,2,0,2,2026-06-16T13:00:27.136952
38,10,3,2,0,2,2026-06-16T13:00:28.745669
38,10,4,2,0,2,2026-06-16T13:00:30.166340
38,10,5,2,0,2,2026-06-16T13:00:33.932276
38,10,6,2,0,2,2026-06-16T13:00:35.941985
38,10,7,2,0,2,2026-06-16T13:00:36.754218
38,10,8,2,0,2,2026-06-16T13:00:38.406532
38,10,9,2,0,2,2026-06-16T13:00:39.215119
38,10,10,2,0,2,2026-06-16T13:00:40.630129
38,11,1,5,0,5,2026-06-16T13:00:41.636295
38,11,2,5,0,5,2026-06-16T13:00:43.252729
38,11,3,5,0,5,2026-06-16T13:00:44.876478
38,11,4,5,0,5,2026-06-16T13:00:46.472350
38,11,5,5,0,5,2026-06-16T13:00:48.093932
38,11,6,5,0,5,2026-06-16T13:00:49.297089
38,11,7,5,0,5,2026-06-16T13:00:50.902464
38,11,8,5,0,5,2026-06-16T13:00:52.095893
38,11,9,5,0,5,2026-06-16T13:00:53.497941
38,11,10,5,0,5,2026-06-16T13:00:54.510117
38,12,1,5,0,5,2026-06-16T13:00:56.351637
38,12,2,5,0,5,2026-06-16T13:00:57.766728
38,12,3,5,0,5,2026-06-16T13:01:00.014064
38,12,4,5,0,5,2026-06-16T13:01:02.923240
38,12,5,5,0,5,2026-06-16T13:01:04.329488
38,12,6,5,0,5,2026-06-16T13:01:06.145913
38,12,7,5,0,5,2026-06-16T13:01:07.361746
38,12,8,5,0,5,2026-06-16T13:01:08.580605
38,12,9,5,0,5,2026-06-16T13:01:10.207641
38,12,10,5,0,5,2026-06-16T13:01:11.426714
38,13,1,2,0,2,2026-06-16T13:01:13.233873
38,13,2,2,0,2,2026-06-16T13:01:14.496534
38,13,3,2,0,2,2026-06-16T13:01:16.122190
38,13,4,2,0,2,2026-06-16T13:01:18.038793
38,13,5,2,0,2,2026-06-16T13:01:18.858173
38,13,6,2,0,2,2026-06-16T13:01:20.259801
38,13,7,2,0,2,2026-06-16T13:01:21.458833
38,13,8,2,0,2,2026-06-16T13:01:23.157592
38,13,9,2,0,2,2026-06-16T13:01:24.592466
38,13,10,2,0,2,2026-06-16T13:01:26.197085
38,14,1,2,0,2,2026-06-16T13:01:30.377284
38,14,2,3,0,3,2026-06-16T13:01:31.568045
38,14,3,3,0,3,2026-06-16T13:01:32.781445
38,14,4,3,0,3,2026-06-16T13:01:34.387219
38,14,5,3,0,3,2026-06-16T13:01:35.584824
38,14,6,3,0,3,2026-06-16T13:01:37.188155
38,14,7,3,0,3,2026-06-16T13:01:38.415594
38,14,8,3,0,3,2026-06-16T13:01:39.616358
38,14,9,3,0,3,2026-06-16T13:01:41.194096
38,14,10,3,0,3,2026-06-16T13:01:42.393510
38,15,1,2,0,2,2026-06-16T13:01:44.419362
38,15,2,2,0,2,2026-06-16T13:01:45.620147
38,15,3,2,0,2,2026-06-16T13:01:47.225665
38,15,4,2,0,2,2026-06-16T13:01:48.223986
38,15,5,2,0,2,2026-06-16T13:01:49.806232
38,15,6,2,0,2,2026-06-16T13:01:51.411092
38,15,7,2,0,2,2026-06-16T13:01:54.299073
38,15,8,2,0,2,2026-06-16T13:01:55.701646
38,15,9,2,0,2,2026-06-16T13:01:57.297995
38,15,10,2,0,2,2026-06-16T13:01:58.482011
38,16,1,5,0,5,2026-06-16T13:02:00.085391
38,16,2,5,0,5,2026-06-16T13:02:01.319970
38,16,3,5,0,5,2026-06-16T13:02:02.528431
38,16,4,5,0,5,2026-06-16T13:02:03.929659
38,16,5,5,0,5,2026-06-16T13:02:05.348342
38,16,6,5,0,5,2026-06-16T13:02:07.163218
38,16,7,5,0,5,2026-06-16T13:02:08.378431
38,16,8,5,0,5,2026-06-16T13:02:09.580289
38,16,9,5,0,5,2026-06-16T13:02:11.187169
38,16,10,5,0,5,2026-06-16T13:02:12.540651
38,17,1,5,0,5,2026-06-16T13:02:13.203963
38,17,2,5,0,5,2026-06-16T13:02:14.009784
38,17,3,5,0,5,2026-06-16T13:02:15.852478
38,17,4,5,0,5,2026-06-16T13:02:18.259215
38,17,5,5,0,5,2026-06-16T13:02:19.685789
38,17,6,5,0,5,2026-06-16T13:02:21.489489
38,17,7,5,0,5,2026-06-16T13:02:23.289962
38,17,8,5,0,5,2026-06-16T13:02:24.292650
38,17,9,5,0,5,2026-06-16T13:02:25.509819
38,17,10,5,0,5,2026-06-16T13:02:27.321336
38,18,1,4,0,4,2026-06-16T13:02:28.531422
38,18,2,4,0,4,2026-06-16T13:02:30.345338
38,18,3,4,0,4,2026-06-16T13:02:31.368996
38,18,4,4,0,4,2026-06-16T13:02:32.797419
38,18,5,3,0,3,2026-06-16T13:02:33.584549
38,18,6,4,0,4,2026-06-16T13:02:34.560976
38,18,7,4,0,4,2026-06-16T13:02:36.163860
38,18,8,4,0,4,2026-06-16T13:02:37.972364
38,18,9,4,0,4,2026-06-16T13:02:39.383188
38,18,10,4,0,4,2026-06-16T13:02:40.382197
38,19,1,3,0,3,2026-06-16T13:02:41.988717
38,19,2,3,0,3,2026-06-16T13:02:43.195909
38,19,3,3,0,3,2026-06-16T13:02:45.071834
38,19,4,3,0,3,2026-06-16T13:02:47.952762
38,19,5,3,0,3,2026-06-16T13:02:49.554518
38,19,6,3,0,3,2026-06-16T13:02:50.763710
38,19,7,3,0,3,2026-06-16T13:02:52.168806
38,19,8,3,0,3,2026-06-16T13:02:53.770340
38,19,9,3,0,3,2026-06-16T13:02:54.799866
38,19,10,3,0,3,2026-06-16T13:02:55.802215
38,20,1,3,0,3,2026-06-16T13:02:56.802994
38,20,2,3,0,3,2026-06-16T13:02:57.798791
38,20,3,3,0,3,2026-06-16T13:02:59.227710
38,20,4,3,0,3,2026-06-16T13:03:00.203459
38,20,5,3,0,3,2026-06-16T13:03:01.406532
38,20,6,3,0,3,2026-06-16T13:03:02.407015
38,20,7,3,0,3,2026-06-16T13:03:03.617996
38,20,8,3,0,3,2026-06-16T13:03:04.817958
38,20,9,3,0,3,2026-06-16T13:03:06.427164
38,20,10,3,0,3,2026-06-16T13:03:08.038464
38,21,1,5,0,5,2026-06-16T13:03:09.235561
38,21,2,5,0,5,2026-06-16T13:03:11.254097
38,21,3,5,0,5,2026-06-16T13:03:14.714420
38,21,4,5,0,5,2026-06-16T13:03:16.534890
38,21,5,5,0,5,2026-06-16T13:03:17.737836
38,21,6,5,0,5,2026-06-16T13:03:18.958374
38,21,7,5,0,5,2026-06-16T13:03:20.178663
38,21,8,5,0,5,2026-06-16T13:03:21.373718
38,21,9,5,0,5,2026-06-16T13:03:22.172119
38,21,10,5,0,5,2026-06-16T13:03:24.178264
38,22,1,5,0,5,2026-06-16T13:03:24.985044
38,22,2,5,0,5,2026-06-16T13:03:26.586251
38,22,3,5,0,5,2026-06-16T13:03:28.184807
38,22,4,5,0,5,2026-06-16T13:03:30.004228
38,22,5,5,0,5,2026-06-16T13:03:31.765302
38,22,6,5,0,5,2026-06-16T13:03:33.366709
38,22,7,5,0,5,2026-06-16T13:03:34.776128
38,22,8,5,0,5,2026-06-16T13:03:35.787077
38,22,9,5,0,5,2026-06-16T13:03:36.981973
38,22,10,5,0,5,2026-06-16T13:03:38.202080
38,23,1,3,0,3,2026-06-16T13:03:40.200325
38,23,2,3,0,3,2026-06-16T13:03:41.621754
38,23,3,3,0,3,2026-06-16T13:03:43.413838
38,23,4,3,0,3,2026-06-16T13:03:45.438739
38,23,5,3,0,3,2026-06-16T13:03:47.254554
38,23,6,3,0,3,2026-06-16T13:03:48.452862
38,23,7,3,0,3,2026-06-16T13:03:50.272618
38,23,8,3,0,3,2026-06-16T13:03:51.691176
38,23,9,3,0,3,2026-06-16T13:03:53.295795
38,23,10,3,0,3,2026-06-16T13:03:54.701974
38,24,1,1,0,1,2026-06-16T13:03:56.115808
38,24,2,1,0,1,2026-06-16T13:03:58.123080
38,24,3,1,0,1,2026-06-16T13:03:59.824396
38,24,4,1,0,1,2026-06-16T13:04:01.232702
38,24,5,2,0,2,2026-06-16T13:04:02.442082
38,24,6,1,0,1,2026-06-16T13:04:03.508885
38,24,7,0,0,0,2026-06-16T13:04:04.917269
38,24,8,0,0,0,2026-06-16T13:04:07.336945
38,24,9,1,0,1,2026-06-16T13:04:09.338187
38,24,10,1,0,1,2026-06-16T13:04:11.143662
38,25,1,1,0,1,2026-06-16T13:04:12.747810
38,25,2,1,0,1,2026-06-16T13:04:14.140348
38,25,3,1,0,1,2026-06-16T13:04:14.939329
38,25,4,1,0,1,2026-06-16T13:04:16.757935
38,25,5,1,0,1,2026-06-16T13:04:18.361234
38,25,6,1,0,1,2026-06-16T13:04:19.370210
38,25,7,1,0,1,2026-06-16T13:04:21.021495
38,25,8,1,0,1,2026-06-16T13:04:22.829861
38,25,9,1,0,1,2026-06-16T13:04:23.865843
38,25,10,1,0,1,2026-06-16T13:04:25.482885
38,26,1,3,0,3,2026-06-16T13:04:27.081767
38,26,2,3,0,3,2026-06-16T13:04:28.097861
38,26,3,3,0,3,2026-06-16T13:04:29.709005
38,26,4,3,0,3,2026-06-16T13:04:30.525110
38,26,5,3,0,3,2026-06-16T13:04:31.525741
38,26,6,3,0,3,2026-06-16T13:04:33.704711
38,26,7,2,0,2,2026-06-16T13:04:35.112262
38,26,8,3,0,3,2026-06-16T13:04:37.199709
38,26,9,3,0,3,2026-06-16T13:04:39.821096
38,26,10,3,0,3,2026-06-16T13:04:41.232185
38,27,1,4,0,4,2026-06-16T13:04:42.637582
38,27,2,4,0,4,2026-06-16T13:04:44.438870
38,27,3,4,0,4,2026-06-16T13:04:46.241604
38,27,4,4,0,4,2026-06-16T13:04:47.452856
38,27,5,4,0,4,2026-06-16T13:04:48.649675
38,27,6,4,0,4,2026-06-16T13:04:49.450332
38,27,7,4,0,4,2026-06-16T13:04:50.716518
38,27,8,4,0,4,2026-06-16T13:04:51.519894
38,27,9,4,0,4,2026-06-16T13:04:52.926583
38,27,10,4,0,4,2026-06-16T13:04:53.734573
38,28,1,2,0,2,2026-06-16T13:04:55.040861
38,28,2,2,0,2,2026-06-16T13:04:56.656046
38,28,3,2,0,2,2026-06-16T13:04:58.066629
38,28,4,2,0,2,2026-06-16T13:04:59.489724
38,28,5,2,0,2,2026-06-16T13:05:01.703222
38,28,6,2,0,2,2026-06-16T13:05:04.111044
38,28,7,2,0,2,2026-06-16T13:05:05.976236
38,28,8,2,0,2,2026-06-16T13:05:07.587745
38,28,9,2,0,2,2026-06-16T13:05:08.803388
38,28,10,2,0,2,2026-06-16T13:05:10.408994
38,29,1,3,0,3,2026-06-16T13:05:12.229486
38,29,2,3,0,3,2026-06-16T13:05:14.062982
38,29,3,3,0,3,2026-06-16T13:05:15.676515
38,29,4,3,0,3,2026-06-16T13:05:16.872354
38,29,5,3,0,3,2026-06-16T13:05:18.483789
38,29,6,3,0,3,2026-06-16T13:05:19.490483
38,29,7,3,0,3,2026-06-16T13:05:20.897852
38,29,8,3,0,3,2026-06-16T13:05:22.506184
38,29,9,3,0,3,2026-06-16T13:05:23.506555
38,29,10,3,0,3,2026-06-16T13:05:24.923267
38,30,1,3,0,3,2026-06-16T13:05:26.142495
38,30,2,3,0,3,2026-06-16T13:05:27.148297
38,30,3,3,0,3,2026-06-16T13:05:29.158846
38,30,4,3,0,3,2026-06-16T13:05:30.151997
38,30,5,3,0,3,2026-06-16T13:05:31.572408
38,30,6,3,0,3,2026-06-16T13:05:32.978638
38,30,7,3,0,3,2026-06-16T13:05:33.787899
38,30,8,3,0,3,2026-06-16T13:05:35.412731
38,30,9,3,0,3,2026-06-16T13:05:37.032441
38,30,10,3,0,3,2026-06-16T13:05:38.033285
39,1,1,4,0,4,2026-06-16T13:05:39.052660
39,1,2,4,0,4,2026-06-16T13:05:39.859652
39,1,3,4,0,4,2026-06-16T13:05:40.862020
39,1,4,4,0,4,2026-06-16T13:05:41.662928
39,1,5,4,0,4,2026-06-16T13:05:42.860455
39,1,6,4,0,4,2026-06-16T13:05:44.263913
39,1,7,4,0,4,2026-06-16T13:05:45.268688
39,1,8,4,0,4,2026-06-16T13:05:46.676528
39,1,9,4,0,4,2026-06-16T13:05:48.281964
39,1,10,4,0,4,2026-06-16T13:05:49.498283
39,2,1,5,0,5,2026-06-16T13:05:50.702273
39,2,2,5,0,5,2026-06-16T13:05:52.315204
39,2,3,5,0,5,2026-06-16T13:05:54.328383
39,2,4,5,0,5,2026-06-16T13:05:55.536257
39,2,5,5,0,5,2026-06-16T13:05:58.409101
39,2,6,5,0,5,2026-06-16T13:05:59.609881
39,2,7,5,0,5,2026-06-16T13:06:01.065556
39,2,8,5,0,5,2026-06-16T13:06:02.681969
39,2,9,5,0,5,2026-06-16T13:06:04.302095
39,2,10,5,0,5,2026-06-16T13:06:05.724697
39,3,1,4,0,4,2026-06-16T13:06:07.319612
39,3,2,4,0,4,2026-06-16T13:06:09.321504
39,3,3,4,0,4,2026-06-16T13:06:10.519501
39,3,4,4,0,4,2026-06-16T13:06:11.736030
39,3,5,4,0,4,2026-06-16T13:06:13.130955
39,3,6,4,0,4,2026-06-16T13:06:14.523505
39,3,7,4,0,4,2026-06-16T13:06:16.191965
39,3,8,4,0,4,2026-06-16T13:06:17.208997
39,3,9,4,0,4,2026-06-16T13:06:18.414645
39,3,10,4,0,4,2026-06-16T13:06:19.221117
39,4,1,3,0,3,2026-06-16T13:06:20.829852
39,4,2,3,0,3,2026-06-16T13:06:21.829913
39,4,3,4,0,4,2026-06-16T13:06:23.632825
39,4,4,4,0,4,2026-06-16T13:06:25.639913
39,4,5,4,0,4,2026-06-16T13:06:27.255006
39,4,6,4,0,4,2026-06-16T13:06:28.672363
39,4,7,4,0,4,2026-06-16T13:06:29.872591
39,4,8,3,0,3,2026-06-16T13:06:31.376036
39,4,9,4,0,4,2026-06-16T13:06:32.177228
39,4,10,3,0,3,2026-06-16T13:06:34.176500
39,5,1,2,0,2,2026-06-16T13:06:34.984995
39,5,2,2,0,2,2026-06-16T13:06:36.995622
39,5,3,2,0,2,2026-06-16T13:06:38.579717
39,5,4,2,0,2,2026-06-16T13:06:40.395799
39,5,5,2,0,2,2026-06-16T13:06:41.208187
39,5,6,2,0,2,2026-06-16T13:06:42.465805
39,5,7,2,0,2,2026-06-16T13:06:43.687623
39,5,8,2,0,2,2026-06-16T13:06:44.588122
39,5,9,2,0,2,2026-06-16T13:06:45.979430
39,5,10,2,0,2,2026-06-16T13:06:46.793923
39,6,1,5,0,5,2026-06-16T13:06:47.997332
39,6,2,5,0,5,2026-06-16T13:06:49.407515
39,6,3,5,0,5,2026-06-16T13:06:51.223669
39,6,4,5,0,5,2026-06-16T13:06:53.630322
39,6,5,5,0,5,2026-06-16T13:06:54.929658
39,6,6,5,0,5,2026-06-16T13:06:56.738574
39,6,7,5,0,5,2026-06-16T13:06:58.347227
39,6,8,5,0,5,2026-06-16T13:07:00.144445
39,6,9,5,0,5,2026-06-16T13:07:01.547385
39,6,10,5,0,5,2026-06-16T13:07:02.976054
39,7,1,5,0,5,2026-06-16T13:07:04.043469
39,7,2,5,0,5,2026-06-16T13:07:04.838273
39,7,3,5,0,5,2026-06-16T13:07:06.845906
39,7,4,5,0,5,2026-06-16T13:07:08.636330
39,7,5,5,0,5,2026-06-16T13:07:09.636992
39,7,6,5,0,5,2026-06-16T13:07:11.450124
39,7,7,5,0,5,2026-06-16T13:07:12.440212
39,7,8,5,0,5,2026-06-16T13:07:13.652962
39,7,9,5,0,5,2026-06-16T13:07:14.863003
39,7,10,5,0,5,2026-06-16T13:07:16.276706
39,8,1,4,0,4,2026-06-16T13:07:18.073648
39,8,2,4,0,4,2026-06-16T13:07:21.552908
39,8,3,4,0,4,2026-06-16T13:07:22.557726
39,8,4,4,0,4,2026-06-16T13:07:23.560573
39,8,5,4,0,4,2026-06-16T13:07:25.165576
39,8,6,4,0,4,2026-06-16T13:07:26.149680
39,8,7,4,0,4,2026-06-16T13:07:27.358570
39,8,8,4,0,4,2026-06-16T13:07:28.567137
39,8,9,4,0,4,2026-06-16T13:07:30.365512
39,8,10,4,0,4,2026-06-16T13:07:31.369127
39,9,1,2,0,2,2026-06-16T13:07:33.395692
39,9,2,3,0,3,2026-06-16T13:07:35.014461
39,9,3,2,0,2,2026-06-16T13:07:36.225012
39,9,4,3,0,3,2026-06-16T13:07:37.835171
39,9,5,2,0,2,2026-06-16T13:07:39.651646
39,9,6,2,0,2,2026-06-16T13:07:41.061777
39,9,7,2,0,2,2026-06-16T13:07:42.060483
39,9,8,2,0,2,2026-06-16T13:07:42.877299
39,9,9,2,0,2,2026-06-16T13:07:44.084554
39,9,10,2,0,2,2026-06-16T13:07:45.696425
39,10,1,2,0,2,2026-06-16T13:07:47.705105
39,10,2,2,0,2,2026-06-16T13:07:49.895587
39,10,3,2,0,2,2026-06-16T13:07:51.905608
39,10,4,2,0,2,2026-06-16T13:07:53.725205
39,10,5,2,0,2,2026-06-16T13:07:54.904500
39,10,6,2,0,2,2026-06-16T13:07:56.506850
39,10,7,2,0,2,2026-06-16T13:07:57.715588
39,10,8,2,0,2,2026-06-16T13:07:58.718796
39,10,9,2,0,2,2026-06-16T13:08:00.123219
39,10,10,2,0,2,2026-06-16T13:08:01.141861
39,11,1,4,0,4,2026-06-16T13:08:02.742049
39,11,2,4,0,4,2026-06-16T13:08:03.937205
39,11,3,4,0,4,2026-06-16T13:08:05.740316
39,11,4,4,0,4,2026-06-16T13:08:07.130322
39,11,5,4,0,4,2026-06-16T13:08:08.129334
39,11,6,4,0,4,2026-06-16T13:08:09.107793
39,11,7,4,0,4,2026-06-16T13:08:10.570439
39,11,8,4,0,4,2026-06-16T13:08:11.774090
39,11,9,4,0,4,2026-06-16T13:08:13.384539
39,11,10,4,0,4,2026-06-16T13:08:15.394819
39,12,1,5,0,5,2026-06-16T13:08:17.208373
39,12,2,5,0,5,2026-06-16T13:08:18.209652
39,12,3,5,0,5,2026-06-16T13:08:19.221863
39,12,4,5,0,5,2026-06-16T13:08:20.817272
39,12,5,5,0,5,2026-06-16T13:08:22.428970
39,12,6,5,0,5,2026-06-16T13:08:24.449075
39,12,7,5,0,5,2026-06-16T13:08:25.262451
39,12,8,5,0,5,2026-06-16T13:08:26.271163
39,12,9,5,0,5,2026-06-16T13:08:28.086150
39,12,10,5,0,5,2026-06-16T13:08:29.683090
39,13,1,4,0,4,2026-06-16T13:08:31.292094
39,13,2,4,0,4,2026-06-16T13:08:32.288522
39,13,3,4,0,4,2026-06-16T13:08:33.544316
39,13,4,3,0,3,2026-06-16T13:08:35.543633
39,13,5,3,0,3,2026-06-16T13:08:36.751211
39,13,6,4,0,4,2026-06-16T13:08:38.153942
39,13,7,3,0,3,2026-06-16T13:08:40.155826
39,13,8,3,0,3,2026-06-16T13:08:41.567639
39,13,9,4,0,4,2026-06-16T13:08:43.568617
39,13,10,3,0,3,2026-06-16T13:08:44.783476
39,14,1,4,0,4,2026-06-16T13:08:46.213339
39,14,2,4,0,4,2026-06-16T13:08:47.415794
39,14,3,4,0,4,2026-06-16T13:08:48.430874
39,14,4,4,0,4,2026-06-16T13:08:49.601909
39,14,5,4,0,4,2026-06-16T13:08:50.847149
39,14,6,4,0,4,2026-06-16T13:08:52.244117
39,14,7,4,0,4,2026-06-16T13:08:53.839305
39,14,8,4,0,4,2026-06-16T13:08:54.845141
39,14,9,4,0,4,2026-06-16T13:08:56.262434
39,14,10,4,0,4,2026-06-16T13:08:58.289925
39,15,1,2,0,2,2026-06-16T13:08:59.696608
39,15,2,1,0,1,2026-06-16T13:09:01.306460
39,15,3,2,0,2,2026-06-16T13:09:02.914580
39,15,4,2,0,2,2026-06-16T13:09:03.934643
39,15,5,2,0,2,2026-06-16T13:09:05.554462
39,15,6,2,0,2,2026-06-16T13:09:07.372868
39,15,7,2,0,2,2026-06-16T13:09:08.571272
39,15,8,1,0,1,2026-06-16T13:09:10.984835
39,15,9,2,0,2,2026-06-16T13:09:12.189080
39,15,10,1,0,1,2026-06-16T13:09:13.393089
39,16,1,4,0,4,2026-06-16T13:09:15.227648
39,16,2,4,0,4,2026-06-16T13:09:16.839127
39,16,3,4,0,4,2026-06-16T13:09:18.019482
39,16,4,4,0,4,2026-06-16T13:09:19.641945
39,16,5,4,0,4,2026-06-16T13:09:20.846333
39,16,6,4,0,4,2026-06-16T13:09:22.473866
39,16,7,4,0,4,2026-06-16T13:09:23.885221
39,16,8,4,0,4,2026-06-16T13:09:25.086504
39,16,9,4,0,4,2026-06-16T13:09:26.482398
39,16,10,4,0,4,2026-06-16T13:09:28.303033
39,17,1,5,0,5,2026-06-16T13:09:29.512601
39,17,2,5,0,5,2026-06-16T13:09:30.490022
39,17,3,5,0,5,2026-06-16T13:09:31.493780
39,17,4,5,0,5,2026-06-16T13:09:33.097177
39,17,5,5,0,5,2026-06-16T13:09:33.890880
39,17,6,5,0,5,2026-06-16T13:09:35.132995
39,17,7,5,0,5,2026-06-16T13:09:36.736429
39,17,8,5,0,5,2026-06-16T13:09:38.535768
39,17,9,5,0,5,2026-06-16T13:09:40.002311
39,17,10,5,0,5,2026-06-16T13:09:41.230619
39,18,1,4,0,4,2026-06-16T13:09:42.859418
39,18,2,4,0,4,2026-06-16T13:09:44.447563
39,18,3,4,0,4,2026-06-16T13:09:46.066513
39,18,4,4,0,4,2026-06-16T13:09:47.287591
39,18,5,4,0,4,2026-06-16T13:09:48.477171
39,18,6,4,0,4,2026-06-16T13:09:49.656160
39,18,7,4,0,4,2026-06-16T13:09:51.368307
39,18,8,4,0,4,2026-06-16T13:09:52.476627
39,18,9,4,0,4,2026-06-16T13:09:54.082320
39,18,10,4,0,4,2026-06-16T13:09:55.894938
39,19,1,4,0,4,2026-06-16T13:09:57.087927
39,19,2,4,0,4,2026-06-16T13:09:58.897546
39,19,3,4,0,4,2026-06-16T13:09:59.896523
39,19,4,4,0,4,2026-06-16T13:10:01.518089
39,19,5,4,0,4,2026-06-16T13:10:03.127788
39,19,6,4,0,4,2026-06-16T13:10:04.333285
39,19,7,4,0,4,2026-06-16T13:10:06.751182
39,19,8,4,0,4,2026-06-16T13:10:08.965810
39,19,9,4,0,4,2026-06-16T13:10:10.780412
39,19,10,4,0,4,2026-06-16T13:10:11.827788
39,20,1,3,0,3,2026-06-16T13:10:13.665781
39,20,2,3,0,3,2026-06-16T13:10:15.124765
39,20,3,3,0,3,2026-06-16T13:10:16.923017
39,20,4,3,0,3,2026-06-16T13:10:18.130379
39,20,5,3,0,3,2026-06-16T13:10:19.733135
39,20,6,3,0,3,2026-06-16T13:10:20.941226
39,20,7,3,0,3,2026-06-16T13:10:22.354898
39,20,8,3,0,3,2026-06-16T13:10:23.957971
39,20,9,3,0,3,2026-06-16T13:10:24.966020
39,20,10,3,0,3,2026-06-16T13:10:26.562791
39,21,1,5,0,5,2026-06-16T13:10:28.162035
39,21,2,5,0,5,2026-06-16T13:10:29.980828
39,21,3,5,0,5,2026-06-16T13:10:32.003042
39,21,4,5,0,5,2026-06-16T13:10:35.793368
39,21,5,5,0,5,2026-06-16T13:10:36.601995
39,21,6,5,0,5,2026-06-16T13:10:38.025113
39,21,7,5,0,5,2026-06-16T13:10:39.039574
39,21,8,5,0,5,2026-06-16T13:10:40.628322
39,21,9,5,0,5,2026-06-16T13:10:45.182350
39,21,10,5,0,5,2026-06-16T13:10:46.419349
39,22,1,5,0,5,2026-06-16T13:10:47.622198
39,22,2,5,0,5,2026-06-16T13:10:48.624132
39,22,3,5,0,5,2026-06-16T13:10:50.657426
39,22,4,5,0,5,2026-06-16T13:10:51.882388
39,22,5,5,0,5,2026-06-16T13:10:53.218973
39,22,6,5,0,5,2026-06-16T13:10:54.022197
39,22,7,5,0,5,2026-06-16T13:10:55.028240
39,22,8,5,0,5,2026-06-16T13:10:56.636856
39,22,9,5,0,5,2026-06-16T13:10:58.545519
39,22,10,5,0,5,2026-06-16T13:10:59.960216
39,23,1,3,0,3,2026-06-16T13:11:02.599773
39,23,2,3,0,3,2026-06-16T13:11:04.201666
39,23,3,3,0,3,2026-06-16T13:11:05.823762
39,23,4,3,0,3,2026-06-16T13:11:07.204941
39,23,5,3,0,3,2026-06-16T13:11:08.404588
39,23,6,3,0,3,2026-06-16T13:11:10.196497
39,23,7,3,0,3,2026-06-16T13:11:11.413367
39,23,8,3,0,3,2026-06-16T13:11:13.207873
39,23,9,3,0,3,2026-06-16T13:11:14.420590
39,23,10,3,0,3,2026-06-16T13:11:15.639347
39,24,1,3,0,3,2026-06-16T13:11:17.654835
39,24,2,3,0,3,2026-06-16T13:11:19.250350
39,24,3,3,0,3,2026-06-16T13:11:20.539448
39,24,4,3,0,3,2026-06-16T13:11:21.747895
39,24,5,3,0,3,2026-06-16T13:11:23.362804
39,24,6,3,0,3,2026-06-16T13:11:24.585532
39,24,7,2,0,2,2026-06-16T13:11:26.705433
39,24,8,3,0,3,2026-06-16T13:11:28.507759
39,24,9,3,0,3,2026-06-16T13:11:30.799995
39,24,10,2,0,2,2026-06-16T13:11:32.421154
39,25,1,2,0,2,2026-06-16T13:11:33.223252
39,25,2,2,0,2,2026-06-16T13:11:34.487199
39,25,3,2,0,2,2026-06-16T13:11:35.295025
39,25,4,1,0,1,2026-06-16T13:11:36.899131
39,25,5,1,0,1,2026-06-16T13:11:38.128650
39,25,6,2,0,2,2026-06-16T13:11:39.604345
39,25,7,2,0,2,2026-06-16T13:11:41.037290
39,25,8,1,0,1,2026-06-16T13:11:41.827999
39,25,9,2,0,2,2026-06-16T13:11:43.634496
39,25,10,1,0,1,2026-06-16T13:11:44.819450
39,26,1,2,0,2,2026-06-16T13:11:46.633218
39,26,2,2,0,2,2026-06-16T13:11:47.841045
39,26,3,2,0,2,2026-06-16T13:11:49.103095
39,26,4,2,0,2,2026-06-16T13:11:50.494277
39,26,5,2,0,2,2026-06-16T13:11:52.534537
39,26,6,2,0,2,2026-06-16T13:11:54.331377
39,26,7,2,0,2,2026-06-16T13:11:56.128636
39,26,8,2,0,2,2026-06-16T13:11:57.738715
39,26,9,2,0,2,2026-06-16T13:11:59.356589
39,26,10,2,0,2,2026-06-16T13:12:00.559840
39,27,1,4,0,4,2026-06-16T13:12:01.939687
39,27,2,3,0,3,2026-06-16T13:12:02.950051
39,27,3,4,0,4,2026-06-16T13:12:03.749672
39,27,4,3,0,3,2026-06-16T13:12:05.205531
39,27,5,4,0,4,2026-06-16T13:12:06.411856
39,27,6,4,0,4,2026-06-16T13:12:07.819526
39,27,7,4,0,4,2026-06-16T13:12:09.220815
39,27,8,3,0,3,2026-06-16T13:12:10.847561
39,27,9,4,0,4,2026-06-16T13:12:12.459040
39,27,10,4,0,4,2026-06-16T13:12:14.497523
39,28,1,4,0,4,2026-06-16T13:12:16.324504
39,28,2,4,0,4,2026-06-16T13:12:17.598297
39,28,3,4,0,4,2026-06-16T13:12:19.605988
39,28,4,4,0,4,2026-06-16T13:12:22.241289
39,28,5,4,0,4,2026-06-16T13:12:24.481780
39,28,6,4,0,4,2026-06-16T13:12:25.293516
39,28,7,4,0,4,2026-06-16T13:12:27.098724
39,28,8,4,0,4,2026-06-16T13:12:28.709298
39,28,9,4,0,4,2026-06-16T13:12:30.095004
39,28,10,4,0,4,2026-06-16T13:12:30.910615
39,29,1,4,0,4,2026-06-16T13:12:32.110230
39,29,2,4,0,4,2026-06-16T13:12:33.920692
39,29,3,4,0,4,2026-06-16T13:12:35.544070
39,29,4,4,0,4,2026-06-16T13:12:36.439061
39,29,5,4,0,4,2026-06-16T13:12:37.871889
39,29,6,4,0,4,2026-06-16T13:12:39.492764
39,29,7,4,0,4,2026-06-16T13:12:41.512265
39,29,8,4,0,4,2026-06-16T13:12:42.927749
39,29,9,4,0,4,2026-06-16T13:12:44.130155
39,29,10,4,0,4,2026-06-16T13:12:44.927272
39,30,1,3,0,3,2026-06-16T13:12:45.924692
39,30,2,3,0,3,2026-06-16T13:12:48.655543
39,30,3,3,0,3,2026-06-16T13:12:52.100784
39,30,4,3,0,3,2026-06-16T13:12:54.119475
39,30,5,3,0,3,2026-06-16T13:12:55.564842
39,30,6,3,0,3,2026-06-16T13:12:56.762392
39,30,7,3,0,3,2026-06-16T13:12:57.966839
39,30,8,3,0,3,2026-06-16T13:12:58.976013
39,30,9,3,0,3,2026-06-16T13:13:00.364863
39,30,10,3,0,3,2026-06-16T13:13:02.168467
40,1,1,3,0,3,2026-06-16T13:13:02.974812
40,1,2,3,0,3,2026-06-16T13:13:03.783150
40,1,3,3,0,3,2026-06-16T13:13:04.788949
40,1,4,4,0,4,2026-06-16T13:13:05.781825
40,1,5,3,0,3,2026-06-16T13:13:07.188704
40,1,6,4,0,4,2026-06-16T13:13:08.587616
40,1,7,4,0,4,2026-06-16T13:13:09.779359
40,1,8,3,0,3,2026-06-16T13:13:10.976406
40,1,9,4,0,4,2026-06-16T13:13:12.156216
40,1,10,3,0,3,2026-06-16T13:13:13.575221
40,2,1,4,0,4,2026-06-16T13:13:14.993123
40,2,2,5,0,5,2026-06-16T13:13:17.203894
40,2,3,4,0,4,2026-06-16T13:13:18.614411
40,2,4,4,0,4,2026-06-16T13:13:20.881944
40,2,5,5,0,5,2026-06-16T13:13:22.292680
40,2,6,4,0,4,2026-06-16T13:13:24.111498
40,2,7,4,0,4,2026-06-16T13:13:26.323493
40,2,8,4,0,4,2026-06-16T13:13:27.326166
40,2,9,4,0,4,2026-06-16T13:13:28.944054
40,2,10,4,0,4,2026-06-16T13:13:30.147420
40,3,1,2,0,2,2026-06-16T13:13:31.955371
40,3,2,2,0,2,2026-06-16T13:13:32.952001
40,3,3,2,0,2,2026-06-16T13:13:33.989137
40,3,4,1,0,1,2026-06-16T13:13:35.186707
40,3,5,1,0,1,2026-06-16T13:13:36.193134
40,3,6,1,0,1,2026-06-16T13:13:37.390426
40,3,7,2,0,2,2026-06-16T13:13:38.380006
40,3,8,1,0,1,2026-06-16T13:13:39.593566
40,3,9,2,0,2,2026-06-16T13:13:41.412959
40,3,10,2,0,2,2026-06-16T13:13:43.101386
40,4,1,1,0,1,2026-06-16T13:13:45.968872
40,4,2,1,0,1,2026-06-16T13:13:47.975556
40,4,3,1,0,1,2026-06-16T13:13:49.173818
40,4,4,2,0,2,2026-06-16T13:13:50.568829
40,4,5,1,0,1,2026-06-16T13:13:51.979751
40,4,6,1,0,1,2026-06-16T13:13:53.189699
40,4,7,2,0,2,2026-06-16T13:13:55.009129
40,4,8,1,0,1,2026-06-16T13:13:56.219306
40,4,9,1,0,1,2026-06-16T13:13:58.226732
40,4,10,1,0,1,2026-06-16T13:13:59.429116
40,5,1,1,0,1,2026-06-16T13:14:01.036903
40,5,2,1,0,1,2026-06-16T13:14:02.650703
40,5,3,1,0,1,2026-06-16T13:14:04.461956
40,5,4,1,0,1,2026-06-16T13:14:06.056856
40,5,5,1,0,1,2026-06-16T13:14:07.470876
40,5,6,1,0,1,2026-06-16T13:14:08.297661
40,5,7,1,0,1,2026-06-16T13:14:09.900022
40,5,8,1,0,1,2026-06-16T13:14:12.777890
40,5,9,1,0,1,2026-06-16T13:14:14.641675
40,5,10,1,0,1,2026-06-16T13:14:15.643781
40,6,1,4,0,4,2026-06-16T13:14:17.255867
40,6,2,4,0,4,2026-06-16T13:14:18.473187
40,6,3,4,0,4,2026-06-16T13:14:19.670423
40,6,4,4,0,4,2026-06-16T13:14:21.087637
40,6,5,4,0,4,2026-06-16T13:14:22.491924
40,6,6,4,0,4,2026-06-16T13:14:24.316848
40,6,7,4,0,4,2026-06-16T13:14:25.529203
40,6,8,4,0,4,2026-06-16T13:14:26.514978
40,6,9,4,0,4,2026-06-16T13:14:28.531179
40,6,10,4,0,4,2026-06-16T13:14:30.411499
40,7,1,4,0,4,2026-06-16T13:14:31.810608
40,7,2,4,0,4,2026-06-16T13:14:32.627971
40,7,3,4,0,4,2026-06-16T13:14:33.629038
40,7,4,4,0,4,2026-06-16T13:14:34.459615
40,7,5,4,0,4,2026-06-16T13:14:35.677876
40,7,6,4,0,4,2026-06-16T13:14:37.038196
40,7,7,4,0,4,2026-06-16T13:14:38.648120
40,7,8,4,0,4,2026-06-16T13:14:40.455686
40,7,9,4,0,4,2026-06-16T13:14:41.853958
40,7,10,4,0,4,2026-06-16T13:14:43.521384
40,8,1,2,0,2,2026-06-16T13:14:44.732936
40,8,2,2,0,2,2026-06-16T13:14:46.142226
40,8,3,2,0,2,2026-06-16T13:14:47.819548
40,8,4,2,0,2,2026-06-16T13:14:49.230493
40,8,5,2,0,2,2026-06-16T13:14:50.637767
40,8,6,2,0,2,2026-06-16T13:14:52.039091
40,8,7,2,0,2,2026-06-16T13:14:53.639734
40,8,8,2,0,2,2026-06-16T13:14:54.439656
40,8,9,2,0,2,2026-06-16T13:14:55.852167
40,8,10,2,0,2,2026-06-16T13:14:56.664238
40,9,1,1,0,1,2026-06-16T13:14:58.062101
40,9,2,1,0,1,2026-06-16T13:14:59.679551
40,9,3,1,0,1,2026-06-16T13:15:01.293581
40,9,4,1,0,1,2026-06-16T13:15:02.907162
40,9,5,1,0,1,2026-06-16T13:15:04.718538
40,9,6,1,0,1,2026-06-16T13:15:08.857574
40,9,7,1,0,1,2026-06-16T13:15:10.086270
40,9,8,1,0,1,2026-06-16T13:15:11.297625
40,9,9,1,0,1,2026-06-16T13:15:12.924348
40,9,10,1,0,1,2026-06-16T13:15:13.934225
40,10,1,1,0,1,2026-06-16T13:15:15.953063
40,10,2,1,0,1,2026-06-16T13:15:17.156897
40,10,3,1,0,1,2026-06-16T13:15:19.163582
40,10,4,1,0,1,2026-06-16T13:15:20.769698
40,10,5,1,0,1,2026-06-16T13:15:21.982236
40,10,6,1,0,1,2026-06-16T13:15:23.189335
40,10,7,1,0,1,2026-06-16T13:15:24.388432
40,10,8,1,0,1,2026-06-16T13:15:25.779562
40,10,9,1,0,1,2026-06-16T13:15:27.040523
40,10,10,1,0,1,2026-06-16T13:15:28.661065
40,11,1,3,0,3,2026-06-16T13:15:29.860306
40,11,2,3,0,3,2026-06-16T13:15:32.057301
40,11,3,4,0,4,2026-06-16T13:15:35.497445
40,11,4,3,0,3,2026-06-16T13:15:36.722099
40,11,5,3,0,3,2026-06-16T13:15:37.915534
40,11,6,3,0,3,2026-06-16T13:15:39.712042
40,11,7,3,0,3,2026-06-16T13:15:40.714755
40,11,8,3,0,3,2026-06-16T13:15:42.527573
40,11,9,3,0,3,2026-06-16T13:15:44.336592
40,11,10,3,0,3,2026-06-16T13:15:45.750103
40,12,1,4,0,4,2026-06-16T13:15:46.941736
40,12,2,4,0,4,2026-06-16T13:15:48.139137
40,12,3,4,0,4,2026-06-16T13:15:49.340964
40,12,4,4,0,4,2026-06-16T13:15:50.966098
40,12,5,5,0,5,2026-06-16T13:15:51.987781
40,12,6,4,0,4,2026-06-16T13:15:53.198582
40,12,7,4,0,4,2026-06-16T13:15:54.204564
40,12,8,5,0,5,2026-06-16T13:15:55.610582
40,12,9,5,0,5,2026-06-16T13:15:57.037622
40,12,10,5,0,5,2026-06-16T13:15:58.459798
40,13,1,1,0,1,2026-06-16T13:16:00.477437
40,13,2,1,0,1,2026-06-16T13:16:04.265694
40,13,3,1,0,1,2026-06-16T13:16:05.481295
40,13,4,1,0,1,2026-06-16T13:16:06.493266
40,13,5,1,0,1,2026-06-16T13:16:07.903599
40,13,6,1,0,1,2026-06-16T13:16:09.519730
40,13,7,1,0,1,2026-06-16T13:16:10.522746
40,13,8,1,0,1,2026-06-16T13:16:11.793000
40,13,9,1,0,1,2026-06-16T13:16:13.049181
40,13,10,1,0,1,2026-06-16T13:16:14.263750
40,14,1,4,0,4,2026-06-16T13:16:15.862472
40,14,2,4,0,4,2026-06-16T13:16:17.481473
40,14,3,4,0,4,2026-06-16T13:16:18.886025
40,14,4,4,0,4,2026-06-16T13:16:20.296016
40,14,5,4,0,4,2026-06-16T13:16:22.117905
40,14,6,4,0,4,2026-06-16T13:16:23.771933
40,14,7,4,0,4,2026-06-16T13:16:25.179654
40,14,8,4,0,4,2026-06-16T13:16:27.008521
40,14,9,4,0,4,2026-06-16T13:16:27.998571
40,14,10,4,0,4,2026-06-16T13:16:31.451789
40,15,1,1,0,1,2026-06-16T13:16:32.841866
40,15,2,1,0,1,2026-06-16T13:16:34.252613
40,15,3,1,0,1,2026-06-16T13:16:36.264479
40,15,4,1,0,1,2026-06-16T13:16:38.099149
40,15,5,1,0,1,2026-06-16T13:16:39.701556
40,15,6,1,0,1,2026-06-16T13:16:40.883227
40,15,7,1,0,1,2026-06-16T13:16:41.884015
40,15,8,1,0,1,2026-06-16T13:16:43.708276
40,15,9,1,0,1,2026-06-16T13:16:45.723496
40,15,10,1,0,1,2026-06-16T13:16:46.917059
40,16,1,4,0,4,2026-06-16T13:16:47.923548
40,16,2,4,0,4,2026-06-16T13:16:48.924824
40,16,3,4,0,4,2026-06-16T13:16:49.926867
40,16,4,4,0,4,2026-06-16T13:16:51.534967
40,16,5,4,0,4,2026-06-16T13:16:53.923894
40,16,6,4,0,4,2026-06-16T13:16:55.928914
40,16,7,4,0,4,2026-06-16T13:16:57.135876
40,16,8,4,0,4,2026-06-16T13:16:58.131850
40,16,9,4,0,4,2026-06-16T13:16:59.342559
40,16,10,4,0,4,2026-06-16T13:17:00.344052
40,17,1,4,0,4,2026-06-16T13:17:01.554967
40,17,2,4,0,4,2026-06-16T13:17:03.170646
40,17,3,4,0,4,2026-06-16T13:17:04.406971
40,17,4,4,0,4,2026-06-16T13:17:05.816864
40,17,5,4,0,4,2026-06-16T13:17:07.020726
40,17,6,4,0,4,2026-06-16T13:17:08.622571
40,17,7,4,0,4,2026-06-16T13:17:09.849733
40,17,8,4,0,4,2026-06-16T13:17:11.071358
40,17,9,4,0,4,2026-06-16T13:17:12.677832
40,17,10,4,0,4,2026-06-16T13:17:13.878334
40,18,1,2,0,2,2026-06-16T13:17:14.878382
40,18,2,2,0,2,2026-06-16T13:17:15.789707
40,18,3,2,0,2,2026-06-16T13:17:16.993570
40,18,4,3,0,3,2026-06-16T13:17:18.205474
40,18,5,2,0,2,2026-06-16T13:17:19.410416
40,18,6,3,0,3,2026-06-16T13:17:21.416367
40,18,7,3,0,3,2026-06-16T13:17:23.015929
40,18,8,3,0,3,2026-06-16T13:17:24.439972
40,18,9,2,0,2,2026-06-16T13:17:25.425224
40,18,10,2,0,2,2026-06-16T13:17:26.842802
40,19,1,3,0,3,2026-06-16T13:17:27.947086
40,19,2,3,0,3,2026-06-16T13:17:29.408954
40,19,3,3,0,3,2026-06-16T13:17:30.203684
40,19,4,3,0,3,2026-06-16T13:17:31.801419
40,19,5,3,0,3,2026-06-16T13:17:33.196599
40,19,6,3,0,3,2026-06-16T13:17:34.397792
40,19,7,3,0,3,2026-06-16T13:17:36.234875
40,19,8,3,0,3,2026-06-16T13:17:37.909214
40,19,9,3,0,3,2026-06-16T13:17:39.114124
40,19,10,3,0,3,2026-06-16T13:17:40.775853
40,20,1,3,0,3,2026-06-16T13:17:42.393205
40,20,2,3,0,3,2026-06-16T13:17:43.438431
40,20,3,2,0,2,2026-06-16T13:17:45.251541
40,20,4,2,0,2,2026-06-16T13:17:46.224821
40,20,5,2,0,2,2026-06-16T13:17:48.456920
40,20,6,2,0,2,2026-06-16T13:17:50.288625
40,20,7,3,0,3,2026-06-16T13:17:51.696813
40,20,8,2,0,2,2026-06-16T13:17:52.702139
40,20,9,3,0,3,2026-06-16T13:17:54.309942
40,20,10,3,0,3,2026-06-16T13:17:55.499994
40,21,1,5,0,5,2026-06-16T13:17:57.571337
40,21,2,4,0,4,2026-06-16T13:17:58.968013
40,21,3,5,0,5,2026-06-16T13:18:00.568713
40,21,4,5,0,5,2026-06-16T13:18:01.776314
40,21,5,5,0,5,2026-06-16T13:18:03.816741
40,21,6,5,0,5,2026-06-16T13:18:04.906942
40,21,7,5,0,5,2026-06-16T13:18:06.907706
40,21,8,5,0,5,2026-06-16T13:18:08.910840
40,21,9,5,0,5,2026-06-16T13:18:09.715406
40,21,10,5,0,5,2026-06-16T13:18:11.325043
40,22,1,4,0,4,2026-06-16T13:18:12.126282
40,22,2,4,0,4,2026-06-16T13:18:13.535417
40,22,3,4,0,4,2026-06-16T13:18:15.943665
40,22,4,4,0,4,2026-06-16T13:18:19.398068
40,22,5,4,0,4,2026-06-16T13:18:21.421133
40,22,6,4,0,4,2026-06-16T13:18:24.597026
40,22,7,4,0,4,2026-06-16T13:18:25.603192
40,22,8,4,0,4,2026-06-16T13:18:27.061462
40,22,9,4,0,4,2026-06-16T13:18:27.876606
40,22,10,4,0,4,2026-06-16T13:18:29.286295
40,23,1,2,0,2,2026-06-16T13:18:30.499012
40,23,2,2,0,2,2026-06-16T13:18:32.102200
40,23,3,2,0,2,2026-06-16T13:18:33.151105
40,23,4,2,0,2,2026-06-16T13:18:34.768222
40,23,5,2,0,2,2026-06-16T13:18:36.577408
40,23,6,2,0,2,2026-06-16T13:18:37.797836
40,23,7,2,0,2,2026-06-16T13:18:39.405567
40,23,8,2,0,2,2026-06-16T13:18:40.224292
40,23,9,2,0,2,2026-06-16T13:18:41.838341
40,23,10,2,0,2,2026-06-16T13:18:43.053125
40,24,1,1,0,1,2026-06-16T13:18:44.664309
40,24,2,1,0,1,2026-06-16T13:18:45.683846
40,24,3,1,0,1,2026-06-16T13:18:46.894128
40,24,4,1,0,1,2026-06-16T13:18:48.102514
40,24,5,1,0,1,2026-06-16T13:18:49.106029
40,24,6,1,0,1,2026-06-16T13:18:51.106586
40,24,7,1,0,1,2026-06-16T13:18:52.108408
40,24,8,1,0,1,2026-06-16T13:18:53.515876
40,24,9,1,0,1,2026-06-16T13:18:55.126347
40,24,10,1,0,1,2026-06-16T13:18:56.346901
40,25,1,1,0,1,2026-06-16T13:18:57.758906
40,25,2,1,0,1,2026-06-16T13:18:59.422132
40,25,3,1,0,1,2026-06-16T13:19:00.421555
40,25,4,1,0,1,2026-06-16T13:19:02.035371
40,25,5,1,0,1,2026-06-16T13:19:03.039250
40,25,6,1,0,1,2026-06-16T13:19:04.436723
40,25,7,1,0,1,2026-06-16T13:19:05.240234
40,25,8,1,0,1,2026-06-16T13:19:07.041698
40,25,9,1,0,1,2026-06-16T13:19:08.660734
40,25,10,1,0,1,2026-06-16T13:19:11.300398
40,26,1,2,0,2,2026-06-16T13:19:13.097970
40,26,2,2,0,2,2026-06-16T13:19:14.699845
40,26,3,2,0,2,2026-06-16T13:19:16.086010
40,26,4,2,0,2,2026-06-16T13:19:17.679320
40,26,5,2,0,2,2026-06-16T13:19:19.288365
40,26,6,2,0,2,2026-06-16T13:19:20.296067
40,26,7,2,0,2,2026-06-16T13:19:22.103982
40,26,8,2,0,2,2026-06-16T13:19:24.111715
40,26,9,2,0,2,2026-06-16T13:19:25.111906
40,26,10,2,0,2,2026-06-16T13:19:26.733414
40,27,1,3,0,3,2026-06-16T13:19:28.712697
40,27,2,3,0,3,2026-06-16T13:19:29.936244
40,27,3,3,0,3,2026-06-16T13:19:30.747153
40,27,4,3,0,3,2026-06-16T13:19:31.782649
40,27,5,3,0,3,2026-06-16T13:19:33.581961
40,27,6,3,0,3,2026-06-16T13:19:34.818654
40,27,7,3,0,3,2026-06-16T13:19:37.246215
40,27,8,3,0,3,2026-06-16T13:19:38.849301
40,27,9,3,0,3,2026-06-16T13:19:40.253594
40,27,10,3,0,3,2026-06-16T13:19:42.254278
40,28,1,2,0,2,2026-06-16T13:19:43.054384
40,28,2,2,0,2,2026-06-16T13:19:44.053396
40,28,3,2,0,2,2026-06-16T13:19:45.653181
40,28,4,2,0,2,2026-06-16T13:19:46.447798
40,28,5,2,0,2,2026-06-16T13:19:47.665532
40,28,6,2,0,2,2026-06-16T13:19:48.864863
40,28,7,2,0,2,2026-06-16T13:19:50.087853
40,28,8,2,0,2,2026-06-16T13:19:51.543448
40,28,9,2,0,2,2026-06-16T13:19:52.345809
40,28,10,2,0,2,2026-06-16T13:19:54.136703
40,29,1,2,0,2,2026-06-16T13:19:55.342918
40,29,2,2,0,2,2026-06-16T13:19:56.954926
40,29,3,2,0,2,2026-06-16T13:19:58.356123
40,29,4,2,0,2,2026-06-16T13:19:59.961030
40,29,5,2,0,2,2026-06-16T13:20:01.579300
40,29,6,2,0,2,2026-06-16T13:20:02.809380
40,29,7,2,0,2,2026-06-16T13:20:04.006395
40,29,8,2,0,2,2026-06-16T13:20:06.420013
40,29,9,2,0,2,2026-06-16T13:20:08.022284
40,29,10,2,0,2,2026-06-16T13:20:09.620523
40,30,1,3,0,3,2026-06-16T13:20:11.234243
40,30,2,3,0,3,2026-06-16T13:20:12.861517
40,30,3,3,0,3,2026-06-16T13:20:14.473700
40,30,4,3,0,3,2026-06-16T13:20:16.074005
40,30,5,3,0,3,2026-06-16T13:20:17.659931
40,30,6,3,0,3,2026-06-16T13:20:19.281191
40,30,7,3,0,3,2026-06-16T13:20:20.084048
40,30,8,3,0,3,2026-06-16T13:20:21.887189
40,30,9,3,0,3,2026-06-16T13:20:23.094742
40,30,10,3,0,3,2026-06-16T13:20:24.313145
41,1,1,5,0,5,2026-06-16T13:20:25.731398
41,1,2,5,0,5,2026-06-16T13:20:26.915755
41,1,3,5,0,5,2026-06-16T13:20:28.125325
41,1,4,5,0,5,2026-06-16T13:20:30.128313
41,1,5,5,0,5,2026-06-16T13:20:33.322228
41,1,6,5,0,5,2026-06-16T13:20:35.327820
41,1,7,5,0,5,2026-06-16T13:20:36.923802
41,1,8,5,0,5,2026-06-16T13:20:37.731482
41,1,9,5,0,5,2026-06-16T13:20:38.958072
41,1,10,5,0,5,2026-06-16T13:20:40.157687
41,2,1,4,0,4,2026-06-16T13:20:41.354110
41,2,2,4,0,4,2026-06-16T13:20:43.005464
41,2,3,4,0,4,2026-06-16T13:20:44.210202
41,2,4,4,0,4,2026-06-16T13:20:45.013330
41,2,5,4,0,4,2026-06-16T13:20:46.621014
41,2,6,4,0,4,2026-06-16T13:20:47.619723
41,2,7,4,0,4,2026-06-16T13:20:48.810882
41,2,8,4,0,4,2026-06-16T13:20:50.419798
41,2,9,4,0,4,2026-06-16T13:20:52.016500
41,2,10,4,0,4,2026-06-16T13:20:53.427218
41,3,1,2,0,2,2026-06-16T13:20:54.832381
41,3,2,2,0,2,2026-06-16T13:20:56.834760
41,3,3,2,0,2,2026-06-16T13:21:00.067617
41,3,4,2,0,2,2026-06-16T13:21:02.297245
41,3,5,2,0,2,2026-06-16T13:21:03.903628
41,3,6,2,0,2,2026-06-16T13:21:05.529515
41,3,7,2,0,2,2026-06-16T13:21:06.723939
41,3,8,2,0,2,2026-06-16T13:21:07.535473
41,3,9,2,0,2,2026-06-16T13:21:09.548903
41,3,10,2,0,2,2026-06-16T13:21:10.747850
41,4,1,2,0,2,2026-06-16T13:21:11.949902
41,4,2,2,0,2,2026-06-16T13:21:13.153826
41,4,3,2,0,2,2026-06-16T13:21:14.761561
41,4,4,2,0,2,2026-06-16T13:21:16.368587
41,4,5,2,0,2,2026-06-16T13:21:17.361479
41,4,6,2,0,2,2026-06-16T13:21:18.563210
41,4,7,2,0,2,2026-06-16T13:21:20.168218
41,4,8,2,0,2,2026-06-16T13:21:21.185293
41,4,9,2,0,2,2026-06-16T13:21:22.192553
41,4,10,2,0,2,2026-06-16T13:21:23.589075
41,5,1,2,0,2,2026-06-16T13:21:25.185458
41,5,2,2,0,2,2026-06-16T13:21:27.603582
41,5,3,2,0,2,2026-06-16T13:21:30.006610
41,5,4,2,0,2,2026-06-16T13:21:30.812760
41,5,5,2,0,2,2026-06-16T13:21:32.418885
41,5,6,2,0,2,2026-06-16T13:21:33.629416
41,5,7,2,0,2,2026-06-16T13:21:35.227588
41,5,8,2,0,2,2026-06-16T13:21:36.429201
41,5,9,2,0,2,2026-06-16T13:21:37.841046
41,5,10,2,0,2,2026-06-16T13:21:39.450309
41,6,1,5,0,5,2026-06-16T13:21:40.852046
41,6,2,5,0,5,2026-06-16T13:21:42.468621
41,6,3,5,0,5,2026-06-16T13:21:43.873698
41,6,4,5,0,5,2026-06-16T13:21:45.072370
41,6,5,5,0,5,2026-06-16T13:21:46.681042
41,6,6,5,0,5,2026-06-16T13:21:47.878242
41,6,7,5,0,5,2026-06-16T13:21:49.475641
41,6,8,5,0,5,2026-06-16T13:21:50.880374
41,6,9,5,0,5,2026-06-16T13:21:52.713860
41,6,10,5,0,5,2026-06-16T13:21:54.515547
41,7,1,5,0,5,2026-06-16T13:21:55.711905
41,7,2,5,0,5,2026-06-16T13:21:57.323034
41,7,3,4,0,4,2026-06-16T13:21:59.298775
41,7,4,4,0,4,2026-06-16T13:22:00.497736
41,7,5,5,0,5,2026-06-16T13:22:01.509415
41,7,6,5,0,5,2026-06-16T13:22:02.708566
41,7,7,5,0,5,2026-06-16T13:22:03.910931
41,7,8,4,0,4,2026-06-16T13:22:04.711936
41,7,9,4,0,4,2026-06-16T13:22:06.409235
41,7,10,4,0,4,2026-06-16T13:22:08.413427
41,8,1,2,0,2,2026-06-16T13:22:09.221797
41,8,2,2,0,2,2026-06-16T13:22:10.013873
41,8,3,2,0,2,2026-06-16T13:22:11.620477
41,8,4,2,0,2,2026-06-16T13:22:12.627655
41,8,5,2,0,2,2026-06-16T13:22:13.882849
41,8,6,2,0,2,2026-06-16T13:22:14.904436
41,8,7,2,0,2,2026-06-16T13:22:15.909047
41,8,8,2,0,2,2026-06-16T13:22:17.523812
41,8,9,2,0,2,2026-06-16T13:22:19.151704
41,8,10,2,0,2,2026-06-16T13:22:21.358516
41,9,1,2,0,2,2026-06-16T13:22:22.995492
41,9,2,2,0,2,2026-06-16T13:22:24.600308
41,9,3,2,0,2,2026-06-16T13:22:25.999119
41,9,4,2,0,2,2026-06-16T13:22:27.485842
41,9,5,2,0,2,2026-06-16T13:22:28.913406
41,9,6,2,0,2,2026-06-16T13:22:29.709309
41,9,7,2,0,2,2026-06-16T13:22:31.316255
41,9,8,2,0,2,2026-06-16T13:22:32.112866
41,9,9,2,0,2,2026-06-16T13:22:33.312882
41,9,10,2,0,2,2026-06-16T13:22:34.316167
41,10,1,2,0,2,2026-06-16T13:22:36.134623
41,10,2,2,0,2,2026-06-16T13:22:37.331915
41,10,3,2,0,2,2026-06-16T13:22:38.533664
41,10,4,2,0,2,2026-06-16T13:22:39.521507
41,10,5,2,0,2,2026-06-16T13:22:40.755387
41,10,6,2,0,2,2026-06-16T13:22:42.451904
41,10,7,2,0,2,2026-06-16T13:22:45.109052
41,10,8,1,0,1,2026-06-16T13:22:46.909131
41,10,9,2,0,2,2026-06-16T13:22:49.816514
41,10,10,2,0,2,2026-06-16T13:22:51.624827
41,11,1,5,0,5,2026-06-16T13:22:52.829548
41,11,2,5,0,5,2026-06-16T13:22:54.037338
41,11,3,5,0,5,2026-06-16T13:22:55.456390
41,11,4,5,0,5,2026-06-16T13:22:57.062461
41,11,5,5,0,5,2026-06-16T13:22:58.035937
41,11,6,5,0,5,2026-06-16T13:22:59.656503
41,11,7,5,0,5,2026-06-16T13:23:00.868853
41,11,8,5,0,5,2026-06-16T13:23:02.280579
41,11,9,5,0,5,2026-06-16T13:23:03.884329
41,11,10,5,0,5,2026-06-16T13:23:05.275164
41,12,1,5,0,5,2026-06-16T13:23:07.280333
41,12,2,5,0,5,2026-06-16T13:23:08.903188
41,12,3,5,0,5,2026-06-16T13:23:10.911072
41,12,4,5,0,5,2026-06-16T13:23:13.142195
41,12,5,5,0,5,2026-06-16T13:23:16.655347
41,12,6,5,0,5,2026-06-16T13:23:18.274265
41,12,7,5,0,5,2026-06-16T13:23:20.273989
41,12,8,5,0,5,2026-06-16T13:23:21.683493
41,12,9,5,0,5,2026-06-16T13:23:23.299127
41,12,10,5,0,5,2026-06-16T13:23:26.736877
41,13,1,2,0,2,2026-06-16T13:23:28.340843
41,13,2,2,0,2,2026-06-16T13:23:29.744529
41,13,3,2,0,2,2026-06-16T13:23:31.551724
41,13,4,2,0,2,2026-06-16T13:23:33.168071
41,13,5,2,0,2,2026-06-16T13:23:33.970721
41,13,6,3,0,3,2026-06-16T13:23:35.189938
41,13,7,2,0,2,2026-06-16T13:23:35.975003
41,13,8,2,0,2,2026-06-16T13:23:37.591939
41,13,9,2,0,2,2026-06-16T13:23:39.407122
41,13,10,3,0,3,2026-06-16T13:23:41.414681
41,14,1,3,0,3,2026-06-16T13:23:42.824091
41,14,2,3,0,3,2026-06-16T13:23:44.613173
41,14,3,3,0,3,2026-06-16T13:23:45.811567
41,14,4,3,0,3,2026-06-16T13:23:47.217007
41,14,5,3,0,3,2026-06-16T13:23:50.117483
41,14,6,3,0,3,2026-06-16T13:23:51.117453
41,14,7,3,0,3,2026-06-16T13:23:52.312235
41,14,8,3,0,3,2026-06-16T13:23:53.306572
41,14,9,3,0,3,2026-06-16T13:23:55.145505
41,14,10,3,0,3,2026-06-16T13:23:56.762220
41,15,1,4,0,4,2026-06-16T13:23:58.368404
41,15,2,4,0,4,2026-06-16T13:24:00.001790
41,15,3,4,0,4,2026-06-16T13:24:00.791619
41,15,4,4,0,4,2026-06-16T13:24:02.421812
41,15,5,4,0,4,2026-06-16T13:24:03.861669
41,15,6,4,0,4,2026-06-16T13:24:05.257341
41,15,7,4,0,4,2026-06-16T13:24:07.274523
41,15,8,4,0,4,2026-06-16T13:24:08.674599
41,15,9,4,0,4,2026-06-16T13:24:10.078723
41,15,10,4,0,4,2026-06-16T13:24:11.284274
41,16,1,5,0,5,2026-06-16T13:24:12.892577
41,16,2,5,0,5,2026-06-16T13:24:14.870326
41,16,3,5,0,5,2026-06-16T13:24:15.891398
41,16,4,5,0,5,2026-06-16T13:24:17.297228
41,16,5,5,0,5,2026-06-16T13:24:18.106810
41,16,6,5,0,5,2026-06-16T13:24:18.904353
41,16,7,5,0,5,2026-06-16T13:24:19.925347
41,16,8,5,0,5,2026-06-16T13:24:21.525698
41,16,9,5,0,5,2026-06-16T13:24:22.735256
41,16,10,5,0,5,2026-06-16T13:24:23.942504
41,17,1,5,0,5,2026-06-16T13:24:25.137640
41,17,2,5,0,5,2026-06-16T13:24:26.342527
41,17,3,5,0,5,2026-06-16T13:24:27.340679
41,17,4,5,0,5,2026-06-16T13:24:28.535574
41,17,5,5,0,5,2026-06-16T13:24:29.743181
41,17,6,5,0,5,2026-06-16T13:24:31.556198
41,17,7,5,0,5,2026-06-16T13:24:33.562383
41,17,8,5,0,5,2026-06-16T13:24:35.372423
41,17,9,5,0,5,2026-06-16T13:24:37.589650
41,17,10,5,0,5,2026-06-16T13:24:38.997356
41,18,1,3,0,3,2026-06-16T13:24:40.404308
41,18,2,3,0,3,2026-06-16T13:24:42.022554
41,18,3,3,0,3,2026-06-16T13:24:42.833818
41,18,4,3,0,3,2026-06-16T13:24:44.424967
41,18,5,3,0,3,2026-06-16T13:24:45.635294
41,18,6,3,0,3,2026-06-16T13:24:46.640476
41,18,7,3,0,3,2026-06-16T13:24:48.646208
41,18,8,3,0,3,2026-06-16T13:24:50.269403
41,18,9,3,0,3,2026-06-16T13:24:51.902339
41,18,10,3,0,3,2026-06-16T13:24:53.114871
41,19,1,3,0,3,2026-06-16T13:24:54.137063
41,19,2,4,0,4,2026-06-16T13:24:55.341190
41,19,3,4,0,4,2026-06-16T13:24:56.544677
41,19,4,4,0,4,2026-06-16T13:24:57.543327
41,19,5,4,0,4,2026-06-16T13:24:58.546486
41,19,6,4,0,4,2026-06-16T13:24:59.954907
41,19,7,4,0,4,2026-06-16T13:25:01.162496
41,19,8,4,0,4,2026-06-16T13:25:03.146436
41,19,9,4,0,4,2026-06-16T13:25:05.148239
41,19,10,4,0,4,2026-06-16T13:25:07.162607
41,20,1,3,0,3,2026-06-16T13:25:08.768588
41,20,2,3,0,3,2026-06-16T13:25:10.370155
41,20,3,3,0,3,2026-06-16T13:25:11.981974
41,20,4,3,0,3,2026-06-16T13:25:13.789750
41,20,5,3,0,3,2026-06-16T13:25:14.788584
41,20,6,3,0,3,2026-06-16T13:25:15.988948
41,20,7,3,0,3,2026-06-16T13:25:16.998662
41,20,8,3,0,3,2026-06-16T13:25:17.816567
41,20,9,3,0,3,2026-06-16T13:25:18.818019
41,20,10,3,0,3,2026-06-16T13:25:20.023839
41,21,1,5,0,5,2026-06-16T13:25:21.618105
41,21,2,5,0,5,2026-06-16T13:25:22.800444
41,21,3,5,0,5,2026-06-16T13:25:24.405781
41,21,4,5,0,5,2026-06-16T13:25:25.420272
41,21,5,5,0,5,2026-06-16T13:25:26.427800
41,21,6,5,0,5,2026-06-16T13:25:29.306129
41,21,7,5,0,5,2026-06-16T13:25:30.303773
41,21,8,5,0,5,2026-06-16T13:25:31.501528
41,21,9,5,0,5,2026-06-16T13:25:32.905616
41,21,10,5,0,5,2026-06-16T13:25:34.496339
41,22,1,5,0,5,2026-06-16T13:25:35.704239
41,22,2,5,0,5,2026-06-16T13:25:37.112310
41,22,3,5,0,5,2026-06-16T13:25:38.106768
41,22,4,5,0,5,2026-06-16T13:25:39.109281
41,22,5,5,0,5,2026-06-16T13:25:40.289157
41,22,6,5,0,5,2026-06-16T13:25:41.493065
41,22,7,5,0,5,2026-06-16T13:25:43.292599
41,22,8,5,0,5,2026-06-16T13:25:44.522712
41,22,9,5,0,5,2026-06-16T13:25:45.721041
41,22,10,5,0,5,2026-06-16T13:25:47.321026
41,23,1,3,0,3,2026-06-16T13:25:48.317688
41,23,2,3,0,3,2026-06-16T13:25:49.542014
41,23,3,3,0,3,2026-06-16T13:25:50.753317
41,23,4,3,0,3,2026-06-16T13:25:51.567396
41,23,5,3,0,3,2026-06-16T13:25:52.377403
41,23,6,3,0,3,2026-06-16T13:25:53.375913
41,23,7,3,0,3,2026-06-16T13:25:55.187158
41,23,8,3,0,3,2026-06-16T13:25:58.067065
41,23,9,3,0,3,2026-06-16T13:25:59.477087
41,23,10,3,0,3,2026-06-16T13:26:00.875005
41,24,1,2,0,2,2026-06-16T13:26:02.133514
41,24,2,2,0,2,2026-06-16T13:26:03.530253
41,24,3,2,0,2,2026-06-16T13:26:07.660685
41,24,4,2,0,2,2026-06-16T13:26:08.653995
41,24,5,2,0,2,2026-06-16T13:26:09.457844
41,24,6,2,0,2,2026-06-16T13:26:11.268449
41,24,7,1,0,1,2026-06-16T13:26:12.481482
41,24,8,1,0,1,2026-06-16T13:26:13.689275
41,24,9,2,0,2,2026-06-16T13:26:15.300857
41,24,10,2,0,2,2026-06-16T13:26:16.518351
41,25,1,1,0,1,2026-06-16T13:26:17.525711
41,25,2,1,0,1,2026-06-16T13:26:19.127778
41,25,3,1,0,1,2026-06-16T13:26:20.340123
41,25,4,1,0,1,2026-06-16T13:26:22.975822
41,25,5,1,0,1,2026-06-16T13:26:25.626306
41,25,6,1,0,1,2026-06-16T13:26:27.023739
41,25,7,1,0,1,2026-06-16T13:26:28.227686
41,25,8,2,0,2,2026-06-16T13:26:29.227108
41,25,9,1,0,1,2026-06-16T13:26:31.525630
41,25,10,1,0,1,2026-06-16T13:26:32.934442
41,26,1,3,0,3,2026-06-16T13:26:34.146482
41,26,2,3,0,3,2026-06-16T13:26:35.146841
41,26,3,3,0,3,2026-06-16T13:26:37.155862
41,26,4,3,0,3,2026-06-16T13:26:38.737550
41,26,5,3,0,3,2026-06-16T13:26:40.336933
41,26,6,3,0,3,2026-06-16T13:26:41.138416
41,26,7,3,0,3,2026-06-16T13:26:42.543418
41,26,8,3,0,3,2026-06-16T13:26:44.170556
41,26,9,3,0,3,2026-06-16T13:26:45.449850
41,26,10,3,0,3,2026-06-16T13:26:46.282999
41,27,1,3,0,3,2026-06-16T13:26:47.491365
41,27,2,3,0,3,2026-06-16T13:26:49.088740
41,27,3,3,0,3,2026-06-16T13:26:52.536460
41,27,4,3,0,3,2026-06-16T13:26:53.939650
41,27,5,4,0,4,2026-06-16T13:26:55.746501
41,27,6,3,0,3,2026-06-16T13:26:57.363071
41,27,7,3,0,3,2026-06-16T13:26:58.611703
41,27,8,3,0,3,2026-06-16T13:26:59.822315
41,27,9,3,0,3,2026-06-16T13:27:01.444446
41,27,10,3,0,3,2026-06-16T13:27:02.250485
41,28,1,2,0,2,2026-06-16T13:27:03.233260
41,28,2,2,0,2,2026-06-16T13:27:05.240429
41,28,3,2,0,2,2026-06-16T13:27:06.853042
41,28,4,2,0,2,2026-06-16T13:27:07.664663
41,28,5,2,0,2,2026-06-16T13:27:08.484190
41,28,6,3,0,3,2026-06-16T13:27:09.493151
41,28,7,3,0,3,2026-06-16T13:27:10.708417
41,28,8,3,0,3,2026-06-16T13:27:12.116521
41,28,9,3,0,3,2026-06-16T13:27:12.926840
41,28,10,3,0,3,2026-06-16T13:27:13.742953
41,29,1,3,0,3,2026-06-16T13:27:15.136889
41,29,2,3,0,3,2026-06-16T13:27:16.732567
41,29,3,3,0,3,2026-06-16T13:27:19.148101
