persona_id,question_id,run_index,rating,failures,response,collected_at
0,1,1,5,0,5,2026-07-30T14:00:55.361292
0,1,2,5,0,5,2026-07-30T14:00:57.062975
0,1,3,5,0,5,2026-07-30T14:00:57.991611
0,1,4,5,0,5,2026-07-30T14:00:59.042915
0,1,5,4,0,4,2026-07-30T14:01:00.715676
0,1,6,3,0,3,2026-07-30T14:01:02.385160
0,1,7,5,0,5,2026-07-30T14:01:04.047032
0,1,8,5,0,5,2026-07-30T14:01:05.719160
0,1,9,4,0,4,2026-07-30T14:01:06.982419
0,1,10,5,0,5,2026-07-30T14:01:08.881133
0,2,1,5,0,5,2026-07-30T14:01:10.360954
0,2,2,5,0,5,2026-07-30T14:01:12.214106
0,2,3,5,0,5,2026-07-30T14:01:14.059958
0,2,4,5,0,5,2026-07-30T14:01:15.521496
0,2,5,5,0,5,2026-07-30T14:01:17.415842
0,2,6,5,0,5,2026-07-30T14:01:18.458359
0,2,7,5,0,5,2026-07-30T14:01:19.913909
0,2,8,5,0,5,2026-07-30T14:01:21.574680
0,2,9,5,0,5,2026-07-30T14:01:23.024359
0,2,10,5,0,5,2026-07-30T14:01:24.056822
0,3,1,0,0,0,2026-07-30T14:01:25.107212
0,3,2,0,0,0,2026-07-30T14:01:26.140070
0,3,3,3,0,3,2026-07-30T14:01:27.641073
0,3,4,0,0,0,2026-07-30T14:01:28.713232
0,3,5,0,0,0,2026-07-30T14:01:29.932189
0,3,6,0,0,0,2026-07-30T14:01:31.811077
0,3,7,0,0,0,2026-07-30T14:01:33.287370
0,3,8,0,0,0,2026-07-30T14:01:34.531869
0,3,9,0,0,0,2026-07-30T14:01:35.582208
0,3,10,3,0,3,2026-07-30T14:01:38.058029
0,4,1,0,0,0,2026-07-30T14:01:39.914915
0,4,2,0,0,0,2026-07-30T14:01:40.955038
0,4,3,0,0,0,2026-07-30T14:01:42.604685
0,4,4,0,0,0,2026-07-30T14:01:43.667638
0,4,5,0,0,0,2026-07-30T14:01:45.115319
0,4,6,0,0,0,2026-07-30T14:01:46.561439
0,4,7,0,0,0,2026-07-30T14:01:47.626307
0,4,8,0,0,0,2026-07-30T14:01:48.640365
0,4,9,0,0,0,2026-07-30T14:01:50.291442
0,4,10,0,0,0,2026-07-30T14:01:51.351679
0,5,1,0,0,0,2026-07-30T14:01:52.992679
0,5,2,0,0,0,2026-07-30T14:01:54.862425
0,5,3,0,0,0,2026-07-30T14:01:56.532957
0,5,4,0,0,0,2026-07-30T14:01:58.202836
0,5,5,0,0,0,2026-07-30T14:01:59.229235
0,5,6,0,0,0,2026-07-30T14:02:00.485473
0,5,7,0,0,0,2026-07-30T14:02:02.354896
0,5,8,0,0,0,2026-07-30T14:02:03.796788
0,5,9,0,0,0,2026-07-30T14:02:05.061602
0,5,10,0,0,0,2026-07-30T14:02:06.735288
0,6,1,5,0,5,2026-07-30T14:02:07.981563
0,6,2,5,0,5,2026-07-30T14:02:09.018931
0,6,3,5,0,5,2026-07-30T14:02:10.274943
0,6,4,5,0,5,2026-07-30T14:02:11.920974
0,6,5,5,0,5,2026-07-30T14:02:15.129486
0,6,6,4,0,4,2026-07-30T14:02:16.168354
0,6,7,5,0,5,2026-07-30T14:02:17.616565
0,6,8,5,0,5,2026-07-30T14:02:19.466942
0,6,9,5,0,5,2026-07-30T14:02:21.121164
0,6,10,5,0,5,2026-07-30T14:02:22.165821
0,7,1,4,0,4,2026-07-30T14:02:23.207056
0,7,2,5,0,5,2026-07-30T14:02:24.243428
0,7,3,5,0,5,2026-07-30T14:02:25.300568
0,7,4,5,0,5,2026-07-30T14:02:26.763049
0,7,5,5,0,5,2026-07-30T14:02:27.991927
0,7,6,5,0,5,2026-07-30T14:02:29.475707
0,7,7,5,0,5,2026-07-30T14:02:31.299459
0,7,8,5,0,5,2026-07-30T14:02:32.738630
0,7,9,5,0,5,2026-07-30T14:02:34.580975
0,7,10,5,0,5,2026-07-30T14:02:35.821528
0,8,1,5,0,5,2026-07-30T14:02:37.467218
0,8,2,5,0,5,2026-07-30T14:02:38.487704
0,8,3,5,0,5,2026-07-30T14:02:40.358585
0,8,4,5,0,5,2026-07-30T14:02:41.842393
0,8,5,5,0,5,2026-07-30T14:02:42.908237
0,8,6,0,0,0,2026-07-30T14:02:44.723558
0,8,7,5,0,5,2026-07-30T14:02:46.569963
0,8,8,0,0,0,2026-07-30T14:02:48.411196
0,8,9,0,0,0,2026-07-30T14:02:50.301237
0,8,10,5,0,5,2026-07-30T14:02:52.146556
0,9,1,0,0,0,2026-07-30T14:02:53.972663
0,9,2,0,0,0,2026-07-30T14:02:55.019981
0,9,3,0,0,0,2026-07-30T14:02:56.259579
0,9,4,0,0,0,2026-07-30T14:02:57.305174
0,9,5,0,0,0,2026-07-30T14:02:59.131261
0,9,6,0,0,0,2026-07-30T14:03:00.358792
0,9,7,0,0,0,2026-07-30T14:03:02.376827
0,9,8,0,0,0,2026-07-30T14:03:04.008772
0,9,9,0,0,0,2026-07-30T14:03:05.243547
0,9,10,0,0,0,2026-07-30T14:03:06.485823
0,10,1,0,0,0,2026-07-30T14:03:07.742431
0,10,2,0,0,0,2026-07-30T14:03:09.156086
0,10,3,0,0,0,2026-07-30T14:03:10.204805
0,10,4,0,0,0,2026-07-30T14:03:11.850331
0,10,5,0,0,0,2026-07-30T14:03:13.481004
0,10,6,0,0,0,2026-07-30T14:03:14.308963
0,10,7,0,0,0,2026-07-30T14:03:15.728226
0,10,8,0,0,0,2026-07-30T14:03:17.351561
0,10,9,0,0,0,2026-07-30T14:03:18.573222
0,10,10,0,0,0,2026-07-30T14:03:19.995429
0,11,1,5,0,5,2026-07-30T14:03:21.625955
0,11,2,5,0,5,2026-07-30T14:03:22.694245
0,11,3,5,0,5,2026-07-30T14:03:23.714917
0,11,4,5,0,5,2026-07-30T14:03:25.567350
0,11,5,5,0,5,2026-07-30T14:03:27.029854
0,11,6,5,0,5,2026-07-30T14:03:28.660054
0,11,7,4,0,4,2026-07-30T14:03:29.902854
0,11,8,5,0,5,2026-07-30T14:03:31.121354
0,11,9,5,0,5,2026-07-30T14:03:36.602849
0,11,10,5,0,5,2026-07-30T14:03:37.616291
0,12,1,5,0,5,2026-07-30T14:03:38.622906
0,12,2,5,0,5,2026-07-30T14:03:39.480603
0,12,3,5,0,5,2026-07-30T14:03:41.321806
0,12,4,5,0,5,2026-07-30T14:03:42.957330
0,12,5,5,0,5,2026-07-30T14:03:44.772777
0,12,6,4,0,4,2026-07-30T14:03:46.612220
0,12,7,5,0,5,2026-07-30T14:03:47.886807
0,12,8,5,0,5,2026-07-30T14:03:49.707717
0,12,9,5,0,5,2026-07-30T14:03:51.535840
0,12,10,5,0,5,2026-07-30T14:03:52.558973
0,13,1,0,0,0,2026-07-30T14:03:54.633622
0,13,2,0,0,0,2026-07-30T14:03:55.693115
0,13,3,0,0,0,2026-07-30T14:03:57.519276
0,13,4,0,0,0,2026-07-30T14:03:58.956422
0,13,5,0,0,0,2026-07-30T14:04:03.544937
0,13,6,0,0,0,2026-07-30T14:04:05.195701
0,13,7,0,0,0,2026-07-30T14:04:07.459827
0,13,8,3,0,3,2026-07-30T14:04:08.517926
0,13,9,0,0,0,2026-07-30T14:04:10.360151
0,13,10,0,0,0,2026-07-30T14:04:11.779964
0,14,1,5,0,5,2026-07-30T14:04:13.647524
0,14,2,5,0,5,2026-07-30T14:04:15.683533
0,14,3,5,0,5,2026-07-30T14:04:17.732014
0,14,4,5,0,5,2026-07-30T14:04:18.745741
0,14,5,5,0,5,2026-07-30T14:04:20.620027
0,14,6,5,0,5,2026-07-30T14:04:22.453557
0,14,7,4,0,4,2026-07-30T14:04:23.521029
0,14,8,5,0,5,2026-07-30T14:04:24.747722
0,14,9,5,0,5,2026-07-30T14:04:26.233355
0,14,10,5,0,5,2026-07-30T14:04:27.283964
0,15,1,0,0,0,2026-07-30T14:04:28.525477
0,15,2,0,0,0,2026-07-30T14:04:29.935526
0,15,3,5,0,5,2026-07-30T14:04:31.590473
0,15,4,0,0,0,2026-07-30T14:04:33.224999
0,15,5,0,0,0,2026-07-30T14:04:34.469932
0,15,6,0,0,0,2026-07-30T14:04:35.509463
0,15,7,0,0,0,2026-07-30T14:04:37.377522
0,15,8,0,0,0,2026-07-30T14:04:38.392187
0,15,9,0,0,0,2026-07-30T14:04:40.240221
0,15,10,0,0,0,2026-07-30T14:04:41.896941
0,16,1,5,0,5,2026-07-30T14:04:43.529416
0,16,2,5,0,5,2026-07-30T14:04:44.563603
0,16,3,5,0,5,2026-07-30T14:04:45.797194
0,16,4,5,0,5,2026-07-30T14:04:47.441808
0,16,5,5,0,5,2026-07-30T14:04:48.461399
0,16,6,5,0,5,2026-07-30T14:04:49.699872
0,16,7,5,0,5,2026-07-30T14:04:51.347418
0,16,8,5,0,5,2026-07-30T14:05:04.199466
0,16,9,5,0,5,2026-07-30T14:05:05.235019
0,16,10,5,0,5,2026-07-30T14:05:06.688549
0,17,1,5,0,5,2026-07-30T14:05:08.538409
0,17,2,5,0,5,2026-07-30T14:05:09.563098
0,17,3,5,0,5,2026-07-30T14:05:10.591989
0,17,4,5,0,5,2026-07-30T14:05:11.828716
0,17,5,5,0,5,2026-07-30T14:05:13.502948
0,17,6,5,0,5,2026-07-30T14:05:14.935478
0,17,7,5,0,5,2026-07-30T14:05:16.801869
0,17,8,5,0,5,2026-07-30T14:05:17.836816
0,17,9,5,0,5,2026-07-30T14:05:19.088439
0,17,10,5,0,5,2026-07-30T14:05:20.144453
0,18,1,5,0,5,2026-07-30T14:05:21.615280
0,18,2,5,0,5,2026-07-30T14:05:23.470577
0,18,3,5,0,5,2026-07-30T14:05:24.885986
0,18,4,5,0,5,2026-07-30T14:05:26.129703
0,18,5,5,0,5,2026-07-30T14:05:27.160574
0,18,6,5,0,5,2026-07-30T14:05:28.594771
0,18,7,5,0,5,2026-07-30T14:05:30.033106
0,18,8,5,0,5,2026-07-30T14:05:31.871837
0,18,9,5,0,5,2026-07-30T14:05:32.907610
0,18,10,5,0,5,2026-07-30T14:05:33.926478
0,19,1,5,0,5,2026-07-30T14:05:35.564817
0,19,2,5,0,5,2026-07-30T14:05:36.777819
0,19,3,5,0,5,2026-07-30T14:05:38.228050
0,19,4,5,0,5,2026-07-30T14:05:39.298867
0,19,5,5,0,5,2026-07-30T14:05:40.764370
0,19,6,5,0,5,2026-07-30T14:05:42.219527
0,19,7,5,0,5,2026-07-30T14:05:43.425644
0,19,8,5,0,5,2026-07-30T14:05:44.688599
0,19,9,5,0,5,2026-07-30T14:05:46.529569
0,19,10,5,0,5,2026-07-30T14:05:48.189730
0,20,1,5,0,5,2026-07-30T14:05:49.622848
0,20,2,5,0,5,2026-07-30T14:05:50.652512
0,20,3,5,0,5,2026-07-30T14:05:52.110370
0,20,4,5,0,5,2026-07-30T14:05:53.555092
0,20,5,5,0,5,2026-07-30T14:05:55.393790
0,20,6,5,0,5,2026-07-30T14:05:56.876102
0,20,7,5,0,5,2026-07-30T14:05:57.905658
0,20,8,5,0,5,2026-07-30T14:05:59.730661
0,20,9,5,0,5,2026-07-30T14:06:01.566105
0,20,10,5,0,5,2026-07-30T14:06:02.577122
0,21,1,5,0,5,2026-07-30T14:06:04.038704
0,21,2,5,0,5,2026-07-30T14:06:05.478399
0,21,3,5,0,5,2026-07-30T14:06:06.705198
0,21,4,5,0,5,2026-07-30T14:06:07.738559
0,21,5,5,0,5,2026-07-30T14:06:09.161052
0,21,6,5,0,5,2026-07-30T14:06:10.792491
0,21,7,5,0,5,2026-07-30T14:06:12.246060
0,21,8,5,0,5,2026-07-30T14:06:14.107120
0,21,9,5,0,5,2026-07-30T14:06:15.939191
0,21,10,5,0,5,2026-07-30T14:06:17.770290
0,22,1,5,0,5,2026-07-30T14:06:19.628004
0,22,2,5,0,5,2026-07-30T14:06:20.859718
0,22,3,5,0,5,2026-07-30T14:06:21.922127
0,22,4,5,0,5,2026-07-30T14:06:23.177313
0,22,5,5,0,5,2026-07-30T14:06:24.220150
0,22,6,5,0,5,2026-07-30T14:06:26.684248
0,22,7,5,0,5,2026-07-30T14:06:27.955344
0,22,8,5,0,5,2026-07-30T14:06:29.620856
0,22,9,5,0,5,2026-07-30T14:06:31.111960
0,22,10,5,0,5,2026-07-30T14:06:32.978128
0,23,1,5,0,5,2026-07-30T14:06:34.045809
0,23,2,5,0,5,2026-07-30T14:06:35.099181
0,23,3,5,0,5,2026-07-30T14:06:36.145068
0,23,4,5,0,5,2026-07-30T14:06:37.394535
0,23,5,5,0,5,2026-07-30T14:06:38.270994
0,23,6,5,0,5,2026-07-30T14:06:39.926100
0,23,7,5,0,5,2026-07-30T14:06:41.389281
0,23,8,5,0,5,2026-07-30T14:06:43.058230
0,23,9,5,0,5,2026-07-30T14:06:44.495116
0,23,10,5,0,5,2026-07-30T14:06:45.743313
0,24,1,5,0,5,2026-07-30T14:06:47.000165
0,24,2,5,0,5,2026-07-30T14:06:48.030334
0,24,3,5,0,5,2026-07-30T14:06:49.470556
0,24,4,5,0,5,2026-07-30T14:06:51.143130
0,24,5,0,0,0,2026-07-30T14:06:52.193938
0,24,6,0,0,0,2026-07-30T14:06:53.829177
0,24,7,0,0,0,2026-07-30T14:06:55.083320
0,24,8,0,0,0,2026-07-30T14:06:56.714391
0,24,9,5,0,5,2026-07-30T14:06:58.158207
0,24,10,5,0,5,2026-07-30T14:06:59.981600
0,25,1,0,0,0,2026-07-30T14:07:01.221781
0,25,2,0,0,0,2026-07-30T14:07:02.874314
0,25,3,0,0,0,2026-07-30T14:07:04.727913
0,25,4,0,0,0,2026-07-30T14:07:06.171277
0,25,5,0,0,0,2026-07-30T14:07:07.436572
0,25,6,0,0,0,2026-07-30T14:07:09.299533
0,25,7,0,0,0,2026-07-30T14:07:11.155364
0,25,8,0,0,0,2026-07-30T14:07:12.813217
0,25,9,0,0,0,2026-07-30T14:07:14.463779
0,25,10,0,0,0,2026-07-30T14:07:15.705246
0,26,1,5,0,5,2026-07-30T14:07:16.747778
0,26,2,5,0,5,2026-07-30T14:07:18.365428
0,26,3,5,0,5,2026-07-30T14:07:19.587929
0,26,4,5,0,5,2026-07-30T14:07:21.024593
0,26,5,5,0,5,2026-07-30T14:07:21.854956
0,26,6,5,0,5,2026-07-30T14:07:23.699107
0,26,7,5,0,5,2026-07-30T14:07:25.564910
0,26,8,5,0,5,2026-07-30T14:07:26.586118
0,26,9,5,0,5,2026-07-30T14:07:27.836445
0,26,10,5,0,5,2026-07-30T14:07:29.292057
0,27,1,5,0,5,2026-07-30T14:07:30.729103
0,27,2,5,0,5,2026-07-30T14:07:31.972829
0,27,3,5,0,5,2026-07-30T14:07:33.628778
0,27,4,5,0,5,2026-07-30T14:07:34.687511
0,27,5,5,0,5,2026-07-30T14:07:36.363139
0,27,6,5,0,5,2026-07-30T14:07:37.611123
0,27,7,5,0,5,2026-07-30T14:07:39.263238
0,27,8,5,0,5,2026-07-30T14:07:40.933145
0,27,9,5,0,5,2026-07-30T14:07:42.170450
0,27,10,5,0,5,2026-07-30T14:07:43.430981
0,28,1,5,0,5,2026-07-30T14:07:45.289323
0,28,2,5,0,5,2026-07-30T14:07:46.338843
0,28,3,5,0,5,2026-07-30T14:07:48.172837
0,28,4,5,0,5,2026-07-30T14:07:49.225580
0,28,5,5,0,5,2026-07-30T14:07:51.090685
0,28,6,5,0,5,2026-07-30T14:07:52.936747
0,28,7,5,0,5,2026-07-30T14:07:54.303388
0,28,8,5,0,5,2026-07-30T14:07:55.757352
0,28,9,5,0,5,2026-07-30T14:07:56.820505
0,28,10,5,0,5,2026-07-30T14:07:58.267091
0,29,1,5,0,5,2026-07-30T14:07:59.314692
0,29,2,5,0,5,2026-07-30T14:08:00.969697
0,29,3,5,0,5,2026-07-30T14:08:02.201669
0,29,4,5,0,5,2026-07-30T14:08:03.241128
0,29,5,5,0,5,2026-07-30T14:08:04.480589
0,29,6,5,0,5,2026-07-30T14:08:06.352407
0,29,7,5,0,5,2026-07-30T14:08:07.611127
0,29,8,5,0,5,2026-07-30T14:08:08.628935
0,29,9,5,0,5,2026-07-30T14:08:09.875621
0,29,10,5,0,5,2026-07-30T14:08:10.921240
0,30,1,5,0,5,2026-07-30T14:08:12.556448
0,30,2,0,0,0,2026-07-30T14:08:13.605122
0,30,3,0,0,0,2026-07-30T14:08:15.458625
0,30,4,5,0,5,2026-07-30T14:08:17.297463
0,30,5,5,0,5,2026-07-30T14:08:18.561318
0,30,6,0,0,0,2026-07-30T14:08:20.394577
0,30,7,5,0,5,2026-07-30T14:08:21.213730
0,30,8,0,0,0,2026-07-30T14:08:23.064751
0,30,9,0,0,0,2026-07-30T14:08:24.506755
0,30,10,5,0,5,2026-07-30T14:08:26.125839
1,1,1,5,0,5,2026-07-30T14:08:27.992472
1,1,2,5,0,5,2026-07-30T14:08:29.646547
1,1,3,5,0,5,2026-07-30T14:08:31.506535
1,1,4,5,0,5,2026-07-30T14:08:32.950577
1,1,5,5,0,5,2026-07-30T14:08:34.613120
1,1,6,5,0,5,2026-07-30T14:08:35.727164
1,1,7,5,0,5,2026-07-30T14:08:37.152290
1,1,8,5,0,5,2026-07-30T14:08:38.798767
1,1,9,5,0,5,2026-07-30T14:08:40.628483
1,1,10,5,0,5,2026-07-30T14:08:41.699170
1,2,1,5,0,5,2026-07-30T14:08:43.365515
1,2,2,5,0,5,2026-07-30T14:08:44.802748
1,2,3,5,0,5,2026-07-30T14:08:46.053115
1,2,4,5,0,5,2026-07-30T14:08:47.915612
1,2,5,5,0,5,2026-07-30T14:08:48.980675
1,2,6,5,0,5,2026-07-30T14:08:50.036217
1,2,7,5,0,5,2026-07-30T14:08:51.885495
1,2,8,5,0,5,2026-07-30T14:08:53.139739
1,2,9,5,0,5,2026-07-30T14:08:55.007006
1,2,10,5,0,5,2026-07-30T14:08:56.451815
1,3,1,5,0,5,2026-07-30T14:08:57.883558
1,3,2,5,0,5,2026-07-30T14:08:59.512245
1,3,3,5,0,5,2026-07-30T14:09:01.355626
1,3,4,5,0,5,2026-07-30T14:09:02.581430
1,3,5,5,0,5,2026-07-30T14:09:03.825431
1,3,6,5,0,5,2026-07-30T14:09:05.267639
1,3,7,5,0,5,2026-07-30T14:09:06.730097
1,3,8,5,0,5,2026-07-30T14:09:08.569057
1,3,9,5,0,5,2026-07-30T14:09:09.604839
1,3,10,5,0,5,2026-07-30T14:09:10.910340
1,4,1,5,0,5,2026-07-30T14:09:11.931542
1,4,2,5,0,5,2026-07-30T14:09:14.366605
1,4,3,5,0,5,2026-07-30T14:09:16.001453
1,4,4,5,0,5,2026-07-30T14:09:17.239302
1,4,5,5,0,5,2026-07-30T14:09:18.892354
1,4,6,5,0,5,2026-07-30T14:09:20.355439
1,4,7,0,0,0,2026-07-30T14:09:22.035936
1,4,8,5,0,5,2026-07-30T14:09:23.281646
1,4,9,5,0,5,2026-07-30T14:09:24.530151
1,4,10,5,0,5,2026-07-30T14:09:25.554473
1,5,1,5,0,5,2026-07-30T14:09:26.992825
1,5,2,5,0,5,2026-07-30T14:09:28.236331
1,5,3,5,0,5,2026-07-30T14:09:29.670610
1,5,4,5,0,5,2026-07-30T14:09:30.723348
1,5,5,5,0,5,2026-07-30T14:09:32.620260
1,5,6,5,0,5,2026-07-30T14:09:33.680415
1,5,7,0,0,0,2026-07-30T14:09:35.334078
1,5,8,5,0,5,2026-07-30T14:09:36.784917
1,5,9,5,0,5,2026-07-30T14:09:38.049697
1,5,10,5,0,5,2026-07-30T14:09:39.097249
1,6,1,5,0,5,2026-07-30T14:09:40.321135
1,6,2,5,0,5,2026-07-30T14:09:41.954561
1,6,3,5,0,5,2026-07-30T14:09:43.808323
1,6,4,5,0,5,2026-07-30T14:09:45.248653
1,6,5,5,0,5,2026-07-30T14:09:46.693473
1,6,6,5,0,5,2026-07-30T14:09:48.133396
1,6,7,5,0,5,2026-07-30T14:09:49.768177
1,6,8,5,0,5,2026-07-30T14:09:50.807320
1,6,9,5,0,5,2026-07-30T14:09:52.444199
1,6,10,5,0,5,2026-07-30T14:09:54.072667
1,7,1,5,0,5,2026-07-30T14:09:56.124453
1,7,2,5,0,5,2026-07-30T14:09:57.154505
1,7,3,5,0,5,2026-07-30T14:09:58.803423
1,7,4,5,0,5,2026-07-30T14:10:00.255198
1,7,5,5,0,5,2026-07-30T14:10:01.736521
1,7,6,5,0,5,2026-07-30T14:10:03.161251
1,7,7,5,0,5,2026-07-30T14:10:04.302079
1,7,8,5,0,5,2026-07-30T14:10:05.951037
1,7,9,5,0,5,2026-07-30T14:10:07.399707
1,7,10,5,0,5,2026-07-30T14:10:08.647756
1,8,1,5,0,5,2026-07-30T14:10:09.678589
1,8,2,5,0,5,2026-07-30T14:10:10.893093
1,8,3,5,0,5,2026-07-30T14:10:11.716068
1,8,4,5,0,5,2026-07-30T14:10:12.785229
1,8,5,5,0,5,2026-07-30T14:10:14.634961
1,8,6,5,0,5,2026-07-30T14:10:15.889532
1,8,7,5,0,5,2026-07-30T14:10:17.542388
1,8,8,5,0,5,2026-07-30T14:10:19.190298
1,8,9,5,0,5,2026-07-30T14:10:20.439107
1,8,10,5,0,5,2026-07-30T14:10:21.548351
1,9,1,0,0,0,2026-07-30T14:10:22.599095
1,9,2,0,0,0,2026-07-30T14:10:23.659724
1,9,3,0,0,0,2026-07-30T14:10:25.309858
1,9,4,5,0,5,2026-07-30T14:10:27.140919
1,9,5,0,0,0,2026-07-30T14:10:28.997902
1,9,6,0,0,0,2026-07-30T14:10:30.836214
1,9,7,0,0,0,2026-07-30T14:10:32.271727
1,9,8,5,0,5,2026-07-30T14:10:33.922514
1,9,9,0,0,0,2026-07-30T14:10:35.187743
1,9,10,0,0,0,2026-07-30T14:10:36.625702
1,10,1,5,0,5,2026-07-30T14:10:37.690882
1,10,2,5,0,5,2026-07-30T14:10:38.932789
1,10,3,5,0,5,2026-07-30T14:10:39.995997
1,10,4,5,0,5,2026-07-30T14:10:41.455520
1,10,5,5,0,5,2026-07-30T14:10:43.304126
1,10,6,5,0,5,2026-07-30T14:10:44.542103
1,10,7,5,0,5,2026-07-30T14:10:45.795734
1,10,8,5,0,5,2026-07-30T14:10:47.424779
1,10,9,5,0,5,2026-07-30T14:10:48.866959
1,10,10,5,0,5,2026-07-30T14:10:49.912421
1,11,1,5,0,5,2026-07-30T14:10:51.174311
1,11,2,5,0,5,2026-07-30T14:10:52.428502
1,11,3,5,0,5,2026-07-30T14:10:54.083997
1,11,4,5,0,5,2026-07-30T14:10:55.141729
1,11,5,5,0,5,2026-07-30T14:10:56.578547
1,11,6,5,0,5,2026-07-30T14:10:58.045132
1,11,7,5,0,5,2026-07-30T14:10:59.711200
1,11,8,5,0,5,2026-07-30T14:11:00.940792
1,11,9,5,0,5,2026-07-30T14:11:01.993488
1,11,10,5,0,5,2026-07-30T14:11:03.272511
1,12,1,5,0,5,2026-07-30T14:11:04.518234
1,12,2,5,0,5,2026-07-30T14:11:06.373719
1,12,3,5,0,5,2026-07-30T14:11:08.236457
1,12,4,5,0,5,2026-07-30T14:11:09.683960
1,12,5,5,0,5,2026-07-30T14:11:11.363324
1,12,6,5,0,5,2026-07-30T14:11:13.220871
1,12,7,5,0,5,2026-07-30T14:11:15.116764
1,12,8,5,0,5,2026-07-30T14:11:16.562064
1,12,9,5,0,5,2026-07-30T14:11:17.688931
1,12,10,5,0,5,2026-07-30T14:11:19.550068
1,13,1,5,0,5,2026-07-30T14:11:21.395923
1,13,2,5,0,5,2026-07-30T14:11:22.439906
1,13,3,5,0,5,2026-07-30T14:11:23.468668
1,13,4,5,0,5,2026-07-30T14:11:25.120254
1,13,5,5,0,5,2026-07-30T14:11:26.579412
1,13,6,5,0,5,2026-07-30T14:11:27.838284
1,13,7,5,0,5,2026-07-30T14:11:28.888519
1,13,8,5,0,5,2026-07-30T14:11:30.346277
1,13,9,5,0,5,2026-07-30T14:11:32.008602
1,13,10,5,0,5,2026-07-30T14:11:33.439817
1,14,1,5,0,5,2026-07-30T14:11:34.477554
1,14,2,5,0,5,2026-07-30T14:11:35.519054
1,14,3,5,0,5,2026-07-30T14:11:36.754262
1,14,4,5,0,5,2026-07-30T14:11:37.792534
1,14,5,5,0,5,2026-07-30T14:11:38.850643
1,14,6,5,0,5,2026-07-30T14:11:40.291594
1,14,7,5,0,5,2026-07-30T14:11:41.525567
1,14,8,5,0,5,2026-07-30T14:11:43.180125
1,14,9,5,0,5,2026-07-30T14:11:45.041936
1,14,10,5,0,5,2026-07-30T14:11:46.091527
1,15,1,5,0,5,2026-07-30T14:11:47.345465
1,15,2,5,0,5,2026-07-30T14:11:48.623819
1,15,3,5,0,5,2026-07-30T14:11:49.905051
1,15,4,5,0,5,2026-07-30T14:11:51.757285
1,15,5,5,0,5,2026-07-30T14:11:53.006178
1,15,6,5,0,5,2026-07-30T14:11:54.504011
1,15,7,5,0,5,2026-07-30T14:11:56.172853
1,15,8,5,0,5,2026-07-30T14:11:57.630288
1,15,9,5,0,5,2026-07-30T14:11:58.880017
1,15,10,5,0,5,2026-07-30T14:12:00.758115
1,16,1,5,0,5,2026-07-30T14:12:02.599552
1,16,2,5,0,5,2026-07-30T14:12:04.453244
1,16,3,5,0,5,2026-07-30T14:12:05.913879
1,16,4,5,0,5,2026-07-30T14:12:07.725127
1,16,5,5,0,5,2026-07-30T14:12:09.175765
1,16,6,5,0,5,2026-07-30T14:12:10.220524
1,16,7,5,0,5,2026-07-30T14:12:12.084148
1,16,8,5,0,5,2026-07-30T14:12:13.957083
1,16,9,5,0,5,2026-07-30T14:12:15.822699
1,16,10,5,0,5,2026-07-30T14:12:17.481634
1,17,1,5,0,5,2026-07-30T14:12:18.728704
1,17,2,5,0,5,2026-07-30T14:12:19.759170
1,17,3,5,0,5,2026-07-30T14:12:21.399694
1,17,4,5,0,5,2026-07-30T14:12:23.243448
1,17,5,5,0,5,2026-07-30T14:12:24.279651
1,17,6,5,0,5,2026-07-30T14:12:25.527859
1,17,7,5,0,5,2026-07-30T14:12:26.973070
1,17,8,5,0,5,2026-07-30T14:12:28.617150
1,17,9,5,0,5,2026-07-30T14:12:29.859605
1,17,10,5,0,5,2026-07-30T14:12:31.496582
1,18,1,5,0,5,2026-07-30T14:12:33.159997
1,18,2,5,0,5,2026-07-30T14:12:34.210047
1,18,3,5,0,5,2026-07-30T14:12:36.079712
1,18,4,5,0,5,2026-07-30T14:12:37.717567
1,18,5,5,0,5,2026-07-30T14:12:39.164842
1,18,6,5,0,5,2026-07-30T14:12:40.403732
1,18,7,5,0,5,2026-07-30T14:12:42.062861
1,18,8,5,0,5,2026-07-30T14:12:43.710818
1,18,9,5,0,5,2026-07-30T14:12:45.166395
1,18,10,5,0,5,2026-07-30T14:12:46.211927
1,19,1,5,0,5,2026-07-30T14:12:47.639976
1,19,2,5,0,5,2026-07-30T14:12:49.275757
1,19,3,5,0,5,2026-07-30T14:12:50.927475
1,19,4,5,0,5,2026-07-30T14:12:52.584931
1,19,5,5,0,5,2026-07-30T14:12:54.216596
1,19,6,5,0,5,2026-07-30T14:12:55.475539
1,19,7,5,0,5,2026-07-30T14:12:57.139790
1,19,8,5,0,5,2026-07-30T14:12:59.008244
1,19,9,5,0,5,2026-07-30T14:13:00.060627
1,19,10,5,0,5,2026-07-30T14:13:01.743497
1,20,1,5,0,5,2026-07-30T14:13:02.794056
1,20,2,5,0,5,2026-07-30T14:13:04.446523
1,20,3,5,0,5,2026-07-30T14:13:06.097079
1,20,4,5,0,5,2026-07-30T14:13:07.986891
1,20,5,5,0,5,2026-07-30T14:13:09.456632
1,20,6,5,0,5,2026-07-30T14:13:10.883876
1,20,7,5,0,5,2026-07-30T14:13:12.757668
1,20,8,5,0,5,2026-07-30T14:13:14.197655
1,20,9,5,0,5,2026-07-30T14:13:15.858567
1,20,10,5,0,5,2026-07-30T14:13:17.493865
1,21,1,5,0,5,2026-07-30T14:13:19.135127
1,21,2,5,0,5,2026-07-30T14:13:20.783243
1,21,3,5,0,5,2026-07-30T14:13:22.632747
1,21,4,5,0,5,2026-07-30T14:13:24.284397
1,21,5,5,0,5,2026-07-30T14:13:26.147885
1,21,6,5,0,5,2026-07-30T14:13:27.222452
1,21,7,5,0,5,2026-07-30T14:13:28.682903
1,21,8,5,0,5,2026-07-30T14:13:30.333061
1,21,9,5,0,5,2026-07-30T14:13:31.770967
1,21,10,5,0,5,2026-07-30T14:13:33.617061
1,22,1,5,0,5,2026-07-30T14:13:35.267617
1,22,2,5,0,5,2026-07-30T14:13:36.317543
1,22,3,5,0,5,2026-07-30T14:13:38.142226
1,22,4,5,0,5,2026-07-30T14:13:39.384970
1,22,5,5,0,5,2026-07-30T14:13:41.217990
1,22,6,5,0,5,2026-07-30T14:13:43.042669
1,22,7,5,0,5,2026-07-30T14:13:44.709091
1,22,8,5,0,5,2026-07-30T14:13:45.973524
1,22,9,5,0,5,2026-07-30T14:13:47.856200
1,22,10,5,0,5,2026-07-30T14:13:49.304156
1,23,1,5,0,5,2026-07-30T14:13:50.544187
1,23,2,5,0,5,2026-07-30T14:13:52.401916
1,23,3,5,0,5,2026-07-30T14:13:53.866927
1,23,4,5,0,5,2026-07-30T14:13:55.709966
1,23,5,5,0,5,2026-07-30T14:13:56.944472
1,23,6,5,0,5,2026-07-30T14:13:58.582595
1,23,7,5,0,5,2026-07-30T14:13:59.641305
1,23,8,5,0,5,2026-07-30T14:14:01.484146
1,23,9,5,0,5,2026-07-30T14:14:02.724556
1,23,10,5,0,5,2026-07-30T14:14:04.150795
1,24,1,5,0,5,2026-07-30T14:14:06.002898
1,24,2,5,0,5,2026-07-30T14:14:07.858409
1,24,3,5,0,5,2026-07-30T14:14:09.536483
1,24,4,5,0,5,2026-07-30T14:14:10.993776
1,24,5,5,0,5,2026-07-30T14:14:12.891795
1,24,6,5,0,5,2026-07-30T14:14:14.721592
1,24,7,5,0,5,2026-07-30T14:14:16.393501
1,24,8,5,0,5,2026-07-30T14:14:18.239317
1,24,9,5,0,5,2026-07-30T14:14:19.858956
1,24,10,5,0,5,2026-07-30T14:14:21.713245
1,25,1,5,0,5,2026-07-30T14:14:23.164724
1,25,2,5,0,5,2026-07-30T14:14:24.837775
1,25,3,5,0,5,2026-07-30T14:14:26.290951
1,25,4,5,0,5,2026-07-30T14:14:28.150715
1,25,5,5,0,5,2026-07-30T14:14:29.400878
1,25,6,5,0,5,2026-07-30T14:14:30.709699
1,25,7,5,0,5,2026-07-30T14:14:32.167377
1,25,8,5,0,5,2026-07-30T14:14:33.815542
1,25,9,5,0,5,2026-07-30T14:14:35.469665
1,25,10,5,0,5,2026-07-30T14:14:36.697504
1,26,1,5,0,5,2026-07-30T14:14:38.374035
1,26,2,5,0,5,2026-07-30T14:14:39.834876
1,26,3,5,0,5,2026-07-30T14:14:41.703911
1,26,4,5,0,5,2026-07-30T14:14:43.549519
1,26,5,5,0,5,2026-07-30T14:14:45.211382
1,26,6,5,0,5,2026-07-30T14:14:46.449055
1,26,7,5,0,5,2026-07-30T14:14:47.896127
1,26,8,5,0,5,2026-07-30T14:14:49.748466
1,26,9,5,0,5,2026-07-30T14:14:51.399840
1,26,10,5,0,5,2026-07-30T14:14:53.055479
1,27,1,5,0,5,2026-07-30T14:14:54.517585
1,27,2,5,0,5,2026-07-30T14:14:55.573968
1,27,3,5,0,5,2026-07-30T14:14:56.827582
1,27,4,5,0,5,2026-07-30T14:14:58.289886
1,27,5,5,0,5,2026-07-30T14:15:02.156691
1,27,6,5,0,5,2026-07-30T14:15:03.183115
1,27,7,5,0,5,2026-07-30T14:15:04.826328
1,27,8,5,0,5,2026-07-30T14:15:06.075722
1,27,9,5,0,5,2026-07-30T14:15:07.923718
1,27,10,5,0,5,2026-07-30T14:15:09.788538
1,28,1,5,0,5,2026-07-30T14:15:10.829862
1,28,2,5,0,5,2026-07-30T14:15:12.483529
1,28,3,5,0,5,2026-07-30T14:15:13.948393
1,28,4,5,0,5,2026-07-30T14:15:15.185652
1,28,5,5,0,5,2026-07-30T14:15:16.827781
1,28,6,5,0,5,2026-07-30T14:15:18.073941
1,28,7,5,0,5,2026-07-30T14:15:19.723011
1,28,8,5,0,5,2026-07-30T14:15:21.575487
1,28,9,5,0,5,2026-07-30T14:15:23.420709
1,28,10,5,0,5,2026-07-30T14:15:24.444328
1,29,1,5,0,5,2026-07-30T14:15:25.498636
1,29,2,5,0,5,2026-07-30T14:15:27.029647
1,29,3,5,0,5,2026-07-30T14:15:28.279656
1,29,4,5,0,5,2026-07-30T14:15:29.520216
1,29,5,5,0,5,2026-07-30T14:15:31.379687
1,29,6,5,0,5,2026-07-30T14:15:32.221274
1,29,7,5,0,5,2026-07-30T14:15:34.077162
1,29,8,5,0,5,2026-07-30T14:15:35.118946
1,29,9,5,0,5,2026-07-30T14:15:36.775711
1,29,10,5,0,5,2026-07-30T14:15:37.852068
1,30,1,5,0,5,2026-07-30T14:15:38.899592
1,30,2,5,0,5,2026-07-30T14:15:39.966567
1,30,3,5,0,5,2026-07-30T14:15:41.808049
1,30,4,5,0,5,2026-07-30T14:15:43.678582
1,30,5,5,0,5,2026-07-30T14:15:44.510396
1,30,6,5,0,5,2026-07-30T14:15:45.555399
1,30,7,5,0,5,2026-07-30T14:15:47.215631
1,30,8,5,0,5,2026-07-30T14:15:49.074197
1,30,9,5,0,5,2026-07-30T14:15:50.526201
1,30,10,5,0,5,2026-07-30T14:15:51.565926
2,1,1,5,0,5,2026-07-30T14:15:53.022998
2,1,2,5,0,5,2026-07-30T14:15:54.105733
2,1,3,5,0,5,2026-07-30T14:15:55.950212
2,1,4,5,0,5,2026-07-30T14:15:57.187422
2,1,5,5,0,5,2026-07-30T14:15:59.037248
2,1,6,5,0,5,2026-07-30T14:16:00.671628
2,1,7,5,0,5,2026-07-30T14:16:01.926681
2,1,8,5,0,5,2026-07-30T14:16:03.195584
2,1,9,5,0,5,2026-07-30T14:16:04.631655
2,1,10,5,0,5,2026-07-30T14:16:06.288382
2,2,1,5,0,5,2026-07-30T14:16:07.524902
2,2,2,5,0,5,2026-07-30T14:16:09.387665
2,2,3,5,0,5,2026-07-30T14:16:10.442412
2,2,4,5,0,5,2026-07-30T14:16:11.677450
2,2,5,5,0,5,2026-07-30T14:16:12.729848
2,2,6,5,0,5,2026-07-30T14:16:14.375312
2,2,7,5,0,5,2026-07-30T14:16:15.832847
2,2,8,5,0,5,2026-07-30T14:16:20.039765
2,2,9,5,0,5,2026-07-30T14:16:21.494783
2,2,10,5,0,5,2026-07-30T14:16:22.941674
2,3,1,5,0,5,2026-07-30T14:16:23.964249
2,3,2,5,0,5,2026-07-30T14:16:25.624172
2,3,3,5,0,5,2026-07-30T14:16:27.065179
2,3,4,5,0,5,2026-07-30T14:16:28.902692
2,3,5,5,0,5,2026-07-30T14:16:30.759348
2,3,6,5,0,5,2026-07-30T14:16:31.808749
2,3,7,5,0,5,2026-07-30T14:16:33.692947
2,3,8,5,0,5,2026-07-30T14:16:35.350837
2,3,9,5,0,5,2026-07-30T14:16:36.773751
2,3,10,5,0,5,2026-07-30T14:16:38.418286
2,4,1,5,0,5,2026-07-30T14:16:39.848222
2,4,2,5,0,5,2026-07-30T14:16:40.887624
2,4,3,5,0,5,2026-07-30T14:16:42.550263
2,4,4,5,0,5,2026-07-30T14:16:44.013239
2,4,5,5,0,5,2026-07-30T14:16:45.452429
2,4,6,5,0,5,2026-07-30T14:16:46.897182
2,4,7,5,0,5,2026-07-30T14:16:48.550005
2,4,8,5,0,5,2026-07-30T14:16:49.989878
2,4,9,5,0,5,2026-07-30T14:16:51.424219
2,4,10,5,0,5,2026-07-30T14:16:52.646136
2,5,1,5,0,5,2026-07-30T14:16:54.121038
2,5,2,5,0,5,2026-07-30T14:16:55.747525
2,5,3,5,0,5,2026-07-30T14:16:57.414086
2,5,4,5,0,5,2026-07-30T14:16:58.462494
2,5,5,5,0,5,2026-07-30T14:16:59.908397
2,5,6,5,0,5,2026-07-30T14:17:01.550146
2,5,7,5,0,5,2026-07-30T14:17:02.998303
2,5,8,5,0,5,2026-07-30T14:17:04.247269
2,5,9,5,0,5,2026-07-30T14:17:05.486285
2,5,10,5,0,5,2026-07-30T14:17:06.746098
2,6,1,5,0,5,2026-07-30T14:17:08.198125
2,6,2,5,0,5,2026-07-30T14:17:09.653001
2,6,3,5,0,5,2026-07-30T14:17:11.095050
2,6,4,5,0,5,2026-07-30T14:17:12.129656
2,6,5,5,0,5,2026-07-30T14:17:13.988866
2,6,6,5,0,5,2026-07-30T14:17:15.035590
2,6,7,5,0,5,2026-07-30T14:17:16.273162
2,6,8,5,0,5,2026-07-30T14:17:17.495253
2,6,9,5,0,5,2026-07-30T14:17:19.141563
2,6,10,5,0,5,2026-07-30T14:17:20.800939
2,7,1,5,0,5,2026-07-30T14:17:22.244731
2,7,2,5,0,5,2026-07-30T14:17:23.259569
2,7,3,5,0,5,2026-07-30T14:17:24.791000
2,7,4,5,0,5,2026-07-30T14:17:26.450721
2,7,5,5,0,5,2026-07-30T14:17:28.297048
2,7,6,5,0,5,2026-07-30T14:17:30.152235
2,7,7,5,0,5,2026-07-30T14:17:31.814082
2,7,8,5,0,5,2026-07-30T14:17:33.081703
2,7,9,5,0,5,2026-07-30T14:17:34.142858
2,7,10,5,0,5,2026-07-30T14:17:35.787725
2,8,1,5,0,5,2026-07-30T14:17:37.624280
2,8,2,5,0,5,2026-07-30T14:17:38.853131
2,8,3,5,0,5,2026-07-30T14:17:40.696281
2,8,4,5,0,5,2026-07-30T14:17:41.935617
2,8,5,5,0,5,2026-07-30T14:17:43.781242
2,8,6,5,0,5,2026-07-30T14:17:45.216306
2,8,7,5,0,5,2026-07-30T14:17:46.866656
2,8,8,5,0,5,2026-07-30T14:17:48.722649
2,8,9,5,0,5,2026-07-30T14:17:50.179633
2,8,10,5,0,5,2026-07-30T14:17:51.609484
2,9,1,5,0,5,2026-07-30T14:17:52.657990
2,9,2,5,0,5,2026-07-30T14:17:54.493726
2,9,3,5,0,5,2026-07-30T14:17:55.720217
2,9,4,5,0,5,2026-07-30T14:17:57.569438
2,9,5,5,0,5,2026-07-30T14:17:58.610960
2,9,6,5,0,5,2026-07-30T14:18:00.058904
2,9,7,5,0,5,2026-07-30T14:18:01.321173
2,9,8,5,0,5,2026-07-30T14:18:02.761600
2,9,9,5,0,5,2026-07-30T14:18:03.800673
2,9,10,5,0,5,2026-07-30T14:18:05.653991
2,10,1,5,0,5,2026-07-30T14:18:06.699697
2,10,2,5,0,5,2026-07-30T14:18:08.334666
2,10,3,5,0,5,2026-07-30T14:18:10.275339
2,10,4,5,0,5,2026-07-30T14:18:11.928221
2,10,5,5,0,5,2026-07-30T14:18:13.571841
2,10,6,5,0,5,2026-07-30T14:18:15.222743
2,10,7,5,0,5,2026-07-30T14:18:16.084250
2,10,8,5,0,5,2026-07-30T14:18:17.539989
2,10,9,5,0,5,2026-07-30T14:18:19.203672
2,10,10,5,0,5,2026-07-30T14:18:20.662007
2,11,1,5,0,5,2026-07-30T14:18:22.716823
2,11,2,5,0,5,2026-07-30T14:18:23.760671
2,11,3,5,0,5,2026-07-30T14:18:25.625416
2,11,4,5,0,5,2026-07-30T14:18:27.268673
2,11,5,5,0,5,2026-07-30T14:18:28.923044
2,11,6,5,0,5,2026-07-30T14:18:30.359583
2,11,7,5,0,5,2026-07-30T14:18:32.000797
2,11,8,5,0,5,2026-07-30T14:18:32.951971
2,11,9,5,0,5,2026-07-30T14:18:34.411794
2,11,10,5,0,5,2026-07-30T14:18:35.464900
2,12,1,5,0,5,2026-07-30T14:18:37.308746
2,12,2,5,0,5,2026-07-30T14:18:38.341849
2,12,3,5,0,5,2026-07-30T14:18:39.976526
2,12,4,5,0,5,2026-07-30T14:18:41.626273
2,12,5,5,0,5,2026-07-30T14:18:43.310026
2,12,6,5,0,5,2026-07-30T14:18:44.767135
2,12,7,5,0,5,2026-07-30T14:18:45.825578
2,12,8,5,0,5,2026-07-30T14:18:46.878073
2,12,9,5,0,5,2026-07-30T14:18:48.306790
2,12,10,5,0,5,2026-07-30T14:18:50.148772
2,13,1,5,0,5,2026-07-30T14:18:52.008908
2,13,2,5,0,5,2026-07-30T14:18:53.053467
2,13,3,5,0,5,2026-07-30T14:18:54.097943
2,13,4,5,0,5,2026-07-30T14:18:55.766236
2,13,5,5,0,5,2026-07-30T14:18:57.601107
2,13,6,5,0,5,2026-07-30T14:18:59.468252
2,13,7,5,0,5,2026-07-30T14:19:00.520320
2,13,8,5,0,5,2026-07-30T14:19:02.185873
2,13,9,5,0,5,2026-07-30T14:19:03.230806
2,13,10,5,0,5,2026-07-30T14:19:05.088772
2,14,1,5,0,5,2026-07-30T14:19:06.136849
2,14,2,5,0,5,2026-07-30T14:19:07.976929
2,14,3,5,0,5,2026-07-30T14:19:09.629978
2,14,4,5,0,5,2026-07-30T14:19:11.087899
2,14,5,5,0,5,2026-07-30T14:19:12.740562
2,14,6,5,0,5,2026-07-30T14:19:14.799681
2,14,7,5,0,5,2026-07-30T14:19:16.240738
2,14,8,5,0,5,2026-07-30T14:19:17.676331
2,14,9,5,0,5,2026-07-30T14:19:18.726326
2,14,10,5,0,5,2026-07-30T14:19:19.976922
2,15,1,5,0,5,2026-07-30T14:19:21.827610
2,15,2,5,0,5,2026-07-30T14:19:23.088133
2,15,3,5,0,5,2026-07-30T14:19:24.313875
2,15,4,5,0,5,2026-07-30T14:19:26.166074
2,15,5,5,0,5,2026-07-30T14:19:27.221718
2,15,6,5,0,5,2026-07-30T14:19:28.902836
2,15,7,5,0,5,2026-07-30T14:19:30.163329
2,15,8,5,0,5,2026-07-30T14:19:31.620952
2,15,9,5,0,5,2026-07-30T14:19:33.073308
2,15,10,5,0,5,2026-07-30T14:19:34.930363
2,16,1,5,0,5,2026-07-30T14:19:36.799298
2,16,2,5,0,5,2026-07-30T14:19:38.456411
2,16,3,5,0,5,2026-07-30T14:19:40.092396
2,16,4,5,0,5,2026-07-30T14:19:41.959221
2,16,5,5,0,5,2026-07-30T14:19:43.214357
2,16,6,5,0,5,2026-07-30T14:19:44.254459
2,16,7,5,0,5,2026-07-30T14:19:45.274058
2,16,8,5,0,5,2026-07-30T14:19:46.942046
2,16,9,5,0,5,2026-07-30T14:19:48.006347
2,16,10,5,0,5,2026-07-30T14:19:49.872245
2,17,1,5,0,5,2026-07-30T14:19:51.715771
2,17,2,5,0,5,2026-07-30T14:19:53.564011
2,17,3,5,0,5,2026-07-30T14:19:54.999712
2,17,4,5,0,5,2026-07-30T14:19:56.451285
2,17,5,5,0,5,2026-07-30T14:19:57.700262
2,17,6,5,0,5,2026-07-30T14:19:59.141845
2,17,7,5,0,5,2026-07-30T14:20:00.389687
2,17,8,5,0,5,2026-07-30T14:20:01.845738
2,17,9,5,0,5,2026-07-30T14:20:03.290447
2,17,10,5,0,5,2026-07-30T14:20:04.438516
2,18,1,5,0,5,2026-07-30T14:20:05.483985
2,18,2,5,0,5,2026-07-30T14:20:07.404605
2,18,3,5,0,5,2026-07-30T14:20:08.859977
2,18,4,5,0,5,2026-07-30T14:20:10.721508
2,18,5,5,0,5,2026-07-30T14:20:11.953885
2,18,6,5,0,5,2026-07-30T14:20:13.600312
2,18,7,5,0,5,2026-07-30T14:20:15.051369
2,18,8,5,0,5,2026-07-30T14:20:16.893064
2,18,9,5,0,5,2026-07-30T14:20:18.732949
2,18,10,5,0,5,2026-07-30T14:20:19.790350
2,19,1,5,0,5,2026-07-30T14:20:21.460401
2,19,2,5,0,5,2026-07-30T14:20:23.309477
2,19,3,5,0,5,2026-07-30T14:20:25.353765
2,19,4,5,0,5,2026-07-30T14:20:26.418065
2,19,5,5,0,5,2026-07-30T14:20:27.868516
2,19,6,5,0,5,2026-07-30T14:20:29.616863
2,19,7,5,0,5,2026-07-30T14:20:31.063022
2,19,8,5,0,5,2026-07-30T14:20:32.346554
2,19,9,5,0,5,2026-07-30T14:20:33.982094
2,19,10,5,0,5,2026-07-30T14:20:35.205696
2,20,1,5,0,5,2026-07-30T14:20:36.867182
2,20,2,5,0,5,2026-07-30T14:20:38.319485
2,20,3,5,0,5,2026-07-30T14:20:39.949311
2,20,4,5,0,5,2026-07-30T14:20:41.187326
2,20,5,5,0,5,2026-07-30T14:20:42.633786
2,20,6,5,0,5,2026-07-30T14:20:44.290319
2,20,7,5,0,5,2026-07-30T14:20:45.349818
2,20,8,5,0,5,2026-07-30T14:20:46.990953
2,20,9,5,0,5,2026-07-30T14:20:48.232522
2,20,10,5,0,5,2026-07-30T14:20:49.479900
2,21,1,5,0,5,2026-07-30T14:20:50.516914
2,21,2,5,0,5,2026-07-30T14:20:52.177723
2,21,3,5,0,5,2026-07-30T14:20:53.208696
2,21,4,5,0,5,2026-07-30T14:20:55.079316
2,21,5,5,0,5,2026-07-30T14:20:56.509063
2,21,6,5,0,5,2026-07-30T14:20:57.536023
2,21,7,5,0,5,2026-07-30T14:20:59.014301
2,21,8,5,0,5,2026-07-30T14:21:00.881353
2,21,9,5,0,5,2026-07-30T14:21:02.319326
2,21,10,5,0,5,2026-07-30T14:21:03.365942
2,22,1,5,0,5,2026-07-30T14:21:04.411609
2,22,2,5,0,5,2026-07-30T14:21:05.671383
2,22,3,5,0,5,2026-07-30T14:21:06.901647
2,22,4,5,0,5,2026-07-30T14:21:08.524029
2,22,5,5,0,5,2026-07-30T14:21:10.385807
2,22,6,5,0,5,2026-07-30T14:21:12.239478
2,22,7,5,0,5,2026-07-30T14:21:13.474479
2,22,8,5,0,5,2026-07-30T14:21:15.331469
2,22,9,5,0,5,2026-07-30T14:21:16.992729
2,22,10,5,0,5,2026-07-30T14:21:18.249573
2,23,1,5,0,5,2026-07-30T14:21:19.474274
2,23,2,5,0,5,2026-07-30T14:21:20.903832
2,23,3,5,0,5,2026-07-30T14:21:22.762875
2,23,4,5,0,5,2026-07-30T14:21:24.002302
2,23,5,5,0,5,2026-07-30T14:21:25.243099
2,23,6,5,0,5,2026-07-30T14:21:26.889903
2,23,7,5,0,5,2026-07-30T14:21:28.127016
2,23,8,5,0,5,2026-07-30T14:21:29.169909
2,23,9,5,0,5,2026-07-30T14:21:31.020523
2,23,10,5,0,5,2026-07-30T14:21:32.271873
2,24,1,5,0,5,2026-07-30T14:21:33.306942
2,24,2,5,0,5,2026-07-30T14:21:34.542636
2,24,3,5,0,5,2026-07-30T14:21:36.402251
2,24,4,5,0,5,2026-07-30T14:21:37.646437
2,24,5,5,0,5,2026-07-30T14:21:39.496956
2,24,6,5,0,5,2026-07-30T14:21:40.752955
2,24,7,5,0,5,2026-07-30T14:21:42.415502
2,24,8,5,0,5,2026-07-30T14:21:43.496263
2,24,9,5,0,5,2026-07-30T14:21:45.152894
2,24,10,5,0,5,2026-07-30T14:21:46.990279
2,25,1,5,0,5,2026-07-30T14:21:48.841067
2,25,2,5,0,5,2026-07-30T14:21:50.102964
2,25,3,5,0,5,2026-07-30T14:21:51.143045
2,25,4,5,0,5,2026-07-30T14:21:52.792233
2,25,5,5,0,5,2026-07-30T14:21:54.447611
2,25,6,5,0,5,2026-07-30T14:21:55.695032
2,25,7,3,0,3,2026-07-30T14:21:56.748016
2,25,8,5,0,5,2026-07-30T14:21:57.995695
2,25,9,5,0,5,2026-07-30T14:21:59.122281
2,25,10,5,0,5,2026-07-30T14:22:00.665151
2,26,1,5,0,5,2026-07-30T14:22:02.100145
2,26,2,5,0,5,2026-07-30T14:22:03.964141
2,26,3,5,0,5,2026-07-30T14:22:05.814976
2,26,4,5,0,5,2026-07-30T14:22:07.269105
2,26,5,5,0,5,2026-07-30T14:22:08.728156
2,26,6,5,0,5,2026-07-30T14:22:10.575952
2,26,7,5,0,5,2026-07-30T14:22:12.348560
2,26,8,5,0,5,2026-07-30T14:22:13.797443
2,26,9,5,0,5,2026-07-30T14:22:15.060643
2,26,10,5,0,5,2026-07-30T14:22:16.289111
2,27,1,5,0,5,2026-07-30T14:22:17.553680
2,27,2,5,0,5,2026-07-30T14:22:19.404277
2,27,3,5,0,5,2026-07-30T14:22:21.083656
2,27,4,5,0,5,2026-07-30T14:22:22.527374
2,27,5,5,0,5,2026-07-30T14:22:24.372770
2,27,6,5,0,5,2026-07-30T14:22:25.850913
2,27,7,5,0,5,2026-07-30T14:22:27.902065
2,27,8,5,0,5,2026-07-30T14:22:29.436168
2,27,9,5,0,5,2026-07-30T14:22:30.679183
2,27,10,5,0,5,2026-07-30T14:22:31.947903
2,28,1,5,0,5,2026-07-30T14:22:33.003670
2,28,2,5,0,5,2026-07-30T14:22:34.223748
2,28,3,5,0,5,2026-07-30T14:22:35.675892
2,28,4,5,0,5,2026-07-30T14:22:37.111850
2,28,5,5,0,5,2026-07-30T14:22:38.759408
2,28,6,5,0,5,2026-07-30T14:22:40.584892
2,28,7,5,0,5,2026-07-30T14:22:41.826385
2,28,8,5,0,5,2026-07-30T14:22:43.079415
2,28,9,5,0,5,2026-07-30T14:22:44.322991
2,28,10,5,0,5,2026-07-30T14:22:46.179717
2,29,1,5,0,5,2026-07-30T14:22:47.206852
2,29,2,5,0,5,2026-07-30T14:22:49.048487
2,29,3,5,0,5,2026-07-30T14:22:50.092157
2,29,4,5,0,5,2026-07-30T14:22:51.753880
2,29,5,5,0,5,2026-07-30T14:22:53.197088
2,29,6,5,0,5,2026-07-30T14:22:54.448163
2,29,7,5,0,5,2026-07-30T14:22:55.891787
2,29,8,5,0,5,2026-07-30T14:22:57.145904
2,29,9,5,0,5,2026-07-30T14:22:58.182221
2,29,10,5,0,5,2026-07-30T14:23:00.027388
2,30,1,5,0,5,2026-07-30T14:23:01.874483
2,30,2,5,0,5,2026-07-30T14:23:03.533092
2,30,3,5,0,5,2026-07-30T14:23:05.384995
2,30,4,5,0,5,2026-07-30T14:23:06.440683
2,30,5,5,0,5,2026-07-30T14:23:07.486675
2,30,6,5,0,5,2026-07-30T14:23:09.140337
2,30,7,5,0,5,2026-07-30T14:23:10.805708
2,30,8,5,0,5,2026-07-30T14:23:12.374986
2,30,9,5,0,5,2026-07-30T14:23:14.228763
2,30,10,5,0,5,2026-07-30T14:23:15.476582
3,1,1,5,0,5,2026-07-30T14:23:16.704999
3,1,2,5,0,5,2026-07-30T14:23:17.759287
3,1,3,5,0,5,2026-07-30T14:23:19.402491
3,1,4,4,0,4,2026-07-30T14:23:20.661330
3,1,5,5,0,5,2026-07-30T14:23:21.688158
3,1,6,5,0,5,2026-07-30T14:23:23.551094
3,1,7,5,0,5,2026-07-30T14:23:24.583654
3,1,8,5,0,5,2026-07-30T14:23:26.243141
3,1,9,5,0,5,2026-07-30T14:23:27.694687
3,1,10,5,0,5,2026-07-30T14:23:29.127985
3,2,1,5,0,5,2026-07-30T14:23:30.951251
3,2,2,5,0,5,2026-07-30T14:23:32.603116
3,2,3,5,0,5,2026-07-30T14:23:33.858384
3,2,4,5,0,5,2026-07-30T14:23:35.318976
3,2,5,5,0,5,2026-07-30T14:23:36.559219
3,2,6,5,0,5,2026-07-30T14:23:38.196288
3,2,7,5,0,5,2026-07-30T14:23:39.454975
3,2,8,5,0,5,2026-07-30T14:23:40.893177
3,2,9,5,0,5,2026-07-30T14:23:41.938388
3,2,10,5,0,5,2026-07-30T14:23:43.590180
3,3,1,5,0,5,2026-07-30T14:23:44.826974
3,3,2,5,0,5,2026-07-30T14:23:46.070747
3,3,3,0,0,0,2026-07-30T14:23:47.726490
3,3,4,5,0,5,2026-07-30T14:23:48.954145
3,3,5,0,0,0,2026-07-30T14:23:49.999737
3,3,6,5,0,5,2026-07-30T14:23:51.845512
3,3,7,5,0,5,2026-07-30T14:23:53.294304
3,3,8,5,0,5,2026-07-30T14:23:54.526515
3,3,9,5,0,5,2026-07-30T14:23:56.180124
3,3,10,5,0,5,2026-07-30T14:23:57.618787
3,4,1,0,0,0,2026-07-30T14:23:59.259597
3,4,2,0,0,0,2026-07-30T14:24:00.908668
3,4,3,0,0,0,2026-07-30T14:24:02.558141
3,4,4,0,0,0,2026-07-30T14:24:04.405539
3,4,5,0,0,0,2026-07-30T14:24:06.032300
3,4,6,0,0,0,2026-07-30T14:24:08.061283
3,4,7,0,0,0,2026-07-30T14:24:09.115629
3,4,8,0,0,0,2026-07-30T14:24:10.337509
3,4,9,0,0,0,2026-07-30T14:24:11.976510
3,4,10,0,0,0,2026-07-30T14:24:13.612980
3,5,1,0,0,0,2026-07-30T14:24:14.868971
3,5,2,5,0,5,2026-07-30T14:24:16.521232
3,5,3,0,0,0,2026-07-30T14:24:18.167023
3,5,4,0,0,0,2026-07-30T14:24:20.031788
3,5,5,0,0,0,2026-07-30T14:24:21.286397
3,5,6,0,0,0,2026-07-30T14:24:22.947545
3,5,7,0,0,0,2026-07-30T14:24:24.020904
3,5,8,0,0,0,2026-07-30T14:24:25.841470
3,5,9,0,0,0,2026-07-30T14:24:27.298762
3,5,10,0,0,0,2026-07-30T14:24:28.340963
3,6,1,5,0,5,2026-07-30T14:24:30.192050
3,6,2,5,0,5,2026-07-30T14:24:32.059041
3,6,3,5,0,5,2026-07-30T14:24:33.713043
3,6,4,5,0,5,2026-07-30T14:24:34.948645
3,6,5,5,0,5,2026-07-30T14:24:36.205097
3,6,6,5,0,5,2026-07-30T14:24:38.074137
3,6,7,5,0,5,2026-07-30T14:24:39.705666
3,6,8,5,0,5,2026-07-30T14:24:40.812482
3,6,9,5,0,5,2026-07-30T14:24:41.830970
3,6,10,5,0,5,2026-07-30T14:24:42.860331
3,7,1,5,0,5,2026-07-30T14:24:44.716951
3,7,2,5,0,5,2026-07-30T14:24:46.770108
3,7,3,5,0,5,2026-07-30T14:24:48.226039
3,7,4,5,0,5,2026-07-30T14:24:49.273484
3,7,5,5,0,5,2026-07-30T14:24:50.331342
3,7,6,5,0,5,2026-07-30T14:24:51.978465
3,7,7,5,0,5,2026-07-30T14:24:53.426721
3,7,8,5,0,5,2026-07-30T14:24:55.262944
3,7,9,5,0,5,2026-07-30T14:24:56.292741
3,7,10,5,0,5,2026-07-30T14:24:57.729335
3,8,1,5,0,5,2026-07-30T14:24:59.578083
3,8,2,5,0,5,2026-07-30T14:25:01.037775
3,8,3,5,0,5,2026-07-30T14:25:02.674173
3,8,4,5,0,5,2026-07-30T14:25:03.921300
3,8,5,5,0,5,2026-07-30T14:25:05.776286
3,8,6,5,0,5,2026-07-30T14:25:07.624446
3,8,7,5,0,5,2026-07-30T14:25:08.881646
3,8,8,0,0,0,2026-07-30T14:25:10.126683
3,8,9,5,0,5,2026-07-30T14:25:11.776271
3,8,10,5,0,5,2026-07-30T14:25:13.648706
3,9,1,5,0,5,2026-07-30T14:25:15.076426
3,9,2,5,0,5,2026-07-30T14:25:16.969412
3,9,3,5,0,5,2026-07-30T14:25:18.638940
3,9,4,5,0,5,2026-07-30T14:25:20.471861
3,9,5,5,0,5,2026-07-30T14:25:22.106518
3,9,6,5,0,5,2026-07-30T14:25:23.766998
3,9,7,5,0,5,2026-07-30T14:25:25.209125
3,9,8,4,0,4,2026-07-30T14:25:26.256531
3,9,9,5,0,5,2026-07-30T14:25:27.727014
3,9,10,5,0,5,2026-07-30T14:25:28.762594
3,10,1,0,0,0,2026-07-30T14:25:30.417081
3,10,2,0,0,0,2026-07-30T14:25:31.868477
3,10,3,0,0,0,2026-07-30T14:25:32.935780
3,10,4,0,0,0,2026-07-30T14:25:34.812573
3,10,5,0,0,0,2026-07-30T14:25:35.842667
3,10,6,0,0,0,2026-07-30T14:25:37.491177
3,10,7,0,0,0,2026-07-30T14:25:39.118193
3,10,8,0,0,0,2026-07-30T14:25:40.007501
3,10,9,0,0,0,2026-07-30T14:25:41.059745
3,10,10,0,0,0,2026-07-30T14:25:42.101960
3,11,1,5,0,5,2026-07-30T14:25:43.143286
3,11,2,5,0,5,2026-07-30T14:25:44.182689
3,11,3,5,0,5,2026-07-30T14:25:45.229473
3,11,4,5,0,5,2026-07-30T14:25:46.700037
3,11,5,5,0,5,2026-07-30T14:25:48.355230
3,11,6,5,0,5,2026-07-30T14:25:49.598088
3,11,7,5,0,5,2026-07-30T14:25:50.845731
3,11,8,5,0,5,2026-07-30T14:25:52.291151
3,11,9,5,0,5,2026-07-30T14:25:53.542919
3,11,10,5,0,5,2026-07-30T14:25:54.575872
3,12,1,5,0,5,2026-07-30T14:25:55.621438
3,12,2,5,0,5,2026-07-30T14:25:57.478367
3,12,3,5,0,5,2026-07-30T14:25:59.358398
3,12,4,5,0,5,2026-07-30T14:26:00.599215
3,12,5,5,0,5,2026-07-30T14:26:02.229894
3,12,6,5,0,5,2026-07-30T14:26:03.256090
3,12,7,5,0,5,2026-07-30T14:26:04.504056
3,12,8,5,0,5,2026-07-30T14:26:05.547218
3,12,9,5,0,5,2026-07-30T14:26:07.203264
3,12,10,5,0,5,2026-07-30T14:26:09.071865
3,13,1,5,0,5,2026-07-30T14:26:10.944170
3,13,2,0,0,0,2026-07-30T14:26:12.785308
3,13,3,0,0,0,2026-07-30T14:26:14.840808
3,13,4,0,0,0,2026-07-30T14:26:16.683034
3,13,5,0,0,0,2026-07-30T14:26:17.723907
3,13,6,0,0,0,2026-07-30T14:26:18.979821
3,13,7,5,0,5,2026-07-30T14:26:20.408976
3,13,8,0,0,0,2026-07-30T14:26:21.649758
3,13,9,5,0,5,2026-07-30T14:26:22.686725
3,13,10,0,0,0,2026-07-30T14:26:24.533612
3,14,1,0,0,0,2026-07-30T14:26:25.560525
3,14,2,5,0,5,2026-07-30T14:26:26.980282
3,14,3,5,0,5,2026-07-30T14:26:28.225303
3,14,4,3,0,3,2026-07-30T14:26:29.670827
3,14,5,5,0,5,2026-07-30T14:26:31.124301
3,14,6,3,0,3,2026-07-30T14:26:32.150543
3,14,7,5,0,5,2026-07-30T14:26:33.598227
3,14,8,5,0,5,2026-07-30T14:26:35.643322
3,14,9,5,0,5,2026-07-30T14:26:37.078374
3,14,10,5,0,5,2026-07-30T14:26:38.929926
3,15,1,5,0,5,2026-07-30T14:26:40.584796
3,15,2,5,0,5,2026-07-30T14:26:42.255903
3,15,3,5,0,5,2026-07-30T14:26:43.910032
3,15,4,5,0,5,2026-07-30T14:26:45.345524
3,15,5,0,0,0,2026-07-30T14:26:46.992417
3,15,6,5,0,5,2026-07-30T14:26:48.040967
3,15,7,5,0,5,2026-07-30T14:26:49.483965
3,15,8,5,0,5,2026-07-30T14:26:50.723496
3,15,9,0,0,0,2026-07-30T14:26:52.405219
3,15,10,5,0,5,2026-07-30T14:26:54.058256
3,16,1,5,0,5,2026-07-30T14:26:55.506610
3,16,2,5,0,5,2026-07-30T14:26:57.542399
3,16,3,5,0,5,2026-07-30T14:26:59.419148
3,16,4,5,0,5,2026-07-30T14:27:01.081265
3,16,5,5,0,5,2026-07-30T14:27:02.948205
3,16,6,5,0,5,2026-07-30T14:27:04.609268
3,16,7,5,0,5,2026-07-30T14:27:05.661343
3,16,8,5,0,5,2026-07-30T14:27:06.696960
3,16,9,5,0,5,2026-07-30T14:27:07.953891
3,16,10,5,0,5,2026-07-30T14:27:09.392571
3,17,1,5,0,5,2026-07-30T14:27:10.467252
3,17,2,5,0,5,2026-07-30T14:27:11.692238
3,17,3,5,0,5,2026-07-30T14:27:13.313841
3,17,4,5,0,5,2026-07-30T14:27:15.148152
3,17,5,5,0,5,2026-07-30T14:27:16.180490
3,17,6,5,0,5,2026-07-30T14:27:17.429766
3,17,7,5,0,5,2026-07-30T14:27:18.668689
3,17,8,5,0,5,2026-07-30T14:27:20.127642
3,17,9,5,0,5,2026-07-30T14:27:21.171177
3,17,10,5,0,5,2026-07-30T14:27:22.713775
3,18,1,5,0,5,2026-07-30T14:27:23.954909
3,18,2,5,0,5,2026-07-30T14:27:25.176385
3,18,3,5,0,5,2026-07-30T14:27:26.413245
3,18,4,5,0,5,2026-07-30T14:27:28.247238
3,18,5,5,0,5,2026-07-30T14:27:30.097218
3,18,6,5,0,5,2026-07-30T14:27:31.938121
3,18,7,5,0,5,2026-07-30T14:27:33.607903
3,18,8,5,0,5,2026-07-30T14:27:35.274107
3,18,9,5,0,5,2026-07-30T14:27:36.728626
3,18,10,5,0,5,2026-07-30T14:27:38.566218
3,19,1,5,0,5,2026-07-30T14:27:39.606761
3,19,2,5,0,5,2026-07-30T14:27:40.446085
3,19,3,5,0,5,2026-07-30T14:27:41.704822
3,19,4,5,0,5,2026-07-30T14:27:42.964884
3,19,5,5,0,5,2026-07-30T14:27:44.821638
3,19,6,5,0,5,2026-07-30T14:27:46.076715
3,19,7,5,0,5,2026-07-30T14:27:47.316057
3,19,8,5,0,5,2026-07-30T14:27:48.950284
3,19,9,5,0,5,2026-07-30T14:27:50.209343
3,19,10,5,0,5,2026-07-30T14:27:51.687448
3,20,1,5,0,5,2026-07-30T14:27:53.124754
3,20,2,5,0,5,2026-07-30T14:27:54.351347
3,20,3,5,0,5,2026-07-30T14:27:55.590385
3,20,4,5,0,5,2026-07-30T14:27:57.030614
3,20,5,5,0,5,2026-07-30T14:27:58.898722
3,20,6,5,0,5,2026-07-30T14:27:59.947451
3,20,7,5,0,5,2026-07-30T14:28:01.000072
3,20,8,5,0,5,2026-07-30T14:28:02.650795
3,20,9,5,0,5,2026-07-30T14:28:03.477640
3,20,10,5,0,5,2026-07-30T14:28:05.325783
3,21,1,5,0,5,2026-07-30T14:28:06.780095
3,21,2,5,0,5,2026-07-30T14:28:08.223503
3,21,3,5,0,5,2026-07-30T14:28:09.666875
3,21,4,5,0,5,2026-07-30T14:28:11.124596
3,21,5,5,0,5,2026-07-30T14:28:12.777145
3,21,6,5,0,5,2026-07-30T14:28:14.026082
3,21,7,5,0,5,2026-07-30T14:28:15.066841
3,21,8,5,0,5,2026-07-30T14:28:16.502954
3,21,9,5,0,5,2026-07-30T14:28:18.362482
3,21,10,5,0,5,2026-07-30T14:28:19.393024
3,22,1,5,0,5,2026-07-30T14:28:20.846780
3,22,2,5,0,5,2026-07-30T14:28:22.509138
3,22,3,5,0,5,2026-07-30T14:28:24.158244
3,22,4,5,0,5,2026-07-30T14:28:25.625607
3,22,5,5,0,5,2026-07-30T14:28:26.886311
3,22,6,5,0,5,2026-07-30T14:28:28.336092
3,22,7,5,0,5,2026-07-30T14:28:30.091293
3,22,8,5,0,5,2026-07-30T14:28:31.120187
3,22,9,5,0,5,2026-07-30T14:28:32.784373
3,22,10,5,0,5,2026-07-30T14:28:33.812546
3,23,1,5,0,5,2026-07-30T14:28:35.462374
3,23,2,5,0,5,2026-07-30T14:28:36.478818
3,23,3,5,0,5,2026-07-30T14:28:38.343042
3,23,4,5,0,5,2026-07-30T14:28:39.569531
3,23,5,5,0,5,2026-07-30T14:28:40.780441
3,23,6,5,0,5,2026-07-30T14:28:41.630635
3,23,7,5,0,5,2026-07-30T14:28:43.068167
3,23,8,5,0,5,2026-07-30T14:28:44.106719
3,23,9,5,0,5,2026-07-30T14:28:45.958024
3,23,10,5,0,5,2026-07-30T14:28:47.825909
3,24,1,5,0,5,2026-07-30T14:28:49.677274
3,24,2,5,0,5,2026-07-30T14:28:51.496685
3,24,3,5,0,5,2026-07-30T14:28:53.330341
3,24,4,5,0,5,2026-07-30T14:28:55.193382
3,24,5,5,0,5,2026-07-30T14:28:56.438335
3,24,6,5,0,5,2026-07-30T14:28:58.277166
3,24,7,5,0,5,2026-07-30T14:28:59.934537
3,24,8,5,0,5,2026-07-30T14:29:00.963082
3,24,9,5,0,5,2026-07-30T14:29:01.995894
3,24,10,5,0,5,2026-07-30T14:29:03.442973
3,25,1,5,0,5,2026-07-30T14:29:05.074261
3,25,2,4,0,4,2026-07-30T14:29:06.097073
3,25,3,5,0,5,2026-07-30T14:29:07.133549
3,25,4,5,0,5,2026-07-30T14:29:08.583167
3,25,5,4,0,4,2026-07-30T14:29:10.229044
3,25,6,4,0,4,2026-07-30T14:29:11.691717
3,25,7,5,0,5,2026-07-30T14:29:12.723415
3,25,8,5,0,5,2026-07-30T14:29:14.175777
3,25,9,5,0,5,2026-07-30T14:29:15.462852
3,25,10,5,0,5,2026-07-30T14:29:17.365045
3,26,1,5,0,5,2026-07-30T14:29:19.016091
3,26,2,5,0,5,2026-07-30T14:29:20.372040
3,26,3,5,0,5,2026-07-30T14:29:21.908141
3,26,4,5,0,5,2026-07-30T14:29:23.171178
3,26,5,5,0,5,2026-07-30T14:29:24.203001
3,26,6,5,0,5,2026-07-30T14:29:25.863277
3,26,7,5,0,5,2026-07-30T14:29:27.109060
3,26,8,5,0,5,2026-07-30T14:29:27.952212
3,26,9,5,0,5,2026-07-30T14:29:29.597425
3,26,10,5,0,5,2026-07-30T14:29:31.119513
3,27,1,5,0,5,2026-07-30T14:29:32.967378
3,27,2,5,0,5,2026-07-30T14:29:34.004324
3,27,3,5,0,5,2026-07-30T14:29:35.652057
3,27,4,5,0,5,2026-07-30T14:29:37.517005
3,27,5,5,0,5,2026-07-30T14:29:38.967072
3,27,6,5,0,5,2026-07-30T14:29:40.415167
3,27,7,5,0,5,2026-07-30T14:29:42.272764
3,27,8,5,0,5,2026-07-30T14:29:43.726416
3,27,9,5,0,5,2026-07-30T14:29:45.186667
3,27,10,5,0,5,2026-07-30T14:29:46.625539
3,28,1,5,0,5,2026-07-30T14:29:48.271443
3,28,2,5,0,5,2026-07-30T14:29:50.121979
3,28,3,5,0,5,2026-07-30T14:29:51.781542
3,28,4,5,0,5,2026-07-30T14:29:53.050199
3,28,5,5,0,5,2026-07-30T14:29:54.284750
3,28,6,5,0,5,2026-07-30T14:29:56.136195
3,28,7,5,0,5,2026-07-30T14:29:57.383921
3,28,8,5,0,5,2026-07-30T14:29:59.236033
3,28,9,5,0,5,2026-07-30T14:30:00.294121
3,28,10,5,0,5,2026-07-30T14:30:02.178904
3,29,1,5,0,5,2026-07-30T14:30:03.216983
3,29,2,5,0,5,2026-07-30T14:30:04.468760
3,29,3,5,0,5,2026-07-30T14:30:06.320415
3,29,4,5,0,5,2026-07-30T14:30:07.395958
3,29,5,5,0,5,2026-07-30T14:30:09.279528
3,29,6,5,0,5,2026-07-30T14:30:11.129488
3,29,7,5,0,5,2026-07-30T14:30:12.392324
3,29,8,5,0,5,2026-07-30T14:30:14.035507
3,29,9,5,0,5,2026-07-30T14:30:15.889133
3,29,10,5,0,5,2026-07-30T14:30:17.121434
3,30,1,5,0,5,2026-07-30T14:30:18.351866
3,30,2,5,0,5,2026-07-30T14:30:20.209996
3,30,3,5,0,5,2026-07-30T14:30:22.058841
3,30,4,5,0,5,2026-07-30T14:30:23.925668
3,30,5,5,0,5,2026-07-30T14:30:24.977492
3,30,6,5,0,5,2026-07-30T14:30:26.834007
3,30,7,5,0,5,2026-07-30T14:30:28.080454
3,30,8,5,0,5,2026-07-30T14:30:29.722372
3,30,9,5,0,5,2026-07-30T14:30:31.360067
3,30,10,5,0,5,2026-07-30T14:30:32.602131
4,1,1,5,0,5,2026-07-30T14:30:34.476629
4,1,2,5,0,5,2026-07-30T14:30:35.530571
4,1,3,5,0,5,2026-07-30T14:30:36.774580
4,1,4,5,0,5,2026-07-30T14:30:37.809144
4,1,5,5,0,5,2026-07-30T14:30:39.054055
4,1,6,5,0,5,2026-07-30T14:30:40.294926
4,1,7,5,0,5,2026-07-30T14:30:41.755079
4,1,8,5,0,5,2026-07-30T14:30:42.793005
4,1,9,5,0,5,2026-07-30T14:30:44.021996
4,1,10,5,0,5,2026-07-30T14:30:45.879393
4,2,1,5,0,5,2026-07-30T14:30:47.715875
4,2,2,5,0,5,2026-07-30T14:30:49.173935
4,2,3,5,0,5,2026-07-30T14:30:50.433989
4,2,4,5,0,5,2026-07-30T14:30:52.092203
4,2,5,5,0,5,2026-07-30T14:30:53.138440
4,2,6,5,0,5,2026-07-30T14:30:54.375463
4,2,7,5,0,5,2026-07-30T14:30:56.055966
4,2,8,5,0,5,2026-07-30T14:30:57.707337
4,2,9,5,0,5,2026-07-30T14:30:59.597704
4,2,10,5,0,5,2026-07-30T14:31:01.331151
4,3,1,5,0,5,2026-07-30T14:31:02.983251
4,3,2,5,0,5,2026-07-30T14:31:04.227559
4,3,3,5,0,5,2026-07-30T14:31:05.467327
4,3,4,5,0,5,2026-07-30T14:31:06.514355
4,3,5,5,0,5,2026-07-30T14:31:07.758954
4,3,6,5,0,5,2026-07-30T14:31:09.204144
4,3,7,5,0,5,2026-07-30T14:31:10.463992
4,3,8,5,0,5,2026-07-30T14:31:11.916096
4,3,9,5,0,5,2026-07-30T14:31:13.158261
4,3,10,5,0,5,2026-07-30T14:31:14.200954
4,4,1,5,0,5,2026-07-30T14:31:15.076268
4,4,2,5,0,5,2026-07-30T14:31:16.536408
4,4,3,5,0,5,2026-07-30T14:31:17.967015
4,4,4,5,0,5,2026-07-30T14:31:19.619289
4,4,5,5,0,5,2026-07-30T14:31:21.281663
4,4,6,5,0,5,2026-07-30T14:31:22.740997
4,4,7,5,0,5,2026-07-30T14:31:24.801043
4,4,8,5,0,5,2026-07-30T14:31:26.263354
4,4,9,5,0,5,2026-07-30T14:31:28.119545
4,4,10,5,0,5,2026-07-30T14:31:29.746447
4,5,1,5,0,5,2026-07-30T14:31:31.394498
4,5,2,5,0,5,2026-07-30T14:31:32.847720
4,5,3,5,0,5,2026-07-30T14:31:34.085248
4,5,4,5,0,5,2026-07-30T14:31:35.546896
4,5,5,5,0,5,2026-07-30T14:31:36.602394
4,5,6,5,0,5,2026-07-30T14:31:37.852020
4,5,7,5,0,5,2026-07-30T14:31:39.304211
4,5,8,5,0,5,2026-07-30T14:31:40.757776
4,5,9,5,0,5,2026-07-30T14:31:42.024111
4,5,10,5,0,5,2026-07-30T14:31:43.495988
4,6,1,5,0,5,2026-07-30T14:31:45.147377
4,6,2,5,0,5,2026-07-30T14:31:46.188629
4,6,3,5,0,5,2026-07-30T14:31:47.448807
4,6,4,5,0,5,2026-07-30T14:31:48.881429
4,6,5,5,0,5,2026-07-30T14:31:50.740451
4,6,6,5,0,5,2026-07-30T14:31:52.595681
4,6,7,5,0,5,2026-07-30T14:31:53.833953
4,6,8,5,0,5,2026-07-30T14:31:55.089419
4,6,9,5,0,5,2026-07-30T14:31:55.940292
4,6,10,5,0,5,2026-07-30T14:31:57.805900
4,7,1,5,0,5,2026-07-30T14:31:59.069708
4,7,2,5,0,5,2026-07-30T14:32:00.932707
4,7,3,5,0,5,2026-07-30T14:32:02.592406
4,7,4,5,0,5,2026-07-30T14:32:04.436759
4,7,5,5,0,5,2026-07-30T14:32:05.673592
4,7,6,5,0,5,2026-07-30T14:32:06.919466
4,7,7,5,0,5,2026-07-30T14:32:08.580729
4,7,8,5,0,5,2026-07-30T14:32:09.640524
4,7,9,5,0,5,2026-07-30T14:32:10.691713
4,7,10,5,0,5,2026-07-30T14:32:12.539942
4,8,1,5,0,5,2026-07-30T14:32:13.572987
4,8,2,5,0,5,2026-07-30T14:32:15.022852
4,8,3,5,0,5,2026-07-30T14:32:16.671181
4,8,4,5,0,5,2026-07-30T14:32:17.927868
4,8,5,5,0,5,2026-07-30T14:32:19.766406
4,8,6,5,0,5,2026-07-30T14:32:20.804521
4,8,7,5,0,5,2026-07-30T14:32:22.646638
4,8,8,5,0,5,2026-07-30T14:32:24.488245
4,8,9,5,0,5,2026-07-30T14:32:25.714167
4,8,10,5,0,5,2026-07-30T14:32:27.567432
4,9,1,5,0,5,2026-07-30T14:32:28.605584
4,9,2,5,0,5,2026-07-30T14:32:29.828960
4,9,3,5,0,5,2026-07-30T14:32:31.263204
4,9,4,5,0,5,2026-07-30T14:32:32.277736
4,9,5,5,0,5,2026-07-30T14:32:34.118649
4,9,6,5,0,5,2026-07-30T14:32:35.772338
4,9,7,5,0,5,2026-07-30T14:32:37.621006
4,9,8,5,0,5,2026-07-30T14:32:39.125140
4,9,9,5,0,5,2026-07-30T14:32:40.618979
4,9,10,5,0,5,2026-07-30T14:32:41.878469
4,10,1,5,0,5,2026-07-30T14:32:43.307807
4,10,2,5,0,5,2026-07-30T14:32:44.975708
4,10,3,5,0,5,2026-07-30T14:32:46.624267
4,10,4,5,0,5,2026-07-30T14:32:47.482483
4,10,5,5,0,5,2026-07-30T14:32:48.562238
4,10,6,5,0,5,2026-07-30T14:32:50.225496
4,10,7,5,0,5,2026-07-30T14:32:51.477097
4,10,8,5,0,5,2026-07-30T14:32:53.170043
4,10,9,5,0,5,2026-07-30T14:32:54.423798
4,10,10,5,0,5,2026-07-30T14:32:55.893625
4,11,1,5,0,5,2026-07-30T14:32:57.335404
4,11,2,5,0,5,2026-07-30T14:32:58.580878
4,11,3,5,0,5,2026-07-30T14:33:00.040120
4,11,4,5,0,5,2026-07-30T14:33:01.084221
4,11,5,5,0,5,2026-07-30T14:33:02.941489
4,11,6,5,0,5,2026-07-30T14:33:04.192046
4,11,7,5,0,5,2026-07-30T14:33:05.414286
4,11,8,5,0,5,2026-07-30T14:33:06.874345
4,11,9,5,0,5,2026-07-30T14:33:08.120446
4,11,10,5,0,5,2026-07-30T14:33:09.362464
4,12,1,5,0,5,2026-07-30T14:33:10.598616
4,12,2,5,0,5,2026-07-30T14:33:12.416773
4,12,3,5,0,5,2026-07-30T14:33:14.047881
4,12,4,5,0,5,2026-07-30T14:33:15.492252
4,12,5,5,0,5,2026-07-30T14:33:17.357856
4,12,6,5,0,5,2026-07-30T14:33:18.607270
4,12,7,5,0,5,2026-07-30T14:33:20.060639
4,12,8,5,0,5,2026-07-30T14:33:21.892893
4,12,9,5,0,5,2026-07-30T14:33:23.574393
4,12,10,5,0,5,2026-07-30T14:33:25.445540
4,13,1,5,0,5,2026-07-30T14:33:26.915701
4,13,2,5,0,5,2026-07-30T14:33:27.967730
4,13,3,5,0,5,2026-07-30T14:33:29.025439
4,13,4,5,0,5,2026-07-30T14:33:30.275812
4,13,5,5,0,5,2026-07-30T14:33:31.310989
4,13,6,5,0,5,2026-07-30T14:33:32.958809
4,13,7,5,0,5,2026-07-30T14:33:34.429665
4,13,8,5,0,5,2026-07-30T14:33:35.654630
4,13,9,5,0,5,2026-07-30T14:33:38.902317
4,13,10,5,0,5,2026-07-30T14:33:40.342802
4,14,1,5,0,5,2026-07-30T14:33:42.004572
4,14,2,5,0,5,2026-07-30T14:33:43.475399
4,14,3,5,0,5,2026-07-30T14:33:44.917900
4,14,4,5,0,5,2026-07-30T14:33:46.360656
4,14,5,5,0,5,2026-07-30T14:33:47.406167
4,14,6,5,0,5,2026-07-30T14:33:48.858104
4,14,7,5,0,5,2026-07-30T14:33:50.278784
4,14,8,5,0,5,2026-07-30T14:33:51.321455
4,14,9,5,0,5,2026-07-30T14:33:52.789859
4,14,10,5,0,5,2026-07-30T14:33:54.463186
4,15,1,5,0,5,2026-07-30T14:33:55.923698
4,15,2,5,0,5,2026-07-30T14:33:57.556412
4,15,3,5,0,5,2026-07-30T14:33:58.787836
4,15,4,5,0,5,2026-07-30T14:34:00.425825
4,15,5,5,0,5,2026-07-30T14:34:01.689800
4,15,6,5,0,5,2026-07-30T14:34:02.737948
4,15,7,5,0,5,2026-07-30T14:34:04.191024
4,15,8,5,0,5,2026-07-30T14:34:05.628547
4,15,9,5,0,5,2026-07-30T14:34:07.491001
4,15,10,5,0,5,2026-07-30T14:34:09.120434
4,16,1,5,0,5,2026-07-30T14:34:10.378643
4,16,2,5,0,5,2026-07-30T14:34:12.220343
4,16,3,5,0,5,2026-07-30T14:34:13.872619
4,16,4,5,0,5,2026-07-30T14:34:15.301995
4,16,5,5,0,5,2026-07-30T14:34:16.570824
4,16,6,5,0,5,2026-07-30T14:34:18.205899
4,16,7,5,0,5,2026-07-30T14:34:19.252738
4,16,8,5,0,5,2026-07-30T14:34:20.684529
4,16,9,5,0,5,2026-07-30T14:34:21.727616
4,16,10,5,0,5,2026-07-30T14:34:23.179428
4,17,1,5,0,5,2026-07-30T14:34:24.220939
4,17,2,5,0,5,2026-07-30T14:34:25.460494
4,17,3,5,0,5,2026-07-30T14:34:27.123457
4,17,4,5,0,5,2026-07-30T14:34:28.966633
4,17,5,5,0,5,2026-07-30T14:34:30.418004
4,17,6,5,0,5,2026-07-30T14:34:31.457978
4,17,7,5,0,5,2026-07-30T14:34:33.309104
4,17,8,5,0,5,2026-07-30T14:34:35.162882
4,17,9,5,0,5,2026-07-30T14:34:36.680962
4,17,10,5,0,5,2026-07-30T14:34:38.334912
4,18,1,5,0,5,2026-07-30T14:34:39.562147
4,18,2,5,0,5,2026-07-30T14:34:40.599334
4,18,3,5,0,5,2026-07-30T14:34:41.842409
4,18,4,5,0,5,2026-07-30T14:34:43.308427
4,18,5,5,0,5,2026-07-30T14:34:45.174864
4,18,6,5,0,5,2026-07-30T14:34:46.421934
4,18,7,5,0,5,2026-07-30T14:34:48.081732
4,18,8,5,0,5,2026-07-30T14:34:49.921958
4,18,9,5,0,5,2026-07-30T14:34:51.364965
4,18,10,5,0,5,2026-07-30T14:34:52.823182
4,19,1,5,0,5,2026-07-30T14:34:54.488583
4,19,2,5,0,5,2026-07-30T14:34:56.130199
4,19,3,5,0,5,2026-07-30T14:34:57.176029
4,19,4,5,0,5,2026-07-30T14:34:58.405749
4,19,5,5,0,5,2026-07-30T14:34:59.651701
4,19,6,5,0,5,2026-07-30T14:35:00.683793
4,19,7,5,0,5,2026-07-30T14:35:02.324605
4,19,8,5,0,5,2026-07-30T14:35:04.182125
4,19,9,5,0,5,2026-07-30T14:35:06.026954
4,19,10,5,0,5,2026-07-30T14:35:07.276631
4,20,1,5,0,5,2026-07-30T14:35:08.739985
4,20,2,5,0,5,2026-07-30T14:35:10.370802
4,20,3,5,0,5,2026-07-30T14:35:11.818679
4,20,4,5,0,5,2026-07-30T14:35:13.660513
4,20,5,5,0,5,2026-07-30T14:35:14.927505
4,20,6,5,0,5,2026-07-30T14:35:15.969937
4,20,7,5,0,5,2026-07-30T14:35:17.422343
4,20,8,5,0,5,2026-07-30T14:35:19.288291
4,20,9,5,0,5,2026-07-30T14:35:20.541059
4,20,10,5,0,5,2026-07-30T14:35:22.176502
4,21,1,5,0,5,2026-07-30T14:35:23.826815
4,21,2,5,0,5,2026-07-30T14:35:25.057192
4,21,3,5,0,5,2026-07-30T14:35:26.132848
4,21,4,5,0,5,2026-07-30T14:35:27.766891
4,21,5,5,0,5,2026-07-30T14:35:29.416946
4,21,6,5,0,5,2026-07-30T14:35:31.263268
4,21,7,5,0,5,2026-07-30T14:35:32.509203
4,21,8,5,0,5,2026-07-30T14:35:34.342034
4,21,9,5,0,5,2026-07-30T14:35:36.002868
4,21,10,5,0,5,2026-07-30T14:35:37.448229
4,22,1,5,0,5,2026-07-30T14:35:39.103194
4,22,2,5,0,5,2026-07-30T14:35:40.748116
4,22,3,5,0,5,2026-07-30T14:35:41.797560
4,22,4,5,0,5,2026-07-30T14:35:43.426431
4,22,5,5,0,5,2026-07-30T14:35:44.679041
4,22,6,5,0,5,2026-07-30T14:35:46.150907
4,22,7,5,0,5,2026-07-30T14:35:47.221295
4,22,8,5,0,5,2026-07-30T14:35:48.859488
4,22,9,5,0,5,2026-07-30T14:35:50.321437
4,22,10,5,0,5,2026-07-30T14:35:51.981157
4,23,1,5,0,5,2026-07-30T14:35:53.034496
4,23,2,5,0,5,2026-07-30T14:35:54.497929
4,23,3,5,0,5,2026-07-30T14:35:56.312888
4,23,4,5,0,5,2026-07-30T14:35:57.959363
4,23,5,5,0,5,2026-07-30T14:35:59.002703
4,23,6,5,0,5,2026-07-30T14:36:00.887527
4,23,7,5,0,5,2026-07-30T14:36:01.948789
4,23,8,5,0,5,2026-07-30T14:36:03.618056
4,23,9,5,0,5,2026-07-30T14:36:05.168876
4,23,10,5,0,5,2026-07-30T14:36:06.415946
4,24,1,5,0,5,2026-07-30T14:36:07.869637
4,24,2,5,0,5,2026-07-30T14:36:08.885585
4,24,3,5,0,5,2026-07-30T14:36:10.731082
4,24,4,5,0,5,2026-07-30T14:36:12.178706
4,24,5,5,0,5,2026-07-30T14:36:14.035826
4,24,6,5,0,5,2026-07-30T14:36:15.469404
4,24,7,5,0,5,2026-07-30T14:36:17.314368
4,24,8,5,0,5,2026-07-30T14:36:18.568985
4,24,9,5,0,5,2026-07-30T14:36:19.997954
4,24,10,5,0,5,2026-07-30T14:36:21.263431
4,25,1,5,0,5,2026-07-30T14:36:22.942069
4,25,2,5,0,5,2026-07-30T14:36:24.796811
4,25,3,5,0,5,2026-07-30T14:36:26.037507
4,25,4,3,0,3,2026-07-30T14:36:27.893511
4,25,5,5,0,5,2026-07-30T14:36:29.742895
4,25,6,5,0,5,2026-07-30T14:36:31.186799
4,25,7,4,0,4,2026-07-30T14:36:32.427572
4,25,8,5,0,5,2026-07-30T14:36:33.475419
4,25,9,0,0,0,2026-07-30T14:36:34.715915
4,25,10,3,0,3,2026-07-30T14:36:35.966443
4,26,1,5,0,5,2026-07-30T14:36:37.217181
4,26,2,5,0,5,2026-07-30T14:36:38.669287
4,26,3,5,0,5,2026-07-30T14:36:40.127963
4,26,4,5,0,5,2026-07-30T14:36:41.160639
4,26,5,5,0,5,2026-07-30T14:36:42.374004
4,26,6,5,0,5,2026-07-30T14:36:43.816386
4,26,7,5,0,5,2026-07-30T14:36:45.658235
4,26,8,5,0,5,2026-07-30T14:36:46.889359
4,26,9,5,0,5,2026-07-30T14:36:48.108171
4,26,10,5,0,5,2026-07-30T14:36:49.762835
4,27,1,5,0,5,2026-07-30T14:36:51.423013
4,27,2,5,0,5,2026-07-30T14:36:52.884685
4,27,3,5,0,5,2026-07-30T14:36:54.519853
4,27,4,5,0,5,2026-07-30T14:36:55.595025
4,27,5,5,0,5,2026-07-30T14:36:56.642604
4,27,6,5,0,5,2026-07-30T14:36:57.902928
4,27,7,5,0,5,2026-07-30T14:36:59.547547
4,27,8,5,0,5,2026-07-30T14:37:00.783162
4,27,9,5,0,5,2026-07-30T14:37:02.030945
4,27,10,5,0,5,2026-07-30T14:37:03.282585
4,28,1,5,0,5,2026-07-30T14:37:04.327073
4,28,2,5,0,5,2026-07-30T14:37:06.184238
4,28,3,4,0,4,2026-07-30T14:37:07.629447
4,28,4,5,0,5,2026-07-30T14:37:09.486455
4,28,5,5,0,5,2026-07-30T14:37:10.917887
4,28,6,5,0,5,2026-07-30T14:37:12.577936
4,28,7,5,0,5,2026-07-30T14:37:14.251587
4,28,8,5,0,5,2026-07-30T14:37:15.894701
4,28,9,5,0,5,2026-07-30T14:37:17.539327
4,28,10,5,0,5,2026-07-30T14:37:19.405584
4,29,1,5,0,5,2026-07-30T14:37:21.045204
4,29,2,5,0,5,2026-07-30T14:37:22.699879
4,29,3,5,0,5,2026-07-30T14:37:24.360341
4,29,4,5,0,5,2026-07-30T14:37:25.408344
4,29,5,5,0,5,2026-07-30T14:37:27.274927
4,29,6,5,0,5,2026-07-30T14:37:29.127040
4,29,7,5,0,5,2026-07-30T14:37:30.576963
4,29,8,5,0,5,2026-07-30T14:37:32.233160
4,29,9,5,0,5,2026-07-30T14:37:34.082197
4,29,10,5,0,5,2026-07-30T14:37:35.110712
4,30,1,5,0,5,2026-07-30T14:37:36.145743
4,30,2,5,0,5,2026-07-30T14:37:37.798085
4,30,3,5,0,5,2026-07-30T14:37:39.243837
4,30,4,5,0,5,2026-07-30T14:37:40.291066
4,30,5,5,0,5,2026-07-30T14:37:41.755077
4,30,6,5,0,5,2026-07-30T14:37:42.998681
4,30,7,5,0,5,2026-07-30T14:37:44.850214
4,30,8,5,0,5,2026-07-30T14:37:46.698222
4,30,9,5,0,5,2026-07-30T14:37:47.742457
4,30,10,5,0,5,2026-07-30T14:37:49.586225
5,1,1,0,0,0,2026-07-30T14:37:51.450036
5,1,2,0,0,0,2026-07-30T14:37:52.680226
5,1,3,0,0,0,2026-07-30T14:37:53.708434
5,1,4,0,0,0,2026-07-30T14:37:54.946081
5,1,5,0,0,0,2026-07-30T14:37:56.786414
5,1,6,0,0,0,2026-07-30T14:38:03.495254
5,1,7,0,0,0,2026-07-30T14:38:05.341982
5,1,8,5,0,5,2026-07-30T14:38:06.980621
5,1,9,5,0,5,2026-07-30T14:38:08.210960
5,1,10,5,0,5,2026-07-30T14:38:09.645925
5,2,1,5,0,5,2026-07-30T14:38:10.714262
5,2,2,5,0,5,2026-07-30T14:38:12.558630
5,2,3,5,0,5,2026-07-30T14:38:14.401408
5,2,4,0,0,0,2026-07-30T14:38:16.047437
5,2,5,5,0,5,2026-07-30T14:38:17.690733
5,2,6,5,0,5,2026-07-30T14:38:19.130897
5,2,7,5,0,5,2026-07-30T14:38:20.767035
5,2,8,5,0,5,2026-07-30T14:38:22.015708
5,2,9,5,0,5,2026-07-30T14:38:23.685814
5,2,10,0,0,0,2026-07-30T14:38:24.717686
5,3,1,5,0,5,2026-07-30T14:38:25.759904
5,3,2,5,0,5,2026-07-30T14:38:26.794321
5,3,3,5,0,5,2026-07-30T14:38:28.431706
5,3,4,5,0,5,2026-07-30T14:38:29.675270
5,3,5,5,0,5,2026-07-30T14:38:31.327055
5,3,6,3,0,3,2026-07-30T14:38:52.752844
5,3,7,0,0,0,2026-07-30T14:38:53.999575
5,3,8,5,0,5,2026-07-30T14:38:55.355618
5,3,9,5,0,5,2026-07-30T14:38:56.394138
5,3,10,0,0,0,2026-07-30T14:38:57.829612
5,4,1,0,0,0,2026-07-30T14:38:59.264489
5,4,2,0,0,0,2026-07-30T14:39:00.951131
5,4,3,0,0,0,2026-07-30T14:39:02.813978
5,4,4,0,0,0,2026-07-30T14:39:04.253936
5,4,5,0,0,0,2026-07-30T14:39:06.099547
5,4,6,0,0,0,2026-07-30T14:39:07.738139
5,4,7,0,0,0,2026-07-30T14:39:08.960421
5,4,8,0,0,0,2026-07-30T14:39:10.802059
5,4,9,0,0,0,2026-07-30T14:39:12.243353
5,4,10,0,0,0,2026-07-30T14:39:14.076598
5,5,1,0,0,0,2026-07-30T14:39:15.926163
5,5,2,0,0,0,2026-07-30T14:39:17.775123
5,5,3,0,0,0,2026-07-30T14:39:18.801220
5,5,4,0,0,0,2026-07-30T14:39:20.028531
5,5,5,0,0,0,2026-07-30T14:39:21.680542
5,5,6,0,0,0,2026-07-30T14:39:22.731132
5,5,7,0,0,0,2026-07-30T14:39:24.588534
5,5,8,0,0,0,2026-07-30T14:39:26.029394
5,5,9,0,0,0,2026-07-30T14:39:27.687630
5,5,10,0,0,0,2026-07-30T14:39:29.330863
5,6,1,0,0,0,2026-07-30T14:39:30.695285
5,6,2,0,0,0,2026-07-30T14:39:31.796790
5,6,3,5,0,5,2026-07-30T14:39:32.859525
5,6,4,0,0,0,2026-07-30T14:39:34.123850
5,6,5,0,0,0,2026-07-30T14:39:35.174148
5,6,6,5,0,5,2026-07-30T14:39:36.629323
5,6,7,0,0,0,2026-07-30T14:39:38.587157
5,6,8,0,0,0,2026-07-30T14:39:40.253831
5,6,9,0,0,0,2026-07-30T14:39:41.520303
5,6,10,5,0,5,2026-07-30T14:39:43.881474
5,7,1,0,0,0,2026-07-30T14:39:45.147527
5,7,2,0,0,0,2026-07-30T14:39:46.405301
5,7,3,0,0,0,2026-07-30T14:39:47.662662
5,7,4,0,0,0,2026-07-30T14:39:49.404274
5,7,5,0,0,0,2026-07-30T14:39:50.867021
5,7,6,0,0,0,2026-07-30T14:39:52.744421
5,7,7,0,0,0,2026-07-30T14:39:53.998572
5,7,8,5,0,5,2026-07-30T14:39:55.662902
5,7,9,5,0,5,2026-07-30T14:39:57.132867
5,7,10,3,0,3,2026-07-30T14:39:58.983235
5,8,1,3,0,3,2026-07-30T14:40:00.052903
5,8,2,0,0,0,2026-07-30T14:40:01.740270
5,8,3,0,0,0,2026-07-30T14:40:03.656721
5,8,4,0,0,0,2026-07-30T14:40:05.204332
5,8,5,5,0,5,2026-07-30T14:40:07.266509
5,8,6,0,0,0,2026-07-30T14:40:08.316804
5,8,7,0,0,0,2026-07-30T14:40:09.491567
5,8,8,5,0,5,2026-07-30T14:40:11.144506
5,8,9,0,0,0,2026-07-30T14:40:12.200089
5,8,10,0,0,0,2026-07-30T14:40:13.690380
5,9,1,0,0,0,2026-07-30T14:40:15.167372
5,9,2,0,0,0,2026-07-30T14:40:16.224104
5,9,3,0,0,0,2026-07-30T14:40:17.697205
5,9,4,0,0,0,2026-07-30T14:40:19.377081
5,9,5,0,0,0,2026-07-30T14:40:21.056917
5,9,6,0,0,0,2026-07-30T14:40:22.109668
5,9,7,0,0,0,2026-07-30T14:40:23.873024
5,9,8,0,0,0,2026-07-30T14:40:25.749575
5,9,9,0,0,0,2026-07-30T14:40:27.403660
5,9,10,0,0,0,2026-07-30T14:40:29.089040
5,10,1,0,0,0,2026-07-30T14:40:30.748675
5,10,2,0,0,0,2026-07-30T14:40:32.416439
5,10,3,0,0,0,2026-07-30T14:40:33.669965
5,10,4,0,0,0,2026-07-30T14:40:35.537147
5,10,5,0,0,0,2026-07-30T14:40:36.785995
5,10,6,0,0,0,2026-07-30T14:40:37.838563
5,10,7,0,0,0,2026-07-30T14:40:39.090342
5,10,8,0,0,0,2026-07-30T14:40:40.339260
5,10,9,0,0,0,2026-07-30T14:40:41.597806
5,10,10,0,0,0,2026-07-30T14:40:43.113000
5,11,1,0,0,0,2026-07-30T14:40:44.556480
5,11,2,0,0,0,2026-07-30T14:40:46.427728
5,11,3,0,0,0,2026-07-30T14:40:47.648781
5,11,4,0,0,0,2026-07-30T14:40:49.320954
5,11,5,0,0,0,2026-07-30T14:40:50.381819
5,11,6,0,0,0,2026-07-30T14:40:51.832097
5,11,7,0,0,0,2026-07-30T14:40:53.186555
5,11,8,0,0,0,2026-07-30T14:40:54.844777
5,11,9,0,0,0,2026-07-30T14:40:56.501942
5,11,10,0,0,0,2026-07-30T14:40:58.479746
5,12,1,5,0,5,2026-07-30T14:40:59.892097
5,12,2,5,0,5,2026-07-30T14:41:01.750479
5,12,3,5,0,5,2026-07-30T14:41:03.243784
5,12,4,5,0,5,2026-07-30T14:41:04.283437
5,12,5,5,0,5,2026-07-30T14:41:05.731460
5,12,6,5,0,5,2026-07-30T14:41:07.598465
5,12,7,5,0,5,2026-07-30T14:41:09.261594
5,12,8,5,0,5,2026-07-30T14:41:11.417439
5,12,9,5,0,5,2026-07-30T14:41:12.887612
5,12,10,5,0,5,2026-07-30T14:41:14.149406
5,13,1,0,0,0,2026-07-30T14:41:15.404518
5,13,2,0,0,0,2026-07-30T14:41:17.271502
5,13,3,0,0,0,2026-07-30T14:41:18.540630
5,13,4,0,0,0,2026-07-30T14:41:19.763980
5,13,5,0,0,0,2026-07-30T14:41:21.043940
5,13,6,0,0,0,2026-07-30T14:41:22.899016
5,13,7,0,0,0,2026-07-30T14:41:24.362588
5,13,8,0,0,0,2026-07-30T14:41:25.385555
5,13,9,0,0,0,2026-07-30T14:41:26.250873
5,13,10,0,0,0,2026-07-30T14:41:28.109733
5,14,1,5,0,5,2026-07-30T14:41:29.560213
5,14,2,5,0,5,2026-07-30T14:41:31.421607
5,14,3,5,0,5,2026-07-30T14:41:32.854140
5,14,4,5,0,5,2026-07-30T14:41:33.913526
5,14,5,5,0,5,2026-07-30T14:41:34.965622
5,14,6,5,0,5,2026-07-30T14:41:36.025687
5,14,7,5,0,5,2026-07-30T14:41:37.077436
5,14,8,5,0,5,2026-07-30T14:41:38.937441
5,14,9,5,0,5,2026-07-30T14:41:40.791447
5,14,10,5,0,5,2026-07-30T14:41:42.256957
5,15,1,0,0,0,2026-07-30T14:41:43.711514
5,15,2,0,0,0,2026-07-30T14:41:45.174310
5,15,3,0,0,0,2026-07-30T14:41:46.235365
5,15,4,0,0,0,2026-07-30T14:41:48.079571
5,15,5,0,0,0,2026-07-30T14:41:49.134483
5,15,6,0,0,0,2026-07-30T14:41:50.382245
5,15,7,0,0,0,2026-07-30T14:41:52.238222
5,15,8,0,0,0,2026-07-30T14:41:53.275850
5,15,9,0,0,0,2026-07-30T14:41:55.137223
5,15,10,0,0,0,2026-07-30T14:41:56.209204
5,16,1,5,0,5,2026-07-30T14:41:58.186209
5,16,2,5,0,5,2026-07-30T14:42:00.085980
5,16,3,5,0,5,2026-07-30T14:42:01.567872
5,16,4,5,0,5,2026-07-30T14:42:02.417890
5,16,5,5,0,5,2026-07-30T14:42:04.094170
5,16,6,5,0,5,2026-07-30T14:42:05.347538
5,16,7,5,0,5,2026-07-30T14:42:06.794525
5,16,8,5,0,5,2026-07-30T14:42:08.249168
5,16,9,5,0,5,2026-07-30T14:42:09.683318
5,16,10,5,0,5,2026-07-30T14:42:11.132534
5,17,1,5,0,5,2026-07-30T14:42:12.160254
5,17,2,5,0,5,2026-07-30T14:42:14.032032
5,17,3,5,0,5,2026-07-30T14:42:15.274616
5,17,4,5,0,5,2026-07-30T14:42:16.748033
5,17,5,5,0,5,2026-07-30T14:42:17.794662
5,17,6,5,0,5,2026-07-30T14:42:19.657727
5,17,7,5,0,5,2026-07-30T14:42:20.916619
5,17,8,5,0,5,2026-07-30T14:42:22.770013
5,17,9,5,0,5,2026-07-30T14:42:24.621671
5,17,10,5,0,5,2026-07-30T14:42:25.668087
5,18,1,5,0,5,2026-07-30T14:42:27.537773
5,18,2,5,0,5,2026-07-30T14:42:28.980632
5,18,3,5,0,5,2026-07-30T14:42:30.046672
5,18,4,5,0,5,2026-07-30T14:42:31.727595
5,18,5,5,0,5,2026-07-30T14:42:32.978507
5,18,6,5,0,5,2026-07-30T14:42:34.436252
5,18,7,5,0,5,2026-07-30T14:42:35.494121
5,18,8,5,0,5,2026-07-30T14:42:37.150430
5,18,9,5,0,5,2026-07-30T14:42:38.205581
5,18,10,5,0,5,2026-07-30T14:42:39.852269
5,19,1,5,0,5,2026-07-30T14:42:41.492453
5,19,2,5,0,5,2026-07-30T14:42:42.536180
5,19,3,5,0,5,2026-07-30T14:42:43.780064
5,19,4,5,0,5,2026-07-30T14:42:45.035880
5,19,5,5,0,5,2026-07-30T14:42:46.065512
5,19,6,5,0,5,2026-07-30T14:42:47.688869
5,19,7,5,0,5,2026-07-30T14:42:48.722323
5,19,8,5,0,5,2026-07-30T14:42:49.982723
5,19,9,5,0,5,2026-07-30T14:42:51.444627
5,19,10,5,0,5,2026-07-30T14:42:53.306543
5,20,1,5,0,5,2026-07-30T14:42:55.162405
5,20,2,5,0,5,2026-07-30T14:42:56.198979
5,20,3,5,0,5,2026-07-30T14:42:57.856274
5,20,4,5,0,5,2026-07-30T14:42:58.888064
5,20,5,5,0,5,2026-07-30T14:43:00.143436
5,20,6,5,0,5,2026-07-30T14:43:01.200576
5,20,7,5,0,5,2026-07-30T14:43:03.057017
5,20,8,5,0,5,2026-07-30T14:43:04.729714
5,20,9,5,0,5,2026-07-30T14:43:05.762700
5,20,10,5,0,5,2026-07-30T14:43:07.392857
5,21,1,5,0,5,2026-07-30T14:43:08.841759
5,21,2,5,0,5,2026-07-30T14:43:09.890690
5,21,3,5,0,5,2026-07-30T14:43:11.734145
5,21,4,5,0,5,2026-07-30T14:43:12.954115
5,21,5,5,0,5,2026-07-30T14:43:14.408869
5,21,6,5,0,5,2026-07-30T14:43:16.257613
5,21,7,5,0,5,2026-07-30T14:43:17.807816
5,21,8,5,0,5,2026-07-30T14:43:19.240550
5,21,9,5,0,5,2026-07-30T14:43:20.888523
5,21,10,5,0,5,2026-07-30T14:43:22.325398
5,22,1,5,0,5,2026-07-30T14:43:24.163405
5,22,2,5,0,5,2026-07-30T14:43:26.018537
5,22,3,5,0,5,2026-07-30T14:43:27.037595
5,22,4,5,0,5,2026-07-30T14:43:28.700491
5,22,5,5,0,5,2026-07-30T14:43:30.356266
5,22,6,5,0,5,2026-07-30T14:43:32.210846
5,22,7,5,0,5,2026-07-30T14:43:34.050154
5,22,8,5,0,5,2026-07-30T14:43:35.711593
5,22,9,5,0,5,2026-07-30T14:43:36.941195
5,22,10,5,0,5,2026-07-30T14:43:37.994471
5,23,1,5,0,5,2026-07-30T14:43:39.112044
5,23,2,5,0,5,2026-07-30T14:43:40.179939
5,23,3,5,0,5,2026-07-30T14:43:41.653638
5,23,4,5,0,5,2026-07-30T14:43:42.711486
5,23,5,5,0,5,2026-07-30T14:43:44.377681
5,23,6,5,0,5,2026-07-30T14:43:45.847724
5,23,7,5,0,5,2026-07-30T14:43:47.312475
5,23,8,5,0,5,2026-07-30T14:43:48.770783
5,23,9,5,0,5,2026-07-30T14:43:50.220001
5,23,10,5,0,5,2026-07-30T14:43:51.706184
5,24,1,5,0,5,2026-07-30T14:43:52.945014
5,24,2,5,0,5,2026-07-30T14:43:54.615942
5,24,3,5,0,5,2026-07-30T14:43:55.659453
5,24,4,5,0,5,2026-07-30T14:43:56.925742
5,24,5,5,0,5,2026-07-30T14:43:58.779189
5,24,6,5,0,5,2026-07-30T14:44:00.407246
5,24,7,5,0,5,2026-07-30T14:44:01.447988
5,24,8,5,0,5,2026-07-30T14:44:03.081790
5,24,9,5,0,5,2026-07-30T14:44:04.727548
5,24,10,5,0,5,2026-07-30T14:44:06.191557
5,25,1,0,0,0,2026-07-30T14:44:07.443884
5,25,2,0,0,0,2026-07-30T14:44:08.709916
5,25,3,0,0,0,2026-07-30T14:44:10.170233
5,25,4,0,0,0,2026-07-30T14:44:11.607422
5,25,5,0,0,0,2026-07-30T14:44:13.439095
5,25,6,0,0,0,2026-07-30T14:44:14.879205
5,25,7,0,0,0,2026-07-30T14:44:16.139860
5,25,8,0,0,0,2026-07-30T14:44:17.166774
5,25,9,0,0,0,2026-07-30T14:44:18.412442
5,25,10,0,0,0,2026-07-30T14:44:19.857818
5,26,1,5,0,5,2026-07-30T14:44:21.320928
5,26,2,5,0,5,2026-07-30T14:44:23.171000
5,26,3,5,0,5,2026-07-30T14:44:24.217086
5,26,4,5,0,5,2026-07-30T14:44:25.860376
5,26,5,5,0,5,2026-07-30T14:44:27.093912
5,26,6,5,0,5,2026-07-30T14:44:28.961568
5,26,7,5,0,5,2026-07-30T14:44:30.417876
5,26,8,5,0,5,2026-07-30T14:44:31.449450
5,26,9,5,0,5,2026-07-30T14:44:33.311946
5,26,10,5,0,5,2026-07-30T14:44:34.760005
5,27,1,5,0,5,2026-07-30T14:44:36.605586
5,27,2,5,0,5,2026-07-30T14:44:38.070675
5,27,3,5,0,5,2026-07-30T14:44:39.511292
5,27,4,5,0,5,2026-07-30T14:44:41.175256
5,27,5,5,0,5,2026-07-30T14:44:43.039751
5,27,6,5,0,5,2026-07-30T14:44:44.341889
5,27,7,5,0,5,2026-07-30T14:44:45.993985
5,27,8,5,0,5,2026-07-30T14:44:47.637261
5,27,9,5,0,5,2026-07-30T14:44:48.900434
5,27,10,5,0,5,2026-07-30T14:44:50.557270
5,28,1,5,0,5,2026-07-30T14:44:51.992196
5,28,2,5,0,5,2026-07-30T14:44:53.026783
5,28,3,5,0,5,2026-07-30T14:44:54.164947
5,28,4,5,0,5,2026-07-30T14:44:56.030975
5,28,5,5,0,5,2026-07-30T14:44:57.509299
5,28,6,5,0,5,2026-07-30T14:44:58.567004
5,28,7,5,0,5,2026-07-30T14:45:00.008816
5,28,8,5,0,5,2026-07-30T14:45:01.448410
5,28,9,5,0,5,2026-07-30T14:45:02.908439
5,28,10,5,0,5,2026-07-30T14:45:03.954750
5,29,1,5,0,5,2026-07-30T14:45:05.449561
5,29,2,5,0,5,2026-07-30T14:45:06.493510
5,29,3,5,0,5,2026-07-30T14:45:08.190596
5,29,4,5,0,5,2026-07-30T14:45:09.262801
5,29,5,5,0,5,2026-07-30T14:45:10.551212
5,29,6,5,0,5,2026-07-30T14:45:11.595631
5,29,7,5,0,5,2026-07-30T14:45:13.037698
5,29,8,5,0,5,2026-07-30T14:45:14.691904
5,29,9,5,0,5,2026-07-30T14:45:16.566109
5,29,10,5,0,5,2026-07-30T14:45:17.608859
5,30,1,5,0,5,2026-07-30T14:45:18.839422
5,30,2,5,0,5,2026-07-30T14:45:20.272952
5,30,3,5,0,5,2026-07-30T14:45:21.945617
5,30,4,5,0,5,2026-07-30T14:45:23.184486
5,30,5,5,0,5,2026-07-30T14:45:24.854371
5,30,6,5,0,5,2026-07-30T14:45:26.493420
5,30,7,5,0,5,2026-07-30T14:45:27.951671
5,30,8,5,0,5,2026-07-30T14:45:29.392829
5,30,9,5,0,5,2026-07-30T14:45:30.620553
5,30,10,5,0,5,2026-07-30T14:45:31.864476
6,1,1,5,0,5,2026-07-30T14:45:33.505083
6,1,2,5,0,5,2026-07-30T14:45:34.785328
6,1,3,5,0,5,2026-07-30T14:45:36.651504
6,1,4,5,0,5,2026-07-30T14:45:37.722509
6,1,5,5,0,5,2026-07-30T14:45:39.353181
6,1,6,5,0,5,2026-07-30T14:45:40.799742
6,1,7,5,0,5,2026-07-30T14:45:42.444470
6,1,8,5,0,5,2026-07-30T14:45:43.897271
6,1,9,5,0,5,2026-07-30T14:45:45.330135
6,1,10,5,0,5,2026-07-30T14:45:46.435546
6,2,1,5,0,5,2026-07-30T14:45:47.497125
6,2,2,5,0,5,2026-07-30T14:45:48.971882
6,2,3,5,0,5,2026-07-30T14:45:50.226717
6,2,4,5,0,5,2026-07-30T14:45:51.481607
6,2,5,5,0,5,2026-07-30T14:45:52.947603
6,2,6,5,0,5,2026-07-30T14:45:54.477183
6,2,7,5,0,5,2026-07-30T14:45:56.520250
6,2,8,5,0,5,2026-07-30T14:45:58.373571
6,2,9,5,0,5,2026-07-30T14:46:00.020127
6,2,10,5,0,5,2026-07-30T14:46:01.907799
6,3,1,0,0,0,2026-07-30T14:46:03.552575
6,3,2,5,0,5,2026-07-30T14:46:05.211988
6,3,3,5,0,5,2026-07-30T14:46:06.839818
6,3,4,0,0,0,2026-07-30T14:46:08.510055
6,3,5,0,0,0,2026-07-30T14:46:09.958782
6,3,6,0,0,0,2026-07-30T14:46:11.804648
6,3,7,0,0,0,2026-07-30T14:46:13.253082
6,3,8,0,0,0,2026-07-30T14:46:14.679349
6,3,9,3,0,3,2026-07-30T14:46:16.544773
6,3,10,3,0,3,2026-07-30T14:46:18.021905
6,4,1,5,0,5,2026-07-30T14:46:19.470675
6,4,2,5,0,5,2026-07-30T14:46:21.321658
6,4,3,5,0,5,2026-07-30T14:46:22.960545
6,4,4,5,0,5,2026-07-30T14:46:24.407312
6,4,5,5,0,5,2026-07-30T14:46:25.462127
6,4,6,3,0,3,2026-07-30T14:46:27.298099
6,4,7,5,0,5,2026-07-30T14:46:28.399696
6,4,8,5,0,5,2026-07-30T14:46:29.825908
6,4,9,5,0,5,2026-07-30T14:46:31.685284
6,4,10,5,0,5,2026-07-30T14:46:33.115947
6,5,1,5,0,5,2026-07-30T14:46:34.980749
6,5,2,0,0,0,2026-07-30T14:46:36.057768
6,5,3,5,0,5,2026-07-30T14:46:37.481771
6,5,4,5,0,5,2026-07-30T14:46:38.526010
6,5,5,0,0,0,2026-07-30T14:46:39.790473
6,5,6,5,0,5,2026-07-30T14:46:41.029698
6,5,7,0,0,0,2026-07-30T14:46:42.465135
6,5,8,5,0,5,2026-07-30T14:46:43.526580
6,5,9,0,0,0,2026-07-30T14:46:44.764372
6,5,10,5,0,5,2026-07-30T14:46:45.783391
6,6,1,5,0,5,2026-07-30T14:46:47.448429
6,6,2,5,0,5,2026-07-30T14:46:48.701297
6,6,3,5,0,5,2026-07-30T14:46:50.344604
6,6,4,5,0,5,2026-07-30T14:46:51.369134
6,6,5,5,0,5,2026-07-30T14:46:52.595180
6,6,6,5,0,5,2026-07-30T14:46:53.848444
6,6,7,5,0,5,2026-07-30T14:46:54.888616
6,6,8,5,0,5,2026-07-30T14:46:56.339837
6,6,9,5,0,5,2026-07-30T14:46:57.379753
6,6,10,5,0,5,2026-07-30T14:46:58.837361
6,7,1,5,0,5,2026-07-30T14:47:00.291373
6,7,2,5,0,5,2026-07-30T14:47:01.944603
6,7,3,5,0,5,2026-07-30T14:47:02.983523
6,7,4,5,0,5,2026-07-30T14:47:04.248265
6,7,5,5,0,5,2026-07-30T14:47:05.509279
6,7,6,5,0,5,2026-07-30T14:47:06.544674
6,7,7,5,0,5,2026-07-30T14:47:07.574955
6,7,8,5,0,5,2026-07-30T14:47:08.619224
6,7,9,5,0,5,2026-07-30T14:47:09.657587
6,7,10,5,0,5,2026-07-30T14:47:11.124491
6,8,1,5,0,5,2026-07-30T14:47:11.978213
6,8,2,5,0,5,2026-07-30T14:47:13.638509
6,8,3,5,0,5,2026-07-30T14:47:14.890845
6,8,4,5,0,5,2026-07-30T14:47:16.551574
6,8,5,5,0,5,2026-07-30T14:47:18.218980
6,8,6,5,0,5,2026-07-30T14:47:20.080824
6,8,7,5,0,5,2026-07-30T14:47:21.339482
6,8,8,5,0,5,2026-07-30T14:47:23.207843
6,8,9,5,0,5,2026-07-30T14:47:24.476620
6,8,10,5,0,5,2026-07-30T14:47:25.499379
6,9,1,5,0,5,2026-07-30T14:47:26.942812
6,9,2,5,0,5,2026-07-30T14:47:28.386264
6,9,3,5,0,5,2026-07-30T14:47:29.637754
6,9,4,5,0,5,2026-07-30T14:47:30.714966
6,9,5,4,0,4,2026-07-30T14:47:31.768557
6,9,6,5,0,5,2026-07-30T14:47:32.808629
6,9,7,5,0,5,2026-07-30T14:47:34.662079
6,9,8,5,0,5,2026-07-30T14:47:36.095781
6,9,9,5,0,5,2026-07-30T14:47:37.751300
6,9,10,5,0,5,2026-07-30T14:47:39.178639
6,10,1,5,0,5,2026-07-30T14:47:40.609268
6,10,2,5,0,5,2026-07-30T14:47:42.051821
6,10,3,0,0,0,2026-07-30T14:47:43.487268
6,10,4,0,0,0,2026-07-30T14:47:44.546279
6,10,5,5,0,5,2026-07-30T14:47:45.607431
6,10,6,5,0,5,2026-07-30T14:47:46.654235
6,10,7,5,0,5,2026-07-30T14:47:47.697803
6,10,8,5,0,5,2026-07-30T14:47:48.743661
6,10,9,5,0,5,2026-07-30T14:47:50.409840
6,10,10,5,0,5,2026-07-30T14:47:52.276453
6,11,1,5,0,5,2026-07-30T14:47:53.310366
6,11,2,5,0,5,2026-07-30T14:47:55.172512
6,11,3,5,0,5,2026-07-30T14:47:56.825858
6,11,4,5,0,5,2026-07-30T14:47:58.680100
6,11,5,5,0,5,2026-07-30T14:47:59.729406
6,11,6,5,0,5,2026-07-30T14:48:01.389729
6,11,7,5,0,5,2026-07-30T14:48:03.019515
6,11,8,5,0,5,2026-07-30T14:48:04.850714
6,11,9,5,0,5,2026-07-30T14:48:05.898111
6,11,10,5,0,5,2026-07-30T14:48:07.401428
6,12,1,5,0,5,2026-07-30T14:48:09.126825
6,12,2,5,0,5,2026-07-30T14:48:10.985684
6,12,3,5,0,5,2026-07-30T14:48:12.839172
6,12,4,5,0,5,2026-07-30T14:48:14.295337
6,12,5,5,0,5,2026-07-30T14:48:15.753302
6,12,6,5,0,5,2026-07-30T14:48:16.784014
6,12,7,5,0,5,2026-07-30T14:48:18.224087
6,12,8,5,0,5,2026-07-30T14:48:19.259137
6,12,9,5,0,5,2026-07-30T14:48:20.322790
6,12,10,5,0,5,2026-07-30T14:48:21.429683
6,13,1,5,0,5,2026-07-30T14:48:23.276433
6,13,2,5,0,5,2026-07-30T14:48:24.732460
6,13,3,5,0,5,2026-07-30T14:48:26.590867
6,13,4,4,0,4,2026-07-30T14:48:27.838640
6,13,5,5,0,5,2026-07-30T14:48:29.710865
6,13,6,5,0,5,2026-07-30T14:48:31.588391
6,13,7,5,0,5,2026-07-30T14:48:32.638695
6,13,8,5,0,5,2026-07-30T14:48:34.509239
6,13,9,5,0,5,2026-07-30T14:48:35.563639
6,13,10,5,0,5,2026-07-30T14:48:36.807394
6,14,1,5,0,5,2026-07-30T14:48:38.065524
6,14,2,5,0,5,2026-07-30T14:48:39.316655
6,14,3,5,0,5,2026-07-30T14:48:40.972154
6,14,4,5,0,5,2026-07-30T14:48:42.844088
6,14,5,5,0,5,2026-07-30T14:48:44.367513
6,14,6,5,0,5,2026-07-30T14:48:45.416801
6,14,7,5,0,5,2026-07-30T14:48:46.477115
6,14,8,5,0,5,2026-07-30T14:48:48.114180
6,14,9,5,0,5,2026-07-30T14:48:49.996747
6,14,10,5,0,5,2026-07-30T14:48:51.857721
6,15,1,5,0,5,2026-07-30T14:48:52.905828
6,15,2,5,0,5,2026-07-30T14:48:53.757120
6,15,3,5,0,5,2026-07-30T14:48:54.809488
6,15,4,5,0,5,2026-07-30T14:48:56.658962
6,15,5,5,0,5,2026-07-30T14:48:57.689571
6,15,6,5,0,5,2026-07-30T14:48:58.750481
6,15,7,5,0,5,2026-07-30T14:49:00.376071
6,15,8,5,0,5,2026-07-30T14:49:01.840616
6,15,9,5,0,5,2026-07-30T14:49:02.901422
6,15,10,5,0,5,2026-07-30T14:49:04.341662
6,16,1,5,0,5,2026-07-30T14:49:05.390698
6,16,2,5,0,5,2026-07-30T14:49:06.640854
6,16,3,5,0,5,2026-07-30T14:49:07.684100
6,16,4,5,0,5,2026-07-30T14:49:09.330748
6,16,5,5,0,5,2026-07-30T14:49:10.582735
6,16,6,5,0,5,2026-07-30T14:49:11.842443
6,16,7,5,0,5,2026-07-30T14:49:12.886114
6,16,8,5,0,5,2026-07-30T14:49:14.345716
6,16,9,5,0,5,2026-07-30T14:49:15.621071
6,16,10,5,0,5,2026-07-30T14:49:16.852532
6,17,1,5,0,5,2026-07-30T14:49:17.894611
6,17,2,5,0,5,2026-07-30T14:49:19.562303
6,17,3,5,0,5,2026-07-30T14:49:20.618464
6,17,4,5,0,5,2026-07-30T14:49:21.869513
6,17,5,5,0,5,2026-07-30T14:49:23.165464
6,17,6,5,0,5,2026-07-30T14:49:24.415798
6,17,7,5,0,5,2026-07-30T14:49:25.876296
6,17,8,5,0,5,2026-07-30T14:49:26.921826
6,17,9,5,0,5,2026-07-30T14:49:27.975047
6,17,10,5,0,5,2026-07-30T14:49:29.217403
6,18,1,5,0,5,2026-07-30T14:49:30.465084
6,18,2,5,0,5,2026-07-30T14:49:31.308307
6,18,3,5,0,5,2026-07-30T14:49:33.176459
6,18,4,5,0,5,2026-07-30T14:49:34.617175
6,18,5,5,0,5,2026-07-30T14:49:35.658725
6,18,6,5,0,5,2026-07-30T14:49:37.308387
6,18,7,5,0,5,2026-07-30T14:49:38.958577
6,18,8,5,0,5,2026-07-30T14:49:40.390668
6,18,9,5,0,5,2026-07-30T14:49:42.043960
6,18,10,5,0,5,2026-07-30T14:49:43.554755
6,19,1,5,0,5,2026-07-30T14:49:45.202454
6,19,2,5,0,5,2026-07-30T14:49:46.231047
6,19,3,5,0,5,2026-07-30T14:49:47.889353
6,19,4,5,0,5,2026-07-30T14:49:48.917473
6,19,5,5,0,5,2026-07-30T14:49:49.796798
6,19,6,5,0,5,2026-07-30T14:49:50.853520
6,19,7,5,0,5,2026-07-30T14:49:52.491264
6,19,8,5,0,5,2026-07-30T14:49:53.736558
6,19,9,5,0,5,2026-07-30T14:49:55.169137
6,19,10,5,0,5,2026-07-30T14:49:57.005381
6,20,1,5,0,5,2026-07-30T14:49:58.046620
6,20,2,5,0,5,2026-07-30T14:49:59.119185
6,20,3,5,0,5,2026-07-30T14:50:00.974567
6,20,4,5,0,5,2026-07-30T14:50:02.823085
6,20,5,5,0,5,2026-07-30T14:50:04.477225
6,20,6,5,0,5,2026-07-30T14:50:05.920418
6,20,7,5,0,5,2026-07-30T14:50:07.164777
6,20,8,5,0,5,2026-07-30T14:50:09.027840
6,20,9,5,0,5,2026-07-30T14:50:10.083712
6,20,10,5,0,5,2026-07-30T14:50:11.933714
6,21,1,5,0,5,2026-07-30T14:50:13.586880
6,21,2,5,0,5,2026-07-30T14:50:14.667359
6,21,3,5,0,5,2026-07-30T14:50:15.696392
6,21,4,5,0,5,2026-07-30T14:50:16.945580
6,21,5,5,0,5,2026-07-30T14:50:18.797678
6,21,6,5,0,5,2026-07-30T14:50:20.030851
6,21,7,5,0,5,2026-07-30T14:50:21.293027
6,21,8,5,0,5,2026-07-30T14:50:22.527305
6,21,9,5,0,5,2026-07-30T14:50:24.363648
6,21,10,5,0,5,2026-07-30T14:50:25.803060
6,22,1,5,0,5,2026-07-30T14:50:26.816773
6,22,2,5,0,5,2026-07-30T14:50:28.271123
6,22,3,5,0,5,2026-07-30T14:50:30.126886
6,22,4,5,0,5,2026-07-30T14:50:31.997143
6,22,5,5,0,5,2026-07-30T14:50:33.457774
6,22,6,5,0,5,2026-07-30T14:50:34.538444
6,22,7,5,0,5,2026-07-30T14:50:36.194202
6,22,8,5,0,5,2026-07-30T14:50:37.507884
6,22,9,5,0,5,2026-07-30T14:50:38.985828
6,22,10,5,0,5,2026-07-30T14:50:40.044001
6,23,1,5,0,5,2026-07-30T14:50:41.269015
6,23,2,5,0,5,2026-07-30T14:50:42.346796
6,23,3,5,0,5,2026-07-30T14:50:44.212369
6,23,4,5,0,5,2026-07-30T14:50:45.657163
6,23,5,5,0,5,2026-07-30T14:50:46.707126
6,23,6,5,0,5,2026-07-30T14:50:48.369785
6,23,7,5,0,5,2026-07-30T14:50:49.827581
6,23,8,5,0,5,2026-07-30T14:50:51.485618
6,23,9,5,0,5,2026-07-30T14:50:52.950978
6,23,10,5,0,5,2026-07-30T14:50:54.185423
6,24,1,5,0,5,2026-07-30T14:50:55.452275
6,24,2,5,0,5,2026-07-30T14:50:56.568472
6,24,3,5,0,5,2026-07-30T14:50:58.223899
6,24,4,5,0,5,2026-07-30T14:51:00.088058
6,24,5,5,0,5,2026-07-30T14:51:01.921220
6,24,6,5,0,5,2026-07-30T14:51:03.573116
6,24,7,5,0,5,2026-07-30T14:51:05.207751
6,24,8,5,0,5,2026-07-30T14:51:06.493805
6,24,9,5,0,5,2026-07-30T14:51:07.560532
6,24,10,5,0,5,2026-07-30T14:51:08.783622
6,25,1,5,0,5,2026-07-30T14:51:10.025181
6,25,2,5,0,5,2026-07-30T14:51:11.875396
6,25,3,5,0,5,2026-07-30T14:51:13.760329
6,25,4,5,0,5,2026-07-30T14:51:15.006376
6,25,5,5,0,5,2026-07-30T14:51:16.857393
6,25,6,5,0,5,2026-07-30T14:51:18.512700
6,25,7,5,0,5,2026-07-30T14:51:19.562868
6,25,8,5,0,5,2026-07-30T14:51:21.228013
6,25,9,5,0,5,2026-07-30T14:51:22.658476
6,25,10,5,0,5,2026-07-30T14:51:24.119300
6,26,1,5,0,5,2026-07-30T14:51:25.581770
6,26,2,5,0,5,2026-07-30T14:51:26.623444
6,26,3,5,0,5,2026-07-30T14:51:27.699557
6,26,4,5,0,5,2026-07-30T14:51:29.358716
6,26,5,5,0,5,2026-07-30T14:51:30.664680
6,26,6,5,0,5,2026-07-30T14:51:31.963625
6,26,7,5,0,5,2026-07-30T14:51:33.437668
6,26,8,5,0,5,2026-07-30T14:51:34.697613
6,26,9,5,0,5,2026-07-30T14:51:36.161806
6,26,10,5,0,5,2026-07-30T14:51:38.017746
6,27,1,5,0,5,2026-07-30T14:51:39.709910
6,27,2,5,0,5,2026-07-30T14:51:41.183510
6,27,3,5,0,5,2026-07-30T14:51:42.241060
6,27,4,5,0,5,2026-07-30T14:51:44.150260
6,27,5,5,0,5,2026-07-30T14:51:45.994005
6,27,6,5,0,5,2026-07-30T14:51:47.446434
6,27,7,5,0,5,2026-07-30T14:51:48.499331
6,27,8,5,0,5,2026-07-30T14:51:49.958032
6,27,9,5,0,5,2026-07-30T14:51:51.659477
6,27,10,5,0,5,2026-07-30T14:51:52.920986
6,28,1,5,0,5,2026-07-30T14:51:54.197450
6,28,2,5,0,5,2026-07-30T14:51:55.860980
6,28,3,5,0,5,2026-07-30T14:51:57.523066
6,28,4,5,0,5,2026-07-30T14:51:58.578412
6,28,5,5,0,5,2026-07-30T14:51:59.622048
6,28,6,5,0,5,2026-07-30T14:52:00.869067
6,28,7,4,0,4,2026-07-30T14:52:02.532680
6,28,8,5,0,5,2026-07-30T14:52:04.006383
6,28,9,5,0,5,2026-07-30T14:52:05.254664
6,28,10,5,0,5,2026-07-30T14:52:06.533401
6,29,1,5,0,5,2026-07-30T14:52:08.392115
6,29,2,5,0,5,2026-07-30T14:52:09.640330
6,29,3,5,0,5,2026-07-30T14:52:10.943151
6,29,4,5,0,5,2026-07-30T14:52:12.182979
6,29,5,5,0,5,2026-07-30T14:52:13.865948
6,29,6,5,0,5,2026-07-30T14:52:14.917542
6,29,7,5,0,5,2026-07-30T14:52:15.975354
6,29,8,5,0,5,2026-07-30T14:52:17.434035
6,29,9,5,0,5,2026-07-30T14:52:18.891808
6,29,10,5,0,5,2026-07-30T14:52:19.941534
6,30,1,5,0,5,2026-07-30T14:52:21.368184
6,30,2,5,0,5,2026-07-30T14:52:23.005088
6,30,3,5,0,5,2026-07-30T14:52:24.250837
6,30,4,5,0,5,2026-07-30T14:52:25.702893
6,30,5,5,0,5,2026-07-30T14:52:27.567227
6,30,6,5,0,5,2026-07-30T14:52:28.827452
6,30,7,5,0,5,2026-07-30T14:52:30.088646
6,30,8,5,0,5,2026-07-30T14:52:31.113607
6,30,9,5,0,5,2026-07-30T14:52:33.038702
6,30,10,5,0,5,2026-07-30T14:52:34.091423
7,1,1,5,0,5,2026-07-30T14:52:35.741674
7,1,2,5,0,5,2026-07-30T14:52:37.182423
7,1,3,5,0,5,2026-07-30T14:52:38.845783
7,1,4,5,0,5,2026-07-30T14:52:40.504928
7,1,5,5,0,5,2026-07-30T14:52:42.152971
7,1,6,5,0,5,2026-07-30T14:52:43.202703
7,1,7,5,0,5,2026-07-30T14:52:44.267734
7,1,8,5,0,5,2026-07-30T14:52:46.126543
7,1,9,5,0,5,2026-07-30T14:52:47.769636
7,1,10,5,0,5,2026-07-30T14:52:49.018524
7,2,1,5,0,5,2026-07-30T14:52:50.476795
7,2,2,5,0,5,2026-07-30T14:52:51.524588
7,2,3,5,0,5,2026-07-30T14:52:53.176398
7,2,4,5,0,5,2026-07-30T14:52:54.835162
7,2,5,5,0,5,2026-07-30T14:52:56.712751
7,2,6,5,0,5,2026-07-30T14:52:58.378658
7,2,7,5,0,5,2026-07-30T14:52:59.832691
7,2,8,5,0,5,2026-07-30T14:53:01.496422
7,2,9,5,0,5,2026-07-30T14:53:02.762769
7,2,10,5,0,5,2026-07-30T14:53:04.006834
7,3,1,5,0,5,2026-07-30T14:53:05.250283
7,3,2,5,0,5,2026-07-30T14:53:06.696418
7,3,3,5,0,5,2026-07-30T14:53:08.357852
7,3,4,5,0,5,2026-07-30T14:53:09.408135
7,3,5,5,0,5,2026-07-30T14:53:11.266816
7,3,6,5,0,5,2026-07-30T14:53:13.137513
7,3,7,5,0,5,2026-07-30T14:53:14.768746
7,3,8,5,0,5,2026-07-30T14:53:15.797233
7,3,9,5,0,5,2026-07-30T14:53:17.471868
7,3,10,5,0,5,2026-07-30T14:53:18.934252
7,4,1,0,0,0,2026-07-30T14:53:20.593695
7,4,2,0,0,0,2026-07-30T14:53:22.237430
7,4,3,0,0,0,2026-07-30T14:53:23.923576
7,4,4,0,0,0,2026-07-30T14:53:25.771021
7,4,5,0,0,0,2026-07-30T14:53:27.016937
7,4,6,0,0,0,2026-07-30T14:53:28.459678
7,4,7,0,0,0,2026-07-30T14:53:30.113863
7,4,8,0,0,0,2026-07-30T14:53:31.553979
7,4,9,0,0,0,2026-07-30T14:53:32.999866
7,4,10,0,0,0,2026-07-30T14:53:34.164796
7,5,1,5,0,5,2026-07-30T14:53:35.408189
7,5,2,5,0,5,2026-07-30T14:53:36.454611
7,5,3,0,0,0,2026-07-30T14:53:37.908770
7,5,4,0,0,0,2026-07-30T14:53:39.595296
7,5,5,0,0,0,2026-07-30T14:53:41.271027
7,5,6,5,0,5,2026-07-30T14:53:42.937475
7,5,7,5,0,5,2026-07-30T14:53:44.404617
7,5,8,5,0,5,2026-07-30T14:53:45.870199
7,5,9,0,0,0,2026-07-30T14:53:47.331185
7,5,10,5,0,5,2026-07-30T14:53:48.802536
7,6,1,5,0,5,2026-07-30T14:53:50.456477
7,6,2,5,0,5,2026-07-30T14:53:52.328386
7,6,3,5,0,5,2026-07-30T14:53:53.361961
7,6,4,5,0,5,2026-07-30T14:53:54.991489
7,6,5,5,0,5,2026-07-30T14:53:56.443096
7,6,6,5,0,5,2026-07-30T14:53:57.478854
7,6,7,5,0,5,2026-07-30T14:53:58.710689
7,6,8,5,0,5,2026-07-30T14:54:00.164697
7,6,9,5,0,5,2026-07-30T14:54:01.409738
7,6,10,5,0,5,2026-07-30T14:54:03.097296
7,7,1,5,0,5,2026-07-30T14:54:04.141441
7,7,2,5,0,5,2026-07-30T14:54:05.173917
7,7,3,5,0,5,2026-07-30T14:54:06.432364
7,7,4,5,0,5,2026-07-30T14:54:08.270085
7,7,5,5,0,5,2026-07-30T14:54:09.922685
7,7,6,5,0,5,2026-07-30T14:54:11.161119
7,7,7,5,0,5,2026-07-30T14:54:12.404618
7,7,8,5,0,5,2026-07-30T14:54:14.261353
7,7,9,5,0,5,2026-07-30T14:54:15.726335
7,7,10,5,0,5,2026-07-30T14:54:17.161638
7,8,1,5,0,5,2026-07-30T14:54:19.023830
7,8,2,5,0,5,2026-07-30T14:54:20.083594
7,8,3,5,0,5,2026-07-30T14:54:21.116202
7,8,4,5,0,5,2026-07-30T14:54:22.782373
7,8,5,5,0,5,2026-07-30T14:54:24.229271
7,8,6,5,0,5,2026-07-30T14:54:25.519608
7,8,7,5,0,5,2026-07-30T14:54:26.573339
7,8,8,5,0,5,2026-07-30T14:54:28.448384
7,8,9,5,0,5,2026-07-30T14:54:30.295897
7,8,10,5,0,5,2026-07-30T14:54:31.564592
7,9,1,5,0,5,2026-07-30T14:54:32.826224
7,9,2,5,0,5,2026-07-30T14:54:34.465776
7,9,3,5,0,5,2026-07-30T14:54:35.503663
7,9,4,0,0,0,2026-07-30T14:54:37.345097
7,9,5,0,0,0,2026-07-30T14:54:38.580820
7,9,6,5,0,5,2026-07-30T14:54:40.237340
7,9,7,0,0,0,2026-07-30T14:54:42.105863
7,9,8,5,0,5,2026-07-30T14:54:43.551287
7,9,9,0,0,0,2026-07-30T14:54:44.604900
7,9,10,5,0,5,2026-07-30T14:54:45.846738
7,10,1,5,0,5,2026-07-30T14:54:47.494289
7,10,2,5,0,5,2026-07-30T14:54:49.350280
7,10,3,5,0,5,2026-07-30T14:54:50.603282
7,10,4,5,0,5,2026-07-30T14:54:52.475048
7,10,5,5,0,5,2026-07-30T14:54:53.522838
7,10,6,5,0,5,2026-07-30T14:54:54.985984
7,10,7,5,0,5,2026-07-30T14:54:56.022561
7,10,8,5,0,5,2026-07-30T14:54:57.873818
7,10,9,5,0,5,2026-07-30T14:54:59.732711
7,10,10,5,0,5,2026-07-30T14:55:01.402754
7,11,1,5,0,5,2026-07-30T14:55:03.065656
7,11,2,5,0,5,2026-07-30T14:55:04.516104
7,11,3,5,0,5,2026-07-30T14:55:05.564195
7,11,4,5,0,5,2026-07-30T14:55:07.396804
7,11,5,5,0,5,2026-07-30T14:55:08.626158
7,11,6,5,0,5,2026-07-30T14:55:10.465360
7,11,7,5,0,5,2026-07-30T14:55:11.692950
7,11,8,5,0,5,2026-07-30T14:55:12.722470
7,11,9,5,0,5,2026-07-30T14:55:14.399881
7,11,10,5,0,5,2026-07-30T14:55:16.044415
7,12,1,5,0,5,2026-07-30T14:55:17.694930
7,12,2,5,0,5,2026-07-30T14:55:19.136012
7,12,3,5,0,5,2026-07-30T14:55:20.388156
7,12,4,5,0,5,2026-07-30T14:55:21.442559
7,12,5,5,0,5,2026-07-30T14:55:22.882257
7,12,6,5,0,5,2026-07-30T14:55:24.718630
7,12,7,5,0,5,2026-07-30T14:55:26.368955
7,12,8,5,0,5,2026-07-30T14:55:27.603307
7,12,9,5,0,5,2026-07-30T14:55:29.440203
7,12,10,5,0,5,2026-07-30T14:55:30.692518
7,13,1,5,0,5,2026-07-30T14:55:31.961203
7,13,2,5,0,5,2026-07-30T14:55:33.251819
7,13,3,5,0,5,2026-07-30T14:55:34.510745
7,13,4,5,0,5,2026-07-30T14:55:35.761622
7,13,5,5,0,5,2026-07-30T14:55:36.793057
7,13,6,5,0,5,2026-07-30T14:55:38.036004
7,13,7,5,0,5,2026-07-30T14:55:39.881820
7,13,8,5,0,5,2026-07-30T14:55:41.732601
7,13,9,5,0,5,2026-07-30T14:55:42.970420
7,13,10,5,0,5,2026-07-30T14:55:44.014202
7,14,1,5,0,5,2026-07-30T14:55:45.913461
7,14,2,5,0,5,2026-07-30T14:55:47.364443
7,14,3,5,0,5,2026-07-30T14:55:48.411792
7,14,4,5,0,5,2026-07-30T14:55:50.266129
7,14,5,5,0,5,2026-07-30T14:55:52.143489
7,14,6,5,0,5,2026-07-30T14:55:53.393294
7,14,7,5,0,5,2026-07-30T14:55:54.454452
7,14,8,5,0,5,2026-07-30T14:55:56.134188
7,14,9,5,0,5,2026-07-30T14:55:57.384347
7,14,10,5,0,5,2026-07-30T14:55:59.038286
7,15,1,0,0,0,2026-07-30T14:56:00.701064
7,15,2,0,0,0,2026-07-30T14:56:02.135761
7,15,3,0,0,0,2026-07-30T14:56:03.776016
7,15,4,5,0,5,2026-07-30T14:56:05.631247
7,15,5,0,0,0,2026-07-30T14:56:07.063008
7,15,6,0,0,0,2026-07-30T14:56:08.294043
7,15,7,0,0,0,2026-07-30T14:56:09.558103
7,15,8,5,0,5,2026-07-30T14:56:11.447299
7,15,9,0,0,0,2026-07-30T14:56:12.694816
7,15,10,5,0,5,2026-07-30T14:56:14.571261
7,16,1,5,0,5,2026-07-30T14:56:16.473082
7,16,2,5,0,5,2026-07-30T14:56:17.526164
7,16,3,5,0,5,2026-07-30T14:56:18.775610
7,16,4,5,0,5,2026-07-30T14:56:20.021982
7,16,5,5,0,5,2026-07-30T14:56:21.869645
7,16,6,5,0,5,2026-07-30T14:56:23.530835
7,16,7,5,0,5,2026-07-30T14:56:24.376553
7,16,8,5,0,5,2026-07-30T14:56:26.016988
7,16,9,5,0,5,2026-07-30T14:56:27.133063
7,16,10,5,0,5,2026-07-30T14:56:28.979320
7,17,1,5,0,5,2026-07-30T14:56:30.438251
7,17,2,5,0,5,2026-07-30T14:56:31.703523
7,17,3,5,0,5,2026-07-30T14:56:33.359150
7,17,4,5,0,5,2026-07-30T14:56:34.407055
7,17,5,5,0,5,2026-07-30T14:56:35.883970
7,17,6,5,0,5,2026-07-30T14:56:37.331916
7,17,7,5,0,5,2026-07-30T14:56:38.388671
7,17,8,5,0,5,2026-07-30T14:56:39.455180
7,17,9,5,0,5,2026-07-30T14:56:41.124007
7,17,10,5,0,5,2026-07-30T14:56:42.989440
7,18,1,5,0,5,2026-07-30T14:56:44.442501
7,18,2,5,0,5,2026-07-30T14:56:46.294885
7,18,3,5,0,5,2026-07-30T14:56:47.981880
7,18,4,5,0,5,2026-07-30T14:56:49.656422
7,18,5,5,0,5,2026-07-30T14:56:51.513599
7,18,6,5,0,5,2026-07-30T14:56:53.205551
7,18,7,5,0,5,2026-07-30T14:56:55.056516
7,18,8,5,0,5,2026-07-30T14:56:56.933413
7,18,9,5,0,5,2026-07-30T14:56:58.573331
7,18,10,5,0,5,2026-07-30T14:57:00.417866
7,19,1,5,0,5,2026-07-30T14:57:01.667598
7,19,2,0,0,0,2026-07-30T14:57:02.710557
7,19,3,0,0,0,2026-07-30T14:57:04.368068
7,19,4,2,0,2,2026-07-30T14:57:05.622134
7,19,5,0,0,0,2026-07-30T14:57:07.474094
7,19,6,5,0,5,2026-07-30T14:57:08.517930
7,19,7,5,0,5,2026-07-30T14:57:09.767222
7,19,8,5,0,5,2026-07-30T14:57:11.430339
7,19,9,0,0,0,2026-07-30T14:57:12.870194
7,19,10,5,0,5,2026-07-30T14:57:14.123022
7,20,1,5,0,5,2026-07-30T14:57:15.971126
7,20,2,5,0,5,2026-07-30T14:57:17.836394
7,20,3,5,0,5,2026-07-30T14:57:19.287436
7,20,4,5,0,5,2026-07-30T14:57:20.345396
7,20,5,5,0,5,2026-07-30T14:57:21.365179
7,20,6,5,0,5,2026-07-30T14:57:23.026137
7,20,7,5,0,5,2026-07-30T14:57:24.275741
7,20,8,5,0,5,2026-07-30T14:57:25.721251
7,20,9,5,0,5,2026-07-30T14:57:27.225871
7,20,10,5,0,5,2026-07-30T14:57:28.555238
7,21,1,5,0,5,2026-07-30T14:57:29.795667
7,21,2,5,0,5,2026-07-30T14:57:31.653939
7,21,3,5,0,5,2026-07-30T14:57:33.302358
7,21,4,5,0,5,2026-07-30T14:57:34.533710
7,21,5,5,0,5,2026-07-30T14:57:35.595248
7,21,6,5,0,5,2026-07-30T14:57:36.876078
7,21,7,5,0,5,2026-07-30T14:57:37.927605
7,21,8,5,0,5,2026-07-30T14:57:39.198696
7,21,9,5,0,5,2026-07-30T14:57:40.652631
7,21,10,5,0,5,2026-07-30T14:57:42.088851
7,22,1,5,0,5,2026-07-30T14:57:43.551827
7,22,2,5,0,5,2026-07-30T14:57:44.587234
7,22,3,5,0,5,2026-07-30T14:57:46.419892
7,22,4,5,0,5,2026-07-30T14:57:48.116925
7,22,5,5,0,5,2026-07-30T14:57:50.836424
7,22,6,5,0,5,2026-07-30T14:57:52.696372
7,22,7,5,0,5,2026-07-30T14:57:53.731214
7,22,8,5,0,5,2026-07-30T14:57:55.386323
7,22,9,5,0,5,2026-07-30T14:57:56.258146
7,22,10,5,0,5,2026-07-30T14:57:57.782201
7,23,1,5,0,5,2026-07-30T14:57:59.361576
7,23,2,5,0,5,2026-07-30T14:58:00.958418
7,23,3,5,0,5,2026-07-30T14:58:02.837730
7,23,4,5,0,5,2026-07-30T14:58:03.884246
7,23,5,5,0,5,2026-07-30T14:58:05.726405
7,23,6,5,0,5,2026-07-30T14:58:06.979656
7,23,7,5,0,5,2026-07-30T14:58:08.427848
7,23,8,5,0,5,2026-07-30T14:58:09.882737
7,23,9,5,0,5,2026-07-30T14:58:10.936506
7,23,10,5,0,5,2026-07-30T14:58:12.807184
7,24,1,0,0,0,2026-07-30T14:58:13.864503
7,24,2,0,0,0,2026-07-30T14:58:15.660623
7,24,3,0,0,0,2026-07-30T14:58:17.327061
7,24,4,0,0,0,2026-07-30T14:58:18.776261
7,24,5,0,0,0,2026-07-30T14:58:19.825417
7,24,6,5,0,5,2026-07-30T14:58:21.062126
7,24,7,5,0,5,2026-07-30T14:58:22.118107
7,24,8,0,0,0,2026-07-30T14:58:23.557106
7,24,9,0,0,0,2026-07-30T14:58:24.886954
7,24,10,0,0,0,2026-07-30T14:58:26.336274
7,25,1,5,0,5,2026-07-30T14:58:27.767708
7,25,2,3,0,3,2026-07-30T14:58:29.208435
7,25,3,5,0,5,2026-07-30T14:58:30.266763
7,25,4,5,0,5,2026-07-30T14:58:31.302431
7,25,5,5,0,5,2026-07-30T14:58:32.559817
7,25,6,5,0,5,2026-07-30T14:58:34.416310
7,25,7,3,0,3,2026-07-30T14:58:36.276985
7,25,8,3,0,3,2026-07-30T14:58:37.525691
7,25,9,4,0,4,2026-07-30T14:58:38.785241
7,25,10,5,0,5,2026-07-30T14:58:40.863626
7,26,1,5,0,5,2026-07-30T14:58:42.099327
7,26,2,5,0,5,2026-07-30T14:58:43.138029
7,26,3,5,0,5,2026-07-30T14:58:44.171959
7,26,4,5,0,5,2026-07-30T14:58:45.857203
7,26,5,5,0,5,2026-07-30T14:58:47.686453
7,26,6,5,0,5,2026-07-30T14:58:49.114857
7,26,7,5,0,5,2026-07-30T14:58:50.578531
7,26,8,5,0,5,2026-07-30T14:58:52.431709
7,26,9,5,0,5,2026-07-30T14:58:54.090168
7,26,10,5,0,5,2026-07-30T14:58:55.596453
7,27,1,5,0,5,2026-07-30T14:58:56.866402
7,27,2,5,0,5,2026-07-30T14:58:58.117093
7,27,3,5,0,5,2026-07-30T14:58:59.567489
7,27,4,5,0,5,2026-07-30T14:59:00.813737
7,27,5,5,0,5,2026-07-30T14:59:01.848611
7,27,6,5,0,5,2026-07-30T14:59:03.704526
7,27,7,5,0,5,2026-07-30T14:59:05.356055
7,27,8,5,0,5,2026-07-30T14:59:06.618468
7,27,9,5,0,5,2026-07-30T14:59:08.484891
7,27,10,5,0,5,2026-07-30T14:59:10.144344
7,28,1,5,0,5,2026-07-30T14:59:11.782117
7,28,2,5,0,5,2026-07-30T14:59:13.839366
7,28,3,5,0,5,2026-07-30T14:59:15.307922
7,28,4,0,0,0,2026-07-30T14:59:16.545703
7,28,5,5,0,5,2026-07-30T14:59:17.997571
7,28,6,5,0,5,2026-07-30T14:59:19.559288
7,28,7,2,0,2,2026-07-30T14:59:20.608749
7,28,8,5,0,5,2026-07-30T14:59:22.264992
7,28,9,5,0,5,2026-07-30T14:59:23.515356
7,28,10,0,0,0,2026-07-30T14:59:24.966325
7,29,1,5,0,5,2026-07-30T14:59:26.644604
7,29,2,0,0,0,2026-07-30T14:59:27.681031
7,29,3,5,0,5,2026-07-30T14:59:28.745009
7,29,4,5,0,5,2026-07-30T14:59:29.798333
7,29,5,5,0,5,2026-07-30T14:59:31.458374
7,29,6,5,0,5,2026-07-30T14:59:33.319919
7,29,7,5,0,5,2026-07-30T14:59:34.580917
7,29,8,5,0,5,2026-07-30T14:59:35.842159
7,29,9,5,0,5,2026-07-30T14:59:36.904899
7,29,10,5,0,5,2026-07-30T14:59:38.566462
7,30,1,5,0,5,2026-07-30T14:59:40.023012
7,30,2,5,0,5,2026-07-30T14:59:41.073931
7,30,3,5,0,5,2026-07-30T14:59:42.120454
7,30,4,5,0,5,2026-07-30T14:59:43.621227
7,30,5,5,0,5,2026-07-30T14:59:45.499107
7,30,6,5,0,5,2026-07-30T14:59:46.939298
7,30,7,5,0,5,2026-07-30T14:59:48.204987
7,30,8,5,0,5,2026-07-30T14:59:49.641681
7,30,9,5,0,5,2026-07-30T14:59:51.088451
7,30,10,5,0,5,2026-07-30T14:59:52.754307
8,1,1,0,0,0,2026-07-30T14:59:54.187285
8,1,2,0,0,0,2026-07-30T14:59:55.622920
8,1,3,0,0,0,2026-07-30T14:59:56.676324
8,1,4,0,0,0,2026-07-30T14:59:58.130381
8,1,5,0,0,0,2026-07-30T14:59:59.385276
8,1,6,3,0,3,2026-07-30T15:00:01.044753
8,1,7,0,0,0,2026-07-30T15:00:02.100187
8,1,8,0,0,0,2026-07-30T15:00:03.349906
8,1,9,0,0,0,2026-07-30T15:00:05.204322
8,1,10,2,0,2,2026-07-30T15:00:06.861727
8,2,1,5,0,5,2026-07-30T15:00:07.941038
8,2,2,5,0,5,2026-07-30T15:00:09.586915
8,2,3,4,0,4,2026-07-30T15:00:10.759678
8,2,4,5,0,5,2026-07-30T15:00:12.205003
8,2,5,5,0,5,2026-07-30T15:00:13.249126
8,2,6,5,0,5,2026-07-30T15:00:15.123820
8,2,7,5,0,5,2026-07-30T15:00:16.149741
8,2,8,0,0,0,2026-07-30T15:00:17.603914
8,2,9,5,0,5,2026-07-30T15:00:19.257518
8,2,10,5,0,5,2026-07-30T15:00:20.708324
8,3,1,5,0,5,2026-07-30T15:00:21.964867
8,3,2,5,0,5,2026-07-30T15:00:23.849561
8,3,3,5,0,5,2026-07-30T15:00:24.895384
8,3,4,5,0,5,2026-07-30T15:00:26.561396
8,3,5,5,0,5,2026-07-30T15:00:27.591608
8,3,6,5,0,5,2026-07-30T15:00:28.645035
8,3,7,5,0,5,2026-07-30T15:00:30.111730
8,3,8,5,0,5,2026-07-30T15:00:31.163434
8,3,9,5,0,5,2026-07-30T15:00:32.209213
8,3,10,5,0,5,2026-07-30T15:00:33.669722
8,4,1,5,0,5,2026-07-30T15:00:35.322166
8,4,2,5,0,5,2026-07-30T15:00:36.352615
8,4,3,5,0,5,2026-07-30T15:00:39.592252
8,4,4,5,0,5,2026-07-30T15:00:40.436893
8,4,5,5,0,5,2026-07-30T15:00:41.884252
8,4,6,5,0,5,2026-07-30T15:00:42.919424
8,4,7,5,0,5,2026-07-30T15:00:43.990354
8,4,8,5,0,5,2026-07-30T15:00:45.035440
8,4,9,5,0,5,2026-07-30T15:00:46.089305
8,4,10,5,0,5,2026-07-30T15:00:47.739582
8,5,1,0,0,0,2026-07-30T15:00:49.604847
8,5,2,0,0,0,2026-07-30T15:00:51.053294
8,5,3,0,0,0,2026-07-30T15:00:52.913825
8,5,4,0,0,0,2026-07-30T15:00:53.984105
8,5,5,0,0,0,2026-07-30T15:00:55.238463
8,5,6,0,0,0,2026-07-30T15:00:56.491863
8,5,7,0,0,0,2026-07-30T15:00:58.368951
8,5,8,0,0,0,2026-07-30T15:00:59.799464
8,5,9,0,0,0,2026-07-30T15:01:01.662515
8,5,10,0,0,0,2026-07-30T15:01:02.924576
8,6,1,4,0,4,2026-07-30T15:01:04.803388
8,6,2,0,0,0,2026-07-30T15:01:06.262587
8,6,3,5,0,5,2026-07-30T15:01:07.309730
8,6,4,5,0,5,2026-07-30T15:01:08.951274
8,6,5,3,0,3,2026-07-30T15:01:10.814771
8,6,6,0,0,0,2026-07-30T15:01:11.860457
8,6,7,0,0,0,2026-07-30T15:01:13.282661
8,6,8,3,0,3,2026-07-30T15:01:14.536291
8,6,9,5,0,5,2026-07-30T15:01:16.179620
8,6,10,4,0,4,2026-07-30T15:01:17.833469
8,7,1,5,0,5,2026-07-30T15:01:19.282853
8,7,2,5,0,5,2026-07-30T15:01:21.129779
8,7,3,5,0,5,2026-07-30T15:01:23.157748
8,7,4,5,0,5,2026-07-30T15:01:24.807899
8,7,5,5,0,5,2026-07-30T15:01:26.074904
8,7,6,5,0,5,2026-07-30T15:01:27.323637
8,7,7,5,0,5,2026-07-30T15:01:28.757896
8,7,8,5,0,5,2026-07-30T15:01:30.600459
8,7,9,5,0,5,2026-07-30T15:01:31.646330
8,7,10,5,0,5,2026-07-30T15:01:33.104887
8,8,1,5,0,5,2026-07-30T15:01:34.780467
8,8,2,5,0,5,2026-07-30T15:01:36.650457
8,8,3,5,0,5,2026-07-30T15:01:37.703309
8,8,4,5,0,5,2026-07-30T15:01:38.756382
8,8,5,5,0,5,2026-07-30T15:01:39.846567
8,8,6,5,0,5,2026-07-30T15:01:41.118434
8,8,7,5,0,5,2026-07-30T15:01:42.976514
8,8,8,5,0,5,2026-07-30T15:01:44.649724
8,8,9,5,0,5,2026-07-30T15:01:46.155425
8,8,10,5,0,5,2026-07-30T15:01:47.837946
8,9,1,0,0,0,2026-07-30T15:01:49.725009
8,9,2,0,0,0,2026-07-30T15:01:50.998721
8,9,3,0,0,0,2026-07-30T15:01:52.257850
8,9,4,0,0,0,2026-07-30T15:01:53.430485
8,9,5,0,0,0,2026-07-30T15:01:54.688471
8,9,6,0,0,0,2026-07-30T15:01:56.139119
8,9,7,0,0,0,2026-07-30T15:01:57.802034
8,9,8,0,0,0,2026-07-30T15:01:59.059185
8,9,9,0,0,0,2026-07-30T15:02:00.553978
8,9,10,0,0,0,2026-07-30T15:02:02.194248
8,10,1,0,0,0,2026-07-30T15:02:03.464619
8,10,2,5,0,5,2026-07-30T15:02:05.348587
8,10,3,0,0,0,2026-07-30T15:02:06.809494
8,10,4,0,0,0,2026-07-30T15:02:08.446657
8,10,5,5,0,5,2026-07-30T15:02:09.757393
8,10,6,0,0,0,2026-07-30T15:02:11.235870
8,10,7,0,0,0,2026-07-30T15:02:12.510054
8,10,8,0,0,0,2026-07-30T15:02:14.000929
8,10,9,0,0,0,2026-07-30T15:02:15.663395
8,10,10,0,0,0,2026-07-30T15:02:17.533752
8,11,1,5,0,5,2026-07-30T15:02:19.392508
8,11,2,5,0,5,2026-07-30T15:02:21.051263
8,11,3,4,0,4,2026-07-30T15:02:22.316420
8,11,4,4,0,4,2026-07-30T15:02:23.381935
8,11,5,5,0,5,2026-07-30T15:02:25.054778
8,11,6,5,0,5,2026-07-30T15:02:26.553561
8,11,7,3,0,3,2026-07-30T15:02:28.033699
8,11,8,3,0,3,2026-07-30T15:02:29.082149
8,11,9,5,0,5,2026-07-30T15:02:30.537644
8,11,10,5,0,5,2026-07-30T15:02:31.789451
8,12,1,5,0,5,2026-07-30T15:02:33.044180
8,12,2,5,0,5,2026-07-30T15:02:34.702725
8,12,3,5,0,5,2026-07-30T15:02:36.386236
8,12,4,5,0,5,2026-07-30T15:02:38.020224
8,12,5,5,0,5,2026-07-30T15:02:39.700868
8,12,6,5,0,5,2026-07-30T15:02:41.158551
8,12,7,5,0,5,2026-07-30T15:02:42.815780
8,12,8,5,0,5,2026-07-30T15:02:44.476934
8,12,9,5,0,5,2026-07-30T15:02:46.337010
8,12,10,5,0,5,2026-07-30T15:02:48.185736
8,13,1,4,0,4,2026-07-30T15:02:49.430789
8,13,2,5,0,5,2026-07-30T15:02:50.884355
8,13,3,5,0,5,2026-07-30T15:02:52.152234
8,13,4,5,0,5,2026-07-30T15:02:54.001520
8,13,5,5,0,5,2026-07-30T15:02:54.866702
8,13,6,5,0,5,2026-07-30T15:02:56.125982
8,13,7,5,0,5,2026-07-30T15:02:57.153900
8,13,8,0,0,0,2026-07-30T15:02:58.809530
8,13,9,5,0,5,2026-07-30T15:03:00.080288
8,13,10,5,0,5,2026-07-30T15:03:01.743678
8,14,1,5,0,5,2026-07-30T15:03:03.613806
8,14,2,5,0,5,2026-07-30T15:03:05.278559
8,14,3,5,0,5,2026-07-30T15:03:06.920281
8,14,4,5,0,5,2026-07-30T15:03:08.383294
8,14,5,5,0,5,2026-07-30T15:03:10.248331
8,14,6,5,0,5,2026-07-30T15:03:11.505400
8,14,7,5,0,5,2026-07-30T15:03:12.812456
8,14,8,5,0,5,2026-07-30T15:03:14.093344
8,14,9,5,0,5,2026-07-30T15:03:15.569093
8,14,10,5,0,5,2026-07-30T15:03:17.428368
8,15,1,5,0,5,2026-07-30T15:03:19.104476
8,15,2,5,0,5,2026-07-30T15:03:20.751485
8,15,3,5,0,5,2026-07-30T15:03:22.417936
8,15,4,5,0,5,2026-07-30T15:03:23.477957
8,15,5,5,0,5,2026-07-30T15:03:24.918257
8,15,6,5,0,5,2026-07-30T15:03:26.561781
8,15,7,0,0,0,2026-07-30T15:03:28.216421
8,15,8,5,0,5,2026-07-30T15:03:29.868168
8,15,9,5,0,5,2026-07-30T15:03:31.137279
8,15,10,5,0,5,2026-07-30T15:03:32.817632
8,16,1,5,0,5,2026-07-30T15:03:34.078290
8,16,2,5,0,5,2026-07-30T15:03:35.731722
8,16,3,5,0,5,2026-07-30T15:03:36.770014
8,16,4,5,0,5,2026-07-30T15:03:38.219980
8,16,5,5,0,5,2026-07-30T15:03:40.072574
8,16,6,5,0,5,2026-07-30T15:03:41.809633
8,16,7,5,0,5,2026-07-30T15:03:42.861444
8,16,8,5,0,5,2026-07-30T15:03:44.718500
8,16,9,5,0,5,2026-07-30T15:03:46.186443
8,16,10,5,0,5,2026-07-30T15:03:47.646415
8,17,1,5,0,5,2026-07-30T15:03:49.498110
8,17,2,5,0,5,2026-07-30T15:03:51.163376
8,17,3,5,0,5,2026-07-30T15:03:53.024567
8,17,4,5,0,5,2026-07-30T15:03:54.674640
8,17,5,5,0,5,2026-07-30T15:03:56.334350
8,17,6,5,0,5,2026-07-30T15:03:57.575662
8,17,7,5,0,5,2026-07-30T15:03:59.254225
8,17,8,5,0,5,2026-07-30T15:04:00.914912
8,17,9,5,0,5,2026-07-30T15:04:02.783344
8,17,10,5,0,5,2026-07-30T15:04:04.034019
8,18,1,5,0,5,2026-07-30T15:04:05.911868
8,18,2,5,0,5,2026-07-30T15:04:06.980970
8,18,3,5,0,5,2026-07-30T15:04:08.035852
8,18,4,5,0,5,2026-07-30T15:04:09.070440
8,18,5,5,0,5,2026-07-30T15:04:10.139187
8,18,6,5,0,5,2026-07-30T15:04:11.567583
8,18,7,5,0,5,2026-07-30T15:04:12.816042
8,18,8,5,0,5,2026-07-30T15:04:14.655973
8,18,9,5,0,5,2026-07-30T15:04:16.318207
8,18,10,5,0,5,2026-07-30T15:04:17.986421
8,19,1,5,0,5,2026-07-30T15:04:19.846055
8,19,2,5,0,5,2026-07-30T15:04:21.099027
8,19,3,5,0,5,2026-07-30T15:04:22.766121
8,19,4,5,0,5,2026-07-30T15:04:24.047471
8,19,5,5,0,5,2026-07-30T15:04:25.713088
8,19,6,5,0,5,2026-07-30T15:04:26.773451
8,19,7,5,0,5,2026-07-30T15:04:28.209017
8,19,8,5,0,5,2026-07-30T15:04:29.662406
8,19,9,5,0,5,2026-07-30T15:04:31.574894
8,19,10,5,0,5,2026-07-30T15:04:33.437559
8,20,1,5,0,5,2026-07-30T15:04:34.902560
8,20,2,5,0,5,2026-07-30T15:04:36.777792
8,20,3,5,0,5,2026-07-30T15:04:38.037954
8,20,4,5,0,5,2026-07-30T15:04:39.693546
8,20,5,5,0,5,2026-07-30T15:04:41.148871
8,20,6,5,0,5,2026-07-30T15:04:42.817804
8,20,7,5,0,5,2026-07-30T15:04:44.055340
8,20,8,5,0,5,2026-07-30T15:04:45.324675
8,20,9,5,0,5,2026-07-30T15:04:47.176065
8,20,10,5,0,5,2026-07-30T15:04:48.234381
8,21,1,5,0,5,2026-07-30T15:04:50.100992
8,21,2,5,0,5,2026-07-30T15:04:51.961875
8,21,3,5,0,5,2026-07-30T15:04:53.011446
8,21,4,5,0,5,2026-07-30T15:04:54.062724
8,21,5,5,0,5,2026-07-30T15:04:55.900446
8,21,6,5,0,5,2026-07-30T15:04:57.161228
8,21,7,5,0,5,2026-07-30T15:04:58.413026
8,21,8,5,0,5,2026-07-30T15:05:00.086405
8,21,9,5,0,5,2026-07-30T15:05:01.561923
8,21,10,5,0,5,2026-07-30T15:05:03.216229
8,22,1,5,0,5,2026-07-30T15:05:04.665191
8,22,2,3,0,3,2026-07-30T15:05:06.337003
8,22,3,5,0,5,2026-07-30T15:05:07.996542
8,22,4,3,0,3,2026-07-30T15:05:09.842702
8,22,5,5,0,5,2026-07-30T15:05:12.839179
8,22,6,5,0,5,2026-07-30T15:05:14.301335
8,22,7,5,0,5,2026-07-30T15:05:16.182750
8,22,8,5,0,5,2026-07-30T15:05:17.635083
8,22,9,5,0,5,2026-07-30T15:05:18.700349
8,22,10,5,0,5,2026-07-30T15:05:19.728658
8,23,1,5,0,5,2026-07-30T15:05:20.779390
8,23,2,5,0,5,2026-07-30T15:05:22.664178
8,23,3,5,0,5,2026-07-30T15:05:23.911869
8,23,4,5,0,5,2026-07-30T15:05:25.361358
8,23,5,5,0,5,2026-07-30T15:05:27.225515
8,23,6,5,0,5,2026-07-30T15:05:28.889546
8,23,7,5,0,5,2026-07-30T15:05:30.751144
8,23,8,5,0,5,2026-07-30T15:05:32.602088
8,23,9,5,0,5,2026-07-30T15:05:33.669710
8,23,10,5,0,5,2026-07-30T15:05:35.123166
8,24,1,5,0,5,2026-07-30T15:05:36.536002
8,24,2,3,0,3,2026-07-30T15:05:37.623466
8,24,3,5,0,5,2026-07-30T15:05:39.064897
8,24,4,4,0,4,2026-07-30T15:05:40.338420
8,24,5,5,0,5,2026-07-30T15:05:41.998588
8,24,6,5,0,5,2026-07-30T15:05:43.659526
8,24,7,5,0,5,2026-07-30T15:05:45.542945
8,24,8,5,0,5,2026-07-30T15:05:46.997477
8,24,9,3,0,3,2026-07-30T15:05:48.284471
8,24,10,3,0,3,2026-07-30T15:05:50.013178
8,25,1,5,0,5,2026-07-30T15:05:51.879504
8,25,2,5,0,5,2026-07-30T15:05:52.952298
8,25,3,3,0,3,2026-07-30T15:05:54.005280
8,25,4,3,0,3,2026-07-30T15:05:55.896999
8,25,5,5,0,5,2026-07-30T15:05:57.769834
8,25,6,5,0,5,2026-07-30T15:05:59.414307
8,25,7,5,0,5,2026-07-30T15:06:01.264607
8,25,8,5,0,5,2026-07-30T15:06:02.835272
8,25,9,5,0,5,2026-07-30T15:06:04.491213
8,25,10,5,0,5,2026-07-30T15:06:05.925283
8,26,1,5,0,5,2026-07-30T15:06:06.976854
8,26,2,5,0,5,2026-07-30T15:06:08.855404
8,26,3,5,0,5,2026-07-30T15:06:09.886947
8,26,4,5,0,5,2026-07-30T15:06:11.752739
8,26,5,5,0,5,2026-07-30T15:06:13.790828
8,26,6,5,0,5,2026-07-30T15:06:15.649573
8,26,7,5,0,5,2026-07-30T15:06:17.293112
8,26,8,5,0,5,2026-07-30T15:06:18.948497
8,26,9,5,0,5,2026-07-30T15:06:20.630943
8,26,10,5,0,5,2026-07-30T15:06:21.694113
8,27,1,5,0,5,2026-07-30T15:06:22.985655
8,27,2,5,0,5,2026-07-30T15:06:24.261039
8,27,3,5,0,5,2026-07-30T15:06:25.917965
8,27,4,5,0,5,2026-07-30T15:06:27.570411
8,27,5,5,0,5,2026-07-30T15:06:29.439405
8,27,6,5,0,5,2026-07-30T15:06:30.703282
8,27,7,5,0,5,2026-07-30T15:06:31.739889
8,27,8,5,0,5,2026-07-30T15:06:33.404355
8,27,9,5,0,5,2026-07-30T15:06:34.651914
8,27,10,5,0,5,2026-07-30T15:06:36.105196
8,28,1,5,0,5,2026-07-30T15:06:37.758154
8,28,2,5,0,5,2026-07-30T15:06:39.590332
8,28,3,5,0,5,2026-07-30T15:06:40.830858
8,28,4,5,0,5,2026-07-30T15:06:41.908965
8,28,5,5,0,5,2026-07-30T15:06:43.181377
8,28,6,5,0,5,2026-07-30T15:06:44.254716
8,28,7,5,0,5,2026-07-30T15:06:45.713309
8,28,8,5,0,5,2026-07-30T15:06:47.371153
8,28,9,5,0,5,2026-07-30T15:06:48.813739
8,28,10,5,0,5,2026-07-30T15:06:50.665647
8,29,1,5,0,5,2026-07-30T15:06:51.726078
8,29,2,5,0,5,2026-07-30T15:06:53.175418
8,29,3,5,0,5,2026-07-30T15:06:54.233560
8,29,4,5,0,5,2026-07-30T15:06:55.347897
8,29,5,5,0,5,2026-07-30T15:06:56.610736
8,29,6,5,0,5,2026-07-30T15:06:57.696333
8,29,7,5,0,5,2026-07-30T15:06:59.156457
8,29,8,5,0,5,2026-07-30T15:07:00.189222
8,29,9,5,0,5,2026-07-30T15:07:01.847410
8,29,10,5,0,5,2026-07-30T15:07:03.906101
8,30,1,5,0,5,2026-07-30T15:07:05.561192
8,30,2,5,0,5,2026-07-30T15:07:06.599914
8,30,3,5,0,5,2026-07-30T15:07:08.044747
8,30,4,5,0,5,2026-07-30T15:07:09.909115
8,30,5,5,0,5,2026-07-30T15:07:11.553961
8,30,6,5,0,5,2026-07-30T15:07:13.007283
8,30,7,5,0,5,2026-07-30T15:07:14.504477
8,30,8,5,0,5,2026-07-30T15:07:16.165602
8,30,9,5,0,5,2026-07-30T15:07:17.422222
8,30,10,5,0,5,2026-07-30T15:07:18.889644
9,1,1,5,0,5,2026-07-30T15:07:20.567928
9,1,2,5,0,5,2026-07-30T15:07:22.020691
9,1,3,5,0,5,2026-07-30T15:07:23.881319
9,1,4,5,0,5,2026-07-30T15:07:25.360296
9,1,5,5,0,5,2026-07-30T15:07:26.610278
9,1,6,5,0,5,2026-07-30T15:07:27.888487
9,1,7,5,0,5,2026-07-30T15:07:29.554928
9,1,8,5,0,5,2026-07-30T15:07:31.212633
9,1,9,5,0,5,2026-07-30T15:07:32.681987
9,1,10,5,0,5,2026-07-30T15:07:34.131508
9,2,1,5,0,5,2026-07-30T15:07:35.291989
9,2,2,5,0,5,2026-07-30T15:07:36.721880
9,2,3,5,0,5,2026-07-30T15:07:37.775146
9,2,4,5,0,5,2026-07-30T15:07:38.848909
9,2,5,5,0,5,2026-07-30T15:07:40.704804
9,2,6,5,0,5,2026-07-30T15:07:43.935824
9,2,7,5,0,5,2026-07-30T15:07:44.977339
9,2,8,5,0,5,2026-07-30T15:07:46.442233
9,2,9,5,0,5,2026-07-30T15:07:48.091866
9,2,10,5,0,5,2026-07-30T15:07:49.760164
9,3,1,0,0,0,2026-07-30T15:07:51.016761
9,3,2,0,0,0,2026-07-30T15:07:52.280733
9,3,3,5,0,5,2026-07-30T15:07:53.528378
9,3,4,5,0,5,2026-07-30T15:07:54.808842
9,3,5,5,0,5,2026-07-30T15:07:56.452126
9,3,6,0,0,0,2026-07-30T15:07:58.103819
9,3,7,0,0,0,2026-07-30T15:07:59.168406
9,3,8,0,0,0,2026-07-30T15:08:00.615523
9,3,9,0,0,0,2026-07-30T15:08:02.052242
9,3,10,5,0,5,2026-07-30T15:08:03.274752
9,4,1,5,0,5,2026-07-30T15:08:04.970388
9,4,2,5,0,5,2026-07-30T15:08:06.215070
9,4,3,0,0,0,2026-07-30T15:08:07.251278
9,4,4,5,0,5,2026-07-30T15:08:08.784858
9,4,5,0,0,0,2026-07-30T15:08:10.850519
9,4,6,5,0,5,2026-07-30T15:08:12.307010
9,4,7,5,0,5,2026-07-30T15:08:13.764075
9,4,8,5,0,5,2026-07-30T15:08:15.402721
9,4,9,0,0,0,2026-07-30T15:08:16.641638
9,4,10,5,0,5,2026-07-30T15:08:17.776260
9,5,1,5,0,5,2026-07-30T15:08:19.043900
9,5,2,5,0,5,2026-07-30T15:08:20.474668
9,5,3,5,0,5,2026-07-30T15:08:21.947844
9,5,4,5,0,5,2026-07-30T15:08:23.393834
9,5,5,5,0,5,2026-07-30T15:08:24.475931
9,5,6,0,0,0,2026-07-30T15:08:25.739674
9,5,7,0,0,0,2026-07-30T15:08:27.595361
9,5,8,5,0,5,2026-07-30T15:08:29.466425
9,5,9,5,0,5,2026-07-30T15:08:30.717306
9,5,10,5,0,5,2026-07-30T15:08:31.970820
9,6,1,5,0,5,2026-07-30T15:08:33.262591
9,6,2,5,0,5,2026-07-30T15:08:34.911977
9,6,3,5,0,5,2026-07-30T15:08:36.598996
9,6,4,5,0,5,2026-07-30T15:08:38.450888
9,6,5,5,0,5,2026-07-30T15:08:39.709682
9,6,6,5,0,5,2026-07-30T15:08:41.171202
9,6,7,5,0,5,2026-07-30T15:08:42.419224
9,6,8,5,0,5,2026-07-30T15:08:44.280742
9,6,9,5,0,5,2026-07-30T15:08:45.939905
9,6,10,5,0,5,2026-07-30T15:08:47.805267
9,7,1,5,0,5,2026-07-30T15:08:49.265873
9,7,2,5,0,5,2026-07-30T15:08:50.490412
9,7,3,5,0,5,2026-07-30T15:08:52.139249
9,7,4,5,0,5,2026-07-30T15:08:53.991223
9,7,5,5,0,5,2026-07-30T15:08:55.638322
9,7,6,5,0,5,2026-07-30T15:08:57.300924
9,7,7,5,0,5,2026-07-30T15:08:58.581699
9,7,8,5,0,5,2026-07-30T15:08:59.645618
9,7,9,5,0,5,2026-07-30T15:09:01.111467
9,7,10,5,0,5,2026-07-30T15:09:02.774137
9,8,1,5,0,5,2026-07-30T15:09:04.636943
9,8,2,5,0,5,2026-07-30T15:09:06.292208
9,8,3,5,0,5,2026-07-30T15:09:07.934807
9,8,4,5,0,5,2026-07-30T15:09:09.405048
9,8,5,5,0,5,2026-07-30T15:09:10.690694
9,8,6,5,0,5,2026-07-30T15:09:11.951181
9,8,7,5,0,5,2026-07-30T15:09:12.997714
9,8,8,5,0,5,2026-07-30T15:09:14.855355
9,8,9,5,0,5,2026-07-30T15:09:16.296402
9,8,10,5,0,5,2026-07-30T15:09:17.940297
9,9,1,0,0,0,2026-07-30T15:09:19.192880
9,9,2,5,0,5,2026-07-30T15:09:21.085225
9,9,3,5,0,5,2026-07-30T15:09:22.110910
9,9,4,5,0,5,2026-07-30T15:09:23.571741
9,9,5,5,0,5,2026-07-30T15:09:25.028163
9,9,6,5,0,5,2026-07-30T15:09:26.257037
9,9,7,5,0,5,2026-07-30T15:09:27.691488
9,9,8,5,0,5,2026-07-30T15:09:28.934250
9,9,9,5,0,5,2026-07-30T15:09:30.388696
9,9,10,5,0,5,2026-07-30T15:09:31.435715
9,10,1,5,0,5,2026-07-30T15:09:32.873397
9,10,2,5,0,5,2026-07-30T15:09:34.735878
9,10,3,5,0,5,2026-07-30T15:09:36.387501
9,10,4,5,0,5,2026-07-30T15:09:38.267216
9,10,5,5,0,5,2026-07-30T15:09:39.542401
9,10,6,5,0,5,2026-07-30T15:09:41.017706
9,10,7,5,0,5,2026-07-30T15:09:42.910169
9,10,8,5,0,5,2026-07-30T15:09:43.971541
9,10,9,5,0,5,2026-07-30T15:09:45.222187
9,10,10,5,0,5,2026-07-30T15:09:46.662821
9,11,1,5,0,5,2026-07-30T15:09:48.112105
9,11,2,5,0,5,2026-07-30T15:09:49.347485
9,11,3,5,0,5,2026-07-30T15:09:51.228524
9,11,4,5,0,5,2026-07-30T15:09:52.705592
9,11,5,5,0,5,2026-07-30T15:09:54.389889
9,11,6,5,0,5,2026-07-30T15:09:56.058864
9,11,7,5,0,5,2026-07-30T15:09:57.112579
9,11,8,5,0,5,2026-07-30T15:09:58.959812
9,11,9,5,0,5,2026-07-30T15:10:00.020193
9,11,10,5,0,5,2026-07-30T15:10:01.474823
9,12,1,5,0,5,2026-07-30T15:10:02.926790
9,12,2,5,0,5,2026-07-30T15:10:03.991144
9,12,3,5,0,5,2026-07-30T15:10:05.649059
9,12,4,5,0,5,2026-07-30T15:10:07.534778
9,12,5,5,0,5,2026-07-30T15:10:09.197589
9,12,6,5,0,5,2026-07-30T15:10:10.464387
9,12,7,5,0,5,2026-07-30T15:10:12.310876
9,12,8,5,0,5,2026-07-30T15:10:14.159206
9,12,9,5,0,5,2026-07-30T15:10:15.437112
9,12,10,5,0,5,2026-07-30T15:10:16.674714
9,13,1,5,0,5,2026-07-30T15:10:17.923433
9,13,2,5,0,5,2026-07-30T15:10:19.576370
9,13,3,5,0,5,2026-07-30T15:10:21.247909
9,13,4,5,0,5,2026-07-30T15:10:22.521026
9,13,5,5,0,5,2026-07-30T15:10:24.173814
9,13,6,5,0,5,2026-07-30T15:10:25.631974
9,13,7,5,0,5,2026-07-30T15:10:27.072039
9,13,8,5,0,5,2026-07-30T15:10:28.307712
9,13,9,5,0,5,2026-07-30T15:10:29.347816
9,13,10,5,0,5,2026-07-30T15:10:31.230428
9,14,1,5,0,5,2026-07-30T15:10:33.086151
9,14,2,5,0,5,2026-07-30T15:10:34.931904
9,14,3,5,0,5,2026-07-30T15:10:36.172156
9,14,4,5,0,5,2026-07-30T15:10:38.049817
9,14,5,5,0,5,2026-07-30T15:10:39.085256
9,14,6,5,0,5,2026-07-30T15:10:40.163765
9,14,7,5,0,5,2026-07-30T15:10:41.626690
9,14,8,5,0,5,2026-07-30T15:10:43.068221
9,14,9,5,0,5,2026-07-30T15:10:44.725472
9,14,10,5,0,5,2026-07-30T15:10:45.753600
9,15,1,5,0,5,2026-07-30T15:10:47.191793
9,15,2,5,0,5,2026-07-30T15:10:48.432959
9,15,3,5,0,5,2026-07-30T15:10:49.686310
9,15,4,5,0,5,2026-07-30T15:10:50.757102
9,15,5,5,0,5,2026-07-30T15:10:52.208078
9,15,6,5,0,5,2026-07-30T15:10:55.432684
9,15,7,5,0,5,2026-07-30T15:10:57.294337
9,15,8,5,0,5,2026-07-30T15:10:59.209699
9,15,9,5,0,5,2026-07-30T15:11:00.460229
9,15,10,5,0,5,2026-07-30T15:11:01.691509
9,16,1,5,0,5,2026-07-30T15:11:03.152973
9,16,2,5,0,5,2026-07-30T15:11:04.391397
9,16,3,5,0,5,2026-07-30T15:11:05.655056
9,16,4,5,0,5,2026-07-30T15:11:07.708705
9,16,5,5,0,5,2026-07-30T15:11:09.151166
9,16,6,5,0,5,2026-07-30T15:11:10.411516
9,16,7,5,0,5,2026-07-30T15:11:11.658042
9,16,8,5,0,5,2026-07-30T15:11:12.933285
9,16,9,5,0,5,2026-07-30T15:11:14.212978
9,16,10,5,0,5,2026-07-30T15:11:15.667963
9,17,1,5,0,5,2026-07-30T15:11:17.526272
9,17,2,5,0,5,2026-07-30T15:11:18.948636
9,17,3,5,0,5,2026-07-30T15:11:20.800160
9,17,4,5,0,5,2026-07-30T15:11:22.055363
9,17,5,5,0,5,2026-07-30T15:11:23.348767
9,17,6,5,0,5,2026-07-30T15:11:25.178983
9,17,7,5,0,5,2026-07-30T15:11:26.426743
9,17,8,5,0,5,2026-07-30T15:11:28.078509
9,17,9,5,0,5,2026-07-30T15:11:29.153980
9,17,10,5,0,5,2026-07-30T15:11:30.814996
9,18,1,0,0,0,2026-07-30T15:11:31.865268
9,18,2,2,0,2,2026-07-30T15:11:33.509328
9,18,3,2,0,2,2026-07-30T15:11:34.752546
9,18,4,0,0,0,2026-07-30T15:11:36.420514
9,18,5,0,0,0,2026-07-30T15:11:38.083293
9,18,6,0,0,0,2026-07-30T15:11:39.137253
9,18,7,0,0,0,2026-07-30T15:11:40.996004
9,18,8,0,0,0,2026-07-30T15:11:42.855886
9,18,9,0,0,0,2026-07-30T15:11:44.113291
9,18,10,0,0,0,2026-07-30T15:11:45.761359
9,19,1,0,0,0,2026-07-30T15:11:47.036704
9,19,2,0,0,0,2026-07-30T15:11:48.278380
9,19,3,0,0,0,2026-07-30T15:11:50.142385
9,19,4,0,0,0,2026-07-30T15:11:51.403623
9,19,5,0,0,0,2026-07-30T15:11:53.068622
9,19,6,0,0,0,2026-07-30T15:11:54.125894
9,19,7,5,0,5,2026-07-30T15:11:55.548019
9,19,8,0,0,0,2026-07-30T15:11:56.789187
9,19,9,0,0,0,2026-07-30T15:11:58.023315
9,19,10,0,0,0,2026-07-30T15:11:59.681193
9,20,1,5,0,5,2026-07-30T15:12:01.349460
9,20,2,5,0,5,2026-07-30T15:12:02.433491
9,20,3,5,0,5,2026-07-30T15:12:04.096442
9,20,4,5,0,5,2026-07-30T15:12:05.986348
9,20,5,5,0,5,2026-07-30T15:12:07.240509
9,20,6,5,0,5,2026-07-30T15:12:08.729023
9,20,7,5,0,5,2026-07-30T15:12:09.979517
9,20,8,5,0,5,2026-07-30T15:12:11.038128
9,20,9,5,0,5,2026-07-30T15:12:12.890548
9,20,10,5,0,5,2026-07-30T15:12:14.538263
9,21,1,5,0,5,2026-07-30T15:12:16.193740
9,21,2,5,0,5,2026-07-30T15:12:18.042854
9,21,3,5,0,5,2026-07-30T15:12:20.146434
9,21,4,5,0,5,2026-07-30T15:12:22.019033
9,21,5,5,0,5,2026-07-30T15:12:23.544199
9,21,6,5,0,5,2026-07-30T15:12:24.978345
9,21,7,5,0,5,2026-07-30T15:12:26.637765
9,21,8,5,0,5,2026-07-30T15:12:28.482467
9,21,9,5,0,5,2026-07-30T15:12:30.349717
9,21,10,5,0,5,2026-07-30T15:12:32.197719
9,22,1,5,0,5,2026-07-30T15:12:33.469234
9,22,2,3,0,3,2026-07-30T15:12:35.124882
9,22,3,5,0,5,2026-07-30T15:12:36.574374
9,22,4,5,0,5,2026-07-30T15:12:37.676617
9,22,5,5,0,5,2026-07-30T15:12:38.737522
9,22,6,3,0,3,2026-07-30T15:12:40.393557
9,22,7,5,0,5,2026-07-30T15:12:41.847229
9,22,8,5,0,5,2026-07-30T15:12:43.506620
9,22,9,5,0,5,2026-07-30T15:12:44.975084
9,22,10,5,0,5,2026-07-30T15:12:46.857258
9,23,1,5,0,5,2026-07-30T15:12:48.323307
9,23,2,5,0,5,2026-07-30T15:12:49.768775
9,23,3,5,0,5,2026-07-30T15:12:50.849655
9,23,4,5,0,5,2026-07-30T15:12:52.711163
9,23,5,5,0,5,2026-07-30T15:12:53.771669
9,23,6,5,0,5,2026-07-30T15:12:55.235588
9,23,7,5,0,5,2026-07-30T15:12:56.880911
9,23,8,5,0,5,2026-07-30T15:12:58.165062
9,23,9,5,0,5,2026-07-30T15:12:59.833230
9,23,10,5,0,5,2026-07-30T15:13:01.282956
9,24,1,5,0,5,2026-07-30T15:13:02.522778
9,24,2,5,0,5,2026-07-30T15:13:03.774235
9,24,3,5,0,5,2026-07-30T15:13:05.063755
9,24,4,0,0,0,2026-07-30T15:13:06.509555
9,24,5,5,0,5,2026-07-30T15:13:07.751888
9,24,6,5,0,5,2026-07-30T15:13:09.599519
9,24,7,5,0,5,2026-07-30T15:13:11.499582
9,24,8,5,0,5,2026-07-30T15:13:12.947852
9,24,9,5,0,5,2026-07-30T15:13:14.408946
9,24,10,5,0,5,2026-07-30T15:13:15.439617
9,25,1,5,0,5,2026-07-30T15:13:16.491704
9,25,2,5,0,5,2026-07-30T15:13:17.740149
9,25,3,5,0,5,2026-07-30T15:13:19.381256
9,25,4,5,0,5,2026-07-30T15:13:20.816436
9,25,5,5,0,5,2026-07-30T15:13:22.051996
9,25,6,5,0,5,2026-07-30T15:13:23.725032
9,25,7,5,0,5,2026-07-30T15:13:25.171675
9,25,8,5,0,5,2026-07-30T15:13:26.643728
9,25,9,5,0,5,2026-07-30T15:13:27.883315
9,25,10,5,0,5,2026-07-30T15:13:28.910371
9,26,1,5,0,5,2026-07-30T15:13:30.774412
9,26,2,5,0,5,2026-07-30T15:13:32.430267
9,26,3,5,0,5,2026-07-30T15:13:33.472563
9,26,4,5,0,5,2026-07-30T15:13:35.370857
9,26,5,5,0,5,2026-07-30T15:13:37.031522
9,26,6,5,0,5,2026-07-30T15:13:38.911704
9,26,7,5,0,5,2026-07-30T15:13:40.575616
9,26,8,5,0,5,2026-07-30T15:13:42.432630
9,26,9,5,0,5,2026-07-30T15:13:44.303826
9,26,10,5,0,5,2026-07-30T15:13:46.197122
9,27,1,5,0,5,2026-07-30T15:13:47.226765
9,27,2,5,0,5,2026-07-30T15:13:48.879531
9,27,3,5,0,5,2026-07-30T15:13:50.744244
9,27,4,5,0,5,2026-07-30T15:13:51.762692
9,27,5,5,0,5,2026-07-30T15:13:53.185765
9,27,6,5,0,5,2026-07-30T15:13:54.225319
9,27,7,5,0,5,2026-07-30T15:13:56.297263
9,27,8,5,0,5,2026-07-30T15:13:57.726004
9,27,9,5,0,5,2026-07-30T15:13:59.158031
9,27,10,5,0,5,2026-07-30T15:14:00.617057
9,28,1,5,0,5,2026-07-30T15:14:01.650397
9,28,2,5,0,5,2026-07-30T15:14:02.901924
9,28,3,5,0,5,2026-07-30T15:14:03.959631
9,28,4,5,0,5,2026-07-30T15:14:05.619472
9,28,5,5,0,5,2026-07-30T15:14:07.067230
9,28,6,5,0,5,2026-07-30T15:14:08.725280
9,28,7,5,0,5,2026-07-30T15:14:10.583715
9,28,8,5,0,5,2026-07-30T15:14:12.425966
9,28,9,5,0,5,2026-07-30T15:14:13.755617
9,28,10,5,0,5,2026-07-30T15:14:15.415452
9,29,1,5,0,5,2026-07-30T15:14:16.683890
9,29,2,5,0,5,2026-07-30T15:14:18.336476
9,29,3,5,0,5,2026-07-30T15:14:19.365483
9,29,4,5,0,5,2026-07-30T15:14:21.219093
9,29,5,5,0,5,2026-07-30T15:14:22.080252
9,29,6,5,0,5,2026-07-30T15:14:23.357610
9,29,7,5,0,5,2026-07-30T15:14:24.396846
9,29,8,5,0,5,2026-07-30T15:14:25.451389
9,29,9,5,0,5,2026-07-30T15:14:27.118189
9,29,10,5,0,5,2026-07-30T15:14:28.766195
9,30,1,5,0,5,2026-07-30T15:14:30.476276
9,30,2,5,0,5,2026-07-30T15:14:32.311040
9,30,3,5,0,5,2026-07-30T15:14:33.564483
9,30,4,0,0,0,2026-07-30T15:14:35.003007
9,30,5,5,0,5,2026-07-30T15:14:36.247889
9,30,6,5,0,5,2026-07-30T15:14:38.290340
9,30,7,5,0,5,2026-07-30T15:14:39.948465
9,30,8,5,0,5,2026-07-30T15:14:41.618432
9,30,9,5,0,5,2026-07-30T15:14:42.648720
9,30,10,5,0,5,2026-07-30T15:14:43.914964
10,1,1,5,0,5,2026-07-30T15:14:44.951982
10,1,2,5,0,5,2026-07-30T15:14:46.395052
10,1,3,5,0,5,2026-07-30T15:14:47.643970
10,1,4,5,0,5,2026-07-30T15:14:49.117977
10,1,5,5,0,5,2026-07-30T15:14:50.973468
10,1,6,5,0,5,2026-07-30T15:14:52.417846
10,1,7,5,0,5,2026-07-30T15:14:53.895577
10,1,8,5,0,5,2026-07-30T15:14:54.948769
10,1,9,5,0,5,2026-07-30T15:14:56.603892
10,1,10,5,0,5,2026-07-30T15:14:58.469280
10,2,1,5,0,5,2026-07-30T15:15:00.318161
10,2,2,5,0,5,2026-07-30T15:15:01.651680
10,2,3,5,0,5,2026-07-30T15:15:03.291892
10,2,4,5,0,5,2026-07-30T15:15:05.355990
10,2,5,5,0,5,2026-07-30T15:15:06.401456
10,2,6,5,0,5,2026-07-30T15:15:08.035711
10,2,7,5,0,5,2026-07-30T15:15:09.478770
10,2,8,5,0,5,2026-07-30T15:15:10.730551
10,2,9,5,0,5,2026-07-30T15:15:12.773535
10,2,10,5,0,5,2026-07-30T15:15:13.816127
10,3,1,5,0,5,2026-07-30T15:15:14.865667
10,3,2,5,0,5,2026-07-30T15:15:16.319337
10,3,3,5,0,5,2026-07-30T15:15:17.380568
10,3,4,5,0,5,2026-07-30T15:15:18.822457
10,3,5,5,0,5,2026-07-30T15:15:20.692187
10,3,6,5,0,5,2026-07-30T15:15:23.192082
10,3,7,5,0,5,2026-07-30T15:15:24.225495
10,3,8,5,0,5,2026-07-30T15:15:26.075124
10,3,9,4,0,4,2026-07-30T15:15:27.114021
10,3,10,5,0,5,2026-07-30T15:15:28.576974
10,4,1,0,0,0,2026-07-30T15:15:30.027839
10,4,2,0,0,0,2026-07-30T15:15:31.709648
10,4,3,5,0,5,2026-07-30T15:15:32.773664
10,4,4,0,0,0,2026-07-30T15:15:33.815717
10,4,5,0,0,0,2026-07-30T15:15:34.870094
10,4,6,0,0,0,2026-07-30T15:15:36.726893
10,4,7,0,0,0,2026-07-30T15:15:38.576991
10,4,8,0,0,0,2026-07-30T15:15:40.419630
10,4,9,3,0,3,2026-07-30T15:15:41.867756
10,4,10,0,0,0,2026-07-30T15:15:43.110025
10,5,1,5,0,5,2026-07-30T15:15:44.575042
10,5,2,5,0,5,2026-07-30T15:15:45.614244
10,5,3,5,0,5,2026-07-30T15:15:47.064214
10,5,4,5,0,5,2026-07-30T15:15:48.517767
10,5,5,5,0,5,2026-07-30T15:15:49.812725
10,5,6,5,0,5,2026-07-30T15:15:51.692835
10,5,7,0,0,0,2026-07-30T15:15:53.153949
10,5,8,5,0,5,2026-07-30T15:15:54.811865
10,5,9,5,0,5,2026-07-30T15:15:56.467036
10,5,10,5,0,5,2026-07-30T15:15:58.318235
10,6,1,5,0,5,2026-07-30T15:15:59.381403
10,6,2,5,0,5,2026-07-30T15:16:00.600673
10,6,3,5,0,5,2026-07-30T15:16:02.046186
10,6,4,5,0,5,2026-07-30T15:16:03.892830
10,6,5,5,0,5,2026-07-30T15:16:05.545890
10,6,6,5,0,5,2026-07-30T15:16:07.180310
10,6,7,5,0,5,2026-07-30T15:16:09.029147
10,6,8,5,0,5,2026-07-30T15:16:10.066667
10,6,9,5,0,5,2026-07-30T15:16:12.129575
10,6,10,5,0,5,2026-07-30T15:16:14.595724
10,7,1,5,0,5,2026-07-30T15:16:16.424314
10,7,2,5,0,5,2026-07-30T15:16:17.663107
10,7,3,5,0,5,2026-07-30T15:16:18.905915
10,7,4,5,0,5,2026-07-30T15:16:20.374961
10,7,5,5,0,5,2026-07-30T15:16:22.030678
10,7,6,5,0,5,2026-07-30T15:16:23.476920
10,7,7,5,0,5,2026-07-30T15:16:25.566738
10,7,8,5,0,5,2026-07-30T15:16:27.424051
10,7,9,5,0,5,2026-07-30T15:16:28.677354
10,7,10,5,0,5,2026-07-30T15:16:30.355541
10,8,1,5,0,5,2026-07-30T15:16:32.192136
10,8,2,4,0,4,2026-07-30T15:16:33.246354
10,8,3,5,0,5,2026-07-30T15:16:34.908418
10,8,4,5,0,5,2026-07-30T15:16:36.768492
10,8,5,5,0,5,2026-07-30T15:16:37.809641
10,8,6,5,0,5,2026-07-30T15:16:39.470636
10,8,7,5,0,5,2026-07-30T15:16:40.887414
10,8,8,5,0,5,2026-07-30T15:16:41.921292
10,8,9,5,0,5,2026-07-30T15:16:43.181484
10,8,10,5,0,5,2026-07-30T15:16:44.636843
10,9,1,0,0,0,2026-07-30T15:16:45.894391
10,9,2,0,0,0,2026-07-30T15:16:47.545902
10,9,3,0,0,0,2026-07-30T15:16:49.194955
10,9,4,0,0,0,2026-07-30T15:16:52.703198
10,9,5,0,0,0,2026-07-30T15:16:54.146805
10,9,6,0,0,0,2026-07-30T15:16:56.011391
10,9,7,0,0,0,2026-07-30T15:16:57.247534
10,9,8,0,0,0,2026-07-30T15:16:58.474901
10,9,9,0,0,0,2026-07-30T15:16:59.513179
10,9,10,0,0,0,2026-07-30T15:17:00.751317
10,10,1,5,0,5,2026-07-30T15:17:02.216411
10,10,2,5,0,5,2026-07-30T15:17:03.468027
10,10,3,5,0,5,2026-07-30T15:17:05.130802
10,10,4,5,0,5,2026-07-30T15:17:06.776706
10,10,5,5,0,5,2026-07-30T15:17:08.034369
10,10,6,5,0,5,2026-07-30T15:17:09.877554
10,10,7,5,0,5,2026-07-30T15:17:11.513079
10,10,8,5,0,5,2026-07-30T15:17:13.159923
10,10,9,5,0,5,2026-07-30T15:17:14.406649
10,10,10,5,0,5,2026-07-30T15:17:15.854496
10,11,1,5,0,5,2026-07-30T15:17:17.091580
10,11,2,5,0,5,2026-07-30T15:17:18.935435
10,11,3,5,0,5,2026-07-30T15:17:20.379552
10,11,4,5,0,5,2026-07-30T15:17:21.819570
10,11,5,5,0,5,2026-07-30T15:17:23.265235
10,11,6,5,0,5,2026-07-30T15:17:24.307626
10,11,7,5,0,5,2026-07-30T15:17:25.541810
10,11,8,5,0,5,2026-07-30T15:17:26.586707
10,11,9,5,0,5,2026-07-30T15:17:28.040263
10,11,10,5,0,5,2026-07-30T15:17:29.070003
10,12,1,5,0,5,2026-07-30T15:17:30.711668
10,12,2,5,0,5,2026-07-30T15:17:32.583436
10,12,3,5,0,5,2026-07-30T15:17:34.246048
10,12,4,5,0,5,2026-07-30T15:17:35.274747
10,12,5,5,0,5,2026-07-30T15:17:36.331946
10,12,6,5,0,5,2026-07-30T15:17:38.013434
10,12,7,5,0,5,2026-07-30T15:17:39.878572
10,12,8,5,0,5,2026-07-30T15:17:41.335761
10,12,9,5,0,5,2026-07-30T15:17:43.001451
10,12,10,5,0,5,2026-07-30T15:17:44.562569
10,13,1,5,0,5,2026-07-30T15:17:46.615205
10,13,2,5,0,5,2026-07-30T15:17:47.654386
10,13,3,5,0,5,2026-07-30T15:17:49.090255
10,13,4,5,0,5,2026-07-30T15:17:50.713489
10,13,5,5,0,5,2026-07-30T15:17:52.367226
10,13,6,5,0,5,2026-07-30T15:17:53.419557
10,13,7,5,0,5,2026-07-30T15:17:55.122134
10,13,8,5,0,5,2026-07-30T15:17:56.577175
10,13,9,5,0,5,2026-07-30T15:17:58.250984
10,13,10,5,0,5,2026-07-30T15:17:59.926075
10,14,1,5,0,5,2026-07-30T15:18:01.586862
10,14,2,5,0,5,2026-07-30T15:18:03.446330
10,14,3,5,0,5,2026-07-30T15:18:05.109093
10,14,4,5,0,5,2026-07-30T15:18:06.168190
10,14,5,5,0,5,2026-07-30T15:18:07.853376
10,14,6,5,0,5,2026-07-30T15:18:08.911939
10,14,7,5,0,5,2026-07-30T15:18:10.769322
10,14,8,5,0,5,2026-07-30T15:18:12.001073
10,14,9,5,0,5,2026-07-30T15:18:13.439396
10,14,10,5,0,5,2026-07-30T15:18:14.917893
10,15,1,0,0,0,2026-07-30T15:18:16.793267
10,15,2,0,0,0,2026-07-30T15:18:18.682264
10,15,3,0,0,0,2026-07-30T15:18:20.174328
10,15,4,0,0,0,2026-07-30T15:18:21.842155
10,15,5,0,0,0,2026-07-30T15:18:23.518049
10,15,6,0,0,0,2026-07-30T15:18:24.763476
10,15,7,0,0,0,2026-07-30T15:18:26.613125
10,15,8,0,0,0,2026-07-30T15:18:27.654673
10,15,9,0,0,0,2026-07-30T15:18:28.883007
10,15,10,0,0,0,2026-07-30T15:18:30.747851
10,16,1,5,0,5,2026-07-30T15:18:32.001698
10,16,2,5,0,5,2026-07-30T15:18:33.668915
10,16,3,5,0,5,2026-07-30T15:18:35.313987
10,16,4,5,0,5,2026-07-30T15:18:36.971747
10,16,5,5,0,5,2026-07-30T15:18:38.625034
10,16,6,5,0,5,2026-07-30T15:18:40.493725
10,16,7,5,0,5,2026-07-30T15:18:41.552421
10,16,8,5,0,5,2026-07-30T15:18:43.009085
10,16,9,5,0,5,2026-07-30T15:18:44.070766
10,16,10,5,0,5,2026-07-30T15:18:45.935606
10,17,1,5,0,5,2026-07-30T15:18:46.979617
10,17,2,5,0,5,2026-07-30T15:18:48.846288
10,17,3,5,0,5,2026-07-30T15:18:49.899996
10,17,4,5,0,5,2026-07-30T15:18:51.331215
10,17,5,5,0,5,2026-07-30T15:18:52.589643
10,17,6,5,0,5,2026-07-30T15:18:54.471205
10,17,7,5,0,5,2026-07-30T15:18:56.332052
10,17,8,5,0,5,2026-07-30T15:18:57.368714
10,17,9,5,0,5,2026-07-30T15:18:58.637740
10,17,10,5,0,5,2026-07-30T15:19:00.487543
10,18,1,5,0,5,2026-07-30T15:19:01.754961
10,18,2,5,0,5,2026-07-30T15:19:03.628137
10,18,3,5,0,5,2026-07-30T15:19:05.134512
10,18,4,5,0,5,2026-07-30T15:19:06.194161
10,18,5,5,0,5,2026-07-30T15:19:08.068954
10,18,6,5,0,5,2026-07-30T15:19:09.743580
10,18,7,5,0,5,2026-07-30T15:19:11.222568
10,18,8,5,0,5,2026-07-30T15:19:12.321495
10,18,9,5,0,5,2026-07-30T15:19:13.771225
10,18,10,5,0,5,2026-07-30T15:19:15.012331
10,19,1,5,0,5,2026-07-30T15:19:16.465475
10,19,2,0,0,0,2026-07-30T15:19:17.504824
10,19,3,0,0,0,2026-07-30T15:19:18.969762
10,19,4,0,0,0,2026-07-30T15:19:20.229792
10,19,5,0,0,0,2026-07-30T15:19:21.745068
10,19,6,5,0,5,2026-07-30T15:19:23.612717
10,19,7,5,0,5,2026-07-30T15:19:25.516405
10,19,8,5,0,5,2026-07-30T15:19:27.364921
10,19,9,0,0,0,2026-07-30T15:19:28.423816
10,19,10,0,0,0,2026-07-30T15:19:29.854316
10,20,1,5,0,5,2026-07-30T15:19:31.515192
10,20,2,5,0,5,2026-07-30T15:19:32.781560
10,20,3,5,0,5,2026-07-30T15:19:34.231008
10,20,4,5,0,5,2026-07-30T15:19:35.313122
10,20,5,5,0,5,2026-07-30T15:19:36.945911
10,20,6,5,0,5,2026-07-30T15:19:38.799301
10,20,7,5,0,5,2026-07-30T15:19:39.842618
10,20,8,5,0,5,2026-07-30T15:19:40.873862
10,20,9,5,0,5,2026-07-30T15:19:42.735405
10,20,10,5,0,5,2026-07-30T15:19:43.974202
10,21,1,5,0,5,2026-07-30T15:19:45.627518
10,21,2,5,0,5,2026-07-30T15:19:47.276964
10,21,3,5,0,5,2026-07-30T15:19:48.912149
10,21,4,5,0,5,2026-07-30T15:19:50.577866
10,21,5,5,0,5,2026-07-30T15:19:51.655179
10,21,6,5,0,5,2026-07-30T15:19:52.702154
10,21,7,5,0,5,2026-07-30T15:19:54.365206
10,21,8,5,0,5,2026-07-30T15:19:56.212014
10,21,9,5,0,5,2026-07-30T15:19:57.482020
10,21,10,5,0,5,2026-07-30T15:19:59.361951
10,22,1,5,0,5,2026-07-30T15:20:01.233844
10,22,2,5,0,5,2026-07-30T15:20:02.898573
10,22,3,5,0,5,2026-07-30T15:20:04.176858
10,22,4,5,0,5,2026-07-30T15:20:06.039534
10,22,5,5,0,5,2026-07-30T15:20:07.688114
10,22,6,5,0,5,2026-07-30T15:20:09.127979
10,22,7,5,0,5,2026-07-30T15:20:10.172376
10,22,8,5,0,5,2026-07-30T15:20:11.208191
10,22,9,5,0,5,2026-07-30T15:20:12.271533
10,22,10,5,0,5,2026-07-30T15:20:13.717862
10,23,1,5,0,5,2026-07-30T15:20:14.781942
10,23,2,5,0,5,2026-07-30T15:20:16.635691
10,23,3,5,0,5,2026-07-30T15:20:17.685549
10,23,4,5,0,5,2026-07-30T15:20:19.144898
10,23,5,5,0,5,2026-07-30T15:20:20.574948
10,23,6,5,0,5,2026-07-30T15:20:21.828130
10,23,7,5,0,5,2026-07-30T15:20:23.690827
10,23,8,5,0,5,2026-07-30T15:20:24.744541
10,23,9,5,0,5,2026-07-30T15:20:26.596844
10,23,10,5,0,5,2026-07-30T15:20:27.661851
10,24,1,0,0,0,2026-07-30T15:20:29.513114
10,24,2,0,0,0,2026-07-30T15:20:30.965935
10,24,3,0,0,0,2026-07-30T15:20:32.237890
10,24,4,0,0,0,2026-07-30T15:20:33.713728
10,24,5,0,0,0,2026-07-30T15:20:34.987606
10,24,6,0,0,0,2026-07-30T15:20:36.434935
10,24,7,0,0,0,2026-07-30T15:20:37.905338
10,24,8,0,0,0,2026-07-30T15:20:39.762256
10,24,9,0,0,0,2026-07-30T15:20:40.896238
10,24,10,0,0,0,2026-07-30T15:20:42.560350
10,25,1,5,0,5,2026-07-30T15:20:43.806345
10,25,2,5,0,5,2026-07-30T15:20:45.672018
10,25,3,0,0,0,2026-07-30T15:20:46.934830
10,25,4,5,0,5,2026-07-30T15:20:48.790924
10,25,5,0,0,0,2026-07-30T15:20:50.280856
10,25,6,0,0,0,2026-07-30T15:20:51.324899
10,25,7,4,0,4,2026-07-30T15:20:53.921855
10,25,8,5,0,5,2026-07-30T15:20:55.194608
10,25,9,0,0,0,2026-07-30T15:20:56.676091
10,25,10,5,0,5,2026-07-30T15:20:57.953913
10,26,1,5,0,5,2026-07-30T15:20:59.805040
10,26,2,5,0,5,2026-07-30T15:21:01.456478
10,26,3,5,0,5,2026-07-30T15:21:02.905167
10,26,4,5,0,5,2026-07-30T15:21:04.453199
10,26,5,5,0,5,2026-07-30T15:21:05.896388
10,26,6,5,0,5,2026-07-30T15:21:07.148548
10,26,7,5,0,5,2026-07-30T15:21:08.604750
10,26,8,5,0,5,2026-07-30T15:21:10.473610
10,26,9,5,0,5,2026-07-30T15:21:11.717100
10,26,10,5,0,5,2026-07-30T15:21:13.384578
10,27,1,5,0,5,2026-07-30T15:21:14.818490
10,27,2,5,0,5,2026-07-30T15:21:16.746324
10,27,3,5,0,5,2026-07-30T15:21:17.779927
10,27,4,5,0,5,2026-07-30T15:21:18.820200
10,27,5,5,0,5,2026-07-30T15:21:20.060699
10,27,6,5,0,5,2026-07-30T15:21:21.710798
10,27,7,5,0,5,2026-07-30T15:21:23.549776
10,27,8,5,0,5,2026-07-30T15:21:24.566359
10,27,9,5,0,5,2026-07-30T15:21:25.612191
10,27,10,5,0,5,2026-07-30T15:21:27.047254
10,28,1,5,0,5,2026-07-30T15:21:28.905063
10,28,2,5,0,5,2026-07-30T15:21:30.133993
10,28,3,5,0,5,2026-07-30T15:21:31.402651
10,28,4,5,0,5,2026-07-30T15:21:32.659954
10,28,5,5,0,5,2026-07-30T15:21:33.708421
10,28,6,5,0,5,2026-07-30T15:21:34.741686
10,28,7,5,0,5,2026-07-30T15:21:36.002714
10,28,8,5,0,5,2026-07-30T15:21:37.865788
10,28,9,5,0,5,2026-07-30T15:21:39.529114
10,28,10,3,0,3,2026-07-30T15:21:40.985414
10,29,1,0,0,0,2026-07-30T15:21:42.229942
10,29,2,0,0,0,2026-07-30T15:21:44.086782
10,29,3,5,0,5,2026-07-30T15:21:45.149302
10,29,4,5,0,5,2026-07-30T15:21:46.797048
10,29,5,5,0,5,2026-07-30T15:21:48.660322
10,29,6,5,0,5,2026-07-30T15:21:50.532601
10,29,7,0,0,0,2026-07-30T15:21:51.982312
10,29,8,5,0,5,2026-07-30T15:21:53.710823
10,29,9,5,0,5,2026-07-30T15:21:55.168137
10,29,10,5,0,5,2026-07-30T15:21:56.397409
10,30,1,5,0,5,2026-07-30T15:21:58.255802
10,30,2,5,0,5,2026-07-30T15:21:59.957230
10,30,3,5,0,5,2026-07-30T15:22:01.400812
10,30,4,5,0,5,2026-07-30T15:22:02.872808
10,30,5,5,0,5,2026-07-30T15:22:04.543847
10,30,6,5,0,5,2026-07-30T15:22:06.214596
10,30,7,5,0,5,2026-07-30T15:22:07.889187
10,30,8,5,0,5,2026-07-30T15:22:09.764943
10,30,9,5,0,5,2026-07-30T15:22:11.428733
10,30,10,5,0,5,2026-07-30T15:22:12.877994
11,1,1,5,0,5,2026-07-30T15:22:14.733816
11,1,2,5,0,5,2026-07-30T15:22:16.399281
11,1,3,5,0,5,2026-07-30T15:22:18.258633
11,1,4,5,0,5,2026-07-30T15:22:19.522037
11,1,5,5,0,5,2026-07-30T15:22:21.420134
11,1,6,5,0,5,2026-07-30T15:22:22.902638
11,1,7,5,0,5,2026-07-30T15:22:23.952684
11,1,8,5,0,5,2026-07-30T15:22:25.585377
11,1,9,5,0,5,2026-07-30T15:22:26.859323
11,1,10,5,0,5,2026-07-30T15:22:28.738775
11,2,1,5,0,5,2026-07-30T15:22:30.601532
11,2,2,5,0,5,2026-07-30T15:22:31.676112
11,2,3,5,0,5,2026-07-30T15:22:32.744602
11,2,4,5,0,5,2026-07-30T15:22:34.009822
11,2,5,5,0,5,2026-07-30T15:22:35.664746
11,2,6,5,0,5,2026-07-30T15:22:36.978477
11,2,7,5,0,5,2026-07-30T15:22:38.438118
11,2,8,5,0,5,2026-07-30T15:22:39.503870
11,2,9,5,0,5,2026-07-30T15:22:41.371431
11,2,10,5,0,5,2026-07-30T15:22:42.629254
11,3,1,0,0,0,2026-07-30T15:22:44.298727
11,3,2,0,0,0,2026-07-30T15:22:45.953178
11,3,3,0,0,0,2026-07-30T15:22:47.227461
11,3,4,0,0,0,2026-07-30T15:22:49.078735
11,3,5,0,0,0,2026-07-30T15:22:51.139758
11,3,6,0,0,0,2026-07-30T15:22:52.788032
11,3,7,0,0,0,2026-07-30T15:22:54.030541
11,3,8,0,0,0,2026-07-30T15:22:55.716013
11,3,9,0,0,0,2026-07-30T15:22:56.790933
11,3,10,0,0,0,2026-07-30T15:22:58.252427
11,4,1,0,0,0,2026-07-30T15:23:00.083429
11,4,2,0,0,0,2026-07-30T15:23:01.512283
11,4,3,0,0,0,2026-07-30T15:23:03.194509
11,4,4,0,0,0,2026-07-30T15:23:04.248902
11,4,5,0,0,0,2026-07-30T15:23:05.503063
11,4,6,0,0,0,2026-07-30T15:23:06.929792
11,4,7,0,0,0,2026-07-30T15:23:08.208124
11,4,8,0,0,0,2026-07-30T15:23:10.054003
11,4,9,0,0,0,2026-07-30T15:23:11.096581
11,4,10,0,0,0,2026-07-30T15:23:12.341062
11,5,1,0,0,0,2026-07-30T15:23:14.000746
11,5,2,0,0,0,2026-07-30T15:23:15.650323
11,5,3,0,0,0,2026-07-30T15:23:17.292041
11,5,4,0,0,0,2026-07-30T15:23:18.950893
11,5,5,0,0,0,2026-07-30T15:23:20.808132
11,5,6,0,0,0,2026-07-30T15:23:22.051033
11,5,7,0,0,0,2026-07-30T15:23:23.287875
11,5,8,0,0,0,2026-07-30T15:23:24.948966
11,5,9,0,0,0,2026-07-30T15:23:26.430328
11,5,10,0,0,0,2026-07-30T15:23:27.521710
11,6,1,5,0,5,2026-07-30T15:23:29.189091
11,6,2,5,0,5,2026-07-30T15:23:30.620017
11,6,3,5,0,5,2026-07-30T15:23:32.262490
11,6,4,5,0,5,2026-07-30T15:23:33.500265
11,6,5,5,0,5,2026-07-30T15:23:35.344044
11,6,6,5,0,5,2026-07-30T15:23:37.002626
11,6,7,5,0,5,2026-07-30T15:23:38.445158
11,6,8,5,0,5,2026-07-30T15:23:40.078994
11,6,9,5,0,5,2026-07-30T15:23:41.946856
11,6,10,5,0,5,2026-07-30T15:23:43.489147
11,7,1,5,0,5,2026-07-30T15:23:45.158112
11,7,2,5,0,5,2026-07-30T15:23:46.820641
11,7,3,5,0,5,2026-07-30T15:23:48.682727
11,7,4,5,0,5,2026-07-30T15:23:50.542419
11,7,5,5,0,5,2026-07-30T15:23:52.601696
11,7,6,5,0,5,2026-07-30T15:23:53.844196
11,7,7,5,0,5,2026-07-30T15:23:55.098487
11,7,8,5,0,5,2026-07-30T15:23:57.005553
11,7,9,5,0,5,2026-07-30T15:23:58.458840
11,7,10,5,0,5,2026-07-30T15:23:59.523557
11,8,1,5,0,5,2026-07-30T15:24:01.015121
11,8,2,5,0,5,2026-07-30T15:24:02.241656
11,8,3,5,0,5,2026-07-30T15:24:03.474402
11,8,4,5,0,5,2026-07-30T15:24:04.921588
11,8,5,5,0,5,2026-07-30T15:24:06.211149
11,8,6,5,0,5,2026-07-30T15:24:07.852697
11,8,7,5,0,5,2026-07-30T15:24:09.104292
11,8,8,5,0,5,2026-07-30T15:24:10.323844
11,8,9,5,0,5,2026-07-30T15:24:12.169703
11,8,10,5,0,5,2026-07-30T15:24:13.200849
11,9,1,0,0,0,2026-07-30T15:24:15.093172
11,9,2,0,0,0,2026-07-30T15:24:16.125467
11,9,3,0,0,0,2026-07-30T15:24:17.369783
11,9,4,0,0,0,2026-07-30T15:24:18.608887
11,9,5,0,0,0,2026-07-30T15:24:20.236304
11,9,6,0,0,0,2026-07-30T15:24:21.878831
11,9,7,0,0,0,2026-07-30T15:24:25.760563
11,9,8,0,0,0,2026-07-30T15:24:26.835746
11,9,9,0,0,0,2026-07-30T15:24:28.105344
11,9,10,0,0,0,2026-07-30T15:24:29.359567
11,10,1,5,0,5,2026-07-30T15:24:30.603190
11,10,2,5,0,5,2026-07-30T15:24:31.630388
11,10,3,5,0,5,2026-07-30T15:24:33.487752
11,10,4,5,0,5,2026-07-30T15:24:34.539166
11,10,5,0,0,0,2026-07-30T15:24:35.994187
11,10,6,5,0,5,2026-07-30T15:24:37.040639
11,10,7,0,0,0,2026-07-30T15:24:38.894869
11,10,8,0,0,0,2026-07-30T15:24:40.557086
11,10,9,0,0,0,2026-07-30T15:24:41.598727
11,10,10,5,0,5,2026-07-30T15:24:42.650935
11,11,1,5,0,5,2026-07-30T15:24:44.548153
11,11,2,5,0,5,2026-07-30T15:24:45.619975
11,11,3,5,0,5,2026-07-30T15:24:47.276527
11,11,4,5,0,5,2026-07-30T15:24:48.341583
11,11,5,5,0,5,2026-07-30T15:24:50.195616
11,11,6,5,0,5,2026-07-30T15:24:51.279438
11,11,7,5,0,5,2026-07-30T15:24:52.316459
11,11,8,5,0,5,2026-07-30T15:24:53.566346
11,11,9,5,0,5,2026-07-30T15:24:54.603116
11,11,10,5,0,5,2026-07-30T15:24:56.298081
11,12,1,5,0,5,2026-07-30T15:24:57.623997
11,12,2,5,0,5,2026-07-30T15:24:59.500683
11,12,3,5,0,5,2026-07-30T15:25:01.171542
11,12,4,5,0,5,2026-07-30T15:25:02.016027
11,12,5,5,0,5,2026-07-30T15:25:03.456109
11,12,6,5,0,5,2026-07-30T15:25:05.324211
11,12,7,5,0,5,2026-07-30T15:25:06.557610
11,12,8,5,0,5,2026-07-30T15:25:08.058661
11,12,9,5,0,5,2026-07-30T15:25:09.316961
11,12,10,5,0,5,2026-07-30T15:25:10.374532
11,13,1,5,0,5,2026-07-30T15:25:12.028462
11,13,2,4,0,4,2026-07-30T15:25:13.686574
11,13,3,5,0,5,2026-07-30T15:25:14.722153
11,13,4,5,0,5,2026-07-30T15:25:15.795754
11,13,5,4,0,4,2026-07-30T15:25:16.841596
11,13,6,4,0,4,2026-07-30T15:25:18.284003
11,13,7,5,0,5,2026-07-30T15:25:19.322053
11,13,8,5,0,5,2026-07-30T15:25:20.755922
11,13,9,5,0,5,2026-07-30T15:25:22.506964
11,13,10,5,0,5,2026-07-30T15:25:23.541636
11,14,1,5,0,5,2026-07-30T15:25:25.182501
11,14,2,5,0,5,2026-07-30T15:25:27.030364
11,14,3,5,0,5,2026-07-30T15:25:28.487053
11,14,4,5,0,5,2026-07-30T15:25:29.954232
11,14,5,5,0,5,2026-07-30T15:25:31.612949
11,14,6,5,0,5,2026-07-30T15:25:33.476375
11,14,7,5,0,5,2026-07-30T15:25:35.342372
11,14,8,5,0,5,2026-07-30T15:25:36.993887
11,14,9,5,0,5,2026-07-30T15:25:38.684941
11,14,10,5,0,5,2026-07-30T15:25:40.362662
11,15,1,0,0,0,2026-07-30T15:25:41.606689
11,15,2,0,0,0,2026-07-30T15:25:42.845620
11,15,3,0,0,0,2026-07-30T15:25:44.300844
11,15,4,0,0,0,2026-07-30T15:25:45.556701
11,15,5,0,0,0,2026-07-30T15:25:46.805741
11,15,6,0,0,0,2026-07-30T15:25:48.262533
11,15,7,0,0,0,2026-07-30T15:25:49.521886
11,15,8,0,0,0,2026-07-30T15:25:51.387818
11,15,9,0,0,0,2026-07-30T15:25:53.048809
11,15,10,0,0,0,2026-07-30T15:25:54.913071
11,16,1,5,0,5,2026-07-30T15:25:56.578121
11,16,2,5,0,5,2026-07-30T15:25:58.451159
11,16,3,5,0,5,2026-07-30T15:25:59.923528
11,16,4,5,0,5,2026-07-30T15:26:01.569035
11,16,5,5,0,5,2026-07-30T15:26:03.021506
11,16,6,5,0,5,2026-07-30T15:26:03.864855
11,16,7,5,0,5,2026-07-30T15:26:05.128600
11,16,8,5,0,5,2026-07-30T15:26:06.762088
11,16,9,5,0,5,2026-07-30T15:26:08.428981
11,16,10,5,0,5,2026-07-30T15:26:10.272491
11,17,1,5,0,5,2026-07-30T15:26:11.927850
11,17,2,5,0,5,2026-07-30T15:26:13.362833
11,17,3,5,0,5,2026-07-30T15:26:15.012866
11,17,4,5,0,5,2026-07-30T15:26:16.465853
11,17,5,5,0,5,2026-07-30T15:26:18.144741
11,17,6,5,0,5,2026-07-30T15:26:19.809385
11,17,7,5,0,5,2026-07-30T15:26:21.667776
11,17,8,5,0,5,2026-07-30T15:26:23.549862
11,17,9,5,0,5,2026-07-30T15:26:25.390078
11,17,10,5,0,5,2026-07-30T15:26:26.848328
11,18,1,5,0,5,2026-07-30T15:26:28.718183
11,18,2,5,0,5,2026-07-30T15:26:30.159601
11,18,3,5,0,5,2026-07-30T15:26:31.628315
11,18,4,5,0,5,2026-07-30T15:26:33.301371
11,18,5,5,0,5,2026-07-30T15:26:34.147384
11,18,6,5,0,5,2026-07-30T15:26:35.802656
11,18,7,5,0,5,2026-07-30T15:26:37.275634
11,18,8,5,0,5,2026-07-30T15:26:38.904514
11,18,9,5,0,5,2026-07-30T15:26:40.573275
11,18,10,5,0,5,2026-07-30T15:26:42.229034
11,19,1,5,0,5,2026-07-30T15:26:43.301292
11,19,2,5,0,5,2026-07-30T15:26:44.756577
11,19,3,5,0,5,2026-07-30T15:26:46.208587
11,19,4,5,0,5,2026-07-30T15:26:48.058012
11,19,5,5,0,5,2026-07-30T15:26:49.716528
11,19,6,5,0,5,2026-07-30T15:26:51.175166
11,19,7,5,0,5,2026-07-30T15:26:52.444098
11,19,8,5,0,5,2026-07-30T15:26:54.106399
11,19,9,5,0,5,2026-07-30T15:26:55.730427
11,19,10,5,0,5,2026-07-30T15:26:56.967843
11,20,1,5,0,5,2026-07-30T15:26:58.026384
11,20,2,5,0,5,2026-07-30T15:26:59.100398
11,20,3,5,0,5,2026-07-30T15:27:00.618810
11,20,4,5,0,5,2026-07-30T15:27:02.293942
11,20,5,5,0,5,2026-07-30T15:27:04.165189
11,20,6,5,0,5,2026-07-30T15:27:05.615186
11,20,7,5,0,5,2026-07-30T15:27:06.667053
11,20,8,5,0,5,2026-07-30T15:27:08.108731
11,20,9,5,0,5,2026-07-30T15:27:09.142304
11,20,10,5,0,5,2026-07-30T15:27:10.394960
11,21,1,5,0,5,2026-07-30T15:27:11.836098
11,21,2,5,0,5,2026-07-30T15:27:13.679112
11,21,3,5,0,5,2026-07-30T15:27:15.531751
11,21,4,5,0,5,2026-07-30T15:27:17.389451
11,21,5,5,0,5,2026-07-30T15:27:19.221607
11,21,6,5,0,5,2026-07-30T15:27:20.885765
11,21,7,5,0,5,2026-07-30T15:27:22.556395
11,21,8,5,0,5,2026-07-30T15:27:24.425354
11,21,9,5,0,5,2026-07-30T15:27:25.875941
11,21,10,5,0,5,2026-07-30T15:27:27.144587
11,22,1,5,0,5,2026-07-30T15:27:28.600302
11,22,2,5,0,5,2026-07-30T15:27:29.661961
11,22,3,5,0,5,2026-07-30T15:27:31.310348
11,22,4,5,0,5,2026-07-30T15:27:32.254789
11,22,5,5,0,5,2026-07-30T15:27:34.126215
11,22,6,5,0,5,2026-07-30T15:27:35.186757
11,22,7,5,0,5,2026-07-30T15:27:37.053912
11,22,8,5,0,5,2026-07-30T15:27:38.684593
11,22,9,5,0,5,2026-07-30T15:27:40.562924
11,22,10,5,0,5,2026-07-30T15:27:42.420997
11,23,1,5,0,5,2026-07-30T15:27:43.464834
11,23,2,5,0,5,2026-07-30T15:27:45.302883
11,23,3,5,0,5,2026-07-30T15:27:46.971271
11,23,4,5,0,5,2026-07-30T15:27:47.818308
11,23,5,5,0,5,2026-07-30T15:27:49.520940
11,23,6,5,0,5,2026-07-30T15:27:50.578029
11,23,7,5,0,5,2026-07-30T15:27:52.449425
11,23,8,5,0,5,2026-07-30T15:27:53.716832
11,23,9,5,0,5,2026-07-30T15:27:54.796243
11,23,10,5,0,5,2026-07-30T15:27:56.466249
11,24,1,0,0,0,2026-07-30T15:27:57.506050
11,24,2,0,0,0,2026-07-30T15:27:58.766078
11,24,3,0,0,0,2026-07-30T15:28:00.028226
11,24,4,0,0,0,2026-07-30T15:28:01.687189
11,24,5,0,0,0,2026-07-30T15:28:02.756690
11,24,6,0,0,0,2026-07-30T15:28:04.244623
11,24,7,0,0,0,2026-07-30T15:28:05.264421
11,24,8,0,0,0,2026-07-30T15:28:06.929601
11,24,9,0,0,0,2026-07-30T15:28:08.789311
11,24,10,0,0,0,2026-07-30T15:28:10.236025
11,25,1,0,0,0,2026-07-30T15:28:11.298293
11,25,2,0,0,0,2026-07-30T15:28:12.348577
11,25,3,0,0,0,2026-07-30T15:28:13.577143
11,25,4,0,0,0,2026-07-30T15:28:14.620469
11,25,5,0,0,0,2026-07-30T15:28:16.486634
11,25,6,0,0,0,2026-07-30T15:28:18.138722
11,25,7,0,0,0,2026-07-30T15:28:19.191575
11,25,8,0,0,0,2026-07-30T15:28:20.445544
11,25,9,0,0,0,2026-07-30T15:28:22.099067
11,25,10,0,0,0,2026-07-30T15:28:23.342193
11,26,1,5,0,5,2026-07-30T15:28:24.601256
11,26,2,5,0,5,2026-07-30T15:28:26.075786
11,26,3,5,0,5,2026-07-30T15:28:27.108169
11,26,4,5,0,5,2026-07-30T15:28:28.545317
11,26,5,5,0,5,2026-07-30T15:28:30.011031
11,26,6,5,0,5,2026-07-30T15:28:31.502180
11,26,7,5,0,5,2026-07-30T15:28:32.785843
11,26,8,5,0,5,2026-07-30T15:28:34.245301
11,26,9,5,0,5,2026-07-30T15:28:35.727816
11,26,10,5,0,5,2026-07-30T15:28:36.980842
11,27,1,5,0,5,2026-07-30T15:28:38.824288
11,27,2,5,0,5,2026-07-30T15:28:40.286232
11,27,3,5,0,5,2026-07-30T15:28:41.538918
11,27,4,5,0,5,2026-07-30T15:28:42.974137
11,27,5,5,0,5,2026-07-30T15:28:44.037570
11,27,6,5,0,5,2026-07-30T15:28:45.911815
11,27,7,5,0,5,2026-07-30T15:28:47.770056
11,27,8,5,0,5,2026-07-30T15:28:48.820827
11,27,9,5,0,5,2026-07-30T15:28:50.073088
11,27,10,5,0,5,2026-07-30T15:28:51.731105
11,28,1,4,0,4,2026-07-30T15:28:53.196526
11,28,2,3,0,3,2026-07-30T15:28:54.444977
11,28,3,5,0,5,2026-07-30T15:28:56.322759
11,28,4,4,0,4,2026-07-30T15:28:58.190234
11,28,5,5,0,5,2026-07-30T15:28:59.872503
11,28,6,5,0,5,2026-07-30T15:29:00.931951
11,28,7,5,0,5,2026-07-30T15:29:02.190535
11,28,8,5,0,5,2026-07-30T15:29:03.834504
11,28,9,5,0,5,2026-07-30T15:29:05.264498
11,28,10,5,0,5,2026-07-30T15:29:06.315296
11,29,1,5,0,5,2026-07-30T15:29:07.966592
11,29,2,5,0,5,2026-07-30T15:29:09.017444
11,29,3,5,0,5,2026-07-30T15:29:10.046722
11,29,4,5,0,5,2026-07-30T15:29:11.100736
11,29,5,5,0,5,2026-07-30T15:29:12.167941
11,29,6,5,0,5,2026-07-30T15:29:13.413534
11,29,7,5,0,5,2026-07-30T15:29:14.495822
11,29,8,5,0,5,2026-07-30T15:29:15.961197
11,29,9,5,0,5,2026-07-30T15:29:17.429983
11,29,10,5,0,5,2026-07-30T15:29:18.885634
11,30,1,5,0,5,2026-07-30T15:29:19.949977
11,30,2,5,0,5,2026-07-30T15:29:22.000659
11,30,3,5,0,5,2026-07-30T15:29:23.456616
11,30,4,5,0,5,2026-07-30T15:29:24.514679
11,30,5,5,0,5,2026-07-30T15:29:26.173777
11,30,6,5,0,5,2026-07-30T15:29:27.826085
11,30,7,5,0,5,2026-07-30T15:29:29.073342
11,30,8,5,0,5,2026-07-30T15:29:31.030527
11,30,9,5,0,5,2026-07-30T15:29:32.296708
11,30,10,5,0,5,2026-07-30T15:29:33.927462
12,1,1,5,0,5,2026-07-30T15:29:35.806701
12,1,2,5,0,5,2026-07-30T15:29:37.704874
12,1,3,5,0,5,2026-07-30T15:29:39.585450
12,1,4,5,0,5,2026-07-30T15:29:41.227687
12,1,5,5,0,5,2026-07-30T15:29:42.500098
12,1,6,5,0,5,2026-07-30T15:29:43.955390
12,1,7,5,0,5,2026-07-30T15:29:45.400827
12,1,8,5,0,5,2026-07-30T15:29:46.467820
12,1,9,5,0,5,2026-07-30T15:29:47.730432
12,1,10,5,0,5,2026-07-30T15:29:48.768326
12,2,1,5,0,5,2026-07-30T15:29:50.429317
12,2,2,5,0,5,2026-07-30T15:29:51.886388
12,2,3,5,0,5,2026-07-30T15:29:52.950798
12,2,4,5,0,5,2026-07-30T15:29:54.075420
12,2,5,5,0,5,2026-07-30T15:29:55.311945
12,2,6,5,0,5,2026-07-30T15:29:56.963073
12,2,7,5,0,5,2026-07-30T15:29:58.019170
12,2,8,5,0,5,2026-07-30T15:29:59.049162
12,2,9,5,0,5,2026-07-30T15:30:00.897457
12,2,10,5,0,5,2026-07-30T15:30:01.947165
12,3,1,5,0,5,2026-07-30T15:30:03.188214
12,3,2,5,0,5,2026-07-30T15:30:04.449899
12,3,3,5,0,5,2026-07-30T15:30:06.314534
12,3,4,5,0,5,2026-07-30T15:30:08.169541
12,3,5,5,0,5,2026-07-30T15:30:09.432022
12,3,6,5,0,5,2026-07-30T15:30:10.678515
12,3,7,0,0,0,2026-07-30T15:30:12.156431
12,3,8,5,0,5,2026-07-30T15:30:13.816097
12,3,9,5,0,5,2026-07-30T15:30:15.278782
12,3,10,0,0,0,2026-07-30T15:30:16.946502
12,4,1,5,0,5,2026-07-30T15:30:17.983784
12,4,2,0,0,0,2026-07-30T15:30:19.422526
12,4,3,0,0,0,2026-07-30T15:30:20.857753
12,4,4,0,0,0,2026-07-30T15:30:21.911284
12,4,5,5,0,5,2026-07-30T15:30:23.566018
12,4,6,5,0,5,2026-07-30T15:30:25.196469
12,4,7,5,0,5,2026-07-30T15:30:26.635334
12,4,8,5,0,5,2026-07-30T15:30:28.098133
12,4,9,0,0,0,2026-07-30T15:30:29.731619
12,4,10,0,0,0,2026-07-30T15:30:31.566180
12,5,1,0,0,0,2026-07-30T15:30:33.219228
12,5,2,0,0,0,2026-07-30T15:30:34.453391
12,5,3,0,0,0,2026-07-30T15:30:36.106921
12,5,4,5,0,5,2026-07-30T15:30:37.752566
12,5,5,5,0,5,2026-07-30T15:30:39.593262
12,5,6,5,0,5,2026-07-30T15:30:41.043657
12,5,7,0,0,0,2026-07-30T15:30:42.697618
12,5,8,5,0,5,2026-07-30T15:30:44.158585
12,5,9,5,0,5,2026-07-30T15:30:45.237670
12,5,10,0,0,0,2026-07-30T15:30:46.679447
12,6,1,5,0,5,2026-07-30T15:30:48.515155
12,6,2,5,0,5,2026-07-30T15:30:49.971113
12,6,3,5,0,5,2026-07-30T15:30:51.820081
12,6,4,5,0,5,2026-07-30T15:30:53.447986
12,6,5,5,0,5,2026-07-30T15:30:55.280776
12,6,6,5,0,5,2026-07-30T15:30:56.728965
12,6,7,5,0,5,2026-07-30T15:30:58.568704
12,6,8,5,0,5,2026-07-30T15:31:00.446439
12,6,9,5,0,5,2026-07-30T15:31:02.318103
12,6,10,5,0,5,2026-07-30T15:31:03.963386
12,7,1,5,0,5,2026-07-30T15:31:05.201183
12,7,2,5,0,5,2026-07-30T15:31:07.071221
12,7,3,5,0,5,2026-07-30T15:31:08.739300
12,7,4,5,0,5,2026-07-30T15:31:10.612769
12,7,5,5,0,5,2026-07-30T15:31:11.659483
12,7,6,5,0,5,2026-07-30T15:31:12.690145
12,7,7,5,0,5,2026-07-30T15:31:14.534652
12,7,8,5,0,5,2026-07-30T15:31:15.560045
12,7,9,5,0,5,2026-07-30T15:31:16.803014
12,7,10,5,0,5,2026-07-30T15:31:18.260698
12,8,1,5,0,5,2026-07-30T15:31:19.708024
12,8,2,5,0,5,2026-07-30T15:31:21.203877
12,8,3,5,0,5,2026-07-30T15:31:22.860713
12,8,4,5,0,5,2026-07-30T15:31:24.717748
12,8,5,5,0,5,2026-07-30T15:31:25.780846
12,8,6,5,0,5,2026-07-30T15:31:27.439011
12,8,7,5,0,5,2026-07-30T15:31:28.916624
12,8,8,5,0,5,2026-07-30T15:31:30.150249
12,8,9,5,0,5,2026-07-30T15:31:31.824241
12,8,10,5,0,5,2026-07-30T15:31:33.705509
12,9,1,5,0,5,2026-07-30T15:31:34.943466
12,9,2,5,0,5,2026-07-30T15:31:36.386659
12,9,3,5,0,5,2026-07-30T15:31:37.425890
12,9,4,5,0,5,2026-07-30T15:31:38.891370
12,9,5,5,0,5,2026-07-30T15:31:40.739189
12,9,6,0,0,0,2026-07-30T15:31:41.802738
12,9,7,5,0,5,2026-07-30T15:31:43.259110
12,9,8,5,0,5,2026-07-30T15:31:44.921203
12,9,9,0,0,0,2026-07-30T15:31:45.971382
12,9,10,5,0,5,2026-07-30T15:31:47.023537
12,10,1,5,0,5,2026-07-30T15:31:48.880312
12,10,2,5,0,5,2026-07-30T15:31:50.734948
12,10,3,5,0,5,2026-07-30T15:31:51.753784
12,10,4,0,0,0,2026-07-30T15:31:52.998230
12,10,5,5,0,5,2026-07-30T15:31:54.240909
12,10,6,5,0,5,2026-07-30T15:31:56.096995
12,10,7,5,0,5,2026-07-30T15:31:57.115869
12,10,8,5,0,5,2026-07-30T15:31:58.772377
12,10,9,5,0,5,2026-07-30T15:32:00.224384
12,10,10,5,0,5,2026-07-30T15:32:01.274054
12,11,1,5,0,5,2026-07-30T15:32:02.545782
12,11,2,5,0,5,2026-07-30T15:32:04.000806
12,11,3,5,0,5,2026-07-30T15:32:05.093527
12,11,4,5,0,5,2026-07-30T15:32:06.538603
12,11,5,5,0,5,2026-07-30T15:32:07.767252
12,11,6,5,0,5,2026-07-30T15:32:09.237544
12,11,7,5,0,5,2026-07-30T15:32:11.114137
12,11,8,5,0,5,2026-07-30T15:32:12.404094
12,11,9,5,0,5,2026-07-30T15:32:14.249128
12,11,10,5,0,5,2026-07-30T15:32:15.911605
12,12,1,5,0,5,2026-07-30T15:32:17.177847
12,12,2,5,0,5,2026-07-30T15:32:19.034523
12,12,3,5,0,5,2026-07-30T15:32:20.696579
12,12,4,5,0,5,2026-07-30T15:32:22.381415
12,12,5,5,0,5,2026-07-30T15:32:23.614825
12,12,6,5,0,5,2026-07-30T15:32:25.280228
12,12,7,5,0,5,2026-07-30T15:32:26.731546
12,12,8,5,0,5,2026-07-30T15:32:28.573298
12,12,9,5,0,5,2026-07-30T15:32:30.428690
12,12,10,5,0,5,2026-07-30T15:32:32.298395
12,13,1,5,0,5,2026-07-30T15:32:33.349509
12,13,2,5,0,5,2026-07-30T15:32:34.792944
12,13,3,5,0,5,2026-07-30T15:32:36.041816
12,13,4,5,0,5,2026-07-30T15:32:37.685840
12,13,5,5,0,5,2026-07-30T15:32:39.122846
12,13,6,5,0,5,2026-07-30T15:32:40.163913
12,13,7,5,0,5,2026-07-30T15:32:42.010177
12,13,8,5,0,5,2026-07-30T15:32:43.859242
12,13,9,5,0,5,2026-07-30T15:32:45.311535
12,13,10,5,0,5,2026-07-30T15:32:47.238417
12,14,1,5,0,5,2026-07-30T15:32:48.280453
12,14,2,5,0,5,2026-07-30T15:32:49.713438
12,14,3,5,0,5,2026-07-30T15:32:51.350652
12,14,4,5,0,5,2026-07-30T15:32:52.576821
12,14,5,5,0,5,2026-07-30T15:32:54.434539
12,14,6,5,0,5,2026-07-30T15:32:55.873002
12,14,7,5,0,5,2026-07-30T15:32:57.544234
12,14,8,5,0,5,2026-07-30T15:32:59.402709
12,14,9,5,0,5,2026-07-30T15:33:00.438458
12,14,10,5,0,5,2026-07-30T15:33:01.890962
12,15,1,5,0,5,2026-07-30T15:33:03.538265
12,15,2,5,0,5,2026-07-30T15:33:05.380796
12,15,3,5,0,5,2026-07-30T15:33:06.693648
12,15,4,5,0,5,2026-07-30T15:33:08.534157
12,15,5,5,0,5,2026-07-30T15:33:10.387087
12,15,6,5,0,5,2026-07-30T15:33:11.616663
12,15,7,5,0,5,2026-07-30T15:33:12.647750
12,15,8,5,0,5,2026-07-30T15:33:14.301207
12,15,9,5,0,5,2026-07-30T15:33:15.335618
12,15,10,5,0,5,2026-07-30T15:33:16.391365
12,16,1,5,0,5,2026-07-30T15:33:17.438365
12,16,2,5,0,5,2026-07-30T15:33:19.066174
12,16,3,5,0,5,2026-07-30T15:33:20.117767
12,16,4,5,0,5,2026-07-30T15:33:21.360566
12,16,5,5,0,5,2026-07-30T15:33:22.404450
12,16,6,5,0,5,2026-07-30T15:33:23.651079
12,16,7,5,0,5,2026-07-30T15:33:24.920706
12,16,8,5,0,5,2026-07-30T15:33:26.766047
12,16,9,5,0,5,2026-07-30T15:33:28.411600
12,16,10,5,0,5,2026-07-30T15:33:30.253030
12,17,1,5,0,5,2026-07-30T15:33:31.888754
12,17,2,5,0,5,2026-07-30T15:33:33.537967
12,17,3,5,0,5,2026-07-30T15:33:35.188471
12,17,4,5,0,5,2026-07-30T15:33:36.901185
12,17,5,5,0,5,2026-07-30T15:33:37.823455
12,17,6,5,0,5,2026-07-30T15:33:39.480703
12,17,7,5,0,5,2026-07-30T15:33:40.327148
12,17,8,5,0,5,2026-07-30T15:33:41.388306
12,17,9,5,0,5,2026-07-30T15:33:42.840682
12,17,10,5,0,5,2026-07-30T15:33:44.288857
12,18,1,5,0,5,2026-07-30T15:33:45.548383
12,18,2,5,0,5,2026-07-30T15:33:47.183412
12,18,3,5,0,5,2026-07-30T15:33:48.639854
12,18,4,5,0,5,2026-07-30T15:33:50.296562
12,18,5,5,0,5,2026-07-30T15:33:51.540650
12,18,6,5,0,5,2026-07-30T15:33:52.999107
12,18,7,5,0,5,2026-07-30T15:33:54.913898
12,18,8,5,0,5,2026-07-30T15:33:56.168675
12,18,9,5,0,5,2026-07-30T15:33:57.813793
12,18,10,5,0,5,2026-07-30T15:33:59.452159
12,19,1,5,0,5,2026-07-30T15:34:00.515799
12,19,2,5,0,5,2026-07-30T15:34:01.967257
12,19,3,5,0,5,2026-07-30T15:34:03.045950
12,19,4,5,0,5,2026-07-30T15:34:04.490493
12,19,5,5,0,5,2026-07-30T15:34:05.615395
12,19,6,5,0,5,2026-07-30T15:34:07.486140
12,19,7,5,0,5,2026-07-30T15:34:09.344352
12,19,8,5,0,5,2026-07-30T15:34:11.197922
12,19,9,5,0,5,2026-07-30T15:34:12.880955
12,19,10,5,0,5,2026-07-30T15:34:14.524036
12,20,1,5,0,5,2026-07-30T15:34:16.397974
12,20,2,5,0,5,2026-07-30T15:34:18.578928
12,20,3,5,0,5,2026-07-30T15:34:20.229247
12,20,4,5,0,5,2026-07-30T15:34:21.303829
12,20,5,5,0,5,2026-07-30T15:34:22.556568
12,20,6,5,0,5,2026-07-30T15:34:24.016439
12,20,7,5,0,5,2026-07-30T15:34:25.880565
12,20,8,5,0,5,2026-07-30T15:34:27.330361
12,20,9,5,0,5,2026-07-30T15:34:28.788152
12,20,10,5,0,5,2026-07-30T15:34:29.829828
12,21,1,5,0,5,2026-07-30T15:34:31.693875
12,21,2,5,0,5,2026-07-30T15:34:32.748238
12,21,3,5,0,5,2026-07-30T15:34:34.417090
12,21,4,5,0,5,2026-07-30T15:34:36.318540
12,21,5,5,0,5,2026-07-30T15:34:37.757392
12,21,6,5,0,5,2026-07-30T15:34:38.814084
12,21,7,5,0,5,2026-07-30T15:34:40.696928
12,21,8,5,0,5,2026-07-30T15:34:42.366487
12,21,9,5,0,5,2026-07-30T15:34:44.032307
12,21,10,5,0,5,2026-07-30T15:34:45.717053
12,22,1,5,0,5,2026-07-30T15:34:47.179741
12,22,2,5,0,5,2026-07-30T15:34:48.842792
12,22,3,5,0,5,2026-07-30T15:34:49.929749
12,22,4,5,0,5,2026-07-30T15:34:50.965573
12,22,5,5,0,5,2026-07-30T15:34:52.210870
12,22,6,5,0,5,2026-07-30T15:34:53.251600
12,22,7,5,0,5,2026-07-30T15:34:54.510628
12,22,8,5,0,5,2026-07-30T15:34:55.558198
12,22,9,5,0,5,2026-07-30T15:34:57.019917
12,22,10,5,0,5,2026-07-30T15:34:58.451029
12,23,1,5,0,5,2026-07-30T15:35:00.110439
12,23,2,5,0,5,2026-07-30T15:35:01.770548
12,23,3,5,0,5,2026-07-30T15:35:03.613497
12,23,4,5,0,5,2026-07-30T15:35:04.763043
12,23,5,5,0,5,2026-07-30T15:35:06.391191
12,23,6,5,0,5,2026-07-30T15:35:07.456192
12,23,7,5,0,5,2026-07-30T15:35:09.311959
12,23,8,5,0,5,2026-07-30T15:35:11.183056
12,23,9,5,0,5,2026-07-30T15:35:12.657317
12,23,10,5,0,5,2026-07-30T15:35:13.876724
12,24,1,5,0,5,2026-07-30T15:35:15.527731
12,24,2,5,0,5,2026-07-30T15:35:16.977097
12,24,3,5,0,5,2026-07-30T15:35:18.833322
12,24,4,5,0,5,2026-07-30T15:35:20.532349
12,24,5,5,0,5,2026-07-30T15:35:22.172581
12,24,6,0,0,0,2026-07-30T15:35:23.421857
12,24,7,5,0,5,2026-07-30T15:35:25.071938
12,24,8,5,0,5,2026-07-30T15:35:26.935848
12,24,9,5,0,5,2026-07-30T15:35:27.980532
12,24,10,5,0,5,2026-07-30T15:35:29.430736
12,25,1,0,0,0,2026-07-30T15:35:31.086189
12,25,2,5,0,5,2026-07-30T15:35:32.540445
12,25,3,0,0,0,2026-07-30T15:35:34.190325
12,25,4,5,0,5,2026-07-30T15:35:35.460851
12,25,5,0,0,0,2026-07-30T15:35:36.517427
12,25,6,0,0,0,2026-07-30T15:35:37.578098
12,25,7,0,0,0,2026-07-30T15:35:39.454027
12,25,8,0,0,0,2026-07-30T15:35:45.535862
12,25,9,0,0,0,2026-07-30T15:35:46.982824
12,25,10,0,0,0,2026-07-30T15:35:48.623796
12,26,1,5,0,5,2026-07-30T15:35:50.476056
12,26,2,5,0,5,2026-07-30T15:35:52.153123
12,26,3,5,0,5,2026-07-30T15:35:53.599643
12,26,4,5,0,5,2026-07-30T15:35:55.029112
12,26,5,5,0,5,2026-07-30T15:35:56.896438
12,26,6,5,0,5,2026-07-30T15:35:58.147374
12,26,7,5,0,5,2026-07-30T15:35:59.613494
12,26,8,5,0,5,2026-07-30T15:36:00.856355
12,26,9,5,0,5,2026-07-30T15:36:02.346139
12,26,10,5,0,5,2026-07-30T15:36:04.005645
12,27,1,5,0,5,2026-07-30T15:36:06.048935
12,27,2,5,0,5,2026-07-30T15:36:07.709006
12,27,3,5,0,5,2026-07-30T15:36:09.782110
12,27,4,5,0,5,2026-07-30T15:36:11.241354
12,27,5,5,0,5,2026-07-30T15:36:12.671465
12,27,6,5,0,5,2026-07-30T15:36:13.933986
12,27,7,5,0,5,2026-07-30T15:36:15.206337
12,27,8,5,0,5,2026-07-30T15:36:16.472944
12,27,9,5,0,5,2026-07-30T15:36:17.897131
12,27,10,5,0,5,2026-07-30T15:36:19.564593
12,28,1,5,0,5,2026-07-30T15:36:20.617014
12,28,2,5,0,5,2026-07-30T15:36:21.877501
12,28,3,5,0,5,2026-07-30T15:36:23.140404
12,28,4,5,0,5,2026-07-30T15:36:24.574981
12,28,5,5,0,5,2026-07-30T15:36:25.819505
12,28,6,5,0,5,2026-07-30T15:36:27.065323
12,28,7,5,0,5,2026-07-30T15:36:28.339436
12,28,8,5,0,5,2026-07-30T15:36:29.395231
12,28,9,5,0,5,2026-07-30T15:36:31.250929
12,28,10,5,0,5,2026-07-30T15:36:32.505317
12,29,1,5,0,5,2026-07-30T15:36:33.953651
12,29,2,5,0,5,2026-07-30T15:36:35.609831
12,29,3,5,0,5,2026-07-30T15:36:37.256548
12,29,4,5,0,5,2026-07-30T15:36:38.901429
12,29,5,5,0,5,2026-07-30T15:36:40.557603
12,29,6,5,0,5,2026-07-30T15:36:42.246356
12,29,7,5,0,5,2026-07-30T15:36:44.083367
12,29,8,5,0,5,2026-07-30T15:36:45.736811
12,29,9,5,0,5,2026-07-30T15:36:47.638344
12,29,10,5,0,5,2026-07-30T15:36:48.713222
12,30,1,5,0,5,2026-07-30T15:36:49.735280
12,30,2,5,0,5,2026-07-30T15:36:51.388376
12,30,3,5,0,5,2026-07-30T15:36:52.852134
12,30,4,5,0,5,2026-07-30T15:36:53.913507
12,30,5,5,0,5,2026-07-30T15:36:55.546832
12,30,6,5,0,5,2026-07-30T15:36:56.605963
12,30,7,5,0,5,2026-07-30T15:36:57.850709
12,30,8,5,0,5,2026-07-30T15:36:59.715173
12,30,9,5,0,5,2026-07-30T15:37:00.964894
12,30,10,5,0,5,2026-07-30T15:37:02.233529
13,1,1,5,0,5,2026-07-30T15:37:03.715015
13,1,2,5,0,5,2026-07-30T15:37:04.761316
13,1,3,5,0,5,2026-07-30T15:37:05.813342
13,1,4,5,0,5,2026-07-30T15:37:07.273618
13,1,5,5,0,5,2026-07-30T15:37:08.749270
13,1,6,5,0,5,2026-07-30T15:37:09.794237
13,1,7,5,0,5,2026-07-30T15:37:10.637940
13,1,8,5,0,5,2026-07-30T15:37:11.712619
13,1,9,5,0,5,2026-07-30T15:37:12.948325
13,1,10,5,0,5,2026-07-30T15:37:14.193769
13,2,1,5,0,5,2026-07-30T15:37:15.429283
13,2,2,5,0,5,2026-07-30T15:37:17.069153
13,2,3,5,0,5,2026-07-30T15:37:18.128411
13,2,4,5,0,5,2026-07-30T15:37:20.001541
13,2,5,5,0,5,2026-07-30T15:37:21.429579
13,2,6,5,0,5,2026-07-30T15:37:23.060300
13,2,7,5,0,5,2026-07-30T15:37:24.483021
13,2,8,5,0,5,2026-07-30T15:37:25.927469
13,2,9,5,0,5,2026-07-30T15:37:27.971604
13,2,10,5,0,5,2026-07-30T15:37:29.206792
13,3,1,0,0,0,2026-07-30T15:37:30.844613
13,3,2,0,0,0,2026-07-30T15:37:32.104325
13,3,3,0,0,0,2026-07-30T15:37:33.535205
13,3,4,0,0,0,2026-07-30T15:37:35.387238
13,3,5,0,0,0,2026-07-30T15:37:37.038794
13,3,6,0,0,0,2026-07-30T15:37:38.893343
13,3,7,0,0,0,2026-07-30T15:37:40.119565
13,3,8,0,0,0,2026-07-30T15:37:41.771988
13,3,9,0,0,0,2026-07-30T15:37:43.230621
13,3,10,0,0,0,2026-07-30T15:37:44.470224
13,4,1,5,0,5,2026-07-30T15:37:45.539523
13,4,2,5,0,5,2026-07-30T15:37:46.994321
13,4,3,5,0,5,2026-07-30T15:37:48.826680
13,4,4,5,0,5,2026-07-30T15:37:50.706678
13,4,5,5,0,5,2026-07-30T15:37:52.151402
13,4,6,5,0,5,2026-07-30T15:37:54.012964
13,4,7,5,0,5,2026-07-30T15:37:55.371612
13,4,8,5,0,5,2026-07-30T15:37:56.627839
13,4,9,5,0,5,2026-07-30T15:37:57.682473
13,4,10,5,0,5,2026-07-30T15:37:58.714536
13,5,1,0,0,0,2026-07-30T15:37:59.966850
13,5,2,0,0,0,2026-07-30T15:38:01.374209
13,5,3,0,0,0,2026-07-30T15:38:02.821004
13,5,4,5,0,5,2026-07-30T15:38:03.860821
13,5,5,0,0,0,2026-07-30T15:38:05.529152
13,5,6,0,0,0,2026-07-30T15:38:07.180280
13,5,7,0,0,0,2026-07-30T15:38:08.827101
13,5,8,5,0,5,2026-07-30T15:38:10.722002
13,5,9,5,0,5,2026-07-30T15:38:12.374959
13,5,10,0,0,0,2026-07-30T15:38:14.010207
13,6,1,5,0,5,2026-07-30T15:38:15.070244
13,6,2,5,0,5,2026-07-30T15:38:16.314642
13,6,3,5,0,5,2026-07-30T15:38:17.774085
13,6,4,5,0,5,2026-07-30T15:38:19.416237
13,6,5,5,0,5,2026-07-30T15:38:20.461718
13,6,6,5,0,5,2026-07-30T15:38:21.504499
13,6,7,5,0,5,2026-07-30T15:38:22.364371
13,6,8,5,0,5,2026-07-30T15:38:23.799265
13,6,9,5,0,5,2026-07-30T15:38:25.054707
13,6,10,5,0,5,2026-07-30T15:38:26.094863
13,7,1,5,0,5,2026-07-30T15:38:27.748195
13,7,2,5,0,5,2026-07-30T15:38:28.995961
13,7,3,5,0,5,2026-07-30T15:38:30.462409
13,7,4,5,0,5,2026-07-30T15:38:31.490468
13,7,5,5,0,5,2026-07-30T15:38:32.756508
13,7,6,5,0,5,2026-07-30T15:38:33.865403
13,7,7,5,0,5,2026-07-30T15:38:35.120577
13,7,8,5,0,5,2026-07-30T15:38:36.370375
13,7,9,5,0,5,2026-07-30T15:38:38.031362
13,7,10,5,0,5,2026-07-30T15:38:39.084462
13,8,1,5,0,5,2026-07-30T15:38:40.727835
13,8,2,5,0,5,2026-07-30T15:38:41.976651
13,8,3,5,0,5,2026-07-30T15:38:43.004628
13,8,4,5,0,5,2026-07-30T15:38:44.055147
13,8,5,5,0,5,2026-07-30T15:38:45.111894
13,8,6,5,0,5,2026-07-30T15:38:46.778564
13,8,7,5,0,5,2026-07-30T15:38:47.824171
13,8,8,5,0,5,2026-07-30T15:38:48.864882
13,8,9,5,0,5,2026-07-30T15:38:50.338610
13,8,10,5,0,5,2026-07-30T15:38:52.000953
13,9,1,0,0,0,2026-07-30T15:38:53.626655
13,9,2,0,0,0,2026-07-30T15:38:55.264148
13,9,3,0,0,0,2026-07-30T15:38:56.542187
13,9,4,0,0,0,2026-07-30T15:38:58.211792
13,9,5,0,0,0,2026-07-30T15:38:59.669027
13,9,6,0,0,0,2026-07-30T15:39:00.710899
13,9,7,0,0,0,2026-07-30T15:39:02.335435
13,9,8,0,0,0,2026-07-30T15:39:03.579157
13,9,9,0,0,0,2026-07-30T15:39:05.505882
13,9,10,0,0,0,2026-07-30T15:39:07.168778
13,10,1,5,0,5,2026-07-30T15:39:08.417095
13,10,2,5,0,5,2026-07-30T15:39:09.641578
13,10,3,5,0,5,2026-07-30T15:39:11.533253
13,10,4,5,0,5,2026-07-30T15:39:13.382146
13,10,5,5,0,5,2026-07-30T15:39:14.443426
13,10,6,5,0,5,2026-07-30T15:39:15.345789
13,10,7,5,0,5,2026-07-30T15:39:16.397462
13,10,8,5,0,5,2026-07-30T15:39:17.253474
13,10,9,5,0,5,2026-07-30T15:39:18.918488
13,10,10,5,0,5,2026-07-30T15:39:20.783861
13,11,1,5,0,5,2026-07-30T15:39:22.217097
13,11,2,5,0,5,2026-07-30T15:39:23.276532
13,11,3,5,0,5,2026-07-30T15:39:24.523459
13,11,4,5,0,5,2026-07-30T15:39:26.174614
13,11,5,5,0,5,2026-07-30T15:39:27.431447
13,11,6,5,0,5,2026-07-30T15:39:28.889173
13,11,7,5,0,5,2026-07-30T15:39:29.952470
13,11,8,5,0,5,2026-07-30T15:39:31.114783
13,11,9,5,0,5,2026-07-30T15:39:32.780995
13,11,10,5,0,5,2026-07-30T15:39:34.055122
13,12,1,5,0,5,2026-07-30T15:39:35.703640
13,12,2,5,0,5,2026-07-30T15:39:37.570832
13,12,3,5,0,5,2026-07-30T15:39:39.399396
13,12,4,5,0,5,2026-07-30T15:39:41.260053
13,12,5,5,0,5,2026-07-30T15:39:42.884392
13,12,6,5,0,5,2026-07-30T15:39:44.339973
13,12,7,5,0,5,2026-07-30T15:39:45.609220
13,12,8,5,0,5,2026-07-30T15:39:47.038063
13,12,9,5,0,5,2026-07-30T15:39:48.094333
13,12,10,5,0,5,2026-07-30T15:39:49.951456
13,13,1,5,0,5,2026-07-30T15:39:52.026124
13,13,2,5,0,5,2026-07-30T15:39:53.734333
13,13,3,4,0,4,2026-07-30T15:39:55.170830
13,13,4,5,0,5,2026-07-30T15:39:56.620692
13,13,5,5,0,5,2026-07-30T15:39:58.668549
13,13,6,5,0,5,2026-07-30T15:39:59.925467
13,13,7,5,0,5,2026-07-30T15:40:01.179690
13,13,8,3,0,3,2026-07-30T15:40:03.150239
13,13,9,5,0,5,2026-07-30T15:40:04.786499
13,13,10,5,0,5,2026-07-30T15:40:06.026767
13,14,1,5,0,5,2026-07-30T15:40:07.912867
13,14,2,5,0,5,2026-07-30T15:40:09.356519
13,14,3,5,0,5,2026-07-30T15:40:11.043674
13,14,4,5,0,5,2026-07-30T15:40:12.886311
13,14,5,5,0,5,2026-07-30T15:40:14.095673
13,14,6,5,0,5,2026-07-30T15:40:15.537668
13,14,7,5,0,5,2026-07-30T15:40:17.288511
13,14,8,5,0,5,2026-07-30T15:40:18.549760
13,14,9,5,0,5,2026-07-30T15:40:19.571010
13,14,10,5,0,5,2026-07-30T15:40:21.422564
13,15,1,0,0,0,2026-07-30T15:40:22.477440
13,15,2,0,0,0,2026-07-30T15:40:23.908693
13,15,3,0,0,0,2026-07-30T15:40:25.562952
13,15,4,0,0,0,2026-07-30T15:40:26.397658
13,15,5,0,0,0,2026-07-30T15:40:28.284713
13,15,6,0,0,0,2026-07-30T15:40:29.526393
13,15,7,0,0,0,2026-07-30T15:40:31.013025
13,15,8,0,0,0,2026-07-30T15:40:32.465024
13,15,9,0,0,0,2026-07-30T15:40:34.122844
13,15,10,0,0,0,2026-07-30T15:40:35.371614
13,16,1,5,0,5,2026-07-30T15:40:36.835245
13,16,2,5,0,5,2026-07-30T15:40:38.179482
13,16,3,5,0,5,2026-07-30T15:40:39.450754
13,16,4,5,0,5,2026-07-30T15:40:40.684124
13,16,5,5,0,5,2026-07-30T15:40:41.925951
13,16,6,5,0,5,2026-07-30T15:40:43.596024
13,16,7,5,0,5,2026-07-30T15:40:44.855955
13,16,8,5,0,5,2026-07-30T15:40:46.510885
13,16,9,5,0,5,2026-07-30T15:40:48.347401
13,16,10,5,0,5,2026-07-30T15:40:49.406481
13,17,1,5,0,5,2026-07-30T15:40:50.641872
13,17,2,5,0,5,2026-07-30T15:40:52.081106
13,17,3,5,0,5,2026-07-30T15:40:53.128759
13,17,4,5,0,5,2026-07-30T15:40:54.367336
13,17,5,5,0,5,2026-07-30T15:40:55.628706
13,17,6,5,0,5,2026-07-30T15:40:57.298569
13,17,7,5,0,5,2026-07-30T15:40:58.744804
13,17,8,5,0,5,2026-07-30T15:41:00.605524
13,17,9,5,0,5,2026-07-30T15:41:02.061033
13,17,10,5,0,5,2026-07-30T15:41:03.720025
13,18,1,0,0,0,2026-07-30T15:41:05.372237
13,18,2,5,0,5,2026-07-30T15:41:06.623477
13,18,3,0,0,0,2026-07-30T15:41:08.494599
13,18,4,2,0,2,2026-07-30T15:41:09.951462
13,18,5,0,0,0,2026-07-30T15:41:11.198657
13,18,6,0,0,0,2026-07-30T15:41:12.858469
13,18,7,0,0,0,2026-07-30T15:41:14.505041
13,18,8,2,0,2,2026-07-30T15:41:15.761653
13,18,9,5,0,5,2026-07-30T15:41:17.011645
13,18,10,5,0,5,2026-07-30T15:41:18.443246
13,19,1,0,0,0,2026-07-30T15:41:19.481576
13,19,2,0,0,0,2026-07-30T15:41:21.127810
13,19,3,0,0,0,2026-07-30T15:41:22.378938
13,19,4,0,0,0,2026-07-30T15:41:23.404862
13,19,5,0,0,0,2026-07-30T15:41:24.846907
13,19,6,0,0,0,2026-07-30T15:41:26.716966
13,19,7,0,0,0,2026-07-30T15:41:28.158418
13,19,8,0,0,0,2026-07-30T15:41:29.615575
13,19,9,0,0,0,2026-07-30T15:41:30.916189
13,19,10,0,0,0,2026-07-30T15:41:31.966396
13,20,1,5,0,5,2026-07-30T15:41:33.475803
13,20,2,5,0,5,2026-07-30T15:41:34.708762
13,20,3,5,0,5,2026-07-30T15:41:36.561076
13,20,4,5,0,5,2026-07-30T15:41:38.025419
13,20,5,5,0,5,2026-07-30T15:41:39.276513
13,20,6,5,0,5,2026-07-30T15:41:40.742383
13,20,7,5,0,5,2026-07-30T15:41:42.020005
13,20,8,5,0,5,2026-07-30T15:41:43.865521
13,20,9,5,0,5,2026-07-30T15:41:45.090758
13,20,10,5,0,5,2026-07-30T15:41:46.332581
13,21,1,5,0,5,2026-07-30T15:41:48.000853
13,21,2,5,0,5,2026-07-30T15:41:49.260516
13,21,3,5,0,5,2026-07-30T15:41:50.484023
13,21,4,5,0,5,2026-07-30T15:41:52.128182
13,21,5,5,0,5,2026-07-30T15:41:53.176938
13,21,6,5,0,5,2026-07-30T15:41:54.628412
13,21,7,5,0,5,2026-07-30T15:41:56.304339
13,21,8,5,0,5,2026-07-30T15:41:57.346970
13,21,9,5,0,5,2026-07-30T15:41:59.001410
13,21,10,5,0,5,2026-07-30T15:42:00.667115
13,22,1,5,0,5,2026-07-30T15:42:01.701057
13,22,2,5,0,5,2026-07-30T15:42:03.342482
13,22,3,5,0,5,2026-07-30T15:42:05.197231
13,22,4,5,0,5,2026-07-30T15:42:06.227798
13,22,5,5,0,5,2026-07-30T15:42:07.877419
13,22,6,5,0,5,2026-07-30T15:42:09.325283
13,22,7,5,0,5,2026-07-30T15:42:10.992925
13,22,8,5,0,5,2026-07-30T15:42:12.444824
13,22,9,5,0,5,2026-07-30T15:42:13.892342
13,22,10,5,0,5,2026-07-30T15:42:15.327920
13,23,1,5,0,5,2026-07-30T15:42:16.996583
13,23,2,5,0,5,2026-07-30T15:42:18.839874
13,23,3,5,0,5,2026-07-30T15:42:20.475673
13,23,4,5,0,5,2026-07-30T15:42:22.534827
13,23,5,5,0,5,2026-07-30T15:42:23.991740
13,23,6,5,0,5,2026-07-30T15:42:25.447477
13,23,7,5,0,5,2026-07-30T15:42:26.706367
13,23,8,5,0,5,2026-07-30T15:42:27.727602
13,23,9,5,0,5,2026-07-30T15:42:28.964373
13,23,10,5,0,5,2026-07-30T15:42:30.002506
13,24,1,0,0,0,2026-07-30T15:42:31.071475
13,24,2,0,0,0,2026-07-30T15:42:32.962437
13,24,3,0,0,0,2026-07-30T15:42:34.628349
13,24,4,0,0,0,2026-07-30T15:42:35.689874
13,24,5,0,0,0,2026-07-30T15:42:36.940387
13,24,6,0,0,0,2026-07-30T15:42:38.160601
13,24,7,0,0,0,2026-07-30T15:42:39.604381
13,24,8,0,0,0,2026-07-30T15:42:41.052337
13,24,9,0,0,0,2026-07-30T15:42:42.107593
13,24,10,0,0,0,2026-07-30T15:42:43.145015
13,25,1,5,0,5,2026-07-30T15:42:44.813496
13,25,2,5,0,5,2026-07-30T15:42:46.266396
13,25,3,5,0,5,2026-07-30T15:42:47.925044
13,25,4,5,0,5,2026-07-30T15:42:49.380430
13,25,5,5,0,5,2026-07-30T15:42:51.024165
13,25,6,5,0,5,2026-07-30T15:42:52.054528
13,25,7,5,0,5,2026-07-30T15:42:53.449910
13,25,8,4,0,4,2026-07-30T15:42:54.923385
13,25,9,5,0,5,2026-07-30T15:42:56.166237
13,25,10,5,0,5,2026-07-30T15:42:57.205196
13,26,1,5,0,5,2026-07-30T15:42:59.055805
13,26,2,5,0,5,2026-07-30T15:43:00.721184
13,26,3,5,0,5,2026-07-30T15:43:01.975300
13,26,4,5,0,5,2026-07-30T15:43:03.863548
13,26,5,5,0,5,2026-07-30T15:43:05.099943
13,26,6,5,0,5,2026-07-30T15:43:06.557128
13,26,7,5,0,5,2026-07-30T15:43:07.984294
13,26,8,5,0,5,2026-07-30T15:43:09.055172
13,26,9,5,0,5,2026-07-30T15:43:10.717896
13,26,10,5,0,5,2026-07-30T15:43:11.761994
13,27,1,5,0,5,2026-07-30T15:43:12.791015
13,27,2,5,0,5,2026-07-30T15:43:14.221378
13,27,3,5,0,5,2026-07-30T15:43:15.242127
13,27,4,5,0,5,2026-07-30T15:43:17.095611
13,27,5,5,0,5,2026-07-30T15:43:18.935912
13,27,6,5,0,5,2026-07-30T15:43:20.193507
13,27,7,5,0,5,2026-07-30T15:43:21.445573
13,27,8,5,0,5,2026-07-30T15:43:23.290192
13,27,9,5,0,5,2026-07-30T15:43:24.524080
13,27,10,5,0,5,2026-07-30T15:43:26.187434
13,28,1,0,0,0,2026-07-30T15:43:27.624116
13,28,2,0,0,0,2026-07-30T15:43:29.059232
13,28,3,0,0,0,2026-07-30T15:43:30.303128
13,28,4,0,0,0,2026-07-30T15:43:31.758757
13,28,5,0,0,0,2026-07-30T15:43:33.016647
13,28,6,0,0,0,2026-07-30T15:43:34.686920
13,28,7,5,0,5,2026-07-30T15:43:36.357797
13,28,8,0,0,0,2026-07-30T15:43:37.403513
13,28,9,0,0,0,2026-07-30T15:43:38.864454
13,28,10,0,0,0,2026-07-30T15:43:40.523090
13,29,1,0,0,0,2026-07-30T15:43:42.187057
13,29,2,5,0,5,2026-07-30T15:43:43.821506
13,29,3,5,0,5,2026-07-30T15:43:45.452980
13,29,4,0,0,0,2026-07-30T15:43:46.507764
13,29,5,5,0,5,2026-07-30T15:43:47.950599
13,29,6,0,0,0,2026-07-30T15:43:49.496649
13,29,7,0,0,0,2026-07-30T15:43:51.363948
13,29,8,0,0,0,2026-07-30T15:43:53.001142
13,29,9,5,0,5,2026-07-30T15:43:54.243377
13,29,10,0,0,0,2026-07-30T15:43:55.494393
13,30,1,0,0,0,2026-07-30T15:43:56.552027
13,30,2,5,0,5,2026-07-30T15:43:57.997622
13,30,3,5,0,5,2026-07-30T15:43:59.427071
13,30,4,5,0,5,2026-07-30T15:44:00.692744
13,30,5,0,0,0,2026-07-30T15:44:01.717353
13,30,6,5,0,5,2026-07-30T15:44:02.957245
13,30,7,0,0,0,2026-07-30T15:44:04.006541
13,30,8,5,0,5,2026-07-30T15:44:05.674330
13,30,9,0,0,0,2026-07-30T15:44:06.759191
13,30,10,5,0,5,2026-07-30T15:44:08.593491
14,1,1,5,0,5,2026-07-30T15:44:10.057009
14,1,2,5,0,5,2026-07-30T15:44:11.720956
14,1,3,5,0,5,2026-07-30T15:44:12.766859
14,1,4,5,0,5,2026-07-30T15:44:13.814606
14,1,5,5,0,5,2026-07-30T15:44:15.463963
14,1,6,5,0,5,2026-07-30T15:44:16.486103
14,1,7,5,0,5,2026-07-30T15:44:18.338334
14,1,8,5,0,5,2026-07-30T15:44:19.610499
14,1,9,5,0,5,2026-07-30T15:44:21.243594
14,1,10,5,0,5,2026-07-30T15:44:22.303361
14,2,1,5,0,5,2026-07-30T15:44:23.958120
14,2,2,5,0,5,2026-07-30T15:44:25.826641
14,2,3,5,0,5,2026-07-30T15:44:27.546997
14,2,4,5,0,5,2026-07-30T15:44:29.411995
14,2,5,5,0,5,2026-07-30T15:44:30.669637
14,2,6,5,0,5,2026-07-30T15:44:32.132546
14,2,7,5,0,5,2026-07-30T15:44:33.166914
14,2,8,5,0,5,2026-07-30T15:44:34.238763
14,2,9,5,0,5,2026-07-30T15:44:35.491936
14,2,10,5,0,5,2026-07-30T15:44:36.542233
14,3,1,5,0,5,2026-07-30T15:44:37.580432
14,3,2,5,0,5,2026-07-30T15:44:39.022453
14,3,3,5,0,5,2026-07-30T15:44:40.283358
14,3,4,5,0,5,2026-07-30T15:44:41.939600
14,3,5,0,0,0,2026-07-30T15:44:43.391650
14,3,6,5,0,5,2026-07-30T15:44:45.039174
14,3,7,0,0,0,2026-07-30T15:44:46.088418
14,3,8,5,0,5,2026-07-30T15:44:47.119104
14,3,9,5,0,5,2026-07-30T15:44:48.773284
14,3,10,0,0,0,2026-07-30T15:44:50.404826
14,4,1,5,0,5,2026-07-30T15:44:52.254907
14,4,2,5,0,5,2026-07-30T15:44:53.306365
14,4,3,5,0,5,2026-07-30T15:44:54.764367
14,4,4,5,0,5,2026-07-30T15:44:55.809544
14,4,5,5,0,5,2026-07-30T15:44:56.857750
14,4,6,5,0,5,2026-07-30T15:44:58.520792
14,4,7,5,0,5,2026-07-30T15:44:59.987306
14,4,8,4,0,4,2026-07-30T15:45:01.857464
14,4,9,4,0,4,2026-07-30T15:45:03.719100
14,4,10,5,0,5,2026-07-30T15:45:04.997227
14,5,1,0,0,0,2026-07-30T15:45:06.235190
14,5,2,0,0,0,2026-07-30T15:45:07.675021
14,5,3,0,0,0,2026-07-30T15:45:09.317654
14,5,4,0,0,0,2026-07-30T15:45:10.568418
14,5,5,0,0,0,2026-07-30T15:45:12.241286
14,5,6,0,0,0,2026-07-30T15:45:14.094901
14,5,7,0,0,0,2026-07-30T15:45:15.182075
14,5,8,5,0,5,2026-07-30T15:45:17.054331
14,5,9,0,0,0,2026-07-30T15:45:18.719264
14,5,10,0,0,0,2026-07-30T15:45:19.965720
14,6,1,5,0,5,2026-07-30T15:45:21.628095
14,6,2,5,0,5,2026-07-30T15:45:23.095208
14,6,3,5,0,5,2026-07-30T15:45:24.145485
14,6,4,5,0,5,2026-07-30T15:45:25.210164
14,6,5,5,0,5,2026-07-30T15:45:26.895226
14,6,6,5,0,5,2026-07-30T15:45:28.374152
14,6,7,5,0,5,2026-07-30T15:45:30.231765
14,6,8,5,0,5,2026-07-30T15:45:31.559436
14,6,9,5,0,5,2026-07-30T15:45:32.685837
14,6,10,5,0,5,2026-07-30T15:45:34.400872
14,7,1,5,0,5,2026-07-30T15:45:35.854335
14,7,2,5,0,5,2026-07-30T15:45:36.934982
14,7,3,5,0,5,2026-07-30T15:45:37.984705
14,7,4,5,0,5,2026-07-30T15:45:39.749863
14,7,5,5,0,5,2026-07-30T15:45:40.785652
14,7,6,5,0,5,2026-07-30T15:45:42.656900
14,7,7,5,0,5,2026-07-30T15:45:44.542777
14,7,8,5,0,5,2026-07-30T15:45:45.838752
14,7,9,5,0,5,2026-07-30T15:45:46.861971
14,7,10,5,0,5,2026-07-30T15:45:47.922015
14,8,1,5,0,5,2026-07-30T15:45:49.785908
14,8,2,5,0,5,2026-07-30T15:45:51.453453
14,8,3,5,0,5,2026-07-30T15:45:53.087601
14,8,4,5,0,5,2026-07-30T15:45:54.926478
14,8,5,5,0,5,2026-07-30T15:45:55.964068
14,8,6,5,0,5,2026-07-30T15:45:57.204373
14,8,7,5,0,5,2026-07-30T15:46:01.152288
14,8,8,5,0,5,2026-07-30T15:46:02.610406
14,8,9,5,0,5,2026-07-30T15:46:04.067115
14,8,10,5,0,5,2026-07-30T15:46:05.517027
14,9,1,5,0,5,2026-07-30T15:46:07.189089
14,9,2,0,0,0,2026-07-30T15:46:09.036664
14,9,3,0,0,0,2026-07-30T15:46:10.479994
14,9,4,0,0,0,2026-07-30T15:46:12.121765
14,9,5,0,0,0,2026-07-30T15:46:13.163413
14,9,6,0,0,0,2026-07-30T15:46:14.832325
14,9,7,0,0,0,2026-07-30T15:46:15.680886
14,9,8,0,0,0,2026-07-30T15:46:17.530599
14,9,9,0,0,0,2026-07-30T15:46:19.178206
14,9,10,0,0,0,2026-07-30T15:46:21.034171
14,10,1,5,0,5,2026-07-30T15:46:22.086009
14,10,2,5,0,5,2026-07-30T15:46:23.708683
14,10,3,5,0,5,2026-07-30T15:46:24.955119
14,10,4,5,0,5,2026-07-30T15:46:26.415056
14,10,5,5,0,5,2026-07-30T15:46:27.644090
14,10,6,5,0,5,2026-07-30T15:46:28.690759
14,10,7,5,0,5,2026-07-30T15:46:29.936201
14,10,8,5,0,5,2026-07-30T15:46:31.991109
14,10,9,5,0,5,2026-07-30T15:46:33.832351
14,10,10,5,0,5,2026-07-30T15:46:35.520564
14,11,1,5,0,5,2026-07-30T15:46:36.562941
14,11,2,5,0,5,2026-07-30T15:46:38.023686
14,11,3,5,0,5,2026-07-30T15:46:39.061110
14,11,4,5,0,5,2026-07-30T15:46:40.330051
14,11,5,5,0,5,2026-07-30T15:46:42.170925
14,11,6,5,0,5,2026-07-30T15:46:43.425775
14,11,7,5,0,5,2026-07-30T15:46:45.061796
14,11,8,5,0,5,2026-07-30T15:46:46.312921
14,11,9,5,0,5,2026-07-30T15:46:47.985559
14,11,10,5,0,5,2026-07-30T15:46:49.536327
14,12,1,5,0,5,2026-07-30T15:46:50.786220
14,12,2,5,0,5,2026-07-30T15:46:52.021574
14,12,3,5,0,5,2026-07-30T15:46:53.466975
14,12,4,5,0,5,2026-07-30T15:46:55.122162
14,12,5,5,0,5,2026-07-30T15:46:56.787764
14,12,6,5,0,5,2026-07-30T15:46:58.461337
14,12,7,5,0,5,2026-07-30T15:46:59.689998
14,12,8,5,0,5,2026-07-30T15:47:01.561789
14,12,9,5,0,5,2026-07-30T15:47:02.585428
14,12,10,5,0,5,2026-07-30T15:47:03.863021
14,13,1,5,0,5,2026-07-30T15:47:05.119707
14,13,2,5,0,5,2026-07-30T15:47:07.172183
14,13,3,5,0,5,2026-07-30T15:47:08.594267
14,13,4,5,0,5,2026-07-30T15:47:10.464139
14,13,5,5,0,5,2026-07-30T15:47:11.729125
14,13,6,5,0,5,2026-07-30T15:47:12.577838
14,13,7,5,0,5,2026-07-30T15:47:14.213715
14,13,8,5,0,5,2026-07-30T15:47:15.719105
14,13,9,5,0,5,2026-07-30T15:47:17.365208
14,13,10,5,0,5,2026-07-30T15:47:19.001524
14,14,1,5,0,5,2026-07-30T15:47:20.849563
14,14,2,5,0,5,2026-07-30T15:47:22.304688
14,14,3,5,0,5,2026-07-30T15:47:23.549464
14,14,4,5,0,5,2026-07-30T15:47:25.035982
14,14,5,5,0,5,2026-07-30T15:47:26.082663
14,14,6,5,0,5,2026-07-30T15:47:27.532097
14,14,7,5,0,5,2026-07-30T15:47:29.387020
14,14,8,5,0,5,2026-07-30T15:47:31.268128
14,14,9,5,0,5,2026-07-30T15:47:32.317165
14,14,10,5,0,5,2026-07-30T15:47:33.593374
14,15,1,5,0,5,2026-07-30T15:47:34.848503
14,15,2,5,0,5,2026-07-30T15:47:36.304633
14,15,3,5,0,5,2026-07-30T15:47:37.800149
14,15,4,5,0,5,2026-07-30T15:47:39.667311
14,15,5,5,0,5,2026-07-30T15:47:41.342091
14,15,6,5,0,5,2026-07-30T15:47:43.197966
14,15,7,5,0,5,2026-07-30T15:47:45.056706
14,15,8,5,0,5,2026-07-30T15:47:46.344877
14,15,9,5,0,5,2026-07-30T15:47:47.986703
14,15,10,5,0,5,2026-07-30T15:47:49.429043
14,16,1,5,0,5,2026-07-30T15:47:51.090117
14,16,2,5,0,5,2026-07-30T15:47:51.969121
14,16,3,5,0,5,2026-07-30T15:47:53.020968
14,16,4,5,0,5,2026-07-30T15:47:54.262532
14,16,5,5,0,5,2026-07-30T15:47:56.112888
14,16,6,5,0,5,2026-07-30T15:47:57.149440
14,16,7,5,0,5,2026-07-30T15:47:58.995356
14,16,8,5,0,5,2026-07-30T15:48:00.851434
14,16,9,5,0,5,2026-07-30T15:48:02.516655
14,16,10,5,0,5,2026-07-30T15:48:03.817778
14,17,1,5,0,5,2026-07-30T15:48:05.877344
14,17,2,5,0,5,2026-07-30T15:48:07.719342
14,17,3,5,0,5,2026-07-30T15:48:08.545948
14,17,4,5,0,5,2026-07-30T15:48:09.984609
14,17,5,5,0,5,2026-07-30T15:48:11.834198
14,17,6,5,0,5,2026-07-30T15:48:13.289623
14,17,7,5,0,5,2026-07-30T15:48:14.555952
14,17,8,5,0,5,2026-07-30T15:48:16.393742
14,17,9,5,0,5,2026-07-30T15:48:18.234844
14,17,10,5,0,5,2026-07-30T15:48:19.467410
14,18,1,5,0,5,2026-07-30T15:48:20.472286
14,18,2,5,0,5,2026-07-30T15:48:22.125257
14,18,3,5,0,5,2026-07-30T15:48:23.370920
14,18,4,4,0,4,2026-07-30T15:48:25.216603
14,18,5,5,0,5,2026-07-30T15:48:26.873182
14,18,6,5,0,5,2026-07-30T15:48:28.538193
14,18,7,5,0,5,2026-07-30T15:48:30.106921
14,18,8,5,0,5,2026-07-30T15:48:31.536739
14,18,9,5,0,5,2026-07-30T15:48:33.400313
14,18,10,5,0,5,2026-07-30T15:48:35.250584
14,19,1,5,0,5,2026-07-30T15:48:36.697335
14,19,2,5,0,5,2026-07-30T15:48:37.727741
14,19,3,5,0,5,2026-07-30T15:48:39.159847
14,19,4,5,0,5,2026-07-30T15:48:40.418149
14,19,5,5,0,5,2026-07-30T15:48:41.873118
14,19,6,5,0,5,2026-07-30T15:48:43.541912
14,19,7,5,0,5,2026-07-30T15:48:44.780967
14,19,8,5,0,5,2026-07-30T15:48:46.236696
14,19,9,5,0,5,2026-07-30T15:48:47.486369
14,19,10,5,0,5,2026-07-30T15:48:49.145860
14,20,1,5,0,5,2026-07-30T15:48:50.190771
14,20,2,5,0,5,2026-07-30T15:48:51.637283
14,20,3,5,0,5,2026-07-30T15:48:53.500305
14,20,4,5,0,5,2026-07-30T15:48:54.729170
14,20,5,5,0,5,2026-07-30T15:48:56.377722
14,20,6,5,0,5,2026-07-30T15:48:57.638216
14,20,7,5,0,5,2026-07-30T15:48:59.525453
14,20,8,5,0,5,2026-07-30T15:49:00.753760
14,20,9,5,0,5,2026-07-30T15:49:02.216456
14,20,10,5,0,5,2026-07-30T15:49:03.658437
14,21,1,5,0,5,2026-07-30T15:49:04.493590
14,21,2,5,0,5,2026-07-30T15:49:05.933487
14,21,3,5,0,5,2026-07-30T15:49:07.368709
14,21,4,5,0,5,2026-07-30T15:49:09.024011
14,21,5,5,0,5,2026-07-30T15:49:10.740461
14,21,6,5,0,5,2026-07-30T15:49:11.796769
14,21,7,5,0,5,2026-07-30T15:49:13.447503
14,21,8,5,0,5,2026-07-30T15:49:15.097855
14,21,9,5,0,5,2026-07-30T15:49:16.950669
14,21,10,5,0,5,2026-07-30T15:49:18.203167
14,22,1,5,0,5,2026-07-30T15:49:19.627753
14,22,2,5,0,5,2026-07-30T15:49:21.479924
14,22,3,5,0,5,2026-07-30T15:49:23.135976
14,22,4,5,0,5,2026-07-30T15:49:24.593097
14,22,5,5,0,5,2026-07-30T15:49:25.853306
14,22,6,5,0,5,2026-07-30T15:49:27.500958
14,22,7,5,0,5,2026-07-30T15:49:28.735927
14,22,8,5,0,5,2026-07-30T15:49:29.986854
14,22,9,5,0,5,2026-07-30T15:49:31.029183
14,22,10,5,0,5,2026-07-30T15:49:32.279442
14,23,1,5,0,5,2026-07-30T15:49:33.320820
14,23,2,5,0,5,2026-07-30T15:49:34.965047
14,23,3,5,0,5,2026-07-30T15:49:36.226791
14,23,4,5,0,5,2026-07-30T15:49:37.279306
14,23,5,5,0,5,2026-07-30T15:49:39.139573
14,23,6,5,0,5,2026-07-30T15:49:40.593591
14,23,7,5,0,5,2026-07-30T15:49:41.629180
14,23,8,5,0,5,2026-07-30T15:49:43.282229
14,23,9,5,0,5,2026-07-30T15:49:45.143394
14,23,10,5,0,5,2026-07-30T15:49:46.200360
14,24,1,5,0,5,2026-07-30T15:49:48.252499
14,24,2,5,0,5,2026-07-30T15:49:49.289134
14,24,3,5,0,5,2026-07-30T15:49:50.572779
14,24,4,5,0,5,2026-07-30T15:49:52.266370
14,24,5,5,0,5,2026-07-30T15:49:53.302378
14,24,6,5,0,5,2026-07-30T15:49:54.768013
14,24,7,5,0,5,2026-07-30T15:49:56.217182
14,24,8,5,0,5,2026-07-30T15:49:58.063318
14,24,9,5,0,5,2026-07-30T15:49:59.718710
14,24,10,5,0,5,2026-07-30T15:50:01.549760
14,25,1,5,0,5,2026-07-30T15:50:03.414646
14,25,2,5,0,5,2026-07-30T15:50:05.070980
14,25,3,5,0,5,2026-07-30T15:50:06.113960
14,25,4,5,0,5,2026-07-30T15:50:07.162744
14,25,5,5,0,5,2026-07-30T15:50:09.007140
14,25,6,0,0,0,2026-07-30T15:50:10.842862
14,25,7,0,0,0,2026-07-30T15:50:12.094426
14,25,8,5,0,5,2026-07-30T15:50:13.759185
14,25,9,0,0,0,2026-07-30T15:50:14.999912
14,25,10,5,0,5,2026-07-30T15:50:16.239157
14,26,1,5,0,5,2026-07-30T15:50:18.083621
14,26,2,5,0,5,2026-07-30T15:50:19.562055
14,26,3,5,0,5,2026-07-30T15:50:20.987642
14,26,4,5,0,5,2026-07-30T15:50:22.434765
14,26,5,5,0,5,2026-07-30T15:50:24.080293
14,26,6,5,0,5,2026-07-30T15:50:26.324686
14,26,7,5,0,5,2026-07-30T15:50:28.603332
14,26,8,5,0,5,2026-07-30T15:50:29.630902
14,26,9,5,0,5,2026-07-30T15:50:30.868533
14,26,10,5,0,5,2026-07-30T15:50:31.913649
14,27,1,5,0,5,2026-07-30T15:50:32.952735
14,27,2,5,0,5,2026-07-30T15:50:34.808265
14,27,3,5,0,5,2026-07-30T15:50:36.243034
14,27,4,5,0,5,2026-07-30T15:50:37.889017
14,27,5,5,0,5,2026-07-30T15:50:39.123572
14,27,6,5,0,5,2026-07-30T15:50:40.167445
14,27,7,5,0,5,2026-07-30T15:50:41.609156
14,27,8,5,0,5,2026-07-30T15:50:42.842792
14,27,9,5,0,5,2026-07-30T15:50:44.481347
14,27,10,5,0,5,2026-07-30T15:50:45.723254
14,28,1,5,0,5,2026-07-30T15:50:47.207393
14,28,2,5,0,5,2026-07-30T15:50:48.654404
14,28,3,5,0,5,2026-07-30T15:50:49.486155
14,28,4,5,0,5,2026-07-30T15:50:51.325680
14,28,5,5,0,5,2026-07-30T15:50:52.553062
14,28,6,5,0,5,2026-07-30T15:50:54.188943
14,28,7,5,0,5,2026-07-30T15:50:55.609820
14,28,8,5,0,5,2026-07-30T15:50:56.629609
14,28,9,5,0,5,2026-07-30T15:50:58.252749
14,28,10,5,0,5,2026-07-30T15:50:59.522968
14,29,1,5,0,5,2026-07-30T15:51:01.351833
14,29,2,5,0,5,2026-07-30T15:51:02.592286
14,29,3,5,0,5,2026-07-30T15:51:04.233572
14,29,4,5,0,5,2026-07-30T15:51:05.899583
14,29,5,5,0,5,2026-07-30T15:51:07.748174
14,29,6,5,0,5,2026-07-30T15:51:09.599877
14,29,7,5,0,5,2026-07-30T15:51:10.622409
14,29,8,5,0,5,2026-07-30T15:51:12.065421
14,29,9,5,0,5,2026-07-30T15:51:13.728253
14,29,10,5,0,5,2026-07-30T15:51:15.377276
14,30,1,5,0,5,2026-07-30T15:51:17.227067
14,30,2,5,0,5,2026-07-30T15:51:19.091353
14,30,3,5,0,5,2026-07-30T15:51:20.121323
14,30,4,5,0,5,2026-07-30T15:51:21.762349
14,30,5,5,0,5,2026-07-30T15:51:22.816072
14,30,6,5,0,5,2026-07-30T15:51:24.468733
14,30,7,5,0,5,2026-07-30T15:51:25.515572
14,30,8,5,0,5,2026-07-30T15:51:26.962547
14,30,9,5,0,5,2026-07-30T15:51:28.395074
14,30,10,5,0,5,2026-07-30T15:51:30.024821
15,1,1,5,0,5,2026-07-30T15:51:31.679132
15,1,2,5,0,5,2026-07-30T15:51:32.749158
15,1,3,5,0,5,2026-07-30T15:51:34.399140
15,1,4,5,0,5,2026-07-30T15:51:36.448842
15,1,5,5,0,5,2026-07-30T15:51:37.925804
15,1,6,5,0,5,2026-07-30T15:51:39.400175
15,1,7,5,0,5,2026-07-30T15:51:40.460012
15,1,8,5,0,5,2026-07-30T15:51:41.510299
15,1,9,5,0,5,2026-07-30T15:51:43.374903
15,1,10,5,0,5,2026-07-30T15:51:44.451213
15,2,1,5,0,5,2026-07-30T15:51:46.308141
15,2,2,5,0,5,2026-07-30T15:51:47.745621
15,2,3,5,0,5,2026-07-30T15:51:49.204126
15,2,4,5,0,5,2026-07-30T15:51:50.480193
15,2,5,5,0,5,2026-07-30T15:51:52.312710
15,2,6,5,0,5,2026-07-30T15:51:53.767547
15,2,7,5,0,5,2026-07-30T15:51:55.430142
15,2,8,5,0,5,2026-07-30T15:51:56.872302
15,2,9,5,0,5,2026-07-30T15:51:57.939096
15,2,10,5,0,5,2026-07-30T15:51:59.190570
15,3,1,3,0,3,2026-07-30T15:52:00.216459
15,3,2,5,0,5,2026-07-30T15:52:01.883459
15,3,3,5,0,5,2026-07-30T15:52:02.933535
15,3,4,5,0,5,2026-07-30T15:52:03.985767
15,3,5,5,0,5,2026-07-30T15:52:05.445146
15,3,6,5,0,5,2026-07-30T15:52:07.488843
15,3,7,5,0,5,2026-07-30T15:52:08.743905
15,3,8,5,0,5,2026-07-30T15:52:09.993536
15,3,9,5,0,5,2026-07-30T15:52:11.465862
15,3,10,5,0,5,2026-07-30T15:52:13.100283
15,4,1,0,0,0,2026-07-30T15:52:14.455326
15,4,2,0,0,0,2026-07-30T15:52:15.687432
15,4,3,0,0,0,2026-07-30T15:52:17.342562
15,4,4,0,0,0,2026-07-30T15:52:18.595315
15,4,5,4,0,4,2026-07-30T15:52:19.834900
15,4,6,0,0,0,2026-07-30T15:52:20.876142
15,4,7,0,0,0,2026-07-30T15:52:22.734552
15,4,8,0,0,0,2026-07-30T15:52:24.479240
15,4,9,5,0,5,2026-07-30T15:52:25.901754
15,4,10,0,0,0,2026-07-30T15:52:27.765900
15,5,1,5,0,5,2026-07-30T15:52:29.095292
15,5,2,0,0,0,2026-07-30T15:52:30.784452
15,5,3,0,0,0,2026-07-30T15:52:32.653678
15,5,4,5,0,5,2026-07-30T15:52:33.897363
15,5,5,0,0,0,2026-07-30T15:52:35.179329
15,5,6,0,0,0,2026-07-30T15:52:37.036032
15,5,7,0,0,0,2026-07-30T15:52:38.697621
15,5,8,5,0,5,2026-07-30T15:52:40.146702
15,5,9,0,0,0,2026-07-30T15:52:42.017925
15,5,10,0,0,0,2026-07-30T15:52:43.469537
15,6,1,5,0,5,2026-07-30T15:52:44.716114
15,6,2,5,0,5,2026-07-30T15:52:46.372098
15,6,3,5,0,5,2026-07-30T15:52:47.405729
15,6,4,5,0,5,2026-07-30T15:52:48.442249
15,6,5,5,0,5,2026-07-30T15:52:50.083527
15,6,6,5,0,5,2026-07-30T15:52:51.140082
15,6,7,5,0,5,2026-07-30T15:52:53.013621
15,6,8,5,0,5,2026-07-30T15:52:54.646788
15,6,9,5,0,5,2026-07-30T15:52:57.608045
15,6,10,5,0,5,2026-07-30T15:52:58.655603
15,7,1,5,0,5,2026-07-30T15:53:00.139595
15,7,2,5,0,5,2026-07-30T15:53:01.379617
15,7,3,5,0,5,2026-07-30T15:53:02.824901
15,7,4,5,0,5,2026-07-30T15:53:04.510957
15,7,5,5,0,5,2026-07-30T15:53:05.962285
15,7,6,5,0,5,2026-07-30T15:53:07.242006
15,7,7,5,0,5,2026-07-30T15:53:08.491778
15,7,8,5,0,5,2026-07-30T15:53:09.923958
15,7,9,5,0,5,2026-07-30T15:53:11.285475
15,7,10,5,0,5,2026-07-30T15:53:12.748977
15,8,1,5,0,5,2026-07-30T15:53:13.779116
15,8,2,5,0,5,2026-07-30T15:53:15.048919
15,8,3,5,0,5,2026-07-30T15:53:16.307259
15,8,4,5,0,5,2026-07-30T15:53:17.167253
15,8,5,5,0,5,2026-07-30T15:53:18.214744
15,8,6,5,0,5,2026-07-30T15:53:19.461336
15,8,7,5,0,5,2026-07-30T15:53:20.897252
15,8,8,5,0,5,2026-07-30T15:53:21.729388
15,8,9,5,0,5,2026-07-30T15:53:23.590232
15,8,10,5,0,5,2026-07-30T15:53:25.229656
15,9,1,0,0,0,2026-07-30T15:53:26.283330
15,9,2,0,0,0,2026-07-30T15:53:27.747408
15,9,3,0,0,0,2026-07-30T15:53:29.182846
15,9,4,0,0,0,2026-07-30T15:53:30.835068
15,9,5,3,0,3,2026-07-30T15:53:32.490944
15,9,6,0,0,0,2026-07-30T15:53:33.610358
15,9,7,5,0,5,2026-07-30T15:53:35.472568
15,9,8,5,0,5,2026-07-30T15:53:36.720839
15,9,9,0,0,0,2026-07-30T15:53:37.969131
15,9,10,0,0,0,2026-07-30T15:53:39.424823
15,10,1,5,0,5,2026-07-30T15:53:40.279450
15,10,2,0,0,0,2026-07-30T15:53:41.902663
15,10,3,3,0,3,2026-07-30T15:53:43.136842
15,10,4,0,0,0,2026-07-30T15:53:44.382787
15,10,5,5,0,5,2026-07-30T15:53:45.484507
15,10,6,0,0,0,2026-07-30T15:53:47.337667
15,10,7,5,0,5,2026-07-30T15:53:48.582754
15,10,8,5,0,5,2026-07-30T15:53:50.439632
15,10,9,0,0,0,2026-07-30T15:53:51.470597
15,10,10,5,0,5,2026-07-30T15:53:52.910173
15,11,1,5,0,5,2026-07-30T15:53:54.764735
15,11,2,5,0,5,2026-07-30T15:53:56.231523
15,11,3,5,0,5,2026-07-30T15:53:58.303790
15,11,4,5,0,5,2026-07-30T15:53:59.774226
15,11,5,5,0,5,2026-07-30T15:54:01.023238
15,11,6,5,0,5,2026-07-30T15:54:02.678949
15,11,7,5,0,5,2026-07-30T15:54:04.026423
15,11,8,5,0,5,2026-07-30T15:54:05.458550
15,11,9,5,0,5,2026-07-30T15:54:07.126736
15,11,10,5,0,5,2026-07-30T15:54:08.630381
15,12,1,5,0,5,2026-07-30T15:54:09.888176
15,12,2,5,0,5,2026-07-30T15:54:11.532336
15,12,3,5,0,5,2026-07-30T15:54:13.393869
15,12,4,5,0,5,2026-07-30T15:54:15.060051
15,12,5,5,0,5,2026-07-30T15:54:16.312304
15,12,6,5,0,5,2026-07-30T15:54:17.359607
15,12,7,5,0,5,2026-07-30T15:54:19.231388
15,12,8,5,0,5,2026-07-30T15:54:20.255875
15,12,9,5,0,5,2026-07-30T15:54:21.561337
15,12,10,5,0,5,2026-07-30T15:54:22.823106
15,13,1,5,0,5,2026-07-30T15:54:24.064386
15,13,2,5,0,5,2026-07-30T15:54:25.928025
15,13,3,4,0,4,2026-07-30T15:54:27.419968
15,13,4,5,0,5,2026-07-30T15:54:29.064217
15,13,5,3,0,3,2026-07-30T15:54:30.711720
15,13,6,5,0,5,2026-07-30T15:54:32.373594
15,13,7,3,0,3,2026-07-30T15:54:33.631143
15,13,8,5,0,5,2026-07-30T15:54:34.883498
15,13,9,5,0,5,2026-07-30T15:54:36.528362
15,13,10,5,0,5,2026-07-30T15:54:37.987682
15,14,1,5,0,5,2026-07-30T15:54:39.649573
15,14,2,5,0,5,2026-07-30T15:54:40.698102
15,14,3,5,0,5,2026-07-30T15:54:41.747350
15,14,4,5,0,5,2026-07-30T15:54:43.035485
15,14,5,5,0,5,2026-07-30T15:54:44.184923
15,14,6,5,0,5,2026-07-30T15:54:45.628141
15,14,7,5,0,5,2026-07-30T15:54:47.090125
15,14,8,5,0,5,2026-07-30T15:54:48.343008
15,14,9,5,0,5,2026-07-30T15:54:50.214964
15,14,10,5,0,5,2026-07-30T15:54:51.673870
15,15,1,5,0,5,2026-07-30T15:54:52.759449
15,15,2,5,0,5,2026-07-30T15:54:54.238294
15,15,3,5,0,5,2026-07-30T15:54:55.542012
15,15,4,5,0,5,2026-07-30T15:54:56.771379
15,15,5,5,0,5,2026-07-30T15:54:58.703966
15,15,6,5,0,5,2026-07-30T15:54:59.977332
15,15,7,5,0,5,2026-07-30T15:55:01.628420
15,15,8,5,0,5,2026-07-30T15:55:02.883456
15,15,9,5,0,5,2026-07-30T15:55:04.746588
15,15,10,5,0,5,2026-07-30T15:55:06.188640
15,16,1,5,0,5,2026-07-30T15:55:07.639156
15,16,2,5,0,5,2026-07-30T15:55:09.300547
15,16,3,5,0,5,2026-07-30T15:55:10.942796
15,16,4,5,0,5,2026-07-30T15:55:11.971531
15,16,5,5,0,5,2026-07-30T15:55:13.012675
15,16,6,5,0,5,2026-07-30T15:55:14.686690
15,16,7,5,0,5,2026-07-30T15:55:15.938305
15,16,8,5,0,5,2026-07-30T15:55:17.187889
15,16,9,5,0,5,2026-07-30T15:55:18.849254
15,16,10,5,0,5,2026-07-30T15:55:19.895839
15,17,1,5,0,5,2026-07-30T15:55:21.771347
15,17,2,5,0,5,2026-07-30T15:55:23.436852
15,17,3,5,0,5,2026-07-30T15:55:25.321818
15,17,4,5,0,5,2026-07-30T15:55:26.370764
15,17,5,5,0,5,2026-07-30T15:55:28.014310
15,17,6,5,0,5,2026-07-30T15:55:29.066420
15,17,7,5,0,5,2026-07-30T15:55:30.917985
15,17,8,5,0,5,2026-07-30T15:55:32.573530
15,17,9,5,0,5,2026-07-30T15:55:33.829044
15,17,10,5,0,5,2026-07-30T15:55:35.712047
15,18,1,5,0,5,2026-07-30T15:55:37.151970
15,18,2,5,0,5,2026-07-30T15:55:38.961868
15,18,3,5,0,5,2026-07-30T15:55:40.612384
15,18,4,5,0,5,2026-07-30T15:55:41.662563
15,18,5,5,0,5,2026-07-30T15:55:43.328965
15,18,6,5,0,5,2026-07-30T15:55:44.976725
15,18,7,5,0,5,2026-07-30T15:55:45.843174
15,18,8,5,0,5,2026-07-30T15:55:47.289845
15,18,9,5,0,5,2026-07-30T15:55:49.136819
15,18,10,5,0,5,2026-07-30T15:55:50.824172
15,19,1,5,0,5,2026-07-30T15:55:52.288284
15,19,2,5,0,5,2026-07-30T15:55:53.321863
15,19,3,5,0,5,2026-07-30T15:55:54.164800
15,19,4,5,0,5,2026-07-30T15:55:55.817702
15,19,5,5,0,5,2026-07-30T15:55:57.463236
15,19,6,5,0,5,2026-07-30T15:55:59.313478
15,19,7,5,0,5,2026-07-30T15:56:00.985790
15,19,8,5,0,5,2026-07-30T15:56:02.452382
15,19,9,5,0,5,2026-07-30T15:56:04.302352
15,19,10,5,0,5,2026-07-30T15:56:05.570005
15,20,1,5,0,5,2026-07-30T15:56:06.602304
15,20,2,5,0,5,2026-07-30T15:56:08.235847
15,20,3,5,0,5,2026-07-30T15:56:10.087144
15,20,4,5,0,5,2026-07-30T15:56:11.959650
15,20,5,5,0,5,2026-07-30T15:56:12.988315
15,20,6,5,0,5,2026-07-30T15:56:14.622271
15,20,7,5,0,5,2026-07-30T15:56:16.490383
15,20,8,5,0,5,2026-07-30T15:56:17.942651
15,20,9,5,0,5,2026-07-30T15:56:19.594113
15,20,10,5,0,5,2026-07-30T15:56:21.052963
15,21,1,5,0,5,2026-07-30T15:56:21.905427
15,21,2,5,0,5,2026-07-30T15:56:23.122253
15,21,3,5,0,5,2026-07-30T15:56:24.390757
15,21,4,5,0,5,2026-07-30T15:56:25.833051
15,21,5,5,0,5,2026-07-30T15:56:27.148235
15,21,6,5,0,5,2026-07-30T15:56:28.403794
15,21,7,5,0,5,2026-07-30T15:56:30.339055
15,21,8,5,0,5,2026-07-30T15:56:31.792064
15,21,9,5,0,5,2026-07-30T15:56:33.455243
15,21,10,5,0,5,2026-07-30T15:56:35.094006
15,22,1,5,0,5,2026-07-30T15:56:36.126653
15,22,2,5,0,5,2026-07-30T15:56:37.375212
15,22,3,5,0,5,2026-07-30T15:56:38.631981
15,22,4,5,0,5,2026-07-30T15:56:40.505514
15,22,5,5,0,5,2026-07-30T15:56:41.561965
15,22,6,5,0,5,2026-07-30T15:56:43.219841
15,22,7,5,0,5,2026-07-30T15:56:44.289198
15,22,8,5,0,5,2026-07-30T15:56:45.772912
15,22,9,5,0,5,2026-07-30T15:56:47.027348
15,22,10,5,0,5,2026-07-30T15:56:48.073078
15,23,1,5,0,5,2026-07-30T15:56:49.928970
15,23,2,5,0,5,2026-07-30T15:56:51.170255
15,23,3,5,0,5,2026-07-30T15:56:52.441339
15,23,4,5,0,5,2026-07-30T15:56:53.918177
15,23,5,5,0,5,2026-07-30T15:56:55.345095
15,23,6,5,0,5,2026-07-30T15:56:57.206300
15,23,7,5,0,5,2026-07-30T15:56:58.649947
15,23,8,5,0,5,2026-07-30T15:57:00.301988
15,23,9,5,0,5,2026-07-30T15:57:01.941034
15,23,10,5,0,5,2026-07-30T15:57:02.993664
15,24,1,0,0,0,2026-07-30T15:57:04.456146
15,24,2,0,0,0,2026-07-30T15:57:06.098625
15,24,3,0,0,0,2026-07-30T15:57:07.963314
15,24,4,5,0,5,2026-07-30T15:57:08.808096
15,24,5,0,0,0,2026-07-30T15:57:10.670159
15,24,6,0,0,0,2026-07-30T15:57:12.313035
15,24,7,0,0,0,2026-07-30T15:57:13.967687
15,24,8,0,0,0,2026-07-30T15:57:15.821350
15,24,9,0,0,0,2026-07-30T15:57:17.060121
15,24,10,5,0,5,2026-07-30T15:57:18.102963
15,25,1,5,0,5,2026-07-30T15:57:19.336329
15,25,2,5,0,5,2026-07-30T15:57:20.578702
15,25,3,5,0,5,2026-07-30T15:57:21.808064
15,25,4,5,0,5,2026-07-30T15:57:23.261166
15,25,5,5,0,5,2026-07-30T15:57:24.912462
15,25,6,5,0,5,2026-07-30T15:57:26.558764
15,25,7,5,0,5,2026-07-30T15:57:28.207512
15,25,8,5,0,5,2026-07-30T15:57:29.675218
15,25,9,5,0,5,2026-07-30T15:57:31.330487
15,25,10,5,0,5,2026-07-30T15:57:32.573374
15,26,1,5,0,5,2026-07-30T15:57:33.833634
15,26,2,5,0,5,2026-07-30T15:57:35.681151
15,26,3,5,0,5,2026-07-30T15:57:37.329154
15,26,4,5,0,5,2026-07-30T15:57:38.596801
15,26,5,5,0,5,2026-07-30T15:57:39.640779
15,26,6,5,0,5,2026-07-30T15:57:41.289496
15,26,7,5,0,5,2026-07-30T15:57:42.539032
15,26,8,5,0,5,2026-07-30T15:57:43.568362
15,26,9,5,0,5,2026-07-30T15:57:45.031291
15,26,10,5,0,5,2026-07-30T15:57:46.274617
15,27,1,5,0,5,2026-07-30T15:57:48.306479
15,27,2,5,0,5,2026-07-30T15:57:49.543907
15,27,3,5,0,5,2026-07-30T15:57:51.435446
15,27,4,5,0,5,2026-07-30T15:57:53.111546
15,27,5,5,0,5,2026-07-30T15:57:54.169080
15,27,6,5,0,5,2026-07-30T15:57:56.058584
15,27,7,5,0,5,2026-07-30T15:57:58.120860
15,27,8,5,0,5,2026-07-30T15:57:59.980148
15,27,9,5,0,5,2026-07-30T15:58:01.638374
15,27,10,5,0,5,2026-07-30T15:58:02.874434
15,28,1,5,0,5,2026-07-30T15:58:04.129838
15,28,2,4,0,4,2026-07-30T15:58:05.376954
15,28,3,4,0,4,2026-07-30T15:58:07.226307
15,28,4,5,0,5,2026-07-30T15:58:08.243355
15,28,5,5,0,5,2026-07-30T15:58:09.889489
15,28,6,5,0,5,2026-07-30T15:58:11.352044
15,28,7,4,0,4,2026-07-30T15:58:13.218786
15,28,8,3,0,3,2026-07-30T15:58:14.862564
15,28,9,5,0,5,2026-07-30T15:58:16.702565
15,28,10,5,0,5,2026-07-30T15:58:17.979785
15,29,1,5,0,5,2026-07-30T15:58:19.231188
15,29,2,5,0,5,2026-07-30T15:58:20.676432
15,29,3,5,0,5,2026-07-30T15:58:21.710004
15,29,4,5,0,5,2026-07-30T15:58:22.537767
15,29,5,5,0,5,2026-07-30T15:58:23.795045
15,29,6,5,0,5,2026-07-30T15:58:25.629033
15,29,7,5,0,5,2026-07-30T15:58:27.475581
15,29,8,5,0,5,2026-07-30T15:58:28.724278
15,29,9,5,0,5,2026-07-30T15:58:30.168712
15,29,10,5,0,5,2026-07-30T15:58:31.813910
15,30,1,5,0,5,2026-07-30T15:58:33.071616
15,30,2,5,0,5,2026-07-30T15:58:34.714352
15,30,3,5,0,5,2026-07-30T15:58:36.382726
15,30,4,5,0,5,2026-07-30T15:58:37.442025
15,30,5,5,0,5,2026-07-30T15:58:39.277330
15,30,6,5,0,5,2026-07-30T15:58:40.801853
15,30,7,5,0,5,2026-07-30T15:58:41.880268
15,30,8,5,0,5,2026-07-30T15:58:43.140920
15,30,9,5,0,5,2026-07-30T15:58:43.990055
15,30,10,5,0,5,2026-07-30T15:58:45.660816
16,1,1,5,0,5,2026-07-30T15:58:47.097611
16,1,2,5,0,5,2026-07-30T15:58:48.111526
16,1,3,5,0,5,2026-07-30T15:58:49.756420
16,1,4,5,0,5,2026-07-30T15:58:51.202820
16,1,5,5,0,5,2026-07-30T15:58:52.497692
16,1,6,5,0,5,2026-07-30T15:58:54.136866
16,1,7,5,0,5,2026-07-30T15:58:55.167699
16,1,8,5,0,5,2026-07-30T15:58:56.416914
16,1,9,5,0,5,2026-07-30T15:58:57.462138
16,1,10,5,0,5,2026-07-30T15:58:58.929155
16,2,1,5,0,5,2026-07-30T15:59:00.370247
16,2,2,5,0,5,2026-07-30T15:59:01.456363
16,2,3,5,0,5,2026-07-30T15:59:03.106412
16,2,4,5,0,5,2026-07-30T15:59:04.365588
16,2,5,5,0,5,2026-07-30T15:59:05.607935
16,2,6,5,0,5,2026-07-30T15:59:06.860396
16,2,7,5,0,5,2026-07-30T15:59:08.704355
16,2,8,5,0,5,2026-07-30T15:59:09.792257
16,2,9,5,0,5,2026-07-30T15:59:10.923959
16,2,10,5,0,5,2026-07-30T15:59:12.208647
16,3,1,0,0,0,2026-07-30T15:59:14.064840
16,3,2,0,0,0,2026-07-30T15:59:15.912520
16,3,3,0,0,0,2026-07-30T15:59:17.665834
16,3,4,0,0,0,2026-07-30T15:59:18.929514
16,3,5,0,0,0,2026-07-30T15:59:20.803551
16,3,6,0,0,0,2026-07-30T15:59:22.483391
16,3,7,0,0,0,2026-07-30T15:59:23.525554
16,3,8,0,0,0,2026-07-30T15:59:25.385456
16,3,9,0,0,0,2026-07-30T15:59:26.454498
16,3,10,0,0,0,2026-07-30T15:59:27.902820
16,4,1,0,0,0,2026-07-30T15:59:29.759469
16,4,2,0,0,0,2026-07-30T15:59:30.800851
16,4,3,0,0,0,2026-07-30T15:59:32.484248
16,4,4,0,0,0,2026-07-30T15:59:33.524969
16,4,5,0,0,0,2026-07-30T15:59:35.188059
16,4,6,0,0,0,2026-07-30T15:59:36.224809
16,4,7,0,0,0,2026-07-30T15:59:37.667733
16,4,8,0,0,0,2026-07-30T15:59:39.529061
16,4,9,0,0,0,2026-07-30T15:59:40.572619
16,4,10,0,0,0,2026-07-30T15:59:42.228295
16,5,1,0,0,0,2026-07-30T15:59:43.259917
16,5,2,0,0,0,2026-07-30T15:59:44.737821
16,5,3,0,0,0,2026-07-30T15:59:45.974521
16,5,4,0,0,0,2026-07-30T15:59:47.223898
16,5,5,0,0,0,2026-07-30T15:59:48.495126
16,5,6,0,0,0,2026-07-30T15:59:49.731078
16,5,7,0,0,0,2026-07-30T15:59:51.565997
16,5,8,0,0,0,2026-07-30T15:59:52.605555
16,5,9,0,0,0,2026-07-30T15:59:54.249267
16,5,10,0,0,0,2026-07-30T15:59:55.487361
16,6,1,5,0,5,2026-07-30T15:59:56.795408
16,6,2,5,0,5,2026-07-30T15:59:58.249322
16,6,3,5,0,5,2026-07-30T16:00:00.098462
16,6,4,5,0,5,2026-07-30T16:00:01.521591
16,6,5,5,0,5,2026-07-30T16:00:02.768876
16,6,6,5,0,5,2026-07-30T16:00:04.410988
16,6,7,5,0,5,2026-07-30T16:00:05.647333
16,6,8,5,0,5,2026-07-30T16:00:07.502826
16,6,9,5,0,5,2026-07-30T16:00:09.161245
16,6,10,5,0,5,2026-07-30T16:00:11.014481
16,7,1,5,0,5,2026-07-30T16:00:12.063938
16,7,2,5,0,5,2026-07-30T16:00:13.908324
16,7,3,5,0,5,2026-07-30T16:00:15.355028
16,7,4,5,0,5,2026-07-30T16:00:16.786149
16,7,5,5,0,5,2026-07-30T16:00:17.997135
16,7,6,5,0,5,2026-07-30T16:00:19.249496
16,7,7,5,0,5,2026-07-30T16:00:20.699258
16,7,8,5,0,5,2026-07-30T16:00:22.567650
16,7,9,5,0,5,2026-07-30T16:00:23.811241
16,7,10,5,0,5,2026-07-30T16:00:24.869596
16,8,1,5,0,5,2026-07-30T16:00:26.329755
16,8,2,5,0,5,2026-07-30T16:00:27.991179
16,8,3,5,0,5,2026-07-30T16:00:29.044809
16,8,4,5,0,5,2026-07-30T16:00:30.329064
16,8,5,5,0,5,2026-07-30T16:00:31.975016
16,8,6,5,0,5,2026-07-30T16:00:33.836195
16,8,7,5,0,5,2026-07-30T16:00:35.081211
16,8,8,5,0,5,2026-07-30T16:00:36.533772
16,8,9,5,0,5,2026-07-30T16:00:38.359953
16,8,10,5,0,5,2026-07-30T16:00:39.404910
16,9,1,0,0,0,2026-07-30T16:00:40.460593
16,9,2,0,0,0,2026-07-30T16:00:42.311525
16,9,3,0,0,0,2026-07-30T16:00:44.180820
16,9,4,0,0,0,2026-07-30T16:00:45.224717
16,9,5,0,0,0,2026-07-30T16:00:47.079347
16,9,6,0,0,0,2026-07-30T16:00:48.509160
16,9,7,0,0,0,2026-07-30T16:00:50.356352
16,9,8,0,0,0,2026-07-30T16:00:52.294514
16,9,9,0,0,0,2026-07-30T16:00:53.534996
16,9,10,0,0,0,2026-07-30T16:00:54.812990
16,10,1,0,0,0,2026-07-30T16:00:56.682916
16,10,2,0,0,0,2026-07-30T16:00:57.921739
16,10,3,0,0,0,2026-07-30T16:00:59.171826
16,10,4,0,0,0,2026-07-30T16:01:01.019310
16,10,5,0,0,0,2026-07-30T16:01:02.077435
16,10,6,0,0,0,2026-07-30T16:01:03.311816
16,10,7,0,0,0,2026-07-30T16:01:05.148127
16,10,8,0,0,0,2026-07-30T16:01:06.800690
16,10,9,0,0,0,2026-07-30T16:01:08.063167
16,10,10,0,0,0,2026-07-30T16:01:09.737559
16,11,1,5,0,5,2026-07-30T16:01:11.591492
16,11,2,5,0,5,2026-07-30T16:01:13.241471
16,11,3,5,0,5,2026-07-30T16:01:14.705542
16,11,4,5,0,5,2026-07-30T16:01:16.372272
16,11,5,5,0,5,2026-07-30T16:01:17.895369
16,11,6,5,0,5,2026-07-30T16:01:19.569243
16,11,7,5,0,5,2026-07-30T16:01:21.422898
16,11,8,5,0,5,2026-07-30T16:01:23.115075
16,11,9,5,0,5,2026-07-30T16:01:24.193339
16,11,10,5,0,5,2026-07-30T16:01:25.272257
16,12,1,5,0,5,2026-07-30T16:01:26.332100
16,12,2,5,0,5,2026-07-30T16:01:28.197069
16,12,3,5,0,5,2026-07-30T16:01:29.270023
16,12,4,5,0,5,2026-07-30T16:01:30.336567
16,12,5,5,0,5,2026-07-30T16:01:31.823905
16,12,6,5,0,5,2026-07-30T16:01:32.905320
16,12,7,5,0,5,2026-07-30T16:01:34.149305
16,12,8,5,0,5,2026-07-30T16:01:35.604048
16,12,9,5,0,5,2026-07-30T16:01:36.690262
16,12,10,5,0,5,2026-07-30T16:01:38.338662
16,13,1,5,0,5,2026-07-30T16:01:39.787622
16,13,2,5,0,5,2026-07-30T16:01:41.248227
16,13,3,5,0,5,2026-07-30T16:01:42.519741
16,13,4,0,0,0,2026-07-30T16:01:44.198215
16,13,5,5,0,5,2026-07-30T16:01:45.471866
16,13,6,0,0,0,2026-07-30T16:01:47.528674
16,13,7,5,0,5,2026-07-30T16:01:48.578141
16,13,8,5,0,5,2026-07-30T16:01:49.837895
16,13,9,0,0,0,2026-07-30T16:01:51.094798
16,13,10,0,0,0,2026-07-30T16:01:52.564070
16,14,1,0,0,0,2026-07-30T16:01:53.637105
16,14,2,0,0,0,2026-07-30T16:01:55.089142
16,14,3,0,0,0,2026-07-30T16:01:56.810129
16,14,4,5,0,5,2026-07-30T16:01:58.267439
16,14,5,5,0,5,2026-07-30T16:02:00.141283
16,14,6,0,0,0,2026-07-30T16:02:01.194595
16,14,7,0,0,0,2026-07-30T16:02:02.238465
16,14,8,5,0,5,2026-07-30T16:02:03.914607
16,14,9,5,0,5,2026-07-30T16:02:05.561716
16,14,10,5,0,5,2026-07-30T16:02:06.627365
16,15,1,5,0,5,2026-07-30T16:02:08.382615
16,15,2,0,0,0,2026-07-30T16:02:09.850163
16,15,3,0,0,0,2026-07-30T16:02:13.094703
16,15,4,0,0,0,2026-07-30T16:02:14.333582
16,15,5,0,0,0,2026-07-30T16:02:15.594822
16,15,6,0,0,0,2026-07-30T16:02:17.038508
16,15,7,0,0,0,2026-07-30T16:02:18.911605
16,15,8,0,0,0,2026-07-30T16:02:20.762700
16,15,9,0,0,0,2026-07-30T16:02:22.611853
16,15,10,5,0,5,2026-07-30T16:02:25.561072
16,16,1,5,0,5,2026-07-30T16:02:26.597113
16,16,2,5,0,5,2026-07-30T16:02:28.245932
16,16,3,5,0,5,2026-07-30T16:02:30.112295
16,16,4,5,0,5,2026-07-30T16:02:31.356222
16,16,5,5,0,5,2026-07-30T16:02:32.599183
16,16,6,5,0,5,2026-07-30T16:02:33.644475
16,16,7,5,0,5,2026-07-30T16:02:34.896677
16,16,8,5,0,5,2026-07-30T16:02:36.358865
16,16,9,5,0,5,2026-07-30T16:02:37.603455
16,16,10,5,0,5,2026-07-30T16:02:38.661762
16,17,1,5,0,5,2026-07-30T16:02:40.107688
16,17,2,5,0,5,2026-07-30T16:02:41.158457
16,17,3,5,0,5,2026-07-30T16:02:42.216525
16,17,4,5,0,5,2026-07-30T16:02:43.912814
16,17,5,5,0,5,2026-07-30T16:02:45.755647
16,17,6,5,0,5,2026-07-30T16:02:47.616388
16,17,7,5,0,5,2026-07-30T16:02:49.471074
16,17,8,5,0,5,2026-07-30T16:02:50.540566
16,17,9,5,0,5,2026-07-30T16:02:52.225557
16,17,10,5,0,5,2026-07-30T16:02:53.458989
16,18,1,0,0,0,2026-07-30T16:02:54.907338
16,18,2,0,0,0,2026-07-30T16:02:55.968595
16,18,3,0,0,0,2026-07-30T16:02:57.826713
16,18,4,0,0,0,2026-07-30T16:02:58.890340
16,18,5,4,0,4,2026-07-30T16:02:59.940570
16,18,6,2,0,2,2026-07-30T16:03:01.011882
16,18,7,0,0,0,2026-07-30T16:03:02.270953
16,18,8,4,0,4,2026-07-30T16:03:03.317406
16,18,9,3,0,3,2026-07-30T16:03:04.970709
16,18,10,0,0,0,2026-07-30T16:03:06.211863
16,19,1,5,0,5,2026-07-30T16:03:07.678853
16,19,2,5,0,5,2026-07-30T16:03:09.134370
16,19,3,5,0,5,2026-07-30T16:03:10.209357
16,19,4,5,0,5,2026-07-30T16:03:11.083691
16,19,5,5,0,5,2026-07-30T16:03:12.350657
16,19,6,5,0,5,2026-07-30T16:03:14.221945
16,19,7,5,0,5,2026-07-30T16:03:16.202331
16,19,8,0,0,0,2026-07-30T16:03:17.645864
16,19,9,5,0,5,2026-07-30T16:03:18.921080
16,19,10,5,0,5,2026-07-30T16:03:20.581146
16,20,1,5,0,5,2026-07-30T16:03:22.241484
16,20,2,5,0,5,2026-07-30T16:03:23.897761
16,20,3,5,0,5,2026-07-30T16:03:24.773453
16,20,4,5,0,5,2026-07-30T16:03:26.260797
16,20,5,5,0,5,2026-07-30T16:03:27.935646
16,20,6,5,0,5,2026-07-30T16:03:29.797141
16,20,7,5,0,5,2026-07-30T16:03:30.846167
16,20,8,5,0,5,2026-07-30T16:03:32.706416
16,20,9,5,0,5,2026-07-30T16:03:34.595639
16,20,10,5,0,5,2026-07-30T16:03:36.048286
16,21,1,5,0,5,2026-07-30T16:03:38.114898
16,21,2,5,0,5,2026-07-30T16:03:39.372212
16,21,3,5,0,5,2026-07-30T16:03:41.050205
16,21,4,5,0,5,2026-07-30T16:03:42.495559
16,21,5,5,0,5,2026-07-30T16:03:44.035863
16,21,6,5,0,5,2026-07-30T16:03:45.306073
16,21,7,5,0,5,2026-07-30T16:03:46.978788
16,21,8,5,0,5,2026-07-30T16:03:47.813417
16,21,9,5,0,5,2026-07-30T16:03:49.061427
16,21,10,5,0,5,2026-07-30T16:03:50.898036
16,22,1,5,0,5,2026-07-30T16:03:52.757087
16,22,2,5,0,5,2026-07-30T16:03:54.011415
16,22,3,5,0,5,2026-07-30T16:03:55.668817
16,22,4,5,0,5,2026-07-30T16:03:57.518045
16,22,5,5,0,5,2026-07-30T16:03:59.192953
16,22,6,5,0,5,2026-07-30T16:04:00.711013
16,22,7,5,0,5,2026-07-30T16:04:01.570413
16,22,8,5,0,5,2026-07-30T16:04:02.819845
16,22,9,5,0,5,2026-07-30T16:04:04.057547
16,22,10,5,0,5,2026-07-30T16:04:05.307922
16,23,1,5,0,5,2026-07-30T16:04:06.545120
16,23,2,5,0,5,2026-07-30T16:04:07.979102
16,23,3,5,0,5,2026-07-30T16:04:09.021254
16,23,4,5,0,5,2026-07-30T16:04:10.075082
16,23,5,5,0,5,2026-07-30T16:04:11.948391
16,23,6,5,0,5,2026-07-30T16:04:13.603257
16,23,7,5,0,5,2026-07-30T16:04:15.465979
16,23,8,5,0,5,2026-07-30T16:04:16.728145
16,23,9,5,0,5,2026-07-30T16:04:18.428389
16,23,10,5,0,5,2026-07-30T16:04:19.770872
16,24,1,0,0,0,2026-07-30T16:04:21.231119
16,24,2,0,0,0,2026-07-30T16:04:22.669276
16,24,3,0,0,0,2026-07-30T16:04:24.528181
16,24,4,0,0,0,2026-07-30T16:04:25.995756
16,24,5,0,0,0,2026-07-30T16:04:27.259603
16,24,6,0,0,0,2026-07-30T16:04:28.902101
16,24,7,5,0,5,2026-07-30T16:04:30.768419
16,24,8,0,0,0,2026-07-30T16:04:31.821443
16,24,9,0,0,0,2026-07-30T16:04:33.266379
16,24,10,0,0,0,2026-07-30T16:04:34.718951
16,25,1,5,0,5,2026-07-30T16:04:35.962344
16,25,2,5,0,5,2026-07-30T16:04:37.009531
16,25,3,5,0,5,2026-07-30T16:04:38.260582
16,25,4,5,0,5,2026-07-30T16:04:39.534662
16,25,5,5,0,5,2026-07-30T16:04:40.795260
16,25,6,5,0,5,2026-07-30T16:04:41.852026
16,25,7,5,0,5,2026-07-30T16:04:43.739865
16,25,8,5,0,5,2026-07-30T16:04:45.208685
16,25,9,5,0,5,2026-07-30T16:04:46.875481
16,25,10,5,0,5,2026-07-30T16:04:47.916730
16,26,1,5,0,5,2026-07-30T16:04:49.584992
16,26,2,0,0,0,2026-07-30T16:04:51.044566
16,26,3,5,0,5,2026-07-30T16:04:52.341410
16,26,4,5,0,5,2026-07-30T16:04:53.404973
16,26,5,5,0,5,2026-07-30T16:04:54.439657
16,26,6,5,0,5,2026-07-30T16:04:55.879599
16,26,7,5,0,5,2026-07-30T16:04:57.528142
16,26,8,5,0,5,2026-07-30T16:04:59.173936
16,26,9,5,0,5,2026-07-30T16:05:00.610833
16,26,10,5,0,5,2026-07-30T16:05:02.084219
16,27,1,5,0,5,2026-07-30T16:05:03.936906
16,27,2,5,0,5,2026-07-30T16:05:05.813965
16,27,3,5,0,5,2026-07-30T16:05:06.877198
16,27,4,5,0,5,2026-07-30T16:05:07.971435
16,27,5,5,0,5,2026-07-30T16:05:09.036219
16,27,6,5,0,5,2026-07-30T16:05:10.697989
16,27,7,5,0,5,2026-07-30T16:05:11.948938
16,27,8,5,0,5,2026-07-30T16:05:12.997342
16,27,9,5,0,5,2026-07-30T16:05:14.057103
16,27,10,5,0,5,2026-07-30T16:05:15.116190
16,28,1,5,0,5,2026-07-30T16:05:16.198714
16,28,2,5,0,5,2026-07-30T16:05:17.868050
16,28,3,0,0,0,2026-07-30T16:05:20.891283
16,28,4,5,0,5,2026-07-30T16:05:22.158382
16,28,5,5,0,5,2026-07-30T16:05:23.207398
16,28,6,5,0,5,2026-07-30T16:05:24.868421
16,28,7,5,0,5,2026-07-30T16:05:26.120180
16,28,8,5,0,5,2026-07-30T16:05:27.387925
16,28,9,5,0,5,2026-07-30T16:05:28.846587
16,28,10,5,0,5,2026-07-30T16:05:30.544819
16,29,1,5,0,5,2026-07-30T16:05:31.599887
16,29,2,5,0,5,2026-07-30T16:05:33.462881
16,29,3,5,0,5,2026-07-30T16:05:34.938185
16,29,4,5,0,5,2026-07-30T16:05:36.599790
16,29,5,5,0,5,2026-07-30T16:05:37.857970
16,29,6,5,0,5,2026-07-30T16:05:39.510729
16,29,7,5,0,5,2026-07-30T16:05:40.952667
16,29,8,5,0,5,2026-07-30T16:05:42.014563
16,29,9,5,0,5,2026-07-30T16:05:43.883427
16,29,10,5,0,5,2026-07-30T16:05:45.350339
16,30,1,5,0,5,2026-07-30T16:05:47.217103
16,30,2,5,0,5,2026-07-30T16:05:49.054471
16,30,3,5,0,5,2026-07-30T16:05:50.297749
16,30,4,5,0,5,2026-07-30T16:05:51.947187
16,30,5,0,0,0,2026-07-30T16:05:53.816957
16,30,6,5,0,5,2026-07-30T16:05:55.472415
16,30,7,5,0,5,2026-07-30T16:05:56.916610
16,30,8,5,0,5,2026-07-30T16:05:58.568245
16,30,9,5,0,5,2026-07-30T16:05:59.822580
16,30,10,3,0,3,2026-07-30T16:06:01.675911
17,1,1,5,0,5,2026-07-30T16:06:02.957784
17,1,2,5,0,5,2026-07-30T16:06:04.010031
17,1,3,5,0,5,2026-07-30T16:06:05.656779
17,1,4,5,0,5,2026-07-30T16:06:07.124253
17,1,5,5,0,5,2026-07-30T16:06:08.175553
17,1,6,5,0,5,2026-07-30T16:06:09.232706
17,1,7,5,0,5,2026-07-30T16:06:10.907152
17,1,8,5,0,5,2026-07-30T16:06:12.143433
17,1,9,5,0,5,2026-07-30T16:06:14.030555
17,1,10,5,0,5,2026-07-30T16:06:15.267800
17,2,1,5,0,5,2026-07-30T16:06:16.338836
17,2,2,5,0,5,2026-07-30T16:06:17.590919
17,2,3,5,0,5,2026-07-30T16:06:19.461896
17,2,4,5,0,5,2026-07-30T16:06:21.152070
17,2,5,5,0,5,2026-07-30T16:06:22.601186
17,2,6,5,0,5,2026-07-30T16:06:24.259224
17,2,7,5,0,5,2026-07-30T16:06:25.306162
17,2,8,5,0,5,2026-07-30T16:06:26.556524
17,2,9,5,0,5,2026-07-30T16:06:28.444170
17,2,10,5,0,5,2026-07-30T16:06:30.086936
17,3,1,0,0,0,2026-07-30T16:06:31.559132
17,3,2,0,0,0,2026-07-30T16:06:33.441845
17,3,3,0,0,0,2026-07-30T16:06:34.489876
17,3,4,0,0,0,2026-07-30T16:06:35.770927
17,3,5,0,0,0,2026-07-30T16:06:37.628100
17,3,6,0,0,0,2026-07-30T16:06:39.149449
17,3,7,0,0,0,2026-07-30T16:06:41.028117
17,3,8,0,0,0,2026-07-30T16:06:42.115543
17,3,9,5,0,5,2026-07-30T16:06:43.348092
17,3,10,0,0,0,2026-07-30T16:06:44.984330
17,4,1,3,0,3,2026-07-30T16:06:46.048395
17,4,2,3,0,3,2026-07-30T16:06:47.705206
17,4,3,3,0,3,2026-07-30T16:06:49.560478
17,4,4,2,0,2,2026-07-30T16:06:51.031817
17,4,5,2,0,2,2026-07-30T16:06:52.084740
17,4,6,5,0,5,2026-07-30T16:06:53.937816
17,4,7,3,0,3,2026-07-30T16:06:55.579203
17,4,8,0,0,0,2026-07-30T16:06:57.242370
17,4,9,2,0,2,2026-07-30T16:06:58.706835
17,4,10,3,0,3,2026-07-30T16:06:59.953060
17,5,1,5,0,5,2026-07-30T16:07:01.002233
17,5,2,5,0,5,2026-07-30T16:07:02.649531
17,5,3,0,0,0,2026-07-30T16:07:03.693103
17,5,4,5,0,5,2026-07-30T16:07:05.153742
17,5,5,5,0,5,2026-07-30T16:07:06.402883
17,5,6,0,0,0,2026-07-30T16:07:08.063063
17,5,7,5,0,5,2026-07-30T16:07:09.320332
17,5,8,5,0,5,2026-07-30T16:07:10.559741
17,5,9,5,0,5,2026-07-30T16:07:12.240562
17,5,10,5,0,5,2026-07-30T16:07:13.080398
17,6,1,5,0,5,2026-07-30T16:07:14.741079
17,6,2,5,0,5,2026-07-30T16:07:16.581032
17,6,3,5,0,5,2026-07-30T16:07:18.222425
17,6,4,5,0,5,2026-07-30T16:07:19.905831
17,6,5,5,0,5,2026-07-30T16:07:20.950231
17,6,6,5,0,5,2026-07-30T16:07:22.637560
17,6,7,5,0,5,2026-07-30T16:07:24.094249
17,6,8,5,0,5,2026-07-30T16:07:25.745443
17,6,9,5,0,5,2026-07-30T16:07:26.810720
17,6,10,5,0,5,2026-07-30T16:07:28.446669
17,7,1,5,0,5,2026-07-30T16:07:30.106994
17,7,2,5,0,5,2026-07-30T16:07:31.973472
17,7,3,5,0,5,2026-07-30T16:07:33.834737
17,7,4,5,0,5,2026-07-30T16:07:35.686850
17,7,5,5,0,5,2026-07-30T16:07:36.736611
17,7,6,5,0,5,2026-07-30T16:07:38.402494
17,7,7,5,0,5,2026-07-30T16:07:40.073761
17,7,8,5,0,5,2026-07-30T16:07:41.546484
17,7,9,5,0,5,2026-07-30T16:07:46.467848
17,7,10,5,0,5,2026-07-30T16:07:47.762194
17,8,1,5,0,5,2026-07-30T16:07:49.213778
17,8,2,5,0,5,2026-07-30T16:07:50.856649
17,8,3,5,0,5,2026-07-30T16:07:51.914563
17,8,4,5,0,5,2026-07-30T16:07:53.162577
17,8,5,5,0,5,2026-07-30T16:07:54.209843
17,8,6,5,0,5,2026-07-30T16:07:55.673301
17,8,7,5,0,5,2026-07-30T16:07:56.923651
17,8,8,5,0,5,2026-07-30T16:07:58.199011
17,8,9,5,0,5,2026-07-30T16:07:59.652186
17,8,10,5,0,5,2026-07-30T16:08:00.910901
17,9,1,0,0,0,2026-07-30T16:08:02.773640
17,9,2,2,0,2,2026-07-30T16:08:03.824645
17,9,3,0,0,0,2026-07-30T16:08:04.880836
17,9,4,0,0,0,2026-07-30T16:08:06.339702
17,9,5,0,0,0,2026-07-30T16:08:07.570505
17,9,6,0,0,0,2026-07-30T16:08:09.431044
17,9,7,0,0,0,2026-07-30T16:08:10.696478
17,9,8,0,0,0,2026-07-30T16:08:11.732870
17,9,9,0,0,0,2026-07-30T16:08:13.178902
17,9,10,0,0,0,2026-07-30T16:08:14.448077
17,10,1,3,0,3,2026-07-30T16:08:16.303193
17,10,2,5,0,5,2026-07-30T16:08:17.542777
17,10,3,5,0,5,2026-07-30T16:08:18.787756
17,10,4,5,0,5,2026-07-30T16:08:20.647766
17,10,5,5,0,5,2026-07-30T16:08:21.700466
17,10,6,2,0,2,2026-07-30T16:08:22.947330
17,10,7,5,0,5,2026-07-30T16:08:24.802592
17,10,8,5,0,5,2026-07-30T16:08:26.471151
17,10,9,5,0,5,2026-07-30T16:08:27.518386
17,10,10,5,0,5,2026-07-30T16:08:29.387952
17,11,1,5,0,5,2026-07-30T16:08:31.264785
17,11,2,5,0,5,2026-07-30T16:08:32.319170
17,11,3,5,0,5,2026-07-30T16:08:33.985526
17,11,4,5,0,5,2026-07-30T16:08:35.242533
17,11,5,5,0,5,2026-07-30T16:08:36.491224
17,11,6,5,0,5,2026-07-30T16:08:37.752224
17,11,7,5,0,5,2026-07-30T16:08:39.004713
17,11,8,5,0,5,2026-07-30T16:08:40.061956
17,11,9,5,0,5,2026-07-30T16:08:41.522538
17,11,10,5,0,5,2026-07-30T16:08:42.572357
17,12,1,5,0,5,2026-07-30T16:08:44.640454
17,12,2,5,0,5,2026-07-30T16:08:46.306156
17,12,3,5,0,5,2026-07-30T16:08:47.360972
17,12,4,5,0,5,2026-07-30T16:08:48.497590
17,12,5,5,0,5,2026-07-30T16:08:50.154400
17,12,6,5,0,5,2026-07-30T16:08:52.000801
17,12,7,5,0,5,2026-07-30T16:08:53.049152
17,12,8,5,0,5,2026-07-30T16:08:54.528998
17,12,9,5,0,5,2026-07-30T16:08:55.798248
17,12,10,5,0,5,2026-07-30T16:08:57.264214
17,13,1,3,0,3,2026-07-30T16:08:58.311932
17,13,2,3,0,3,2026-07-30T16:09:00.366239
17,13,3,5,0,5,2026-07-30T16:09:01.623498
17,13,4,5,0,5,2026-07-30T16:09:02.669587
17,13,5,5,0,5,2026-07-30T16:09:04.547995
17,13,6,5,0,5,2026-07-30T16:09:05.582381
17,13,7,5,0,5,2026-07-30T16:09:07.454044
17,13,8,5,0,5,2026-07-30T16:09:08.553639
17,13,9,3,0,3,2026-07-30T16:09:10.424625
17,13,10,3,0,3,2026-07-30T16:09:12.109062
17,14,1,5,0,5,2026-07-30T16:09:13.384287
17,14,2,5,0,5,2026-07-30T16:09:15.041804
17,14,3,5,0,5,2026-07-30T16:09:16.497693
17,14,4,5,0,5,2026-07-30T16:09:17.777026
17,14,5,5,0,5,2026-07-30T16:09:19.107425
17,14,6,5,0,5,2026-07-30T16:09:20.357024
17,14,7,5,0,5,2026-07-30T16:09:21.626077
17,14,8,5,0,5,2026-07-30T16:09:22.913356
17,14,9,3,0,3,2026-07-30T16:09:24.557113
17,14,10,5,0,5,2026-07-30T16:09:26.475412
17,15,1,5,0,5,2026-07-30T16:09:27.935523
17,15,2,5,0,5,2026-07-30T16:09:28.994250
17,15,3,5,0,5,2026-07-30T16:09:30.667584
17,15,4,5,0,5,2026-07-30T16:09:32.328106
17,15,5,5,0,5,2026-07-30T16:09:33.389076
17,15,6,5,0,5,2026-07-30T16:09:35.283081
17,15,7,5,0,5,2026-07-30T16:09:36.539116
17,15,8,5,0,5,2026-07-30T16:09:37.806759
17,15,9,5,0,5,2026-07-30T16:09:39.055173
17,15,10,5,0,5,2026-07-30T16:09:40.328100
17,16,1,5,0,5,2026-07-30T16:09:41.360975
17,16,2,5,0,5,2026-07-30T16:09:42.810315
17,16,3,5,0,5,2026-07-30T16:09:44.667874
17,16,4,5,0,5,2026-07-30T16:09:45.908309
17,16,5,5,0,5,2026-07-30T16:09:47.554871
17,16,6,5,0,5,2026-07-30T16:09:49.008739
17,16,7,5,0,5,2026-07-30T16:09:50.532156
17,16,8,5,0,5,2026-07-30T16:09:53.276269
17,16,9,5,0,5,2026-07-30T16:09:54.950319
17,16,10,5,0,5,2026-07-30T16:09:55.976613
17,17,1,5,0,5,2026-07-30T16:09:57.441664
17,17,2,5,0,5,2026-07-30T16:09:58.505302
17,17,3,5,0,5,2026-07-30T16:10:00.159123
17,17,4,5,0,5,2026-07-30T16:10:01.417772
17,17,5,5,0,5,2026-07-30T16:10:03.291558
17,17,6,5,0,5,2026-07-30T16:10:04.555706
17,17,7,5,0,5,2026-07-30T16:10:06.018030
17,17,8,5,0,5,2026-07-30T16:10:07.474585
17,17,9,5,0,5,2026-07-30T16:10:09.339341
17,17,10,5,0,5,2026-07-30T16:10:10.604062
17,18,1,5,0,5,2026-07-30T16:10:11.853220
17,18,2,5,0,5,2026-07-30T16:10:12.919185
17,18,3,5,0,5,2026-07-30T16:10:14.814521
17,18,4,5,0,5,2026-07-30T16:10:16.080898
17,18,5,3,0,3,2026-07-30T16:10:17.339098
17,18,6,5,0,5,2026-07-30T16:10:18.799784
17,18,7,5,0,5,2026-07-30T16:10:20.460512
17,18,8,5,0,5,2026-07-30T16:10:21.693551
17,18,9,5,0,5,2026-07-30T16:10:22.745841
17,18,10,3,0,3,2026-07-30T16:10:24.216394
17,19,1,5,0,5,2026-07-30T16:10:26.126354
17,19,2,5,0,5,2026-07-30T16:10:27.804459
17,19,3,5,0,5,2026-07-30T16:10:29.259341
17,19,4,5,0,5,2026-07-30T16:10:31.135828
17,19,5,5,0,5,2026-07-30T16:10:32.385472
17,19,6,5,0,5,2026-07-30T16:10:34.030637
17,19,7,4,0,4,2026-07-30T16:10:35.896907
17,19,8,5,0,5,2026-07-30T16:10:37.132598
17,19,9,5,0,5,2026-07-30T16:10:38.793262
17,19,10,5,0,5,2026-07-30T16:10:40.266815
17,20,1,5,0,5,2026-07-30T16:10:42.123890
17,20,2,5,0,5,2026-07-30T16:10:43.380997
17,20,3,5,0,5,2026-07-30T16:10:44.824838
17,20,4,5,0,5,2026-07-30T16:10:46.284621
17,20,5,5,0,5,2026-07-30T16:10:47.551003
17,20,6,5,0,5,2026-07-30T16:10:48.618053
17,20,7,5,0,5,2026-07-30T16:10:50.297759
17,20,8,5,0,5,2026-07-30T16:10:52.356383
17,20,9,5,0,5,2026-07-30T16:10:54.248554
17,20,10,5,0,5,2026-07-30T16:10:55.506219
17,21,1,5,0,5,2026-07-30T16:10:56.547789
17,21,2,5,0,5,2026-07-30T16:10:57.821666
17,21,3,5,0,5,2026-07-30T16:10:59.301959
17,21,4,5,0,5,2026-07-30T16:11:00.785890
17,21,5,5,0,5,2026-07-30T16:11:02.473419
17,21,6,5,0,5,2026-07-30T16:11:04.126433
17,21,7,5,0,5,2026-07-30T16:11:05.360723
17,21,8,5,0,5,2026-07-30T16:11:07.245804
17,21,9,5,0,5,2026-07-30T16:11:08.288499
17,21,10,5,0,5,2026-07-30T16:11:10.009476
17,22,1,5,0,5,2026-07-30T16:11:11.469206
17,22,2,5,0,5,2026-07-30T16:11:13.355952
17,22,3,5,0,5,2026-07-30T16:11:14.818581
17,22,4,5,0,5,2026-07-30T16:11:16.496342
17,22,5,5,0,5,2026-07-30T16:11:18.206650
17,22,6,5,0,5,2026-07-30T16:11:19.878036
17,22,7,5,0,5,2026-07-30T16:11:21.762041
17,22,8,5,0,5,2026-07-30T16:11:23.226101
17,22,9,5,0,5,2026-07-30T16:11:24.675966
17,22,10,5,0,5,2026-07-30T16:11:26.970267
17,23,1,5,0,5,2026-07-30T16:11:29.053666
17,23,2,5,0,5,2026-07-30T16:11:31.295442
17,23,3,5,0,5,2026-07-30T16:12:00.291350
17,23,4,5,0,5,2026-07-30T16:12:01.726312
17,23,5,5,0,5,2026-07-30T16:12:02.978245
17,23,6,5,0,5,2026-07-30T16:12:04.436963
17,23,7,5,0,5,2026-07-30T16:12:06.303838
17,23,8,5,0,5,2026-07-30T16:12:11.279652
17,23,9,5,0,5,2026-07-30T16:12:14.813014
17,23,10,5,0,5,2026-07-30T16:12:16.521276
17,24,1,5,0,5,2026-07-30T16:12:24.789540
17,24,2,0,0,0,2026-07-30T16:12:39.997939
17,24,3,5,0,5,2026-07-30T16:12:41.041660
17,24,4,0,0,0,2026-07-30T16:12:43.783932
17,24,5,5,0,5,2026-07-30T16:12:46.701195
17,24,6,5,0,5,2026-07-30T16:12:51.926767
17,24,7,0,0,0,2026-07-30T16:12:54.047977
17,24,8,5,0,5,2026-07-30T16:12:57.507916
17,24,9,5,0,5,2026-07-30T16:13:04.350153
17,24,10,0,0,0,2026-07-30T16:13:07.123409
17,25,1,5,0,5,2026-07-30T16:13:09.408287
17,25,2,5,0,5,2026-07-30T16:13:11.392689
17,25,3,2,0,2,2026-07-30T16:13:14.258866
17,25,4,3,0,3,2026-07-30T16:13:23.634800
17,25,5,3,0,3,2026-07-30T16:13:25.184910
17,25,6,0,0,0,2026-07-30T16:13:27.229652
17,25,7,3,0,3,2026-07-30T16:13:29.766189
17,25,8,2,0,2,2026-07-30T16:13:31.891837
17,25,9,0,0,0,2026-07-30T16:13:32.958405
17,25,10,5,0,5,2026-07-30T16:13:34.918562
17,26,1,5,0,5,2026-07-30T16:13:36.627912
17,26,2,5,0,5,2026-07-30T16:13:37.536096
17,26,3,5,0,5,2026-07-30T16:13:38.661470
17,26,4,5,0,5,2026-07-30T16:13:39.983536
17,26,5,5,0,5,2026-07-30T16:13:41.844706
17,26,6,5,0,5,2026-07-30T16:13:44.519177
17,26,7,5,0,5,2026-07-30T16:13:47.358875
17,26,8,5,0,5,2026-07-30T16:13:49.139763
17,26,9,5,0,5,2026-07-30T16:13:51.275934
17,26,10,5,0,5,2026-07-30T16:13:52.340398
17,27,1,5,0,5,2026-07-30T16:13:54.311066
17,27,2,5,0,5,2026-07-30T16:13:57.377792
17,27,3,5,0,5,2026-07-30T16:13:59.104764
17,27,4,5,0,5,2026-07-30T16:14:01.676985
17,27,5,5,0,5,2026-07-30T16:14:03.685586
17,27,6,5,0,5,2026-07-30T16:14:04.722527
17,27,7,5,0,5,2026-07-30T16:14:06.642825
17,27,8,5,0,5,2026-07-30T16:14:13.517128
17,27,9,5,0,5,2026-07-30T16:14:15.184152
17,27,10,5,0,5,2026-07-30T16:14:17.728699
17,28,1,5,0,5,2026-07-30T16:14:19.466217
17,28,2,4,0,4,2026-07-30T16:14:22.002182
17,28,3,4,0,4,2026-07-30T16:14:26.596923
17,28,4,4,0,4,2026-07-30T16:14:28.469196
17,28,5,5,0,5,2026-07-30T16:14:29.760620
17,28,6,5,0,5,2026-07-30T16:14:32.735269
17,28,7,4,0,4,2026-07-30T16:14:33.777442
17,28,8,4,0,4,2026-07-30T16:14:37.613287
17,28,9,4,0,4,2026-07-30T16:14:39.248910
17,28,10,4,0,4,2026-07-30T16:14:41.034651
17,29,1,5,0,5,2026-07-30T16:14:42.095088
17,29,2,5,0,5,2026-07-30T16:14:43.626403
17,29,3,5,0,5,2026-07-30T16:14:46.284504
17,29,4,5,0,5,2026-07-30T16:14:48.633277
17,29,5,5,0,5,2026-07-30T16:14:50.760238
17,29,6,5,0,5,2026-07-30T16:14:52.735049
17,29,7,5,0,5,2026-07-30T16:14:53.971815
17,29,8,5,0,5,2026-07-30T16:14:55.889527
17,29,9,3,0,3,2026-07-30T16:15:00.068590
17,29,10,5,0,5,2026-07-30T16:15:01.811344
17,30,1,5,0,5,2026-07-30T16:15:03.105221
17,30,2,5,0,5,2026-07-30T16:15:05.095789
17,30,3,5,0,5,2026-07-30T16:15:06.615221
17,30,4,5,0,5,2026-07-30T16:15:08.271760
17,30,5,5,0,5,2026-07-30T16:15:10.207396
17,30,6,5,0,5,2026-07-30T16:15:11.742943
17,30,7,5,0,5,2026-07-30T16:15:13.252189
17,30,8,5,0,5,2026-07-30T16:15:15.192517
17,30,9,5,0,5,2026-07-30T16:15:16.989335
17,30,10,5,0,5,2026-07-30T16:15:18.731732
18,1,1,5,0,5,2026-07-30T16:15:20.886930
18,1,2,5,0,5,2026-07-30T16:15:22.826145
18,1,3,5,0,5,2026-07-30T16:15:24.095629
18,1,4,5,0,5,2026-07-30T16:15:26.374412
18,1,5,5,0,5,2026-07-30T16:15:28.261197
18,1,6,5,0,5,2026-07-30T16:15:29.385052
18,1,7,5,0,5,2026-07-30T16:15:30.905205
18,1,8,5,0,5,2026-07-30T16:15:33.963572
18,1,9,5,0,5,2026-07-30T16:15:35.635882
18,1,10,5,0,5,2026-07-30T16:15:37.555306
18,2,1,5,0,5,2026-07-30T16:15:39.057466
18,2,2,5,0,5,2026-07-30T16:15:41.695162
18,2,3,5,0,5,2026-07-30T16:15:42.828800
18,2,4,5,0,5,2026-07-30T16:15:45.642508
18,2,5,5,0,5,2026-07-30T16:15:47.069667
18,2,6,5,0,5,2026-07-30T16:15:48.380205
18,2,7,5,0,5,2026-07-30T16:15:49.848752
18,2,8,5,0,5,2026-07-30T16:15:51.088141
18,2,9,5,0,5,2026-07-30T16:15:52.818962
18,2,10,5,0,5,2026-07-30T16:15:53.870594
18,3,1,5,0,5,2026-07-30T16:15:54.992979
18,3,2,5,0,5,2026-07-30T16:15:57.437175
18,3,3,5,0,5,2026-07-30T16:15:58.965251
18,3,4,5,0,5,2026-07-30T16:16:02.466638
18,3,5,5,0,5,2026-07-30T16:16:04.484103
18,3,6,5,0,5,2026-07-30T16:16:06.213270
18,3,7,5,0,5,2026-07-30T16:16:07.927873
18,3,8,5,0,5,2026-07-30T16:16:09.863751
18,3,9,5,0,5,2026-07-30T16:16:11.970021
18,3,10,5,0,5,2026-07-30T16:16:13.285354
18,4,1,5,0,5,2026-07-30T16:16:14.356283
18,4,2,5,0,5,2026-07-30T16:16:16.291344
18,4,3,3,0,3,2026-07-30T16:16:18.414734
18,4,4,5,0,5,2026-07-30T16:16:20.317627
18,4,5,5,0,5,2026-07-30T16:16:22.104837
18,4,6,5,0,5,2026-07-30T16:16:24.222057
18,4,7,5,0,5,2026-07-30T16:16:26.059201
18,4,8,5,0,5,2026-07-30T16:16:28.311873
18,4,9,5,0,5,2026-07-30T16:16:29.825445
18,4,10,5,0,5,2026-07-30T16:16:31.383609
18,5,1,5,0,5,2026-07-30T16:16:32.894895
18,5,2,5,0,5,2026-07-30T16:16:34.832422
18,5,3,0,0,0,2026-07-30T16:16:39.646654
18,5,4,5,0,5,2026-07-30T16:16:41.295950
18,5,5,5,0,5,2026-07-30T16:16:43.233825
18,5,6,0,0,0,2026-07-30T16:16:45.132468
18,5,7,0,0,0,2026-07-30T16:16:46.504543
18,5,8,5,0,5,2026-07-30T16:16:47.597405
18,5,9,5,0,5,2026-07-30T16:16:50.796133
18,5,10,5,0,5,2026-07-30T16:16:52.270765
18,6,1,5,0,5,2026-07-30T16:16:56.360494
18,6,2,5,0,5,2026-07-30T16:16:58.217506
18,6,3,5,0,5,2026-07-30T16:17:01.726009
18,6,4,5,0,5,2026-07-30T16:17:04.549438
18,6,5,5,0,5,2026-07-30T16:17:06.689095
18,6,6,5,0,5,2026-07-30T16:17:08.002021
18,6,7,5,0,5,2026-07-30T16:17:11.785311
18,6,8,5,0,5,2026-07-30T16:17:13.485482
18,6,9,5,0,5,2026-07-30T16:17:15.331055
18,6,10,5,0,5,2026-07-30T16:17:16.641220
18,7,1,5,0,5,2026-07-30T16:17:17.952523
18,7,2,5,0,5,2026-07-30T16:17:18.990908
18,7,3,5,0,5,2026-07-30T16:17:20.312212
18,7,4,5,0,5,2026-07-30T16:17:23.557081
18,7,5,5,0,5,2026-07-30T16:17:25.199720
18,7,6,5,0,5,2026-07-30T16:17:26.694655
18,7,7,5,0,5,2026-07-30T16:17:28.593166
18,7,8,5,0,5,2026-07-30T16:17:30.528516
18,7,9,5,0,5,2026-07-30T16:17:32.400546
18,7,10,5,0,5,2026-07-30T16:17:35.464400
18,8,1,5,0,5,2026-07-30T16:17:37.380114
18,8,2,5,0,5,2026-07-30T16:17:38.698514
18,8,3,5,0,5,2026-07-30T16:17:41.048691
18,8,4,5,0,5,2026-07-30T16:17:43.591048
18,8,5,5,0,5,2026-07-30T16:17:44.718630
18,8,6,5,0,5,2026-07-30T16:17:47.497195
18,8,7,5,0,5,2026-07-30T16:17:49.706764
18,8,8,5,0,5,2026-07-30T16:17:51.555802
18,8,9,5,0,5,2026-07-30T16:17:55.554291
18,8,10,5,0,5,2026-07-30T16:17:56.794523
18,9,1,0,0,0,2026-07-30T16:17:59.046186
18,9,2,0,0,0,2026-07-30T16:18:05.354236
18,9,3,0,0,0,2026-07-30T16:18:07.143716
18,9,4,0,0,0,2026-07-30T16:18:09.370099
18,9,5,0,0,0,2026-07-30T16:18:11.221106
18,9,6,0,0,0,2026-07-30T16:18:12.999756
18,9,7,0,0,0,2026-07-30T16:18:15.124432
18,9,8,0,0,0,2026-07-30T16:18:16.155487
18,9,9,0,0,0,2026-07-30T16:18:17.825763
18,9,10,0,0,0,2026-07-30T16:18:20.451396
18,10,1,5,0,5,2026-07-30T16:18:22.303111
18,10,2,5,0,5,2026-07-30T16:18:25.081817
18,10,3,5,0,5,2026-07-30T16:18:26.337783
18,10,4,5,0,5,2026-07-30T16:18:28.730701
18,10,5,5,0,5,2026-07-30T16:18:31.929299
18,10,6,5,0,5,2026-07-30T16:18:33.418502
18,10,7,5,0,5,2026-07-30T16:18:34.879780
18,10,8,5,0,5,2026-07-30T16:18:38.759476
18,10,9,5,0,5,2026-07-30T16:18:40.487213
18,10,10,5,0,5,2026-07-30T16:18:41.600059
18,11,1,5,0,5,2026-07-30T16:18:43.338073
18,11,2,5,0,5,2026-07-30T16:18:47.523709
18,11,3,5,0,5,2026-07-30T16:18:49.056407
18,11,4,5,0,5,2026-07-30T16:18:50.722885
18,11,5,5,0,5,2026-07-30T16:18:51.834236
18,11,6,5,0,5,2026-07-30T16:18:53.543437
18,11,7,5,0,5,2026-07-30T16:18:55.099146
18,11,8,5,0,5,2026-07-30T16:18:56.671133
18,11,9,5,0,5,2026-07-30T16:18:59.825896
18,11,10,5,0,5,2026-07-30T16:19:01.151626
18,12,1,5,0,5,2026-07-30T16:19:05.296765
18,12,2,5,0,5,2026-07-30T16:19:08.903979
18,12,3,5,0,5,2026-07-30T16:19:10.442607
18,12,4,5,0,5,2026-07-30T16:19:12.101478
18,12,5,5,0,5,2026-07-30T16:19:14.032821
18,12,6,5,0,5,2026-07-30T16:19:15.807484
18,12,7,5,0,5,2026-07-30T16:19:17.534135
18,12,8,5,0,5,2026-07-30T16:19:19.246942
18,12,9,5,0,5,2026-07-30T16:19:21.418214
18,12,10,5,0,5,2026-07-30T16:19:24.024688
18,13,1,5,0,5,2026-07-30T16:19:25.521124
18,13,2,5,0,5,2026-07-30T16:19:26.593451
18,13,3,5,0,5,2026-07-30T16:19:27.658269
18,13,4,5,0,5,2026-07-30T16:19:29.514807
18,13,5,5,0,5,2026-07-30T16:19:30.971141
18,13,6,5,0,5,2026-07-30T16:19:33.991577
18,13,7,5,0,5,2026-07-30T16:19:35.893509
18,13,8,5,0,5,2026-07-30T16:19:37.456536
18,13,9,5,0,5,2026-07-30T16:19:40.027190
18,13,10,5,0,5,2026-07-30T16:19:41.748918
18,14,1,5,0,5,2026-07-30T16:19:43.465488
18,14,2,5,0,5,2026-07-30T16:19:45.325564
18,14,3,5,0,5,2026-07-30T16:19:47.050249
18,14,4,5,0,5,2026-07-30T16:19:48.552756
18,14,5,5,0,5,2026-07-30T16:19:50.460210
18,14,6,5,0,5,2026-07-30T16:19:52.393459
18,14,7,5,0,5,2026-07-30T16:19:54.324259
18,14,8,5,0,5,2026-07-30T16:19:56.447551
18,14,9,5,0,5,2026-07-30T16:19:58.486469
18,14,10,5,0,5,2026-07-30T16:20:00.588560
18,15,1,5,0,5,2026-07-30T16:20:02.102254
18,15,2,5,0,5,2026-07-30T16:20:03.601987
18,15,3,5,0,5,2026-07-30T16:20:05.053395
18,15,4,5,0,5,2026-07-30T16:20:06.969900
18,15,5,5,0,5,2026-07-30T16:20:09.087539
18,15,6,5,0,5,2026-07-30T16:20:11.302981
18,15,7,5,0,5,2026-07-30T16:20:13.880696
18,15,8,5,0,5,2026-07-30T16:20:14.937864
18,15,9,5,0,5,2026-07-30T16:20:17.848475
18,15,10,5,0,5,2026-07-30T16:20:19.157761
18,16,1,5,0,5,2026-07-30T16:20:21.020601
18,16,2,5,0,5,2026-07-30T16:20:22.342523
18,16,3,5,0,5,2026-07-30T16:20:25.777196
18,16,4,5,0,5,2026-07-30T16:20:27.489437
18,16,5,5,0,5,2026-07-30T16:20:29.144739
18,16,6,5,0,5,2026-07-30T16:20:30.636357
18,16,7,5,0,5,2026-07-30T16:20:32.742103
18,16,8,5,0,5,2026-07-30T16:20:34.257288
18,16,9,5,0,5,2026-07-30T16:20:36.804960
18,16,10,5,0,5,2026-07-30T16:20:38.254019
18,17,1,5,0,5,2026-07-30T16:20:42.296737
18,17,2,5,0,5,2026-07-30T16:20:43.646318
18,17,3,5,0,5,2026-07-30T16:20:45.220163
18,17,4,5,0,5,2026-07-30T16:20:48.637134
18,17,5,5,0,5,2026-07-30T16:20:49.743360
18,17,6,5,0,5,2026-07-30T16:20:52.914118
18,17,7,5,0,5,2026-07-30T16:20:53.973040
18,17,8,5,0,5,2026-07-30T16:20:56.114849
18,17,9,5,0,5,2026-07-30T16:20:58.700989
18,17,10,5,0,5,2026-07-30T16:21:00.550496
18,18,1,5,0,5,2026-07-30T16:21:04.251451
18,18,2,5,0,5,2026-07-30T16:21:06.209068
18,18,3,5,0,5,2026-07-30T16:21:08.414796
18,18,4,5,0,5,2026-07-30T16:21:09.712243
18,18,5,5,0,5,2026-07-30T16:21:10.976344
18,18,6,5,0,5,2026-07-30T16:21:12.499766
18,18,7,5,0,5,2026-07-30T16:21:13.600582
18,18,8,5,0,5,2026-07-30T16:21:15.420838
18,18,9,5,0,5,2026-07-30T16:21:18.966965
18,18,10,5,0,5,2026-07-30T16:21:20.187213
18,19,1,5,0,5,2026-07-30T16:21:22.102764
18,19,2,5,0,5,2026-07-30T16:21:24.656128
18,19,3,5,0,5,2026-07-30T16:21:26.584442
18,19,4,5,0,5,2026-07-30T16:21:28.789190
18,19,5,5,0,5,2026-07-30T16:21:30.514181
18,19,6,5,0,5,2026-07-30T16:21:32.031504
18,19,7,5,0,5,2026-07-30T16:21:34.979423
18,19,8,5,0,5,2026-07-30T16:21:38.301525
18,19,9,5,0,5,2026-07-30T16:21:39.355226
18,19,10,5,0,5,2026-07-30T16:21:40.199528
18,20,1,5,0,5,2026-07-30T16:21:41.640197
18,20,2,5,0,5,2026-07-30T16:21:43.187353
18,20,3,5,0,5,2026-07-30T16:21:45.372608
18,20,4,5,0,5,2026-07-30T16:21:47.694331
18,20,5,5,0,5,2026-07-30T16:21:49.190371
18,20,6,5,0,5,2026-07-30T16:21:50.899107
18,20,7,5,0,5,2026-07-30T16:21:52.542542
18,20,8,5,0,5,2026-07-30T16:21:54.667003
18,20,9,5,0,5,2026-07-30T16:21:57.490205
18,20,10,5,0,5,2026-07-30T16:21:59.415301
18,21,1,5,0,5,2026-07-30T16:22:00.662058
18,21,2,5,0,5,2026-07-30T16:22:02.390541
18,21,3,5,0,5,2026-07-30T16:22:03.637374
18,21,4,5,0,5,2026-07-30T16:22:05.381959
18,21,5,5,0,5,2026-07-30T16:22:06.710991
18,21,6,5,0,5,2026-07-30T16:22:08.543252
18,21,7,5,0,5,2026-07-30T16:22:10.071263
18,21,8,5,0,5,2026-07-30T16:22:11.312254
18,21,9,5,0,5,2026-07-30T16:22:12.864610
18,21,10,5,0,5,2026-07-30T16:22:14.179560
18,22,1,5,0,5,2026-07-30T16:22:15.702791
18,22,2,5,0,5,2026-07-30T16:22:16.956040
18,22,3,5,0,5,2026-07-30T16:22:17.859271
18,22,4,5,0,5,2026-07-30T16:22:19.999786
18,22,5,5,0,5,2026-07-30T16:22:21.335192
18,22,6,5,0,5,2026-07-30T16:22:23.264894
18,22,7,5,0,5,2026-07-30T16:22:26.029092
18,22,8,5,0,5,2026-07-30T16:22:27.743637
18,22,9,5,0,5,2026-07-30T16:22:28.794794
18,22,10,5,0,5,2026-07-30T16:22:30.518060
18,23,1,5,0,5,2026-07-30T16:22:31.822853
18,23,2,5,0,5,2026-07-30T16:22:33.743014
18,23,3,5,0,5,2026-07-30T16:22:37.520285
18,23,4,5,0,5,2026-07-30T16:22:39.217032
18,23,5,5,0,5,2026-07-30T16:22:40.999592
18,23,6,5,0,5,2026-07-30T16:22:42.517161
18,23,7,5,0,5,2026-07-30T16:22:43.971713
18,23,8,5,0,5,2026-07-30T16:22:46.737513
18,23,9,5,0,5,2026-07-30T16:22:48.655764
18,23,10,5,0,5,2026-07-30T16:22:50.522294
18,24,1,0,0,0,2026-07-30T16:22:51.847024
18,24,2,5,0,5,2026-07-30T16:22:55.030993
18,24,3,5,0,5,2026-07-30T16:22:56.082937
18,24,4,5,0,5,2026-07-30T16:22:57.766518
18,24,5,5,0,5,2026-07-30T16:22:59.619681
18,24,6,5,0,5,2026-07-30T16:23:00.724787
18,24,7,5,0,5,2026-07-30T16:23:02.796490
18,24,8,5,0,5,2026-07-30T16:23:04.729832
18,24,9,5,0,5,2026-07-30T16:23:11.159774
18,24,10,5,0,5,2026-07-30T16:23:12.645331
18,25,1,5,0,5,2026-07-30T16:23:14.486869
18,25,2,5,0,5,2026-07-30T16:23:15.982862
18,25,3,5,0,5,2026-07-30T16:23:17.904165
18,25,4,5,0,5,2026-07-30T16:23:19.818325
18,25,5,3,0,3,2026-07-30T16:23:21.563942
18,25,6,5,0,5,2026-07-30T16:23:22.883679
18,25,7,5,0,5,2026-07-30T16:23:24.833963
18,25,8,5,0,5,2026-07-30T16:23:26.766647
18,25,9,5,0,5,2026-07-30T16:23:28.622173
18,25,10,5,0,5,2026-07-30T16:23:30.111622
18,26,1,5,0,5,2026-07-30T16:23:31.406249
18,26,2,5,0,5,2026-07-30T16:23:32.672778
18,26,3,5,0,5,2026-07-30T16:23:34.592788
18,26,4,5,0,5,2026-07-30T16:23:36.518247
18,26,5,5,0,5,2026-07-30T16:23:38.025612
18,26,6,5,0,5,2026-07-30T16:23:45.851408
18,26,7,5,0,5,2026-07-30T16:23:48.213977
18,26,8,5,0,5,2026-07-30T16:23:50.513302
18,26,9,5,0,5,2026-07-30T16:23:53.422911
18,26,10,5,0,5,2026-07-30T16:23:54.686196
18,27,1,5,0,5,2026-07-30T16:23:58.619893
18,27,2,5,0,5,2026-07-30T16:24:02.366519
18,27,3,5,0,5,2026-07-30T16:24:04.678849
18,27,4,5,0,5,2026-07-30T16:24:06.189473
18,27,5,5,0,5,2026-07-30T16:24:07.728722
18,27,6,5,0,5,2026-07-30T16:24:09.223524
18,27,7,5,0,5,2026-07-30T16:24:10.876454
18,27,8,5,0,5,2026-07-30T16:24:13.061455
18,27,9,5,0,5,2026-07-30T16:24:15.772324
18,27,10,5,0,5,2026-07-30T16:24:16.813092
18,28,1,5,0,5,2026-07-30T16:24:18.317610
18,28,2,5,0,5,2026-07-30T16:24:19.852349
18,28,3,5,0,5,2026-07-30T16:24:21.765114
18,28,4,5,0,5,2026-07-30T16:24:24.518155
18,28,5,5,0,5,2026-07-30T16:24:26.239636
18,28,6,5,0,5,2026-07-30T16:24:27.955706
18,28,7,5,0,5,2026-07-30T16:24:29.868677
18,28,8,5,0,5,2026-07-30T16:24:32.108723
18,28,9,5,0,5,2026-07-30T16:24:34.376682
18,28,10,5,0,5,2026-07-30T16:24:35.698791
18,29,1,5,0,5,2026-07-30T16:24:37.444608
18,29,2,5,0,5,2026-07-30T16:24:38.881434
18,29,3,5,0,5,2026-07-30T16:24:40.693561
18,29,4,5,0,5,2026-07-30T16:24:42.200319
18,29,5,5,0,5,2026-07-30T16:24:45.319854
18,29,6,5,0,5,2026-07-30T16:24:47.877191
18,29,7,5,0,5,2026-07-30T16:24:50.496195
18,29,8,5,0,5,2026-07-30T16:24:53.241579
18,29,9,5,0,5,2026-07-30T16:24:54.581285
18,29,10,5,0,5,2026-07-30T16:24:56.706318
18,30,1,5,0,5,2026-07-30T16:25:00.280316
18,30,2,5,0,5,2026-07-30T16:25:04.057268
18,30,3,5,0,5,2026-07-30T16:25:08.028096
18,30,4,5,0,5,2026-07-30T16:25:09.307278
18,30,5,5,0,5,2026-07-30T16:25:11.316246
18,30,6,5,0,5,2026-07-30T16:25:14.174788
18,30,7,5,0,5,2026-07-30T16:25:16.301537
18,30,8,5,0,5,2026-07-30T16:25:17.795968
18,30,9,5,0,5,2026-07-30T16:25:20.005216
18,30,10,5,0,5,2026-07-30T16:25:21.965960
19,1,1,5,0,5,2026-07-30T16:25:23.942906
19,1,2,5,0,5,2026-07-30T16:25:27.915220
19,1,3,5,0,5,2026-07-30T16:25:29.436269
19,1,4,5,0,5,2026-07-30T16:25:30.486349
19,1,5,5,0,5,2026-07-30T16:25:33.071015
19,1,6,5,0,5,2026-07-30T16:25:35.188659
19,1,7,5,0,5,2026-07-30T16:25:37.187625
19,1,8,5,0,5,2026-07-30T16:25:38.291727
19,1,9,5,0,5,2026-07-30T16:25:40.092024
19,1,10,5,0,5,2026-07-30T16:25:41.366744
19,2,1,5,0,5,2026-07-30T16:25:43.669554
19,2,2,5,0,5,2026-07-30T16:25:44.914279
19,2,3,5,0,5,2026-07-30T16:25:47.263657
19,2,4,5,0,5,2026-07-30T16:25:48.987827
19,2,5,5,0,5,2026-07-30T16:25:50.319573
19,2,6,5,0,5,2026-07-30T16:25:51.356328
19,2,7,5,0,5,2026-07-30T16:25:52.887503
19,2,8,5,0,5,2026-07-30T16:25:54.546882
19,2,9,5,0,5,2026-07-30T16:25:56.754666
19,2,10,5,0,5,2026-07-30T16:25:59.301075
19,3,1,5,0,5,2026-07-30T16:26:01.849632
19,3,2,5,0,5,2026-07-30T16:26:03.706302
19,3,3,5,0,5,2026-07-30T16:26:06.949825
19,3,4,5,0,5,2026-07-30T16:26:11.133464
19,3,5,5,0,5,2026-07-30T16:26:14.960539
19,3,6,5,0,5,2026-07-30T16:26:16.242069
19,3,7,5,0,5,2026-07-30T16:26:18.431453
19,3,8,5,0,5,2026-07-30T16:26:20.260513
19,3,9,5,0,5,2026-07-30T16:26:22.800093
19,3,10,5,0,5,2026-07-30T16:26:24.734426
19,4,1,5,0,5,2026-07-30T16:26:26.913624
19,4,2,5,0,5,2026-07-30T16:26:28.374205
19,4,3,5,0,5,2026-07-30T16:26:29.872002
19,4,4,0,0,0,2026-07-30T16:26:31.110498
19,4,5,5,0,5,2026-07-30T16:26:32.672589
19,4,6,5,0,5,2026-07-30T16:26:34.259755
19,4,7,5,0,5,2026-07-30T16:26:35.547087
19,4,8,5,0,5,2026-07-30T16:26:41.848937
19,4,9,5,0,5,2026-07-30T16:26:43.873121
19,4,10,5,0,5,2026-07-30T16:26:45.984927
19,5,1,5,0,5,2026-07-30T16:26:47.434797
19,5,2,4,0,4,2026-07-30T16:26:49.994936
19,5,3,5,0,5,2026-07-30T16:26:53.375594
19,5,4,5,0,5,2026-07-30T16:26:54.843062
19,5,5,5,0,5,2026-07-30T16:26:55.966393
19,5,6,5,0,5,2026-07-30T16:26:58.087935
19,5,7,5,0,5,2026-07-30T16:26:59.539185
19,5,8,5,0,5,2026-07-30T16:27:01.039269
19,5,9,5,0,5,2026-07-30T16:27:02.984680
19,5,10,5,0,5,2026-07-30T16:27:05.097930
19,6,1,5,0,5,2026-07-30T16:27:06.950898
19,6,2,5,0,5,2026-07-30T16:27:08.595983
19,6,3,5,0,5,2026-07-30T16:27:09.913605
19,6,4,5,0,5,2026-07-30T16:27:12.477263
19,6,5,5,0,5,2026-07-30T16:27:14.205882
19,6,6,5,0,5,2026-07-30T16:27:16.065284
19,6,7,5,0,5,2026-07-30T16:27:18.053254
19,6,8,5,0,5,2026-07-30T16:27:19.773859
19,6,9,5,0,5,2026-07-30T16:27:21.424588
19,6,10,5,0,5,2026-07-30T16:27:23.073451
19,7,1,5,0,5,2026-07-30T16:27:25.419004
19,7,2,5,0,5,2026-07-30T16:27:28.145708
19,7,3,5,0,5,2026-07-30T16:27:29.786226
19,7,4,5,0,5,2026-07-30T16:27:31.360125
19,7,5,5,0,5,2026-07-30T16:27:33.710822
19,7,6,5,0,5,2026-07-30T16:27:35.673736
19,7,7,5,0,5,2026-07-30T16:27:37.005377
19,7,8,5,0,5,2026-07-30T16:27:38.741088
19,7,9,5,0,5,2026-07-30T16:27:39.990256
19,7,10,5,0,5,2026-07-30T16:27:41.378606
19,8,1,5,0,5,2026-07-30T16:27:42.714441
19,8,2,5,0,5,2026-07-30T16:27:44.461078
19,8,3,5,0,5,2026-07-30T16:27:46.124068
19,8,4,5,0,5,2026-07-30T16:27:47.836165
19,8,5,5,0,5,2026-07-30T16:27:50.839104
19,8,6,5,0,5,2026-07-30T16:27:51.899476
19,8,7,5,0,5,2026-07-30T16:27:53.869044
19,8,8,5,0,5,2026-07-30T16:27:55.218234
19,8,9,5,0,5,2026-07-30T16:27:56.935643
19,8,10,5,0,5,2026-07-30T16:27:58.892257
19,9,1,4,0,4,2026-07-30T16:28:00.331679
19,9,2,5,0,5,2026-07-30T16:28:01.214554
19,9,3,4,0,4,2026-07-30T16:28:02.527275
19,9,4,5,0,5,2026-07-30T16:28:06.690789
19,9,5,5,0,5,2026-07-30T16:28:08.328873
19,9,6,5,0,5,2026-07-30T16:28:09.985706
19,9,7,5,0,5,2026-07-30T16:28:13.107242
19,9,8,5,0,5,2026-07-30T16:28:14.191518
19,9,9,5,0,5,2026-07-30T16:28:16.645733
19,9,10,5,0,5,2026-07-30T16:28:18.171771
19,10,1,5,0,5,2026-07-30T16:28:20.133762
19,10,2,5,0,5,2026-07-30T16:28:21.807340
19,10,3,5,0,5,2026-07-30T16:28:23.496910
19,10,4,5,0,5,2026-07-30T16:28:24.960325
19,10,5,5,0,5,2026-07-30T16:28:27.046164
19,10,6,5,0,5,2026-07-30T16:28:29.104994
19,10,7,5,0,5,2026-07-30T16:28:31.044601
19,10,8,5,0,5,2026-07-30T16:28:32.936617
19,10,9,5,0,5,2026-07-30T16:28:35.807326
19,10,10,5,0,5,2026-07-30T16:28:39.275244
19,11,1,5,0,5,2026-07-30T16:28:40.996455
19,11,2,5,0,5,2026-07-30T16:28:42.808331
19,11,3,5,0,5,2026-07-30T16:28:45.619992
19,11,4,5,0,5,2026-07-30T16:28:46.972819
19,11,5,5,0,5,2026-07-30T16:28:48.457502
19,11,6,5,0,5,2026-07-30T16:28:50.143242
19,11,7,5,0,5,2026-07-30T16:28:51.191982
19,11,8,5,0,5,2026-07-30T16:28:53.027739
19,11,9,5,0,5,2026-07-30T16:28:54.162179
19,11,10,5,0,5,2026-07-30T16:28:55.438784
19,12,1,5,0,5,2026-07-30T16:28:56.918378
19,12,2,5,0,5,2026-07-30T16:28:59.005313
19,12,3,5,0,5,2026-07-30T16:29:00.260095
19,12,4,5,0,5,2026-07-30T16:29:01.354206
19,12,5,5,0,5,2026-07-30T16:29:03.262822
19,12,6,5,0,5,2026-07-30T16:29:05.004521
19,12,7,5,0,5,2026-07-30T16:29:07.559182
19,12,8,5,0,5,2026-07-30T16:29:09.909112
19,12,9,5,0,5,2026-07-30T16:29:11.761608
19,12,10,5,0,5,2026-07-30T16:29:13.084520
19,13,1,5,0,5,2026-07-30T16:29:15.208749
19,13,2,5,0,5,2026-07-30T16:29:17.299264
19,13,3,5,0,5,2026-07-30T16:29:19.469718
19,13,4,5,0,5,2026-07-30T16:29:20.709257
19,13,5,5,0,5,2026-07-30T16:29:22.010713
19,13,6,5,0,5,2026-07-30T16:29:23.882461
19,13,7,5,0,5,2026-07-30T16:29:25.413701
19,13,8,5,0,5,2026-07-30T16:29:26.930814
19,13,9,5,0,5,2026-07-30T16:29:28.207761
19,13,10,5,0,5,2026-07-30T16:29:30.457052
19,14,1,5,0,5,2026-07-30T16:29:31.728103
19,14,2,5,0,5,2026-07-30T16:29:33.194199
19,14,3,5,0,5,2026-07-30T16:29:35.996525
19,14,4,5,0,5,2026-07-30T16:29:37.436835
19,14,5,5,0,5,2026-07-30T16:29:38.683369
19,14,6,5,0,5,2026-07-30T16:29:39.918037
19,14,7,5,0,5,2026-07-30T16:29:41.651820
19,14,8,5,0,5,2026-07-30T16:29:43.523658
19,14,9,5,0,5,2026-07-30T16:29:45.431522
19,14,10,5,0,5,2026-07-30T16:29:47.531652
19,15,1,5,0,5,2026-07-30T16:29:50.152746
19,15,2,5,0,5,2026-07-30T16:29:52.000645
19,15,3,5,0,5,2026-07-30T16:29:53.725062
19,15,4,5,0,5,2026-07-30T16:29:55.630640
19,15,5,5,0,5,2026-07-30T16:29:56.948853
19,15,6,5,0,5,2026-07-30T16:29:59.060258
19,15,7,5,0,5,2026-07-30T16:30:00.747064
19,15,8,5,0,5,2026-07-30T16:30:02.834706
19,15,9,5,0,5,2026-07-30T16:30:04.487299
19,15,10,5,0,5,2026-07-30T16:30:05.801436
19,16,1,5,0,5,2026-07-30T16:30:08.158719
19,16,2,5,0,5,2026-07-30T16:30:09.836839
19,16,3,5,0,5,2026-07-30T16:30:11.325452
19,16,4,5,0,5,2026-07-30T16:30:13.195839
19,16,5,5,0,5,2026-07-30T16:30:15.120772
19,16,6,5,0,5,2026-07-30T16:30:16.399256
19,16,7,5,0,5,2026-07-30T16:30:18.351217
19,16,8,5,0,5,2026-07-30T16:30:20.294091
19,16,9,5,0,5,2026-07-30T16:30:22.146015
19,16,10,5,0,5,2026-07-30T16:30:23.466912
19,17,1,5,0,5,2026-07-30T16:30:25.387375
19,17,2,5,0,5,2026-07-30T16:30:27.435167
19,17,3,5,0,5,2026-07-30T16:30:28.702284
19,17,4,5,0,5,2026-07-30T16:30:30.367865
19,17,5,5,0,5,2026-07-30T16:30:31.476609
19,17,6,5,0,5,2026-07-30T16:30:33.953178
19,17,7,5,0,5,2026-07-30T16:30:36.052108
19,17,8,5,0,5,2026-07-30T16:30:37.344271
19,17,9,5,0,5,2026-07-30T16:30:38.638489
19,17,10,5,0,5,2026-07-30T16:30:39.890764
19,18,1,5,0,5,2026-07-30T16:30:41.355768
19,18,2,5,0,5,2026-07-30T16:30:44.630844
19,18,3,5,0,5,2026-07-30T16:30:46.282539
19,18,4,5,0,5,2026-07-30T16:30:47.537569
19,18,5,5,0,5,2026-07-30T16:30:48.805444
19,18,6,5,0,5,2026-07-30T16:30:50.047819
19,18,7,5,0,5,2026-07-30T16:30:51.370311
19,18,8,5,0,5,2026-07-30T16:30:52.620099
19,18,9,5,0,5,2026-07-30T16:30:54.537313
19,18,10,5,0,5,2026-07-30T16:30:56.250344
19,19,1,5,0,5,2026-07-30T16:30:58.028345
19,19,2,5,0,5,2026-07-30T16:30:59.084269
19,19,3,5,0,5,2026-07-30T16:31:01.250807
19,19,4,3,0,3,2026-07-30T16:31:02.727124
19,19,5,5,0,5,2026-07-30T16:31:04.448755
19,19,6,5,0,5,2026-07-30T16:31:06.340339
19,19,7,4,0,4,2026-07-30T16:31:08.516142
19,19,8,5,0,5,2026-07-30T16:31:09.989263
19,19,9,5,0,5,2026-07-30T16:31:11.248943
19,19,10,5,0,5,2026-07-30T16:31:12.784204
19,20,1,5,0,5,2026-07-30T16:31:14.059660
19,20,2,5,0,5,2026-07-30T16:31:15.966188
19,20,3,5,0,5,2026-07-30T16:31:17.848026
19,20,4,5,0,5,2026-07-30T16:31:19.777798
19,20,5,5,0,5,2026-07-30T16:31:20.819434
19,20,6,5,0,5,2026-07-30T16:31:22.898676
19,20,7,5,0,5,2026-07-30T16:31:23.955896
19,20,8,5,0,5,2026-07-30T16:31:26.111626
19,20,9,5,0,5,2026-07-30T16:31:29.341859
19,20,10,5,0,5,2026-07-30T16:31:32.021594
19,21,1,5,0,5,2026-07-30T16:31:33.922609
19,21,2,5,0,5,2026-07-30T16:31:35.190090
19,21,3,5,0,5,2026-07-30T16:31:36.714065
19,21,4,5,0,5,2026-07-30T16:31:39.707213
19,21,5,5,0,5,2026-07-30T16:31:41.391214
19,21,6,5,0,5,2026-07-30T16:31:42.662937
19,21,7,5,0,5,2026-07-30T16:31:44.328835
19,21,8,5,0,5,2026-07-30T16:31:46.083763
19,21,9,5,0,5,2026-07-30T16:31:48.182037
19,21,10,5,0,5,2026-07-30T16:31:50.053184
19,22,1,5,0,5,2026-07-30T16:31:51.740952
19,22,2,5,0,5,2026-07-30T16:31:53.753989
19,22,3,5,0,5,2026-07-30T16:31:55.812060
19,22,4,5,0,5,2026-07-30T16:31:57.470357
19,22,5,5,0,5,2026-07-30T16:31:59.352479
19,22,6,5,0,5,2026-07-30T16:32:00.804196
19,22,7,5,0,5,2026-07-30T16:32:02.886424
19,22,8,5,0,5,2026-07-30T16:32:03.772511
19,22,9,5,0,5,2026-07-30T16:32:05.589619
19,22,10,5,0,5,2026-07-30T16:32:07.467415
19,23,1,5,0,5,2026-07-30T16:32:09.338227
19,23,2,5,0,5,2026-07-30T16:32:11.278912
19,23,3,5,0,5,2026-07-30T16:32:12.943763
19,23,4,5,0,5,2026-07-30T16:32:14.646773
19,23,5,5,0,5,2026-07-30T16:32:16.713624
19,23,6,5,0,5,2026-07-30T16:32:17.979968
19,23,7,5,0,5,2026-07-30T16:32:19.100923
19,23,8,5,0,5,2026-07-30T16:32:20.387159
19,23,9,5,0,5,2026-07-30T16:32:22.312634
19,23,10,5,0,5,2026-07-30T16:32:23.987094
19,24,1,5,0,5,2026-07-30T16:32:26.224456
19,24,2,5,0,5,2026-07-30T16:32:28.075410
19,24,3,5,0,5,2026-07-30T16:32:30.016253
19,24,4,5,0,5,2026-07-30T16:32:31.035795
19,24,5,5,0,5,2026-07-30T16:32:32.503720
19,24,6,5,0,5,2026-07-30T16:32:33.559745
19,24,7,5,0,5,2026-07-30T16:32:35.630521
19,24,8,5,0,5,2026-07-30T16:32:37.713303
19,24,9,5,0,5,2026-07-30T16:32:39.389923
19,24,10,5,0,5,2026-07-30T16:32:41.706813
19,25,1,5,0,5,2026-07-30T16:32:43.798534
19,25,2,5,0,5,2026-07-30T16:32:45.909052
19,25,3,5,0,5,2026-07-30T16:32:48.549340
19,25,4,5,0,5,2026-07-30T16:32:49.678306
19,25,5,4,0,4,2026-07-30T16:32:51.641730
19,25,6,5,0,5,2026-07-30T16:32:52.683870
19,25,7,5,0,5,2026-07-30T16:32:55.052006
19,25,8,5,0,5,2026-07-30T16:32:57.314176
19,25,9,5,0,5,2026-07-30T16:32:58.971243
19,25,10,5,0,5,2026-07-30T16:33:01.392958
19,26,1,5,0,5,2026-07-30T16:33:02.844851
19,26,2,5,0,5,2026-07-30T16:33:04.373036
19,26,3,5,0,5,2026-07-30T16:33:06.051895
19,26,4,5,0,5,2026-07-30T16:33:07.171709
19,26,5,5,0,5,2026-07-30T16:33:08.651937
19,26,6,5,0,5,2026-07-30T16:33:10.188503
19,26,7,5,0,5,2026-07-30T16:33:11.884510
19,26,8,5,0,5,2026-07-30T16:33:13.560049
19,26,9,5,0,5,2026-07-30T16:33:15.235343
19,26,10,5,0,5,2026-07-30T16:33:17.137202
19,27,1,5,0,5,2026-07-30T16:33:18.624091
19,27,2,5,0,5,2026-07-30T16:33:22.042107
19,27,3,5,0,5,2026-07-30T16:33:23.542085
19,27,4,5,0,5,2026-07-30T16:33:25.414508
19,27,5,5,0,5,2026-07-30T16:33:26.908294
19,27,6,5,0,5,2026-07-30T16:33:29.337989
19,27,7,5,0,5,2026-07-30T16:33:31.035256
19,27,8,5,0,5,2026-07-30T16:33:32.897780
19,27,9,5,0,5,2026-07-30T16:33:34.394766
19,27,10,5,0,5,2026-07-30T16:33:35.661604
19,28,1,5,0,5,2026-07-30T16:33:36.859495
19,28,2,0,0,0,2026-07-30T16:33:38.924578
19,28,3,0,0,0,2026-07-30T16:33:40.384963
19,28,4,0,0,0,2026-07-30T16:33:41.906796
19,28,5,0,0,0,2026-07-30T16:33:44.520107
19,28,6,5,0,5,2026-07-30T16:33:46.369175
19,28,7,0,0,0,2026-07-30T16:33:49.010819
19,28,8,0,0,0,2026-07-30T16:33:50.272239
19,28,9,5,0,5,2026-07-30T16:33:52.172074
19,28,10,0,0,0,2026-07-30T16:33:53.864032
19,29,1,5,0,5,2026-07-30T16:33:55.716766
19,29,2,5,0,5,2026-07-30T16:33:57.395424
19,29,3,5,0,5,2026-07-30T16:34:04.920723
19,29,4,5,0,5,2026-07-30T16:34:07.767004
19,29,5,5,0,5,2026-07-30T16:34:09.452094
19,29,6,5,0,5,2026-07-30T16:34:12.290919
19,29,7,5,0,5,2026-07-30T16:34:14.182458
19,29,8,5,0,5,2026-07-30T16:34:16.057395
19,29,9,5,0,5,2026-07-30T16:34:17.182605
19,29,10,5,0,5,2026-07-30T16:34:19.401173
19,30,1,5,0,5,2026-07-30T16:34:20.859067
19,30,2,5,0,5,2026-07-30T16:34:23.791689
19,30,3,5,0,5,2026-07-30T16:34:24.961873
19,30,4,5,0,5,2026-07-30T16:34:26.873256
19,30,5,5,0,5,2026-07-30T16:34:28.764742
19,30,6,5,0,5,2026-07-30T16:34:32.126907
19,30,7,5,0,5,2026-07-30T16:34:33.660886
19,30,8,5,0,5,2026-07-30T16:34:35.532537
19,30,9,5,0,5,2026-07-30T16:34:38.969715
19,30,10,5,0,5,2026-07-30T16:34:40.827907
20,1,1,0,0,0,2026-07-30T16:34:42.281318
20,1,2,0,0,0,2026-07-30T16:34:43.732725
20,1,3,0,0,0,2026-07-30T16:34:45.323335
20,1,4,0,0,0,2026-07-30T16:34:46.470945
20,1,5,0,0,0,2026-07-30T16:34:47.748754
20,1,6,3,0,3,2026-07-30T16:34:50.701421
20,1,7,5,0,5,2026-07-30T16:34:52.571581
20,1,8,0,0,0,2026-07-30T16:34:54.147171
20,1,9,0,0,0,2026-07-30T16:34:56.242072
20,1,10,0,0,0,2026-07-30T16:34:57.276670
20,2,1,0,0,0,2026-07-30T16:34:58.194941
20,2,2,5,0,5,2026-07-30T16:35:02.085062
20,2,3,4,0,4,2026-07-30T16:35:03.829151
20,2,4,0,0,0,2026-07-30T16:35:07.393613
20,2,5,5,0,5,2026-07-30T16:35:08.681019
20,2,6,0,0,0,2026-07-30T16:35:09.860632
20,2,7,0,0,0,2026-07-30T16:35:11.775952
20,2,8,0,0,0,2026-07-30T16:35:13.593678
20,2,9,0,0,0,2026-07-30T16:35:15.970395
20,2,10,0,0,0,2026-07-30T16:35:17.534805
20,3,1,0,0,0,2026-07-30T16:35:19.319818
20,3,2,0,0,0,2026-07-30T16:35:21.935661
20,3,3,0,0,0,2026-07-30T16:35:24.476879
20,3,4,0,0,0,2026-07-30T16:35:25.611126
20,3,5,0,0,0,2026-07-30T16:35:27.446769
20,3,6,0,0,0,2026-07-30T16:35:30.003516
20,3,7,0,0,0,2026-07-30T16:35:32.341421
20,3,8,0,0,0,2026-07-30T16:35:34.036243
20,3,9,0,0,0,2026-07-30T16:35:35.169751
20,3,10,0,0,0,2026-07-30T16:35:37.381078
20,4,1,5,0,5,2026-07-30T16:35:39.260935
20,4,2,5,0,5,2026-07-30T16:35:40.761963
20,4,3,5,0,5,2026-07-30T16:35:42.714061
20,4,4,5,0,5,2026-07-30T16:35:44.602458
20,4,5,5,0,5,2026-07-30T16:35:47.230730
20,4,6,5,0,5,2026-07-30T16:35:49.502035
20,4,7,5,0,5,2026-07-30T16:35:51.167215
20,4,8,5,0,5,2026-07-30T16:35:52.973482
20,4,9,5,0,5,2026-07-30T16:35:54.855307
20,4,10,5,0,5,2026-07-30T16:35:56.957888
20,5,1,5,0,5,2026-07-30T16:35:58.428014
20,5,2,5,0,5,2026-07-30T16:36:00.572636
20,5,3,5,0,5,2026-07-30T16:36:02.227560
20,5,4,5,0,5,2026-07-30T16:36:03.531845
20,5,5,5,0,5,2026-07-30T16:36:05.064407
20,5,6,5,0,5,2026-07-30T16:36:06.727852
20,5,7,5,0,5,2026-07-30T16:36:09.290173
20,5,8,5,0,5,2026-07-30T16:36:11.398537
20,5,9,5,0,5,2026-07-30T16:36:12.471172
20,5,10,5,0,5,2026-07-30T16:36:13.818087
20,6,1,0,0,0,2026-07-30T16:36:16.408483
20,6,2,0,0,0,2026-07-30T16:36:19.909751
20,6,3,0,0,0,2026-07-30T16:36:22.039907
20,6,4,0,0,0,2026-07-30T16:36:23.364294
20,6,5,0,0,0,2026-07-30T16:36:24.608379
20,6,6,0,0,0,2026-07-30T16:36:25.650645
20,6,7,0,0,0,2026-07-30T16:36:26.751916
20,6,8,0,0,0,2026-07-30T16:36:28.003588
20,6,9,0,0,0,2026-07-30T16:36:29.947246
20,6,10,0,0,0,2026-07-30T16:36:31.193414
20,7,1,3,0,3,2026-07-30T16:36:33.855857
20,7,2,5,0,5,2026-07-30T16:36:35.193510
20,7,3,3,0,3,2026-07-30T16:36:36.993196
20,7,4,0,0,0,2026-07-30T16:36:38.309352
20,7,5,4,0,4,2026-07-30T16:36:40.016624
20,7,6,5,0,5,2026-07-30T16:36:41.656623
20,7,7,3,0,3,2026-07-30T16:36:43.157299
20,7,8,5,0,5,2026-07-30T16:36:44.433799
20,7,9,4,0,4,2026-07-30T16:36:46.639219
20,7,10,5,0,5,2026-07-30T16:36:48.352259
20,8,1,5,0,5,2026-07-30T16:36:50.116118
20,8,2,5,0,5,2026-07-30T16:36:54.046596
20,8,3,5,0,5,2026-07-30T16:36:56.162655
20,8,4,5,0,5,2026-07-30T16:36:59.401185
20,8,5,5,0,5,2026-07-30T16:37:01.362749
20,8,6,5,0,5,2026-07-30T16:37:03.699441
20,8,7,5,0,5,2026-07-30T16:37:06.205770
20,8,8,5,0,5,2026-07-30T16:37:08.284241
20,8,9,5,0,5,2026-07-30T16:37:10.172889
20,8,10,5,0,5,2026-07-30T16:37:11.979637
20,9,1,5,0,5,2026-07-30T16:37:14.318897
20,9,2,5,0,5,2026-07-30T16:37:16.401283
20,9,3,5,0,5,2026-07-30T16:37:18.325533
20,9,4,5,0,5,2026-07-30T16:37:19.659072
20,9,5,5,0,5,2026-07-30T16:37:21.318503
20,9,6,5,0,5,2026-07-30T16:37:24.564229
20,9,7,5,0,5,2026-07-30T16:37:26.426586
20,9,8,5,0,5,2026-07-30T16:37:27.813699
20,9,9,5,0,5,2026-07-30T16:37:52.126058
20,9,10,5,0,5,2026-07-30T16:37:53.368269
20,10,1,5,0,5,2026-07-30T16:37:54.696710
20,10,2,5,0,5,2026-07-30T16:37:56.002183
20,10,3,5,0,5,2026-07-30T16:37:57.447241
20,10,4,5,0,5,2026-07-30T16:37:58.561821
20,10,5,5,0,5,2026-07-30T16:37:59.957087
20,10,6,5,0,5,2026-07-30T16:38:02.144331
20,10,7,5,0,5,2026-07-30T16:38:03.419174
20,10,8,5,0,5,2026-07-30T16:38:04.495210
20,10,9,5,0,5,2026-07-30T16:38:06.515793
20,10,10,5,0,5,2026-07-30T16:38:08.409025
20,11,1,4,0,4,2026-07-30T16:38:10.117032
20,11,2,0,0,0,2026-07-30T16:38:11.857682
20,11,3,4,0,4,2026-07-30T16:38:14.075271
20,11,4,3,0,3,2026-07-30T16:38:15.427856
20,11,5,3,0,3,2026-07-30T16:38:17.608861
20,11,6,3,0,3,2026-07-30T16:38:19.334946
20,11,7,4,0,4,2026-07-30T16:38:20.718990
20,11,8,4,0,4,2026-07-30T16:38:23.621658
20,11,9,5,0,5,2026-07-30T16:38:25.515421
20,11,10,3,0,3,2026-07-30T16:38:27.223266
20,12,1,0,0,0,2026-07-30T16:38:29.383389
20,12,2,0,0,0,2026-07-30T16:38:30.709163
20,12,3,0,0,0,2026-07-30T16:38:34.831385
20,12,4,0,0,0,2026-07-30T16:38:37.402127
20,12,5,0,0,0,2026-07-30T16:38:39.506603
20,12,6,0,0,0,2026-07-30T16:38:41.590054
20,12,7,3,0,3,2026-07-30T16:38:43.290961
20,12,8,0,0,0,2026-07-30T16:38:45.342875
20,12,9,0,0,0,2026-07-30T16:38:47.033331
20,12,10,0,0,0,2026-07-30T16:38:49.809632
20,13,1,5,0,5,2026-07-30T16:38:51.131798
20,13,2,5,0,5,2026-07-30T16:38:52.843950
20,13,3,5,0,5,2026-07-30T16:38:54.764615
20,13,4,5,0,5,2026-07-30T16:38:56.274083
20,13,5,5,0,5,2026-07-30T16:38:58.369091
20,13,6,5,0,5,2026-07-30T16:39:00.273175
20,13,7,5,0,5,2026-07-30T16:39:03.027247
20,13,8,5,0,5,2026-07-30T16:39:06.358554
20,13,9,5,0,5,2026-07-30T16:39:07.848515
20,13,10,5,0,5,2026-07-30T16:39:10.123928
20,14,1,5,0,5,2026-07-30T16:39:12.043649
20,14,2,5,0,5,2026-07-30T16:39:13.806422
20,14,3,5,0,5,2026-07-30T16:39:15.524843
20,14,4,5,0,5,2026-07-30T16:39:18.095907
20,14,5,5,0,5,2026-07-30T16:39:20.201223
20,14,6,5,0,5,2026-07-30T16:39:21.677046
20,14,7,5,0,5,2026-07-30T16:39:22.904963
20,14,8,5,0,5,2026-07-30T16:39:24.992464
20,14,9,5,0,5,2026-07-30T16:39:26.290077
20,14,10,5,0,5,2026-07-30T16:39:28.195859
20,15,1,0,0,0,2026-07-30T16:39:30.036648
20,15,2,0,0,0,2026-07-30T16:39:31.586169
20,15,3,0,0,0,2026-07-30T16:39:33.548463
20,15,4,0,0,0,2026-07-30T16:39:35.263349
20,15,5,0,0,0,2026-07-30T16:39:36.933488
20,15,6,0,0,0,2026-07-30T16:39:38.176805
20,15,7,0,0,0,2026-07-30T16:39:39.844716
20,15,8,0,0,0,2026-07-30T16:39:41.869065
20,15,9,0,0,0,2026-07-30T16:39:43.795045
20,15,10,0,0,0,2026-07-30T16:39:45.910227
20,16,1,5,0,5,2026-07-30T16:39:47.528670
20,16,2,5,0,5,2026-07-30T16:39:48.712015
20,16,3,5,0,5,2026-07-30T16:39:50.508288
20,16,4,5,0,5,2026-07-30T16:39:51.865448
20,16,5,5,0,5,2026-07-30T16:39:53.191492
20,16,6,5,0,5,2026-07-30T16:39:55.561770
20,16,7,5,0,5,2026-07-30T16:39:56.871884
20,16,8,5,0,5,2026-07-30T16:39:58.302786
20,16,9,5,0,5,2026-07-30T16:40:00.532031
20,16,10,5,0,5,2026-07-30T16:40:02.103036
20,17,1,5,0,5,2026-07-30T16:40:03.989815
20,17,2,5,0,5,2026-07-30T16:40:05.565978
20,17,3,5,0,5,2026-07-30T16:40:07.337711
20,17,4,5,0,5,2026-07-30T16:40:09.376878
20,17,5,5,0,5,2026-07-30T16:40:10.669098
20,17,6,5,0,5,2026-07-30T16:40:12.473281
20,17,7,5,0,5,2026-07-30T16:40:14.047983
20,17,8,5,0,5,2026-07-30T16:40:15.854732
20,17,9,5,0,5,2026-07-30T16:40:17.093022
20,17,10,5,0,5,2026-07-30T16:40:18.568995
20,18,1,5,0,5,2026-07-30T16:40:20.630189
20,18,2,5,0,5,2026-07-30T16:40:22.683357
20,18,3,5,0,5,2026-07-30T16:40:24.487786
20,18,4,5,0,5,2026-07-30T16:40:26.339021
20,18,5,5,0,5,2026-07-30T16:40:27.732791
20,18,6,5,0,5,2026-07-30T16:40:29.108622
20,18,7,5,0,5,2026-07-30T16:40:31.016183
20,18,8,5,0,5,2026-07-30T16:40:32.592709
20,18,9,5,0,5,2026-07-30T16:40:33.915630
20,18,10,5,0,5,2026-07-30T16:40:35.437027
20,19,1,5,0,5,2026-07-30T16:40:37.318271
20,19,2,5,0,5,2026-07-30T16:40:38.536300
20,19,3,5,0,5,2026-07-30T16:40:39.841365
20,19,4,5,0,5,2026-07-30T16:40:41.377247
20,19,5,5,0,5,2026-07-30T16:40:42.720524
20,19,6,5,0,5,2026-07-30T16:40:45.705832
20,19,7,5,0,5,2026-07-30T16:40:47.651887
20,19,8,5,0,5,2026-07-30T16:40:49.303794
20,19,9,5,0,5,2026-07-30T16:40:50.342637
20,19,10,5,0,5,2026-07-30T16:40:52.267385
20,20,1,5,0,5,2026-07-30T16:40:53.645034
20,20,2,5,0,5,2026-07-30T16:40:55.699705
20,20,3,5,0,5,2026-07-30T16:40:56.758941
20,20,4,5,0,5,2026-07-30T16:40:58.823826
20,20,5,5,0,5,2026-07-30T16:41:00.110280
20,20,6,5,0,5,2026-07-30T16:41:01.476517
20,20,7,5,0,5,2026-07-30T16:41:03.305667
20,20,8,5,0,5,2026-07-30T16:41:04.366940
20,20,9,5,0,5,2026-07-30T16:41:06.231619
20,20,10,5,0,5,2026-07-30T16:41:08.033310
20,21,1,5,0,5,2026-07-30T16:41:10.248137
20,21,2,5,0,5,2026-07-30T16:41:11.804518
20,21,3,5,0,5,2026-07-30T16:41:13.040884
20,21,4,5,0,5,2026-07-30T16:41:14.097387
20,21,5,5,0,5,2026-07-30T16:41:15.781169
20,21,6,5,0,5,2026-07-30T16:41:17.665741
20,21,7,5,0,5,2026-07-30T16:41:19.259743
20,21,8,5,0,5,2026-07-30T16:41:20.304743
20,21,9,5,0,5,2026-07-30T16:41:22.125689
20,21,10,5,0,5,2026-07-30T16:41:23.279885
20,22,1,5,0,5,2026-07-30T16:41:24.717682
20,22,2,5,0,5,2026-07-30T16:41:26.158826
20,22,3,5,0,5,2026-07-30T16:41:28.242539
20,22,4,5,0,5,2026-07-30T16:41:29.921076
20,22,5,5,0,5,2026-07-30T16:41:30.998540
20,22,6,5,0,5,2026-07-30T16:41:32.834984
20,22,7,5,0,5,2026-07-30T16:41:34.536092
20,22,8,5,0,5,2026-07-30T16:41:35.786963
20,22,9,5,0,5,2026-07-30T16:41:37.459603
20,22,10,5,0,5,2026-07-30T16:41:39.294515
20,23,1,5,0,5,2026-07-30T16:41:41.032770
20,23,2,5,0,5,2026-07-30T16:41:43.061899
20,23,3,5,0,5,2026-07-30T16:41:44.905435
20,23,4,5,0,5,2026-07-30T16:41:46.310133
20,23,5,5,0,5,2026-07-30T16:41:47.900074
20,23,6,5,0,5,2026-07-30T16:41:49.678868
20,23,7,5,0,5,2026-07-30T16:41:50.798198
20,23,8,5,0,5,2026-07-30T16:41:51.843538
20,23,9,5,0,5,2026-07-30T16:41:53.051334
20,23,10,5,0,5,2026-07-30T16:41:54.743447
20,24,1,5,0,5,2026-07-30T16:41:56.785430
20,24,2,5,0,5,2026-07-30T16:41:57.967906
20,24,3,5,0,5,2026-07-30T16:41:59.164269
20,24,4,5,0,5,2026-07-30T16:42:00.308354
20,24,5,5,0,5,2026-07-30T16:42:01.721746
20,24,6,5,0,5,2026-07-30T16:42:03.379293
20,24,7,5,0,5,2026-07-30T16:42:05.238911
20,24,8,5,0,5,2026-07-30T16:42:06.179868
20,24,9,5,0,5,2026-07-30T16:42:07.533507
20,24,10,5,0,5,2026-07-30T16:42:08.796860
20,25,1,5,0,5,2026-07-30T16:42:10.406298
20,25,2,5,0,5,2026-07-30T16:42:11.882453
20,25,3,5,0,5,2026-07-30T16:42:13.579605
20,25,4,5,0,5,2026-07-30T16:42:15.129108
20,25,5,5,0,5,2026-07-30T16:42:16.941680
20,25,6,5,0,5,2026-07-30T16:42:17.985149
20,25,7,5,0,5,2026-07-30T16:42:19.255971
20,25,8,5,0,5,2026-07-30T16:42:21.030036
20,25,9,5,0,5,2026-07-30T16:42:22.801972
20,25,10,5,0,5,2026-07-30T16:42:23.960693
20,26,1,5,0,5,2026-07-30T16:42:25.401114
20,26,2,5,0,5,2026-07-30T16:42:26.498210
20,26,3,5,0,5,2026-07-30T16:42:28.496536
20,26,4,5,0,5,2026-07-30T16:42:30.211057
20,26,5,5,0,5,2026-07-30T16:42:32.089120
20,26,6,5,0,5,2026-07-30T16:42:33.264567
20,26,7,5,0,5,2026-07-30T16:42:34.348270
20,26,8,5,0,5,2026-07-30T16:42:35.758373
20,26,9,5,0,5,2026-07-30T16:42:37.218778
20,26,10,5,0,5,2026-07-30T16:42:38.475961
20,27,1,5,0,5,2026-07-30T16:42:40.295464
20,27,2,5,0,5,2026-07-30T16:42:42.148149
20,27,3,5,0,5,2026-07-30T16:42:43.594640
20,27,4,5,0,5,2026-07-30T16:42:45.325436
20,27,5,5,0,5,2026-07-30T16:42:46.990136
20,27,6,5,0,5,2026-07-30T16:42:48.585648
20,27,7,5,0,5,2026-07-30T16:42:50.433930
20,27,8,5,0,5,2026-07-30T16:42:51.868267
20,27,9,5,0,5,2026-07-30T16:42:53.794460
20,27,10,5,0,5,2026-07-30T16:42:55.488692
20,28,1,5,0,5,2026-07-30T16:42:57.201748
20,28,2,5,0,5,2026-07-30T16:42:58.855965
20,28,3,5,0,5,2026-07-30T16:42:59.897720
20,28,4,5,0,5,2026-07-30T16:43:00.969272
20,28,5,5,0,5,2026-07-30T16:43:02.214546
20,28,6,5,0,5,2026-07-30T16:43:03.921092
20,28,7,5,0,5,2026-07-30T16:43:05.073435
20,28,8,5,0,5,2026-07-30T16:43:06.601775
20,28,9,5,0,5,2026-07-30T16:43:07.661153
20,28,10,5,0,5,2026-07-30T16:43:09.651586
20,29,1,5,0,5,2026-07-30T16:43:11.178616
20,29,2,5,0,5,2026-07-30T16:43:12.320221
20,29,3,5,0,5,2026-07-30T16:43:13.601024
20,29,4,5,0,5,2026-07-30T16:43:15.098222
20,29,5,5,0,5,2026-07-30T16:43:16.340693
20,29,6,5,0,5,2026-07-30T16:43:18.065079
20,29,7,5,0,5,2026-07-30T16:43:19.958572
20,29,8,5,0,5,2026-07-30T16:43:21.610055
20,29,9,5,0,5,2026-07-30T16:43:22.645075
20,29,10,5,0,5,2026-07-30T16:43:24.298733
20,30,1,5,0,5,2026-07-30T16:43:26.158246
20,30,2,4,0,4,2026-07-30T16:43:28.033480
20,30,3,5,0,5,2026-07-30T16:43:29.292984
20,30,4,5,0,5,2026-07-30T16:43:30.939554
20,30,5,5,0,5,2026-07-30T16:43:32.225016
20,30,6,5,0,5,2026-07-30T16:43:34.091151
20,30,7,5,0,5,2026-07-30T16:43:35.366463
20,30,8,5,0,5,2026-07-30T16:43:36.415244
20,30,9,5,0,5,2026-07-30T16:43:37.880472
20,30,10,5,0,5,2026-07-30T16:43:39.950595
21,1,1,5,0,5,2026-07-30T16:43:41.610561
21,1,2,5,0,5,2026-07-30T16:43:42.872707
21,1,3,5,0,5,2026-07-30T16:43:44.324921
21,1,4,5,0,5,2026-07-30T16:43:45.794174
21,1,5,5,0,5,2026-07-30T16:43:47.259708
21,1,6,5,0,5,2026-07-30T16:43:49.133174
21,1,7,5,0,5,2026-07-30T16:43:50.988672
21,1,8,5,0,5,2026-07-30T16:43:52.442820
21,1,9,5,0,5,2026-07-30T16:43:54.108258
21,1,10,5,0,5,2026-07-30T16:43:55.357527
21,2,1,5,0,5,2026-07-30T16:43:57.016916
21,2,2,5,0,5,2026-07-30T16:43:58.468380
21,2,3,5,0,5,2026-07-30T16:44:00.133009
21,2,4,5,0,5,2026-07-30T16:44:01.562306
21,2,5,5,0,5,2026-07-30T16:44:02.836949
21,2,6,5,0,5,2026-07-30T16:44:04.706701
21,2,7,5,0,5,2026-07-30T16:44:06.163411
21,2,8,5,0,5,2026-07-30T16:44:07.210035
21,2,9,5,0,5,2026-07-30T16:44:08.662927
21,2,10,5,0,5,2026-07-30T16:44:10.091603
21,3,1,5,0,5,2026-07-30T16:44:11.520300
21,3,2,5,0,5,2026-07-30T16:44:12.786759
21,3,3,4,0,4,2026-07-30T16:44:14.071626
21,3,4,5,0,5,2026-07-30T16:44:15.506175
21,3,5,5,0,5,2026-07-30T16:44:16.548395
21,3,6,5,0,5,2026-07-30T16:44:18.614980
21,3,7,5,0,5,2026-07-30T16:44:20.458084
21,3,8,5,0,5,2026-07-30T16:44:22.303650
21,3,9,5,0,5,2026-07-30T16:44:23.360370
21,3,10,5,0,5,2026-07-30T16:44:25.038560
21,4,1,0,0,0,2026-07-30T16:44:26.481268
21,4,2,0,0,0,2026-07-30T16:44:27.537542
21,4,3,0,0,0,2026-07-30T16:44:29.008043
21,4,4,0,0,0,2026-07-30T16:44:30.472032
21,4,5,0,0,0,2026-07-30T16:44:32.342171
21,4,6,0,0,0,2026-07-30T16:44:33.583850
21,4,7,0,0,0,2026-07-30T16:44:34.820310
21,4,8,0,0,0,2026-07-30T16:44:35.957146
21,4,9,0,0,0,2026-07-30T16:44:37.427211
21,4,10,0,0,0,2026-07-30T16:44:38.476964
21,5,1,0,0,0,2026-07-30T16:44:39.399887
21,5,2,0,0,0,2026-07-30T16:44:40.647066
21,5,3,5,0,5,2026-07-30T16:44:42.517781
21,5,4,5,0,5,2026-07-30T16:44:43.590407
21,5,5,5,0,5,2026-07-30T16:44:45.461683
21,5,6,0,0,0,2026-07-30T16:44:47.326811
21,5,7,5,0,5,2026-07-30T16:44:48.588571
21,5,8,5,0,5,2026-07-30T16:44:49.838701
21,5,9,5,0,5,2026-07-30T16:44:51.084405
21,5,10,5,0,5,2026-07-30T16:44:52.344884
21,6,1,5,0,5,2026-07-30T16:44:53.608979
21,6,2,5,0,5,2026-07-30T16:44:54.851192
21,6,3,5,0,5,2026-07-30T16:44:56.916470
21,6,4,5,0,5,2026-07-30T16:44:58.376892
21,6,5,5,0,5,2026-07-30T16:45:00.283254
21,6,6,5,0,5,2026-07-30T16:45:01.344864
21,6,7,5,0,5,2026-07-30T16:45:02.620511
21,6,8,5,0,5,2026-07-30T16:45:04.574790
21,6,9,5,0,5,2026-07-30T16:45:05.618660
21,6,10,5,0,5,2026-07-30T16:45:07.482052
21,7,1,5,0,5,2026-07-30T16:45:08.556020
21,7,2,5,0,5,2026-07-30T16:45:09.602488
21,7,3,5,0,5,2026-07-30T16:45:10.661876
21,7,4,5,0,5,2026-07-30T16:45:12.356194
21,7,5,5,0,5,2026-07-30T16:45:13.655232
21,7,6,5,0,5,2026-07-30T16:45:15.359410
21,7,7,5,0,5,2026-07-30T16:45:16.442861
21,7,8,5,0,5,2026-07-30T16:45:17.871399
21,7,9,5,0,5,2026-07-30T16:45:19.166345
21,7,10,5,0,5,2026-07-30T16:45:21.085991
21,8,1,5,0,5,2026-07-30T16:45:22.966076
21,8,2,5,0,5,2026-07-30T16:45:24.212279
21,8,3,5,0,5,2026-07-30T16:45:25.912422
21,8,4,5,0,5,2026-07-30T16:45:27.625328
21,8,5,5,0,5,2026-07-30T16:45:28.928639
21,8,6,5,0,5,2026-07-30T16:45:30.386376
21,8,7,5,0,5,2026-07-30T16:45:32.247886
21,8,8,5,0,5,2026-07-30T16:45:33.569396
21,8,9,5,0,5,2026-07-30T16:45:34.876360
21,8,10,5,0,5,2026-07-30T16:45:36.622034
21,9,1,5,0,5,2026-07-30T16:45:38.472693
21,9,2,5,0,5,2026-07-30T16:45:39.549780
21,9,3,4,0,4,2026-07-30T16:45:40.678576
21,9,4,5,0,5,2026-07-30T16:45:41.943693
21,9,5,4,0,4,2026-07-30T16:45:43.397927
21,9,6,5,0,5,2026-07-30T16:45:45.240140
21,9,7,5,0,5,2026-07-30T16:45:46.905146
21,9,8,4,0,4,2026-07-30T16:45:47.757273
21,9,9,4,0,4,2026-07-30T16:45:49.031511
21,9,10,5,0,5,2026-07-30T16:45:50.700328
21,10,1,0,0,0,2026-07-30T16:45:52.165219
21,10,2,0,0,0,2026-07-30T16:45:53.219313
21,10,3,5,0,5,2026-07-30T16:45:54.279287
21,10,4,0,0,0,2026-07-30T16:45:55.934074
21,10,5,5,0,5,2026-07-30T16:45:57.457873
21,10,6,5,0,5,2026-07-30T16:45:58.910094
21,10,7,5,0,5,2026-07-30T16:46:00.244556
21,10,8,5,0,5,2026-07-30T16:46:01.298751
21,10,9,5,0,5,2026-07-30T16:46:02.769746
21,10,10,0,0,0,2026-07-30T16:46:03.854786
21,11,1,5,0,5,2026-07-30T16:46:05.726309
21,11,2,5,0,5,2026-07-30T16:46:06.794048
21,11,3,5,0,5,2026-07-30T16:46:08.242979
21,11,4,5,0,5,2026-07-30T16:46:10.092382
21,11,5,5,0,5,2026-07-30T16:46:11.777717
21,11,6,5,0,5,2026-07-30T16:46:13.667155
21,11,7,5,0,5,2026-07-30T16:46:15.604915
21,11,8,5,0,5,2026-07-30T16:46:17.462727
21,11,9,5,0,5,2026-07-30T16:46:19.151949
21,11,10,5,0,5,2026-07-30T16:46:21.230408
21,12,1,5,0,5,2026-07-30T16:46:22.900348
21,12,2,5,0,5,2026-07-30T16:46:24.560268
21,12,3,5,0,5,2026-07-30T16:46:26.664072
21,12,4,5,0,5,2026-07-30T16:46:28.123352
21,12,5,5,0,5,2026-07-30T16:46:29.980439
21,12,6,5,0,5,2026-07-30T16:46:31.641321
21,12,7,5,0,5,2026-07-30T16:46:32.683732
21,12,8,5,0,5,2026-07-30T16:46:33.976250
21,12,9,5,0,5,2026-07-30T16:46:35.860227
21,12,10,5,0,5,2026-07-30T16:46:36.906027
21,13,1,5,0,5,2026-07-30T16:46:38.747354
21,13,2,5,0,5,2026-07-30T16:46:40.447474
21,13,3,5,0,5,2026-07-30T16:46:42.318935
21,13,4,5,0,5,2026-07-30T16:46:43.589310
21,13,5,5,0,5,2026-07-30T16:46:44.844897
21,13,6,5,0,5,2026-07-30T16:46:45.876963
21,13,7,5,0,5,2026-07-30T16:46:46.892615
21,13,8,5,0,5,2026-07-30T16:46:48.790198
21,13,9,5,0,5,2026-07-30T16:46:49.840541
21,13,10,5,0,5,2026-07-30T16:46:51.515937
21,14,1,5,0,5,2026-07-30T16:46:52.757039
21,14,2,5,0,5,2026-07-30T16:46:54.436047
21,14,3,5,0,5,2026-07-30T16:46:56.309734
21,14,4,5,0,5,2026-07-30T16:46:57.984693
21,14,5,5,0,5,2026-07-30T16:46:59.457825
21,14,6,5,0,5,2026-07-30T16:47:01.338888
21,14,7,5,0,5,2026-07-30T16:47:02.366240
21,14,8,5,0,5,2026-07-30T16:47:04.203977
21,14,9,5,0,5,2026-07-30T16:47:05.244748
21,14,10,4,0,4,2026-07-30T16:47:07.090297
21,15,1,0,0,0,2026-07-30T16:47:08.145404
21,15,2,2,0,2,2026-07-30T16:47:09.184781
21,15,3,0,0,0,2026-07-30T16:47:10.854072
21,15,4,0,0,0,2026-07-30T16:47:12.764164
21,15,5,0,0,0,2026-07-30T16:47:14.231402
21,15,6,4,0,4,2026-07-30T16:47:15.504040
21,15,7,0,0,0,2026-07-30T16:47:17.349746
21,15,8,0,0,0,2026-07-30T16:47:18.604092
21,15,9,3,0,3,2026-07-30T16:47:19.645948
21,15,10,0,0,0,2026-07-30T16:47:21.078359
21,16,1,5,0,5,2026-07-30T16:47:22.825015
21,16,2,5,0,5,2026-07-30T16:47:24.271172
21,16,3,5,0,5,2026-07-30T16:47:25.521412
21,16,4,5,0,5,2026-07-30T16:47:26.593584
21,16,5,5,0,5,2026-07-30T16:47:28.093861
21,16,6,5,0,5,2026-07-30T16:47:29.775780
21,16,7,5,0,5,2026-07-30T16:47:31.223183
21,16,8,5,0,5,2026-07-30T16:47:32.472755
21,16,9,5,0,5,2026-07-30T16:47:34.326353
21,16,10,5,0,5,2026-07-30T16:47:35.783273
21,17,1,5,0,5,2026-07-30T16:47:37.223969
21,17,2,5,0,5,2026-07-30T16:47:38.472988
21,17,3,5,0,5,2026-07-30T16:47:39.519404
21,17,4,5,0,5,2026-07-30T16:47:41.176973
21,17,5,5,0,5,2026-07-30T16:47:43.085929
21,17,6,5,0,5,2026-07-30T16:47:44.347218
21,17,7,5,0,5,2026-07-30T16:47:45.402330
21,17,8,5,0,5,2026-07-30T16:47:46.479250
21,17,9,5,0,5,2026-07-30T16:47:48.372644
21,17,10,5,0,5,2026-07-30T16:47:50.052622
21,18,1,5,0,5,2026-07-30T16:47:51.932995
21,18,2,5,0,5,2026-07-30T16:47:54.001033
21,18,3,5,0,5,2026-07-30T16:47:55.033827
21,18,4,5,0,5,2026-07-30T16:47:56.887623
21,18,5,5,0,5,2026-07-30T16:47:58.742675
21,18,6,5,0,5,2026-07-30T16:48:00.601818
21,18,7,5,0,5,2026-07-30T16:48:01.629945
21,18,8,5,0,5,2026-07-30T16:48:03.490054
21,18,9,5,0,5,2026-07-30T16:48:05.170130
21,18,10,5,0,5,2026-07-30T16:48:06.636539
21,19,1,5,0,5,2026-07-30T16:48:07.687890
21,19,2,5,0,5,2026-07-30T16:48:08.943185
21,19,3,4,0,4,2026-07-30T16:48:10.223226
21,19,4,3,0,3,2026-07-30T16:48:11.884467
21,19,5,5,0,5,2026-07-30T16:48:13.168697
21,19,6,5,0,5,2026-07-30T16:48:14.207293
21,19,7,5,0,5,2026-07-30T16:48:15.698278
21,19,8,5,0,5,2026-07-30T16:48:17.214763
21,19,9,5,0,5,2026-07-30T16:48:18.265074
21,19,10,5,0,5,2026-07-30T16:48:19.124963
21,20,1,5,0,5,2026-07-30T16:48:20.178082
21,20,2,5,0,5,2026-07-30T16:48:21.265399
21,20,3,5,0,5,2026-07-30T16:48:22.920291
21,20,4,5,0,5,2026-07-30T16:48:24.173560
21,20,5,5,0,5,2026-07-30T16:48:25.846511
21,20,6,5,0,5,2026-07-30T16:48:27.098996
21,20,7,5,0,5,2026-07-30T16:48:28.135544
21,20,8,5,0,5,2026-07-30T16:48:29.994151
21,20,9,5,0,5,2026-07-30T16:48:31.650479
21,20,10,5,0,5,2026-07-30T16:48:33.109297
21,21,1,5,0,5,2026-07-30T16:48:34.369210
21,21,2,5,0,5,2026-07-30T16:48:35.629394
21,21,3,5,0,5,2026-07-30T16:48:37.503443
21,21,4,5,0,5,2026-07-30T16:48:38.537778
21,21,5,5,0,5,2026-07-30T16:48:40.202318
21,21,6,5,0,5,2026-07-30T16:48:41.618006
21,21,7,5,0,5,2026-07-30T16:48:43.532625
21,21,8,5,0,5,2026-07-30T16:48:45.376441
21,21,9,5,0,5,2026-07-30T16:48:47.029813
21,21,10,5,0,5,2026-07-30T16:48:48.878514
21,22,1,5,0,5,2026-07-30T16:48:50.543869
21,22,2,5,0,5,2026-07-30T16:48:51.987408
21,22,3,5,0,5,2026-07-30T16:48:53.442877
21,22,4,5,0,5,2026-07-30T16:48:54.495200
21,22,5,5,0,5,2026-07-30T16:48:56.171943
21,22,6,5,0,5,2026-07-30T16:48:57.619429
21,22,7,5,0,5,2026-07-30T16:48:59.073466
21,22,8,5,0,5,2026-07-30T16:49:00.107520
21,22,9,5,0,5,2026-07-30T16:49:01.365721
21,22,10,5,0,5,2026-07-30T16:49:02.820109
21,23,1,5,0,5,2026-07-30T16:49:04.075004
21,23,2,5,0,5,2026-07-30T16:49:05.124238
21,23,3,5,0,5,2026-07-30T16:49:06.771516
21,23,4,5,0,5,2026-07-30T16:49:08.447440
21,23,5,5,0,5,2026-07-30T16:49:09.710078
21,23,6,5,0,5,2026-07-30T16:49:10.974233
21,23,7,5,0,5,2026-07-30T16:49:12.838805
21,23,8,5,0,5,2026-07-30T16:49:14.311541
21,23,9,5,0,5,2026-07-30T16:49:16.167946
21,23,10,5,0,5,2026-07-30T16:49:17.638979
21,24,1,0,0,0,2026-07-30T16:49:18.681708
21,24,2,0,0,0,2026-07-30T16:49:19.729340
21,24,3,5,0,5,2026-07-30T16:49:21.581843
21,24,4,0,0,0,2026-07-30T16:49:23.428761
21,24,5,0,0,0,2026-07-30T16:49:24.662957
21,24,6,0,0,0,2026-07-30T16:49:25.714806
21,24,7,0,0,0,2026-07-30T16:49:26.752547
21,24,8,0,0,0,2026-07-30T16:49:28.410211
21,24,9,0,0,0,2026-07-30T16:49:30.268967
21,24,10,5,0,5,2026-07-30T16:49:31.327650
21,25,1,3,0,3,2026-07-30T16:49:33.396378
21,25,2,3,0,3,2026-07-30T16:49:35.240860
21,25,3,3,0,3,2026-07-30T16:49:36.903168
21,25,4,0,0,0,2026-07-30T16:49:38.580937
21,25,5,0,0,0,2026-07-30T16:49:40.435543
21,25,6,0,0,0,2026-07-30T16:49:42.290612
21,25,7,3,0,3,2026-07-30T16:49:43.752486
21,25,8,5,0,5,2026-07-30T16:49:45.254741
21,25,9,0,0,0,2026-07-30T16:49:47.121400
21,25,10,3,0,3,2026-07-30T16:49:48.549318
21,26,1,5,0,5,2026-07-30T16:49:49.801121
21,26,2,5,0,5,2026-07-30T16:49:51.026408
21,26,3,5,0,5,2026-07-30T16:49:52.684501
21,26,4,5,0,5,2026-07-30T16:49:54.550874
21,26,5,5,0,5,2026-07-30T16:49:56.184376
21,26,6,5,0,5,2026-07-30T16:49:57.629904
21,26,7,5,0,5,2026-07-30T16:49:59.319368
21,26,8,5,0,5,2026-07-30T16:50:01.187803
21,26,9,5,0,5,2026-07-30T16:50:02.662666
21,26,10,5,0,5,2026-07-30T16:50:04.125589
21,27,1,5,0,5,2026-07-30T16:50:06.012597
21,27,2,5,0,5,2026-07-30T16:50:07.266644
21,27,3,5,0,5,2026-07-30T16:50:08.109614
21,27,4,5,0,5,2026-07-30T16:50:09.569728
21,27,5,5,0,5,2026-07-30T16:50:10.830780
21,27,6,5,0,5,2026-07-30T16:50:12.489311
21,27,7,5,0,5,2026-07-30T16:50:14.359026
21,27,8,5,0,5,2026-07-30T16:50:16.015692
21,27,9,5,0,5,2026-07-30T16:50:17.461272
21,27,10,5,0,5,2026-07-30T16:50:18.513010
21,28,1,4,0,4,2026-07-30T16:50:19.803714
21,28,2,5,0,5,2026-07-30T16:50:21.073509
21,28,3,3,0,3,2026-07-30T16:50:22.939494
21,28,4,4,0,4,2026-07-30T16:50:24.800026
21,28,5,4,0,4,2026-07-30T16:50:25.850173
21,28,6,5,0,5,2026-07-30T16:50:27.521845
21,28,7,5,0,5,2026-07-30T16:50:28.765033
21,28,8,5,0,5,2026-07-30T16:50:30.010963
21,28,9,4,0,4,2026-07-30T16:50:31.281667
21,28,10,5,0,5,2026-07-30T16:50:33.153526
21,29,1,5,0,5,2026-07-30T16:50:34.192146
21,29,2,5,0,5,2026-07-30T16:50:35.659197
21,29,3,5,0,5,2026-07-30T16:50:37.525076
21,29,4,5,0,5,2026-07-30T16:50:39.209332
21,29,5,5,0,5,2026-07-30T16:50:40.461549
21,29,6,5,0,5,2026-07-30T16:50:42.121748
21,29,7,5,0,5,2026-07-30T16:50:43.590370
21,29,8,5,0,5,2026-07-30T16:50:45.244483
21,29,9,5,0,5,2026-07-30T16:50:46.506540
21,29,10,5,0,5,2026-07-30T16:50:48.201810
21,30,1,5,0,5,2026-07-30T16:50:49.253095
21,30,2,5,0,5,2026-07-30T16:50:50.334122
21,30,3,5,0,5,2026-07-30T16:50:52.025589
21,30,4,5,0,5,2026-07-30T16:50:53.480132
21,30,5,5,0,5,2026-07-30T16:50:55.335530
21,30,6,5,0,5,2026-07-30T16:50:57.003430
21,30,7,5,0,5,2026-07-30T16:50:58.885771
21,30,8,5,0,5,2026-07-30T16:51:00.533434
21,30,9,5,0,5,2026-07-30T16:51:01.810234
21,30,10,5,0,5,2026-07-30T16:51:02.877537
22,1,1,5,0,5,2026-07-30T16:51:04.714063
22,1,2,5,0,5,2026-07-30T16:51:05.975297
22,1,3,5,0,5,2026-07-30T16:51:07.837208
22,1,4,5,0,5,2026-07-30T16:51:09.308465
22,1,5,5,0,5,2026-07-30T16:51:11.179269
22,1,6,5,0,5,2026-07-30T16:51:13.058783
22,1,7,5,0,5,2026-07-30T16:51:14.301457
22,1,8,5,0,5,2026-07-30T16:51:15.569258
22,1,9,5,0,5,2026-07-30T16:51:17.036878
22,1,10,5,0,5,2026-07-30T16:51:18.910862
22,2,1,5,0,5,2026-07-30T16:51:20.374856
22,2,2,5,0,5,2026-07-30T16:51:21.621950
22,2,3,5,0,5,2026-07-30T16:51:23.271850
22,2,4,5,0,5,2026-07-30T16:51:24.738097
22,2,5,5,0,5,2026-07-30T16:51:26.248036
22,2,6,5,0,5,2026-07-30T16:51:27.307219
22,2,7,5,0,5,2026-07-30T16:51:29.168190
22,2,8,5,0,5,2026-07-30T16:51:30.240278
22,2,9,5,0,5,2026-07-30T16:51:31.308289
22,2,10,5,0,5,2026-07-30T16:51:33.182702
22,3,1,3,0,3,2026-07-30T16:51:34.235235
22,3,2,3,0,3,2026-07-30T16:51:35.899743
22,3,3,3,0,3,2026-07-30T16:51:37.364317
22,3,4,4,0,4,2026-07-30T16:51:39.230791
22,3,5,3,0,3,2026-07-30T16:51:40.892607
22,3,6,3,0,3,2026-07-30T16:51:42.330749
22,3,7,3,0,3,2026-07-30T16:51:43.388706
22,3,8,5,0,5,2026-07-30T16:51:44.852497
22,3,9,4,0,4,2026-07-30T16:51:45.919996
22,3,10,3,0,3,2026-07-30T16:51:47.165871
22,4,1,3,0,3,2026-07-30T16:51:49.232286
22,4,2,4,0,4,2026-07-30T16:51:50.921309
22,4,3,3,0,3,2026-07-30T16:51:51.980435
22,4,4,3,0,3,2026-07-30T16:51:53.426538
22,4,5,3,0,3,2026-07-30T16:51:54.887184
22,4,6,3,0,3,2026-07-30T16:51:55.944296
22,4,7,4,0,4,2026-07-30T16:51:57.403777
22,4,8,4,0,4,2026-07-30T16:51:58.923517
22,4,9,3,0,3,2026-07-30T16:52:00.388045
22,4,10,3,0,3,2026-07-30T16:52:02.267778
22,5,1,0,0,0,2026-07-30T16:52:03.522289
22,5,2,5,0,5,2026-07-30T16:52:04.989349
22,5,3,0,0,0,2026-07-30T16:52:06.476783
22,5,4,0,0,0,2026-07-30T16:52:07.732218
22,5,5,0,0,0,2026-07-30T16:52:09.594538
22,5,6,0,0,0,2026-07-30T16:52:10.851235
22,5,7,0,0,0,2026-07-30T16:52:12.529970
22,5,8,0,0,0,2026-07-30T16:52:14.399757
22,5,9,5,0,5,2026-07-30T16:52:16.268863
22,5,10,0,0,0,2026-07-30T16:52:17.915528
22,6,1,5,0,5,2026-07-30T16:52:19.797147
22,6,2,5,0,5,2026-07-30T16:52:21.644301
22,6,3,5,0,5,2026-07-30T16:52:23.305346
22,6,4,5,0,5,2026-07-30T16:52:25.159163
22,6,5,5,0,5,2026-07-30T16:52:27.048451
22,6,6,5,0,5,2026-07-30T16:52:28.517613
22,6,7,5,0,5,2026-07-30T16:52:29.949535
22,6,8,5,0,5,2026-07-30T16:52:31.192218
22,6,9,5,0,5,2026-07-30T16:52:32.226314
22,6,10,5,0,5,2026-07-30T16:52:34.264215
22,7,1,5,0,5,2026-07-30T16:52:35.329697
22,7,2,5,0,5,2026-07-30T16:52:36.378231
22,7,3,5,0,5,2026-07-30T16:52:37.442092
22,7,4,5,0,5,2026-07-30T16:52:38.681452
22,7,5,5,0,5,2026-07-30T16:52:40.153281
22,7,6,5,0,5,2026-07-30T16:52:41.421055
22,7,7,5,0,5,2026-07-30T16:52:42.856357
22,7,8,5,0,5,2026-07-30T16:52:43.965693
22,7,9,5,0,5,2026-07-30T16:52:45.621218
22,7,10,5,0,5,2026-07-30T16:52:46.874779
22,8,1,5,0,5,2026-07-30T16:52:48.529029
22,8,2,5,0,5,2026-07-30T16:52:49.586421
22,8,3,5,0,5,2026-07-30T16:52:50.617626
22,8,4,5,0,5,2026-07-30T16:52:51.867897
22,8,5,5,0,5,2026-07-30T16:52:53.327772
22,8,6,5,0,5,2026-07-30T16:52:54.763737
22,8,7,5,0,5,2026-07-30T16:52:55.836376
22,8,8,5,0,5,2026-07-30T16:52:57.313679
22,8,9,5,0,5,2026-07-30T16:52:58.981075
22,8,10,5,0,5,2026-07-30T16:53:00.856750
22,9,1,4,0,4,2026-07-30T16:53:01.907743
22,9,2,5,0,5,2026-07-30T16:53:03.162065
22,9,3,3,0,3,2026-07-30T16:53:04.813852
22,9,4,4,0,4,2026-07-30T16:53:06.298082
22,9,5,3,0,3,2026-07-30T16:53:07.354604
22,9,6,3,0,3,2026-07-30T16:53:08.424710
22,9,7,5,0,5,2026-07-30T16:53:09.677027
22,9,8,2,0,2,2026-07-30T16:53:11.136029
22,9,9,2,0,2,2026-07-30T16:53:12.194513
22,9,10,5,0,5,2026-07-30T16:53:13.664993
22,10,1,3,0,3,2026-07-30T16:53:15.538616
22,10,2,5,0,5,2026-07-30T16:53:16.386459
22,10,3,5,0,5,2026-07-30T16:53:17.847346
22,10,4,5,0,5,2026-07-30T16:53:18.894318
22,10,5,5,0,5,2026-07-30T16:53:20.553355
22,10,6,5,0,5,2026-07-30T16:53:22.012786
22,10,7,5,0,5,2026-07-30T16:53:23.890181
22,10,8,5,0,5,2026-07-30T16:53:25.766316
22,10,9,3,0,3,2026-07-30T16:53:27.438234
22,10,10,5,0,5,2026-07-30T16:53:28.896526
22,11,1,5,0,5,2026-07-30T16:53:30.133157
22,11,2,5,0,5,2026-07-30T16:53:31.391767
22,11,3,5,0,5,2026-07-30T16:53:32.440931
22,11,4,5,0,5,2026-07-30T16:53:33.692450
22,11,5,5,0,5,2026-07-30T16:53:35.145053
22,11,6,5,0,5,2026-07-30T16:53:37.025865
22,11,7,5,0,5,2026-07-30T16:53:38.299238
22,11,8,5,0,5,2026-07-30T16:53:40.163189
22,11,9,5,0,5,2026-07-30T16:53:41.825500
22,11,10,5,0,5,2026-07-30T16:53:43.272492
22,12,1,5,0,5,2026-07-30T16:53:44.528013
22,12,2,5,0,5,2026-07-30T16:53:45.997977
22,12,3,5,0,5,2026-07-30T16:53:47.470844
22,12,4,5,0,5,2026-07-30T16:53:49.311013
22,12,5,5,0,5,2026-07-30T16:53:51.143950
22,12,6,5,0,5,2026-07-30T16:53:52.814636
22,12,7,5,0,5,2026-07-30T16:53:53.894495
22,12,8,5,0,5,2026-07-30T16:53:55.363457
22,12,9,5,0,5,2026-07-30T16:53:57.023160
22,12,10,5,0,5,2026-07-30T16:53:58.312212
22,13,1,5,0,5,2026-07-30T16:53:59.377725
22,13,2,5,0,5,2026-07-30T16:54:01.017265
22,13,3,5,0,5,2026-07-30T16:54:02.864026
22,13,4,5,0,5,2026-07-30T16:54:04.315613
22,13,5,5,0,5,2026-07-30T16:54:05.372823
22,13,6,5,0,5,2026-07-30T16:54:07.016715
22,13,7,5,0,5,2026-07-30T16:54:08.894523
22,13,8,5,0,5,2026-07-30T16:54:10.359541
22,13,9,5,0,5,2026-07-30T16:54:12.032176
22,13,10,5,0,5,2026-07-30T16:54:13.695171
22,14,1,5,0,5,2026-07-30T16:54:15.616367
22,14,2,5,0,5,2026-07-30T16:54:17.464796
22,14,3,5,0,5,2026-07-30T16:54:18.530203
22,14,4,5,0,5,2026-07-30T16:54:22.750684
22,14,5,5,0,5,2026-07-30T16:54:24.201550
22,14,6,5,0,5,2026-07-30T16:54:25.669581
22,14,7,5,0,5,2026-07-30T16:54:27.187304
22,14,8,5,0,5,2026-07-30T16:54:29.036165
22,14,9,5,0,5,2026-07-30T16:54:30.128608
22,14,10,5,0,5,2026-07-30T16:54:31.142766
22,15,1,5,0,5,2026-07-30T16:54:32.610362
22,15,2,5,0,5,2026-07-30T16:54:34.079395
22,15,3,5,0,5,2026-07-30T16:54:35.319034
22,15,4,5,0,5,2026-07-30T16:54:36.164042
22,15,5,5,0,5,2026-07-30T16:54:38.032479
22,15,6,5,0,5,2026-07-30T16:54:39.669721
22,15,7,5,0,5,2026-07-30T16:54:41.131229
22,15,8,5,0,5,2026-07-30T16:54:42.610273
22,15,9,5,0,5,2026-07-30T16:54:44.462764
22,15,10,5,0,5,2026-07-30T16:54:45.703018
22,16,1,5,0,5,2026-07-30T16:54:47.580339
22,16,2,5,0,5,2026-07-30T16:54:49.438799
22,16,3,5,0,5,2026-07-30T16:54:50.496858
22,16,4,5,0,5,2026-07-30T16:54:51.753184
22,16,5,5,0,5,2026-07-30T16:54:53.601919
22,16,6,5,0,5,2026-07-30T16:54:55.471652
22,16,7,5,0,5,2026-07-30T16:54:56.744891
22,16,8,5,0,5,2026-07-30T16:54:58.196702
22,16,9,5,0,5,2026-07-30T16:54:59.234339
22,16,10,5,0,5,2026-07-30T16:55:00.274253
22,17,1,5,0,5,2026-07-30T16:55:02.089930
22,17,2,5,0,5,2026-07-30T16:55:03.338579
22,17,3,5,0,5,2026-07-30T16:55:04.574055
22,17,4,5,0,5,2026-07-30T16:55:05.845635
22,17,5,5,0,5,2026-07-30T16:55:07.102673
22,17,6,5,0,5,2026-07-30T16:55:08.157043
22,17,7,5,0,5,2026-07-30T16:55:10.035983
22,17,8,5,0,5,2026-07-30T16:55:11.099110
22,17,9,5,0,5,2026-07-30T16:55:12.353051
22,17,10,5,0,5,2026-07-30T16:55:13.619958
22,18,1,5,0,5,2026-07-30T16:55:16.583587
22,18,2,5,0,5,2026-07-30T16:55:18.239027
22,18,3,5,0,5,2026-07-30T16:55:19.303857
22,18,4,5,0,5,2026-07-30T16:55:20.755914
22,18,5,5,0,5,2026-07-30T16:55:22.001189
22,18,6,5,0,5,2026-07-30T16:55:24.035931
22,18,7,5,0,5,2026-07-30T16:55:25.684525
22,18,8,5,0,5,2026-07-30T16:55:27.153339
22,18,9,5,0,5,2026-07-30T16:55:28.607033
22,18,10,5,0,5,2026-07-30T16:55:29.852810
22,19,1,5,0,5,2026-07-30T16:55:31.705460
22,19,2,5,0,5,2026-07-30T16:55:32.970267
22,19,3,5,0,5,2026-07-30T16:55:34.820064
22,19,4,5,0,5,2026-07-30T16:55:35.661156
22,19,5,5,0,5,2026-07-30T16:55:37.135392
22,19,6,5,0,5,2026-07-30T16:55:39.016687
22,19,7,5,0,5,2026-07-30T16:55:40.665643
22,19,8,5,0,5,2026-07-30T16:55:42.317452
22,19,9,5,0,5,2026-07-30T16:55:43.970833
22,19,10,5,0,5,2026-07-30T16:55:45.815929
22,20,1,5,0,5,2026-07-30T16:55:47.275907
22,20,2,5,0,5,2026-07-30T16:55:49.331970
22,20,3,5,0,5,2026-07-30T16:55:50.583806
22,20,4,5,0,5,2026-07-30T16:55:52.032061
22,20,5,5,0,5,2026-07-30T16:55:53.483702
22,20,6,5,0,5,2026-07-30T16:55:55.125411
22,20,7,5,0,5,2026-07-30T16:55:56.774800
22,20,8,5,0,5,2026-07-30T16:55:58.425406
22,20,9,5,0,5,2026-07-30T16:55:59.688432
22,20,10,5,0,5,2026-07-30T16:56:01.563496
22,21,1,5,0,5,2026-07-30T16:56:03.402229
22,21,2,5,0,5,2026-07-30T16:56:05.220500
22,21,3,5,0,5,2026-07-30T16:56:06.266176
22,21,4,5,0,5,2026-07-30T16:56:07.322721
22,21,5,5,0,5,2026-07-30T16:56:08.572250
22,21,6,5,0,5,2026-07-30T16:56:10.307125
22,21,7,5,0,5,2026-07-30T16:56:11.961693
22,21,8,5,0,5,2026-07-30T16:56:13.183549
22,21,9,5,0,5,2026-07-30T16:56:14.433659
22,21,10,5,0,5,2026-07-30T16:56:15.934569
22,22,1,5,0,5,2026-07-30T16:56:17.800720
22,22,2,5,0,5,2026-07-30T16:56:19.050025
22,22,3,5,0,5,2026-07-30T16:56:20.715645
22,22,4,5,0,5,2026-07-30T16:56:22.139398
22,22,5,5,0,5,2026-07-30T16:56:23.370863
22,22,6,5,0,5,2026-07-30T16:56:24.420310
22,22,7,5,0,5,2026-07-30T16:56:26.278206
22,22,8,5,0,5,2026-07-30T16:56:27.354837
22,22,9,5,0,5,2026-07-30T16:56:28.820372
22,22,10,5,0,5,2026-07-30T16:56:30.273864
22,23,1,5,0,5,2026-07-30T16:56:31.322290
22,23,2,5,0,5,2026-07-30T16:56:32.572224
22,23,3,5,0,5,2026-07-30T16:56:34.217614
22,23,4,5,0,5,2026-07-30T16:56:35.455866
22,23,5,5,0,5,2026-07-30T16:56:37.102438
22,23,6,5,0,5,2026-07-30T16:56:38.564225
22,23,7,5,0,5,2026-07-30T16:56:40.825231
22,23,8,5,0,5,2026-07-30T16:56:42.261874
22,23,9,5,0,5,2026-07-30T16:56:43.717220
22,23,10,5,0,5,2026-07-30T16:56:44.758969
22,24,1,5,0,5,2026-07-30T16:56:45.999063
22,24,2,5,0,5,2026-07-30T16:56:47.641482
22,24,3,5,0,5,2026-07-30T16:56:49.295069
22,24,4,5,0,5,2026-07-30T16:56:50.739762
22,24,5,5,0,5,2026-07-30T16:56:52.387727
22,24,6,5,0,5,2026-07-30T16:56:53.842320
22,24,7,5,0,5,2026-07-30T16:56:55.097220
22,24,8,5,0,5,2026-07-30T16:56:56.959492
22,24,9,5,0,5,2026-07-30T16:56:58.390103
22,24,10,5,0,5,2026-07-30T16:56:59.434901
22,25,1,3,0,3,2026-07-30T16:57:00.663908
22,25,2,5,0,5,2026-07-30T16:57:02.126614
22,25,3,5,0,5,2026-07-30T16:57:03.150332
22,25,4,5,0,5,2026-07-30T16:57:04.607449
22,25,5,0,0,0,2026-07-30T16:57:05.852456
22,25,6,3,0,3,2026-07-30T16:57:06.898556
22,25,7,5,0,5,2026-07-30T16:57:07.959897
22,25,8,0,0,0,2026-07-30T16:57:09.415166
22,25,9,5,0,5,2026-07-30T16:57:10.670269
22,25,10,4,0,4,2026-07-30T16:57:12.344524
22,26,1,5,0,5,2026-07-30T16:57:13.395779
22,26,2,5,0,5,2026-07-30T16:57:14.645071
22,26,3,5,0,5,2026-07-30T16:57:17.886958
22,26,4,5,0,5,2026-07-30T16:57:19.346701
22,26,5,5,0,5,2026-07-30T16:57:21.006524
22,26,6,5,0,5,2026-07-30T16:57:22.257023
22,26,7,5,0,5,2026-07-30T16:57:23.513139
22,26,8,5,0,5,2026-07-30T16:57:25.181954
22,26,9,5,0,5,2026-07-30T16:57:26.824344
22,26,10,5,0,5,2026-07-30T16:57:28.490929
22,27,1,5,0,5,2026-07-30T16:57:29.747395
22,27,2,5,0,5,2026-07-30T16:57:30.813664
22,27,3,5,0,5,2026-07-30T16:57:32.264211
22,27,4,5,0,5,2026-07-30T16:57:33.314180
22,27,5,5,0,5,2026-07-30T16:57:34.362380
22,27,6,5,0,5,2026-07-30T16:57:35.815170
22,27,7,5,0,5,2026-07-30T16:57:37.474421
22,27,8,5,0,5,2026-07-30T16:57:38.742947
22,27,9,5,0,5,2026-07-30T16:57:40.204578
22,27,10,5,0,5,2026-07-30T16:57:42.030820
22,28,1,5,0,5,2026-07-30T16:57:43.517149
22,28,2,5,0,5,2026-07-30T16:57:44.777729
22,28,3,5,0,5,2026-07-30T16:57:45.835632
22,28,4,5,0,5,2026-07-30T16:57:46.725256
22,28,5,5,0,5,2026-07-30T16:57:48.194477
22,28,6,5,0,5,2026-07-30T16:57:49.461365
22,28,7,5,0,5,2026-07-30T16:57:51.324046
22,28,8,5,0,5,2026-07-30T16:57:53.166572
22,28,9,5,0,5,2026-07-30T16:57:55.239091
22,28,10,5,0,5,2026-07-30T16:57:57.103520
22,29,1,5,0,5,2026-07-30T16:57:58.751625
22,29,2,5,0,5,2026-07-30T16:58:00.202813
22,29,3,5,0,5,2026-07-30T16:58:01.249499
22,29,4,5,0,5,2026-07-30T16:58:02.509362
22,29,5,5,0,5,2026-07-30T16:58:03.764132
22,29,6,5,0,5,2026-07-30T16:58:05.006874
22,29,7,5,0,5,2026-07-30T16:58:07.006412
22,29,8,5,0,5,2026-07-30T16:58:08.057846
22,29,9,5,0,5,2026-07-30T16:58:09.893993
22,29,10,5,0,5,2026-07-30T16:58:11.756642
22,30,1,5,0,5,2026-07-30T16:58:13.627686
22,30,2,5,0,5,2026-07-30T16:58:15.735246
22,30,3,5,0,5,2026-07-30T16:58:16.758077
22,30,4,5,0,5,2026-07-30T16:58:18.413127
22,30,5,5,0,5,2026-07-30T16:58:20.886724
22,30,6,5,0,5,2026-07-30T16:58:21.933702
22,30,7,5,0,5,2026-07-30T16:58:22.956666
22,30,8,5,0,5,2026-07-30T16:58:24.611086
22,30,9,5,0,5,2026-07-30T16:58:26.479455
22,30,10,5,0,5,2026-07-30T16:58:28.124732
23,1,1,5,0,5,2026-07-30T16:58:29.593389
23,1,2,5,0,5,2026-07-30T16:58:31.470620
23,1,3,5,0,5,2026-07-30T16:58:32.734495
23,1,4,5,0,5,2026-07-30T16:58:33.974997
23,1,5,5,0,5,2026-07-30T16:58:35.840609
23,1,6,5,0,5,2026-07-30T16:58:37.715112
23,1,7,5,0,5,2026-07-30T16:58:38.758520
23,1,8,5,0,5,2026-07-30T16:58:40.020648
23,1,9,5,0,5,2026-07-30T16:58:41.276595
23,1,10,5,0,5,2026-07-30T16:58:43.147456
23,2,1,5,0,5,2026-07-30T16:58:45.019375
23,2,2,5,0,5,2026-07-30T16:58:46.477802
23,2,3,5,0,5,2026-07-30T16:58:47.533101
23,2,4,5,0,5,2026-07-30T16:58:49.171753
23,2,5,5,0,5,2026-07-30T16:58:50.427580
23,2,6,5,0,5,2026-07-30T16:58:51.874596
23,2,7,5,0,5,2026-07-30T16:58:53.128252
23,2,8,5,0,5,2026-07-30T16:58:54.177751
23,2,9,5,0,5,2026-07-30T16:58:55.851189
23,2,10,5,0,5,2026-07-30T16:58:57.513528
23,3,1,5,0,5,2026-07-30T16:58:58.582004
23,3,2,5,0,5,2026-07-30T16:59:00.635299
23,3,3,5,0,5,2026-07-30T16:59:02.504399
23,3,4,5,0,5,2026-07-30T16:59:03.558949
23,3,5,5,0,5,2026-07-30T16:59:04.799244
23,3,6,5,0,5,2026-07-30T16:59:06.863416
23,3,7,5,0,5,2026-07-30T16:59:07.904314
23,3,8,5,0,5,2026-07-30T16:59:09.737007
23,3,9,5,0,5,2026-07-30T16:59:10.781502
23,3,10,5,0,5,2026-07-30T16:59:12.626536
23,4,1,0,0,0,2026-07-30T16:59:14.086502
23,4,2,0,0,0,2026-07-30T16:59:15.328611
23,4,3,0,0,0,2026-07-30T16:59:16.977367
23,4,4,0,0,0,2026-07-30T16:59:18.227990
23,4,5,0,0,0,2026-07-30T16:59:20.289367
23,4,6,0,0,0,2026-07-30T16:59:21.531197
23,4,7,0,0,0,2026-07-30T16:59:22.576346
23,4,8,0,0,0,2026-07-30T16:59:24.409225
23,4,9,0,0,0,2026-07-30T16:59:27.356181
23,4,10,0,0,0,2026-07-30T16:59:28.611864
23,5,1,5,0,5,2026-07-30T16:59:29.667340
23,5,2,5,0,5,2026-07-30T16:59:30.893285
23,5,3,5,0,5,2026-07-30T16:59:32.565422
23,5,4,0,0,0,2026-07-30T16:59:33.804147
23,5,5,0,0,0,2026-07-30T16:59:35.525258
23,5,6,0,0,0,2026-07-30T16:59:36.978706
23,5,7,4,0,4,2026-07-30T16:59:39.044110
23,5,8,0,0,0,2026-07-30T16:59:40.499239
23,5,9,5,0,5,2026-07-30T16:59:41.543763
23,5,10,5,0,5,2026-07-30T16:59:43.411005
23,6,1,5,0,5,2026-07-30T16:59:44.680545
23,6,2,5,0,5,2026-07-30T16:59:46.535413
23,6,3,5,0,5,2026-07-30T16:59:48.392791
23,6,4,5,0,5,2026-07-30T16:59:49.254249
23,6,5,5,0,5,2026-07-30T16:59:50.486889
23,6,6,5,0,5,2026-07-30T16:59:51.536066
23,6,7,5,0,5,2026-07-30T16:59:53.022305
23,6,8,5,0,5,2026-07-30T16:59:54.866248
23,6,9,5,0,5,2026-07-30T16:59:55.936573
23,6,10,5,0,5,2026-07-30T16:59:57.780489
23,7,1,5,0,5,2026-07-30T16:59:58.820458
23,7,2,5,0,5,2026-07-30T17:00:00.286282
23,7,3,5,0,5,2026-07-30T17:00:01.930514
23,7,4,5,0,5,2026-07-30T17:00:03.182729
23,7,5,5,0,5,2026-07-30T17:00:04.455215
23,7,6,5,0,5,2026-07-30T17:00:06.310913
23,7,7,5,0,5,2026-07-30T17:00:07.773091
23,7,8,5,0,5,2026-07-30T17:00:09.251416
23,7,9,5,0,5,2026-07-30T17:00:10.281371
23,7,10,5,0,5,2026-07-30T17:00:11.541854
23,8,1,5,0,5,2026-07-30T17:00:12.576799
23,8,2,5,0,5,2026-07-30T17:00:14.431725
23,8,3,5,0,5,2026-07-30T17:00:15.699410
23,8,4,5,0,5,2026-07-30T17:00:17.536731
23,8,5,5,0,5,2026-07-30T17:00:18.570213
23,8,6,5,0,5,2026-07-30T17:00:20.216136
23,8,7,5,0,5,2026-07-30T17:00:21.660196
23,8,8,5,0,5,2026-07-30T17:00:23.134085
23,8,9,5,0,5,2026-07-30T17:00:24.373701
23,8,10,5,0,5,2026-07-30T17:00:25.619664
23,9,1,5,0,5,2026-07-30T17:00:27.446714
23,9,2,5,0,5,2026-07-30T17:00:28.508648
23,9,3,5,0,5,2026-07-30T17:00:30.393026
23,9,4,5,0,5,2026-07-30T17:00:32.068934
23,9,5,5,0,5,2026-07-30T17:00:34.125507
23,9,6,5,0,5,2026-07-30T17:00:35.609666
23,9,7,5,0,5,2026-07-30T17:00:36.872797
23,9,8,5,0,5,2026-07-30T17:00:38.123851
23,9,9,5,0,5,2026-07-30T17:00:39.993753
23,9,10,5,0,5,2026-07-30T17:00:42.050792
23,10,1,5,0,5,2026-07-30T17:00:43.075743
23,10,2,0,0,0,2026-07-30T17:00:44.520196
23,10,3,5,0,5,2026-07-30T17:00:45.752977
23,10,4,5,0,5,2026-07-30T17:00:47.006064
23,10,5,3,0,3,2026-07-30T17:00:48.256170
23,10,6,5,0,5,2026-07-30T17:00:49.499454
23,10,7,5,0,5,2026-07-30T17:00:51.168549
23,10,8,2,0,2,2026-07-30T17:00:52.411826
23,10,9,0,0,0,2026-07-30T17:00:54.254033
23,10,10,3,0,3,2026-07-30T17:00:56.116036
23,11,1,5,0,5,2026-07-30T17:00:57.143789
23,11,2,5,0,5,2026-07-30T17:00:58.793163
23,11,3,5,0,5,2026-07-30T17:01:00.630763
23,11,4,5,0,5,2026-07-30T17:01:01.683619
23,11,5,5,0,5,2026-07-30T17:01:03.345721
23,11,6,5,0,5,2026-07-30T17:01:04.582675
23,11,7,5,0,5,2026-07-30T17:01:06.242605
23,11,8,5,0,5,2026-07-30T17:01:07.703782
23,11,9,5,0,5,2026-07-30T17:01:09.563753
23,11,10,5,0,5,2026-07-30T17:01:10.618915
23,12,1,5,0,5,2026-07-30T17:01:12.469145
23,12,2,5,0,5,2026-07-30T17:01:13.726899
23,12,3,5,0,5,2026-07-30T17:01:15.244529
23,12,4,5,0,5,2026-07-30T17:01:17.121728
23,12,5,5,0,5,2026-07-30T17:01:18.796767
23,12,6,5,0,5,2026-07-30T17:01:20.656531
23,12,7,5,0,5,2026-07-30T17:01:22.106076
23,12,8,5,0,5,2026-07-30T17:01:23.160504
23,12,9,5,0,5,2026-07-30T17:01:24.209519
23,12,10,5,0,5,2026-07-30T17:01:25.257843
23,13,1,5,0,5,2026-07-30T17:01:26.507819
23,13,2,5,0,5,2026-07-30T17:01:27.551877
23,13,3,5,0,5,2026-07-30T17:01:28.801304
23,13,4,5,0,5,2026-07-30T17:01:30.037762
23,13,5,4,0,4,2026-07-30T17:01:31.490080
23,13,6,5,0,5,2026-07-30T17:01:32.738633
23,13,7,3,0,3,2026-07-30T17:01:34.616225
23,13,8,5,0,5,2026-07-30T17:01:36.269887
23,13,9,5,0,5,2026-07-30T17:01:37.717609
23,13,10,5,0,5,2026-07-30T17:01:38.793417
23,14,1,5,0,5,2026-07-30T17:01:40.261363
23,14,2,5,0,5,2026-07-30T17:01:41.924958
23,14,3,5,0,5,2026-07-30T17:01:43.384443
23,14,4,5,0,5,2026-07-30T17:01:45.459931
23,14,5,5,0,5,2026-07-30T17:01:46.911441
23,14,6,5,0,5,2026-07-30T17:01:48.575886
23,14,7,5,0,5,2026-07-30T17:01:49.828369
23,14,8,5,0,5,2026-07-30T17:01:51.073299
23,14,9,5,0,5,2026-07-30T17:01:52.334127
23,14,10,5,0,5,2026-07-30T17:01:53.777114
23,15,1,5,0,5,2026-07-30T17:01:54.809145
23,15,2,5,0,5,2026-07-30T17:01:55.855837
23,15,3,5,0,5,2026-07-30T17:01:57.542354
23,15,4,5,0,5,2026-07-30T17:01:58.789409
23,15,5,5,0,5,2026-07-30T17:02:00.024451
23,15,6,5,0,5,2026-07-30T17:02:01.099964
23,15,7,5,0,5,2026-07-30T17:02:02.150589
23,15,8,5,0,5,2026-07-30T17:02:03.398868
23,15,9,5,0,5,2026-07-30T17:02:04.665580
23,15,10,5,0,5,2026-07-30T17:02:06.142380
23,16,1,5,0,5,2026-07-30T17:02:07.810105
23,16,2,5,0,5,2026-07-30T17:02:09.089434
23,16,3,5,0,5,2026-07-30T17:02:10.152362
23,16,4,5,0,5,2026-07-30T17:02:12.007605
23,16,5,5,0,5,2026-07-30T17:02:13.867145
23,16,6,5,0,5,2026-07-30T17:02:15.728505
23,16,7,5,0,5,2026-07-30T17:02:17.183346
23,16,8,5,0,5,2026-07-30T17:02:18.635684
23,16,9,5,0,5,2026-07-30T17:02:20.501604
23,16,10,5,0,5,2026-07-30T17:02:21.752806
23,17,1,5,0,5,2026-07-30T17:02:22.806528
23,17,2,5,0,5,2026-07-30T17:02:24.047320
23,17,3,5,0,5,2026-07-30T17:02:25.476766
23,17,4,5,0,5,2026-07-30T17:03:00.805462
23,17,5,5,0,5,2026-07-30T17:03:01.603243
23,17,6,5,0,5,2026-07-30T17:03:00.818685
23,17,7,5,0,5,2026-07-30T17:03:01.700522
23,17,8,5,0,5,2026-07-30T17:03:01.428032
23,17,9,5,0,5,2026-07-30T17:03:01.107865
23,17,10,5,0,5,2026-07-30T17:03:01.896668
23,18,1,5,0,5,2026-07-30T17:03:01.109690
23,18,2,5,0,5,2026-07-30T17:03:01.937689
23,18,3,5,0,5,2026-07-30T17:03:02.347032
23,18,4,5,0,5,2026-07-30T17:03:03.166757
23,18,5,5,0,5,2026-07-30T17:03:02.460131
23,18,6,5,0,5,2026-07-30T17:03:02.473178
23,18,7,5,0,5,2026-07-30T17:03:03.478595
23,18,8,5,0,5,2026-07-30T17:03:03.561287
23,18,9,5,0,5,2026-07-30T17:03:03.668673
23,18,10,5,0,5,2026-07-30T17:03:03.826115
23,19,1,5,0,5,2026-07-30T17:03:03.405672
23,19,2,5,0,5,2026-07-30T17:03:04.315806
23,19,3,5,0,5,2026-07-30T17:03:04.144444
23,19,4,5,0,5,2026-07-30T17:03:04.826497
23,19,5,5,0,5,2026-07-30T17:03:04.659135
23,19,6,5,0,5,2026-07-30T17:03:04.927063
23,19,7,5,0,5,2026-07-30T17:03:05.014822
23,19,8,5,0,5,2026-07-30T17:03:05.319434
23,19,9,5,0,5,2026-07-30T17:03:05.293909
23,19,10,5,0,5,2026-07-30T17:03:05.894933
23,20,1,5,0,5,2026-07-30T17:03:05.559475
23,20,2,5,0,5,2026-07-30T17:03:05.928774
23,20,3,5,0,5,2026-07-30T17:03:06.509144
23,20,4,5,0,5,2026-07-30T17:03:06.785419
23,20,5,5,0,5,2026-07-30T17:03:06.262945
23,20,6,5,0,5,2026-07-30T17:03:06.949377
23,20,7,5,0,5,2026-07-30T17:03:06.952653
23,20,8,5,0,5,2026-07-30T17:03:06.815423
23,20,9,5,0,5,2026-07-30T17:03:07.138209
23,20,10,5,0,5,2026-07-30T17:03:07.391686
23,21,1,5,0,5,2026-07-30T17:03:07.519582
23,21,2,5,0,5,2026-07-30T17:03:07.770830
23,21,3,5,0,5,2026-07-30T17:03:08.016695
23,21,4,5,0,5,2026-07-30T17:03:08.895099
23,21,5,5,0,5,2026-07-30T17:03:08.832445
23,21,6,5,0,5,2026-07-30T17:03:08.003304
23,21,7,5,0,5,2026-07-30T17:03:08.594001
23,21,8,5,0,5,2026-07-30T17:03:08.860758
23,21,9,5,0,5,2026-07-30T17:03:09.408652
23,21,10,5,0,5,2026-07-30T17:03:09.236471
23,22,1,5,0,5,2026-07-30T17:03:09.740241
23,22,2,5,0,5,2026-07-30T17:03:09.881593
23,22,3,5,0,5,2026-07-30T17:03:09.871972
23,22,4,5,0,5,2026-07-30T17:03:10.492933
23,22,5,5,0,5,2026-07-30T17:03:09.931618
23,22,6,5,0,5,2026-07-30T17:03:10.152107
23,22,7,5,0,5,2026-07-30T17:03:10.899078
23,22,8,5,0,5,2026-07-30T17:03:10.503308
23,22,9,5,0,5,2026-07-30T17:03:10.791949
23,22,10,5,0,5,2026-07-30T17:03:11.328997
23,23,1,5,0,5,2026-07-30T17:03:11.527469
23,23,2,5,0,5,2026-07-30T17:03:11.204058
23,23,3,5,0,5,2026-07-30T17:03:11.412252
23,23,4,5,0,5,2026-07-30T17:03:12.354996
23,23,5,5,0,5,2026-07-30T17:03:12.161666
23,23,6,5,0,5,2026-07-30T17:03:12.456576
23,23,7,5,0,5,2026-07-30T17:03:11.943330
23,23,8,5,0,5,2026-07-30T17:03:12.543204
23,23,9,5,0,5,2026-07-30T17:03:12.389071
23,23,10,5,0,5,2026-07-30T17:03:13.062408
23,24,1,5,0,5,2026-07-30T17:03:13.199404
23,24,2,5,0,5,2026-07-30T17:03:13.817356
23,24,3,5,0,5,2026-07-30T17:03:14.026152
23,24,4,0,0,0,2026-07-30T17:03:14.214417
23,24,5,5,0,5,2026-07-30T17:03:14.285487
23,24,6,5,0,5,2026-07-30T17:03:14.139869
23,24,7,5,0,5,2026-07-30T17:03:14.026222
23,24,8,5,0,5,2026-07-30T17:03:14.526707
23,24,9,5,0,5,2026-07-30T17:03:14.861934
23,24,10,5,0,5,2026-07-30T17:03:15.703773
23,25,1,5,0,5,2026-07-30T17:03:15.688442
23,25,2,5,0,5,2026-07-30T17:03:15.070793
23,25,3,5,0,5,2026-07-30T17:03:15.181912
23,25,4,5,0,5,2026-07-30T17:03:15.887546
23,25,5,0,0,0,2026-07-30T17:03:15.750051
23,25,6,5,0,5,2026-07-30T17:03:15.790240
23,25,7,5,0,5,2026-07-30T17:03:16.133142
23,25,8,5,0,5,2026-07-30T17:03:16.337063
23,25,9,5,0,5,2026-07-30T17:03:16.641520
23,25,10,5,0,5,2026-07-30T17:03:17.138685
23,26,1,5,0,5,2026-07-30T17:03:16.760260
23,26,2,5,0,5,2026-07-30T17:03:16.992798
23,26,3,5,0,5,2026-07-30T17:03:17.438599
23,26,4,5,0,5,2026-07-30T17:03:17.138757
23,26,5,5,0,5,2026-07-30T17:03:17.752857
23,26,6,5,0,5,2026-07-30T17:03:17.595120
23,26,7,5,0,5,2026-07-30T17:03:17.674675
23,26,8,5,0,5,2026-07-30T17:03:18.648895
23,26,9,5,0,5,2026-07-30T17:03:18.035840
23,26,10,5,0,5,2026-07-30T17:03:18.174993
23,27,1,5,0,5,2026-07-30T17:03:18.597682
23,27,2,5,0,5,2026-07-30T17:03:19.286534
23,27,3,5,0,5,2026-07-30T17:03:18.862042
23,27,4,5,0,5,2026-07-30T17:03:18.919989
23,27,5,5,0,5,2026-07-30T17:03:19.029660
23,27,6,5,0,5,2026-07-30T17:03:19.491545
23,27,7,5,0,5,2026-07-30T17:03:19.217412
23,27,8,5,0,5,2026-07-30T17:03:20.038155
23,27,9,5,0,5,2026-07-30T17:03:19.939295
23,27,10,5,0,5,2026-07-30T17:03:20.534515
23,28,1,5,0,5,2026-07-30T17:03:20.580457
23,28,2,5,0,5,2026-07-30T17:03:20.682685
23,28,3,5,0,5,2026-07-30T17:03:20.469102
23,28,4,5,0,5,2026-07-30T17:03:21.125155
23,28,5,5,0,5,2026-07-30T17:03:21.341734
23,28,6,5,0,5,2026-07-30T17:03:21.410209
23,28,7,4,0,4,2026-07-30T17:03:21.504797
23,28,8,5,0,5,2026-07-30T17:03:22.516715
23,28,9,4,0,4,2026-07-30T17:03:21.990775
23,28,10,4,0,4,2026-07-30T17:03:22.235169
23,29,1,5,0,5,2026-07-30T17:03:22.331475
23,29,2,5,0,5,2026-07-30T17:03:22.176584
23,29,3,5,0,5,2026-07-30T17:03:22.566190
23,29,4,5,0,5,2026-07-30T17:03:22.840794
23,29,5,5,0,5,2026-07-30T17:03:23.133606
23,29,6,5,0,5,2026-07-30T17:03:23.035721
23,29,7,5,0,5,2026-07-30T17:03:23.403848
23,29,8,5,0,5,2026-07-30T17:03:23.662346
23,29,9,5,0,5,2026-07-30T17:03:23.963119
23,29,10,5,0,5,2026-07-30T17:03:23.583934
23,30,1,5,0,5,2026-07-30T17:03:25.009965
23,30,2,5,0,5,2026-07-30T17:03:25.115282
23,30,3,5,0,5,2026-07-30T17:03:25.104013
23,30,4,5,0,5,2026-07-30T17:03:25.155754
23,30,5,5,0,5,2026-07-30T17:03:25.055448
23,30,6,5,0,5,2026-07-30T17:03:25.042732
23,30,7,5,0,5,2026-07-30T17:03:25.114615
23,30,8,5,0,5,2026-07-30T17:03:25.393149
23,30,9,5,0,5,2026-07-30T17:03:26.051554
23,30,10,5,0,5,2026-07-30T17:03:26.698001
24,1,1,5,0,5,2026-07-30T17:03:26.306466
24,1,2,5,0,5,2026-07-30T17:03:26.162465
24,1,3,5,0,5,2026-07-30T17:03:26.344575
24,1,4,5,0,5,2026-07-30T17:03:27.035260
24,1,5,5,0,5,2026-07-30T17:03:27.300724
24,1,6,5,0,5,2026-07-30T17:03:27.245384
24,1,7,5,0,5,2026-07-30T17:03:28.113165
24,1,8,5,0,5,2026-07-30T17:03:27.816818
24,1,9,5,0,5,2026-07-30T17:03:27.545659
24,1,10,5,0,5,2026-07-30T17:03:27.773527
24,2,1,5,0,5,2026-07-30T17:03:28.350842
24,2,2,5,0,5,2026-07-30T17:03:28.108946
24,2,3,5,0,5,2026-07-30T17:03:29.090535
24,2,4,5,0,5,2026-07-30T17:03:28.351152
24,2,5,5,0,5,2026-07-30T17:03:29.021043
24,2,6,5,0,5,2026-07-30T17:03:29.413529
24,2,7,5,0,5,2026-07-30T17:03:28.855788
24,2,8,5,0,5,2026-07-30T17:03:29.571400
24,2,9,5,0,5,2026-07-30T17:03:29.561445
24,2,10,5,0,5,2026-07-30T17:03:29.813759
24,3,1,5,0,5,2026-07-30T17:03:29.443245
24,3,2,5,0,5,2026-07-30T17:03:30.514060
24,3,3,5,0,5,2026-07-30T17:03:31.061099
24,3,4,5,0,5,2026-07-30T17:03:31.146377
24,3,5,5,0,5,2026-07-30T17:03:31.059990
24,3,6,5,0,5,2026-07-30T17:03:31.060438
24,3,7,5,0,5,2026-07-30T17:03:31.633247
24,3,8,5,0,5,2026-07-30T17:03:31.427273
24,3,9,5,0,5,2026-07-30T17:03:31.051401
24,3,10,5,0,5,2026-07-30T17:03:31.781195
24,4,1,5,0,5,2026-07-30T17:03:32.498981
24,4,2,5,0,5,2026-07-30T17:03:32.322010
24,4,3,5,0,5,2026-07-30T17:03:32.511544
24,4,4,3,0,3,2026-07-30T17:03:32.306176
24,4,5,3,0,3,2026-07-30T17:03:32.003444
24,4,6,5,0,5,2026-07-30T17:03:33.280383
24,4,7,5,0,5,2026-07-30T17:03:32.885565
24,4,8,5,0,5,2026-07-30T17:03:33.229314
24,4,9,5,0,5,2026-07-30T17:03:33.463884
24,4,10,5,0,5,2026-07-30T17:03:33.360655
24,5,1,5,0,5,2026-07-30T17:03:33.369714
24,5,2,5,0,5,2026-07-30T17:03:33.765648
24,5,3,5,0,5,2026-07-30T17:03:33.948886
24,5,4,5,0,5,2026-07-30T17:03:34.337069
24,5,5,5,0,5,2026-07-30T17:03:34.481759
24,5,6,5,0,5,2026-07-30T17:03:34.926554
24,5,7,5,0,5,2026-07-30T17:03:35.006145
24,5,8,5,0,5,2026-07-30T17:03:35.026921
24,5,9,5,0,5,2026-07-30T17:03:34.918797
24,5,10,5,0,5,2026-07-30T17:03:34.809074
24,6,1,5,0,5,2026-07-30T17:03:35.793010
24,6,2,5,0,5,2026-07-30T17:03:35.393360
24,6,3,5,0,5,2026-07-30T17:03:35.531690
24,6,4,5,0,5,2026-07-30T17:03:36.451572
24,6,5,5,0,5,2026-07-30T17:03:36.364018
24,6,6,5,0,5,2026-07-30T17:03:36.776882
24,6,7,5,0,5,2026-07-30T17:03:37.075647
24,6,8,5,0,5,2026-07-30T17:03:36.270477
24,6,9,5,0,5,2026-07-30T17:03:37.276472
24,6,10,5,0,5,2026-07-30T17:03:37.596539
24,7,1,5,0,5,2026-07-30T17:03:37.250337
24,7,2,5,0,5,2026-07-30T17:03:38.125525
24,7,3,5,0,5,2026-07-30T17:03:38.246567
24,7,4,5,0,5,2026-07-30T17:03:37.698312
24,7,5,5,0,5,2026-07-30T17:03:38.051911
24,7,6,5,0,5,2026-07-30T17:03:38.747992
24,7,7,5,0,5,2026-07-30T17:03:39.087636
24,7,8,5,0,5,2026-07-30T17:03:38.319295
24,7,9,5,0,5,2026-07-30T17:03:39.249724
24,7,10,5,0,5,2026-07-30T17:03:39.567309
24,8,1,5,0,5,2026-07-30T17:03:39.509370
24,8,2,5,0,5,2026-07-30T17:03:39.366552
24,8,3,5,0,5,2026-07-30T17:03:40.106978
24,8,4,5,0,5,2026-07-30T17:03:39.800681
24,8,5,5,0,5,2026-07-30T17:03:40.603226
24,8,6,5,0,5,2026-07-30T17:03:40.766409
24,8,7,5,0,5,2026-07-30T17:03:40.300541
24,8,8,5,0,5,2026-07-30T17:03:40.599504
24,8,9,5,0,5,2026-07-30T17:03:40.519273
24,8,10,5,0,5,2026-07-30T17:03:41.232442
24,9,1,5,0,5,2026-07-30T17:03:41.669242
24,9,2,5,0,5,2026-07-30T17:03:41.955870
24,9,3,3,0,3,2026-07-30T17:03:41.959269
24,9,4,5,0,5,2026-07-30T17:03:41.983120
24,9,5,5,0,5,2026-07-30T17:03:42.057229
24,9,6,5,0,5,2026-07-30T17:03:41.879190
24,9,7,5,0,5,2026-07-30T17:03:42.420767
24,9,8,2,0,2,2026-07-30T17:03:42.899058
24,9,9,0,0,0,2026-07-30T17:03:43.525813
24,9,10,5,0,5,2026-07-30T17:03:43.145020
24,10,1,5,0,5,2026-07-30T17:03:43.805286
24,10,2,5,0,5,2026-07-30T17:03:43.193028
24,10,3,5,0,5,2026-07-30T17:03:43.012310
24,10,4,5,0,5,2026-07-30T17:03:43.681607
24,10,5,5,0,5,2026-07-30T17:03:43.857913
24,10,6,5,0,5,2026-07-30T17:03:44.797265
24,10,7,5,0,5,2026-07-30T17:03:44.033484
24,10,8,5,0,5,2026-07-30T17:03:44.188660
24,10,9,5,0,5,2026-07-30T17:03:44.437481
24,10,10,5,0,5,2026-07-30T17:03:44.945602
24,11,1,5,0,5,2026-07-30T17:03:45.726242
24,11,2,5,0,5,2026-07-30T17:03:45.421635
24,11,3,5,0,5,2026-07-30T17:03:45.708662
24,11,4,5,0,5,2026-07-30T17:03:45.880427
24,11,5,5,0,5,2026-07-30T17:03:45.847581
24,11,6,5,0,5,2026-07-30T17:03:46.301815
24,11,7,5,0,5,2026-07-30T17:03:46.049513
24,11,8,5,0,5,2026-07-30T17:03:46.818938
24,11,9,5,0,5,2026-07-30T17:03:47.064491
24,11,10,5,0,5,2026-07-30T17:03:47.138897
24,12,1,5,0,5,2026-07-30T17:03:47.169825
24,12,2,5,0,5,2026-07-30T17:03:46.904872
24,12,3,5,0,5,2026-07-30T17:03:47.713738
24,12,4,5,0,5,2026-07-30T17:03:47.897462
24,12,5,5,0,5,2026-07-30T17:03:47.372115
24,12,6,5,0,5,2026-07-30T17:03:48.679515
24,12,7,5,0,5,2026-07-30T17:03:48.585027
24,12,8,5,0,5,2026-07-30T17:03:48.323122
24,12,9,5,0,5,2026-07-30T17:03:48.573142
24,12,10,5,0,5,2026-07-30T17:03:49.193954
24,13,1,5,0,5,2026-07-30T17:03:48.401683
24,13,2,5,0,5,2026-07-30T17:03:49.170791
24,13,3,5,0,5,2026-07-30T17:03:49.940384
24,13,4,5,0,5,2026-07-30T17:03:49.954652
24,13,5,5,0,5,2026-07-30T17:03:49.946549
24,13,6,5,0,5,2026-07-30T17:03:49.811544
24,13,7,5,0,5,2026-07-30T17:03:49.652459
24,13,8,5,0,5,2026-07-30T17:03:50.326764
24,13,9,5,0,5,2026-07-30T17:03:50.415499
24,13,10,5,0,5,2026-07-30T17:03:51.074972
24,14,1,5,0,5,2026-07-30T17:03:51.487833
24,14,2,5,0,5,2026-07-30T17:03:51.467762
24,14,3,5,0,5,2026-07-30T17:03:50.962102
24,14,4,5,0,5,2026-07-30T17:03:51.167887
24,14,5,5,0,5,2026-07-30T17:03:51.790527
24,14,6,5,0,5,2026-07-30T17:03:51.744783
24,14,7,5,0,5,2026-07-30T17:03:51.634252
24,14,8,5,0,5,2026-07-30T17:03:52.834171
24,14,9,5,0,5,2026-07-30T17:03:52.744347
24,14,10,5,0,5,2026-07-30T17:03:51.976214
24,15,1,5,0,5,2026-07-30T17:03:53.110525
24,15,2,5,0,5,2026-07-30T17:03:52.548230
24,15,3,5,0,5,2026-07-30T17:03:52.675903
24,15,4,5,0,5,2026-07-30T17:03:52.970531
24,15,5,5,0,5,2026-07-30T17:03:53.255575
24,15,6,5,0,5,2026-07-30T17:03:53.635989
24,15,7,5,0,5,2026-07-30T17:03:53.787836
24,15,8,5,0,5,2026-07-30T17:03:54.494460
24,15,9,5,0,5,2026-07-30T17:03:53.993589
24,15,10,5,0,5,2026-07-30T17:03:53.887566
24,16,1,5,0,5,2026-07-30T17:03:54.211997
24,16,2,5,0,5,2026-07-30T17:03:54.946952
24,16,3,5,0,5,2026-07-30T17:03:54.693138
24,16,4,5,0,5,2026-07-30T17:03:55.260215
24,16,5,5,0,5,2026-07-30T17:03:54.808549
24,16,6,5,0,5,2026-07-30T17:03:55.438847
24,16,7,5,0,5,2026-07-30T17:03:55.830466
24,16,8,5,0,5,2026-07-30T17:03:55.422058
24,16,9,5,0,5,2026-07-30T17:03:55.945865
24,16,10,5,0,5,2026-07-30T17:03:56.536941
24,17,1,5,0,5,2026-07-30T17:03:56.042208
24,17,2,5,0,5,2026-07-30T17:03:56.775662
24,17,3,5,0,5,2026-07-30T17:03:57.090803
24,17,4,5,0,5,2026-07-30T17:03:57.302599
24,17,5,5,0,5,2026-07-30T17:03:57.277503
24,17,6,5,0,5,2026-07-30T17:03:57.277350
24,17,7,5,0,5,2026-07-30T17:03:57.824897
24,17,8,5,0,5,2026-07-30T17:03:57.459331
24,17,9,5,0,5,2026-07-30T17:03:58.025772
24,17,10,5,0,5,2026-07-30T17:03:57.804353
24,18,1,5,0,5,2026-07-30T17:03:58.342658
24,18,2,5,0,5,2026-07-30T17:03:58.299577
24,18,3,5,0,5,2026-07-30T17:03:58.909430
24,18,4,5,0,5,2026-07-30T17:03:59.158517
24,18,5,5,0,5,2026-07-30T17:03:58.691132
24,18,6,5,0,5,2026-07-30T17:03:59.637294
24,18,7,5,0,5,2026-07-30T17:03:59.056780
24,18,8,5,0,5,2026-07-30T17:03:59.082813
24,18,9,5,0,5,2026-07-30T17:03:59.776346
24,18,10,5,0,5,2026-07-30T17:03:59.988404
24,19,1,5,0,5,2026-07-30T17:03:59.739903
24,19,2,5,0,5,2026-07-30T17:04:00.558322
24,19,3,5,0,5,2026-07-30T17:04:01.103567
24,19,4,5,0,5,2026-07-30T17:04:00.959361
24,19,5,5,0,5,2026-07-30T17:04:01.238769
24,19,6,5,0,5,2026-07-30T17:04:00.867852
24,19,7,5,0,5,2026-07-30T17:04:00.980625
24,19,8,5,0,5,2026-07-30T17:04:01.606886
24,19,9,5,0,5,2026-07-30T17:04:01.424977
24,19,10,5,0,5,2026-07-30T17:04:02.196002
24,20,1,5,0,5,2026-07-30T17:04:02.743719
24,20,2,5,0,5,2026-07-30T17:04:01.982845
24,20,3,5,0,5,2026-07-30T17:04:03.046215
24,20,4,5,0,5,2026-07-30T17:04:02.551232
24,20,5,5,0,5,2026-07-30T17:04:02.455633
24,20,6,5,0,5,2026-07-30T17:04:03.285830
24,20,7,5,0,5,2026-07-30T17:04:02.637721
24,20,8,5,0,5,2026-07-30T17:04:03.409421
24,20,9,5,0,5,2026-07-30T17:04:04.253116
24,20,10,5,0,5,2026-07-30T17:04:03.742627
24,21,1,5,0,5,2026-07-30T17:04:03.572220
24,21,2,5,0,5,2026-07-30T17:04:04.526358
24,21,3,5,0,5,2026-07-30T17:04:04.019278
24,21,4,5,0,5,2026-07-30T17:04:04.706799
24,21,5,5,0,5,2026-07-30T17:04:05.120770
24,21,6,5,0,5,2026-07-30T17:04:04.874662
24,21,7,5,0,5,2026-07-30T17:04:04.625884
24,21,8,5,0,5,2026-07-30T17:04:05.187991
24,21,9,5,0,5,2026-07-30T17:04:05.477242
24,21,10,5,0,5,2026-07-30T17:04:05.934264
24,22,1,5,0,5,2026-07-30T17:04:05.952405
24,22,2,5,0,5,2026-07-30T17:04:06.066179
24,22,3,5,0,5,2026-07-30T17:04:06.344878
24,22,4,5,0,5,2026-07-30T17:04:06.123039
24,22,5,5,0,5,2026-07-30T17:04:06.743857
24,22,6,5,0,5,2026-07-30T17:04:07.229108
24,22,7,5,0,5,2026-07-30T17:04:06.937699
24,22,8,5,0,5,2026-07-30T17:04:07.809057
24,22,9,5,0,5,2026-07-30T17:04:07.998215
24,22,10,5,0,5,2026-07-30T17:04:07.523765
24,23,1,5,0,5,2026-07-30T17:04:07.373870
24,23,2,5,0,5,2026-07-30T17:04:07.610310
24,23,3,5,0,5,2026-07-30T17:04:08.165715
24,23,4,5,0,5,2026-07-30T17:04:08.383572
24,23,5,5,0,5,2026-07-30T17:04:08.696301
24,23,6,5,0,5,2026-07-30T17:04:09.431501
24,23,7,5,0,5,2026-07-30T17:04:09.376353
24,23,8,5,0,5,2026-07-30T17:04:09.676895
24,23,9,5,0,5,2026-07-30T17:04:08.880443
24,23,10,5,0,5,2026-07-30T17:04:09.482225
24,24,1,5,0,5,2026-07-30T17:04:09.212313
24,24,2,5,0,5,2026-07-30T17:04:10.014428
24,24,3,5,0,5,2026-07-30T17:04:10.367529
24,24,4,5,0,5,2026-07-30T17:04:10.722410
24,24,5,5,0,5,2026-07-30T17:04:10.251522
24,24,6,5,0,5,2026-07-30T17:04:11.112793
24,24,7,5,0,5,2026-07-30T17:04:11.501134
24,24,8,5,0,5,2026-07-30T17:04:10.516389
24,24,9,5,0,5,2026-07-30T17:04:10.711433
24,24,10,5,0,5,2026-07-30T17:04:11.302907
24,25,1,5,0,5,2026-07-30T17:04:12.141711
24,25,2,5,0,5,2026-07-30T17:04:12.004766
24,25,3,5,0,5,2026-07-30T17:04:11.764213
24,25,4,0,0,0,2026-07-30T17:04:12.352741
24,25,5,5,0,5,2026-07-30T17:04:11.990305
24,25,6,0,0,0,2026-07-30T17:04:12.163490
24,25,7,5,0,5,2026-07-30T17:04:12.570724
24,25,8,5,0,5,2026-07-30T17:04:12.567033
24,25,9,5,0,5,2026-07-30T17:04:13.217339
24,25,10,5,0,5,2026-07-30T17:04:13.438489
24,26,1,5,0,5,2026-07-30T17:04:13.875692
24,26,2,5,0,5,2026-07-30T17:04:13.978545
24,26,3,5,0,5,2026-07-30T17:04:14.003941
24,26,4,5,0,5,2026-07-30T17:04:13.632365
24,26,5,5,0,5,2026-07-30T17:04:13.579724
24,26,6,5,0,5,2026-07-30T17:04:13.818475
24,26,7,5,0,5,2026-07-30T17:04:15.053726
24,26,8,5,0,5,2026-07-30T17:04:14.887747
24,26,9,5,0,5,2026-07-30T17:04:15.447593
24,26,10,5,0,5,2026-07-30T17:04:14.709244
24,27,1,5,0,5,2026-07-30T17:04:15.243065
24,27,2,5,0,5,2026-07-30T17:04:14.722212
24,27,3,5,0,5,2026-07-30T17:04:15.831689
24,27,4,5,0,5,2026-07-30T17:04:15.265334
24,27,5,5,0,5,2026-07-30T17:04:16.358960
24,27,6,5,0,5,2026-07-30T17:04:16.389066
24,27,7,5,0,5,2026-07-30T17:04:16.148855
24,27,8,5,0,5,2026-07-30T17:04:16.915632
24,27,9,5,0,5,2026-07-30T17:04:16.492013
24,27,10,5,0,5,2026-07-30T17:04:17.153913
24,28,1,5,0,5,2026-07-30T17:04:16.933603
24,28,2,5,0,5,2026-07-30T17:04:17.686970
24,28,3,5,0,5,2026-07-30T17:04:17.392273
24,28,4,5,0,5,2026-07-30T17:04:17.787621
24,28,5,5,0,5,2026-07-30T17:04:18.039506
24,28,6,5,0,5,2026-07-30T17:04:17.952046
24,28,7,5,0,5,2026-07-30T17:04:18.341188
24,28,8,5,0,5,2026-07-30T17:04:18.605119
24,28,9,5,0,5,2026-07-30T17:04:18.598870
24,28,10,5,0,5,2026-07-30T17:04:19.270098
24,29,1,5,0,5,2026-07-30T17:04:19.357764
24,29,2,5,0,5,2026-07-30T17:04:19.430096
24,29,3,5,0,5,2026-07-30T17:04:19.175026
24,29,4,5,0,5,2026-07-30T17:04:19.917826
24,29,5,5,0,5,2026-07-30T17:04:19.783575
24,29,6,5,0,5,2026-07-30T17:04:19.667714
24,29,7,5,0,5,2026-07-30T17:04:20.472525
24,29,8,5,0,5,2026-07-30T17:04:20.642364
24,29,9,5,0,5,2026-07-30T17:04:20.689681
24,29,10,5,0,5,2026-07-30T17:04:20.204274
24,30,1,5,0,5,2026-07-30T17:04:21.293167
24,30,2,5,0,5,2026-07-30T17:04:20.916274
24,30,3,5,0,5,2026-07-30T17:04:21.620806
24,30,4,5,0,5,2026-07-30T17:04:21.572394
24,30,5,5,0,5,2026-07-30T17:04:21.454369
24,30,6,5,0,5,2026-07-30T17:04:22.346224
24,30,7,5,0,5,2026-07-30T17:04:22.536830
24,30,8,5,0,5,2026-07-30T17:04:22.347019
24,30,9,5,0,5,2026-07-30T17:04:22.801519
24,30,10,5,0,5,2026-07-30T17:04:22.550979
25,1,1,5,0,5,2026-07-30T17:04:23.330592
25,1,2,5,0,5,2026-07-30T17:04:22.626149
25,1,3,5,0,5,2026-07-30T17:04:22.671068
25,1,4,5,0,5,2026-07-30T17:04:23.362601
25,1,5,0,0,0,2026-07-30T17:04:23.610085
25,1,6,5,0,5,2026-07-30T17:04:24.190088
25,1,7,0,0,0,2026-07-30T17:04:23.998303
25,1,8,5,0,5,2026-07-30T17:04:23.869106
25,1,9,5,0,5,2026-07-30T17:04:24.126752
25,1,10,0,0,0,2026-07-30T17:04:23.836726
25,2,1,5,0,5,2026-07-30T17:04:25.390694
25,2,2,5,0,5,2026-07-30T17:04:24.802893
25,2,3,5,0,5,2026-07-30T17:04:25.070316
25,2,4,5,0,5,2026-07-30T17:04:25.678729
25,2,5,5,0,5,2026-07-30T17:04:25.303548
25,2,6,5,0,5,2026-07-30T17:04:25.260773
25,2,7,5,0,5,2026-07-30T17:04:25.382761
25,2,8,5,0,5,2026-07-30T17:04:25.661652
25,2,9,5,0,5,2026-07-30T17:04:26.231035
25,2,10,5,0,5,2026-07-30T17:04:26.499941
25,3,1,5,0,5,2026-07-30T17:04:26.917585
25,3,2,5,0,5,2026-07-30T17:04:26.765322
25,3,3,5,0,5,2026-07-30T17:04:26.627022
25,3,4,5,0,5,2026-07-30T17:04:26.432297
25,3,5,5,0,5,2026-07-30T17:04:27.135238
25,3,6,5,0,5,2026-07-30T17:04:27.304928
25,3,7,5,0,5,2026-07-30T17:04:27.689312
25,3,8,5,0,5,2026-07-30T17:04:27.886084
25,3,9,5,0,5,2026-07-30T17:04:28.151760
25,3,10,5,0,5,2026-07-30T17:04:27.875900
25,4,1,5,0,5,2026-07-30T17:04:28.422958
25,4,2,5,0,5,2026-07-30T17:04:28.186190
25,4,3,5,0,5,2026-07-30T17:04:28.782330
25,4,4,5,0,5,2026-07-30T17:04:28.759920
25,4,5,5,0,5,2026-07-30T17:04:29.541273
25,4,6,5,0,5,2026-07-30T17:04:29.117403
25,4,7,5,0,5,2026-07-30T17:04:29.357387
25,4,8,5,0,5,2026-07-30T17:04:29.252070
25,4,9,5,0,5,2026-07-30T17:04:29.251995
25,4,10,5,0,5,2026-07-30T17:04:29.691516
25,5,1,5,0,5,2026-07-30T17:04:30.632539
25,5,2,5,0,5,2026-07-30T17:04:30.207946
25,5,3,5,0,5,2026-07-30T17:04:30.968083
25,5,4,5,0,5,2026-07-30T17:04:30.711029
25,5,5,5,0,5,2026-07-30T17:04:30.505484
25,5,6,5,0,5,2026-07-30T17:04:30.809705
25,5,7,5,0,5,2026-07-30T17:04:30.601797
25,5,8,5,0,5,2026-07-30T17:04:30.753363
25,5,9,5,0,5,2026-07-30T17:04:31.670067
25,5,10,5,0,5,2026-07-30T17:04:31.981956
25,6,1,5,0,5,2026-07-30T17:04:31.849412
25,6,2,5,0,5,2026-07-30T17:04:32.313544
25,6,3,5,0,5,2026-07-30T17:04:31.973812
25,6,4,5,0,5,2026-07-30T17:04:32.589162
25,6,5,5,0,5,2026-07-30T17:04:31.828370
25,6,6,5,0,5,2026-07-30T17:04:32.001679
25,6,7,5,0,5,2026-07-30T17:04:32.692461
25,6,8,5,0,5,2026-07-30T17:04:33.091015
25,6,9,5,0,5,2026-07-30T17:04:32.893937
25,6,10,5,0,5,2026-07-30T17:04:33.640946
25,7,1,5,0,5,2026-07-30T17:04:33.446658
25,7,2,5,0,5,2026-07-30T17:04:33.616712
25,7,3,5,0,5,2026-07-30T17:04:33.347919
25,7,4,5,0,5,2026-07-30T17:04:33.646006
25,7,5,5,0,5,2026-07-30T17:04:33.936907
25,7,6,5,0,5,2026-07-30T17:04:34.755527
25,7,7,5,0,5,2026-07-30T17:04:34.125428
25,7,8,5,0,5,2026-07-30T17:04:34.505120
25,7,9,5,0,5,2026-07-30T17:04:35.353569
25,7,10,5,0,5,2026-07-30T17:04:34.722311
25,8,1,5,0,5,2026-07-30T17:04:35.150770
25,8,2,5,0,5,2026-07-30T17:04:34.745224
25,8,3,5,0,5,2026-07-30T17:04:35.158108
25,8,4,5,0,5,2026-07-30T17:04:35.184541
25,8,5,5,0,5,2026-07-30T17:04:35.740959
25,8,6,5,0,5,2026-07-30T17:04:36.585738
25,8,7,5,0,5,2026-07-30T17:04:36.393186
25,8,8,5,0,5,2026-07-30T17:04:36.415793
25,8,9,5,0,5,2026-07-30T17:04:37.047019
25,8,10,5,0,5,2026-07-30T17:04:36.227450
25,9,1,5,0,5,2026-07-30T17:04:36.822786
25,9,2,5,0,5,2026-07-30T17:04:36.390011
25,9,3,5,0,5,2026-07-30T17:04:37.599543
25,9,4,5,0,5,2026-07-30T17:04:38.100675
25,9,5,5,0,5,2026-07-30T17:04:38.032702
25,9,6,5,0,5,2026-07-30T17:04:37.833727
25,9,7,5,0,5,2026-07-30T17:04:38.061073
25,9,8,5,0,5,2026-07-30T17:04:37.863404
25,9,9,5,0,5,2026-07-30T17:04:38.461690
25,9,10,5,0,5,2026-07-30T17:04:38.700051
25,10,1,5,0,5,2026-07-30T17:04:39.669415
25,10,2,5,0,5,2026-07-30T17:04:39.281622
25,10,3,5,0,5,2026-07-30T17:04:39.319078
25,10,4,5,0,5,2026-07-30T17:04:39.276582
25,10,5,5,0,5,2026-07-30T17:04:39.895375
25,10,6,5,0,5,2026-07-30T17:04:39.547209
25,10,7,5,0,5,2026-07-30T17:04:39.490695
25,10,8,5,0,5,2026-07-30T17:04:40.146144
25,10,9,5,0,5,2026-07-30T17:04:40.897194
25,10,10,5,0,5,2026-07-30T17:04:40.525983
25,11,1,5,0,5,2026-07-30T17:04:41.171498
25,11,2,5,0,5,2026-07-30T17:04:40.737834
25,11,3,5,0,5,2026-07-30T17:04:40.592578
25,11,4,5,0,5,2026-07-30T17:04:41.513281
25,11,5,5,0,5,2026-07-30T17:04:41.134826
25,11,6,5,0,5,2026-07-30T17:04:41.783186
25,11,7,5,0,5,2026-07-30T17:04:42.181486
25,11,8,5,0,5,2026-07-30T17:04:41.812008
25,11,9,5,0,5,2026-07-30T17:04:42.381031
25,11,10,5,0,5,2026-07-30T17:04:41.887675
25,12,1,5,0,5,2026-07-30T17:04:42.997458
25,12,2,5,0,5,2026-07-30T17:04:42.392955
25,12,3,5,0,5,2026-07-30T17:04:43.159272
25,12,4,5,0,5,2026-07-30T17:04:42.825964
25,12,5,5,0,5,2026-07-30T17:04:43.267053
25,12,6,5,0,5,2026-07-30T17:04:42.915284
25,12,7,5,0,5,2026-07-30T17:04:43.828477
25,12,8,5,0,5,2026-07-30T17:04:43.821135
25,12,9,5,0,5,2026-07-30T17:04:43.640768
25,12,10,5,0,5,2026-07-30T17:04:44.680106
25,13,1,5,0,5,2026-07-30T17:04:44.365940
25,13,2,5,0,5,2026-07-30T17:04:44.651337
25,13,3,5,0,5,2026-07-30T17:04:44.192604
25,13,4,5,0,5,2026-07-30T17:04:44.315408
25,13,5,5,0,5,2026-07-30T17:04:45.078576
25,13,6,5,0,5,2026-07-30T17:04:45.057319
25,13,7,5,0,5,2026-07-30T17:04:44.906479
25,13,8,5,0,5,2026-07-30T17:04:45.814509
25,13,9,5,0,5,2026-07-30T17:04:46.135931
25,13,10,5,0,5,2026-07-30T17:04:45.796145
25,14,1,5,0,5,2026-07-30T17:04:46.681300
25,14,2,5,0,5,2026-07-30T17:04:46.147533
25,14,3,5,0,5,2026-07-30T17:04:46.754449
25,14,4,5,0,5,2026-07-30T17:04:46.266959
25,14,5,5,0,5,2026-07-30T17:04:46.727446
25,14,6,5,0,5,2026-07-30T17:04:47.015782
25,14,7,5,0,5,2026-07-30T17:04:47.268064
25,14,8,5,0,5,2026-07-30T17:04:47.560789
25,14,9,5,0,5,2026-07-30T17:04:47.988971
25,14,10,5,0,5,2026-07-30T17:04:47.894649
25,15,1,5,0,5,2026-07-30T17:04:47.695409
25,15,2,5,0,5,2026-07-30T17:04:48.377744
25,15,3,5,0,5,2026-07-30T17:04:48.407824
25,15,4,5,0,5,2026-07-30T17:04:48.254476
25,15,5,5,0,5,2026-07-30T17:04:49.299578
25,15,6,5,0,5,2026-07-30T17:04:49.217071
25,15,7,5,0,5,2026-07-30T17:04:48.913016
25,15,8,5,0,5,2026-07-30T17:04:48.943440
25,15,9,5,0,5,2026-07-30T17:04:49.447984
25,15,10,5,0,5,2026-07-30T17:04:49.920746
25,16,1,5,0,5,2026-07-30T17:04:50.249188
25,16,2,5,0,5,2026-07-30T17:04:49.619115
25,16,3,5,0,5,2026-07-30T17:04:50.555328
25,16,4,5,0,5,2026-07-30T17:04:50.814966
25,16,5,5,0,5,2026-07-30T17:04:51.470847
25,16,6,5,0,5,2026-07-30T17:04:50.938223
25,16,7,5,0,5,2026-07-30T17:04:50.483716
25,16,8,5,0,5,2026-07-30T17:04:51.871520
25,16,9,5,0,5,2026-07-30T17:04:50.759418
25,16,10,5,0,5,2026-07-30T17:04:52.124720
25,17,1,5,0,5,2026-07-30T17:04:52.351114
25,17,2,5,0,5,2026-07-30T17:04:51.623937
25,17,3,5,0,5,2026-07-30T17:04:51.992067
25,17,4,5,0,5,2026-07-30T17:04:52.448145
25,17,5,5,0,5,2026-07-30T17:04:52.594042
25,17,6,5,0,5,2026-07-30T17:04:53.309182
25,17,7,5,0,5,2026-07-30T17:04:53.467713
25,17,8,5,0,5,2026-07-30T17:04:53.504259
25,17,9,5,0,5,2026-07-30T17:04:53.865624
25,17,10,5,0,5,2026-07-30T17:04:53.577747
25,18,1,5,0,5,2026-07-30T17:04:53.798701
25,18,2,5,0,5,2026-07-30T17:04:53.882756
25,18,3,5,0,5,2026-07-30T17:04:54.246256
25,18,4,5,0,5,2026-07-30T17:04:54.558983
25,18,5,5,0,5,2026-07-30T17:04:54.523153
25,18,6,5,0,5,2026-07-30T17:04:54.354423
25,18,7,5,0,5,2026-07-30T17:04:54.833175
25,18,8,5,0,5,2026-07-30T17:04:54.848596
25,18,9,5,0,5,2026-07-30T17:04:55.342502
25,18,10,5,0,5,2026-07-30T17:04:55.120855
25,19,1,5,0,5,2026-07-30T17:04:55.486247
25,19,2,5,0,5,2026-07-30T17:04:55.796650
25,19,3,5,0,5,2026-07-30T17:04:55.956107
25,19,4,5,0,5,2026-07-30T17:04:55.613548
25,19,5,5,0,5,2026-07-30T17:04:56.467903
25,19,6,5,0,5,2026-07-30T17:04:56.478120
25,19,7,5,0,5,2026-07-30T17:04:56.351459
25,19,8,5,0,5,2026-07-30T17:04:56.410929
25,19,9,5,0,5,2026-07-30T17:04:57.339000
25,19,10,5,0,5,2026-07-30T17:04:57.046388
25,20,1,5,0,5,2026-07-30T17:04:57.014767
25,20,2,5,0,5,2026-07-30T17:04:56.962955
25,20,3,5,0,5,2026-07-30T17:04:57.800329
25,20,4,5,0,5,2026-07-30T17:04:58.096171
25,20,5,5,0,5,2026-07-30T17:04:58.506990
25,20,6,5,0,5,2026-07-30T17:04:58.135704
25,20,7,5,0,5,2026-07-30T17:04:58.186083
25,20,8,5,0,5,2026-07-30T17:04:58.061829
25,20,9,5,0,5,2026-07-30T17:04:58.074365
25,20,10,5,0,5,2026-07-30T17:04:59.165572
25,21,1,5,0,5,2026-07-30T17:04:59.264476
25,21,2,5,0,5,2026-07-30T17:04:59.702678
25,21,3,5,0,5,2026-07-30T17:04:59.696049
25,21,4,5,0,5,2026-07-30T17:04:59.950479
25,21,5,5,0,5,2026-07-30T17:04:59.770898
25,21,6,5,0,5,2026-07-30T17:04:59.613311
25,21,7,5,0,5,2026-07-30T17:04:59.761828
25,21,8,5,0,5,2026-07-30T17:05:00.610772
25,21,9,5,0,5,2026-07-30T17:05:00.285269
25,21,10,5,0,5,2026-07-30T17:05:01.059646
25,22,1,5,0,5,2026-07-30T17:05:01.151139
25,22,2,5,0,5,2026-07-30T17:05:01.557838
25,22,3,5,0,5,2026-07-30T17:05:01.629429
25,22,4,5,0,5,2026-07-30T17:05:01.627796
25,22,5,5,0,5,2026-07-30T17:05:01.390508
25,22,6,5,0,5,2026-07-30T17:05:02.107778
25,22,7,5,0,5,2026-07-30T17:05:01.862085
25,22,8,5,0,5,2026-07-30T17:05:03.097399
25,22,9,5,0,5,2026-07-30T17:05:02.614947
25,22,10,5,0,5,2026-07-30T17:05:02.847442
25,23,1,5,0,5,2026-07-30T17:05:03.226276
25,23,2,5,0,5,2026-07-30T17:05:03.060679
25,23,3,5,0,5,2026-07-30T17:05:02.881380
25,23,4,5,0,5,2026-07-30T17:05:03.520461
25,23,5,5,0,5,2026-07-30T17:05:03.362643
25,23,6,5,0,5,2026-07-30T17:05:03.844829
25,23,7,5,0,5,2026-07-30T17:05:04.281747
25,23,8,5,0,5,2026-07-30T17:05:04.505493
25,23,9,5,0,5,2026-07-30T17:05:04.535600
25,23,10,5,0,5,2026-07-30T17:05:04.734089
25,24,1,5,0,5,2026-07-30T17:05:04.885601
25,24,2,5,0,5,2026-07-30T17:05:05.214458
25,24,3,5,0,5,2026-07-30T17:05:05.148585
25,24,4,5,0,5,2026-07-30T17:05:05.709209
25,24,5,5,0,5,2026-07-30T17:05:05.533908
25,24,6,5,0,5,2026-07-30T17:05:05.758394
25,24,7,5,0,5,2026-07-30T17:05:06.182168
25,24,8,5,0,5,2026-07-30T17:05:05.986134
25,24,9,5,0,5,2026-07-30T17:05:06.331353
25,24,10,5,0,5,2026-07-30T17:05:06.191975
25,25,1,5,0,5,2026-07-30T17:05:06.459975
25,25,2,5,0,5,2026-07-30T17:05:06.977732
25,25,3,5,0,5,2026-07-30T17:05:06.748197
25,25,4,5,0,5,2026-07-30T17:05:06.990720
25,25,5,5,0,5,2026-07-30T17:05:07.007398
25,25,6,5,0,5,2026-07-30T17:05:07.615992
25,25,7,5,0,5,2026-07-30T17:05:07.636946
25,25,8,5,0,5,2026-07-30T17:05:07.356144
25,25,9,5,0,5,2026-07-30T17:05:08.098452
25,25,10,5,0,5,2026-07-30T17:05:07.782932
25,26,1,5,0,5,2026-07-30T17:05:08.833887
25,26,2,5,0,5,2026-07-30T17:05:08.231462
25,26,3,5,0,5,2026-07-30T17:05:08.449791
25,26,4,5,0,5,2026-07-30T17:05:08.991335
25,26,5,5,0,5,2026-07-30T17:05:09.448768
25,26,6,5,0,5,2026-07-30T17:05:09.284235
25,26,7,5,0,5,2026-07-30T17:05:09.226218
25,26,8,5,0,5,2026-07-30T17:05:09.761964
25,26,9,5,0,5,2026-07-30T17:05:09.484276
25,26,10,5,0,5,2026-07-30T17:05:10.336647
25,27,1,5,0,5,2026-07-30T17:05:10.071837
25,27,2,5,0,5,2026-07-30T17:05:10.002460
25,27,3,5,0,5,2026-07-30T17:05:11.067483
25,27,4,5,0,5,2026-07-30T17:05:10.915587
25,27,5,5,0,5,2026-07-30T17:05:11.090709
25,27,6,5,0,5,2026-07-30T17:05:10.546150
25,27,7,5,0,5,2026-07-30T17:05:11.626576
25,27,8,5,0,5,2026-07-30T17:05:11.482318
25,27,9,5,0,5,2026-07-30T17:05:11.533708
25,27,10,5,0,5,2026-07-30T17:05:11.381604
25,28,1,5,0,5,2026-07-30T17:05:12.399510
25,28,2,5,0,5,2026-07-30T17:05:12.173029
25,28,3,5,0,5,2026-07-30T17:05:12.738714
25,28,4,5,0,5,2026-07-30T17:05:12.307826
25,28,5,5,0,5,2026-07-30T17:05:12.635902
25,28,6,5,0,5,2026-07-30T17:05:12.947143
25,28,7,5,0,5,2026-07-30T17:05:12.553641
25,28,8,5,0,5,2026-07-30T17:05:13.081386
25,28,9,5,0,5,2026-07-30T17:05:13.206798
25,28,10,5,0,5,2026-07-30T17:05:13.556134
25,29,1,5,0,5,2026-07-30T17:05:14.064234
25,29,2,5,0,5,2026-07-30T17:05:14.217990
25,29,3,5,0,5,2026-07-30T17:05:13.685305
25,29,4,5,0,5,2026-07-30T17:05:13.752772
25,29,5,5,0,5,2026-07-30T17:05:14.851647
25,29,6,5,0,5,2026-07-30T17:05:14.550081
25,29,7,5,0,5,2026-07-30T17:05:14.524343
25,29,8,5,0,5,2026-07-30T17:05:15.050355
25,29,9,5,0,5,2026-07-30T17:05:14.921375
25,29,10,5,0,5,2026-07-30T17:05:15.585083
25,30,1,5,0,5,2026-07-30T17:05:15.383976
25,30,2,5,0,5,2026-07-30T17:05:15.731334
25,30,3,5,0,5,2026-07-30T17:05:15.574071
25,30,4,5,0,5,2026-07-30T17:05:16.281169
25,30,5,5,0,5,2026-07-30T17:05:16.290709
25,30,6,5,0,5,2026-07-30T17:05:16.776235
25,30,7,5,0,5,2026-07-30T17:05:17.076475
25,30,8,5,0,5,2026-07-30T17:05:16.445238
25,30,9,5,0,5,2026-07-30T17:05:16.628133
25,30,10,5,0,5,2026-07-30T17:05:16.729323
26,1,1,5,0,5,2026-07-30T17:05:16.995406
26,1,2,5,0,5,2026-07-30T17:05:17.331615
26,1,3,5,0,5,2026-07-30T17:05:17.521949
26,1,4,5,0,5,2026-07-30T17:05:17.698259
26,1,5,5,0,5,2026-07-30T17:05:18.479733
26,1,6,5,0,5,2026-07-30T17:05:18.166773
26,1,7,5,0,5,2026-07-30T17:05:18.426775
26,1,8,5,0,5,2026-07-30T17:05:18.656453
26,1,9,5,0,5,2026-07-30T17:05:18.718293
26,1,10,5,0,5,2026-07-30T17:05:18.957607
26,2,1,5,0,5,2026-07-30T17:05:18.962323
26,2,2,5,0,5,2026-07-30T17:05:18.729061
26,2,3,5,0,5,2026-07-30T17:05:19.808731
26,2,4,5,0,5,2026-07-30T17:05:19.665470
26,2,5,5,0,5,2026-07-30T17:05:19.732252
26,2,6,5,0,5,2026-07-30T17:05:20.305994
26,2,7,5,0,5,2026-07-30T17:05:19.956700
26,2,8,5,0,5,2026-07-30T17:05:19.957020
26,2,9,5,0,5,2026-07-30T17:05:20.370043
26,2,10,5,0,5,2026-07-30T17:05:20.406598
26,3,1,5,0,5,2026-07-30T17:05:21.536999
26,3,2,5,0,5,2026-07-30T17:05:21.346811
26,3,3,5,0,5,2026-07-30T17:05:21.864765
26,3,4,5,0,5,2026-07-30T17:05:21.467148
26,3,5,5,0,5,2026-07-30T17:05:21.685347
26,3,6,5,0,5,2026-07-30T17:05:21.989479
26,3,7,5,0,5,2026-07-30T17:05:21.444322
26,3,8,5,0,5,2026-07-30T17:05:22.247094
26,3,9,5,0,5,2026-07-30T17:05:22.803131
26,3,10,5,0,5,2026-07-30T17:05:22.470493
26,4,1,5,0,5,2026-07-30T17:05:23.130372
26,4,2,5,0,5,2026-07-30T17:05:22.635114
26,4,3,3,0,3,2026-07-30T17:05:23.324289
26,4,4,5,0,5,2026-07-30T17:05:23.313010
26,4,5,5,0,5,2026-07-30T17:05:23.658641
26,4,6,5,0,5,2026-07-30T17:05:23.923231
26,4,7,3,0,3,2026-07-30T17:05:23.976550
26,4,8,5,0,5,2026-07-30T17:05:24.072694
26,4,9,5,0,5,2026-07-30T17:05:24.660330
26,4,10,5,0,5,2026-07-30T17:05:25.002878
26,5,1,5,0,5,2026-07-30T17:05:24.766931
26,5,2,5,0,5,2026-07-30T17:05:25.202773
26,5,3,5,0,5,2026-07-30T17:05:24.906955
26,5,4,5,0,5,2026-07-30T17:05:24.759461
26,5,5,5,0,5,2026-07-30T17:05:25.431406
26,5,6,5,0,5,2026-07-30T17:05:25.728898
26,5,7,5,0,5,2026-07-30T17:05:26.554910
26,5,8,5,0,5,2026-07-30T17:05:26.212869
26,5,9,5,0,5,2026-07-30T17:05:26.006900
26,5,10,5,0,5,2026-07-30T17:05:26.354839
26,6,1,5,0,5,2026-07-30T17:05:26.228195
26,6,2,5,0,5,2026-07-30T17:05:26.635972
26,6,3,5,0,5,2026-07-30T17:05:26.875069
26,6,4,5,0,5,2026-07-30T17:05:27.171216
26,6,5,5,0,5,2026-07-30T17:05:27.239258
26,6,6,5,0,5,2026-07-30T17:05:27.662619
26,6,7,5,0,5,2026-07-30T17:05:27.890202
26,6,8,5,0,5,2026-07-30T17:05:27.799686
26,6,9,5,0,5,2026-07-30T17:05:27.993516
26,6,10,5,0,5,2026-07-30T17:05:28.082818
26,7,1,5,0,5,2026-07-30T17:05:28.730393
26,7,2,5,0,5,2026-07-30T17:05:28.827388
26,7,3,5,0,5,2026-07-30T17:05:29.107207
26,7,4,5,0,5,2026-07-30T17:05:29.329728
26,7,5,5,0,5,2026-07-30T17:05:28.832846
26,7,6,5,0,5,2026-07-30T17:05:29.165072
26,7,7,5,0,5,2026-07-30T17:05:29.235328
26,7,8,5,0,5,2026-07-30T17:05:29.727308
26,7,9,5,0,5,2026-07-30T17:05:30.600475
26,7,10,5,0,5,2026-07-30T17:05:30.108228
26,8,1,5,0,5,2026-07-30T17:05:29.899723
26,8,2,5,0,5,2026-07-30T17:05:30.549205
26,8,3,5,0,5,2026-07-30T17:05:30.205332
26,8,4,5,0,5,2026-07-30T17:05:30.480412
26,8,5,5,0,5,2026-07-30T17:05:30.758302
26,8,6,5,0,5,2026-07-30T17:05:31.578464
26,8,7,5,0,5,2026-07-30T17:05:31.582451
26,8,8,5,0,5,2026-07-30T17:05:31.560961
26,8,9,5,0,5,2026-07-30T17:05:31.270784
26,8,10,5,0,5,2026-07-30T17:05:32.140209
26,9,1,5,0,5,2026-07-30T17:05:31.802502
26,9,2,5,0,5,2026-07-30T17:05:31.444656
26,9,3,5,0,5,2026-07-30T17:05:32.411990
26,9,4,5,0,5,2026-07-30T17:05:32.115966
26,9,5,5,0,5,2026-07-30T17:05:33.314471
26,9,6,5,0,5,2026-07-30T17:05:33.586366
26,9,7,5,0,5,2026-07-30T17:05:32.601062
26,9,8,5,0,5,2026-07-30T17:05:33.044299
26,9,9,5,0,5,2026-07-30T17:05:33.461354
26,9,10,5,0,5,2026-07-30T17:05:33.587275
26,10,1,5,0,5,2026-07-30T17:05:33.770157
26,10,2,5,0,5,2026-07-30T17:05:34.253744
26,10,3,5,0,5,2026-07-30T17:05:34.053888
26,10,4,5,0,5,2026-07-30T17:05:34.511518
26,10,5,5,0,5,2026-07-30T17:05:34.593813
26,10,6,5,0,5,2026-07-30T17:05:34.711554
26,10,7,3,0,3,2026-07-30T17:05:35.454358
26,10,8,5,0,5,2026-07-30T17:05:35.447085
26,10,9,5,0,5,2026-07-30T17:05:35.033695
26,10,10,5,0,5,2026-07-30T17:05:35.684965
26,11,1,5,0,5,2026-07-30T17:05:35.296483
26,11,2,5,0,5,2026-07-30T17:05:36.185545
26,11,3,5,0,5,2026-07-30T17:05:35.817348
26,11,4,5,0,5,2026-07-30T17:05:36.376513
26,11,5,5,0,5,2026-07-30T17:05:36.110402
26,11,6,5,0,5,2026-07-30T17:05:36.737060
26,11,7,5,0,5,2026-07-30T17:05:37.111367
26,11,8,5,0,5,2026-07-30T17:05:37.099294
26,11,9,5,0,5,2026-07-30T17:05:36.755687
26,11,10,5,0,5,2026-07-30T17:05:37.134161
26,12,1,5,0,5,2026-07-30T17:05:37.772890
26,12,2,5,0,5,2026-07-30T17:05:37.231853
26,12,3,5,0,5,2026-07-30T17:05:38.045882
26,12,4,5,0,5,2026-07-30T17:05:38.389223
26,12,5,5,0,5,2026-07-30T17:05:38.213720
26,12,6,5,0,5,2026-07-30T17:05:38.347335
26,12,7,5,0,5,2026-07-30T17:05:38.765534
26,12,8,5,0,5,2026-07-30T17:05:38.975558
26,12,9,5,0,5,2026-07-30T17:05:38.668422
26,12,10,5,0,5,2026-07-30T17:05:39.441120
26,13,1,5,0,5,2026-07-30T17:05:39.931591
26,13,2,5,0,5,2026-07-30T17:05:39.735441
26,13,3,5,0,5,2026-07-30T17:05:40.019152
26,13,4,5,0,5,2026-07-30T17:05:39.279645
26,13,5,5,0,5,2026-07-30T17:05:40.435585
26,13,6,5,0,5,2026-07-30T17:05:40.239368
26,13,7,5,0,5,2026-07-30T17:05:40.636498
26,13,8,5,0,5,2026-07-30T17:05:40.940546
26,13,9,5,0,5,2026-07-30T17:05:40.702068
26,13,10,5,0,5,2026-07-30T17:05:41.643881
26,14,1,5,0,5,2026-07-30T17:05:41.576110
26,14,2,5,0,5,2026-07-30T17:05:41.256835
26,14,3,5,0,5,2026-07-30T17:05:41.908033
26,14,4,5,0,5,2026-07-30T17:05:42.088782
26,14,5,5,0,5,2026-07-30T17:05:42.100748
26,14,6,5,0,5,2026-07-30T17:05:42.155620
26,14,7,5,0,5,2026-07-30T17:05:42.149336
26,14,8,5,0,5,2026-07-30T17:05:42.733175
26,14,9,5,0,5,2026-07-30T17:05:43.453167
26,14,10,5,0,5,2026-07-30T17:05:42.900029
26,15,1,5,0,5,2026-07-30T17:05:43.570445
26,15,2,5,0,5,2026-07-30T17:05:43.946466
26,15,3,5,0,5,2026-07-30T17:05:43.147161
26,15,4,5,0,5,2026-07-30T17:05:43.798812
26,15,5,5,0,5,2026-07-30T17:05:44.011873
26,15,6,5,0,5,2026-07-30T17:05:43.975444
26,15,7,5,0,5,2026-07-30T17:05:44.117961
26,15,8,5,0,5,2026-07-30T17:05:44.189379
26,15,9,5,0,5,2026-07-30T17:05:45.109379
26,15,10,5,0,5,2026-07-30T17:05:45.237589
26,16,1,5,0,5,2026-07-30T17:05:45.040515
26,16,2,5,0,5,2026-07-30T17:05:46.024370
26,16,3,5,0,5,2026-07-30T17:05:45.028227
26,16,4,5,0,5,2026-07-30T17:05:45.244346
26,16,5,5,0,5,2026-07-30T17:05:45.775672
26,16,6,5,0,5,2026-07-30T17:05:45.651951
26,16,7,5,0,5,2026-07-30T17:05:46.662275
26,16,8,5,0,5,2026-07-30T17:05:46.477249
26,16,9,5,0,5,2026-07-30T17:05:46.547977
26,16,10,5,0,5,2026-07-30T17:05:47.066590
26,17,1,5,0,5,2026-07-30T17:05:46.698129
26,17,2,5,0,5,2026-07-30T17:05:47.507163
26,17,3,5,0,5,2026-07-30T17:05:47.237893
26,17,4,5,0,5,2026-07-30T17:05:47.257564
26,17,5,5,0,5,2026-07-30T17:05:47.729112
26,17,6,5,0,5,2026-07-30T17:05:48.207573
26,17,7,5,0,5,2026-07-30T17:05:47.697190
26,17,8,5,0,5,2026-07-30T17:05:47.943916
26,17,9,5,0,5,2026-07-30T17:05:48.699196
26,17,10,5,0,5,2026-07-30T17:05:49.116616
26,18,1,5,0,5,2026-07-30T17:05:49.111641
26,18,2,5,0,5,2026-07-30T17:05:48.581144
26,18,3,5,0,5,2026-07-30T17:05:49.540479
26,18,4,5,0,5,2026-07-30T17:05:48.751662
26,18,5,5,0,5,2026-07-30T17:05:49.197657
26,18,6,5,0,5,2026-07-30T17:05:49.448347
26,18,7,5,0,5,2026-07-30T17:05:50.418431
26,18,8,5,0,5,2026-07-30T17:05:50.358893
26,18,9,5,0,5,2026-07-30T17:05:50.204329
26,18,10,5,0,5,2026-07-30T17:05:50.755302
26,19,1,5,0,5,2026-07-30T17:05:50.983956
26,19,2,5,0,5,2026-07-30T17:05:50.669424
26,19,3,5,0,5,2026-07-30T17:05:51.311271
26,19,4,5,0,5,2026-07-30T17:05:51.200819
26,19,5,5,0,5,2026-07-30T17:05:51.871631
26,19,6,5,0,5,2026-07-30T17:05:52.378770
26,19,7,5,0,5,2026-07-30T17:05:51.653764
26,19,8,5,0,5,2026-07-30T17:05:52.317261
26,19,9,5,0,5,2026-07-30T17:05:51.979065
26,19,10,5,0,5,2026-07-30T17:05:52.433112
26,20,1,5,0,5,2026-07-30T17:05:52.246701
26,20,2,5,0,5,2026-07-30T17:05:52.596181
26,20,3,5,0,5,2026-07-30T17:05:52.672442
26,20,4,5,0,5,2026-07-30T17:05:52.910770
26,20,5,5,0,5,2026-07-30T17:05:53.435226
26,20,6,5,0,5,2026-07-30T17:05:53.302573
26,20,7,5,0,5,2026-07-30T17:05:53.543737
26,20,8,5,0,5,2026-07-30T17:05:53.624283
26,20,9,5,0,5,2026-07-30T17:05:53.454339
26,20,10,5,0,5,2026-07-30T17:05:53.642700
26,21,1,5,0,5,2026-07-30T17:05:54.541020
26,21,2,5,0,5,2026-07-30T17:05:54.354658
26,21,3,5,0,5,2026-07-30T17:05:55.177796
26,21,4,5,0,5,2026-07-30T17:05:54.489278
26,21,5,5,0,5,2026-07-30T17:05:54.709242
26,21,6,5,0,5,2026-07-30T17:05:55.212349
26,21,7,5,0,5,2026-07-30T17:05:55.036253
26,21,8,5,0,5,2026-07-30T17:05:54.686245
26,21,9,5,0,5,2026-07-30T17:05:55.431654
26,21,10,5,0,5,2026-07-30T17:05:55.928955
26,22,1,5,0,5,2026-07-30T17:05:56.175384
26,22,2,5,0,5,2026-07-30T17:05:56.562569
26,22,3,5,0,5,2026-07-30T17:05:55.767501
26,22,4,5,0,5,2026-07-30T17:05:56.275703
26,22,5,5,0,5,2026-07-30T17:05:56.834362
26,22,6,5,0,5,2026-07-30T17:05:57.076034
26,22,7,5,0,5,2026-07-30T17:05:56.529312
26,22,8,5,0,5,2026-07-30T17:05:57.213173
26,22,9,5,0,5,2026-07-30T17:05:57.408054
26,22,10,5,0,5,2026-07-30T17:05:57.197371
26,23,1,5,0,5,2026-07-30T17:05:57.959010
26,23,2,5,0,5,2026-07-30T17:05:58.196809
26,23,3,5,0,5,2026-07-30T17:05:58.421610
26,23,4,5,0,5,2026-07-30T17:05:58.079961
26,23,5,5,0,5,2026-07-30T17:05:58.337613
26,23,6,5,0,5,2026-07-30T17:05:58.640974
26,23,7,5,0,5,2026-07-30T17:05:58.248903
26,23,8,5,0,5,2026-07-30T17:05:58.861772
26,23,9,5,0,5,2026-07-30T17:05:59.831238
26,23,10,5,0,5,2026-07-30T17:05:59.930730
26,24,1,5,0,5,2026-07-30T17:05:59.837730
26,24,2,5,0,5,2026-07-30T17:05:59.884595
26,24,3,5,0,5,2026-07-30T17:05:59.993171
26,24,4,5,0,5,2026-07-30T17:05:59.678243
26,24,5,5,0,5,2026-07-30T17:05:59.660381
26,24,6,5,0,5,2026-07-30T17:06:00.119160
26,24,7,5,0,5,2026-07-30T17:06:00.908737
26,24,8,5,0,5,2026-07-30T17:06:01.546456
26,24,9,5,0,5,2026-07-30T17:06:01.281125
26,24,10,5,0,5,2026-07-30T17:06:01.734890
26,25,1,5,0,5,2026-07-30T17:06:01.118741
26,25,2,5,0,5,2026-07-30T17:06:01.588579
26,25,3,5,0,5,2026-07-30T17:06:01.660104
26,25,4,5,0,5,2026-07-30T17:06:01.165665
26,25,5,5,0,5,2026-07-30T17:06:02.347972
26,25,6,5,0,5,2026-07-30T17:06:02.158449
26,25,7,5,0,5,2026-07-30T17:06:03.216961
26,25,8,4,0,4,2026-07-30T17:06:02.941662
26,25,9,5,0,5,2026-07-30T17:06:02.756980
26,25,10,5,0,5,2026-07-30T17:06:03.451742
26,26,1,5,0,5,2026-07-30T17:06:03.144434
26,26,2,5,0,5,2026-07-30T17:06:03.153982
26,26,3,5,0,5,2026-07-30T17:06:03.831318
26,26,4,5,0,5,2026-07-30T17:06:04.199982
26,26,5,5,0,5,2026-07-30T17:06:04.616818
26,26,6,5,0,5,2026-07-30T17:06:04.432643
26,26,7,5,0,5,2026-07-30T17:06:04.402876
26,26,8,5,0,5,2026-07-30T17:06:05.017089
26,26,9,5,0,5,2026-07-30T17:06:04.652914
26,26,10,5,0,5,2026-07-30T17:06:05.341923
26,27,1,5,0,5,2026-07-30T17:06:05.081247
26,27,2,5,0,5,2026-07-30T17:06:06.051519
26,27,3,5,0,5,2026-07-30T17:06:05.641804
26,27,4,5,0,5,2026-07-30T17:06:06.073115
26,27,5,5,0,5,2026-07-30T17:06:05.480432
26,27,6,5,0,5,2026-07-30T17:06:05.891462
26,27,7,5,0,5,2026-07-30T17:06:06.456139
26,27,8,5,0,5,2026-07-30T17:06:06.929998
26,27,9,5,0,5,2026-07-30T17:06:07.197473
26,27,10,5,0,5,2026-07-30T17:06:07.139161
26,28,1,5,0,5,2026-07-30T17:06:06.705949
26,28,2,5,0,5,2026-07-30T17:06:07.349870
26,28,3,5,0,5,2026-07-30T17:06:07.713180
26,28,4,5,0,5,2026-07-30T17:06:06.916924
26,28,5,5,0,5,2026-07-30T17:06:08.091898
26,28,6,5,0,5,2026-07-30T17:06:08.140239
26,28,7,5,0,5,2026-07-30T17:06:08.376263
26,28,8,5,0,5,2026-07-30T17:06:07.976647
26,28,9,5,0,5,2026-07-30T17:06:08.380576
26,28,10,5,0,5,2026-07-30T17:06:08.643895
26,29,1,5,0,5,2026-07-30T17:06:09.228773
26,29,2,5,0,5,2026-07-30T17:06:08.750572
26,29,3,5,0,5,2026-07-30T17:06:09.433860
26,29,4,5,0,5,2026-07-30T17:06:08.959285
26,29,5,5,0,5,2026-07-30T17:06:09.797335
26,29,6,5,0,5,2026-07-30T17:06:09.426619
26,29,7,5,0,5,2026-07-30T17:06:09.631073
26,29,8,5,0,5,2026-07-30T17:06:10.086134
26,29,9,5,0,5,2026-07-30T17:06:10.403842
26,29,10,5,0,5,2026-07-30T17:06:10.833244
26,30,1,5,0,5,2026-07-30T17:06:10.689423
26,30,2,5,0,5,2026-07-30T17:06:11.259980
26,30,3,5,0,5,2026-07-30T17:06:10.900528
26,30,4,5,0,5,2026-07-30T17:06:11.496299
26,30,5,5,0,5,2026-07-30T17:06:11.663360
26,30,6,5,0,5,2026-07-30T17:06:11.527665
26,30,7,5,0,5,2026-07-30T17:06:11.873980
26,30,8,5,0,5,2026-07-30T17:06:11.941569
26,30,9,5,0,5,2026-07-30T17:06:12.685962
26,30,10,5,0,5,2026-07-30T17:06:12.162865
27,1,1,5,0,5,2026-07-30T17:06:12.276303
27,1,2,5,0,5,2026-07-30T17:06:12.543637
27,1,3,5,0,5,2026-07-30T17:06:13.172990
27,1,4,5,0,5,2026-07-30T17:06:12.888719
27,1,5,5,0,5,2026-07-30T17:06:13.718561
27,1,6,5,0,5,2026-07-30T17:06:13.814958
27,1,7,5,0,5,2026-07-30T17:06:14.012025
27,1,8,5,0,5,2026-07-30T17:06:13.550173
27,1,9,5,0,5,2026-07-30T17:06:13.584834
27,1,10,5,0,5,2026-07-30T17:06:13.767600
27,2,1,5,0,5,2026-07-30T17:06:14.940838
27,2,2,5,0,5,2026-07-30T17:06:14.217297
27,2,3,5,0,5,2026-07-30T17:06:14.820687
27,2,4,5,0,5,2026-07-30T17:06:15.447521
27,2,5,5,0,5,2026-07-30T17:06:15.176099
27,2,6,5,0,5,2026-07-30T17:06:15.433227
27,2,7,5,0,5,2026-07-30T17:06:15.458713
27,2,8,5,0,5,2026-07-30T17:06:15.069243
27,2,9,5,0,5,2026-07-30T17:06:15.682289
27,2,10,5,0,5,2026-07-30T17:06:16.680390
27,3,1,0,0,0,2026-07-30T17:06:15.998016
27,3,2,0,0,0,2026-07-30T17:06:16.711940
27,3,3,0,0,0,2026-07-30T17:06:16.425139
27,3,4,0,0,0,2026-07-30T17:06:16.888667
27,3,5,0,0,0,2026-07-30T17:06:17.109133
27,3,6,0,0,0,2026-07-30T17:06:16.914143
27,3,7,0,0,0,2026-07-30T17:06:17.731348
27,3,8,0,0,0,2026-07-30T17:06:17.227115
27,3,9,0,0,0,2026-07-30T17:06:17.429230
27,3,10,0,0,0,2026-07-30T17:06:18.525819
27,4,1,0,0,0,2026-07-30T17:06:17.945999
27,4,2,0,0,0,2026-07-30T17:06:18.726430
27,4,3,0,0,0,2026-07-30T17:06:18.537923
27,4,4,5,0,5,2026-07-30T17:06:18.334256
27,4,5,0,0,0,2026-07-30T17:06:18.284815
27,4,6,0,0,0,2026-07-30T17:06:19.274612
27,4,7,3,0,3,2026-07-30T17:06:18.950969
27,4,8,0,0,0,2026-07-30T17:06:19.787437
27,4,9,0,0,0,2026-07-30T17:06:19.516690
27,4,10,0,0,0,2026-07-30T17:06:19.994819
27,5,1,0,0,0,2026-07-30T17:06:19.751303
27,5,2,0,0,0,2026-07-30T17:06:19.564390
27,5,3,0,0,0,2026-07-30T17:06:20.177267
27,5,4,0,0,0,2026-07-30T17:06:19.991426
27,5,5,0,0,0,2026-07-30T17:06:20.555891
27,5,6,0,0,0,2026-07-30T17:06:20.772060
27,5,7,0,0,0,2026-07-30T17:06:21.194595
27,5,8,0,0,0,2026-07-30T17:06:20.990392
27,5,9,0,0,0,2026-07-30T17:06:21.655261
27,5,10,0,0,0,2026-07-30T17:06:21.815876
27,6,1,5,0,5,2026-07-30T17:06:21.424752
27,6,2,5,0,5,2026-07-30T17:06:21.592719
27,6,3,5,0,5,2026-07-30T17:06:21.583943
27,6,4,5,0,5,2026-07-30T17:06:22.417926
27,6,5,5,0,5,2026-07-30T17:06:22.853436
27,6,6,5,0,5,2026-07-30T17:06:22.216528
27,6,7,5,0,5,2026-07-30T17:06:22.666344
27,6,8,5,0,5,2026-07-30T17:06:22.817072
27,6,9,5,0,5,2026-07-30T17:06:22.641775
27,6,10,5,0,5,2026-07-30T17:06:23.071768
27,7,1,5,0,5,2026-07-30T17:06:23.282674
27,7,2,5,0,5,2026-07-30T17:06:23.679871
27,7,3,5,0,5,2026-07-30T17:06:25.370837
27,7,4,5,0,5,2026-07-30T17:06:25.587233
27,7,5,5,0,5,2026-07-30T17:06:23.685143
27,7,6,5,0,5,2026-07-30T17:06:25.516868
27,7,7,5,0,5,2026-07-30T17:06:25.535517
27,7,8,5,0,5,2026-07-30T17:06:25.584573
27,7,9,5,0,5,2026-07-30T17:06:25.568342
27,7,10,5,0,5,2026-07-30T17:06:25.571232
27,8,1,5,0,5,2026-07-30T17:06:25.540766
27,8,2,5,0,5,2026-07-30T17:06:26.831608
27,8,3,5,0,5,2026-07-30T17:06:26.539199
27,8,4,5,0,5,2026-07-30T17:06:26.794730
27,8,5,5,0,5,2026-07-30T17:06:27.382529
27,8,6,5,0,5,2026-07-30T17:06:27.012501
27,8,7,5,0,5,2026-07-30T17:06:26.791462
27,8,8,5,0,5,2026-07-30T17:06:27.239303
27,8,9,5,0,5,2026-07-30T17:06:26.617303
27,8,10,5,0,5,2026-07-30T17:06:28.210606
27,9,1,0,0,0,2026-07-30T17:06:28.477478
27,9,2,0,0,0,2026-07-30T17:06:28.239846
27,9,3,0,0,0,2026-07-30T17:06:28.656375
27,9,4,0,0,0,2026-07-30T17:06:28.062676
27,9,5,0,0,0,2026-07-30T17:06:28.033062
27,9,6,0,0,0,2026-07-30T17:06:28.268956
27,9,7,0,0,0,2026-07-30T17:06:28.845246
27,9,8,0,0,0,2026-07-30T17:06:29.492941
27,9,9,0,0,0,2026-07-30T17:06:29.300916
27,9,10,0,0,0,2026-07-30T17:06:29.233110
27,10,1,3,0,3,2026-07-30T17:06:30.673027
27,10,2,5,0,5,2026-07-30T17:06:30.542023
27,10,3,0,0,0,2026-07-30T17:06:30.526307
27,10,4,0,0,0,2026-07-30T17:06:30.513229
27,10,5,0,0,0,2026-07-30T17:06:30.502086
27,10,6,5,0,5,2026-07-30T17:06:30.488009
27,10,7,0,0,0,2026-07-30T17:06:30.549848
27,10,8,5,0,5,2026-07-30T17:06:31.326091
27,10,9,0,0,0,2026-07-30T17:06:31.520510
27,10,10,0,0,0,2026-07-30T17:06:31.965400
27,11,1,5,0,5,2026-07-30T17:06:31.566457
27,11,2,5,0,5,2026-07-30T17:06:32.197425
27,11,3,5,0,5,2026-07-30T17:06:32.154275
27,11,4,5,0,5,2026-07-30T17:06:31.985184
27,11,5,5,0,5,2026-07-30T17:06:32.605973
27,11,6,5,0,5,2026-07-30T17:06:32.979685
27,11,7,5,0,5,2026-07-30T17:06:33.144463
27,11,8,5,0,5,2026-07-30T17:06:32.793488
27,11,9,5,0,5,2026-07-30T17:06:33.225248
27,11,10,5,0,5,2026-07-30T17:06:33.643768
27,12,1,5,0,5,2026-07-30T17:06:33.174116
27,12,2,5,0,5,2026-07-30T17:06:34.237402
27,12,3,5,0,5,2026-07-30T17:06:34.488708
27,12,4,5,0,5,2026-07-30T17:06:34.618453
27,12,5,5,0,5,2026-07-30T17:06:34.010672
27,12,6,5,0,5,2026-07-30T17:06:34.176603
27,12,7,5,0,5,2026-07-30T17:06:34.232725
27,12,8,5,0,5,2026-07-30T17:06:34.469430
27,12,9,5,0,5,2026-07-30T17:06:35.088419
27,12,10,5,0,5,2026-07-30T17:06:35.262717
27,13,1,5,0,5,2026-07-30T17:06:35.642644
27,13,2,0,0,0,2026-07-30T17:06:36.118168
27,13,3,0,0,0,2026-07-30T17:06:35.500835
27,13,4,5,0,5,2026-07-30T17:06:36.350051
27,13,5,5,0,5,2026-07-30T17:06:35.722346
27,13,6,5,0,5,2026-07-30T17:06:36.482026
27,13,7,5,0,5,2026-07-30T17:06:36.584310
27,13,8,5,0,5,2026-07-30T17:06:37.298769
27,13,9,5,0,5,2026-07-30T17:06:37.005264
27,13,10,0,0,0,2026-07-30T17:06:36.687753
27,14,1,5,0,5,2026-07-30T17:06:36.973685
27,14,2,5,0,5,2026-07-30T17:06:37.567123
27,14,3,5,0,5,2026-07-30T17:06:38.033850
27,14,4,5,0,5,2026-07-30T17:06:37.741820
27,14,5,5,0,5,2026-07-30T17:06:38.619591
27,14,6,5,0,5,2026-07-30T17:06:38.328514
27,14,7,5,0,5,2026-07-30T17:06:38.818653
27,14,8,5,0,5,2026-07-30T17:06:38.854398
27,14,9,5,0,5,2026-07-30T17:06:38.558185
27,14,10,5,0,5,2026-07-30T17:06:39.243959
27,15,1,5,0,5,2026-07-30T17:06:39.205687
27,15,2,5,0,5,2026-07-30T17:06:39.491511
27,15,3,5,0,5,2026-07-30T17:06:39.978840
27,15,4,5,0,5,2026-07-30T17:06:40.205706
27,15,5,5,0,5,2026-07-30T17:06:39.670892
27,15,6,5,0,5,2026-07-30T17:06:39.846770
27,15,7,5,0,5,2026-07-30T17:06:40.113195
27,15,8,5,0,5,2026-07-30T17:06:40.454865
27,15,9,5,0,5,2026-07-30T17:06:40.490857
27,15,10,5,0,5,2026-07-30T17:06:40.810971
27,16,1,5,0,5,2026-07-30T17:06:41.309736
27,16,2,5,0,5,2026-07-30T17:06:41.102561
27,16,3,5,0,5,2026-07-30T17:06:41.252952
27,16,4,5,0,5,2026-07-30T17:06:41.579118
27,16,5,5,0,5,2026-07-30T17:06:41.257325
27,16,6,5,0,5,2026-07-30T17:06:42.314354
27,16,7,5,0,5,2026-07-30T17:06:41.936304
27,16,8,5,0,5,2026-07-30T17:06:42.445416
27,16,9,5,0,5,2026-07-30T17:06:42.143826
27,16,10,5,0,5,2026-07-30T17:06:42.888658
27,17,1,5,0,5,2026-07-30T17:06:43.307821
27,17,2,5,0,5,2026-07-30T17:06:42.655302
27,17,3,5,0,5,2026-07-30T17:06:43.241059
27,17,4,5,0,5,2026-07-30T17:06:43.420787
27,17,5,5,0,5,2026-07-30T17:06:43.383046
27,17,6,5,0,5,2026-07-30T17:06:44.352394
27,17,7,5,0,5,2026-07-30T17:06:44.099884
27,17,8,5,0,5,2026-07-30T17:06:43.684673
27,17,9,5,0,5,2026-07-30T17:06:44.348187
27,17,10,5,0,5,2026-07-30T17:06:45.084419
27,18,1,5,0,5,2026-07-30T17:06:44.364943
27,18,2,5,0,5,2026-07-30T17:06:44.419996
27,18,3,0,0,0,2026-07-30T17:06:44.469406
27,18,4,5,0,5,2026-07-30T17:06:45.169592
27,18,5,0,0,0,2026-07-30T17:06:45.343817
27,18,6,0,0,0,2026-07-30T17:06:46.021990
27,18,7,0,0,0,2026-07-30T17:06:45.599982
27,18,8,0,0,0,2026-07-30T17:06:45.817067
27,18,9,0,0,0,2026-07-30T17:06:46.259498
27,18,10,0,0,0,2026-07-30T17:06:46.359629
27,19,1,0,0,0,2026-07-30T17:06:46.533722
27,19,2,5,0,5,2026-07-30T17:06:46.847337
27,19,3,5,0,5,2026-07-30T17:06:46.184179
27,19,4,0,0,0,2026-07-30T17:06:46.685065
27,19,5,0,0,0,2026-07-30T17:06:47.661178
27,19,6,0,0,0,2026-07-30T17:06:47.449525
27,19,7,0,0,0,2026-07-30T17:06:47.672971
27,19,8,5,0,5,2026-07-30T17:06:47.332148
27,19,9,0,0,0,2026-07-30T17:06:48.206021
27,19,10,0,0,0,2026-07-30T17:06:47.606169
27,20,1,5,0,5,2026-07-30T17:06:47.700388
27,20,2,5,0,5,2026-07-30T17:06:47.889477
27,20,3,5,0,5,2026-07-30T17:06:48.575845
27,20,4,5,0,5,2026-07-30T17:06:48.706591
27,20,5,5,0,5,2026-07-30T17:06:49.044785
27,20,6,5,0,5,2026-07-30T17:06:48.911822
27,20,7,5,0,5,2026-07-30T17:06:49.523003
27,20,8,5,0,5,2026-07-30T17:06:48.716334
27,20,9,5,0,5,2026-07-30T17:06:49.361586
27,20,10,5,0,5,2026-07-30T17:06:49.469731
27,21,1,5,0,5,2026-07-30T17:06:50.015433
27,21,2,5,0,5,2026-07-30T17:06:50.336833
27,21,3,5,0,5,2026-07-30T17:06:50.564984
27,21,4,5,0,5,2026-07-30T17:06:50.328991
27,21,5,5,0,5,2026-07-30T17:06:50.679296
27,21,6,5,0,5,2026-07-30T17:06:50.609618
27,21,7,5,0,5,2026-07-30T17:06:51.478541
27,21,8,5,0,5,2026-07-30T17:06:50.571309
27,21,9,5,0,5,2026-07-30T17:06:51.228679
27,21,10,5,0,5,2026-07-30T17:06:51.564030
27,22,1,5,0,5,2026-07-30T17:06:51.766973
27,22,2,5,0,5,2026-07-30T17:06:51.601974
27,22,3,5,0,5,2026-07-30T17:06:52.024439
27,22,4,5,0,5,2026-07-30T17:06:52.056412
27,22,5,5,0,5,2026-07-30T17:06:51.896565
27,22,6,5,0,5,2026-07-30T17:06:52.660570
27,22,7,5,0,5,2026-07-30T17:06:53.321687
27,22,8,5,0,5,2026-07-30T17:06:52.791691
27,22,9,5,0,5,2026-07-30T17:06:52.836071
27,22,10,5,0,5,2026-07-30T17:06:53.424007
27,23,1,5,0,5,2026-07-30T17:06:53.128190
27,23,2,5,0,5,2026-07-30T17:06:53.061264
27,23,3,5,0,5,2026-07-30T17:06:53.092880
27,23,4,5,0,5,2026-07-30T17:06:54.527714
27,23,5,5,0,5,2026-07-30T17:06:54.630273
27,23,6,5,0,5,2026-07-30T17:06:54.491777
27,23,7,5,0,5,2026-07-30T17:06:54.160445
27,23,8,5,0,5,2026-07-30T17:06:54.335398
27,23,9,5,0,5,2026-07-30T17:06:54.375524
27,23,10,5,0,5,2026-07-30T17:06:54.758284
27,24,1,5,0,5,2026-07-30T17:06:54.464845
27,24,2,5,0,5,2026-07-30T17:06:55.197391
27,24,3,5,0,5,2026-07-30T17:06:55.604976
27,24,4,5,0,5,2026-07-30T17:06:55.388294
27,24,5,0,0,0,2026-07-30T17:06:56.312170
27,24,6,5,0,5,2026-07-30T17:06:56.345623
27,24,7,5,0,5,2026-07-30T17:06:56.170257
27,24,8,5,0,5,2026-07-30T17:06:55.667389
27,24,9,5,0,5,2026-07-30T17:06:56.006445
27,24,10,5,0,5,2026-07-30T17:06:57.036039
27,25,1,5,0,5,2026-07-30T17:06:56.635079
27,25,2,0,0,0,2026-07-30T17:06:57.458670
27,25,3,0,0,0,2026-07-30T17:06:57.100089
27,25,4,5,0,5,2026-07-30T17:06:57.445964
27,25,5,3,0,3,2026-07-30T17:06:57.192528
27,25,6,5,0,5,2026-07-30T17:06:57.363781
27,25,7,5,0,5,2026-07-30T17:06:58.014108
27,25,8,0,0,0,2026-07-30T17:06:58.267906
27,25,9,5,0,5,2026-07-30T17:06:58.486179
27,25,10,3,0,3,2026-07-30T17:06:58.936989
27,26,1,5,0,5,2026-07-30T17:06:59.050855
27,26,2,5,0,5,2026-07-30T17:06:58.605814
27,26,3,5,0,5,2026-07-30T17:06:59.108325
27,26,4,5,0,5,2026-07-30T17:06:58.484291
27,26,5,5,0,5,2026-07-30T17:06:59.246009
27,26,6,5,0,5,2026-07-30T17:07:00.115371
27,26,7,5,0,5,2026-07-30T17:06:59.730498
27,26,8,5,0,5,2026-07-30T17:06:59.943865
27,26,9,5,0,5,2026-07-30T17:06:59.667295
27,26,10,5,0,5,2026-07-30T17:07:00.164382
27,27,1,5,0,5,2026-07-30T17:07:00.489621
27,27,2,5,0,5,2026-07-30T17:07:00.154585
27,27,3,5,0,5,2026-07-30T17:07:00.686303
27,27,4,5,0,5,2026-07-30T17:07:01.501094
27,27,5,5,0,5,2026-07-30T17:07:00.986090
27,27,6,5,0,5,2026-07-30T17:07:00.800518
27,27,7,5,0,5,2026-07-30T17:07:01.751406
27,27,8,5,0,5,2026-07-30T17:07:01.970807
27,27,9,5,0,5,2026-07-30T17:07:01.801996
27,27,10,5,0,5,2026-07-30T17:07:02.147681
27,28,1,5,0,5,2026-07-30T17:07:02.722418
27,28,2,5,0,5,2026-07-30T17:07:02.273141
27,28,3,5,0,5,2026-07-30T17:07:02.411298
27,28,4,5,0,5,2026-07-30T17:07:02.748441
27,28,5,5,0,5,2026-07-30T17:07:03.805923
27,28,6,5,0,5,2026-07-30T17:07:03.642090
27,28,7,5,0,5,2026-07-30T17:07:03.222823
27,28,8,5,0,5,2026-07-30T17:07:03.599562
27,28,9,5,0,5,2026-07-30T17:07:03.334144
27,28,10,5,0,5,2026-07-30T17:07:03.857413
27,29,1,5,0,5,2026-07-30T17:07:04.352926
27,29,2,5,0,5,2026-07-30T17:07:04.199876
27,29,3,0,0,0,2026-07-30T17:07:05.099909
27,29,4,5,0,5,2026-07-30T17:07:04.807974
27,29,5,5,0,5,2026-07-30T17:07:05.457100
27,29,6,5,0,5,2026-07-30T17:07:04.686828
27,29,7,0,0,0,2026-07-30T17:07:05.453060
27,29,8,5,0,5,2026-07-30T17:07:05.316820
27,29,9,5,0,5,2026-07-30T17:07:05.825075
27,29,10,5,0,5,2026-07-30T17:07:05.481793
27,30,1,0,0,0,2026-07-30T17:07:05.919238
27,30,2,5,0,5,2026-07-30T17:07:06.250984
27,30,3,5,0,5,2026-07-30T17:07:06.912220
27,30,4,5,0,5,2026-07-30T17:07:06.955544
27,30,5,3,0,3,2026-07-30T17:07:06.683610
27,30,6,5,0,5,2026-07-30T17:07:07.092779
27,30,7,5,0,5,2026-07-30T17:07:07.350590
27,30,8,5,0,5,2026-07-30T17:07:07.688216
27,30,9,5,0,5,2026-07-30T17:07:07.170270
27,30,10,5,0,5,2026-07-30T17:07:07.460410
28,1,1,5,0,5,2026-07-30T17:07:08.721508
28,1,2,5,0,5,2026-07-30T17:07:08.356438
28,1,3,5,0,5,2026-07-30T17:07:08.410709
28,1,4,5,0,5,2026-07-30T17:07:08.106911
28,1,5,5,0,5,2026-07-30T17:07:09.018289
28,1,6,5,0,5,2026-07-30T17:07:09.220441
28,1,7,5,0,5,2026-07-30T17:07:08.705676
28,1,8,5,0,5,2026-07-30T17:07:08.739980
28,1,9,5,0,5,2026-07-30T17:07:09.376727
28,1,10,5,0,5,2026-07-30T17:07:10.187325
28,2,1,5,0,5,2026-07-30T17:07:10.274273
28,2,2,5,0,5,2026-07-30T17:07:09.741834
28,2,3,5,0,5,2026-07-30T17:07:10.369105
28,2,4,5,0,5,2026-07-30T17:07:10.389773
28,2,5,5,0,5,2026-07-30T17:07:10.869595
28,2,6,5,0,5,2026-07-30T17:07:10.471397
28,2,7,5,0,5,2026-07-30T17:07:10.655266
28,2,8,5,0,5,2026-07-30T17:07:10.978167
28,2,9,5,0,5,2026-07-30T17:07:12.226395
28,2,10,5,0,5,2026-07-30T17:07:11.912924
28,3,1,0,0,0,2026-07-30T17:07:12.198879
28,3,2,5,0,5,2026-07-30T17:07:11.628093
28,3,3,5,0,5,2026-07-30T17:07:12.341873
28,3,4,0,0,0,2026-07-30T17:07:11.706152
28,3,5,0,0,0,2026-07-30T17:07:12.125510
28,3,6,0,0,0,2026-07-30T17:07:12.417389
28,3,7,0,0,0,2026-07-30T17:07:13.253076
28,3,8,0,0,0,2026-07-30T17:07:13.146232
28,3,9,0,0,0,2026-07-30T17:07:13.341372
28,3,10,0,0,0,2026-07-30T17:07:13.377250
28,4,1,5,0,5,2026-07-30T17:07:13.418919
28,4,2,0,0,0,2026-07-30T17:07:13.498020
28,4,3,3,0,3,2026-07-30T17:07:13.587782
28,4,4,5,0,5,2026-07-30T17:07:13.671474
28,4,5,5,0,5,2026-07-30T17:07:14.579640
28,4,6,5,0,5,2026-07-30T17:07:14.507840
28,4,7,3,0,3,2026-07-30T17:07:14.360228
28,4,8,5,0,5,2026-07-30T17:07:14.609084
28,4,9,5,0,5,2026-07-30T17:07:16.368918
28,4,10,5,0,5,2026-07-30T17:07:15.983066
28,5,1,0,0,0,2026-07-30T17:07:15.205677
28,5,2,0,0,0,2026-07-30T17:07:14.908123
28,5,3,0,0,0,2026-07-30T17:07:16.225361
28,5,4,0,0,0,2026-07-30T17:07:15.765438
28,5,5,0,0,0,2026-07-30T17:07:15.641868
28,5,6,0,0,0,2026-07-30T17:07:16.029257
28,5,7,0,0,0,2026-07-30T17:07:15.953814
28,5,8,0,0,0,2026-07-30T17:07:16.886022
28,5,9,0,0,0,2026-07-30T17:07:17.092458
28,5,10,0,0,0,2026-07-30T17:07:17.226173
28,6,1,5,0,5,2026-07-30T17:07:17.615280
28,6,2,5,0,5,2026-07-30T17:07:17.217719
28,6,3,5,0,5,2026-07-30T17:07:17.886221
28,6,4,5,0,5,2026-07-30T17:07:17.287500
28,6,5,5,0,5,2026-07-30T17:07:18.205734
28,6,6,5,0,5,2026-07-30T17:07:18.718807
28,6,7,5,0,5,2026-07-30T17:07:18.950171
28,6,8,5,0,5,2026-07-30T17:07:19.102262
28,6,9,5,0,5,2026-07-30T17:07:18.450086
28,6,10,5,0,5,2026-07-30T17:07:18.507175
28,7,1,5,0,5,2026-07-30T17:07:19.057494
28,7,2,5,0,5,2026-07-30T17:07:19.321104
28,7,3,5,0,5,2026-07-30T17:07:20.015503
28,7,4,5,0,5,2026-07-30T17:07:19.911921
28,7,5,5,0,5,2026-07-30T17:07:19.546726
28,7,6,5,0,5,2026-07-30T17:07:20.142153
28,7,7,5,0,5,2026-07-30T17:07:20.421624
28,7,8,5,0,5,2026-07-30T17:07:20.499365
28,7,9,5,0,5,2026-07-30T17:07:20.153104
28,7,10,5,0,5,2026-07-30T17:07:21.170350
28,8,1,5,0,5,2026-07-30T17:07:21.188919
28,8,2,5,0,5,2026-07-30T17:07:21.334573
28,8,3,5,0,5,2026-07-30T17:07:21.645398
28,8,4,5,0,5,2026-07-30T17:07:21.579325
28,8,5,5,0,5,2026-07-30T17:07:21.385175
28,8,6,5,0,5,2026-07-30T17:07:22.272379
28,8,7,5,0,5,2026-07-30T17:07:21.743536
28,8,8,5,0,5,2026-07-30T17:07:22.027177
28,8,9,5,0,5,2026-07-30T17:07:22.232812
28,8,10,5,0,5,2026-07-30T17:07:22.560917
28,9,1,0,0,0,2026-07-30T17:07:23.233844
28,9,2,0,0,0,2026-07-30T17:07:23.026170
28,9,3,0,0,0,2026-07-30T17:07:22.872762
28,9,4,0,0,0,2026-07-30T17:07:23.000818
28,9,5,0,0,0,2026-07-30T17:07:23.699881
28,9,6,0,0,0,2026-07-30T17:07:23.482090
28,9,7,0,0,0,2026-07-30T17:07:23.707333
28,9,8,0,0,0,2026-07-30T17:07:24.178451
28,9,9,0,0,0,2026-07-30T17:07:24.291712
28,9,10,0,0,0,2026-07-30T17:07:24.841178
28,10,1,0,0,0,2026-07-30T17:07:24.870083
28,10,2,0,0,0,2026-07-30T17:07:24.292797
28,10,3,0,0,0,2026-07-30T17:07:24.927685
28,10,4,0,0,0,2026-07-30T17:07:25.770772
28,10,5,0,0,0,2026-07-30T17:07:25.161493
28,10,6,0,0,0,2026-07-30T17:07:26.014746
28,10,7,0,0,0,2026-07-30T17:07:26.135515
28,10,8,0,0,0,2026-07-30T17:07:25.553560
28,10,9,0,0,0,2026-07-30T17:07:26.694258
28,10,10,0,0,0,2026-07-30T17:07:26.090427
28,11,1,5,0,5,2026-07-30T17:07:26.163459
28,11,2,5,0,5,2026-07-30T17:07:27.030522
28,11,3,5,0,5,2026-07-30T17:07:26.825693
28,11,4,5,0,5,2026-07-30T17:07:27.827222
28,11,5,5,0,5,2026-07-30T17:07:27.284202
28,11,6,5,0,5,2026-07-30T17:07:27.353787
28,11,7,5,0,5,2026-07-30T17:07:27.399353
28,11,8,5,0,5,2026-07-30T17:07:28.006928
28,11,9,5,0,5,2026-07-30T17:07:28.750269
28,11,10,5,0,5,2026-07-30T17:07:28.460455
28,12,1,5,0,5,2026-07-30T17:07:28.284855
28,12,2,5,0,5,2026-07-30T17:07:28.750123
28,12,3,5,0,5,2026-07-30T17:07:29.005408
28,12,4,5,0,5,2026-07-30T17:07:28.626482
28,12,5,5,0,5,2026-07-30T17:07:29.072840
28,12,6,5,0,5,2026-07-30T17:07:29.240320
28,12,7,5,0,5,2026-07-30T17:07:29.526569
28,12,8,5,0,5,2026-07-30T17:07:29.700143
28,12,9,5,0,5,2026-07-30T17:07:30.475579
28,12,10,5,0,5,2026-07-30T17:07:29.981743
28,13,1,5,0,5,2026-07-30T17:07:30.418217
28,13,2,5,0,5,2026-07-30T17:07:30.053782
28,13,3,5,0,5,2026-07-30T17:07:30.121614
28,13,4,5,0,5,2026-07-30T17:07:31.088542
28,13,5,5,0,5,2026-07-30T17:07:30.959085
28,13,6,5,0,5,2026-07-30T17:07:31.367141
28,13,7,5,0,5,2026-07-30T17:07:31.402000
28,13,8,5,0,5,2026-07-30T17:07:31.704759
28,13,9,5,0,5,2026-07-30T17:07:31.773103
28,13,10,5,0,5,2026-07-30T17:07:32.664855
28,14,1,5,0,5,2026-07-30T17:07:32.318772
28,14,2,5,0,5,2026-07-30T17:07:32.603936
28,14,3,5,0,5,2026-07-30T17:07:32.124015
28,14,4,5,0,5,2026-07-30T17:07:33.220721
28,14,5,5,0,5,2026-07-30T17:07:32.859654
28,14,6,5,0,5,2026-07-30T17:07:33.536267
28,14,7,5,0,5,2026-07-30T17:07:33.643453
28,14,8,5,0,5,2026-07-30T17:07:33.152382
28,14,9,5,0,5,2026-07-30T17:07:33.963993
28,14,10,5,0,5,2026-07-30T17:07:34.062294
28,15,1,0,0,0,2026-07-30T17:07:33.900234
28,15,2,5,0,5,2026-07-30T17:07:34.898221
28,15,3,5,0,5,2026-07-30T17:07:35.019778
28,15,4,5,0,5,2026-07-30T17:07:35.048052
28,15,5,5,0,5,2026-07-30T17:07:34.579929
28,15,6,5,0,5,2026-07-30T17:07:34.875670
28,15,7,5,0,5,2026-07-30T17:07:35.763254
28,15,8,5,0,5,2026-07-30T17:07:35.396113
28,15,9,5,0,5,2026-07-30T17:07:35.938628
28,15,10,5,0,5,2026-07-30T17:07:35.620043
28,16,1,5,0,5,2026-07-30T17:07:36.939858
28,16,2,5,0,5,2026-07-30T17:07:36.537957
28,16,3,0,0,0,2026-07-30T17:07:36.856034
28,16,4,5,0,5,2026-07-30T17:07:36.296470
28,16,5,0,0,0,2026-07-30T17:07:36.652863
28,16,6,5,0,5,2026-07-30T17:07:36.883735
28,16,7,5,0,5,2026-07-30T17:07:37.413146
28,16,8,5,0,5,2026-07-30T17:07:37.594273
28,16,9,5,0,5,2026-07-30T17:07:37.909468
28,16,10,5,0,5,2026-07-30T17:07:38.394519
28,17,1,5,0,5,2026-07-30T17:07:38.100886
28,17,2,5,0,5,2026-07-30T17:07:37.676305
28,17,3,5,0,5,2026-07-30T17:07:37.937985
28,17,4,5,0,5,2026-07-30T17:07:38.812242
28,17,5,5,0,5,2026-07-30T17:07:38.628812
28,17,6,5,0,5,2026-07-30T17:07:39.254503
28,17,7,5,0,5,2026-07-30T17:07:38.748234
28,17,8,5,0,5,2026-07-30T17:07:39.549591
28,17,9,5,0,5,2026-07-30T17:07:38.981217
28,17,10,5,0,5,2026-07-30T17:07:39.759125
28,18,1,5,0,5,2026-07-30T17:07:40.063325
28,18,2,5,0,5,2026-07-30T17:07:39.657566
28,18,3,5,0,5,2026-07-30T17:07:40.423031
28,18,4,5,0,5,2026-07-30T17:07:40.446533
28,18,5,5,0,5,2026-07-30T17:07:40.000332
28,18,6,5,0,5,2026-07-30T17:07:40.277604
28,18,7,5,0,5,2026-07-30T17:07:40.986154
28,18,8,5,0,5,2026-07-30T17:07:41.501258
28,18,9,5,0,5,2026-07-30T17:07:40.828263
28,18,10,5,0,5,2026-07-30T17:07:41.654955
28,19,1,5,0,5,2026-07-30T17:07:41.308718
28,19,2,5,0,5,2026-07-30T17:07:41.950142
28,19,3,5,0,5,2026-07-30T17:07:41.533194
28,19,4,5,0,5,2026-07-30T17:07:42.296666
28,19,5,5,0,5,2026-07-30T17:07:42.480746
28,19,6,5,0,5,2026-07-30T17:07:42.027846
28,19,7,5,0,5,2026-07-30T17:07:43.152653
28,19,8,5,0,5,2026-07-30T17:07:42.737014
28,19,9,5,0,5,2026-07-30T17:07:42.765350
28,19,10,5,0,5,2026-07-30T17:07:43.084491
28,20,1,5,0,5,2026-07-30T17:07:43.787403
28,20,2,5,0,5,2026-07-30T17:07:43.888686
28,20,3,5,0,5,2026-07-30T17:07:43.352758
28,20,4,5,0,5,2026-07-30T17:07:44.125691
28,20,5,5,0,5,2026-07-30T17:07:44.591186
28,20,6,5,0,5,2026-07-30T17:07:44.025937
28,20,7,5,0,5,2026-07-30T17:07:44.928075
28,20,8,5,0,5,2026-07-30T17:07:44.568839
28,20,9,5,0,5,2026-07-30T17:07:45.021174
28,20,10,5,0,5,2026-07-30T17:07:44.797886
28,21,1,5,0,5,2026-07-30T17:07:45.755557
28,21,2,5,0,5,2026-07-30T17:07:45.494761
28,21,3,5,0,5,2026-07-30T17:07:44.964006
28,21,4,5,0,5,2026-07-30T17:07:45.818822
28,21,5,5,0,5,2026-07-30T17:07:46.426054
28,21,6,5,0,5,2026-07-30T17:07:46.082859
28,21,7,5,0,5,2026-07-30T17:07:46.194661
28,21,8,5,0,5,2026-07-30T17:07:46.779831
28,21,9,5,0,5,2026-07-30T17:07:46.667028
28,21,10,5,0,5,2026-07-30T17:07:46.959853
28,22,1,5,0,5,2026-07-30T17:07:46.786330
28,22,2,5,0,5,2026-07-30T17:07:47.456090
28,22,3,5,0,5,2026-07-30T17:07:47.346191
28,22,4,5,0,5,2026-07-30T17:07:47.622339
28,22,5,5,0,5,2026-07-30T17:07:47.848339
28,22,6,5,0,5,2026-07-30T17:07:48.328831
28,22,7,5,0,5,2026-07-30T17:07:48.612968
28,22,8,5,0,5,2026-07-30T17:07:47.987321
28,22,9,5,0,5,2026-07-30T17:07:47.992656
28,22,10,5,0,5,2026-07-30T17:07:49.195178
28,23,1,5,0,5,2026-07-30T17:07:48.921226
28,23,2,5,0,5,2026-07-30T17:07:48.670607
28,23,3,5,0,5,2026-07-30T17:07:49.458491
28,23,4,5,0,5,2026-07-30T17:07:49.031799
28,23,5,5,0,5,2026-07-30T17:07:49.425413
28,23,6,5,0,5,2026-07-30T17:07:49.978723
28,23,7,5,0,5,2026-07-30T17:07:49.825689
28,23,8,5,0,5,2026-07-30T17:07:50.525256
28,23,9,5,0,5,2026-07-30T17:07:49.974565
28,23,10,5,0,5,2026-07-30T17:07:50.270819
28,24,1,5,0,5,2026-07-30T17:07:50.263871
28,24,2,5,0,5,2026-07-30T17:07:51.473204
28,24,3,5,0,5,2026-07-30T17:07:51.308500
28,24,4,5,0,5,2026-07-30T17:07:51.261595
28,24,5,5,0,5,2026-07-30T17:07:50.979980
28,24,6,5,0,5,2026-07-30T17:07:51.236774
28,24,7,5,0,5,2026-07-30T17:07:51.723891
28,24,8,5,0,5,2026-07-30T17:07:51.707912
28,24,9,5,0,5,2026-07-30T17:07:52.173157
28,24,10,5,0,5,2026-07-30T17:07:52.825223
28,25,1,5,0,5,2026-07-30T17:07:52.687210
28,25,2,5,0,5,2026-07-30T17:07:52.319088
28,25,3,5,0,5,2026-07-30T17:07:52.555214
28,25,4,5,0,5,2026-07-30T17:07:53.512431
28,25,5,0,0,0,2026-07-30T17:07:53.536578
28,25,6,0,0,0,2026-07-30T17:07:53.353933
28,25,7,0,0,0,2026-07-30T17:07:53.217020
28,25,8,0,0,0,2026-07-30T17:07:53.520755
28,25,9,0,0,0,2026-07-30T17:07:54.431107
28,25,10,5,0,5,2026-07-30T17:07:54.737127
28,26,1,5,0,5,2026-07-30T17:07:54.250101
28,26,2,5,0,5,2026-07-30T17:07:54.667443
28,26,3,5,0,5,2026-07-30T17:07:54.377375
28,26,4,5,0,5,2026-07-30T17:07:54.971459
28,26,5,5,0,5,2026-07-30T17:07:54.556640
28,26,6,0,0,0,2026-07-30T17:07:55.189472
28,26,7,5,0,5,2026-07-30T17:07:56.140102
28,26,8,5,0,5,2026-07-30T17:07:55.410645
28,26,9,5,0,5,2026-07-30T17:07:56.268584
28,26,10,0,0,0,2026-07-30T17:07:55.801015
28,27,1,5,0,5,2026-07-30T17:07:56.500385
28,27,2,5,0,5,2026-07-30T17:07:56.011930
28,27,3,5,0,5,2026-07-30T17:07:56.027900
28,27,4,5,0,5,2026-07-30T17:07:56.394602
28,27,5,5,0,5,2026-07-30T17:07:56.269305
28,27,6,5,0,5,2026-07-30T17:07:57.257140
28,27,7,5,0,5,2026-07-30T17:07:57.451131
28,27,8,5,0,5,2026-07-30T17:07:57.668828
28,27,9,5,0,5,2026-07-30T17:07:57.607579
28,27,10,5,0,5,2026-07-30T17:07:57.312466
28,28,1,5,0,5,2026-07-30T17:07:57.921549
28,28,2,5,0,5,2026-07-30T17:07:57.408040
28,28,3,5,0,5,2026-07-30T17:07:58.117140
28,28,4,5,0,5,2026-07-30T17:07:58.930339
28,28,5,5,0,5,2026-07-30T17:07:58.948691
28,28,6,5,0,5,2026-07-30T17:07:58.817292
28,28,7,5,0,5,2026-07-30T17:07:58.708440
28,28,8,5,0,5,2026-07-30T17:07:59.067944
28,28,9,5,0,5,2026-07-30T17:07:58.911748
28,28,10,5,0,5,2026-07-30T17:07:59.575425
28,29,1,5,0,5,2026-07-30T17:07:59.164192
28,29,2,5,0,5,2026-07-30T17:07:59.764199
28,29,3,5,0,5,2026-07-30T17:08:00.658633
28,29,4,5,0,5,2026-07-30T17:07:59.980198
28,29,5,5,0,5,2026-07-30T17:08:00.609222
28,29,6,5,0,5,2026-07-30T17:08:00.445995
28,29,7,5,0,5,2026-07-30T17:08:00.909198
28,29,8,5,0,5,2026-07-30T17:08:00.463554
28,29,9,5,0,5,2026-07-30T17:08:01.019550
28,29,10,5,0,5,2026-07-30T17:08:01.198231
28,30,1,5,0,5,2026-07-30T17:08:01.008910
28,30,2,5,0,5,2026-07-30T17:08:02.295645
28,30,3,5,0,5,2026-07-30T17:08:02.295526
28,30,4,5,0,5,2026-07-30T17:08:02.070163
28,30,5,5,0,5,2026-07-30T17:08:01.718174
28,30,6,5,0,5,2026-07-30T17:08:02.344913
28,30,7,5,0,5,2026-07-30T17:08:02.243883
28,30,8,5,0,5,2026-07-30T17:08:02.039103
28,30,9,5,0,5,2026-07-30T17:08:02.636146
28,30,10,5,0,5,2026-07-30T17:08:03.155836
29,1,1,0,0,0,2026-07-30T17:08:03.697987
29,1,2,0,0,0,2026-07-30T17:08:03.701719
29,1,3,0,0,0,2026-07-30T17:08:04.108323
29,1,4,0,0,0,2026-07-30T17:08:03.749842
29,1,5,0,0,0,2026-07-30T17:08:03.363269
29,1,6,0,0,0,2026-07-30T17:08:04.410123
29,1,7,0,0,0,2026-07-30T17:08:04.281606
29,1,8,0,0,0,2026-07-30T17:08:04.835999
29,1,9,5,0,5,2026-07-30T17:08:05.214354
29,1,10,0,0,0,2026-07-30T17:08:04.744989
29,2,1,5,0,5,2026-07-30T17:08:05.150627
29,2,2,5,0,5,2026-07-30T17:08:04.767320
29,2,3,5,0,5,2026-07-30T17:08:05.953891
29,2,4,5,0,5,2026-07-30T17:08:06.314574
29,2,5,5,0,5,2026-07-30T17:08:06.074772
29,2,6,5,0,5,2026-07-30T17:08:05.760744
29,2,7,5,0,5,2026-07-30T17:08:06.412466
29,2,8,5,0,5,2026-07-30T17:08:06.052065
29,2,9,5,0,5,2026-07-30T17:08:06.995819
29,2,10,5,0,5,2026-07-30T17:08:06.251121
29,3,1,0,0,0,2026-07-30T17:08:06.798275
29,3,2,0,0,0,2026-07-30T17:08:07.032863
29,3,3,0,0,0,2026-07-30T17:08:07.280621
29,3,4,0,0,0,2026-07-30T17:08:08.126523
29,3,5,0,0,0,2026-07-30T17:08:08.108851
29,3,6,0,0,0,2026-07-30T17:08:07.977426
29,3,7,0,0,0,2026-07-30T17:08:07.820423
29,3,8,0,0,0,2026-07-30T17:08:07.825201
29,3,9,0,0,0,2026-07-30T17:08:08.036374
29,3,10,0,0,0,2026-07-30T17:08:08.891059
29,4,1,0,0,0,2026-07-30T17:08:08.725768
29,4,2,0,0,0,2026-07-30T17:08:08.852184
29,4,3,0,0,0,2026-07-30T17:08:09.653466
29,4,4,0,0,0,2026-07-30T17:08:09.818030
29,4,5,0,0,0,2026-07-30T17:08:09.509238
29,4,6,0,0,0,2026-07-30T17:08:09.775637
29,4,7,0,0,0,2026-07-30T17:08:09.382705
29,4,8,0,0,0,2026-07-30T17:08:09.981705
29,4,9,0,0,0,2026-07-30T17:08:10.109728
29,4,10,0,0,0,2026-07-30T17:08:10.318974
29,5,1,0,0,0,2026-07-30T17:08:11.253834
29,5,2,0,0,0,2026-07-30T17:08:11.789255
29,5,3,0,0,0,2026-07-30T17:08:10.713343
29,5,4,0,0,0,2026-07-30T17:08:11.191904
29,5,5,0,0,0,2026-07-30T17:08:11.272511
29,5,6,0,0,0,2026-07-30T17:08:11.621497
29,5,7,0,0,0,2026-07-30T17:08:11.546101
29,5,8,0,0,0,2026-07-30T17:08:11.561650
29,5,9,0,0,0,2026-07-30T17:08:12.554536
29,5,10,0,0,0,2026-07-30T17:08:12.243144
29,6,1,0,0,0,2026-07-30T17:08:13.098178
29,6,2,5,0,5,2026-07-30T17:08:12.698838
29,6,3,5,0,5,2026-07-30T17:08:12.773425
29,6,4,5,0,5,2026-07-30T17:08:13.215339
29,6,5,5,0,5,2026-07-30T17:08:12.868036
29,6,6,5,0,5,2026-07-30T17:08:12.823025
29,6,7,5,0,5,2026-07-30T17:08:13.269335
29,6,8,5,0,5,2026-07-30T17:08:13.783650
29,6,9,5,0,5,2026-07-30T17:08:14.138738
29,6,10,5,0,5,2026-07-30T17:08:13.794935
29,7,1,5,0,5,2026-07-30T17:08:14.878830
29,7,2,5,0,5,2026-07-30T17:08:14.302097
29,7,3,5,0,5,2026-07-30T17:08:14.533702
29,7,4,5,0,5,2026-07-30T17:08:15.286941
29,7,5,5,0,5,2026-07-30T17:08:14.310301
29,7,6,5,0,5,2026-07-30T17:08:15.042310
29,7,7,5,0,5,2026-07-30T17:08:15.642445
29,7,8,5,0,5,2026-07-30T17:08:16.009765
29,7,9,5,0,5,2026-07-30T17:08:15.737228
29,7,10,5,0,5,2026-07-30T17:08:15.572819
29,8,1,5,0,5,2026-07-30T17:08:15.775181
29,8,2,0,0,0,2026-07-30T17:08:16.325695
29,8,3,0,0,0,2026-07-30T17:08:17.111988
29,8,4,0,0,0,2026-07-30T17:08:16.913132
29,8,5,0,0,0,2026-07-30T17:08:17.628588
29,8,6,5,0,5,2026-07-30T17:08:17.703094
29,8,7,0,0,0,2026-07-30T17:08:17.597637
29,8,8,0,0,0,2026-07-30T17:08:17.216384
29,8,9,5,0,5,2026-07-30T17:08:17.429041
29,8,10,0,0,0,2026-07-30T17:08:18.179603
29,9,1,0,0,0,2026-07-30T17:08:18.363285
29,9,2,0,0,0,2026-07-30T17:08:18.580482
29,9,3,0,0,0,2026-07-30T17:08:18.464585
29,9,4,0,0,0,2026-07-30T17:08:19.302401
29,9,5,0,0,0,2026-07-30T17:08:18.626014
29,9,6,0,0,0,2026-07-30T17:08:19.467703
29,9,7,0,0,0,2026-07-30T17:08:18.954973
29,9,8,0,0,0,2026-07-30T17:08:20.243881
29,9,9,0,0,0,2026-07-30T17:08:19.616559
29,9,10,0,0,0,2026-07-30T17:08:19.716089
29,10,1,0,0,0,2026-07-30T17:08:20.040345
29,10,2,0,0,0,2026-07-30T17:08:19.663908
29,10,3,0,0,0,2026-07-30T17:08:20.640324
29,10,4,0,0,0,2026-07-30T17:08:21.133677
29,10,5,0,0,0,2026-07-30T17:08:21.328971
29,10,6,0,0,0,2026-07-30T17:08:20.856567
29,10,7,0,0,0,2026-07-30T17:08:21.295914
29,10,8,0,0,0,2026-07-30T17:08:21.345269
29,10,9,0,0,0,2026-07-30T17:08:21.459407
29,10,10,0,0,0,2026-07-30T17:08:21.579368
29,11,1,5,0,5,2026-07-30T17:08:22.291079
29,11,2,5,0,5,2026-07-30T17:08:22.307686
29,11,3,0,0,0,2026-07-30T17:08:22.173307
29,11,4,5,0,5,2026-07-30T17:08:22.733887
29,11,5,5,0,5,2026-07-30T17:08:22.932789
29,11,6,5,0,5,2026-07-30T17:08:22.995361
29,11,7,5,0,5,2026-07-30T17:08:23.254351
29,11,8,5,0,5,2026-07-30T17:08:23.452778
29,11,9,0,0,0,2026-07-30T17:08:24.215811
29,11,10,5,0,5,2026-07-30T17:08:23.956341
29,12,1,5,0,5,2026-07-30T17:08:24.146728
29,12,2,5,0,5,2026-07-30T17:08:24.587913
29,12,3,5,0,5,2026-07-30T17:08:24.150384
29,12,4,5,0,5,2026-07-30T17:08:24.438567
29,12,5,5,0,5,2026-07-30T17:08:25.104552
29,12,6,5,0,5,2026-07-30T17:08:24.691126
29,12,7,5,0,5,2026-07-30T17:08:25.814357
29,12,8,5,0,5,2026-07-30T17:08:25.581990
29,12,9,5,0,5,2026-07-30T17:08:25.979102
29,12,10,5,0,5,2026-07-30T17:08:25.252672
29,13,1,0,0,0,2026-07-30T17:08:25.911970
29,13,2,0,0,0,2026-07-30T17:08:26.026719
29,13,3,0,0,0,2026-07-30T17:08:26.335472
29,13,4,0,0,0,2026-07-30T17:08:26.573766
29,13,5,0,0,0,2026-07-30T17:08:27.118241
29,13,6,0,0,0,2026-07-30T17:08:27.018867
29,13,7,0,0,0,2026-07-30T17:08:27.247542
29,13,8,0,0,0,2026-07-30T17:08:27.560958
29,13,9,0,0,0,2026-07-30T17:08:27.193033
29,13,10,0,0,0,2026-07-30T17:08:27.651648
29,14,1,5,0,5,2026-07-30T17:08:27.786305
29,14,2,5,0,5,2026-07-30T17:08:27.600937
29,14,3,5,0,5,2026-07-30T17:08:28.838887
29,14,4,5,0,5,2026-07-30T17:08:28.549361
29,14,5,5,0,5,2026-07-30T17:08:28.222533
29,14,6,5,0,5,2026-07-30T17:08:28.904930
29,14,7,5,0,5,2026-07-30T17:08:28.995386
29,14,8,5,0,5,2026-07-30T17:08:29.235396
29,14,9,5,0,5,2026-07-30T17:08:28.680475
29,14,10,3,0,3,2026-07-30T17:08:28.845456
29,15,1,0,0,0,2026-07-30T17:08:30.077482
29,15,2,0,0,0,2026-07-30T17:08:29.993244
29,15,3,0,0,0,2026-07-30T17:08:29.920236
29,15,4,0,0,0,2026-07-30T17:08:30.719299
29,15,5,0,0,0,2026-07-30T17:08:30.693695
29,15,6,0,0,0,2026-07-30T17:08:30.739891
29,15,7,0,0,0,2026-07-30T17:08:30.023066
29,15,8,0,0,0,2026-07-30T17:08:30.481235
29,15,9,0,0,0,2026-07-30T17:08:31.560971
29,15,10,0,0,0,2026-07-30T17:08:31.837874
29,16,1,5,0,5,2026-07-30T17:08:31.695509
29,16,2,5,0,5,2026-07-30T17:08:31.518913
29,16,3,5,0,5,2026-07-30T17:08:31.733064
29,16,4,5,0,5,2026-07-30T17:08:31.743363
29,16,5,5,0,5,2026-07-30T17:08:31.741178
29,16,6,5,0,5,2026-07-30T17:08:32.206611
29,16,7,5,0,5,2026-07-30T17:08:33.151484
29,16,8,5,0,5,2026-07-30T17:08:32.984538
29,16,9,5,0,5,2026-07-30T17:08:33.527337
29,16,10,5,0,5,2026-07-30T17:08:33.773737
29,17,1,5,0,5,2026-07-30T17:08:32.789409
29,17,2,5,0,5,2026-07-30T17:08:33.191100
29,17,3,5,0,5,2026-07-30T17:08:33.493462
29,17,4,5,0,5,2026-07-30T17:08:33.225374
29,17,5,5,0,5,2026-07-30T17:08:34.648401
29,17,6,5,0,5,2026-07-30T17:08:35.043442
29,17,7,5,0,5,2026-07-30T17:08:34.583385
29,17,8,5,0,5,2026-07-30T17:08:34.837182
29,17,9,5,0,5,2026-07-30T17:08:34.434360
29,17,10,5,0,5,2026-07-30T17:08:34.550910
29,18,1,5,0,5,2026-07-30T17:08:35.183352
29,18,2,5,0,5,2026-07-30T17:08:35.635749
29,18,3,5,0,5,2026-07-30T17:08:36.075315
29,18,4,5,0,5,2026-07-30T17:08:36.397039
29,18,5,5,0,5,2026-07-30T17:08:36.032401
29,18,6,3,0,3,2026-07-30T17:08:35.913674
29,18,7,5,0,5,2026-07-30T17:08:35.899480
29,18,8,5,0,5,2026-07-30T17:08:36.920346
29,18,9,3,0,3,2026-07-30T17:08:36.213755
29,18,10,5,0,5,2026-07-30T17:08:37.091161
29,19,1,5,0,5,2026-07-30T17:08:37.330064
29,19,2,5,0,5,2026-07-30T17:08:36.946854
29,19,3,5,0,5,2026-07-30T17:08:37.069434
29,19,4,5,0,5,2026-07-30T17:08:37.933538
29,19,5,5,0,5,2026-07-30T17:08:37.665541
29,19,6,5,0,5,2026-07-30T17:08:38.245752
29,19,7,5,0,5,2026-07-30T17:08:38.336685
29,19,8,5,0,5,2026-07-30T17:08:38.603218
29,19,9,5,0,5,2026-07-30T17:08:38.131061
29,19,10,5,0,5,2026-07-30T17:08:38.150766
29,20,1,5,0,5,2026-07-30T17:08:38.767314
29,20,2,5,0,5,2026-07-30T17:08:39.332718
29,20,3,5,0,5,2026-07-30T17:08:39.368995
29,20,4,5,0,5,2026-07-30T17:08:39.169748
29,20,5,5,0,5,2026-07-30T17:08:39.177695
29,20,6,5,0,5,2026-07-30T17:08:40.094539
29,20,7,5,0,5,2026-07-30T17:08:40.138721
29,20,8,5,0,5,2026-07-30T17:08:39.845178
29,20,9,5,0,5,2026-07-30T17:08:40.011640
29,20,10,5,0,5,2026-07-30T17:08:40.414527
29,21,1,5,0,5,2026-07-30T17:08:40.834985
29,21,2,5,0,5,2026-07-30T17:08:40.578349
29,21,3,5,0,5,2026-07-30T17:08:41.005240
29,21,4,5,0,5,2026-07-30T17:08:41.692701
29,21,5,5,0,5,2026-07-30T17:08:41.838726
29,21,6,5,0,5,2026-07-30T17:08:41.504840
29,21,7,5,0,5,2026-07-30T17:08:41.593963
29,21,8,5,0,5,2026-07-30T17:08:42.281011
29,21,9,5,0,5,2026-07-30T17:08:41.614813
29,21,10,5,0,5,2026-07-30T17:08:42.081203
29,22,1,5,0,5,2026-07-30T17:08:42.248945
29,22,2,5,0,5,2026-07-30T17:08:43.344481
29,22,3,5,0,5,2026-07-30T17:08:42.822988
29,22,4,5,0,5,2026-07-30T17:08:42.469258
29,22,5,5,0,5,2026-07-30T17:08:42.722339
29,22,6,5,0,5,2026-07-30T17:08:43.486778
29,22,7,5,0,5,2026-07-30T17:08:43.119473
29,22,8,5,0,5,2026-07-30T17:08:43.904830
29,22,9,5,0,5,2026-07-30T17:08:43.708403
29,22,10,5,0,5,2026-07-30T17:08:44.128893
29,23,1,5,0,5,2026-07-30T17:08:44.562148
29,23,2,5,0,5,2026-07-30T17:08:44.266054
29,23,3,5,0,5,2026-07-30T17:08:44.351065
29,23,4,5,0,5,2026-07-30T17:08:44.385929
29,23,5,5,0,5,2026-07-30T17:08:45.333728
29,23,6,5,0,5,2026-07-30T17:08:44.731440
29,23,7,5,0,5,2026-07-30T17:08:44.951917
29,23,8,5,0,5,2026-07-30T17:08:46.165689
29,23,9,5,0,5,2026-07-30T17:08:45.898565
29,23,10,5,0,5,2026-07-30T17:08:45.603745
29,24,1,0,0,0,2026-07-30T17:08:45.839221
29,24,2,0,0,0,2026-07-30T17:08:45.992182
29,24,3,5,0,5,2026-07-30T17:08:46.387686
29,24,4,5,0,5,2026-07-30T17:08:46.800967
29,24,5,5,0,5,2026-07-30T17:08:46.571535
29,24,6,5,0,5,2026-07-30T17:08:46.842102
29,24,7,0,0,0,2026-07-30T17:08:46.878124
29,24,8,0,0,0,2026-07-30T17:08:47.122597
29,24,9,0,0,0,2026-07-30T17:08:47.207521
29,24,10,5,0,5,2026-07-30T17:08:47.440973
29,25,1,0,0,0,2026-07-30T17:08:48.027576
29,25,2,0,0,0,2026-07-30T17:08:48.414359
29,25,3,0,0,0,2026-07-30T17:08:48.481683
29,25,4,0,0,0,2026-07-30T17:08:48.697942
29,25,5,0,0,0,2026-07-30T17:08:48.315948
29,25,6,0,0,0,2026-07-30T17:08:48.362792
29,25,7,0,0,0,2026-07-30T17:08:48.433059
29,25,8,0,0,0,2026-07-30T17:08:49.310271
29,25,9,0,0,0,2026-07-30T17:08:49.061884
29,25,10,0,0,0,2026-07-30T17:08:49.971899
29,26,1,5,0,5,2026-07-30T17:08:50.020973
29,26,2,0,0,0,2026-07-30T17:08:49.489186
29,26,3,5,0,5,2026-07-30T17:08:49.459686
29,26,4,5,0,5,2026-07-30T17:08:49.535952
29,26,5,5,0,5,2026-07-30T17:08:49.937025
29,26,6,5,0,5,2026-07-30T17:08:50.131960
29,26,7,5,0,5,2026-07-30T17:08:50.935577
29,26,8,5,0,5,2026-07-30T17:08:50.493068
29,26,9,5,0,5,2026-07-30T17:08:50.726767
29,26,10,5,0,5,2026-07-30T17:08:51.196693
29,27,1,5,0,5,2026-07-30T17:08:51.808557
29,27,2,5,0,5,2026-07-30T17:08:51.398256
29,27,3,5,0,5,2026-07-30T17:08:51.588424
29,27,4,5,0,5,2026-07-30T17:08:51.594226
29,27,5,5,0,5,2026-07-30T17:08:51.979615
29,27,6,5,0,5,2026-07-30T17:08:52.391424
29,27,7,5,0,5,2026-07-30T17:08:52.592627
29,27,8,5,0,5,2026-07-30T17:08:53.076897
29,27,9,5,0,5,2026-07-30T17:08:52.274893
29,27,10,5,0,5,2026-07-30T17:08:52.839733
29,28,1,5,0,5,2026-07-30T17:08:53.458075
29,28,2,5,0,5,2026-07-30T17:08:52.844606
29,28,3,5,0,5,2026-07-30T17:08:53.434454
29,28,4,5,0,5,2026-07-30T17:08:54.116534
29,28,5,5,0,5,2026-07-30T17:08:54.250615
29,28,6,5,0,5,2026-07-30T17:08:53.852698
29,28,7,5,0,5,2026-07-30T17:08:54.921222
29,28,8,5,0,5,2026-07-30T17:08:54.892139
29,28,9,5,0,5,2026-07-30T17:08:54.742428
29,28,10,5,0,5,2026-07-30T17:08:55.262409
29,29,1,5,0,5,2026-07-30T17:08:55.113223
29,29,2,5,0,5,2026-07-30T17:08:55.111651
29,29,3,5,0,5,2026-07-30T17:08:55.960190
29,29,4,5,0,5,2026-07-30T17:08:55.341517
29,29,5,5,0,5,2026-07-30T17:08:56.396849
29,29,6,5,0,5,2026-07-30T17:08:56.123465
29,29,7,5,0,5,2026-07-30T17:08:56.175249
29,29,8,5,0,5,2026-07-30T17:08:56.324979
29,29,9,5,0,5,2026-07-30T17:08:56.334439
29,29,10,5,0,5,2026-07-30T17:08:57.122724
29,30,1,3,0,3,2026-07-30T17:08:57.230353
29,30,2,5,0,5,2026-07-30T17:08:57.011814
29,30,3,5,0,5,2026-07-30T17:08:57.985144
29,30,4,5,0,5,2026-07-30T17:08:58.232885
29,30,5,5,0,5,2026-07-30T17:08:57.778347
29,30,6,5,0,5,2026-07-30T17:08:58.173860
29,30,7,5,0,5,2026-07-30T17:08:57.632954
29,30,8,5,0,5,2026-07-30T17:08:58.680471
29,30,9,5,0,5,2026-07-30T17:08:58.160422
29,30,10,5,0,5,2026-07-30T17:08:58.498782
30,1,1,5,0,5,2026-07-30T17:08:59.476170
30,1,2,5,0,5,2026-07-30T17:08:59.023197
30,1,3,5,0,5,2026-07-30T17:08:59.629718
30,1,4,5,0,5,2026-07-30T17:08:59.225305
30,1,5,5,0,5,2026-07-30T17:09:00.238991
30,1,6,5,0,5,2026-07-30T17:08:59.872358
30,1,7,5,0,5,2026-07-30T17:08:59.722993
30,1,8,5,0,5,2026-07-30T17:09:00.520976
30,1,9,5,0,5,2026-07-30T17:09:00.073956
30,1,10,5,0,5,2026-07-30T17:09:00.836311
30,2,1,5,0,5,2026-07-30T17:09:01.140896
30,2,2,5,0,5,2026-07-30T17:09:01.070069
30,2,3,5,0,5,2026-07-30T17:09:00.987105
30,2,4,5,0,5,2026-07-30T17:09:00.894877
30,2,5,5,0,5,2026-07-30T17:09:01.727284
30,2,6,5,0,5,2026-07-30T17:09:01.491434
30,2,7,5,0,5,2026-07-30T17:09:01.974053
30,2,8,5,0,5,2026-07-30T17:09:02.675568
30,2,9,5,0,5,2026-07-30T17:09:02.159681
30,2,10,5,0,5,2026-07-30T17:09:02.844791
30,3,1,3,0,3,2026-07-30T17:09:02.330344
30,3,2,5,0,5,2026-07-30T17:09:02.958104
30,3,3,3,0,3,2026-07-30T17:09:03.100102
30,3,4,5,0,5,2026-07-30T17:09:03.392467
30,3,5,5,0,5,2026-07-30T17:09:03.411038
30,3,6,5,0,5,2026-07-30T17:09:03.593062
30,3,7,5,0,5,2026-07-30T17:09:03.992943
30,3,8,5,0,5,2026-07-30T17:09:04.527725
30,3,9,5,0,5,2026-07-30T17:09:04.708423
30,3,10,5,0,5,2026-07-30T17:09:04.008885
30,4,1,0,0,0,2026-07-30T17:09:04.558513
30,4,2,0,0,0,2026-07-30T17:09:04.831048
30,4,3,0,0,0,2026-07-30T17:09:05.451297
30,4,4,5,0,5,2026-07-30T17:09:05.456728
30,4,5,0,0,0,2026-07-30T17:09:05.863176
30,4,6,0,0,0,2026-07-30T17:09:06.069736
30,4,7,0,0,0,2026-07-30T17:09:06.009895
30,4,8,0,0,0,2026-07-30T17:09:06.601266
30,4,9,5,0,5,2026-07-30T17:09:06.344772
30,4,10,5,0,5,2026-07-30T17:09:06.499418
30,5,1,5,0,5,2026-07-30T17:09:07.305217
30,5,2,5,0,5,2026-07-30T17:09:06.682685
30,5,3,5,0,5,2026-07-30T17:09:06.924031
30,5,4,5,0,5,2026-07-30T17:09:07.041126
30,5,5,5,0,5,2026-07-30T17:09:07.283791
30,5,6,5,0,5,2026-07-30T17:09:08.195300
30,5,7,5,0,5,2026-07-30T17:09:08.360949
30,5,8,5,0,5,2026-07-30T17:09:07.638057
30,5,9,5,0,5,2026-07-30T17:09:07.732400
30,5,10,5,0,5,2026-07-30T17:09:08.188715
30,6,1,5,0,5,2026-07-30T17:09:08.055611
30,6,2,5,0,5,2026-07-30T17:09:08.520202
30,6,3,5,0,5,2026-07-30T17:09:08.976281
30,6,4,5,0,5,2026-07-30T17:09:09.490410
30,6,5,5,0,5,2026-07-30T17:09:09.371419
30,6,6,5,0,5,2026-07-30T17:09:09.905230
30,6,7,5,0,5,2026-07-30T17:09:10.029232
30,6,8,5,0,5,2026-07-30T17:09:09.845495
30,6,9,5,0,5,2026-07-30T17:09:09.824879
30,6,10,5,0,5,2026-07-30T17:09:10.356366
30,7,1,5,0,5,2026-07-30T17:09:10.853195
30,7,2,5,0,5,2026-07-30T17:09:11.026408
30,7,3,5,0,5,2026-07-30T17:09:10.935995
30,7,4,5,0,5,2026-07-30T17:09:11.482599
30,7,5,5,0,5,2026-07-30T17:09:11.689452
30,7,6,5,0,5,2026-07-30T17:09:10.954564
30,7,7,5,0,5,2026-07-30T17:09:11.654290
30,7,8,5,0,5,2026-07-30T17:09:11.985398
30,7,9,5,0,5,2026-07-30T17:09:12.909989
30,7,10,5,0,5,2026-07-30T17:09:12.777229
30,8,1,5,0,5,2026-07-30T17:09:12.438574
30,8,2,5,0,5,2026-07-30T17:09:12.278214
30,8,3,0,0,0,2026-07-30T17:09:12.536521
30,8,4,5,0,5,2026-07-30T17:09:13.306610
30,8,5,5,0,5,2026-07-30T17:09:12.940430
30,8,6,5,0,5,2026-07-30T17:09:13.221701
30,8,7,5,0,5,2026-07-30T17:09:14.110940
30,8,8,5,0,5,2026-07-30T17:09:13.877260
30,8,9,5,0,5,2026-07-30T17:09:14.192249
30,8,10,5,0,5,2026-07-30T17:09:14.636465
30,9,1,0,0,0,2026-07-30T17:09:14.149433
30,9,2,0,0,0,2026-07-30T17:09:14.150350
30,9,3,0,0,0,2026-07-30T17:09:14.268050
30,9,4,0,0,0,2026-07-30T17:09:14.744833
30,9,5,5,0,5,2026-07-30T17:09:14.878953
30,9,6,0,0,0,2026-07-30T17:09:15.755256
30,9,7,5,0,5,2026-07-30T17:09:16.027116
30,9,8,0,0,0,2026-07-30T17:09:15.561465
30,9,9,0,0,0,2026-07-30T17:09:15.439499
30,9,10,0,0,0,2026-07-30T17:09:15.731493
30,10,1,0,0,0,2026-07-30T17:09:16.473651
30,10,2,0,0,0,2026-07-30T17:09:16.004392
30,10,3,0,0,0,2026-07-30T17:09:16.531058
30,10,4,0,0,0,2026-07-30T17:09:16.897050
30,10,5,0,0,0,2026-07-30T17:09:17.395143
30,10,6,0,0,0,2026-07-30T17:09:17.389581
30,10,7,0,0,0,2026-07-30T17:09:17.581046
30,10,8,0,0,0,2026-07-30T17:09:17.872007
30,10,9,0,0,0,2026-07-30T17:09:17.472766
30,10,10,0,0,0,2026-07-30T17:09:17.545380
30,11,1,5,0,5,2026-07-30T17:09:18.174060
30,11,2,5,0,5,2026-07-30T17:09:18.331794
30,11,3,5,0,5,2026-07-30T17:09:19.033342
30,11,4,5,0,5,2026-07-30T17:09:19.262104
30,11,5,5,0,5,2026-07-30T17:09:18.484502
30,11,6,5,0,5,2026-07-30T17:09:18.615587
30,11,7,5,0,5,2026-07-30T17:09:18.860531
30,11,8,5,0,5,2026-07-30T17:09:19.112873
30,11,9,5,0,5,2026-07-30T17:09:19.391200
30,11,10,5,0,5,2026-07-30T17:09:19.570014
30,12,1,5,0,5,2026-07-30T17:09:19.925331
30,12,2,5,0,5,2026-07-30T17:09:20.055439
30,12,3,5,0,5,2026-07-30T17:09:20.884485
30,12,4,5,0,5,2026-07-30T17:09:20.274646
30,12,5,5,0,5,2026-07-30T17:09:20.564507
30,12,6,5,0,5,2026-07-30T17:09:20.512435
30,12,7,5,0,5,2026-07-30T17:09:21.035510
30,12,8,5,0,5,2026-07-30T17:09:20.785951
30,12,9,5,0,5,2026-07-30T17:09:21.176872
30,12,10,5,0,5,2026-07-30T17:09:21.692952
30,13,1,0,0,0,2026-07-30T17:09:21.314608
30,13,2,0,0,0,2026-07-30T17:09:21.744882
30,13,3,0,0,0,2026-07-30T17:09:22.018453
30,13,4,0,0,0,2026-07-30T17:09:22.045884
30,13,5,0,0,0,2026-07-30T17:09:22.520937
30,13,6,0,0,0,2026-07-30T17:09:22.279904
30,13,7,0,0,0,2026-07-30T17:09:22.844661
30,13,8,0,0,0,2026-07-30T17:09:22.953810
30,13,9,0,0,0,2026-07-30T17:09:23.132277
30,13,10,0,0,0,2026-07-30T17:09:23.575799
30,14,1,5,0,5,2026-07-30T17:09:23.249628
30,14,2,5,0,5,2026-07-30T17:09:23.066078
30,14,3,5,0,5,2026-07-30T17:09:23.500506
30,14,4,3,0,3,2026-07-30T17:09:23.966573
30,14,5,5,0,5,2026-07-30T17:09:24.283150
30,14,6,5,0,5,2026-07-30T17:09:24.596188
30,14,7,5,0,5,2026-07-30T17:09:24.309449
30,14,8,5,0,5,2026-07-30T17:09:24.377073
30,14,9,5,0,5,2026-07-30T17:09:24.700937
30,14,10,5,0,5,2026-07-30T17:09:24.957631
30,15,1,5,0,5,2026-07-30T17:09:25.014001
30,15,2,5,0,5,2026-07-30T17:09:24.982810
30,15,3,0,0,0,2026-07-30T17:09:25.718329
30,15,4,5,0,5,2026-07-30T17:09:25.980221
30,15,5,5,0,5,2026-07-30T17:09:26.019083
30,15,6,5,0,5,2026-07-30T17:09:26.066219
30,15,7,4,0,4,2026-07-30T17:09:26.344658
30,15,8,5,0,5,2026-07-30T17:09:25.802548
30,15,9,5,0,5,2026-07-30T17:09:26.446613
30,15,10,5,0,5,2026-07-30T17:09:26.853835
30,16,1,5,0,5,2026-07-30T17:09:27.163381
30,16,2,5,0,5,2026-07-30T17:09:27.633754
30,16,3,5,0,5,2026-07-30T17:09:27.843939
30,16,4,5,0,5,2026-07-30T17:09:27.261556
30,16,5,5,0,5,2026-07-30T17:09:27.108703
30,16,6,5,0,5,2026-07-30T17:09:27.983424
30,16,7,5,0,5,2026-07-30T17:09:28.085195
30,16,8,5,0,5,2026-07-30T17:09:28.300600
30,16,9,5,0,5,2026-07-30T17:09:28.965491
30,16,10,5,0,5,2026-07-30T17:09:28.983171
30,17,1,5,0,5,2026-07-30T17:09:28.910176
30,17,2,5,0,5,2026-07-30T17:09:29.497655
30,17,3,5,0,5,2026-07-30T17:09:29.089103
30,17,4,5,0,5,2026-07-30T17:09:29.624792
30,17,5,5,0,5,2026-07-30T17:09:29.706793
30,17,6,5,0,5,2026-07-30T17:09:29.529605
30,17,7,5,0,5,2026-07-30T17:09:29.971966
30,17,8,5,0,5,2026-07-30T17:09:30.782349
30,17,9,5,0,5,2026-07-30T17:09:30.815391
30,17,10,5,0,5,2026-07-30T17:09:30.511133
30,18,1,5,0,5,2026-07-30T17:09:31.129501
30,18,2,5,0,5,2026-07-30T17:09:31.176088
30,18,3,5,0,5,2026-07-30T17:09:30.837274
30,18,4,5,0,5,2026-07-30T17:09:31.119248
30,18,5,5,0,5,2026-07-30T17:09:31.012566
30,18,6,5,0,5,2026-07-30T17:09:31.763293
30,18,7,5,0,5,2026-07-30T17:09:32.035501
30,18,8,5,0,5,2026-07-30T17:09:32.274504
30,18,9,5,0,5,2026-07-30T17:09:32.693791
30,18,10,5,0,5,2026-07-30T17:09:32.056483
30,19,1,5,0,5,2026-07-30T17:09:32.371105
30,19,2,5,0,5,2026-07-30T17:09:32.996776
30,19,3,5,0,5,2026-07-30T17:09:32.849799
30,19,4,5,0,5,2026-07-30T17:09:33.188439
30,19,5,5,0,5,2026-07-30T17:09:33.863094
30,19,6,5,0,5,2026-07-30T17:09:33.525467
30,19,7,5,0,5,2026-07-30T17:09:33.281927
30,19,8,5,0,5,2026-07-30T17:09:34.022394
30,19,9,5,0,5,2026-07-30T17:09:33.756759
30,19,10,5,0,5,2026-07-30T17:09:34.288299
30,20,1,5,0,5,2026-07-30T17:09:34.671848
30,20,2,5,0,5,2026-07-30T17:09:34.823538
30,20,3,5,0,5,2026-07-30T17:09:35.133525
30,20,4,5,0,5,2026-07-30T17:09:34.751141
30,20,5,5,0,5,2026-07-30T17:09:35.176372
30,20,6,5,0,5,2026-07-30T17:09:34.922926
30,20,7,5,0,5,2026-07-30T17:09:35.472257
30,20,8,5,0,5,2026-07-30T17:09:36.144731
30,20,9,5,0,5,2026-07-30T17:09:36.325354
30,20,10,5,0,5,2026-07-30T17:09:35.976898
30,21,1,5,0,5,2026-07-30T17:09:36.267698
30,21,2,5,0,5,2026-07-30T17:09:36.332026
30,21,3,5,0,5,2026-07-30T17:09:36.960223
30,21,4,5,0,5,2026-07-30T17:09:37.031362
30,21,5,5,0,5,2026-07-30T17:09:37.105587
30,21,6,5,0,5,2026-07-30T17:09:37.419888
30,21,7,5,0,5,2026-07-30T17:09:38.212702
30,21,8,5,0,5,2026-07-30T17:09:38.085882
30,21,9,5,0,5,2026-07-30T17:09:37.780467
30,21,10,5,0,5,2026-07-30T17:09:37.795537
30,22,1,5,0,5,2026-07-30T17:09:38.391771
30,22,2,5,0,5,2026-07-30T17:09:38.685448
30,22,3,5,0,5,2026-07-30T17:09:38.549098
30,22,4,5,0,5,2026-07-30T17:09:38.673026
30,22,5,5,0,5,2026-07-30T17:09:39.223518
30,22,6,5,0,5,2026-07-30T17:09:39.237424
30,22,7,5,0,5,2026-07-30T17:09:39.315415
30,22,8,5,0,5,2026-07-30T17:09:39.486507
30,22,9,5,0,5,2026-07-30T17:09:39.633750
30,22,10,5,0,5,2026-07-30T17:09:40.178861
30,23,1,5,0,5,2026-07-30T17:09:39.675487
30,23,2,5,0,5,2026-07-30T17:09:40.538141
30,23,3,5,0,5,2026-07-30T17:09:40.867032
30,23,4,5,0,5,2026-07-30T17:09:41.075383
30,23,5,5,0,5,2026-07-30T17:09:40.994676
30,23,6,5,0,5,2026-07-30T17:09:40.692773
30,23,7,5,0,5,2026-07-30T17:09:41.484515
30,23,8,5,0,5,2026-07-30T17:09:41.105465
30,23,9,5,0,5,2026-07-30T17:09:42.211783
30,23,10,5,0,5,2026-07-30T17:09:41.801831
30,24,1,5,0,5,2026-07-30T17:09:41.724119
30,24,2,5,0,5,2026-07-30T17:09:41.899336
30,24,3,5,0,5,2026-07-30T17:09:42.625766
30,24,4,5,0,5,2026-07-30T17:09:42.709421
30,24,5,5,0,5,2026-07-30T17:09:42.948762
30,24,6,5,0,5,2026-07-30T17:09:43.136318
30,24,7,5,0,5,2026-07-30T17:09:43.752045
30,24,8,5,0,5,2026-07-30T17:09:43.655541
30,24,9,5,0,5,2026-07-30T17:09:43.349055
30,24,10,5,0,5,2026-07-30T17:09:43.667086
30,25,1,5,0,5,2026-07-30T17:09:43.667761
30,25,2,0,0,0,2026-07-30T17:09:44.566563
30,25,3,0,0,0,2026-07-30T17:09:44.591311
30,25,4,5,0,5,2026-07-30T17:09:44.800540
30,25,5,5,0,5,2026-07-30T17:09:44.584518
30,25,6,5,0,5,2026-07-30T17:09:45.514478
30,25,7,0,0,0,2026-07-30T17:09:45.706404
30,25,8,5,0,5,2026-07-30T17:09:44.697041
30,25,9,5,0,5,2026-07-30T17:09:44.956749
30,25,10,5,0,5,2026-07-30T17:09:45.800524
30,26,1,5,0,5,2026-07-30T17:09:45.622656
30,26,2,5,0,5,2026-07-30T17:09:46.453236
30,26,3,5,0,5,2026-07-30T17:09:46.136194
30,26,4,5,0,5,2026-07-30T17:09:46.430205
30,26,5,5,0,5,2026-07-30T17:09:46.620350
30,26,6,5,0,5,2026-07-30T17:09:46.966663
30,26,7,5,0,5,2026-07-30T17:09:47.069153
30,26,8,5,0,5,2026-07-30T17:09:47.555472
30,26,9,5,0,5,2026-07-30T17:09:47.438969
30,26,10,5,0,5,2026-07-30T17:09:47.589963
30,27,1,5,0,5,2026-07-30T17:09:47.683991
30,27,2,5,0,5,2026-07-30T17:09:48.313212
30,27,3,5,0,5,2026-07-30T17:09:48.253965
30,27,4,5,0,5,2026-07-30T17:09:48.806505
30,27,5,5,0,5,2026-07-30T17:09:48.693519
30,27,6,5,0,5,2026-07-30T17:09:49.283497
30,27,7,5,0,5,2026-07-30T17:09:48.986123
30,27,8,5,0,5,2026-07-30T17:09:49.224371
30,27,9,5,0,5,2026-07-30T17:09:48.914042
30,27,10,5,0,5,2026-07-30T17:09:49.695669
30,28,1,5,0,5,2026-07-30T17:09:49.956704
30,28,2,5,0,5,2026-07-30T17:09:49.923592
30,28,3,5,0,5,2026-07-30T17:09:50.055609
30,28,4,5,0,5,2026-07-30T17:09:50.735072
30,28,5,5,0,5,2026-07-30T17:09:50.613115
30,28,6,5,0,5,2026-07-30T17:09:51.095236
30,28,7,5,0,5,2026-07-30T17:09:50.530273
30,28,8,5,0,5,2026-07-30T17:09:50.942433
30,28,9,5,0,5,2026-07-30T17:09:50.947045
30,28,10,5,0,5,2026-07-30T17:09:51.602501
30,29,1,5,0,5,2026-07-30T17:09:52.112056
30,29,2,5,0,5,2026-07-30T17:09:52.577369
30,29,3,5,0,5,2026-07-30T17:09:51.623645
30,29,4,5,0,5,2026-07-30T17:09:51.781827
30,29,5,5,0,5,2026-07-30T17:09:52.400230
30,29,6,5,0,5,2026-07-30T17:09:51.987166
30,29,7,5,0,5,2026-07-30T17:09:52.528217
30,29,8,5,0,5,2026-07-30T17:09:53.264404
30,29,9,5,0,5,2026-07-30T17:09:52.662214
30,29,10,5,0,5,2026-07-30T17:09:52.839558
30,30,1,5,0,5,2026-07-30T17:09:54.033507
30,30,2,5,0,5,2026-07-30T17:09:53.747974
30,30,3,5,0,5,2026-07-30T17:09:53.422010
30,30,4,5,0,5,2026-07-30T17:09:54.177320
30,30,5,5,0,5,2026-07-30T17:09:53.626813
30,30,6,5,0,5,2026-07-30T17:09:54.327050
30,30,7,5,0,5,2026-07-30T17:09:54.670212
30,30,8,5,0,5,2026-07-30T17:09:54.276379
30,30,9,5,0,5,2026-07-30T17:09:54.651989
30,30,10,5,0,5,2026-07-30T17:09:54.844451
31,1,1,5,0,5,2026-07-30T17:09:55.000686
31,1,2,5,0,5,2026-07-30T17:09:55.843738
31,1,3,5,0,5,2026-07-30T17:09:56.025879
31,1,4,5,0,5,2026-07-30T17:09:55.314701
31,1,5,5,0,5,2026-07-30T17:09:55.765830
31,1,6,5,0,5,2026-07-30T17:09:56.279521
31,1,7,5,0,5,2026-07-30T17:09:56.132603
31,1,8,5,0,5,2026-07-30T17:09:56.507506
31,1,9,5,0,5,2026-07-30T17:09:56.279395
31,1,10,5,0,5,2026-07-30T17:09:56.567058
31,2,1,5,0,5,2026-07-30T17:09:56.999640
31,2,2,5,0,5,2026-07-30T17:09:57.500229
31,2,3,5,0,5,2026-07-30T17:09:57.455347
31,2,4,5,0,5,2026-07-30T17:09:57.172109
31,2,5,5,0,5,2026-07-30T17:09:58.126358
31,2,6,5,0,5,2026-07-30T17:09:58.097685
31,2,7,5,0,5,2026-07-30T17:09:58.333506
31,2,8,5,0,5,2026-07-30T17:09:58.187894
31,2,9,5,0,5,2026-07-30T17:09:58.022595
31,2,10,5,0,5,2026-07-30T17:09:58.814761
31,3,1,0,0,0,2026-07-30T17:09:59.096128
31,3,2,0,0,0,2026-07-30T17:09:58.935002
31,3,3,0,0,0,2026-07-30T17:09:59.450889
31,3,4,0,0,0,2026-07-30T17:09:59.559151
31,3,5,0,0,0,2026-07-30T17:09:59.332194
31,3,6,0,0,0,2026-07-30T17:09:59.641289
31,3,7,5,0,5,2026-07-30T17:09:59.801521
31,3,8,0,0,0,2026-07-30T17:09:59.661658
31,3,9,0,0,0,2026-07-30T17:10:00.377904
31,3,10,0,0,0,2026-07-30T17:10:00.338186
31,4,1,3,0,3,2026-07-30T17:10:00.392230
31,4,2,0,0,0,2026-07-30T17:10:00.488948
31,4,3,3,0,3,2026-07-30T17:10:00.846854
31,4,4,2,0,2,2026-07-30T17:10:01.480430
31,4,5,0,0,0,2026-07-30T17:10:01.096946
31,4,6,2,0,2,2026-07-30T17:10:01.227327
31,4,7,3,0,3,2026-07-30T17:10:02.370821
31,4,8,0,0,0,2026-07-30T17:10:02.227214
31,4,9,0,0,0,2026-07-30T17:10:01.602309
31,4,10,4,0,4,2026-07-30T17:10:02.341184
31,5,1,0,0,0,2026-07-30T17:10:02.691648
31,5,2,0,0,0,2026-07-30T17:10:02.768439
31,5,3,0,0,0,2026-07-30T17:10:02.283698
31,5,4,0,0,0,2026-07-30T17:10:02.914557
31,5,5,0,0,0,2026-07-30T17:10:02.663207
31,5,6,0,0,0,2026-07-30T17:10:03.503876
31,5,7,0,0,0,2026-07-30T17:10:03.513631
31,5,8,0,0,0,2026-07-30T17:10:03.582239
31,5,9,0,0,0,2026-07-30T17:10:03.601308
31,5,10,0,0,0,2026-07-30T17:10:04.320767
31,6,1,5,0,5,2026-07-30T17:10:04.357869
31,6,2,5,0,5,2026-07-30T17:10:03.990736
31,6,3,5,0,5,2026-07-30T17:10:04.348029
31,6,4,5,0,5,2026-07-30T17:10:05.151648
31,6,5,5,0,5,2026-07-30T17:10:05.565029
31,6,6,5,0,5,2026-07-30T17:10:04.847342
31,6,7,5,0,5,2026-07-30T17:10:05.028263
31,6,8,5,0,5,2026-07-30T17:10:05.471642
31,6,9,5,0,5,2026-07-30T17:10:05.368358
31,6,10,5,0,5,2026-07-30T17:10:06.200254
31,7,1,5,0,5,2026-07-30T17:10:05.580403
31,7,2,5,0,5,2026-07-30T17:10:06.103357
31,7,3,5,0,5,2026-07-30T17:10:07.060535
31,7,4,5,0,5,2026-07-30T17:10:06.404176
31,7,5,5,0,5,2026-07-30T17:10:07.242651
31,7,6,5,0,5,2026-07-30T17:10:06.745861
31,7,7,5,0,5,2026-07-30T17:10:06.765006
31,7,8,5,0,5,2026-07-30T17:10:07.008310
31,7,9,5,0,5,2026-07-30T17:10:07.527347
31,7,10,5,0,5,2026-07-30T17:10:07.809565
31,8,1,5,0,5,2026-07-30T17:10:07.434735
31,8,2,5,0,5,2026-07-30T17:10:08.564373
31,8,3,5,0,5,2026-07-30T17:10:08.009580
31,8,4,5,0,5,2026-07-30T17:10:08.065733
31,8,5,5,0,5,2026-07-30T17:10:08.291292
31,8,6,5,0,5,2026-07-30T17:10:09.114506
31,8,7,5,0,5,2026-07-30T17:10:08.691219
31,8,8,5,0,5,2026-07-30T17:10:08.980775
31,8,9,5,0,5,2026-07-30T17:10:08.838340
31,8,10,5,0,5,2026-07-30T17:10:09.856956
31,9,1,0,0,0,2026-07-30T17:10:09.722033
31,9,2,0,0,0,2026-07-30T17:10:09.125824
31,9,3,0,0,0,2026-07-30T17:10:10.414277
31,9,4,0,0,0,2026-07-30T17:10:10.562743
31,9,5,0,0,0,2026-07-30T17:10:10.098799
31,9,6,0,0,0,2026-07-30T17:10:10.249811
31,9,7,0,0,0,2026-07-30T17:10:10.940512
31,9,8,0,0,0,2026-07-30T17:10:10.584053
31,9,9,0,0,0,2026-07-30T17:10:11.356783
31,9,10,0,0,0,2026-07-30T17:10:11.277361
31,10,1,0,0,0,2026-07-30T17:10:11.753058
31,10,2,0,0,0,2026-07-30T17:10:12.095789
31,10,3,0,0,0,2026-07-30T17:10:11.867674
31,10,4,0,0,0,2026-07-30T17:10:12.000059
31,10,5,3,0,3,2026-07-30T17:10:11.854151
31,10,6,0,0,0,2026-07-30T17:10:12.590991
31,10,7,0,0,0,2026-07-30T17:10:12.508726
31,10,8,0,0,0,2026-07-30T17:10:12.208352
31,10,9,5,0,5,2026-07-30T17:10:13.238285
31,10,10,0,0,0,2026-07-30T17:10:13.705876
31,11,1,5,0,5,2026-07-30T17:10:13.084521
31,11,2,5,0,5,2026-07-30T17:10:12.851118
31,11,3,5,0,5,2026-07-30T17:10:13.357765
31,11,4,5,0,5,2026-07-30T17:10:13.435796
31,11,5,5,0,5,2026-07-30T17:10:14.580788
31,11,6,5,0,5,2026-07-30T17:10:14.266318
31,11,7,5,0,5,2026-07-30T17:10:14.094215
31,11,8,5,0,5,2026-07-30T17:10:14.137227
31,11,9,5,0,5,2026-07-30T17:10:14.270157
31,11,10,5,0,5,2026-07-30T17:10:14.589058
31,12,1,5,0,5,2026-07-30T17:10:15.074463
31,12,2,5,0,5,2026-07-30T17:10:15.380146
31,12,3,5,0,5,2026-07-30T17:10:15.525272
31,12,4,5,0,5,2026-07-30T17:10:15.768375
31,12,5,5,0,5,2026-07-30T17:10:16.131748
31,12,6,5,0,5,2026-07-30T17:10:16.310594
31,12,7,5,0,5,2026-07-30T17:10:16.411928
31,12,8,5,0,5,2026-07-30T17:10:15.839555
31,12,9,5,0,5,2026-07-30T17:10:16.111539
31,12,10,5,0,5,2026-07-30T17:10:16.441627
31,13,1,5,0,5,2026-07-30T17:10:16.550679
31,13,2,5,0,5,2026-07-30T17:10:17.637392
31,13,3,5,0,5,2026-07-30T17:10:17.472282
31,13,4,5,0,5,2026-07-30T17:10:17.964291
31,13,5,5,0,5,2026-07-30T17:10:17.755303
31,13,6,5,0,5,2026-07-30T17:10:17.341015
31,13,7,4,0,4,2026-07-30T17:10:17.864458
31,13,8,5,0,5,2026-07-30T17:10:18.290196
31,13,9,5,0,5,2026-07-30T17:10:17.790247
31,13,10,5,0,5,2026-07-30T17:10:18.574314
31,14,1,5,0,5,2026-07-30T17:10:18.929742
31,14,2,5,0,5,2026-07-30T17:10:19.259294
31,14,3,5,0,5,2026-07-30T17:10:19.384525
31,14,4,5,0,5,2026-07-30T17:10:19.452752
31,14,5,5,0,5,2026-07-30T17:10:19.681249
31,14,6,5,0,5,2026-07-30T17:10:19.421511
31,14,7,5,0,5,2026-07-30T17:10:19.738836
31,14,8,5,0,5,2026-07-30T17:10:20.001928
31,14,9,5,0,5,2026-07-30T17:10:20.170169
31,14,10,5,0,5,2026-07-30T17:10:20.727980
31,15,1,5,0,5,2026-07-30T17:10:20.433465
31,15,2,0,0,0,2026-07-30T17:10:20.656316
31,15,3,5,0,5,2026-07-30T17:10:21.090139
31,15,4,5,0,5,2026-07-30T17:10:21.500674
31,15,5,5,0,5,2026-07-30T17:10:20.979367
31,15,6,5,0,5,2026-07-30T17:10:21.637362
31,15,7,0,0,0,2026-07-30T17:10:21.799094
31,15,8,5,0,5,2026-07-30T17:10:21.486516
31,15,9,0,0,0,2026-07-30T17:10:22.089556
31,15,10,5,0,5,2026-07-30T17:10:22.164736
31,16,1,5,0,5,2026-07-30T17:10:22.215488
31,16,2,5,0,5,2026-07-30T17:10:22.718143
31,16,3,5,0,5,2026-07-30T17:10:23.526197
31,16,4,5,0,5,2026-07-30T17:10:22.527675
31,16,5,5,0,5,2026-07-30T17:10:23.080743
31,16,6,5,0,5,2026-07-30T17:10:22.840888
31,16,7,5,0,5,2026-07-30T17:10:23.743005
31,16,8,5,0,5,2026-07-30T17:10:23.403344
31,16,9,5,0,5,2026-07-30T17:10:24.060454
31,16,10,5,0,5,2026-07-30T17:10:23.945532
31,17,1,5,0,5,2026-07-30T17:10:23.958485
31,17,2,5,0,5,2026-07-30T17:10:24.292076
31,17,3,5,0,5,2026-07-30T17:10:24.905651
31,17,4,5,0,5,2026-07-30T17:10:25.073434
31,17,5,5,0,5,2026-07-30T17:10:25.175406
31,17,6,5,0,5,2026-07-30T17:10:25.199810
31,17,7,5,0,5,2026-07-30T17:10:25.374140
31,17,8,5,0,5,2026-07-30T17:10:25.402483
31,17,9,5,0,5,2026-07-30T17:10:26.081870
31,17,10,5,0,5,2026-07-30T17:10:26.155090
31,18,1,4,0,4,2026-07-30T17:10:25.954836
31,18,2,5,0,5,2026-07-30T17:10:26.936339
31,18,3,4,0,4,2026-07-30T17:10:26.637725
31,18,4,4,0,4,2026-07-30T17:10:27.029968
31,18,5,4,0,4,2026-07-30T17:10:26.817381
31,18,6,5,0,5,2026-07-30T17:10:26.849295
31,18,7,5,0,5,2026-07-30T17:10:27.390181
31,18,8,3,0,3,2026-07-30T17:10:27.905118
31,18,9,3,0,3,2026-07-30T17:10:27.986858
31,18,10,5,0,5,2026-07-30T17:10:27.672133
31,19,1,4,0,4,2026-07-30T17:10:28.446485
31,19,2,5,0,5,2026-07-30T17:10:28.901156
31,19,3,5,0,5,2026-07-30T17:10:28.200992
31,19,4,4,0,4,2026-07-30T17:10:28.295312
31,19,5,4,0,4,2026-07-30T17:10:29.061917
31,19,6,4,0,4,2026-07-30T17:10:28.705470
31,19,7,4,0,4,2026-07-30T17:10:29.347751
31,19,8,5,0,5,2026-07-30T17:10:29.842174
31,19,9,5,0,5,2026-07-30T17:10:29.461741
31,19,10,4,0,4,2026-07-30T17:10:29.744683
31,20,1,5,0,5,2026-07-30T17:10:30.081962
31,20,2,5,0,5,2026-07-30T17:10:30.138440
31,20,3,5,0,5,2026-07-30T17:10:30.335833
31,20,4,5,0,5,2026-07-30T17:10:30.506000
31,20,5,5,0,5,2026-07-30T17:10:30.766844
31,20,6,5,0,5,2026-07-30T17:10:30.885918
31,20,7,5,0,5,2026-07-30T17:10:30.997562
31,20,8,5,0,5,2026-07-30T17:10:31.672282
31,20,9,5,0,5,2026-07-30T17:10:31.105471
31,20,10,5,0,5,2026-07-30T17:10:31.178310
31,21,1,5,0,5,2026-07-30T17:10:31.768032
31,21,2,5,0,5,2026-07-30T17:10:31.515073
31,21,3,5,0,5,2026-07-30T17:10:32.029873
31,21,4,5,0,5,2026-07-30T17:10:32.723809
31,21,5,5,0,5,2026-07-30T17:10:32.801826
31,21,6,5,0,5,2026-07-30T17:10:32.530515
31,21,7,5,0,5,2026-07-30T17:10:32.414597
31,21,8,5,0,5,2026-07-30T17:10:33.180545
31,21,9,5,0,5,2026-07-30T17:10:32.705375
31,21,10,5,0,5,2026-07-30T17:10:33.180705
31,22,1,5,0,5,2026-07-30T17:10:33.660949
31,22,2,5,0,5,2026-07-30T17:10:33.455867
31,22,3,5,0,5,2026-07-30T17:10:33.593346
31,22,4,5,0,5,2026-07-30T17:10:34.137611
31,22,5,5,0,5,2026-07-30T17:10:34.329360
31,22,6,5,0,5,2026-07-30T17:10:34.259157
31,22,7,5,0,5,2026-07-30T17:10:34.786799
31,22,8,5,0,5,2026-07-30T17:10:34.416848
31,22,9,5,0,5,2026-07-30T17:10:35.292417
31,22,10,5,0,5,2026-07-30T17:10:35.428770
31,23,1,5,0,5,2026-07-30T17:10:34.893120
31,23,2,5,0,5,2026-07-30T17:10:35.148626
31,23,3,5,0,5,2026-07-30T17:10:35.497713
31,23,4,5,0,5,2026-07-30T17:10:35.377457
31,23,5,5,0,5,2026-07-30T17:10:36.267943
31,23,6,5,0,5,2026-07-30T17:10:36.034343
31,23,7,5,0,5,2026-07-30T17:10:36.530494
31,23,8,5,0,5,2026-07-30T17:10:36.370863
31,23,9,5,0,5,2026-07-30T17:10:36.750579
31,23,10,5,0,5,2026-07-30T17:10:36.829435
31,24,1,0,0,0,2026-07-30T17:10:37.270661
31,24,2,0,0,0,2026-07-30T17:10:37.151759
31,24,3,0,0,0,2026-07-30T17:10:37.912905
31,24,4,5,0,5,2026-07-30T17:10:37.517289
31,24,5,0,0,0,2026-07-30T17:10:37.403467
31,24,6,0,0,0,2026-07-30T17:10:37.358654
31,24,7,0,0,0,2026-07-30T17:10:38.179740
31,24,8,0,0,0,2026-07-30T17:10:38.684719
31,24,9,0,0,0,2026-07-30T17:10:38.812900
31,24,10,0,0,0,2026-07-30T17:10:38.938701
31,25,1,0,0,0,2026-07-30T17:10:38.388114
31,25,2,0,0,0,2026-07-30T17:10:39.216618
31,25,3,0,0,0,2026-07-30T17:10:39.407600
31,25,4,0,0,0,2026-07-30T17:10:38.980371
31,25,5,0,0,0,2026-07-30T17:10:39.608011
31,25,6,0,0,0,2026-07-30T17:10:39.637876
31,25,7,0,0,0,2026-07-30T17:10:40.518342
31,25,8,0,0,0,2026-07-30T17:10:40.028840
31,25,9,0,0,0,2026-07-30T17:10:40.817979
31,25,10,0,0,0,2026-07-30T17:10:40.227703
31,26,1,5,0,5,2026-07-30T17:10:40.252227
31,26,2,5,0,5,2026-07-30T17:10:41.268980
31,26,3,5,0,5,2026-07-30T17:10:41.269179
31,26,4,5,0,5,2026-07-30T17:10:40.878558
31,26,5,5,0,5,2026-07-30T17:10:41.269293
31,26,6,5,0,5,2026-07-30T17:10:41.492190
31,26,7,5,0,5,2026-07-30T17:10:41.692321
31,26,8,5,0,5,2026-07-30T17:10:41.761751
31,26,9,5,0,5,2026-07-30T17:10:42.544877
31,26,10,5,0,5,2026-07-30T17:10:41.951414
31,27,1,5,0,5,2026-07-30T17:10:42.304861
31,27,2,5,0,5,2026-07-30T17:10:42.516949
31,27,3,5,0,5,2026-07-30T17:10:42.706001
31,27,4,5,0,5,2026-07-30T17:10:42.943161
31,27,5,5,0,5,2026-07-30T17:10:43.120544
31,27,6,5,0,5,2026-07-30T17:10:43.403266
31,27,7,5,0,5,2026-07-30T17:10:43.198532
31,27,8,5,0,5,2026-07-30T17:10:43.958651
31,27,9,5,0,5,2026-07-30T17:10:44.365925
31,27,10,5,0,5,2026-07-30T17:10:44.401897
31,28,1,4,0,4,2026-07-30T17:10:44.585765
31,28,2,4,0,4,2026-07-30T17:10:44.582802
31,28,3,5,0,5,2026-07-30T17:10:44.588549
31,28,4,3,0,3,2026-07-30T17:10:45.069534
31,28,5,4,0,4,2026-07-30T17:10:45.243882
31,28,6,4,0,4,2026-07-30T17:10:45.389646
31,28,7,5,0,5,2026-07-30T17:10:46.236194
31,28,8,4,0,4,2026-07-30T17:10:45.857925
31,28,9,3,0,3,2026-07-30T17:10:46.214411
31,28,10,5,0,5,2026-07-30T17:10:46.037950
31,29,1,5,0,5,2026-07-30T17:10:46.020406
31,29,2,5,0,5,2026-07-30T17:10:46.115320
31,29,3,5,0,5,2026-07-30T17:10:47.081540
31,29,4,5,0,5,2026-07-30T17:10:46.440832
31,29,5,5,0,5,2026-07-30T17:10:47.524364
31,29,6,5,0,5,2026-07-30T17:10:47.027972
31,29,7,5,0,5,2026-07-30T17:10:47.679714
31,29,8,5,0,5,2026-07-30T17:10:47.545810
31,29,9,5,0,5,2026-07-30T17:10:47.450923
31,29,10,5,0,5,2026-07-30T17:10:47.867977
31,30,1,5,0,5,2026-07-30T17:10:48.497093
31,30,2,5,0,5,2026-07-30T17:10:48.902342
31,30,3,5,0,5,2026-07-30T17:10:48.143395
31,30,4,5,0,5,2026-07-30T17:10:48.855477
31,30,5,5,0,5,2026-07-30T17:10:48.759803
31,30,6,5,0,5,2026-07-30T17:10:48.791478
31,30,7,5,0,5,2026-07-30T17:10:49.713998
31,30,8,5,0,5,2026-07-30T17:10:49.122089
31,30,9,5,0,5,2026-07-30T17:10:49.784716
31,30,10,5,0,5,2026-07-30T17:10:49.557988
32,1,1,5,0,5,2026-07-30T17:10:50.789607
32,1,2,5,0,5,2026-07-30T17:10:50.650490
32,1,3,5,0,5,2026-07-30T17:10:50.554452
32,1,4,5,0,5,2026-07-30T17:10:50.356648
32,1,5,5,0,5,2026-07-30T17:10:50.153248
32,1,6,5,0,5,2026-07-30T17:10:50.987231
32,1,7,5,0,5,2026-07-30T17:10:50.735360
32,1,8,5,0,5,2026-07-30T17:10:51.234184
32,1,9,5,0,5,2026-07-30T17:10:51.612413
32,1,10,5,0,5,2026-07-30T17:10:51.799145
32,2,1,5,0,5,2026-07-30T17:10:51.632328
32,2,2,5,0,5,2026-07-30T17:10:52.508740
32,2,3,5,0,5,2026-07-30T17:10:51.771029
32,2,4,5,0,5,2026-07-30T17:10:52.239341
32,2,5,5,0,5,2026-07-30T17:10:52.831951
32,2,6,5,0,5,2026-07-30T17:10:52.867437
32,2,7,5,0,5,2026-07-30T17:10:58.874755
32,2,8,5,0,5,2026-07-30T17:10:52.661617
32,2,9,5,0,5,2026-07-30T17:10:59.061376
32,2,10,5,0,5,2026-07-30T17:10:59.101497
32,3,1,5,0,5,2026-07-30T17:10:58.903086
32,3,2,5,0,5,2026-07-30T17:10:59.186338
32,3,3,0,0,0,2026-07-30T17:10:58.748126
32,3,4,0,0,0,2026-07-30T17:10:58.986366
32,3,5,0,0,0,2026-07-30T17:10:59.006564
32,3,6,0,0,0,2026-07-30T17:11:00.202843
32,3,7,5,0,5,2026-07-30T17:10:59.919816
32,3,8,5,0,5,2026-07-30T17:11:00.560946
32,3,9,0,0,0,2026-07-30T17:11:00.422551
32,3,10,0,0,0,2026-07-30T17:10:59.860484
32,4,1,0,0,0,2026-07-30T17:11:00.724009
32,4,2,0,0,0,2026-07-30T17:11:00.549595
32,4,3,0,0,0,2026-07-30T17:11:00.880860
32,4,4,0,0,0,2026-07-30T17:11:01.503607
32,4,5,0,0,0,2026-07-30T17:11:01.174371
32,4,6,0,0,0,2026-07-30T17:11:01.916604
32,4,7,0,0,0,2026-07-30T17:11:02.267651
32,4,8,0,0,0,2026-07-30T17:11:01.997040
32,4,9,0,0,0,2026-07-30T17:11:01.825999
32,4,10,0,0,0,2026-07-30T17:11:01.777324
32,5,1,5,0,5,2026-07-30T17:11:02.938382
32,5,2,5,0,5,2026-07-30T17:11:03.009342
32,5,3,0,0,0,2026-07-30T17:11:02.722755
32,5,4,0,0,0,2026-07-30T17:11:03.412346
32,5,5,5,0,5,2026-07-30T17:11:03.266786
32,5,6,5,0,5,2026-07-30T17:11:03.776482
32,5,7,5,0,5,2026-07-30T17:11:03.452082
32,5,8,5,0,5,2026-07-30T17:11:03.489055
32,5,9,5,0,5,2026-07-30T17:11:04.366915
32,5,10,5,0,5,2026-07-30T17:11:04.781134
32,6,1,5,0,5,2026-07-30T17:11:04.639857
32,6,2,5,0,5,2026-07-30T17:11:04.700734
32,6,3,5,0,5,2026-07-30T17:11:04.867742
32,6,4,5,0,5,2026-07-30T17:11:04.707352
32,6,5,5,0,5,2026-07-30T17:11:05.359918
32,6,6,5,0,5,2026-07-30T17:11:04.843273
32,6,7,5,0,5,2026-07-30T17:11:05.633140
32,6,8,5,0,5,2026-07-30T17:11:05.895217
32,6,9,5,0,5,2026-07-30T17:11:05.748204
32,6,10,5,0,5,2026-07-30T17:11:05.549414
32,7,1,5,0,5,2026-07-30T17:11:06.043880
32,7,2,5,0,5,2026-07-30T17:11:06.507361
32,7,3,5,0,5,2026-07-30T17:11:06.710023
32,7,4,5,0,5,2026-07-30T17:11:07.218898
32,7,5,5,0,5,2026-07-30T17:11:06.780348
32,7,6,5,0,5,2026-07-30T17:11:07.284038
32,7,7,5,0,5,2026-07-30T17:11:07.002185
32,7,8,5,0,5,2026-07-30T17:11:07.520342
32,7,9,5,0,5,2026-07-30T17:11:07.903064
32,7,10,5,0,5,2026-07-30T17:11:08.351251
32,8,1,5,0,5,2026-07-30T17:11:07.756717
32,8,2,5,0,5,2026-07-30T17:11:08.631523
32,8,3,5,0,5,2026-07-30T17:11:08.235402
32,8,4,5,0,5,2026-07-30T17:11:08.679186
32,8,5,5,0,5,2026-07-30T17:11:08.948201
32,8,6,5,0,5,2026-07-30T17:11:09.609062
32,8,7,5,0,5,2026-07-30T17:11:09.399907
32,8,8,5,0,5,2026-07-30T17:11:08.930759
32,8,9,5,0,5,2026-07-30T17:11:09.711884
32,8,10,5,0,5,2026-07-30T17:11:09.811782
32,9,1,0,0,0,2026-07-30T17:11:10.289886
32,9,2,5,0,5,2026-07-30T17:11:10.553197
32,9,3,5,0,5,2026-07-30T17:11:10.160238
32,9,4,0,0,0,2026-07-30T17:11:10.607783
32,9,5,0,0,0,2026-07-30T17:11:10.445456
32,9,6,0,0,0,2026-07-30T17:11:10.858854
32,9,7,5,0,5,2026-07-30T17:11:11.763252
32,9,8,0,0,0,2026-07-30T17:11:11.453623
32,9,9,0,0,0,2026-07-30T17:11:11.775959
32,9,10,0,0,0,2026-07-30T17:11:12.152961
32,10,1,0,0,0,2026-07-30T17:11:11.491684
32,10,2,0,0,0,2026-07-30T17:11:12.218109
32,10,3,0,0,0,2026-07-30T17:11:12.283997
32,10,4,0,0,0,2026-07-30T17:11:12.295036
32,10,5,0,0,0,2026-07-30T17:11:13.092725
32,10,6,0,0,0,2026-07-30T17:11:13.529314
32,10,7,0,0,0,2026-07-30T17:11:13.189841
32,10,8,0,0,0,2026-07-30T17:11:13.418125
32,10,9,0,0,0,2026-07-30T17:11:14.009170
32,10,10,0,0,0,2026-07-30T17:11:13.640114
32,11,1,5,0,5,2026-07-30T17:11:14.139577
32,11,2,5,0,5,2026-07-30T17:11:13.552019
32,11,3,5,0,5,2026-07-30T17:11:14.354054
32,11,4,5,0,5,2026-07-30T17:11:14.834071
32,11,5,5,0,5,2026-07-30T17:11:15.511371
32,11,6,5,0,5,2026-07-30T17:11:14.975378
32,11,7,5,0,5,2026-07-30T17:11:15.198259
32,11,8,5,0,5,2026-07-30T17:11:14.464283
32,11,9,5,0,5,2026-07-30T17:11:15.470208
32,11,10,5,0,5,2026-07-30T17:11:16.013093
32,12,1,5,0,5,2026-07-30T17:11:15.853069
32,12,2,5,0,5,2026-07-30T17:11:15.720813
32,12,3,5,0,5,2026-07-30T17:11:15.879058
32,12,4,5,0,5,2026-07-30T17:11:16.227336
32,12,5,5,0,5,2026-07-30T17:11:16.851678
32,12,6,5,0,5,2026-07-30T17:11:17.299519
32,12,7,5,0,5,2026-07-30T17:11:17.584111
32,12,8,5,0,5,2026-07-30T17:11:17.177881
32,12,9,5,0,5,2026-07-30T17:11:17.531781
32,12,10,5,0,5,2026-07-30T17:11:17.119017
32,13,1,0,0,0,2026-07-30T17:11:17.867459
32,13,2,0,0,0,2026-07-30T17:11:17.277155
32,13,3,0,0,0,2026-07-30T17:11:18.512447
32,13,4,0,0,0,2026-07-30T17:11:18.976066
32,13,5,0,0,0,2026-07-30T17:11:18.809352
32,13,6,5,0,5,2026-07-30T17:11:19.127165
32,13,7,0,0,0,2026-07-30T17:11:18.544798
32,13,8,0,0,0,2026-07-30T17:11:18.781952
32,13,9,0,0,0,2026-07-30T17:11:19.035096
32,13,10,0,0,0,2026-07-30T17:11:19.531452
32,14,1,5,0,5,2026-07-30T17:11:19.958648
32,14,2,5,0,5,2026-07-30T17:11:20.220567
32,14,3,5,0,5,2026-07-30T17:11:20.437396
32,14,4,5,0,5,2026-07-30T17:11:20.460520
32,14,5,5,0,5,2026-07-30T17:11:20.405144
32,14,6,5,0,5,2026-07-30T17:11:20.077639
32,14,7,5,0,5,2026-07-30T17:11:20.386467
32,14,8,5,0,5,2026-07-30T17:11:21.565268
32,14,9,5,0,5,2026-07-30T17:11:21.406007
32,14,10,5,0,5,2026-07-30T17:11:21.923920
32,15,1,0,0,0,2026-07-30T17:11:22.084838
32,15,2,0,0,0,2026-07-30T17:11:21.402846
32,15,3,5,0,5,2026-07-30T17:11:21.638367
32,15,4,0,0,0,2026-07-30T17:11:21.899705
32,15,5,5,0,5,2026-07-30T17:11:21.915027
32,15,6,5,0,5,2026-07-30T17:11:22.861611
32,15,7,5,0,5,2026-07-30T17:11:23.030710
32,15,8,0,0,0,2026-07-30T17:11:23.595240
32,15,9,5,0,5,2026-07-30T17:11:23.092336
32,15,10,0,0,0,2026-07-30T17:11:23.585039
32,16,1,5,0,5,2026-07-30T17:11:23.785837
32,16,2,5,0,5,2026-07-30T17:11:23.584847
32,16,3,5,0,5,2026-07-30T17:11:23.331312
32,16,4,5,0,5,2026-07-30T17:11:23.904500
32,16,5,5,0,5,2026-07-30T17:11:24.473870
32,16,6,5,0,5,2026-07-30T17:11:24.353136
32,16,7,5,0,5,2026-07-30T17:11:24.969161
32,16,8,5,0,5,2026-07-30T17:11:24.645943
32,16,9,5,0,5,2026-07-30T17:11:24.818825
32,16,10,5,0,5,2026-07-30T17:11:25.256709
32,17,1,5,0,5,2026-07-30T17:11:25.444311
32,17,2,5,0,5,2026-07-30T17:11:24.970428
32,17,3,5,0,5,2026-07-30T17:11:25.808138
32,17,4,5,0,5,2026-07-30T17:11:25.917707
32,17,5,5,0,5,2026-07-30T17:11:26.071048
32,17,6,5,0,5,2026-07-30T17:11:25.850915
32,17,7,5,0,5,2026-07-30T17:11:26.633376
32,17,8,5,0,5,2026-07-30T17:11:25.981242
32,17,9,5,0,5,2026-07-30T17:11:26.750730
32,17,10,5,0,5,2026-07-30T17:11:26.903752
32,18,1,5,0,5,2026-07-30T17:11:27.648603
32,18,2,5,0,5,2026-07-30T17:11:27.499260
32,18,3,5,0,5,2026-07-30T17:11:27.379599
32,18,4,5,0,5,2026-07-30T17:11:27.621895
32,18,5,5,0,5,2026-07-30T17:11:27.523992
32,18,6,5,0,5,2026-07-30T17:11:28.096317
32,18,7,5,0,5,2026-07-30T17:11:27.800042
32,18,8,5,0,5,2026-07-30T17:11:28.361270
32,18,9,5,0,5,2026-07-30T17:11:29.450008
32,18,10,5,0,5,2026-07-30T17:11:28.766103
32,19,1,5,0,5,2026-07-30T17:11:28.985529
32,19,2,5,0,5,2026-07-30T17:11:29.461027
32,19,3,5,0,5,2026-07-30T17:11:28.709852
32,19,4,5,0,5,2026-07-30T17:11:29.241603
32,19,5,5,0,5,2026-07-30T17:11:29.547503
32,19,6,5,0,5,2026-07-30T17:11:29.410098
32,19,7,5,0,5,2026-07-30T17:11:30.173520
32,19,8,5,0,5,2026-07-30T17:11:29.624109
32,19,9,5,0,5,2026-07-30T17:11:30.251469
32,19,10,5,0,5,2026-07-30T17:11:30.477067
32,20,1,5,0,5,2026-07-30T17:11:30.473204
32,20,2,5,0,5,2026-07-30T17:11:31.288575
32,20,3,5,0,5,2026-07-30T17:11:31.118735
32,20,4,5,0,5,2026-07-30T17:11:30.995192
32,20,5,5,0,5,2026-07-30T17:11:30.865387
32,20,6,5,0,5,2026-07-30T17:11:31.425046
32,20,7,5,0,5,2026-07-30T17:11:31.915389
32,20,8,5,0,5,2026-07-30T17:11:31.922667
32,20,9,5,0,5,2026-07-30T17:11:31.517687
32,20,10,5,0,5,2026-07-30T17:11:32.097857
32,21,1,5,0,5,2026-07-30T17:11:32.034938
32,21,2,5,0,5,2026-07-30T17:11:32.758159
32,21,3,5,0,5,2026-07-30T17:11:32.504756
32,21,4,5,0,5,2026-07-30T17:11:32.854726
32,21,5,5,0,5,2026-07-30T17:11:32.959271
32,21,6,5,0,5,2026-07-30T17:11:33.559485
32,21,7,5,0,5,2026-07-30T17:11:33.597680
32,21,8,5,0,5,2026-07-30T17:11:33.904635
32,21,9,5,0,5,2026-07-30T17:11:33.180742
32,21,10,5,0,5,2026-07-30T17:11:33.544245
32,22,1,5,0,5,2026-07-30T17:11:34.612211
32,22,2,5,0,5,2026-07-30T17:11:34.081311
32,22,3,5,0,5,2026-07-30T17:11:34.003519
32,22,4,5,0,5,2026-07-30T17:11:35.076261
32,22,5,5,0,5,2026-07-30T17:11:35.384271
32,22,6,5,0,5,2026-07-30T17:11:35.173144
32,22,7,5,0,5,2026-07-30T17:11:34.837858
32,22,8,5,0,5,2026-07-30T17:11:35.741968
32,22,9,5,0,5,2026-07-30T17:11:35.054908
32,22,10,5,0,5,2026-07-30T17:11:35.322910
32,23,1,5,0,5,2026-07-30T17:11:36.682214
32,23,2,5,0,5,2026-07-30T17:11:36.056888
32,23,3,5,0,5,2026-07-30T17:11:36.514060
32,23,4,5,0,5,2026-07-30T17:11:36.347989
32,23,5,5,0,5,2026-07-30T17:11:37.037548
32,23,6,5,0,5,2026-07-30T17:11:37.346762
32,23,7,5,0,5,2026-07-30T17:11:37.073459
32,23,8,5,0,5,2026-07-30T17:11:36.776687
32,23,9,5,0,5,2026-07-30T17:11:37.317752
32,23,10,5,0,5,2026-07-30T17:11:38.014043
32,24,1,0,0,0,2026-07-30T17:11:37.555822
32,24,2,5,0,5,2026-07-30T17:11:38.335361
32,24,3,0,0,0,2026-07-30T17:11:37.817366
32,24,4,5,0,5,2026-07-30T17:11:38.536107
32,24,5,0,0,0,2026-07-30T17:11:39.106485
32,24,6,0,0,0,2026-07-30T17:11:38.954416
32,24,7,5,0,5,2026-07-30T17:11:39.191698
32,24,8,5,0,5,2026-07-30T17:11:39.193869
32,24,9,5,0,5,2026-07-30T17:11:39.026421
32,24,10,0,0,0,2026-07-30T17:11:39.272490
32,25,1,5,0,5,2026-07-30T17:11:39.594065
32,25,2,0,0,0,2026-07-30T17:11:39.803791
32,25,3,0,0,0,2026-07-30T17:11:39.965293
32,25,4,5,0,5,2026-07-30T17:11:40.859813
32,25,5,0,0,0,2026-07-30T17:11:40.538064
32,25,6,5,0,5,2026-07-30T17:11:40.429639
32,25,7,5,0,5,2026-07-30T17:11:40.853738
32,25,8,5,0,5,2026-07-30T17:11:41.102906
32,25,9,5,0,5,2026-07-30T17:11:41.227159
32,25,10,0,0,0,2026-07-30T17:11:40.862534
32,26,1,5,0,5,2026-07-30T17:11:40.993852
32,26,2,5,0,5,2026-07-30T17:11:41.466848
32,26,3,5,0,5,2026-07-30T17:11:41.965205
32,26,4,5,0,5,2026-07-30T17:11:42.699162
32,26,5,5,0,5,2026-07-30T17:11:41.914645
32,26,6,5,0,5,2026-07-30T17:11:42.296762
32,26,7,5,0,5,2026-07-30T17:11:42.242254
32,26,8,5,0,5,2026-07-30T17:11:42.525356
32,26,9,5,0,5,2026-07-30T17:11:43.083476
32,26,10,5,0,5,2026-07-30T17:11:42.914833
32,27,1,5,0,5,2026-07-30T17:11:43.759507
32,27,2,5,0,5,2026-07-30T17:11:43.414331
32,27,3,5,0,5,2026-07-30T17:11:43.461052
32,27,4,5,0,5,2026-07-30T17:11:43.715360
32,27,5,5,0,5,2026-07-30T17:11:44.172967
32,27,6,5,0,5,2026-07-30T17:11:44.387631
32,27,7,5,0,5,2026-07-30T17:11:44.537395
32,27,8,5,0,5,2026-07-30T17:11:44.719128
32,27,9,5,0,5,2026-07-30T17:11:45.058350
32,27,10,5,0,5,2026-07-30T17:11:44.719348
32,28,1,5,0,5,2026-07-30T17:11:45.387751
32,28,2,5,0,5,2026-07-30T17:11:45.032334
32,28,3,5,0,5,2026-07-30T17:11:45.395353
32,28,4,5,0,5,2026-07-30T17:11:45.611986
32,28,5,5,0,5,2026-07-30T17:11:45.790075
32,28,6,5,0,5,2026-07-30T17:11:46.376511
32,28,7,5,0,5,2026-07-30T17:11:45.970424
32,28,8,5,0,5,2026-07-30T17:11:46.456662
32,28,9,5,0,5,2026-07-30T17:11:46.502808
32,28,10,5,0,5,2026-07-30T17:11:46.834106
32,29,1,5,0,5,2026-07-30T17:11:47.256329
32,29,2,5,0,5,2026-07-30T17:11:47.255891
32,29,3,5,0,5,2026-07-30T17:11:47.431523
32,29,4,5,0,5,2026-07-30T17:11:47.227042
32,29,5,5,0,5,2026-07-30T17:11:47.405461
32,29,6,5,0,5,2026-07-30T17:11:47.716820
32,29,7,5,0,5,2026-07-30T17:11:47.546184
32,29,8,5,0,5,2026-07-30T17:11:47.884361
32,29,9,5,0,5,2026-07-30T17:11:48.266449
32,29,10,5,0,5,2026-07-30T17:11:49.100683
32,30,1,5,0,5,2026-07-30T17:11:49.093804
32,30,2,5,0,5,2026-07-30T17:11:48.466915
32,30,3,5,0,5,2026-07-30T17:11:48.466728
32,30,4,5,0,5,2026-07-30T17:11:49.375973
32,30,5,5,0,5,2026-07-30T17:11:49.566642
32,30,6,5,0,5,2026-07-30T17:11:49.356548
32,30,7,5,0,5,2026-07-30T17:11:49.723016
32,30,8,5,0,5,2026-07-30T17:11:50.308375
32,30,9,5,0,5,2026-07-30T17:11:50.108323
32,30,10,5,0,5,2026-07-30T17:11:50.926714
33,1,1,5,0,5,2026-07-30T17:11:50.178845
33,1,2,5,0,5,2026-07-30T17:11:51.178289
33,1,3,5,0,5,2026-07-30T17:11:50.630202
33,1,4,5,0,5,2026-07-30T17:11:51.200421
33,1,5,5,0,5,2026-07-30T17:11:50.949823
33,1,6,5,0,5,2026-07-30T17:11:51.353686
33,1,7,5,0,5,2026-07-30T17:11:52.043527
33,1,8,5,0,5,2026-07-30T17:11:51.717208
33,1,9,5,0,5,2026-07-30T17:11:52.451937
33,1,10,5,0,5,2026-07-30T17:11:52.773776
33,2,1,5,0,5,2026-07-30T17:11:52.765957
33,2,2,5,0,5,2026-07-30T17:11:53.033300
33,2,3,5,0,5,2026-07-30T17:11:52.252368
33,2,4,5,0,5,2026-07-30T17:11:52.991139
33,2,5,5,0,5,2026-07-30T17:11:53.542456
33,2,6,5,0,5,2026-07-30T17:11:53.518617
33,2,7,5,0,5,2026-07-30T17:11:53.296122
33,2,8,5,0,5,2026-07-30T17:11:54.298059
33,2,9,5,0,5,2026-07-30T17:11:53.819297
33,2,10,5,0,5,2026-07-30T17:11:54.612632
33,3,1,5,0,5,2026-07-30T17:11:54.838080
33,3,2,5,0,5,2026-07-30T17:11:54.669306
33,3,3,0,0,0,2026-07-30T17:11:54.348322
33,3,4,5,0,5,2026-07-30T17:11:55.151381
33,3,5,5,0,5,2026-07-30T17:11:54.786296
33,3,6,5,0,5,2026-07-30T17:11:54.871426
33,3,7,0,0,0,2026-07-30T17:11:56.175156
33,3,8,5,0,5,2026-07-30T17:11:55.589404
33,3,9,5,0,5,2026-07-30T17:11:55.883116
33,3,10,5,0,5,2026-07-30T17:11:55.912177
33,4,1,0,0,0,2026-07-30T17:11:56.642670
33,4,2,0,0,0,2026-07-30T17:11:56.274102
33,4,3,0,0,0,2026-07-30T17:11:56.525525
33,4,4,0,0,0,2026-07-30T17:11:56.783050
33,4,5,0,0,0,2026-07-30T17:11:57.422847
33,4,6,0,0,0,2026-07-30T17:11:57.722555
33,4,7,0,0,0,2026-07-30T17:11:57.743653
33,4,8,0,0,0,2026-07-30T17:11:58.011513
33,4,9,0,0,0,2026-07-30T17:11:57.923403
33,4,10,0,0,0,2026-07-30T17:11:58.561752
33,5,1,5,0,5,2026-07-30T17:11:57.950968
33,5,2,5,0,5,2026-07-30T17:11:58.048379
33,5,3,5,0,5,2026-07-30T17:11:58.671057
33,5,4,5,0,5,2026-07-30T17:11:59.159293
33,5,5,5,0,5,2026-07-30T17:11:58.804366
33,5,6,5,0,5,2026-07-30T17:11:59.733721
33,5,7,5,0,5,2026-07-30T17:11:59.418033
33,5,8,5,0,5,2026-07-30T17:11:59.439878
33,5,9,5,0,5,2026-07-30T17:11:59.307775
33,5,10,5,0,5,2026-07-30T17:11:59.785315
33,6,1,5,0,5,2026-07-30T17:11:59.717046
33,6,2,5,0,5,2026-07-30T17:12:00.263237
33,6,3,5,0,5,2026-07-30T17:12:01.012350
33,6,4,5,0,5,2026-07-30T17:12:00.546210
33,6,5,5,0,5,2026-07-30T17:12:00.667288
33,6,6,5,0,5,2026-07-30T17:12:00.871198
33,6,7,5,0,5,2026-07-30T17:12:01.534350
33,6,8,5,0,5,2026-07-30T17:12:01.382720
33,6,9,5,0,5,2026-07-30T17:12:01.695061
33,6,10,5,0,5,2026-07-30T17:12:01.332018
33,7,1,5,0,5,2026-07-30T17:12:01.773576
33,7,2,5,0,5,2026-07-30T17:12:01.719341
33,7,3,5,0,5,2026-07-30T17:12:02.316209
33,7,4,5,0,5,2026-07-30T17:12:02.621677
33,7,5,5,0,5,2026-07-30T17:12:02.761776
33,7,6,5,0,5,2026-07-30T17:12:02.419999
33,7,7,5,0,5,2026-07-30T17:12:03.165405
33,7,8,5,0,5,2026-07-30T17:12:03.159955
33,7,9,5,0,5,2026-07-30T17:12:03.160246
33,7,10,5,0,5,2026-07-30T17:12:03.008727
33,8,1,5,0,5,2026-07-30T17:12:03.546257
33,8,2,5,0,5,2026-07-30T17:12:04.275356
33,8,3,5,0,5,2026-07-30T17:12:04.698529
33,8,4,5,0,5,2026-07-30T17:12:04.422084
33,8,5,5,0,5,2026-07-30T17:12:04.053434
33,8,6,5,0,5,2026-07-30T17:12:04.211873
33,8,7,5,0,5,2026-07-30T17:12:05.012788
33,8,8,5,0,5,2026-07-30T17:12:04.186286
33,8,9,5,0,5,2026-07-30T17:12:05.201871
33,8,10,5,0,5,2026-07-30T17:12:05.304421
33,9,1,0,0,0,2026-07-30T17:12:05.661021
33,9,2,5,0,5,2026-07-30T17:12:05.870160
33,9,3,0,0,0,2026-07-30T17:12:05.754391
33,9,4,0,0,0,2026-07-30T17:12:06.090037
33,9,5,0,0,0,2026-07-30T17:12:06.349759
33,9,6,0,0,0,2026-07-30T17:12:06.494600
33,9,7,0,0,0,2026-07-30T17:12:06.656439
33,9,8,0,0,0,2026-07-30T17:12:07.146280
33,9,9,0,0,0,2026-07-30T17:12:07.328735
33,9,10,0,0,0,2026-07-30T17:12:07.001231
33,10,1,5,0,5,2026-07-30T17:12:07.382749
33,10,2,5,0,5,2026-07-30T17:12:07.335868
33,10,3,3,0,3,2026-07-30T17:12:07.382824
33,10,4,5,0,5,2026-07-30T17:12:07.519530
33,10,5,5,0,5,2026-07-30T17:12:08.478606
33,10,6,5,0,5,2026-07-30T17:12:08.844615
33,10,7,5,0,5,2026-07-30T17:12:09.009934
33,10,8,5,0,5,2026-07-30T17:12:08.778840
33,10,9,5,0,5,2026-07-30T17:12:09.405991
33,10,10,5,0,5,2026-07-30T17:12:09.778933
33,11,1,5,0,5,2026-07-30T17:12:08.427466
33,11,2,5,0,5,2026-07-30T17:12:08.551670
33,11,3,5,0,5,2026-07-30T17:12:10.284239
33,11,4,5,0,5,2026-07-30T17:12:09.507948
33,11,5,5,0,5,2026-07-30T17:12:10.209835
33,11,6,5,0,5,2026-07-30T17:12:10.403851
33,11,7,5,0,5,2026-07-30T17:12:10.086792
33,11,8,5,0,5,2026-07-30T17:12:10.843277
33,11,9,5,0,5,2026-07-30T17:12:10.448427
33,11,10,5,0,5,2026-07-30T17:12:11.371653
33,12,1,5,0,5,2026-07-30T17:12:11.010409
33,12,2,5,0,5,2026-07-30T17:12:11.744821
33,12,3,5,0,5,2026-07-30T17:12:11.249181
33,12,4,5,0,5,2026-07-30T17:12:12.329789
33,12,5,5,0,5,2026-07-30T17:12:11.860493
33,12,6,5,0,5,2026-07-30T17:12:12.153455
33,12,7,5,0,5,2026-07-30T17:12:12.278460
33,12,8,5,0,5,2026-07-30T17:12:12.271443
33,12,9,5,0,5,2026-07-30T17:12:13.063517
33,12,10,5,0,5,2026-07-30T17:12:13.019646
33,13,1,5,0,5,2026-07-30T17:12:13.196266
33,13,2,5,0,5,2026-07-30T17:12:12.982300
33,13,3,5,0,5,2026-07-30T17:12:13.218138
33,13,4,5,0,5,2026-07-30T17:12:14.114558
33,13,5,5,0,5,2026-07-30T17:12:13.751610
33,13,6,5,0,5,2026-07-30T17:12:13.559520
33,13,7,5,0,5,2026-07-30T17:12:14.834736
33,13,8,5,0,5,2026-07-30T17:12:14.276349
33,13,9,5,0,5,2026-07-30T17:12:14.685602
33,13,10,5,0,5,2026-07-30T17:12:14.471963
33,14,1,4,0,4,2026-07-30T17:12:15.063165
33,14,2,5,0,5,2026-07-30T17:12:15.228357
33,14,3,5,0,5,2026-07-30T17:12:14.790080
33,14,4,5,0,5,2026-07-30T17:12:15.336581
33,14,5,5,0,5,2026-07-30T17:12:15.720728
33,14,6,5,0,5,2026-07-30T17:12:15.697894
33,14,7,5,0,5,2026-07-30T17:12:15.880352
33,14,8,5,0,5,2026-07-30T17:12:16.251326
33,14,9,5,0,5,2026-07-30T17:12:15.864561
33,14,10,5,0,5,2026-07-30T17:12:16.737677
33,15,1,5,0,5,2026-07-30T17:12:16.866489
33,15,2,5,0,5,2026-07-30T17:12:17.187481
33,15,3,5,0,5,2026-07-30T17:12:17.563547
33,15,4,5,0,5,2026-07-30T17:12:17.170021
33,15,5,5,0,5,2026-07-30T17:12:17.889802
33,15,6,5,0,5,2026-07-30T17:12:17.742740
33,15,7,5,0,5,2026-07-30T17:12:17.301404
33,15,8,5,0,5,2026-07-30T17:12:18.581936
33,15,9,5,0,5,2026-07-30T17:12:18.735299
33,15,10,5,0,5,2026-07-30T17:12:18.846462
33,16,1,5,0,5,2026-07-30T17:12:18.884626
33,16,2,5,0,5,2026-07-30T17:12:18.736427
33,16,3,5,0,5,2026-07-30T17:12:19.194630
33,16,4,5,0,5,2026-07-30T17:12:19.201980
33,16,5,5,0,5,2026-07-30T17:12:19.143946
33,16,6,5,0,5,2026-07-30T17:12:20.441321
33,16,7,5,0,5,2026-07-30T17:12:20.180051
33,16,8,5,0,5,2026-07-30T17:12:20.605837
33,16,9,5,0,5,2026-07-30T17:12:20.499729
33,16,10,5,0,5,2026-07-30T17:12:19.915535
33,17,1,5,0,5,2026-07-30T17:12:20.997277
33,17,2,5,0,5,2026-07-30T17:12:20.611993
33,17,3,5,0,5,2026-07-30T17:12:20.454604
33,17,4,5,0,5,2026-07-30T17:12:21.184006
33,17,5,5,0,5,2026-07-30T17:12:21.411924
33,17,6,5,0,5,2026-07-30T17:12:21.891898
33,17,7,5,0,5,2026-07-30T17:12:22.300533
33,17,8,5,0,5,2026-07-30T17:12:21.946210
33,17,9,5,0,5,2026-07-30T17:12:21.443477
33,17,10,5,0,5,2026-07-30T17:12:22.499101
33,18,1,3,0,3,2026-07-30T17:12:22.851967
33,18,2,0,0,0,2026-07-30T17:12:22.210147
33,18,3,5,0,5,2026-07-30T17:12:22.433433
33,18,4,3,0,3,2026-07-30T17:12:23.314158
33,18,5,3,0,3,2026-07-30T17:12:23.134751
33,18,6,3,0,3,2026-07-30T17:12:22.989359
33,18,7,3,0,3,2026-07-30T17:12:23.448331
33,18,8,5,0,5,2026-07-30T17:12:24.160115
33,18,9,3,0,3,2026-07-30T17:12:24.307192
33,18,10,5,0,5,2026-07-30T17:12:24.154659
33,19,1,0,0,0,2026-07-30T17:12:24.488651
33,19,2,5,0,5,2026-07-30T17:12:24.045784
33,19,3,0,0,0,2026-07-30T17:12:24.987015
33,19,4,0,0,0,2026-07-30T17:12:25.164967
33,19,5,5,0,5,2026-07-30T17:12:25.076129
33,19,6,0,0,0,2026-07-30T17:12:25.470540
33,19,7,5,0,5,2026-07-30T17:12:26.228422
33,19,8,0,0,0,2026-07-30T17:12:26.027663
33,19,9,0,0,0,2026-07-30T17:12:25.956437
33,19,10,5,0,5,2026-07-30T17:12:26.357132
33,20,1,5,0,5,2026-07-30T17:12:26.214197
33,20,2,5,0,5,2026-07-30T17:12:26.728782
33,20,3,5,0,5,2026-07-30T17:12:26.830593
33,20,4,5,0,5,2026-07-30T17:12:27.341654
33,20,5,5,0,5,2026-07-30T17:12:27.576536
33,20,6,5,0,5,2026-07-30T17:12:27.899473
33,20,7,5,0,5,2026-07-30T17:12:28.070800
33,20,8,5,0,5,2026-07-30T17:12:27.437460
33,20,9,5,0,5,2026-07-30T17:12:28.243943
33,20,10,5,0,5,2026-07-30T17:12:27.984951
33,21,1,5,0,5,2026-07-30T17:12:27.883725
33,21,2,5,0,5,2026-07-30T17:12:29.164190
33,21,3,5,0,5,2026-07-30T17:12:29.297989
33,21,4,5,0,5,2026-07-30T17:12:28.828743
33,21,5,5,0,5,2026-07-30T17:12:28.916599
33,21,6,5,0,5,2026-07-30T17:12:29.315516
33,21,7,5,0,5,2026-07-30T17:12:29.621864
33,21,8,5,0,5,2026-07-30T17:12:29.294790
33,21,9,5,0,5,2026-07-30T17:12:29.269438
33,21,10,5,0,5,2026-07-30T17:12:30.444139
33,22,1,5,0,5,2026-07-30T17:12:29.967650
33,22,2,5,0,5,2026-07-30T17:12:30.615650
33,22,3,5,0,5,2026-07-30T17:12:30.728402
33,22,4,5,0,5,2026-07-30T17:12:30.526963
33,22,5,5,0,5,2026-07-30T17:12:30.919039
33,22,6,5,0,5,2026-07-30T17:12:30.565091
33,22,7,5,0,5,2026-07-30T17:12:31.474303
33,22,8,5,0,5,2026-07-30T17:12:31.621351
33,22,9,5,0,5,2026-07-30T17:12:31.682747
33,22,10,5,0,5,2026-07-30T17:12:31.967036
33,23,1,5,0,5,2026-07-30T17:12:31.618430
33,23,2,5,0,5,2026-07-30T17:12:32.447627
33,23,3,5,0,5,2026-07-30T17:12:31.982609
33,23,4,5,0,5,2026-07-30T17:12:31.946102
33,23,5,5,0,5,2026-07-30T17:12:32.904987
33,23,6,5,0,5,2026-07-30T17:12:32.663990
33,23,7,5,0,5,2026-07-30T17:12:33.084346
33,23,8,5,0,5,2026-07-30T17:12:33.314218
33,23,9,5,0,5,2026-07-30T17:12:32.967618
33,23,10,5,0,5,2026-07-30T17:12:33.591206
33,24,1,5,0,5,2026-07-30T17:12:33.223495
33,24,2,5,0,5,2026-07-30T17:12:34.079598
33,24,3,5,0,5,2026-07-30T17:12:33.904926
33,24,4,5,0,5,2026-07-30T17:12:34.743499
33,24,5,5,0,5,2026-07-30T17:12:34.818531
33,24,6,5,0,5,2026-07-30T17:12:34.553558
33,24,7,5,0,5,2026-07-30T17:12:35.092708
33,24,8,5,0,5,2026-07-30T17:12:34.761451
33,24,9,5,0,5,2026-07-30T17:12:34.828700
33,24,10,5,0,5,2026-07-30T17:12:35.365980
33,25,1,4,0,4,2026-07-30T17:12:35.724542
33,25,2,5,0,5,2026-07-30T17:12:36.405786
33,25,3,5,0,5,2026-07-30T17:12:36.597234
33,25,4,5,0,5,2026-07-30T17:12:36.224442
33,25,5,5,0,5,2026-07-30T17:12:36.072198
33,25,6,5,0,5,2026-07-30T17:12:35.873876
33,25,7,5,0,5,2026-07-30T17:12:36.724209
33,25,8,5,0,5,2026-07-30T17:12:36.429392
33,25,9,5,0,5,2026-07-30T17:12:37.160612
33,25,10,5,0,5,2026-07-30T17:12:36.932185
33,26,1,5,0,5,2026-07-30T17:12:37.107402
33,26,2,5,0,5,2026-07-30T17:12:37.461875
33,26,3,5,0,5,2026-07-30T17:12:37.619628
33,26,4,5,0,5,2026-07-30T17:12:38.299755
33,26,5,5,0,5,2026-07-30T17:12:38.245598
33,26,6,5,0,5,2026-07-30T17:12:37.946388
33,26,7,5,0,5,2026-07-30T17:12:38.798485
33,26,8,5,0,5,2026-07-30T17:12:38.939246
33,26,9,5,0,5,2026-07-30T17:12:38.579251
33,26,10,5,0,5,2026-07-30T17:12:39.303493
33,27,1,5,0,5,2026-07-30T17:12:38.681588
33,27,2,5,0,5,2026-07-30T17:12:38.972005
33,27,3,5,0,5,2026-07-30T17:12:40.107980
33,27,4,5,0,5,2026-07-30T17:12:39.315823
33,27,5,5,0,5,2026-07-30T17:12:39.619179
33,27,6,5,0,5,2026-07-30T17:12:40.346960
33,27,7,5,0,5,2026-07-30T17:12:40.062733
33,27,8,5,0,5,2026-07-30T17:12:39.967495
33,27,9,5,0,5,2026-07-30T17:12:40.216733
33,27,10,5,0,5,2026-07-30T17:12:40.947715
33,28,1,5,0,5,2026-07-30T17:12:40.546448
33,28,2,3,0,3,2026-07-30T17:12:41.065908
33,28,3,3,0,3,2026-07-30T17:12:41.016883
33,28,4,4,0,4,2026-07-30T17:12:41.322723
33,28,5,3,0,3,2026-07-30T17:12:41.763406
33,28,6,4,0,4,2026-07-30T17:12:41.486621
33,28,7,4,0,4,2026-07-30T17:12:41.605913
33,28,8,3,0,3,2026-07-30T17:12:42.225606
33,28,9,2,0,2,2026-07-30T17:12:41.961773
33,28,10,3,0,3,2026-07-30T17:12:42.029678
33,29,1,5,0,5,2026-07-30T17:12:42.315795
33,29,2,5,0,5,2026-07-30T17:12:43.408981
33,29,3,5,0,5,2026-07-30T17:12:42.953623
33,29,4,0,0,0,2026-07-30T17:12:43.451674
33,29,5,5,0,5,2026-07-30T17:12:43.436855
33,29,6,5,0,5,2026-07-30T17:12:43.808878
33,29,7,5,0,5,2026-07-30T17:12:43.282546
33,29,8,5,0,5,2026-07-30T17:12:43.487070
33,29,9,5,0,5,2026-07-30T17:12:44.141109
33,29,10,5,0,5,2026-07-30T17:12:44.389744
33,30,1,5,0,5,2026-07-30T17:12:44.336075
33,30,2,5,0,5,2026-07-30T17:12:44.457000
33,30,3,5,0,5,2026-07-30T17:12:45.490975
33,30,4,5,0,5,2026-07-30T17:12:44.492335
33,30,5,5,0,5,2026-07-30T17:12:44.907184
33,30,6,5,0,5,2026-07-30T17:12:45.466911
33,30,7,5,0,5,2026-07-30T17:12:45.991146
33,30,8,5,0,5,2026-07-30T17:12:46.196299
33,30,9,5,0,5,2026-07-30T17:12:45.827665
33,30,10,5,0,5,2026-07-30T17:12:45.503619
34,1,1,5,0,5,2026-07-30T17:12:46.318977
34,1,2,5,0,5,2026-07-30T17:12:46.787812
34,1,3,5,0,5,2026-07-30T17:12:47.134415
34,1,4,5,0,5,2026-07-30T17:12:46.553753
34,1,5,5,0,5,2026-07-30T17:12:47.152142
34,1,6,5,0,5,2026-07-30T17:12:47.675037
34,1,7,5,0,5,2026-07-30T17:12:46.820961
34,1,8,5,0,5,2026-07-30T17:12:48.038142
34,1,9,5,0,5,2026-07-30T17:12:47.347234
34,1,10,5,0,5,2026-07-30T17:12:50.807372
34,2,1,5,0,5,2026-07-30T17:12:48.012616
34,2,2,5,0,5,2026-07-30T17:12:47.855914
34,2,3,5,0,5,2026-07-30T17:12:50.664597
34,2,4,5,0,5,2026-07-30T17:12:50.712046
34,2,5,5,0,5,2026-07-30T17:12:50.862809
34,2,6,5,0,5,2026-07-30T17:12:50.636992
34,2,7,5,0,5,2026-07-30T17:12:50.782930
34,2,8,5,0,5,2026-07-30T17:12:50.689949
34,2,9,5,0,5,2026-07-30T17:12:50.718072
34,2,10,5,0,5,2026-07-30T17:12:51.711633
34,3,1,0,0,0,2026-07-30T17:12:52.306256
34,3,2,0,0,0,2026-07-30T17:12:51.949384
34,3,3,0,0,0,2026-07-30T17:12:52.351870
34,3,4,0,0,0,2026-07-30T17:12:51.959015
34,3,5,3,0,3,2026-07-30T17:12:51.808782
34,3,6,0,0,0,2026-07-30T17:12:52.657952
34,3,7,0,0,0,2026-07-30T17:12:52.520550
34,3,8,0,0,0,2026-07-30T17:12:52.771122
34,3,9,0,0,0,2026-07-30T17:12:52.874112
34,3,10,0,0,0,2026-07-30T17:12:53.179766
34,4,1,0,0,0,2026-07-30T17:12:53.413822
34,4,2,0,0,0,2026-07-30T17:12:54.142578
34,4,3,0,0,0,2026-07-30T17:12:53.411096
34,4,4,0,0,0,2026-07-30T17:12:54.372065
34,4,5,0,0,0,2026-07-30T17:12:53.707685
34,4,6,0,0,0,2026-07-30T17:12:54.191357
34,4,7,0,0,0,2026-07-30T17:12:54.748334
34,4,8,0,0,0,2026-07-30T17:12:54.843364
34,4,9,0,0,0,2026-07-30T17:12:54.657054
34,4,10,0,0,0,2026-07-30T17:12:55.249514
34,5,1,5,0,5,2026-07-30T17:12:55.347730
34,5,2,5,0,5,2026-07-30T17:12:55.198287
34,5,3,5,0,5,2026-07-30T17:12:55.644846
34,5,4,5,0,5,2026-07-30T17:12:55.823610
34,5,5,5,0,5,2026-07-30T17:12:56.310702
34,5,6,5,0,5,2026-07-30T17:12:56.579544
34,5,7,5,0,5,2026-07-30T17:12:55.907807
34,5,8,5,0,5,2026-07-30T17:12:56.837838
34,5,9,5,0,5,2026-07-30T17:12:57.101224
34,5,10,5,0,5,2026-07-30T17:12:57.222895
34,6,1,5,0,5,2026-07-30T17:12:57.667433
34,6,2,5,0,5,2026-07-30T17:12:57.486710
34,6,3,5,0,5,2026-07-30T17:12:57.748408
34,6,4,5,0,5,2026-07-30T17:12:57.954180
34,6,5,5,0,5,2026-07-30T17:12:57.612926
34,6,6,5,0,5,2026-07-30T17:12:57.861973
34,6,7,5,0,5,2026-07-30T17:12:58.756509
34,6,8,5,0,5,2026-07-30T17:12:58.252343
34,6,9,5,0,5,2026-07-30T17:12:58.908100
34,6,10,5,0,5,2026-07-30T17:12:58.869935
34,7,1,5,0,5,2026-07-30T17:12:58.696531
34,7,2,5,0,5,2026-07-30T17:12:59.373225
34,7,3,5,0,5,2026-07-30T17:12:59.687758
34,7,4,5,0,5,2026-07-30T17:12:59.019843
34,7,5,5,0,5,2026-07-30T17:12:59.699355
34,7,6,5,0,5,2026-07-30T17:12:59.721162
34,7,7,5,0,5,2026-07-30T17:13:00.567506
34,7,8,5,0,5,2026-07-30T17:13:00.921217
34,7,9,5,0,5,2026-07-30T17:13:00.765087
34,7,10,5,0,5,2026-07-30T17:13:00.075998
34,8,1,5,0,5,2026-07-30T17:13:00.805664
34,8,2,5,0,5,2026-07-30T17:13:01.349501
34,8,3,5,0,5,2026-07-30T17:13:01.351770
34,8,4,5,0,5,2026-07-30T17:13:01.134281
34,8,5,5,0,5,2026-07-30T17:13:01.927789
34,8,6,5,0,5,2026-07-30T17:13:02.025787
34,8,7,5,0,5,2026-07-30T17:13:02.625914
34,8,8,0,0,0,2026-07-30T17:13:02.029024
34,8,9,5,0,5,2026-07-30T17:13:02.567397
34,8,10,5,0,5,2026-07-30T17:13:02.167629
34,9,1,5,0,5,2026-07-30T17:13:03.215134
34,9,2,3,0,3,2026-07-30T17:13:02.402982
34,9,3,5,0,5,2026-07-30T17:13:03.381571
34,9,4,5,0,5,2026-07-30T17:13:03.261874
34,9,5,5,0,5,2026-07-30T17:13:03.245754
34,9,6,5,0,5,2026-07-30T17:13:03.221496
34,9,7,5,0,5,2026-07-30T17:13:03.647738
34,9,8,5,0,5,2026-07-30T17:13:04.010481
34,9,9,5,0,5,2026-07-30T17:13:03.849117
34,9,10,5,0,5,2026-07-30T17:13:05.928782
34,10,1,5,0,5,2026-07-30T17:13:05.064349
34,10,2,5,0,5,2026-07-30T17:13:04.489794
34,10,3,5,0,5,2026-07-30T17:13:05.102253
34,10,4,5,0,5,2026-07-30T17:13:05.035144
34,10,5,5,0,5,2026-07-30T17:13:05.484067
34,10,6,5,0,5,2026-07-30T17:13:04.695731
34,10,7,5,0,5,2026-07-30T17:13:05.237145
34,10,8,5,0,5,2026-07-30T17:13:05.730397
34,10,9,5,0,5,2026-07-30T17:13:05.937564
34,10,10,5,0,5,2026-07-30T17:13:06.869785
34,11,1,5,0,5,2026-07-30T17:13:06.911128
34,11,2,5,0,5,2026-07-30T17:13:06.337723
34,11,3,5,0,5,2026-07-30T17:13:07.067661
34,11,4,5,0,5,2026-07-30T17:13:06.942954
34,11,5,5,0,5,2026-07-30T17:13:07.579843
34,11,6,5,0,5,2026-07-30T17:13:06.959013
34,11,7,5,0,5,2026-07-30T17:13:07.209935
34,11,8,5,0,5,2026-07-30T17:13:08.388719
34,11,9,5,0,5,2026-07-30T17:13:08.500569
34,11,10,5,0,5,2026-07-30T17:13:08.557922
34,12,1,5,0,5,2026-07-30T17:13:08.809680
34,12,2,5,0,5,2026-07-30T17:13:08.365354
34,12,3,5,0,5,2026-07-30T17:13:08.133925
34,12,4,5,0,5,2026-07-30T17:13:08.908948
34,12,5,5,0,5,2026-07-30T17:13:08.786876
34,12,6,5,0,5,2026-07-30T17:13:09.593023
34,12,7,5,0,5,2026-07-30T17:13:09.413867
34,12,8,5,0,5,2026-07-30T17:13:09.824857
34,12,9,5,0,5,2026-07-30T17:13:09.548138
34,12,10,5,0,5,2026-07-30T17:13:10.256151
34,13,1,0,0,0,2026-07-30T17:13:10.048156
34,13,2,0,0,0,2026-07-30T17:13:10.075505
34,13,3,0,0,0,2026-07-30T17:13:10.386484
34,13,4,5,0,5,2026-07-30T17:13:10.887586
34,13,5,5,0,5,2026-07-30T17:13:10.991401
34,13,6,5,0,5,2026-07-30T17:13:11.062937
34,13,7,5,0,5,2026-07-30T17:13:10.859108
34,13,8,5,0,5,2026-07-30T17:13:11.298273
34,13,9,5,0,5,2026-07-30T17:13:11.756632
34,13,10,5,0,5,2026-07-30T17:13:11.464756
34,14,1,5,0,5,2026-07-30T17:13:12.052098
34,14,2,5,0,5,2026-07-30T17:13:12.494720
34,14,3,5,0,5,2026-07-30T17:13:12.324129
34,14,4,4,0,4,2026-07-30T17:13:12.044687
34,14,5,5,0,5,2026-07-30T17:13:12.694209
34,14,6,5,0,5,2026-07-30T17:13:12.743502
34,14,7,5,0,5,2026-07-30T17:13:13.517775
34,14,8,5,0,5,2026-07-30T17:13:13.391692
34,14,9,5,0,5,2026-07-30T17:13:13.715911
34,14,10,5,0,5,2026-07-30T17:13:13.490682
34,15,1,5,0,5,2026-07-30T17:13:13.957832
34,15,2,5,0,5,2026-07-30T17:13:13.919822
34,15,3,5,0,5,2026-07-30T17:13:14.161387
34,15,4,5,0,5,2026-07-30T17:13:14.192304
34,15,5,5,0,5,2026-07-30T17:13:14.642389
34,15,6,5,0,5,2026-07-30T17:13:14.542484
34,15,7,5,0,5,2026-07-30T17:13:14.965223
34,15,8,5,0,5,2026-07-30T17:13:15.179637
34,15,9,5,0,5,2026-07-30T17:13:15.160203
34,15,10,5,0,5,2026-07-30T17:13:15.180350
34,16,1,5,0,5,2026-07-30T17:13:15.397596
34,16,2,5,0,5,2026-07-30T17:13:15.402372
34,16,3,5,0,5,2026-07-30T17:13:15.612194
34,16,4,5,0,5,2026-07-30T17:13:15.899938
34,16,5,5,0,5,2026-07-30T17:13:16.228499
34,16,6,5,0,5,2026-07-30T17:13:16.983666
34,16,7,5,0,5,2026-07-30T17:13:16.831127
34,16,8,5,0,5,2026-07-30T17:13:16.798955
34,16,9,5,0,5,2026-07-30T17:13:16.646293
34,16,10,5,0,5,2026-07-30T17:13:17.251906
34,17,1,5,0,5,2026-07-30T17:13:17.038182
34,17,2,5,0,5,2026-07-30T17:13:17.125520
34,17,3,5,0,5,2026-07-30T17:13:17.641207
34,17,4,5,0,5,2026-07-30T17:13:18.492581
34,17,5,5,0,5,2026-07-30T17:13:18.047563
34,17,6,5,0,5,2026-07-30T17:13:18.691547
34,17,7,5,0,5,2026-07-30T17:13:18.437653
34,17,8,5,0,5,2026-07-30T17:13:18.502921
34,17,9,5,0,5,2026-07-30T17:13:18.776368
34,17,10,5,0,5,2026-07-30T17:13:18.267264
34,18,1,5,0,5,2026-07-30T17:13:19.294545
34,18,2,5,0,5,2026-07-30T17:13:19.295886
34,18,3,5,0,5,2026-07-30T17:13:20.139991
34,18,4,5,0,5,2026-07-30T17:13:19.657234
34,18,5,5,0,5,2026-07-30T17:13:19.710485
34,18,6,5,0,5,2026-07-30T17:13:19.699930
34,18,7,5,0,5,2026-07-30T17:13:19.938649
34,18,8,5,0,5,2026-07-30T17:13:20.613478
34,18,9,5,0,5,2026-07-30T17:13:20.543528
34,18,10,5,0,5,2026-07-30T17:13:21.137275
34,19,1,5,0,5,2026-07-30T17:13:20.902260
34,19,2,5,0,5,2026-07-30T17:13:21.404176
34,19,3,5,0,5,2026-07-30T17:13:21.385078
34,19,4,5,0,5,2026-07-30T17:13:20.786898
34,19,5,5,0,5,2026-07-30T17:13:21.182931
34,19,6,5,0,5,2026-07-30T17:13:22.200236
34,19,7,5,0,5,2026-07-30T17:13:22.260233
34,19,8,5,0,5,2026-07-30T17:13:22.436319
34,19,9,5,0,5,2026-07-30T17:13:21.789009
34,19,10,5,0,5,2026-07-30T17:13:22.399304
34,20,1,5,0,5,2026-07-30T17:13:22.248785
34,20,2,5,0,5,2026-07-30T17:13:23.445933
34,20,3,5,0,5,2026-07-30T17:13:23.446307
34,20,4,5,0,5,2026-07-30T17:13:23.199405
34,20,5,5,0,5,2026-07-30T17:13:23.822092
34,20,6,5,0,5,2026-07-30T17:13:23.674385
34,20,7,5,0,5,2026-07-30T17:13:23.694922
34,20,8,5,0,5,2026-07-30T17:13:24.052233
34,20,9,5,0,5,2026-07-30T17:13:23.667818
34,20,10,5,0,5,2026-07-30T17:13:24.650992
34,21,1,5,0,5,2026-07-30T17:13:24.503406
34,21,2,5,0,5,2026-07-30T17:13:25.495940
34,21,3,5,0,5,2026-07-30T17:13:25.121641
34,21,4,5,0,5,2026-07-30T17:13:25.138733
34,21,5,5,0,5,2026-07-30T17:13:24.954857
34,21,6,5,0,5,2026-07-30T17:13:25.685182
34,21,7,5,0,5,2026-07-30T17:13:25.509219
34,21,8,5,0,5,2026-07-30T17:13:25.929429
34,21,9,5,0,5,2026-07-30T17:13:26.086353
34,21,10,5,0,5,2026-07-30T17:13:26.803227
34,22,1,5,0,5,2026-07-30T17:13:26.947354
34,22,2,5,0,5,2026-07-30T17:13:26.366399
34,22,3,5,0,5,2026-07-30T17:13:26.944637
34,22,4,5,0,5,2026-07-30T17:13:26.562204
34,22,5,5,0,5,2026-07-30T17:13:27.556178
34,22,6,5,0,5,2026-07-30T17:13:27.378678
34,22,7,5,0,5,2026-07-30T17:13:27.336052
34,22,8,5,0,5,2026-07-30T17:13:27.813887
34,22,9,5,0,5,2026-07-30T17:13:28.436010
34,22,10,5,0,5,2026-07-30T17:13:28.644756
34,23,1,5,0,5,2026-07-30T17:13:28.598715
34,23,2,5,0,5,2026-07-30T17:13:28.621196
34,23,3,5,0,5,2026-07-30T17:13:28.577866
34,23,4,5,0,5,2026-07-30T17:13:28.607683
34,23,5,5,0,5,2026-07-30T17:13:28.992227
34,23,6,5,0,5,2026-07-30T17:13:28.852102
34,23,7,5,0,5,2026-07-30T17:13:29.489786
34,23,8,5,0,5,2026-07-30T17:13:30.032892
34,23,9,5,0,5,2026-07-30T17:13:30.458714
34,23,10,5,0,5,2026-07-30T17:13:29.656842
34,24,1,5,0,5,2026-07-30T17:13:30.456906
34,24,2,5,0,5,2026-07-30T17:13:30.290637
34,24,3,5,0,5,2026-07-30T17:13:30.095187
34,24,4,5,0,5,2026-07-30T17:13:30.652629
34,24,5,5,0,5,2026-07-30T17:13:30.521025
34,24,6,5,0,5,2026-07-30T17:13:31.294048
34,24,7,5,0,5,2026-07-30T17:13:31.458500
34,24,8,5,0,5,2026-07-30T17:13:31.958487
34,24,9,5,0,5,2026-07-30T17:13:31.760668
34,24,10,5,0,5,2026-07-30T17:13:32.307109
34,25,1,5,0,5,2026-07-30T17:13:31.515362
34,25,2,5,0,5,2026-07-30T17:13:32.383305
34,25,3,4,0,4,2026-07-30T17:13:31.706405
34,25,4,5,0,5,2026-07-30T17:13:32.322958
34,25,5,5,0,5,2026-07-30T17:13:32.682386
34,25,6,5,0,5,2026-07-30T17:13:33.573382
34,25,7,4,0,4,2026-07-30T17:13:32.934290
34,25,8,5,0,5,2026-07-30T17:13:33.000339
34,25,9,5,0,5,2026-07-30T17:13:33.379715
34,25,10,3,0,3,2026-07-30T17:13:33.546758
34,26,1,5,0,5,2026-07-30T17:13:33.357080
34,26,2,5,0,5,2026-07-30T17:13:33.819725
34,26,3,5,0,5,2026-07-30T17:13:34.116244
34,26,4,5,0,5,2026-07-30T17:13:34.784720
34,26,5,5,0,5,2026-07-30T17:13:34.447310
34,26,6,5,0,5,2026-07-30T17:13:34.784755
34,26,7,5,0,5,2026-07-30T17:13:35.229522
34,26,8,5,0,5,2026-07-30T17:13:34.433145
34,26,9,5,0,5,2026-07-30T17:13:35.416590
34,26,10,5,0,5,2026-07-30T17:13:35.842453
34,27,1,5,0,5,2026-07-30T17:13:35.526286
34,27,2,5,0,5,2026-07-30T17:13:36.081752
34,27,3,5,0,5,2026-07-30T17:13:36.102232
34,27,4,5,0,5,2026-07-30T17:13:36.616461
34,27,5,5,0,5,2026-07-30T17:13:36.418596
34,27,6,5,0,5,2026-07-30T17:13:36.277854
34,27,7,5,0,5,2026-07-30T17:13:36.857919
34,27,8,5,0,5,2026-07-30T17:13:36.560858
34,27,9,5,0,5,2026-07-30T17:13:36.899483
34,27,10,5,0,5,2026-07-30T17:13:37.937953
34,28,1,4,0,4,2026-07-30T17:13:37.535930
34,28,2,5,0,5,2026-07-30T17:13:37.909297
34,28,3,5,0,5,2026-07-30T17:13:38.265270
34,28,4,5,0,5,2026-07-30T17:13:37.798979
34,28,5,5,0,5,2026-07-30T17:13:38.238801
34,28,6,5,0,5,2026-07-30T17:13:38.082318
34,28,7,5,0,5,2026-07-30T17:13:38.531642
34,28,8,5,0,5,2026-07-30T17:13:38.947557
34,28,9,5,0,5,2026-07-30T17:13:39.262233
34,28,10,4,0,4,2026-07-30T17:13:40.192698
34,29,1,5,0,5,2026-07-30T17:13:38.974678
34,29,2,5,0,5,2026-07-30T17:13:39.966791
34,29,3,5,0,5,2026-07-30T17:13:39.258625
34,29,4,5,0,5,2026-07-30T17:13:39.287767
34,29,5,5,0,5,2026-07-30T17:13:40.162525
34,29,6,5,0,5,2026-07-30T17:13:40.408071
34,29,7,5,0,5,2026-07-30T17:13:40.457520
34,29,8,5,0,5,2026-07-30T17:13:40.727899
34,29,9,5,0,5,2026-07-30T17:13:41.316161
34,29,10,5,0,5,2026-07-30T17:13:40.530736
34,30,1,5,0,5,2026-07-30T17:13:41.000556
34,30,2,5,0,5,2026-07-30T17:13:41.205355
34,30,3,5,0,5,2026-07-30T17:13:42.058455
34,30,4,5,0,5,2026-07-30T17:13:42.248357
34,30,5,5,0,5,2026-07-30T17:13:42.273759
34,30,6,5,0,5,2026-07-30T17:13:41.981544
34,30,7,5,0,5,2026-07-30T17:13:42.200101
34,30,8,5,0,5,2026-07-30T17:13:42.061264
34,30,9,5,0,5,2026-07-30T17:13:42.648819
34,30,10,5,0,5,2026-07-30T17:13:43.175343
35,1,1,5,0,5,2026-07-30T17:13:43.627237
35,1,2,5,0,5,2026-07-30T17:13:43.516808
35,1,3,5,0,5,2026-07-30T17:13:43.518752
35,1,4,5,0,5,2026-07-30T17:13:44.063310
35,1,5,5,0,5,2026-07-30T17:13:44.093179
35,1,6,5,0,5,2026-07-30T17:13:43.323228
35,1,7,5,0,5,2026-07-30T17:13:43.929461
35,1,8,5,0,5,2026-07-30T17:13:44.225403
35,1,9,5,0,5,2026-07-30T17:13:44.361839
35,1,10,5,0,5,2026-07-30T17:13:45.380135
35,2,1,5,0,5,2026-07-30T17:13:45.158767
35,2,2,5,0,5,2026-07-30T17:13:44.875679
35,2,3,5,0,5,2026-07-30T17:13:45.550751
35,2,4,5,0,5,2026-07-30T17:13:45.298893
35,2,5,5,0,5,2026-07-30T17:13:45.746541
35,2,6,5,0,5,2026-07-30T17:13:46.301301
35,2,7,5,0,5,2026-07-30T17:13:45.410136
35,2,8,5,0,5,2026-07-30T17:13:46.750726
35,2,9,5,0,5,2026-07-30T17:13:46.787665
35,2,10,5,0,5,2026-07-30T17:13:46.536125
35,3,1,0,0,0,2026-07-30T17:13:47.241705
35,3,2,0,0,0,2026-07-30T17:13:46.460078
35,3,3,0,0,0,2026-07-30T17:13:47.002741
35,3,4,0,0,0,2026-07-30T17:13:47.165356
35,3,5,0,0,0,2026-07-30T17:13:47.347203
35,3,6,0,0,0,2026-07-30T17:13:48.112689
35,3,7,0,0,0,2026-07-30T17:13:48.419429
35,3,8,0,0,0,2026-07-30T17:13:47.983234
35,3,9,0,0,0,2026-07-30T17:13:47.814128
35,3,10,0,0,0,2026-07-30T17:13:48.872556
35,4,1,0,0,0,2026-07-30T17:13:48.422739
35,4,2,5,0,5,2026-07-30T17:13:48.893788
35,4,3,0,0,0,2026-07-30T17:13:49.184548
35,4,4,0,0,0,2026-07-30T17:13:49.263423
35,4,5,0,0,0,2026-07-30T17:13:49.227337
35,4,6,5,0,5,2026-07-30T17:13:49.544751
35,4,7,5,0,5,2026-07-30T17:13:49.875124
35,4,8,0,0,0,2026-07-30T17:13:49.864026
35,4,9,0,0,0,2026-07-30T17:13:49.915750
35,4,10,5,0,5,2026-07-30T17:13:50.947375
35,5,1,5,0,5,2026-07-30T17:13:50.622784
35,5,2,5,0,5,2026-07-30T17:13:50.469435
35,5,3,5,0,5,2026-07-30T17:13:50.678796
35,5,4,5,0,5,2026-07-30T17:13:51.185700
35,5,5,3,0,3,2026-07-30T17:13:51.327728
35,5,6,5,0,5,2026-07-30T17:13:51.320674
35,5,7,5,0,5,2026-07-30T17:13:51.182596
35,5,8,5,0,5,2026-07-30T17:13:51.476225
35,5,9,5,0,5,2026-07-30T17:13:52.095529
35,5,10,5,0,5,2026-07-30T17:13:51.908763
35,6,1,5,0,5,2026-07-30T17:13:52.203893
35,6,2,5,0,5,2026-07-30T17:13:52.022044
35,6,3,5,0,5,2026-07-30T17:13:52.217007
35,6,4,5,0,5,2026-07-30T17:13:52.736787
35,6,5,5,0,5,2026-07-30T17:13:52.812738
35,6,6,5,0,5,2026-07-30T17:13:52.522443
35,6,7,5,0,5,2026-07-30T17:13:53.927365
35,6,8,5,0,5,2026-07-30T17:13:53.036692
35,6,9,5,0,5,2026-07-30T17:13:53.341151
35,6,10,5,0,5,2026-07-30T17:13:53.826707
35,7,1,5,0,5,2026-07-30T17:13:53.662695
35,7,2,5,0,5,2026-07-30T17:13:53.931568
35,7,3,5,0,5,2026-07-30T17:13:53.982051
35,7,4,5,0,5,2026-07-30T17:13:54.461629
35,7,5,5,0,5,2026-07-30T17:13:54.272878
35,7,6,5,0,5,2026-07-30T17:13:54.805266
35,7,7,5,0,5,2026-07-30T17:13:55.079340
35,7,8,5,0,5,2026-07-30T17:13:55.075330
35,7,9,5,0,5,2026-07-30T17:13:55.801223
35,7,10,5,0,5,2026-07-30T17:13:55.781621
35,8,1,5,0,5,2026-07-30T17:13:55.003331
35,8,2,5,0,5,2026-07-30T17:13:55.724525
35,8,3,5,0,5,2026-07-30T17:13:55.517974
35,8,4,5,0,5,2026-07-30T17:13:56.049825
35,8,5,5,0,5,2026-07-30T17:13:56.056640
35,8,6,5,0,5,2026-07-30T17:13:56.888532
35,8,7,5,0,5,2026-07-30T17:13:56.730694
35,8,8,5,0,5,2026-07-30T17:13:57.359054
35,8,9,5,0,5,2026-07-30T17:13:57.157034
35,8,10,5,0,5,2026-07-30T17:13:57.617967
35,9,1,4,0,4,2026-07-30T17:13:57.668896
35,9,2,5,0,5,2026-07-30T17:13:57.267227
35,9,3,5,0,5,2026-07-30T17:13:57.076311
35,9,4,5,0,5,2026-07-30T17:13:58.387915
35,9,5,5,0,5,2026-07-30T17:13:58.732854
35,9,6,5,0,5,2026-07-30T17:13:58.119108
35,9,7,5,0,5,2026-07-30T17:13:58.225617
35,9,8,5,0,5,2026-07-30T17:13:58.529740
35,9,9,5,0,5,2026-07-30T17:13:59.187507
35,9,10,5,0,5,2026-07-30T17:13:59.263659
35,10,1,5,0,5,2026-07-30T17:13:59.705787
35,10,2,5,0,5,2026-07-30T17:13:59.565513
35,10,3,5,0,5,2026-07-30T17:13:59.277190
35,10,4,5,0,5,2026-07-30T17:14:00.259055
35,10,5,5,0,5,2026-07-30T17:14:00.192294
35,10,6,5,0,5,2026-07-30T17:14:00.172832
35,10,7,5,0,5,2026-07-30T17:14:00.609985
35,10,8,5,0,5,2026-07-30T17:14:00.516546
35,10,9,5,0,5,2026-07-30T17:14:01.129419
35,10,10,5,0,5,2026-07-30T17:14:01.403420
35,11,1,5,0,5,2026-07-30T17:14:00.952993
35,11,2,5,0,5,2026-07-30T17:14:02.226526
35,11,3,5,0,5,2026-07-30T17:14:01.829744
35,11,4,5,0,5,2026-07-30T17:14:01.896306
35,11,5,5,0,5,2026-07-30T17:14:02.161462
35,11,6,5,0,5,2026-07-30T17:14:01.635088
35,11,7,5,0,5,2026-07-30T17:14:02.579712
35,11,8,5,0,5,2026-07-30T17:14:02.987297
35,11,9,5,0,5,2026-07-30T17:14:02.419803
35,11,10,5,0,5,2026-07-30T17:14:02.859427
35,12,1,5,0,5,2026-07-30T17:14:02.862831
35,12,2,5,0,5,2026-07-30T17:14:03.739215
35,12,3,5,0,5,2026-07-30T17:14:04.007335
35,12,4,5,0,5,2026-07-30T17:14:03.229526
35,12,5,5,0,5,2026-07-30T17:14:04.072941
35,12,6,5,0,5,2026-07-30T17:14:03.646742
35,12,7,5,0,5,2026-07-30T17:14:04.119278
35,12,8,5,0,5,2026-07-30T17:14:04.104752
35,12,9,5,0,5,2026-07-30T17:14:04.222413
35,12,10,5,0,5,2026-07-30T17:14:04.680005
35,13,1,5,0,5,2026-07-30T17:14:05.695221
35,13,2,5,0,5,2026-07-30T17:14:05.176515
35,13,3,5,0,5,2026-07-30T17:14:05.841803
35,13,4,5,0,5,2026-07-30T17:14:05.506927
35,13,5,5,0,5,2026-07-30T17:14:05.536815
35,13,6,5,0,5,2026-07-30T17:14:05.562490
35,13,7,5,0,5,2026-07-30T17:14:06.092430
35,13,8,5,0,5,2026-07-30T17:14:06.325774
35,13,9,5,0,5,2026-07-30T17:14:06.819243
35,13,10,5,0,5,2026-07-30T17:14:06.747798
35,14,1,5,0,5,2026-07-30T17:14:06.957640
35,14,2,5,0,5,2026-07-30T17:14:07.194063
35,14,3,5,0,5,2026-07-30T17:14:06.735280
35,14,4,5,0,5,2026-07-30T17:14:07.696951
35,14,5,5,0,5,2026-07-30T17:14:07.124168
35,14,6,5,0,5,2026-07-30T17:14:08.153050
35,14,7,5,0,5,2026-07-30T17:14:08.570723
35,14,8,5,0,5,2026-07-30T17:14:07.983664
35,14,9,5,0,5,2026-07-30T17:14:07.845023
35,14,10,5,0,5,2026-07-30T17:14:08.828507
35,15,1,5,0,5,2026-07-30T17:14:08.375229
35,15,2,5,0,5,2026-07-30T17:14:08.427137
35,15,3,5,0,5,2026-07-30T17:14:08.742742
35,15,4,5,0,5,2026-07-30T17:14:09.509240
35,15,5,5,0,5,2026-07-30T17:14:09.231184
35,15,6,5,0,5,2026-07-30T17:14:09.830968
35,15,7,5,0,5,2026-07-30T17:14:09.820474
35,15,8,5,0,5,2026-07-30T17:14:10.478608
35,15,9,5,0,5,2026-07-30T17:14:10.007257
35,15,10,5,0,5,2026-07-30T17:14:10.592389
35,16,1,5,0,5,2026-07-30T17:14:10.091375
35,16,2,5,0,5,2026-07-30T17:14:10.661521
35,16,3,5,0,5,2026-07-30T17:14:10.561616
35,16,4,5,0,5,2026-07-30T17:14:11.884788
35,16,5,5,0,5,2026-07-30T17:14:11.661779
35,16,6,5,0,5,2026-07-30T17:14:11.051224
35,16,7,5,0,5,2026-07-30T17:14:11.314576
35,16,8,5,0,5,2026-07-30T17:14:12.134800
35,16,9,5,0,5,2026-07-30T17:14:12.403455
35,16,10,5,0,5,2026-07-30T17:14:12.454522
35,17,1,5,0,5,2026-07-30T17:14:12.682153
35,17,2,5,0,5,2026-07-30T17:14:12.701382
35,17,3,5,0,5,2026-07-30T17:14:13.138293
35,17,4,5,0,5,2026-07-30T17:14:13.133367
35,17,5,5,0,5,2026-07-30T17:14:13.112377
35,17,6,5,0,5,2026-07-30T17:14:13.790499
35,17,7,5,0,5,2026-07-30T17:14:14.031928
35,17,8,5,0,5,2026-07-30T17:14:13.909903
35,17,9,5,0,5,2026-07-30T17:14:14.522714
35,17,10,5,0,5,2026-07-30T17:14:14.544020
35,18,1,5,0,5,2026-07-30T17:14:14.577283
35,18,2,5,0,5,2026-07-30T17:14:14.616034
35,18,3,0,0,0,2026-07-30T17:14:14.193898
35,18,4,5,0,5,2026-07-30T17:14:15.633442
35,18,5,5,0,5,2026-07-30T17:14:15.967992
35,18,6,5,0,5,2026-07-30T17:14:15.878267
35,18,7,5,0,5,2026-07-30T17:14:16.245666
35,18,8,5,0,5,2026-07-30T17:14:17.489973
35,18,9,3,0,3,2026-07-30T17:14:17.485190
35,18,10,3,0,3,2026-07-30T17:14:17.526254
35,19,1,5,0,5,2026-07-30T17:14:16.473937
35,19,2,5,0,5,2026-07-30T17:14:17.069385
35,19,3,5,0,5,2026-07-30T17:14:16.886810
35,19,4,4,0,4,2026-07-30T17:14:17.019427
35,19,5,5,0,5,2026-07-30T17:14:17.497658
35,19,6,5,0,5,2026-07-30T17:14:18.294075
35,19,7,5,0,5,2026-07-30T17:14:18.123537
35,19,8,5,0,5,2026-07-30T17:14:18.646180
35,19,9,5,0,5,2026-07-30T17:14:18.279105
35,19,10,5,0,5,2026-07-30T17:14:18.719544
35,20,1,5,0,5,2026-07-30T17:14:18.730520
35,20,2,5,0,5,2026-07-30T17:14:19.346233
35,20,3,5,0,5,2026-07-30T17:14:18.531568
35,20,4,5,0,5,2026-07-30T17:14:19.581001
35,20,5,5,0,5,2026-07-30T17:14:20.142163
35,20,6,5,0,5,2026-07-30T17:14:19.532482
35,20,7,5,0,5,2026-07-30T17:14:20.366761
35,20,8,5,0,5,2026-07-30T17:14:20.068462
35,20,9,5,0,5,2026-07-30T17:14:20.768185
35,20,10,5,0,5,2026-07-30T17:14:20.191712
35,21,1,5,0,5,2026-07-30T17:14:20.585917
35,21,2,5,0,5,2026-07-30T17:14:20.781481
35,21,3,5,0,5,2026-07-30T17:14:21.431448
35,21,4,5,0,5,2026-07-30T17:14:21.346359
35,21,5,5,0,5,2026-07-30T17:14:21.348582
35,21,6,5,0,5,2026-07-30T17:14:21.626385
35,21,7,5,0,5,2026-07-30T17:14:21.806121
35,21,8,5,0,5,2026-07-30T17:14:22.037020
35,21,9,5,0,5,2026-07-30T17:14:22.040869
35,21,10,5,0,5,2026-07-30T17:14:22.226427
35,22,1,5,0,5,2026-07-30T17:14:23.014294
35,22,2,5,0,5,2026-07-30T17:14:22.383684
35,22,3,5,0,5,2026-07-30T17:14:22.858461
35,22,4,5,0,5,2026-07-30T17:14:23.073429
35,22,5,5,0,5,2026-07-30T17:14:23.209587
35,22,6,5,0,5,2026-07-30T17:14:23.098285
35,22,7,5,0,5,2026-07-30T17:14:23.093095
35,22,8,5,0,5,2026-07-30T17:14:23.680918
35,22,9,5,0,5,2026-07-30T17:14:23.836987
35,22,10,5,0,5,2026-07-30T17:14:24.304575
35,23,1,5,0,5,2026-07-30T17:14:24.666661
35,23,2,5,0,5,2026-07-30T17:14:24.725932
35,23,3,5,0,5,2026-07-30T17:14:24.538142
35,23,4,5,0,5,2026-07-30T17:14:24.338661
35,23,5,5,0,5,2026-07-30T17:14:24.478734
35,23,6,5,0,5,2026-07-30T17:14:25.314432
35,23,7,5,0,5,2026-07-30T17:14:25.095699
35,23,8,5,0,5,2026-07-30T17:14:26.003220
35,23,9,5,0,5,2026-07-30T17:14:25.596336
35,23,10,5,0,5,2026-07-30T17:14:25.720878
35,24,1,5,0,5,2026-07-30T17:14:26.569138
35,24,2,5,0,5,2026-07-30T17:14:26.511356
35,24,3,4,0,4,2026-07-30T17:14:25.587841
35,24,4,5,0,5,2026-07-30T17:14:26.741575
35,24,5,5,0,5,2026-07-30T17:14:26.766189
35,24,6,5,0,5,2026-07-30T17:14:27.043242
35,24,7,5,0,5,2026-07-30T17:14:26.807441
35,24,8,5,0,5,2026-07-30T17:14:27.766831
35,24,9,5,0,5,2026-07-30T17:14:27.658542
35,24,10,5,0,5,2026-07-30T17:14:27.969078
35,25,1,5,0,5,2026-07-30T17:14:28.013951
35,25,2,5,0,5,2026-07-30T17:14:28.560768
35,25,3,3,0,3,2026-07-30T17:14:28.421728
35,25,4,5,0,5,2026-07-30T17:14:28.667317
35,25,5,3,0,3,2026-07-30T17:14:28.721965
35,25,6,4,0,4,2026-07-30T17:14:29.533862
35,25,7,4,0,4,2026-07-30T17:14:29.628008
35,25,8,3,0,3,2026-07-30T17:14:29.405803
35,25,9,5,0,5,2026-07-30T17:14:29.847053
35,25,10,5,0,5,2026-07-30T17:14:30.258974
35,26,1,5,0,5,2026-07-30T17:14:29.823171
35,26,2,5,0,5,2026-07-30T17:14:29.687274
35,26,3,5,0,5,2026-07-30T17:14:30.576160
35,26,4,5,0,5,2026-07-30T17:14:30.855355
35,26,5,5,0,5,2026-07-30T17:14:31.175592
35,26,6,5,0,5,2026-07-30T17:14:31.296028
35,26,7,5,0,5,2026-07-30T17:14:31.338544
35,26,8,5,0,5,2026-07-30T17:14:31.508219
35,26,9,5,0,5,2026-07-30T17:14:31.277843
35,26,10,5,0,5,2026-07-30T17:14:31.703213
35,27,1,5,0,5,2026-07-30T17:14:32.232035
35,27,2,5,0,5,2026-07-30T17:14:31.892131
35,27,3,5,0,5,2026-07-30T17:14:32.626242
35,27,4,5,0,5,2026-07-30T17:14:32.476936
35,27,5,5,0,5,2026-07-30T17:14:32.354786
35,27,6,5,0,5,2026-07-30T17:14:32.349185
35,27,7,5,0,5,2026-07-30T17:14:32.767977
35,27,8,5,0,5,2026-07-30T17:14:33.744497
35,27,9,5,0,5,2026-07-30T17:14:33.337606
35,27,10,5,0,5,2026-07-30T17:14:34.104822
35,28,1,5,0,5,2026-07-30T17:14:33.411646
35,28,2,5,0,5,2026-07-30T17:14:34.212413
35,28,3,5,0,5,2026-07-30T17:14:34.140516
35,28,4,4,0,4,2026-07-30T17:14:33.883583
35,28,5,4,0,4,2026-07-30T17:14:33.598690
35,28,6,4,0,4,2026-07-30T17:14:34.962826
35,28,7,4,0,4,2026-07-30T17:14:34.440490
35,28,8,4,0,4,2026-07-30T17:14:34.429808
35,28,9,5,0,5,2026-07-30T17:14:35.215303
35,28,10,4,0,4,2026-07-30T17:14:35.105031
35,29,1,5,0,5,2026-07-30T17:14:35.948329
35,29,2,5,0,5,2026-07-30T17:14:35.353059
35,29,3,5,0,5,2026-07-30T17:14:35.668584
35,29,4,5,0,5,2026-07-30T17:14:35.668629
35,29,5,5,0,5,2026-07-30T17:14:35.696201
35,29,6,5,0,5,2026-07-30T17:14:36.403497
35,29,7,5,0,5,2026-07-30T17:14:36.938081
35,29,8,5,0,5,2026-07-30T17:14:37.077673
35,29,9,5,0,5,2026-07-30T17:14:37.190238
35,29,10,5,0,5,2026-07-30T17:14:37.107741
35,30,1,5,0,5,2026-07-30T17:14:36.889739
35,30,2,5,0,5,2026-07-30T17:14:37.751554
35,30,3,5,0,5,2026-07-30T17:14:36.998352
35,30,4,5,0,5,2026-07-30T17:14:38.064614
35,30,5,5,0,5,2026-07-30T17:14:38.337915
35,30,6,5,0,5,2026-07-30T17:14:40.131792
35,30,7,5,0,5,2026-07-30T17:14:40.175490
35,30,8,5,0,5,2026-07-30T17:14:40.056083
35,30,9,5,0,5,2026-07-30T17:14:38.576128
35,30,10,5,0,5,2026-07-30T17:14:38.237163
36,1,1,5,0,5,2026-07-30T17:14:39.411327
36,1,2,5,0,5,2026-07-30T17:14:39.936164
36,1,3,5,0,5,2026-07-30T17:14:39.884423
36,1,4,5,0,5,2026-07-30T17:14:39.575589
36,1,5,5,0,5,2026-07-30T17:14:39.840355
36,1,6,5,0,5,2026-07-30T17:14:41.243149
36,1,7,5,0,5,2026-07-30T17:14:41.430827
36,1,8,5,0,5,2026-07-30T17:14:40.904154
36,1,9,5,0,5,2026-07-30T17:14:41.530023
36,1,10,5,0,5,2026-07-30T17:14:41.156624
36,2,1,5,0,5,2026-07-30T17:14:41.310997
36,2,2,5,0,5,2026-07-30T17:14:41.988630
36,2,3,5,0,5,2026-07-30T17:14:42.007541
36,2,4,5,0,5,2026-07-30T17:14:42.557572
36,2,5,5,0,5,2026-07-30T17:14:42.388700
36,2,6,5,0,5,2026-07-30T17:14:42.518914
36,2,7,5,0,5,2026-07-30T17:14:42.365334
36,2,8,5,0,5,2026-07-30T17:14:43.052039
36,2,9,5,0,5,2026-07-30T17:14:42.561681
36,2,10,5,0,5,2026-07-30T17:14:43.639600
36,3,1,5,0,5,2026-07-30T17:14:43.632954
36,3,2,5,0,5,2026-07-30T17:14:43.388875
36,3,3,5,0,5,2026-07-30T17:14:43.633354
36,3,4,5,0,5,2026-07-30T17:14:44.168740
36,3,5,5,0,5,2026-07-30T17:14:44.165624
36,3,6,5,0,5,2026-07-30T17:14:44.187226
36,3,7,5,0,5,2026-07-30T17:14:45.098957
36,3,8,5,0,5,2026-07-30T17:14:45.456456
36,3,9,5,0,5,2026-07-30T17:14:45.279675
36,3,10,5,0,5,2026-07-30T17:14:44.671465
36,4,1,5,0,5,2026-07-30T17:14:44.883540
36,4,2,5,0,5,2026-07-30T17:14:46.029992
36,4,3,5,0,5,2026-07-30T17:14:45.814315
36,4,4,5,0,5,2026-07-30T17:14:45.414322
36,4,5,5,0,5,2026-07-30T17:14:46.331526
36,4,6,5,0,5,2026-07-30T17:14:45.912669
36,4,7,5,0,5,2026-07-30T17:14:47.156583
36,4,8,5,0,5,2026-07-30T17:14:46.723398
36,4,9,5,0,5,2026-07-30T17:14:46.880493
36,4,10,5,0,5,2026-07-30T17:14:47.306494
36,5,1,5,0,5,2026-07-30T17:14:47.663839
36,5,2,5,0,5,2026-07-30T17:14:47.135816
36,5,3,5,0,5,2026-07-30T17:14:47.675793
36,5,4,5,0,5,2026-07-30T17:14:47.792495
36,5,5,5,0,5,2026-07-30T17:14:47.972633
36,5,6,5,0,5,2026-07-30T17:14:48.125800
36,5,7,5,0,5,2026-07-30T17:14:48.992162
36,5,8,5,0,5,2026-07-30T17:14:48.605016
36,5,9,5,0,5,2026-07-30T17:14:49.157553
36,5,10,5,0,5,2026-07-30T17:14:49.535477
36,6,1,5,0,5,2026-07-30T17:14:49.715424
36,6,2,5,0,5,2026-07-30T17:14:49.047060
36,6,3,5,0,5,2026-07-30T17:14:49.401028
36,6,4,5,0,5,2026-07-30T17:14:49.401114
36,6,5,5,0,5,2026-07-30T17:14:50.463247
36,6,6,5,0,5,2026-07-30T17:14:50.406704
36,6,7,5,0,5,2026-07-30T17:14:51.104078
36,6,8,5,0,5,2026-07-30T17:14:50.629220
36,6,9,5,0,5,2026-07-30T17:14:51.280292
36,6,10,5,0,5,2026-07-30T17:14:51.066151
36,7,1,5,0,5,2026-07-30T17:14:51.572440
36,7,2,5,0,5,2026-07-30T17:14:51.562398
36,7,3,5,0,5,2026-07-30T17:14:51.864308
36,7,4,5,0,5,2026-07-30T17:14:51.697969
36,7,5,5,0,5,2026-07-30T17:14:52.264578
36,7,6,5,0,5,2026-07-30T17:14:52.087215
36,7,7,5,0,5,2026-07-30T17:14:52.549402
36,7,8,5,0,5,2026-07-30T17:14:52.738896
36,7,9,5,0,5,2026-07-30T17:14:54.738704
36,7,10,5,0,5,2026-07-30T17:14:54.503551
36,8,1,5,0,5,2026-07-30T17:14:52.958591
36,8,2,5,0,5,2026-07-30T17:14:53.075680
36,8,3,5,0,5,2026-07-30T17:14:53.739825
36,8,4,5,0,5,2026-07-30T17:14:54.113209
36,8,5,5,0,5,2026-07-30T17:14:54.385832
36,8,6,5,0,5,2026-07-30T17:14:54.595863
36,8,7,5,0,5,2026-07-30T17:14:54.393353
36,8,8,5,0,5,2026-07-30T17:14:54.923227
36,8,9,5,0,5,2026-07-30T17:14:55.583013
36,8,10,5,0,5,2026-07-30T17:14:55.166992
36,9,1,5,0,5,2026-07-30T17:14:56.279718
36,9,2,5,0,5,2026-07-30T17:14:56.241098
36,9,3,5,0,5,2026-07-30T17:14:55.735356
36,9,4,5,0,5,2026-07-30T17:14:55.831668
36,9,5,5,0,5,2026-07-30T17:14:55.988134
36,9,6,5,0,5,2026-07-30T17:14:56.579725
36,9,7,5,0,5,2026-07-30T17:14:57.030416
36,9,8,5,0,5,2026-07-30T17:14:56.863438
36,9,9,5,0,5,2026-07-30T17:14:57.794882
36,9,10,5,0,5,2026-07-30T17:14:57.281429
36,10,1,5,0,5,2026-07-30T17:14:57.242413
36,10,2,5,0,5,2026-07-30T17:14:58.084796
36,10,3,5,0,5,2026-07-30T17:14:57.943073
36,10,4,5,0,5,2026-07-30T17:14:57.596386
36,10,5,5,0,5,2026-07-30T17:14:57.920046
36,10,6,5,0,5,2026-07-30T17:14:58.865353
36,10,7,5,0,5,2026-07-30T17:14:58.696845
36,10,8,5,0,5,2026-07-30T17:14:58.724053
36,10,9,5,0,5,2026-07-30T17:14:59.251612
36,10,10,5,0,5,2026-07-30T17:14:58.839103
36,11,1,5,0,5,2026-07-30T17:14:58.963312
36,11,2,5,0,5,2026-07-30T17:14:59.403140
36,11,3,5,0,5,2026-07-30T17:14:59.760704
36,11,4,5,0,5,2026-07-30T17:15:00.152173
36,11,5,5,0,5,2026-07-30T17:15:00.760898
36,11,6,5,0,5,2026-07-30T17:15:00.476771
36,11,7,5,0,5,2026-07-30T17:15:00.334845
36,11,8,5,0,5,2026-07-30T17:15:00.188944
36,11,9,5,0,5,2026-07-30T17:15:00.687209
36,11,10,5,0,5,2026-07-30T17:15:01.263109
36,12,1,5,0,5,2026-07-30T17:15:01.010005
36,12,2,5,0,5,2026-07-30T17:15:01.405867
36,12,3,5,0,5,2026-07-30T17:15:01.621669
36,12,4,5,0,5,2026-07-30T17:15:01.180821
36,12,5,5,0,5,2026-07-30T17:15:01.954161
36,12,6,5,0,5,2026-07-30T17:15:02.347517
36,12,7,5,0,5,2026-07-30T17:15:02.184848
36,12,8,5,0,5,2026-07-30T17:15:02.666172
36,12,9,5,0,5,2026-07-30T17:15:03.027598
36,12,10,5,0,5,2026-07-30T17:15:02.712873
36,13,1,5,0,5,2026-07-30T17:15:02.661800
36,13,2,5,0,5,2026-07-30T17:15:03.450590
36,13,3,5,0,5,2026-07-30T17:15:03.217555
36,13,4,5,0,5,2026-07-30T17:15:03.212364
36,13,5,5,0,5,2026-07-30T17:15:03.452593
36,13,6,5,0,5,2026-07-30T17:15:03.890996
36,13,7,5,0,5,2026-07-30T17:15:04.131933
36,13,8,5,0,5,2026-07-30T17:15:04.567214
36,13,9,5,0,5,2026-07-30T17:15:04.734659
36,13,10,5,0,5,2026-07-30T17:15:04.258990
36,14,1,5,0,5,2026-07-30T17:15:04.700239
36,14,2,5,0,5,2026-07-30T17:15:05.129582
36,14,3,5,0,5,2026-07-30T17:15:04.868204
36,14,4,5,0,5,2026-07-30T17:15:05.182281
36,14,5,5,0,5,2026-07-30T17:15:05.600928
36,14,6,5,0,5,2026-07-30T17:15:06.156911
36,14,7,5,0,5,2026-07-30T17:15:05.839443
36,14,8,5,0,5,2026-07-30T17:15:05.975038
36,14,9,5,0,5,2026-07-30T17:15:06.604653
36,14,10,5,0,5,2026-07-30T17:15:06.349930
36,15,1,5,0,5,2026-07-30T17:15:06.393723
36,15,2,5,0,5,2026-07-30T17:15:06.839296
36,15,3,5,0,5,2026-07-30T17:15:06.856378
36,15,4,5,0,5,2026-07-30T17:15:07.753456
36,15,5,5,0,5,2026-07-30T17:15:07.419588
36,15,6,5,0,5,2026-07-30T17:15:08.017604
36,15,7,5,0,5,2026-07-30T17:15:07.502404
36,15,8,5,0,5,2026-07-30T17:15:08.125768
36,15,9,5,0,5,2026-07-30T17:15:08.495498
36,15,10,5,0,5,2026-07-30T17:15:08.125133
36,16,1,5,0,5,2026-07-30T17:15:08.759759
36,16,2,5,0,5,2026-07-30T17:15:08.633036
36,16,3,5,0,5,2026-07-30T17:15:09.551258
36,16,4,5,0,5,2026-07-30T17:15:09.397668
36,16,5,5,0,5,2026-07-30T17:15:09.309478
36,16,6,5,0,5,2026-07-30T17:15:09.393340
36,16,7,5,0,5,2026-07-30T17:15:09.543236
36,16,8,5,0,5,2026-07-30T17:15:09.753056
36,16,9,5,0,5,2026-07-30T17:15:09.899698
36,16,10,5,0,5,2026-07-30T17:15:10.612474
36,17,1,5,0,5,2026-07-30T17:15:11.372599
36,17,2,5,0,5,2026-07-30T17:15:11.032474
36,17,3,5,0,5,2026-07-30T17:15:11.043974
36,17,4,5,0,5,2026-07-30T17:15:10.812587
36,17,5,5,0,5,2026-07-30T17:15:11.418458
36,17,6,5,0,5,2026-07-30T17:15:11.418354
36,17,7,5,0,5,2026-07-30T17:15:10.952955
36,17,8,5,0,5,2026-07-30T17:15:12.014242
36,17,9,5,0,5,2026-07-30T17:15:12.825345
36,17,10,5,0,5,2026-07-30T17:15:12.389131
36,18,1,5,0,5,2026-07-30T17:15:12.263847
36,18,2,5,0,5,2026-07-30T17:15:12.270841
36,18,3,5,0,5,2026-07-30T17:15:12.586300
36,18,4,5,0,5,2026-07-30T17:15:13.052091
36,18,5,5,0,5,2026-07-30T17:15:12.631434
36,18,6,5,0,5,2026-07-30T17:15:13.665530
36,18,7,5,0,5,2026-07-30T17:15:14.095312
36,18,8,5,0,5,2026-07-30T17:15:13.302878
36,18,9,5,0,5,2026-07-30T17:15:13.427361
36,18,10,0,0,0,2026-07-30T17:15:14.441888
36,19,1,5,0,5,2026-07-30T17:15:13.871043
36,19,2,5,0,5,2026-07-30T17:15:13.855948
36,19,3,5,0,5,2026-07-30T17:15:14.297966
36,19,4,5,0,5,2026-07-30T17:15:14.930627
36,19,5,5,0,5,2026-07-30T17:15:15.095283
36,19,6,5,0,5,2026-07-30T17:15:14.934424
36,19,7,5,0,5,2026-07-30T17:15:15.513185
36,19,8,5,0,5,2026-07-30T17:15:15.289799
36,19,9,5,0,5,2026-07-30T17:15:15.745869
36,19,10,5,0,5,2026-07-30T17:15:16.163514
36,20,1,5,0,5,2026-07-30T17:15:15.912574
36,20,2,5,0,5,2026-07-30T17:15:16.349550
36,20,3,5,0,5,2026-07-30T17:15:15.977418
36,20,4,5,0,5,2026-07-30T17:15:16.333443
36,20,5,5,0,5,2026-07-30T17:15:16.345140
36,20,6,5,0,5,2026-07-30T17:15:17.183434
36,20,7,5,0,5,2026-07-30T17:15:16.988001
36,20,8,5,0,5,2026-07-30T17:15:17.150708
36,20,9,5,0,5,2026-07-30T17:15:17.416903
36,20,10,5,0,5,2026-07-30T17:15:18.002732
36,21,1,5,0,5,2026-07-30T17:15:17.977613
36,21,2,5,0,5,2026-07-30T17:15:17.387214
36,21,3,5,0,5,2026-07-30T17:15:17.811117
36,21,4,5,0,5,2026-07-30T17:15:18.642227
36,21,5,5,0,5,2026-07-30T17:15:19.004029
36,21,6,5,0,5,2026-07-30T17:15:19.030565
36,21,7,5,0,5,2026-07-30T17:15:19.050374
36,21,8,5,0,5,2026-07-30T17:15:19.283292
36,21,9,5,0,5,2026-07-30T17:15:19.649133
36,21,10,5,0,5,2026-07-30T17:15:19.631179
36,22,1,5,0,5,2026-07-30T17:15:19.872791
36,22,2,5,0,5,2026-07-30T17:15:19.865327
36,22,3,5,0,5,2026-07-30T17:15:20.434602
36,22,4,5,0,5,2026-07-30T17:15:20.706510
36,22,5,5,0,5,2026-07-30T17:15:20.290995
36,22,6,5,0,5,2026-07-30T17:15:20.519827
36,22,7,5,0,5,2026-07-30T17:15:21.502093
36,22,8,5,0,5,2026-07-30T17:15:20.691501
36,22,9,5,0,5,2026-07-30T17:15:21.304483
36,22,10,5,0,5,2026-07-30T17:15:20.927107
36,23,1,5,0,5,2026-07-30T17:15:21.912630
36,23,2,5,0,5,2026-07-30T17:15:21.652584
36,23,3,5,0,5,2026-07-30T17:15:21.987178
36,23,4,5,0,5,2026-07-30T17:15:21.949779
36,23,5,5,0,5,2026-07-30T17:15:22.546383
36,23,6,5,0,5,2026-07-30T17:15:22.991465
36,23,7,5,0,5,2026-07-30T17:15:22.756136
36,23,8,5,0,5,2026-07-30T17:15:23.357244
36,23,9,5,0,5,2026-07-30T17:15:23.114890
36,23,10,5,0,5,2026-07-30T17:15:23.155683
36,24,1,5,0,5,2026-07-30T17:15:22.983636
36,24,2,5,0,5,2026-07-30T17:15:23.222197
36,24,3,5,0,5,2026-07-30T17:15:24.232599
36,24,4,0,0,0,2026-07-30T17:15:24.226863
36,24,5,5,0,5,2026-07-30T17:15:24.032883
36,24,6,5,0,5,2026-07-30T17:15:25.038556
36,24,7,5,0,5,2026-07-30T17:15:24.546331
36,24,8,5,0,5,2026-07-30T17:15:24.386658
36,24,9,5,0,5,2026-07-30T17:15:25.268098
36,24,10,5,0,5,2026-07-30T17:15:25.417113
36,25,1,5,0,5,2026-07-30T17:15:25.681508
36,25,2,5,0,5,2026-07-30T17:15:25.667211
36,25,3,5,0,5,2026-07-30T17:15:25.488718
36,25,4,3,0,3,2026-07-30T17:15:25.637090
36,25,5,5,0,5,2026-07-30T17:15:26.213361
36,25,6,5,0,5,2026-07-30T17:15:26.314221
36,25,7,5,0,5,2026-07-30T17:15:26.329032
36,25,8,5,0,5,2026-07-30T17:15:27.072153
36,25,9,5,0,5,2026-07-30T17:15:26.749124
36,25,10,5,0,5,2026-07-30T17:15:27.093262
36,26,1,5,0,5,2026-07-30T17:15:26.923536
36,26,2,5,0,5,2026-07-30T17:15:27.548652
36,26,3,5,0,5,2026-07-30T17:15:27.288093
36,26,4,5,0,5,2026-07-30T17:15:27.364635
36,26,5,5,0,5,2026-07-30T17:15:27.598847
36,26,6,5,0,5,2026-07-30T17:15:28.617224
36,26,7,5,0,5,2026-07-30T17:15:28.565668
36,26,8,5,0,5,2026-07-30T17:15:28.976073
36,26,9,5,0,5,2026-07-30T17:15:28.738603
36,26,10,5,0,5,2026-07-30T17:15:28.750162
36,27,1,5,0,5,2026-07-30T17:15:29.014802
36,27,2,5,0,5,2026-07-30T17:15:28.602646
36,27,3,5,0,5,2026-07-30T17:15:29.251753
36,27,4,5,0,5,2026-07-30T17:15:30.443354
36,27,5,5,0,5,2026-07-30T17:15:30.054435
36,27,6,5,0,5,2026-07-30T17:15:29.682381
36,27,7,5,0,5,2026-07-30T17:15:30.599689
36,27,8,5,0,5,2026-07-30T17:15:30.206632
36,27,9,5,0,5,2026-07-30T17:15:30.641437
36,27,10,5,0,5,2026-07-30T17:15:31.064253
36,28,1,5,0,5,2026-07-30T17:15:30.721242
36,28,2,5,0,5,2026-07-30T17:15:30.711552
36,28,3,5,0,5,2026-07-30T17:15:31.084977
36,28,4,5,0,5,2026-07-30T17:15:31.855569
36,28,5,5,0,5,2026-07-30T17:15:31.903827
36,28,6,3,0,3,2026-07-30T17:15:31.464865
36,28,7,5,0,5,2026-07-30T17:15:32.311055
36,28,8,5,0,5,2026-07-30T17:15:31.960106
36,28,9,5,0,5,2026-07-30T17:15:31.784252
36,28,10,5,0,5,2026-07-30T17:15:32.341238
36,29,1,5,0,5,2026-07-30T17:15:32.346061
36,29,2,5,0,5,2026-07-30T17:15:33.104181
36,29,3,5,0,5,2026-07-30T17:15:33.226517
36,29,4,5,0,5,2026-07-30T17:15:33.704989
36,29,5,5,0,5,2026-07-30T17:15:33.551263
36,29,6,5,0,5,2026-07-30T17:15:33.412680
36,29,7,5,0,5,2026-07-30T17:15:33.976857
36,29,8,5,0,5,2026-07-30T17:15:33.399245
36,29,9,5,0,5,2026-07-30T17:15:34.802409
36,29,10,5,0,5,2026-07-30T17:15:34.951547
36,30,1,5,0,5,2026-07-30T17:15:34.491349
36,30,2,5,0,5,2026-07-30T17:15:34.822728
36,30,3,5,0,5,2026-07-30T17:15:34.457204
36,30,4,5,0,5,2026-07-30T17:15:34.997079
36,30,5,5,0,5,2026-07-30T17:15:35.775342
36,30,6,5,0,5,2026-07-30T17:15:35.834225
36,30,7,5,0,5,2026-07-30T17:15:36.291341
36,30,8,5,0,5,2026-07-30T17:15:36.166054
36,30,9,5,0,5,2026-07-30T17:15:36.062346
36,30,10,5,0,5,2026-07-30T17:15:36.466796
37,1,1,5,0,5,2026-07-30T17:15:36.192292
37,1,2,5,0,5,2026-07-30T17:15:36.048482
37,1,3,5,0,5,2026-07-30T17:15:37.645180
37,1,4,5,0,5,2026-07-30T17:15:36.868190
37,1,5,5,0,5,2026-07-30T17:15:37.102752
37,1,6,5,0,5,2026-07-30T17:15:37.515433
37,1,7,5,0,5,2026-07-30T17:15:38.255643
37,1,8,5,0,5,2026-07-30T17:15:37.861029
37,1,9,5,0,5,2026-07-30T17:15:37.552992
37,1,10,5,0,5,2026-07-30T17:15:37.499979
37,2,1,5,0,5,2026-07-30T17:15:38.295543
37,2,2,5,0,5,2026-07-30T17:15:38.775592
37,2,3,5,0,5,2026-07-30T17:15:39.176010
37,2,4,5,0,5,2026-07-30T17:15:39.363782
37,2,5,5,0,5,2026-07-30T17:15:39.205963
37,2,6,5,0,5,2026-07-30T17:15:38.898216
37,2,7,5,0,5,2026-07-30T17:15:38.908897
37,2,8,5,0,5,2026-07-30T17:15:39.944639
37,2,9,5,0,5,2026-07-30T17:15:39.754059
37,2,10,5,0,5,2026-07-30T17:15:40.642547
37,3,1,5,0,5,2026-07-30T17:15:40.539276
37,3,2,5,0,5,2026-07-30T17:15:40.167719
37,3,3,3,0,3,2026-07-30T17:15:40.582870
37,3,4,5,0,5,2026-07-30T17:15:40.444729
37,3,5,5,0,5,2026-07-30T17:15:40.986357
37,3,6,5,0,5,2026-07-30T17:15:41.187527
37,3,7,5,0,5,2026-07-30T17:15:41.599177
37,3,8,5,0,5,2026-07-30T17:15:41.664259
37,3,9,5,0,5,2026-07-30T17:15:42.125484
37,3,10,5,0,5,2026-07-30T17:15:41.812647
37,4,1,5,0,5,2026-07-30T17:15:42.422243
37,4,2,5,0,5,2026-07-30T17:15:42.117652
37,4,3,5,0,5,2026-07-30T17:15:42.873302
37,4,4,5,0,5,2026-07-30T17:15:43.075208
37,4,5,5,0,5,2026-07-30T17:15:43.281356
37,4,6,5,0,5,2026-07-30T17:15:43.301594
37,4,7,5,0,5,2026-07-30T17:15:43.062491
37,4,8,5,0,5,2026-07-30T17:15:43.783527
37,4,9,5,0,5,2026-07-30T17:15:43.576913
37,4,10,5,0,5,2026-07-30T17:15:44.092393
37,5,1,5,0,5,2026-07-30T17:15:44.102166
37,5,2,4,0,4,2026-07-30T17:15:44.278506
37,5,3,5,0,5,2026-07-30T17:15:44.955085
37,5,4,5,0,5,2026-07-30T17:15:44.933979
37,5,5,5,0,5,2026-07-30T17:15:44.549994
37,5,6,5,0,5,2026-07-30T17:15:45.646553
37,5,7,5,0,5,2026-07-30T17:15:45.231460
37,5,8,5,0,5,2026-07-30T17:15:46.131207
37,5,9,5,0,5,2026-07-30T17:15:45.778072
37,5,10,5,0,5,2026-07-30T17:15:45.949657
37,6,1,5,0,5,2026-07-30T17:15:46.144321
37,6,2,5,0,5,2026-07-30T17:15:47.026616
37,6,3,5,0,5,2026-07-30T17:15:46.389265
37,6,4,5,0,5,2026-07-30T17:15:46.488313
37,6,5,5,0,5,2026-07-30T17:15:47.100993
37,6,6,5,0,5,2026-07-30T17:15:46.807256
37,6,7,5,0,5,2026-07-30T17:15:47.354025
37,6,8,5,0,5,2026-07-30T17:15:47.589150
37,6,9,5,0,5,2026-07-30T17:15:47.594412
37,6,10,5,0,5,2026-07-30T17:15:48.051546
37,7,1,5,0,5,2026-07-30T17:15:47.929243
37,7,2,5,0,5,2026-07-30T17:15:48.052199
37,7,3,5,0,5,2026-07-30T17:15:48.862669
37,7,4,5,0,5,2026-07-30T17:15:48.759468
37,7,5,5,0,5,2026-07-30T17:15:48.396510
37,7,6,5,0,5,2026-07-30T17:15:48.620195
37,7,7,5,0,5,2026-07-30T17:15:48.606292
37,7,8,5,0,5,2026-07-30T17:15:49.385117
37,7,9,5,0,5,2026-07-30T17:15:49.514095
37,7,10,5,0,5,2026-07-30T17:15:49.116633
37,8,1,5,0,5,2026-07-30T17:15:49.433006
37,8,2,5,0,5,2026-07-30T17:15:50.014692
37,8,3,5,0,5,2026-07-30T17:15:49.851749
37,8,4,5,0,5,2026-07-30T17:15:50.006563
37,8,5,5,0,5,2026-07-30T17:15:50.539388
37,8,6,5,0,5,2026-07-30T17:15:50.996265
37,8,7,5,0,5,2026-07-30T17:15:50.615770
37,8,8,5,0,5,2026-07-30T17:15:51.081646
37,8,9,5,0,5,2026-07-30T17:15:50.980171
37,8,10,5,0,5,2026-07-30T17:15:51.708615
37,9,1,5,0,5,2026-07-30T17:15:51.456282
37,9,2,0,0,0,2026-07-30T17:15:51.058241
37,9,3,5,0,5,2026-07-30T17:15:52.168927
37,9,4,0,0,0,2026-07-30T17:15:51.865743
37,9,5,5,0,5,2026-07-30T17:15:52.616001
37,9,6,5,0,5,2026-07-30T17:15:52.445807
37,9,7,5,0,5,2026-07-30T17:15:52.891375
37,9,8,5,0,5,2026-07-30T17:15:52.922219
37,9,9,5,0,5,2026-07-30T17:15:53.105453
37,9,10,5,0,5,2026-07-30T17:15:52.965372
37,10,1,4,0,4,2026-07-30T17:15:53.706273
37,10,2,5,0,5,2026-07-30T17:15:53.416802
37,10,3,3,0,3,2026-07-30T17:15:54.125353
37,10,4,5,0,5,2026-07-30T17:15:53.855599
37,10,5,5,0,5,2026-07-30T17:15:54.756362
37,10,6,5,0,5,2026-07-30T17:15:54.362684
37,10,7,5,0,5,2026-07-30T17:15:55.220115
37,10,8,5,0,5,2026-07-30T17:15:54.768746
37,10,9,5,0,5,2026-07-30T17:15:54.673442
37,10,10,5,0,5,2026-07-30T17:15:55.171736
37,11,1,5,0,5,2026-07-30T17:15:55.326884
37,11,2,5,0,5,2026-07-30T17:15:55.604050
37,11,3,5,0,5,2026-07-30T17:15:55.813809
37,11,4,5,0,5,2026-07-30T17:15:56.089417
37,11,5,5,0,5,2026-07-30T17:15:56.015605
37,11,6,5,0,5,2026-07-30T17:15:56.411981
37,11,7,5,0,5,2026-07-30T17:15:56.812213
37,11,8,5,0,5,2026-07-30T17:15:57.062843
37,11,9,5,0,5,2026-07-30T17:15:56.574289
37,11,10,5,0,5,2026-07-30T17:15:56.854871
37,12,1,5,0,5,2026-07-30T17:15:57.868191
37,12,2,5,0,5,2026-07-30T17:15:57.271035
37,12,3,5,0,5,2026-07-30T17:15:57.751734
37,12,4,5,0,5,2026-07-30T17:15:58.259821
37,12,5,5,0,5,2026-07-30T17:15:57.587403
37,12,6,5,0,5,2026-07-30T17:15:58.037084
37,12,7,5,0,5,2026-07-30T17:15:58.490027
37,12,8,5,0,5,2026-07-30T17:15:58.110022
37,12,9,5,0,5,2026-07-30T17:15:58.905255
37,12,10,5,0,5,2026-07-30T17:15:59.078588
37,13,1,5,0,5,2026-07-30T17:15:59.038557
37,13,2,5,0,5,2026-07-30T17:15:59.745911
37,13,3,5,0,5,2026-07-30T17:15:59.307307
37,13,4,5,0,5,2026-07-30T17:15:59.784164
37,13,5,5,0,5,2026-07-30T17:15:59.741141
37,13,6,5,0,5,2026-07-30T17:16:00.344690
37,13,7,5,0,5,2026-07-30T17:16:00.380771
37,13,8,5,0,5,2026-07-30T17:16:00.872999
37,13,9,4,0,4,2026-07-30T17:16:00.328582
37,13,10,5,0,5,2026-07-30T17:16:00.766474
37,14,1,5,0,5,2026-07-30T17:16:01.607242
37,14,2,5,0,5,2026-07-30T17:16:01.389295
37,14,3,5,0,5,2026-07-30T17:16:01.159028
37,14,4,5,0,5,2026-07-30T17:16:01.778399
37,14,5,5,0,5,2026-07-30T17:16:01.781498
37,14,6,5,0,5,2026-07-30T17:16:01.607746
37,14,7,5,0,5,2026-07-30T17:16:02.603933
37,14,8,5,0,5,2026-07-30T17:16:02.311324
37,14,9,5,0,5,2026-07-30T17:16:02.594134
37,14,10,5,0,5,2026-07-30T17:16:02.846118
37,15,1,5,0,5,2026-07-30T17:16:03.069743
37,15,2,5,0,5,2026-07-30T17:16:02.628410
37,15,3,5,0,5,2026-07-30T17:16:03.201804
37,15,4,5,0,5,2026-07-30T17:16:02.805839
37,15,5,5,0,5,2026-07-30T17:16:03.563697
37,15,6,5,0,5,2026-07-30T17:16:03.676770
37,15,7,5,0,5,2026-07-30T17:16:03.654771
37,15,8,5,0,5,2026-07-30T17:16:03.861973
37,15,9,5,0,5,2026-07-30T17:16:04.062130
37,15,10,5,0,5,2026-07-30T17:16:03.884748
37,16,1,5,0,5,2026-07-30T17:16:04.521155
37,16,2,5,0,5,2026-07-30T17:16:04.252100
37,16,3,5,0,5,2026-07-30T17:16:05.184680
37,16,4,5,0,5,2026-07-30T17:16:05.528480
37,16,5,5,0,5,2026-07-30T17:16:05.127639
37,16,6,5,0,5,2026-07-30T17:16:05.121087
37,16,7,5,0,5,2026-07-30T17:16:05.529278
37,16,8,5,0,5,2026-07-30T17:16:05.524299
37,16,9,5,0,5,2026-07-30T17:16:06.534724
37,16,10,5,0,5,2026-07-30T17:16:06.803407
37,17,1,5,0,5,2026-07-30T17:16:06.157167
37,17,2,5,0,5,2026-07-30T17:16:06.173521
37,17,3,5,0,5,2026-07-30T17:16:06.810267
37,17,4,5,0,5,2026-07-30T17:16:06.551345
37,17,5,5,0,5,2026-07-30T17:16:06.780151
37,17,6,5,0,5,2026-07-30T17:16:07.179527
37,17,7,5,0,5,2026-07-30T17:16:07.381548
37,17,8,5,0,5,2026-07-30T17:16:07.796896
37,17,9,5,0,5,2026-07-30T17:16:07.588897
37,17,10,5,0,5,2026-07-30T17:16:08.584956
37,18,1,5,0,5,2026-07-30T17:16:08.631802
37,18,2,5,0,5,2026-07-30T17:16:08.673179
37,18,3,5,0,5,2026-07-30T17:16:08.460849
37,18,4,5,0,5,2026-07-30T17:16:08.808580
37,18,5,5,0,5,2026-07-30T17:16:09.457832
37,18,6,4,0,4,2026-07-30T17:16:09.457752
37,18,7,5,0,5,2026-07-30T17:16:09.446127
37,18,8,5,0,5,2026-07-30T17:16:10.113837
37,18,9,5,0,5,2026-07-30T17:16:09.618939
37,18,10,5,0,5,2026-07-30T17:16:10.079828
37,19,1,5,0,5,2026-07-30T17:16:09.886287
37,19,2,5,0,5,2026-07-30T17:16:10.038472
37,19,3,5,0,5,2026-07-30T17:16:10.866749
37,19,4,5,0,5,2026-07-30T17:16:10.708074
37,19,5,5,0,5,2026-07-30T17:16:10.908478
37,19,6,5,0,5,2026-07-30T17:16:11.052693
37,19,7,5,0,5,2026-07-30T17:16:11.727363
37,19,8,5,0,5,2026-07-30T17:16:11.895333
37,19,9,5,0,5,2026-07-30T17:16:11.910588
37,19,10,5,0,5,2026-07-30T17:16:11.770561
37,20,1,5,0,5,2026-07-30T17:16:12.554313
37,20,2,5,0,5,2026-07-30T17:16:12.949749
37,20,3,5,0,5,2026-07-30T17:16:12.571893
37,20,4,5,0,5,2026-07-30T17:16:12.930555
37,20,5,5,0,5,2026-07-30T17:16:13.578924
37,20,6,5,0,5,2026-07-30T17:16:13.213312
37,20,7,5,0,5,2026-07-30T17:16:13.773480
37,20,8,5,0,5,2026-07-30T17:16:13.383497
37,20,9,5,0,5,2026-07-30T17:16:14.199237
37,20,10,5,0,5,2026-07-30T17:16:14.439335
37,21,1,5,0,5,2026-07-30T17:16:14.408746
37,21,2,5,0,5,2026-07-30T17:16:14.193890
37,21,3,5,0,5,2026-07-30T17:16:14.648911
37,21,4,5,0,5,2026-07-30T17:16:14.629840
37,21,5,5,0,5,2026-07-30T17:16:15.025413
37,21,6,5,0,5,2026-07-30T17:16:15.246631
37,21,7,5,0,5,2026-07-30T17:16:15.435933
37,21,8,5,0,5,2026-07-30T17:16:15.042954
37,21,9,5,0,5,2026-07-30T17:16:16.248221
37,21,10,5,0,5,2026-07-30T17:16:15.854093
37,22,1,5,0,5,2026-07-30T17:16:16.075285
37,22,2,5,0,5,2026-07-30T17:16:16.488352
37,22,3,5,0,5,2026-07-30T17:16:16.081356
37,22,4,5,0,5,2026-07-30T17:16:17.102447
37,22,5,5,0,5,2026-07-30T17:16:16.708841
37,22,6,5,0,5,2026-07-30T17:16:16.659390
37,22,7,5,0,5,2026-07-30T17:16:17.899087
37,22,8,5,0,5,2026-07-30T17:16:18.107288
37,22,9,5,0,5,2026-07-30T17:16:17.712706
37,22,10,5,0,5,2026-07-30T17:16:17.708432
37,23,1,5,0,5,2026-07-30T17:16:18.339102
37,23,2,5,0,5,2026-07-30T17:16:17.885714
37,23,3,5,0,5,2026-07-30T17:16:17.945642
37,23,4,5,0,5,2026-07-30T17:16:18.339005
37,23,5,5,0,5,2026-07-30T17:16:19.557318
37,23,6,5,0,5,2026-07-30T17:16:18.743256
37,23,7,5,0,5,2026-07-30T17:16:19.311677
37,23,8,5,0,5,2026-07-30T17:16:19.344618
37,23,9,5,0,5,2026-07-30T17:16:19.995264
37,23,10,5,0,5,2026-07-30T17:16:19.166593
37,24,1,5,0,5,2026-07-30T17:16:19.583191
37,24,2,5,0,5,2026-07-30T17:16:20.180725
37,24,3,5,0,5,2026-07-30T17:16:19.789376
37,24,4,5,0,5,2026-07-30T17:16:20.618000
37,24,5,5,0,5,2026-07-30T17:16:20.515756
37,24,6,5,0,5,2026-07-30T17:16:20.807921
37,24,7,5,0,5,2026-07-30T17:16:21.595721
37,24,8,0,0,0,2026-07-30T17:16:21.236932
37,24,9,5,0,5,2026-07-30T17:16:20.841883
37,24,10,5,0,5,2026-07-30T17:16:21.854644
37,25,1,5,0,5,2026-07-30T17:16:21.653609
37,25,2,5,0,5,2026-07-30T17:16:21.560440
37,25,3,5,0,5,2026-07-30T17:16:21.832021
37,25,4,5,0,5,2026-07-30T17:16:24.327814
37,25,5,5,0,5,2026-07-30T17:16:22.290229
37,25,6,5,0,5,2026-07-30T17:16:24.198733
37,25,7,5,0,5,2026-07-30T17:16:24.254339
37,25,8,5,0,5,2026-07-30T17:16:24.593222
37,25,9,5,0,5,2026-07-30T17:16:24.578753
37,25,10,5,0,5,2026-07-30T17:16:24.521133
37,26,1,5,0,5,2026-07-30T17:16:23.092168
37,26,2,5,0,5,2026-07-30T17:16:23.946550
37,26,3,5,0,5,2026-07-30T17:16:24.533331
37,26,4,5,0,5,2026-07-30T17:16:25.191218
37,26,5,5,0,5,2026-07-30T17:16:25.245613
37,26,6,5,0,5,2026-07-30T17:16:25.255733
37,26,7,5,0,5,2026-07-30T17:16:25.589260
37,26,8,5,0,5,2026-07-30T17:16:26.210835
37,26,9,5,0,5,2026-07-30T17:16:26.380494
37,26,10,5,0,5,2026-07-30T17:16:25.843736
37,27,1,5,0,5,2026-07-30T17:16:26.248631
37,27,2,5,0,5,2026-07-30T17:16:27.028666
37,27,3,5,0,5,2026-07-30T17:16:26.644077
37,27,4,5,0,5,2026-07-30T17:16:27.095137
37,27,5,5,0,5,2026-07-30T17:16:27.671576
37,27,6,5,0,5,2026-07-30T17:16:27.300985
37,27,7,5,0,5,2026-07-30T17:16:27.862477
37,27,8,5,0,5,2026-07-30T17:16:27.686144
37,27,9,5,0,5,2026-07-30T17:16:27.607728
37,27,10,5,0,5,2026-07-30T17:16:27.674497
37,28,1,5,0,5,2026-07-30T17:16:28.847293
37,28,2,5,0,5,2026-07-30T17:16:28.753508
37,28,3,5,0,5,2026-07-30T17:16:28.958382
37,28,4,5,0,5,2026-07-30T17:16:29.288569
37,28,5,5,0,5,2026-07-30T17:16:28.702219
37,28,6,5,0,5,2026-07-30T17:16:29.117703
37,28,7,5,0,5,2026-07-30T17:16:28.958158
37,28,8,5,0,5,2026-07-30T17:16:29.285438
37,28,9,5,0,5,2026-07-30T17:16:30.142847
37,28,10,5,0,5,2026-07-30T17:16:30.602784
37,29,1,5,0,5,2026-07-30T17:16:30.495176
37,29,2,5,0,5,2026-07-30T17:16:30.651337
37,29,3,5,0,5,2026-07-30T17:16:30.654478
37,29,4,5,0,5,2026-07-30T17:16:30.985972
37,29,5,5,0,5,2026-07-30T17:16:30.737031
37,29,6,5,0,5,2026-07-30T17:16:30.732089
37,29,7,5,0,5,2026-07-30T17:16:31.149890
37,29,8,5,0,5,2026-07-30T17:16:32.360556
37,29,9,5,0,5,2026-07-30T17:16:32.448822
37,29,10,5,0,5,2026-07-30T17:16:32.285132
37,30,1,5,0,5,2026-07-30T17:16:32.126858
37,30,2,5,0,5,2026-07-30T17:16:32.384700
37,30,3,5,0,5,2026-07-30T17:16:32.586907
37,30,4,5,0,5,2026-07-30T17:16:32.246622
37,30,5,5,0,5,2026-07-30T17:16:32.602125
37,30,6,5,0,5,2026-07-30T17:16:33.980442
37,30,7,5,0,5,2026-07-30T17:16:33.870846
37,30,8,5,0,5,2026-07-30T17:16:33.310131
37,30,9,5,0,5,2026-07-30T17:16:34.011575
37,30,10,5,0,5,2026-07-30T17:16:34.020649
38,1,1,5,0,5,2026-07-30T17:16:33.858573
38,1,2,5,0,5,2026-07-30T17:16:34.662484
38,1,3,5,0,5,2026-07-30T17:16:33.843417
38,1,4,5,0,5,2026-07-30T17:16:34.733314
38,1,5,5,0,5,2026-07-30T17:16:34.876533
38,1,6,5,0,5,2026-07-30T17:16:35.328408
38,1,7,5,0,5,2026-07-30T17:16:34.906407
38,1,8,5,0,5,2026-07-30T17:16:35.234598
38,1,9,5,0,5,2026-07-30T17:16:35.861795
38,1,10,5,0,5,2026-07-30T17:16:35.251679
38,2,1,5,0,5,2026-07-30T17:16:36.315687
38,2,2,5,0,5,2026-07-30T17:16:36.203467
38,2,3,5,0,5,2026-07-30T17:16:36.328632
38,2,4,5,0,5,2026-07-30T17:16:36.170629
38,2,5,5,0,5,2026-07-30T17:16:36.898533
38,2,6,5,0,5,2026-07-30T17:16:36.484468
38,2,7,5,0,5,2026-07-30T17:16:36.942568
38,2,8,5,0,5,2026-07-30T17:16:37.122916
38,2,9,5,0,5,2026-07-30T17:16:38.024319
38,2,10,5,0,5,2026-07-30T17:16:37.449445
38,3,1,5,0,5,2026-07-30T17:16:37.983457
38,3,2,5,0,5,2026-07-30T17:16:38.394945
38,3,3,5,0,5,2026-07-30T17:16:38.360608
38,3,4,5,0,5,2026-07-30T17:16:38.534514
38,3,5,5,0,5,2026-07-30T17:16:38.666159
38,3,6,5,0,5,2026-07-30T17:16:38.792180
38,3,7,5,0,5,2026-07-30T17:16:39.507566
38,3,8,5,0,5,2026-07-30T17:16:39.637546
38,3,9,5,0,5,2026-07-30T17:16:39.896846
38,3,10,5,0,5,2026-07-30T17:16:40.195269
38,4,1,0,0,0,2026-07-30T17:16:39.842808
38,4,2,0,0,0,2026-07-30T17:16:39.764281
38,4,3,0,0,0,2026-07-30T17:16:40.145169
38,4,4,0,0,0,2026-07-30T17:16:40.639964
38,4,5,0,0,0,2026-07-30T17:16:40.732830
38,4,6,0,0,0,2026-07-30T17:16:41.096962
38,4,7,0,0,0,2026-07-30T17:16:41.202155
38,4,8,0,0,0,2026-07-30T17:16:41.096738
38,4,9,5,0,5,2026-07-30T17:16:41.785326
38,4,10,0,0,0,2026-07-30T17:16:41.376920
38,5,1,5,0,5,2026-07-30T17:16:41.670538
38,5,2,5,0,5,2026-07-30T17:16:42.296757
38,5,3,5,0,5,2026-07-30T17:16:42.391516
38,5,4,5,0,5,2026-07-30T17:16:42.562558
38,5,5,5,0,5,2026-07-30T17:16:42.977364
38,5,6,5,0,5,2026-07-30T17:16:42.266838
38,5,7,5,0,5,2026-07-30T17:16:42.621061
38,5,8,5,0,5,2026-07-30T17:16:42.913570
38,5,9,0,0,0,2026-07-30T17:16:42.859089
38,5,10,5,0,5,2026-07-30T17:16:43.311796
38,6,1,5,0,5,2026-07-30T17:16:43.547655
38,6,2,5,0,5,2026-07-30T17:16:43.847637
38,6,3,5,0,5,2026-07-30T17:16:43.602506
38,6,4,5,0,5,2026-07-30T17:16:44.455067
38,6,5,5,0,5,2026-07-30T17:16:44.302734
38,6,6,5,0,5,2026-07-30T17:16:44.582975
38,6,7,5,0,5,2026-07-30T17:16:44.007376
38,6,8,5,0,5,2026-07-30T17:16:44.351108
38,6,9,5,0,5,2026-07-30T17:16:45.206656
38,6,10,5,0,5,2026-07-30T17:16:44.653137
38,7,1,5,0,5,2026-07-30T17:16:45.261609
38,7,2,5,0,5,2026-07-30T17:16:45.849800
38,7,3,5,0,5,2026-07-30T17:16:45.783904
38,7,4,5,0,5,2026-07-30T17:16:45.796663
38,7,5,5,0,5,2026-07-30T17:16:46.108159
38,7,6,5,0,5,2026-07-30T17:16:46.039103
38,7,7,5,0,5,2026-07-30T17:16:46.904605
38,7,8,5,0,5,2026-07-30T17:16:46.445278
38,7,9,5,0,5,2026-07-30T17:16:46.905774
38,7,10,5,0,5,2026-07-30T17:16:47.225306
38,8,1,5,0,5,2026-07-30T17:16:47.435545
38,8,2,5,0,5,2026-07-30T17:16:47.286550
38,8,3,5,0,5,2026-07-30T17:16:47.691794
38,8,4,5,0,5,2026-07-30T17:16:47.167518
38,8,5,5,0,5,2026-07-30T17:16:48.315608
38,8,6,5,0,5,2026-07-30T17:16:47.943929
38,8,7,5,0,5,2026-07-30T17:16:48.172043
38,8,8,5,0,5,2026-07-30T17:16:48.988671
38,8,9,5,0,5,2026-07-30T17:16:48.459878
38,8,10,5,0,5,2026-07-30T17:16:49.161994
38,9,1,5,0,5,2026-07-30T17:16:48.468373
38,9,2,5,0,5,2026-07-30T17:16:49.542996
38,9,3,5,0,5,2026-07-30T17:16:49.808901
38,9,4,5,0,5,2026-07-30T17:16:49.827641
38,9,5,5,0,5,2026-07-30T17:16:49.774888
38,9,6,5,0,5,2026-07-30T17:16:49.896890
38,9,7,5,0,5,2026-07-30T17:16:50.332893
38,9,8,5,0,5,2026-07-30T17:16:50.845604
38,9,9,5,0,5,2026-07-30T17:16:50.416182
38,9,10,0,0,0,2026-07-30T17:16:50.599208
38,10,1,5,0,5,2026-07-30T17:16:51.604035
38,10,2,5,0,5,2026-07-30T17:16:51.667702
38,10,3,5,0,5,2026-07-30T17:16:51.458651
38,10,4,5,0,5,2026-07-30T17:16:51.752144
38,10,5,5,0,5,2026-07-30T17:16:51.777971
38,10,6,5,0,5,2026-07-30T17:16:52.061451
38,10,7,5,0,5,2026-07-30T17:16:52.244939
38,10,8,5,0,5,2026-07-30T17:16:52.092477
38,10,9,5,0,5,2026-07-30T17:16:52.892511
38,10,10,5,0,5,2026-07-30T17:16:53.258032
38,11,1,5,0,5,2026-07-30T17:16:53.116622
38,11,2,5,0,5,2026-07-30T17:16:53.576390
38,11,3,5,0,5,2026-07-30T17:16:52.818154
38,11,4,5,0,5,2026-07-30T17:16:53.488603
38,11,5,5,0,5,2026-07-30T17:16:53.341937
38,11,6,5,0,5,2026-07-30T17:16:53.872738
38,11,7,5,0,5,2026-07-30T17:16:54.654160
38,11,8,5,0,5,2026-07-30T17:16:54.348541
38,11,9,5,0,5,2026-07-30T17:16:54.967512
38,11,10,5,0,5,2026-07-30T17:16:54.315802
38,12,1,5,0,5,2026-07-30T17:16:54.773845
38,12,2,5,0,5,2026-07-30T17:16:54.523417
38,12,3,5,0,5,2026-07-30T17:16:55.240570
38,12,4,5,0,5,2026-07-30T17:16:55.133018
38,12,5,5,0,5,2026-07-30T17:16:55.559559
38,12,6,5,0,5,2026-07-30T17:16:55.754660
38,12,7,5,0,5,2026-07-30T17:16:55.986045
38,12,8,5,0,5,2026-07-30T17:16:55.715644
38,12,9,5,0,5,2026-07-30T17:16:56.625228
38,12,10,5,0,5,2026-07-30T17:16:56.836868
38,13,1,5,0,5,2026-07-30T17:16:56.993333
38,13,2,5,0,5,2026-07-30T17:16:57.090467
38,13,3,5,0,5,2026-07-30T17:16:56.792321
38,13,4,5,0,5,2026-07-30T17:16:57.376371
38,13,5,5,0,5,2026-07-30T17:16:57.597103
38,13,6,5,0,5,2026-07-30T17:16:57.819267
38,13,7,5,0,5,2026-07-30T17:16:58.469291
38,13,8,5,0,5,2026-07-30T17:16:58.841929
38,13,9,5,0,5,2026-07-30T17:16:58.689159
38,13,10,5,0,5,2026-07-30T17:16:58.237431
38,14,1,5,0,5,2026-07-30T17:16:58.127896
38,14,2,5,0,5,2026-07-30T17:16:58.611814
38,14,3,5,0,5,2026-07-30T17:16:59.006989
38,14,4,5,0,5,2026-07-30T17:16:59.454425
38,14,5,5,0,5,2026-07-30T17:16:59.178295
38,14,6,5,0,5,2026-07-30T17:16:59.879226
38,14,7,5,0,5,2026-07-30T17:17:00.319898
38,14,8,5,0,5,2026-07-30T17:16:59.864865
38,14,9,5,0,5,2026-07-30T17:17:00.740755
38,14,10,5,0,5,2026-07-30T17:17:00.305895
38,15,1,5,0,5,2026-07-30T17:17:00.056101
38,15,2,5,0,5,2026-07-30T17:17:00.839100
38,15,3,5,0,5,2026-07-30T17:17:00.511408
38,15,4,5,0,5,2026-07-30T17:17:01.278387
38,15,5,5,0,5,2026-07-30T17:17:01.304172
38,15,6,5,0,5,2026-07-30T17:17:02.095631
38,15,7,5,0,5,2026-07-30T17:17:01.541039
38,15,8,5,0,5,2026-07-30T17:17:02.165295
38,15,9,5,0,5,2026-07-30T17:17:02.146194
38,15,10,5,0,5,2026-07-30T17:17:02.192317
38,16,1,5,0,5,2026-07-30T17:17:01.866522
38,16,2,5,0,5,2026-07-30T17:17:03.154508
38,16,3,5,0,5,2026-07-30T17:17:02.756913
38,16,4,5,0,5,2026-07-30T17:17:02.593633
38,16,5,5,0,5,2026-07-30T17:17:02.886003
38,16,6,5,0,5,2026-07-30T17:17:03.541048
38,16,7,5,0,5,2026-07-30T17:17:03.976788
38,16,8,5,0,5,2026-07-30T17:17:03.427749
38,16,9,5,0,5,2026-07-30T17:17:03.228371
38,16,10,5,0,5,2026-07-30T17:17:03.654401
38,17,1,5,0,5,2026-07-30T17:17:04.428860
38,17,2,5,0,5,2026-07-30T17:17:04.120336
38,17,3,5,0,5,2026-07-30T17:17:05.211657
38,17,4,5,0,5,2026-07-30T17:17:04.659873
38,17,5,5,0,5,2026-07-30T17:17:05.085981
38,17,6,5,0,5,2026-07-30T17:17:05.189157
38,17,7,5,0,5,2026-07-30T17:17:04.928721
38,17,8,5,0,5,2026-07-30T17:17:05.835712
38,17,9,5,0,5,2026-07-30T17:17:05.775662
38,17,10,5,0,5,2026-07-30T17:17:05.874360
38,18,1,5,0,5,2026-07-30T17:17:06.525112
38,18,2,5,0,5,2026-07-30T17:17:05.953762
38,18,3,5,0,5,2026-07-30T17:17:06.951222
38,18,4,5,0,5,2026-07-30T17:17:06.830201
38,18,5,5,0,5,2026-07-30T17:17:06.657495
38,18,6,5,0,5,2026-07-30T17:17:07.236387
38,18,7,5,0,5,2026-07-30T17:17:07.084162
38,18,8,5,0,5,2026-07-30T17:17:07.736222
38,18,9,5,0,5,2026-07-30T17:17:07.793336
38,18,10,5,0,5,2026-07-30T17:17:07.767301
38,19,1,5,0,5,2026-07-30T17:17:08.302499
38,19,2,5,0,5,2026-07-30T17:17:08.655377
38,19,3,5,0,5,2026-07-30T17:17:08.000641
38,19,4,5,0,5,2026-07-30T17:17:08.124020
38,19,5,5,0,5,2026-07-30T17:17:08.647959
38,19,6,5,0,5,2026-07-30T17:17:09.579537
38,19,7,5,0,5,2026-07-30T17:17:08.803397
38,19,8,5,0,5,2026-07-30T17:17:09.821428
38,19,9,5,0,5,2026-07-30T17:17:09.860787
38,19,10,5,0,5,2026-07-30T17:17:09.567930
38,20,1,5,0,5,2026-07-30T17:17:09.350260
38,20,2,5,0,5,2026-07-30T17:17:10.475158
38,20,3,5,0,5,2026-07-30T17:17:09.711181
38,20,4,5,0,5,2026-07-30T17:17:10.258047
38,20,5,5,0,5,2026-07-30T17:17:11.212905
38,20,6,5,0,5,2026-07-30T17:17:10.837330
38,20,7,5,0,5,2026-07-30T17:17:11.232889
38,20,8,5,0,5,2026-07-30T17:17:11.564298
38,20,9,5,0,5,2026-07-30T17:17:11.488500
38,20,10,5,0,5,2026-07-30T17:17:11.515029
38,21,1,5,0,5,2026-07-30T17:17:11.730222
38,21,2,5,0,5,2026-07-30T17:17:11.925871
38,21,3,5,0,5,2026-07-30T17:17:12.471245
38,21,4,5,0,5,2026-07-30T17:17:12.460783
38,21,5,5,0,5,2026-07-30T17:17:12.876436
38,21,6,5,0,5,2026-07-30T17:17:13.131055
38,21,7,5,0,5,2026-07-30T17:17:12.947678
38,21,8,5,0,5,2026-07-30T17:17:13.420980
38,21,9,5,0,5,2026-07-30T17:17:13.189360
38,21,10,5,0,5,2026-07-30T17:17:13.771228
38,22,1,5,0,5,2026-07-30T17:17:13.528421
38,22,2,5,0,5,2026-07-30T17:17:13.514282
38,22,3,5,0,5,2026-07-30T17:17:14.923736
38,22,4,5,0,5,2026-07-30T17:17:14.986430
38,22,5,5,0,5,2026-07-30T17:17:15.177513
38,22,6,5,0,5,2026-07-30T17:17:15.246796
38,22,7,5,0,5,2026-07-30T17:17:14.654281
38,22,8,5,0,5,2026-07-30T17:17:14.989987
38,22,9,5,0,5,2026-07-30T17:17:15.364851
38,22,10,5,0,5,2026-07-30T17:17:15.604122
38,23,1,5,0,5,2026-07-30T17:17:15.706869
38,23,2,5,0,5,2026-07-30T17:17:16.780331
38,23,3,5,0,5,2026-07-30T17:17:16.005250
38,23,4,5,0,5,2026-07-30T17:17:16.642795
38,23,5,5,0,5,2026-07-30T17:17:16.820768
38,23,6,5,0,5,2026-07-30T17:17:16.494182
38,23,7,5,0,5,2026-07-30T17:17:16.805249
38,23,8,5,0,5,2026-07-30T17:17:17.626371
38,23,9,5,0,5,2026-07-30T17:17:17.564893
38,23,10,5,0,5,2026-07-30T17:17:17.875832
38,24,1,5,0,5,2026-07-30T17:17:17.932201
38,24,2,5,0,5,2026-07-30T17:17:18.313949
38,24,3,5,0,5,2026-07-30T17:17:17.622051
38,24,4,5,0,5,2026-07-30T17:17:18.025101
38,24,5,5,0,5,2026-07-30T17:17:18.679318
38,24,6,5,0,5,2026-07-30T17:17:19.428439
38,24,7,5,0,5,2026-07-30T17:17:19.040974
38,24,8,5,0,5,2026-07-30T17:17:19.267502
38,24,9,5,0,5,2026-07-30T17:17:19.305159
38,24,10,5,0,5,2026-07-30T17:17:19.785276
38,25,1,5,0,5,2026-07-30T17:17:19.652299
38,25,2,5,0,5,2026-07-30T17:17:19.755829
38,25,3,5,0,5,2026-07-30T17:17:20.729098
38,25,4,5,0,5,2026-07-30T17:17:20.092414
38,25,5,5,0,5,2026-07-30T17:17:20.923649
38,25,6,5,0,5,2026-07-30T17:17:20.353052
38,25,7,5,0,5,2026-07-30T17:17:21.097225
38,25,8,5,0,5,2026-07-30T17:17:21.516617
38,25,9,5,0,5,2026-07-30T17:17:20.989721
38,25,10,5,0,5,2026-07-30T17:17:21.661641
38,26,1,5,0,5,2026-07-30T17:17:21.336064
38,26,2,5,0,5,2026-07-30T17:17:22.046083
38,26,3,5,0,5,2026-07-30T17:17:22.777415
38,26,4,5,0,5,2026-07-30T17:17:22.355522
38,26,5,5,0,5,2026-07-30T17:17:22.210926
38,26,6,5,0,5,2026-07-30T17:17:22.549252
38,26,7,5,0,5,2026-07-30T17:17:23.172688
38,26,8,5,0,5,2026-07-30T17:17:22.748151
38,26,9,5,0,5,2026-07-30T17:17:23.306374
38,26,10,5,0,5,2026-07-30T17:17:23.702476
38,27,1,5,0,5,2026-07-30T17:17:23.434249
38,27,2,5,0,5,2026-07-30T17:17:23.611561
38,27,3,5,0,5,2026-07-30T17:17:24.015134
38,27,4,5,0,5,2026-07-30T17:17:24.606498
38,27,5,5,0,5,2026-07-30T17:17:24.212444
38,27,6,5,0,5,2026-07-30T17:17:24.002559
38,27,7,5,0,5,2026-07-30T17:17:24.527238
38,27,8,5,0,5,2026-07-30T17:17:24.472724
38,27,9,5,0,5,2026-07-30T17:17:24.857808
38,27,10,5,0,5,2026-07-30T17:17:25.553459
38,28,1,0,0,0,2026-07-30T17:17:25.854610
38,28,2,0,0,0,2026-07-30T17:17:25.446925
38,28,3,0,0,0,2026-07-30T17:17:25.863091
38,28,4,0,0,0,2026-07-30T17:17:25.913785
38,28,5,0,0,0,2026-07-30T17:17:25.784273
38,28,6,0,0,0,2026-07-30T17:17:26.460473
38,28,7,5,0,5,2026-07-30T17:17:25.904405
38,28,8,0,0,0,2026-07-30T17:17:26.321168
38,28,9,0,0,0,2026-07-30T17:17:27.003184
38,28,10,0,0,0,2026-07-30T17:17:27.234878
38,29,1,5,0,5,2026-07-30T17:17:27.302983
38,29,2,5,0,5,2026-07-30T17:17:26.909830
38,29,3,5,0,5,2026-07-30T17:17:27.762222
38,29,4,5,0,5,2026-07-30T17:17:27.138432
38,29,5,5,0,5,2026-07-30T17:17:27.595375
38,29,6,5,0,5,2026-07-30T17:17:27.720686
38,29,7,5,0,5,2026-07-30T17:17:28.954550
38,29,8,5,0,5,2026-07-30T17:17:28.468242
38,29,9,5,0,5,2026-07-30T17:17:28.400697
38,29,10,5,0,5,2026-07-30T17:17:28.729489
38,30,1,5,0,5,2026-07-30T17:17:29.169043
38,30,2,5,0,5,2026-07-30T17:17:29.628356
38,30,3,5,0,5,2026-07-30T17:17:29.572398
38,30,4,5,0,5,2026-07-30T17:17:29.250011
38,30,5,5,0,5,2026-07-30T17:17:29.420326
38,30,6,5,0,5,2026-07-30T17:17:30.112569
38,30,7,5,0,5,2026-07-30T17:17:29.970502
38,30,8,5,0,5,2026-07-30T17:17:30.002302
38,30,9,5,0,5,2026-07-30T17:17:30.820679
38,30,10,5,0,5,2026-07-30T17:17:30.490135
39,1,1,5,0,5,2026-07-30T17:17:31.075784
39,1,2,5,0,5,2026-07-30T17:17:30.820547
39,1,3,5,0,5,2026-07-30T17:17:30.865705
39,1,4,5,0,5,2026-07-30T17:17:31.650478
39,1,5,5,0,5,2026-07-30T17:17:32.060859
39,1,6,5,0,5,2026-07-30T17:17:31.761596
39,1,7,5,0,5,2026-07-30T17:17:32.335465
39,1,8,5,0,5,2026-07-30T17:17:32.053624
39,1,9,5,0,5,2026-07-30T17:17:31.875592
39,1,10,5,0,5,2026-07-30T17:17:32.085898
39,2,1,5,0,5,2026-07-30T17:17:32.094930
39,2,2,5,0,5,2026-07-30T17:17:33.329883
39,2,3,5,0,5,2026-07-30T17:17:33.792275
39,2,4,5,0,5,2026-07-30T17:17:33.731064
39,2,5,5,0,5,2026-07-30T17:17:33.103806
39,2,6,5,0,5,2026-07-30T17:17:33.705449
39,2,7,5,0,5,2026-07-30T17:17:33.539911
39,2,8,5,0,5,2026-07-30T17:17:33.961714
39,2,9,5,0,5,2026-07-30T17:17:34.188384
39,2,10,5,0,5,2026-07-30T17:17:34.344801
39,3,1,5,0,5,2026-07-30T17:17:34.802565
39,3,2,5,0,5,2026-07-30T17:17:35.378608
39,3,3,5,0,5,2026-07-30T17:17:34.961633
39,3,4,5,0,5,2026-07-30T17:17:35.392832
39,3,5,5,0,5,2026-07-30T17:17:35.052486
39,3,6,5,0,5,2026-07-30T17:17:35.003154
39,3,7,5,0,5,2026-07-30T17:17:35.615813
39,3,8,5,0,5,2026-07-30T17:17:35.624251
39,3,9,5,0,5,2026-07-30T17:17:36.048112
39,3,10,5,0,5,2026-07-30T17:17:36.216064
39,4,1,5,0,5,2026-07-30T17:17:36.424283
39,4,2,5,0,5,2026-07-30T17:17:37.106917
39,4,3,5,0,5,2026-07-30T17:17:37.229949
39,4,4,5,0,5,2026-07-30T17:17:37.058636
39,4,5,5,0,5,2026-07-30T17:17:37.266656
39,4,6,5,0,5,2026-07-30T17:17:37.457863
39,4,7,5,0,5,2026-07-30T17:17:38.098019
39,4,8,5,0,5,2026-07-30T17:17:37.656432
39,4,9,5,0,5,2026-07-30T17:17:38.057638
39,4,10,5,0,5,2026-07-30T17:17:38.095070
39,5,1,5,0,5,2026-07-30T17:17:38.759190
39,5,2,5,0,5,2026-07-30T17:17:38.490396
39,5,3,5,0,5,2026-07-30T17:17:38.900543
39,5,4,5,0,5,2026-07-30T17:17:39.335478
39,5,5,5,0,5,2026-07-30T17:17:39.077752
39,5,6,5,0,5,2026-07-30T17:17:39.501982
39,5,7,5,0,5,2026-07-30T17:17:39.120039
39,5,8,0,0,0,2026-07-30T17:17:39.522536
39,5,9,0,0,0,2026-07-30T17:17:40.358468
39,5,10,0,0,0,2026-07-30T17:17:40.227848
39,6,1,5,0,5,2026-07-30T17:17:40.558466
39,6,2,5,0,5,2026-07-30T17:17:40.536505
39,6,3,5,0,5,2026-07-30T17:17:40.406778
39,6,4,5,0,5,2026-07-30T17:17:41.019751
39,6,5,5,0,5,2026-07-30T17:17:41.152666
39,6,6,5,0,5,2026-07-30T17:17:40.824984
39,6,7,5,0,5,2026-07-30T17:17:41.713070
39,6,8,5,0,5,2026-07-30T17:17:41.924681
39,6,9,5,0,5,2026-07-30T17:17:41.938870
39,6,10,5,0,5,2026-07-30T17:17:41.403050
39,7,1,5,0,5,2026-07-30T17:17:42.229400
39,7,2,5,0,5,2026-07-30T17:17:42.079502
39,7,3,5,0,5,2026-07-30T17:17:42.279081
39,7,4,5,0,5,2026-07-30T17:17:42.819479
39,7,5,5,0,5,2026-07-30T17:17:42.450331
39,7,6,5,0,5,2026-07-30T17:17:43.380634
39,7,7,5,0,5,2026-07-30T17:17:43.187841
39,7,8,5,0,5,2026-07-30T17:17:43.577160
39,7,9,5,0,5,2026-07-30T17:17:43.550137
39,7,10,5,0,5,2026-07-30T17:17:44.094840
39,8,1,5,0,5,2026-07-30T17:17:43.920544
39,8,2,5,0,5,2026-07-30T17:17:44.310062
39,8,3,5,0,5,2026-07-30T17:17:43.872888
39,8,4,5,0,5,2026-07-30T17:17:44.274442
39,8,5,5,0,5,2026-07-30T17:17:44.505288
39,8,6,5,0,5,2026-07-30T17:17:45.080930
39,8,7,5,0,5,2026-07-30T17:17:45.270075
39,8,8,5,0,5,2026-07-30T17:17:45.553856
39,8,9,5,0,5,2026-07-30T17:17:45.781904
39,8,10,5,0,5,2026-07-30T17:17:45.938556
39,9,1,5,0,5,2026-07-30T17:17:46.137284
39,9,2,5,0,5,2026-07-30T17:17:46.189631
39,9,3,5,0,5,2026-07-30T17:17:46.544167
39,9,4,5,0,5,2026-07-30T17:17:46.146196
39,9,5,5,0,5,2026-07-30T17:17:46.325571
39,9,6,5,0,5,2026-07-30T17:17:47.424378
39,9,7,5,0,5,2026-07-30T17:17:47.228426
39,9,8,5,0,5,2026-07-30T17:17:47.206842
39,9,9,5,0,5,2026-07-30T17:17:47.154464
39,9,10,5,0,5,2026-07-30T17:17:48.004604
39,10,1,5,0,5,2026-07-30T17:17:47.448615
39,10,2,5,0,5,2026-07-30T17:17:47.366120
39,10,3,5,0,5,2026-07-30T17:17:47.579445
39,10,4,0,0,0,2026-07-30T17:17:49.019395
39,10,5,5,0,5,2026-07-30T17:17:48.451613
39,10,6,5,0,5,2026-07-30T17:17:48.855193
39,10,7,5,0,5,2026-07-30T17:17:48.604215
39,10,8,3,0,3,2026-07-30T17:17:48.875900
39,10,9,5,0,5,2026-07-30T17:17:48.691562
39,10,10,5,0,5,2026-07-30T17:17:48.821892
39,11,1,5,0,5,2026-07-30T17:17:49.648664
39,11,2,5,0,5,2026-07-30T17:17:49.491685
39,11,3,5,0,5,2026-07-30T17:17:50.045320
39,11,4,5,0,5,2026-07-30T17:17:50.340372
39,11,5,5,0,5,2026-07-30T17:17:50.063582
39,11,6,5,0,5,2026-07-30T17:17:50.085829
39,11,7,5,0,5,2026-07-30T17:17:50.727241
39,11,8,5,0,5,2026-07-30T17:17:50.681797
39,11,9,5,0,5,2026-07-30T17:17:50.526817
39,11,10,5,0,5,2026-07-30T17:17:50.878078
39,12,1,5,0,5,2026-07-30T17:17:51.276579
39,12,2,5,0,5,2026-07-30T17:17:51.321259
39,12,3,5,0,5,2026-07-30T17:17:51.549565
39,12,4,5,0,5,2026-07-30T17:17:51.960295
39,12,5,5,0,5,2026-07-30T17:17:52.363297
39,12,6,5,0,5,2026-07-30T17:17:52.741044
39,12,7,5,0,5,2026-07-30T17:17:51.743968
39,12,8,5,0,5,2026-07-30T17:17:52.499220
39,12,9,5,0,5,2026-07-30T17:17:52.931296
39,12,10,5,0,5,2026-07-30T17:17:52.554152
39,13,1,5,0,5,2026-07-30T17:17:52.804264
39,13,2,5,0,5,2026-07-30T17:17:52.796696
39,13,3,5,0,5,2026-07-30T17:17:53.830830
39,13,4,5,0,5,2026-07-30T17:17:53.411827
39,13,5,5,0,5,2026-07-30T17:17:53.722631
39,13,6,5,0,5,2026-07-30T17:17:54.415378
39,13,7,5,0,5,2026-07-30T17:17:54.585702
39,13,8,5,0,5,2026-07-30T17:17:53.857534
39,13,9,5,0,5,2026-07-30T17:17:53.831328
39,13,10,5,0,5,2026-07-30T17:17:54.389105
39,14,1,5,0,5,2026-07-30T17:17:54.849165
39,14,2,5,0,5,2026-07-30T17:17:55.582653
39,14,3,5,0,5,2026-07-30T17:17:54.873534
39,14,4,5,0,5,2026-07-30T17:17:55.702597
39,14,5,5,0,5,2026-07-30T17:17:55.109986
39,14,6,5,0,5,2026-07-30T17:17:56.252122
39,14,7,5,0,5,2026-07-30T17:17:56.285562
39,14,8,5,0,5,2026-07-30T17:17:56.401894
39,14,9,5,0,5,2026-07-30T17:17:56.507046
39,14,10,5,0,5,2026-07-30T17:17:55.918349
39,15,1,5,0,5,2026-07-30T17:17:56.345120
39,15,2,5,0,5,2026-07-30T17:17:56.809710
39,15,3,5,0,5,2026-07-30T17:17:57.553899
39,15,4,5,0,5,2026-07-30T17:17:57.153971
39,15,5,5,0,5,2026-07-30T17:17:57.663959
39,15,6,5,0,5,2026-07-30T17:17:57.941863
39,15,7,5,0,5,2026-07-30T17:17:58.403501
39,15,8,5,0,5,2026-07-30T17:17:57.430988
39,15,9,5,0,5,2026-07-30T17:17:57.557460
39,15,10,5,0,5,2026-07-30T17:17:58.227018
39,16,1,5,0,5,2026-07-30T17:17:59.010833
39,16,2,5,0,5,2026-07-30T17:17:59.290164
39,16,3,5,0,5,2026-07-30T17:17:59.438065
39,16,4,5,0,5,2026-07-30T17:17:58.608729
39,16,5,5,0,5,2026-07-30T17:17:58.704499
39,16,6,5,0,5,2026-07-30T17:17:59.409953
39,16,7,5,0,5,2026-07-30T17:18:00.073530
39,16,8,5,0,5,2026-07-30T17:17:59.631300
39,16,9,5,0,5,2026-07-30T17:18:00.248052
39,16,10,5,0,5,2026-07-30T17:17:59.941666
39,17,1,5,0,5,2026-07-30T17:18:00.255850
39,17,2,5,0,5,2026-07-30T17:18:00.747470
39,17,3,5,0,5,2026-07-30T17:18:00.658121
39,17,4,5,0,5,2026-07-30T17:18:00.673850
39,17,5,5,0,5,2026-07-30T17:18:00.894218
39,17,6,5,0,5,2026-07-30T17:18:01.081362
39,17,7,5,0,5,2026-07-30T17:18:01.341426
39,17,8,5,0,5,2026-07-30T17:18:01.891901
39,17,9,5,0,5,2026-07-30T17:18:01.314102
39,17,10,5,0,5,2026-07-30T17:18:02.323725
39,18,1,5,0,5,2026-07-30T17:18:01.932875
39,18,2,5,0,5,2026-07-30T17:18:01.801680
39,18,3,5,0,5,2026-07-30T17:18:02.511865
39,18,4,5,0,5,2026-07-30T17:18:02.955863
39,18,5,5,0,5,2026-07-30T17:18:03.367648
39,18,6,5,0,5,2026-07-30T17:18:02.817170
39,18,7,5,0,5,2026-07-30T17:18:03.666920
39,18,8,5,0,5,2026-07-30T17:18:03.143314
39,18,9,5,0,5,2026-07-30T17:18:03.811648
39,18,10,5,0,5,2026-07-30T17:18:03.576899
39,19,1,5,0,5,2026-07-30T17:18:04.163681
39,19,2,5,0,5,2026-07-30T17:18:04.461866
39,19,3,5,0,5,2026-07-30T17:18:04.816166
39,19,4,5,0,5,2026-07-30T17:18:04.381958
39,19,5,5,0,5,2026-07-30T17:18:04.404943
39,19,6,5,0,5,2026-07-30T17:18:05.436614
39,19,7,5,0,5,2026-07-30T17:18:05.141302
39,19,8,5,0,5,2026-07-30T17:18:04.964467
39,19,9,5,0,5,2026-07-30T17:18:05.807202
39,19,10,5,0,5,2026-07-30T17:18:05.840632
39,20,1,5,0,5,2026-07-30T17:18:06.034502
39,20,2,5,0,5,2026-07-30T17:18:06.232741
39,20,3,5,0,5,2026-07-30T17:18:06.658700
39,20,4,5,0,5,2026-07-30T17:18:06.028846
39,20,5,5,0,5,2026-07-30T17:18:06.359628
39,20,6,5,0,5,2026-07-30T17:18:06.459810
39,20,7,5,0,5,2026-07-30T17:18:07.254803
39,20,8,5,0,5,2026-07-30T17:18:07.666923
39,20,9,5,0,5,2026-07-30T17:18:07.506520
39,20,10,5,0,5,2026-07-30T17:18:07.049697
39,21,1,5,0,5,2026-07-30T17:18:08.083853
39,21,2,5,0,5,2026-07-30T17:18:07.400011
39,21,3,5,0,5,2026-07-30T17:18:08.133034
39,21,4,5,0,5,2026-07-30T17:18:07.873461
39,21,5,5,0,5,2026-07-30T17:18:08.491146
39,21,6,5,0,5,2026-07-30T17:18:09.117331
39,21,7,5,0,5,2026-07-30T17:18:08.250685
39,21,8,5,0,5,2026-07-30T17:18:08.724659
39,21,9,5,0,5,2026-07-30T17:18:08.724513
39,21,10,5,0,5,2026-07-30T17:18:09.111760
39,22,1,5,0,5,2026-07-30T17:18:09.537509
39,22,2,5,0,5,2026-07-30T17:18:09.369065
39,22,3,5,0,5,2026-07-30T17:18:09.712496
39,22,4,5,0,5,2026-07-30T17:18:09.965425
39,22,5,5,0,5,2026-07-30T17:18:10.608378
39,22,6,5,0,5,2026-07-30T17:18:09.810840
39,22,7,5,0,5,2026-07-30T17:18:10.354527
39,22,8,5,0,5,2026-07-30T17:18:10.982013
39,22,9,5,0,5,2026-07-30T17:18:10.847472
39,22,10,5,0,5,2026-07-30T17:18:10.766323
39,23,1,5,0,5,2026-07-30T17:18:11.579531
39,23,2,5,0,5,2026-07-30T17:18:11.658166
39,23,3,5,0,5,2026-07-30T17:18:11.179671
39,23,4,5,0,5,2026-07-30T17:18:12.235822
39,23,5,5,0,5,2026-07-30T17:18:12.080308
39,23,6,5,0,5,2026-07-30T17:18:11.798652
39,23,7,5,0,5,2026-07-30T17:18:12.479018
39,23,8,5,0,5,2026-07-30T17:18:12.216630
39,23,9,5,0,5,2026-07-30T17:18:13.030638
39,23,10,5,0,5,2026-07-30T17:18:13.438578
39,24,1,5,0,5,2026-07-30T17:18:13.318553
39,24,2,5,0,5,2026-07-30T17:18:13.649471
39,24,3,5,0,5,2026-07-30T17:18:13.125071
39,24,4,5,0,5,2026-07-30T17:18:14.113882
39,24,5,5,0,5,2026-07-30T17:18:13.892182
39,24,6,5,0,5,2026-07-30T17:18:14.333220
39,24,7,5,0,5,2026-07-30T17:18:14.883366
39,24,8,5,0,5,2026-07-30T17:18:14.963582
39,24,9,5,0,5,2026-07-30T17:18:14.561890
39,24,10,5,0,5,2026-07-30T17:18:15.276709
39,25,1,5,0,5,2026-07-30T17:18:15.515750
39,25,2,5,0,5,2026-07-30T17:18:15.336033
39,25,3,5,0,5,2026-07-30T17:18:15.155554
39,25,4,5,0,5,2026-07-30T17:18:16.193845
39,25,5,5,0,5,2026-07-30T17:18:16.417961
39,25,6,5,0,5,2026-07-30T17:18:16.548131
39,25,7,5,0,5,2026-07-30T17:18:16.638733
39,25,8,5,0,5,2026-07-30T17:18:16.597399
39,25,9,5,0,5,2026-07-30T17:18:16.733103
39,25,10,5,0,5,2026-07-30T17:18:17.214589
39,26,1,5,0,5,2026-07-30T17:18:16.724046
39,26,2,0,0,0,2026-07-30T17:18:17.456199
39,26,3,5,0,5,2026-07-30T17:18:18.280458
39,26,4,5,0,5,2026-07-30T17:18:18.000671
39,26,5,5,0,5,2026-07-30T17:18:18.265623
39,26,6,5,0,5,2026-07-30T17:18:18.705953
39,26,7,5,0,5,2026-07-30T17:18:18.383582
39,26,8,5,0,5,2026-07-30T17:18:17.971823
39,26,9,5,0,5,2026-07-30T17:18:18.444360
39,26,10,5,0,5,2026-07-30T17:18:19.291638
39,27,1,5,0,5,2026-07-30T17:18:19.411944
39,27,2,5,0,5,2026-07-30T17:18:19.472697
39,27,3,5,0,5,2026-07-30T17:18:19.743031
39,27,4,5,0,5,2026-07-30T17:18:20.135467
39,27,5,5,0,5,2026-07-30T17:18:19.454602
39,27,6,5,0,5,2026-07-30T17:18:19.489541
39,27,7,5,0,5,2026-07-30T17:18:19.952734
39,27,8,5,0,5,2026-07-30T17:18:20.348323
39,27,9,5,0,5,2026-07-30T17:18:21.041034
39,27,10,5,0,5,2026-07-30T17:18:21.082424
39,28,1,5,0,5,2026-07-30T17:18:21.127314
39,28,2,5,0,5,2026-07-30T17:18:20.936267
39,28,3,5,0,5,2026-07-30T17:18:21.568088
39,28,4,5,0,5,2026-07-30T17:18:21.402026
39,28,5,5,0,5,2026-07-30T17:18:21.789840
39,28,6,5,0,5,2026-07-30T17:18:21.591394
39,28,7,5,0,5,2026-07-30T17:18:22.584029
39,28,8,5,0,5,2026-07-30T17:18:22.094422
39,28,9,5,0,5,2026-07-30T17:18:22.355501
39,28,10,5,0,5,2026-07-30T17:18:22.547482
39,29,1,5,0,5,2026-07-30T17:18:23.241418
39,29,2,5,0,5,2026-07-30T17:18:22.619672
39,29,3,5,0,5,2026-07-30T17:18:23.241471
39,29,4,5,0,5,2026-07-30T17:18:22.833871
39,29,5,5,0,5,2026-07-30T17:18:23.117833
39,29,6,5,0,5,2026-07-30T17:18:23.999922
39,29,7,5,0,5,2026-07-30T17:18:23.796861
39,29,8,5,0,5,2026-07-30T17:18:24.632530
39,29,9,5,0,5,2026-07-30T17:18:24.099638
39,29,10,5,0,5,2026-07-30T17:18:24.668240
39,30,1,5,0,5,2026-07-30T17:18:24.738038
39,30,2,5,0,5,2026-07-30T17:18:24.899662
39,30,3,5,0,5,2026-07-30T17:18:24.497260
39,30,4,5,0,5,2026-07-30T17:18:25.016531
39,30,5,5,0,5,2026-07-30T17:18:25.862167
39,30,6,5,0,5,2026-07-30T17:18:25.152407
39,30,7,5,0,5,2026-07-30T17:18:25.558275
39,30,8,5,0,5,2026-07-30T17:18:26.481316
39,30,9,5,0,5,2026-07-30T17:18:26.329504
39,30,10,5,0,5,2026-07-30T17:18:26.146383
40,1,1,4,0,4,2026-07-30T17:18:26.531041
40,1,2,4,0,4,2026-07-30T17:18:26.685868
40,1,3,4,0,4,2026-07-30T17:18:26.599561
40,1,4,4,0,4,2026-07-30T17:18:26.793537
40,1,5,4,0,4,2026-07-30T17:18:27.092313
40,1,6,4,0,4,2026-07-30T17:18:27.373796
40,1,7,4,0,4,2026-07-30T17:18:27.551944
40,1,8,4,0,4,2026-07-30T17:18:27.921099
40,1,9,4,0,4,2026-07-30T17:18:27.589654
40,1,10,5,0,5,2026-07-30T17:18:28.445857
40,2,1,5,0,5,2026-07-30T17:18:28.101080
40,2,2,5,0,5,2026-07-30T17:18:28.250334
40,2,3,5,0,5,2026-07-30T17:18:28.545131
40,2,4,5,0,5,2026-07-30T17:18:28.618951
40,2,5,5,0,5,2026-07-30T17:18:28.815954
40,2,6,5,0,5,2026-07-30T17:18:29.033037
40,2,7,5,0,5,2026-07-30T17:18:29.360504
40,2,8,5,0,5,2026-07-30T17:18:29.350447
40,2,9,5,0,5,2026-07-30T17:18:29.311712
40,2,10,5,0,5,2026-07-30T17:18:29.493749
40,3,1,0,0,0,2026-07-30T17:18:29.805209
40,3,2,0,0,0,2026-07-30T17:18:29.837631
40,3,3,0,0,0,2026-07-30T17:18:30.269768
40,3,4,0,0,0,2026-07-30T17:18:30.296192
40,3,5,0,0,0,2026-07-30T17:18:30.750323
40,3,6,0,0,0,2026-07-30T17:18:30.809201
40,3,7,0,0,0,2026-07-30T17:18:30.615641
40,3,8,0,0,0,2026-07-30T17:18:30.745906
40,3,9,0,0,0,2026-07-30T17:18:30.861480
40,3,10,0,0,0,2026-07-30T17:18:31.493914
40,4,1,0,0,0,2026-07-30T17:18:31.522830
40,4,2,0,0,0,2026-07-30T17:18:31.776459
40,4,3,0,0,0,2026-07-30T17:18:32.025786
40,4,4,0,0,0,2026-07-30T17:18:31.980046
40,4,5,0,0,0,2026-07-30T17:18:32.586863
40,4,6,0,0,0,2026-07-30T17:18:32.247283
40,4,7,0,0,0,2026-07-30T17:18:32.097346
40,4,8,0,0,0,2026-07-30T17:18:32.501374
40,4,9,0,0,0,2026-07-30T17:18:32.768938
40,4,10,0,0,0,2026-07-30T17:18:33.640696
40,5,1,0,0,0,2026-07-30T17:18:33.859637
40,5,2,0,0,0,2026-07-30T17:18:33.288033
40,5,3,0,0,0,2026-07-30T17:18:33.130835
40,5,4,0,0,0,2026-07-30T17:18:33.880294
40,5,5,0,0,0,2026-07-30T17:18:33.957495
40,5,6,0,0,0,2026-07-30T17:18:33.637560
40,5,7,0,0,0,2026-07-30T17:18:33.782825
40,5,8,0,0,0,2026-07-30T17:18:34.372846
40,5,9,0,0,0,2026-07-30T17:18:34.752030
40,5,10,0,0,0,2026-07-30T17:18:35.476102
40,6,1,5,0,5,2026-07-30T17:18:35.489408
40,6,2,5,0,5,2026-07-30T17:18:35.440495
40,6,3,5,0,5,2026-07-30T17:18:35.684223
40,6,4,5,0,5,2026-07-30T17:18:35.335136
40,6,5,5,0,5,2026-07-30T17:18:35.214857
40,6,6,3,0,3,2026-07-30T17:18:35.422453
40,6,7,4,0,4,2026-07-30T17:18:36.617116
40,6,8,5,0,5,2026-07-30T17:18:36.277366
40,6,9,4,0,4,2026-07-30T17:18:36.366612
40,6,10,3,0,3,2026-07-30T17:18:36.659004
40,7,1,5,0,5,2026-07-30T17:18:37.307376
40,7,2,5,0,5,2026-07-30T17:18:36.910976
40,7,3,5,0,5,2026-07-30T17:18:36.545573
40,7,4,5,0,5,2026-07-30T17:18:36.908045
40,7,5,5,0,5,2026-07-30T17:18:37.923877
40,7,6,5,0,5,2026-07-30T17:18:37.988439
40,7,7,5,0,5,2026-07-30T17:18:37.982780
40,7,8,5,0,5,2026-07-30T17:18:38.458612
40,7,9,5,0,5,2026-07-30T17:18:37.882134
40,7,10,5,0,5,2026-07-30T17:18:38.763119
40,8,1,0,0,0,2026-07-30T17:18:37.942389
40,8,2,0,0,0,2026-07-30T17:18:38.541824
40,8,3,0,0,0,2026-07-30T17:18:39.545306
40,8,4,0,0,0,2026-07-30T17:18:38.980206
40,8,5,0,0,0,2026-07-30T17:18:39.185097
40,8,6,0,0,0,2026-07-30T17:18:39.432927
40,8,7,0,0,0,2026-07-30T17:18:39.826204
40,8,8,3,0,3,2026-07-30T17:18:39.705798
40,8,9,0,0,0,2026-07-30T17:18:40.386856
40,8,10,0,0,0,2026-07-30T17:18:40.209122
40,9,1,0,0,0,2026-07-30T17:18:40.203878
40,9,2,0,0,0,2026-07-30T17:18:40.830944
40,9,3,0,0,0,2026-07-30T17:18:41.282548
40,9,4,0,0,0,2026-07-30T17:18:41.389127
40,9,5,0,0,0,2026-07-30T17:18:41.552944
40,9,6,0,0,0,2026-07-30T17:18:41.235938
40,9,7,0,0,0,2026-07-30T17:18:41.644012
40,9,8,0,0,0,2026-07-30T17:18:41.859871
40,9,9,0,0,0,2026-07-30T17:18:41.844861
40,9,10,0,0,0,2026-07-30T17:18:42.476534
40,10,1,0,0,0,2026-07-30T17:18:42.277716
40,10,2,0,0,0,2026-07-30T17:18:42.538799
40,10,3,0,0,0,2026-07-30T17:18:43.037794
40,10,4,0,0,0,2026-07-30T17:18:43.572642
40,10,5,0,0,0,2026-07-30T17:18:43.078455
40,10,6,0,0,0,2026-07-30T17:18:42.877122
40,10,7,0,0,0,2026-07-30T17:18:42.907665
40,10,8,0,0,0,2026-07-30T17:18:43.502737
40,10,9,0,0,0,2026-07-30T17:18:44.328524
40,10,10,0,0,0,2026-07-30T17:18:43.977910
40,11,1,5,0,5,2026-07-30T17:18:44.536637
40,11,2,5,0,5,2026-07-30T17:18:44.130086
40,11,3,3,0,3,2026-07-30T17:18:44.885258
40,11,4,5,0,5,2026-07-30T17:18:44.728301
40,11,5,5,0,5,2026-07-30T17:18:44.739616
40,11,6,5,0,5,2026-07-30T17:18:44.617020
40,11,7,5,0,5,2026-07-30T17:18:45.860083
40,11,8,5,0,5,2026-07-30T17:18:45.381887
40,11,9,5,0,5,2026-07-30T17:18:45.156683
40,11,10,3,0,3,2026-07-30T17:18:46.404831
40,12,1,5,0,5,2026-07-30T17:18:46.054774
40,12,2,5,0,5,2026-07-30T17:18:46.152198
40,12,3,5,0,5,2026-07-30T17:18:46.776389
40,12,4,5,0,5,2026-07-30T17:18:46.548648
40,12,5,5,0,5,2026-07-30T17:18:46.989994
40,12,6,5,0,5,2026-07-30T17:18:47.044872
40,12,7,5,0,5,2026-07-30T17:18:47.712383
40,12,8,5,0,5,2026-07-30T17:18:47.893622
40,12,9,5,0,5,2026-07-30T17:18:47.391285
40,12,10,5,0,5,2026-07-30T17:18:47.876250
40,13,1,0,0,0,2026-07-30T17:18:48.201411
40,13,2,0,0,0,2026-07-30T17:18:48.217133
40,13,3,0,0,0,2026-07-30T17:18:48.611458
40,13,4,0,0,0,2026-07-30T17:18:48.698402
40,13,5,0,0,0,2026-07-30T17:18:49.007706
40,13,6,0,0,0,2026-07-30T17:18:49.351223
40,13,7,0,0,0,2026-07-30T17:18:49.140366
40,13,8,0,0,0,2026-07-30T17:18:49.720632
40,13,9,0,0,0,2026-07-30T17:18:50.050855
40,13,10,0,0,0,2026-07-30T17:18:49.448851
40,14,1,4,0,4,2026-07-30T17:18:49.639103
40,14,2,2,0,2,2026-07-30T17:18:50.558235
40,14,3,3,0,3,2026-07-30T17:18:50.844726
40,14,4,5,0,5,2026-07-30T17:18:50.770411
40,14,5,5,0,5,2026-07-30T17:18:50.789434
40,14,6,4,0,4,2026-07-30T17:18:51.303065
40,14,7,5,0,5,2026-07-30T17:18:50.687000
40,14,8,5,0,5,2026-07-30T17:18:50.985862
40,14,9,5,0,5,2026-07-30T17:18:51.692037
40,14,10,3,0,3,2026-07-30T17:18:51.827522
40,15,1,0,0,0,2026-07-30T17:18:51.730056
40,15,2,0,0,0,2026-07-30T17:18:52.011940
40,15,3,0,0,0,2026-07-30T17:18:52.444993
40,15,4,0,0,0,2026-07-30T17:18:51.892848
40,15,5,0,0,0,2026-07-30T17:18:52.644897
40,15,6,0,0,0,2026-07-30T17:18:53.330078
40,15,7,0,0,0,2026-07-30T17:18:52.697473
40,15,8,0,0,0,2026-07-30T17:18:52.793202
40,15,9,0,0,0,2026-07-30T17:18:53.082019
40,15,10,0,0,0,2026-07-30T17:18:53.333448
40,16,1,5,0,5,2026-07-30T17:18:53.047406
40,16,2,3,0,3,2026-07-30T17:18:54.504950
40,16,3,5,0,5,2026-07-30T17:18:54.684535
40,16,4,5,0,5,2026-07-30T17:18:54.526972
40,16,5,5,0,5,2026-07-30T17:18:54.436186
40,16,6,5,0,5,2026-07-30T17:18:53.900621
40,16,7,5,0,5,2026-07-30T17:18:54.285718
40,16,8,5,0,5,2026-07-30T17:18:54.365116
40,16,9,3,0,3,2026-07-30T17:18:55.148181
40,16,10,5,0,5,2026-07-30T17:18:55.749197
40,17,1,5,0,5,2026-07-30T17:18:55.952741
40,17,2,5,0,5,2026-07-30T17:18:55.400697
40,17,3,5,0,5,2026-07-30T17:18:56.499519
40,17,4,5,0,5,2026-07-30T17:18:56.572470
40,17,5,5,0,5,2026-07-30T17:18:55.975210
40,17,6,5,0,5,2026-07-30T17:18:56.344701
40,17,7,5,0,5,2026-07-30T17:18:56.194344
40,17,8,5,0,5,2026-07-30T17:18:57.441071
40,17,9,5,0,5,2026-07-30T17:18:57.391072
40,17,10,5,0,5,2026-07-30T17:18:57.779896
40,18,1,3,0,3,2026-07-30T17:18:58.026727
40,18,2,4,0,4,2026-07-30T17:18:57.446726
40,18,3,3,0,3,2026-07-30T17:18:58.173160
40,18,4,4,0,4,2026-07-30T17:18:58.348424
40,18,5,4,0,4,2026-07-30T17:18:58.450004
40,18,6,2,0,2,2026-07-30T17:18:59.235081
40,18,7,3,0,3,2026-07-30T17:18:59.271769
40,18,8,2,0,2,2026-07-30T17:18:59.096932
40,18,9,5,0,5,2026-07-30T17:18:59.418503
40,18,10,2,0,2,2026-07-30T17:18:59.299779
40,19,1,3,0,3,2026-07-30T17:18:59.413783
40,19,2,3,0,3,2026-07-30T17:18:59.993154
40,19,3,2,0,2,2026-07-30T17:18:59.684811
40,19,4,5,0,5,2026-07-30T17:19:00.569904
40,19,5,2,0,2,2026-07-30T17:19:00.285422
40,19,6,3,0,3,2026-07-30T17:19:00.696465
40,19,7,3,0,3,2026-07-30T17:19:01.329056
40,19,8,2,0,2,2026-07-30T17:19:01.098961
40,19,9,2,0,2,2026-07-30T17:19:00.457050
40,19,10,2,0,2,2026-07-30T17:19:01.535667
40,20,1,5,0,5,2026-07-30T17:19:01.623114
40,20,2,5,0,5,2026-07-30T17:19:01.524510
40,20,3,5,0,5,2026-07-30T17:19:01.474425
40,20,4,5,0,5,2026-07-30T17:19:02.421991
40,20,5,5,0,5,2026-07-30T17:19:01.930672
40,20,6,5,0,5,2026-07-30T17:19:02.359910
40,20,7,5,0,5,2026-07-30T17:19:02.557007
40,20,8,5,0,5,2026-07-30T17:19:03.111483
40,20,9,5,0,5,2026-07-30T17:19:02.958974
40,20,10,5,0,5,2026-07-30T17:19:03.400888
40,21,1,5,0,5,2026-07-30T17:19:02.652223
40,21,2,5,0,5,2026-07-30T17:19:04.005651
40,21,3,5,0,5,2026-07-30T17:19:04.000171
40,21,4,5,0,5,2026-07-30T17:19:03.687408
40,21,5,5,0,5,2026-07-30T17:19:03.778857
40,21,6,5,0,5,2026-07-30T17:19:03.714348
40,21,7,5,0,5,2026-07-30T17:19:04.221185
40,21,8,5,0,5,2026-07-30T17:19:04.769551
40,21,9,5,0,5,2026-07-30T17:19:05.244814
40,21,10,5,0,5,2026-07-30T17:19:05.541441
40,22,1,5,0,5,2026-07-30T17:19:05.160702
40,22,2,5,0,5,2026-07-30T17:19:04.824438
40,22,3,5,0,5,2026-07-30T17:19:05.660595
40,22,4,5,0,5,2026-07-30T17:19:05.036192
40,22,5,5,0,5,2026-07-30T17:19:05.880662
40,22,6,5,0,5,2026-07-30T17:19:06.619545
40,22,7,5,0,5,2026-07-30T17:19:06.690397
40,22,8,5,0,5,2026-07-30T17:19:06.466261
40,22,9,5,0,5,2026-07-30T17:19:06.632063
40,22,10,5,0,5,2026-07-30T17:19:06.277874
40,23,1,5,0,5,2026-07-30T17:19:06.983754
40,23,2,5,0,5,2026-07-30T17:19:07.125227
40,23,3,5,0,5,2026-07-30T17:19:07.310830
40,23,4,4,0,4,2026-07-30T17:19:07.502058
40,23,5,5,0,5,2026-07-30T17:19:07.517600
40,23,6,5,0,5,2026-07-30T17:19:08.058119
40,23,7,5,0,5,2026-07-30T17:19:07.850556
40,23,8,5,0,5,2026-07-30T17:19:07.730418
40,23,9,4,0,4,2026-07-30T17:19:08.656677
40,23,10,5,0,5,2026-07-30T17:19:08.993777
40,24,1,5,0,5,2026-07-30T17:19:08.753760
40,24,2,5,0,5,2026-07-30T17:19:08.963897
40,24,3,0,0,0,2026-07-30T17:19:09.368457
40,24,4,0,0,0,2026-07-30T17:19:08.977132
40,24,5,5,0,5,2026-07-30T17:19:09.679129
40,24,6,5,0,5,2026-07-30T17:19:09.496794
40,24,7,0,0,0,2026-07-30T17:19:10.330439
40,24,8,0,0,0,2026-07-30T17:19:10.041047
40,24,9,5,0,5,2026-07-30T17:19:10.643796
40,24,10,5,0,5,2026-07-30T17:19:10.608276
40,25,1,0,0,0,2026-07-30T17:19:10.460964
40,25,2,0,0,0,2026-07-30T17:19:10.626166
40,25,3,0,0,0,2026-07-30T17:19:10.572194
40,25,4,0,0,0,2026-07-30T17:19:10.753917
40,25,5,0,0,0,2026-07-30T17:19:11.492843
40,25,6,0,0,0,2026-07-30T17:19:11.792431
40,25,7,0,0,0,2026-07-30T17:19:11.528437
40,25,8,0,0,0,2026-07-30T17:19:11.802797
40,25,9,0,0,0,2026-07-30T17:19:11.674921
40,25,10,0,0,0,2026-07-30T17:19:11.727720
40,26,1,5,0,5,2026-07-30T17:19:12.385977
40,26,2,5,0,5,2026-07-30T17:19:12.619580
40,26,3,5,0,5,2026-07-30T17:19:13.378017
40,26,4,5,0,5,2026-07-30T17:19:12.757586
40,26,5,5,0,5,2026-07-30T17:19:12.895079
40,26,6,5,0,5,2026-07-30T17:19:13.187314
40,26,7,5,0,5,2026-07-30T17:19:12.846705
40,26,8,5,0,5,2026-07-30T17:19:13.467228
40,26,9,5,0,5,2026-07-30T17:19:13.636693
40,26,10,5,0,5,2026-07-30T17:19:14.087508
40,27,1,5,0,5,2026-07-30T17:19:14.596228
40,27,2,5,0,5,2026-07-30T17:19:14.504349
40,27,3,5,0,5,2026-07-30T17:19:14.347441
40,27,4,5,0,5,2026-07-30T17:19:14.209090
40,27,5,5,0,5,2026-07-30T17:19:14.453773
40,27,6,5,0,5,2026-07-30T17:19:14.499440
40,27,7,5,0,5,2026-07-30T17:19:15.666557
40,27,8,5,0,5,2026-07-30T17:19:15.932197
40,27,9,5,0,5,2026-07-30T17:19:15.259191
40,27,10,5,0,5,2026-07-30T17:19:15.399881
40,28,1,2,0,2,2026-07-30T17:19:16.489121
40,28,2,2,0,2,2026-07-30T17:19:15.737584
40,28,3,2,0,2,2026-07-30T17:19:16.150322
40,28,4,3,0,3,2026-07-30T17:19:16.637994
40,28,5,4,0,4,2026-07-30T17:19:16.932324
40,28,6,2,0,2,2026-07-30T17:19:16.633936
40,28,7,4,0,4,2026-07-30T17:19:16.714462
40,28,8,3,0,3,2026-07-30T17:19:16.799599
40,28,9,2,0,2,2026-07-30T17:19:17.566127
40,28,10,3,0,3,2026-07-30T17:19:17.823122
40,29,1,5,0,5,2026-07-30T17:19:18.151496
40,29,2,5,0,5,2026-07-30T17:19:17.685091
40,29,3,5,0,5,2026-07-30T17:19:17.684759
40,29,4,5,0,5,2026-07-30T17:19:18.180774
40,29,5,5,0,5,2026-07-30T17:19:17.818082
40,29,6,5,0,5,2026-07-30T17:19:18.364078
40,29,7,5,0,5,2026-07-30T17:19:19.200791
40,29,8,5,0,5,2026-07-30T17:19:19.313872
40,29,9,5,0,5,2026-07-30T17:19:18.908488
40,29,10,5,0,5,2026-07-30T17:19:19.685339
40,30,1,0,0,0,2026-07-30T17:19:19.674336
40,30,2,3,0,3,2026-07-30T17:19:19.785343
40,30,3,0,0,0,2026-07-30T17:19:19.609469
40,30,4,2,0,2,2026-07-30T17:19:20.019916
40,30,5,0,0,0,2026-07-30T17:19:20.965375
40,30,6,0,0,0,2026-07-30T17:19:21.066919
40,30,7,3,0,3,2026-07-30T17:19:20.746540
40,30,8,0,0,0,2026-07-30T17:19:21.264639
40,30,9,3,0,3,2026-07-30T17:19:21.553310
40,30,10,5,0,5,2026-07-30T17:19:20.526571
41,1,1,5,0,5,2026-07-30T17:19:21.433039
41,1,2,5,0,5,2026-07-30T17:19:21.938520
41,1,3,5,0,5,2026-07-30T17:19:21.802701
41,1,4,5,0,5,2026-07-30T17:19:21.626745
41,1,5,5,0,5,2026-07-30T17:19:22.791856
41,1,6,5,0,5,2026-07-30T17:19:22.508413
41,1,7,5,0,5,2026-07-30T17:19:22.908098
41,1,8,5,0,5,2026-07-30T17:19:23.066175
41,1,9,5,0,5,2026-07-30T17:19:23.038254
41,1,10,5,0,5,2026-07-30T17:19:23.470207
41,2,1,5,0,5,2026-07-30T17:19:23.037915
41,2,2,5,0,5,2026-07-30T17:19:23.823420
41,2,3,5,0,5,2026-07-30T17:19:24.153378
41,2,4,5,0,5,2026-07-30T17:19:24.237933
41,2,5,5,0,5,2026-07-30T17:19:24.753148
41,2,6,5,0,5,2026-07-30T17:19:24.694707
41,2,7,5,0,5,2026-07-30T17:19:24.256311
41,2,8,5,0,5,2026-07-30T17:19:24.302906
41,2,9,5,0,5,2026-07-30T17:19:24.506241
41,2,10,5,0,5,2026-07-30T17:19:25.034201
41,3,1,5,0,5,2026-07-30T17:19:25.409934
41,3,2,3,0,3,2026-07-30T17:19:25.293298
41,3,3,0,0,0,2026-07-30T17:19:25.893151
41,3,4,0,0,0,2026-07-30T17:19:26.152413
41,3,5,5,0,5,2026-07-30T17:19:25.984051
41,3,6,0,0,0,2026-07-30T17:19:25.734085
41,3,7,3,0,3,2026-07-30T17:19:26.618500
41,3,8,0,0,0,2026-07-30T17:19:26.873132
41,3,9,5,0,5,2026-07-30T17:19:26.751985
41,3,10,0,0,0,2026-07-30T17:19:26.632744
41,4,1,0,0,0,2026-07-30T17:19:26.797926
41,4,2,3,0,3,2026-07-30T17:19:27.120422
41,4,3,5,0,5,2026-07-30T17:19:27.230119
41,4,4,5,0,5,2026-07-30T17:19:27.414972
41,4,5,5,0,5,2026-07-30T17:19:28.490171
41,4,6,0,0,0,2026-07-30T17:19:28.478584
41,4,7,5,0,5,2026-07-30T17:19:28.221526
41,4,8,0,0,0,2026-07-30T17:19:28.670732
41,4,9,3,0,3,2026-07-30T17:19:27.927575
41,4,10,3,0,3,2026-07-30T17:19:28.754300
41,5,1,5,0,5,2026-07-30T17:19:28.470440
41,5,2,5,0,5,2026-07-30T17:19:28.867381
41,5,3,5,0,5,2026-07-30T17:19:29.198279
41,5,4,5,0,5,2026-07-30T17:19:29.866309
41,5,5,5,0,5,2026-07-30T17:19:29.907164
41,5,6,5,0,5,2026-07-30T17:19:30.316058
41,5,7,5,0,5,2026-07-30T17:19:30.540709
41,5,8,5,0,5,2026-07-30T17:19:30.108833
41,5,9,5,0,5,2026-07-30T17:19:30.424122
41,5,10,5,0,5,2026-07-30T17:19:29.894851
41,6,1,5,0,5,2026-07-30T17:19:31.044433
41,6,2,5,0,5,2026-07-30T17:19:31.754391
41,6,3,5,0,5,2026-07-30T17:19:31.336186
41,6,4,5,0,5,2026-07-30T17:19:32.061778
41,6,5,5,0,5,2026-07-30T17:19:31.543944
41,6,6,5,0,5,2026-07-30T17:19:32.154178
41,6,7,5,0,5,2026-07-30T17:19:32.072328
41,6,8,5,0,5,2026-07-30T17:19:32.007018
41,6,9,5,0,5,2026-07-30T17:19:32.892571
41,6,10,5,0,5,2026-07-30T17:19:32.760743
41,7,1,5,0,5,2026-07-30T17:19:32.772360
41,7,2,5,0,5,2026-07-30T17:19:33.608151
41,7,3,5,0,5,2026-07-30T17:19:33.421787
41,7,4,5,0,5,2026-07-30T17:19:33.713652
41,7,5,5,0,5,2026-07-30T17:19:33.131757
41,7,6,5,0,5,2026-07-30T17:19:33.616479
41,7,7,5,0,5,2026-07-30T17:19:34.806230
41,7,8,5,0,5,2026-07-30T17:19:33.799172
41,7,9,5,0,5,2026-07-30T17:19:34.151997
41,7,10,5,0,5,2026-07-30T17:19:34.775489
41,8,1,5,0,5,2026-07-30T17:19:35.256235
41,8,2,5,0,5,2026-07-30T17:19:34.634886
41,8,3,5,0,5,2026-07-30T17:19:35.078846
41,8,4,5,0,5,2026-07-30T17:19:35.562402
41,8,5,5,0,5,2026-07-30T17:19:34.829698
41,8,6,5,0,5,2026-07-30T17:19:35.583214
41,8,7,5,0,5,2026-07-30T17:19:36.467513
41,8,8,5,0,5,2026-07-30T17:19:36.416653
41,8,9,5,0,5,2026-07-30T17:19:35.853082
41,8,10,5,0,5,2026-07-30T17:19:36.496157
41,9,1,5,0,5,2026-07-30T17:19:36.746686
41,9,2,5,0,5,2026-07-30T17:19:36.296746
41,9,3,3,0,3,2026-07-30T17:19:37.007557
41,9,4,5,0,5,2026-07-30T17:19:37.414268
41,9,5,5,0,5,2026-07-30T17:19:37.294242
41,9,6,5,0,5,2026-07-30T17:19:37.565322
41,9,7,5,0,5,2026-07-30T17:19:38.456642
41,9,8,0,0,0,2026-07-30T17:19:38.322469
41,9,9,5,0,5,2026-07-30T17:19:37.357971
41,9,10,5,0,5,2026-07-30T17:19:38.213406
41,10,1,0,0,0,2026-07-30T17:19:38.651125
41,10,2,0,0,0,2026-07-30T17:19:38.950392
41,10,3,0,0,0,2026-07-30T17:19:39.227285
41,10,4,0,0,0,2026-07-30T17:19:39.031788
41,10,5,3,0,3,2026-07-30T17:19:39.438899
41,10,6,0,0,0,2026-07-30T17:19:39.661870
41,10,7,5,0,5,2026-07-30T17:19:39.819233
41,10,8,0,0,0,2026-07-30T17:19:40.323284
41,10,9,0,0,0,2026-07-30T17:19:40.331303
41,10,10,5,0,5,2026-07-30T17:19:40.791506
41,11,1,5,0,5,2026-07-30T17:19:41.308838
41,11,2,5,0,5,2026-07-30T17:19:41.477679
41,11,3,5,0,5,2026-07-30T17:19:41.697782
41,11,4,5,0,5,2026-07-30T17:19:41.725904
41,11,5,5,0,5,2026-07-30T17:19:41.682545
41,11,6,5,0,5,2026-07-30T17:19:41.989643
41,11,7,5,0,5,2026-07-30T17:19:41.994763
41,11,8,5,0,5,2026-07-30T17:19:42.452462
41,11,9,5,0,5,2026-07-30T17:19:43.176436
41,11,10,5,0,5,2026-07-30T17:19:43.136643
41,12,1,5,0,5,2026-07-30T17:19:42.714189
41,12,2,5,0,5,2026-07-30T17:19:43.132555
41,12,3,5,0,5,2026-07-30T17:19:42.977063
41,12,4,5,0,5,2026-07-30T17:19:43.821999
41,12,5,5,0,5,2026-07-30T17:19:43.229250
41,12,6,5,0,5,2026-07-30T17:19:44.313596
41,12,7,5,0,5,2026-07-30T17:19:43.972965
41,12,8,5,0,5,2026-07-30T17:19:44.660647
41,12,9,5,0,5,2026-07-30T17:19:44.976789
41,12,10,5,0,5,2026-07-30T17:19:44.771173
41,13,1,5,0,5,2026-07-30T17:19:44.212198
41,13,2,5,0,5,2026-07-30T17:19:45.039495
41,13,3,5,0,5,2026-07-30T17:19:44.849623
41,13,4,5,0,5,2026-07-30T17:19:45.804902
41,13,5,5,0,5,2026-07-30T17:19:45.657030
41,13,6,5,0,5,2026-07-30T17:19:45.964086
41,13,7,5,0,5,2026-07-30T17:19:46.310488
41,13,8,5,0,5,2026-07-30T17:19:46.231860
41,13,9,5,0,5,2026-07-30T17:19:45.911650
41,13,10,5,0,5,2026-07-30T17:19:47.062768
41,14,1,5,0,5,2026-07-30T17:19:46.671037
41,14,2,3,0,3,2026-07-30T17:19:47.076886
41,14,3,5,0,5,2026-07-30T17:19:46.854159
41,14,4,5,0,5,2026-07-30T17:19:47.764379
41,14,5,5,0,5,2026-07-30T17:19:48.046675
41,14,6,5,0,5,2026-07-30T17:19:48.118454
41,14,7,5,0,5,2026-07-30T17:19:47.588646
41,14,8,5,0,5,2026-07-30T17:19:48.531246
41,14,9,5,0,5,2026-07-30T17:19:48.718132
41,14,10,5,0,5,2026-07-30T17:19:48.117103
41,15,1,5,0,5,2026-07-30T17:19:48.542470
41,15,2,5,0,5,2026-07-30T17:19:49.431226
41,15,3,5,0,5,2026-07-30T17:19:48.786620
41,15,4,5,0,5,2026-07-30T17:19:49.897045
41,15,5,5,0,5,2026-07-30T17:19:49.750485
41,15,6,5,0,5,2026-07-30T17:19:49.586891
41,15,7,5,0,5,2026-07-30T17:19:50.191482
41,15,8,5,0,5,2026-07-30T17:19:50.394412
41,15,9,5,0,5,2026-07-30T17:19:50.185853
41,15,10,5,0,5,2026-07-30T17:19:50.184976
41,16,1,5,0,5,2026-07-30T17:19:51.267825
41,16,2,5,0,5,2026-07-30T17:19:51.450229
41,16,3,5,0,5,2026-07-30T17:19:51.199305
41,16,4,5,0,5,2026-07-30T17:19:50.951175
41,16,5,5,0,5,2026-07-30T17:19:51.827521
41,16,6,5,0,5,2026-07-30T17:19:51.456563
41,16,7,5,0,5,2026-07-30T17:19:51.225167
41,16,8,5,0,5,2026-07-30T17:19:52.041029
41,16,9,5,0,5,2026-07-30T17:19:52.584626
41,16,10,5,0,5,2026-07-30T17:19:52.415997
41,17,1,5,0,5,2026-07-30T17:19:53.100581
41,17,2,5,0,5,2026-07-30T17:19:52.319508
41,17,3,5,0,5,2026-07-30T17:19:52.695663
41,17,4,5,0,5,2026-07-30T17:19:52.688457
41,17,5,5,0,5,2026-07-30T17:19:53.670922
41,17,6,5,0,5,2026-07-30T17:19:53.069048
41,17,7,5,0,5,2026-07-30T17:19:53.566905
41,17,8,5,0,5,2026-07-30T17:19:53.861826
41,17,9,5,0,5,2026-07-30T17:19:54.014532
41,17,10,5,0,5,2026-07-30T17:19:54.549525
41,18,1,5,0,5,2026-07-30T17:19:54.138674
41,18,2,5,0,5,2026-07-30T17:19:54.888396
41,18,3,5,0,5,2026-07-30T17:19:54.565715
41,18,4,5,0,5,2026-07-30T17:19:55.419040
41,18,5,5,0,5,2026-07-30T17:19:55.504757
41,18,6,5,0,5,2026-07-30T17:19:55.483627
41,18,7,3,0,3,2026-07-30T17:19:55.235846
41,18,8,5,0,5,2026-07-30T17:19:55.000673
41,18,9,5,0,5,2026-07-30T17:19:55.588588
41,18,10,5,0,5,2026-07-30T17:19:56.071744
41,19,1,5,0,5,2026-07-30T17:19:56.747908
41,19,2,5,0,5,2026-07-30T17:19:56.466434
41,19,3,5,0,5,2026-07-30T17:19:56.274176
41,19,4,5,0,5,2026-07-30T17:19:57.282350
41,19,5,5,0,5,2026-07-30T17:19:56.946094
41,19,6,5,0,5,2026-07-30T17:19:56.547916
41,19,7,5,0,5,2026-07-30T17:19:57.416686
41,19,8,5,0,5,2026-07-30T17:19:57.507221
41,19,9,5,0,5,2026-07-30T17:19:57.498241
41,19,10,5,0,5,2026-07-30T17:19:57.485417
41,20,1,5,0,5,2026-07-30T17:19:57.816941
41,20,2,5,0,5,2026-07-30T17:19:58.175963
41,20,3,5,0,5,2026-07-30T17:19:58.399366
41,20,4,5,0,5,2026-07-30T17:19:59.147001
41,20,5,5,0,5,2026-07-30T17:19:58.448419
41,20,6,5,0,5,2026-07-30T17:19:59.114028
41,20,7,5,0,5,2026-07-30T17:19:59.346896
41,20,8,5,0,5,2026-07-30T17:19:58.763411
41,20,9,5,0,5,2026-07-30T17:19:59.842734
41,20,10,5,0,5,2026-07-30T17:19:59.032608
41,21,1,5,0,5,2026-07-30T17:19:59.830801
41,21,2,5,0,5,2026-07-30T17:19:59.487480
41,21,3,5,0,5,2026-07-30T17:20:00.201993
41,21,4,5,0,5,2026-07-30T17:20:00.505980
41,21,5,5,0,5,2026-07-30T17:20:00.355728
41,21,6,5,0,5,2026-07-30T17:20:00.195387
41,21,7,5,0,5,2026-07-30T17:20:01.214663
41,21,8,5,0,5,2026-07-30T17:20:01.339742
41,21,9,5,0,5,2026-07-30T17:20:00.894871
41,21,10,5,0,5,2026-07-30T17:20:01.300625
41,22,1,5,0,5,2026-07-30T17:20:01.249539
41,22,2,5,0,5,2026-07-30T17:20:02.060964
41,22,3,5,0,5,2026-07-30T17:20:01.619926
41,22,4,5,0,5,2026-07-30T17:20:02.371594
41,22,5,5,0,5,2026-07-30T17:20:02.714791
41,22,6,5,0,5,2026-07-30T17:20:03.081690
41,22,7,5,0,5,2026-07-30T17:20:03.123958
41,22,8,5,0,5,2026-07-30T17:20:02.341548
41,22,9,5,0,5,2026-07-30T17:20:03.023465
41,22,10,5,0,5,2026-07-30T17:20:03.465819
41,23,1,5,0,5,2026-07-30T17:20:03.717606
41,23,2,5,0,5,2026-07-30T17:20:03.553693
41,23,3,5,0,5,2026-07-30T17:20:04.208174
41,23,4,5,0,5,2026-07-30T17:20:03.749095
41,23,5,5,0,5,2026-07-30T17:20:04.104746
41,23,6,5,0,5,2026-07-30T17:20:04.329598
41,23,7,5,0,5,2026-07-30T17:20:04.200693
41,23,8,5,0,5,2026-07-30T17:20:05.131045
41,23,9,5,0,5,2026-07-30T17:20:05.222799
41,23,10,5,0,5,2026-07-30T17:20:05.584011
41,24,1,5,0,5,2026-07-30T17:20:05.589053
41,24,2,5,0,5,2026-07-30T17:20:05.137681
41,24,3,5,0,5,2026-07-30T17:20:05.656454
41,24,4,5,0,5,2026-07-30T17:20:05.858453
41,24,5,5,0,5,2026-07-30T17:20:05.554267
41,24,6,5,0,5,2026-07-30T17:20:07.213559
41,24,7,5,0,5,2026-07-30T17:20:06.590156
41,24,8,5,0,5,2026-07-30T17:20:06.880218
41,24,9,5,0,5,2026-07-30T17:20:07.213698
41,24,10,5,0,5,2026-07-30T17:20:07.430286
41,25,1,4,0,4,2026-07-30T17:20:07.431123
41,25,2,5,0,5,2026-07-30T17:20:07.487635
41,25,3,5,0,5,2026-07-30T17:20:07.548002
41,25,4,4,0,4,2026-07-30T17:20:08.214707
41,25,5,5,0,5,2026-07-30T17:20:08.137530
41,25,6,5,0,5,2026-07-30T17:20:08.263359
41,25,7,5,0,5,2026-07-30T17:20:09.079818
41,25,8,5,0,5,2026-07-30T17:20:08.869126
41,25,9,5,0,5,2026-07-30T17:20:09.064375
41,25,10,5,0,5,2026-07-30T17:20:08.553810
41,26,1,5,0,5,2026-07-30T17:20:09.185362
41,26,2,5,0,5,2026-07-30T17:20:09.200597
41,26,3,5,0,5,2026-07-30T17:20:09.460254
41,26,4,5,0,5,2026-07-30T17:20:10.133253
41,26,5,5,0,5,2026-07-30T17:20:10.405949
41,26,6,5,0,5,2026-07-30T17:20:10.525522
41,26,7,5,0,5,2026-07-30T17:20:10.753548
41,26,8,5,0,5,2026-07-30T17:20:10.534270
41,26,9,5,0,5,2026-07-30T17:20:10.252390
41,26,10,5,0,5,2026-07-30T17:20:11.048890
41,27,1,5,0,5,2026-07-30T17:20:10.539442
41,27,2,5,0,5,2026-07-30T17:20:11.583468
41,27,3,5,0,5,2026-07-30T17:20:11.715273
41,27,4,5,0,5,2026-07-30T17:20:11.873546
41,27,5,5,0,5,2026-07-30T17:20:11.766461
41,27,6,5,0,5,2026-07-30T17:20:12.178919
41,27,7,5,0,5,2026-07-30T17:20:12.002368
41,27,8,5,0,5,2026-07-30T17:20:12.051662
41,27,9,5,0,5,2026-07-30T17:20:12.294295
41,27,10,5,0,5,2026-07-30T17:20:13.037624
41,28,1,4,0,4,2026-07-30T17:20:13.163455
41,28,2,3,0,3,2026-07-30T17:20:13.044559
41,28,3,5,0,5,2026-07-30T17:20:13.532729
41,28,4,4,0,4,2026-07-30T17:20:13.258316
41,28,5,3,0,3,2026-07-30T17:20:13.697972
41,28,6,3,0,3,2026-07-30T17:20:13.843336
41,28,7,3,0,3,2026-07-30T17:20:13.958420
41,28,8,4,0,4,2026-07-30T17:20:14.706534
41,28,9,3,0,3,2026-07-30T17:20:14.294300
41,28,10,4,0,4,2026-07-30T17:20:15.222868
41,29,1,5,0,5,2026-07-30T17:20:14.938908
41,29,2,5,0,5,2026-07-30T17:20:14.792140
41,29,3,5,0,5,2026-07-30T17:20:14.976758
41,29,4,5,0,5,2026-07-30T17:20:15.274290
41,29,5,5,0,5,2026-07-30T17:20:15.399375
41,29,6,5,0,5,2026-07-30T17:20:15.555903
41,29,7,5,0,5,2026-07-30T17:20:15.750224
41,29,8,5,0,5,2026-07-30T17:20:16.469319
41,29,9,5,0,5,2026-07-30T17:20:16.769471
41,29,10,5,0,5,2026-07-30T17:20:16.037140
41,30,1,5,0,5,2026-07-30T17:20:17.076585
41,30,2,5,0,5,2026-07-30T17:20:17.132098
41,30,3,5,0,5,2026-07-30T17:20:16.627776
41,30,4,5,0,5,2026-07-30T17:20:16.797813
41,30,5,5,0,5,2026-07-30T17:20:17.400187
41,30,6,5,0,5,2026-07-30T17:20:17.905431
41,30,7,5,0,5,2026-07-30T17:20:18.478921
41,30,8,5,0,5,2026-07-30T17:20:18.267110
41,30,9,5,0,5,2026-07-30T17:20:18.183070
41,30,10,5,0,5,2026-07-30T17:20:18.225783
42,1,1,3,0,3,2026-07-30T17:20:18.332692
42,1,2,5,0,5,2026-07-30T17:20:18.594375
42,1,3,5,0,5,2026-07-30T17:20:18.436557
42,1,4,3,0,3,2026-07-30T17:20:19.939136
42,1,5,3,0,3,2026-07-30T17:20:20.036469
42,1,6,4,0,4,2026-07-30T17:20:19.899713
42,1,7,5,0,5,2026-07-30T17:20:19.298869
42,1,8,5,0,5,2026-07-30T17:20:19.803081
42,1,9,3,0,3,2026-07-30T17:20:20.278022
42,1,10,3,0,3,2026-07-30T17:20:19.725887
42,2,1,5,0,5,2026-07-30T17:20:20.475798
42,2,2,5,0,5,2026-07-30T17:20:20.953045
42,2,3,5,0,5,2026-07-30T17:20:21.418033
42,2,4,5,0,5,2026-07-30T17:20:21.438317
42,2,5,5,0,5,2026-07-30T17:20:21.564692
42,2,6,5,0,5,2026-07-30T17:20:21.192393
42,2,7,5,0,5,2026-07-30T17:20:21.261232
42,2,8,5,0,5,2026-07-30T17:20:22.129156
42,2,9,5,0,5,2026-07-30T17:20:21.740427
42,2,10,5,0,5,2026-07-30T17:20:23.010740
42,3,1,0,0,0,2026-07-30T17:20:22.831847
42,3,2,0,0,0,2026-07-30T17:20:22.528389
42,3,3,0,0,0,2026-07-30T17:20:22.655442
42,3,4,0,0,0,2026-07-30T17:20:23.072508
42,3,5,0,0,0,2026-07-30T17:20:23.227054
42,3,6,0,0,0,2026-07-30T17:20:23.593789
42,3,7,0,0,0,2026-07-30T17:20:23.352257
42,3,8,0,0,0,2026-07-30T17:20:23.983097
42,3,9,0,0,0,2026-07-30T17:20:24.541555
42,3,10,0,0,0,2026-07-30T17:20:24.765727
42,4,1,0,0,0,2026-07-30T17:20:24.480519
42,4,2,0,0,0,2026-07-30T17:20:24.713655
42,4,3,0,0,0,2026-07-30T17:20:24.884917
42,4,4,0,0,0,2026-07-30T17:20:24.600823
42,4,5,0,0,0,2026-07-30T17:20:25.223074
42,4,6,0,0,0,2026-07-30T17:20:25.410718
42,4,7,0,0,0,2026-07-30T17:20:25.753888
42,4,8,0,0,0,2026-07-30T17:20:26.419444
42,4,9,0,0,0,2026-07-30T17:20:26.656265
42,4,10,0,0,0,2026-07-30T17:20:25.957424
42,5,1,0,0,0,2026-07-30T17:20:25.792419
42,5,2,0,0,0,2026-07-30T17:20:26.151951
42,5,3,0,0,0,2026-07-30T17:20:27.088488
42,5,4,0,0,0,2026-07-30T17:20:27.253948
42,5,5,0,0,0,2026-07-30T17:20:27.195622
42,5,6,0,0,0,2026-07-30T17:20:26.817448
42,5,7,0,0,0,2026-07-30T17:20:27.639230
42,5,8,0,0,0,2026-07-30T17:20:27.374338
42,5,9,0,0,0,2026-07-30T17:20:28.292003
42,5,10,0,0,0,2026-07-30T17:20:27.918712
42,6,1,0,0,0,2026-07-30T17:20:28.257673
42,6,2,0,0,0,2026-07-30T17:20:28.786339
42,6,3,0,0,0,2026-07-30T17:20:28.626921
42,6,4,0,0,0,2026-07-30T17:20:28.922459
42,6,5,0,0,0,2026-07-30T17:20:28.417875
42,6,6,0,0,0,2026-07-30T17:20:28.884829
42,6,7,0,0,0,2026-07-30T17:20:29.166537
42,6,8,0,0,0,2026-07-30T17:20:29.704296
42,6,9,0,0,0,2026-07-30T17:20:29.352930
42,6,10,0,0,0,2026-07-30T17:20:30.268195
42,7,1,5,0,5,2026-07-30T17:20:30.494489
42,7,2,5,0,5,2026-07-30T17:20:30.021613
42,7,3,5,0,5,2026-07-30T17:20:30.138562
42,7,4,5,0,5,2026-07-30T17:20:29.977399
42,7,5,5,0,5,2026-07-30T17:20:30.615926
42,7,6,5,0,5,2026-07-30T17:20:31.222379
42,7,7,5,0,5,2026-07-30T17:20:31.558988
42,7,8,5,0,5,2026-07-30T17:20:32.051238
42,7,9,5,0,5,2026-07-30T17:20:31.681079
42,7,10,5,0,5,2026-07-30T17:20:31.997895
42,8,1,0,0,0,2026-07-30T17:20:31.722043
42,8,2,0,0,0,2026-07-30T17:20:31.950254
42,8,3,0,0,0,2026-07-30T17:20:31.887193
42,8,4,0,0,0,2026-07-30T17:20:33.079859
42,8,5,0,0,0,2026-07-30T17:20:32.987873
42,8,6,0,0,0,2026-07-30T17:20:32.900053
42,8,7,0,0,0,2026-07-30T17:20:33.150376
42,8,8,0,0,0,2026-07-30T17:20:40.771859
42,8,9,0,0,0,2026-07-30T17:20:33.224730
42,8,10,0,0,0,2026-07-30T17:20:33.665417
42,9,1,0,0,0,2026-07-30T17:20:33.531218
42,9,2,0,0,0,2026-07-30T17:20:40.297778
42,9,3,0,0,0,2026-07-30T17:20:40.339301
42,9,4,0,0,0,2026-07-30T17:20:40.462057
42,9,5,0,0,0,2026-07-30T17:20:40.423870
42,9,6,0,0,0,2026-07-30T17:20:40.429790
42,9,7,0,0,0,2026-07-30T17:20:40.240295
42,9,8,0,0,0,2026-07-30T17:20:40.388801
42,9,9,3,0,3,2026-07-30T17:20:41.884857
42,9,10,0,0,0,2026-07-30T17:20:41.565296
42,10,1,0,0,0,2026-07-30T17:20:42.199430
42,10,2,0,0,0,2026-07-30T17:20:42.027515
42,10,3,0,0,0,2026-07-30T17:20:42.279148
42,10,4,0,0,0,2026-07-30T17:20:42.076441
42,10,5,0,0,0,2026-07-30T17:20:41.723044
42,10,6,0,0,0,2026-07-30T17:20:42.428257
42,10,7,0,0,0,2026-07-30T17:20:42.830341
42,10,8,0,0,0,2026-07-30T17:20:43.201852
42,10,9,0,0,0,2026-07-30T17:20:43.749697
42,10,10,0,0,0,2026-07-30T17:20:43.054481
42,11,1,0,0,0,2026-07-30T17:20:43.952856
42,11,2,0,0,0,2026-07-30T17:20:43.249678
42,11,3,0,0,0,2026-07-30T17:20:44.140000
42,11,4,0,0,0,2026-07-30T17:20:44.108404
42,11,5,3,0,3,2026-07-30T17:20:44.520962
42,11,6,0,0,0,2026-07-30T17:20:44.288572
42,11,7,0,0,0,2026-07-30T17:20:45.047958
42,11,8,0,0,0,2026-07-30T17:20:45.330265
42,11,9,0,0,0,2026-07-30T17:20:45.398720
42,11,10,5,0,5,2026-07-30T17:20:45.232402
42,12,1,5,0,5,2026-07-30T17:20:45.960674
42,12,2,5,0,5,2026-07-30T17:20:45.373804
42,12,3,4,0,4,2026-07-30T17:20:45.354515
42,12,4,5,0,5,2026-07-30T17:20:45.579137
42,12,5,5,0,5,2026-07-30T17:20:46.282413
42,12,6,5,0,5,2026-07-30T17:20:46.460150
42,12,7,5,0,5,2026-07-30T17:20:46.981899
42,12,8,5,0,5,2026-07-30T17:20:46.811576
42,12,9,3,0,3,2026-07-30T17:20:46.455908
42,12,10,5,0,5,2026-07-30T17:20:46.447397
42,13,1,0,0,0,2026-07-30T17:20:47.227528
42,13,2,0,0,0,2026-07-30T17:20:47.001410
42,13,3,0,0,0,2026-07-30T17:20:47.563603
42,13,4,0,0,0,2026-07-30T17:20:47.905815
42,13,5,3,0,3,2026-07-30T17:20:47.697951
42,13,6,0,0,0,2026-07-30T17:20:48.115752
42,13,7,0,0,0,2026-07-30T17:20:48.876497
42,13,8,0,0,0,2026-07-30T17:20:48.450443
42,13,9,0,0,0,2026-07-30T17:20:48.242802
42,13,10,0,0,0,2026-07-30T17:20:48.472337
42,14,1,5,0,5,2026-07-30T17:20:48.641632
42,14,2,5,0,5,2026-07-30T17:20:49.161125
42,14,3,5,0,5,2026-07-30T17:20:48.944198
42,14,4,5,0,5,2026-07-30T17:20:49.735670
42,14,5,5,0,5,2026-07-30T17:20:49.691252
42,14,6,5,0,5,2026-07-30T17:20:49.903175
42,14,7,5,0,5,2026-07-30T17:20:49.755091
42,14,8,5,0,5,2026-07-30T17:20:50.300249
42,14,9,5,0,5,2026-07-30T17:20:50.115172
42,14,10,5,0,5,2026-07-30T17:20:50.401429
42,15,1,0,0,0,2026-07-30T17:20:50.809723
42,15,2,5,0,5,2026-07-30T17:20:51.513605
42,15,3,0,0,0,2026-07-30T17:20:51.583057
42,15,4,0,0,0,2026-07-30T17:20:51.030365
42,15,5,0,0,0,2026-07-30T17:20:51.360015
42,15,6,0,0,0,2026-07-30T17:20:51.782821
42,15,7,0,0,0,2026-07-30T17:20:52.159070
42,15,8,5,0,5,2026-07-30T17:20:51.652955
42,15,9,0,0,0,2026-07-30T17:20:52.326265
42,15,10,0,0,0,2026-07-30T17:20:52.487496
42,16,1,5,0,5,2026-07-30T17:20:52.600072
42,16,2,5,0,5,2026-07-30T17:20:52.757345
42,16,3,5,0,5,2026-07-30T17:20:53.419670
42,16,4,5,0,5,2026-07-30T17:20:53.514332
42,16,5,5,0,5,2026-07-30T17:20:53.350953
42,16,6,5,0,5,2026-07-30T17:20:53.351079
42,16,7,5,0,5,2026-07-30T17:20:53.552454
42,16,8,5,0,5,2026-07-30T17:20:54.152389
42,16,9,5,0,5,2026-07-30T17:20:54.148749
42,16,10,5,0,5,2026-07-30T17:20:54.570896
42,17,1,5,0,5,2026-07-30T17:20:55.189316
42,17,2,5,0,5,2026-07-30T17:20:55.009736
42,17,3,5,0,5,2026-07-30T17:20:54.861130
42,17,4,5,0,5,2026-07-30T17:20:54.779671
42,17,5,5,0,5,2026-07-30T17:20:54.994038
42,17,6,5,0,5,2026-07-30T17:20:55.208958
42,17,7,5,0,5,2026-07-30T17:20:55.160501
42,17,8,5,0,5,2026-07-30T17:20:56.008433
42,17,9,5,0,5,2026-07-30T17:20:56.673278
42,17,10,5,0,5,2026-07-30T17:20:56.514352
42,18,1,5,0,5,2026-07-30T17:20:56.880716
42,18,2,5,0,5,2026-07-30T17:20:56.230240
42,18,3,5,0,5,2026-07-30T17:20:56.389344
42,18,4,5,0,5,2026-07-30T17:20:56.419221
42,18,5,5,0,5,2026-07-30T17:20:56.440405
42,18,6,5,0,5,2026-07-30T17:20:57.883485
42,18,7,5,0,5,2026-07-30T17:20:57.887504
42,18,8,5,0,5,2026-07-30T17:20:57.611056
42,18,9,5,0,5,2026-07-30T17:20:57.846491
42,18,10,5,0,5,2026-07-30T17:20:57.877822
42,19,1,5,0,5,2026-07-30T17:20:57.942063
42,19,2,5,0,5,2026-07-30T17:20:58.125155
42,19,3,5,0,5,2026-07-30T17:20:58.733485
42,19,4,5,0,5,2026-07-30T17:20:59.256540
42,19,5,5,0,5,2026-07-30T17:20:59.071699
42,19,6,5,0,5,2026-07-30T17:20:59.518117
42,19,7,5,0,5,2026-07-30T17:20:59.544241
42,19,8,5,0,5,2026-07-30T17:20:59.763831
42,19,9,5,0,5,2026-07-30T17:20:59.380425
42,19,10,5,0,5,2026-07-30T17:21:00.002850
42,20,1,5,0,5,2026-07-30T17:20:59.576412
42,20,2,5,0,5,2026-07-30T17:21:00.089077
42,20,3,5,0,5,2026-07-30T17:21:00.701162
42,20,4,5,0,5,2026-07-30T17:21:01.056940
42,20,5,5,0,5,2026-07-30T17:21:01.189324
42,20,6,5,0,5,2026-07-30T17:21:01.180929
42,20,7,5,0,5,2026-07-30T17:21:01.040958
42,20,8,5,0,5,2026-07-30T17:21:00.797293
42,20,9,5,0,5,2026-07-30T17:21:01.872235
42,20,10,5,0,5,2026-07-30T17:21:01.335146
42,21,1,5,0,5,2026-07-30T17:21:01.943139
42,21,2,5,0,5,2026-07-30T17:21:02.217998
42,21,3,5,0,5,2026-07-30T17:21:02.708052
42,21,4,5,0,5,2026-07-30T17:21:02.717348
42,21,5,5,0,5,2026-07-30T17:21:02.214593
42,21,6,5,0,5,2026-07-30T17:21:02.242353
42,21,7,5,0,5,2026-07-30T17:21:02.554428
42,21,8,5,0,5,2026-07-30T17:21:02.891043
42,21,9,5,0,5,2026-07-30T17:21:03.808772
42,21,10,5,0,5,2026-07-30T17:21:03.089181
42,22,1,5,0,5,2026-07-30T17:21:03.269708
42,22,2,5,0,5,2026-07-30T17:21:04.123667
42,22,3,5,0,5,2026-07-30T17:21:03.778879
42,22,4,5,0,5,2026-07-30T17:21:04.173650
42,22,5,5,0,5,2026-07-30T17:21:03.573601
42,22,6,5,0,5,2026-07-30T17:21:04.960716
42,22,7,5,0,5,2026-07-30T17:21:04.132454
42,22,8,5,0,5,2026-07-30T17:21:04.710066
42,22,9,5,0,5,2026-07-30T17:21:05.428391
42,22,10,5,0,5,2026-07-30T17:21:05.015057
42,23,1,5,0,5,2026-07-30T17:21:05.269679
42,23,2,5,0,5,2026-07-30T17:21:05.180221
42,23,3,5,0,5,2026-07-30T17:21:05.796970
42,23,4,5,0,5,2026-07-30T17:21:05.600084
42,23,5,5,0,5,2026-07-30T17:21:05.961262
42,23,6,5,0,5,2026-07-30T17:21:06.420403
42,23,7,5,0,5,2026-07-30T17:21:06.861212
42,23,8,5,0,5,2026-07-30T17:21:06.586464
42,23,9,5,0,5,2026-07-30T17:21:06.709254
42,23,10,5,0,5,2026-07-30T17:21:07.039497
42,24,1,0,0,0,2026-07-30T17:21:07.055727
42,24,2,0,0,0,2026-07-30T17:21:07.250976
42,24,3,0,0,0,2026-07-30T17:21:07.807976
42,24,4,0,0,0,2026-07-30T17:21:07.679251
42,24,5,0,0,0,2026-07-30T17:21:07.813207
42,24,6,0,0,0,2026-07-30T17:21:07.758812
42,24,7,0,0,0,2026-07-30T17:21:07.909650
42,24,8,0,0,0,2026-07-30T17:21:08.899056
42,24,9,0,0,0,2026-07-30T17:21:08.310132
42,24,10,0,0,0,2026-07-30T17:21:09.091560
42,25,1,0,0,0,2026-07-30T17:21:09.131232
42,25,2,0,0,0,2026-07-30T17:21:08.609941
42,25,3,0,0,0,2026-07-30T17:21:09.853599
42,25,4,0,0,0,2026-07-30T17:21:09.461341
42,25,5,0,0,0,2026-07-30T17:21:09.982399
42,25,6,0,0,0,2026-07-30T17:21:10.170880
42,25,7,0,0,0,2026-07-30T17:21:10.463767
42,25,8,0,0,0,2026-07-30T17:21:09.975465
42,25,9,0,0,0,2026-07-30T17:21:10.739919
42,25,10,0,0,0,2026-07-30T17:21:10.376956
42,26,1,5,0,5,2026-07-30T17:21:10.512014
42,26,2,5,0,5,2026-07-30T17:21:11.311509
42,26,3,5,0,5,2026-07-30T17:21:12.013022
42,26,4,5,0,5,2026-07-30T17:21:11.641651
42,26,5,5,0,5,2026-07-30T17:21:11.413631
42,26,6,5,0,5,2026-07-30T17:21:11.794608
42,26,7,5,0,5,2026-07-30T17:21:11.891383
42,26,8,5,0,5,2026-07-30T17:21:12.347728
42,26,9,5,0,5,2026-07-30T17:21:12.197254
42,26,10,5,0,5,2026-07-30T17:21:12.760605
42,27,1,5,0,5,2026-07-30T17:21:13.067156
42,27,2,5,0,5,2026-07-30T17:21:13.053457
42,27,3,5,0,5,2026-07-30T17:21:13.241267
42,27,4,5,0,5,2026-07-30T17:21:13.324467
42,27,5,5,0,5,2026-07-30T17:21:13.657969
42,27,6,5,0,5,2026-07-30T17:21:13.453470
42,27,7,5,0,5,2026-07-30T17:21:13.988856
42,27,8,5,0,5,2026-07-30T17:21:14.388067
42,27,9,5,0,5,2026-07-30T17:21:14.672596
42,27,10,5,0,5,2026-07-30T17:21:14.519508
42,28,1,5,0,5,2026-07-30T17:21:14.283616
42,28,2,5,0,5,2026-07-30T17:21:14.582958
42,28,3,5,0,5,2026-07-30T17:21:14.480333
42,28,4,5,0,5,2026-07-30T17:21:14.512351
42,28,5,5,0,5,2026-07-30T17:21:15.842993
42,28,6,5,0,5,2026-07-30T17:21:15.488750
42,28,7,5,0,5,2026-07-30T17:21:16.255173
42,28,8,5,0,5,2026-07-30T17:21:15.902503
42,28,9,5,0,5,2026-07-30T17:21:15.965471
42,28,10,5,0,5,2026-07-30T17:21:15.562702
42,29,1,5,0,5,2026-07-30T17:21:16.255415
42,29,2,5,0,5,2026-07-30T17:21:15.679954
42,29,3,5,0,5,2026-07-30T17:21:16.506387
42,29,4,5,0,5,2026-07-30T17:21:16.824681
42,29,5,5,0,5,2026-07-30T17:21:17.324627
42,29,6,5,0,5,2026-07-30T17:21:17.700119
42,29,7,5,0,5,2026-07-30T17:21:17.510618
42,29,8,5,0,5,2026-07-30T17:21:17.816895
42,29,9,5,0,5,2026-07-30T17:21:17.907826
42,29,10,5,0,5,2026-07-30T17:21:18.110363
42,30,1,5,0,5,2026-07-30T17:21:17.749649
42,30,2,5,0,5,2026-07-30T17:21:18.278287
42,30,3,0,0,0,2026-07-30T17:21:19.349937
42,30,4,5,0,5,2026-07-30T17:21:19.145536
42,30,5,5,0,5,2026-07-30T17:21:19.554140
42,30,6,5,0,5,2026-07-30T17:21:19.192822
42,30,7,5,0,5,2026-07-30T17:21:19.041821
42,30,8,0,0,0,2026-07-30T17:21:18.757800
42,30,9,0,0,0,2026-07-30T17:21:19.767062
42,30,10,5,0,5,2026-07-30T17:21:19.714443
43,1,1,5,0,5,2026-07-30T17:21:20.593199
43,1,2,5,0,5,2026-07-30T17:21:20.877267
43,1,3,5,0,5,2026-07-30T17:21:20.788544
43,1,4,5,0,5,2026-07-30T17:21:20.845339
43,1,5,5,0,5,2026-07-30T17:21:21.004621
43,1,6,5,0,5,2026-07-30T17:21:20.800914
43,1,7,5,0,5,2026-07-30T17:21:21.139110
43,1,8,5,0,5,2026-07-30T17:21:21.615714
43,1,9,5,0,5,2026-07-30T17:21:22.238139
43,1,10,5,0,5,2026-07-30T17:21:22.460640
43,2,1,5,0,5,2026-07-30T17:21:22.654791
43,2,2,5,0,5,2026-07-30T17:21:22.475994
43,2,3,5,0,5,2026-07-30T17:21:22.524486
43,2,4,5,0,5,2026-07-30T17:21:22.884632
43,2,5,5,0,5,2026-07-30T17:21:22.759701
43,2,6,5,0,5,2026-07-30T17:21:23.101408
43,2,7,5,0,5,2026-07-30T17:21:23.298294
43,2,8,5,0,5,2026-07-30T17:21:24.277581
43,2,9,5,0,5,2026-07-30T17:21:23.494125
43,2,10,5,0,5,2026-07-30T17:21:23.788703
43,3,1,0,0,0,2026-07-30T17:21:23.672113
43,3,2,0,0,0,2026-07-30T17:21:24.179799
43,3,3,0,0,0,2026-07-30T17:21:23.910455
43,3,4,0,0,0,2026-07-30T17:21:24.135500
43,3,5,0,0,0,2026-07-30T17:21:24.542504
43,3,6,0,0,0,2026-07-30T17:21:24.708005
43,3,7,0,0,0,2026-07-30T17:21:25.154087
43,3,8,0,0,0,2026-07-30T17:21:25.233194
43,3,9,0,0,0,2026-07-30T17:21:25.736883
43,3,10,0,0,0,2026-07-30T17:21:25.590295
43,4,1,3,0,3,2026-07-30T17:21:26.039432
43,4,2,2,0,2,2026-07-30T17:21:25.920285
43,4,3,0,0,0,2026-07-30T17:21:25.987933
43,4,4,0,0,0,2026-07-30T17:21:26.554111
43,4,5,0,0,0,2026-07-30T17:21:26.989520
43,4,6,0,0,0,2026-07-30T17:21:26.479381
43,4,7,0,0,0,2026-07-30T17:21:27.234481
43,4,8,0,0,0,2026-07-30T17:21:27.173150
43,4,9,0,0,0,2026-07-30T17:21:27.174724
43,4,10,0,0,0,2026-07-30T17:21:27.636548
43,5,1,0,0,0,2026-07-30T17:21:27.089754
43,5,2,0,0,0,2026-07-30T17:21:28.329667
43,5,3,0,0,0,2026-07-30T17:21:28.432073
43,5,4,0,0,0,2026-07-30T17:21:28.422460
43,5,5,0,0,0,2026-07-30T17:21:28.979997
43,5,6,0,0,0,2026-07-30T17:21:29.024897
43,5,7,0,0,0,2026-07-30T17:21:28.824461
43,5,8,0,0,0,2026-07-30T17:21:28.656700
43,5,9,0,0,0,2026-07-30T17:21:29.279636
43,5,10,0,0,0,2026-07-30T17:21:29.359762
43,6,1,5,0,5,2026-07-30T17:21:30.069679
43,6,2,5,0,5,2026-07-30T17:21:30.281900
43,6,3,5,0,5,2026-07-30T17:21:30.292574
43,6,4,5,0,5,2026-07-30T17:21:30.064733
43,6,5,5,0,5,2026-07-30T17:21:30.421825
43,6,6,5,0,5,2026-07-30T17:21:30.711050
43,6,7,5,0,5,2026-07-30T17:21:31.129499
43,6,8,5,0,5,2026-07-30T17:21:30.413725
43,6,9,5,0,5,2026-07-30T17:21:31.517255
43,6,10,5,0,5,2026-07-30T17:21:31.722614
43,7,1,5,0,5,2026-07-30T17:21:31.302413
43,7,2,5,0,5,2026-07-30T17:21:31.936913
43,7,3,5,0,5,2026-07-30T17:21:32.481515
43,7,4,5,0,5,2026-07-30T17:21:32.247847
43,7,5,5,0,5,2026-07-30T17:21:32.129647
43,7,6,5,0,5,2026-07-30T17:21:32.184125
43,7,7,5,0,5,2026-07-30T17:21:32.955556
43,7,8,5,0,5,2026-07-30T17:21:32.976271
43,7,9,5,0,5,2026-07-30T17:21:32.939507
43,7,10,5,0,5,2026-07-30T17:21:33.800058
43,8,1,5,0,5,2026-07-30T17:21:33.181362
43,8,2,5,0,5,2026-07-30T17:21:33.835999
43,8,3,5,0,5,2026-07-30T17:21:33.711049
43,8,4,5,0,5,2026-07-30T17:21:34.125512
43,8,5,5,0,5,2026-07-30T17:21:34.580765
43,8,6,5,0,5,2026-07-30T17:21:34.183413
43,8,7,5,0,5,2026-07-30T17:21:34.249358
43,8,8,5,0,5,2026-07-30T17:21:35.053038
43,8,9,5,0,5,2026-07-30T17:21:35.420542
43,8,10,5,0,5,2026-07-30T17:21:35.280115
43,9,1,3,0,3,2026-07-30T17:21:35.505838
43,9,2,5,0,5,2026-07-30T17:21:35.585128
43,9,3,5,0,5,2026-07-30T17:21:35.662055
43,9,4,5,0,5,2026-07-30T17:21:36.099035
43,9,5,5,0,5,2026-07-30T17:21:35.797915
43,9,6,0,0,0,2026-07-30T17:21:36.082891
43,9,7,5,0,5,2026-07-30T17:21:36.340250
43,9,8,3,0,3,2026-07-30T17:21:36.474902
43,9,9,5,0,5,2026-07-30T17:21:36.743071
43,9,10,5,0,5,2026-07-30T17:21:37.490922
43,10,1,0,0,0,2026-07-30T17:21:37.116544
43,10,2,0,0,0,2026-07-30T17:21:37.496696
43,10,3,0,0,0,2026-07-30T17:21:37.748267
43,10,4,0,0,0,2026-07-30T17:21:37.936255
43,10,5,0,0,0,2026-07-30T17:21:37.498386
43,10,6,0,0,0,2026-07-30T17:21:37.525170
43,10,7,0,0,0,2026-07-30T17:21:38.802303
43,10,8,0,0,0,2026-07-30T17:21:38.951171
43,10,9,0,0,0,2026-07-30T17:21:38.539838
43,10,10,0,0,0,2026-07-30T17:21:39.347693
43,11,1,5,0,5,2026-07-30T17:21:39.349387
43,11,2,5,0,5,2026-07-30T17:21:39.015589
43,11,3,5,0,5,2026-07-30T17:21:39.192966
43,11,4,5,0,5,2026-07-30T17:21:39.589671
43,11,5,5,0,5,2026-07-30T17:21:40.188136
43,11,6,5,0,5,2026-07-30T17:21:39.852449
43,11,7,5,0,5,2026-07-30T17:21:40.401926
43,11,8,5,0,5,2026-07-30T17:21:40.065304
43,11,9,5,0,5,2026-07-30T17:21:40.835616
43,11,10,5,0,5,2026-07-30T17:21:40.392223
43,12,1,5,0,5,2026-07-30T17:21:40.401733
43,12,2,5,0,5,2026-07-30T17:21:40.845776
43,12,3,5,0,5,2026-07-30T17:21:41.091013
43,12,4,5,0,5,2026-07-30T17:21:41.501658
43,12,5,5,0,5,2026-07-30T17:21:41.866723
43,12,6,5,0,5,2026-07-30T17:21:41.856178
43,12,7,5,0,5,2026-07-30T17:21:41.867969
43,12,8,5,0,5,2026-07-30T17:21:42.413588
43,12,9,5,0,5,2026-07-30T17:21:42.700796
43,12,10,5,0,5,2026-07-30T17:21:41.691633
43,13,1,5,0,5,2026-07-30T17:21:42.534844
43,13,2,5,0,5,2026-07-30T17:21:43.118312
43,13,3,5,0,5,2026-07-30T17:21:43.581596
43,13,4,5,0,5,2026-07-30T17:21:43.722630
43,13,5,5,0,5,2026-07-30T17:21:42.918765
43,13,6,5,0,5,2026-07-30T17:21:43.719918
43,13,7,5,0,5,2026-07-30T17:21:44.066805
43,13,8,3,0,3,2026-07-30T17:21:44.195941
43,13,9,5,0,5,2026-07-30T17:21:44.558921
43,13,10,3,0,3,2026-07-30T17:21:43.963607
43,14,1,5,0,5,2026-07-30T17:21:43.952586
43,14,2,5,0,5,2026-07-30T17:21:44.610992
43,14,3,5,0,5,2026-07-30T17:21:45.156573
43,14,4,5,0,5,2026-07-30T17:21:45.788256
43,14,5,5,0,5,2026-07-30T17:21:45.409838
43,14,6,5,0,5,2026-07-30T17:21:44.818890
43,14,7,5,0,5,2026-07-30T17:21:45.723105
43,14,8,5,0,5,2026-07-30T17:21:45.641255
43,14,9,5,0,5,2026-07-30T17:21:46.205659
43,14,10,5,0,5,2026-07-30T17:21:46.284713
43,15,1,0,0,0,2026-07-30T17:21:46.426292
43,15,2,0,0,0,2026-07-30T17:21:46.409544
43,15,3,0,0,0,2026-07-30T17:21:46.662156
43,15,4,0,0,0,2026-07-30T17:21:47.084561
43,15,5,0,0,0,2026-07-30T17:21:47.368033
43,15,6,0,0,0,2026-07-30T17:21:47.208092
43,15,7,0,0,0,2026-07-30T17:21:47.661453
43,15,8,0,0,0,2026-07-30T17:21:47.755145
43,15,9,0,0,0,2026-07-30T17:21:48.262275
43,15,10,0,0,0,2026-07-30T17:21:47.493398
43,16,1,5,0,5,2026-07-30T17:21:48.516968
43,16,2,5,0,5,2026-07-30T17:21:48.313138
43,16,3,5,0,5,2026-07-30T17:21:48.864566
43,16,4,5,0,5,2026-07-30T17:21:48.812408
43,16,5,5,0,5,2026-07-30T17:21:48.723438
43,16,6,5,0,5,2026-07-30T17:21:48.907015
43,16,7,5,0,5,2026-07-30T17:21:48.992646
43,16,8,5,0,5,2026-07-30T17:21:49.118799
43,16,9,5,0,5,2026-07-30T17:21:49.156507
43,16,10,5,0,5,2026-07-30T17:21:49.566488
43,17,1,5,0,5,2026-07-30T17:21:50.578577
43,17,2,5,0,5,2026-07-30T17:21:50.072430
43,17,3,5,0,5,2026-07-30T17:21:50.106506
43,17,4,5,0,5,2026-07-30T17:21:50.769613
43,17,5,5,0,5,2026-07-30T17:21:50.257955
43,17,6,5,0,5,2026-07-30T17:21:50.748376
43,17,7,5,0,5,2026-07-30T17:21:51.206702
43,17,8,5,0,5,2026-07-30T17:21:50.832284
43,17,9,5,0,5,2026-07-30T17:21:51.721294
43,17,10,5,0,5,2026-07-30T17:21:51.379406
43,18,1,5,0,5,2026-07-30T17:21:51.541019
43,18,2,4,0,4,2026-07-30T17:21:52.439896
43,18,3,5,0,5,2026-07-30T17:21:51.816514
43,18,4,5,0,5,2026-07-30T17:21:52.655294
43,18,5,5,0,5,2026-07-30T17:21:52.268421
43,18,6,4,0,4,2026-07-30T17:21:53.026305
43,18,7,4,0,4,2026-07-30T17:21:52.784923
43,18,8,4,0,4,2026-07-30T17:21:53.182455
43,18,9,5,0,5,2026-07-30T17:21:53.360385
43,18,10,3,0,3,2026-07-30T17:21:53.279018
43,19,1,5,0,5,2026-07-30T17:21:53.708526
43,19,2,5,0,5,2026-07-30T17:21:53.884884
43,19,3,5,0,5,2026-07-30T17:21:54.488784
43,19,4,5,0,5,2026-07-30T17:21:54.052404
43,19,5,5,0,5,2026-07-30T17:21:54.062970
43,19,6,5,0,5,2026-07-30T17:21:54.626470
43,19,7,5,0,5,2026-07-30T17:21:54.729324
43,19,8,5,0,5,2026-07-30T17:21:55.029514
43,19,9,5,0,5,2026-07-30T17:21:54.742744
43,19,10,5,0,5,2026-07-30T17:21:55.306621
43,20,1,5,0,5,2026-07-30T17:21:55.702165
43,20,2,5,0,5,2026-07-30T17:21:55.112532
43,20,3,5,0,5,2026-07-30T17:21:55.731226
43,20,4,5,0,5,2026-07-30T17:21:56.271822
43,20,5,5,0,5,2026-07-30T17:21:56.176068
43,20,6,5,0,5,2026-07-30T17:21:55.980190
43,20,7,5,0,5,2026-07-30T17:21:56.474099
43,20,8,5,0,5,2026-07-30T17:21:56.151925
43,20,9,5,0,5,2026-07-30T17:21:56.331764
43,20,10,5,0,5,2026-07-30T17:21:57.574761
43,21,1,5,0,5,2026-07-30T17:21:56.794782
43,21,2,5,0,5,2026-07-30T17:21:57.834958
43,21,3,5,0,5,2026-07-30T17:21:57.833604
43,21,4,5,0,5,2026-07-30T17:21:57.437772
43,21,5,5,0,5,2026-07-30T17:21:57.897668
43,21,6,5,0,5,2026-07-30T17:21:58.163576
43,21,7,5,0,5,2026-07-30T17:21:58.308806
43,21,8,5,0,5,2026-07-30T17:21:58.650201
43,21,9,5,0,5,2026-07-30T17:21:58.699804
43,21,10,5,0,5,2026-07-30T17:21:59.031986
43,22,1,5,0,5,2026-07-30T17:21:59.077356
43,22,2,5,0,5,2026-07-30T17:21:59.676228
43,22,3,5,0,5,2026-07-30T17:21:58.933777
43,22,4,5,0,5,2026-07-30T17:21:59.198429
43,22,5,5,0,5,2026-07-30T17:21:59.346936
43,22,6,5,0,5,2026-07-30T17:22:00.318744
43,22,7,5,0,5,2026-07-30T17:22:00.360583
43,22,8,5,0,5,2026-07-30T17:22:00.372652
43,22,9,5,0,5,2026-07-30T17:22:00.077682
43,22,10,5,0,5,2026-07-30T17:22:00.330352
43,23,1,5,0,5,2026-07-30T17:22:00.431236
43,23,2,5,0,5,2026-07-30T17:22:00.779409
43,23,3,5,0,5,2026-07-30T17:22:01.299500
43,23,4,5,0,5,2026-07-30T17:22:01.499920
43,23,5,5,0,5,2026-07-30T17:22:01.757470
43,23,6,5,0,5,2026-07-30T17:22:01.553534
43,23,7,5,0,5,2026-07-30T17:22:02.417451
43,23,8,5,0,5,2026-07-30T17:22:02.412979
43,23,9,5,0,5,2026-07-30T17:22:02.268770
43,23,10,5,0,5,2026-07-30T17:22:02.040214
43,24,1,5,0,5,2026-07-30T17:22:02.927586
43,24,2,0,0,0,2026-07-30T17:22:02.548149
43,24,3,5,0,5,2026-07-30T17:22:03.396463
43,24,4,5,0,5,2026-07-30T17:22:03.757553
43,24,5,0,0,0,2026-07-30T17:22:03.515730
43,24,6,5,0,5,2026-07-30T17:22:04.140256
43,24,7,5,0,5,2026-07-30T17:22:03.676898
43,24,8,0,0,0,2026-07-30T17:22:04.278950
43,24,9,5,0,5,2026-07-30T17:22:04.257867
43,24,10,5,0,5,2026-07-30T17:22:03.981301
43,25,1,0,0,0,2026-07-30T17:22:05.019427
43,25,2,0,0,0,2026-07-30T17:22:05.548104
43,25,3,0,0,0,2026-07-30T17:22:04.939727
43,25,4,0,0,0,2026-07-30T17:22:05.427243
43,25,5,0,0,0,2026-07-30T17:22:05.625896
43,25,6,0,0,0,2026-07-30T17:22:06.003868
43,25,7,0,0,0,2026-07-30T17:22:05.293985
43,25,8,0,0,0,2026-07-30T17:22:05.321942
43,25,9,0,0,0,2026-07-30T17:22:06.404415
43,25,10,0,0,0,2026-07-30T17:22:06.260573
43,26,1,5,0,5,2026-07-30T17:22:07.154057
43,26,2,5,0,5,2026-07-30T17:22:06.375447
43,26,3,0,0,0,2026-07-30T17:22:07.248246
43,26,4,5,0,5,2026-07-30T17:22:07.401429
43,26,5,0,0,0,2026-07-30T17:22:07.267428
43,26,6,5,0,5,2026-07-30T17:22:07.458327
43,26,7,5,0,5,2026-07-30T17:22:07.692073
43,26,8,0,0,0,2026-07-30T17:22:08.239301
43,26,9,5,0,5,2026-07-30T17:22:08.094571
43,26,10,5,0,5,2026-07-30T17:22:08.578859
43,27,1,5,0,5,2026-07-30T17:22:08.714018
43,27,2,5,0,5,2026-07-30T17:22:08.526100
43,27,3,5,0,5,2026-07-30T17:22:09.286315
43,27,4,5,0,5,2026-07-30T17:22:08.451935
43,27,5,5,0,5,2026-07-30T17:22:08.715592
43,27,6,5,0,5,2026-07-30T17:22:09.557683
43,27,7,5,0,5,2026-07-30T17:22:10.297218
43,27,8,5,0,5,2026-07-30T17:22:09.551163
43,27,9,5,0,5,2026-07-30T17:22:10.425580
43,27,10,5,0,5,2026-07-30T17:22:10.444003
43,28,1,4,0,4,2026-07-30T17:22:09.750275
43,28,2,3,0,3,2026-07-30T17:22:10.179977
43,28,3,5,0,5,2026-07-30T17:22:10.332595
43,28,4,5,0,5,2026-07-30T17:22:10.793943
43,28,5,5,0,5,2026-07-30T17:22:11.426387
43,28,6,3,0,3,2026-07-30T17:22:11.402546
43,28,7,5,0,5,2026-07-30T17:22:11.216156
43,28,8,5,0,5,2026-07-30T17:22:11.765185
43,28,9,5,0,5,2026-07-30T17:22:11.582657
43,28,10,3,0,3,2026-07-30T17:22:12.290936
43,29,1,5,0,5,2026-07-30T17:22:11.907395
43,29,2,5,0,5,2026-07-30T17:22:12.247245
43,29,3,5,0,5,2026-07-30T17:22:13.114088
43,29,4,5,0,5,2026-07-30T17:22:12.435702
43,29,5,5,0,5,2026-07-30T17:22:13.286949
43,29,6,5,0,5,2026-07-30T17:22:12.855880
43,29,7,5,0,5,2026-07-30T17:22:13.033781
43,29,8,5,0,5,2026-07-30T17:22:13.358021
43,29,9,5,0,5,2026-07-30T17:22:13.676077
43,29,10,5,0,5,2026-07-30T17:22:13.537467
43,30,1,5,0,5,2026-07-30T17:22:13.641478
43,30,2,5,0,5,2026-07-30T17:22:14.321453
43,30,3,5,0,5,2026-07-30T17:22:14.269540
43,30,4,5,0,5,2026-07-30T17:22:14.576262
43,30,5,5,0,5,2026-07-30T17:22:15.150278
43,30,6,5,0,5,2026-07-30T17:22:15.213689
43,30,7,5,0,5,2026-07-30T17:22:15.366434
43,30,8,5,0,5,2026-07-30T17:22:14.681840
43,30,9,5,0,5,2026-07-30T17:22:14.703362
43,30,10,5,0,5,2026-07-30T17:22:15.322512
44,1,1,5,0,5,2026-07-30T17:22:15.979478
44,1,2,5,0,5,2026-07-30T17:22:16.393506
44,1,3,5,0,5,2026-07-30T17:22:15.928220
44,1,4,5,0,5,2026-07-30T17:22:16.146686
44,1,5,5,0,5,2026-07-30T17:22:16.392942
44,1,6,5,0,5,2026-07-30T17:22:16.232417
44,1,7,5,0,5,2026-07-30T17:22:16.584849
44,1,8,5,0,5,2026-07-30T17:22:16.829414
44,1,9,5,0,5,2026-07-30T17:22:17.194340
44,1,10,5,0,5,2026-07-30T17:22:17.849768
44,2,1,5,0,5,2026-07-30T17:22:17.371989
44,2,2,5,0,5,2026-07-30T17:22:18.102935
44,2,3,5,0,5,2026-07-30T17:22:18.280584
44,2,4,5,0,5,2026-07-30T17:22:18.240466
44,2,5,5,0,5,2026-07-30T17:22:17.821882
44,2,6,5,0,5,2026-07-30T17:22:18.280673
44,2,7,5,0,5,2026-07-30T17:22:18.450356
44,2,8,5,0,5,2026-07-30T17:22:18.568723
44,2,9,5,0,5,2026-07-30T17:22:19.060060
44,2,10,5,0,5,2026-07-30T17:22:19.680991
44,3,1,5,0,5,2026-07-30T17:22:19.983221
44,3,2,5,0,5,2026-07-30T17:22:19.889703
44,3,3,5,0,5,2026-07-30T17:22:19.936234
44,3,4,5,0,5,2026-07-30T17:22:19.553644
44,3,5,5,0,5,2026-07-30T17:22:19.478447
44,3,6,5,0,5,2026-07-30T17:22:20.007975
44,3,7,5,0,5,2026-07-30T17:22:20.084643
44,3,8,5,0,5,2026-07-30T17:22:20.944041
44,3,9,5,0,5,2026-07-30T17:22:20.572230
44,3,10,5,0,5,2026-07-30T17:22:21.537141
44,4,1,5,0,5,2026-07-30T17:22:21.328718
44,4,2,0,0,0,2026-07-30T17:22:21.757581
44,4,3,0,0,0,2026-07-30T17:22:21.836844
44,4,4,5,0,5,2026-07-30T17:22:21.065400
44,4,5,5,0,5,2026-07-30T17:22:21.936517
44,4,6,5,0,5,2026-07-30T17:22:22.014186
44,4,7,5,0,5,2026-07-30T17:22:22.178794
44,4,8,5,0,5,2026-07-30T17:22:22.896010
44,4,9,5,0,5,2026-07-30T17:22:22.582102
44,4,10,5,0,5,2026-07-30T17:22:23.220861
44,5,1,5,0,5,2026-07-30T17:22:23.643729
44,5,2,5,0,5,2026-07-30T17:22:23.291581
44,5,3,5,0,5,2026-07-30T17:22:23.560697
44,5,4,5,0,5,2026-07-30T17:22:23.485175
44,5,5,5,0,5,2026-07-30T17:22:24.267106
44,5,6,5,0,5,2026-07-30T17:22:23.609070
44,5,7,5,0,5,2026-07-30T17:22:24.513558
44,5,8,5,0,5,2026-07-30T17:22:25.086647
44,5,9,5,0,5,2026-07-30T17:22:24.525184
44,5,10,5,0,5,2026-07-30T17:22:24.927584
44,6,1,5,0,5,2026-07-30T17:22:24.597275
44,6,2,5,0,5,2026-07-30T17:22:25.469963
44,6,3,5,0,5,2026-07-30T17:22:25.094841
44,6,4,5,0,5,2026-07-30T17:22:25.714900
44,6,5,5,0,5,2026-07-30T17:22:25.947602
44,6,6,5,0,5,2026-07-30T17:22:25.780091
44,6,7,5,0,5,2026-07-30T17:22:26.260405
44,6,8,5,0,5,2026-07-30T17:22:26.362957
44,6,9,5,0,5,2026-07-30T17:22:26.547797
44,6,10,5,0,5,2026-07-30T17:22:26.143597
44,7,1,5,0,5,2026-07-30T17:22:27.308329
44,7,2,5,0,5,2026-07-30T17:22:27.171099
44,7,3,5,0,5,2026-07-30T17:22:27.417041
44,7,4,5,0,5,2026-07-30T17:22:27.392699
44,7,5,5,0,5,2026-07-30T17:22:27.600087
44,7,6,5,0,5,2026-07-30T17:22:27.691471
44,7,7,5,0,5,2026-07-30T17:22:28.025730
44,7,8,5,0,5,2026-07-30T17:22:27.609750
44,7,9,5,0,5,2026-07-30T17:22:28.597558
44,7,10,5,0,5,2026-07-30T17:22:28.973454
44,8,1,5,0,5,2026-07-30T17:22:28.850267
44,8,2,5,0,5,2026-07-30T17:22:29.474960
44,8,3,5,0,5,2026-07-30T17:22:29.244699
44,8,4,5,0,5,2026-07-30T17:22:29.463950
44,8,5,5,0,5,2026-07-30T17:22:29.146831
44,8,6,5,0,5,2026-07-30T17:22:29.895397
44,8,7,5,0,5,2026-07-30T17:22:29.638240
44,8,8,5,0,5,2026-07-30T17:22:30.089109
44,8,9,5,0,5,2026-07-30T17:22:30.625883
44,8,10,5,0,5,2026-07-30T17:22:30.368267
44,9,1,0,0,0,2026-07-30T17:22:30.719005
44,9,2,0,0,0,2026-07-30T17:22:31.293012
44,9,3,0,0,0,2026-07-30T17:22:30.496628
44,9,4,0,0,0,2026-07-30T17:22:30.882229
44,9,5,0,0,0,2026-07-30T17:22:31.136900
44,9,6,5,0,5,2026-07-30T17:22:31.119920
44,9,7,0,0,0,2026-07-30T17:22:31.413007
44,9,8,0,0,0,2026-07-30T17:22:31.563730
44,9,9,0,0,0,2026-07-30T17:22:31.897030
44,9,10,0,0,0,2026-07-30T17:22:32.187947
44,10,1,5,0,5,2026-07-30T17:22:32.301539
44,10,2,5,0,5,2026-07-30T17:22:32.572249
44,10,3,5,0,5,2026-07-30T17:22:32.359677
44,10,4,5,0,5,2026-07-30T17:22:32.521751
44,10,5,5,0,5,2026-07-30T17:22:33.254157
44,10,6,5,0,5,2026-07-30T17:22:33.227319
44,10,7,5,0,5,2026-07-30T17:22:33.366999
44,10,8,5,0,5,2026-07-30T17:22:33.468973
44,10,9,5,0,5,2026-07-30T17:22:33.943662
44,10,10,5,0,5,2026-07-30T17:22:33.376083
44,11,1,5,0,5,2026-07-30T17:22:33.739913
44,11,2,5,0,5,2026-07-30T17:22:33.832390
44,11,3,5,0,5,2026-07-30T17:22:34.269297
44,11,4,5,0,5,2026-07-30T17:22:34.299300
44,11,5,5,0,5,2026-07-30T17:22:34.843883
44,11,6,5,0,5,2026-07-30T17:22:34.417053
44,11,7,5,0,5,2026-07-30T17:22:34.926950
44,11,8,5,0,5,2026-07-30T17:22:35.552727
44,11,9,5,0,5,2026-07-30T17:22:35.048693
44,11,10,5,0,5,2026-07-30T17:22:35.201092
44,12,1,5,0,5,2026-07-30T17:22:36.121783
44,12,2,5,0,5,2026-07-30T17:22:35.759082
44,12,3,5,0,5,2026-07-30T17:22:35.850430
44,12,4,5,0,5,2026-07-30T17:22:36.683285
44,12,5,5,0,5,2026-07-30T17:22:36.380189
44,12,6,5,0,5,2026-07-30T17:22:36.710995
44,12,7,5,0,5,2026-07-30T17:22:36.644333
44,12,8,5,0,5,2026-07-30T17:22:37.018067
44,12,9,5,0,5,2026-07-30T17:22:37.005634
44,12,10,5,0,5,2026-07-30T17:22:36.914140
44,13,1,5,0,5,2026-07-30T17:22:37.560611
44,13,2,5,0,5,2026-07-30T17:22:37.585512
44,13,3,5,0,5,2026-07-30T17:22:38.515145
44,13,4,5,0,5,2026-07-30T17:22:38.323294
44,13,5,5,0,5,2026-07-30T17:22:38.363755
44,13,6,5,0,5,2026-07-30T17:22:38.780332
44,13,7,5,0,5,2026-07-30T17:22:38.884008
44,13,8,5,0,5,2026-07-30T17:22:38.464954
44,13,9,5,0,5,2026-07-30T17:22:38.596905
44,13,10,5,0,5,2026-07-30T17:22:38.610188
44,14,1,5,0,5,2026-07-30T17:22:39.994449
44,14,2,5,0,5,2026-07-30T17:22:39.376950
44,14,3,5,0,5,2026-07-30T17:22:39.710558
44,14,4,5,0,5,2026-07-30T17:22:39.788010
44,14,5,5,0,5,2026-07-30T17:22:40.436099
44,14,6,5,0,5,2026-07-30T17:22:40.465210
44,14,7,5,0,5,2026-07-30T17:22:40.007004
44,14,8,5,0,5,2026-07-30T17:22:40.137998
44,14,9,5,0,5,2026-07-30T17:22:40.620365
44,14,10,5,0,5,2026-07-30T17:22:41.124728
44,15,1,5,0,5,2026-07-30T17:22:41.645619
44,15,2,5,0,5,2026-07-30T17:22:41.438197
44,15,3,5,0,5,2026-07-30T17:22:41.838668
44,15,4,5,0,5,2026-07-30T17:22:41.573129
44,15,5,5,0,5,2026-07-30T17:22:42.114401
44,15,6,5,0,5,2026-07-30T17:22:42.135423
44,15,7,5,0,5,2026-07-30T17:22:42.094372
44,15,8,5,0,5,2026-07-30T17:22:42.372979
44,15,9,5,0,5,2026-07-30T17:22:42.858261
44,15,10,5,0,5,2026-07-30T17:22:43.002105
44,16,1,5,0,5,2026-07-30T17:22:43.087912
44,16,2,5,0,5,2026-07-30T17:22:43.510263
44,16,3,5,0,5,2026-07-30T17:22:43.524439
44,16,4,5,0,5,2026-07-30T17:22:43.317029
44,16,5,5,0,5,2026-07-30T17:22:43.369843
44,16,6,5,0,5,2026-07-30T17:22:43.417612
44,16,7,5,0,5,2026-07-30T17:22:44.310748
44,16,8,5,0,5,2026-07-30T17:22:44.138851
44,16,9,5,0,5,2026-07-30T17:22:44.126210
44,16,10,5,0,5,2026-07-30T17:22:44.777714
44,17,1,5,0,5,2026-07-30T17:22:44.380630
44,17,2,5,0,5,2026-07-30T17:22:45.467201
44,17,3,5,0,5,2026-07-30T17:22:45.156181
44,17,4,5,0,5,2026-07-30T17:22:45.158159
44,17,5,5,0,5,2026-07-30T17:22:45.149725
44,17,6,5,0,5,2026-07-30T17:22:45.592369
44,17,7,5,0,5,2026-07-30T17:22:46.165655
44,17,8,5,0,5,2026-07-30T17:22:45.995047
44,17,9,5,0,5,2026-07-30T17:22:46.438587
44,17,10,5,0,5,2026-07-30T17:22:46.569224
44,18,1,5,0,5,2026-07-30T17:22:46.807203
44,18,2,5,0,5,2026-07-30T17:22:46.585252
44,18,3,5,0,5,2026-07-30T17:22:46.911046
44,18,4,5,0,5,2026-07-30T17:22:47.029774
44,18,5,5,0,5,2026-07-30T17:22:47.860916
44,18,6,5,0,5,2026-07-30T17:22:48.018250
44,18,7,5,0,5,2026-07-30T17:22:47.694379
44,18,8,5,0,5,2026-07-30T17:22:48.403104
44,18,9,5,0,5,2026-07-30T17:22:47.626520
44,18,10,5,0,5,2026-07-30T17:22:48.252974
44,19,1,5,0,5,2026-07-30T17:22:47.927559
44,19,2,5,0,5,2026-07-30T17:22:48.236651
44,19,3,5,0,5,2026-07-30T17:22:49.042130
44,19,4,5,0,5,2026-07-30T17:22:49.548681
44,19,5,5,0,5,2026-07-30T17:22:49.924120
44,19,6,5,0,5,2026-07-30T17:22:49.184124
44,19,7,5,0,5,2026-07-30T17:22:49.437624
44,19,8,5,0,5,2026-07-30T17:22:49.699483
44,19,9,5,0,5,2026-07-30T17:22:49.486615
44,19,10,5,0,5,2026-07-30T17:22:49.432483
44,20,1,5,0,5,2026-07-30T17:22:50.256191
44,20,2,5,0,5,2026-07-30T17:22:50.414138
44,20,3,5,0,5,2026-07-30T17:22:51.279492
44,20,4,5,0,5,2026-07-30T17:22:50.493771
44,20,5,5,0,5,2026-07-30T17:22:51.325985
44,20,6,5,0,5,2026-07-30T17:22:51.576206
44,20,7,5,0,5,2026-07-30T17:22:51.169786
44,20,8,5,0,5,2026-07-30T17:22:51.169915
44,20,9,5,0,5,2026-07-30T17:22:52.085680
44,20,10,5,0,5,2026-07-30T17:22:51.668426
44,21,1,5,0,5,2026-07-30T17:22:51.748967
44,21,2,5,0,5,2026-07-30T17:22:52.626832
44,21,3,5,0,5,2026-07-30T17:22:53.026331
44,21,4,5,0,5,2026-07-30T17:22:52.710280
44,21,5,5,0,5,2026-07-30T17:22:52.783135
44,21,6,5,0,5,2026-07-30T17:22:53.010136
44,21,7,5,0,5,2026-07-30T17:22:53.514011
44,21,8,5,0,5,2026-07-30T17:22:52.788347
44,21,9,5,0,5,2026-07-30T17:22:53.346759
44,21,10,5,0,5,2026-07-30T17:22:54.075375
44,22,1,5,0,5,2026-07-30T17:22:53.927390
44,22,2,5,0,5,2026-07-30T17:22:53.819086
44,22,3,5,0,5,2026-07-30T17:22:54.652978
44,22,4,5,0,5,2026-07-30T17:22:54.864420
44,22,5,5,0,5,2026-07-30T17:22:54.678773
44,22,6,5,0,5,2026-07-30T17:22:55.000012
44,22,7,5,0,5,2026-07-30T17:22:55.362194
44,22,8,5,0,5,2026-07-30T17:22:54.855172
44,22,9,5,0,5,2026-07-30T17:22:55.170949
44,22,10,5,0,5,2026-07-30T17:22:55.892800
44,23,1,5,0,5,2026-07-30T17:22:56.699309
44,23,2,5,0,5,2026-07-30T17:22:56.504923
44,23,3,5,0,5,2026-07-30T17:22:56.517228
44,23,4,5,0,5,2026-07-30T17:22:56.297699
44,23,5,5,0,5,2026-07-30T17:22:56.042131
44,23,6,5,0,5,2026-07-30T17:22:56.405435
44,23,7,5,0,5,2026-07-30T17:22:57.217119
44,23,8,5,0,5,2026-07-30T17:22:57.526082
44,23,9,5,0,5,2026-07-30T17:22:57.054296
44,23,10,5,0,5,2026-07-30T17:22:57.330824
44,24,1,0,0,0,2026-07-30T17:22:57.633855
44,24,2,5,0,5,2026-07-30T17:22:57.520959
44,24,3,5,0,5,2026-07-30T17:22:58.355987
44,24,4,5,0,5,2026-07-30T17:22:58.370801
44,24,5,5,0,5,2026-07-30T17:22:58.312339
44,24,6,5,0,5,2026-07-30T17:22:58.239140
44,24,7,5,0,5,2026-07-30T17:22:59.170086
44,24,8,0,0,0,2026-07-30T17:22:59.371170
44,24,9,5,0,5,2026-07-30T17:22:59.171532
44,24,10,5,0,5,2026-07-30T17:22:59.273906
44,25,1,5,0,5,2026-07-30T17:22:59.691575
44,25,2,5,0,5,2026-07-30T17:22:59.552918
44,25,3,5,0,5,2026-07-30T17:22:59.796030
44,25,4,5,0,5,2026-07-30T17:23:00.234275
44,25,5,5,0,5,2026-07-30T17:23:00.425398
44,25,6,5,0,5,2026-07-30T17:23:00.210266
44,25,7,5,0,5,2026-07-30T17:23:00.512281
44,25,8,5,0,5,2026-07-30T17:23:00.398706
44,25,9,5,0,5,2026-07-30T17:23:00.613348
44,25,10,5,0,5,2026-07-30T17:23:00.744307
44,26,1,5,0,5,2026-07-30T17:23:00.870000
44,26,2,5,0,5,2026-07-30T17:23:01.845202
44,26,3,5,0,5,2026-07-30T17:23:01.676544
44,26,4,5,0,5,2026-07-30T17:23:02.265979
44,26,5,5,0,5,2026-07-30T17:23:02.083785
44,26,6,5,0,5,2026-07-30T17:23:02.183795
44,26,7,5,0,5,2026-07-30T17:23:02.259348
44,26,8,5,0,5,2026-07-30T17:23:02.394140
44,26,9,5,0,5,2026-07-30T17:23:02.295423
44,26,10,5,0,5,2026-07-30T17:23:03.352378
44,27,1,5,0,5,2026-07-30T17:23:03.308932
44,27,2,5,0,5,2026-07-30T17:23:03.288810
44,27,3,5,0,5,2026-07-30T17:23:03.405193
44,27,4,5,0,5,2026-07-30T17:23:03.931106
44,27,5,5,0,5,2026-07-30T17:23:03.718435
44,27,6,5,0,5,2026-07-30T17:23:03.535329
44,27,7,5,0,5,2026-07-30T17:23:03.842163
44,27,8,5,0,5,2026-07-30T17:23:04.520588
44,27,9,5,0,5,2026-07-30T17:23:05.171330
44,27,10,5,0,5,2026-07-30T17:23:04.794808
44,28,1,5,0,5,2026-07-30T17:23:04.860147
44,28,2,5,0,5,2026-07-30T17:23:05.147228
44,28,3,5,0,5,2026-07-30T17:23:04.753534
44,28,4,5,0,5,2026-07-30T17:23:05.293696
44,28,5,5,0,5,2026-07-30T17:23:05.392190
44,28,6,5,0,5,2026-07-30T17:23:05.760554
44,28,7,5,0,5,2026-07-30T17:23:06.190396
44,28,8,5,0,5,2026-07-30T17:23:06.638853
44,28,9,5,0,5,2026-07-30T17:23:06.525178
44,28,10,5,0,5,2026-07-30T17:23:06.180071
44,29,1,5,0,5,2026-07-30T17:23:06.394603
44,29,2,5,0,5,2026-07-30T17:23:06.537373
44,29,3,5,0,5,2026-07-30T17:23:06.456910
44,29,4,5,0,5,2026-07-30T17:23:07.805153
44,29,5,5,0,5,2026-07-30T17:23:08.016529
44,29,6,5,0,5,2026-07-30T17:23:07.650825
44,29,7,5,0,5,2026-07-30T17:23:08.057931
44,29,8,5,0,5,2026-07-30T17:23:08.101465
44,29,9,5,0,5,2026-07-30T17:23:07.928048
44,29,10,5,0,5,2026-07-30T17:23:08.193472
44,30,1,5,0,5,2026-07-30T17:23:08.473542
44,30,2,5,0,5,2026-07-30T17:23:08.909089
44,30,3,5,0,5,2026-07-30T17:23:09.662722
44,30,4,5,0,5,2026-07-30T17:23:09.554632
44,30,5,5,0,5,2026-07-30T17:23:09.881846
44,30,6,5,0,5,2026-07-30T17:23:09.265402
44,30,7,5,0,5,2026-07-30T17:23:09.926396
44,30,8,5,0,5,2026-07-30T17:23:09.849541
44,30,9,5,0,5,2026-07-30T17:23:10.134589
44,30,10,5,0,5,2026-07-30T17:23:10.577810
45,1,1,5,0,5,2026-07-30T17:23:10.516238
45,1,2,5,0,5,2026-07-30T17:23:11.390331
45,1,3,4,0,4,2026-07-30T17:23:11.307479
45,1,4,5,0,5,2026-07-30T17:23:11.701870
45,1,5,5,0,5,2026-07-30T17:23:11.121606
45,1,6,5,0,5,2026-07-30T17:23:11.752009
45,1,7,5,0,5,2026-07-30T17:23:11.391813
45,1,8,5,0,5,2026-07-30T17:23:11.547450
45,1,9,5,0,5,2026-07-30T17:23:11.830654
45,1,10,5,0,5,2026-07-30T17:23:12.768730
45,2,1,5,0,5,2026-07-30T17:23:12.944361
45,2,2,5,0,5,2026-07-30T17:23:12.416630
45,2,3,5,0,5,2026-07-30T17:23:12.855182
45,2,4,5,0,5,2026-07-30T17:23:13.420114
45,2,5,5,0,5,2026-07-30T17:23:12.728195
45,2,6,5,0,5,2026-07-30T17:23:12.981474
45,2,7,5,0,5,2026-07-30T17:23:13.875730
45,2,8,5,0,5,2026-07-30T17:23:13.457203
45,2,9,5,0,5,2026-07-30T17:23:13.956649
45,2,10,5,0,5,2026-07-30T17:23:13.825368
45,3,1,5,0,5,2026-07-30T17:23:14.289579
45,3,2,5,0,5,2026-07-30T17:23:14.794102
45,3,3,5,0,5,2026-07-30T17:23:14.417057
45,3,4,5,0,5,2026-07-30T17:23:15.233127
45,3,5,5,0,5,2026-07-30T17:23:15.315673
45,3,6,5,0,5,2026-07-30T17:23:15.440113
45,3,7,5,0,5,2026-07-30T17:23:14.896619
45,3,8,5,0,5,2026-07-30T17:23:15.587073
45,3,9,5,0,5,2026-07-30T17:23:16.125145
45,3,10,5,0,5,2026-07-30T17:23:16.260724
45,4,1,5,0,5,2026-07-30T17:23:16.018041
45,4,2,5,0,5,2026-07-30T17:23:16.129613
45,4,3,5,0,5,2026-07-30T17:23:16.899377
45,4,4,5,0,5,2026-07-30T17:23:16.132451
45,4,5,5,0,5,2026-07-30T17:23:17.124190
45,4,6,5,0,5,2026-07-30T17:23:16.817406
45,4,7,5,0,5,2026-07-30T17:23:17.673787
45,4,8,5,0,5,2026-07-30T17:23:18.150772
45,4,9,5,0,5,2026-07-30T17:23:17.994814
45,4,10,5,0,5,2026-07-30T17:23:17.356649
45,5,1,5,0,5,2026-07-30T17:23:17.321472
45,5,2,5,0,5,2026-07-30T17:23:18.658961
45,5,3,5,0,5,2026-07-30T17:23:17.933257
45,5,4,5,0,5,2026-07-30T17:23:18.131253
45,5,5,5,0,5,2026-07-30T17:23:19.153565
45,5,6,5,0,5,2026-07-30T17:23:19.199130
45,5,7,5,0,5,2026-07-30T17:23:18.980435
45,5,8,5,0,5,2026-07-30T17:23:19.358994
45,5,9,5,0,5,2026-07-30T17:23:19.638704
45,5,10,5,0,5,2026-07-30T17:23:19.386528
45,6,1,5,0,5,2026-07-30T17:23:19.611027
45,6,2,5,0,5,2026-07-30T17:23:20.296210
45,6,3,5,0,5,2026-07-30T17:23:20.413374
45,6,4,5,0,5,2026-07-30T17:23:21.014522
45,6,5,5,0,5,2026-07-30T17:23:21.049339
45,6,6,5,0,5,2026-07-30T17:23:20.800000
45,6,7,5,0,5,2026-07-30T17:23:20.446409
45,6,8,5,0,5,2026-07-30T17:23:21.049121
45,6,9,5,0,5,2026-07-30T17:23:21.300588
45,6,10,5,0,5,2026-07-30T17:23:21.334035
45,7,1,5,0,5,2026-07-30T17:23:21.875248
45,7,2,5,0,5,2026-07-30T17:23:22.072774
45,7,3,5,0,5,2026-07-30T17:23:22.046251
45,7,4,5,0,5,2026-07-30T17:23:22.664456
45,7,5,5,0,5,2026-07-30T17:23:22.687029
45,7,6,5,0,5,2026-07-30T17:23:22.324739
45,7,7,5,0,5,2026-07-30T17:23:22.329138
45,7,8,5,0,5,2026-07-30T17:23:23.176619
45,7,9,5,0,5,2026-07-30T17:23:22.935347
45,7,10,5,0,5,2026-07-30T17:23:23.901266
45,8,1,5,0,5,2026-07-30T17:23:23.909473
45,8,2,5,0,5,2026-07-30T17:23:24.188755
45,8,3,5,0,5,2026-07-30T17:23:23.588266
45,8,4,5,0,5,2026-07-30T17:23:24.098588
45,8,5,5,0,5,2026-07-30T17:23:23.954529
45,8,6,5,0,5,2026-07-30T17:23:24.796582
45,8,7,5,0,5,2026-07-30T17:23:24.221766
45,8,8,5,0,5,2026-07-30T17:23:25.224032
45,8,9,5,0,5,2026-07-30T17:23:24.956243
45,8,10,5,0,5,2026-07-30T17:23:24.956894
45,9,1,5,0,5,2026-07-30T17:23:24.990425
45,9,2,5,0,5,2026-07-30T17:23:25.540382
45,9,3,5,0,5,2026-07-30T17:23:25.248031
45,9,4,5,0,5,2026-07-30T17:23:25.673086
45,9,5,5,0,5,2026-07-30T17:23:26.668699
45,9,6,5,0,5,2026-07-30T17:23:26.609680
45,9,7,5,0,5,2026-07-30T17:23:26.201323
45,9,8,5,0,5,2026-07-30T17:23:26.632746
45,9,9,5,0,5,2026-07-30T17:23:26.287212
45,9,10,5,0,5,2026-07-30T17:23:26.307792
45,10,1,5,0,5,2026-07-30T17:23:26.799674
45,10,2,5,0,5,2026-07-30T17:23:27.543707
45,10,3,5,0,5,2026-07-30T17:23:27.630427
45,10,4,5,0,5,2026-07-30T17:23:27.543853
45,10,5,5,0,5,2026-07-30T17:23:28.172772
45,10,6,5,0,5,2026-07-30T17:23:27.641402
45,10,7,5,0,5,2026-07-30T17:23:27.662051
45,10,8,5,0,5,2026-07-30T17:23:28.730969
45,10,9,5,0,5,2026-07-30T17:23:28.859941
45,10,10,5,0,5,2026-07-30T17:23:28.578964
45,11,1,5,0,5,2026-07-30T17:23:28.966421
45,11,2,5,0,5,2026-07-30T17:23:28.875428
45,11,3,5,0,5,2026-07-30T17:23:28.863742
45,11,4,5,0,5,2026-07-30T17:23:29.152446
45,11,5,5,0,5,2026-07-30T17:23:30.037774
45,11,6,5,0,5,2026-07-30T17:23:29.815768
45,11,7,5,0,5,2026-07-30T17:23:30.362887
45,11,8,5,0,5,2026-07-30T17:23:30.512060
45,11,9,5,0,5,2026-07-30T17:23:30.473673
45,11,10,5,0,5,2026-07-30T17:23:30.536413
45,12,1,5,0,5,2026-07-30T17:23:30.626822
45,12,2,5,0,5,2026-07-30T17:23:31.013439
45,12,3,5,0,5,2026-07-30T17:23:31.282549
45,12,4,5,0,5,2026-07-30T17:23:31.076380
45,12,5,5,0,5,2026-07-30T17:23:31.582331
45,12,6,5,0,5,2026-07-30T17:23:32.120774
45,12,7,5,0,5,2026-07-30T17:23:31.962325
45,12,8,5,0,5,2026-07-30T17:23:32.208749
45,12,9,5,0,5,2026-07-30T17:23:32.282194
45,12,10,5,0,5,2026-07-30T17:23:32.480640
45,13,1,5,0,5,2026-07-30T17:23:32.731358
45,13,2,5,0,5,2026-07-30T17:23:32.950333
45,13,3,5,0,5,2026-07-30T17:23:32.811223
45,13,4,5,0,5,2026-07-30T17:23:33.411318
45,13,5,5,0,5,2026-07-30T17:23:33.956821
45,13,6,5,0,5,2026-07-30T17:23:33.273218
45,13,7,5,0,5,2026-07-30T17:23:33.918931
45,13,8,5,0,5,2026-07-30T17:23:33.725516
45,13,9,5,0,5,2026-07-30T17:23:34.582850
45,13,10,5,0,5,2026-07-30T17:23:34.038772
45,14,1,5,0,5,2026-07-30T17:23:34.003703
45,14,2,5,0,5,2026-07-30T17:23:34.747657
45,14,3,5,0,5,2026-07-30T17:23:34.449518
45,14,4,5,0,5,2026-07-30T17:23:35.584154
45,14,5,5,0,5,2026-07-30T17:23:35.388074
45,14,6,5,0,5,2026-07-30T17:23:35.001406
45,14,7,5,0,5,2026-07-30T17:23:35.667531
45,14,8,5,0,5,2026-07-30T17:23:35.465141
45,14,9,5,0,5,2026-07-30T17:23:35.903091
45,14,10,5,0,5,2026-07-30T17:23:36.036854
45,15,1,5,0,5,2026-07-30T17:23:35.782211
45,15,2,5,0,5,2026-07-30T17:23:36.270091
45,15,3,5,0,5,2026-07-30T17:23:38.325054
45,15,4,5,0,5,2026-07-30T17:23:38.188899
45,15,5,5,0,5,2026-07-30T17:23:38.297875
45,15,6,5,0,5,2026-07-30T17:23:38.148628
45,15,7,5,0,5,2026-07-30T17:23:38.276993
45,15,8,5,0,5,2026-07-30T17:23:38.148381
45,15,9,5,0,5,2026-07-30T17:23:38.283499
45,15,10,5,0,5,2026-07-30T17:23:38.104284
45,16,1,5,0,5,2026-07-30T17:23:39.146764
45,16,2,5,0,5,2026-07-30T17:23:39.416582
45,16,3,5,0,5,2026-07-30T17:23:39.984564
45,16,4,5,0,5,2026-07-30T17:23:39.434581
45,16,5,5,0,5,2026-07-30T17:23:39.722117
45,16,6,5,0,5,2026-07-30T17:23:39.736251
45,16,7,5,0,5,2026-07-30T17:23:40.127669
45,16,8,5,0,5,2026-07-30T17:23:39.773537
45,16,9,5,0,5,2026-07-30T17:23:41.031492
45,16,10,5,0,5,2026-07-30T17:23:40.867397
45,17,1,5,0,5,2026-07-30T17:23:41.482690
45,17,2,5,0,5,2026-07-30T17:23:41.387471
45,17,3,5,0,5,2026-07-30T17:23:41.387350
45,17,4,5,0,5,2026-07-30T17:23:41.031394
45,17,5,5,0,5,2026-07-30T17:23:41.235862
45,17,6,5,0,5,2026-07-30T17:23:41.371200
45,17,7,5,0,5,2026-07-30T17:23:42.710689
45,17,8,5,0,5,2026-07-30T17:23:42.479242
45,17,9,5,0,5,2026-07-30T17:23:42.684764
45,17,10,5,0,5,2026-07-30T17:23:42.670898
45,18,1,5,0,5,2026-07-30T17:23:42.397328
45,18,2,5,0,5,2026-07-30T17:23:42.804480
45,18,3,5,0,5,2026-07-30T17:23:42.807175
45,18,4,5,0,5,2026-07-30T17:23:43.305145
45,18,5,5,0,5,2026-07-30T17:23:44.040277
45,18,6,5,0,5,2026-07-30T17:23:44.148906
45,18,7,5,0,5,2026-07-30T17:23:43.913730
45,18,8,5,0,5,2026-07-30T17:23:43.947206
45,18,9,5,0,5,2026-07-30T17:23:44.360328
45,18,10,5,0,5,2026-07-30T17:23:44.218429
45,19,1,5,0,5,2026-07-30T17:23:44.663565
45,19,2,5,0,5,2026-07-30T17:23:44.342405
45,19,3,5,0,5,2026-07-30T17:23:45.371698
45,19,4,5,0,5,2026-07-30T17:23:45.604021
45,19,5,5,0,5,2026-07-30T17:23:45.919720
45,19,6,5,0,5,2026-07-30T17:23:45.783806
45,19,7,5,0,5,2026-07-30T17:23:45.670196
45,19,8,5,0,5,2026-07-30T17:23:45.379443
45,19,9,5,0,5,2026-07-30T17:23:46.195702
45,19,10,5,0,5,2026-07-30T17:23:45.912833
45,20,1,5,0,5,2026-07-30T17:23:46.821870
45,20,2,5,0,5,2026-07-30T17:23:46.409170
45,20,3,5,0,5,2026-07-30T17:23:46.847747
45,20,4,5,0,5,2026-07-30T17:23:46.898060
45,20,5,5,0,5,2026-07-30T17:23:47.441319
45,20,6,5,0,5,2026-07-30T17:23:47.358945
45,20,7,5,0,5,2026-07-30T17:23:47.795537
45,20,8,5,0,5,2026-07-30T17:23:47.455524
45,20,9,5,0,5,2026-07-30T17:23:48.255512
45,20,10,5,0,5,2026-07-30T17:23:48.476702
45,21,1,5,0,5,2026-07-30T17:23:48.507322
45,21,2,5,0,5,2026-07-30T17:23:48.333737
45,21,3,5,0,5,2026-07-30T17:23:48.787781
45,21,4,5,0,5,2026-07-30T17:23:49.511752
45,21,5,5,0,5,2026-07-30T17:23:49.117930
45,21,6,5,0,5,2026-07-30T17:23:49.438809
45,21,7,5,0,5,2026-07-30T17:23:49.695705
45,21,8,5,0,5,2026-07-30T17:23:49.377490
45,21,9,5,0,5,2026-07-30T17:23:49.707540
45,21,10,5,0,5,2026-07-30T17:23:50.370127
45,22,1,5,0,5,2026-07-30T17:23:50.044751
45,22,2,5,0,5,2026-07-30T17:23:50.955285
45,22,3,5,0,5,2026-07-30T17:23:50.444964
45,22,4,5,0,5,2026-07-30T17:23:50.888667
45,22,5,5,0,5,2026-07-30T17:23:50.536049
45,22,6,5,0,5,2026-07-30T17:23:50.738042
45,22,7,5,0,5,2026-07-30T17:23:51.575365
45,22,8,5,0,5,2026-07-30T17:23:51.861489
45,22,9,5,0,5,2026-07-30T17:23:51.396275
45,22,10,5,0,5,2026-07-30T17:23:51.905353
45,23,1,5,0,5,2026-07-30T17:23:51.767681
45,23,2,5,0,5,2026-07-30T17:23:52.375856
45,23,3,5,0,5,2026-07-30T17:23:51.923272
45,23,4,5,0,5,2026-07-30T17:23:52.625967
45,23,5,5,0,5,2026-07-30T17:23:52.862496
45,23,6,5,0,5,2026-07-30T17:23:52.626816
45,23,7,5,0,5,2026-07-30T17:23:53.229299
45,23,8,5,0,5,2026-07-30T17:23:53.103645
45,23,9,5,0,5,2026-07-30T17:23:53.365757
45,23,10,5,0,5,2026-07-30T17:23:53.765028
45,24,1,5,0,5,2026-07-30T17:23:54.067453
45,24,2,5,0,5,2026-07-30T17:23:54.296702
45,24,3,5,0,5,2026-07-30T17:23:54.084140
45,24,4,5,0,5,2026-07-30T17:23:54.098109
45,24,5,5,0,5,2026-07-30T17:23:54.574023
45,24,6,5,0,5,2026-07-30T17:23:55.085395
45,24,7,5,0,5,2026-07-30T17:23:54.409658
45,24,8,5,0,5,2026-07-30T17:23:55.200103
45,24,9,5,0,5,2026-07-30T17:23:55.706119
45,24,10,5,0,5,2026-07-30T17:23:55.950226
45,25,1,5,0,5,2026-07-30T17:23:55.907159
45,25,2,5,0,5,2026-07-30T17:23:55.148845
45,25,3,5,0,5,2026-07-30T17:23:56.086171
45,25,4,5,0,5,2026-07-30T17:23:56.253959
45,25,5,5,0,5,2026-07-30T17:23:56.547341
45,25,6,5,0,5,2026-07-30T17:23:56.400713
45,25,7,5,0,5,2026-07-30T17:23:57.253134
45,25,8,5,0,5,2026-07-30T17:23:57.165928
45,25,9,5,0,5,2026-07-30T17:23:57.548189
45,25,10,5,0,5,2026-07-30T17:23:56.980889
45,26,1,5,0,5,2026-07-30T17:23:57.548364
45,26,2,5,0,5,2026-07-30T17:23:57.268923
45,26,3,5,0,5,2026-07-30T17:23:57.636967
45,26,4,5,0,5,2026-07-30T17:23:57.423185
45,26,5,5,0,5,2026-07-30T17:23:58.416854
45,26,6,5,0,5,2026-07-30T17:23:58.838097
45,26,7,5,0,5,2026-07-30T17:23:58.524815
45,26,8,5,0,5,2026-07-30T17:23:59.128977
45,26,9,5,0,5,2026-07-30T17:23:59.093896
45,26,10,5,0,5,2026-07-30T17:23:59.415956
45,27,1,5,0,5,2026-07-30T17:23:59.628270
45,27,2,5,0,5,2026-07-30T17:23:58.882430
45,27,3,5,0,5,2026-07-30T17:24:00.035932
45,27,4,5,0,5,2026-07-30T17:23:59.363631
45,27,5,5,0,5,2026-07-30T17:24:00.089201
45,27,6,5,0,5,2026-07-30T17:24:00.121813
45,27,7,5,0,5,2026-07-30T17:24:00.949158
45,27,8,5,0,5,2026-07-30T17:24:01.019110
45,27,9,5,0,5,2026-07-30T17:24:00.822429
45,27,10,5,0,5,2026-07-30T17:24:01.073682
45,28,1,5,0,5,2026-07-30T17:24:01.286473
45,28,2,5,0,5,2026-07-30T17:24:01.083519
45,28,3,5,0,5,2026-07-30T17:24:01.960221
45,28,4,5,0,5,2026-07-30T17:24:01.166661
45,28,5,5,0,5,2026-07-30T17:24:01.871843
45,28,6,5,0,5,2026-07-30T17:24:02.807603
45,28,7,5,0,5,2026-07-30T17:24:02.879344
45,28,8,5,0,5,2026-07-30T17:24:02.919262
45,28,9,5,0,5,2026-07-30T17:24:02.563394
45,28,10,5,0,5,2026-07-30T17:24:03.006833
45,29,1,5,0,5,2026-07-30T17:24:02.562886
45,29,2,5,0,5,2026-07-30T17:24:02.907346
45,29,3,5,0,5,2026-07-30T17:24:03.221101
45,29,4,5,0,5,2026-07-30T17:24:04.047779
45,29,5,5,0,5,2026-07-30T17:24:03.834971
45,29,6,5,0,5,2026-07-30T17:24:04.056826
45,29,7,5,0,5,2026-07-30T17:24:03.914980
45,29,8,5,0,5,2026-07-30T17:24:04.553968
45,29,9,5,0,5,2026-07-30T17:24:04.158394
45,29,10,5,0,5,2026-07-30T17:24:04.882062
45,30,1,5,0,5,2026-07-30T17:24:04.273433
45,30,2,5,0,5,2026-07-30T17:24:05.489702
45,30,3,5,0,5,2026-07-30T17:24:05.473729
45,30,4,5,0,5,2026-07-30T17:24:05.895360
45,30,5,5,0,5,2026-07-30T17:24:05.084218
45,30,6,5,0,5,2026-07-30T17:24:05.397958
45,30,7,5,0,5,2026-07-30T17:24:05.509107
45,30,8,5,0,5,2026-07-30T17:24:05.802418
45,30,9,5,0,5,2026-07-30T17:24:06.140451
45,30,10,5,0,5,2026-07-30T17:24:06.927145
46,1,1,5,0,5,2026-07-30T17:24:06.637612
46,1,2,5,0,5,2026-07-30T17:24:06.520983
46,1,3,5,0,5,2026-07-30T17:24:07.122245
46,1,4,5,0,5,2026-07-30T17:24:06.563183
46,1,5,5,0,5,2026-07-30T17:24:07.256218
46,1,6,5,0,5,2026-07-30T17:24:07.716984
46,1,7,5,0,5,2026-07-30T17:24:07.162558
46,1,8,5,0,5,2026-07-30T17:24:07.963401
46,1,9,5,0,5,2026-07-30T17:24:07.805270
46,1,10,5,0,5,2026-07-30T17:24:08.472725
46,2,1,5,0,5,2026-07-30T17:24:09.964251
46,2,2,5,0,5,2026-07-30T17:24:08.774207
46,2,3,5,0,5,2026-07-30T17:24:08.594339
46,2,4,5,0,5,2026-07-30T17:24:08.486816
46,2,5,5,0,5,2026-07-30T17:24:09.382685
46,2,6,5,0,5,2026-07-30T17:24:09.471787
46,2,7,5,0,5,2026-07-30T17:24:09.405162
46,2,8,5,0,5,2026-07-30T17:24:10.119928
46,2,9,5,0,5,2026-07-30T17:24:10.158224
46,2,10,5,0,5,2026-07-30T17:24:10.250176
46,3,1,0,0,0,2026-07-30T17:24:10.419711
46,3,2,0,0,0,2026-07-30T17:24:10.419454
46,3,3,0,0,0,2026-07-30T17:24:10.452026
46,3,4,0,0,0,2026-07-30T17:24:10.493911
46,3,5,0,0,0,2026-07-30T17:24:11.228407
46,3,6,0,0,0,2026-07-30T17:24:11.580731
46,3,7,0,0,0,2026-07-30T17:24:11.830638
46,3,8,0,0,0,2026-07-30T17:24:12.303890
46,3,9,0,0,0,2026-07-30T17:24:11.830929
46,3,10,0,0,0,2026-07-30T17:24:12.259032
46,4,1,3,0,3,2026-07-30T17:24:11.891722
46,4,2,5,0,5,2026-07-30T17:24:11.540154
46,4,3,3,0,3,2026-07-30T17:24:12.466103
46,4,4,0,0,0,2026-07-30T17:24:12.805505
46,4,5,3,0,3,2026-07-30T17:24:13.013673
46,4,6,0,0,0,2026-07-30T17:24:13.475909
46,4,7,0,0,0,2026-07-30T17:24:12.689726
46,4,8,0,0,0,2026-07-30T17:24:13.142637
46,4,9,3,0,3,2026-07-30T17:24:13.111839
46,4,10,3,0,3,2026-07-30T17:24:14.132112
46,5,1,5,0,5,2026-07-30T17:24:14.116150
46,5,2,5,0,5,2026-07-30T17:24:14.535574
46,5,3,5,0,5,2026-07-30T17:24:14.454302
46,5,4,5,0,5,2026-07-30T17:24:14.705550
46,5,5,5,0,5,2026-07-30T17:24:14.765347
46,5,6,5,0,5,2026-07-30T17:24:14.829044
46,5,7,5,0,5,2026-07-30T17:24:14.509446
46,5,8,5,0,5,2026-07-30T17:24:15.588512
46,5,9,5,0,5,2026-07-30T17:24:15.159490
46,5,10,5,0,5,2026-07-30T17:24:15.740664
46,6,1,5,0,5,2026-07-30T17:24:16.357128
46,6,2,5,0,5,2026-07-30T17:24:15.592424
46,6,3,5,0,5,2026-07-30T17:24:15.560549
46,6,4,5,0,5,2026-07-30T17:24:16.017132
46,6,5,5,0,5,2026-07-30T17:24:16.293715
46,6,6,5,0,5,2026-07-30T17:24:17.025904
46,6,7,5,0,5,2026-07-30T17:24:16.607734
46,6,8,5,0,5,2026-07-30T17:24:16.635202
46,6,9,5,0,5,2026-07-30T17:24:17.253302
46,6,10,5,0,5,2026-07-30T17:24:17.577262
46,7,1,5,0,5,2026-07-30T17:24:17.459927
46,7,2,5,0,5,2026-07-30T17:24:17.342001
46,7,3,5,0,5,2026-07-30T17:24:18.014396
46,7,4,5,0,5,2026-07-30T17:24:17.839787
46,7,5,5,0,5,2026-07-30T17:24:18.481858
46,7,6,5,0,5,2026-07-30T17:24:18.299085
46,7,7,5,0,5,2026-07-30T17:24:18.486521
46,7,8,5,0,5,2026-07-30T17:24:18.382239
46,7,9,5,0,5,2026-07-30T17:24:18.704888
46,7,10,5,0,5,2026-07-30T17:24:19.244142
46,8,1,5,0,5,2026-07-30T17:24:19.708606
46,8,2,5,0,5,2026-07-30T17:24:19.067434
46,8,3,5,0,5,2026-07-30T17:24:20.126781
46,8,4,5,0,5,2026-07-30T17:24:20.094297
46,8,5,0,0,0,2026-07-30T17:24:19.515323
46,8,6,5,0,5,2026-07-30T17:24:19.506748
46,8,7,5,0,5,2026-07-30T17:24:19.747052
46,8,8,5,0,5,2026-07-30T17:24:20.519146
46,8,9,5,0,5,2026-07-30T17:24:20.904237
46,8,10,5,0,5,2026-07-30T17:24:20.757872
46,9,1,0,0,0,2026-07-30T17:24:20.757180
46,9,2,0,0,0,2026-07-30T17:24:20.933632
46,9,3,0,0,0,2026-07-30T17:24:21.203832
46,9,4,0,0,0,2026-07-30T17:24:21.340104
46,9,5,0,0,0,2026-07-30T17:24:21.576076
46,9,6,0,0,0,2026-07-30T17:24:22.382437
46,9,7,0,0,0,2026-07-30T17:24:21.783463
46,9,8,0,0,0,2026-07-30T17:24:22.613039
46,9,9,0,0,0,2026-07-30T17:24:21.905248
46,9,10,0,0,0,2026-07-30T17:24:22.587674
46,10,1,5,0,5,2026-07-30T17:24:22.494070
46,10,2,5,0,5,2026-07-30T17:24:22.372291
46,10,3,5,0,5,2026-07-30T17:24:23.042462
46,10,4,5,0,5,2026-07-30T17:24:23.228588
46,10,5,5,0,5,2026-07-30T17:24:23.356192
46,10,6,3,0,3,2026-07-30T17:24:23.644714
46,10,7,5,0,5,2026-07-30T17:24:23.622310
46,10,8,5,0,5,2026-07-30T17:24:23.523111
46,10,9,0,0,0,2026-07-30T17:24:24.210468
46,10,10,0,0,0,2026-07-30T17:24:24.285816
46,11,1,5,0,5,2026-07-30T17:24:24.511629
46,11,2,5,0,5,2026-07-30T17:24:25.071637
46,11,3,5,0,5,2026-07-30T17:24:25.013469
46,11,4,5,0,5,2026-07-30T17:24:25.381159
46,11,5,5,0,5,2026-07-30T17:24:25.479604
46,11,6,5,0,5,2026-07-30T17:24:25.071410
46,11,7,5,0,5,2026-07-30T17:24:25.861848
46,11,8,5,0,5,2026-07-30T17:24:25.956289
46,11,9,5,0,5,2026-07-30T17:24:25.955519
46,11,10,5,0,5,2026-07-30T17:24:26.643104
46,12,1,5,0,5,2026-07-30T17:24:27.115290
46,12,2,5,0,5,2026-07-30T17:24:26.722970
46,12,3,5,0,5,2026-07-30T17:24:26.624578
46,12,4,5,0,5,2026-07-30T17:24:26.732728
46,12,5,5,0,5,2026-07-30T17:24:27.495992
46,12,6,5,0,5,2026-07-30T17:24:26.985276
46,12,7,5,0,5,2026-07-30T17:24:27.783970
46,12,8,5,0,5,2026-07-30T17:24:28.072944
46,12,9,5,0,5,2026-07-30T17:24:28.080714
46,12,10,5,0,5,2026-07-30T17:24:27.965349
46,13,1,0,0,0,2026-07-30T17:24:28.384088
46,13,2,5,0,5,2026-07-30T17:24:28.834687
46,13,3,3,0,3,2026-07-30T17:24:28.356557
46,13,4,3,0,3,2026-07-30T17:24:29.344562
46,13,5,0,0,0,2026-07-30T17:24:29.636154
46,13,6,3,0,3,2026-07-30T17:24:29.603925
46,13,7,5,0,5,2026-07-30T17:24:29.129401
46,13,8,0,0,0,2026-07-30T17:24:29.329504
46,13,9,3,0,3,2026-07-30T17:24:29.818833
46,13,10,3,0,3,2026-07-30T17:24:30.449737
46,14,1,5,0,5,2026-07-30T17:24:30.290510
46,14,2,5,0,5,2026-07-30T17:24:30.796626
46,14,3,5,0,5,2026-07-30T17:24:30.346617
46,14,4,5,0,5,2026-07-30T17:24:30.795640
46,14,5,5,0,5,2026-07-30T17:24:31.280859
46,14,6,5,0,5,2026-07-30T17:24:30.466529
46,14,7,5,0,5,2026-07-30T17:24:31.233974
46,14,8,5,0,5,2026-07-30T17:24:31.529505
46,14,9,5,0,5,2026-07-30T17:24:32.196642
46,14,10,5,0,5,2026-07-30T17:24:32.291194
46,15,1,0,0,0,2026-07-30T17:24:31.698849
46,15,2,5,0,5,2026-07-30T17:24:32.219339
46,15,3,0,0,0,2026-07-30T17:24:32.043574
46,15,4,0,0,0,2026-07-30T17:24:32.454441
46,15,5,0,0,0,2026-07-30T17:24:32.927625
46,15,6,0,0,0,2026-07-30T17:24:33.393690
46,15,7,0,0,0,2026-07-30T17:24:33.556149
46,15,8,0,0,0,2026-07-30T17:24:33.278538
46,15,9,0,0,0,2026-07-30T17:24:33.463327
46,15,10,0,0,0,2026-07-30T17:24:34.092246
46,16,1,5,0,5,2026-07-30T17:24:34.120414
46,16,2,5,0,5,2026-07-30T17:24:34.089354
46,16,3,5,0,5,2026-07-30T17:24:34.807822
46,16,4,5,0,5,2026-07-30T17:24:35.111438
46,16,5,5,0,5,2026-07-30T17:24:34.824637
46,16,6,5,0,5,2026-07-30T17:24:35.310603
46,16,7,5,0,5,2026-07-30T17:24:34.608024
46,16,8,5,0,5,2026-07-30T17:24:35.328794
46,16,9,5,0,5,2026-07-30T17:24:35.136712
46,16,10,5,0,5,2026-07-30T17:24:35.569354
46,17,1,5,0,5,2026-07-30T17:24:36.454078
46,17,2,5,0,5,2026-07-30T17:24:35.847928
46,17,3,5,0,5,2026-07-30T17:24:36.298834
46,17,4,5,0,5,2026-07-30T17:24:36.151664
46,17,5,5,0,5,2026-07-30T17:24:36.774976
46,17,6,5,0,5,2026-07-30T17:24:36.585543
46,17,7,5,0,5,2026-07-30T17:24:36.975564
46,17,8,5,0,5,2026-07-30T17:24:36.820627
46,17,9,5,0,5,2026-07-30T17:24:36.897875
46,17,10,5,0,5,2026-07-30T17:24:38.015300
46,18,1,5,0,5,2026-07-30T17:24:38.170783
46,18,2,5,0,5,2026-07-30T17:24:37.483965
46,18,3,3,0,3,2026-07-30T17:24:38.262382
46,18,4,5,0,5,2026-07-30T17:24:38.840467
46,18,5,5,0,5,2026-07-30T17:24:38.691324
46,18,6,3,0,3,2026-07-30T17:24:38.141466
46,18,7,5,0,5,2026-07-30T17:24:38.692241
46,18,8,5,0,5,2026-07-30T17:24:39.168393
46,18,9,4,0,4,2026-07-30T17:24:39.680223
46,18,10,5,0,5,2026-07-30T17:24:39.371420
46,19,1,3,0,3,2026-07-30T17:24:39.832760
46,19,2,3,0,3,2026-07-30T17:24:39.939710
46,19,3,3,0,3,2026-07-30T17:24:40.376931
46,19,4,5,0,5,2026-07-30T17:24:39.929881
46,19,5,5,0,5,2026-07-30T17:24:40.088925
46,19,6,3,0,3,2026-07-30T17:24:41.036434
46,19,7,5,0,5,2026-07-30T17:24:41.201450
46,19,8,5,0,5,2026-07-30T17:24:41.553094
46,19,9,5,0,5,2026-07-30T17:24:41.496844
46,19,10,5,0,5,2026-07-30T17:24:40.964259
46,20,1,5,0,5,2026-07-30T17:24:41.560728
46,20,2,5,0,5,2026-07-30T17:24:41.141229
46,20,3,5,0,5,2026-07-30T17:24:42.010744
46,20,4,5,0,5,2026-07-30T17:24:41.997243
46,20,5,5,0,5,2026-07-30T17:24:42.679847
46,20,6,5,0,5,2026-07-30T17:24:42.592186
46,20,7,5,0,5,2026-07-30T17:24:43.053084
46,20,8,5,0,5,2026-07-30T17:24:43.369430
46,20,9,5,0,5,2026-07-30T17:24:42.584051
46,20,10,5,0,5,2026-07-30T17:24:42.883872
46,21,1,5,0,5,2026-07-30T17:24:43.018634
46,21,2,5,0,5,2026-07-30T17:24:43.670057
46,21,3,5,0,5,2026-07-30T17:24:43.625203
46,21,4,5,0,5,2026-07-30T17:24:43.639342
46,21,5,5,0,5,2026-07-30T17:24:44.507184
46,21,6,5,0,5,2026-07-30T17:24:44.145610
46,21,7,5,0,5,2026-07-30T17:24:44.241252
46,21,8,5,0,5,2026-07-30T17:24:44.926518
46,21,9,5,0,5,2026-07-30T17:24:45.031551
46,21,10,5,0,5,2026-07-30T17:24:45.255097
46,22,1,5,0,5,2026-07-30T17:24:44.865653
46,22,2,5,0,5,2026-07-30T17:24:44.715363
46,22,3,5,0,5,2026-07-30T17:24:45.406708
46,22,4,5,0,5,2026-07-30T17:24:45.922685
46,22,5,5,0,5,2026-07-30T17:24:46.364854
46,22,6,5,0,5,2026-07-30T17:24:46.180583
46,22,7,5,0,5,2026-07-30T17:24:46.508446
46,22,8,3,0,3,2026-07-30T17:24:46.569906
46,22,9,5,0,5,2026-07-30T17:24:46.673384
46,22,10,5,0,5,2026-07-30T17:24:46.708352
46,23,1,5,0,5,2026-07-30T17:24:46.840033
46,23,2,5,0,5,2026-07-30T17:24:47.154065
46,23,3,5,0,5,2026-07-30T17:24:47.263354
46,23,4,5,0,5,2026-07-30T17:24:48.035136
46,23,5,5,0,5,2026-07-30T17:24:48.390260
46,23,6,5,0,5,2026-07-30T17:24:47.628900
46,23,7,5,0,5,2026-07-30T17:24:47.885752
46,23,8,5,0,5,2026-07-30T17:24:47.734853
46,23,9,5,0,5,2026-07-30T17:24:48.678081
46,23,10,5,0,5,2026-07-30T17:24:49.027508
46,24,1,0,0,0,2026-07-30T17:24:48.314340
46,24,2,0,0,0,2026-07-30T17:24:49.265384
46,24,3,5,0,5,2026-07-30T17:24:48.777359
46,24,4,0,0,0,2026-07-30T17:24:49.331870
46,24,5,5,0,5,2026-07-30T17:24:49.894378
46,24,6,0,0,0,2026-07-30T17:24:50.183688
46,24,7,5,0,5,2026-07-30T17:24:50.424480
46,24,8,0,0,0,2026-07-30T17:24:50.139252
46,24,9,5,0,5,2026-07-30T17:24:50.233161
46,24,10,5,0,5,2026-07-30T17:24:50.279929
46,25,1,3,0,3,2026-07-30T17:24:51.120506
46,25,2,0,0,0,2026-07-30T17:24:50.973854
46,25,3,4,0,4,2026-07-30T17:24:51.776518
46,25,4,0,0,0,2026-07-30T17:24:51.426491
46,25,5,3,0,3,2026-07-30T17:24:51.424049
46,25,6,5,0,5,2026-07-30T17:24:51.678791
46,25,7,5,0,5,2026-07-30T17:24:51.730527
46,25,8,3,0,3,2026-07-30T17:24:51.673974
46,25,9,3,0,3,2026-07-30T17:24:52.819259
46,25,10,5,0,5,2026-07-30T17:24:52.971045
46,26,1,5,0,5,2026-07-30T17:24:53.499109
46,26,2,5,0,5,2026-07-30T17:24:52.888402
46,26,3,5,0,5,2026-07-30T17:24:53.126348
46,26,4,5,0,5,2026-07-30T17:24:53.293505
46,26,5,5,0,5,2026-07-30T17:24:53.395478
46,26,6,5,0,5,2026-07-30T17:24:52.813317
46,26,7,5,0,5,2026-07-30T17:24:54.681432
46,26,8,5,0,5,2026-07-30T17:24:54.656473
46,26,9,5,0,5,2026-07-30T17:24:53.937827
46,26,10,5,0,5,2026-07-30T17:24:54.636796
46,27,1,5,0,5,2026-07-30T17:24:55.018251
46,27,2,5,0,5,2026-07-30T17:24:54.368059
46,27,3,5,0,5,2026-07-30T17:24:54.625986
46,27,4,5,0,5,2026-07-30T17:24:54.738177
46,27,5,5,0,5,2026-07-30T17:24:55.167615
46,27,6,5,0,5,2026-07-30T17:24:55.832675
46,27,7,5,0,5,2026-07-30T17:24:56.057638
46,27,8,5,0,5,2026-07-30T17:24:55.698403
46,27,9,5,0,5,2026-07-30T17:24:56.510362
46,27,10,5,0,5,2026-07-30T17:24:55.735015
46,28,1,3,0,3,2026-07-30T17:24:56.410556
46,28,2,4,0,4,2026-07-30T17:24:56.046722
46,28,3,4,0,4,2026-07-30T17:24:56.396755
46,28,4,5,0,5,2026-07-30T17:24:57.536662
46,28,5,5,0,5,2026-07-30T17:24:56.802894
46,28,6,5,0,5,2026-07-30T17:24:57.065798
46,28,7,4,0,4,2026-07-30T17:24:57.495250
46,28,8,3,0,3,2026-07-30T17:24:57.103306
46,28,9,5,0,5,2026-07-30T17:24:58.237608
46,28,10,4,0,4,2026-07-30T17:24:57.248789
46,29,1,5,0,5,2026-07-30T17:24:58.383175
46,29,2,5,0,5,2026-07-30T17:24:58.236567
46,29,3,5,0,5,2026-07-30T17:24:58.983189
46,29,4,5,0,5,2026-07-30T17:24:58.963319
46,29,5,5,0,5,2026-07-30T17:24:59.107016
46,29,6,5,0,5,2026-07-30T17:24:58.923524
46,29,7,5,0,5,2026-07-30T17:24:58.572568
46,29,8,5,0,5,2026-07-30T17:24:59.869684
46,29,9,5,0,5,2026-07-30T17:24:59.278709
46,29,10,5,0,5,2026-07-30T17:25:00.224346
46,30,1,5,0,5,2026-07-30T17:25:00.027151
46,30,2,5,0,5,2026-07-30T17:25:00.372037
46,30,3,5,0,5,2026-07-30T17:25:00.603951
46,30,4,5,0,5,2026-07-30T17:25:00.826817
46,30,5,5,0,5,2026-07-30T17:25:00.967783
46,30,6,5,0,5,2026-07-30T17:25:00.724500
46,30,7,5,0,5,2026-07-30T17:25:01.730613
46,30,8,5,0,5,2026-07-30T17:25:01.457094
46,30,9,5,0,5,2026-07-30T17:25:01.687871
46,30,10,5,0,5,2026-07-30T17:25:01.812339
47,1,1,5,0,5,2026-07-30T17:25:01.628170
47,1,2,5,0,5,2026-07-30T17:25:01.979422
47,1,3,5,0,5,2026-07-30T17:25:02.240636
47,1,4,5,0,5,2026-07-30T17:25:02.182101
47,1,5,5,0,5,2026-07-30T17:25:03.302965
47,1,6,5,0,5,2026-07-30T17:25:02.870091
47,1,7,5,0,5,2026-07-30T17:25:02.964518
47,1,8,5,0,5,2026-07-30T17:25:02.792827
47,1,9,5,0,5,2026-07-30T17:25:03.480085
47,1,10,5,0,5,2026-07-30T17:25:03.051204
47,2,1,5,0,5,2026-07-30T17:25:04.075107
47,2,2,5,0,5,2026-07-30T17:25:03.913993
47,2,3,5,0,5,2026-07-30T17:25:03.840339
47,2,4,5,0,5,2026-07-30T17:25:03.917124
47,2,5,5,0,5,2026-07-30T17:25:04.427523
47,2,6,5,0,5,2026-07-30T17:25:04.288673
47,2,7,5,0,5,2026-07-30T17:25:04.746301
47,2,8,5,0,5,2026-07-30T17:25:04.917935
47,2,9,5,0,5,2026-07-30T17:25:05.644384
47,2,10,5,0,5,2026-07-30T17:25:05.579028
47,3,1,5,0,5,2026-07-30T17:25:05.549192
47,3,2,5,0,5,2026-07-30T17:25:05.915272
47,3,3,5,0,5,2026-07-30T17:25:05.508753
47,3,4,5,0,5,2026-07-30T17:25:05.870597
47,3,5,5,0,5,2026-07-30T17:25:06.186438
47,3,6,5,0,5,2026-07-30T17:25:06.802128
47,3,7,5,0,5,2026-07-30T17:25:06.557217
47,3,8,5,0,5,2026-07-30T17:25:06.581724
47,3,9,5,0,5,2026-07-30T17:25:07.418969
47,3,10,5,0,5,2026-07-30T17:25:06.905736
47,4,1,5,0,5,2026-07-30T17:25:07.111062
47,4,2,5,0,5,2026-07-30T17:25:07.574605
47,4,3,5,0,5,2026-07-30T17:25:07.823352
47,4,4,5,0,5,2026-07-30T17:25:07.562047
47,4,5,5,0,5,2026-07-30T17:25:08.009192
47,4,6,5,0,5,2026-07-30T17:25:08.249432
47,4,7,5,0,5,2026-07-30T17:25:08.549878
47,4,8,5,0,5,2026-07-30T17:25:08.960014
47,4,9,5,0,5,2026-07-30T17:25:08.842299
47,4,10,5,0,5,2026-07-30T17:25:09.233485
47,5,1,5,0,5,2026-07-30T17:25:09.019154
47,5,2,5,0,5,2026-07-30T17:25:09.734464
47,5,3,5,0,5,2026-07-30T17:25:09.908459
47,5,4,5,0,5,2026-07-30T17:25:09.922021
47,5,5,5,0,5,2026-07-30T17:25:10.445817
47,5,6,5,0,5,2026-07-30T17:25:10.112511
47,5,7,5,0,5,2026-07-30T17:25:09.997862
47,5,8,5,0,5,2026-07-30T17:25:10.291199
47,5,9,5,0,5,2026-07-30T17:25:10.376943
47,5,10,5,0,5,2026-07-30T17:25:10.584667
47,6,1,5,0,5,2026-07-30T17:25:11.763137
47,6,2,5,0,5,2026-07-30T17:25:11.780098
47,6,3,5,0,5,2026-07-30T17:25:11.878224
47,6,4,5,0,5,2026-07-30T17:25:11.376175
47,6,5,5,0,5,2026-07-30T17:25:12.138314
47,6,6,5,0,5,2026-07-30T17:25:11.452875
47,6,7,5,0,5,2026-07-30T17:25:11.300714
47,6,8,5,0,5,2026-07-30T17:25:11.843236
47,6,9,5,0,5,2026-07-30T17:25:13.166253
47,6,10,5,0,5,2026-07-30T17:25:12.427034
47,7,1,5,0,5,2026-07-30T17:25:12.724988
47,7,2,5,0,5,2026-07-30T17:25:12.842693
47,7,3,5,0,5,2026-07-30T17:25:13.828421
47,7,4,5,0,5,2026-07-30T17:25:13.496575
47,7,5,5,0,5,2026-07-30T17:25:13.301893
47,7,6,5,0,5,2026-07-30T17:25:14.026091
47,7,7,5,0,5,2026-07-30T17:25:14.089210
47,7,8,5,0,5,2026-07-30T17:25:14.375703
47,7,9,5,0,5,2026-07-30T17:25:14.669321
47,7,10,5,0,5,2026-07-30T17:25:14.791964
47,8,1,5,0,5,2026-07-30T17:25:14.739407
47,8,2,5,0,5,2026-07-30T17:25:14.529651
47,8,3,5,0,5,2026-07-30T17:25:14.870656
47,8,4,5,0,5,2026-07-30T17:25:15.469437
47,8,5,5,0,5,2026-07-30T17:25:15.931581
47,8,6,5,0,5,2026-07-30T17:25:15.832995
47,8,7,5,0,5,2026-07-30T17:25:16.395820
47,8,8,5,0,5,2026-07-30T17:25:15.701158
47,8,9,5,0,5,2026-07-30T17:25:16.199273
47,8,10,5,0,5,2026-07-30T17:25:16.620037
47,9,1,5,0,5,2026-07-30T17:25:16.326845
47,9,2,5,0,5,2026-07-30T17:25:16.729760
47,9,3,5,0,5,2026-07-30T17:25:16.741926
47,9,4,5,0,5,2026-07-30T17:25:16.897640
47,9,5,5,0,5,2026-07-30T17:25:17.554449
47,9,6,5,0,5,2026-07-30T17:25:17.615715
47,9,7,5,0,5,2026-07-30T17:25:18.164624
47,9,8,5,0,5,2026-07-30T17:25:17.428865
47,9,9,5,0,5,2026-07-30T17:25:18.266661
47,9,10,5,0,5,2026-07-30T17:25:17.777261
47,10,1,5,0,5,2026-07-30T17:25:18.161854
47,10,2,5,0,5,2026-07-30T17:25:17.931499
47,10,3,5,0,5,2026-07-30T17:25:19.081630
47,10,4,5,0,5,2026-07-30T17:25:18.616376
47,10,5,5,0,5,2026-07-30T17:25:18.673230
47,10,6,5,0,5,2026-07-30T17:25:19.427290
47,10,7,5,0,5,2026-07-30T17:25:19.770103
47,10,8,5,0,5,2026-07-30T17:25:19.773801
47,10,9,5,0,5,2026-07-30T17:25:19.830138
47,10,10,5,0,5,2026-07-30T17:25:19.506099
47,11,1,5,0,5,2026-07-30T17:25:20.067251
47,11,2,5,0,5,2026-07-30T17:25:19.693055
47,11,3,5,0,5,2026-07-30T17:25:20.323307
47,11,4,5,0,5,2026-07-30T17:25:21.496177
47,11,5,5,0,5,2026-07-30T17:25:20.541858
47,11,6,5,0,5,2026-07-30T17:25:20.742097
47,11,7,5,0,5,2026-07-30T17:25:21.031092
47,11,8,5,0,5,2026-07-30T17:25:21.017920
47,11,9,5,0,5,2026-07-30T17:25:21.473514
47,11,10,5,0,5,2026-07-30T17:25:21.319047
47,12,1,5,0,5,2026-07-30T17:25:21.778637
47,12,2,5,0,5,2026-07-30T17:25:21.786067
47,12,3,5,0,5,2026-07-30T17:25:21.773854
47,12,4,5,0,5,2026-07-30T17:25:22.476242
47,12,5,5,0,5,2026-07-30T17:25:22.465913
47,12,6,5,0,5,2026-07-30T17:25:22.747486
47,12,7,5,0,5,2026-07-30T17:25:22.304284
47,12,8,5,0,5,2026-07-30T17:25:22.527674
47,12,9,5,0,5,2026-07-30T17:25:22.621449
47,12,10,5,0,5,2026-07-30T17:25:22.991857
47,13,1,5,0,5,2026-07-30T17:25:23.628910
47,13,2,5,0,5,2026-07-30T17:25:23.929219
47,13,3,5,0,5,2026-07-30T17:25:23.515784
47,13,4,5,0,5,2026-07-30T17:25:23.922389
47,13,5,5,0,5,2026-07-30T17:25:23.990187
47,13,6,5,0,5,2026-07-30T17:25:24.461952
47,13,7,5,0,5,2026-07-30T17:25:24.384474
47,13,8,5,0,5,2026-07-30T17:25:24.437731
47,13,9,5,0,5,2026-07-30T17:25:25.148997
47,13,10,5,0,5,2026-07-30T17:25:25.245999
47,14,1,5,0,5,2026-07-30T17:25:25.782162
47,14,2,5,0,5,2026-07-30T17:25:25.793888
47,14,3,5,0,5,2026-07-30T17:25:25.449312
47,14,4,5,0,5,2026-07-30T17:25:25.420779
47,14,5,5,0,5,2026-07-30T17:25:25.698899
47,14,6,5,0,5,2026-07-30T17:25:25.512837
47,14,7,5,0,5,2026-07-30T17:25:26.800702
47,14,8,5,0,5,2026-07-30T17:25:27.132661
47,14,9,5,0,5,2026-07-30T17:25:26.476699
47,14,10,5,0,5,2026-07-30T17:25:26.904621
47,15,1,5,0,5,2026-07-30T17:25:26.984191
47,15,2,5,0,5,2026-07-30T17:25:27.557770
47,15,3,5,0,5,2026-07-30T17:25:27.406168
47,15,4,5,0,5,2026-07-30T17:25:27.451357
47,15,5,5,0,5,2026-07-30T17:25:27.689332
47,15,6,5,0,5,2026-07-30T17:25:28.035883
47,15,7,5,0,5,2026-07-30T17:25:28.736809
47,15,8,5,0,5,2026-07-30T17:25:28.406796
47,15,9,5,0,5,2026-07-30T17:25:29.165977
47,15,10,5,0,5,2026-07-30T17:25:29.067067
47,16,1,5,0,5,2026-07-30T17:25:28.910362
47,16,2,5,0,5,2026-07-30T17:25:28.800885
47,16,3,5,0,5,2026-07-30T17:25:28.950558
47,16,4,5,0,5,2026-07-30T17:25:29.905877
47,16,5,5,0,5,2026-07-30T17:25:29.457952
47,16,6,5,0,5,2026-07-30T17:25:30.169397
47,16,7,5,0,5,2026-07-30T17:25:30.650109
47,16,8,5,0,5,2026-07-30T17:25:30.135279
47,16,9,5,0,5,2026-07-30T17:25:30.179188
47,16,10,5,0,5,2026-07-30T17:25:30.111434
47,17,1,5,0,5,2026-07-30T17:25:30.814484
47,17,2,5,0,5,2026-07-30T17:25:30.891962
47,17,3,5,0,5,2026-07-30T17:25:31.741828
47,17,4,5,0,5,2026-07-30T17:25:31.369942
47,17,5,5,0,5,2026-07-30T17:25:31.595869
47,17,6,5,0,5,2026-07-30T17:25:31.833352
47,17,7,5,0,5,2026-07-30T17:25:31.614368
47,17,8,5,0,5,2026-07-30T17:25:32.076853
47,17,9,5,0,5,2026-07-30T17:25:32.476979
47,17,10,5,0,5,2026-07-30T17:25:31.918062
47,18,1,5,0,5,2026-07-30T17:25:32.992968
47,18,2,5,0,5,2026-07-30T17:25:32.856287
47,18,3,5,0,5,2026-07-30T17:25:33.500007
47,18,4,5,0,5,2026-07-30T17:25:33.189730
47,18,5,5,0,5,2026-07-30T17:25:33.501310
47,18,6,5,0,5,2026-07-30T17:25:33.766889
47,18,7,5,0,5,2026-07-30T17:25:33.338297
47,18,8,5,0,5,2026-07-30T17:25:34.138623
47,18,9,5,0,5,2026-07-30T17:25:34.310779
47,18,10,5,0,5,2026-07-30T17:25:34.243038
47,19,1,5,0,5,2026-07-30T17:25:34.621031
47,19,2,5,0,5,2026-07-30T17:25:34.735734
47,19,3,5,0,5,2026-07-30T17:25:35.145792
47,19,4,5,0,5,2026-07-30T17:25:34.731044
47,19,5,5,0,5,2026-07-30T17:25:34.812018
47,19,6,5,0,5,2026-07-30T17:25:35.573805
47,19,7,5,0,5,2026-07-30T17:25:35.894251
47,19,8,5,0,5,2026-07-30T17:25:36.379112
47,19,9,5,0,5,2026-07-30T17:25:35.667134
47,19,10,5,0,5,2026-07-30T17:25:36.382599
47,20,1,5,0,5,2026-07-30T17:25:35.767743
47,20,2,5,0,5,2026-07-30T17:25:36.275488
47,20,3,5,0,5,2026-07-30T17:25:36.193179
47,20,4,5,0,5,2026-07-30T17:25:37.193706
47,20,5,5,0,5,2026-07-30T17:25:37.500729
47,20,6,5,0,5,2026-07-30T17:25:37.034480
47,20,7,5,0,5,2026-07-30T17:25:37.322064
47,20,8,5,0,5,2026-07-30T17:25:37.641227
47,20,9,5,0,5,2026-07-30T17:25:37.515238
47,20,10,5,0,5,2026-07-30T17:25:38.210617
47,21,1,5,0,5,2026-07-30T17:25:37.423639
47,21,2,5,0,5,2026-07-30T17:25:38.078431
47,21,3,5,0,5,2026-07-30T17:25:38.640225
47,21,4,5,0,5,2026-07-30T17:25:38.601622
47,21,5,5,0,5,2026-07-30T17:25:39.266742
47,21,6,5,0,5,2026-07-30T17:25:38.519070
47,21,7,5,0,5,2026-07-30T17:25:38.776254
47,21,8,5,0,5,2026-07-30T17:25:39.082486
47,21,9,5,0,5,2026-07-30T17:25:39.546767
47,21,10,5,0,5,2026-07-30T17:25:39.247567
47,22,1,5,0,5,2026-07-30T17:25:40.142203
47,22,2,5,0,5,2026-07-30T17:25:40.030043
47,22,3,5,0,5,2026-07-30T17:25:40.538314
47,22,4,5,0,5,2026-07-30T17:25:40.627834
47,22,5,5,0,5,2026-07-30T17:25:40.932991
47,22,6,5,0,5,2026-07-30T17:25:40.458258
47,22,7,5,0,5,2026-07-30T17:25:41.108012
47,22,8,5,0,5,2026-07-30T17:25:40.571712
47,22,9,5,0,5,2026-07-30T17:25:41.881687
47,22,10,5,0,5,2026-07-30T17:25:41.190760
47,23,1,5,0,5,2026-07-30T17:25:41.896977
47,23,2,5,0,5,2026-07-30T17:25:41.988993
47,23,3,5,0,5,2026-07-30T17:25:42.018958
47,23,4,5,0,5,2026-07-30T17:25:41.863082
47,23,5,5,0,5,2026-07-30T17:25:42.173016
47,23,6,5,0,5,2026-07-30T17:25:42.359324
47,23,7,5,0,5,2026-07-30T17:25:43.007499
47,23,8,5,0,5,2026-07-30T17:25:43.109094
47,23,9,5,0,5,2026-07-30T17:25:43.723647
47,23,10,5,0,5,2026-07-30T17:25:43.555473
47,24,1,5,0,5,2026-07-30T17:25:43.023219
47,24,2,5,0,5,2026-07-30T17:25:43.644395
47,24,3,5,0,5,2026-07-30T17:25:44.234715
47,24,4,5,0,5,2026-07-30T17:25:43.823146
47,24,5,5,0,5,2026-07-30T17:25:44.720486
47,24,6,5,0,5,2026-07-30T17:25:44.482726
47,24,7,5,0,5,2026-07-30T17:25:44.535806
47,24,8,5,0,5,2026-07-30T17:25:44.987455
47,24,9,5,0,5,2026-07-30T17:25:45.295424
47,24,10,5,0,5,2026-07-30T17:25:44.792692
47,25,1,5,0,5,2026-07-30T17:25:45.266522
47,25,2,5,0,5,2026-07-30T17:25:45.664580
47,25,3,5,0,5,2026-07-30T17:25:45.934315
47,25,4,5,0,5,2026-07-30T17:25:45.760619
47,25,5,5,0,5,2026-07-30T17:25:45.939608
47,25,6,5,0,5,2026-07-30T17:25:46.020426
47,25,7,5,0,5,2026-07-30T17:25:46.223781
47,25,8,5,0,5,2026-07-30T17:25:46.909485
47,25,9,5,0,5,2026-07-30T17:25:47.147082
47,25,10,5,0,5,2026-07-30T17:25:47.541141
47,26,1,5,0,5,2026-07-30T17:25:47.197072
47,26,2,5,0,5,2026-07-30T17:25:47.798696
47,26,3,5,0,5,2026-07-30T17:25:46.993542
47,26,4,5,0,5,2026-07-30T17:25:47.858757
47,26,5,5,0,5,2026-07-30T17:25:47.655650
47,26,6,5,0,5,2026-07-30T17:25:47.925770
47,26,7,5,0,5,2026-07-30T17:25:48.247209
47,26,8,5,0,5,2026-07-30T17:25:48.189160
47,26,9,5,0,5,2026-07-30T17:25:48.450988
47,26,10,5,0,5,2026-07-30T17:25:49.600335
47,27,1,5,0,5,2026-07-30T17:25:49.317528
47,27,2,5,0,5,2026-07-30T17:25:49.480336
47,27,3,5,0,5,2026-07-30T17:25:49.670320
47,27,4,5,0,5,2026-07-30T17:25:49.578888
47,27,5,5,0,5,2026-07-30T17:25:50.418085
47,27,6,5,0,5,2026-07-30T17:25:49.079820
47,27,7,5,0,5,2026-07-30T17:25:49.488677
47,27,8,5,0,5,2026-07-30T17:25:50.139509
47,27,9,5,0,5,2026-07-30T17:25:50.792704
47,27,10,5,0,5,2026-07-30T17:25:51.136085
47,28,1,5,0,5,2026-07-30T17:25:50.544419
47,28,2,5,0,5,2026-07-30T17:25:51.419326
47,28,3,5,0,5,2026-07-30T17:25:50.636048
47,28,4,5,0,5,2026-07-30T17:25:50.681633
47,28,5,5,0,5,2026-07-30T17:25:51.612593
47,28,6,5,0,5,2026-07-30T17:25:52.062113
47,28,7,5,0,5,2026-07-30T17:25:52.034280
47,28,8,5,0,5,2026-07-30T17:25:51.466940
47,28,9,5,0,5,2026-07-30T17:25:52.370727
47,28,10,5,0,5,2026-07-30T17:25:52.254186
47,29,1,5,0,5,2026-07-30T17:25:52.766679
47,29,2,5,0,5,2026-07-30T17:25:53.246748
47,29,3,5,0,5,2026-07-30T17:25:53.104898
47,29,4,5,0,5,2026-07-30T17:25:52.681707
47,29,5,5,0,5,2026-07-30T17:25:53.691141
47,29,6,5,0,5,2026-07-30T17:25:53.105837
47,29,7,5,0,5,2026-07-30T17:25:53.667931
47,29,8,5,0,5,2026-07-30T17:25:53.424243
47,29,9,5,0,5,2026-07-30T17:25:53.747426
47,29,10,5,0,5,2026-07-30T17:25:54.002642
47,30,1,5,0,5,2026-07-30T17:25:54.148071
47,30,2,5,0,5,2026-07-30T17:25:54.756475
47,30,3,5,0,5,2026-07-30T17:25:54.296828
47,30,4,5,0,5,2026-07-30T17:25:55.082243
47,30,5,5,0,5,2026-07-30T17:25:54.944289
47,30,6,5,0,5,2026-07-30T17:25:55.540589
47,30,7,5,0,5,2026-07-30T17:25:54.992408
47,30,8,5,0,5,2026-07-30T17:25:55.237195
47,30,9,5,0,5,2026-07-30T17:25:55.621438
47,30,10,5,0,5,2026-07-30T17:25:55.120611
48,1,1,5,0,5,2026-07-30T17:25:55.795889
48,1,2,5,0,5,2026-07-30T17:25:56.200813
48,1,3,5,0,5,2026-07-30T17:25:56.031541
48,1,4,4,0,4,2026-07-30T17:25:56.527491
48,1,5,5,0,5,2026-07-30T17:25:57.169376
48,1,6,5,0,5,2026-07-30T17:25:56.680114
48,1,7,5,0,5,2026-07-30T17:25:56.774020
48,1,8,5,0,5,2026-07-30T17:25:56.889454
48,1,9,5,0,5,2026-07-30T17:25:57.054245
48,1,10,5,0,5,2026-07-30T17:25:57.684491
48,2,1,5,0,5,2026-07-30T17:25:57.442451
48,2,2,5,0,5,2026-07-30T17:25:57.792175
48,2,3,5,0,5,2026-07-30T17:25:58.305541
48,2,4,5,0,5,2026-07-30T17:25:57.806524
48,2,5,5,0,5,2026-07-30T17:25:57.938866
48,2,6,5,0,5,2026-07-30T17:25:58.493197
48,2,7,5,0,5,2026-07-30T17:25:58.204809
48,2,8,5,0,5,2026-07-30T17:25:59.300285
48,2,9,5,0,5,2026-07-30T17:25:59.565408
48,2,10,5,0,5,2026-07-30T17:25:59.041718
48,3,1,0,0,0,2026-07-30T17:25:59.035497
48,3,2,0,0,0,2026-07-30T17:25:59.566487
48,3,3,0,0,0,2026-07-30T17:25:59.475127
48,3,4,0,0,0,2026-07-30T17:25:59.559190
48,3,5,0,0,0,2026-07-30T17:25:59.947784
48,3,6,0,0,0,2026-07-30T17:26:00.900094
48,3,7,0,0,0,2026-07-30T17:26:00.682900
48,3,8,0,0,0,2026-07-30T17:26:00.737780
48,3,9,0,0,0,2026-07-30T17:26:01.345968
48,3,10,0,0,0,2026-07-30T17:26:00.985648
48,4,1,0,0,0,2026-07-30T17:26:00.989887
48,4,2,0,0,0,2026-07-30T17:26:00.816428
48,4,3,0,0,0,2026-07-30T17:26:01.398691
48,4,4,0,0,0,2026-07-30T17:26:02.116791
48,4,5,0,0,0,2026-07-30T17:26:01.779310
48,4,6,0,0,0,2026-07-30T17:26:01.859231
48,4,7,0,0,0,2026-07-30T17:26:01.980747
48,4,8,0,0,0,2026-07-30T17:26:02.657504
48,4,9,0,0,0,2026-07-30T17:26:02.222196
48,4,10,0,0,0,2026-07-30T17:26:02.584949
48,5,1,0,0,0,2026-07-30T17:26:02.460102
48,5,2,0,0,0,2026-07-30T17:26:03.018868
48,5,3,0,0,0,2026-07-30T17:26:03.089469
48,5,4,0,0,0,2026-07-30T17:26:03.422105
48,5,5,0,0,0,2026-07-30T17:26:03.586278
48,5,6,0,0,0,2026-07-30T17:26:04.091584
48,5,7,0,0,0,2026-07-30T17:26:04.308417
48,5,8,0,0,0,2026-07-30T17:26:03.629630
48,5,9,0,0,0,2026-07-30T17:26:04.102569
48,5,10,0,0,0,2026-07-30T17:26:04.151271
48,6,1,5,0,5,2026-07-30T17:26:05.141650
48,6,2,5,0,5,2026-07-30T17:26:04.513590
48,6,3,5,0,5,2026-07-30T17:26:04.844022
48,6,4,5,0,5,2026-07-30T17:26:04.646311
48,6,5,5,0,5,2026-07-30T17:26:05.338735
48,6,6,5,0,5,2026-07-30T17:26:05.937073
48,6,7,5,0,5,2026-07-30T17:26:05.186459
48,6,8,5,0,5,2026-07-30T17:26:06.158207
48,6,9,5,0,5,2026-07-30T17:26:06.376109
48,6,10,5,0,5,2026-07-30T17:26:06.123950
48,7,1,5,0,5,2026-07-30T17:26:05.894166
48,7,2,5,0,5,2026-07-30T17:26:06.963655
48,7,3,5,0,5,2026-07-30T17:26:06.241742
48,7,4,5,0,5,2026-07-30T17:26:06.571068
48,7,5,5,0,5,2026-07-30T17:26:07.943078
48,7,6,5,0,5,2026-07-30T17:26:07.382687
48,7,7,5,0,5,2026-07-30T17:26:07.737198
48,7,8,5,0,5,2026-07-30T17:26:07.193229
48,7,9,5,0,5,2026-07-30T17:26:07.500048
48,7,10,5,0,5,2026-07-30T17:26:08.207797
48,8,1,3,0,3,2026-07-30T17:26:08.415419
48,8,2,0,0,0,2026-07-30T17:26:08.607199
48,8,3,0,0,0,2026-07-30T17:26:08.232903
48,8,4,5,0,5,2026-07-30T17:26:09.047083
48,8,5,0,0,0,2026-07-30T17:26:09.360640
48,8,6,0,0,0,2026-07-30T17:26:08.779997
48,8,7,0,0,0,2026-07-30T17:26:09.388018
48,8,8,0,0,0,2026-07-30T17:26:10.051727
48,8,9,0,0,0,2026-07-30T17:26:09.279782
48,8,10,5,0,5,2026-07-30T17:26:09.676723
48,9,1,0,0,0,2026-07-30T17:26:10.470772
48,9,2,0,0,0,2026-07-30T17:26:10.635638
48,9,3,0,0,0,2026-07-30T17:26:11.084052
48,9,4,0,0,0,2026-07-30T17:26:10.713905
48,9,5,0,0,0,2026-07-30T17:26:11.209098
48,9,6,0,0,0,2026-07-30T17:26:11.236079
48,9,7,0,0,0,2026-07-30T17:26:10.922718
48,9,8,0,0,0,2026-07-30T17:26:11.276437
48,9,9,0,0,0,2026-07-30T17:26:12.308989
48,9,10,0,0,0,2026-07-30T17:26:11.866767
48,10,1,0,0,0,2026-07-30T17:26:12.540410
48,10,2,0,0,0,2026-07-30T17:26:11.968889
48,10,3,0,0,0,2026-07-30T17:26:12.748376
48,10,4,0,0,0,2026-07-30T17:26:12.843971
48,10,5,0,0,0,2026-07-30T17:26:12.692357
48,10,6,0,0,0,2026-07-30T17:26:13.143763
48,10,7,0,0,0,2026-07-30T17:26:13.733304
48,10,8,0,0,0,2026-07-30T17:26:13.191396
48,10,9,0,0,0,2026-07-30T17:26:13.966184
48,10,10,0,0,0,2026-07-30T17:26:13.787311
48,11,1,5,0,5,2026-07-30T17:26:14.332856
48,11,2,5,0,5,2026-07-30T17:26:14.606205
48,11,3,5,0,5,2026-07-30T17:26:14.080747
48,11,4,5,0,5,2026-07-30T17:26:14.611593
48,11,5,5,0,5,2026-07-30T17:26:14.672357
48,11,6,5,0,5,2026-07-30T17:26:14.803343
48,11,7,5,0,5,2026-07-30T17:26:14.994719
48,11,8,5,0,5,2026-07-30T17:26:14.981768
48,11,9,5,0,5,2026-07-30T17:26:15.318465
48,11,10,5,0,5,2026-07-30T17:26:15.996324
48,12,1,5,0,5,2026-07-30T17:26:15.657863
48,12,2,5,0,5,2026-07-30T17:26:16.460746
48,12,3,5,0,5,2026-07-30T17:26:16.342092
48,12,4,5,0,5,2026-07-30T17:26:15.833908
48,12,5,5,0,5,2026-07-30T17:26:16.417173
48,12,6,5,0,5,2026-07-30T17:26:16.018371
48,12,7,5,0,5,2026-07-30T17:26:16.757710
48,12,8,5,0,5,2026-07-30T17:26:16.929905
48,12,9,5,0,5,2026-07-30T17:26:17.093041
48,12,10,5,0,5,2026-07-30T17:26:17.665329
48,13,1,0,0,0,2026-07-30T17:26:17.866756
48,13,2,0,0,0,2026-07-30T17:26:17.600542
48,13,3,0,0,0,2026-07-30T17:26:17.454699
48,13,4,0,0,0,2026-07-30T17:26:18.322614
48,13,5,0,0,0,2026-07-30T17:26:18.007888
48,13,6,0,0,0,2026-07-30T17:26:18.557549
48,13,7,5,0,5,2026-07-30T17:26:18.134626
48,13,8,0,0,0,2026-07-30T17:26:18.506830
48,13,9,0,0,0,2026-07-30T17:26:19.453572
48,13,10,1,0,1,2026-07-30T17:26:18.721870
48,14,1,5,0,5,2026-07-30T17:26:19.094079
48,14,2,5,0,5,2026-07-30T17:26:19.662387
48,14,3,5,0,5,2026-07-30T17:26:19.585532
48,14,4,5,0,5,2026-07-30T17:26:19.964098
48,14,5,5,0,5,2026-07-30T17:26:19.936131
48,14,6,5,0,5,2026-07-30T17:26:19.593623
48,14,7,5,0,5,2026-07-30T17:26:20.350770
48,14,8,5,0,5,2026-07-30T17:26:20.333594
48,14,9,5,0,5,2026-07-30T17:26:20.481590
48,14,10,5,0,5,2026-07-30T17:26:21.226956
48,15,1,0,0,0,2026-07-30T17:26:20.866155
48,15,2,0,0,0,2026-07-30T17:26:20.694462
48,15,3,0,0,0,2026-07-30T17:26:21.182661
48,15,4,0,0,0,2026-07-30T17:26:21.187536
48,15,5,0,0,0,2026-07-30T17:26:22.184857
48,15,6,0,0,0,2026-07-30T17:26:21.370596
48,15,7,0,0,0,2026-07-30T17:26:22.335454
48,15,8,0,0,0,2026-07-30T17:26:22.331053
48,15,9,0,0,0,2026-07-30T17:26:22.305196
48,15,10,0,0,0,2026-07-30T17:26:22.419710
48,16,1,5,0,5,2026-07-30T17:26:22.653741
48,16,2,5,0,5,2026-07-30T17:26:22.666409
48,16,3,5,0,5,2026-07-30T17:26:22.808201
48,16,4,5,0,5,2026-07-30T17:26:23.216829
48,16,5,5,0,5,2026-07-30T17:26:23.986171
48,16,6,5,0,5,2026-07-30T17:26:23.373154
48,16,7,5,0,5,2026-07-30T17:26:24.177208
48,16,8,5,0,5,2026-07-30T17:26:23.465360
48,16,9,5,0,5,2026-07-30T17:26:24.515030
48,16,10,5,0,5,2026-07-30T17:26:24.362494
48,17,1,5,0,5,2026-07-30T17:26:23.833436
48,17,2,5,0,5,2026-07-30T17:26:24.268487
48,17,3,5,0,5,2026-07-30T17:26:24.623787
48,17,4,5,0,5,2026-07-30T17:26:24.729173
48,17,5,5,0,5,2026-07-30T17:26:25.688269
48,17,6,5,0,5,2026-07-30T17:26:25.235093
48,17,7,5,0,5,2026-07-30T17:26:25.598542
48,17,8,5,0,5,2026-07-30T17:26:25.937244
48,17,9,5,0,5,2026-07-30T17:26:26.009995
48,17,10,5,0,5,2026-07-30T17:26:26.353360
48,18,1,3,0,3,2026-07-30T17:26:26.066190
48,18,2,3,0,3,2026-07-30T17:26:25.778736
48,18,3,3,0,3,2026-07-30T17:26:26.856467
48,18,4,3,0,3,2026-07-30T17:26:26.848053
48,18,5,2,0,2,2026-07-30T17:26:26.934519
48,18,6,3,0,3,2026-07-30T17:26:27.027655
48,18,7,3,0,3,2026-07-30T17:26:27.201399
48,18,8,0,0,0,2026-07-30T17:26:27.457994
48,18,9,3,0,3,2026-07-30T17:26:27.134625
48,18,10,3,0,3,2026-07-30T17:26:28.242317
48,19,1,5,0,5,2026-07-30T17:26:28.090570
48,19,2,5,0,5,2026-07-30T17:26:28.096228
48,19,3,3,0,3,2026-07-30T17:26:28.376038
48,19,4,5,0,5,2026-07-30T17:26:28.870073
48,19,5,3,0,3,2026-07-30T17:26:28.366677
48,19,6,5,0,5,2026-07-30T17:26:28.433159
48,19,7,3,0,3,2026-07-30T17:26:28.911183
48,19,8,3,0,3,2026-07-30T17:26:29.537984
48,19,9,5,0,5,2026-07-30T17:26:29.546001
48,19,10,3,0,3,2026-07-30T17:26:30.099087
48,20,1,5,0,5,2026-07-30T17:26:29.414535
48,20,2,5,0,5,2026-07-30T17:26:29.615377
48,20,3,5,0,5,2026-07-30T17:26:30.103465
48,20,4,5,0,5,2026-07-30T17:26:30.103575
48,20,5,5,0,5,2026-07-30T17:26:30.566864
48,20,6,5,0,5,2026-07-30T17:26:30.676654
48,20,7,5,0,5,2026-07-30T17:26:30.782151
48,20,8,5,0,5,2026-07-30T17:26:30.984999
48,20,9,5,0,5,2026-07-30T17:26:31.064075
48,20,10,5,0,5,2026-07-30T17:26:31.543783
48,21,1,5,0,5,2026-07-30T17:26:31.160290
48,21,2,5,0,5,2026-07-30T17:26:31.769350
48,21,3,5,0,5,2026-07-30T17:26:32.013497
48,21,4,5,0,5,2026-07-30T17:26:32.365577
48,21,5,5,0,5,2026-07-30T17:26:32.030198
48,21,6,5,0,5,2026-07-30T17:26:32.613864
48,21,7,5,0,5,2026-07-30T17:26:32.499386
48,21,8,5,0,5,2026-07-30T17:26:33.028987
48,21,9,5,0,5,2026-07-30T17:26:32.776384
48,21,10,5,0,5,2026-07-30T17:26:32.988947
48,22,1,5,0,5,2026-07-30T17:26:33.862687
48,22,2,5,0,5,2026-07-30T17:26:34.072525
48,22,3,5,0,5,2026-07-30T17:26:33.803491
48,22,4,5,0,5,2026-07-30T17:26:33.968068
48,22,5,5,0,5,2026-07-30T17:26:34.075932
48,22,6,5,0,5,2026-07-30T17:26:34.261919
48,22,7,5,0,5,2026-07-30T17:26:34.441801
48,22,8,5,0,5,2026-07-30T17:26:34.302363
48,22,9,5,0,5,2026-07-30T17:26:35.474252
48,22,10,5,0,5,2026-07-30T17:26:35.185345
48,23,1,5,0,5,2026-07-30T17:26:35.029609
48,23,2,5,0,5,2026-07-30T17:26:35.370454
48,23,3,5,0,5,2026-07-30T17:26:35.540212
48,23,4,5,0,5,2026-07-30T17:26:35.738995
48,23,5,5,0,5,2026-07-30T17:26:35.544849
48,23,6,5,0,5,2026-07-30T17:26:35.969124
48,23,7,5,0,5,2026-07-30T17:26:36.288643
48,23,8,5,0,5,2026-07-30T17:26:36.847606
48,23,9,5,0,5,2026-07-30T17:26:37.023803
48,23,10,5,0,5,2026-07-30T17:26:36.766129
48,24,1,0,0,0,2026-07-30T17:26:37.199037
48,24,2,0,0,0,2026-07-30T17:26:36.830048
48,24,3,0,0,0,2026-07-30T17:26:36.824954
48,24,4,0,0,0,2026-07-30T17:26:37.449784
48,24,5,0,0,0,2026-07-30T17:26:37.522738
48,24,6,0,0,0,2026-07-30T17:26:38.841857
48,24,7,0,0,0,2026-07-30T17:26:38.238448
48,24,8,0,0,0,2026-07-30T17:26:38.481173
48,24,9,0,0,0,2026-07-30T17:26:38.296615
48,24,10,0,0,0,2026-07-30T17:26:38.266313
48,25,1,0,0,0,2026-07-30T17:26:38.456941
48,25,2,0,0,0,2026-07-30T17:26:38.697640
48,25,3,0,0,0,2026-07-30T17:26:39.151733
48,25,4,0,0,0,2026-07-30T17:26:39.704491
48,25,5,0,0,0,2026-07-30T17:26:40.116315
48,25,6,0,0,0,2026-07-30T17:26:40.125763
48,25,7,0,0,0,2026-07-30T17:26:39.704253
48,25,8,0,0,0,2026-07-30T17:26:40.160808
48,25,9,0,0,0,2026-07-30T17:26:40.343332
48,25,10,0,0,0,2026-07-30T17:26:40.299855
48,26,1,5,0,5,2026-07-30T17:26:40.629059
48,26,2,5,0,5,2026-07-30T17:26:40.984897
48,26,3,5,0,5,2026-07-30T17:26:40.744063
48,26,4,5,0,5,2026-07-30T17:26:41.575858
48,26,5,5,0,5,2026-07-30T17:26:41.373921
48,26,6,5,0,5,2026-07-30T17:26:41.213934
48,26,7,5,0,5,2026-07-30T17:26:41.541458
48,26,8,5,0,5,2026-07-30T17:26:42.025786
48,26,9,5,0,5,2026-07-30T17:26:42.092218
48,26,10,5,0,5,2026-07-30T17:26:42.590951
48,27,1,5,0,5,2026-07-30T17:26:42.029559
48,27,2,5,0,5,2026-07-30T17:26:42.466912
48,27,3,5,0,5,2026-07-30T17:26:43.221505
48,27,4,5,0,5,2026-07-30T17:26:43.590117
48,27,5,5,0,5,2026-07-30T17:26:43.636782
48,27,6,5,0,5,2026-07-30T17:26:43.474326
48,27,7,5,0,5,2026-07-30T17:26:43.891692
48,27,8,5,0,5,2026-07-30T17:26:44.157641
48,27,9,5,0,5,2026-07-30T17:26:44.124882
48,27,10,5,0,5,2026-07-30T17:26:43.658537
48,28,1,5,0,5,2026-07-30T17:26:44.269091
48,28,2,5,0,5,2026-07-30T17:26:44.906098
48,28,3,4,0,4,2026-07-30T17:26:45.445661
48,28,4,5,0,5,2026-07-30T17:26:45.109122
48,28,5,5,0,5,2026-07-30T17:26:45.112605
48,28,6,5,0,5,2026-07-30T17:26:45.566240
48,28,7,5,0,5,2026-07-30T17:26:46.180131
48,28,8,5,0,5,2026-07-30T17:26:45.820099
48,28,9,5,0,5,2026-07-30T17:26:45.691687
48,28,10,5,0,5,2026-07-30T17:26:46.771125
48,29,1,5,0,5,2026-07-30T17:26:47.179011
48,29,2,5,0,5,2026-07-30T17:26:46.769710
48,29,3,5,0,5,2026-07-30T17:26:46.883922
48,29,4,5,0,5,2026-07-30T17:26:46.802557
48,29,5,5,0,5,2026-07-30T17:26:46.926121
48,29,6,5,0,5,2026-07-30T17:26:47.239620
48,29,7,5,0,5,2026-07-30T17:26:47.617491
48,29,8,5,0,5,2026-07-30T17:26:48.432619
48,29,9,5,0,5,2026-07-30T17:26:48.409314
48,29,10,5,0,5,2026-07-30T17:26:48.648217
48,30,1,5,0,5,2026-07-30T17:26:48.746636
48,30,2,5,0,5,2026-07-30T17:26:48.209714
48,30,3,5,0,5,2026-07-30T17:26:49.100551
48,30,4,5,0,5,2026-07-30T17:26:49.305926
48,30,5,5,0,5,2026-07-30T17:26:49.076650
48,30,6,5,0,5,2026-07-30T17:26:49.672313
48,30,7,5,0,5,2026-07-30T17:26:49.440701
48,30,8,5,0,5,2026-07-30T17:26:49.472408
48,30,9,5,0,5,2026-07-30T17:26:49.696221
48,30,10,5,0,5,2026-07-30T17:26:50.001326
49,1,1,5,0,5,2026-07-30T17:26:49.892733
49,1,2,5,0,5,2026-07-30T17:26:50.763537
49,1,3,5,0,5,2026-07-30T17:26:51.380317
49,1,4,5,0,5,2026-07-30T17:26:50.688908
49,1,5,5,0,5,2026-07-30T17:26:51.145814
49,1,6,5,0,5,2026-07-30T17:26:50.888623
49,1,7,5,0,5,2026-07-30T17:26:51.177701
49,1,8,5,0,5,2026-07-30T17:26:51.340823
49,1,9,5,0,5,2026-07-30T17:26:51.220598
49,1,10,5,0,5,2026-07-30T17:26:51.764725
49,2,1,5,0,5,2026-07-30T17:26:51.831714
49,2,2,5,0,5,2026-07-30T17:26:52.774058
49,2,3,5,0,5,2026-07-30T17:26:52.169007
49,2,4,5,0,5,2026-07-30T17:26:52.476098
49,2,5,5,0,5,2026-07-30T17:26:52.497323
49,2,6,5,0,5,2026-07-30T17:26:52.845696
49,2,7,5,0,5,2026-07-30T17:26:52.424290
49,2,8,5,0,5,2026-07-30T17:26:53.036518
49,2,9,5,0,5,2026-07-30T17:26:53.097663
49,2,10,5,0,5,2026-07-30T17:26:54.056962
49,3,1,0,0,0,2026-07-30T17:26:53.695075
49,3,2,0,0,0,2026-07-30T17:26:54.138600
49,3,3,0,0,0,2026-07-30T17:26:53.729447
49,3,4,0,0,0,2026-07-30T17:26:54.001556
49,3,5,0,0,0,2026-07-30T17:26:54.102076
49,3,6,0,0,0,2026-07-30T17:26:54.929460
49,3,7,0,0,0,2026-07-30T17:26:54.729438
49,3,8,0,0,0,2026-07-30T17:26:55.578539
49,3,9,0,0,0,2026-07-30T17:26:55.065422
49,3,10,0,0,0,2026-07-30T17:26:55.276891
49,4,1,0,0,0,2026-07-30T17:26:55.567349
49,4,2,0,0,0,2026-07-30T17:26:55.739615
49,4,3,2,0,2,2026-07-30T17:26:55.364132
49,4,4,0,0,0,2026-07-30T17:26:56.018938
49,4,5,0,0,0,2026-07-30T17:26:56.786426
49,4,6,0,0,0,2026-07-30T17:26:56.949661
49,4,7,0,0,0,2026-07-30T17:26:57.143010
49,4,8,0,0,0,2026-07-30T17:26:56.821702
49,4,9,0,0,0,2026-07-30T17:26:56.824546
49,4,10,0,0,0,2026-07-30T17:26:57.010073
49,5,1,0,0,0,2026-07-30T17:26:56.950522
49,5,2,0,0,0,2026-07-30T17:26:57.474049
49,5,3,0,0,0,2026-07-30T17:26:58.212380
49,5,4,0,0,0,2026-07-30T17:26:58.693699
49,5,5,0,0,0,2026-07-30T17:26:58.471797
49,5,6,0,0,0,2026-07-30T17:26:58.009528
49,5,7,0,0,0,2026-07-30T17:26:58.410602
49,5,8,0,0,0,2026-07-30T17:26:58.473372
49,5,9,0,0,0,2026-07-30T17:26:58.838872
49,5,10,0,0,0,2026-07-30T17:26:58.921317
49,6,1,5,0,5,2026-07-30T17:26:59.282407
49,6,2,5,0,5,2026-07-30T17:27:00.067773
49,6,3,5,0,5,2026-07-30T17:26:59.472106
49,6,4,5,0,5,2026-07-30T17:26:59.714215
49,6,5,5,0,5,2026-07-30T17:26:59.731336
49,6,6,5,0,5,2026-07-30T17:26:59.750606
49,6,7,5,0,5,2026-07-30T17:27:00.091541
49,6,8,5,0,5,2026-07-30T17:26:59.989850
49,6,9,5,0,5,2026-07-30T17:27:00.164984
49,6,10,5,0,5,2026-07-30T17:27:00.524269
49,7,1,5,0,5,2026-07-30T17:27:01.374006
49,7,2,5,0,5,2026-07-30T17:27:01.758183
49,7,3,5,0,5,2026-07-30T17:27:00.990840
49,7,4,5,0,5,2026-07-30T17:27:01.874910
49,7,5,5,0,5,2026-07-30T17:27:02.143907
49,7,6,5,0,5,2026-07-30T17:27:01.133238
49,7,7,5,0,5,2026-07-30T17:27:01.192265
49,7,8,5,0,5,2026-07-30T17:27:01.990165
49,7,9,5,0,5,2026-07-30T17:27:02.672340
49,7,10,5,0,5,2026-07-30T17:27:02.388650
49,8,1,5,0,5,2026-07-30T17:27:02.466988
49,8,2,5,0,5,2026-07-30T17:27:02.679444
49,8,3,5,0,5,2026-07-30T17:27:03.022924
49,8,4,5,0,5,2026-07-30T17:27:03.152616
49,8,5,5,0,5,2026-07-30T17:27:03.459789
49,8,6,5,0,5,2026-07-30T17:27:03.765673
49,8,7,5,0,5,2026-07-30T17:27:04.071384
49,8,8,5,0,5,2026-07-30T17:27:03.891866
49,8,9,3,0,3,2026-07-30T17:27:03.922708
49,8,10,5,0,5,2026-07-30T17:27:04.539235
49,9,1,0,0,0,2026-07-30T17:27:04.080762
49,9,2,0,0,0,2026-07-30T17:27:04.196240
49,9,3,0,0,0,2026-07-30T17:27:04.924481
49,9,4,0,0,0,2026-07-30T17:27:05.640524
49,9,5,0,0,0,2026-07-30T17:27:05.348091
49,9,6,0,0,0,2026-07-30T17:27:04.984651
49,9,7,0,0,0,2026-07-30T17:27:05.739825
49,9,8,0,0,0,2026-07-30T17:27:05.338073
49,9,9,0,0,0,2026-07-30T17:27:05.449511
49,9,10,0,0,0,2026-07-30T17:27:05.580885
49,10,1,5,0,5,2026-07-30T17:27:06.382136
49,10,2,5,0,5,2026-07-30T17:27:06.636908
49,10,3,5,0,5,2026-07-30T17:27:07.016770
49,10,4,5,0,5,2026-07-30T17:27:07.012465
49,10,5,5,0,5,2026-07-30T17:27:06.723158
49,10,6,5,0,5,2026-07-30T17:27:07.438147
49,10,7,5,0,5,2026-07-30T17:27:07.282497
49,10,8,5,0,5,2026-07-30T17:27:06.988232
49,10,9,5,0,5,2026-07-30T17:27:08.035663
49,10,10,5,0,5,2026-07-30T17:27:08.488252
49,11,1,5,0,5,2026-07-30T17:27:08.603724
49,11,2,5,0,5,2026-07-30T17:27:08.426172
49,11,3,5,0,5,2026-07-30T17:27:08.828914
49,11,4,5,0,5,2026-07-30T17:27:08.069363
49,11,5,5,0,5,2026-07-30T17:27:08.515108
49,11,6,5,0,5,2026-07-30T17:27:09.095953
49,11,7,5,0,5,2026-07-30T17:27:10.112358
49,11,8,5,0,5,2026-07-30T17:27:09.334100
49,11,9,5,0,5,2026-07-30T17:27:10.068456
49,11,10,5,0,5,2026-07-30T17:27:09.545993
49,12,1,5,0,5,2026-07-30T17:27:09.986160
49,12,2,5,0,5,2026-07-30T17:27:10.472573
49,12,3,5,0,5,2026-07-30T17:27:10.056558
49,12,4,5,0,5,2026-07-30T17:27:10.967368
49,12,5,5,0,5,2026-07-30T17:27:10.779409
49,12,6,5,0,5,2026-07-30T17:27:10.777757
49,12,7,5,0,5,2026-07-30T17:27:11.456181
49,12,8,5,0,5,2026-07-30T17:27:11.111985
49,12,9,5,0,5,2026-07-30T17:27:11.918310
49,12,10,5,0,5,2026-07-30T17:27:11.766285
49,13,1,0,0,0,2026-07-30T17:27:11.316013
49,13,2,0,0,0,2026-07-30T17:27:12.030845
49,13,3,0,0,0,2026-07-30T17:27:11.811138
49,13,4,0,0,0,2026-07-30T17:27:12.619700
49,13,5,0,0,0,2026-07-30T17:27:12.561830
49,13,6,0,0,0,2026-07-30T17:27:12.370855
49,13,7,0,0,0,2026-07-30T17:27:12.475193
49,13,8,0,0,0,2026-07-30T17:27:12.805288
49,13,9,0,0,0,2026-07-30T17:27:13.045815
49,13,10,0,0,0,2026-07-30T17:27:12.949843
49,14,1,5,0,5,2026-07-30T17:27:13.062085
49,14,2,5,0,5,2026-07-30T17:27:13.419812
49,14,3,5,0,5,2026-07-30T17:27:13.907642
49,14,4,3,0,3,2026-07-30T17:27:14.180615
49,14,5,5,0,5,2026-07-30T17:27:13.865879
49,14,6,5,0,5,2026-07-30T17:27:14.865940
49,14,7,5,0,5,2026-07-30T17:27:14.004783
49,14,8,5,0,5,2026-07-30T17:27:14.710330
49,14,9,3,0,3,2026-07-30T17:27:14.330809
49,14,10,4,0,4,2026-07-30T17:27:15.282651
49,15,1,4,0,4,2026-07-30T17:27:15.116227
49,15,2,5,0,5,2026-07-30T17:27:15.560856
49,15,3,5,0,5,2026-07-30T17:27:15.436807
49,15,4,5,0,5,2026-07-30T17:27:15.396331
49,15,5,5,0,5,2026-07-30T17:27:16.191672
49,15,6,5,0,5,2026-07-30T17:27:16.168929
49,15,7,5,0,5,2026-07-30T17:27:15.921561
49,15,8,5,0,5,2026-07-30T17:27:16.796518
49,15,9,5,0,5,2026-07-30T17:27:16.959442
49,15,10,5,0,5,2026-07-30T17:27:16.850266
49,16,1,5,0,5,2026-07-30T17:27:16.901576
49,16,2,5,0,5,2026-07-30T17:27:17.212873
49,16,3,5,0,5,2026-07-30T17:27:17.576595
49,16,4,5,0,5,2026-07-30T17:27:17.626089
49,16,5,5,0,5,2026-07-30T17:27:17.252354
49,16,6,5,0,5,2026-07-30T17:27:17.828155
49,16,7,5,0,5,2026-07-30T17:27:18.087704
49,16,8,5,0,5,2026-07-30T17:27:18.542005
49,16,9,5,0,5,2026-07-30T17:27:18.385973
49,16,10,5,0,5,2026-07-30T17:27:18.852264
49,17,1,5,0,5,2026-07-30T17:27:18.270164
49,17,2,5,0,5,2026-07-30T17:27:18.638232
49,17,3,5,0,5,2026-07-30T17:27:19.056806
49,17,4,5,0,5,2026-07-30T17:27:19.239125
49,17,5,5,0,5,2026-07-30T17:27:19.334758
49,17,6,5,0,5,2026-07-30T17:27:19.549362
49,17,7,5,0,5,2026-07-30T17:27:20.013159
49,17,8,5,0,5,2026-07-30T17:27:19.795670
49,17,9,5,0,5,2026-07-30T17:27:20.286074
49,17,10,5,0,5,2026-07-30T17:27:20.119673
49,18,1,4,0,4,2026-07-30T17:27:20.706557
49,18,2,3,0,3,2026-07-30T17:27:20.507749
49,18,3,2,0,2,2026-07-30T17:27:20.990799
49,18,4,3,0,3,2026-07-30T17:27:21.182126
49,18,5,0,0,0,2026-07-30T17:27:21.036558
49,18,6,0,0,0,2026-07-30T17:27:21.841035
49,18,7,0,0,0,2026-07-30T17:27:21.752815
49,18,8,3,0,3,2026-07-30T17:27:21.531561
49,18,9,0,0,0,2026-07-30T17:27:22.124000
49,18,10,3,0,3,2026-07-30T17:27:22.347539
49,19,1,5,0,5,2026-07-30T17:27:22.027158
49,19,2,5,0,5,2026-07-30T17:27:22.700114
49,19,3,0,0,0,2026-07-30T17:27:22.831741
49,19,4,2,0,2,2026-07-30T17:27:22.787331
49,19,5,5,0,5,2026-07-30T17:27:22.791985
49,19,6,4,0,4,2026-07-30T17:27:23.266057
49,19,7,0,0,0,2026-07-30T17:27:23.687077
49,19,8,5,0,5,2026-07-30T17:27:24.195289
49,19,9,2,0,2,2026-07-30T17:27:23.600553
49,19,10,3,0,3,2026-07-30T17:27:23.910417
49,20,1,5,0,5,2026-07-30T17:27:24.612960
49,20,2,5,0,5,2026-07-30T17:27:24.442950
49,20,3,5,0,5,2026-07-30T17:27:23.675629
49,20,4,5,0,5,2026-07-30T17:27:24.296080
49,20,5,5,0,5,2026-07-30T17:27:25.637190
49,20,6,5,0,5,2026-07-30T17:27:25.111962
49,20,7,5,0,5,2026-07-30T17:27:25.122180
49,20,8,5,0,5,2026-07-30T17:27:25.782804
49,20,9,5,0,5,2026-07-30T17:27:25.841258
49,20,10,5,0,5,2026-07-30T17:27:25.323681
49,21,1,5,0,5,2026-07-30T17:27:25.679556
49,21,2,5,0,5,2026-07-30T17:27:25.855179
49,21,3,5,0,5,2026-07-30T17:27:26.974151
49,21,4,5,0,5,2026-07-30T17:27:26.769394
49,21,5,5,0,5,2026-07-30T17:27:27.363165
49,21,6,5,0,5,2026-07-30T17:27:27.707542
49,21,7,5,0,5,2026-07-30T17:27:27.115285
49,21,8,5,0,5,2026-07-30T17:27:27.446621
49,21,9,5,0,5,2026-07-30T17:27:26.896784
49,21,10,5,0,5,2026-07-30T17:27:27.723096
49,22,1,5,0,5,2026-07-30T17:27:28.202543
49,22,2,5,0,5,2026-07-30T17:27:28.739656
49,22,3,5,0,5,2026-07-30T17:27:28.202733
49,22,4,5,0,5,2026-07-30T17:27:28.165729
49,22,5,5,0,5,2026-07-30T17:27:28.397629
49,22,6,5,0,5,2026-07-30T17:27:29.088066
49,22,7,5,0,5,2026-07-30T17:27:28.951338
49,22,8,5,0,5,2026-07-30T17:27:28.953345
49,22,9,5,0,5,2026-07-30T17:27:29.200999
49,22,10,5,0,5,2026-07-30T17:27:29.832889
49,23,1,5,0,5,2026-07-30T17:27:29.455727
49,23,2,5,0,5,2026-07-30T17:27:29.850019
49,23,3,5,0,5,2026-07-30T17:27:30.190455
49,23,4,5,0,5,2026-07-30T17:27:30.183159
49,23,5,5,0,5,2026-07-30T17:27:30.821402
49,23,6,5,0,5,2026-07-30T17:27:30.722266
49,23,7,5,0,5,2026-07-30T17:27:30.236429
49,23,8,3,0,3,2026-07-30T17:27:30.483387
49,23,9,5,0,5,2026-07-30T17:27:31.679767
49,23,10,5,0,5,2026-07-30T17:27:31.712136
49,24,1,0,0,0,2026-07-30T17:27:31.617524
49,24,2,0,0,0,2026-07-30T17:27:31.794857
49,24,3,0,0,0,2026-07-30T17:27:31.873759
49,24,4,0,0,0,2026-07-30T17:27:31.719321
49,24,5,0,0,0,2026-07-30T17:27:31.758959
49,24,6,0,0,0,2026-07-30T17:27:32.480679
49,24,7,0,0,0,2026-07-30T17:27:32.860226
49,24,8,0,0,0,2026-07-30T17:27:33.515279
49,24,9,0,0,0,2026-07-30T17:27:33.325011
49,24,10,0,0,0,2026-07-30T17:27:33.561200
49,25,1,5,0,5,2026-07-30T17:27:32.994955
49,25,2,5,0,5,2026-07-30T17:27:33.020781
49,25,3,5,0,5,2026-07-30T17:27:33.323787
49,25,4,4,0,4,2026-07-30T17:27:33.522415
49,25,5,5,0,5,2026-07-30T17:27:34.510215
49,25,6,5,0,5,2026-07-30T17:27:34.662390
49,25,7,5,0,5,2026-07-30T17:27:34.264136
49,25,8,5,0,5,2026-07-30T17:27:34.756573
49,25,9,5,0,5,2026-07-30T17:27:35.170611
49,25,10,5,0,5,2026-07-30T17:27:35.174008
49,26,1,5,0,5,2026-07-30T17:27:34.560591
49,26,2,5,0,5,2026-07-30T17:27:34.816064
49,26,3,5,0,5,2026-07-30T17:27:36.111446
49,26,4,5,0,5,2026-07-30T17:27:36.181342
49,26,5,5,0,5,2026-07-30T17:27:36.207438
49,26,6,5,0,5,2026-07-30T17:27:35.910002
49,26,7,5,0,5,2026-07-30T17:27:36.410117
49,26,8,5,0,5,2026-07-30T17:27:36.666488
49,26,9,5,0,5,2026-07-30T17:27:36.983004
49,26,10,5,0,5,2026-07-30T17:27:36.414585
49,27,1,5,0,5,2026-07-30T17:27:37.549715
49,27,2,5,0,5,2026-07-30T17:27:37.935614
49,27,3,5,0,5,2026-07-30T17:27:37.629983
49,27,4,5,0,5,2026-07-30T17:27:37.245559
49,27,5,5,0,5,2026-07-30T17:27:38.272675
49,27,6,5,0,5,2026-07-30T17:27:38.100477
49,27,7,5,0,5,2026-07-30T17:27:38.494443
49,27,8,5,0,5,2026-07-30T17:27:38.244129
49,27,9,5,0,5,2026-07-30T17:27:39.107372
49,27,10,5,0,5,2026-07-30T17:27:38.764034
49,28,1,5,0,5,2026-07-30T17:27:39.452973
49,28,2,3,0,3,2026-07-30T17:27:39.785809
49,28,3,5,0,5,2026-07-30T17:27:39.945626
49,28,4,4,0,4,2026-07-30T17:27:39.490630
49,28,5,5,0,5,2026-07-30T17:27:39.688568
49,28,6,5,0,5,2026-07-30T17:27:40.343349
49,28,7,5,0,5,2026-07-30T17:27:40.205124
49,28,8,4,0,4,2026-07-30T17:27:40.370669
49,28,9,5,0,5,2026-07-30T17:27:40.889298
49,28,10,5,0,5,2026-07-30T17:27:41.127015
49,29,1,0,0,0,2026-07-30T17:27:40.749704
49,29,2,0,0,0,2026-07-30T17:27:41.669888
49,29,3,0,0,0,2026-07-30T17:27:41.397845
49,29,4,0,0,0,2026-07-30T17:27:41.431711
49,29,5,0,0,0,2026-07-30T17:27:42.186567
49,29,6,0,0,0,2026-07-30T17:27:42.015114
49,29,7,0,0,0,2026-07-30T17:27:42.183538
49,29,8,0,0,0,2026-07-30T17:27:42.354079
49,29,9,0,0,0,2026-07-30T17:27:42.552777
49,29,10,0,0,0,2026-07-30T17:27:42.635149
49,30,1,5,0,5,2026-07-30T17:27:42.475013
49,30,2,5,0,5,2026-07-30T17:27:43.560369
49,30,3,5,0,5,2026-07-30T17:27:43.845698
49,30,4,5,0,5,2026-07-30T17:27:42.985960
49,30,5,5,0,5,2026-07-30T17:27:43.416612
49,30,6,5,0,5,2026-07-30T17:27:44.005068
49,30,7,5,0,5,2026-07-30T17:27:44.141793
49,30,8,5,0,5,2026-07-30T17:27:44.426757
49,30,9,5,0,5,2026-07-30T17:27:44.705143
49,30,10,5,0,5,2026-07-30T17:27:44.624947
50,1,1,5,0,5,2026-07-30T17:27:44.470426
50,1,2,5,0,5,2026-07-30T17:27:44.615518
50,1,3,5,0,5,2026-07-30T17:27:45.487209
50,1,4,5,0,5,2026-07-30T17:27:45.468936
50,1,5,5,0,5,2026-07-30T17:27:46.015155
50,1,6,5,0,5,2026-07-30T17:27:46.285085
50,1,7,5,0,5,2026-07-30T17:27:45.719683
50,1,8,5,0,5,2026-07-30T17:27:46.258532
50,1,9,5,0,5,2026-07-30T17:27:46.472236
50,1,10,5,0,5,2026-07-30T17:27:45.938724
50,2,1,5,0,5,2026-07-30T17:27:46.513105
50,2,2,5,0,5,2026-07-30T17:27:46.941075
50,2,3,5,0,5,2026-07-30T17:27:47.770864
50,2,4,5,0,5,2026-07-30T17:27:47.389534
50,2,5,5,0,5,2026-07-30T17:27:47.085941
50,2,6,5,0,5,2026-07-30T17:27:47.710243
50,2,7,5,0,5,2026-07-30T17:27:48.148695
50,2,8,5,0,5,2026-07-30T17:27:47.701005
50,2,9,5,0,5,2026-07-30T17:27:47.947462
50,2,10,5,0,5,2026-07-30T17:27:48.377398
50,3,1,5,0,5,2026-07-30T17:27:48.111833
50,3,2,5,0,5,2026-07-30T17:27:49.276008
50,3,3,5,0,5,2026-07-30T17:27:49.164898
50,3,4,5,0,5,2026-07-30T17:27:49.361343
50,3,5,5,0,5,2026-07-30T17:27:49.219422
50,3,6,5,0,5,2026-07-30T17:27:48.771478
50,3,7,5,0,5,2026-07-30T17:27:49.161077
50,3,8,5,0,5,2026-07-30T17:27:49.405222
50,3,9,5,0,5,2026-07-30T17:27:49.432597
50,3,10,5,0,5,2026-07-30T17:27:50.225328
50,4,1,5,0,5,2026-07-30T17:27:50.197097
50,4,2,5,0,5,2026-07-30T17:27:50.421586
50,4,3,5,0,5,2026-07-30T17:27:51.049488
50,4,4,5,0,5,2026-07-30T17:27:50.302394
50,4,5,5,0,5,2026-07-30T17:27:50.612130
50,4,6,5,0,5,2026-07-30T17:27:51.251113
50,4,7,5,0,5,2026-07-30T17:27:50.706608
50,4,8,5,0,5,2026-07-30T17:27:51.241539
50,4,9,5,0,5,2026-07-30T17:27:51.654202
50,4,10,5,0,5,2026-07-30T17:27:51.755584
50,5,1,5,0,5,2026-07-30T17:27:52.053126
50,5,2,5,0,5,2026-07-30T17:27:52.268765
50,5,3,5,0,5,2026-07-30T17:27:52.347396
50,5,4,5,0,5,2026-07-30T17:27:51.921589
50,5,5,5,0,5,2026-07-30T17:27:52.651041
50,5,6,5,0,5,2026-07-30T17:27:52.488639
50,5,7,5,0,5,2026-07-30T17:27:53.318491
50,5,8,5,0,5,2026-07-30T17:27:53.010930
50,5,9,5,0,5,2026-07-30T17:27:52.940396
50,5,10,5,0,5,2026-07-30T17:27:53.739846
50,6,1,5,0,5,2026-07-30T17:27:53.295253
50,6,2,5,0,5,2026-07-30T17:27:53.403311
50,6,3,5,0,5,2026-07-30T17:27:53.533142
50,6,4,5,0,5,2026-07-30T17:27:54.324013
50,6,5,5,0,5,2026-07-30T17:27:54.179169
50,6,6,5,0,5,2026-07-30T17:27:54.658626
50,6,7,5,0,5,2026-07-30T17:27:54.574627
50,6,8,5,0,5,2026-07-30T17:27:54.761317
50,6,9,5,0,5,2026-07-30T17:27:54.844131
50,6,10,5,0,5,2026-07-30T17:27:54.792638
50,7,1,5,0,5,2026-07-30T17:27:55.615788
50,7,2,5,0,5,2026-07-30T17:27:55.654151
50,7,3,5,0,5,2026-07-30T17:27:56.149471
50,7,4,5,0,5,2026-07-30T17:27:56.454996
50,7,5,5,0,5,2026-07-30T17:27:56.137926
50,7,6,5,0,5,2026-07-30T17:27:56.405358
50,7,7,5,0,5,2026-07-30T17:27:55.831121
50,7,8,5,0,5,2026-07-30T17:27:56.077135
50,7,9,5,0,5,2026-07-30T17:27:56.649884
50,7,10,5,0,5,2026-07-30T17:27:57.159215
50,8,1,5,0,5,2026-07-30T17:27:57.159423
50,8,2,5,0,5,2026-07-30T17:27:57.299984
50,8,3,5,0,5,2026-07-30T17:27:57.763365
50,8,4,5,0,5,2026-07-30T17:27:57.607373
50,8,5,5,0,5,2026-07-30T17:27:58.055483
50,8,6,5,0,5,2026-07-30T17:27:57.508595
50,8,7,5,0,5,2026-07-30T17:27:58.330197
50,8,8,5,0,5,2026-07-30T17:27:58.802752
50,8,9,5,0,5,2026-07-30T17:27:58.803366
50,8,10,5,0,5,2026-07-30T17:27:59.168255
50,9,1,5,0,5,2026-07-30T17:27:58.532008
50,9,2,5,0,5,2026-07-30T17:27:59.480681
50,9,3,5,0,5,2026-07-30T17:27:59.030996
50,9,4,5,0,5,2026-07-30T17:27:59.299847
50,9,5,5,0,5,2026-07-30T17:27:59.982663
50,9,6,5,0,5,2026-07-30T17:27:59.975218
50,9,7,5,0,5,2026-07-30T17:27:59.871972
50,9,8,5,0,5,2026-07-30T17:27:59.861151
50,9,9,5,0,5,2026-07-30T17:28:00.259991
50,9,10,5,0,5,2026-07-30T17:28:00.805506
50,10,1,5,0,5,2026-07-30T17:28:00.521038
50,10,2,5,0,5,2026-07-30T17:28:00.961584
50,10,3,5,0,5,2026-07-30T17:28:01.331338
50,10,4,5,0,5,2026-07-30T17:28:00.957358
50,10,5,5,0,5,2026-07-30T17:28:01.642831
50,10,6,5,0,5,2026-07-30T17:28:01.407681
50,10,7,5,0,5,2026-07-30T17:28:02.120206
50,10,8,5,0,5,2026-07-30T17:28:02.011160
50,10,9,5,0,5,2026-07-30T17:28:01.855202
50,10,10,5,0,5,2026-07-30T17:28:02.673463
50,11,1,5,0,5,2026-07-30T17:28:02.206246
50,11,2,5,0,5,2026-07-30T17:28:02.374695
50,11,3,5,0,5,2026-07-30T17:28:02.670416
50,11,4,5,0,5,2026-07-30T17:28:03.098832
50,11,5,5,0,5,2026-07-30T17:28:03.551116
50,11,6,5,0,5,2026-07-30T17:28:03.893422
50,11,7,5,0,5,2026-07-30T17:28:04.016238
50,11,8,5,0,5,2026-07-30T17:28:04.020556
50,11,9,5,0,5,2026-07-30T17:28:04.083498
50,11,10,5,0,5,2026-07-30T17:28:03.925153
50,12,1,5,0,5,2026-07-30T17:28:04.545730
50,12,2,5,0,5,2026-07-30T17:28:04.355989
50,12,3,5,0,5,2026-07-30T17:28:05.195560
50,12,4,5,0,5,2026-07-30T17:28:05.126432
50,12,5,5,0,5,2026-07-30T17:28:05.016113
50,12,6,5,0,5,2026-07-30T17:28:05.444109
50,12,7,5,0,5,2026-07-30T17:28:05.099489
50,12,8,5,0,5,2026-07-30T17:28:05.945323
50,12,9,5,0,5,2026-07-30T17:28:05.428359
50,12,10,5,0,5,2026-07-30T17:28:06.384017
50,13,1,5,0,5,2026-07-30T17:28:06.254610
50,13,2,5,0,5,2026-07-30T17:28:06.334735
50,13,3,5,0,5,2026-07-30T17:28:06.575248
50,13,4,5,0,5,2026-07-30T17:28:07.054180
50,13,5,5,0,5,2026-07-30T17:28:06.480907
50,13,6,5,0,5,2026-07-30T17:28:06.725624
50,13,7,5,0,5,2026-07-30T17:28:07.795339
50,13,8,5,0,5,2026-07-30T17:28:07.508791
50,13,9,5,0,5,2026-07-30T17:28:07.635824
50,13,10,5,0,5,2026-07-30T17:28:07.826213
50,14,1,5,0,5,2026-07-30T17:28:08.366414
50,14,2,5,0,5,2026-07-30T17:28:08.047713
50,14,3,5,0,5,2026-07-30T17:28:07.971649
50,14,4,5,0,5,2026-07-30T17:28:08.091877
50,14,5,5,0,5,2026-07-30T17:28:08.955915
50,14,6,5,0,5,2026-07-30T17:28:09.494435
50,14,7,5,0,5,2026-07-30T17:28:09.628610
50,14,8,5,0,5,2026-07-30T17:28:09.504706
50,14,9,5,0,5,2026-07-30T17:28:09.229107
50,14,10,5,0,5,2026-07-30T17:28:10.136548
50,15,1,5,0,5,2026-07-30T17:28:09.949275
50,15,2,5,0,5,2026-07-30T17:28:10.417883
50,15,3,5,0,5,2026-07-30T17:28:10.791532
50,15,4,5,0,5,2026-07-30T17:28:10.867589
50,15,5,5,0,5,2026-07-30T17:28:10.753150
50,15,6,5,0,5,2026-07-30T17:28:10.535363
50,15,7,5,0,5,2026-07-30T17:28:10.867207
50,15,8,5,0,5,2026-07-30T17:28:12.013626
50,15,9,5,0,5,2026-07-30T17:28:11.176306
50,15,10,5,0,5,2026-07-30T17:28:11.686449
50,16,1,5,0,5,2026-07-30T17:28:11.984752
50,16,2,5,0,5,2026-07-30T17:28:12.001013
50,16,3,5,0,5,2026-07-30T17:28:12.023793
50,16,4,5,0,5,2026-07-30T17:28:12.138439
50,16,5,5,0,5,2026-07-30T17:28:11.895064
50,16,6,5,0,5,2026-07-30T17:28:12.623680
50,16,7,5,0,5,2026-07-30T17:28:13.355884
50,16,8,5,0,5,2026-07-30T17:28:12.936214
50,16,9,5,0,5,2026-07-30T17:28:13.233277
50,16,10,5,0,5,2026-07-30T17:28:13.468958
50,17,1,5,0,5,2026-07-30T17:28:13.072189
50,17,2,5,0,5,2026-07-30T17:28:14.097555
50,17,3,5,0,5,2026-07-30T17:28:13.824572
50,17,4,5,0,5,2026-07-30T17:28:14.276954
50,17,5,5,0,5,2026-07-30T17:28:14.794982
50,17,6,5,0,5,2026-07-30T17:28:14.558782
50,17,7,5,0,5,2026-07-30T17:28:14.307392
50,17,8,5,0,5,2026-07-30T17:28:14.838039
50,17,9,5,0,5,2026-07-30T17:28:15.319908
50,17,10,5,0,5,2026-07-30T17:28:15.494710
50,18,1,5,0,5,2026-07-30T17:28:15.339644
50,18,2,3,0,3,2026-07-30T17:28:15.924045
50,18,3,5,0,5,2026-07-30T17:28:15.954815
50,18,4,5,0,5,2026-07-30T17:28:16.428483
50,18,5,5,0,5,2026-07-30T17:28:15.827055
50,18,6,5,0,5,2026-07-30T17:28:15.873911
50,18,7,5,0,5,2026-07-30T17:28:16.786808
50,18,8,5,0,5,2026-07-30T17:28:16.187371
50,18,9,5,0,5,2026-07-30T17:28:17.176634
50,18,10,5,0,5,2026-07-30T17:28:17.084492
50,19,1,5,0,5,2026-07-30T17:28:16.978077
50,19,2,5,0,5,2026-07-30T17:28:16.983996
50,19,3,5,0,5,2026-07-30T17:28:17.211445
50,19,4,5,0,5,2026-07-30T17:28:17.630709
50,19,5,5,0,5,2026-07-30T17:28:17.860757
50,19,6,5,0,5,2026-07-30T17:28:18.451905
50,19,7,5,0,5,2026-07-30T17:28:18.229259
50,19,8,5,0,5,2026-07-30T17:28:18.318483
50,19,9,5,0,5,2026-07-30T17:28:18.337711
50,19,10,5,0,5,2026-07-30T17:28:18.613033
50,20,1,5,0,5,2026-07-30T17:28:19.066657
50,20,2,5,0,5,2026-07-30T17:28:18.881740
50,20,3,5,0,5,2026-07-30T17:28:19.713208
50,20,4,5,0,5,2026-07-30T17:28:20.086106
50,20,5,5,0,5,2026-07-30T17:28:19.973956
50,20,6,5,0,5,2026-07-30T17:28:19.380000
50,20,7,5,0,5,2026-07-30T17:28:20.291241
50,20,8,5,0,5,2026-07-30T17:28:19.647138
50,20,9,5,0,5,2026-07-30T17:28:19.939636
50,20,10,5,0,5,2026-07-30T17:28:20.899505
50,21,1,5,0,5,2026-07-30T17:28:20.430997
50,21,2,5,0,5,2026-07-30T17:28:21.321842
50,21,3,5,0,5,2026-07-30T17:28:21.356060
50,21,4,5,0,5,2026-07-30T17:28:21.853438
50,21,5,5,0,5,2026-07-30T17:28:21.632741
50,21,6,5,0,5,2026-07-30T17:28:21.344007
50,21,7,5,0,5,2026-07-30T17:28:21.941698
50,21,8,5,0,5,2026-07-30T17:28:21.869397
50,21,9,5,0,5,2026-07-30T17:28:22.352136
50,21,10,5,0,5,2026-07-30T17:28:22.755826
50,22,1,5,0,5,2026-07-30T17:28:22.404865
50,22,2,5,0,5,2026-07-30T17:28:22.617555
50,22,3,5,0,5,2026-07-30T17:28:23.275227
50,22,4,5,0,5,2026-07-30T17:28:22.872697
50,22,5,5,0,5,2026-07-30T17:28:23.118935
50,22,6,5,0,5,2026-07-30T17:28:22.995521
50,22,7,5,0,5,2026-07-30T17:28:23.618196
50,22,8,5,0,5,2026-07-30T17:28:23.880733
50,22,9,5,0,5,2026-07-30T17:28:23.880418
50,22,10,5,0,5,2026-07-30T17:28:24.598403
50,23,1,5,0,5,2026-07-30T17:28:24.125568
50,23,2,5,0,5,2026-07-30T17:28:24.447263
50,23,3,5,0,5,2026-07-30T17:28:24.782083
50,23,4,5,0,5,2026-07-30T17:28:24.325592
50,23,5,5,0,5,2026-07-30T17:28:24.846634
50,23,6,5,0,5,2026-07-30T17:28:25.139357
50,23,7,5,0,5,2026-07-30T17:28:25.751986
50,23,8,5,0,5,2026-07-30T17:28:25.359381
50,23,9,5,0,5,2026-07-30T17:28:25.966180
50,23,10,5,0,5,2026-07-30T17:28:26.292729
50,24,1,5,0,5,2026-07-30T17:28:26.032956
50,24,2,5,0,5,2026-07-30T17:28:26.637069
50,24,3,5,0,5,2026-07-30T17:28:25.879775
50,24,4,5,0,5,2026-07-30T17:28:26.386739
50,24,5,5,0,5,2026-07-30T17:28:27.011897
50,24,6,5,0,5,2026-07-30T17:28:27.607528
50,24,7,5,0,5,2026-07-30T17:28:27.336839
50,24,8,5,0,5,2026-07-30T17:28:27.226025
50,24,9,5,0,5,2026-07-30T17:28:27.287193
50,24,10,5,0,5,2026-07-30T17:28:27.303152
50,25,1,5,0,5,2026-07-30T17:28:28.024242
50,25,2,5,0,5,2026-07-30T17:28:27.905969
50,25,3,5,0,5,2026-07-30T17:28:28.445012
50,25,4,5,0,5,2026-07-30T17:28:28.467427
50,25,5,5,0,5,2026-07-30T17:28:28.740825
50,25,6,5,0,5,2026-07-30T17:28:28.554403
50,25,7,5,0,5,2026-07-30T17:28:28.976517
50,25,8,5,0,5,2026-07-30T17:28:28.646108
50,25,9,5,0,5,2026-07-30T17:28:29.769681
50,25,10,5,0,5,2026-07-30T17:28:29.640882
50,26,1,5,0,5,2026-07-30T17:28:30.283650
50,26,2,5,0,5,2026-07-30T17:28:29.935781
50,26,3,5,0,5,2026-07-30T17:28:30.233869
50,26,4,5,0,5,2026-07-30T17:28:29.706738
50,26,5,5,0,5,2026-07-30T17:28:30.000003
50,26,6,5,0,5,2026-07-30T17:28:30.596480
50,26,7,5,0,5,2026-07-30T17:28:31.106581
50,26,8,5,0,5,2026-07-30T17:28:31.136573
50,26,9,5,0,5,2026-07-30T17:28:31.436332
50,26,10,5,0,5,2026-07-30T17:28:31.794841
50,27,1,5,0,5,2026-07-30T17:28:31.068936
50,27,2,5,0,5,2026-07-30T17:28:32.089982
50,27,3,5,0,5,2026-07-30T17:28:31.933906
50,27,4,5,0,5,2026-07-30T17:28:32.465290
50,27,5,5,0,5,2026-07-30T17:28:32.323219
50,27,6,5,0,5,2026-07-30T17:28:32.774234
50,27,7,5,0,5,2026-07-30T17:28:32.990153
50,27,8,5,0,5,2026-07-30T17:28:32.475482
50,27,9,5,0,5,2026-07-30T17:28:32.632325
50,27,10,5,0,5,2026-07-30T17:28:33.612767
50,28,1,5,0,5,2026-07-30T17:28:33.937569
50,28,2,5,0,5,2026-07-30T17:28:34.183944
50,28,3,5,0,5,2026-07-30T17:28:33.717114
50,28,4,5,0,5,2026-07-30T17:28:33.932991
50,28,5,5,0,5,2026-07-30T17:28:33.897708
50,28,6,5,0,5,2026-07-30T17:28:34.656481
50,28,7,4,0,4,2026-07-30T17:28:34.438419
50,28,8,5,0,5,2026-07-30T17:28:34.661164
50,28,9,5,0,5,2026-07-30T17:28:35.153491
50,28,10,5,0,5,2026-07-30T17:28:35.383333
50,29,1,5,0,5,2026-07-30T17:28:35.566240
50,29,2,5,0,5,2026-07-30T17:28:35.603075
50,29,3,5,0,5,2026-07-30T17:28:35.422170
50,29,4,5,0,5,2026-07-30T17:28:35.692024
50,29,5,5,0,5,2026-07-30T17:28:35.678753
50,29,6,5,0,5,2026-07-30T17:28:35.893023
50,29,7,5,0,5,2026-07-30T17:28:36.416192
50,29,8,5,0,5,2026-07-30T17:28:36.861487
50,29,9,5,0,5,2026-07-30T17:28:36.513260
50,29,10,5,0,5,2026-07-30T17:28:36.825704
50,30,1,5,0,5,2026-07-30T17:28:37.286358
50,30,2,5,0,5,2026-07-30T17:28:36.731340
50,30,3,5,0,5,2026-07-30T17:28:37.127071
50,30,4,5,0,5,2026-07-30T17:28:37.549152
50,30,5,5,0,5,2026-07-30T17:28:37.860466
50,30,6,5,0,5,2026-07-30T17:28:38.389110
50,30,7,5,0,5,2026-07-30T17:28:38.404078
50,30,8,5,0,5,2026-07-30T17:28:38.261737
50,30,9,5,0,5,2026-07-30T17:28:38.728134
50,30,10,5,0,5,2026-07-30T17:28:38.727702
51,1,1,5,0,5,2026-07-30T17:28:39.166327
51,1,2,5,0,5,2026-07-30T17:28:39.007093
51,1,3,5,0,5,2026-07-30T17:28:39.737553
51,1,4,5,0,5,2026-07-30T17:28:39.326625
51,1,5,5,0,5,2026-07-30T17:28:40.277481
51,1,6,5,0,5,2026-07-30T17:28:39.617342
51,1,7,5,0,5,2026-07-30T17:28:40.394410
51,1,8,5,0,5,2026-07-30T17:28:40.162921
51,1,9,5,0,5,2026-07-30T17:28:40.866834
51,1,10,5,0,5,2026-07-30T17:28:40.211716
51,2,1,5,0,5,2026-07-30T17:28:40.370026
51,2,2,5,0,5,2026-07-30T17:28:41.026627
51,2,3,5,0,5,2026-07-30T17:28:41.371953
51,2,4,5,0,5,2026-07-30T17:28:41.396230
51,2,5,5,0,5,2026-07-30T17:28:41.446430
51,2,6,5,0,5,2026-07-30T17:28:41.511747
51,2,7,5,0,5,2026-07-30T17:28:42.008956
51,2,8,5,0,5,2026-07-30T17:28:41.839720
51,2,9,5,0,5,2026-07-30T17:28:42.331646
51,2,10,5,0,5,2026-07-30T17:28:42.039794
51,3,1,5,0,5,2026-07-30T17:28:42.822351
51,3,2,5,0,5,2026-07-30T17:28:42.658941
51,3,3,5,0,5,2026-07-30T17:28:42.884215
51,3,4,5,0,5,2026-07-30T17:28:42.560820
51,3,5,5,0,5,2026-07-30T17:28:43.689415
51,3,6,5,0,5,2026-07-30T17:28:44.057373
51,3,7,5,0,5,2026-07-30T17:28:43.543811
51,3,8,5,0,5,2026-07-30T17:28:43.365048
51,3,9,5,0,5,2026-07-30T17:28:44.241881
51,3,10,5,0,5,2026-07-30T17:28:43.708250
51,4,1,5,0,5,2026-07-30T17:28:44.052356
51,4,2,5,0,5,2026-07-30T17:28:44.722109
51,4,3,5,0,5,2026-07-30T17:28:45.026636
51,4,4,5,0,5,2026-07-30T17:28:45.196950
51,4,5,5,0,5,2026-07-30T17:28:45.546623
51,4,6,5,0,5,2026-07-30T17:28:44.745617
51,4,7,5,0,5,2026-07-30T17:28:45.873663
51,4,8,5,0,5,2026-07-30T17:28:46.088874
51,4,9,5,0,5,2026-07-30T17:28:45.473393
51,4,10,5,0,5,2026-07-30T17:28:46.376121
51,5,1,5,0,5,2026-07-30T17:28:46.618189
51,5,2,5,0,5,2026-07-30T17:28:46.068705
51,5,3,5,0,5,2026-07-30T17:28:47.054388
51,5,4,5,0,5,2026-07-30T17:28:46.935119
51,5,5,5,0,5,2026-07-30T17:28:46.766330
51,5,6,5,0,5,2026-07-30T17:28:47.526303
51,5,7,5,0,5,2026-07-30T17:28:47.898116
51,5,8,5,0,5,2026-07-30T17:28:47.533517
51,5,9,5,0,5,2026-07-30T17:28:47.599751
51,5,10,5,0,5,2026-07-30T17:28:47.844515
51,6,1,5,0,5,2026-07-30T17:28:48.654839
51,6,2,5,0,5,2026-07-30T17:28:48.406656
51,6,3,5,0,5,2026-07-30T17:28:48.654772
51,6,4,5,0,5,2026-07-30T17:28:49.370322
51,6,5,5,0,5,2026-07-30T17:28:49.402015
51,6,6,5,0,5,2026-07-30T17:28:48.655021
51,6,7,5,0,5,2026-07-30T17:28:49.701188
51,6,8,5,0,5,2026-07-30T17:28:48.934428
51,6,9,5,0,5,2026-07-30T17:28:50.050237
51,6,10,5,0,5,2026-07-30T17:28:50.323129
51,7,1,5,0,5,2026-07-30T17:28:49.886937
51,7,2,5,0,5,2026-07-30T17:28:50.102842
51,7,3,5,0,5,2026-07-30T17:28:50.367100
51,7,4,5,0,5,2026-07-30T17:28:50.615941
51,7,5,5,0,5,2026-07-30T17:28:50.442229
51,7,6,5,0,5,2026-07-30T17:28:51.549236
51,7,7,5,0,5,2026-07-30T17:28:51.330362
51,7,8,5,0,5,2026-07-30T17:28:51.482281
51,7,9,5,0,5,2026-07-30T17:28:52.003838
51,7,10,5,0,5,2026-07-30T17:28:52.176161
51,8,1,5,0,5,2026-07-30T17:28:51.838708
51,8,2,5,0,5,2026-07-30T17:28:51.691941
51,8,3,5,0,5,2026-07-30T17:28:52.256221
51,8,4,5,0,5,2026-07-30T17:28:52.756640
51,8,5,5,0,5,2026-07-30T17:28:53.132745
51,8,6,5,0,5,2026-07-30T17:28:53.003938
51,8,7,5,0,5,2026-07-30T17:28:52.727864
51,8,8,5,0,5,2026-07-30T17:28:52.885956
51,8,9,5,0,5,2026-07-30T17:28:53.439044
51,8,10,5,0,5,2026-07-30T17:28:53.825066
51,9,1,5,0,5,2026-07-30T17:28:53.530956
51,9,2,5,0,5,2026-07-30T17:28:54.342752
51,9,3,5,0,5,2026-07-30T17:28:54.190453
51,9,4,5,0,5,2026-07-30T17:28:53.923635
51,9,5,5,0,5,2026-07-30T17:28:54.438233
51,9,6,5,0,5,2026-07-30T17:28:54.375633
51,9,7,5,0,5,2026-07-30T17:28:55.083103
51,9,8,5,0,5,2026-07-30T17:28:54.592792
51,9,9,5,0,5,2026-07-30T17:28:55.284565
51,9,10,5,0,5,2026-07-30T17:28:55.568834
51,10,1,5,0,5,2026-07-30T17:28:55.270988
51,10,2,5,0,5,2026-07-30T17:28:56.037104
51,10,3,5,0,5,2026-07-30T17:28:55.650382
51,10,4,5,0,5,2026-07-30T17:28:56.085675
51,10,5,5,0,5,2026-07-30T17:28:55.678952
51,10,6,5,0,5,2026-07-30T17:28:56.756336
51,10,7,5,0,5,2026-07-30T17:28:56.698217
51,10,8,5,0,5,2026-07-30T17:28:56.289727
51,10,9,5,0,5,2026-07-30T17:28:56.819488
51,10,10,5,0,5,2026-07-30T17:28:56.909527
51,11,1,5,0,5,2026-07-30T17:28:57.129549
51,11,2,5,0,5,2026-07-30T17:28:57.680357
51,11,3,5,0,5,2026-07-30T17:28:57.725395
51,11,4,5,0,5,2026-07-30T17:28:57.342752
51,11,5,5,0,5,2026-07-30T17:28:58.550030
51,11,6,5,0,5,2026-07-30T17:28:58.197958
51,11,7,5,0,5,2026-07-30T17:28:58.467547
51,11,8,5,0,5,2026-07-30T17:28:58.783526
51,11,9,5,0,5,2026-07-30T17:28:58.362554
51,11,10,5,0,5,2026-07-30T17:28:59.178409
51,12,1,5,0,5,2026-07-30T17:28:59.123178
51,12,2,5,0,5,2026-07-30T17:28:58.558330
51,12,3,5,0,5,2026-07-30T17:29:00.058785
51,12,4,5,0,5,2026-07-30T17:29:00.183269
51,12,5,5,0,5,2026-07-30T17:29:00.329852
51,12,6,5,0,5,2026-07-30T17:28:59.585275
51,12,7,5,0,5,2026-07-30T17:28:59.802949
51,12,8,5,0,5,2026-07-30T17:28:59.998500
51,12,9,5,0,5,2026-07-30T17:29:00.365047
51,12,10,5,0,5,2026-07-30T17:29:00.597707
51,13,1,5,0,5,2026-07-30T17:29:01.440341
51,13,2,5,0,5,2026-07-30T17:29:01.443758
51,13,3,5,0,5,2026-07-30T17:29:00.841765
51,13,4,5,0,5,2026-07-30T17:29:01.291525
51,13,5,5,0,5,2026-07-30T17:29:02.052190
51,13,6,5,0,5,2026-07-30T17:29:01.370718
51,13,7,5,0,5,2026-07-30T17:29:01.599629
51,13,8,5,0,5,2026-07-30T17:29:02.434110
51,13,9,5,0,5,2026-07-30T17:29:02.095400
51,13,10,5,0,5,2026-07-30T17:29:02.325303
51,14,1,5,0,5,2026-07-30T17:29:03.061085
51,14,2,5,0,5,2026-07-30T17:29:03.060968
51,14,3,5,0,5,2026-07-30T17:29:02.460008
51,14,4,5,0,5,2026-07-30T17:29:02.711503
51,14,5,5,0,5,2026-07-30T17:29:03.895513
51,14,6,5,0,5,2026-07-30T17:29:03.113852
51,14,7,5,0,5,2026-07-30T17:29:03.560162
51,14,8,5,0,5,2026-07-30T17:29:03.678560
51,14,9,5,0,5,2026-07-30T17:29:04.092854
51,14,10,5,0,5,2026-07-30T17:29:04.358401
51,15,1,5,0,5,2026-07-30T17:29:04.897999
51,15,2,5,0,5,2026-07-30T17:29:04.317805
51,15,3,5,0,5,2026-07-30T17:29:04.163013
51,15,4,5,0,5,2026-07-30T17:29:04.789769
51,15,5,5,0,5,2026-07-30T17:29:05.142622
51,15,6,5,0,5,2026-07-30T17:29:05.525286
51,15,7,5,0,5,2026-07-30T17:29:05.519272
51,15,8,5,0,5,2026-07-30T17:29:05.222086
51,15,9,5,0,5,2026-07-30T17:29:06.159280
51,15,10,5,0,5,2026-07-30T17:29:06.023427
51,16,1,5,0,5,2026-07-30T17:29:06.658075
51,16,2,5,0,5,2026-07-30T17:29:06.178898
51,16,3,5,0,5,2026-07-30T17:29:06.752347
51,16,4,5,0,5,2026-07-30T17:29:06.853087
51,16,5,5,0,5,2026-07-30T17:29:07.360450
51,16,6,5,0,5,2026-07-30T17:29:06.739473
51,16,7,5,0,5,2026-07-30T17:29:07.084691
51,16,8,5,0,5,2026-07-30T17:29:07.399823
51,16,9,5,0,5,2026-07-30T17:29:07.446150
51,16,10,5,0,5,2026-07-30T17:29:07.896274
51,17,1,5,0,5,2026-07-30T17:29:08.608265
51,17,2,5,0,5,2026-07-30T17:29:08.413954
51,17,3,5,0,5,2026-07-30T17:29:07.911320
51,17,4,5,0,5,2026-07-30T17:29:08.735411
51,17,5,5,0,5,2026-07-30T17:29:08.624219
51,17,6,5,0,5,2026-07-30T17:29:08.651252
51,17,7,5,0,5,2026-07-30T17:29:09.084696
51,17,8,5,0,5,2026-07-30T17:29:09.314832
51,17,9,5,0,5,2026-07-30T17:29:09.339255
51,17,10,5,0,5,2026-07-30T17:29:09.412794
51,18,1,5,0,5,2026-07-30T17:29:09.649076
51,18,2,5,0,5,2026-07-30T17:29:10.249421
51,18,3,5,0,5,2026-07-30T17:29:10.087692
51,18,4,5,0,5,2026-07-30T17:29:10.567820
51,18,5,5,0,5,2026-07-30T17:29:10.130520
51,18,6,5,0,5,2026-07-30T17:29:10.780896
51,18,7,5,0,5,2026-07-30T17:29:10.575604
51,18,8,5,0,5,2026-07-30T17:29:11.087456
51,18,9,5,0,5,2026-07-30T17:29:11.279811
51,18,10,5,0,5,2026-07-30T17:29:11.348809
51,19,1,5,0,5,2026-07-30T17:29:11.551824
51,19,2,5,0,5,2026-07-30T17:29:11.481538
51,19,3,5,0,5,2026-07-30T17:29:12.065410
51,19,4,5,0,5,2026-07-30T17:29:12.622453
51,19,5,5,0,5,2026-07-30T17:29:12.227119
51,19,6,5,0,5,2026-07-30T17:29:12.336825
51,19,7,5,0,5,2026-07-30T17:29:13.169165
51,19,8,5,0,5,2026-07-30T17:29:13.015186
51,19,9,5,0,5,2026-07-30T17:29:13.319706
51,19,10,5,0,5,2026-07-30T17:29:13.013069
51,20,1,5,0,5,2026-07-30T17:29:13.522909
51,20,2,5,0,5,2026-07-30T17:29:13.863286
51,20,3,5,0,5,2026-07-30T17:29:13.359538
51,20,4,5,0,5,2026-07-30T17:29:13.646828
51,20,5,5,0,5,2026-07-30T17:29:15.065227
51,20,6,5,0,5,2026-07-30T17:29:14.266784
51,20,7,5,0,5,2026-07-30T17:29:14.237470
51,20,8,5,0,5,2026-07-30T17:29:14.782159
51,20,9,5,0,5,2026-07-30T17:29:14.781710
51,20,10,5,0,5,2026-07-30T17:29:15.175748
51,21,1,5,0,5,2026-07-30T17:29:15.302852
51,21,2,5,0,5,2026-07-30T17:29:15.485902
51,21,3,5,0,5,2026-07-30T17:29:15.293501
51,21,4,5,0,5,2026-07-30T17:29:15.898318
51,21,5,5,0,5,2026-07-30T17:29:16.023275
51,21,6,5,0,5,2026-07-30T17:29:16.005579
51,21,7,5,0,5,2026-07-30T17:29:16.145084
51,21,8,5,0,5,2026-07-30T17:29:16.799355
51,21,9,5,0,5,2026-07-30T17:29:16.778943
51,21,10,5,0,5,2026-07-30T17:29:16.950953
51,22,1,5,0,5,2026-07-30T17:29:16.555621
51,22,2,5,0,5,2026-07-30T17:29:16.951102
51,22,3,5,0,5,2026-07-30T17:29:17.071801
51,22,4,5,0,5,2026-07-30T17:29:17.864580
51,22,5,5,0,5,2026-07-30T17:29:18.011801
51,22,6,5,0,5,2026-07-30T17:29:17.988130
51,22,7,5,0,5,2026-07-30T17:29:18.223226
51,22,8,5,0,5,2026-07-30T17:29:18.864740
51,22,9,5,0,5,2026-07-30T17:29:18.586715
51,22,10,5,0,5,2026-07-30T17:29:18.409196
51,23,1,5,0,5,2026-07-30T17:29:18.711725
51,23,2,5,0,5,2026-07-30T17:29:18.956228
51,23,3,5,0,5,2026-07-30T17:29:19.839119
51,23,4,5,0,5,2026-07-30T17:29:19.030578
51,23,5,5,0,5,2026-07-30T17:29:19.679812
51,23,6,5,0,5,2026-07-30T17:29:20.073386
51,23,7,5,0,5,2026-07-30T17:29:19.859981
51,23,8,5,0,5,2026-07-30T17:29:19.755561
51,23,9,5,0,5,2026-07-30T17:29:20.298695
51,23,10,5,0,5,2026-07-30T17:29:20.010592
51,24,1,5,0,5,2026-07-30T17:29:20.693645
51,24,2,5,0,5,2026-07-30T17:29:21.105221
51,24,3,5,0,5,2026-07-30T17:29:21.202134
51,24,4,5,0,5,2026-07-30T17:29:21.491642
51,24,5,5,0,5,2026-07-30T17:29:21.718129
51,24,6,5,0,5,2026-07-30T17:29:21.071122
51,24,7,5,0,5,2026-07-30T17:29:21.319164
51,24,8,5,0,5,2026-07-30T17:29:21.727623
51,24,9,5,0,5,2026-07-30T17:29:22.164549
51,24,10,5,0,5,2026-07-30T17:29:23.154924
51,25,1,5,0,5,2026-07-30T17:29:22.184186
51,25,2,5,0,5,2026-07-30T17:29:22.456567
51,25,3,5,0,5,2026-07-30T17:29:22.578414
51,25,4,5,0,5,2026-07-30T17:29:22.945636
51,25,5,5,0,5,2026-07-30T17:29:23.566996
51,25,6,5,0,5,2026-07-30T17:29:23.591803
51,25,7,5,0,5,2026-07-30T17:29:23.426186
51,25,8,5,0,5,2026-07-30T17:29:24.053230
51,25,9,5,0,5,2026-07-30T17:29:24.339034
51,25,10,5,0,5,2026-07-30T17:29:23.865802
51,26,1,5,0,5,2026-07-30T17:29:23.984690
51,26,2,5,0,5,2026-07-30T17:29:25.035036
51,26,3,5,0,5,2026-07-30T17:29:24.894838
51,26,4,5,0,5,2026-07-30T17:29:25.642445
51,26,5,5,0,5,2026-07-30T17:29:25.261249
51,26,6,5,0,5,2026-07-30T17:29:25.125417
51,26,7,5,0,5,2026-07-30T17:29:26.065232
51,26,8,5,0,5,2026-07-30T17:29:25.910701
51,26,9,5,0,5,2026-07-30T17:29:26.008703
51,26,10,5,0,5,2026-07-30T17:29:26.330772
51,27,1,5,0,5,2026-07-30T17:29:26.928289
51,27,2,5,0,5,2026-07-30T17:29:26.975045
51,27,3,5,0,5,2026-07-30T17:29:26.713372
51,27,4,5,0,5,2026-07-30T17:29:26.877565
51,27,5,5,0,5,2026-07-30T17:29:26.963502
51,27,6,5,0,5,2026-07-30T17:29:27.660449
51,27,7,5,0,5,2026-07-30T17:29:27.711785
51,27,8,5,0,5,2026-07-30T17:29:27.562111
51,27,9,5,0,5,2026-07-30T17:29:28.371751
51,27,10,5,0,5,2026-07-30T17:29:28.330083
51,28,1,5,0,5,2026-07-30T17:29:27.988999
51,28,2,5,0,5,2026-07-30T17:29:28.791195
51,28,3,5,0,5,2026-07-30T17:29:28.241517
51,28,4,5,0,5,2026-07-30T17:29:28.984289
51,28,5,5,0,5,2026-07-30T17:29:28.667073
51,28,6,5,0,5,2026-07-30T17:29:28.980511
51,28,7,5,0,5,2026-07-30T17:29:29.255066
51,28,8,5,0,5,2026-07-30T17:29:29.700546
51,28,9,5,0,5,2026-07-30T17:29:29.866614
51,28,10,5,0,5,2026-07-30T17:29:30.061973
51,29,1,5,0,5,2026-07-30T17:29:30.522289
51,29,2,5,0,5,2026-07-30T17:29:30.689319
51,29,3,5,0,5,2026-07-30T17:29:30.838573
51,29,4,5,0,5,2026-07-30T17:29:30.442452
51,29,5,5,0,5,2026-07-30T17:29:30.286685
51,29,6,5,0,5,2026-07-30T17:29:31.131926
51,29,7,5,0,5,2026-07-30T17:29:31.302064
51,29,8,5,0,5,2026-07-30T17:29:31.333794
51,29,9,5,0,5,2026-07-30T17:29:31.740141
51,29,10,5,0,5,2026-07-30T17:29:31.500295
51,30,1,5,0,5,2026-07-30T17:29:31.761418
51,30,2,5,0,5,2026-07-30T17:29:32.374845
51,30,3,5,0,5,2026-07-30T17:29:32.496885
51,30,4,5,0,5,2026-07-30T17:29:32.150729
51,30,5,5,0,5,2026-07-30T17:29:32.940330
51,30,6,5,0,5,2026-07-30T17:29:33.210427
51,30,7,5,0,5,2026-07-30T17:29:32.948044
51,30,8,5,0,5,2026-07-30T17:29:33.599306
51,30,9,5,0,5,2026-07-30T17:29:33.609093
51,30,10,5,0,5,2026-07-30T17:29:34.000751
52,1,1,5,0,5,2026-07-30T17:29:34.210143
52,1,2,5,0,5,2026-07-30T17:29:34.162264
52,1,3,5,0,5,2026-07-30T17:29:34.566664
52,1,4,5,0,5,2026-07-30T17:29:34.018464
52,1,5,5,0,5,2026-07-30T17:29:34.476640
52,1,6,5,0,5,2026-07-30T17:29:35.046139
52,1,7,5,0,5,2026-07-30T17:29:35.038472
52,1,8,5,0,5,2026-07-30T17:29:35.275759
52,1,9,5,0,5,2026-07-30T17:29:35.869888
52,1,10,5,0,5,2026-07-30T17:29:35.827169
52,2,1,5,0,5,2026-07-30T17:29:35.689792
52,2,2,5,0,5,2026-07-30T17:29:36.332560
52,2,3,5,0,5,2026-07-30T17:29:35.619773
52,2,4,5,0,5,2026-07-30T17:29:37.096503
52,2,5,5,0,5,2026-07-30T17:29:36.909222
52,2,6,5,0,5,2026-07-30T17:29:36.307467
52,2,7,5,0,5,2026-07-30T17:29:37.493888
52,2,8,5,0,5,2026-07-30T17:29:37.563811
52,2,9,5,0,5,2026-07-30T17:29:37.066608
52,2,10,5,0,5,2026-07-30T17:29:37.342868
52,3,1,0,0,0,2026-07-30T17:29:37.744400
52,3,2,0,0,0,2026-07-30T17:29:37.412232
52,3,3,0,0,0,2026-07-30T17:29:38.145347
52,3,4,0,0,0,2026-07-30T17:29:38.716229
52,3,5,0,0,0,2026-07-30T17:29:38.318526
52,3,6,0,0,0,2026-07-30T17:29:39.055246
52,3,7,0,0,0,2026-07-30T17:29:38.659665
52,3,8,0,0,0,2026-07-30T17:29:39.332261
52,3,9,0,0,0,2026-07-30T17:29:39.451980
52,3,10,0,0,0,2026-07-30T17:29:39.602872
52,4,1,0,0,0,2026-07-30T17:29:39.572842
52,4,2,0,0,0,2026-07-30T17:29:39.795271
52,4,3,0,0,0,2026-07-30T17:29:39.696953
52,4,4,0,0,0,2026-07-30T17:29:40.370380
52,4,5,0,0,0,2026-07-30T17:29:40.124010
52,4,6,0,0,0,2026-07-30T17:29:40.558809
52,4,7,0,0,0,2026-07-30T17:29:40.720547
52,4,8,0,0,0,2026-07-30T17:29:41.029717
52,4,9,0,0,0,2026-07-30T17:29:40.850225
52,4,10,0,0,0,2026-07-30T17:29:40.762047
52,5,1,0,0,0,2026-07-30T17:29:41.040510
52,5,2,0,0,0,2026-07-30T17:29:41.981623
52,5,3,0,0,0,2026-07-30T17:29:41.386830
52,5,4,0,0,0,2026-07-30T17:29:41.610190
52,5,5,0,0,0,2026-07-30T17:29:42.176062
52,5,6,0,0,0,2026-07-30T17:29:41.824488
52,5,7,0,0,0,2026-07-30T17:29:42.710247
52,5,8,0,0,0,2026-07-30T17:29:42.471860
52,5,9,0,0,0,2026-07-30T17:29:42.892390
52,5,10,0,0,0,2026-07-30T17:29:43.232884
52,6,1,5,0,5,2026-07-30T17:29:43.445697
52,6,2,5,0,5,2026-07-30T17:29:43.279501
52,6,3,5,0,5,2026-07-30T17:29:43.817103
52,6,4,5,0,5,2026-07-30T17:29:44.047899
52,6,5,5,0,5,2026-07-30T17:29:43.530045
52,6,6,5,0,5,2026-07-30T17:29:43.935097
52,6,7,5,0,5,2026-07-30T17:29:44.341415
52,6,8,5,0,5,2026-07-30T17:29:44.687792
52,6,9,5,0,5,2026-07-30T17:29:44.530610
52,6,10,5,0,5,2026-07-30T17:29:44.880221
52,7,1,5,0,5,2026-07-30T17:29:44.550490
52,7,2,5,0,5,2026-07-30T17:29:45.649099
52,7,3,5,0,5,2026-07-30T17:29:45.815559
52,7,4,5,0,5,2026-07-30T17:29:45.506307
52,7,5,5,0,5,2026-07-30T17:29:46.394162
52,7,6,5,0,5,2026-07-30T17:29:46.195022
52,7,7,5,0,5,2026-07-30T17:29:46.190302
52,7,8,5,0,5,2026-07-30T17:29:45.947418
52,7,9,5,0,5,2026-07-30T17:29:46.327515
52,7,10,5,0,5,2026-07-30T17:29:47.336314
52,8,1,5,0,5,2026-07-30T17:29:47.577129
52,8,2,5,0,5,2026-07-30T17:29:47.642400
52,8,3,5,0,5,2026-07-30T17:29:47.196927
52,8,4,5,0,5,2026-07-30T17:29:48.040895
52,8,5,5,0,5,2026-07-30T17:29:48.039982
52,8,6,5,0,5,2026-07-30T17:29:48.162137
52,8,7,5,0,5,2026-07-30T17:29:48.043431
52,8,8,5,0,5,2026-07-30T17:29:48.827862
52,8,9,5,0,5,2026-07-30T17:29:48.385448
52,8,10,5,0,5,2026-07-30T17:29:49.443225
52,9,1,0,0,0,2026-07-30T17:29:48.677238
52,9,2,0,0,0,2026-07-30T17:29:49.498999
52,9,3,0,0,0,2026-07-30T17:29:49.878481
52,9,4,0,0,0,2026-07-30T17:29:49.462195
52,9,5,0,0,0,2026-07-30T17:29:50.196031
52,9,6,0,0,0,2026-07-30T17:29:49.848209
52,9,7,0,0,0,2026-07-30T17:29:49.913047
52,9,8,0,0,0,2026-07-30T17:29:50.503176
52,9,9,0,0,0,2026-07-30T17:29:50.482084
52,9,10,0,0,0,2026-07-30T17:29:50.910029
52,10,1,0,0,0,2026-07-30T17:29:51.359055
52,10,2,0,0,0,2026-07-30T17:29:50.888213
52,10,3,0,0,0,2026-07-30T17:29:51.538119
52,10,4,0,0,0,2026-07-30T17:29:50.956393
52,10,5,0,0,0,2026-07-30T17:29:51.430486
52,10,6,0,0,0,2026-07-30T17:29:51.529162
52,10,7,0,0,0,2026-07-30T17:29:52.131396
52,10,8,0,0,0,2026-07-30T17:29:51.922000
52,10,9,0,0,0,2026-07-30T17:29:52.329744
52,10,10,0,0,0,2026-07-30T17:29:53.025462
52,11,1,5,0,5,2026-07-30T17:29:52.413735
52,11,2,5,0,5,2026-07-30T17:29:53.066403
52,11,3,5,0,5,2026-07-30T17:29:52.776039
52,11,4,5,0,5,2026-07-30T17:29:52.984929
52,11,5,5,0,5,2026-07-30T17:29:53.785749
52,11,6,5,0,5,2026-07-30T17:29:53.387664
52,11,7,5,0,5,2026-07-30T17:29:54.203503
52,11,8,5,0,5,2026-07-30T17:29:54.033772
52,11,9,5,0,5,2026-07-30T17:29:54.205582
52,11,10,5,0,5,2026-07-30T17:29:54.230409
52,12,1,5,0,5,2026-07-30T17:29:54.858959
52,12,2,5,0,5,2026-07-30T17:29:54.919854
52,12,3,5,0,5,2026-07-30T17:29:55.020051
52,12,4,5,0,5,2026-07-30T17:29:55.014442
52,12,5,5,0,5,2026-07-30T17:29:55.457607
52,12,6,5,0,5,2026-07-30T17:29:56.063793
52,12,7,5,0,5,2026-07-30T17:29:56.234293
52,12,8,5,0,5,2026-07-30T17:29:56.103985
52,12,9,5,0,5,2026-07-30T17:29:56.105053
52,12,10,5,0,5,2026-07-30T17:29:56.772897
52,13,1,0,0,0,2026-07-30T17:29:56.655578
52,13,2,0,0,0,2026-07-30T17:29:56.460942
52,13,3,5,0,5,2026-07-30T17:29:57.121055
52,13,4,0,0,0,2026-07-30T17:29:57.315829
52,13,5,5,0,5,2026-07-30T17:29:57.344738
52,13,6,5,0,5,2026-07-30T17:29:57.368984
52,13,7,0,0,0,2026-07-30T17:29:57.703448
52,13,8,0,0,0,2026-07-30T17:29:57.896643
52,13,9,0,0,0,2026-07-30T17:29:58.477663
52,13,10,5,0,5,2026-07-30T17:29:58.650424
52,14,1,5,0,5,2026-07-30T17:29:58.356709
52,14,2,5,0,5,2026-07-30T17:29:59.158424
52,14,3,5,0,5,2026-07-30T17:29:58.585859
52,14,4,5,0,5,2026-07-30T17:29:59.005272
52,14,5,5,0,5,2026-07-30T17:29:58.740162
52,14,6,5,0,5,2026-07-30T17:29:59.356398
52,14,7,5,0,5,2026-07-30T17:29:59.397610
52,14,8,5,0,5,2026-07-30T17:29:59.526902
52,14,9,5,0,5,2026-07-30T17:29:59.610930
52,14,10,5,0,5,2026-07-30T17:30:00.290852
52,15,1,0,0,0,2026-07-30T17:30:00.399213
52,15,2,0,0,0,2026-07-30T17:30:00.086902
52,15,3,0,0,0,2026-07-30T17:30:01.037798
52,15,4,0,0,0,2026-07-30T17:30:00.407171
52,15,5,0,0,0,2026-07-30T17:30:01.224349
52,15,6,0,0,0,2026-07-30T17:30:01.369298
52,15,7,0,0,0,2026-07-30T17:30:00.671258
52,15,8,0,0,0,2026-07-30T17:30:01.523784
52,15,9,0,0,0,2026-07-30T17:30:01.765926
52,15,10,0,0,0,2026-07-30T17:30:02.261239
52,16,1,5,0,5,2026-07-30T17:30:02.244686
52,16,2,5,0,5,2026-07-30T17:30:02.142061
52,16,3,5,0,5,2026-07-30T17:30:02.068031
52,16,4,5,0,5,2026-07-30T17:30:02.488308
52,16,5,5,0,5,2026-07-30T17:30:02.592820
52,16,6,5,0,5,2026-07-30T17:30:03.385546
52,16,7,5,0,5,2026-07-30T17:30:03.425337
52,16,8,5,0,5,2026-07-30T17:30:03.118905
52,16,9,5,0,5,2026-07-30T17:30:03.544652
52,16,10,5,0,5,2026-07-30T17:30:04.103378
52,17,1,5,0,5,2026-07-30T17:30:04.095173
52,17,2,5,0,5,2026-07-30T17:30:04.347900
52,17,3,5,0,5,2026-07-30T17:30:03.845566
52,17,4,5,0,5,2026-07-30T17:30:04.176491
52,17,5,5,0,5,2026-07-30T17:30:05.010881
52,17,6,5,0,5,2026-07-30T17:30:04.469464
52,17,7,5,0,5,2026-07-30T17:30:05.424710
52,17,8,5,0,5,2026-07-30T17:30:05.915534
52,17,9,5,0,5,2026-07-30T17:30:05.172781
52,17,10,5,0,5,2026-07-30T17:30:04.966838
52,18,1,5,0,5,2026-07-30T17:30:05.229786
52,18,2,5,0,5,2026-07-30T17:30:06.174681
52,18,3,5,0,5,2026-07-30T17:30:05.717685
52,18,4,5,0,5,2026-07-30T17:30:06.611696
52,18,5,5,0,5,2026-07-30T17:30:06.061262
52,18,6,5,0,5,2026-07-30T17:30:06.387368
52,18,7,5,0,5,2026-07-30T17:30:06.904347
52,18,8,5,0,5,2026-07-30T17:30:07.066944
52,18,9,5,0,5,2026-07-30T17:30:07.151604
52,18,10,5,0,5,2026-07-30T17:30:07.527510
52,19,1,5,0,5,2026-07-30T17:30:07.525891
52,19,2,5,0,5,2026-07-30T17:30:07.377848
52,19,3,5,0,5,2026-07-30T17:30:07.820755
52,19,4,5,0,5,2026-07-30T17:30:07.652640
52,19,5,5,0,5,2026-07-30T17:30:08.560606
52,19,6,4,0,4,2026-07-30T17:30:08.327873
52,19,7,5,0,5,2026-07-30T17:30:08.421866
52,19,8,5,0,5,2026-07-30T17:30:09.020756
52,19,9,5,0,5,2026-07-30T17:30:09.352950
52,19,10,5,0,5,2026-07-30T17:30:08.809920
52,20,1,5,0,5,2026-07-30T17:30:09.080291
52,20,2,5,0,5,2026-07-30T17:30:09.666483
52,20,3,5,0,5,2026-07-30T17:30:09.358453
52,20,4,5,0,5,2026-07-30T17:30:10.293509
52,20,5,5,0,5,2026-07-30T17:30:10.031860
52,20,6,5,0,5,2026-07-30T17:30:10.855755
52,20,7,5,0,5,2026-07-30T17:30:10.477101
52,20,8,5,0,5,2026-07-30T17:30:10.504626
52,20,9,5,0,5,2026-07-30T17:30:11.213462
52,20,10,5,0,5,2026-07-30T17:30:10.994976
52,21,1,5,0,5,2026-07-30T17:30:11.137297
52,21,2,5,0,5,2026-07-30T17:30:11.690961
52,21,3,5,0,5,2026-07-30T17:30:11.938009
52,21,4,5,0,5,2026-07-30T17:30:12.127191
52,21,5,5,0,5,2026-07-30T17:30:12.402146
52,21,6,5,0,5,2026-07-30T17:30:11.879499
52,21,7,5,0,5,2026-07-30T17:30:12.832259
52,21,8,5,0,5,2026-07-30T17:30:12.381654
52,21,9,5,0,5,2026-07-30T17:30:12.237450
52,21,10,5,0,5,2026-07-30T17:30:13.117851
52,22,1,5,0,5,2026-07-30T17:30:13.519586
52,22,2,5,0,5,2026-07-30T17:30:13.777087
52,22,3,5,0,5,2026-07-30T17:30:13.771979
52,22,4,5,0,5,2026-07-30T17:30:13.671159
52,22,5,5,0,5,2026-07-30T17:30:14.038308
52,22,6,5,0,5,2026-07-30T17:30:13.844463
52,22,7,5,0,5,2026-07-30T17:30:14.060676
52,22,8,5,0,5,2026-07-30T17:30:14.570691
52,22,9,5,0,5,2026-07-30T17:30:15.040674
52,22,10,5,0,5,2026-07-30T17:30:15.125281
52,23,1,5,0,5,2026-07-30T17:30:15.058563
52,23,2,5,0,5,2026-07-30T17:30:15.300865
52,23,3,5,0,5,2026-07-30T17:30:14.918583
52,23,4,5,0,5,2026-07-30T17:30:15.301694
52,23,5,5,0,5,2026-07-30T17:30:15.948421
52,23,6,5,0,5,2026-07-30T17:30:16.544959
52,23,7,4,0,4,2026-07-30T17:30:16.418472
52,23,8,5,0,5,2026-07-30T17:30:16.737305
52,23,9,5,0,5,2026-07-30T17:30:16.549355
52,23,10,5,0,5,2026-07-30T17:30:17.055970
52,24,1,0,0,0,2026-07-30T17:30:16.364000
52,24,2,5,0,5,2026-07-30T17:30:16.558626
52,24,3,0,0,0,2026-07-30T17:30:17.014356
52,24,4,0,0,0,2026-07-30T17:30:18.208229
52,24,5,0,0,0,2026-07-30T17:30:17.683698
52,24,6,0,0,0,2026-07-30T17:30:17.995008
52,24,7,0,0,0,2026-07-30T17:30:17.795812
52,24,8,0,0,0,2026-07-30T17:30:17.582711
52,24,9,5,0,5,2026-07-30T17:30:18.166693
52,24,10,5,0,5,2026-07-30T17:30:18.838372
52,25,1,0,0,0,2026-07-30T17:30:18.325018
52,25,2,0,0,0,2026-07-30T17:30:19.408215
52,25,3,0,0,0,2026-07-30T17:30:19.735520
52,25,4,0,0,0,2026-07-30T17:30:19.033746
52,25,5,5,0,5,2026-07-30T17:30:19.649445
52,25,6,0,0,0,2026-07-30T17:30:20.008139
52,25,7,5,0,5,2026-07-30T17:30:19.635988
52,25,8,0,0,0,2026-07-30T17:30:19.792645
52,25,9,0,0,0,2026-07-30T17:30:20.496262
52,25,10,0,0,0,2026-07-30T17:30:20.261299
52,26,1,5,0,5,2026-07-30T17:30:20.444008
52,26,2,5,0,5,2026-07-30T17:30:20.652874
52,26,3,5,0,5,2026-07-30T17:30:21.528972
52,26,4,5,0,5,2026-07-30T17:30:21.381799
52,26,5,5,0,5,2026-07-30T17:30:21.664450
52,26,6,5,0,5,2026-07-30T17:30:21.868771
52,26,7,5,0,5,2026-07-30T17:30:21.905485
52,26,8,5,0,5,2026-07-30T17:30:21.664819
52,26,9,5,0,5,2026-07-30T17:30:21.967743
52,26,10,5,0,5,2026-07-30T17:30:21.712162
52,27,1,5,0,5,2026-07-30T17:30:22.675829
52,27,2,5,0,5,2026-07-30T17:30:23.176534
52,27,3,5,0,5,2026-07-30T17:30:22.913145
52,27,4,5,0,5,2026-07-30T17:30:23.117719
52,27,5,5,0,5,2026-07-30T17:30:23.571442
52,27,6,5,0,5,2026-07-30T17:30:23.293999
52,27,7,5,0,5,2026-07-30T17:30:23.569792
52,27,8,5,0,5,2026-07-30T17:30:23.419491
52,27,9,5,0,5,2026-07-30T17:30:23.897663
52,27,10,5,0,5,2026-07-30T17:30:23.937725
52,28,1,5,0,5,2026-07-30T17:30:24.739323
52,28,2,5,0,5,2026-07-30T17:30:24.187083
52,28,3,5,0,5,2026-07-30T17:30:25.180737
52,28,4,5,0,5,2026-07-30T17:30:24.647328
52,28,5,5,0,5,2026-07-30T17:30:25.208965
52,28,6,5,0,5,2026-07-30T17:30:24.400430
52,28,7,5,0,5,2026-07-30T17:30:24.953858
52,28,8,5,0,5,2026-07-30T17:30:25.592048
52,28,9,5,0,5,2026-07-30T17:30:25.443960
52,28,10,5,0,5,2026-07-30T17:30:26.266482
52,29,1,5,0,5,2026-07-30T17:30:26.257721
52,29,2,5,0,5,2026-07-30T17:30:26.173837
52,29,3,5,0,5,2026-07-30T17:30:26.804401
52,29,4,5,0,5,2026-07-30T17:30:26.419175
52,29,5,5,0,5,2026-07-30T17:30:26.408731
52,29,6,5,0,5,2026-07-30T17:30:26.489146
52,29,7,5,0,5,2026-07-30T17:30:27.626346
52,29,8,5,0,5,2026-07-30T17:30:27.192141
52,29,9,5,0,5,2026-07-30T17:30:27.709390
52,29,10,5,0,5,2026-07-30T17:30:27.473928
52,30,1,5,0,5,2026-07-30T17:30:28.481060
52,30,2,5,0,5,2026-07-30T17:30:28.465862
52,30,3,5,0,5,2026-07-30T17:30:27.562265
52,30,4,5,0,5,2026-07-30T17:30:28.665136
52,30,5,5,0,5,2026-07-30T17:30:28.230456
52,30,6,5,0,5,2026-07-30T17:30:29.334103
52,30,7,5,0,5,2026-07-30T17:30:28.788529
52,30,8,5,0,5,2026-07-30T17:30:29.300999
52,30,9,5,0,5,2026-07-30T17:30:29.354624
52,30,10,5,0,5,2026-07-30T17:30:29.074976
53,1,1,5,0,5,2026-07-30T17:30:29.928208
53,1,2,5,0,5,2026-07-30T17:30:29.735692
53,1,3,5,0,5,2026-07-30T17:30:30.530608
53,1,4,5,0,5,2026-07-30T17:30:30.643025
53,1,5,5,0,5,2026-07-30T17:30:30.949016
53,1,6,5,0,5,2026-07-30T17:30:31.179214
53,1,7,5,0,5,2026-07-30T17:30:30.360302
53,1,8,5,0,5,2026-07-30T17:30:30.803766
53,1,9,5,0,5,2026-07-30T17:30:31.589905
53,1,10,5,0,5,2026-07-30T17:30:31.363867
53,2,1,5,0,5,2026-07-30T17:30:31.381367
53,2,2,5,0,5,2026-07-30T17:30:32.606307
53,2,3,5,0,5,2026-07-30T17:30:32.091772
53,2,4,5,0,5,2026-07-30T17:30:32.446688
53,2,5,5,0,5,2026-07-30T17:30:32.779396
53,2,6,5,0,5,2026-07-30T17:30:33.041781
53,2,7,5,0,5,2026-07-30T17:30:32.807155
53,2,8,5,0,5,2026-07-30T17:30:33.027559
53,2,9,5,0,5,2026-07-30T17:30:33.240657
53,2,10,5,0,5,2026-07-30T17:30:33.352378
53,3,1,5,0,5,2026-07-30T17:30:33.883432
53,3,2,5,0,5,2026-07-30T17:30:34.066449
53,3,3,5,0,5,2026-07-30T17:30:34.023628
53,3,4,5,0,5,2026-07-30T17:30:34.636894
53,3,5,5,0,5,2026-07-30T17:30:34.459684
53,3,6,5,0,5,2026-07-30T17:30:34.311412
53,3,7,5,0,5,2026-07-30T17:30:34.776257
53,3,8,5,0,5,2026-07-30T17:30:34.585348
53,3,9,5,0,5,2026-07-30T17:30:35.333911
53,3,10,5,0,5,2026-07-30T17:30:35.083263
53,4,1,5,0,5,2026-07-30T17:30:35.732682
53,4,2,5,0,5,2026-07-30T17:30:36.373447
53,4,3,5,0,5,2026-07-30T17:30:35.489797
53,4,4,5,0,5,2026-07-30T17:30:35.836653
53,4,5,5,0,5,2026-07-30T17:30:36.476397
53,4,6,5,0,5,2026-07-30T17:30:36.183523
53,4,7,5,0,5,2026-07-30T17:30:36.546531
53,4,8,5,0,5,2026-07-30T17:30:36.767720
53,4,9,5,0,5,2026-07-30T17:30:36.925993
53,4,10,5,0,5,2026-07-30T17:30:37.588555
53,5,1,5,0,5,2026-07-30T17:30:37.503508
53,5,2,5,0,5,2026-07-30T17:30:37.820242
53,5,3,5,0,5,2026-07-30T17:30:37.591651
53,5,4,5,0,5,2026-07-30T17:30:37.702190
53,5,5,5,0,5,2026-07-30T17:30:37.767052
53,5,6,5,0,5,2026-07-30T17:30:38.436691
53,5,7,5,0,5,2026-07-30T17:30:38.588873
53,5,8,5,0,5,2026-07-30T17:30:39.368840
53,5,9,5,0,5,2026-07-30T17:30:39.447644
53,5,10,5,0,5,2026-07-30T17:30:38.646086
53,6,1,5,0,5,2026-07-30T17:30:39.357057
53,6,2,5,0,5,2026-07-30T17:30:39.249237
53,6,3,5,0,5,2026-07-30T17:30:38.889378
53,6,4,5,0,5,2026-07-30T17:30:40.088049
53,6,5,5,0,5,2026-07-30T17:30:39.847619
53,6,6,5,0,5,2026-07-30T17:30:40.470109
53,6,7,5,0,5,2026-07-30T17:30:40.762342
53,6,8,5,0,5,2026-07-30T17:30:40.926252
53,6,9,5,0,5,2026-07-30T17:30:41.231363
53,6,10,5,0,5,2026-07-30T17:30:40.623280
53,7,1,5,0,5,2026-07-30T17:30:40.502711
53,7,2,5,0,5,2026-07-30T17:30:41.293389
53,7,3,5,0,5,2026-07-30T17:30:41.154710
53,7,4,5,0,5,2026-07-30T17:30:42.507895
53,7,5,5,0,5,2026-07-30T17:30:41.708736
53,7,6,5,0,5,2026-07-30T17:30:42.502910
53,7,7,5,0,5,2026-07-30T17:30:42.631591
53,7,8,5,0,5,2026-07-30T17:30:42.789878
53,7,9,5,0,5,2026-07-30T17:30:42.784972
53,7,10,5,0,5,2026-07-30T17:30:43.090777
53,8,1,5,0,5,2026-07-30T17:30:42.721840
53,8,2,5,0,5,2026-07-30T17:30:43.182178
53,8,3,5,0,5,2026-07-30T17:30:43.957945
53,8,4,5,0,5,2026-07-30T17:30:43.353315
53,8,5,5,0,5,2026-07-30T17:30:43.844636
53,8,6,5,0,5,2026-07-30T17:30:44.130217
53,8,7,5,0,5,2026-07-30T17:30:43.811769
53,8,8,5,0,5,2026-07-30T17:30:44.416867
53,8,9,5,0,5,2026-07-30T17:30:44.731656
53,8,10,5,0,5,2026-07-30T17:30:44.632973
53,9,1,5,0,5,2026-07-30T17:30:45.202205
53,9,2,5,0,5,2026-07-30T17:30:45.656716
53,9,3,5,0,5,2026-07-30T17:30:45.104230
53,9,4,5,0,5,2026-07-30T17:30:45.225449
53,9,5,5,0,5,2026-07-30T17:30:45.368293
53,9,6,5,0,5,2026-07-30T17:30:45.849562
53,9,7,5,0,5,2026-07-30T17:30:46.495731
53,9,8,5,0,5,2026-07-30T17:30:46.096931
53,9,9,5,0,5,2026-07-30T17:30:46.343705
53,9,10,5,0,5,2026-07-30T17:30:46.258994
53,10,1,5,0,5,2026-07-30T17:30:46.885462
53,10,2,5,0,5,2026-07-30T17:30:46.419398
53,10,3,5,0,5,2026-07-30T17:30:47.503304
53,10,4,5,0,5,2026-07-30T17:30:47.117710
53,10,5,5,0,5,2026-07-30T17:30:47.346886
53,10,6,5,0,5,2026-07-30T17:30:47.722339
53,10,7,5,0,5,2026-07-30T17:30:47.805310
53,10,8,5,0,5,2026-07-30T17:30:47.476986
53,10,9,5,0,5,2026-07-30T17:30:47.958895
53,10,10,5,0,5,2026-07-30T17:30:48.315541
53,11,1,5,0,5,2026-07-30T17:30:48.761665
53,11,2,5,0,5,2026-07-30T17:30:49.203771
53,11,3,5,0,5,2026-07-30T17:30:48.517095
53,11,4,5,0,5,2026-07-30T17:30:49.401364
53,11,5,5,0,5,2026-07-30T17:30:48.761400
53,11,6,5,0,5,2026-07-30T17:30:48.823231
53,11,7,5,0,5,2026-07-30T17:30:49.199510
53,11,8,5,0,5,2026-07-30T17:30:49.376277
53,11,9,5,0,5,2026-07-30T17:30:49.568378
53,11,10,5,0,5,2026-07-30T17:30:49.818192
53,12,1,5,0,5,2026-07-30T17:30:50.610579
53,12,2,5,0,5,2026-07-30T17:30:50.254962
53,12,3,5,0,5,2026-07-30T17:30:50.422931
53,12,4,5,0,5,2026-07-30T17:30:51.053387
53,12,5,5,0,5,2026-07-30T17:30:50.826814
53,12,6,5,0,5,2026-07-30T17:30:51.065149
53,12,7,5,0,5,2026-07-30T17:30:51.020802
53,12,8,5,0,5,2026-07-30T17:30:51.252499
53,12,9,5,0,5,2026-07-30T17:30:51.915462
53,12,10,5,0,5,2026-07-30T17:30:51.882253
53,13,1,5,0,5,2026-07-30T17:30:51.857960
53,13,2,5,0,5,2026-07-30T17:30:52.072487
53,13,3,5,0,5,2026-07-30T17:30:52.687514
53,13,4,5,0,5,2026-07-30T17:30:52.507615
53,13,5,5,0,5,2026-07-30T17:30:51.889603
53,13,6,5,0,5,2026-07-30T17:30:52.288698
53,13,7,5,0,5,2026-07-30T17:30:53.317570
53,13,8,5,0,5,2026-07-30T17:30:53.129723
53,13,9,5,0,5,2026-07-30T17:30:53.305559
53,13,10,5,0,5,2026-07-30T17:30:52.946595
53,14,1,5,0,5,2026-07-30T17:30:53.930549
53,14,2,5,0,5,2026-07-30T17:30:53.755851
53,14,3,5,0,5,2026-07-30T17:30:54.364891
53,14,4,5,0,5,2026-07-30T17:30:54.122071
53,14,5,5,0,5,2026-07-30T17:30:54.408719
53,14,6,5,0,5,2026-07-30T17:30:54.988045
53,14,7,5,0,5,2026-07-30T17:30:54.783237
53,14,8,5,0,5,2026-07-30T17:30:55.164905
53,14,9,5,0,5,2026-07-30T17:30:54.611528
53,14,10,5,0,5,2026-07-30T17:30:55.797606
53,15,1,5,0,5,2026-07-30T17:30:55.551467
53,15,2,5,0,5,2026-07-30T17:30:55.814753
53,15,3,5,0,5,2026-07-30T17:30:56.075497
53,15,4,5,0,5,2026-07-30T17:30:56.044735
53,15,5,5,0,5,2026-07-30T17:30:55.797436
53,15,6,5,0,5,2026-07-30T17:30:56.221222
53,15,7,5,0,5,2026-07-30T17:30:56.601085
53,15,8,5,0,5,2026-07-30T17:30:57.224980
53,15,9,5,0,5,2026-07-30T17:30:57.434345
53,15,10,5,0,5,2026-07-30T17:30:57.239686
53,16,1,5,0,5,2026-07-30T17:30:57.289769
53,16,2,5,0,5,2026-07-30T17:30:57.476373
53,16,3,5,0,5,2026-07-30T17:30:57.521793
53,16,4,5,0,5,2026-07-30T17:30:57.270507
53,16,5,5,0,5,2026-07-30T17:30:57.620382
53,16,6,5,0,5,2026-07-30T17:30:58.642662
53,16,7,5,0,5,2026-07-30T17:30:58.280312
53,16,8,5,0,5,2026-07-30T17:30:58.475405
53,16,9,5,0,5,2026-07-30T17:30:58.510848
53,16,10,5,0,5,2026-07-30T17:30:58.655269
53,17,1,5,0,5,2026-07-30T17:30:59.350150
53,17,2,5,0,5,2026-07-30T17:30:58.573768
53,17,3,5,0,5,2026-07-30T17:30:58.851308
53,17,4,5,0,5,2026-07-30T17:30:59.536358
53,17,5,5,0,5,2026-07-30T17:30:59.714596
53,17,6,5,0,5,2026-07-30T17:31:00.204116
53,17,7,5,0,5,2026-07-30T17:30:59.993192
53,17,8,5,0,5,2026-07-30T17:31:00.505441
53,17,9,5,0,5,2026-07-30T17:31:00.305462
53,17,10,5,0,5,2026-07-30T17:31:00.705608
53,18,1,5,0,5,2026-07-30T17:31:01.208125
53,18,2,5,0,5,2026-07-30T17:31:00.998904
53,18,3,5,0,5,2026-07-30T17:31:00.741892
53,18,4,5,0,5,2026-07-30T17:31:01.056700
53,18,5,5,0,5,2026-07-30T17:31:01.479774
53,18,6,5,0,5,2026-07-30T17:31:01.946323
53,18,7,5,0,5,2026-07-30T17:31:01.722506
53,18,8,5,0,5,2026-07-30T17:31:01.770317
53,18,9,5,0,5,2026-07-30T17:31:02.599887
53,18,10,5,0,5,2026-07-30T17:31:02.845599
53,19,1,5,0,5,2026-07-30T17:31:02.529146
53,19,2,5,0,5,2026-07-30T17:31:02.439527
53,19,3,5,0,5,2026-07-30T17:31:03.125935
53,19,4,5,0,5,2026-07-30T17:31:02.968882
53,19,5,5,0,5,2026-07-30T17:31:03.409129
53,19,6,5,0,5,2026-07-30T17:31:03.397833
53,19,7,5,0,5,2026-07-30T17:31:04.108166
53,19,8,5,0,5,2026-07-30T17:31:03.597524
53,19,9,5,0,5,2026-07-30T17:31:03.828283
53,19,10,5,0,5,2026-07-30T17:31:04.489853
53,20,1,5,0,5,2026-07-30T17:31:04.019383
53,20,2,5,0,5,2026-07-30T17:31:04.578782
53,20,3,5,0,5,2026-07-30T17:31:05.019293
53,20,4,5,0,5,2026-07-30T17:31:04.661958
53,20,5,5,0,5,2026-07-30T17:31:04.855821
53,20,6,5,0,5,2026-07-30T17:31:05.266597
53,20,7,5,0,5,2026-07-30T17:31:05.485438
53,20,8,5,0,5,2026-07-30T17:31:05.733428
53,20,9,5,0,5,2026-07-30T17:31:06.138586
53,20,10,5,0,5,2026-07-30T17:31:05.624095
53,21,1,5,0,5,2026-07-30T17:31:06.088872
53,21,2,5,0,5,2026-07-30T17:31:06.511708
53,21,3,5,0,5,2026-07-30T17:31:06.678518
53,21,4,5,0,5,2026-07-30T17:31:06.732396
53,21,5,5,0,5,2026-07-30T17:31:06.914838
53,21,6,5,0,5,2026-07-30T17:31:07.250899
53,21,7,5,0,5,2026-07-30T17:31:06.977299
53,21,8,5,0,5,2026-07-30T17:31:07.153226
53,21,9,5,0,5,2026-07-30T17:31:07.575513
53,21,10,5,0,5,2026-07-30T17:31:08.162629
53,22,1,5,0,5,2026-07-30T17:31:08.127690
53,22,2,5,0,5,2026-07-30T17:31:07.971003
53,22,3,5,0,5,2026-07-30T17:31:07.954779
53,22,4,5,0,5,2026-07-30T17:31:08.417863
53,22,5,5,0,5,2026-07-30T17:31:08.375624
53,22,6,5,0,5,2026-07-30T17:31:08.694407
53,22,7,5,0,5,2026-07-30T17:31:08.835004
53,22,8,5,0,5,2026-07-30T17:31:09.006988
53,22,9,5,0,5,2026-07-30T17:31:08.992873
53,22,10,5,0,5,2026-07-30T17:31:09.181135
53,23,1,5,0,5,2026-07-30T17:31:09.808294
53,23,2,5,0,5,2026-07-30T17:31:10.023543
53,23,3,5,0,5,2026-07-30T17:31:09.653815
53,23,4,5,0,5,2026-07-30T17:31:10.534955
53,23,5,5,0,5,2026-07-30T17:31:10.293994
53,23,6,5,0,5,2026-07-30T17:31:09.840065
53,23,7,5,0,5,2026-07-30T17:31:10.471904
53,23,8,5,0,5,2026-07-30T17:31:10.641565
53,23,9,5,0,5,2026-07-30T17:31:10.892067
53,23,10,5,0,5,2026-07-30T17:31:11.070498
53,24,1,5,0,5,2026-07-30T17:31:11.467284
53,24,2,5,0,5,2026-07-30T17:31:11.294207
53,24,3,5,0,5,2026-07-30T17:31:11.962838
53,24,4,5,0,5,2026-07-30T17:31:12.140270
53,24,5,5,0,5,2026-07-30T17:31:11.967097
53,24,6,5,0,5,2026-07-30T17:31:12.482601
53,24,7,0,0,0,2026-07-30T17:31:12.716173
53,24,8,5,0,5,2026-07-30T17:31:12.516343
53,24,9,5,0,5,2026-07-30T17:31:13.335097
53,24,10,5,0,5,2026-07-30T17:31:13.322346
53,25,1,5,0,5,2026-07-30T17:31:13.035491
53,25,2,5,0,5,2026-07-30T17:31:13.844836
53,25,3,5,0,5,2026-07-30T17:31:13.596710
53,25,4,5,0,5,2026-07-30T17:31:13.537787
53,25,5,5,0,5,2026-07-30T17:31:13.765181
53,25,6,5,0,5,2026-07-30T17:31:14.199325
53,25,7,5,0,5,2026-07-30T17:31:14.340843
53,25,8,5,0,5,2026-07-30T17:31:14.589381
53,25,9,5,0,5,2026-07-30T17:31:15.179000
53,25,10,5,0,5,2026-07-30T17:31:15.382863
53,26,1,5,0,5,2026-07-30T17:31:15.019186
53,26,2,5,0,5,2026-07-30T17:31:15.420683
53,26,3,0,0,0,2026-07-30T17:31:15.276078
53,26,4,5,0,5,2026-07-30T17:31:15.427349
53,26,5,0,0,0,2026-07-30T17:31:16.188833
53,26,6,5,0,5,2026-07-30T17:31:16.424251
53,26,7,5,0,5,2026-07-30T17:31:16.070705
53,26,8,0,0,0,2026-07-30T17:31:16.028964
53,26,9,5,0,5,2026-07-30T17:31:16.331545
53,26,10,5,0,5,2026-07-30T17:31:17.238424
53,27,1,5,0,5,2026-07-30T17:31:17.077357
53,27,2,5,0,5,2026-07-30T17:31:16.471165
53,27,3,5,0,5,2026-07-30T17:31:17.277704
53,27,4,5,0,5,2026-07-30T17:31:17.729392
53,27,5,5,0,5,2026-07-30T17:31:17.655015
53,27,6,5,0,5,2026-07-30T17:31:17.959967
53,27,7,5,0,5,2026-07-30T17:31:18.285785
53,27,8,5,0,5,2026-07-30T17:31:17.698172
53,27,9,5,0,5,2026-07-30T17:31:18.517713
53,27,10,5,0,5,2026-07-30T17:31:18.869853
53,28,1,5,0,5,2026-07-30T17:31:19.155512
53,28,2,5,0,5,2026-07-30T17:31:18.687327
53,28,3,5,0,5,2026-07-30T17:31:19.523890
53,28,4,5,0,5,2026-07-30T17:31:18.964693
53,28,5,5,0,5,2026-07-30T17:31:19.189801
53,28,6,5,0,5,2026-07-30T17:31:19.745623
53,28,7,5,0,5,2026-07-30T17:31:19.739108
53,28,8,5,0,5,2026-07-30T17:31:20.121325
53,28,9,5,0,5,2026-07-30T17:31:20.311612
53,28,10,5,0,5,2026-07-30T17:31:20.805385
53,29,1,5,0,5,2026-07-30T17:31:20.795053
53,29,2,5,0,5,2026-07-30T17:31:20.846253
53,29,3,5,0,5,2026-07-30T17:31:21.361490
53,29,4,5,0,5,2026-07-30T17:31:21.040754
53,29,5,5,0,5,2026-07-30T17:31:21.703080
53,29,6,5,0,5,2026-07-30T17:31:21.966373
53,29,7,5,0,5,2026-07-30T17:31:21.541648
53,29,8,5,0,5,2026-07-30T17:31:22.478377
53,29,9,5,0,5,2026-07-30T17:31:22.457451
53,29,10,5,0,5,2026-07-30T17:31:22.100061
53,30,1,5,0,5,2026-07-30T17:31:22.871563
53,30,2,5,0,5,2026-07-30T17:31:23.207902
53,30,3,5,0,5,2026-07-30T17:31:22.583843
53,30,4,5,0,5,2026-07-30T17:31:23.141952
53,30,5,5,0,5,2026-07-30T17:31:23.036267
53,30,6,5,0,5,2026-07-30T17:31:23.750472
53,30,7,5,0,5,2026-07-30T17:31:23.502708
53,30,8,5,0,5,2026-07-30T17:31:23.918076
53,30,9,5,0,5,2026-07-30T17:31:23.613849
53,30,10,5,0,5,2026-07-30T17:31:24.760778
54,1,1,5,0,5,2026-07-30T17:31:24.674339
54,1,2,5,0,5,2026-07-30T17:31:25.187404
54,1,3,5,0,5,2026-07-30T17:31:24.680967
54,1,4,5,0,5,2026-07-30T17:31:24.364731
54,1,5,5,0,5,2026-07-30T17:31:25.248672
54,1,6,5,0,5,2026-07-30T17:31:25.018365
54,1,7,5,0,5,2026-07-30T17:31:25.577145
54,1,8,5,0,5,2026-07-30T17:31:25.609117
54,1,9,5,0,5,2026-07-30T17:31:25.888777
54,1,10,5,0,5,2026-07-30T17:31:26.345822
54,2,1,5,0,5,2026-07-30T17:31:25.827222
54,2,2,5,0,5,2026-07-30T17:31:26.261330
54,2,3,5,0,5,2026-07-30T17:31:26.627810
54,2,4,5,0,5,2026-07-30T17:31:26.317491
54,2,5,5,0,5,2026-07-30T17:31:26.610751
54,2,6,5,0,5,2026-07-30T17:31:27.678563
54,2,7,5,0,5,2026-07-30T17:31:27.087234
54,2,8,5,0,5,2026-07-30T17:31:27.548346
54,2,9,5,0,5,2026-07-30T17:31:27.283398
54,2,10,5,0,5,2026-07-30T17:31:27.789252
54,3,1,0,0,0,2026-07-30T17:31:27.988486
54,3,2,0,0,0,2026-07-30T17:31:27.665895
54,3,3,0,0,0,2026-07-30T17:31:28.101715
54,3,4,0,0,0,2026-07-30T17:31:28.348159
54,3,5,0,0,0,2026-07-30T17:31:28.750299
54,3,6,0,0,0,2026-07-30T17:31:29.400613
54,3,7,0,0,0,2026-07-30T17:31:29.512789
54,3,8,0,0,0,2026-07-30T17:31:29.117092
54,3,9,0,0,0,2026-07-30T17:31:29.632874
54,3,10,0,0,0,2026-07-30T17:31:29.813653
54,4,1,0,0,0,2026-07-30T17:31:29.963265
54,4,2,0,0,0,2026-07-30T17:31:29.789845
54,4,3,0,0,0,2026-07-30T17:31:30.212174
54,4,4,0,0,0,2026-07-30T17:31:30.989471
54,4,5,0,0,0,2026-07-30T17:31:30.839476
54,4,6,0,0,0,2026-07-30T17:31:31.381422
54,4,7,0,0,0,2026-07-30T17:31:31.073992
54,4,8,0,0,0,2026-07-30T17:31:31.662470
54,4,9,0,0,0,2026-07-30T17:31:31.667714
54,4,10,0,0,0,2026-07-30T17:31:31.405622
54,5,1,0,0,0,2026-07-30T17:31:31.871438
54,5,2,0,0,0,2026-07-30T17:31:32.285061
54,5,3,0,0,0,2026-07-30T17:31:32.224704
54,5,4,0,0,0,2026-07-30T17:31:32.536799
54,5,5,0,0,0,2026-07-30T17:31:33.244406
54,5,6,0,0,0,2026-07-30T17:31:33.285082
54,5,7,0,0,0,2026-07-30T17:31:32.924433
54,5,8,0,0,0,2026-07-30T17:31:32.924815
54,5,9,0,0,0,2026-07-30T17:31:33.532575
54,5,10,0,0,0,2026-07-30T17:31:33.899091
54,6,1,5,0,5,2026-07-30T17:31:34.367284
54,6,2,5,0,5,2026-07-30T17:31:34.224960
54,6,3,5,0,5,2026-07-30T17:31:34.386942
54,6,4,5,0,5,2026-07-30T17:31:34.584572
54,6,5,5,0,5,2026-07-30T17:31:34.857503
54,6,6,5,0,5,2026-07-30T17:31:35.338500
54,6,7,5,0,5,2026-07-30T17:31:35.503724
54,6,8,5,0,5,2026-07-30T17:31:35.143797
54,6,9,5,0,5,2026-07-30T17:31:35.245429
54,6,10,5,0,5,2026-07-30T17:31:35.624254
54,7,1,5,0,5,2026-07-30T17:31:35.655014
54,7,2,5,0,5,2026-07-30T17:31:36.035080
54,7,3,5,0,5,2026-07-30T17:31:36.298298
54,7,4,5,0,5,2026-07-30T17:31:36.415574
54,7,5,5,0,5,2026-07-30T17:31:36.311639
54,7,6,5,0,5,2026-07-30T17:31:36.819877
54,7,7,5,0,5,2026-07-30T17:31:37.171137
54,7,8,5,0,5,2026-07-30T17:31:37.063379
54,7,9,5,0,5,2026-07-30T17:31:37.510547
54,7,10,5,0,5,2026-07-30T17:31:37.909811
54,8,1,0,0,0,2026-07-30T17:31:37.333841
54,8,2,0,0,0,2026-07-30T17:31:38.148451
54,8,3,0,0,0,2026-07-30T17:31:37.859448
54,8,4,0,0,0,2026-07-30T17:31:38.886793
54,8,5,0,0,0,2026-07-30T17:31:38.718736
54,8,6,0,0,0,2026-07-30T17:31:38.810950
54,8,7,5,0,5,2026-07-30T17:31:38.791246
54,8,8,0,0,0,2026-07-30T17:31:38.975324
54,8,9,0,0,0,2026-07-30T17:31:39.302185
54,8,10,0,0,0,2026-07-30T17:31:39.788422
54,9,1,0,0,0,2026-07-30T17:31:39.816893
54,9,2,0,0,0,2026-07-30T17:31:39.950957
54,9,3,0,0,0,2026-07-30T17:31:40.032162
54,9,4,0,0,0,2026-07-30T17:31:39.850576
54,9,5,0,0,0,2026-07-30T17:31:40.505657
54,9,6,0,0,0,2026-07-30T17:31:40.637353
54,9,7,0,0,0,2026-07-30T17:31:40.361596
54,9,8,0,0,0,2026-07-30T17:31:41.442553
54,9,9,0,0,0,2026-07-30T17:31:41.250589
54,9,10,0,0,0,2026-07-30T17:31:41.697492
54,10,1,0,0,0,2026-07-30T17:31:41.217011
54,10,2,0,0,0,2026-07-30T17:31:41.483589
54,10,3,0,0,0,2026-07-30T17:31:42.014626
54,10,4,5,0,5,2026-07-30T17:31:42.184596
54,10,5,0,0,0,2026-07-30T17:31:41.659567
54,10,6,0,0,0,2026-07-30T17:31:42.434446
54,10,7,0,0,0,2026-07-30T17:31:42.491665
54,10,8,5,0,5,2026-07-30T17:31:42.697668
54,10,9,0,0,0,2026-07-30T17:31:43.130220
54,10,10,0,0,0,2026-07-30T17:31:43.535036
54,11,1,5,0,5,2026-07-30T17:31:42.912154
54,11,2,5,0,5,2026-07-30T17:31:43.458137
54,11,3,5,0,5,2026-07-30T17:31:44.031838
54,11,4,5,0,5,2026-07-30T17:31:43.888448
54,11,5,5,0,5,2026-07-30T17:31:44.119606
54,11,6,5,0,5,2026-07-30T17:31:44.337455
54,11,7,5,0,5,2026-07-30T17:31:44.161054
54,11,8,5,0,5,2026-07-30T17:31:44.787615
54,11,9,5,0,5,2026-07-30T17:31:44.514364
54,11,10,5,0,5,2026-07-30T17:31:44.371424
54,12,1,5,0,5,2026-07-30T17:31:45.584379
54,12,2,5,0,5,2026-07-30T17:31:45.285064
54,12,3,5,0,5,2026-07-30T17:31:45.355245
54,12,4,5,0,5,2026-07-30T17:31:45.599641
54,12,5,5,0,5,2026-07-30T17:31:46.175647
54,12,6,5,0,5,2026-07-30T17:31:45.994689
54,12,7,5,0,5,2026-07-30T17:31:45.967512
54,12,8,5,0,5,2026-07-30T17:31:46.454448
54,12,9,5,0,5,2026-07-30T17:31:46.534115
54,12,10,5,0,5,2026-07-30T17:31:46.803323
54,13,1,0,0,0,2026-07-30T17:31:47.241383
54,13,2,0,0,0,2026-07-30T17:31:47.052644
54,13,3,0,0,0,2026-07-30T17:31:47.195192
54,13,4,0,0,0,2026-07-30T17:31:47.668140
54,13,5,0,0,0,2026-07-30T17:31:47.833412
54,13,6,0,0,0,2026-07-30T17:31:47.913176
54,13,7,0,0,0,2026-07-30T17:31:48.383302
54,13,8,0,0,0,2026-07-30T17:31:48.866332
54,13,9,0,0,0,2026-07-30T17:31:48.490060
54,13,10,0,0,0,2026-07-30T17:31:48.646863
54,14,1,5,0,5,2026-07-30T17:31:48.315848
54,14,2,5,0,5,2026-07-30T17:31:49.350781
54,14,3,5,0,5,2026-07-30T17:31:49.485584
54,14,4,5,0,5,2026-07-30T17:31:49.587626
54,14,5,5,0,5,2026-07-30T17:31:49.576602
54,14,6,5,0,5,2026-07-30T17:31:50.047873
54,14,7,5,0,5,2026-07-30T17:31:49.758271
54,14,8,2,0,2,2026-07-30T17:31:50.699658
54,14,9,5,0,5,2026-07-30T17:31:50.730033
54,14,10,5,0,5,2026-07-30T17:31:50.411839
54,15,1,0,0,0,2026-07-30T17:31:50.721472
54,15,2,0,0,0,2026-07-30T17:31:50.614706
54,15,3,0,0,0,2026-07-30T17:31:50.640840
54,15,4,5,0,5,2026-07-30T17:31:51.822758
54,15,5,0,0,0,2026-07-30T17:31:51.089163
54,15,6,0,0,0,2026-07-30T17:31:51.664511
54,15,7,0,0,0,2026-07-30T17:31:51.676774
54,15,8,0,0,0,2026-07-30T17:31:52.083171
54,15,9,0,0,0,2026-07-30T17:31:52.338854
54,15,10,0,0,0,2026-07-30T17:31:52.165125
54,16,1,5,0,5,2026-07-30T17:31:52.349491
54,16,2,5,0,5,2026-07-30T17:31:52.310743
54,16,3,5,0,5,2026-07-30T17:31:53.550944
54,16,4,5,0,5,2026-07-30T17:31:53.115250
54,16,5,5,0,5,2026-07-30T17:31:53.056447
54,16,6,5,0,5,2026-07-30T17:31:53.507599
54,16,7,5,0,5,2026-07-30T17:31:53.581308
54,16,8,5,0,5,2026-07-30T17:31:53.769095
54,16,9,5,0,5,2026-07-30T17:31:53.597341
54,16,10,5,0,5,2026-07-30T17:31:53.972096
54,17,1,5,0,5,2026-07-30T17:31:54.524917
54,17,2,5,0,5,2026-07-30T17:31:54.772801
54,17,3,5,0,5,2026-07-30T17:31:54.762885
54,17,4,5,0,5,2026-07-30T17:31:55.211299
54,17,5,5,0,5,2026-07-30T17:31:54.618562
54,17,6,5,0,5,2026-07-30T17:31:55.056912
54,17,7,5,0,5,2026-07-30T17:31:55.618150
54,17,8,5,0,5,2026-07-30T17:31:55.640698
54,17,9,5,0,5,2026-07-30T17:31:56.363148
54,17,10,5,0,5,2026-07-30T17:31:56.267075
54,18,1,3,0,3,2026-07-30T17:31:56.417247
54,18,2,5,0,5,2026-07-30T17:31:56.207831
54,18,3,5,0,5,2026-07-30T17:31:56.086589
54,18,4,0,0,0,2026-07-30T17:31:56.821065
54,18,5,3,0,3,2026-07-30T17:31:56.638303
54,18,6,3,0,3,2026-07-30T17:31:56.690000
54,18,7,0,0,0,2026-07-30T17:31:57.724822
54,18,8,3,0,3,2026-07-30T17:31:57.249285
54,18,9,3,0,3,2026-07-30T17:31:57.522724
54,18,10,3,0,3,2026-07-30T17:31:57.805301
54,19,1,5,0,5,2026-07-30T17:31:57.685465
54,19,2,5,0,5,2026-07-30T17:31:58.256266
54,19,3,5,0,5,2026-07-30T17:31:57.739309
54,19,4,5,0,5,2026-07-30T17:31:58.474564
54,19,5,5,0,5,2026-07-30T17:31:58.729314
54,19,6,3,0,3,2026-07-30T17:31:58.778715
54,19,7,5,0,5,2026-07-30T17:31:59.123391
54,19,8,5,0,5,2026-07-30T17:31:59.165214
54,19,9,5,0,5,2026-07-30T17:31:58.973584
54,19,10,5,0,5,2026-07-30T17:31:59.427056
54,20,1,5,0,5,2026-07-30T17:32:00.084050
54,20,2,5,0,5,2026-07-30T17:31:59.724498
54,20,3,5,0,5,2026-07-30T17:32:00.177183
54,20,4,5,0,5,2026-07-30T17:32:00.630970
54,20,5,5,0,5,2026-07-30T17:31:59.996502
54,20,6,5,0,5,2026-07-30T17:32:00.785304
54,20,7,5,0,5,2026-07-30T17:32:00.406610
54,20,8,5,0,5,2026-07-30T17:32:01.301711
54,20,9,5,0,5,2026-07-30T17:32:01.013603
54,20,10,5,0,5,2026-07-30T17:32:01.259389
54,21,1,5,0,5,2026-07-30T17:32:01.525700
54,21,2,5,0,5,2026-07-30T17:32:01.579756
54,21,3,5,0,5,2026-07-30T17:32:01.636302
54,21,4,5,0,5,2026-07-30T17:32:01.869648
54,21,5,5,0,5,2026-07-30T17:32:02.030665
54,21,6,5,0,5,2026-07-30T17:32:03.060931
54,21,7,5,0,5,2026-07-30T17:32:02.715010
54,21,8,5,0,5,2026-07-30T17:32:03.175366
54,21,9,5,0,5,2026-07-30T17:32:03.379072
54,21,10,5,0,5,2026-07-30T17:32:03.222628
54,22,1,5,0,5,2026-07-30T17:32:03.284161
54,22,2,5,0,5,2026-07-30T17:32:03.538012
54,22,3,5,0,5,2026-07-30T17:32:03.907346
54,22,4,5,0,5,2026-07-30T17:32:04.366873
54,22,5,5,0,5,2026-07-30T17:32:04.583361
54,22,6,5,0,5,2026-07-30T17:32:04.624088
54,22,7,5,0,5,2026-07-30T17:32:04.888580
54,22,8,5,0,5,2026-07-30T17:32:04.524007
54,22,9,5,0,5,2026-07-30T17:32:05.044271
54,22,10,5,0,5,2026-07-30T17:32:05.006796
54,23,1,5,0,5,2026-07-30T17:32:05.366169
54,23,2,5,0,5,2026-07-30T17:32:05.630756
54,23,3,5,0,5,2026-07-30T17:32:06.166422
54,23,4,5,0,5,2026-07-30T17:32:06.207056
54,23,5,5,0,5,2026-07-30T17:32:06.261959
54,23,6,5,0,5,2026-07-30T17:32:06.369621
54,23,7,5,0,5,2026-07-30T17:32:06.864663
54,23,8,5,0,5,2026-07-30T17:32:06.679461
54,23,9,5,0,5,2026-07-30T17:32:06.834394
54,23,10,5,0,5,2026-07-30T17:32:06.700935
54,24,1,0,0,0,2026-07-30T17:32:07.969170
54,24,2,0,0,0,2026-07-30T17:32:07.449703
54,24,3,0,0,0,2026-07-30T17:32:08.084444
54,24,4,0,0,0,2026-07-30T17:32:08.008797
54,24,5,0,0,0,2026-07-30T17:32:08.118043
54,24,6,0,0,0,2026-07-30T17:32:07.943284
54,24,7,0,0,0,2026-07-30T17:32:08.282826
54,24,8,0,0,0,2026-07-30T17:32:07.899649
54,24,9,0,0,0,2026-07-30T17:32:08.716360
54,24,10,5,0,5,2026-07-30T17:32:09.139662
54,25,1,4,0,4,2026-07-30T17:32:09.598101
54,25,2,3,0,3,2026-07-30T17:32:09.619120
54,25,3,3,0,3,2026-07-30T17:32:09.262641
54,25,4,3,0,3,2026-07-30T17:32:09.945448
54,25,5,3,0,3,2026-07-30T17:32:09.766632
54,25,6,0,0,0,2026-07-30T17:32:09.515126
54,25,7,3,0,3,2026-07-30T17:32:09.952501
54,25,8,3,0,3,2026-07-30T17:32:10.202152
54,25,9,3,0,3,2026-07-30T17:32:10.500525
54,25,10,4,0,4,2026-07-30T17:32:10.991083
54,26,1,5,0,5,2026-07-30T17:32:10.867595
54,26,2,5,0,5,2026-07-30T17:32:10.862812
54,26,3,5,0,5,2026-07-30T17:32:10.768013
54,26,4,5,0,5,2026-07-30T17:32:11.392588
54,26,5,5,0,5,2026-07-30T17:32:11.612886
54,26,6,5,0,5,2026-07-30T17:32:11.652784
54,26,7,5,0,5,2026-07-30T17:32:11.727638
54,26,8,5,0,5,2026-07-30T17:32:12.019693
54,26,9,5,0,5,2026-07-30T17:32:12.494513
54,26,10,5,0,5,2026-07-30T17:32:12.504924
54,27,1,5,0,5,2026-07-30T17:32:12.844745
54,27,2,5,0,5,2026-07-30T17:32:12.850119
54,27,3,5,0,5,2026-07-30T17:32:13.479854
54,27,4,5,0,5,2026-07-30T17:32:12.667750
54,27,5,5,0,5,2026-07-30T17:32:13.573931
54,27,6,5,0,5,2026-07-30T17:32:13.106402
54,27,7,5,0,5,2026-07-30T17:32:13.510015
54,27,8,5,0,5,2026-07-30T17:32:14.383104
54,27,9,5,0,5,2026-07-30T17:32:14.567554
54,27,10,5,0,5,2026-07-30T17:32:13.974814
54,28,1,5,0,5,2026-07-30T17:32:13.867604
54,28,2,3,0,3,2026-07-30T17:32:14.173232
54,28,3,3,0,3,2026-07-30T17:32:14.939722
54,28,4,4,0,4,2026-07-30T17:32:14.758433
54,28,5,4,0,4,2026-07-30T17:32:15.241806
54,28,6,5,0,5,2026-07-30T17:32:14.922737
54,28,7,5,0,5,2026-07-30T17:32:15.454084
54,28,8,3,0,3,2026-07-30T17:32:16.017199
54,28,9,5,0,5,2026-07-30T17:32:15.649969
54,28,10,4,0,4,2026-07-30T17:32:15.608404
54,29,1,5,0,5,2026-07-30T17:32:16.814279
54,29,2,5,0,5,2026-07-30T17:32:16.177672
54,29,3,5,0,5,2026-07-30T17:32:16.386970
54,29,4,5,0,5,2026-07-30T17:32:16.522780
54,29,5,5,0,5,2026-07-30T17:32:16.670017
54,29,6,5,0,5,2026-07-30T17:32:17.246823
54,29,7,5,0,5,2026-07-30T17:32:17.091946
54,29,8,5,0,5,2026-07-30T17:32:17.239047
54,29,9,5,0,5,2026-07-30T17:32:17.234257
54,29,10,5,0,5,2026-07-30T17:32:17.853251
54,30,1,5,0,5,2026-07-30T17:32:18.180043
54,30,2,5,0,5,2026-07-30T17:32:17.916866
54,30,3,5,0,5,2026-07-30T17:32:18.083605
54,30,4,5,0,5,2026-07-30T17:32:18.360090
54,30,5,5,0,5,2026-07-30T17:32:19.061631
54,30,6,5,0,5,2026-07-30T17:32:18.286946
54,30,7,5,0,5,2026-07-30T17:32:18.676629
54,30,8,5,0,5,2026-07-30T17:32:19.312671
54,30,9,5,0,5,2026-07-30T17:32:19.783725
54,30,10,5,0,5,2026-07-30T17:32:19.768831
55,1,1,5,0,5,2026-07-30T17:32:19.717475
55,1,2,5,0,5,2026-07-30T17:32:19.318019
55,1,3,5,0,5,2026-07-30T17:32:19.408605
55,1,4,5,0,5,2026-07-30T17:32:20.135838
55,1,5,5,0,5,2026-07-30T17:32:20.505305
55,1,6,5,0,5,2026-07-30T17:32:20.604589
55,1,7,5,0,5,2026-07-30T17:32:20.814796
55,1,8,5,0,5,2026-07-30T17:32:21.277623
55,1,9,5,0,5,2026-07-30T17:32:21.148992
55,1,10,5,0,5,2026-07-30T17:32:21.440003
55,2,1,5,0,5,2026-07-30T17:32:21.250657
55,2,2,5,0,5,2026-07-30T17:32:21.985777
55,2,3,5,0,5,2026-07-30T17:32:22.383997
55,2,4,5,0,5,2026-07-30T17:32:22.284802
55,2,5,5,0,5,2026-07-30T17:32:22.259993
55,2,6,5,0,5,2026-07-30T17:32:22.409699
55,2,7,5,0,5,2026-07-30T17:32:22.112852
55,2,8,5,0,5,2026-07-30T17:32:22.932428
55,2,9,5,0,5,2026-07-30T17:32:22.670525
55,2,10,5,0,5,2026-07-30T17:32:23.626246
55,3,1,0,0,0,2026-07-30T17:32:23.572266
55,3,2,5,0,5,2026-07-30T17:32:23.932790
55,3,3,5,0,5,2026-07-30T17:32:23.541362
55,3,4,5,0,5,2026-07-30T17:32:23.812155
55,3,5,5,0,5,2026-07-30T17:32:24.073210
55,3,6,5,0,5,2026-07-30T17:32:23.711153
55,3,7,5,0,5,2026-07-30T17:32:24.373824
55,3,8,5,0,5,2026-07-30T17:32:24.983785
55,3,9,3,0,3,2026-07-30T17:32:25.226253
55,3,10,5,0,5,2026-07-30T17:32:24.880100
55,4,1,4,0,4,2026-07-30T17:32:24.748316
55,4,2,5,0,5,2026-07-30T17:32:25.648654
55,4,3,3,0,3,2026-07-30T17:32:25.147056
55,4,4,3,0,3,2026-07-30T17:32:25.356617
55,4,5,5,0,5,2026-07-30T17:32:25.422608
55,4,6,4,0,4,2026-07-30T17:32:26.631836
55,4,7,5,0,5,2026-07-30T17:32:26.699574
55,4,8,5,0,5,2026-07-30T17:32:26.222011
55,4,9,5,0,5,2026-07-30T17:32:26.410383
55,4,10,5,0,5,2026-07-30T17:32:26.487191
55,5,1,5,0,5,2026-07-30T17:32:27.186593
55,5,2,5,0,5,2026-07-30T17:32:27.277484
55,5,3,5,0,5,2026-07-30T17:32:26.888616
55,5,4,5,0,5,2026-07-30T17:32:27.261089
55,5,5,5,0,5,2026-07-30T17:32:28.070367
55,5,6,5,0,5,2026-07-30T17:32:28.144065
55,5,7,5,0,5,2026-07-30T17:32:28.680791
55,5,8,5,0,5,2026-07-30T17:32:28.324286
55,5,9,5,0,5,2026-07-30T17:32:27.916499
55,5,10,5,0,5,2026-07-30T17:32:28.819517
55,6,1,5,0,5,2026-07-30T17:32:29.111973
55,6,2,5,0,5,2026-07-30T17:32:28.514201
55,6,3,5,0,5,2026-07-30T17:32:29.560338
55,6,4,5,0,5,2026-07-30T17:32:29.533343
55,6,5,5,0,5,2026-07-30T17:32:28.991015
55,6,6,5,0,5,2026-07-30T17:32:29.962587
55,6,7,5,0,5,2026-07-30T17:32:29.970050
55,6,8,5,0,5,2026-07-30T17:32:29.692325
55,6,9,5,0,5,2026-07-30T17:32:30.689084
55,6,10,5,0,5,2026-07-30T17:32:30.443307
55,7,1,5,0,5,2026-07-30T17:32:30.745950
55,7,2,5,0,5,2026-07-30T17:32:30.547714
55,7,3,5,0,5,2026-07-30T17:32:30.823782
55,7,4,5,0,5,2026-07-30T17:32:31.321178
55,7,5,5,0,5,2026-07-30T17:32:31.242924
55,7,6,5,0,5,2026-07-30T17:32:31.821084
55,7,7,5,0,5,2026-07-30T17:32:32.078293
55,7,8,5,0,5,2026-07-30T17:32:31.580257
55,7,9,5,0,5,2026-07-30T17:32:32.554503
55,7,10,5,0,5,2026-07-30T17:32:31.789696
55,8,1,5,0,5,2026-07-30T17:32:32.060596
55,8,2,5,0,5,2026-07-30T17:32:33.098356
55,8,3,5,0,5,2026-07-30T17:32:33.186679
55,8,4,5,0,5,2026-07-30T17:32:33.250224
55,8,5,5,0,5,2026-07-30T17:32:33.423795
55,8,6,5,0,5,2026-07-30T17:32:33.898852
55,8,7,5,0,5,2026-07-30T17:32:33.510268
55,8,8,5,0,5,2026-07-30T17:32:33.518065
55,8,9,5,0,5,2026-07-30T17:32:34.220123
55,8,10,5,0,5,2026-07-30T17:32:34.344352
55,9,1,5,0,5,2026-07-30T17:32:34.632179
55,9,2,5,0,5,2026-07-30T17:32:34.476846
55,9,3,3,0,3,2026-07-30T17:32:35.296602
55,9,4,5,0,5,2026-07-30T17:32:35.390232
55,9,5,5,0,5,2026-07-30T17:32:34.757334
55,9,6,5,0,5,2026-07-30T17:32:35.375738
55,9,7,5,0,5,2026-07-30T17:32:36.059361
55,9,8,5,0,5,2026-07-30T17:32:36.222854
55,9,9,5,0,5,2026-07-30T17:32:35.528280
55,9,10,5,0,5,2026-07-30T17:32:36.054242
55,10,1,0,0,0,2026-07-30T17:32:36.401553
55,10,2,5,0,5,2026-07-30T17:32:36.540425
55,10,3,5,0,5,2026-07-30T17:32:37.057115
55,10,4,5,0,5,2026-07-30T17:32:36.834547
55,10,5,5,0,5,2026-07-30T17:32:36.978927
55,10,6,5,0,5,2026-07-30T17:32:37.693540
55,10,7,5,0,5,2026-07-30T17:32:37.698272
55,10,8,5,0,5,2026-07-30T17:32:37.299603
55,10,9,5,0,5,2026-07-30T17:32:37.645570
55,10,10,5,0,5,2026-07-30T17:32:37.609328
55,11,1,5,0,5,2026-07-30T17:32:38.089037
55,11,2,5,0,5,2026-07-30T17:32:38.236701
55,11,3,5,0,5,2026-07-30T17:32:38.092303
55,11,4,5,0,5,2026-07-30T17:32:38.328018
55,11,5,5,0,5,2026-07-30T17:32:38.679421
55,11,6,5,0,5,2026-07-30T17:32:39.524695
55,11,7,5,0,5,2026-07-30T17:32:39.124743
55,11,8,5,0,5,2026-07-30T17:32:38.972092
55,11,9,5,0,5,2026-07-30T17:32:39.516720
55,11,10,5,0,5,2026-07-30T17:32:39.750528
55,12,1,5,0,5,2026-07-30T17:32:39.685474
55,12,2,5,0,5,2026-07-30T17:32:39.773029
55,12,3,5,0,5,2026-07-30T17:32:40.539203
55,12,4,5,0,5,2026-07-30T17:32:40.032133
55,12,5,5,0,5,2026-07-30T17:32:41.176141
55,12,6,5,0,5,2026-07-30T17:32:40.562373
55,12,7,5,0,5,2026-07-30T17:32:41.179015
55,12,8,5,0,5,2026-07-30T17:32:41.314726
55,12,9,5,0,5,2026-07-30T17:32:40.792269
55,12,10,5,0,5,2026-07-30T17:32:41.431235
55,13,1,5,0,5,2026-07-30T17:32:41.674250
55,13,2,5,0,5,2026-07-30T17:32:42.223904
55,13,3,5,0,5,2026-07-30T17:32:42.003483
55,13,4,5,0,5,2026-07-30T17:32:41.813414
55,13,5,5,0,5,2026-07-30T17:32:42.611083
55,13,6,5,0,5,2026-07-30T17:32:42.613595
55,13,7,5,0,5,2026-07-30T17:32:42.922385
55,13,8,5,0,5,2026-07-30T17:32:43.256035
55,13,9,5,0,5,2026-07-30T17:32:43.095698
55,13,10,5,0,5,2026-07-30T17:32:42.860791
55,14,1,5,0,5,2026-07-30T17:32:43.432118
55,14,2,5,0,5,2026-07-30T17:32:43.700905
55,14,3,5,0,5,2026-07-30T17:32:44.470480
55,14,4,5,0,5,2026-07-30T17:32:44.464980
55,14,5,5,0,5,2026-07-30T17:32:44.329623
55,14,6,5,0,5,2026-07-30T17:32:43.952215
55,14,7,5,0,5,2026-07-30T17:32:44.711390
55,14,8,5,0,5,2026-07-30T17:32:44.296380
55,14,9,5,0,5,2026-07-30T17:32:44.444032
55,14,10,5,0,5,2026-07-30T17:32:45.575596
55,15,1,5,0,5,2026-07-30T17:32:45.789106
55,15,2,5,0,5,2026-07-30T17:32:45.558817
55,15,3,5,0,5,2026-07-30T17:32:45.789852
55,15,4,5,0,5,2026-07-30T17:32:45.912369
55,15,5,5,0,5,2026-07-30T17:32:46.133563
55,15,6,5,0,5,2026-07-30T17:32:45.724509
55,15,7,5,0,5,2026-07-30T17:32:45.963800
55,15,8,5,0,5,2026-07-30T17:32:47.014570
55,15,9,5,0,5,2026-07-30T17:32:46.616962
55,15,10,5,0,5,2026-07-30T17:32:46.754366
55,16,1,5,0,5,2026-07-30T17:32:47.253161
55,16,2,5,0,5,2026-07-30T17:32:47.034273
55,16,3,5,0,5,2026-07-30T17:32:47.754962
55,16,4,5,0,5,2026-07-30T17:32:47.009051
55,16,5,5,0,5,2026-07-30T17:32:47.800051
55,16,6,5,0,5,2026-07-30T17:32:47.867391
55,16,7,5,0,5,2026-07-30T17:32:48.388457
55,16,8,5,0,5,2026-07-30T17:32:48.825156
55,16,9,5,0,5,2026-07-30T17:32:48.836934
55,16,10,5,0,5,2026-07-30T17:32:48.885967
55,17,1,5,0,5,2026-07-30T17:32:48.904732
55,17,2,5,0,5,2026-07-30T17:32:49.039794
55,17,3,5,0,5,2026-07-30T17:32:49.440461
55,17,4,5,0,5,2026-07-30T17:32:49.496695
55,17,5,5,0,5,2026-07-30T17:32:49.620010
55,17,6,5,0,5,2026-07-30T17:32:50.473857
55,17,7,5,0,5,2026-07-30T17:32:50.286580
55,17,8,5,0,5,2026-07-30T17:32:50.129270
55,17,9,5,0,5,2026-07-30T17:32:50.359800
55,17,10,5,0,5,2026-07-30T17:32:50.281059
55,18,1,5,0,5,2026-07-30T17:32:50.489127
55,18,2,5,0,5,2026-07-30T17:32:51.352349
55,18,3,5,0,5,2026-07-30T17:32:51.702387
55,18,4,5,0,5,2026-07-30T17:32:51.978915
55,18,5,5,0,5,2026-07-30T17:32:52.137147
55,18,6,5,0,5,2026-07-30T17:32:51.316405
55,18,7,5,0,5,2026-07-30T17:32:51.620229
55,18,8,5,0,5,2026-07-30T17:32:51.514148
55,18,9,5,0,5,2026-07-30T17:32:51.948741
55,18,10,5,0,5,2026-07-30T17:32:52.556600
55,19,1,5,0,5,2026-07-30T17:32:52.796956
55,19,2,5,0,5,2026-07-30T17:32:53.177289
55,19,3,5,0,5,2026-07-30T17:32:53.101255
55,19,4,5,0,5,2026-07-30T17:32:53.328954
55,19,5,5,0,5,2026-07-30T17:32:53.625420
55,19,6,5,0,5,2026-07-30T17:32:53.425686
55,19,7,5,0,5,2026-07-30T17:32:54.000719
55,19,8,5,0,5,2026-07-30T17:32:53.589786
55,19,9,5,0,5,2026-07-30T17:32:54.057328
55,19,10,5,0,5,2026-07-30T17:32:54.578417
55,20,1,5,0,5,2026-07-30T17:32:54.643756
55,20,2,5,0,5,2026-07-30T17:32:54.372012
55,20,3,5,0,5,2026-07-30T17:32:55.098157
55,20,4,5,0,5,2026-07-30T17:32:55.253937
55,20,5,5,0,5,2026-07-30T17:32:54.693288
55,20,6,5,0,5,2026-07-30T17:32:55.843730
55,20,7,5,0,5,2026-07-30T17:32:55.729330
55,20,8,5,0,5,2026-07-30T17:32:56.045818
55,20,9,5,0,5,2026-07-30T17:32:56.036431
55,20,10,5,0,5,2026-07-30T17:32:55.710464
55,21,1,5,0,5,2026-07-30T17:32:56.141756
55,21,2,5,0,5,2026-07-30T17:32:56.557822
55,21,3,5,0,5,2026-07-30T17:32:56.266821
55,21,4,5,0,5,2026-07-30T17:32:57.382908
55,21,5,5,0,5,2026-07-30T17:32:57.591924
55,21,6,5,0,5,2026-07-30T17:32:57.709268
55,21,7,5,0,5,2026-07-30T17:32:57.459685
55,21,8,5,0,5,2026-07-30T17:32:57.325624
55,21,9,5,0,5,2026-07-30T17:32:57.985312
55,21,10,5,0,5,2026-07-30T17:32:57.916800
55,22,1,5,0,5,2026-07-30T17:32:57.615055
55,22,2,5,0,5,2026-07-30T17:32:59.184872
55,22,3,5,0,5,2026-07-30T17:32:58.450694
55,22,4,5,0,5,2026-07-30T17:32:59.106477
55,22,5,5,0,5,2026-07-30T17:32:59.032734
55,22,6,5,0,5,2026-07-30T17:32:58.668927
55,22,7,5,0,5,2026-07-30T17:32:59.346732
55,22,8,5,0,5,2026-07-30T17:32:59.568871
55,22,9,5,0,5,2026-07-30T17:32:59.635680
55,22,10,5,0,5,2026-07-30T17:33:00.305686
55,23,1,5,0,5,2026-07-30T17:32:59.919543
55,23,2,5,0,5,2026-07-30T17:33:00.890888
55,23,3,5,0,5,2026-07-30T17:33:00.543810
55,23,4,5,0,5,2026-07-30T17:33:00.626620
55,23,5,5,0,5,2026-07-30T17:33:01.193939
55,23,6,5,0,5,2026-07-30T17:33:01.437745
55,23,7,5,0,5,2026-07-30T17:33:00.890535
55,23,8,5,0,5,2026-07-30T17:33:01.588227
55,23,9,5,0,5,2026-07-30T17:33:01.959502
55,23,10,5,0,5,2026-07-30T17:33:01.784813
55,24,1,4,0,4,2026-07-30T17:33:02.494353
55,24,2,5,0,5,2026-07-30T17:33:02.558951
55,24,3,5,0,5,2026-07-30T17:33:02.343206
55,24,4,5,0,5,2026-07-30T17:33:03.045393
55,24,5,5,0,5,2026-07-30T17:33:02.896440
55,24,6,5,0,5,2026-07-30T17:33:03.003922
55,24,7,5,0,5,2026-07-30T17:33:03.030479
55,24,8,5,0,5,2026-07-30T17:33:03.195711
55,24,9,5,0,5,2026-07-30T17:33:04.219476
55,24,10,5,0,5,2026-07-30T17:33:03.948411
55,25,1,5,0,5,2026-07-30T17:33:04.017128
55,25,2,5,0,5,2026-07-30T17:33:04.722143
55,25,3,5,0,5,2026-07-30T17:33:04.066804
55,25,4,5,0,5,2026-07-30T17:33:04.083356
55,25,5,5,0,5,2026-07-30T17:33:04.505208
55,25,6,5,0,5,2026-07-30T17:33:04.237953
55,25,7,5,0,5,2026-07-30T17:33:05.791668
55,25,8,4,0,4,2026-07-30T17:33:05.662916
55,25,9,5,0,5,2026-07-30T17:33:05.901108
55,25,10,5,0,5,2026-07-30T17:33:05.537413
55,26,1,5,0,5,2026-07-30T17:33:05.671160
55,26,2,5,0,5,2026-07-30T17:33:05.492118
55,26,3,5,0,5,2026-07-30T17:33:06.346053
55,26,4,5,0,5,2026-07-30T17:33:06.379312
55,26,5,5,0,5,2026-07-30T17:33:07.322316
55,26,6,5,0,5,2026-07-30T17:33:07.228912
55,26,7,5,0,5,2026-07-30T17:33:06.677530
55,26,8,5,0,5,2026-07-30T17:33:06.911106
55,26,9,5,0,5,2026-07-30T17:33:07.623185
55,26,10,5,0,5,2026-07-30T17:33:07.361452
55,27,1,5,0,5,2026-07-30T17:33:08.020406
55,27,2,5,0,5,2026-07-30T17:33:08.443462
55,27,3,4,0,4,2026-07-30T17:33:08.332177
55,27,4,5,0,5,2026-07-30T17:33:08.161751
55,27,5,5,0,5,2026-07-30T17:33:08.755784
55,27,6,5,0,5,2026-07-30T17:33:09.171018
55,27,7,5,0,5,2026-07-30T17:33:08.809783
55,27,8,5,0,5,2026-07-30T17:33:09.492432
55,27,9,5,0,5,2026-07-30T17:33:09.271180
55,27,10,5,0,5,2026-07-30T17:33:09.194005
55,28,1,5,0,5,2026-07-30T17:33:09.795522
55,28,2,5,0,5,2026-07-30T17:33:10.288186
55,28,3,5,0,5,2026-07-30T17:33:10.447348
55,28,4,5,0,5,2026-07-30T17:33:10.263857
55,28,5,5,0,5,2026-07-30T17:33:10.831257
55,28,6,5,0,5,2026-07-30T17:33:10.216630
55,28,7,5,0,5,2026-07-30T17:33:11.135949
55,28,8,5,0,5,2026-07-30T17:33:10.544446
55,28,9,5,0,5,2026-07-30T17:33:11.038685
55,28,10,5,0,5,2026-07-30T17:33:11.289564
55,29,1,5,0,5,2026-07-30T17:33:12.129073
55,29,2,5,0,5,2026-07-30T17:33:11.512427
55,29,3,5,0,5,2026-07-30T17:33:11.298226
55,29,4,5,0,5,2026-07-30T17:33:12.199108
55,29,5,5,0,5,2026-07-30T17:33:12.690968
55,29,6,5,0,5,2026-07-30T17:33:12.277399
55,29,7,5,0,5,2026-07-30T17:33:12.791090
55,29,8,5,0,5,2026-07-30T17:33:12.938029
55,29,9,5,0,5,2026-07-30T17:33:12.938238
55,29,10,5,0,5,2026-07-30T17:33:13.134615
55,30,1,5,0,5,2026-07-30T17:33:13.773125
55,30,2,5,0,5,2026-07-30T17:33:13.250628
55,30,3,5,0,5,2026-07-30T17:33:14.329490
55,30,4,5,0,5,2026-07-30T17:33:14.341559
55,30,5,5,0,5,2026-07-30T17:33:14.011862
55,30,6,5,0,5,2026-07-30T17:33:14.805144
55,30,7,5,0,5,2026-07-30T17:33:14.197506
55,30,8,5,0,5,2026-07-30T17:33:14.410580
55,30,9,5,0,5,2026-07-30T17:33:14.498733
55,30,10,5,0,5,2026-07-30T17:33:15.631836
56,1,1,5,0,5,2026-07-30T17:33:15.889032
56,1,2,5,0,5,2026-07-30T17:33:15.832194
56,1,3,5,0,5,2026-07-30T17:33:15.582665
56,1,4,5,0,5,2026-07-30T17:33:16.403683
56,1,5,5,0,5,2026-07-30T17:33:16.290785
56,1,6,5,0,5,2026-07-30T17:33:15.931926
56,1,7,5,0,5,2026-07-30T17:33:16.438077
56,1,8,5,0,5,2026-07-30T17:33:17.460319
56,1,9,5,0,5,2026-07-30T17:33:16.702029
56,1,10,5,0,5,2026-07-30T17:33:17.300071
56,2,1,5,0,5,2026-07-30T17:33:17.368883
56,2,2,5,0,5,2026-07-30T17:33:17.798195
56,2,3,5,0,5,2026-07-30T17:33:17.941853
56,2,4,5,0,5,2026-07-30T17:33:17.623265
56,2,5,5,0,5,2026-07-30T17:33:17.482635
56,2,6,5,0,5,2026-07-30T17:33:18.145060
56,2,7,5,0,5,2026-07-30T17:33:18.342518
56,2,8,5,0,5,2026-07-30T17:33:18.640565
56,2,9,5,0,5,2026-07-30T17:33:19.109737
56,2,10,5,0,5,2026-07-30T17:33:18.762137
56,3,1,5,0,5,2026-07-30T17:33:19.508798
56,3,2,5,0,5,2026-07-30T17:33:18.853502
56,3,3,5,0,5,2026-07-30T17:33:19.768672
56,3,4,5,0,5,2026-07-30T17:33:19.811417
56,3,5,2,0,2,2026-07-30T17:33:20.198015
56,3,6,5,0,5,2026-07-30T17:33:20.531266
56,3,7,5,0,5,2026-07-30T17:33:20.619597
56,3,8,3,0,3,2026-07-30T17:33:20.323842
56,3,9,5,0,5,2026-07-30T17:33:20.200107
56,3,10,5,0,5,2026-07-30T17:33:20.977811
56,4,1,0,0,0,2026-07-30T17:33:21.623199
56,4,2,5,0,5,2026-07-30T17:33:21.705200
56,4,3,5,0,5,2026-07-30T17:33:22.302001
56,4,4,5,0,5,2026-07-30T17:33:21.897303
56,4,5,5,0,5,2026-07-30T17:33:21.794680
56,4,6,5,0,5,2026-07-30T17:33:21.607698
56,4,7,5,0,5,2026-07-30T17:33:22.279048
56,4,8,0,0,0,2026-07-30T17:33:22.018768
56,4,9,5,0,5,2026-07-30T17:33:22.860905
56,4,10,5,0,5,2026-07-30T17:33:22.903794
56,5,1,0,0,0,2026-07-30T17:33:23.159722
56,5,2,5,0,5,2026-07-30T17:33:23.481261
56,5,3,0,0,0,2026-07-30T17:33:23.765317
56,5,4,5,0,5,2026-07-30T17:33:23.481453
56,5,5,5,0,5,2026-07-30T17:33:23.923274
56,5,6,0,0,0,2026-07-30T17:33:24.156866
56,5,7,0,0,0,2026-07-30T17:33:24.343996
56,5,8,0,0,0,2026-07-30T17:33:24.351449
56,5,9,0,0,0,2026-07-30T17:33:24.413406
56,5,10,0,0,0,2026-07-30T17:33:25.525910
56,6,1,5,0,5,2026-07-30T17:33:24.759079
56,6,2,5,0,5,2026-07-30T17:33:25.404420
56,6,3,5,0,5,2026-07-30T17:33:25.765451
56,6,4,5,0,5,2026-07-30T17:33:25.219200
56,6,5,5,0,5,2026-07-30T17:33:25.771629
56,6,6,5,0,5,2026-07-30T17:33:25.806186
56,6,7,5,0,5,2026-07-30T17:33:25.300117
56,6,8,5,0,5,2026-07-30T17:33:26.234210
56,6,9,5,0,5,2026-07-30T17:33:26.658783
56,6,10,5,0,5,2026-07-30T17:33:26.565880
56,7,1,5,0,5,2026-07-30T17:33:26.890446
56,7,2,5,0,5,2026-07-30T17:33:27.382561
56,7,3,5,0,5,2026-07-30T17:33:27.236833
56,7,4,5,0,5,2026-07-30T17:33:27.224032
56,7,5,5,0,5,2026-07-30T17:33:27.285305
56,7,6,5,0,5,2026-07-30T17:33:27.903044
56,7,7,5,0,5,2026-07-30T17:33:28.212061
56,7,8,5,0,5,2026-07-30T17:33:28.493947
56,7,9,5,0,5,2026-07-30T17:33:27.945113
56,7,10,5,0,5,2026-07-30T17:33:28.675172
56,8,1,5,0,5,2026-07-30T17:33:28.305456
56,8,2,5,0,5,2026-07-30T17:33:28.937074
56,8,3,5,0,5,2026-07-30T17:33:28.431194
56,8,4,5,0,5,2026-07-30T17:33:29.758290
56,8,5,5,0,5,2026-07-30T17:33:29.373462
56,8,6,5,0,5,2026-07-30T17:33:29.672294
56,8,7,5,0,5,2026-07-30T17:33:29.536227
56,8,8,5,0,5,2026-07-30T17:33:29.685923
56,8,9,5,0,5,2026-07-30T17:33:30.554842
56,8,10,5,0,5,2026-07-30T17:33:30.120847
56,9,1,0,0,0,2026-07-30T17:33:30.406192
56,9,2,0,0,0,2026-07-30T17:33:31.016334
56,9,3,2,0,2,2026-07-30T17:33:31.185178
56,9,4,0,0,0,2026-07-30T17:33:31.117810
56,9,5,5,0,5,2026-07-30T17:33:31.134436
56,9,6,5,0,5,2026-07-30T17:33:30.807443
56,9,7,0,0,0,2026-07-30T17:33:31.331663
56,9,8,5,0,5,2026-07-30T17:33:31.672887
56,9,9,0,0,0,2026-07-30T17:33:32.404581
56,9,10,0,0,0,2026-07-30T17:33:32.489749
56,10,1,5,0,5,2026-07-30T17:33:32.491139
56,10,2,5,0,5,2026-07-30T17:33:32.182400
56,10,3,5,0,5,2026-07-30T17:33:32.403928
56,10,4,5,0,5,2026-07-30T17:33:33.049461
56,10,5,5,0,5,2026-07-30T17:33:32.602125
56,10,6,5,0,5,2026-07-30T17:33:32.923732
56,10,7,5,0,5,2026-07-30T17:33:34.008262
56,10,8,5,0,5,2026-07-30T17:33:33.461498
56,10,9,5,0,5,2026-07-30T17:33:34.268852
56,10,10,5,0,5,2026-07-30T17:33:33.732731
56,11,1,5,0,5,2026-07-30T17:33:34.158492
56,11,2,5,0,5,2026-07-30T17:33:33.816716
56,11,3,5,0,5,2026-07-30T17:33:34.396897
56,11,4,5,0,5,2026-07-30T17:33:34.496776
56,11,5,5,0,5,2026-07-30T17:33:35.136432
56,11,6,5,0,5,2026-07-30T17:33:35.401031
56,11,7,5,0,5,2026-07-30T17:33:35.089763
56,11,8,5,0,5,2026-07-30T17:33:35.417282
56,11,9,5,0,5,2026-07-30T17:33:35.406144
56,11,10,5,0,5,2026-07-30T17:33:35.930646
56,12,1,5,0,5,2026-07-30T17:33:35.640491
56,12,2,5,0,5,2026-07-30T17:33:35.347804
56,12,3,5,0,5,2026-07-30T17:33:36.154446
56,12,4,5,0,5,2026-07-30T17:33:36.382819
56,12,5,5,0,5,2026-07-30T17:33:36.395793
56,12,6,5,0,5,2026-07-30T17:33:43.470999
56,12,7,5,0,5,2026-07-30T17:33:43.488137
56,12,8,5,0,5,2026-07-30T17:33:36.476548
56,12,9,5,0,5,2026-07-30T17:33:43.689872
56,12,10,5,0,5,2026-07-30T17:33:43.243272
56,13,1,5,0,5,2026-07-30T17:33:43.471069
56,13,2,5,0,5,2026-07-30T17:33:43.158655
56,13,3,5,0,5,2026-07-30T17:33:43.171829
56,13,4,5,0,5,2026-07-30T17:33:43.210462
56,13,5,5,0,5,2026-07-30T17:33:44.413262
56,13,6,5,0,5,2026-07-30T17:33:44.435530
56,13,7,5,0,5,2026-07-30T17:33:44.265470
56,13,8,5,0,5,2026-07-30T17:33:44.691452
56,13,9,5,0,5,2026-07-30T17:33:45.127042
56,13,10,5,0,5,2026-07-30T17:33:44.951495
56,14,1,5,0,5,2026-07-30T17:33:44.719891
56,14,2,5,0,5,2026-07-30T17:33:45.546089
56,14,3,5,0,5,2026-07-30T17:33:45.332180
56,14,4,5,0,5,2026-07-30T17:33:45.866261
56,14,5,5,0,5,2026-07-30T17:33:45.670476
56,14,6,5,0,5,2026-07-30T17:33:45.924334
56,14,7,5,0,5,2026-07-30T17:33:46.401386
56,14,8,5,0,5,2026-07-30T17:33:46.609655
56,14,9,5,0,5,2026-07-30T17:33:46.778013
56,14,10,5,0,5,2026-07-30T17:33:46.553967
56,15,1,5,0,5,2026-07-30T17:33:46.801952
56,15,2,5,0,5,2026-07-30T17:33:46.744346
56,15,3,5,0,5,2026-07-30T17:33:47.718936
56,15,4,5,0,5,2026-07-30T17:33:46.969435
56,15,5,5,0,5,2026-07-30T17:33:48.439932
56,15,6,5,0,5,2026-07-30T17:33:47.820910
56,15,7,5,0,5,2026-07-30T17:33:47.640822
56,15,8,5,0,5,2026-07-30T17:33:48.612264
56,15,9,5,0,5,2026-07-30T17:33:48.223131
56,15,10,5,0,5,2026-07-30T17:33:48.053089
56,16,1,5,0,5,2026-07-30T17:33:48.176308
56,16,2,5,0,5,2026-07-30T17:33:49.502416
56,16,3,5,0,5,2026-07-30T17:33:49.361208
56,16,4,5,0,5,2026-07-30T17:33:49.477598
56,16,5,5,0,5,2026-07-30T17:33:49.514951
56,16,6,5,0,5,2026-07-30T17:33:49.434136
56,16,7,5,0,5,2026-07-30T17:33:50.091378
56,16,8,5,0,5,2026-07-30T17:33:49.712372
56,16,9,5,0,5,2026-07-30T17:33:50.264063
56,16,10,5,0,5,2026-07-30T17:33:50.584784
56,17,1,5,0,5,2026-07-30T17:33:50.695055
56,17,2,5,0,5,2026-07-30T17:33:50.930593
56,17,3,5,0,5,2026-07-30T17:33:51.188504
56,17,4,5,0,5,2026-07-30T17:33:50.993427
56,17,5,5,0,5,2026-07-30T17:33:50.960133
56,17,6,5,0,5,2026-07-30T17:33:51.737149
56,17,7,5,0,5,2026-07-30T17:33:51.502733
56,17,8,5,0,5,2026-07-30T17:33:52.059757
56,17,9,5,0,5,2026-07-30T17:33:52.546382
56,17,10,5,0,5,2026-07-30T17:33:52.863283
56,18,1,5,0,5,2026-07-30T17:33:52.634630
56,18,2,5,0,5,2026-07-30T17:33:52.439728
56,18,3,5,0,5,2026-07-30T17:33:53.098168
56,18,4,5,0,5,2026-07-30T17:33:53.213554
56,18,5,5,0,5,2026-07-30T17:33:52.996768
56,18,6,5,0,5,2026-07-30T17:33:53.919392
56,18,7,5,0,5,2026-07-30T17:33:53.680385
56,18,8,5,0,5,2026-07-30T17:33:54.413523
56,18,9,5,0,5,2026-07-30T17:33:54.068334
56,18,10,5,0,5,2026-07-30T17:33:54.928541
56,19,1,5,0,5,2026-07-30T17:33:54.865250
56,19,2,5,0,5,2026-07-30T17:33:54.367115
56,19,3,5,0,5,2026-07-30T17:33:54.648212
56,19,4,5,0,5,2026-07-30T17:33:55.139295
56,19,5,5,0,5,2026-07-30T17:33:55.373753
56,19,6,5,0,5,2026-07-30T17:33:55.311766
56,19,7,5,0,5,2026-07-30T17:33:55.376188
56,19,8,5,0,5,2026-07-30T17:33:56.290139
56,19,9,5,0,5,2026-07-30T17:33:55.707232
56,19,10,5,0,5,2026-07-30T17:33:56.903824
56,20,1,5,0,5,2026-07-30T17:33:56.566276
56,20,2,5,0,5,2026-07-30T17:33:56.382602
56,20,3,5,0,5,2026-07-30T17:33:56.558717
56,20,4,5,0,5,2026-07-30T17:33:57.221642
56,20,5,5,0,5,2026-07-30T17:33:56.845165
56,20,6,5,0,5,2026-07-30T17:33:56.932388
56,20,7,5,0,5,2026-07-30T17:33:57.533072
56,20,8,5,0,5,2026-07-30T17:33:57.800365
56,20,9,5,0,5,2026-07-30T17:33:58.200823
56,20,10,5,0,5,2026-07-30T17:33:58.229026
56,21,1,5,0,5,2026-07-30T17:33:58.280000
56,21,2,5,0,5,2026-07-30T17:33:58.165345
56,21,3,5,0,5,2026-07-30T17:33:58.800653
56,21,4,5,0,5,2026-07-30T17:33:58.467968
56,21,5,5,0,5,2026-07-30T17:33:59.402206
56,21,6,5,0,5,2026-07-30T17:33:59.041355
56,21,7,5,0,5,2026-07-30T17:33:59.803300
56,21,8,5,0,5,2026-07-30T17:33:59.465804
56,21,9,5,0,5,2026-07-30T17:33:59.281355
56,21,10,5,0,5,2026-07-30T17:33:59.521658
56,22,1,5,0,5,2026-07-30T17:34:00.302469
56,22,2,5,0,5,2026-07-30T17:34:00.870685
56,22,3,5,0,5,2026-07-30T17:34:00.066116
56,22,4,5,0,5,2026-07-30T17:34:00.351346
56,22,5,5,0,5,2026-07-30T17:34:00.666393
56,22,6,5,0,5,2026-07-30T17:34:01.120328
56,22,7,5,0,5,2026-07-30T17:34:01.203468
56,22,8,5,0,5,2026-07-30T17:34:01.257973
56,22,9,5,0,5,2026-07-30T17:34:01.893389
56,22,10,5,0,5,2026-07-30T17:34:01.532521
56,23,1,5,0,5,2026-07-30T17:34:01.771373
56,23,2,5,0,5,2026-07-30T17:34:02.126159
56,23,3,5,0,5,2026-07-30T17:34:02.299563
56,23,4,5,0,5,2026-07-30T17:34:02.359617
56,23,5,5,0,5,2026-07-30T17:34:03.267857
56,23,6,5,0,5,2026-07-30T17:34:02.278424
56,23,7,5,0,5,2026-07-30T17:34:03.001344
56,23,8,5,0,5,2026-07-30T17:34:03.038871
56,23,9,5,0,5,2026-07-30T17:34:03.126761
56,23,10,5,0,5,2026-07-30T17:34:03.174732
56,24,1,5,0,5,2026-07-30T17:34:04.113142
56,24,2,5,0,5,2026-07-30T17:34:03.917086
56,24,3,5,0,5,2026-07-30T17:34:03.435292
56,24,4,5,0,5,2026-07-30T17:34:03.823891
56,24,5,3,0,3,2026-07-30T17:34:04.470090
56,24,6,5,0,5,2026-07-30T17:34:05.173233
56,24,7,5,0,5,2026-07-30T17:34:04.214962
56,24,8,5,0,5,2026-07-30T17:34:04.909907
56,24,9,5,0,5,2026-07-30T17:34:05.301437
56,24,10,5,0,5,2026-07-30T17:34:05.676556
56,25,1,0,0,0,2026-07-30T17:34:05.375705
56,25,2,0,0,0,2026-07-30T17:34:05.742212
56,25,3,0,0,0,2026-07-30T17:34:05.872187
56,25,4,0,0,0,2026-07-30T17:34:05.508892
56,25,5,0,0,0,2026-07-30T17:34:05.927504
56,25,6,5,0,5,2026-07-30T17:34:06.447912
56,25,7,0,0,0,2026-07-30T17:34:06.943517
56,25,8,0,0,0,2026-07-30T17:34:07.214291
56,25,9,0,0,0,2026-07-30T17:34:07.560879
56,25,10,0,0,0,2026-07-30T17:34:06.900295
56,26,1,5,0,5,2026-07-30T17:34:07.615592
56,26,2,5,0,5,2026-07-30T17:34:07.752195
56,26,3,5,0,5,2026-07-30T17:34:07.599501
56,26,4,5,0,5,2026-07-30T17:34:07.895212
56,26,5,5,0,5,2026-07-30T17:34:07.970943
56,26,6,5,0,5,2026-07-30T17:34:08.789248
56,26,7,5,0,5,2026-07-30T17:34:08.455716
56,26,8,5,0,5,2026-07-30T17:34:09.199616
56,26,9,5,0,5,2026-07-30T17:34:08.645748
56,26,10,5,0,5,2026-07-30T17:34:08.850262
56,27,1,5,0,5,2026-07-30T17:34:09.431985
56,27,2,5,0,5,2026-07-30T17:34:08.936163
56,27,3,5,0,5,2026-07-30T17:34:09.056306
56,27,4,5,0,5,2026-07-30T17:34:09.690130
56,27,5,5,0,5,2026-07-30T17:34:09.877876
56,27,6,5,0,5,2026-07-30T17:34:10.466120
56,27,7,5,0,5,2026-07-30T17:34:10.103009
56,27,8,5,0,5,2026-07-30T17:34:10.385104
56,27,9,5,0,5,2026-07-30T17:34:10.723700
56,27,10,5,0,5,2026-07-30T17:34:10.431537
56,28,1,5,0,5,2026-07-30T17:34:10.727559
56,28,2,5,0,5,2026-07-30T17:34:10.925639
56,28,3,5,0,5,2026-07-30T17:34:11.333351
56,28,4,5,0,5,2026-07-30T17:34:11.330866
56,28,5,4,0,4,2026-07-30T17:34:12.438008
56,28,6,5,0,5,2026-07-30T17:34:11.888078
56,28,7,5,0,5,2026-07-30T17:34:11.896524
56,28,8,5,0,5,2026-07-30T17:34:11.778922
56,28,9,5,0,5,2026-07-30T17:34:12.137880
56,28,10,5,0,5,2026-07-30T17:34:12.584450
56,29,1,5,0,5,2026-07-30T17:34:12.867422
56,29,2,5,0,5,2026-07-30T17:34:13.041355
56,29,3,5,0,5,2026-07-30T17:34:13.204769
56,29,4,5,0,5,2026-07-30T17:34:13.543017
56,29,5,5,0,5,2026-07-30T17:34:13.760386
56,29,6,5,0,5,2026-07-30T17:34:14.018628
56,29,7,5,0,5,2026-07-30T17:34:14.303764
56,29,8,5,0,5,2026-07-30T17:34:14.215993
56,29,9,5,0,5,2026-07-30T17:34:14.514823
56,29,10,5,0,5,2026-07-30T17:34:14.656472
56,30,1,5,0,5,2026-07-30T17:34:14.275953
56,30,2,5,0,5,2026-07-30T17:34:15.176439
56,30,3,5,0,5,2026-07-30T17:34:14.971259
56,30,4,5,0,5,2026-07-30T17:34:16.074320
56,30,5,5,0,5,2026-07-30T17:34:15.878047
56,30,6,5,0,5,2026-07-30T17:34:15.549617
56,30,7,5,0,5,2026-07-30T17:34:16.163707
56,30,8,5,0,5,2026-07-30T17:34:15.953276
56,30,9,5,0,5,2026-07-30T17:34:15.894765
56,30,10,5,0,5,2026-07-30T17:34:16.217651
57,1,1,5,0,5,2026-07-30T17:34:16.631178
57,1,2,5,0,5,2026-07-30T17:34:17.403607
57,1,3,5,0,5,2026-07-30T17:34:17.280337
57,1,4,5,0,5,2026-07-30T17:34:16.946396
57,1,5,5,0,5,2026-07-30T17:34:17.371920
57,1,6,5,0,5,2026-07-30T17:34:17.740610
57,1,7,5,0,5,2026-07-30T17:34:17.992688
57,1,8,5,0,5,2026-07-30T17:34:17.473125
57,1,9,5,0,5,2026-07-30T17:34:18.103270
57,1,10,5,0,5,2026-07-30T17:34:18.635026
57,2,1,5,0,5,2026-07-30T17:34:18.953055
57,2,2,5,0,5,2026-07-30T17:34:18.830479
57,2,3,5,0,5,2026-07-30T17:34:18.414087
57,2,4,5,0,5,2026-07-30T17:34:19.350339
57,2,5,5,0,5,2026-07-30T17:34:19.370997
57,2,6,5,0,5,2026-07-30T17:34:19.631739
57,2,7,5,0,5,2026-07-30T17:34:20.167498
57,2,8,5,0,5,2026-07-30T17:34:19.887313
57,2,9,5,0,5,2026-07-30T17:34:20.279335
57,2,10,5,0,5,2026-07-30T17:34:20.702380
57,3,1,5,0,5,2026-07-30T17:34:20.193750
57,3,2,5,0,5,2026-07-30T17:34:20.992331
57,3,3,5,0,5,2026-07-30T17:34:21.026122
57,3,4,5,0,5,2026-07-30T17:34:20.655170
57,3,5,5,0,5,2026-07-30T17:34:20.939931
57,3,6,5,0,5,2026-07-30T17:34:21.418048
57,3,7,5,0,5,2026-07-30T17:34:22.115513
57,3,8,5,0,5,2026-07-30T17:34:21.916645
57,3,9,5,0,5,2026-07-30T17:34:21.709541
57,3,10,5,0,5,2026-07-30T17:34:22.152929
57,4,1,3,0,3,2026-07-30T17:34:21.807802
57,4,2,3,0,3,2026-07-30T17:34:22.835446
57,4,3,5,0,5,2026-07-30T17:34:22.870015
57,4,4,3,0,3,2026-07-30T17:34:23.281835
57,4,5,3,0,3,2026-07-30T17:34:23.582695
57,4,6,5,0,5,2026-07-30T17:34:23.663514
57,4,7,3,0,3,2026-07-30T17:34:23.538268
57,4,8,3,0,3,2026-07-30T17:34:23.953588
57,4,9,3,0,3,2026-07-30T17:34:23.397523
57,4,10,3,0,3,2026-07-30T17:34:24.653178
57,5,1,5,0,5,2026-07-30T17:34:24.901177
57,5,2,5,0,5,2026-07-30T17:34:24.392196
57,5,3,5,0,5,2026-07-30T17:34:24.619311
57,5,4,5,0,5,2026-07-30T17:34:25.383046
57,5,5,5,0,5,2026-07-30T17:34:25.023498
57,5,6,5,0,5,2026-07-30T17:34:24.929029
57,5,7,5,0,5,2026-07-30T17:34:25.199842
57,5,8,0,0,0,2026-07-30T17:34:26.018732
57,5,9,5,0,5,2026-07-30T17:34:26.082822
57,5,10,5,0,5,2026-07-30T17:34:25.697059
57,6,1,5,0,5,2026-07-30T17:34:26.370718
57,6,2,5,0,5,2026-07-30T17:34:26.986710
57,6,3,5,0,5,2026-07-30T17:34:26.057022
57,6,4,5,0,5,2026-07-30T17:34:26.644843
57,6,5,5,0,5,2026-07-30T17:34:26.840063
57,6,6,5,0,5,2026-07-30T17:34:27.149988
57,6,7,5,0,5,2026-07-30T17:34:27.698936
57,6,8,5,0,5,2026-07-30T17:34:27.505887
57,6,9,5,0,5,2026-07-30T17:34:27.948722
57,6,10,5,0,5,2026-07-30T17:34:27.992933
57,7,1,5,0,5,2026-07-30T17:34:28.089002
57,7,2,5,0,5,2026-07-30T17:34:28.680618
57,7,3,5,0,5,2026-07-30T17:34:28.438617
57,7,4,5,0,5,2026-07-30T17:34:28.610709
57,7,5,5,0,5,2026-07-30T17:34:28.737990
57,7,6,5,0,5,2026-07-30T17:34:29.581875
57,7,7,5,0,5,2026-07-30T17:34:29.791626
57,7,8,5,0,5,2026-07-30T17:34:29.669639
57,7,9,5,0,5,2026-07-30T17:34:30.149510
57,7,10,5,0,5,2026-07-30T17:34:29.272516
57,8,1,5,0,5,2026-07-30T17:34:30.046235
57,8,2,5,0,5,2026-07-30T17:34:30.527856
57,8,3,5,0,5,2026-07-30T17:34:29.985631
57,8,4,5,0,5,2026-07-30T17:34:31.133339
57,8,5,5,0,5,2026-07-30T17:34:31.261321
57,8,6,5,0,5,2026-07-30T17:34:30.919144
57,8,7,5,0,5,2026-07-30T17:34:31.621241
57,8,8,5,0,5,2026-07-30T17:34:31.017701
57,8,9,5,0,5,2026-07-30T17:34:32.102966
57,8,10,5,0,5,2026-07-30T17:34:31.797364
57,9,1,5,0,5,2026-07-30T17:34:31.789970
57,9,2,5,0,5,2026-07-30T17:34:32.390238
57,9,3,5,0,5,2026-07-30T17:34:32.876784
57,9,4,5,0,5,2026-07-30T17:34:32.586761
57,9,5,5,0,5,2026-07-30T17:34:32.711214
57,9,6,5,0,5,2026-07-30T17:34:33.052140
57,9,7,5,0,5,2026-07-30T17:34:33.670956
57,9,8,5,0,5,2026-07-30T17:34:33.447009
57,9,9,5,0,5,2026-07-30T17:34:33.952159
57,9,10,5,0,5,2026-07-30T17:34:34.435203
57,10,1,5,0,5,2026-07-30T17:34:34.443463
57,10,2,5,0,5,2026-07-30T17:34:34.139944
57,10,3,5,0,5,2026-07-30T17:34:34.723872
57,10,4,5,0,5,2026-07-30T17:34:34.113877
57,10,5,5,0,5,2026-07-30T17:34:34.911186
57,10,6,5,0,5,2026-07-30T17:34:34.736590
57,10,7,5,0,5,2026-07-30T17:34:35.409975
57,10,8,5,0,5,2026-07-30T17:34:35.383581
57,10,9,5,0,5,2026-07-30T17:34:35.176615
57,10,10,5,0,5,2026-07-30T17:34:35.664823
57,11,1,5,0,5,2026-07-30T17:34:35.564236
57,11,2,5,0,5,2026-07-30T17:34:36.572924
57,11,3,5,0,5,2026-07-30T17:34:36.171724
57,11,4,5,0,5,2026-07-30T17:34:35.987765
57,11,5,5,0,5,2026-07-30T17:34:36.816267
57,11,6,5,0,5,2026-07-30T17:34:36.840958
57,11,7,5,0,5,2026-07-30T17:34:36.636710
57,11,8,5,0,5,2026-07-30T17:34:37.217734
57,11,9,5,0,5,2026-07-30T17:34:37.317395
57,11,10,5,0,5,2026-07-30T17:34:37.851320
57,12,1,5,0,5,2026-07-30T17:34:37.208776
57,12,2,5,0,5,2026-07-30T17:34:37.616433
57,12,3,5,0,5,2026-07-30T17:34:38.262059
57,12,4,5,0,5,2026-07-30T17:34:38.063684
57,12,5,5,0,5,2026-07-30T17:34:38.304713
57,12,6,5,0,5,2026-07-30T17:34:38.891493
57,12,7,5,0,5,2026-07-30T17:34:38.275692
57,12,8,5,0,5,2026-07-30T17:34:38.593683
57,12,9,5,0,5,2026-07-30T17:34:39.279744
57,12,10,5,0,5,2026-07-30T17:34:39.721346
57,13,1,5,0,5,2026-07-30T17:34:39.947531
57,13,2,5,0,5,2026-07-30T17:34:39.944352
57,13,3,5,0,5,2026-07-30T17:34:40.134822
57,13,4,5,0,5,2026-07-30T17:34:39.554519
57,13,5,5,0,5,2026-07-30T17:34:40.672748
57,13,6,5,0,5,2026-07-30T17:34:40.532910
57,13,7,5,0,5,2026-07-30T17:34:40.548173
57,13,8,5,0,5,2026-07-30T17:34:41.374704
57,13,9,5,0,5,2026-07-30T17:34:40.762672
57,13,10,5,0,5,2026-07-30T17:34:41.585672
57,14,1,5,0,5,2026-07-30T17:34:41.181798
57,14,2,5,0,5,2026-07-30T17:34:41.788683
57,14,3,5,0,5,2026-07-30T17:34:41.800856
57,14,4,5,0,5,2026-07-30T17:34:41.601756
57,14,5,5,0,5,2026-07-30T17:34:42.333785
57,14,6,5,0,5,2026-07-30T17:34:42.011652
57,14,7,5,0,5,2026-07-30T17:34:42.613006
57,14,8,5,0,5,2026-07-30T17:34:42.602492
57,14,9,3,0,3,2026-07-30T17:34:42.808947
57,14,10,5,0,5,2026-07-30T17:34:43.647769
57,15,1,5,0,5,2026-07-30T17:34:43.640558
57,15,2,5,0,5,2026-07-30T17:34:43.242277
57,15,3,5,0,5,2026-07-30T17:34:43.629608
57,15,4,5,0,5,2026-07-30T17:34:44.214810
57,15,5,5,0,5,2026-07-30T17:34:44.229619
57,15,6,5,0,5,2026-07-30T17:34:44.446376
57,15,7,5,0,5,2026-07-30T17:34:44.065059
57,15,8,5,0,5,2026-07-30T17:34:44.912797
57,15,9,5,0,5,2026-07-30T17:34:44.674792
57,15,10,5,0,5,2026-07-30T17:34:45.111842
57,16,1,5,0,5,2026-07-30T17:34:45.479478
57,16,2,5,0,5,2026-07-30T17:34:46.099104
57,16,3,5,0,5,2026-07-30T17:34:46.063316
57,16,4,5,0,5,2026-07-30T17:34:45.284964
57,16,5,5,0,5,2026-07-30T17:34:45.690037
57,16,6,5,0,5,2026-07-30T17:34:45.746313
57,16,7,5,0,5,2026-07-30T17:34:46.780713
57,16,8,5,0,5,2026-07-30T17:34:46.176156
57,16,9,5,0,5,2026-07-30T17:34:46.505563
57,16,10,5,0,5,2026-07-30T17:34:47.330833
57,17,1,5,0,5,2026-07-30T17:34:47.726071
57,17,2,5,0,5,2026-07-30T17:34:47.204811
57,17,3,5,0,5,2026-07-30T17:34:47.734802
57,17,4,5,0,5,2026-07-30T17:34:47.357861
57,17,5,5,0,5,2026-07-30T17:34:48.216673
57,17,6,5,0,5,2026-07-30T17:34:47.336347
57,17,7,5,0,5,2026-07-30T17:34:48.417060
57,17,8,5,0,5,2026-07-30T17:34:48.870834
57,17,9,5,0,5,2026-07-30T17:34:48.791351
57,17,10,5,0,5,2026-07-30T17:34:49.184976
57,18,1,5,0,5,2026-07-30T17:34:48.389610
57,18,2,5,0,5,2026-07-30T17:34:48.767853
57,18,3,5,0,5,2026-07-30T17:34:48.999552
57,18,4,5,0,5,2026-07-30T17:34:49.263333
57,18,5,5,0,5,2026-07-30T17:34:50.052269
57,18,6,5,0,5,2026-07-30T17:34:49.445352
57,18,7,5,0,5,2026-07-30T17:34:50.615653
57,18,8,5,0,5,2026-07-30T17:34:50.057675
57,18,9,5,0,5,2026-07-30T17:34:49.702492
57,18,10,5,0,5,2026-07-30T17:34:50.268169
57,19,1,5,0,5,2026-07-30T17:34:51.076725
57,19,2,5,0,5,2026-07-30T17:34:50.902230
57,19,3,5,0,5,2026-07-30T17:34:51.303245
57,19,4,5,0,5,2026-07-30T17:34:51.558176
57,19,5,5,0,5,2026-07-30T17:34:51.475693
57,19,6,5,0,5,2026-07-30T17:34:51.531880
57,19,7,5,0,5,2026-07-30T17:34:52.121626
57,19,8,5,0,5,2026-07-30T17:34:52.450980
57,19,9,5,0,5,2026-07-30T17:34:52.547908
57,19,10,5,0,5,2026-07-30T17:34:52.740888
57,20,1,5,0,5,2026-07-30T17:34:52.338176
57,20,2,5,0,5,2026-07-30T17:34:53.347002
57,20,3,5,0,5,2026-07-30T17:34:52.576005
57,20,4,5,0,5,2026-07-30T17:34:53.402847
57,20,5,5,0,5,2026-07-30T17:34:53.153081
57,20,6,5,0,5,2026-07-30T17:34:53.587780
57,20,7,5,0,5,2026-07-30T17:34:53.712279
57,20,8,5,0,5,2026-07-30T17:34:54.388556
57,20,9,5,0,5,2026-07-30T17:34:54.425547
57,20,10,5,0,5,2026-07-30T17:34:53.805777
57,21,1,5,0,5,2026-07-30T17:34:54.009404
57,21,2,5,0,5,2026-07-30T17:34:55.370838
57,21,3,5,0,5,2026-07-30T17:34:55.071224
57,21,4,5,0,5,2026-07-30T17:34:54.630831
57,21,5,5,0,5,2026-07-30T17:34:54.775292
57,21,6,5,0,5,2026-07-30T17:34:55.667624
57,21,7,5,0,5,2026-07-30T17:34:55.071737
57,21,8,5,0,5,2026-07-30T17:34:55.631162
57,21,9,5,0,5,2026-07-30T17:34:56.079952
57,21,10,5,0,5,2026-07-30T17:34:56.070439
57,22,1,5,0,5,2026-07-30T17:34:56.232687
57,22,2,5,0,5,2026-07-30T17:34:56.127030
57,22,3,5,0,5,2026-07-30T17:34:56.509412
57,22,4,5,0,5,2026-07-30T17:34:57.230446
57,22,5,5,0,5,2026-07-30T17:34:57.516611
57,22,6,5,0,5,2026-07-30T17:34:56.714243
57,22,7,5,0,5,2026-07-30T17:34:57.729170
57,22,8,5,0,5,2026-07-30T17:34:57.744043
57,22,9,5,0,5,2026-07-30T17:34:57.578569
57,22,10,5,0,5,2026-07-30T17:34:58.059598
57,23,1,5,0,5,2026-07-30T17:34:57.759261
57,23,2,5,0,5,2026-07-30T17:34:57.759023
57,23,3,5,0,5,2026-07-30T17:34:58.484994
57,23,4,5,0,5,2026-07-30T17:34:59.394412
57,23,5,5,0,5,2026-07-30T17:34:59.238879
57,23,6,5,0,5,2026-07-30T17:34:59.384987
57,23,7,5,0,5,2026-07-30T17:34:59.193523
57,23,8,5,0,5,2026-07-30T17:34:59.402988
57,23,9,5,0,5,2026-07-30T17:34:59.406131
57,23,10,5,0,5,2026-07-30T17:34:59.505123
57,24,1,5,0,5,2026-07-30T17:35:00.344085
57,24,2,5,0,5,2026-07-30T17:35:01.217015
57,24,3,5,0,5,2026-07-30T17:35:01.099297
57,24,4,5,0,5,2026-07-30T17:35:01.042603
57,24,5,5,0,5,2026-07-30T17:35:01.239458
57,24,6,5,0,5,2026-07-30T17:35:00.454067
57,24,7,5,0,5,2026-07-30T17:35:01.231023
57,24,8,5,0,5,2026-07-30T17:35:00.554209
57,24,9,5,0,5,2026-07-30T17:35:01.787846
57,24,10,5,0,5,2026-07-30T17:35:02.282044
57,25,1,5,0,5,2026-07-30T17:35:02.437780
57,25,2,5,0,5,2026-07-30T17:35:03.108072
57,25,3,5,0,5,2026-07-30T17:35:02.158342
57,25,4,5,0,5,2026-07-30T17:35:02.437999
57,25,5,5,0,5,2026-07-30T17:35:02.687235
57,25,6,4,0,4,2026-07-30T17:35:02.690674
57,25,7,3,0,3,2026-07-30T17:35:02.807783
57,25,8,4,0,4,2026-07-30T17:35:03.422961
57,25,9,5,0,5,2026-07-30T17:35:03.721164
57,25,10,5,0,5,2026-07-30T17:35:04.091221
57,26,1,5,0,5,2026-07-30T17:35:03.692274
57,26,2,5,0,5,2026-07-30T17:35:03.917890
57,26,3,5,0,5,2026-07-30T17:35:03.922109
57,26,4,5,0,5,2026-07-30T17:35:03.870286
57,26,5,5,0,5,2026-07-30T17:35:04.556737
57,26,6,5,0,5,2026-07-30T17:35:05.042550
57,26,7,5,0,5,2026-07-30T17:35:05.545355
57,26,8,5,0,5,2026-07-30T17:35:04.787970
57,26,9,5,0,5,2026-07-30T17:35:05.497029
57,26,10,5,0,5,2026-07-30T17:35:05.787005
57,27,1,5,0,5,2026-07-30T17:35:05.346347
57,27,2,5,0,5,2026-07-30T17:35:05.958254
57,27,3,5,0,5,2026-07-30T17:35:05.608938
57,27,4,5,0,5,2026-07-30T17:35:06.229374
57,27,5,5,0,5,2026-07-30T17:35:06.711750
57,27,6,5,0,5,2026-07-30T17:35:06.583120
57,27,7,5,0,5,2026-07-30T17:35:07.146772
57,27,8,5,0,5,2026-07-30T17:35:06.998961
57,27,9,5,0,5,2026-07-30T17:35:06.860257
57,27,10,5,0,5,2026-07-30T17:35:07.647866
57,28,1,5,0,5,2026-07-30T17:35:06.989131
57,28,2,5,0,5,2026-07-30T17:35:08.085957
57,28,3,5,0,5,2026-07-30T17:35:07.842158
57,28,4,5,0,5,2026-07-30T17:35:07.745634
57,28,5,5,0,5,2026-07-30T17:35:08.731326
57,28,6,5,0,5,2026-07-30T17:35:08.637989
57,28,7,5,0,5,2026-07-30T17:35:08.463825
57,28,8,5,0,5,2026-07-30T17:35:08.604164
57,28,9,5,0,5,2026-07-30T17:35:08.695436
57,28,10,5,0,5,2026-07-30T17:35:08.810004
57,29,1,5,0,5,2026-07-30T17:35:08.898670
57,29,2,5,0,5,2026-07-30T17:35:09.753802
57,29,3,5,0,5,2026-07-30T17:35:09.308014
57,29,4,5,0,5,2026-07-30T17:35:10.669509
57,29,5,5,0,5,2026-07-30T17:35:10.103319
57,29,6,5,0,5,2026-07-30T17:35:10.715994
57,29,7,5,0,5,2026-07-30T17:35:10.585573
57,29,8,5,0,5,2026-07-30T17:35:10.477399
57,29,9,5,0,5,2026-07-30T17:35:10.338152
57,29,10,5,0,5,2026-07-30T17:35:10.990755
57,30,1,5,0,5,2026-07-30T17:35:11.201382
57,30,2,5,0,5,2026-07-30T17:35:11.976307
57,30,3,5,0,5,2026-07-30T17:35:11.759171
57,30,4,5,0,5,2026-07-30T17:35:11.734509
57,30,5,5,0,5,2026-07-30T17:35:11.409548
57,30,6,5,0,5,2026-07-30T17:35:11.915315
57,30,7,5,0,5,2026-07-30T17:35:12.765920
57,30,8,5,0,5,2026-07-30T17:35:12.234168
57,30,9,5,0,5,2026-07-30T17:35:12.643623
57,30,10,5,0,5,2026-07-30T17:35:12.417868
58,1,1,5,0,5,2026-07-30T17:35:12.995198
58,1,2,5,0,5,2026-07-30T17:35:12.814490
58,1,3,5,0,5,2026-07-30T17:35:13.365793
58,1,4,5,0,5,2026-07-30T17:35:13.826905
58,1,5,5,0,5,2026-07-30T17:35:13.686808
58,1,6,5,0,5,2026-07-30T17:35:14.070505
58,1,7,5,0,5,2026-07-30T17:35:13.694661
58,1,8,5,0,5,2026-07-30T17:35:14.437335
58,1,9,3,0,3,2026-07-30T17:35:14.659623
58,1,10,5,0,5,2026-07-30T17:35:14.457764
58,2,1,5,0,5,2026-07-30T17:35:14.431848
58,2,2,5,0,5,2026-07-30T17:35:15.137805
58,2,3,5,0,5,2026-07-30T17:35:14.940550
58,2,4,5,0,5,2026-07-30T17:35:15.878223
58,2,5,5,0,5,2026-07-30T17:35:15.928441
58,2,6,5,0,5,2026-07-30T17:35:16.093043
58,2,7,5,0,5,2026-07-30T17:35:15.696134
58,2,8,5,0,5,2026-07-30T17:35:16.325524
58,2,9,5,0,5,2026-07-30T17:35:16.271871
58,2,10,5,0,5,2026-07-30T17:35:16.172981
58,3,1,0,0,0,2026-07-30T17:35:16.609236
58,3,2,0,0,0,2026-07-30T17:35:16.712060
58,3,3,0,0,0,2026-07-30T17:35:17.329929
58,3,4,0,0,0,2026-07-30T17:35:17.582134
58,3,5,0,0,0,2026-07-30T17:35:17.953240
58,3,6,0,0,0,2026-07-30T17:35:17.814283
58,3,7,0,0,0,2026-07-30T17:35:17.713216
58,3,8,0,0,0,2026-07-30T17:35:18.164858
58,3,9,0,0,0,2026-07-30T17:35:17.677911
58,3,10,0,0,0,2026-07-30T17:35:18.367505
58,4,1,5,0,5,2026-07-30T17:35:18.799548
58,4,2,5,0,5,2026-07-30T17:35:19.038551
58,4,3,5,0,5,2026-07-30T17:35:19.521657
58,4,4,5,0,5,2026-07-30T17:35:19.344348
58,4,5,5,0,5,2026-07-30T17:35:19.656596
58,4,6,5,0,5,2026-07-30T17:35:19.012683
58,4,7,5,0,5,2026-07-30T17:35:19.223409
58,4,8,5,0,5,2026-07-30T17:35:19.815735
58,4,9,5,0,5,2026-07-30T17:35:20.474303
58,4,10,0,0,0,2026-07-30T17:35:20.247283
58,5,1,5,0,5,2026-07-30T17:35:20.076014
58,5,2,5,0,5,2026-07-30T17:35:20.467644
58,5,3,5,0,5,2026-07-30T17:35:20.391471
58,5,4,5,0,5,2026-07-30T17:35:20.760812
58,5,5,5,0,5,2026-07-30T17:35:21.507640
58,5,6,-1,1,ERROR,2026-07-30T18:35:22.064046
58,5,7,-1,1,ERROR,2026-07-30T18:35:22.289751
58,5,8,-1,1,ERROR,2026-07-30T18:35:22.951982
58,5,9,-1,1,ERROR,2026-07-30T18:35:22.949609
58,5,10,-1,1,ERROR,2026-07-30T18:35:22.902923
58,6,1,-1,1,ERROR,2026-07-30T18:35:21.861079
58,6,2,-1,1,ERROR,2026-07-30T18:35:21.068349
58,6,3,-1,1,ERROR,2026-07-30T18:35:22.203727
58,6,4,-1,1,ERROR,2026-07-30T18:35:22.549486
58,6,5,-1,1,ERROR,2026-07-30T18:35:22.436358
58,6,6,-1,1,ERROR,2026-07-30T18:35:22.638181
58,6,7,-1,1,ERROR,2026-07-30T18:35:22.783527
58,6,8,-1,1,ERROR,2026-07-30T18:35:22.783063
58,6,9,-1,1,ERROR,2026-07-30T18:35:22.906953
58,6,10,-1,1,ERROR,2026-07-30T18:35:23.125449
58,7,1,-1,1,ERROR,2026-07-30T18:35:23.110243
58,7,2,-1,1,ERROR,2026-07-30T18:35:23.255061
58,7,3,-1,1,ERROR,2026-07-30T18:35:23.255085
58,7,4,-1,1,ERROR,2026-07-30T18:35:23.480492
58,7,5,-1,1,ERROR,2026-07-30T18:35:23.481614
58,7,6,-1,1,ERROR,2026-07-30T18:35:23.527971
58,7,7,-1,1,ERROR,2026-07-30T18:35:23.531699
58,7,8,-1,1,ERROR,2026-07-30T18:35:23.687921
58,7,9,-1,1,ERROR,2026-07-30T18:35:23.705911
58,7,10,-1,1,ERROR,2026-07-30T18:35:23.631634
58,8,1,-1,1,ERROR,2026-07-30T18:35:23.627672
58,8,2,-1,1,ERROR,2026-07-30T18:35:24.055228
58,8,3,-1,1,ERROR,2026-07-30T18:35:23.850331
58,8,4,-1,1,ERROR,2026-07-30T18:35:24.095694
58,8,5,-1,1,ERROR,2026-07-30T18:35:24.002131
58,8,6,-1,1,ERROR,2026-07-30T18:35:24.095729
58,8,7,-1,1,ERROR,2026-07-30T18:35:24.007257
58,8,8,-1,1,ERROR,2026-07-30T18:35:24.263378
58,8,9,-1,1,ERROR,2026-07-30T18:35:24.173246
58,8,10,-1,1,ERROR,2026-07-30T18:35:24.420874
58,9,1,-1,1,ERROR,2026-07-30T18:35:24.365921
58,9,2,-1,1,ERROR,2026-07-30T18:35:24.577927
58,9,3,-1,1,ERROR,2026-07-30T18:35:24.627383
58,9,4,-1,1,ERROR,2026-07-30T18:35:24.567755
58,9,5,-1,1,ERROR,2026-07-30T18:35:24.565788
58,9,6,-1,1,ERROR,2026-07-30T18:35:24.539085
58,9,7,-1,1,ERROR,2026-07-30T18:35:24.736478
58,9,8,-1,1,ERROR,2026-07-30T18:35:24.934279
58,9,9,-1,1,ERROR,2026-07-30T18:35:24.892850
58,9,10,-1,1,ERROR,2026-07-30T18:35:25.113398
58,10,1,-1,1,ERROR,2026-07-30T18:35:25.137371
58,10,2,-1,1,ERROR,2026-07-30T18:35:25.138578
58,10,3,-1,1,ERROR,2026-07-30T18:35:25.158502
58,10,4,-1,1,ERROR,2026-07-30T18:35:25.109750
58,10,5,-1,1,ERROR,2026-07-30T18:35:25.311869
58,10,6,-1,1,ERROR,2026-07-30T18:35:25.475422
58,10,7,-1,1,ERROR,2026-07-30T18:35:25.408783
58,10,8,-1,1,ERROR,2026-07-30T18:35:25.680052
58,10,9,-1,1,ERROR,2026-07-30T18:35:25.593353
58,10,10,-1,1,ERROR,2026-07-30T18:35:25.612232
58,11,1,-1,1,ERROR,2026-07-30T18:35:25.614512
58,11,2,-1,1,ERROR,2026-07-30T18:35:25.636225
58,11,3,-1,1,ERROR,2026-07-30T18:35:25.779015
58,11,4,-1,1,ERROR,2026-07-30T18:35:25.777833
58,11,5,-1,1,ERROR,2026-07-30T18:35:25.947414
58,11,6,-1,1,ERROR,2026-07-30T18:35:26.167513
58,11,7,-1,1,ERROR,2026-07-30T18:35:26.186939
58,11,8,-1,1,ERROR,2026-07-30T18:35:26.186976
58,11,9,-1,1,ERROR,2026-07-30T18:35:26.209619
58,11,10,-1,1,ERROR,2026-07-30T18:35:26.146618
58,12,1,-1,1,ERROR,2026-07-30T18:35:26.348435
58,12,2,-1,1,ERROR,2026-07-30T18:35:26.352102
58,12,3,-1,1,ERROR,2026-07-30T18:35:26.309203
58,12,4,-1,1,ERROR,2026-07-30T18:35:26.521680
58,12,5,-1,1,ERROR,2026-07-30T18:35:26.741541
58,12,6,-1,1,ERROR,2026-07-30T18:35:26.757761
58,12,7,-1,1,ERROR,2026-07-30T18:35:26.757726
58,12,8,-1,1,ERROR,2026-07-30T18:35:26.679209
58,12,9,-1,1,ERROR,2026-07-30T18:35:26.679231
58,12,10,-1,1,ERROR,2026-07-30T18:35:26.924388
58,13,1,-1,1,ERROR,2026-07-30T18:35:26.924498
58,13,2,-1,1,ERROR,2026-07-30T18:35:27.090769
58,13,3,-1,1,ERROR,2026-07-30T18:35:27.258415
58,13,4,-1,1,ERROR,2026-07-30T18:35:27.259937
58,13,5,-1,1,ERROR,2026-07-30T18:35:27.214682
58,13,6,-1,1,ERROR,2026-07-30T18:35:27.230060
58,13,7,-1,1,ERROR,2026-07-30T18:35:27.229967
58,13,8,-1,1,ERROR,2026-07-30T18:35:27.403719
58,13,9,-1,1,ERROR,2026-07-30T18:35:27.393654
58,13,10,-1,1,ERROR,2026-07-30T18:35:27.571898
58,14,1,-1,1,ERROR,2026-07-30T18:35:27.794838
58,14,2,-1,1,ERROR,2026-07-30T18:35:27.802098
58,14,3,-1,1,ERROR,2026-07-30T18:35:27.811135
58,14,4,-1,1,ERROR,2026-07-30T18:35:27.843145
58,14,5,-1,1,ERROR,2026-07-30T18:35:27.843112
58,14,6,-1,1,ERROR,2026-07-30T18:35:27.988403
58,14,7,-1,1,ERROR,2026-07-30T18:35:27.988370
58,14,8,-1,1,ERROR,2026-07-30T18:35:28.173085
58,14,9,-1,1,ERROR,2026-07-30T18:35:28.377472
58,14,10,-1,1,ERROR,2026-07-30T18:35:28.379642
58,15,1,-1,1,ERROR,2026-07-30T18:35:28.393145
58,15,2,-1,1,ERROR,2026-07-30T18:35:28.317409
58,15,3,-1,1,ERROR,2026-07-30T18:35:28.325997
58,15,4,-1,1,ERROR,2026-07-30T18:35:28.561139
58,15,5,-1,1,ERROR,2026-07-30T18:35:28.557700
58,15,6,-1,1,ERROR,2026-07-30T18:35:28.658287
58,15,7,-1,1,ERROR,2026-07-30T18:35:28.898180
58,15,8,-1,1,ERROR,2026-07-30T18:35:28.903008
58,15,9,-1,1,ERROR,2026-07-30T18:35:28.951116
58,15,10,-1,1,ERROR,2026-07-30T18:35:28.954801
58,16,1,-1,1,ERROR,2026-07-30T18:35:28.873101
58,16,2,-1,1,ERROR,2026-07-30T18:35:29.143168
58,16,3,-1,1,ERROR,2026-07-30T18:35:29.143197
58,16,4,-1,1,ERROR,2026-07-30T18:35:29.130697
58,16,5,-1,1,ERROR,2026-07-30T18:35:29.375575
58,16,6,-1,1,ERROR,2026-07-30T18:35:29.375606
58,16,7,-1,1,ERROR,2026-07-30T18:35:29.585550
58,16,8,-1,1,ERROR,2026-07-30T18:35:29.601591
58,16,9,-1,1,ERROR,2026-07-30T18:35:29.610878
58,16,10,-1,1,ERROR,2026-07-30T18:35:29.751929
58,17,1,-1,1,ERROR,2026-07-30T18:35:29.847789
58,17,2,-1,1,ERROR,2026-07-30T18:35:29.751905
58,17,3,-1,1,ERROR,2026-07-30T18:35:29.982320
58,17,4,-1,1,ERROR,2026-07-30T18:35:29.982284
58,17,5,-1,1,ERROR,2026-07-30T18:35:30.156957
58,17,6,-1,1,ERROR,2026-07-30T18:35:30.177133
58,17,7,-1,1,ERROR,2026-07-30T18:35:30.184458
58,17,8,-1,1,ERROR,2026-07-30T18:35:30.327026
58,17,9,-1,1,ERROR,2026-07-30T18:35:30.327046
58,17,10,-1,1,ERROR,2026-07-30T18:35:30.324336
58,18,1,-1,1,ERROR,2026-07-30T18:35:30.561090
58,18,2,-1,1,ERROR,2026-07-30T18:35:30.557032
58,18,3,-1,1,ERROR,2026-07-30T18:35:30.731299
58,18,4,-1,1,ERROR,2026-07-30T18:35:30.746218
58,18,5,-1,1,ERROR,2026-07-30T18:35:30.758077
58,18,6,-1,1,ERROR,2026-07-30T18:35:30.897954
58,18,7,-1,1,ERROR,2026-07-30T18:35:30.897762
58,18,8,-1,1,ERROR,2026-07-30T18:35:30.898011
58,18,9,-1,1,ERROR,2026-07-30T18:35:31.029171
58,18,10,-1,1,ERROR,2026-07-30T18:35:31.032047
58,19,1,-1,1,ERROR,2026-07-30T18:35:31.301864
58,19,2,-1,1,ERROR,2026-07-30T18:35:31.212823
58,19,3,-1,1,ERROR,2026-07-30T18:35:31.231223
58,19,4,-1,1,ERROR,2026-07-30T18:35:31.473735
58,19,5,-1,1,ERROR,2026-07-30T18:35:31.473529
58,19,6,-1,1,ERROR,2026-07-30T18:35:31.473626
58,19,7,-1,1,ERROR,2026-07-30T18:35:31.402416
58,19,8,-1,1,ERROR,2026-07-30T18:35:31.609905
58,19,9,-1,1,ERROR,2026-07-30T18:35:31.591719
58,19,10,-1,1,ERROR,2026-07-30T18:35:31.811591
58,20,1,-1,1,ERROR,2026-07-30T18:35:31.774807
58,20,2,-1,1,ERROR,2026-07-30T18:35:31.972353
58,20,3,-1,1,ERROR,2026-07-30T18:35:31.949519
58,20,4,-1,1,ERROR,2026-07-30T18:35:31.953743
58,20,5,-1,1,ERROR,2026-07-30T18:35:31.958531
58,20,6,-1,1,ERROR,2026-07-30T18:35:32.165827
58,20,7,-1,1,ERROR,2026-07-30T18:35:32.188328
58,20,8,-1,1,ERROR,2026-07-30T18:35:32.346565
58,20,9,-1,1,ERROR,2026-07-30T18:35:32.384886
58,20,10,-1,1,ERROR,2026-07-30T18:35:32.521180
58,21,1,-1,1,ERROR,2026-07-30T18:35:32.526721
58,21,2,-1,1,ERROR,2026-07-30T18:35:32.532210
58,21,3,-1,1,ERROR,2026-07-30T18:35:32.550262
58,21,4,-1,1,ERROR,2026-07-30T18:35:32.746443
58,21,5,-1,1,ERROR,2026-07-30T18:35:32.665530
58,21,6,-1,1,ERROR,2026-07-30T18:35:32.921188
58,21,7,-1,1,ERROR,2026-07-30T18:35:32.858588
58,21,8,-1,1,ERROR,2026-07-30T18:35:33.095009
58,21,9,-1,1,ERROR,2026-07-30T18:35:33.101626
58,21,10,-1,1,ERROR,2026-07-30T18:35:33.106884
58,22,1,-1,1,ERROR,2026-07-30T18:35:33.123217
58,22,2,-1,1,ERROR,2026-07-30T18:35:33.242729
58,22,3,-1,1,ERROR,2026-07-30T18:35:33.217262
58,22,4,-1,1,ERROR,2026-07-30T18:35:33.431247
58,22,5,-1,1,ERROR,2026-07-30T18:35:33.393841
58,22,6,-1,1,ERROR,2026-07-30T18:35:33.566307
58,22,7,-1,1,ERROR,2026-07-30T18:35:33.566755
58,22,8,-1,1,ERROR,2026-07-30T18:35:33.579385
58,22,9,-1,1,ERROR,2026-07-30T18:35:33.595631
58,22,10,-1,1,ERROR,2026-07-30T18:35:33.787822
58,23,1,-1,1,ERROR,2026-07-30T18:35:33.820366
58,23,2,-1,1,ERROR,2026-07-30T18:35:33.967503
58,23,3,-1,1,ERROR,2026-07-30T18:35:34.003669
58,23,4,-1,1,ERROR,2026-07-30T18:35:34.143378
58,23,5,-1,1,ERROR,2026-07-30T18:35:34.145164
58,23,6,-1,1,ERROR,2026-07-30T18:35:34.158519
58,23,7,-1,1,ERROR,2026-07-30T18:35:34.162751
58,23,8,-1,1,ERROR,2026-07-30T18:35:34.359674
58,23,9,-1,1,ERROR,2026-07-30T18:35:34.386909
58,23,10,-1,1,ERROR,2026-07-30T18:35:34.547771
58,24,1,-1,1,ERROR,2026-07-30T18:35:34.585843
58,24,2,-1,1,ERROR,2026-07-30T18:35:34.747166
58,24,3,-1,1,ERROR,2026-07-30T18:35:34.623646
58,24,4,-1,1,ERROR,2026-07-30T18:35:34.747215
58,24,5,-1,1,ERROR,2026-07-30T18:35:34.747198
58,24,6,-1,1,ERROR,2026-07-30T18:35:34.934337
58,24,7,-1,1,ERROR,2026-07-30T18:35:34.966983
58,24,8,-1,1,ERROR,2026-07-30T18:35:35.124548
58,24,9,-1,1,ERROR,2026-07-30T18:35:35.164206
58,24,10,-1,1,ERROR,2026-07-30T18:35:35.093903
58,25,1,-1,1,ERROR,2026-07-30T18:35:35.321762
58,25,2,-1,1,ERROR,2026-07-30T18:35:35.331569
58,25,3,-1,1,ERROR,2026-07-30T18:35:35.321746
58,25,4,-1,1,ERROR,2026-07-30T18:35:35.506681
58,25,5,-1,1,ERROR,2026-07-30T18:35:35.437049
58,25,6,-1,1,ERROR,2026-07-30T18:35:35.669168
58,25,7,-1,1,ERROR,2026-07-30T18:35:35.694157
58,25,8,-1,1,ERROR,2026-07-30T18:35:35.635909
58,25,9,-1,1,ERROR,2026-07-30T18:35:35.894834
58,25,10,-1,1,ERROR,2026-07-30T18:35:35.894861
58,26,1,-1,1,ERROR,2026-07-30T18:35:35.899851
58,26,2,-1,1,ERROR,2026-07-30T18:35:35.911319
58,26,3,-1,1,ERROR,2026-07-30T18:35:36.080370
58,26,4,-1,1,ERROR,2026-07-30T18:35:36.003332
58,26,5,-1,1,ERROR,2026-07-30T18:35:36.242003
58,26,6,-1,1,ERROR,2026-07-30T18:35:36.263796
58,26,7,-1,1,ERROR,2026-07-30T18:35:36.562665
58,26,8,-1,1,ERROR,2026-07-30T18:35:36.575429
58,26,9,-1,1,ERROR,2026-07-30T18:35:36.575034
58,26,10,-1,1,ERROR,2026-07-30T18:35:36.580490
58,27,1,-1,1,ERROR,2026-07-30T18:35:36.676267
58,27,2,-1,1,ERROR,2026-07-30T18:35:36.751930
58,27,3,-1,1,ERROR,2026-07-30T18:35:36.719204
58,27,4,-1,1,ERROR,2026-07-30T18:35:36.737657
58,27,5,-1,1,ERROR,2026-07-30T18:35:36.943381
58,27,6,-1,1,ERROR,2026-07-30T18:35:37.150848
58,27,7,-1,1,ERROR,2026-07-30T18:35:37.150946
58,27,8,-1,1,ERROR,2026-07-30T18:35:37.163481
58,27,9,-1,1,ERROR,2026-07-30T18:35:37.155727
58,27,10,-1,1,ERROR,2026-07-30T18:35:37.187105
58,28,1,-1,1,ERROR,2026-07-30T18:35:37.314788
58,28,2,-1,1,ERROR,2026-07-30T18:35:37.321855
58,28,3,-1,1,ERROR,2026-07-30T18:35:37.530872
58,28,4,-1,1,ERROR,2026-07-30T18:35:37.722446
58,28,5,-1,1,ERROR,2026-07-30T18:35:37.730850
58,28,6,-1,1,ERROR,2026-07-30T18:35:37.730821
58,28,7,-1,1,ERROR,2026-07-30T18:35:37.739404
58,28,8,-1,1,ERROR,2026-07-30T18:35:37.658639
58,28,9,-1,1,ERROR,2026-07-30T18:35:37.891910
58,28,10,-1,1,ERROR,2026-07-30T18:35:37.892163
58,29,1,-1,1,ERROR,2026-07-30T18:35:38.008139
58,29,2,-1,1,ERROR,2026-07-30T18:35:38.238326
58,29,3,-1,1,ERROR,2026-07-30T18:35:38.293667
58,29,4,-1,1,ERROR,2026-07-30T18:35:38.208482
58,29,5,-1,1,ERROR,2026-07-30T18:35:38.208455
58,29,6,-1,1,ERROR,2026-07-30T18:35:38.208496
58,29,7,-1,1,ERROR,2026-07-30T18:35:38.472114
58,29,8,-1,1,ERROR,2026-07-30T18:35:38.464694
58,29,9,-1,1,ERROR,2026-07-30T18:35:38.478795
58,29,10,-1,1,ERROR,2026-07-30T18:35:38.582936
58,30,1,-1,1,ERROR,2026-07-30T18:35:38.582572
58,30,2,-1,1,ERROR,2026-07-30T18:35:38.584676
58,30,3,-1,1,ERROR,2026-07-30T18:35:38.814998
58,30,4,-1,1,ERROR,2026-07-30T18:35:38.758813
58,30,5,-1,1,ERROR,2026-07-30T18:35:39.044998
58,30,6,-1,1,ERROR,2026-07-30T18:35:39.045027
58,30,7,-1,1,ERROR,2026-07-30T18:35:39.053857
58,30,8,-1,1,ERROR,2026-07-30T18:35:39.058307
58,30,9,-1,1,ERROR,2026-07-30T18:35:39.057002
58,30,10,-1,1,ERROR,2026-07-30T18:35:39.053832
59,1,1,-1,1,ERROR,2026-07-30T18:35:39.235059
59,1,2,-1,1,ERROR,2026-07-30T18:35:39.384002
59,1,3,-1,1,ERROR,2026-07-30T18:35:39.519570
59,1,4,-1,1,ERROR,2026-07-30T18:35:39.523974
59,1,5,-1,1,ERROR,2026-07-30T18:35:39.519542
59,1,6,-1,1,ERROR,2026-07-30T18:35:39.527321
59,1,7,-1,1,ERROR,2026-07-30T18:35:39.527340
59,1,8,-1,1,ERROR,2026-07-30T18:35:39.523949
59,1,9,-1,1,ERROR,2026-07-30T18:35:39.712041
59,1,10,-1,1,ERROR,2026-07-30T18:35:39.855035
59,2,1,-1,1,ERROR,2026-07-30T18:35:40.088279
59,2,2,-1,1,ERROR,2026-07-30T18:35:40.088251
59,2,3,-1,1,ERROR,2026-07-30T18:35:40.097149
59,2,4,-1,1,ERROR,2026-07-30T18:35:40.088565
59,2,5,-1,1,ERROR,2026-07-30T18:35:40.097175
59,2,6,-1,1,ERROR,2026-07-30T18:35:40.097209
59,2,7,-1,1,ERROR,2026-07-30T18:35:40.287492
59,2,8,-1,1,ERROR,2026-07-30T18:35:40.322883
59,2,9,-1,1,ERROR,2026-07-30T18:35:40.456118
59,2,10,-1,1,ERROR,2026-07-30T18:35:40.659127
59,3,1,-1,1,ERROR,2026-07-30T18:35:40.659154
59,3,2,-1,1,ERROR,2026-07-30T18:35:40.670896
59,3,3,-1,1,ERROR,2026-07-30T18:35:40.685670
59,3,4,-1,1,ERROR,2026-07-30T18:35:40.670461
59,3,5,-1,1,ERROR,2026-07-30T18:35:40.862593
59,3,6,-1,1,ERROR,2026-07-30T18:35:40.799210
59,3,7,-1,1,ERROR,2026-07-30T18:35:41.028833
59,3,8,-1,1,ERROR,2026-07-30T18:35:41.230225
59,3,9,-1,1,ERROR,2026-07-30T18:35:41.229958
59,3,10,-1,1,ERROR,2026-07-30T18:35:41.239571
59,4,1,-1,1,ERROR,2026-07-30T18:35:41.249549
59,4,2,-1,1,ERROR,2026-07-30T18:35:41.263724
59,4,3,-1,1,ERROR,2026-07-30T18:35:41.269824
59,4,4,-1,1,ERROR,2026-07-30T18:35:41.435216
59,4,5,-1,1,ERROR,2026-07-30T18:35:41.598861
59,4,6,-1,1,ERROR,2026-07-30T18:35:41.803719
59,4,7,-1,1,ERROR,2026-07-30T18:35:41.812281
59,4,8,-1,1,ERROR,2026-07-30T18:35:41.812260
59,4,9,-1,1,ERROR,2026-07-30T18:35:41.823866
59,4,10,-1,1,ERROR,2026-07-30T18:35:41.743962
59,5,1,-1,1,ERROR,2026-07-30T18:35:41.743989
59,5,2,-1,1,ERROR,2026-07-30T18:35:41.915766
59,5,3,-1,1,ERROR,2026-07-30T18:35:42.073118
59,5,4,-1,1,ERROR,2026-07-30T18:35:42.320083
59,5,5,-1,1,ERROR,2026-07-30T18:35:42.320110
59,5,6,-1,1,ERROR,2026-07-30T18:35:42.285779
59,5,7,-1,1,ERROR,2026-07-30T18:35:42.285812
59,5,8,-1,1,ERROR,2026-07-30T18:35:42.287916
59,5,9,-1,1,ERROR,2026-07-30T18:35:42.298889
59,5,10,-1,1,ERROR,2026-07-30T18:35:42.488262
59,6,1,-1,1,ERROR,2026-07-30T18:35:42.544028
59,6,2,-1,1,ERROR,2026-07-30T18:35:42.763793
59,6,3,-1,1,ERROR,2026-07-30T18:35:42.762706
59,6,4,-1,1,ERROR,2026-07-30T18:35:42.761458
59,6,5,-1,1,ERROR,2026-07-30T18:35:42.888570
59,6,6,-1,1,ERROR,2026-07-30T18:35:42.903487
59,6,7,-1,1,ERROR,2026-07-30T18:35:42.903560
59,6,8,-1,1,ERROR,2026-07-30T18:35:43.089336
59,6,9,-1,1,ERROR,2026-07-30T18:35:43.118728
59,6,10,-1,1,ERROR,2026-07-30T18:35:43.234366
59,7,1,-1,1,ERROR,2026-07-30T18:35:43.236605
59,7,2,-1,1,ERROR,2026-07-30T18:35:43.235689
59,7,3,-1,1,ERROR,2026-07-30T18:35:43.457301
59,7,4,-1,1,ERROR,2026-07-30T18:35:43.473149
59,7,5,-1,1,ERROR,2026-07-30T18:35:43.473175
59,7,6,-1,1,ERROR,2026-07-30T18:35:43.655949
59,7,7,-1,1,ERROR,2026-07-30T18:35:43.686038
59,7,8,-1,1,ERROR,2026-07-30T18:35:43.608940
59,7,9,-1,1,ERROR,2026-07-30T18:35:43.813647
59,7,10,-1,1,ERROR,2026-07-30T18:35:43.815081
59,8,1,-1,1,ERROR,2026-07-30T18:35:44.131077
59,8,2,-1,1,ERROR,2026-07-30T18:35:44.149141
59,8,3,-1,1,ERROR,2026-07-30T18:35:44.152235
59,8,4,-1,1,ERROR,2026-07-30T18:35:44.277931
59,8,5,-1,1,ERROR,2026-07-30T18:35:44.334014
59,8,6,-1,1,ERROR,2026-07-30T18:35:44.364262
59,8,7,-1,1,ERROR,2026-07-30T18:35:44.283966
59,8,8,-1,1,ERROR,2026-07-30T18:35:44.285958
59,8,9,-1,1,ERROR,2026-07-30T18:35:44.499412
59,8,10,-1,1,ERROR,2026-07-30T18:35:44.724053
59,9,1,-1,1,ERROR,2026-07-30T18:35:44.727391
59,9,2,-1,1,ERROR,2026-07-30T18:35:44.752364
59,9,3,-1,1,ERROR,2026-07-30T18:35:44.755631
59,9,4,-1,1,ERROR,2026-07-30T18:35:44.758629
59,9,5,-1,1,ERROR,2026-07-30T18:35:44.909309
59,9,6,-1,1,ERROR,2026-07-30T18:35:44.935546
59,9,7,-1,1,ERROR,2026-07-30T18:35:45.073015
59,9,8,-1,1,ERROR,2026-07-30T18:35:45.301938
59,9,9,-1,1,ERROR,2026-07-30T18:35:45.292912
59,9,10,-1,1,ERROR,2026-07-30T18:35:45.221324
59,10,1,-1,1,ERROR,2026-07-30T18:35:45.219850
59,10,2,-1,1,ERROR,2026-07-30T18:35:45.236338
59,10,3,-1,1,ERROR,2026-07-30T18:35:45.478852
59,10,4,-1,1,ERROR,2026-07-30T18:35:45.406753
59,10,5,-1,1,ERROR,2026-07-30T18:35:45.640827
59,10,6,-1,1,ERROR,2026-07-30T18:35:45.793482
59,10,7,-1,1,ERROR,2026-07-30T18:35:45.794981
59,10,8,-1,1,ERROR,2026-07-30T18:35:45.807011
59,10,9,-1,1,ERROR,2026-07-30T18:35:45.759446
59,10,10,-1,1,ERROR,2026-07-30T18:35:45.772808
59,11,1,-1,1,ERROR,2026-07-30T18:35:45.974722
59,11,2,-1,1,ERROR,2026-07-30T18:35:45.949983
59,11,3,-1,1,ERROR,2026-07-30T18:35:46.109355
59,11,4,-1,1,ERROR,2026-07-30T18:35:46.128619
59,11,5,-1,1,ERROR,2026-07-30T18:35:46.351270
59,11,6,-1,1,ERROR,2026-07-30T18:35:46.367625
59,11,7,-1,1,ERROR,2026-07-30T18:35:46.367579
59,11,8,-1,1,ERROR,2026-07-30T18:35:46.377282
59,11,9,-1,1,ERROR,2026-07-30T18:35:46.522354
59,11,10,-1,1,ERROR,2026-07-30T18:35:46.541703
59,12,1,-1,1,ERROR,2026-07-30T18:35:46.578030
59,12,2,-1,1,ERROR,2026-07-30T18:35:46.503787
59,12,3,-1,1,ERROR,2026-07-30T18:35:46.723247
59,12,4,-1,1,ERROR,2026-07-30T18:35:46.936595
59,12,5,-1,1,ERROR,2026-07-30T18:35:46.936631
59,12,6,-1,1,ERROR,2026-07-30T18:35:46.944649
59,12,7,-1,1,ERROR,2026-07-30T18:35:46.977331
59,12,8,-1,1,ERROR,2026-07-30T18:35:47.093910
59,12,9,-1,1,ERROR,2026-07-30T18:35:47.109379
59,12,10,-1,1,ERROR,2026-07-30T18:35:47.146468
59,13,1,-1,1,ERROR,2026-07-30T18:35:47.295123
59,13,2,-1,1,ERROR,2026-07-30T18:35:47.508182
59,13,3,-1,1,ERROR,2026-07-30T18:35:47.513929
59,13,4,-1,1,ERROR,2026-07-30T18:35:47.513964
59,13,5,-1,1,ERROR,2026-07-30T18:35:47.451737
59,13,6,-1,1,ERROR,2026-07-30T18:35:47.658914
59,13,7,-1,1,ERROR,2026-07-30T18:35:47.682737
59,13,8,-1,1,ERROR,2026-07-30T18:35:47.625000
59,13,9,-1,1,ERROR,2026-07-30T18:35:47.864002
59,13,10,-1,1,ERROR,2026-07-30T18:35:48.019097
59,14,1,-1,1,ERROR,2026-07-30T18:35:47.980703
59,14,2,-1,1,ERROR,2026-07-30T18:35:47.982616
59,14,3,-1,1,ERROR,2026-07-30T18:35:47.982873
59,14,4,-1,1,ERROR,2026-07-30T18:35:48.195399
59,14,5,-1,1,ERROR,2026-07-30T18:35:48.228192
59,14,6,-1,1,ERROR,2026-07-30T18:35:48.252798
59,14,7,-1,1,ERROR,2026-07-30T18:35:48.437045
59,14,8,-1,1,ERROR,2026-07-30T18:35:48.351475
59,14,9,-1,1,ERROR,2026-07-30T18:35:48.351501
59,14,10,-1,1,ERROR,2026-07-30T18:35:48.353330
59,15,1,-1,1,ERROR,2026-07-30T18:35:48.587885
59,15,2,-1,1,ERROR,2026-07-30T18:35:48.762445
59,15,3,-1,1,ERROR,2026-07-30T18:35:48.698963
59,15,4,-1,1,ERROR,2026-07-30T18:35:48.722241
59,15,5,-1,1,ERROR,2026-07-30T18:35:48.921059
59,15,6,-1,1,ERROR,2026-07-30T18:35:48.921080
59,15,7,-1,1,ERROR,2026-07-30T18:35:48.921092
59,15,8,-1,1,ERROR,2026-07-30T18:35:48.910880
59,15,9,-1,1,ERROR,2026-07-30T18:35:49.056795
59,15,10,-1,1,ERROR,2026-07-30T18:35:49.070401
59,16,1,-1,1,ERROR,2026-07-30T18:35:49.292261
59,16,2,-1,1,ERROR,2026-07-30T18:35:49.233380
59,16,3,-1,1,ERROR,2026-07-30T18:35:49.480579
59,16,4,-1,1,ERROR,2026-07-30T18:35:49.492189
59,16,5,-1,1,ERROR,2026-07-30T18:35:49.492164
59,16,6,-1,1,ERROR,2026-07-30T18:35:49.490628
59,16,7,-1,1,ERROR,2026-07-30T18:35:49.628102
59,16,8,-1,1,ERROR,2026-07-30T18:35:49.636136
59,16,9,-1,1,ERROR,2026-07-30T18:35:49.602911
59,16,10,-1,1,ERROR,2026-07-30T18:35:49.860271
59,17,1,-1,1,ERROR,2026-07-30T18:35:50.046371
59,17,2,-1,1,ERROR,2026-07-30T18:35:49.956911
59,17,3,-1,1,ERROR,2026-07-30T18:35:49.966878
59,17,4,-1,1,ERROR,2026-07-30T18:35:49.966902
59,17,5,-1,1,ERROR,2026-07-30T18:35:50.175494
59,17,6,-1,1,ERROR,2026-07-30T18:35:50.200118
59,17,7,-1,1,ERROR,2026-07-30T18:35:50.202827
59,17,8,-1,1,ERROR,2026-07-30T18:35:50.329651
59,17,9,-1,1,ERROR,2026-07-30T18:35:50.329619
59,17,10,-1,1,ERROR,2026-07-30T18:35:50.539136
59,18,1,-1,1,ERROR,2026-07-30T18:35:50.537118
59,18,2,-1,1,ERROR,2026-07-30T18:35:50.513840
59,18,3,-1,1,ERROR,2026-07-30T18:35:50.745861
59,18,4,-1,1,ERROR,2026-07-30T18:35:50.665557
59,18,5,-1,1,ERROR,2026-07-30T18:35:50.668133
59,18,6,-1,1,ERROR,2026-07-30T18:35:50.898415
59,18,7,-1,1,ERROR,2026-07-30T18:35:50.898449
59,18,8,-1,1,ERROR,2026-07-30T18:35:51.081351
59,18,9,-1,1,ERROR,2026-07-30T18:35:51.109924
59,18,10,-1,1,ERROR,2026-07-30T18:35:51.109895
59,19,1,-1,1,ERROR,2026-07-30T18:35:51.033818
59,19,2,-1,1,ERROR,2026-07-30T18:35:51.239624
59,19,3,-1,1,ERROR,2026-07-30T18:35:51.213072
59,19,4,-1,1,ERROR,2026-07-30T18:35:51.471613
59,19,5,-1,1,ERROR,2026-07-30T18:35:51.471585
59,19,6,-1,1,ERROR,2026-07-30T18:35:51.605131
59,19,7,-1,1,ERROR,2026-07-30T18:35:51.655298
59,19,8,-1,1,ERROR,2026-07-30T18:35:51.582003
59,19,9,-1,1,ERROR,2026-07-30T18:35:51.579458
59,19,10,-1,1,ERROR,2026-07-30T18:35:51.780741
59,20,1,-1,1,ERROR,2026-07-30T18:35:51.811839
59,20,2,-1,1,ERROR,2026-07-30T18:35:51.944034
59,20,3,-1,1,ERROR,2026-07-30T18:35:51.935418
59,20,4,-1,1,ERROR,2026-07-30T18:35:52.152345
59,20,5,-1,1,ERROR,2026-07-30T18:35:52.150797
59,20,6,-1,1,ERROR,2026-07-30T18:35:52.174609
59,20,7,-1,1,ERROR,2026-07-30T18:35:52.127243
59,20,8,-1,1,ERROR,2026-07-30T18:35:52.354353
59,20,9,-1,1,ERROR,2026-07-30T18:35:52.381990
59,20,10,-1,1,ERROR,2026-07-30T18:35:52.306616
59,21,1,-1,1,ERROR,2026-07-30T18:35:52.515087
59,21,2,-1,1,ERROR,2026-07-30T18:35:52.695429
59,21,3,-1,1,ERROR,2026-07-30T18:35:52.722078
59,21,4,-1,1,ERROR,2026-07-30T18:35:52.722045
59,21,5,-1,1,ERROR,2026-07-30T18:35:52.747748
59,21,6,-1,1,ERROR,2026-07-30T18:35:52.879268
59,21,7,-1,1,ERROR,2026-07-30T18:35:52.831463
59,21,8,-1,1,ERROR,2026-07-30T18:35:52.847853
59,21,9,-1,1,ERROR,2026-07-30T18:35:53.088502
59,21,10,-1,1,ERROR,2026-07-30T18:35:53.265051
59,22,1,-1,1,ERROR,2026-07-30T18:35:53.199380
59,22,2,-1,1,ERROR,2026-07-30T18:35:53.210766
59,22,3,-1,1,ERROR,2026-07-30T18:35:53.221246
59,22,4,-1,1,ERROR,2026-07-30T18:35:53.401021
59,22,5,-1,1,ERROR,2026-07-30T18:35:53.421032
59,22,6,-1,1,ERROR,2026-07-30T18:35:53.460593
59,22,7,-1,1,ERROR,2026-07-30T18:35:53.661665
59,22,8,-1,1,ERROR,2026-07-30T18:35:53.566923
59,22,9,-1,1,ERROR,2026-07-30T18:35:53.784027
59,22,10,-1,1,ERROR,2026-07-30T18:35:53.792943
59,23,1,-1,1,ERROR,2026-07-30T18:35:53.831545
59,23,2,-1,1,ERROR,2026-07-30T18:35:53.982293
59,23,3,-1,1,ERROR,2026-07-30T18:35:53.993476
59,23,4,-1,1,ERROR,2026-07-30T18:35:54.029944
59,23,5,-1,1,ERROR,2026-07-30T18:35:54.038246
59,23,6,-1,1,ERROR,2026-07-30T18:35:54.132215
59,23,7,-1,1,ERROR,2026-07-30T18:35:54.361986
59,23,8,-1,1,ERROR,2026-07-30T18:35:54.364047
59,23,9,-1,1,ERROR,2026-07-30T18:35:54.305606
59,23,10,-1,1,ERROR,2026-07-30T18:35:54.555068
59,24,1,-1,1,ERROR,2026-07-30T18:35:54.565170
59,24,2,-1,1,ERROR,2026-07-30T18:35:54.498273
59,24,3,-1,1,ERROR,2026-07-30T18:35:54.514342
59,24,4,-1,1,ERROR,2026-07-30T18:35:54.703131
59,24,5,-1,1,ERROR,2026-07-30T18:35:54.882339
59,24,6,-1,1,ERROR,2026-07-30T18:35:54.830063
59,24,7,-1,1,ERROR,2026-07-30T18:35:54.830036
59,24,8,-1,1,ERROR,2026-07-30T18:35:55.072895
59,24,9,-1,1,ERROR,2026-07-30T18:35:55.072925
59,24,10,-1,1,ERROR,2026-07-30T18:35:55.029995
59,25,1,-1,1,ERROR,2026-07-30T18:35:55.037304
59,25,2,-1,1,ERROR,2026-07-30T18:35:55.280886
59,25,3,-1,1,ERROR,2026-07-30T18:35:55.200451
59,25,4,-1,1,ERROR,2026-07-30T18:35:55.299097
59,25,5,-1,1,ERROR,2026-07-30T18:35:55.451976
59,25,6,-1,1,ERROR,2026-07-30T18:35:55.398195
59,25,7,-1,1,ERROR,2026-07-30T18:35:55.607718
59,25,8,-1,1,ERROR,2026-07-30T18:35:55.642673
59,25,9,-1,1,ERROR,2026-07-30T18:35:55.645057
59,25,10,-1,1,ERROR,2026-07-30T18:35:55.682871
59,26,1,-1,1,ERROR,2026-07-30T18:35:55.864501
59,26,2,-1,1,ERROR,2026-07-30T18:35:55.864525
59,26,3,-1,1,ERROR,2026-07-30T18:35:55.783630
59,26,4,-1,1,ERROR,2026-07-30T18:35:56.026256
59,26,5,-1,1,ERROR,2026-07-30T18:35:56.179101
59,26,6,-1,1,ERROR,2026-07-30T18:35:56.218473
59,26,7,-1,1,ERROR,2026-07-30T18:35:56.218447
59,26,8,-1,1,ERROR,2026-07-30T18:35:56.155037
59,26,9,-1,1,ERROR,2026-07-30T18:35:56.356552
59,26,10,-1,1,ERROR,2026-07-30T18:35:56.340823
59,27,1,-1,1,ERROR,2026-07-30T18:35:56.340851
59,27,2,-1,1,ERROR,2026-07-30T18:35:56.601742
59,27,3,-1,1,ERROR,2026-07-30T18:35:56.829564
59,27,4,-1,1,ERROR,2026-07-30T18:35:56.857762
59,27,5,-1,1,ERROR,2026-07-30T18:35:56.788993
59,27,6,-1,1,ERROR,2026-07-30T18:35:56.788971
59,27,7,-1,1,ERROR,2026-07-30T18:35:56.817065
59,27,8,-1,1,ERROR,2026-07-30T18:35:56.990888
59,27,9,-1,1,ERROR,2026-07-30T18:35:56.871247
59,27,10,-1,1,ERROR,2026-07-30T18:35:56.974763
59,28,1,-1,1,ERROR,2026-07-30T18:35:57.368082
59,28,2,-1,1,ERROR,2026-07-30T18:35:57.155025
59,28,3,-1,1,ERROR,2026-07-30T18:35:57.391416
59,28,4,-1,1,ERROR,2026-07-30T18:35:57.407431
59,28,5,-1,1,ERROR,2026-07-30T18:35:57.328815
59,28,6,-1,1,ERROR,2026-07-30T18:35:57.338550
59,28,7,-1,1,ERROR,2026-07-30T18:35:57.555628
59,28,8,-1,1,ERROR,2026-07-30T18:35:57.575998
59,28,9,-1,1,ERROR,2026-07-30T18:35:57.733747
59,28,10,-1,1,ERROR,2026-07-30T18:35:57.701499
59,29,1,-1,1,ERROR,2026-07-30T18:35:57.915935
59,29,2,-1,1,ERROR,2026-07-30T18:35:57.941237
59,29,3,-1,1,ERROR,2026-07-30T18:35:57.860260
59,29,4,-1,1,ERROR,2026-07-30T18:35:57.877410
59,29,5,-1,1,ERROR,2026-07-30T18:35:58.129026
59,29,6,-1,1,ERROR,2026-07-30T18:35:58.041522
59,29,7,-1,1,ERROR,2026-07-30T18:35:58.272166
59,29,8,-1,1,ERROR,2026-07-30T18:35:58.304847
59,29,9,-1,1,ERROR,2026-07-30T18:35:58.229204
59,29,10,-1,1,ERROR,2026-07-30T18:35:58.450548
59,30,1,-1,1,ERROR,2026-07-30T18:35:58.489711
59,30,2,-1,1,ERROR,2026-07-30T18:35:58.405557
59,30,3,-1,1,ERROR,2026-07-30T18:35:58.413577
59,30,4,-1,1,ERROR,2026-07-30T18:35:58.597868
59,30,5,-1,1,ERROR,2026-07-30T18:35:58.599053
59,30,6,-1,1,ERROR,2026-07-30T18:35:58.847295
59,30,7,-1,1,ERROR,2026-07-30T18:35:58.774371
59,30,8,-1,1,ERROR,2026-07-30T18:35:58.775487
59,30,9,-1,1,ERROR,2026-07-30T18:35:58.987790
59,30,10,-1,1,ERROR,2026-07-30T18:35:59.021693
60,1,1,-1,1,ERROR,2026-07-30T18:35:58.964335
60,1,2,-1,1,ERROR,2026-07-30T18:35:59.166511
60,1,3,-1,1,ERROR,2026-07-30T18:35:59.166540
60,1,4,-1,1,ERROR,2026-07-30T18:35:59.344422
60,1,5,-1,1,ERROR,2026-07-30T18:35:59.344960
60,1,6,-1,1,ERROR,2026-07-30T18:35:59.314889
60,1,7,-1,1,ERROR,2026-07-30T18:35:59.535054
60,1,8,-1,1,ERROR,2026-07-30T18:35:59.556948
60,1,9,-1,1,ERROR,2026-07-30T18:35:59.491257
60,1,10,-1,1,ERROR,2026-07-30T18:35:59.737015
60,2,1,-1,1,ERROR,2026-07-30T18:35:59.736985
60,2,2,-1,1,ERROR,2026-07-30T18:35:59.888889
60,2,3,-1,1,ERROR,2026-07-30T18:35:59.913239
60,2,4,-1,1,ERROR,2026-07-30T18:35:59.913263
60,2,5,-1,1,ERROR,2026-07-30T18:36:00.056676
60,2,6,-1,1,ERROR,2026-07-30T18:36:00.006541
60,2,7,-1,1,ERROR,2026-07-30T18:36:00.031304
60,2,8,-1,1,ERROR,2026-07-30T18:36:00.204117
60,2,9,-1,1,ERROR,2026-07-30T18:36:00.204481
60,2,10,-1,1,ERROR,2026-07-30T18:36:00.361062
60,3,1,-1,1,ERROR,2026-07-30T18:36:00.379065
60,3,2,-1,1,ERROR,2026-07-30T18:36:00.386346
60,3,3,-1,1,ERROR,2026-07-30T18:36:00.578860
60,3,4,-1,1,ERROR,2026-07-30T18:36:00.601084
60,3,5,-1,1,ERROR,2026-07-30T18:36:00.527535
60,3,6,-1,1,ERROR,2026-07-30T18:36:00.774630
60,3,7,-1,1,ERROR,2026-07-30T18:36:00.774647
60,3,8,-1,1,ERROR,2026-07-30T18:36:00.938918
60,3,9,-1,1,ERROR,2026-07-30T18:36:00.949558
60,3,10,-1,1,ERROR,2026-07-30T18:36:00.960244
60,4,1,-1,1,ERROR,2026-07-30T18:36:00.891406
60,4,2,-1,1,ERROR,2026-07-30T18:36:01.150910
60,4,3,-1,1,ERROR,2026-07-30T18:36:01.075615
60,4,4,-1,1,ERROR,2026-07-30T18:36:01.242266
60,4,5,-1,1,ERROR,2026-07-30T18:36:01.242292
60,4,6,-1,1,ERROR,2026-07-30T18:36:01.464397
60,4,7,-1,1,ERROR,2026-07-30T18:36:01.515584
60,4,8,-1,1,ERROR,2026-07-30T18:36:01.515554
60,4,9,-1,1,ERROR,2026-07-30T18:36:01.432195
60,4,10,-1,1,ERROR,2026-07-30T18:36:01.651326
60,5,1,-1,1,ERROR,2026-07-30T18:36:01.619050
60,5,2,-1,1,ERROR,2026-07-30T18:36:01.614845
60,5,3,-1,1,ERROR,2026-07-30T18:36:01.612919
60,5,4,-1,1,ERROR,2026-07-30T18:36:01.799963
60,5,5,-1,1,ERROR,2026-07-30T18:36:02.038774
60,5,6,-1,1,ERROR,2026-07-30T18:36:01.986969
60,5,7,-1,1,ERROR,2026-07-30T18:36:01.984193
60,5,8,-1,1,ERROR,2026-07-30T18:36:02.186308
60,5,9,-1,1,ERROR,2026-07-30T18:36:02.186372
60,5,10,-1,1,ERROR,2026-07-30T18:36:02.186336
60,6,1,-1,1,ERROR,2026-07-30T18:36:02.220690
60,6,2,-1,1,ERROR,2026-07-30T18:36:02.372837
60,6,3,-1,1,ERROR,2026-07-30T18:36:02.556543
60,6,4,-1,1,ERROR,2026-07-30T18:36:02.556508
60,6,5,-1,1,ERROR,2026-07-30T18:36:02.508865
60,6,6,-1,1,ERROR,2026-07-30T18:36:02.760412
60,6,7,-1,1,ERROR,2026-07-30T18:36:02.765169
60,6,8,-1,1,ERROR,2026-07-30T18:36:02.765197
60,6,9,-1,1,ERROR,2026-07-30T18:36:02.689980
60,6,10,-1,1,ERROR,2026-07-30T18:36:02.941647
60,7,1,-1,1,ERROR,2026-07-30T18:36:02.872067
60,7,2,-1,1,ERROR,2026-07-30T18:36:03.125075
60,7,3,-1,1,ERROR,2026-07-30T18:36:03.029129
60,7,4,-1,1,ERROR,2026-07-30T18:36:03.257276
60,7,5,-1,1,ERROR,2026-07-30T18:36:03.227590
60,7,6,-1,1,ERROR,2026-07-30T18:36:03.228865
60,7,7,-1,1,ERROR,2026-07-30T18:36:03.232816
60,7,8,-1,1,ERROR,2026-07-30T18:36:03.444798
60,7,9,-1,1,ERROR,2026-07-30T18:36:03.410288
60,7,10,-1,1,ERROR,2026-07-30T18:36:03.397161
60,8,1,-1,1,ERROR,2026-07-30T18:36:03.597127
60,8,2,-1,1,ERROR,2026-07-30T18:36:03.798725
60,8,3,-1,1,ERROR,2026-07-30T18:36:03.800904
60,8,4,-1,1,ERROR,2026-07-30T18:36:03.800995
60,8,5,-1,1,ERROR,2026-07-30T18:36:03.832169
60,8,6,-1,1,ERROR,2026-07-30T18:36:03.968986
60,8,7,-1,1,ERROR,2026-07-30T18:36:03.984343
60,8,8,-1,1,ERROR,2026-07-30T18:36:04.016604
60,8,9,-1,1,ERROR,2026-07-30T18:36:04.169457
60,8,10,-1,1,ERROR,2026-07-30T18:36:04.371052
60,9,1,-1,1,ERROR,2026-07-30T18:36:04.380834
60,9,2,-1,1,ERROR,2026-07-30T18:36:04.370774
60,9,3,-1,1,ERROR,2026-07-30T18:36:04.305052
60,9,4,-1,1,ERROR,2026-07-30T18:36:04.538234
60,9,5,-1,1,ERROR,2026-07-30T18:36:04.549866
60,9,6,-1,1,ERROR,2026-07-30T18:36:04.485285
60,9,7,-1,1,ERROR,2026-07-30T18:36:04.739464
60,9,8,-1,1,ERROR,2026-07-30T18:36:04.675049
60,9,9,-1,1,ERROR,2026-07-30T18:36:04.940931
60,9,10,-1,1,ERROR,2026-07-30T18:36:04.940802
60,10,1,-1,1,ERROR,2026-07-30T18:36:04.954675
60,10,2,-1,1,ERROR,2026-07-30T18:36:04.863152
60,10,3,-1,1,ERROR,2026-07-30T18:36:05.110427
60,10,4,-1,1,ERROR,2026-07-30T18:36:05.122997
60,10,5,-1,1,ERROR,2026-07-30T18:36:05.053306
60,10,6,-1,1,ERROR,2026-07-30T18:36:05.209498
60,10,7,-1,1,ERROR,2026-07-30T18:36:05.231800
60,10,8,-1,1,ERROR,2026-07-30T18:36:05.415009
60,10,9,-1,1,ERROR,2026-07-30T18:36:05.415050
60,10,10,-1,1,ERROR,2026-07-30T18:36:05.423889
60,11,1,-1,1,ERROR,2026-07-30T18:36:05.626848
60,11,2,-1,1,ERROR,2026-07-30T18:36:05.580055
60,11,3,-1,1,ERROR,2026-07-30T18:36:05.593976
60,11,4,-1,1,ERROR,2026-07-30T18:36:05.582593
60,11,5,-1,1,ERROR,2026-07-30T18:36:05.806804
60,11,6,-1,1,ERROR,2026-07-30T18:36:05.983287
60,11,7,-1,1,ERROR,2026-07-30T18:36:05.988047
60,11,8,-1,1,ERROR,2026-07-30T18:36:05.991631
60,11,9,-1,1,ERROR,2026-07-30T18:36:06.152049
60,11,10,-1,1,ERROR,2026-07-30T18:36:06.158851
60,12,1,-1,1,ERROR,2026-07-30T18:36:06.165558
60,12,2,-1,1,ERROR,2026-07-30T18:36:06.192180
60,12,3,-1,1,ERROR,2026-07-30T18:36:06.378079
60,12,4,-1,1,ERROR,2026-07-30T18:36:06.554510
60,12,5,-1,1,ERROR,2026-07-30T18:36:06.557487
60,12,6,-1,1,ERROR,2026-07-30T18:36:06.557508
60,12,7,-1,1,ERROR,2026-07-30T18:36:06.723146
60,12,8,-1,1,ERROR,2026-07-30T18:36:06.726269
60,12,9,-1,1,ERROR,2026-07-30T18:36:06.733094
60,12,10,-1,1,ERROR,2026-07-30T18:36:06.765055
60,13,1,-1,1,ERROR,2026-07-30T18:36:06.851135
60,13,2,-1,1,ERROR,2026-07-30T18:36:07.026749
60,13,3,-1,1,ERROR,2026-07-30T18:36:07.024952
60,13,4,-1,1,ERROR,2026-07-30T18:36:07.024553
60,13,5,-1,1,ERROR,2026-07-30T18:36:07.294243
60,13,6,-1,1,ERROR,2026-07-30T18:36:07.294281
60,13,7,-1,1,ERROR,2026-07-30T18:36:07.295943
60,13,8,-1,1,ERROR,2026-07-30T18:36:07.232288
60,13,9,-1,1,ERROR,2026-07-30T18:36:07.422350
60,13,10,-1,1,ERROR,2026-07-30T18:36:07.492918
60,14,1,-1,1,ERROR,2026-07-30T18:36:07.492945
60,14,2,-1,1,ERROR,2026-07-30T18:36:07.492963
60,14,3,-1,1,ERROR,2026-07-30T18:36:07.601486
60,14,4,-1,1,ERROR,2026-07-30T18:36:07.764793
60,14,5,-1,1,ERROR,2026-07-30T18:36:07.771003
60,14,6,-1,1,ERROR,2026-07-30T18:36:07.771027
60,14,7,-1,1,ERROR,2026-07-30T18:36:07.997252
60,14,8,-1,1,ERROR,2026-07-30T18:36:07.964121
60,14,9,-1,1,ERROR,2026-07-30T18:36:07.960603
60,14,10,-1,1,ERROR,2026-07-30T18:36:07.961776
60,15,1,-1,1,ERROR,2026-07-30T18:36:08.173282
60,15,2,-1,1,ERROR,2026-07-30T18:36:08.134730
60,15,3,-1,1,ERROR,2026-07-30T18:36:08.345995
60,15,4,-1,1,ERROR,2026-07-30T18:36:08.345967
60,15,5,-1,1,ERROR,2026-07-30T18:36:08.548080
60,15,6,-1,1,ERROR,2026-07-30T18:36:08.548052
60,15,7,-1,1,ERROR,2026-07-30T18:36:08.535080
60,15,8,-1,1,ERROR,2026-07-30T18:36:08.570400
60,15,9,-1,1,ERROR,2026-07-30T18:36:08.715037
60,15,10,-1,1,ERROR,2026-07-30T18:36:08.648504
60,16,1,-1,1,ERROR,2026-07-30T18:36:08.915925
60,16,2,-1,1,ERROR,2026-07-30T18:36:08.917630
60,16,3,-1,1,ERROR,2026-07-30T18:36:09.104995
60,16,4,-1,1,ERROR,2026-07-30T18:36:09.119083
60,16,5,-1,1,ERROR,2026-07-30T18:36:09.024058
60,16,6,-1,1,ERROR,2026-07-30T18:36:09.040719
60,16,7,-1,1,ERROR,2026-07-30T18:36:09.119060
60,16,8,-1,1,ERROR,2026-07-30T18:36:09.184668
60,16,9,-1,1,ERROR,2026-07-30T18:36:09.387804
60,16,10,-1,1,ERROR,2026-07-30T18:36:09.386188
60,17,1,-1,1,ERROR,2026-07-30T18:36:09.593610
60,17,2,-1,1,ERROR,2026-07-30T18:36:09.614420
60,17,3,-1,1,ERROR,2026-07-30T18:36:09.576871
60,17,4,-1,1,ERROR,2026-07-30T18:36:09.588330
60,17,5,-1,1,ERROR,2026-07-30T18:36:09.591806
60,17,6,-1,1,ERROR,2026-07-30T18:36:09.655920
60,17,7,-1,1,ERROR,2026-07-30T18:36:09.758179
60,17,8,-1,1,ERROR,2026-07-30T18:36:09.755146
60,17,9,-1,1,ERROR,2026-07-30T18:36:09.952541
60,17,10,-1,1,ERROR,2026-07-30T18:36:10.158812
60,18,1,-1,1,ERROR,2026-07-30T18:36:10.169918
60,18,2,-1,1,ERROR,2026-07-30T18:36:10.169941
60,18,3,-1,1,ERROR,2026-07-30T18:36:10.191739
60,18,4,-1,1,ERROR,2026-07-30T18:36:10.132142
60,18,5,-1,1,ERROR,2026-07-30T18:36:10.323172
60,18,6,-1,1,ERROR,2026-07-30T18:36:10.324179
60,18,7,-1,1,ERROR,2026-07-30T18:36:10.321634
60,18,8,-1,1,ERROR,2026-07-30T18:36:10.501154
60,18,9,-1,1,ERROR,2026-07-30T18:36:10.735509
60,18,10,-1,1,ERROR,2026-07-30T18:36:10.738689
60,19,1,-1,1,ERROR,2026-07-30T18:36:10.737820
60,19,2,-1,1,ERROR,2026-07-30T18:36:10.762068
60,19,3,-1,1,ERROR,2026-07-30T18:36:10.895185
60,19,4,-1,1,ERROR,2026-07-30T18:36:10.895269
60,19,5,-1,1,ERROR,2026-07-30T18:36:10.895214
60,19,6,-1,1,ERROR,2026-07-30T18:36:10.865805
60,19,7,-1,1,ERROR,2026-07-30T18:36:11.109146
60,19,8,-1,1,ERROR,2026-07-30T18:36:11.412676
60,19,9,-1,1,ERROR,2026-07-30T18:36:11.412712
60,19,10,-1,1,ERROR,2026-07-30T18:36:11.332445
60,20,1,-1,1,ERROR,2026-07-30T18:36:11.345485
60,20,2,-1,1,ERROR,2026-07-30T18:36:11.364108
60,20,3,-1,1,ERROR,2026-07-30T18:36:11.364138
60,20,4,-1,1,ERROR,2026-07-30T18:36:11.370195
60,20,5,-1,1,ERROR,2026-07-30T18:36:11.577588
60,20,6,-1,1,ERROR,2026-07-30T18:36:11.703360
60,20,7,-1,1,ERROR,2026-07-30T18:36:11.919983
60,20,8,-1,1,ERROR,2026-07-30T18:36:11.938279
60,20,9,-1,1,ERROR,2026-07-30T18:36:11.936467
60,20,10,-1,1,ERROR,2026-07-30T18:36:11.939230
60,21,1,-1,1,ERROR,2026-07-30T18:36:11.878356
60,21,2,-1,1,ERROR,2026-07-30T18:36:11.878333
60,21,3,-1,1,ERROR,2026-07-30T18:36:12.147631
60,21,4,-1,1,ERROR,2026-07-30T18:36:12.070979
60,21,5,-1,1,ERROR,2026-07-30T18:36:12.249596
60,21,6,-1,1,ERROR,2026-07-30T18:36:12.249628
60,21,7,-1,1,ERROR,2026-07-30T18:36:12.487420
60,21,8,-1,1,ERROR,2026-07-30T18:36:12.503860
60,21,9,-1,1,ERROR,2026-07-30T18:36:12.503763
60,21,10,-1,1,ERROR,2026-07-30T18:36:12.514162
60,22,1,-1,1,ERROR,2026-07-30T18:36:12.640161
60,22,2,-1,1,ERROR,2026-07-30T18:36:12.620774
60,22,3,-1,1,ERROR,2026-07-30T18:36:12.822573
60,22,4,-1,1,ERROR,2026-07-30T18:36:12.824760
60,22,5,-1,1,ERROR,2026-07-30T18:36:12.955529
60,22,6,-1,1,ERROR,2026-07-30T18:36:12.974822
60,22,7,-1,1,ERROR,2026-07-30T18:36:12.974765
60,22,8,-1,1,ERROR,2026-07-30T18:36:12.983947
60,22,9,-1,1,ERROR,2026-07-30T18:36:13.194754
60,22,10,-1,1,ERROR,2026-07-30T18:36:13.216390
60,23,1,-1,1,ERROR,2026-07-30T18:36:13.395370
60,23,2,-1,1,ERROR,2026-07-30T18:36:13.395395
60,23,3,-1,1,ERROR,2026-07-30T18:36:13.324829
60,23,4,-1,1,ERROR,2026-07-30T18:36:13.546275
60,23,5,-1,1,ERROR,2026-07-30T18:36:13.545103
60,23,6,-1,1,ERROR,2026-07-30T18:36:13.558298
60,23,7,-1,1,ERROR,2026-07-30T18:36:13.768783
60,23,8,-1,1,ERROR,2026-07-30T18:36:13.692525
60,23,9,-1,1,ERROR,2026-07-30T18:36:13.692551
60,23,10,-1,1,ERROR,2026-07-30T18:36:13.865734
60,24,1,-1,1,ERROR,2026-07-30T18:36:13.865715
60,24,2,-1,1,ERROR,2026-07-30T18:36:14.111461
60,24,3,-1,1,ERROR,2026-07-30T18:36:14.118789
60,24,4,-1,1,ERROR,2026-07-30T18:36:14.029792
60,24,5,-1,1,ERROR,2026-07-30T18:36:14.263538
60,24,6,-1,1,ERROR,2026-07-30T18:36:14.267648
60,24,7,-1,1,ERROR,2026-07-30T18:36:14.236525
60,24,8,-1,1,ERROR,2026-07-30T18:36:14.434398
60,24,9,-1,1,ERROR,2026-07-30T18:36:14.434374
60,24,10,-1,1,ERROR,2026-07-30T18:36:14.610148
60,25,1,-1,1,ERROR,2026-07-30T18:36:14.594680
60,25,2,-1,1,ERROR,2026-07-30T18:36:14.601728
60,25,3,-1,1,ERROR,2026-07-30T18:36:14.809126
60,25,4,-1,1,ERROR,2026-07-30T18:36:14.836076
60,25,5,-1,1,ERROR,2026-07-30T18:36:14.836106
60,25,6,-1,1,ERROR,2026-07-30T18:36:14.913213
60,25,7,-1,1,ERROR,2026-07-30T18:36:15.011658
60,25,8,-1,1,ERROR,2026-07-30T18:36:15.167345
60,25,9,-1,1,ERROR,2026-07-30T18:36:15.184168
60,25,10,-1,1,ERROR,2026-07-30T18:36:15.184195
60,26,1,-1,1,ERROR,2026-07-30T18:36:15.381909
60,26,2,-1,1,ERROR,2026-07-30T18:36:15.314920
60,26,3,-1,1,ERROR,2026-07-30T18:36:15.310126
60,26,4,-1,1,ERROR,2026-07-30T18:36:15.384707
60,26,5,-1,1,ERROR,2026-07-30T18:36:15.481633
60,26,6,-1,1,ERROR,2026-07-30T18:36:15.635684
60,26,7,-1,1,ERROR,2026-07-30T18:36:15.658474
60,26,8,-1,1,ERROR,2026-07-30T18:36:15.665320
60,26,9,-1,1,ERROR,2026-07-30T18:36:15.919556
60,26,10,-1,1,ERROR,2026-07-30T18:36:15.919435
60,27,1,-1,1,ERROR,2026-07-30T18:36:15.853651
60,27,2,-1,1,ERROR,2026-07-30T18:36:15.853628
60,27,3,-1,1,ERROR,2026-07-30T18:36:16.055722
60,27,4,-1,1,ERROR,2026-07-30T18:36:16.010898
60,27,5,-1,1,ERROR,2026-07-30T18:36:16.239405
60,27,6,-1,1,ERROR,2026-07-30T18:36:16.241196
60,27,7,-1,1,ERROR,2026-07-30T18:36:16.428068
60,27,8,-1,1,ERROR,2026-07-30T18:36:16.426977
60,27,9,-1,1,ERROR,2026-07-30T18:36:16.387497
60,27,10,-1,1,ERROR,2026-07-30T18:36:16.387917
60,28,1,-1,1,ERROR,2026-07-30T18:36:16.587441
60,28,2,-1,1,ERROR,2026-07-30T18:36:16.629637
60,28,3,-1,1,ERROR,2026-07-30T18:36:16.711244
60,28,4,-1,1,ERROR,2026-07-30T18:36:16.710921
60,28,5,-1,1,ERROR,2026-07-30T18:36:16.959405
60,28,6,-1,1,ERROR,2026-07-30T18:36:16.962135
60,28,7,-1,1,ERROR,2026-07-30T18:36:16.900425
60,28,8,-1,1,ERROR,2026-07-30T18:36:16.900445
60,28,9,-1,1,ERROR,2026-07-30T18:36:17.152238
60,28,10,-1,1,ERROR,2026-07-30T18:36:17.104021
60,29,1,-1,1,ERROR,2026-07-30T18:36:17.184082
60,29,2,-1,1,ERROR,2026-07-30T18:36:17.186066
60,29,3,-1,1,ERROR,2026-07-30T18:36:17.268257
60,29,4,-1,1,ERROR,2026-07-30T18:36:17.272126
60,29,5,-1,1,ERROR,2026-07-30T18:36:17.433025
60,29,6,-1,1,ERROR,2026-07-30T18:36:17.434631
60,29,7,-1,1,ERROR,2026-07-30T18:36:17.675177
60,29,8,-1,1,ERROR,2026-07-30T18:36:17.622359
60,29,9,-1,1,ERROR,2026-07-30T18:36:17.655703
60,29,10,-1,1,ERROR,2026-07-30T18:36:17.659999
60,30,1,-1,1,ERROR,2026-07-30T18:36:17.843701
60,30,2,-1,1,ERROR,2026-07-30T18:36:17.843669
60,30,3,-1,1,ERROR,2026-07-30T18:36:17.900496
60,30,4,-1,1,ERROR,2026-07-30T18:36:17.805851
60,30,5,-1,1,ERROR,2026-07-30T18:36:17.988573
60,30,6,-1,1,ERROR,2026-07-30T18:36:18.229842
60,30,7,-1,1,ERROR,2026-07-30T18:36:18.229812
60,30,8,-1,1,ERROR,2026-07-30T18:36:18.148789
60,30,9,-1,1,ERROR,2026-07-30T18:36:18.376005
60,30,10,-1,1,ERROR,2026-07-30T18:36:18.417197
61,1,1,-1,1,ERROR,2026-07-30T18:36:18.417225
61,1,2,-1,1,ERROR,2026-07-30T18:36:18.375977
61,1,3,-1,1,ERROR,2026-07-30T18:36:18.561936
61,1,4,-1,1,ERROR,2026-07-30T18:36:18.522400
61,1,5,-1,1,ERROR,2026-07-30T18:36:18.714542
61,1,6,-1,1,ERROR,2026-07-30T18:36:18.713331
61,1,7,-1,1,ERROR,2026-07-30T18:36:18.953988
61,1,8,-1,1,ERROR,2026-07-30T18:36:18.953956
61,1,9,-1,1,ERROR,2026-07-30T18:36:18.990110
61,1,10,-1,1,ERROR,2026-07-30T18:36:18.991226
61,2,1,-1,1,ERROR,2026-07-30T18:36:18.993941
61,2,2,-1,1,ERROR,2026-07-30T18:36:19.141481
61,2,3,-1,1,ERROR,2026-07-30T18:36:19.090821
61,2,4,-1,1,ERROR,2026-07-30T18:36:19.087533
61,2,5,-1,1,ERROR,2026-07-30T18:36:19.526805
61,2,6,-1,1,ERROR,2026-07-30T18:36:19.324704
61,2,7,-1,1,ERROR,2026-07-30T18:36:19.564148
61,2,8,-1,1,ERROR,2026-07-30T18:36:19.562528
61,2,9,-1,1,ERROR,2026-07-30T18:36:19.569963
61,2,10,-1,1,ERROR,2026-07-30T18:36:19.562478
61,3,1,-1,1,ERROR,2026-07-30T18:36:19.569674
61,3,2,-1,1,ERROR,2026-07-30T18:36:20.319463
61,3,3,-1,1,ERROR,2026-07-30T18:36:20.526154
61,3,4,-1,1,ERROR,2026-07-30T18:36:20.542778
61,3,5,-1,1,ERROR,2026-07-30T18:36:20.559732
61,3,6,-1,1,ERROR,2026-07-30T18:36:20.573539
61,3,7,-1,1,ERROR,2026-07-30T18:36:20.559815
61,3,8,-1,1,ERROR,2026-07-30T18:36:20.573601
61,3,9,-1,1,ERROR,2026-07-30T18:36:20.559782
61,3,10,-1,1,ERROR,2026-07-30T18:36:20.693071
61,4,1,-1,1,ERROR,2026-07-30T18:36:20.892248
61,4,2,-1,1,ERROR,2026-07-30T18:36:21.112985
61,4,3,-1,1,ERROR,2026-07-30T18:36:21.133002
61,4,4,-1,1,ERROR,2026-07-30T18:36:21.132981
61,4,5,-1,1,ERROR,2026-07-30T18:36:21.132711
61,4,6,-1,1,ERROR,2026-07-30T18:36:21.150712
61,4,7,-1,1,ERROR,2026-07-30T18:36:21.150690
61,4,8,-1,1,ERROR,2026-07-30T18:36:21.276418
61,4,9,-1,1,ERROR,2026-07-30T18:36:21.265909
61,4,10,-1,1,ERROR,2026-07-30T18:36:21.486919
61,5,1,-1,1,ERROR,2026-07-30T18:36:21.716777
61,5,2,-1,1,ERROR,2026-07-30T18:36:21.710378
61,5,3,-1,1,ERROR,2026-07-30T18:36:21.710351
61,5,4,-1,1,ERROR,2026-07-30T18:36:21.723999
61,5,5,-1,1,ERROR,2026-07-30T18:36:21.728634
61,5,6,-1,1,ERROR,2026-07-30T18:36:21.856054
61,5,7,-1,1,ERROR,2026-07-30T18:36:21.856113
61,5,8,-1,1,ERROR,2026-07-30T18:36:22.057552
61,5,9,-1,1,ERROR,2026-07-30T18:36:22.280357
61,5,10,-1,1,ERROR,2026-07-30T18:36:22.281650
61,6,1,-1,1,ERROR,2026-07-30T18:36:22.287358
61,6,2,-1,1,ERROR,2026-07-30T18:36:22.198991
61,6,3,-1,1,ERROR,2026-07-30T18:36:22.198965
61,6,4,-1,1,ERROR,2026-07-30T18:36:22.428358
61,6,5,-1,1,ERROR,2026-07-30T18:36:22.428221
61,6,6,-1,1,ERROR,2026-07-30T18:36:22.639432
61,6,7,-1,1,ERROR,2026-07-30T18:36:22.572760
61,6,8,-1,1,ERROR,2026-07-30T18:36:22.572790
61,6,9,-1,1,ERROR,2026-07-30T18:36:22.763026
61,6,10,-1,1,ERROR,2026-07-30T18:36:22.763060
61,7,1,-1,1,ERROR,2026-07-30T18:36:22.763087
61,7,2,-1,1,ERROR,2026-07-30T18:36:23.003020
61,7,3,-1,1,ERROR,2026-07-30T18:36:23.001616
61,7,4,-1,1,ERROR,2026-07-30T18:36:23.144222
61,7,5,-1,1,ERROR,2026-07-30T18:36:23.145937
61,7,6,-1,1,ERROR,2026-07-30T18:36:23.115527
61,7,7,-1,1,ERROR,2026-07-30T18:36:23.340025
61,7,8,-1,1,ERROR,2026-07-30T18:36:23.339975
61,7,9,-1,1,ERROR,2026-07-30T18:36:23.339939
61,7,10,-1,1,ERROR,2026-07-30T18:36:23.478816
61,8,1,-1,1,ERROR,2026-07-30T18:36:23.479161
61,8,2,-1,1,ERROR,2026-07-30T18:36:23.719415
61,8,3,-1,1,ERROR,2026-07-30T18:36:23.719444
61,8,4,-1,1,ERROR,2026-07-30T18:36:23.734737
61,8,5,-1,1,ERROR,2026-07-30T18:36:23.853507
61,8,6,-1,1,ERROR,2026-07-30T18:36:23.834921
61,8,7,-1,1,ERROR,2026-07-30T18:36:23.853539
61,8,8,-1,1,ERROR,2026-07-30T18:36:24.055600
61,8,9,-1,1,ERROR,2026-07-30T18:36:24.058135
61,8,10,-1,1,ERROR,2026-07-30T18:36:24.297553
61,9,1,-1,1,ERROR,2026-07-30T18:36:24.211955
61,9,2,-1,1,ERROR,2026-07-30T18:36:24.207538
61,9,3,-1,1,ERROR,2026-07-30T18:36:24.208937
61,9,4,-1,1,ERROR,2026-07-30T18:36:24.425435
61,9,5,-1,1,ERROR,2026-07-30T18:36:24.433182
61,9,6,-1,1,ERROR,2026-07-30T18:36:24.630142
61,9,7,-1,1,ERROR,2026-07-30T18:36:24.630171
61,9,8,-1,1,ERROR,2026-07-30T18:36:24.786210
61,9,9,-1,1,ERROR,2026-07-30T18:36:24.786184
61,9,10,-1,1,ERROR,2026-07-30T18:36:24.786231
61,10,1,-1,1,ERROR,2026-07-30T18:36:24.767858
61,10,2,-1,1,ERROR,2026-07-30T18:36:25.000803
61,10,3,-1,1,ERROR,2026-07-30T18:36:25.000834
61,10,4,-1,1,ERROR,2026-07-30T18:36:25.105079
61,10,5,-1,1,ERROR,2026-07-30T18:36:25.105054
61,10,6,-1,1,ERROR,2026-07-30T18:36:25.337054
61,10,7,-1,1,ERROR,2026-07-30T18:36:25.359940
61,10,8,-1,1,ERROR,2026-07-30T18:36:25.358657
61,10,9,-1,1,ERROR,2026-07-30T18:36:25.359018
61,10,10,-1,1,ERROR,2026-07-30T18:36:25.576036
61,11,1,-1,1,ERROR,2026-07-30T18:36:25.576057
61,11,2,-1,1,ERROR,2026-07-30T18:36:25.576012
61,11,3,-1,1,ERROR,2026-07-30T18:36:25.580379
61,11,4,-1,1,ERROR,2026-07-30T18:36:25.713539
61,11,5,-1,1,ERROR,2026-07-30T18:36:25.940773
61,11,6,-1,1,ERROR,2026-07-30T18:36:25.940749
61,11,7,-1,1,ERROR,2026-07-30T18:36:25.940719
61,11,8,-1,1,ERROR,2026-07-30T18:36:26.152348
61,11,9,-1,1,ERROR,2026-07-30T18:36:26.142681
61,11,10,-1,1,ERROR,2026-07-30T18:36:26.152423
61,12,1,-1,1,ERROR,2026-07-30T18:36:26.152385
61,12,2,-1,1,ERROR,2026-07-30T18:36:26.184011
61,12,3,-1,1,ERROR,2026-07-30T18:36:26.524241
61,12,4,-1,1,ERROR,2026-07-30T18:36:26.319038
61,12,5,-1,1,ERROR,2026-07-30T18:36:26.524269
61,12,6,-1,1,ERROR,2026-07-30T18:36:26.731761
61,12,7,-1,1,ERROR,2026-07-30T18:36:26.756668
61,12,8,-1,1,ERROR,2026-07-30T18:36:26.731733
61,12,9,-1,1,ERROR,2026-07-30T18:36:26.733822
61,12,10,-1,1,ERROR,2026-07-30T18:36:26.662077
61,13,1,-1,1,ERROR,2026-07-30T18:36:26.894989
61,13,2,-1,1,ERROR,2026-07-30T18:36:27.096262
61,13,3,-1,1,ERROR,2026-07-30T18:36:27.095947
61,13,4,-1,1,ERROR,2026-07-30T18:36:27.240230
61,13,5,-1,1,ERROR,2026-07-30T18:36:27.205223
61,13,6,-1,1,ERROR,2026-07-30T18:36:27.205191
61,13,7,-1,1,ERROR,2026-07-30T18:36:27.200169
61,13,8,-1,1,ERROR,2026-07-30T18:36:27.233729
61,13,9,-1,1,ERROR,2026-07-30T18:36:27.370778
61,13,10,-1,1,ERROR,2026-07-30T18:36:27.576465
61,14,1,-1,1,ERROR,2026-07-30T18:36:27.580538
61,14,2,-1,1,ERROR,2026-07-30T18:36:27.788937
61,14,3,-1,1,ERROR,2026-07-30T18:36:27.789575
61,14,4,-1,1,ERROR,2026-07-30T18:36:27.788901
61,14,5,-1,1,ERROR,2026-07-30T18:36:27.809678
61,14,6,-1,1,ERROR,2026-07-30T18:36:27.811836
61,14,7,-1,1,ERROR,2026-07-30T18:36:27.954625
61,14,8,-1,1,ERROR,2026-07-30T18:36:27.953076
61,14,9,-1,1,ERROR,2026-07-30T18:36:27.955810
61,14,10,-1,1,ERROR,2026-07-30T18:36:28.362455
61,15,1,-1,1,ERROR,2026-07-30T18:36:28.158910
61,15,2,-1,1,ERROR,2026-07-30T18:36:28.367355
61,15,3,-1,1,ERROR,2026-07-30T18:36:28.383094
61,15,4,-1,1,ERROR,2026-07-30T18:36:28.383118
61,15,5,-1,1,ERROR,2026-07-30T18:36:28.526831
61,15,6,-1,1,ERROR,2026-07-30T18:36:28.526868
61,15,7,-1,1,ERROR,2026-07-30T18:36:28.526855
61,15,8,-1,1,ERROR,2026-07-30T18:36:28.732908
61,15,9,-1,1,ERROR,2026-07-30T18:36:28.935032
61,15,10,-1,1,ERROR,2026-07-30T18:36:28.936903
61,16,1,-1,1,ERROR,2026-07-30T18:36:28.853271
61,16,2,-1,1,ERROR,2026-07-30T18:36:28.853246
61,16,3,-1,1,ERROR,2026-07-30T18:36:29.096069
61,16,4,-1,1,ERROR,2026-07-30T18:36:29.103234
61,16,5,-1,1,ERROR,2026-07-30T18:36:29.096042
61,16,6,-1,1,ERROR,2026-07-30T18:36:29.304854
61,16,7,-1,1,ERROR,2026-07-30T18:36:29.324553
61,16,8,-1,1,ERROR,2026-07-30T18:36:29.324527
61,16,9,-1,1,ERROR,2026-07-30T18:36:29.410760
61,16,10,-1,1,ERROR,2026-07-30T18:36:29.505048
61,17,1,-1,1,ERROR,2026-07-30T18:36:29.668277
61,17,2,-1,1,ERROR,2026-07-30T18:36:29.666412
61,17,3,-1,1,ERROR,2026-07-30T18:36:29.671388
61,17,4,-1,1,ERROR,2026-07-30T18:36:29.784532
61,17,5,-1,1,ERROR,2026-07-30T18:36:29.796119
61,17,6,-1,1,ERROR,2026-07-30T18:36:29.796081
61,17,7,-1,1,ERROR,2026-07-30T18:36:29.878377
61,17,8,-1,1,ERROR,2026-07-30T18:36:29.970463
61,17,9,-1,1,ERROR,2026-07-30T18:36:30.239902
61,17,10,-1,1,ERROR,2026-07-30T18:36:30.242305
61,18,1,-1,1,ERROR,2026-07-30T18:36:30.242350
61,18,2,-1,1,ERROR,2026-07-30T18:36:30.148957
61,18,3,-1,1,ERROR,2026-07-30T18:36:30.368201
61,18,4,-1,1,ERROR,2026-07-30T18:36:30.368233
61,18,5,-1,1,ERROR,2026-07-30T18:36:30.354493
61,18,6,-1,1,ERROR,2026-07-30T18:36:30.552449
61,18,7,-1,1,ERROR,2026-07-30T18:36:30.525487
61,18,8,-1,1,ERROR,2026-07-30T18:36:30.712272
61,18,9,-1,1,ERROR,2026-07-30T18:36:30.713866
61,18,10,-1,1,ERROR,2026-07-30T18:36:30.712638
61,19,1,-1,1,ERROR,2026-07-30T18:36:30.924058
61,19,2,-1,1,ERROR,2026-07-30T18:36:30.942638
61,19,3,-1,1,ERROR,2026-07-30T18:36:30.942614
61,19,4,-1,1,ERROR,2026-07-30T18:36:30.891115
61,19,5,-1,1,ERROR,2026-07-30T18:36:31.122210
61,19,6,-1,1,ERROR,2026-07-30T18:36:31.083323
61,19,7,-1,1,ERROR,2026-07-30T18:36:31.081770
61,19,8,-1,1,ERROR,2026-07-30T18:36:31.081746
61,19,9,-1,1,ERROR,2026-07-30T18:36:31.262481
61,19,10,-1,1,ERROR,2026-07-30T18:36:31.496361
61,20,1,-1,1,ERROR,2026-07-30T18:36:31.516872
61,20,2,-1,1,ERROR,2026-07-30T18:36:31.514615
61,20,3,-1,1,ERROR,2026-07-30T18:36:31.656984
61,20,4,-1,1,ERROR,2026-07-30T18:36:31.655247
61,20,5,-1,1,ERROR,2026-07-30T18:36:31.681119
61,20,6,-1,1,ERROR,2026-07-30T18:36:31.693604
61,20,7,-1,1,ERROR,2026-07-30T18:36:31.832543
61,20,8,-1,1,ERROR,2026-07-30T18:36:31.969561
61,20,9,-1,1,ERROR,2026-07-30T18:36:31.984374
61,20,10,-1,1,ERROR,2026-07-30T18:36:31.987439
61,21,1,-1,1,ERROR,2026-07-30T18:36:32.223778
61,21,2,-1,1,ERROR,2026-07-30T18:36:32.227470
61,21,3,-1,1,ERROR,2026-07-30T18:36:32.253522
61,21,4,-1,1,ERROR,2026-07-30T18:36:32.168075
61,21,5,-1,1,ERROR,2026-07-30T18:36:32.408368
61,21,6,-1,1,ERROR,2026-07-30T18:36:32.439796
61,21,7,-1,1,ERROR,2026-07-30T18:36:32.353742
61,21,8,-1,1,ERROR,2026-07-30T18:36:32.353716
61,21,9,-1,1,ERROR,2026-07-30T18:36:32.539336
61,21,10,-1,1,ERROR,2026-07-30T18:36:32.793822
61,22,1,-1,1,ERROR,2026-07-30T18:36:32.802264
61,22,2,-1,1,ERROR,2026-07-30T18:36:32.723704
61,22,3,-1,1,ERROR,2026-07-30T18:36:32.925274
61,22,4,-1,1,ERROR,2026-07-30T18:36:32.926847
61,22,5,-1,1,ERROR,2026-07-30T18:36:32.986888
61,22,6,-1,1,ERROR,2026-07-30T18:36:32.917245
61,22,7,-1,1,ERROR,2026-07-30T18:36:32.904545
61,22,8,-1,1,ERROR,2026-07-30T18:36:33.092801
61,22,9,-1,1,ERROR,2026-07-30T18:36:33.258285
61,22,10,-1,1,ERROR,2026-07-30T18:36:33.266992
61,23,1,-1,1,ERROR,2026-07-30T18:36:33.475301
61,23,2,-1,1,ERROR,2026-07-30T18:36:33.486948
61,23,3,-1,1,ERROR,2026-07-30T18:36:33.494669
61,23,4,-1,1,ERROR,2026-07-30T18:36:33.497474
61,23,5,-1,1,ERROR,2026-07-30T18:36:33.460040
61,23,6,-1,1,ERROR,2026-07-30T18:36:33.682671
61,23,7,-1,1,ERROR,2026-07-30T18:36:33.633425
61,23,8,-1,1,ERROR,2026-07-30T18:36:33.641105
61,23,9,-1,1,ERROR,2026-07-30T18:36:33.861299
61,23,10,-1,1,ERROR,2026-07-30T18:36:34.070775
61,24,1,-1,1,ERROR,2026-07-30T18:36:34.082109
61,24,2,-1,1,ERROR,2026-07-30T18:36:34.082218
61,24,3,-1,1,ERROR,2026-07-30T18:36:34.080095
61,24,4,-1,1,ERROR,2026-07-30T18:36:34.123592
61,24,5,-1,1,ERROR,2026-07-30T18:36:34.123619
61,24,6,-1,1,ERROR,2026-07-30T18:36:34.258636
61,24,7,-1,1,ERROR,2026-07-30T18:36:34.231194
61,24,8,-1,1,ERROR,2026-07-30T18:36:34.445279
61,24,9,-1,1,ERROR,2026-07-30T18:36:34.658671
61,24,10,-1,1,ERROR,2026-07-30T18:36:34.649223
61,25,1,-1,1,ERROR,2026-07-30T18:36:34.664823
61,25,2,-1,1,ERROR,2026-07-30T18:36:34.696841
61,25,3,-1,1,ERROR,2026-07-30T18:36:34.696437
61,25,4,-1,1,ERROR,2026-07-30T18:36:34.696463
61,25,5,-1,1,ERROR,2026-07-30T18:36:34.838825
61,25,6,-1,1,ERROR,2026-07-30T18:36:34.809665
61,25,7,-1,1,ERROR,2026-07-30T18:36:35.027992
61,25,8,-1,1,ERROR,2026-07-30T18:36:35.230701
61,25,9,-1,1,ERROR,2026-07-30T18:36:35.237403
61,25,10,-1,1,ERROR,2026-07-30T18:36:35.276715
61,26,1,-1,1,ERROR,2026-07-30T18:36:35.276697
61,26,2,-1,1,ERROR,2026-07-30T18:36:35.276670
61,26,3,-1,1,ERROR,2026-07-30T18:36:35.287642
61,26,4,-1,1,ERROR,2026-07-30T18:36:35.416079
61,26,5,-1,1,ERROR,2026-07-30T18:36:35.394410
61,26,6,-1,1,ERROR,2026-07-30T18:36:35.597368
61,26,7,-1,1,ERROR,2026-07-30T18:36:35.817854
61,26,8,-1,1,ERROR,2026-07-30T18:36:35.847240
61,26,9,-1,1,ERROR,2026-07-30T18:36:35.845058
61,26,10,-1,1,ERROR,2026-07-30T18:36:35.846412
61,27,1,-1,1,ERROR,2026-07-30T18:36:35.858922
61,27,2,-1,1,ERROR,2026-07-30T18:36:35.971579
61,27,3,-1,1,ERROR,2026-07-30T18:36:36.001292
61,27,4,-1,1,ERROR,2026-07-30T18:36:36.160862
61,27,5,-1,1,ERROR,2026-07-30T18:36:36.381983
61,27,6,-1,1,ERROR,2026-07-30T18:36:36.324748
61,27,7,-1,1,ERROR,2026-07-30T18:36:36.311438
61,27,8,-1,1,ERROR,2026-07-30T18:36:36.316237
61,27,9,-1,1,ERROR,2026-07-30T18:36:36.337362
61,27,10,-1,1,ERROR,2026-07-30T18:36:36.538998
61,28,1,-1,1,ERROR,2026-07-30T18:36:36.579249
61,28,2,-1,1,ERROR,2026-07-30T18:36:36.729735
61,28,3,-1,1,ERROR,2026-07-30T18:36:36.896672
61,28,4,-1,1,ERROR,2026-07-30T18:36:36.887214
61,28,5,-1,1,ERROR,2026-07-30T18:36:36.894064
61,28,6,-1,1,ERROR,2026-07-30T18:36:36.913010
61,28,7,-1,1,ERROR,2026-07-30T18:36:36.857200
61,28,8,-1,1,ERROR,2026-07-30T18:36:37.113608
61,28,9,-1,1,ERROR,2026-07-30T18:36:37.049275
61,28,10,-1,1,ERROR,2026-07-30T18:36:37.198581
61,29,1,-1,1,ERROR,2026-07-30T18:36:37.435928
61,29,2,-1,1,ERROR,2026-07-30T18:36:37.457523
61,29,3,-1,1,ERROR,2026-07-30T18:36:37.466484
61,29,4,-1,1,ERROR,2026-07-30T18:36:37.466507
61,29,5,-1,1,ERROR,2026-07-30T18:36:37.478102
61,29,6,-1,1,ERROR,2026-07-30T18:36:37.616398
61,29,7,-1,1,ERROR,2026-07-30T18:36:37.581330
61,29,8,-1,1,ERROR,2026-07-30T18:36:37.574839
61,29,9,-1,1,ERROR,2026-07-30T18:36:37.807858
61,29,10,-1,1,ERROR,2026-07-30T18:36:38.031581
61,30,1,-1,1,ERROR,2026-07-30T18:36:38.035023
61,30,2,-1,1,ERROR,2026-07-30T18:36:38.031542
61,30,3,-1,1,ERROR,2026-07-30T18:36:38.057849
61,30,4,-1,1,ERROR,2026-07-30T18:36:38.046504
61,30,5,-1,1,ERROR,2026-07-30T18:36:38.046201
61,30,6,-1,1,ERROR,2026-07-30T18:36:38.187767
61,30,7,-1,1,ERROR,2026-07-30T18:36:38.176665
61,30,8,-1,1,ERROR,2026-07-30T18:36:38.400238
61,30,9,-1,1,ERROR,2026-07-30T18:36:38.604613
61,30,10,-1,1,ERROR,2026-07-30T18:36:38.603085
62,1,1,-1,1,ERROR,2026-07-30T18:36:38.615843
62,1,2,-1,1,ERROR,2026-07-30T18:36:38.615782
62,1,3,-1,1,ERROR,2026-07-30T18:36:38.622754
62,1,4,-1,1,ERROR,2026-07-30T18:36:38.651982
62,1,5,-1,1,ERROR,2026-07-30T18:36:38.660422
62,1,6,-1,1,ERROR,2026-07-30T18:36:38.774190
62,1,7,-1,1,ERROR,2026-07-30T18:36:39.187634
62,1,8,-1,1,ERROR,2026-07-30T18:36:38.980753
62,1,9,-1,1,ERROR,2026-07-30T18:36:39.187683
62,1,10,-1,1,ERROR,2026-07-30T18:36:39.200394
62,2,1,-1,1,ERROR,2026-07-30T18:36:39.200425
62,2,2,-1,1,ERROR,2026-07-30T18:36:39.236409
62,2,3,-1,1,ERROR,2026-07-30T18:36:39.238531
62,2,4,-1,1,ERROR,2026-07-30T18:36:39.366127
62,2,5,-1,1,ERROR,2026-07-30T18:36:39.353198
62,2,6,-1,1,ERROR,2026-07-30T18:36:39.785573
62,2,7,-1,1,ERROR,2026-07-30T18:36:39.573097
62,2,8,-1,1,ERROR,2026-07-30T18:36:39.780217
62,2,9,-1,1,ERROR,2026-07-30T18:36:39.781598
62,2,10,-1,1,ERROR,2026-07-30T18:36:39.827322
62,3,1,-1,1,ERROR,2026-07-30T18:36:39.810448
62,3,2,-1,1,ERROR,2026-07-30T18:36:39.827301
62,3,3,-1,1,ERROR,2026-07-30T18:36:39.845975
62,3,4,-1,1,ERROR,2026-07-30T18:36:40.085370
62,3,5,-1,1,ERROR,2026-07-30T18:36:40.388806
62,3,6,-1,1,ERROR,2026-07-30T18:36:40.388860
62,3,7,-1,1,ERROR,2026-07-30T18:36:40.388836
62,3,8,-1,1,ERROR,2026-07-30T18:36:40.186471
62,3,9,-1,1,ERROR,2026-07-30T18:36:40.403837
62,3,10,-1,1,ERROR,2026-07-30T18:36:40.403810
62,4,1,-1,1,ERROR,2026-07-30T18:36:40.561923
62,4,2,-1,1,ERROR,2026-07-30T18:36:40.557464
62,4,3,-1,1,ERROR,2026-07-30T18:36:40.759544
62,4,4,-1,1,ERROR,2026-07-30T18:36:40.963888
62,4,5,-1,1,ERROR,2026-07-30T18:36:40.963847
62,4,6,-1,1,ERROR,2026-07-30T18:36:40.963872
62,4,7,-1,1,ERROR,2026-07-30T18:36:40.974379
62,4,8,-1,1,ERROR,2026-07-30T18:36:40.977976
62,4,9,-1,1,ERROR,2026-07-30T18:36:41.130491
62,4,10,-1,1,ERROR,2026-07-30T18:36:41.136780
62,5,1,-1,1,ERROR,2026-07-30T18:36:41.225905
62,5,2,-1,1,ERROR,2026-07-30T18:36:41.434158
62,5,3,-1,1,ERROR,2026-07-30T18:36:41.432690
62,5,4,-1,1,ERROR,2026-07-30T18:36:41.431062
62,5,5,-1,1,ERROR,2026-07-30T18:36:41.443803
62,5,6,-1,1,ERROR,2026-07-30T18:36:41.445361
62,5,7,-1,1,ERROR,2026-07-30T18:36:41.606133
62,5,8,-1,1,ERROR,2026-07-30T18:36:41.620642
62,5,9,-1,1,ERROR,2026-07-30T18:36:41.598990
62,5,10,-1,1,ERROR,2026-07-30T18:36:41.802190
62,6,1,-1,1,ERROR,2026-07-30T18:36:42.005989
62,6,2,-1,1,ERROR,2026-07-30T18:36:42.004485
62,6,3,-1,1,ERROR,2026-07-30T18:36:42.017584
62,6,4,-1,1,ERROR,2026-07-30T18:36:42.021890
62,6,5,-1,1,ERROR,2026-07-30T18:36:42.065270
62,6,6,-1,1,ERROR,2026-07-30T18:36:42.180501
62,6,7,-1,1,ERROR,2026-07-30T18:36:42.187143
62,6,8,-1,1,ERROR,2026-07-30T18:36:42.166987
62,6,9,-1,1,ERROR,2026-07-30T18:36:42.378249
62,6,10,-1,1,ERROR,2026-07-30T18:36:42.378277
62,7,1,-1,1,ERROR,2026-07-30T18:36:42.586186
62,7,2,-1,1,ERROR,2026-07-30T18:36:42.591532
62,7,3,-1,1,ERROR,2026-07-30T18:36:42.641137
62,7,4,-1,1,ERROR,2026-07-30T18:36:42.642514
62,7,5,-1,1,ERROR,2026-07-30T18:36:42.650812
62,7,6,-1,1,ERROR,2026-07-30T18:36:42.860407
62,7,7,-1,1,ERROR,2026-07-30T18:36:42.855678
62,7,8,-1,1,ERROR,2026-07-30T18:36:42.962467
62,7,9,-1,1,ERROR,2026-07-30T18:36:42.967932
62,7,10,-1,1,ERROR,2026-07-30T18:36:42.969347
62,8,1,-1,1,ERROR,2026-07-30T18:36:43.211536
62,8,2,-1,1,ERROR,2026-07-30T18:36:43.213890
62,8,3,-1,1,ERROR,2026-07-30T18:36:43.217011
62,8,4,-1,1,ERROR,2026-07-30T18:36:43.423321
62,8,5,-1,1,ERROR,2026-07-30T18:36:43.434353
62,8,6,-1,1,ERROR,2026-07-30T18:36:43.434319
62,8,7,-1,1,ERROR,2026-07-30T18:36:43.439187
62,8,8,-1,1,ERROR,2026-07-30T18:36:43.439209
62,8,9,-1,1,ERROR,2026-07-30T18:36:43.783762
62,8,10,-1,1,ERROR,2026-07-30T18:36:43.581525
62,9,1,-1,1,ERROR,2026-07-30T18:36:43.783729
62,9,2,-1,1,ERROR,2026-07-30T18:36:43.995552
62,9,3,-1,1,ERROR,2026-07-30T18:36:44.007612
62,9,4,-1,1,ERROR,2026-07-30T18:36:44.007581
62,9,5,-1,1,ERROR,2026-07-30T18:36:44.010859
62,9,6,-1,1,ERROR,2026-07-30T18:36:44.009419
62,9,7,-1,1,ERROR,2026-07-30T18:36:44.149380
62,9,8,-1,1,ERROR,2026-07-30T18:36:44.351615
62,9,9,-1,1,ERROR,2026-07-30T18:36:44.351583
62,9,10,-1,1,ERROR,2026-07-30T18:36:44.560423
62,10,1,-1,1,ERROR,2026-07-30T18:36:44.482062
62,10,2,-1,1,ERROR,2026-07-30T18:36:44.479960
62,10,3,-1,1,ERROR,2026-07-30T18:36:44.479931
62,10,4,-1,1,ERROR,2026-07-30T18:36:44.479975
62,10,5,-1,1,ERROR,2026-07-30T18:36:44.717553
62,10,6,-1,1,ERROR,2026-07-30T18:36:44.818359
62,10,7,-1,1,ERROR,2026-07-30T18:36:44.824640
62,10,8,-1,1,ERROR,2026-07-30T18:36:45.057154
62,10,9,-1,1,ERROR,2026-07-30T18:36:45.050801
62,10,10,-1,1,ERROR,2026-07-30T18:36:45.050847
62,11,1,-1,1,ERROR,2026-07-30T18:36:45.050829
62,11,2,-1,1,ERROR,2026-07-30T18:36:45.029100
62,11,3,-1,1,ERROR,2026-07-30T18:36:45.284155
62,11,4,-1,1,ERROR,2026-07-30T18:36:45.286383
62,11,5,-1,1,ERROR,2026-07-30T18:36:45.286364
62,11,6,-1,1,ERROR,2026-07-30T18:36:45.396487
62,11,7,-1,1,ERROR,2026-07-30T18:36:45.629631
62,11,8,-1,1,ERROR,2026-07-30T18:36:45.629616
62,11,9,-1,1,ERROR,2026-07-30T18:36:45.629589
62,11,10,-1,1,ERROR,2026-07-30T18:36:45.629652
62,12,1,-1,1,ERROR,2026-07-30T18:36:45.760931
62,12,2,-1,1,ERROR,2026-07-30T18:36:45.760898
62,12,3,-1,1,ERROR,2026-07-30T18:36:45.761307
62,12,4,-1,1,ERROR,2026-07-30T18:36:45.965062
62,12,5,-1,1,ERROR,2026-07-30T18:36:46.200979
62,12,6,-1,1,ERROR,2026-07-30T18:36:46.199255
62,12,7,-1,1,ERROR,2026-07-30T18:36:46.200030
62,12,8,-1,1,ERROR,2026-07-30T18:36:46.198140
62,12,9,-1,1,ERROR,2026-07-30T18:36:46.329879
62,12,10,-1,1,ERROR,2026-07-30T18:36:46.334667
62,13,1,-1,1,ERROR,2026-07-30T18:36:46.334643
62,13,2,-1,1,ERROR,2026-07-30T18:36:46.334617
62,13,3,-1,1,ERROR,2026-07-30T18:36:46.772387
62,13,4,-1,1,ERROR,2026-07-30T18:36:46.772423
62,13,5,-1,1,ERROR,2026-07-30T18:36:46.774997
62,13,6,-1,1,ERROR,2026-07-30T18:36:46.571312
62,13,7,-1,1,ERROR,2026-07-30T18:36:46.801799
62,13,8,-1,1,ERROR,2026-07-30T18:36:46.803463
62,13,9,-1,1,ERROR,2026-07-30T18:36:46.814708
62,13,10,-1,1,ERROR,2026-07-30T18:36:46.814737
62,14,1,-1,1,ERROR,2026-07-30T18:36:46.943271
62,14,2,-1,1,ERROR,2026-07-30T18:36:47.140946
62,14,3,-1,1,ERROR,2026-07-30T18:36:47.345292
62,14,4,-1,1,ERROR,2026-07-30T18:36:47.140911
62,14,5,-1,1,ERROR,2026-07-30T18:36:47.372551
62,14,6,-1,1,ERROR,2026-07-30T18:36:47.372578
62,14,7,-1,1,ERROR,2026-07-30T18:36:47.383217
62,14,8,-1,1,ERROR,2026-07-30T18:36:47.381593
62,14,9,-1,1,ERROR,2026-07-30T18:36:47.312035
62,14,10,-1,1,ERROR,2026-07-30T18:36:47.509298
62,15,1,-1,1,ERROR,2026-07-30T18:36:47.509273
62,15,2,-1,1,ERROR,2026-07-30T18:36:47.682479
62,15,3,-1,1,ERROR,2026-07-30T18:36:47.921422
62,15,4,-1,1,ERROR,2026-07-30T18:36:47.944593
62,15,5,-1,1,ERROR,2026-07-30T18:36:47.944622
62,15,6,-1,1,ERROR,2026-07-30T18:36:47.854660
62,15,7,-1,1,ERROR,2026-07-30T18:36:47.854696
62,15,8,-1,1,ERROR,2026-07-30T18:36:48.078194
62,15,9,-1,1,ERROR,2026-07-30T18:36:48.081970
62,15,10,-1,1,ERROR,2026-07-30T18:36:48.256155
62,16,1,-1,1,ERROR,2026-07-30T18:36:48.434841
62,16,2,-1,1,ERROR,2026-07-30T18:36:48.226985
62,16,3,-1,1,ERROR,2026-07-30T18:36:48.394011
62,16,4,-1,1,ERROR,2026-07-30T18:36:48.415063
62,16,5,-1,1,ERROR,2026-07-30T18:36:48.415038
62,16,6,-1,1,ERROR,2026-07-30T18:36:48.659491
62,16,7,-1,1,ERROR,2026-07-30T18:36:48.560498
62,16,8,-1,1,ERROR,2026-07-30T18:36:48.796876
62,16,9,-1,1,ERROR,2026-07-30T18:36:48.824576
62,16,10,-1,1,ERROR,2026-07-30T18:36:48.968115
62,17,1,-1,1,ERROR,2026-07-30T18:36:48.981557
62,17,2,-1,1,ERROR,2026-07-30T18:36:48.982567
62,17,3,-1,1,ERROR,2026-07-30T18:36:49.006639
62,17,4,-1,1,ERROR,2026-07-30T18:36:49.027780
62,17,5,-1,1,ERROR,2026-07-30T18:36:49.129579
62,17,6,-1,1,ERROR,2026-07-30T18:36:49.368851
62,17,7,-1,1,ERROR,2026-07-30T18:36:49.294778
62,17,8,-1,1,ERROR,2026-07-30T18:36:49.541518
62,17,9,-1,1,ERROR,2026-07-30T18:36:49.556185
62,17,10,-1,1,ERROR,2026-07-30T18:36:49.563447
62,18,1,-1,1,ERROR,2026-07-30T18:36:49.480717
62,18,2,-1,1,ERROR,2026-07-30T18:36:49.506387
62,18,3,-1,1,ERROR,2026-07-30T18:36:49.704339
62,18,4,-1,1,ERROR,2026-07-30T18:36:49.888530
62,18,5,-1,1,ERROR,2026-07-30T18:36:49.846757
62,18,6,-1,1,ERROR,2026-07-30T18:36:50.051726
62,18,7,-1,1,ERROR,2026-07-30T18:36:50.088420
62,18,8,-1,1,ERROR,2026-07-30T18:36:50.116376
62,18,9,-1,1,ERROR,2026-07-30T18:36:50.029495
62,18,10,-1,1,ERROR,2026-07-30T18:36:50.035092
62,19,1,-1,1,ERROR,2026-07-30T18:36:50.277352
62,19,2,-1,1,ERROR,2026-07-30T18:36:50.217002
62,19,3,-1,1,ERROR,2026-07-30T18:36:50.360546
62,19,4,-1,1,ERROR,2026-07-30T18:36:50.605000
62,19,5,-1,1,ERROR,2026-07-30T18:36:50.607246
62,19,6,-1,1,ERROR,2026-07-30T18:36:50.634280
62,19,7,-1,1,ERROR,2026-07-30T18:36:50.563089
62,19,8,-1,1,ERROR,2026-07-30T18:36:50.589335
62,19,9,-1,1,ERROR,2026-07-30T18:36:50.796325
62,19,10,-1,1,ERROR,2026-07-30T18:36:50.748279
62,20,1,-1,1,ERROR,2026-07-30T18:36:50.835007
62,20,2,-1,1,ERROR,2026-07-30T18:36:50.932544
62,20,3,-1,1,ERROR,2026-07-30T18:36:51.158106
62,20,4,-1,1,ERROR,2026-07-30T18:36:51.175685
62,20,5,-1,1,ERROR,2026-07-30T18:36:51.175710
62,20,6,-1,1,ERROR,2026-07-30T18:36:51.101195
62,20,7,-1,1,ERROR,2026-07-30T18:36:51.318511
62,20,8,-1,1,ERROR,2026-07-30T18:36:51.368484
62,20,9,-1,1,ERROR,2026-07-30T18:36:51.305328
62,20,10,-1,1,ERROR,2026-07-30T18:36:51.525388
62,21,1,-1,1,ERROR,2026-07-30T18:36:51.469539
62,21,2,-1,1,ERROR,2026-07-30T18:36:51.736929
62,21,3,-1,1,ERROR,2026-07-30T18:36:51.747444
62,21,4,-1,1,ERROR,2026-07-30T18:36:51.653203
62,21,5,-1,1,ERROR,2026-07-30T18:36:51.880805
62,21,6,-1,1,ERROR,2026-07-30T18:36:51.887096
62,21,7,-1,1,ERROR,2026-07-30T18:36:51.941353
62,21,8,-1,1,ERROR,2026-07-30T18:36:51.939977
62,21,9,-1,1,ERROR,2026-07-30T18:36:52.091774
62,21,10,-1,1,ERROR,2026-07-30T18:36:52.023320
62,22,1,-1,1,ERROR,2026-07-30T18:36:52.211941
62,22,2,-1,1,ERROR,2026-07-30T18:36:52.220372
62,22,3,-1,1,ERROR,2026-07-30T18:36:52.452099
62,22,4,-1,1,ERROR,2026-07-30T18:36:52.453990
62,22,5,-1,1,ERROR,2026-07-30T18:36:52.412105
62,22,6,-1,1,ERROR,2026-07-30T18:36:52.413854
62,22,7,-1,1,ERROR,2026-07-30T18:36:52.591362
62,22,8,-1,1,ERROR,2026-07-30T18:36:52.560419
62,22,9,-1,1,ERROR,2026-07-30T18:36:52.782433
62,22,10,-1,1,ERROR,2026-07-30T18:36:52.788584
62,23,1,-1,1,ERROR,2026-07-30T18:36:52.983732
62,23,2,-1,1,ERROR,2026-07-30T18:36:52.988459
62,23,3,-1,1,ERROR,2026-07-30T18:36:53.022794
62,23,4,-1,1,ERROR,2026-07-30T18:36:53.022832
62,23,5,-1,1,ERROR,2026-07-30T18:36:53.023580
62,23,6,-1,1,ERROR,2026-07-30T18:36:53.161101
62,23,7,-1,1,ERROR,2026-07-30T18:36:53.352289
62,23,8,-1,1,ERROR,2026-07-30T18:36:53.355779
62,23,9,-1,1,ERROR,2026-07-30T18:36:53.552880
62,23,10,-1,1,ERROR,2026-07-30T18:36:53.556189
62,24,1,-1,1,ERROR,2026-07-30T18:36:53.488897
62,24,2,-1,1,ERROR,2026-07-30T18:36:53.490063
62,24,3,-1,1,ERROR,2026-07-30T18:36:53.491623
62,24,4,-1,1,ERROR,2026-07-30T18:36:53.635092
62,24,5,-1,1,ERROR,2026-07-30T18:36:53.822068
62,24,6,-1,1,ERROR,2026-07-30T18:36:53.823880
62,24,7,-1,1,ERROR,2026-07-30T18:36:54.060408
62,24,8,-1,1,ERROR,2026-07-30T18:36:54.060437
62,24,9,-1,1,ERROR,2026-07-30T18:36:54.060451
62,24,10,-1,1,ERROR,2026-07-30T18:36:54.022061
62,25,1,-1,1,ERROR,2026-07-30T18:36:54.018549
62,25,2,-1,1,ERROR,2026-07-30T18:36:54.103805
62,25,3,-1,1,ERROR,2026-07-30T18:36:54.187082
62,25,4,-1,1,ERROR,2026-07-30T18:36:54.192458
62,25,5,-1,1,ERROR,2026-07-30T18:36:54.593229
62,25,6,-1,1,ERROR,2026-07-30T18:36:54.388201
62,25,7,-1,1,ERROR,2026-07-30T18:36:54.629471
62,25,8,-1,1,ERROR,2026-07-30T18:36:54.629700
62,25,9,-1,1,ERROR,2026-07-30T18:36:54.632320
62,25,10,-1,1,ERROR,2026-07-30T18:36:54.576872
62,26,1,-1,1,ERROR,2026-07-30T18:36:54.654148
62,26,2,-1,1,ERROR,2026-07-30T18:36:54.762831
62,26,3,-1,1,ERROR,2026-07-30T18:36:54.963884
62,26,4,-1,1,ERROR,2026-07-30T18:36:55.147509
62,26,5,-1,1,ERROR,2026-07-30T18:36:55.161581
62,26,6,-1,1,ERROR,2026-07-30T18:36:55.202077
62,26,7,-1,1,ERROR,2026-07-30T18:36:55.199813
62,26,8,-1,1,ERROR,2026-07-30T18:36:55.198700
62,26,9,-1,1,ERROR,2026-07-30T18:36:55.127392
62,26,10,-1,1,ERROR,2026-07-30T18:36:55.335054
62,27,1,-1,1,ERROR,2026-07-30T18:36:55.435523
62,27,2,-1,1,ERROR,2026-07-30T18:36:55.695467
62,27,3,-1,1,ERROR,2026-07-30T18:36:55.719850
62,27,4,-1,1,ERROR,2026-07-30T18:36:55.638250
62,27,5,-1,1,ERROR,2026-07-30T18:36:55.668169
62,27,6,-1,1,ERROR,2026-07-30T18:36:55.666879
62,27,7,-1,1,ERROR,2026-07-30T18:36:55.669082
62,27,8,-1,1,ERROR,2026-07-30T18:36:55.905356
62,27,9,-1,1,ERROR,2026-07-30T18:36:55.904961
62,27,10,-1,1,ERROR,2026-07-30T18:36:56.009601
62,28,1,-1,1,ERROR,2026-07-30T18:36:56.237781
62,28,2,-1,1,ERROR,2026-07-30T18:36:56.239854
62,28,3,-1,1,ERROR,2026-07-30T18:36:56.237813
62,28,4,-1,1,ERROR,2026-07-30T18:36:56.267276
62,28,5,-1,1,ERROR,2026-07-30T18:36:56.193706
62,28,6,-1,1,ERROR,2026-07-30T18:36:56.376706
62,28,7,-1,1,ERROR,2026-07-30T18:36:56.380163
62,28,8,-1,1,ERROR,2026-07-30T18:36:56.576295
62,28,9,-1,1,ERROR,2026-07-30T18:36:56.767300
62,28,10,-1,1,ERROR,2026-07-30T18:36:56.810974
62,29,1,-1,1,ERROR,2026-07-30T18:36:56.809834
62,29,2,-1,1,ERROR,2026-07-30T18:36:56.811155
62,29,3,-1,1,ERROR,2026-07-30T18:36:56.741291
62,29,4,-1,1,ERROR,2026-07-30T18:36:56.947323
62,29,5,-1,1,ERROR,2026-07-30T18:36:56.948302
62,29,6,-1,1,ERROR,2026-07-30T18:36:57.148267
62,29,7,-1,1,ERROR,2026-07-30T18:36:57.311582
62,29,8,-1,1,ERROR,2026-07-30T18:36:57.344341
62,29,9,-1,1,ERROR,2026-07-30T18:36:57.309914
62,29,10,-1,1,ERROR,2026-07-30T18:36:57.306431
62,30,1,-1,1,ERROR,2026-07-30T18:36:57.307651
62,30,2,-1,1,ERROR,2026-07-30T18:36:57.521400
62,30,3,-1,1,ERROR,2026-07-30T18:36:57.524434
62,30,4,-1,1,ERROR,2026-07-30T18:36:57.618885
62,30,5,-1,1,ERROR,2026-07-30T18:36:57.978795
62,30,6,-1,1,ERROR,2026-07-30T18:36:57.978911
62,30,7,-1,1,ERROR,2026-07-30T18:36:57.978677
62,30,8,-1,1,ERROR,2026-07-30T18:36:57.978964
62,30,9,-1,1,ERROR,2026-07-30T18:36:57.917927
62,30,10,-1,1,ERROR,2026-07-30T18:36:58.094536
63,1,1,-1,1,ERROR,2026-07-30T18:36:58.094563
63,1,2,-1,1,ERROR,2026-07-30T18:36:58.184602
63,1,3,-1,1,ERROR,2026-07-30T18:36:58.284594
63,1,4,-1,1,ERROR,2026-07-30T18:36:58.556678
63,1,5,-1,1,ERROR,2026-07-30T18:36:58.554538
63,1,6,-1,1,ERROR,2026-07-30T18:36:58.554572
63,1,7,-1,1,ERROR,2026-07-30T18:36:58.556788
63,1,8,-1,1,ERROR,2026-07-30T18:36:58.678355
63,1,9,-1,1,ERROR,2026-07-30T18:36:58.764185
63,1,10,-1,1,ERROR,2026-07-30T18:36:58.761738
63,2,1,-1,1,ERROR,2026-07-30T18:36:58.890459
63,2,2,-1,1,ERROR,2026-07-30T18:36:59.136982
63,2,3,-1,1,ERROR,2026-07-30T18:36:59.132902
63,2,4,-1,1,ERROR,2026-07-30T18:36:59.144032
63,2,5,-1,1,ERROR,2026-07-30T18:36:59.144058
63,2,6,-1,1,ERROR,2026-07-30T18:36:59.152903
63,2,7,-1,1,ERROR,2026-07-30T18:36:59.334521
63,2,8,-1,1,ERROR,2026-07-30T18:36:59.334405
63,2,9,-1,1,ERROR,2026-07-30T18:36:59.265136
63,2,10,-1,1,ERROR,2026-07-30T18:36:59.722871
63,3,1,-1,1,ERROR,2026-07-30T18:36:59.515820
63,3,2,-1,1,ERROR,2026-07-30T18:36:59.725117
63,3,3,-1,1,ERROR,2026-07-30T18:36:59.722845
63,3,4,-1,1,ERROR,2026-07-30T18:36:59.727771
63,3,5,-1,1,ERROR,2026-07-30T18:36:59.760612
63,3,6,-1,1,ERROR,2026-07-30T18:36:59.907616
63,3,7,-1,1,ERROR,2026-07-30T18:36:59.907591
63,3,8,-1,1,ERROR,2026-07-30T18:36:59.883691
63,3,9,-1,1,ERROR,2026-07-30T18:37:00.094581
63,3,10,-1,1,ERROR,2026-07-30T18:37:00.296554
63,4,1,-1,1,ERROR,2026-07-30T18:37:00.296528
63,4,2,-1,1,ERROR,2026-07-30T18:37:00.306135
63,4,3,-1,1,ERROR,2026-07-30T18:37:00.335292
63,4,4,-1,1,ERROR,2026-07-30T18:37:00.257699
63,4,5,-1,1,ERROR,2026-07-30T18:37:00.476784
63,4,6,-1,1,ERROR,2026-07-30T18:37:00.484530
63,4,7,-1,1,ERROR,2026-07-30T18:37:00.672280
63,4,8,-1,1,ERROR,2026-07-30T18:37:00.833955
63,4,9,-1,1,ERROR,2026-07-30T18:37:00.867231
63,4,10,-1,1,ERROR,2026-07-30T18:37:00.864361
63,5,1,-1,1,ERROR,2026-07-30T18:37:00.875040
63,5,2,-1,1,ERROR,2026-07-30T18:37:00.807834
63,5,3,-1,1,ERROR,2026-07-30T18:37:01.050519
63,5,4,-1,1,ERROR,2026-07-30T18:37:01.068482
63,5,5,-1,1,ERROR,2026-07-30T18:37:01.248074
63,5,6,-1,1,ERROR,2026-07-30T18:37:01.179326
63,5,7,-1,1,ERROR,2026-07-30T18:37:01.401912
63,5,8,-1,1,ERROR,2026-07-30T18:37:01.440891
63,5,9,-1,1,ERROR,2026-07-30T18:37:01.434628
63,5,10,-1,1,ERROR,2026-07-30T18:37:01.343585
63,6,1,-1,1,ERROR,2026-07-30T18:37:01.517294
63,6,2,-1,1,ERROR,2026-07-30T18:37:01.541870
63,6,3,-1,1,ERROR,2026-07-30T18:37:01.748567
63,6,4,-1,1,ERROR,2026-07-30T18:37:01.718567
63,6,5,-1,1,ERROR,2026-07-30T18:37:01.913597
63,6,6,-1,1,ERROR,2026-07-30T18:37:01.970584
63,6,7,-1,1,ERROR,2026-07-30T18:37:01.906563
63,6,8,-1,1,ERROR,2026-07-30T18:37:01.909976
63,6,9,-1,1,ERROR,2026-07-30T18:37:01.988125
63,6,10,-1,1,ERROR,2026-07-30T18:37:02.112978
63,7,1,-1,1,ERROR,2026-07-30T18:37:02.087067
63,7,2,-1,1,ERROR,2026-07-30T18:37:02.320681
63,7,3,-1,1,ERROR,2026-07-30T18:37:02.480120
63,7,4,-1,1,ERROR,2026-07-30T18:37:02.480092
63,7,5,-1,1,ERROR,2026-07-30T18:37:02.493096
63,7,6,-1,1,ERROR,2026-07-30T18:37:02.442350
63,7,7,-1,1,ERROR,2026-07-30T18:37:02.452749
63,7,8,-1,1,ERROR,2026-07-30T18:37:02.666015
63,7,9,-1,1,ERROR,2026-07-30T18:37:02.683510
63,7,10,-1,1,ERROR,2026-07-30T18:37:02.892182
63,8,1,-1,1,ERROR,2026-07-30T18:37:02.807678
63,8,2,-1,1,ERROR,2026-07-30T18:37:03.020594
63,8,3,-1,1,ERROR,2026-07-30T18:37:03.050503
63,8,4,-1,1,ERROR,2026-07-30T18:37:03.050527
63,8,5,-1,1,ERROR,2026-07-30T18:37:03.066484
63,8,6,-1,1,ERROR,2026-07-30T18:37:03.236186
63,8,7,-1,1,ERROR,2026-07-30T18:37:03.256319
63,8,8,-1,1,ERROR,2026-07-30T18:37:03.181229
63,8,9,-1,1,ERROR,2026-07-30T18:37:03.361213
63,8,10,-1,1,ERROR,2026-07-30T18:37:03.589641
63,9,1,-1,1,ERROR,2026-07-30T18:37:03.620996
63,9,2,-1,1,ERROR,2026-07-30T18:37:03.622239
63,9,3,-1,1,ERROR,2026-07-30T18:37:03.633829
63,9,4,-1,1,ERROR,2026-07-30T18:37:03.751730
63,9,5,-1,1,ERROR,2026-07-30T18:37:03.808941
63,9,6,-1,1,ERROR,2026-07-30T18:37:03.824387
63,9,7,-1,1,ERROR,2026-07-30T18:37:03.726842
63,9,8,-1,1,ERROR,2026-07-30T18:37:03.964297
63,9,9,-1,1,ERROR,2026-07-30T18:37:04.194728
63,9,10,-1,1,ERROR,2026-07-30T18:37:04.195944
63,10,1,-1,1,ERROR,2026-07-30T18:37:04.209227
63,10,2,-1,1,ERROR,2026-07-30T18:37:04.195924
63,10,3,-1,1,ERROR,2026-07-30T18:37:04.333538
63,10,4,-1,1,ERROR,2026-07-30T18:37:04.392380
63,10,5,-1,1,ERROR,2026-07-30T18:37:04.395239
63,10,6,-1,1,ERROR,2026-07-30T18:37:04.534820
63,10,7,-1,1,ERROR,2026-07-30T18:37:04.763394
63,10,8,-1,1,ERROR,2026-07-30T18:37:04.767266
63,10,9,-1,1,ERROR,2026-07-30T18:37:04.767296
63,10,10,-1,1,ERROR,2026-07-30T18:37:04.677360
63,11,1,-1,1,ERROR,2026-07-30T18:37:04.907898
63,11,2,-1,1,ERROR,2026-07-30T18:37:04.859551
63,11,3,-1,1,ERROR,2026-07-30T18:37:04.859572
63,11,4,-1,1,ERROR,2026-07-30T18:37:05.104997
63,11,5,-1,1,ERROR,2026-07-30T18:37:05.043250
63,11,6,-1,1,ERROR,2026-07-30T18:37:05.333233
63,11,7,-1,1,ERROR,2026-07-30T18:37:05.237102
63,11,8,-1,1,ERROR,2026-07-30T18:37:05.236076
63,11,9,-1,1,ERROR,2026-07-30T18:37:05.327393
63,11,10,-1,1,ERROR,2026-07-30T18:37:05.331772
63,12,1,-1,1,ERROR,2026-07-30T18:37:05.479926
63,12,2,-1,1,ERROR,2026-07-30T18:37:05.413423
63,12,3,-1,1,ERROR,2026-07-30T18:37:05.672952
63,12,4,-1,1,ERROR,2026-07-30T18:37:05.602128
63,12,5,-1,1,ERROR,2026-07-30T18:37:05.603408
63,12,6,-1,1,ERROR,2026-07-30T18:37:05.801620
63,12,7,-1,1,ERROR,2026-07-30T18:37:05.801818
63,12,8,-1,1,ERROR,2026-07-30T18:37:05.802825
63,12,9,-1,1,ERROR,2026-07-30T18:37:05.787679
63,12,10,-1,1,ERROR,2026-07-30T18:37:06.047949
63,13,1,-1,1,ERROR,2026-07-30T18:37:05.970804
63,13,2,-1,1,ERROR,2026-07-30T18:37:05.971842
63,13,3,-1,1,ERROR,2026-07-30T18:37:06.245569
63,13,4,-1,1,ERROR,2026-07-30T18:37:06.257906
63,13,5,-1,1,ERROR,2026-07-30T18:37:06.171007
63,13,6,-1,1,ERROR,2026-07-30T18:37:06.375673
63,13,7,-1,1,ERROR,2026-07-30T18:37:06.376719
63,13,8,-1,1,ERROR,2026-07-30T18:37:06.444006
63,13,9,-1,1,ERROR,2026-07-30T18:37:06.440440
63,13,10,-1,1,ERROR,2026-07-30T18:37:06.520642
63,14,1,-1,1,ERROR,2026-07-30T18:37:06.540309
63,14,2,-1,1,ERROR,2026-07-30T18:37:06.718897
63,14,3,-1,1,ERROR,2026-07-30T18:37:06.722855
63,14,4,-1,1,ERROR,2026-07-30T18:37:06.941506
63,14,5,-1,1,ERROR,2026-07-30T18:37:06.952463
63,14,6,-1,1,ERROR,2026-07-30T18:37:06.908869
63,14,7,-1,1,ERROR,2026-07-30T18:37:06.909249
63,14,8,-1,1,ERROR,2026-07-30T18:37:06.994524
63,14,9,-1,1,ERROR,2026-07-30T18:37:07.110587
63,14,10,-1,1,ERROR,2026-07-30T18:37:07.086020
63,15,1,-1,1,ERROR,2026-07-30T18:37:07.183452
63,15,2,-1,1,ERROR,2026-07-30T18:37:07.280446
63,15,3,-1,1,ERROR,2026-07-30T18:37:07.285806
63,15,4,-1,1,ERROR,2026-07-30T18:37:07.513601
63,15,5,-1,1,ERROR,2026-07-30T18:37:07.519534
63,15,6,-1,1,ERROR,2026-07-30T18:37:07.464574
63,15,7,-1,1,ERROR,2026-07-30T18:37:07.551786
63,15,8,-1,1,ERROR,2026-07-30T18:37:07.678592
63,15,9,-1,1,ERROR,2026-07-30T18:37:07.749589
63,15,10,-1,1,ERROR,2026-07-30T18:37:07.749566
63,16,1,-1,1,ERROR,2026-07-30T18:37:07.654501
63,16,2,-1,1,ERROR,2026-07-30T18:37:07.832459
63,16,3,-1,1,ERROR,2026-07-30T18:37:08.083869
63,16,4,-1,1,ERROR,2026-07-30T18:37:08.093118
63,16,5,-1,1,ERROR,2026-07-30T18:37:08.018943
63,16,6,-1,1,ERROR,2026-07-30T18:37:08.230066
63,16,7,-1,1,ERROR,2026-07-30T18:37:08.253802
63,16,8,-1,1,ERROR,2026-07-30T18:37:08.219946
63,16,9,-1,1,ERROR,2026-07-30T18:37:08.219900
63,16,10,-1,1,ERROR,2026-07-30T18:37:08.305778
63,17,1,-1,1,ERROR,2026-07-30T18:37:08.393091
63,17,2,-1,1,ERROR,2026-07-30T18:37:08.653661
63,17,3,-1,1,ERROR,2026-07-30T18:37:08.563094
63,17,4,-1,1,ERROR,2026-07-30T18:37:08.791988
63,17,5,-1,1,ERROR,2026-07-30T18:37:08.791967
63,17,6,-1,1,ERROR,2026-07-30T18:37:08.802091
63,17,7,-1,1,ERROR,2026-07-30T18:37:08.826824
63,17,8,-1,1,ERROR,2026-07-30T18:37:08.777490
63,17,9,-1,1,ERROR,2026-07-30T18:37:08.962547
63,17,10,-1,1,ERROR,2026-07-30T18:37:08.931988
63,18,1,-1,1,ERROR,2026-07-30T18:37:09.154160
63,18,2,-1,1,ERROR,2026-07-30T18:37:09.347863
63,18,3,-1,1,ERROR,2026-07-30T18:37:09.356202
63,18,4,-1,1,ERROR,2026-07-30T18:37:09.366670
63,18,5,-1,1,ERROR,2026-07-30T18:37:09.370993
63,18,6,-1,1,ERROR,2026-07-30T18:37:09.399642
63,18,7,-1,1,ERROR,2026-07-30T18:37:09.501884
63,18,8,-1,1,ERROR,2026-07-30T18:37:09.534442
63,18,9,-1,1,ERROR,2026-07-30T18:37:09.730665
63,18,10,-1,1,ERROR,2026-07-30T18:37:09.919633
63,19,1,-1,1,ERROR,2026-07-30T18:37:09.932201
63,19,2,-1,1,ERROR,2026-07-30T18:37:09.838798
63,19,3,-1,1,ERROR,2026-07-30T18:37:09.843794
63,19,4,-1,1,ERROR,2026-07-30T18:37:09.875452
63,19,5,-1,1,ERROR,2026-07-30T18:37:10.071338
63,19,6,-1,1,ERROR,2026-07-30T18:37:10.102828
63,19,7,-1,1,ERROR,2026-07-30T18:37:10.198901
63,19,8,-1,1,ERROR,2026-07-30T18:37:10.414715
63,19,9,-1,1,ERROR,2026-07-30T18:37:10.416112
63,19,10,-1,1,ERROR,2026-07-30T18:37:10.443831
63,20,1,-1,1,ERROR,2026-07-30T18:37:10.389079
63,20,2,-1,1,ERROR,2026-07-30T18:37:10.400775
63,20,3,-1,1,ERROR,2026-07-30T18:37:10.646544
63,20,4,-1,1,ERROR,2026-07-30T18:37:10.588834
63,20,5,-1,1,ERROR,2026-07-30T18:37:10.573030
63,20,6,-1,1,ERROR,2026-07-30T18:37:10.759360
63,20,7,-1,1,ERROR,2026-07-30T18:37:10.981348
63,20,8,-1,1,ERROR,2026-07-30T18:37:10.996840
63,20,9,-1,1,ERROR,2026-07-30T18:37:10.984821
63,20,10,-1,1,ERROR,2026-07-30T18:37:10.915716
63,21,1,-1,1,ERROR,2026-07-30T18:37:11.147859
63,21,2,-1,1,ERROR,2026-07-30T18:37:11.159091
63,21,3,-1,1,ERROR,2026-07-30T18:37:11.125264
63,21,4,-1,1,ERROR,2026-07-30T18:37:11.337715
63,21,5,-1,1,ERROR,2026-07-30T18:37:11.288889
63,21,6,-1,1,ERROR,2026-07-30T18:37:11.556891
63,21,7,-1,1,ERROR,2026-07-30T18:37:11.560364
63,21,8,-1,1,ERROR,2026-07-30T18:37:11.563152
63,21,9,-1,1,ERROR,2026-07-30T18:37:11.703896
63,21,10,-1,1,ERROR,2026-07-30T18:37:11.728633
63,22,1,-1,1,ERROR,2026-07-30T18:37:11.739115
63,22,2,-1,1,ERROR,2026-07-30T18:37:11.758809
63,22,3,-1,1,ERROR,2026-07-30T18:37:11.910032
63,22,4,-1,1,ERROR,2026-07-30T18:37:12.026358
63,22,5,-1,1,ERROR,2026-07-30T18:37:12.032449
63,22,6,-1,1,ERROR,2026-07-30T18:37:12.031528
63,22,7,-1,1,ERROR,2026-07-30T18:37:12.274885
63,22,8,-1,1,ERROR,2026-07-30T18:37:12.201693
63,22,9,-1,1,ERROR,2026-07-30T18:37:12.209952
63,22,10,-1,1,ERROR,2026-07-30T18:37:12.228934
63,23,1,-1,1,ERROR,2026-07-30T18:37:12.382743
63,23,2,-1,1,ERROR,2026-07-30T18:37:12.603877
63,23,3,-1,1,ERROR,2026-07-30T18:37:12.611358
63,23,4,-1,1,ERROR,2026-07-30T18:37:12.603909
63,23,5,-1,1,ERROR,2026-07-30T18:37:12.772379
63,23,6,-1,1,ERROR,2026-07-30T18:37:12.778718
63,23,7,-1,1,ERROR,2026-07-30T18:37:12.801170
63,23,8,-1,1,ERROR,2026-07-30T18:37:12.738387
63,23,9,-1,1,ERROR,2026-07-30T18:37:12.951696
63,23,10,-1,1,ERROR,2026-07-30T18:37:13.172275
63,24,1,-1,1,ERROR,2026-07-30T18:37:13.177499
63,24,2,-1,1,ERROR,2026-07-30T18:37:13.088084
63,24,3,-1,1,ERROR,2026-07-30T18:37:13.311334
63,24,4,-1,1,ERROR,2026-07-30T18:37:13.342665
63,24,5,-1,1,ERROR,2026-07-30T18:37:13.347247
63,24,6,-1,1,ERROR,2026-07-30T18:37:13.368770
63,24,7,-1,1,ERROR,2026-07-30T18:37:13.523871
63,24,8,-1,1,ERROR,2026-07-30T18:37:13.460188
63,24,9,-1,1,ERROR,2026-07-30T18:37:13.637245
63,24,10,-1,1,ERROR,2026-07-30T18:37:13.645323
63,25,1,-1,1,ERROR,2026-07-30T18:37:13.877877
63,25,2,-1,1,ERROR,2026-07-30T18:37:13.915623
63,25,3,-1,1,ERROR,2026-07-30T18:37:13.915648
63,25,4,-1,1,ERROR,2026-07-30T18:37:13.838365
63,25,5,-1,1,ERROR,2026-07-30T18:37:14.031700
63,25,6,-1,1,ERROR,2026-07-30T18:37:14.094521
63,25,7,-1,1,ERROR,2026-07-30T18:37:14.006338
63,25,8,-1,1,ERROR,2026-07-30T18:37:14.222524
63,25,9,-1,1,ERROR,2026-07-30T18:37:14.409553
63,25,10,-1,1,ERROR,2026-07-30T18:37:14.454129
63,26,1,-1,1,ERROR,2026-07-30T18:37:14.382706
63,26,2,-1,1,ERROR,2026-07-30T18:37:14.389988
63,26,3,-1,1,ERROR,2026-07-30T18:37:14.584923
63,26,4,-1,1,ERROR,2026-07-30T18:37:14.606092
63,26,5,-1,1,ERROR,2026-07-30T18:37:14.565424
63,26,6,-1,1,ERROR,2026-07-30T18:37:14.793861
63,26,7,-1,1,ERROR,2026-07-30T18:37:14.748706
63,26,8,-1,1,ERROR,2026-07-30T18:37:14.974519
63,26,9,-1,1,ERROR,2026-07-30T18:37:14.985227
63,26,10,-1,1,ERROR,2026-07-30T18:37:15.020395
63,27,1,-1,1,ERROR,2026-07-30T18:37:14.938070
63,27,2,-1,1,ERROR,2026-07-30T18:37:15.158886
63,27,3,-1,1,ERROR,2026-07-30T18:37:15.179265
63,27,4,-1,1,ERROR,2026-07-30T18:37:15.120342
63,27,5,-1,1,ERROR,2026-07-30T18:37:15.367563
63,27,6,-1,1,ERROR,2026-07-30T18:37:15.312801
63,27,7,-1,1,ERROR,2026-07-30T18:37:15.551516
63,27,8,-1,1,ERROR,2026-07-30T18:37:15.555157
63,27,9,-1,1,ERROR,2026-07-30T18:37:15.491763
63,27,10,-1,1,ERROR,2026-07-30T18:37:15.699315
63,28,1,-1,1,ERROR,2026-07-30T18:37:15.737977
63,28,2,-1,1,ERROR,2026-07-30T18:37:15.756723
63,28,3,-1,1,ERROR,2026-07-30T18:37:15.891134
63,28,4,-1,1,ERROR,2026-07-30T18:37:15.943782
63,28,5,-1,1,ERROR,2026-07-30T18:37:15.958833
63,28,6,-1,1,ERROR,2026-07-30T18:37:16.122364
63,28,7,-1,1,ERROR,2026-07-30T18:37:16.125829
63,28,8,-1,1,ERROR,2026-07-30T18:37:16.271345
63,28,9,-1,1,ERROR,2026-07-30T18:37:16.320102
63,28,10,-1,1,ERROR,2026-07-30T18:37:16.238041
63,29,1,-1,1,ERROR,2026-07-30T18:37:16.472080
63,29,2,-1,1,ERROR,2026-07-30T18:37:16.420168
63,29,3,-1,1,ERROR,2026-07-30T18:37:16.437678
63,29,4,-1,1,ERROR,2026-07-30T18:37:16.590140
63,29,5,-1,1,ERROR,2026-07-30T18:37:16.590404
63,29,6,-1,1,ERROR,2026-07-30T18:37:16.609829
63,29,7,-1,1,ERROR,2026-07-30T18:37:16.842124
63,29,8,-1,1,ERROR,2026-07-30T18:37:16.792876
63,29,9,-1,1,ERROR,2026-07-30T18:37:16.995660
63,29,10,-1,1,ERROR,2026-07-30T18:37:17.012313
63,30,1,-1,1,ERROR,2026-07-30T18:37:17.038107
63,30,2,-1,1,ERROR,2026-07-30T18:37:16.964797
63,30,3,-1,1,ERROR,2026-07-30T18:37:16.964761
63,30,4,-1,1,ERROR,2026-07-30T18:37:17.181592
63,30,5,-1,1,ERROR,2026-07-30T18:37:17.365969
63,30,6,-1,1,ERROR,2026-07-30T18:37:17.318530
63,30,7,-1,1,ERROR,2026-07-30T18:37:17.533805
63,30,8,-1,1,ERROR,2026-07-30T18:37:17.533779
63,30,9,-1,1,ERROR,2026-07-30T18:37:17.568073
63,30,10,-1,1,ERROR,2026-07-30T18:37:17.584948
64,1,1,-1,1,ERROR,2026-07-30T18:37:17.508959
64,1,2,-1,1,ERROR,2026-07-30T18:37:17.686503
64,1,3,-1,1,ERROR,2026-07-30T18:37:17.687695
64,1,4,-1,1,ERROR,2026-07-30T18:37:17.860746
64,1,5,-1,1,ERROR,2026-07-30T18:37:18.084293
64,1,6,-1,1,ERROR,2026-07-30T18:37:18.100372
64,1,7,-1,1,ERROR,2026-07-30T18:37:18.106495
64,1,8,-1,1,ERROR,2026-07-30T18:37:18.038903
64,1,9,-1,1,ERROR,2026-07-30T18:37:18.054798
64,1,10,-1,1,ERROR,2026-07-30T18:37:18.258090
64,2,1,-1,1,ERROR,2026-07-30T18:37:18.258113
64,2,2,-1,1,ERROR,2026-07-30T18:37:18.231363
64,2,3,-1,1,ERROR,2026-07-30T18:37:18.410561
64,2,4,-1,1,ERROR,2026-07-30T18:37:18.423738
64,2,5,-1,1,ERROR,2026-07-30T18:37:18.658803
64,2,6,-1,1,ERROR,2026-07-30T18:37:18.674858
64,2,7,-1,1,ERROR,2026-07-30T18:37:18.674828
64,2,8,-1,1,ERROR,2026-07-30T18:37:18.606660
64,2,9,-1,1,ERROR,2026-07-30T18:37:18.835720
64,2,10,-1,1,ERROR,2026-07-30T18:37:18.831393
64,3,1,-1,1,ERROR,2026-07-30T18:37:18.882445
64,3,2,-1,1,ERROR,2026-07-30T18:37:18.791661
64,3,3,-1,1,ERROR,2026-07-30T18:37:18.976543
64,3,4,-1,1,ERROR,2026-07-30T18:37:19.235461
64,3,5,-1,1,ERROR,2026-07-30T18:37:19.245732
64,3,6,-1,1,ERROR,2026-07-30T18:37:19.245699
64,3,7,-1,1,ERROR,2026-07-30T18:37:19.363086
64,3,8,-1,1,ERROR,2026-07-30T18:37:19.401632
64,3,9,-1,1,ERROR,2026-07-30T18:37:19.404362
64,3,10,-1,1,ERROR,2026-07-30T18:37:19.363057
64,4,1,-1,1,ERROR,2026-07-30T18:37:19.448164
64,4,2,-1,1,ERROR,2026-07-30T18:37:19.604932
64,4,3,-1,1,ERROR,2026-07-30T18:37:19.817031
64,4,4,-1,1,ERROR,2026-07-30T18:37:19.820237
64,4,5,-1,1,ERROR,2026-07-30T18:37:19.838536
64,4,6,-1,1,ERROR,2026-07-30T18:37:19.838499
64,4,7,-1,1,ERROR,2026-07-30T18:37:19.877063
64,4,8,-1,1,ERROR,2026-07-30T18:37:19.877097
64,4,9,-1,1,ERROR,2026-07-30T18:37:20.019390
64,4,10,-1,1,ERROR,2026-07-30T18:37:19.977803
64,5,1,-1,1,ERROR,2026-07-30T18:37:20.186489
64,5,2,-1,1,ERROR,2026-07-30T18:37:20.389057
64,5,3,-1,1,ERROR,2026-07-30T18:37:20.406829
64,5,4,-1,1,ERROR,2026-07-30T18:37:20.406853
64,5,5,-1,1,ERROR,2026-07-30T18:37:20.448483
64,5,6,-1,1,ERROR,2026-07-30T18:37:20.448515
64,5,7,-1,1,ERROR,2026-07-30T18:37:20.449016
64,5,8,-1,1,ERROR,2026-07-30T18:37:20.591342
64,5,9,-1,1,ERROR,2026-07-30T18:37:20.759851
64,5,10,-1,1,ERROR,2026-07-30T18:37:20.961781
64,6,1,-1,1,ERROR,2026-07-30T18:37:20.980171
64,6,2,-1,1,ERROR,2026-07-30T18:37:20.980148
64,6,3,-1,1,ERROR,2026-07-30T18:37:20.926391
64,6,4,-1,1,ERROR,2026-07-30T18:37:20.921604
64,6,5,-1,1,ERROR,2026-07-30T18:37:20.925796
64,6,6,-1,1,ERROR,2026-07-30T18:37:21.062877
64,6,7,-1,1,ERROR,2026-07-30T18:37:21.229916
64,6,8,-1,1,ERROR,2026-07-30T18:37:21.491934
64,6,9,-1,1,ERROR,2026-07-30T18:37:21.495783
64,6,10,-1,1,ERROR,2026-07-30T18:37:21.496741
64,7,1,-1,1,ERROR,2026-07-30T18:37:21.430852
64,7,2,-1,1,ERROR,2026-07-30T18:37:21.451898
64,7,3,-1,1,ERROR,2026-07-30T18:37:21.451873
64,7,4,-1,1,ERROR,2026-07-30T18:37:21.635036
64,7,5,-1,1,ERROR,2026-07-30T18:37:21.603603
64,7,6,-1,1,ERROR,2026-07-30T18:37:21.801254
64,7,7,-1,1,ERROR,2026-07-30T18:37:22.021292
64,7,8,-1,1,ERROR,2026-07-30T18:37:22.021319
64,7,9,-1,1,ERROR,2026-07-30T18:37:21.963337
64,7,10,-1,1,ERROR,2026-07-30T18:37:21.963276
64,8,1,-1,1,ERROR,2026-07-30T18:37:21.966646
64,8,2,-1,1,ERROR,2026-07-30T18:37:22.173865
64,8,3,-1,1,ERROR,2026-07-30T18:37:22.204385
64,8,4,-1,1,ERROR,2026-07-30T18:37:22.375463
64,8,5,-1,1,ERROR,2026-07-30T18:37:22.331848
64,8,6,-1,1,ERROR,2026-07-30T18:37:22.336770
64,8,7,-1,1,ERROR,2026-07-30T18:37:22.338201
64,8,8,-1,1,ERROR,2026-07-30T18:37:22.593859
64,8,9,-1,1,ERROR,2026-07-30T18:37:22.596818
64,8,10,-1,1,ERROR,2026-07-30T18:37:22.746467
64,9,1,-1,1,ERROR,2026-07-30T18:37:22.773626
64,9,2,-1,1,ERROR,2026-07-30T18:37:22.809303
64,9,3,-1,1,ERROR,2026-07-30T18:37:22.809329
64,9,4,-1,1,ERROR,2026-07-30T18:37:22.809347
64,9,5,-1,1,ERROR,2026-07-30T18:37:22.950979
64,9,6,-1,1,ERROR,2026-07-30T18:37:23.069714
64,9,7,-1,1,ERROR,2026-07-30T18:37:23.069739
64,9,8,-1,1,ERROR,2026-07-30T18:37:23.318841
64,9,9,-1,1,ERROR,2026-07-30T18:37:23.345290
64,9,10,-1,1,ERROR,2026-07-30T18:37:23.279178
64,10,1,-1,1,ERROR,2026-07-30T18:37:23.277447
64,10,2,-1,1,ERROR,2026-07-30T18:37:23.285717
64,10,3,-1,1,ERROR,2026-07-30T18:37:23.523793
64,10,4,-1,1,ERROR,2026-07-30T18:37:23.538352
64,10,5,-1,1,ERROR,2026-07-30T18:37:23.538368
64,10,6,-1,1,ERROR,2026-07-30T18:37:23.849865
64,10,7,-1,1,ERROR,2026-07-30T18:37:23.645559
64,10,8,-1,1,ERROR,2026-07-30T18:37:23.860584
64,10,9,-1,1,ERROR,2026-07-30T18:37:23.893546
64,10,10,-1,1,ERROR,2026-07-30T18:37:23.817467
64,11,1,-1,1,ERROR,2026-07-30T18:37:24.090527
64,11,2,-1,1,ERROR,2026-07-30T18:37:24.012847
64,11,3,-1,1,ERROR,2026-07-30T18:37:24.011177
64,11,4,-1,1,ERROR,2026-07-30T18:37:24.217051
64,11,5,-1,1,ERROR,2026-07-30T18:37:24.182087
64,11,6,-1,1,ERROR,2026-07-30T18:37:24.421843
64,11,7,-1,1,ERROR,2026-07-30T18:37:24.426781
64,11,8,-1,1,ERROR,2026-07-30T18:37:24.465025
64,11,9,-1,1,ERROR,2026-07-30T18:37:24.582890
64,11,10,-1,1,ERROR,2026-07-30T18:37:24.378537
64,12,1,-1,1,ERROR,2026-07-30T18:37:24.567129
64,12,2,-1,1,ERROR,2026-07-30T18:37:24.653025
64,12,3,-1,1,ERROR,2026-07-30T18:37:24.787518
64,12,4,-1,1,ERROR,2026-07-30T18:37:24.750987
64,12,5,-1,1,ERROR,2026-07-30T18:37:24.999732
64,12,6,-1,1,ERROR,2026-07-30T18:37:24.997602
64,12,7,-1,1,ERROR,2026-07-30T18:37:24.937312
64,12,8,-1,1,ERROR,2026-07-30T18:37:25.154289
64,12,9,-1,1,ERROR,2026-07-30T18:37:25.157235
64,12,10,-1,1,ERROR,2026-07-30T18:37:25.135025
64,13,1,-1,1,ERROR,2026-07-30T18:37:25.321982
64,13,2,-1,1,ERROR,2026-07-30T18:37:25.357835
64,13,3,-1,1,ERROR,2026-07-30T18:37:25.305041
64,13,4,-1,1,ERROR,2026-07-30T18:37:25.465761
64,13,5,-1,1,ERROR,2026-07-30T18:37:25.467882
64,13,6,-1,1,ERROR,2026-07-30T18:37:25.714831
64,13,7,-1,1,ERROR,2026-07-30T18:37:25.722346
64,13,8,-1,1,ERROR,2026-07-30T18:37:25.723590
64,13,9,-1,1,ERROR,2026-07-30T18:37:25.880547
64,13,10,-1,1,ERROR,2026-07-30T18:37:25.890624
64,14,1,-1,1,ERROR,2026-07-30T18:37:25.927797
64,14,2,-1,1,ERROR,2026-07-30T18:37:25.930356
64,14,3,-1,1,ERROR,2026-07-30T18:37:25.836140
64,14,4,-1,1,ERROR,2026-07-30T18:37:26.088821
64,14,5,-1,1,ERROR,2026-07-30T18:37:26.296074
64,14,6,-1,1,ERROR,2026-07-30T18:37:26.296045
64,14,7,-1,1,ERROR,2026-07-30T18:37:26.312984
64,14,8,-1,1,ERROR,2026-07-30T18:37:26.247489
64,14,9,-1,1,ERROR,2026-07-30T18:37:26.460830
64,14,10,-1,1,ERROR,2026-07-30T18:37:26.505744
64,15,1,-1,1,ERROR,2026-07-30T18:37:26.502239
64,15,2,-1,1,ERROR,2026-07-30T18:37:26.659227
64,15,3,-1,1,ERROR,2026-07-30T18:37:26.612559
64,15,4,-1,1,ERROR,2026-07-30T18:37:26.764814
64,15,5,-1,1,ERROR,2026-07-30T18:37:26.764785
64,15,6,-1,1,ERROR,2026-07-30T18:37:26.784701
64,15,7,-1,1,ERROR,2026-07-30T18:37:26.942420
64,15,8,-1,1,ERROR,2026-07-30T18:37:26.968674
64,15,9,-1,1,ERROR,2026-07-30T18:37:26.975289
64,15,10,-1,1,ERROR,2026-07-30T18:37:27.184186
64,16,1,-1,1,ERROR,2026-07-30T18:37:27.226463
64,16,2,-1,1,ERROR,2026-07-30T18:37:27.132975
64,16,3,-1,1,ERROR,2026-07-30T18:37:27.131476
64,16,4,-1,1,ERROR,2026-07-30T18:37:27.348050
64,16,5,-1,1,ERROR,2026-07-30T18:37:27.311575
64,16,6,-1,1,ERROR,2026-07-30T18:37:27.535242
64,16,7,-1,1,ERROR,2026-07-30T18:37:27.548170
64,16,8,-1,1,ERROR,2026-07-30T18:37:27.498521
64,16,9,-1,1,ERROR,2026-07-30T18:37:27.498460
64,16,10,-1,1,ERROR,2026-07-30T18:37:27.753960
64,17,1,-1,1,ERROR,2026-07-30T18:37:27.702899
64,17,2,-1,1,ERROR,2026-07-30T18:37:27.684444
64,17,3,-1,1,ERROR,2026-07-30T18:37:27.919961
64,17,4,-1,1,ERROR,2026-07-30T18:37:28.065859
64,17,5,-1,1,ERROR,2026-07-30T18:37:28.071155
64,17,6,-1,1,ERROR,2026-07-30T18:37:28.109913
64,17,7,-1,1,ERROR,2026-07-30T18:37:28.119410
64,17,8,-1,1,ERROR,2026-07-30T18:37:28.262688
64,17,9,-1,1,ERROR,2026-07-30T18:37:28.272381
64,17,10,-1,1,ERROR,2026-07-30T18:37:28.233889
64,18,1,-1,1,ERROR,2026-07-30T18:37:28.394096
64,18,2,-1,1,ERROR,2026-07-30T18:37:28.639437
64,18,3,-1,1,ERROR,2026-07-30T18:37:28.639463
64,18,4,-1,1,ERROR,2026-07-30T18:37:28.579429
64,18,5,-1,1,ERROR,2026-07-30T18:37:28.586874
64,18,6,-1,1,ERROR,2026-07-30T18:37:28.805939
64,18,7,-1,1,ERROR,2026-07-30T18:37:28.834855
64,18,8,-1,1,ERROR,2026-07-30T18:37:28.844787
64,18,9,-1,1,ERROR,2026-07-30T18:37:28.964746
64,18,10,-1,1,ERROR,2026-07-30T18:37:29.157426
64,19,1,-1,1,ERROR,2026-07-30T18:37:29.166032
64,19,2,-1,1,ERROR,2026-07-30T18:37:29.117216
64,19,3,-1,1,ERROR,2026-07-30T18:37:29.117194
64,19,4,-1,1,ERROR,2026-07-30T18:37:29.374655
64,19,5,-1,1,ERROR,2026-07-30T18:37:29.299934
64,19,6,-1,1,ERROR,2026-07-30T18:37:29.321659
64,19,7,-1,1,ERROR,2026-07-30T18:37:29.534398
64,19,8,-1,1,ERROR,2026-07-30T18:37:29.487966
64,19,9,-1,1,ERROR,2026-07-30T18:37:29.487944
64,19,10,-1,1,ERROR,2026-07-30T18:37:29.732196
64,20,1,-1,1,ERROR,2026-07-30T18:37:29.732169
64,20,2,-1,1,ERROR,2026-07-30T18:37:29.670795
64,20,3,-1,1,ERROR,2026-07-30T18:37:29.892736
64,20,4,-1,1,ERROR,2026-07-30T18:37:29.944352
64,20,5,-1,1,ERROR,2026-07-30T18:37:29.955861
64,20,6,-1,1,ERROR,2026-07-30T18:37:29.956085
64,20,7,-1,1,ERROR,2026-07-30T18:37:30.114016
64,20,8,-1,1,ERROR,2026-07-30T18:37:30.142591
64,20,9,-1,1,ERROR,2026-07-30T18:37:30.304531
64,20,10,-1,1,ERROR,2026-07-30T18:37:30.304491
64,21,1,-1,1,ERROR,2026-07-30T18:37:30.472124
64,21,2,-1,1,ERROR,2026-07-30T18:37:30.411643
64,21,3,-1,1,ERROR,2026-07-30T18:37:30.426732
64,21,4,-1,1,ERROR,2026-07-30T18:37:30.426704
64,21,5,-1,1,ERROR,2026-07-30T18:37:30.586681
64,21,6,-1,1,ERROR,2026-07-30T18:37:30.611205
64,21,7,-1,1,ERROR,2026-07-30T18:37:30.773966
64,21,8,-1,1,ERROR,2026-07-30T18:37:30.774518
64,21,9,-1,1,ERROR,2026-07-30T18:37:30.979878
64,21,10,-1,1,ERROR,2026-07-30T18:37:30.997071
64,22,1,-1,1,ERROR,2026-07-30T18:37:30.999352
64,22,2,-1,1,ERROR,2026-07-30T18:37:30.941778
64,22,3,-1,1,ERROR,2026-07-30T18:37:31.163340
64,22,4,-1,1,ERROR,2026-07-30T18:37:31.181951
64,22,5,-1,1,ERROR,2026-07-30T18:37:31.347594
64,22,6,-1,1,ERROR,2026-07-30T18:37:31.347564
64,22,7,-1,1,ERROR,2026-07-30T18:37:31.305368
64,22,8,-1,1,ERROR,2026-07-30T18:37:31.550085
64,22,9,-1,1,ERROR,2026-07-30T18:37:31.564089
64,22,10,-1,1,ERROR,2026-07-30T18:37:31.567982
64,23,1,-1,1,ERROR,2026-07-30T18:37:31.735034
64,23,2,-1,1,ERROR,2026-07-30T18:37:31.756848
64,23,3,-1,1,ERROR,2026-07-30T18:37:31.675073
64,23,4,-1,1,ERROR,2026-07-30T18:37:31.919543
64,23,5,-1,1,ERROR,2026-07-30T18:37:31.919504
64,23,6,-1,1,ERROR,2026-07-30T18:37:32.022303
64,23,7,-1,1,ERROR,2026-07-30T18:37:32.039544
64,23,8,-1,1,ERROR,2026-07-30T18:37:32.039511
64,23,9,-1,1,ERROR,2026-07-30T18:37:32.248933
64,23,10,-1,1,ERROR,2026-07-30T18:37:32.204737
64,24,1,-1,1,ERROR,2026-07-30T18:37:32.225647
64,24,2,-1,1,ERROR,2026-07-30T18:37:32.388582
64,24,3,-1,1,ERROR,2026-07-30T18:37:32.388556
64,24,4,-1,1,ERROR,2026-07-30T18:37:32.390393
64,24,5,-1,1,ERROR,2026-07-30T18:37:32.609311
64,24,6,-1,1,ERROR,2026-07-30T18:37:32.616891
64,24,7,-1,1,ERROR,2026-07-30T18:37:32.573813
64,24,8,-1,1,ERROR,2026-07-30T18:37:32.801495
64,24,9,-1,1,ERROR,2026-07-30T18:37:32.818819
64,24,10,-1,1,ERROR,2026-07-30T18:37:32.859202
64,25,1,-1,1,ERROR,2026-07-30T18:37:32.857551
64,25,2,-1,1,ERROR,2026-07-30T18:37:32.857594
64,25,3,-1,1,ERROR,2026-07-30T18:37:32.942532
64,25,4,-1,1,ERROR,2026-07-30T18:37:33.185446
64,25,5,-1,1,ERROR,2026-07-30T18:37:33.185628
64,25,6,-1,1,ERROR,2026-07-30T18:37:33.370736
64,25,7,-1,1,ERROR,2026-07-30T18:37:33.390147
64,25,8,-1,1,ERROR,2026-07-30T18:37:33.426001
64,25,9,-1,1,ERROR,2026-07-30T18:37:33.425971
64,25,10,-1,1,ERROR,2026-07-30T18:37:33.426019
64,26,1,-1,1,ERROR,2026-07-30T18:37:33.410725
64,26,2,-1,1,ERROR,2026-07-30T18:37:33.551232
64,26,3,-1,1,ERROR,2026-07-30T18:37:33.758190
64,26,4,-1,1,ERROR,2026-07-30T18:37:33.947193
64,26,5,-1,1,ERROR,2026-07-30T18:37:33.958507
64,26,6,-1,1,ERROR,2026-07-30T18:37:33.977040
64,26,7,-1,1,ERROR,2026-07-30T18:37:33.895191
64,26,8,-1,1,ERROR,2026-07-30T18:37:33.896612
64,26,9,-1,1,ERROR,2026-07-30T18:37:33.895163
64,26,10,-1,1,ERROR,2026-07-30T18:37:34.127170
64,27,1,-1,1,ERROR,2026-07-30T18:37:34.326118
64,27,2,-1,1,ERROR,2026-07-30T18:37:34.469286
64,27,3,-1,1,ERROR,2026-07-30T18:37:34.474658
64,27,4,-1,1,ERROR,2026-07-30T18:37:34.470486
64,27,5,-1,1,ERROR,2026-07-30T18:37:34.524277
64,27,6,-1,1,ERROR,2026-07-30T18:37:34.529022
64,27,7,-1,1,ERROR,2026-07-30T18:37:34.450232
64,27,8,-1,1,ERROR,2026-07-30T18:37:34.700252
64,27,9,-1,1,ERROR,2026-07-30T18:37:34.799090
64,27,10,-1,1,ERROR,2026-07-30T18:37:35.021619
64,28,1,-1,1,ERROR,2026-07-30T18:37:35.036908
64,28,2,-1,1,ERROR,2026-07-30T18:37:35.036935
64,28,3,-1,1,ERROR,2026-07-30T18:37:35.048342
64,28,4,-1,1,ERROR,2026-07-30T18:37:34.996490
64,28,5,-1,1,ERROR,2026-07-30T18:37:34.997704
64,28,6,-1,1,ERROR,2026-07-30T18:37:35.173467
64,28,7,-1,1,ERROR,2026-07-30T18:37:35.169309
64,28,8,-1,1,ERROR,2026-07-30T18:37:35.567488
64,28,9,-1,1,ERROR,2026-07-30T18:37:35.362258
64,28,10,-1,1,ERROR,2026-07-30T18:37:35.592528
64,29,1,-1,1,ERROR,2026-07-30T18:37:35.608623
64,29,2,-1,1,ERROR,2026-07-30T18:37:35.610825
64,29,3,-1,1,ERROR,2026-07-30T18:37:35.618416
64,29,4,-1,1,ERROR,2026-07-30T18:37:35.746417
64,29,5,-1,1,ERROR,2026-07-30T18:37:35.746386
64,29,6,-1,1,ERROR,2026-07-30T18:37:35.933492
64,29,7,-1,1,ERROR,2026-07-30T18:37:36.135044
64,29,8,-1,1,ERROR,2026-07-30T18:37:36.164732
64,29,9,-1,1,ERROR,2026-07-30T18:37:36.079691
64,29,10,-1,1,ERROR,2026-07-30T18:37:36.076409
64,30,1,-1,1,ERROR,2026-07-30T18:37:36.093060
64,30,2,-1,1,ERROR,2026-07-30T18:37:36.322603
64,30,3,-1,1,ERROR,2026-07-30T18:37:36.324866
64,30,4,-1,1,ERROR,2026-07-30T18:37:36.501936
64,30,5,-1,1,ERROR,2026-07-30T18:37:36.446801
64,30,6,-1,1,ERROR,2026-07-30T18:37:36.448956
64,30,7,-1,1,ERROR,2026-07-30T18:37:36.665354
64,30,8,-1,1,ERROR,2026-07-30T18:37:36.702978
64,30,9,-1,1,ERROR,2026-07-30T18:37:36.642508
64,30,10,-1,1,ERROR,2026-07-30T18:37:36.898737
65,1,1,-1,1,ERROR,2026-07-30T18:37:36.904062
65,1,2,-1,1,ERROR,2026-07-30T18:37:36.819040
65,1,3,-1,1,ERROR,2026-07-30T18:37:36.819011
65,1,4,-1,1,ERROR,2026-07-30T18:37:36.974291
65,1,5,-1,1,ERROR,2026-07-30T18:37:37.213029
65,1,6,-1,1,ERROR,2026-07-30T18:37:37.240371
65,1,7,-1,1,ERROR,2026-07-30T18:37:37.181995
65,1,8,-1,1,ERROR,2026-07-30T18:37:37.390294
65,1,9,-1,1,ERROR,2026-07-30T18:37:37.390317
65,1,10,-1,1,ERROR,2026-07-30T18:37:37.368381
65,2,1,-1,1,ERROR,2026-07-30T18:37:37.372032
65,2,2,-1,1,ERROR,2026-07-30T18:37:37.443926
65,2,3,-1,1,ERROR,2026-07-30T18:37:37.557140
65,2,4,-1,1,ERROR,2026-07-30T18:37:37.776934
65,2,5,-1,1,ERROR,2026-07-30T18:37:37.715574
65,2,6,-1,1,ERROR,2026-07-30T18:37:37.944818
65,2,7,-1,1,ERROR,2026-07-30T18:37:37.944790
65,2,8,-1,1,ERROR,2026-07-30T18:37:37.966645
65,2,9,-1,1,ERROR,2026-07-30T18:37:37.966666
65,2,10,-1,1,ERROR,2026-07-30T18:37:37.917670
65,3,1,-1,1,ERROR,2026-07-30T18:37:38.131231
65,3,2,-1,1,ERROR,2026-07-30T18:37:38.086370
65,3,3,-1,1,ERROR,2026-07-30T18:37:38.249486
65,3,4,-1,1,ERROR,2026-07-30T18:37:38.488017
65,3,5,-1,1,ERROR,2026-07-30T18:37:38.516088
65,3,6,-1,1,ERROR,2026-07-30T18:37:38.516114
65,3,7,-1,1,ERROR,2026-07-30T18:37:38.437504
65,3,8,-1,1,ERROR,2026-07-30T18:37:38.437557
65,3,9,-1,1,ERROR,2026-07-30T18:37:38.654773
65,3,10,-1,1,ERROR,2026-07-30T18:37:38.702105
65,4,1,-1,1,ERROR,2026-07-30T18:37:38.719120
65,4,2,-1,1,ERROR,2026-07-30T18:37:38.807062
65,4,3,-1,1,ERROR,2026-07-30T18:37:38.814548
65,4,4,-1,1,ERROR,2026-07-30T18:37:39.065638
65,4,5,-1,1,ERROR,2026-07-30T18:37:39.084240
65,4,6,-1,1,ERROR,2026-07-30T18:37:39.084215
65,4,7,-1,1,ERROR,2026-07-30T18:37:39.222153
65,4,8,-1,1,ERROR,2026-07-30T18:37:39.271538
65,4,9,-1,1,ERROR,2026-07-30T18:37:39.284905
65,4,10,-1,1,ERROR,2026-07-30T18:37:39.278491
65,5,1,-1,1,ERROR,2026-07-30T18:37:39.284990
65,5,2,-1,1,ERROR,2026-07-30T18:37:39.433239
65,5,3,-1,1,ERROR,2026-07-30T18:37:39.855873
65,5,4,-1,1,ERROR,2026-07-30T18:37:39.780076
65,5,5,-1,1,ERROR,2026-07-30T18:37:39.789751
65,5,6,-1,1,ERROR,2026-07-30T18:37:40.043812
65,5,7,-1,1,ERROR,2026-07-30T18:37:40.050767
65,5,8,-1,1,ERROR,2026-07-30T18:37:40.050790
65,5,9,-1,1,ERROR,2026-07-30T18:37:40.054421
65,5,10,-1,1,ERROR,2026-07-30T18:37:40.002096
65,6,1,-1,1,ERROR,2026-07-30T18:37:40.154725
65,6,2,-1,1,ERROR,2026-07-30T18:37:40.159870
65,6,3,-1,1,ERROR,2026-07-30T18:37:40.325799
65,6,4,-1,1,ERROR,2026-07-30T18:37:40.574429
65,6,5,-1,1,ERROR,2026-07-30T18:37:40.611483
65,6,6,-1,1,ERROR,2026-07-30T18:37:40.516091
65,6,7,-1,1,ERROR,2026-07-30T18:37:40.517993
65,6,8,-1,1,ERROR,2026-07-30T18:37:40.521479
65,6,9,-1,1,ERROR,2026-07-30T18:37:40.724532
65,6,10,-1,1,ERROR,2026-07-30T18:37:40.726419
65,7,1,-1,1,ERROR,2026-07-30T18:37:40.799397
65,7,2,-1,1,ERROR,2026-07-30T18:37:40.887030
65,7,3,-1,1,ERROR,2026-07-30T18:37:40.886761
65,7,4,-1,1,ERROR,2026-07-30T18:37:41.109498
65,7,5,-1,1,ERROR,2026-07-30T18:37:41.151481
65,7,6,-1,1,ERROR,2026-07-30T18:37:41.086522
65,7,7,-1,1,ERROR,2026-07-30T18:37:41.295890
65,7,8,-1,1,ERROR,2026-07-30T18:37:41.295929
65,7,9,-1,1,ERROR,2026-07-30T18:37:41.271717
65,7,10,-1,1,ERROR,2026-07-30T18:37:41.462367
65,8,1,-1,1,ERROR,2026-07-30T18:37:41.458115
65,8,2,-1,1,ERROR,2026-07-30T18:37:41.660012
65,8,3,-1,1,ERROR,2026-07-30T18:37:41.682450
65,8,4,-1,1,ERROR,2026-07-30T18:37:41.627180
65,8,5,-1,1,ERROR,2026-07-30T18:37:41.848788
65,8,6,-1,1,ERROR,2026-07-30T18:37:41.867336
65,8,7,-1,1,ERROR,2026-07-30T18:37:41.876791
65,8,8,-1,1,ERROR,2026-07-30T18:37:42.031504
65,8,9,-1,1,ERROR,2026-07-30T18:37:42.033267
65,8,10,-1,1,ERROR,2026-07-30T18:37:42.196018
65,9,1,-1,1,ERROR,2026-07-30T18:37:42.233278
65,9,2,-1,1,ERROR,2026-07-30T18:37:42.146907
65,9,3,-1,1,ERROR,2026-07-30T18:37:42.320221
65,9,4,-1,1,ERROR,2026-07-30T18:37:42.335366
65,9,5,-1,1,ERROR,2026-07-30T18:37:42.348973
65,9,6,-1,1,ERROR,2026-07-30T18:37:42.507071
65,9,7,-1,1,ERROR,2026-07-30T18:37:42.504197
65,9,8,-1,1,ERROR,2026-07-30T18:37:42.732129
65,9,9,-1,1,ERROR,2026-07-30T18:37:42.770729
65,9,10,-1,1,ERROR,2026-07-30T18:37:42.707048
65,10,1,-1,1,ERROR,2026-07-30T18:37:42.685633
65,10,2,-1,1,ERROR,2026-07-30T18:37:42.907813
65,10,3,-1,1,ERROR,2026-07-30T18:37:42.919401
65,10,4,-1,1,ERROR,2026-07-30T18:37:42.874624
65,10,5,-1,1,ERROR,2026-07-30T18:37:42.870970
65,10,6,-1,1,ERROR,2026-07-30T18:37:43.057630
65,10,7,-1,1,ERROR,2026-07-30T18:37:43.281498
65,10,8,-1,1,ERROR,2026-07-30T18:37:43.213174
65,10,9,-1,1,ERROR,2026-07-30T18:37:43.243396
65,10,10,-1,1,ERROR,2026-07-30T18:37:43.446478
65,11,1,-1,1,ERROR,2026-07-30T18:37:43.447752
65,11,2,-1,1,ERROR,2026-07-30T18:37:43.481141
65,11,3,-1,1,ERROR,2026-07-30T18:37:43.490994
65,11,4,-1,1,ERROR,2026-07-30T18:37:43.634969
65,11,5,-1,1,ERROR,2026-07-30T18:37:43.591132
65,11,6,-1,1,ERROR,2026-07-30T18:37:43.817173
65,11,7,-1,1,ERROR,2026-07-30T18:37:43.754920
65,11,8,-1,1,ERROR,2026-07-30T18:37:44.021728
65,11,9,-1,1,ERROR,2026-07-30T18:37:44.021697
65,11,10,-1,1,ERROR,2026-07-30T18:37:43.952187
65,12,1,-1,1,ERROR,2026-07-30T18:37:43.969888
65,12,2,-1,1,ERROR,2026-07-30T18:37:44.162982
65,12,3,-1,1,ERROR,2026-07-30T18:37:44.210080
65,12,4,-1,1,ERROR,2026-07-30T18:37:44.126528
65,12,5,-1,1,ERROR,2026-07-30T18:37:44.388044
65,12,6,-1,1,ERROR,2026-07-30T18:37:44.323949
65,12,7,-1,1,ERROR,2026-07-30T18:37:44.543597
65,12,8,-1,1,ERROR,2026-07-30T18:37:44.491537
65,12,9,-1,1,ERROR,2026-07-30T18:37:44.493465
65,12,10,-1,1,ERROR,2026-07-30T18:37:44.496015
65,13,1,-1,1,ERROR,2026-07-30T18:37:44.737201
65,13,2,-1,1,ERROR,2026-07-30T18:37:44.678837
65,13,3,-1,1,ERROR,2026-07-30T18:37:44.896901
65,13,4,-1,1,ERROR,2026-07-30T18:37:44.858809
65,13,5,-1,1,ERROR,2026-07-30T18:37:45.065823
65,13,6,-1,1,ERROR,2026-07-30T18:37:45.065797
65,13,7,-1,1,ERROR,2026-07-30T18:37:45.067235
65,13,8,-1,1,ERROR,2026-07-30T18:37:45.112737
65,13,9,-1,1,ERROR,2026-07-30T18:37:45.254418
65,13,10,-1,1,ERROR,2026-07-30T18:37:45.208589
65,14,1,-1,1,ERROR,2026-07-30T18:37:45.429450
65,14,2,-1,1,ERROR,2026-07-30T18:37:45.467394
65,14,3,-1,1,ERROR,2026-07-30T18:37:45.650116
65,14,4,-1,1,ERROR,2026-07-30T18:37:45.638780
65,14,5,-1,1,ERROR,2026-07-30T18:37:45.650138
65,14,6,-1,1,ERROR,2026-07-30T18:37:45.591850
65,14,7,-1,1,ERROR,2026-07-30T18:37:45.682890
65,14,8,-1,1,ERROR,2026-07-30T18:37:45.834551
65,14,9,-1,1,ERROR,2026-07-30T18:37:45.996137
65,14,10,-1,1,ERROR,2026-07-30T18:37:45.936572
65,15,1,-1,1,ERROR,2026-07-30T18:37:46.161483
65,15,2,-1,1,ERROR,2026-07-30T18:37:46.212239
65,15,3,-1,1,ERROR,2026-07-30T18:37:46.222957
65,15,4,-1,1,ERROR,2026-07-30T18:37:46.222989
65,15,5,-1,1,ERROR,2026-07-30T18:37:46.151209
65,15,6,-1,1,ERROR,2026-07-30T18:37:46.403705
65,15,7,-1,1,ERROR,2026-07-30T18:37:46.403736
65,15,8,-1,1,ERROR,2026-07-30T18:37:46.561580
65,15,9,-1,1,ERROR,2026-07-30T18:37:46.726001
65,15,10,-1,1,ERROR,2026-07-30T18:37:46.731092
65,16,1,-1,1,ERROR,2026-07-30T18:37:46.682830
65,16,2,-1,1,ERROR,2026-07-30T18:37:46.698444
65,16,3,-1,1,ERROR,2026-07-30T18:37:46.698257
65,16,4,-1,1,ERROR,2026-07-30T18:37:46.873250
65,16,5,-1,1,ERROR,2026-07-30T18:37:46.873223
65,16,6,-1,1,ERROR,2026-07-30T18:37:47.033276
65,16,7,-1,1,ERROR,2026-07-30T18:37:47.254918
65,16,8,-1,1,ERROR,2026-07-30T18:37:47.272551
65,16,9,-1,1,ERROR,2026-07-30T18:37:47.272525
65,16,10,-1,1,ERROR,2026-07-30T18:37:47.297250
65,17,1,-1,1,ERROR,2026-07-30T18:37:47.307426
65,17,2,-1,1,ERROR,2026-07-30T18:37:47.445414
65,17,3,-1,1,ERROR,2026-07-30T18:37:47.445451
65,17,4,-1,1,ERROR,2026-07-30T18:37:47.503517
65,17,5,-1,1,ERROR,2026-07-30T18:37:47.628760
65,17,6,-1,1,ERROR,2026-07-30T18:37:47.845233
65,17,7,-1,1,ERROR,2026-07-30T18:37:47.845199
65,17,8,-1,1,ERROR,2026-07-30T18:37:47.871812
65,17,9,-1,1,ERROR,2026-07-30T18:37:47.880734
65,17,10,-1,1,ERROR,2026-07-30T18:37:48.013055
65,18,1,-1,1,ERROR,2026-07-30T18:37:48.017725
65,18,2,-1,1,ERROR,2026-07-30T18:37:48.073963
65,18,3,-1,1,ERROR,2026-07-30T18:37:48.194887
65,18,4,-1,1,ERROR,2026-07-30T18:37:48.414841
65,18,5,-1,1,ERROR,2026-07-30T18:37:48.414866
65,18,6,-1,1,ERROR,2026-07-30T18:37:48.343646
65,18,7,-1,1,ERROR,2026-07-30T18:37:48.345396
65,18,8,-1,1,ERROR,2026-07-30T18:37:48.591778
65,18,9,-1,1,ERROR,2026-07-30T18:37:48.589404
65,18,10,-1,1,ERROR,2026-07-30T18:37:48.551970
65,19,1,-1,1,ERROR,2026-07-30T18:37:48.766218
65,19,2,-1,1,ERROR,2026-07-30T18:37:48.924242
65,19,3,-1,1,ERROR,2026-07-30T18:37:48.924275
65,19,4,-1,1,ERROR,2026-07-30T18:37:48.885515
65,19,5,-1,1,ERROR,2026-07-30T18:37:48.886840
65,19,6,-1,1,ERROR,2026-07-30T18:37:49.132078
65,19,7,-1,1,ERROR,2026-07-30T18:37:49.067592
65,19,8,-1,1,ERROR,2026-07-30T18:37:49.067994
65,19,9,-1,1,ERROR,2026-07-30T18:37:49.245652
65,19,10,-1,1,ERROR,2026-07-30T18:37:49.458469
65,20,1,-1,1,ERROR,2026-07-30T18:37:49.458500
65,20,2,-1,1,ERROR,2026-07-30T18:37:49.496254
65,20,3,-1,1,ERROR,2026-07-30T18:37:49.499985
65,20,4,-1,1,ERROR,2026-07-30T18:37:49.645905
65,20,5,-1,1,ERROR,2026-07-30T18:37:49.645875
65,20,6,-1,1,ERROR,2026-07-30T18:37:49.607821
65,20,7,-1,1,ERROR,2026-07-30T18:37:49.818317
65,20,8,-1,1,ERROR,2026-07-30T18:37:50.031170
65,20,9,-1,1,ERROR,2026-07-30T18:37:50.031136
65,20,10,-1,1,ERROR,2026-07-30T18:37:49.967864
65,21,1,-1,1,ERROR,2026-07-30T18:37:49.970175
65,21,2,-1,1,ERROR,2026-07-30T18:37:50.178213
65,21,3,-1,1,ERROR,2026-07-30T18:37:50.226078
65,21,4,-1,1,ERROR,2026-07-30T18:37:50.220373
65,21,5,-1,1,ERROR,2026-07-30T18:37:50.391963
65,21,6,-1,1,ERROR,2026-07-30T18:37:50.340073
65,21,7,-1,1,ERROR,2026-07-30T18:37:50.341834
65,21,8,-1,1,ERROR,2026-07-30T18:37:50.604856
65,21,9,-1,1,ERROR,2026-07-30T18:37:50.604893
65,21,10,-1,1,ERROR,2026-07-30T18:37:50.755601
65,22,1,-1,1,ERROR,2026-07-30T18:37:50.797473
65,22,2,-1,1,ERROR,2026-07-30T18:37:50.797499
65,22,3,-1,1,ERROR,2026-07-30T18:37:50.920452
65,22,4,-1,1,ERROR,2026-07-30T18:37:50.920422
65,22,5,-1,1,ERROR,2026-07-30T18:37:50.970554
65,22,6,-1,1,ERROR,2026-07-30T18:37:51.076013
65,22,7,-1,1,ERROR,2026-07-30T18:37:51.077214
65,22,8,-1,1,ERROR,2026-07-30T18:37:51.328121
65,22,9,-1,1,ERROR,2026-07-30T18:37:51.270153
65,22,10,-1,1,ERROR,2026-07-30T18:37:51.261231
65,23,1,-1,1,ERROR,2026-07-30T18:37:51.491319
65,23,2,-1,1,ERROR,2026-07-30T18:37:51.491288
65,23,3,-1,1,ERROR,2026-07-30T18:37:51.445878
65,23,4,-1,1,ERROR,2026-07-30T18:37:51.646735
65,23,5,-1,1,ERROR,2026-07-30T18:37:51.650314
65,23,6,-1,1,ERROR,2026-07-30T18:37:51.827905
65,23,7,-1,1,ERROR,2026-07-30T18:37:51.843487
65,23,8,-1,1,ERROR,2026-07-30T18:37:51.806556
65,23,9,-1,1,ERROR,2026-07-30T18:37:52.017033
65,23,10,-1,1,ERROR,2026-07-30T18:37:51.964349
65,24,1,-1,1,ERROR,2026-07-30T18:37:51.964375
65,24,2,-1,1,ERROR,2026-07-30T18:37:52.216947
65,24,3,-1,1,ERROR,2026-07-30T18:37:52.217235
65,24,4,-1,1,ERROR,2026-07-30T18:37:52.377375
65,24,5,-1,1,ERROR,2026-07-30T18:37:52.399397
65,24,6,-1,1,ERROR,2026-07-30T18:37:52.318307
65,24,7,-1,1,ERROR,2026-07-30T18:37:52.540847
65,24,8,-1,1,ERROR,2026-07-30T18:37:52.531699
65,24,9,-1,1,ERROR,2026-07-30T18:37:52.489371
65,24,10,-1,1,ERROR,2026-07-30T18:37:52.690032
65,25,1,-1,1,ERROR,2026-07-30T18:37:52.690004
65,25,2,-1,1,ERROR,2026-07-30T18:37:52.891449
65,25,3,-1,1,ERROR,2026-07-30T18:37:52.854271
65,25,4,-1,1,ERROR,2026-07-30T18:37:52.872006
65,25,5,-1,1,ERROR,2026-07-30T18:37:53.059616
65,25,6,-1,1,ERROR,2026-07-30T18:37:53.104399
65,25,7,-1,1,ERROR,2026-07-30T18:37:53.116452
65,25,8,-1,1,ERROR,2026-07-30T18:37:53.257614
65,25,9,-1,1,ERROR,2026-07-30T18:37:53.266405
65,25,10,-1,1,ERROR,2026-07-30T18:37:53.442360
65,26,1,-1,1,ERROR,2026-07-30T18:37:53.449847
65,26,2,-1,1,ERROR,2026-07-30T18:37:53.471106
65,26,3,-1,1,ERROR,2026-07-30T18:37:53.632191
65,26,4,-1,1,ERROR,2026-07-30T18:37:53.580824
65,26,5,-1,1,ERROR,2026-07-30T18:37:53.594820
65,26,6,-1,1,ERROR,2026-07-30T18:37:53.732454
65,26,7,-1,1,ERROR,2026-07-30T18:37:53.743401
65,26,8,-1,1,ERROR,2026-07-30T18:37:53.905660
65,26,9,-1,1,ERROR,2026-07-30T18:37:53.920528
65,26,10,-1,1,ERROR,2026-07-30T18:37:53.945961
65,27,1,-1,1,ERROR,2026-07-30T18:37:54.158429
65,27,2,-1,1,ERROR,2026-07-30T18:37:54.167829
65,27,3,-1,1,ERROR,2026-07-30T18:37:54.102606
65,27,4,-1,1,ERROR,2026-07-30T18:37:54.301824
65,27,5,-1,1,ERROR,2026-07-30T18:37:54.314504
65,27,6,-1,1,ERROR,2026-07-30T18:37:54.478870
65,27,7,-1,1,ERROR,2026-07-30T18:37:54.484776
65,27,8,-1,1,ERROR,2026-07-30T18:37:54.515458
65,27,9,-1,1,ERROR,2026-07-30T18:37:54.672967
65,27,10,-1,1,ERROR,2026-07-30T18:37:54.642373
65,28,1,-1,1,ERROR,2026-07-30T18:37:54.644442
65,28,2,-1,1,ERROR,2026-07-30T18:37:54.871850
65,28,3,-1,1,ERROR,2026-07-30T18:37:54.785248
65,28,4,-1,1,ERROR,2026-07-30T18:37:55.044888
65,28,5,-1,1,ERROR,2026-07-30T18:37:54.960628
65,28,6,-1,1,ERROR,2026-07-30T18:37:54.985524
65,28,7,-1,1,ERROR,2026-07-30T18:37:55.211473
65,28,8,-1,1,ERROR,2026-07-30T18:37:55.225882
65,28,9,-1,1,ERROR,2026-07-30T18:37:55.240857
65,28,10,-1,1,ERROR,2026-07-30T18:37:55.151176
65,29,1,-1,1,ERROR,2026-07-30T18:37:55.352094
65,29,2,-1,1,ERROR,2026-07-30T18:37:55.331811
65,29,3,-1,1,ERROR,2026-07-30T18:37:55.555232
65,29,4,-1,1,ERROR,2026-07-30T18:37:55.531563
65,29,5,-1,1,ERROR,2026-07-30T18:37:55.732042
65,29,6,-1,1,ERROR,2026-07-30T18:37:55.698318
65,29,7,-1,1,ERROR,2026-07-30T18:37:55.705213
65,29,8,-1,1,ERROR,2026-07-30T18:37:55.716507
65,29,9,-1,1,ERROR,2026-07-30T18:37:55.909565
65,29,10,-1,1,ERROR,2026-07-30T18:37:55.929098
65,30,1,-1,1,ERROR,2026-07-30T18:37:56.110774
65,30,2,-1,1,ERROR,2026-07-30T18:37:56.031236
65,30,3,-1,1,ERROR,2026-07-30T18:37:56.274200
65,30,4,-1,1,ERROR,2026-07-30T18:37:56.274128
65,30,5,-1,1,ERROR,2026-07-30T18:37:56.291818
65,30,6,-1,1,ERROR,2026-07-30T18:37:56.305063
65,30,7,-1,1,ERROR,2026-07-30T18:37:56.479352
65,30,8,-1,1,ERROR,2026-07-30T18:37:56.496102
65,30,9,-1,1,ERROR,2026-07-30T18:37:56.401361
65,30,10,-1,1,ERROR,2026-07-30T18:37:56.583823
66,1,1,-1,1,ERROR,2026-07-30T18:37:56.855031
66,1,2,-1,1,ERROR,2026-07-30T18:37:56.855064
66,1,3,-1,1,ERROR,2026-07-30T18:37:56.766094
66,1,4,-1,1,ERROR,2026-07-30T18:37:56.778658
66,1,5,-1,1,ERROR,2026-07-30T18:37:56.967578
66,1,6,-1,1,ERROR,2026-07-30T18:37:56.954528
66,1,7,-1,1,ERROR,2026-07-30T18:37:56.966331
66,1,8,-1,1,ERROR,2026-07-30T18:37:57.168163
66,1,9,-1,1,ERROR,2026-07-30T18:37:57.142035
66,1,10,-1,1,ERROR,2026-07-30T18:37:57.350782
66,2,1,-1,1,ERROR,2026-07-30T18:37:57.330179
66,2,2,-1,1,ERROR,2026-07-30T18:37:57.330209
66,2,3,-1,1,ERROR,2026-07-30T18:37:57.528109
66,2,4,-1,1,ERROR,2026-07-30T18:37:57.533766
66,2,5,-1,1,ERROR,2026-07-30T18:37:57.536509
66,2,6,-1,1,ERROR,2026-07-30T18:37:57.716198
66,2,7,-1,1,ERROR,2026-07-30T18:37:57.737099
66,2,8,-1,1,ERROR,2026-07-30T18:37:57.905264
66,2,9,-1,1,ERROR,2026-07-30T18:37:57.905299
66,2,10,-1,1,ERROR,2026-07-30T18:37:57.928498
66,3,1,-1,1,ERROR,2026-07-30T18:37:58.097009
66,3,2,-1,1,ERROR,2026-07-30T18:37:58.103621
66,3,3,-1,1,ERROR,2026-07-30T18:37:58.104685
66,3,4,-1,1,ERROR,2026-07-30T18:37:58.290052
66,3,5,-1,1,ERROR,2026-07-30T18:37:58.207927
66,3,6,-1,1,ERROR,2026-07-30T18:37:58.479757
66,3,7,-1,1,ERROR,2026-07-30T18:37:58.471896
66,3,8,-1,1,ERROR,2026-07-30T18:37:58.401386
66,3,9,-1,1,ERROR,2026-07-30T18:37:58.663988
66,3,10,-1,1,ERROR,2026-07-30T18:37:58.670544
66,4,1,-1,1,ERROR,2026-07-30T18:37:58.673907
66,4,2,-1,1,ERROR,2026-07-30T18:37:58.584108
66,4,3,-1,1,ERROR,2026-07-30T18:37:58.764978
66,4,4,-1,1,ERROR,2026-07-30T18:37:58.778355
66,4,5,-1,1,ERROR,2026-07-30T18:37:58.944316
66,4,6,-1,1,ERROR,2026-07-30T18:37:58.944340
66,4,7,-1,1,ERROR,2026-07-30T18:37:58.957920
66,4,8,-1,1,ERROR,2026-07-30T18:37:59.133043
66,4,9,-1,1,ERROR,2026-07-30T18:37:59.141837
66,4,10,-1,1,ERROR,2026-07-30T18:37:59.143800
66,5,1,-1,1,ERROR,2026-07-30T18:37:59.227454
66,5,2,-1,1,ERROR,2026-07-30T18:37:59.351099
66,5,3,-1,1,ERROR,2026-07-30T18:37:59.322457
66,5,4,-1,1,ERROR,2026-07-30T18:37:59.415395
66,5,5,-1,1,ERROR,2026-07-30T18:37:59.323564
66,5,6,-1,1,ERROR,2026-07-30T18:37:59.506918
66,5,7,-1,1,ERROR,2026-07-30T18:37:59.510058
66,5,8,-1,1,ERROR,2026-07-30T18:37:59.518567
66,5,9,-1,1,ERROR,2026-07-30T18:37:59.700413
66,5,10,-1,1,ERROR,2026-07-30T18:37:59.694110
66,6,1,-1,1,ERROR,2026-07-30T18:37:59.691202
66,6,2,-1,1,ERROR,2026-07-30T18:37:59.918843
66,6,3,-1,1,ERROR,2026-07-30T18:37:59.892031
66,6,4,-1,1,ERROR,2026-07-30T18:37:59.879162
66,6,5,-1,1,ERROR,2026-07-30T18:37:59.879528
66,6,6,-1,1,ERROR,2026-07-30T18:38:00.090502
66,6,7,-1,1,ERROR,2026-07-30T18:38:00.063006
66,6,8,-1,1,ERROR,2026-07-30T18:38:00.065430
66,6,9,-1,1,ERROR,2026-07-30T18:38:00.275225
66,6,10,-1,1,ERROR,2026-07-30T18:38:00.458116
66,7,1,-1,1,ERROR,2026-07-30T18:38:00.458089
66,7,2,-1,1,ERROR,2026-07-30T18:38:00.465644
66,7,3,-1,1,ERROR,2026-07-30T18:38:00.502332
66,7,4,-1,1,ERROR,2026-07-30T18:38:00.640735
66,7,5,-1,1,ERROR,2026-07-30T18:38:00.635564
66,7,6,-1,1,ERROR,2026-07-30T18:38:00.658850
66,7,7,-1,1,ERROR,2026-07-30T18:38:00.848840
66,7,8,-1,1,ERROR,2026-07-30T18:38:01.024772
66,7,9,-1,1,ERROR,2026-07-30T18:38:01.027124
66,7,10,-1,1,ERROR,2026-07-30T18:38:01.037244
66,8,1,-1,1,ERROR,2026-07-30T18:38:00.973983
66,8,2,-1,1,ERROR,2026-07-30T18:38:01.204374
66,8,3,-1,1,ERROR,2026-07-30T18:38:01.214869
66,8,4,-1,1,ERROR,2026-07-30T18:38:01.226951
66,8,5,-1,1,ERROR,2026-07-30T18:38:01.420191
66,8,6,-1,1,ERROR,2026-07-30T18:38:01.343050
66,8,7,-1,1,ERROR,2026-07-30T18:38:01.596089
66,8,8,-1,1,ERROR,2026-07-30T18:38:01.600612
66,8,9,-1,1,ERROR,2026-07-30T18:38:01.611611
66,8,10,-1,1,ERROR,2026-07-30T18:38:01.778693
66,9,1,-1,1,ERROR,2026-07-30T18:38:01.785370
66,9,2,-1,1,ERROR,2026-07-30T18:38:01.798178
66,9,3,-1,1,ERROR,2026-07-30T18:38:01.927645
66,9,4,-1,1,ERROR,2026-07-30T18:38:01.899230
66,9,5,-1,1,ERROR,2026-07-30T18:38:02.166702
66,9,6,-1,1,ERROR,2026-07-30T18:38:02.166729
66,9,7,-1,1,ERROR,2026-07-30T18:38:02.085274
66,9,8,-1,1,ERROR,2026-07-30T18:38:02.353534
66,9,9,-1,1,ERROR,2026-07-30T18:38:02.355802
66,9,10,-1,1,ERROR,2026-07-30T18:38:02.281170
66,10,1,-1,1,ERROR,2026-07-30T18:38:02.266853
66,10,2,-1,1,ERROR,2026-07-30T18:38:02.502376
66,10,3,-1,1,ERROR,2026-07-30T18:38:02.457545
66,10,4,-1,1,ERROR,2026-07-30T18:38:02.641731
66,10,5,-1,1,ERROR,2026-07-30T18:38:02.638619
66,10,6,-1,1,ERROR,2026-07-30T18:38:02.638590
66,10,7,-1,1,ERROR,2026-07-30T18:38:02.862125
66,10,8,-1,1,ERROR,2026-07-30T18:38:02.924981
66,10,9,-1,1,ERROR,2026-07-30T18:38:02.828393
66,10,10,-1,1,ERROR,2026-07-30T18:38:02.827437
66,11,1,-1,1,ERROR,2026-07-30T18:38:03.078966
66,11,2,-1,1,ERROR,2026-07-30T18:38:03.110958
66,11,3,-1,1,ERROR,2026-07-30T18:38:03.116105
66,11,4,-1,1,ERROR,2026-07-30T18:38:03.112072
66,11,5,-1,1,ERROR,2026-07-30T18:38:03.293819
66,11,6,-1,1,ERROR,2026-07-30T18:38:03.206404
66,11,7,-1,1,ERROR,2026-07-30T18:38:03.437754
66,11,8,-1,1,ERROR,2026-07-30T18:38:03.394164
66,11,9,-1,1,ERROR,2026-07-30T18:38:03.653824
66,11,10,-1,1,ERROR,2026-07-30T18:38:03.584278
66,12,1,-1,1,ERROR,2026-07-30T18:38:03.584383
66,12,2,-1,1,ERROR,2026-07-30T18:38:03.584200
66,12,3,-1,1,ERROR,2026-07-30T18:38:03.777140
66,12,4,-1,1,ERROR,2026-07-30T18:38:03.756911
66,12,5,-1,1,ERROR,2026-07-30T18:38:03.963757
66,12,6,-1,1,ERROR,2026-07-30T18:38:03.909409
66,12,7,-1,1,ERROR,2026-07-30T18:38:04.155902
66,12,8,-1,1,ERROR,2026-07-30T18:38:04.153475
66,12,9,-1,1,ERROR,2026-07-30T18:38:04.157646
66,12,10,-1,1,ERROR,2026-07-30T18:38:04.126421
66,13,1,-1,1,ERROR,2026-07-30T18:38:04.331651
66,13,2,-1,1,ERROR,2026-07-30T18:38:04.351481
66,13,3,-1,1,ERROR,2026-07-30T18:38:04.386696
66,13,4,-1,1,ERROR,2026-07-30T18:38:04.529978
66,13,5,-1,1,ERROR,2026-07-30T18:38:04.493860
66,13,6,-1,1,ERROR,2026-07-30T18:38:04.724539
66,13,7,-1,1,ERROR,2026-07-30T18:38:04.724851
66,13,8,-1,1,ERROR,2026-07-30T18:38:04.726538
66,13,9,-1,1,ERROR,2026-07-30T18:38:04.913505
66,13,10,-1,1,ERROR,2026-07-30T18:38:04.920999
66,14,1,-1,1,ERROR,2026-07-30T18:38:04.864531
66,14,2,-1,1,ERROR,2026-07-30T18:38:05.075291
66,14,3,-1,1,ERROR,2026-07-30T18:38:05.103612
66,14,4,-1,1,ERROR,2026-07-30T18:38:05.300563
66,14,5,-1,1,ERROR,2026-07-30T18:38:05.305783
66,14,6,-1,1,ERROR,2026-07-30T18:38:05.307221
66,14,7,-1,1,ERROR,2026-07-30T18:38:05.438406
66,14,8,-1,1,ERROR,2026-07-30T18:38:05.491197
66,14,9,-1,1,ERROR,2026-07-30T18:38:05.398462
66,14,10,-1,1,ERROR,2026-07-30T18:38:05.658689
66,15,1,-1,1,ERROR,2026-07-30T18:38:05.607891
66,15,2,-1,1,ERROR,2026-07-30T18:38:05.772476
66,15,3,-1,1,ERROR,2026-07-30T18:38:05.775929
66,15,4,-1,1,ERROR,2026-07-30T18:38:05.780689
66,15,5,-1,1,ERROR,2026-07-30T18:38:05.976572
66,15,6,-1,1,ERROR,2026-07-30T18:38:06.007879
66,15,7,-1,1,ERROR,2026-07-30T18:38:05.968190
66,15,8,-1,1,ERROR,2026-07-30T18:38:06.181563
66,15,9,-1,1,ERROR,2026-07-30T18:38:06.129694
66,15,10,-1,1,ERROR,2026-07-30T18:38:06.345592
66,16,1,-1,1,ERROR,2026-07-30T18:38:06.343950
66,16,2,-1,1,ERROR,2026-07-30T18:38:06.357603
66,16,3,-1,1,ERROR,2026-07-30T18:38:06.548078
66,16,4,-1,1,ERROR,2026-07-30T18:38:06.546836
66,16,5,-1,1,ERROR,2026-07-30T18:38:06.479524
66,16,6,-1,1,ERROR,2026-07-30T18:38:06.703757
66,16,7,-1,1,ERROR,2026-07-30T18:38:06.653597
66,16,8,-1,1,ERROR,2026-07-30T18:38:06.919943
66,16,9,-1,1,ERROR,2026-07-30T18:38:06.921375
66,16,10,-1,1,ERROR,2026-07-30T18:38:06.930913
66,17,1,-1,1,ERROR,2026-07-30T18:38:07.063894
66,17,2,-1,1,ERROR,2026-07-30T18:38:07.120265
66,17,3,-1,1,ERROR,2026-07-30T18:38:07.120236
66,17,4,-1,1,ERROR,2026-07-30T18:38:07.129673
66,17,5,-1,1,ERROR,2026-07-30T18:38:07.197756
66,17,6,-1,1,ERROR,2026-07-30T18:38:07.392986
66,17,7,-1,1,ERROR,2026-07-30T18:38:07.393209
66,17,8,-1,1,ERROR,2026-07-30T18:38:07.401094
66,17,9,-1,1,ERROR,2026-07-30T18:38:07.638787
66,17,10,-1,1,ERROR,2026-07-30T18:38:07.591651
66,18,1,-1,1,ERROR,2026-07-30T18:38:07.593375
66,18,2,-1,1,ERROR,2026-07-30T18:38:07.602797
66,18,3,-1,1,ERROR,2026-07-30T18:38:07.672864
66,18,4,-1,1,ERROR,2026-07-30T18:38:07.766087
66,18,5,-1,1,ERROR,2026-07-30T18:38:07.768716
66,18,6,-1,1,ERROR,2026-07-30T18:38:07.769950
66,18,7,-1,1,ERROR,2026-07-30T18:38:07.962157
66,18,8,-1,1,ERROR,2026-07-30T18:38:08.167655
66,18,9,-1,1,ERROR,2026-07-30T18:38:08.172698
66,18,10,-1,1,ERROR,2026-07-30T18:38:08.210166
66,19,1,-1,1,ERROR,2026-07-30T18:38:08.153355
66,19,2,-1,1,ERROR,2026-07-30T18:38:08.340084
66,19,3,-1,1,ERROR,2026-07-30T18:38:08.345013
66,19,4,-1,1,ERROR,2026-07-30T18:38:08.344993
66,19,5,-1,1,ERROR,2026-07-30T18:38:08.535819
66,19,6,-1,1,ERROR,2026-07-30T18:38:08.729003
66,19,7,-1,1,ERROR,2026-07-30T18:38:08.740851
66,19,8,-1,1,ERROR,2026-07-30T18:38:08.744186
66,19,9,-1,1,ERROR,2026-07-30T18:38:08.780820
66,19,10,-1,1,ERROR,2026-07-30T18:38:08.920898
66,20,1,-1,1,ERROR,2026-07-30T18:38:08.922834
66,20,2,-1,1,ERROR,2026-07-30T18:38:08.920928
66,20,3,-1,1,ERROR,2026-07-30T18:38:09.112650
66,20,4,-1,1,ERROR,2026-07-30T18:38:09.306969
66,20,5,-1,1,ERROR,2026-07-30T18:38:09.325190
66,20,6,-1,1,ERROR,2026-07-30T18:38:09.322842
66,20,7,-1,1,ERROR,2026-07-30T18:38:09.276461
66,20,8,-1,1,ERROR,2026-07-30T18:38:09.494882
66,20,9,-1,1,ERROR,2026-07-30T18:38:09.494856
66,20,10,-1,1,ERROR,2026-07-30T18:38:09.502926
66,21,1,-1,1,ERROR,2026-07-30T18:38:09.696715
66,21,2,-1,1,ERROR,2026-07-30T18:38:09.649274
66,21,3,-1,1,ERROR,2026-07-30T18:38:09.890776
66,21,4,-1,1,ERROR,2026-07-30T18:38:09.895319
66,21,5,-1,1,ERROR,2026-07-30T18:38:09.902488
66,21,6,-1,1,ERROR,2026-07-30T18:38:10.074190
66,21,7,-1,1,ERROR,2026-07-30T18:38:10.078863
66,21,8,-1,1,ERROR,2026-07-30T18:38:10.074166
66,21,9,-1,1,ERROR,2026-07-30T18:38:10.239414
66,21,10,-1,1,ERROR,2026-07-30T18:38:10.268485
66,22,1,-1,1,ERROR,2026-07-30T18:38:10.464118
66,22,2,-1,1,ERROR,2026-07-30T18:38:10.465175
66,22,3,-1,1,ERROR,2026-07-30T18:38:10.473525
66,22,4,-1,1,ERROR,2026-07-30T18:38:10.653459
66,22,5,-1,1,ERROR,2026-07-30T18:38:10.652168
66,22,6,-1,1,ERROR,2026-07-30T18:38:10.651956
66,22,7,-1,1,ERROR,2026-07-30T18:38:10.809218
66,22,8,-1,1,ERROR,2026-07-30T18:38:10.743291
66,22,9,-1,1,ERROR,2026-07-30T18:38:10.981154
66,22,10,-1,1,ERROR,2026-07-30T18:38:10.959503
66,23,1,-1,1,ERROR,2026-07-30T18:38:10.973772
66,23,2,-1,1,ERROR,2026-07-30T18:38:11.128601
66,23,3,-1,1,ERROR,2026-07-30T18:38:11.131496
66,23,4,-1,1,ERROR,2026-07-30T18:38:11.128555
66,23,5,-1,1,ERROR,2026-07-30T18:38:11.317620
66,23,6,-1,1,ERROR,2026-07-30T18:38:11.379100
66,23,7,-1,1,ERROR,2026-07-30T18:38:11.534407
66,23,8,-1,1,ERROR,2026-07-30T18:38:11.551601
66,23,9,-1,1,ERROR,2026-07-30T18:38:11.551570
66,23,10,-1,1,ERROR,2026-07-30T18:38:11.700625
66,24,1,-1,1,ERROR,2026-07-30T18:38:11.700592
66,24,2,-1,1,ERROR,2026-07-30T18:38:11.701005
66,24,3,-1,1,ERROR,2026-07-30T18:38:11.890805
66,24,4,-1,1,ERROR,2026-07-30T18:38:11.847485
66,24,5,-1,1,ERROR,2026-07-30T18:38:12.007128
66,24,6,-1,1,ERROR,2026-07-30T18:38:12.018163
66,24,7,-1,1,ERROR,2026-07-30T18:38:12.022827
66,24,8,-1,1,ERROR,2026-07-30T18:38:12.271435
66,24,9,-1,1,ERROR,2026-07-30T18:38:12.268208
66,24,10,-1,1,ERROR,2026-07-30T18:38:12.268404
66,25,1,-1,1,ERROR,2026-07-30T18:38:12.419909
66,25,2,-1,1,ERROR,2026-07-30T18:38:12.461866
66,25,3,-1,1,ERROR,2026-07-30T18:38:12.373085
66,25,4,-1,1,ERROR,2026-07-30T18:38:12.601702
66,25,5,-1,1,ERROR,2026-07-30T18:38:12.601670
66,25,6,-1,1,ERROR,2026-07-30T18:38:12.742256
66,25,7,-1,1,ERROR,2026-07-30T18:38:12.836817
66,25,8,-1,1,ERROR,2026-07-30T18:38:12.743833
66,25,9,-1,1,ERROR,2026-07-30T18:38:12.742287
66,25,10,-1,1,ERROR,2026-07-30T18:38:12.993743
66,26,1,-1,1,ERROR,2026-07-30T18:38:12.933940
66,26,2,-1,1,ERROR,2026-07-30T18:38:13.170006
66,26,3,-1,1,ERROR,2026-07-30T18:38:13.171205
66,26,4,-1,1,ERROR,2026-07-30T18:38:13.111360
66,26,5,-1,1,ERROR,2026-07-30T18:38:13.208971
66,26,6,-1,1,ERROR,2026-07-30T18:38:13.208944
66,26,7,-1,1,ERROR,2026-07-30T18:38:13.309617
66,26,8,-1,1,ERROR,2026-07-30T18:38:13.304865
66,26,9,-1,1,ERROR,2026-07-30T18:38:13.463140
66,26,10,-1,1,ERROR,2026-07-30T18:38:13.686120
66,27,1,-1,1,ERROR,2026-07-30T18:38:13.740958
66,27,2,-1,1,ERROR,2026-07-30T18:38:13.740884
66,27,3,-1,1,ERROR,2026-07-30T18:38:13.677374
66,27,4,-1,1,ERROR,2026-07-30T18:38:13.678648
66,27,5,-1,1,ERROR,2026-07-30T18:38:13.874782
66,27,6,-1,1,ERROR,2026-07-30T18:38:13.878104
66,27,7,-1,1,ERROR,2026-07-30T18:38:13.837898
66,27,8,-1,1,ERROR,2026-07-30T18:38:14.247946
66,27,9,-1,1,ERROR,2026-07-30T18:38:14.045623
66,27,10,-1,1,ERROR,2026-07-30T18:38:14.254712
66,28,1,-1,1,ERROR,2026-07-30T18:38:14.211257
66,28,2,-1,1,ERROR,2026-07-30T18:38:14.309479
66,28,3,-1,1,ERROR,2026-07-30T18:38:14.309520
66,28,4,-1,1,ERROR,2026-07-30T18:38:14.447107
66,28,5,-1,1,ERROR,2026-07-30T18:38:14.447078
66,28,6,-1,1,ERROR,2026-07-30T18:38:14.616811
66,28,7,-1,1,ERROR,2026-07-30T18:38:14.675187
66,28,8,-1,1,ERROR,2026-07-30T18:38:14.824944
66,28,9,-1,1,ERROR,2026-07-30T18:38:14.824900
66,28,10,-1,1,ERROR,2026-07-30T18:38:14.882849
66,29,1,-1,1,ERROR,2026-07-30T18:38:14.875983
66,29,2,-1,1,ERROR,2026-07-30T18:38:15.018950
66,29,3,-1,1,ERROR,2026-07-30T18:38:15.018982
66,29,4,-1,1,ERROR,2026-07-30T18:38:14.985157
66,29,5,-1,1,ERROR,2026-07-30T18:38:15.244928
66,29,6,-1,1,ERROR,2026-07-30T18:38:15.397317
66,29,7,-1,1,ERROR,2026-07-30T18:38:15.394005
66,29,8,-1,1,ERROR,2026-07-30T18:38:15.345969
66,29,9,-1,1,ERROR,2026-07-30T18:38:15.353856
66,29,10,-1,1,ERROR,2026-07-30T18:38:15.555357
66,30,1,-1,1,ERROR,2026-07-30T18:38:15.586831
66,30,2,-1,1,ERROR,2026-07-30T18:38:15.590249
66,30,3,-1,1,ERROR,2026-07-30T18:38:15.720055
66,30,4,-1,1,ERROR,2026-07-30T18:38:15.715007
66,30,5,-1,1,ERROR,2026-07-30T18:38:15.925526
66,30,6,-1,1,ERROR,2026-07-30T18:38:15.957762
66,30,7,-1,1,ERROR,2026-07-30T18:38:15.967549
66,30,8,-1,1,ERROR,2026-07-30T18:38:16.128858
66,30,9,-1,1,ERROR,2026-07-30T18:38:16.157069
66,30,10,-1,1,ERROR,2026-07-30T18:38:16.157456
67,1,1,-1,1,ERROR,2026-07-30T18:38:16.291053
67,1,2,-1,1,ERROR,2026-07-30T18:38:16.291088
67,1,3,-1,1,ERROR,2026-07-30T18:38:16.493238
67,1,4,-1,1,ERROR,2026-07-30T18:38:16.429626
67,1,5,-1,1,ERROR,2026-07-30T18:38:16.435253
67,1,6,-1,1,ERROR,2026-07-30T18:38:16.698558
67,1,7,-1,1,ERROR,2026-07-30T18:38:16.637376
67,1,8,-1,1,ERROR,2026-07-30T18:38:16.637347
67,1,9,-1,1,ERROR,2026-07-30T18:38:16.866241
67,1,10,-1,1,ERROR,2026-07-30T18:38:16.866210
67,2,1,-1,1,ERROR,2026-07-30T18:38:16.909111
67,2,2,-1,1,ERROR,2026-07-30T18:38:17.030504
67,2,3,-1,1,ERROR,2026-07-30T18:38:17.068967
67,2,4,-1,1,ERROR,2026-07-30T18:38:17.009251
67,2,5,-1,1,ERROR,2026-07-30T18:38:17.219035
67,2,6,-1,1,ERROR,2026-07-30T18:38:17.270058
67,2,7,-1,1,ERROR,2026-07-30T18:38:17.434870
67,2,8,-1,1,ERROR,2026-07-30T18:38:17.439069
67,2,9,-1,1,ERROR,2026-07-30T18:38:17.378816
67,2,10,-1,1,ERROR,2026-07-30T18:38:17.377400
67,3,1,-1,1,ERROR,2026-07-30T18:38:17.601406
67,3,2,-1,1,ERROR,2026-07-30T18:38:17.641271
67,3,3,-1,1,ERROR,2026-07-30T18:38:17.784509
67,3,4,-1,1,ERROR,2026-07-30T18:38:17.840313
67,3,5,-1,1,ERROR,2026-07-30T18:38:17.745193
67,3,6,-1,1,ERROR,2026-07-30T18:38:17.746920
67,3,7,-1,1,ERROR,2026-07-30T18:38:18.007201
67,3,8,-1,1,ERROR,2026-07-30T18:38:18.011135
67,3,9,-1,1,ERROR,2026-07-30T18:38:18.176679
67,3,10,-1,1,ERROR,2026-07-30T18:38:18.116287
67,4,1,-1,1,ERROR,2026-07-30T18:38:18.315279
67,4,2,-1,1,ERROR,2026-07-30T18:38:18.317794
67,4,3,-1,1,ERROR,2026-07-30T18:38:18.357532
67,4,4,-1,1,ERROR,2026-07-30T18:38:18.315308
67,4,5,-1,1,ERROR,2026-07-30T18:38:18.484252
67,4,6,-1,1,ERROR,2026-07-30T18:38:18.484314
67,4,7,-1,1,ERROR,2026-07-30T18:38:18.689397
67,4,8,-1,1,ERROR,2026-07-30T18:38:18.743124
67,4,9,-1,1,ERROR,2026-07-30T18:38:18.901209
67,4,10,-1,1,ERROR,2026-07-30T18:38:18.901283
67,5,1,-1,1,ERROR,2026-07-30T18:38:18.901301
67,5,2,-1,1,ERROR,2026-07-30T18:38:18.830382
67,5,3,-1,1,ERROR,2026-07-30T18:38:19.062216
67,5,4,-1,1,ERROR,2026-07-30T18:38:19.059496
67,5,5,-1,1,ERROR,2026-07-30T18:38:19.261233
67,5,6,-1,1,ERROR,2026-07-30T18:38:19.225775
67,5,7,-1,1,ERROR,2026-07-30T18:38:19.401581
67,5,8,-1,1,ERROR,2026-07-30T18:38:19.472579
67,5,9,-1,1,ERROR,2026-07-30T18:38:19.373875
67,5,10,-1,1,ERROR,2026-07-30T18:38:19.373997
67,6,1,-1,1,ERROR,2026-07-30T18:38:19.633907
67,6,2,-1,1,ERROR,2026-07-30T18:38:19.633879
67,6,3,-1,1,ERROR,2026-07-30T18:38:19.795172
67,6,4,-1,1,ERROR,2026-07-30T18:38:19.847452
67,6,5,-1,1,ERROR,2026-07-30T18:38:19.851079
67,6,6,-1,1,ERROR,2026-07-30T18:38:19.848867
67,6,7,-1,1,ERROR,2026-07-30T18:38:19.991494
67,6,8,-1,1,ERROR,2026-07-30T18:38:19.952145
67,6,9,-1,1,ERROR,2026-07-30T18:38:20.114292
67,6,10,-1,1,ERROR,2026-07-30T18:38:20.114267
67,7,1,-1,1,ERROR,2026-07-30T18:38:20.368708
67,7,2,-1,1,ERROR,2026-07-30T18:38:20.319283
67,7,3,-1,1,ERROR,2026-07-30T18:38:20.319405
67,7,4,-1,1,ERROR,2026-07-30T18:38:20.319311
67,7,5,-1,1,ERROR,2026-07-30T18:38:20.530060
67,7,6,-1,1,ERROR,2026-07-30T18:38:20.463258
67,7,7,-1,1,ERROR,2026-07-30T18:38:20.686378
67,7,8,-1,1,ERROR,2026-07-30T18:38:20.688162
67,7,9,-1,1,ERROR,2026-07-30T18:38:20.887843
67,7,10,-1,1,ERROR,2026-07-30T18:38:20.897747
67,8,1,-1,1,ERROR,2026-07-30T18:38:20.892536
67,8,2,-1,1,ERROR,2026-07-30T18:38:20.854724
67,8,3,-1,1,ERROR,2026-07-30T18:38:21.035880
67,8,4,-1,1,ERROR,2026-07-30T18:38:21.099431
67,8,5,-1,1,ERROR,2026-07-30T18:38:21.259968
67,8,6,-1,1,ERROR,2026-07-30T18:38:21.265995
67,8,7,-1,1,ERROR,2026-07-30T18:38:21.432850
67,8,8,-1,1,ERROR,2026-07-30T18:38:21.366302
67,8,9,-1,1,ERROR,2026-07-30T18:38:21.362726
67,8,10,-1,1,ERROR,2026-07-30T18:38:21.377477
67,9,1,-1,1,ERROR,2026-07-30T18:38:21.607142
67,9,2,-1,1,ERROR,2026-07-30T18:38:21.569736
67,9,3,-1,1,ERROR,2026-07-30T18:38:21.732200
67,9,4,-1,1,ERROR,2026-07-30T18:38:21.739823
67,9,5,-1,1,ERROR,2026-07-30T18:38:21.954242
67,9,6,-1,1,ERROR,2026-07-30T18:38:21.954218
67,9,7,-1,1,ERROR,2026-07-30T18:38:21.977655
67,9,8,-1,1,ERROR,2026-07-30T18:38:21.915241
67,9,9,-1,1,ERROR,2026-07-30T18:38:22.144525
67,9,10,-1,1,ERROR,2026-07-30T18:38:22.078815
67,10,1,-1,1,ERROR,2026-07-30T18:38:22.311054
67,10,2,-1,1,ERROR,2026-07-30T18:38:22.311081
67,10,3,-1,1,ERROR,2026-07-30T18:38:22.493028
67,10,4,-1,1,ERROR,2026-07-30T18:38:22.427246
67,10,5,-1,1,ERROR,2026-07-30T18:38:22.427299
67,10,6,-1,1,ERROR,2026-07-30T18:38:22.446767
67,10,7,-1,1,ERROR,2026-07-30T18:38:22.646101
67,10,8,-1,1,ERROR,2026-07-30T18:38:22.619261
67,10,9,-1,1,ERROR,2026-07-30T18:38:22.784194
67,10,10,-1,1,ERROR,2026-07-30T18:38:22.784234
67,11,1,-1,1,ERROR,2026-07-30T18:38:22.997430
67,11,2,-1,1,ERROR,2026-07-30T18:38:23.001240
67,11,3,-1,1,ERROR,2026-07-30T18:38:23.024573
67,11,4,-1,1,ERROR,2026-07-30T18:38:22.966106
67,11,5,-1,1,ERROR,2026-07-30T18:38:23.198179
67,11,6,-1,1,ERROR,2026-07-30T18:38:23.219976
67,11,7,-1,1,ERROR,2026-07-30T18:38:23.364060
67,11,8,-1,1,ERROR,2026-07-30T18:38:23.371605
67,11,9,-1,1,ERROR,2026-07-30T18:38:23.556757
67,11,10,-1,1,ERROR,2026-07-30T18:38:23.579892
67,12,1,-1,1,ERROR,2026-07-30T18:38:23.597546
67,12,2,-1,1,ERROR,2026-07-30T18:38:23.610563
67,12,3,-1,1,ERROR,2026-07-30T18:38:23.781439
67,12,4,-1,1,ERROR,2026-07-30T18:38:23.805172
67,12,5,-1,1,ERROR,2026-07-30T18:38:23.956588
67,12,6,-1,1,ERROR,2026-07-30T18:38:23.961699
67,12,7,-1,1,ERROR,2026-07-30T18:38:24.139598
67,12,8,-1,1,ERROR,2026-07-30T18:38:24.153691
67,12,9,-1,1,ERROR,2026-07-30T18:38:24.174936
67,12,10,-1,1,ERROR,2026-07-30T18:38:24.089433
67,13,1,-1,1,ERROR,2026-07-30T18:38:24.357005
67,13,2,-1,1,ERROR,2026-07-30T18:38:24.280815
67,13,3,-1,1,ERROR,2026-07-30T18:38:24.431388
67,13,4,-1,1,ERROR,2026-07-30T18:38:24.434549
67,13,5,-1,1,ERROR,2026-07-30T18:38:24.669561
67,13,6,-1,1,ERROR,2026-07-30T18:38:24.609642
67,13,7,-1,1,ERROR,2026-07-30T18:38:24.627260
67,13,8,-1,1,ERROR,2026-07-30T18:38:24.648312
67,13,9,-1,1,ERROR,2026-07-30T18:38:24.857282
67,13,10,-1,1,ERROR,2026-07-30T18:38:24.829532
67,14,1,-1,1,ERROR,2026-07-30T18:38:24.901288
67,14,2,-1,1,ERROR,2026-07-30T18:38:24.803611
67,14,3,-1,1,ERROR,2026-07-30T18:38:25.078485
67,14,4,-1,1,ERROR,2026-07-30T18:38:25.103334
67,14,5,-1,1,ERROR,2026-07-30T18:38:25.224067
67,14,6,-1,1,ERROR,2026-07-30T18:38:25.243104
67,14,7,-1,1,ERROR,2026-07-30T18:38:25.296294
67,14,8,-1,1,ERROR,2026-07-30T18:38:25.413683
67,14,9,-1,1,ERROR,2026-07-30T18:38:25.444729
67,14,10,-1,1,ERROR,2026-07-30T18:38:25.477636
67,15,1,-1,1,ERROR,2026-07-30T18:38:25.554708
67,15,2,-1,1,ERROR,2026-07-30T18:38:25.575240
67,15,3,-1,1,ERROR,2026-07-30T18:38:25.813030
67,15,4,-1,1,ERROR,2026-07-30T18:38:25.817313
67,15,5,-1,1,ERROR,2026-07-30T18:38:25.788271
67,15,6,-1,1,ERROR,2026-07-30T18:38:25.988985
67,15,7,-1,1,ERROR,2026-07-30T18:38:26.016706
67,15,8,-1,1,ERROR,2026-07-30T18:38:25.949645
67,15,9,-1,1,ERROR,2026-07-30T18:38:26.034588
67,15,10,-1,1,ERROR,2026-07-30T18:38:26.156726
67,16,1,-1,1,ERROR,2026-07-30T18:38:26.361585
67,16,2,-1,1,ERROR,2026-07-30T18:38:26.391832
67,16,3,-1,1,ERROR,2026-07-30T18:38:26.395493
67,16,4,-1,1,ERROR,2026-07-30T18:38:26.521871
67,16,5,-1,1,ERROR,2026-07-30T18:38:26.562985
67,16,6,-1,1,ERROR,2026-07-30T18:38:26.593221
67,16,7,-1,1,ERROR,2026-07-30T18:38:26.521898
67,16,8,-1,1,ERROR,2026-07-30T18:38:26.752641
67,16,9,-1,1,ERROR,2026-07-30T18:38:26.939059
67,16,10,-1,1,ERROR,2026-07-30T18:38:26.870124
67,17,1,-1,1,ERROR,2026-07-30T18:38:26.871865
67,17,2,-1,1,ERROR,2026-07-30T18:38:27.087505
67,17,3,-1,1,ERROR,2026-07-30T18:38:27.097718
67,17,4,-1,1,ERROR,2026-07-30T18:38:27.139350
67,17,5,-1,1,ERROR,2026-07-30T18:38:27.070135
67,17,6,-1,1,ERROR,2026-07-30T18:38:27.328563
67,17,7,-1,1,ERROR,2026-07-30T18:38:27.443037
67,17,8,-1,1,ERROR,2026-07-30T18:38:27.446142
67,17,9,-1,1,ERROR,2026-07-30T18:38:27.521976
67,17,10,-1,1,ERROR,2026-07-30T18:38:27.647298
67,18,1,-1,1,ERROR,2026-07-30T18:38:27.661427
67,18,2,-1,1,ERROR,2026-07-30T18:38:27.662445
67,18,3,-1,1,ERROR,2026-07-30T18:38:27.709336
67,18,4,-1,1,ERROR,2026-07-30T18:38:27.810392
67,18,5,-1,1,ERROR,2026-07-30T18:38:28.024253
67,18,6,-1,1,ERROR,2026-07-30T18:38:28.023497
67,18,7,-1,1,ERROR,2026-07-30T18:38:28.001917
67,18,8,-1,1,ERROR,2026-07-30T18:38:28.219412
67,18,9,-1,1,ERROR,2026-07-30T18:38:28.239158
67,18,10,-1,1,ERROR,2026-07-30T18:38:28.237176
67,19,1,-1,1,ERROR,2026-07-30T18:38:28.184515
67,19,2,-1,1,ERROR,2026-07-30T18:38:28.384063
67,19,3,-1,1,ERROR,2026-07-30T18:38:28.575965
67,19,4,-1,1,ERROR,2026-07-30T18:38:28.593498
67,19,5,-1,1,ERROR,2026-07-30T18:38:28.593471
67,19,6,-1,1,ERROR,2026-07-30T18:38:28.763576
67,19,7,-1,1,ERROR,2026-07-30T18:38:28.791730
67,19,8,-1,1,ERROR,2026-07-30T18:38:28.807645
67,19,9,-1,1,ERROR,2026-07-30T18:38:28.807609
67,19,10,-1,1,ERROR,2026-07-30T18:38:28.954208
67,20,1,-1,1,ERROR,2026-07-30T18:38:29.149594
67,20,2,-1,1,ERROR,2026-07-30T18:38:29.174378
67,20,3,-1,1,ERROR,2026-07-30T18:38:29.172032
67,20,4,-1,1,ERROR,2026-07-30T18:38:29.335441
67,20,5,-1,1,ERROR,2026-07-30T18:38:29.368221
67,20,6,-1,1,ERROR,2026-07-30T18:38:29.378097
67,20,7,-1,1,ERROR,2026-07-30T18:38:29.373235
67,20,8,-1,1,ERROR,2026-07-30T18:38:29.526404
67,20,9,-1,1,ERROR,2026-07-30T18:38:29.720171
67,20,10,-1,1,ERROR,2026-07-30T18:38:29.638459
67,21,1,-1,1,ERROR,2026-07-30T18:38:29.641896
67,21,2,-1,1,ERROR,2026-07-30T18:38:29.906810
67,21,3,-1,1,ERROR,2026-07-30T18:38:29.832784
67,21,4,-1,1,ERROR,2026-07-30T18:38:29.844749
67,21,5,-1,1,ERROR,2026-07-30T18:38:29.844722
67,21,6,-1,1,ERROR,2026-07-30T18:38:30.099332
67,21,7,-1,1,ERROR,2026-07-30T18:38:30.014151
67,21,8,-1,1,ERROR,2026-07-30T18:38:30.013069
67,21,9,-1,1,ERROR,2026-07-30T18:38:30.204241
67,21,10,-1,1,ERROR,2026-07-30T18:38:30.409719
67,22,1,-1,1,ERROR,2026-07-30T18:38:30.411081
67,22,2,-1,1,ERROR,2026-07-30T18:38:30.417003
67,22,3,-1,1,ERROR,2026-07-30T18:38:30.374558
67,22,4,-1,1,ERROR,2026-07-30T18:38:30.586425
67,22,5,-1,1,ERROR,2026-07-30T18:38:30.587554
67,22,6,-1,1,ERROR,2026-07-30T18:38:30.563940
67,22,7,-1,1,ERROR,2026-07-30T18:38:30.782782
67,22,8,-1,1,ERROR,2026-07-30T18:38:30.742441
67,22,9,-1,1,ERROR,2026-07-30T18:38:30.986912
67,22,10,-1,1,ERROR,2026-07-30T18:38:30.986748
67,23,1,-1,1,ERROR,2026-07-30T18:38:30.986788
67,23,2,-1,1,ERROR,2026-07-30T18:38:31.246536
67,23,3,-1,1,ERROR,2026-07-30T18:38:31.157487
67,23,4,-1,1,ERROR,2026-07-30T18:38:31.158756
67,23,5,-1,1,ERROR,2026-07-30T18:38:31.434821
67,23,6,-1,1,ERROR,2026-07-30T18:38:31.363948
67,23,7,-1,1,ERROR,2026-07-30T18:38:31.570262
67,23,8,-1,1,ERROR,2026-07-30T18:38:31.571187
67,23,9,-1,1,ERROR,2026-07-30T18:38:31.568960
67,23,10,-1,1,ERROR,2026-07-30T18:38:31.754683
67,24,1,-1,1,ERROR,2026-07-30T18:38:31.754649
67,24,2,-1,1,ERROR,2026-07-30T18:38:31.716759
67,24,3,-1,1,ERROR,2026-07-30T18:38:31.939062
67,24,4,-1,1,ERROR,2026-07-30T18:38:31.907151
67,24,5,-1,1,ERROR,2026-07-30T18:38:32.143880
67,24,6,-1,1,ERROR,2026-07-30T18:38:32.135643
67,24,7,-1,1,ERROR,2026-07-30T18:38:32.139192
67,24,8,-1,1,ERROR,2026-07-30T18:38:32.283606
67,24,9,-1,1,ERROR,2026-07-30T18:38:32.324982
67,24,10,-1,1,ERROR,2026-07-30T18:38:32.326214
67,25,1,-1,1,ERROR,2026-07-30T18:38:32.483032
67,25,2,-1,1,ERROR,2026-07-30T18:38:32.414988
67,25,3,-1,1,ERROR,2026-07-30T18:38:32.603401
67,25,4,-1,1,ERROR,2026-07-30T18:38:32.613272
67,25,5,-1,1,ERROR,2026-07-30T18:38:32.615272
67,25,6,-1,1,ERROR,2026-07-30T18:38:32.858555
67,25,7,-1,1,ERROR,2026-07-30T18:38:32.796266
67,25,8,-1,1,ERROR,2026-07-30T18:38:32.797434
67,25,9,-1,1,ERROR,2026-07-30T18:38:32.887982
67,25,10,-1,1,ERROR,2026-07-30T18:38:33.058731
67,26,1,-1,1,ERROR,2026-07-30T18:38:32.976345
67,26,2,-1,1,ERROR,2026-07-30T18:38:33.191542
67,26,3,-1,1,ERROR,2026-07-30T18:38:33.191584
67,26,4,-1,1,ERROR,2026-07-30T18:38:33.369410
67,26,5,-1,1,ERROR,2026-07-30T18:38:33.372275
67,26,6,-1,1,ERROR,2026-07-30T18:38:33.343078
67,26,7,-1,1,ERROR,2026-07-30T18:38:33.354801
67,26,8,-1,1,ERROR,2026-07-30T18:38:33.551983
67,26,9,-1,1,ERROR,2026-07-30T18:38:33.534534
67,26,10,-1,1,ERROR,2026-07-30T18:38:33.764705
67,27,1,-1,1,ERROR,2026-07-30T18:38:33.770745
67,27,2,-1,1,ERROR,2026-07-30T18:38:33.819680
67,27,3,-1,1,ERROR,2026-07-30T18:38:33.824853
67,27,4,-1,1,ERROR,2026-07-30T18:38:33.939998
67,27,5,-1,1,ERROR,2026-07-30T18:38:33.951480
67,27,6,-1,1,ERROR,2026-07-30T18:38:34.012501
67,27,7,-1,1,ERROR,2026-07-30T18:38:34.026732
67,27,8,-1,1,ERROR,2026-07-30T18:38:34.134131
67,27,9,-1,1,ERROR,2026-07-30T18:38:34.345154
67,27,10,-1,1,ERROR,2026-07-30T18:38:34.298028
67,28,1,-1,1,ERROR,2026-07-30T18:38:34.294296
67,28,2,-1,1,ERROR,2026-07-30T18:38:34.514045
67,28,3,-1,1,ERROR,2026-07-30T18:38:34.520729
67,28,4,-1,1,ERROR,2026-07-30T18:38:34.496273
67,28,5,-1,1,ERROR,2026-07-30T18:38:34.493096
67,28,6,-1,1,ERROR,2026-07-30T18:38:34.705284
67,28,7,-1,1,ERROR,2026-07-30T18:38:34.668120
67,28,8,-1,1,ERROR,2026-07-30T18:38:34.668093
67,28,9,-1,1,ERROR,2026-07-30T18:38:34.912259
67,28,10,-1,1,ERROR,2026-07-30T18:38:35.064529
67,29,1,-1,1,ERROR,2026-07-30T18:38:35.070333
67,29,2,-1,1,ERROR,2026-07-30T18:38:35.083141
67,29,3,-1,1,ERROR,2026-07-30T18:38:35.092486
67,29,4,-1,1,ERROR,2026-07-30T18:38:35.238245
67,29,5,-1,1,ERROR,2026-07-30T18:38:35.245360
67,29,6,-1,1,ERROR,2026-07-30T18:38:35.273790
67,29,7,-1,1,ERROR,2026-07-30T18:38:35.487108
67,29,8,-1,1,ERROR,2026-07-30T18:38:35.642503
67,29,9,-1,1,ERROR,2026-07-30T18:38:35.642223
67,29,10,-1,1,ERROR,2026-07-30T18:38:35.683408
67,30,1,-1,1,ERROR,2026-07-30T18:38:35.591530
67,30,2,-1,1,ERROR,2026-07-30T18:38:35.807811
67,30,3,-1,1,ERROR,2026-07-30T18:38:35.815525
67,30,4,-1,1,ERROR,2026-07-30T18:38:35.844323
67,30,5,-1,1,ERROR,2026-07-30T18:38:35.962095
67,30,6,-1,1,ERROR,2026-07-30T18:38:35.962064
67,30,7,-1,1,ERROR,2026-07-30T18:38:36.214923
67,30,8,-1,1,ERROR,2026-07-30T18:38:36.217324
67,30,9,-1,1,ERROR,2026-07-30T18:38:36.163794
67,30,10,-1,1,ERROR,2026-07-30T18:38:36.381441
68,1,1,-1,1,ERROR,2026-07-30T18:38:36.386110
68,1,2,-1,1,ERROR,2026-07-30T18:38:36.416548
68,1,3,-1,1,ERROR,2026-07-30T18:38:36.537282
68,1,4,-1,1,ERROR,2026-07-30T18:38:36.537612
68,1,5,-1,1,ERROR,2026-07-30T18:38:36.739410
68,1,6,-1,1,ERROR,2026-07-30T18:38:36.685066
68,1,7,-1,1,ERROR,2026-07-30T18:38:36.691880
68,1,8,-1,1,ERROR,2026-07-30T18:38:36.871261
68,1,9,-1,1,ERROR,2026-07-30T18:38:36.884807
68,1,10,-1,1,ERROR,2026-07-30T18:38:36.905807
68,2,1,-1,1,ERROR,2026-07-30T18:38:37.109084
68,2,2,-1,1,ERROR,2026-07-30T18:38:37.107513
68,2,3,-1,1,ERROR,2026-07-30T18:38:37.061977
68,2,4,-1,1,ERROR,2026-07-30T18:38:37.263728
68,2,5,-1,1,ERROR,2026-07-30T18:38:37.319047
68,2,6,-1,1,ERROR,2026-07-30T18:38:37.249913
68,2,7,-1,1,ERROR,2026-07-30T18:38:37.464127
68,2,8,-1,1,ERROR,2026-07-30T18:38:37.486769
68,2,9,-1,1,ERROR,2026-07-30T18:38:37.435706
68,2,10,-1,1,ERROR,2026-07-30T18:38:37.678886
68,3,1,-1,1,ERROR,2026-07-30T18:38:37.675318
68,3,2,-1,1,ERROR,2026-07-30T18:38:37.620139
68,3,3,-1,1,ERROR,2026-07-30T18:38:37.835966
68,3,4,-1,1,ERROR,2026-07-30T18:38:37.800914
68,3,5,-1,1,ERROR,2026-07-30T18:38:38.011788
68,3,6,-1,1,ERROR,2026-07-30T18:38:38.044457
68,3,7,-1,1,ERROR,2026-07-30T18:38:38.057395
68,3,8,-1,1,ERROR,2026-07-30T18:38:38.192445
68,3,9,-1,1,ERROR,2026-07-30T18:38:38.249497
68,3,10,-1,1,ERROR,2026-07-30T18:38:38.246581
68,4,1,-1,1,ERROR,2026-07-30T18:38:38.378114
68,4,2,-1,1,ERROR,2026-07-30T18:38:38.414217
68,4,3,-1,1,ERROR,2026-07-30T18:38:38.591447
68,4,4,-1,1,ERROR,2026-07-30T18:38:38.528831
68,4,5,-1,1,ERROR,2026-07-30T18:38:38.533665
68,4,6,-1,1,ERROR,2026-07-30T18:38:38.767144
68,4,7,-1,1,ERROR,2026-07-30T18:38:38.719704
68,4,8,-1,1,ERROR,2026-07-30T18:38:38.719571
68,4,9,-1,1,ERROR,2026-07-30T18:38:38.953582
68,4,10,-1,1,ERROR,2026-07-30T18:38:38.881798
68,5,1,-1,1,ERROR,2026-07-30T18:38:39.294442
68,5,2,-1,1,ERROR,2026-07-30T18:38:39.104385
68,5,3,-1,1,ERROR,2026-07-30T18:38:39.066142
68,5,4,-1,1,ERROR,2026-07-30T18:38:39.313173
68,5,5,-1,1,ERROR,2026-07-30T18:38:39.321253
68,5,6,-1,1,ERROR,2026-07-30T18:38:39.349342
68,5,7,-1,1,ERROR,2026-07-30T18:38:39.351003
68,5,8,-1,1,ERROR,2026-07-30T18:38:39.523688
68,5,9,-1,1,ERROR,2026-07-30T18:38:39.438187
68,5,10,-1,1,ERROR,2026-07-30T18:38:39.674052
68,6,1,-1,1,ERROR,2026-07-30T18:38:39.866078
68,6,2,-1,1,ERROR,2026-07-30T18:38:39.878119
68,6,3,-1,1,ERROR,2026-07-30T18:38:39.892392
68,6,4,-1,1,ERROR,2026-07-30T18:38:39.821138
68,6,5,-1,1,ERROR,2026-07-30T18:38:39.821164
68,6,6,-1,1,ERROR,2026-07-30T18:38:40.013592
68,6,7,-1,1,ERROR,2026-07-30T18:38:39.996672
68,6,8,-1,1,ERROR,2026-07-30T18:38:40.162682
68,6,9,-1,1,ERROR,2026-07-30T18:38:40.386909
68,6,10,-1,1,ERROR,2026-07-30T18:38:40.392896
68,7,1,-1,1,ERROR,2026-07-30T18:38:40.334750
68,7,2,-1,1,ERROR,2026-07-30T18:38:40.342773
68,7,3,-1,1,ERROR,2026-07-30T18:38:40.366070
68,7,4,-1,1,ERROR,2026-07-30T18:38:40.566779
68,7,5,-1,1,ERROR,2026-07-30T18:38:40.588646
68,7,6,-1,1,ERROR,2026-07-30T18:38:40.628764
68,7,7,-1,1,ERROR,2026-07-30T18:38:40.807697
68,7,8,-1,1,ERROR,2026-07-30T18:38:40.820392
68,7,9,-1,1,ERROR,2026-07-30T18:38:40.735581
68,7,10,-1,1,ERROR,2026-07-30T18:38:40.961860
68,8,1,-1,1,ERROR,2026-07-30T18:38:40.964831
68,8,2,-1,1,ERROR,2026-07-30T18:38:41.140262
68,8,3,-1,1,ERROR,2026-07-30T18:38:41.166051
68,8,4,-1,1,ERROR,2026-07-30T18:38:41.099422
68,8,5,-1,1,ERROR,2026-07-30T18:38:41.311122
68,8,6,-1,1,ERROR,2026-07-30T18:38:41.277795
68,8,7,-1,1,ERROR,2026-07-30T18:38:41.288724
68,8,8,-1,1,ERROR,2026-07-30T18:38:41.534210
68,8,9,-1,1,ERROR,2026-07-30T18:38:41.443993
68,8,10,-1,1,ERROR,2026-07-30T18:38:41.672299
68,9,1,-1,1,ERROR,2026-07-30T18:38:41.713894
68,9,2,-1,1,ERROR,2026-07-30T18:38:41.640209
68,9,3,-1,1,ERROR,2026-07-30T18:38:41.866373
68,9,4,-1,1,ERROR,2026-07-30T18:38:41.873028
68,9,5,-1,1,ERROR,2026-07-30T18:38:41.894184
68,9,6,-1,1,ERROR,2026-07-30T18:38:41.825042
68,9,7,-1,1,ERROR,2026-07-30T18:38:42.004787
68,9,8,-1,1,ERROR,2026-07-30T18:38:42.008933
68,9,9,-1,1,ERROR,2026-07-30T18:38:42.243817
68,9,10,-1,1,ERROR,2026-07-30T18:38:42.192452
68,10,1,-1,1,ERROR,2026-07-30T18:38:42.400254
68,10,2,-1,1,ERROR,2026-07-30T18:38:42.436331
68,10,3,-1,1,ERROR,2026-07-30T18:38:42.346622
68,10,4,-1,1,ERROR,2026-07-30T18:38:42.364589
68,10,5,-1,1,ERROR,2026-07-30T18:38:42.575468
68,10,6,-1,1,ERROR,2026-07-30T18:38:42.582463
68,10,7,-1,1,ERROR,2026-07-30T18:38:42.762249
68,10,8,-1,1,ERROR,2026-07-30T18:38:42.718467
68,10,9,-1,1,ERROR,2026-07-30T18:38:42.718500
68,10,10,-1,1,ERROR,2026-07-30T18:38:42.931340
68,11,1,-1,1,ERROR,2026-07-30T18:38:42.971645
68,11,2,-1,1,ERROR,2026-07-30T18:38:42.910302
68,11,3,-1,1,ERROR,2026-07-30T18:38:43.143316
68,11,4,-1,1,ERROR,2026-07-30T18:38:43.151321
68,11,5,-1,1,ERROR,2026-07-30T18:38:43.289612
68,11,6,-1,1,ERROR,2026-07-30T18:38:43.291369
68,11,7,-1,1,ERROR,2026-07-30T18:38:43.333298
68,11,8,-1,1,ERROR,2026-07-30T18:38:43.477474
68,11,9,-1,1,ERROR,2026-07-30T18:38:43.504687
68,11,10,-1,1,ERROR,2026-07-30T18:38:43.443892
68,12,1,-1,1,ERROR,2026-07-30T18:38:43.618435
68,12,2,-1,1,ERROR,2026-07-30T18:38:43.624752
68,12,3,-1,1,ERROR,2026-07-30T18:38:43.865683
68,12,4,-1,1,ERROR,2026-07-30T18:38:43.865714
68,12,5,-1,1,ERROR,2026-07-30T18:38:43.807199
68,12,6,-1,1,ERROR,2026-07-30T18:38:44.016840
68,12,7,-1,1,ERROR,2026-07-30T18:38:44.050938
68,12,8,-1,1,ERROR,2026-07-30T18:38:43.970463
68,12,9,-1,1,ERROR,2026-07-30T18:38:44.188116
68,12,10,-1,1,ERROR,2026-07-30T18:38:44.192359
68,13,1,-1,1,ERROR,2026-07-30T18:38:44.378567
68,13,2,-1,1,ERROR,2026-07-30T18:38:44.338714
68,13,3,-1,1,ERROR,2026-07-30T18:38:44.338673
68,13,4,-1,1,ERROR,2026-07-30T18:38:44.544308
68,13,5,-1,1,ERROR,2026-07-30T18:38:44.483862
68,13,6,-1,1,ERROR,2026-07-30T18:38:44.523418
68,13,7,-1,1,ERROR,2026-07-30T18:38:44.660496
68,13,8,-1,1,ERROR,2026-07-30T18:38:44.660468
68,13,9,-1,1,ERROR,2026-07-30T18:38:44.910276
68,13,10,-1,1,ERROR,2026-07-30T18:38:44.909941
68,14,1,-1,1,ERROR,2026-07-30T18:38:44.849231
68,14,2,-1,1,ERROR,2026-07-30T18:38:44.850404
68,14,3,-1,1,ERROR,2026-07-30T18:38:45.097830
68,14,4,-1,1,ERROR,2026-07-30T18:38:45.111186
68,14,5,-1,1,ERROR,2026-07-30T18:38:45.130783
68,14,6,-1,1,ERROR,2026-07-30T18:38:45.130809
68,14,7,-1,1,ERROR,2026-07-30T18:38:45.226602
68,14,8,-1,1,ERROR,2026-07-30T18:38:45.235316
68,14,9,-1,1,ERROR,2026-07-30T18:38:45.479007
68,14,10,-1,1,ERROR,2026-07-30T18:38:45.479035
68,15,1,-1,1,ERROR,2026-07-30T18:38:45.667641
68,15,2,-1,1,ERROR,2026-07-30T18:38:45.678923
68,15,3,-1,1,ERROR,2026-07-30T18:38:45.601680
68,15,4,-1,1,ERROR,2026-07-30T18:38:45.597593
68,15,5,-1,1,ERROR,2026-07-30T18:38:46.098194
68,15,6,-1,1,ERROR,2026-07-30T18:38:46.100665
68,15,7,-1,1,ERROR,2026-07-30T18:38:46.264024
68,15,8,-1,1,ERROR,2026-07-30T18:38:46.261918
68,15,9,-1,1,ERROR,2026-07-30T18:38:46.276322
68,15,10,-1,1,ERROR,2026-07-30T18:38:46.276301
68,16,1,-1,1,ERROR,2026-07-30T18:38:46.253747
68,16,2,-1,1,ERROR,2026-07-30T18:38:46.263991
68,16,3,-1,1,ERROR,2026-07-30T18:38:46.472345
68,16,4,-1,1,ERROR,2026-07-30T18:38:46.675665
68,16,5,-1,1,ERROR,2026-07-30T18:38:46.728404
68,16,6,-1,1,ERROR,2026-07-30T18:38:46.732871
68,16,7,-1,1,ERROR,2026-07-30T18:38:46.728441
68,16,8,-1,1,ERROR,2026-07-30T18:38:46.732849
68,16,9,-1,1,ERROR,2026-07-30T18:38:46.845547
68,16,10,-1,1,ERROR,2026-07-30T18:38:46.844173
68,17,1,-1,1,ERROR,2026-07-30T18:38:47.049451
68,17,2,-1,1,ERROR,2026-07-30T18:38:47.432333
68,17,3,-1,1,ERROR,2026-07-30T18:38:47.582051
68,17,4,-1,1,ERROR,2026-07-30T18:38:47.195246
68,17,5,-1,1,ERROR,2026-07-30T18:38:47.198444
68,17,6,-1,1,ERROR,2026-07-30T18:38:47.198464
68,17,7,-1,1,ERROR,2026-07-30T18:38:47.418626
68,17,8,-1,1,ERROR,2026-07-30T18:38:47.418987
68,17,9,-1,1,ERROR,2026-07-30T18:38:47.518966
68,17,10,-1,1,ERROR,2026-07-30T18:38:47.765478
68,18,1,-1,1,ERROR,2026-07-30T18:38:47.765503
68,18,2,-1,1,ERROR,2026-07-30T18:38:47.767922
68,18,3,-1,1,ERROR,2026-07-30T18:38:47.987119
68,18,4,-1,1,ERROR,2026-07-30T18:38:47.988183
68,18,5,-1,1,ERROR,2026-07-30T18:38:47.905791
68,18,6,-1,1,ERROR,2026-07-30T18:38:47.985924
68,18,7,-1,1,ERROR,2026-07-30T18:38:48.147517
68,18,8,-1,1,ERROR,2026-07-30T18:38:48.333035
68,18,9,-1,1,ERROR,2026-07-30T18:38:48.334815
68,18,10,-1,1,ERROR,2026-07-30T18:38:48.333065
68,19,1,-1,1,ERROR,2026-07-30T18:38:48.480446
68,19,2,-1,1,ERROR,2026-07-30T18:38:48.457702
68,19,3,-1,1,ERROR,2026-07-30T18:38:48.457752
68,19,4,-1,1,ERROR,2026-07-30T18:38:48.457735
68,19,5,-1,1,ERROR,2026-07-30T18:38:48.618970
68,19,6,-1,1,ERROR,2026-07-30T18:38:48.806911
68,19,7,-1,1,ERROR,2026-07-30T18:38:48.806896
68,19,8,-1,1,ERROR,2026-07-30T18:38:48.806866
68,19,9,-1,1,ERROR,2026-07-30T18:38:49.026773
68,19,10,-1,1,ERROR,2026-07-30T18:38:49.024801
68,20,1,-1,1,ERROR,2026-07-30T18:38:49.034121
68,20,2,-1,1,ERROR,2026-07-30T18:38:49.056812
68,20,3,-1,1,ERROR,2026-07-30T18:38:49.194616
68,20,4,-1,1,ERROR,2026-07-30T18:38:49.174461
68,20,5,-1,1,ERROR,2026-07-30T18:38:49.378659
68,20,6,-1,1,ERROR,2026-07-30T18:38:49.379863
68,20,7,-1,1,ERROR,2026-07-30T18:38:49.593655
68,20,8,-1,1,ERROR,2026-07-30T18:38:49.606347
68,20,9,-1,1,ERROR,2026-07-30T18:38:49.608658
68,20,10,-1,1,ERROR,2026-07-30T18:38:49.528803
68,21,1,-1,1,ERROR,2026-07-30T18:38:49.747719
68,21,2,-1,1,ERROR,2026-07-30T18:38:49.777446
68,21,3,-1,1,ERROR,2026-07-30T18:38:49.950666
68,21,4,-1,1,ERROR,2026-07-30T18:38:49.952063
68,21,5,-1,1,ERROR,2026-07-30T18:38:49.905513
68,21,6,-1,1,ERROR,2026-07-30T18:38:50.168249
68,21,7,-1,1,ERROR,2026-07-30T18:38:50.080608
68,21,8,-1,1,ERROR,2026-07-30T18:38:50.080939
68,21,9,-1,1,ERROR,2026-07-30T18:38:50.322401
68,21,10,-1,1,ERROR,2026-07-30T18:38:50.356673
68,22,1,-1,1,ERROR,2026-07-30T18:38:50.277425
68,22,2,-1,1,ERROR,2026-07-30T18:38:50.521226
68,22,3,-1,1,ERROR,2026-07-30T18:38:50.523212
68,22,4,-1,1,ERROR,2026-07-30T18:38:50.553885
68,22,5,-1,1,ERROR,2026-07-30T18:38:50.553913
68,22,6,-1,1,ERROR,2026-07-30T18:38:50.745227
68,22,7,-1,1,ERROR,2026-07-30T18:38:50.649227
68,22,8,-1,1,ERROR,2026-07-30T18:38:50.892804
68,22,9,-1,1,ERROR,2026-07-30T18:38:50.828564
68,22,10,-1,1,ERROR,2026-07-30T18:38:51.095065
68,23,1,-1,1,ERROR,2026-07-30T18:38:51.093878
68,23,2,-1,1,ERROR,2026-07-30T18:38:51.031563
68,23,3,-1,1,ERROR,2026-07-30T18:38:51.030302
68,23,4,-1,1,ERROR,2026-07-30T18:38:51.115654
68,23,5,-1,1,ERROR,2026-07-30T18:38:51.214757
68,23,6,-1,1,ERROR,2026-07-30T18:38:51.196644
68,23,7,-1,1,ERROR,2026-07-30T18:38:51.365919
68,23,8,-1,1,ERROR,2026-07-30T18:38:51.600629
68,23,9,-1,1,ERROR,2026-07-30T18:38:51.600674
68,23,10,-1,1,ERROR,2026-07-30T18:38:51.666539
68,24,1,-1,1,ERROR,2026-07-30T18:38:51.566241
68,24,2,-1,1,ERROR,2026-07-30T18:38:51.584735
68,24,3,-1,1,ERROR,2026-07-30T18:38:51.772398
68,24,4,-1,1,ERROR,2026-07-30T18:38:51.786484
68,24,5,-1,1,ERROR,2026-07-30T18:38:51.839074
68,24,6,-1,1,ERROR,2026-07-30T18:38:51.939241
68,24,7,-1,1,ERROR,2026-07-30T18:38:52.157595
68,24,8,-1,1,ERROR,2026-07-30T18:38:52.176708
68,24,9,-1,1,ERROR,2026-07-30T18:38:52.176738
68,24,10,-1,1,ERROR,2026-07-30T18:38:52.130657
68,25,1,-1,1,ERROR,2026-07-30T18:38:52.343119
68,25,2,-1,1,ERROR,2026-07-30T18:38:52.358939
68,25,3,-1,1,ERROR,2026-07-30T18:38:52.311234
68,25,4,-1,1,ERROR,2026-07-30T18:38:52.518742
68,25,5,-1,1,ERROR,2026-07-30T18:38:52.703028
68,25,6,-1,1,ERROR,2026-07-30T18:38:52.733738
68,25,7,-1,1,ERROR,2026-07-30T18:38:52.744776
68,25,8,-1,1,ERROR,2026-07-30T18:38:52.747186
68,25,9,-1,1,ERROR,2026-07-30T18:38:52.882410
68,25,10,-1,1,ERROR,2026-07-30T18:38:52.918518
68,26,1,-1,1,ERROR,2026-07-30T18:38:52.928942
68,26,2,-1,1,ERROR,2026-07-30T18:38:53.094214
68,26,3,-1,1,ERROR,2026-07-30T18:38:53.298545
68,26,4,-1,1,ERROR,2026-07-30T18:38:53.227530
68,26,5,-1,1,ERROR,2026-07-30T18:38:53.252965
68,26,6,-1,1,ERROR,2026-07-30T18:38:53.258224
68,26,7,-1,1,ERROR,2026-07-30T18:38:53.459526
68,26,8,-1,1,ERROR,2026-07-30T18:38:53.399579
68,26,9,-1,1,ERROR,2026-07-30T18:38:53.413193
68,26,10,-1,1,ERROR,2026-07-30T18:38:53.572633
68,27,1,-1,1,ERROR,2026-07-30T18:38:53.806023
68,27,2,-1,1,ERROR,2026-07-30T18:38:53.834753
68,27,3,-1,1,ERROR,2026-07-30T18:38:53.834797
68,27,4,-1,1,ERROR,2026-07-30T18:38:53.778125
68,27,5,-1,1,ERROR,2026-07-30T18:38:53.975141
68,27,6,-1,1,ERROR,2026-07-30T18:38:53.986559
68,27,7,-1,1,ERROR,2026-07-30T18:38:54.029293
68,27,8,-1,1,ERROR,2026-07-30T18:38:54.041597
68,27,9,-1,1,ERROR,2026-07-30T18:38:54.149062
68,27,10,-1,1,ERROR,2026-07-30T18:38:54.381901
68,28,1,-1,1,ERROR,2026-07-30T18:38:54.409806
68,28,2,-1,1,ERROR,2026-07-30T18:38:54.408468
68,28,3,-1,1,ERROR,2026-07-30T18:38:54.549066
68,28,4,-1,1,ERROR,2026-07-30T18:38:54.566864
68,28,5,-1,1,ERROR,2026-07-30T18:38:54.610430
68,28,6,-1,1,ERROR,2026-07-30T18:38:54.610464
68,28,7,-1,1,ERROR,2026-07-30T18:38:54.522823
68,28,8,-1,1,ERROR,2026-07-30T18:38:54.750009
68,28,9,-1,1,ERROR,2026-07-30T18:38:54.982656
68,28,10,-1,1,ERROR,2026-07-30T18:38:54.982675
68,29,1,-1,1,ERROR,2026-07-30T18:38:54.999454
68,29,2,-1,1,ERROR,2026-07-30T18:38:54.920245
68,29,3,-1,1,ERROR,2026-07-30T18:38:55.135420
68,29,4,-1,1,ERROR,2026-07-30T18:38:55.082805
68,29,5,-1,1,ERROR,2026-07-30T18:38:55.175971
68,29,6,-1,1,ERROR,2026-07-30T18:38:55.319286
68,29,7,-1,1,ERROR,2026-07-30T18:38:55.488446
68,29,8,-1,1,ERROR,2026-07-30T18:38:55.451648
68,29,9,-1,1,ERROR,2026-07-30T18:38:55.454198
68,29,10,-1,1,ERROR,2026-07-30T18:38:55.475160
68,30,1,-1,1,ERROR,2026-07-30T18:38:55.657598
68,30,2,-1,1,ERROR,2026-07-30T18:38:55.702172
68,30,3,-1,1,ERROR,2026-07-30T18:38:55.655278
68,30,4,-1,1,ERROR,2026-07-30T18:38:55.893065
68,30,5,-1,1,ERROR,2026-07-30T18:38:55.823418
68,30,6,-1,1,ERROR,2026-07-30T18:38:56.066233
68,30,7,-1,1,ERROR,2026-07-30T18:38:56.068332
68,30,8,-1,1,ERROR,2026-07-30T18:38:56.070263
68,30,9,-1,1,ERROR,2026-07-30T18:38:56.226364
68,30,10,-1,1,ERROR,2026-07-30T18:38:56.232267
69,1,1,-1,1,ERROR,2026-07-30T18:38:56.266713
69,1,2,-1,1,ERROR,2026-07-30T18:38:56.391236
69,1,3,-1,1,ERROR,2026-07-30T18:38:56.362511
69,1,4,-1,1,ERROR,2026-07-30T18:38:56.536853
69,1,5,-1,1,ERROR,2026-07-30T18:38:56.539029
69,1,6,-1,1,ERROR,2026-07-30T18:38:56.536876
69,1,7,-1,1,ERROR,2026-07-30T18:38:56.793378
69,1,8,-1,1,ERROR,2026-07-30T18:38:56.796857
69,1,9,-1,1,ERROR,2026-07-30T18:38:56.736080
69,1,10,-1,1,ERROR,2026-07-30T18:38:56.727724
69,2,1,-1,1,ERROR,2026-07-30T18:38:56.955270
69,2,2,-1,1,ERROR,2026-07-30T18:38:56.999229
69,2,3,-1,1,ERROR,2026-07-30T18:38:57.003974
69,2,4,-1,1,ERROR,2026-07-30T18:38:57.003949
69,2,5,-1,1,ERROR,2026-07-30T18:38:57.201407
69,2,6,-1,1,ERROR,2026-07-30T18:38:57.101738
69,2,7,-1,1,ERROR,2026-07-30T18:38:57.359190
69,2,8,-1,1,ERROR,2026-07-30T18:38:57.363321
69,2,9,-1,1,ERROR,2026-07-30T18:38:57.522647
69,2,10,-1,1,ERROR,2026-07-30T18:38:57.564920
69,3,1,-1,1,ERROR,2026-07-30T18:38:57.568510
69,3,2,-1,1,ERROR,2026-07-30T18:38:57.564947
69,3,3,-1,1,ERROR,2026-07-30T18:38:57.568487
69,3,4,-1,1,ERROR,2026-07-30T18:38:57.666638
69,3,5,-1,1,ERROR,2026-07-30T18:38:57.922085
69,3,6,-1,1,ERROR,2026-07-30T18:38:57.927805
69,3,7,-1,1,ERROR,2026-07-30T18:38:58.452562
69,3,8,-1,1,ERROR,2026-07-30T18:38:58.135634
69,3,9,-1,1,ERROR,2026-07-30T18:38:58.128128
69,3,10,-1,1,ERROR,2026-07-30T18:38:58.128156
69,4,1,-1,1,ERROR,2026-07-30T18:38:58.135659
69,4,2,-1,1,ERROR,2026-07-30T18:38:58.244037
69,4,3,-1,1,ERROR,2026-07-30T18:38:58.485712
69,4,4,-1,1,ERROR,2026-07-30T18:38:58.488229
69,4,5,-1,1,ERROR,2026-07-30T18:38:58.596290
69,4,6,-1,1,ERROR,2026-07-30T18:38:58.596316
69,4,7,-1,1,ERROR,2026-07-30T18:38:58.598464
69,4,8,-1,1,ERROR,2026-07-30T18:38:58.596339
69,4,9,-1,1,ERROR,2026-07-30T18:38:58.808939
69,4,10,-1,1,ERROR,2026-07-30T18:38:59.021328
69,5,1,-1,1,ERROR,2026-07-30T18:38:59.052458
69,5,2,-1,1,ERROR,2026-07-30T18:38:59.052427
69,5,3,-1,1,ERROR,2026-07-30T18:38:59.159267
69,5,4,-1,1,ERROR,2026-07-30T18:38:58.958364
69,5,5,-1,1,ERROR,2026-07-30T18:38:59.160586
69,5,6,-1,1,ERROR,2026-07-30T18:38:59.160780
69,5,7,-1,1,ERROR,2026-07-30T18:38:59.373230
69,5,8,-1,1,ERROR,2026-07-30T18:38:59.319334
69,5,9,-1,1,ERROR,2026-07-30T18:38:59.486092
69,5,10,-1,1,ERROR,2026-07-30T18:38:59.522882
69,6,1,-1,1,ERROR,2026-07-30T18:38:59.517511
69,6,2,-1,1,ERROR,2026-07-30T18:38:59.732474
69,6,3,-1,1,ERROR,2026-07-30T18:38:59.727013
69,6,4,-1,1,ERROR,2026-07-30T18:38:59.727048
69,6,5,-1,1,ERROR,2026-07-30T18:38:59.785444
69,6,6,-1,1,ERROR,2026-07-30T18:38:59.941626
69,6,7,-1,1,ERROR,2026-07-30T18:38:59.960366
69,6,8,-1,1,ERROR,2026-07-30T18:38:59.886407
69,6,9,-1,1,ERROR,2026-07-30T18:38:59.888698
69,6,10,-1,1,ERROR,2026-07-30T18:39:00.294915
69,7,1,-1,1,ERROR,2026-07-30T18:39:00.092524
69,7,2,-1,1,ERROR,2026-07-30T18:39:00.485195
69,7,3,-1,1,ERROR,2026-07-30T18:39:00.252103
69,7,4,-1,1,ERROR,2026-07-30T18:39:00.259328
69,7,5,-1,1,ERROR,2026-07-30T18:39:00.249950
69,7,6,-1,1,ERROR,2026-07-30T18:39:00.507770
69,7,7,-1,1,ERROR,2026-07-30T18:39:00.527197
69,7,8,-1,1,ERROR,2026-07-30T18:39:00.667125
69,7,9,-1,1,ERROR,2026-07-30T18:39:00.723502
69,7,10,-1,1,ERROR,2026-07-30T18:39:00.723531
69,8,1,-1,1,ERROR,2026-07-30T18:39:00.723547
69,8,2,-1,1,ERROR,2026-07-30T18:39:00.868377
69,8,3,-1,1,ERROR,2026-07-30T18:39:01.056738
69,8,4,-1,1,ERROR,2026-07-30T18:39:00.972398
69,8,5,-1,1,ERROR,2026-07-30T18:39:00.987604
69,8,6,-1,1,ERROR,2026-07-30T18:39:01.228554
69,8,7,-1,1,ERROR,2026-07-30T18:39:01.195022
69,8,8,-1,1,ERROR,2026-07-30T18:39:01.193120
69,8,9,-1,1,ERROR,2026-07-30T18:39:01.193089
69,8,10,-1,1,ERROR,2026-07-30T18:39:01.433034
69,9,1,-1,1,ERROR,2026-07-30T18:39:01.342763
69,9,2,-1,1,ERROR,2026-07-30T18:39:01.355217
69,9,3,-1,1,ERROR,2026-07-30T18:39:01.525637
69,9,4,-1,1,ERROR,2026-07-30T18:39:01.764714
69,9,5,-1,1,ERROR,2026-07-30T18:39:01.764830
69,9,6,-1,1,ERROR,2026-07-30T18:39:01.764775
69,9,7,-1,1,ERROR,2026-07-30T18:39:01.792151
69,9,8,-1,1,ERROR,2026-07-30T18:39:01.909973
69,9,9,-1,1,ERROR,2026-07-30T18:39:01.924292
69,9,10,-1,1,ERROR,2026-07-30T18:39:01.909947
69,10,1,-1,1,ERROR,2026-07-30T18:39:01.991307
69,10,2,-1,1,ERROR,2026-07-30T18:39:02.136712
69,10,3,-1,1,ERROR,2026-07-30T18:39:02.339131
69,10,4,-1,1,ERROR,2026-07-30T18:39:02.137963
69,10,5,-1,1,ERROR,2026-07-30T18:39:02.367397
69,10,6,-1,1,ERROR,2026-07-30T18:39:02.378075
69,10,7,-1,1,ERROR,2026-07-30T18:39:02.385610
69,10,8,-1,1,ERROR,2026-07-30T18:39:02.393363
69,10,9,-1,1,ERROR,2026-07-30T18:39:02.563150
69,10,10,-1,1,ERROR,2026-07-30T18:39:02.507361
69,11,1,-1,1,ERROR,2026-07-30T18:39:02.508745
69,11,2,-1,1,ERROR,2026-07-30T18:39:02.815794
69,11,3,-1,1,ERROR,2026-07-30T18:39:03.045590
69,11,4,-1,1,ERROR,2026-07-30T18:39:03.045613
69,11,5,-1,1,ERROR,2026-07-30T18:39:02.959989
69,11,6,-1,1,ERROR,2026-07-30T18:39:02.961131
69,11,7,-1,1,ERROR,2026-07-30T18:39:03.019900
69,11,8,-1,1,ERROR,2026-07-30T18:39:02.993070
69,11,9,-1,1,ERROR,2026-07-30T18:39:03.146077
69,11,10,-1,1,ERROR,2026-07-30T18:39:03.386806
69,12,1,-1,1,ERROR,2026-07-30T18:39:03.533033
69,12,2,-1,1,ERROR,2026-07-30T18:39:03.532998
69,12,3,-1,1,ERROR,2026-07-30T18:39:03.571816
69,12,4,-1,1,ERROR,2026-07-30T18:39:03.600693
69,12,5,-1,1,ERROR,2026-07-30T18:39:03.513696
69,12,6,-1,1,ERROR,2026-07-30T18:39:03.511242
69,12,7,-1,1,ERROR,2026-07-30T18:39:03.720697
69,12,8,-1,1,ERROR,2026-07-30T18:39:03.950305
69,12,9,-1,1,ERROR,2026-07-30T18:39:03.878002
69,12,10,-1,1,ERROR,2026-07-30T18:39:04.090293
69,13,1,-1,1,ERROR,2026-07-30T18:39:04.096453
69,13,2,-1,1,ERROR,2026-07-30T18:39:04.098862
69,13,3,-1,1,ERROR,2026-07-30T18:39:04.143390
69,13,4,-1,1,ERROR,2026-07-30T18:39:04.065355
69,13,5,-1,1,ERROR,2026-07-30T18:39:04.296297
69,13,6,-1,1,ERROR,2026-07-30T18:39:04.245201
69,13,7,-1,1,ERROR,2026-07-30T18:39:04.424909
69,13,8,-1,1,ERROR,2026-07-30T18:39:04.430566
69,13,9,-1,1,ERROR,2026-07-30T18:39:04.654619
69,13,10,-1,1,ERROR,2026-07-30T18:39:04.662823
69,14,1,-1,1,ERROR,2026-07-30T18:39:04.666638
69,14,2,-1,1,ERROR,2026-07-30T18:39:04.616529
69,14,3,-1,1,ERROR,2026-07-30T18:39:04.710429
69,14,4,-1,1,ERROR,2026-07-30T18:39:04.862974
69,14,5,-1,1,ERROR,2026-07-30T18:39:04.894433
69,14,6,-1,1,ERROR,2026-07-30T18:39:04.900237
69,14,7,-1,1,ERROR,2026-07-30T18:39:04.985088
69,14,8,-1,1,ERROR,2026-07-30T18:39:05.226562
69,14,9,-1,1,ERROR,2026-07-30T18:39:05.226528
69,14,10,-1,1,ERROR,2026-07-30T18:39:05.237773
69,15,1,-1,1,ERROR,2026-07-30T18:39:05.179120
69,15,2,-1,1,ERROR,2026-07-30T18:39:05.428622
69,15,3,-1,1,ERROR,2026-07-30T18:39:05.363488
69,15,4,-1,1,ERROR,2026-07-30T18:39:05.363466
69,15,5,-1,1,ERROR,2026-07-30T18:39:05.454379
69,15,6,-1,1,ERROR,2026-07-30T18:39:05.541135
69,15,7,-1,1,ERROR,2026-07-30T18:39:05.798938
69,15,8,-1,1,ERROR,2026-07-30T18:39:05.796244
69,15,9,-1,1,ERROR,2026-07-30T18:39:05.808259
69,15,10,-1,1,ERROR,2026-07-30T18:39:05.833915
69,16,1,-1,1,ERROR,2026-07-30T18:39:05.833972
69,16,2,-1,1,ERROR,2026-07-30T18:39:05.998277
69,16,3,-1,1,ERROR,2026-07-30T18:39:05.922148
69,16,4,-1,1,ERROR,2026-07-30T18:39:06.011911
69,16,5,-1,1,ERROR,2026-07-30T18:39:06.170053
69,16,6,-1,1,ERROR,2026-07-30T18:39:06.170027
69,16,7,-1,1,ERROR,2026-07-30T18:39:06.379666
69,16,8,-1,1,ERROR,2026-07-30T18:39:06.402332
69,16,9,-1,1,ERROR,2026-07-30T18:39:06.402360
69,16,10,-1,1,ERROR,2026-07-30T18:39:06.400495
69,17,1,-1,1,ERROR,2026-07-30T18:39:06.561975
69,17,2,-1,1,ERROR,2026-07-30T18:39:06.579849
69,17,3,-1,1,ERROR,2026-07-30T18:39:06.736740
69,17,4,-1,1,ERROR,2026-07-30T18:39:06.741218
69,17,5,-1,1,ERROR,2026-07-30T18:39:06.947414
69,17,6,-1,1,ERROR,2026-07-30T18:39:06.866611
69,17,7,-1,1,ERROR,2026-07-30T18:39:06.868880
69,17,8,-1,1,ERROR,2026-07-30T18:39:06.872553
69,17,9,-1,1,ERROR,2026-07-30T18:39:07.028518
69,17,10,-1,1,ERROR,2026-07-30T18:39:07.048452
69,18,1,-1,1,ERROR,2026-07-30T18:39:07.202221
69,18,2,-1,1,ERROR,2026-07-30T18:39:07.207068
69,18,3,-1,1,ERROR,2026-07-30T18:39:07.434794
69,18,4,-1,1,ERROR,2026-07-30T18:39:07.437168
69,18,5,-1,1,ERROR,2026-07-30T18:39:07.439732
69,18,6,-1,1,ERROR,2026-07-30T18:39:07.418768
69,18,7,-1,1,ERROR,2026-07-30T18:39:07.391638
69,18,8,-1,1,ERROR,2026-07-30T18:39:07.620940
69,18,9,-1,1,ERROR,2026-07-30T18:39:07.667433
69,18,10,-1,1,ERROR,2026-07-30T18:39:07.667401
69,19,1,-1,1,ERROR,2026-07-30T18:39:07.755594
69,19,2,-1,1,ERROR,2026-07-30T18:39:07.980100
69,19,3,-1,1,ERROR,2026-07-30T18:39:08.001593
69,19,4,-1,1,ERROR,2026-07-30T18:39:08.001552
69,19,5,-1,1,ERROR,2026-07-30T18:39:08.006683
69,19,6,-1,1,ERROR,2026-07-30T18:39:08.185913
69,19,7,-1,1,ERROR,2026-07-30T18:39:08.135921
69,19,8,-1,1,ERROR,2026-07-30T18:39:08.134291
69,19,9,-1,1,ERROR,2026-07-30T18:39:08.125170
69,19,10,-1,1,ERROR,2026-07-30T18:39:08.348170
69,20,1,-1,1,ERROR,2026-07-30T18:39:08.569787
69,20,2,-1,1,ERROR,2026-07-30T18:39:08.572969
69,20,3,-1,1,ERROR,2026-07-30T18:39:08.573188
69,20,4,-1,1,ERROR,2026-07-30T18:39:08.589166
69,20,5,-1,1,ERROR,2026-07-30T18:39:08.597923
69,20,6,-1,1,ERROR,2026-07-30T18:39:08.610079
69,20,7,-1,1,ERROR,2026-07-30T18:39:08.753792
69,20,8,-1,1,ERROR,2026-07-30T18:39:08.719273
69,20,9,-1,1,ERROR,2026-07-30T18:39:09.144797
69,20,10,-1,1,ERROR,2026-07-30T18:39:08.941813
69,21,1,-1,1,ERROR,2026-07-30T18:39:09.144769
69,21,2,-1,1,ERROR,2026-07-30T18:39:09.165559
69,21,3,-1,1,ERROR,2026-07-30T18:39:09.172156
69,21,4,-1,1,ERROR,2026-07-30T18:39:09.176875
69,21,5,-1,1,ERROR,2026-07-30T18:39:09.187694
69,21,6,-1,1,ERROR,2026-07-30T18:39:09.323422
69,21,7,-1,1,ERROR,2026-07-30T18:39:09.409926
69,21,8,-1,1,ERROR,2026-07-30T18:39:09.513640
69,21,9,-1,1,ERROR,2026-07-30T18:39:09.716378
69,21,10,-1,1,ERROR,2026-07-30T18:39:09.734693
69,22,1,-1,1,ERROR,2026-07-30T18:39:09.740721
69,22,2,-1,1,ERROR,2026-07-30T18:39:09.738671
69,22,3,-1,1,ERROR,2026-07-30T18:39:09.753511
69,22,4,-1,1,ERROR,2026-07-30T18:39:09.883002
69,22,5,-1,1,ERROR,2026-07-30T18:39:09.877794
69,22,6,-1,1,ERROR,2026-07-30T18:39:09.877819
69,22,7,-1,1,ERROR,2026-07-30T18:39:10.082804
69,22,8,-1,1,ERROR,2026-07-30T18:39:10.302370
69,22,9,-1,1,ERROR,2026-07-30T18:39:10.303985
69,22,10,-1,1,ERROR,2026-07-30T18:39:10.302344
69,23,1,-1,1,ERROR,2026-07-30T18:39:10.319417
69,23,2,-1,1,ERROR,2026-07-30T18:39:10.346871
69,23,3,-1,1,ERROR,2026-07-30T18:39:10.346844
69,23,4,-1,1,ERROR,2026-07-30T18:39:10.346892
69,23,5,-1,1,ERROR,2026-07-30T18:39:10.554433
69,23,6,-1,1,ERROR,2026-07-30T18:39:10.918499
69,23,7,-1,1,ERROR,2026-07-30T18:39:10.669425
69,23,8,-1,1,ERROR,2026-07-30T18:39:10.871172
69,23,9,-1,1,ERROR,2026-07-30T18:39:10.918469
69,23,10,-1,1,ERROR,2026-07-30T18:39:10.920646
69,24,1,-1,1,ERROR,2026-07-30T18:39:10.937334
69,24,2,-1,1,ERROR,2026-07-30T18:39:10.921570
69,24,3,-1,1,ERROR,2026-07-30T18:39:11.021487
69,24,4,-1,1,ERROR,2026-07-30T18:39:11.037536
69,24,5,-1,1,ERROR,2026-07-30T18:39:11.240872
69,24,6,-1,1,ERROR,2026-07-30T18:39:11.489993
69,24,7,-1,1,ERROR,2026-07-30T18:39:11.489959
69,24,8,-1,1,ERROR,2026-07-30T18:39:11.494292
69,24,9,-1,1,ERROR,2026-07-30T18:39:11.492137
69,24,10,-1,1,ERROR,2026-07-30T18:39:11.688013
69,25,1,-1,1,ERROR,2026-07-30T18:39:11.484599
69,25,2,-1,1,ERROR,2026-07-30T18:39:11.509385
69,25,3,-1,1,ERROR,2026-07-30T18:39:11.610443
69,25,4,-1,1,ERROR,2026-07-30T18:39:11.850956
69,25,5,-1,1,ERROR,2026-07-30T18:39:12.058906
69,25,6,-1,1,ERROR,2026-07-30T18:39:12.055201
69,25,7,-1,1,ERROR,2026-07-30T18:39:12.058881
69,25,8,-1,1,ERROR,2026-07-30T18:39:12.244461
69,25,9,-1,1,ERROR,2026-07-30T18:39:12.080640
69,25,10,-1,1,ERROR,2026-07-30T18:39:12.072793
69,26,1,-1,1,ERROR,2026-07-30T18:39:12.255964
69,26,2,-1,1,ERROR,2026-07-30T18:39:12.417803
69,26,3,-1,1,ERROR,2026-07-30T18:39:12.626144
69,26,4,-1,1,ERROR,2026-07-30T18:39:12.633570
69,26,5,-1,1,ERROR,2026-07-30T18:39:12.630300
69,26,6,-1,1,ERROR,2026-07-30T18:39:12.568086
69,26,7,-1,1,ERROR,2026-07-30T18:39:12.568111
69,26,8,-1,1,ERROR,2026-07-30T18:39:12.812473
69,26,9,-1,1,ERROR,2026-07-30T18:39:12.824932
69,26,10,-1,1,ERROR,2026-07-30T18:39:12.986575
69,27,1,-1,1,ERROR,2026-07-30T18:39:13.036124
69,27,2,-1,1,ERROR,2026-07-30T18:39:13.031675
69,27,3,-1,1,ERROR,2026-07-30T18:39:13.204368
69,27,4,-1,1,ERROR,2026-07-30T18:39:13.198905
69,27,5,-1,1,ERROR,2026-07-30T18:39:13.198956
69,27,6,-1,1,ERROR,2026-07-30T18:39:13.382870
69,27,7,-1,1,ERROR,2026-07-30T18:39:13.390002
69,27,8,-1,1,ERROR,2026-07-30T18:39:13.565251
69,27,9,-1,1,ERROR,2026-07-30T18:39:13.614135
69,27,10,-1,1,ERROR,2026-07-30T18:39:13.614100
69,28,1,-1,1,ERROR,2026-07-30T18:39:13.732451
69,28,2,-1,1,ERROR,2026-07-30T18:39:13.780336
69,28,3,-1,1,ERROR,2026-07-30T18:39:13.780373
69,28,4,-1,1,ERROR,2026-07-30T18:39:13.949750
69,28,5,-1,1,ERROR,2026-07-30T18:39:13.960646
69,28,6,-1,1,ERROR,2026-07-30T18:39:14.149796
69,28,7,-1,1,ERROR,2026-07-30T18:39:14.192747
69,28,8,-1,1,ERROR,2026-07-30T18:39:14.192785
69,28,9,-1,1,ERROR,2026-07-30T18:39:14.104327
69,28,10,-1,1,ERROR,2026-07-30T18:39:14.342144
69,29,1,-1,1,ERROR,2026-07-30T18:39:14.351325
69,29,2,-1,1,ERROR,2026-07-30T18:39:14.521555
69,29,3,-1,1,ERROR,2026-07-30T18:39:14.525571
69,29,4,-1,1,ERROR,2026-07-30T18:39:14.474361
69,29,5,-1,1,ERROR,2026-07-30T18:39:14.721920
69,29,6,-1,1,ERROR,2026-07-30T18:39:14.663621
69,29,7,-1,1,ERROR,2026-07-30T18:39:14.658973
69,29,8,-1,1,ERROR,2026-07-30T18:39:14.914076
69,29,9,-1,1,ERROR,2026-07-30T18:39:14.820762
69,29,10,-1,1,ERROR,2026-07-30T18:39:15.049329
69,30,1,-1,1,ERROR,2026-07-30T18:39:15.107624
69,30,2,-1,1,ERROR,2026-07-30T18:39:15.112676
69,30,3,-1,1,ERROR,2026-07-30T18:39:15.225139
69,30,4,-1,1,ERROR,2026-07-30T18:39:15.231536
69,30,5,-1,1,ERROR,2026-07-30T18:39:15.294605
69,30,6,-1,1,ERROR,2026-07-30T18:39:15.295039
69,30,7,-1,1,ERROR,2026-07-30T18:39:15.480650
69,30,8,-1,1,ERROR,2026-07-30T18:39:15.415184
69,30,9,-1,1,ERROR,2026-07-30T18:39:15.677570
69,30,10,-1,1,ERROR,2026-07-30T18:39:15.680884
70,1,1,-1,1,ERROR,2026-07-30T18:39:15.592035
70,1,2,-1,1,ERROR,2026-07-30T18:39:15.803542
70,1,3,-1,1,ERROR,2026-07-30T18:39:15.864658
70,1,4,-1,1,ERROR,2026-07-30T18:39:15.864686
70,1,5,-1,1,ERROR,2026-07-30T18:39:15.880591
70,1,6,-1,1,ERROR,2026-07-30T18:39:16.053976
70,1,7,-1,1,ERROR,2026-07-30T18:39:16.060269
70,1,8,-1,1,ERROR,2026-07-30T18:39:16.154249
70,1,9,-1,1,ERROR,2026-07-30T18:39:16.154281
70,1,10,-1,1,ERROR,2026-07-30T18:39:16.375696
70,2,1,-1,1,ERROR,2026-07-30T18:39:16.437237
70,2,2,-1,1,ERROR,2026-07-30T18:39:16.437268
70,2,3,-1,1,ERROR,2026-07-30T18:39:16.350503
70,2,4,-1,1,ERROR,2026-07-30T18:39:16.622514
70,2,5,-1,1,ERROR,2026-07-30T18:39:16.625430
70,2,6,-1,1,ERROR,2026-07-30T18:39:16.625407
70,2,7,-1,1,ERROR,2026-07-30T18:39:16.622541
70,2,8,-1,1,ERROR,2026-07-30T18:39:16.714924
70,2,9,-1,1,ERROR,2026-07-30T18:39:16.942676
70,2,10,-1,1,ERROR,2026-07-30T18:39:16.899648
70,3,1,-1,1,ERROR,2026-07-30T18:39:16.908454
70,3,2,-1,1,ERROR,2026-07-30T18:39:17.090564
70,3,3,-1,1,ERROR,2026-07-30T18:39:17.185649
70,3,4,-1,1,ERROR,2026-07-30T18:39:17.091859
70,3,5,-1,1,ERROR,2026-07-30T18:39:17.092721
70,3,6,-1,1,ERROR,2026-07-30T18:39:17.178861
70,3,7,-1,1,ERROR,2026-07-30T18:39:17.263537
70,3,8,-1,1,ERROR,2026-07-30T18:39:17.271823
70,3,9,-1,1,ERROR,2026-07-30T18:39:17.512476
70,3,10,-1,1,ERROR,2026-07-30T18:39:17.457497
70,4,1,-1,1,ERROR,2026-07-30T18:39:17.457338
70,4,2,-1,1,ERROR,2026-07-30T18:39:17.459373
70,4,3,-1,1,ERROR,2026-07-30T18:39:17.740806
70,4,4,-1,1,ERROR,2026-07-30T18:39:17.652790
70,4,5,-1,1,ERROR,2026-07-30T18:39:17.732557
70,4,6,-1,1,ERROR,2026-07-30T18:39:17.740457
70,4,7,-1,1,ERROR,2026-07-30T18:39:17.921698
70,4,8,-1,1,ERROR,2026-07-30T18:39:17.924205
70,4,9,-1,1,ERROR,2026-07-30T18:39:17.921719
70,4,10,-1,1,ERROR,2026-07-30T18:39:18.085004
70,5,1,-1,1,ERROR,2026-07-30T18:39:18.016753
70,5,2,-1,1,ERROR,2026-07-30T18:39:18.197101
70,5,3,-1,1,ERROR,2026-07-30T18:39:18.208129
70,5,4,-1,1,ERROR,2026-07-30T18:39:18.212470
70,5,5,-1,1,ERROR,2026-07-30T18:39:18.392788
70,5,6,-1,1,ERROR,2026-07-30T18:39:18.392763
70,5,7,-1,1,ERROR,2026-07-30T18:39:18.392731
70,5,8,-1,1,ERROR,2026-07-30T18:39:18.381108
70,5,9,-1,1,ERROR,2026-07-30T18:39:18.661092
70,5,10,-1,1,ERROR,2026-07-30T18:39:18.561167
70,6,1,-1,1,ERROR,2026-07-30T18:39:18.570130
70,6,2,-1,1,ERROR,2026-07-30T18:39:18.782938
70,6,3,-1,1,ERROR,2026-07-30T18:39:18.853048
70,6,4,-1,1,ERROR,2026-07-30T18:39:18.965171
70,6,5,-1,1,ERROR,2026-07-30T18:39:18.855125
70,6,6,-1,1,ERROR,2026-07-30T18:39:18.854349
70,6,7,-1,1,ERROR,2026-07-30T18:39:19.024432
70,6,8,-1,1,ERROR,2026-07-30T18:39:19.038882
70,6,9,-1,1,ERROR,2026-07-30T18:39:19.124509
70,6,10,-1,1,ERROR,2026-07-30T18:39:19.347670
70,7,1,-1,1,ERROR,2026-07-30T18:39:19.326697
70,7,2,-1,1,ERROR,2026-07-30T18:39:19.326742
70,7,3,-1,1,ERROR,2026-07-30T18:39:19.326764
70,7,6,-1,1,ERROR,2026-07-30T18:39:19.511351
70,7,4,-1,1,ERROR,2026-07-30T18:39:19.529723
70,7,5,-1,1,ERROR,2026-07-30T18:39:19.587455
70,7,7,-1,1,ERROR,2026-07-30T18:39:19.589990
70,7,8,-1,1,ERROR,2026-07-30T18:39:19.698577
70,8,1,-1,1,ERROR,2026-07-30T18:39:19.853170
70,7,9,-1,1,ERROR,2026-07-30T18:39:19.902019
70,7,10,-1,1,ERROR,2026-07-30T18:39:19.902051
70,8,4,-1,1,ERROR,2026-07-30T18:39:20.054607
70,8,5,-1,1,ERROR,2026-07-30T18:39:20.054639
70,8,2,-1,1,ERROR,2026-07-30T18:39:20.080461
70,8,3,-1,1,ERROR,2026-07-30T18:39:20.090282
70,8,7,-1,1,ERROR,2026-07-30T18:39:20.223312
70,8,6,-1,1,ERROR,2026-07-30T18:39:20.268995
70,8,8,-1,1,ERROR,2026-07-30T18:39:20.467496
70,8,9,-1,1,ERROR,2026-07-30T18:39:20.471878
70,9,1,-1,1,ERROR,2026-07-30T18:39:20.625288
70,8,10,-1,1,ERROR,2026-07-30T18:39:20.625312
70,9,2,-1,1,ERROR,2026-07-30T18:39:20.653951
70,9,3,-1,1,ERROR,2026-07-30T18:39:20.673477
70,9,4,-1,1,ERROR,2026-07-30T18:39:20.694513
70,9,5,-1,1,ERROR,2026-07-30T18:39:20.833349
70,9,7,-1,1,ERROR,2026-07-30T18:39:20.932636
70,9,6,-1,1,ERROR,2026-07-30T18:39:20.934734
70,10,1,-1,1,ERROR,2026-07-30T18:39:21.143011
70,10,2,-1,1,ERROR,2026-07-30T18:39:21.162737
70,9,8,-1,1,ERROR,2026-07-30T18:39:21.198318
70,9,9,-1,1,ERROR,2026-07-30T18:39:21.198360
70,9,10,-1,1,ERROR,2026-07-30T18:39:21.222467
70,10,3,-1,1,ERROR,2026-07-30T18:39:21.399715
70,10,4,-1,1,ERROR,2026-07-30T18:39:21.400163
70,10,5,-1,1,ERROR,2026-07-30T18:39:21.402232
70,10,6,-1,1,ERROR,2026-07-30T18:39:21.510265
70,10,10,-1,1,ERROR,2026-07-30T18:39:21.687929
70,10,7,-1,1,ERROR,2026-07-30T18:39:21.733150
70,10,8,-1,1,ERROR,2026-07-30T18:39:21.764243
70,10,9,-1,1,ERROR,2026-07-30T18:39:21.764269
70,11,1,-1,1,ERROR,2026-07-30T18:39:21.863248
70,11,2,-1,1,ERROR,2026-07-30T18:39:21.864625
70,11,3,-1,1,ERROR,2026-07-30T18:39:21.867675
70,11,5,-1,1,ERROR,2026-07-30T18:39:22.053863
70,11,4,-1,1,ERROR,2026-07-30T18:39:22.079840
70,11,6,-1,1,ERROR,2026-07-30T18:39:22.201924
70,11,7,-1,1,ERROR,2026-07-30T18:39:22.228634
70,11,8,-1,1,ERROR,2026-07-30T18:39:22.231807
70,11,9,-1,1,ERROR,2026-07-30T18:39:22.429858
70,11,10,-1,1,ERROR,2026-07-30T18:39:22.429895
70,12,1,-1,1,ERROR,2026-07-30T18:39:22.432316
70,12,4,-1,1,ERROR,2026-07-30T18:39:22.570664
70,12,2,-1,1,ERROR,2026-07-30T18:39:22.619420
70,12,3,-1,1,ERROR,2026-07-30T18:39:22.645363
70,12,5,-1,1,ERROR,2026-07-30T18:39:22.792195
70,12,6,-1,1,ERROR,2026-07-30T18:39:22.796310
70,12,10,-1,1,ERROR,2026-07-30T18:39:22.936399
70,12,7,-1,1,ERROR,2026-07-30T18:39:22.993115
70,12,8,-1,1,ERROR,2026-07-30T18:39:22.994321
70,12,9,-1,1,ERROR,2026-07-30T18:39:22.995526
70,13,2,-1,1,ERROR,2026-07-30T18:39:23.116468
70,13,1,-1,1,ERROR,2026-07-30T18:39:23.185021
70,13,5,-1,1,ERROR,2026-07-30T18:39:23.303505
70,13,3,-1,1,ERROR,2026-07-30T18:39:23.358062
70,13,4,-1,1,ERROR,2026-07-30T18:39:23.358386
70,13,8,-1,1,ERROR,2026-07-30T18:39:23.562886
70,13,7,-1,1,ERROR,2026-07-30T18:39:23.564254
70,13,6,-1,1,ERROR,2026-07-30T18:39:23.564672
70,13,9,-1,1,ERROR,2026-07-30T18:39:23.588181
70,14,1,-1,1,ERROR,2026-07-30T18:39:23.664558
70,13,10,-1,1,ERROR,2026-07-30T18:39:23.756129
70,14,3,-1,1,ERROR,2026-07-30T18:39:23.923688
70,14,2,-1,1,ERROR,2026-07-30T18:39:23.923712
70,14,7,-1,1,ERROR,2026-07-30T18:39:24.054785
70,14,8,-1,1,ERROR,2026-07-30T18:39:24.129541
70,14,6,-1,1,ERROR,2026-07-30T18:39:24.129604
70,14,5,-1,1,ERROR,2026-07-30T18:39:24.131321
70,14,4,-1,1,ERROR,2026-07-30T18:39:24.131355
70,14,9,-1,1,ERROR,2026-07-30T18:39:24.220784
70,15,1,-1,1,ERROR,2026-07-30T18:39:24.387450
70,14,10,-1,1,ERROR,2026-07-30T18:39:24.398707
70,15,4,-1,1,ERROR,2026-07-30T18:39:24.598083
70,15,3,-1,1,ERROR,2026-07-30T18:39:24.598107
70,15,6,-1,1,ERROR,2026-07-30T18:39:24.598344
70,15,5,-1,1,ERROR,2026-07-30T18:39:24.599645
70,15,2,-1,1,ERROR,2026-07-30T18:39:24.621722
70,15,8,-1,1,ERROR,2026-07-30T18:39:24.757586
70,15,7,-1,1,ERROR,2026-07-30T18:39:24.792076
70,15,9,-1,1,ERROR,2026-07-30T18:39:25.010524
70,16,3,-1,1,ERROR,2026-07-30T18:39:25.168086
70,15,10,-1,1,ERROR,2026-07-30T18:39:25.168115
70,16,2,-1,1,ERROR,2026-07-30T18:39:25.168131
70,16,1,-1,1,ERROR,2026-07-30T18:39:25.173059
70,16,4,-1,1,ERROR,2026-07-30T18:39:25.190282
70,16,5,-1,1,ERROR,2026-07-30T18:39:25.330253
70,16,6,-1,1,ERROR,2026-07-30T18:39:25.356852
70,16,7,-1,1,ERROR,2026-07-30T18:39:25.478382
70,17,1,-1,1,ERROR,2026-07-30T18:39:25.713551
70,16,8,-1,1,ERROR,2026-07-30T18:39:25.735133
70,16,9,-1,1,ERROR,2026-07-30T18:39:25.736794
70,16,10,-1,1,ERROR,2026-07-30T18:39:25.739831
70,17,2,-1,1,ERROR,2026-07-30T18:39:25.759725
70,17,3,-1,1,ERROR,2026-07-30T18:39:25.901408
70,17,4,-1,1,ERROR,2026-07-30T18:39:25.924563
70,17,5,-1,1,ERROR,2026-07-30T18:39:25.945759
70,17,6,-1,1,ERROR,2026-07-30T18:39:26.077793
70,17,8,-1,1,ERROR,2026-07-30T18:39:26.301928
70,17,7,-1,1,ERROR,2026-07-30T18:39:26.301959
70,17,9,-1,1,ERROR,2026-07-30T18:39:26.302051
70,17,10,-1,1,ERROR,2026-07-30T18:39:26.324284
70,18,1,-1,1,ERROR,2026-07-30T18:39:26.467415
70,18,2,-1,1,ERROR,2026-07-30T18:39:26.495604
70,18,3,-1,1,ERROR,2026-07-30T18:39:26.513171
70,18,4,-1,1,ERROR,2026-07-30T18:39:26.545698
70,18,6,-1,1,ERROR,2026-07-30T18:39:26.670271
70,18,5,-1,1,ERROR,2026-07-30T18:39:26.878277
70,18,8,-1,1,ERROR,2026-07-30T18:39:26.893483
70,18,7,-1,1,ERROR,2026-07-30T18:39:26.898540
70,19,2,-1,1,ERROR,2026-07-30T18:39:27.016835
70,18,9,-1,1,ERROR,2026-07-30T18:39:27.043120
70,18,10,-1,1,ERROR,2026-07-30T18:39:27.069738
70,19,1,-1,1,ERROR,2026-07-30T18:39:27.083493
70,19,3,-1,1,ERROR,2026-07-30T18:39:27.235851
70,19,4,-1,1,ERROR,2026-07-30T18:39:27.449835
70,19,5,-1,1,ERROR,2026-07-30T18:39:27.462249
70,19,6,-1,1,ERROR,2026-07-30T18:39:27.465161
70,19,7,-1,1,ERROR,2026-07-30T18:39:27.584305
70,19,8,-1,1,ERROR,2026-07-30T18:39:27.613576
70,19,9,-1,1,ERROR,2026-07-30T18:39:27.642079
70,19,10,-1,1,ERROR,2026-07-30T18:39:27.651915
70,20,1,-1,1,ERROR,2026-07-30T18:39:27.806549
70,20,3,-1,1,ERROR,2026-07-30T18:39:27.930974
70,20,4,-1,1,ERROR,2026-07-30T18:39:27.932987
70,20,2,-1,1,ERROR,2026-07-30T18:39:28.018442
70,20,7,-1,1,ERROR,2026-07-30T18:39:28.119084
70,20,8,-1,1,ERROR,2026-07-30T18:39:28.123749
70,20,5,-1,1,ERROR,2026-07-30T18:39:28.157534
70,20,6,-1,1,ERROR,2026-07-30T18:39:28.184633
70,20,10,-1,1,ERROR,2026-07-30T18:39:28.299683
70,21,1,-1,1,ERROR,2026-07-30T18:39:28.304184
70,20,9,-1,1,ERROR,2026-07-30T18:39:28.368632
70,21,2,-1,1,ERROR,2026-07-30T18:39:28.482627
70,21,3,-1,1,ERROR,2026-07-30T18:39:28.484859
70,21,4,-1,1,ERROR,2026-07-30T18:39:28.488010
70,21,5,-1,1,ERROR,2026-07-30T18:39:28.729697
70,21,6,-1,1,ERROR,2026-07-30T18:39:28.754176
70,21,7,-1,1,ERROR,2026-07-30T18:39:28.764909
70,21,8,-1,1,ERROR,2026-07-30T18:39:28.766265
70,21,9,-1,1,ERROR,2026-07-30T18:39:28.935118
70,21,10,-1,1,ERROR,2026-07-30T18:39:28.949644
70,22,1,-1,1,ERROR,2026-07-30T18:39:28.949686
70,22,2,-1,1,ERROR,2026-07-30T18:39:28.955253
70,22,3,-1,1,ERROR,2026-07-30T18:39:29.094945
70,22,4,-1,1,ERROR,2026-07-30T18:39:29.316894
70,22,5,-1,1,ERROR,2026-07-30T18:39:29.334838
70,22,6,-1,1,ERROR,2026-07-30T18:39:29.341800
70,22,7,-1,1,ERROR,2026-07-30T18:39:29.503148
70,22,9,-1,1,ERROR,2026-07-30T18:39:29.519066
70,22,8,-1,1,ERROR,2026-07-30T18:39:29.520333
70,22,10,-1,1,ERROR,2026-07-30T18:39:29.520380
70,23,1,-1,1,ERROR,2026-07-30T18:39:29.664035
70,23,3,-1,1,ERROR,2026-07-30T18:39:29.801394
70,23,4,-1,1,ERROR,2026-07-30T18:39:29.804122
70,23,2,-1,1,ERROR,2026-07-30T18:39:29.881174
70,23,5,-1,1,ERROR,2026-07-30T18:39:30.070416
70,23,7,-1,1,ERROR,2026-07-30T18:39:30.084756
70,23,6,-1,1,ERROR,2026-07-30T18:39:30.084788
70,23,8,-1,1,ERROR,2026-07-30T18:39:30.084803
70,23,9,-1,1,ERROR,2026-07-30T18:39:30.232545
70,24,1,-1,1,ERROR,2026-07-30T18:39:30.269709
70,23,10,-1,1,ERROR,2026-07-30T18:39:30.269741
70,24,2,-1,1,ERROR,2026-07-30T18:39:30.442882
70,24,4,-1,1,ERROR,2026-07-30T18:39:30.552123
70,24,6,-1,1,ERROR,2026-07-30T18:39:30.552156
70,24,5,-1,1,ERROR,2026-07-30T18:39:30.552174
70,24,3,-1,1,ERROR,2026-07-30T18:39:30.638666
70,24,9,-1,1,ERROR,2026-07-30T18:39:30.739296
70,24,8,-1,1,ERROR,2026-07-30T18:39:30.740440
70,24,7,-1,1,ERROR,2026-07-30T18:39:30.800572
70,24,10,-1,1,ERROR,2026-07-30T18:39:31.013354
70,25,1,-1,1,ERROR,2026-07-30T18:39:31.018273
70,25,3,-1,1,ERROR,2026-07-30T18:39:31.018299
70,25,2,-1,1,ERROR,2026-07-30T18:39:31.019897
70,25,6,-1,1,ERROR,2026-07-30T18:39:31.202650
70,25,4,-1,1,ERROR,2026-07-30T18:39:31.202671
70,25,5,-1,1,ERROR,2026-07-30T18:39:31.202753
70,25,7,-1,1,ERROR,2026-07-30T18:39:31.379692
70,25,8,-1,1,ERROR,2026-07-30T18:39:31.483350
70,25,9,-1,1,ERROR,2026-07-30T18:39:31.485346
70,25,10,-1,1,ERROR,2026-07-30T18:39:31.490986
70,26,1,-1,1,ERROR,2026-07-30T18:39:31.583671
70,26,2,-1,1,ERROR,2026-07-30T18:39:31.668599
70,26,3,-1,1,ERROR,2026-07-30T18:39:31.668625
70,26,4,-1,1,ERROR,2026-07-30T18:39:31.670969
70,26,8,-1,1,ERROR,2026-07-30T18:39:31.855507
70,26,5,-1,1,ERROR,2026-07-30T18:39:31.947165
70,26,7,-1,1,ERROR,2026-07-30T18:39:31.947437
70,26,6,-1,1,ERROR,2026-07-30T18:39:31.950166
70,26,9,-1,1,ERROR,2026-07-30T18:39:32.054950
70,26,10,-1,1,ERROR,2026-07-30T18:39:32.134923
70,27,1,-1,1,ERROR,2026-07-30T18:39:32.136673
70,27,2,-1,1,ERROR,2026-07-30T18:39:32.138448
70,27,3,-1,1,ERROR,2026-07-30T18:39:32.219678
70,27,5,-1,1,ERROR,2026-07-30T18:39:32.411747
70,27,6,-1,1,ERROR,2026-07-30T18:39:32.413155
70,27,4,-1,1,ERROR,2026-07-30T18:39:32.419549
70,27,7,-1,1,ERROR,2026-07-30T18:39:32.628177
70,28,1,-1,1,ERROR,2026-07-30T18:39:32.687277
70,27,8,-1,1,ERROR,2026-07-30T18:39:32.697949
70,27,9,-1,1,ERROR,2026-07-30T18:39:32.697975
70,27,10,-1,1,ERROR,2026-07-30T18:39:32.700908
70,28,2,-1,1,ERROR,2026-07-30T18:39:32.873884
70,28,3,-1,1,ERROR,2026-07-30T18:39:32.876687
70,28,4,-1,1,ERROR,2026-07-30T18:39:32.881595
70,28,5,-1,1,ERROR,2026-07-30T18:39:32.992403
70,28,9,-1,1,ERROR,2026-07-30T18:39:33.171338
70,28,6,-1,1,ERROR,2026-07-30T18:39:33.256042
70,28,8,-1,1,ERROR,2026-07-30T18:39:33.262848
70,28,7,-1,1,ERROR,2026-07-30T18:39:33.262872
70,29,3,-1,1,ERROR,2026-07-30T18:39:33.362146
70,28,10,-1,1,ERROR,2026-07-30T18:39:33.438414
70,29,1,-1,1,ERROR,2026-07-30T18:39:33.438438
70,29,2,-1,1,ERROR,2026-07-30T18:39:33.448334
70,29,4,-1,1,ERROR,2026-07-30T18:39:33.535732
70,29,5,-1,1,ERROR,2026-07-30T18:39:33.725126
70,29,6,-1,1,ERROR,2026-07-30T18:39:33.734635
70,29,7,-1,1,ERROR,2026-07-30T18:39:33.734655
70,29,8,-1,1,ERROR,2026-07-30T18:39:33.936540
70,29,10,-1,1,ERROR,2026-07-30T18:39:34.004558
70,30,2,-1,1,ERROR,2026-07-30T18:39:34.004583
70,29,9,-1,1,ERROR,2026-07-30T18:39:34.007462
70,30,1,-1,1,ERROR,2026-07-30T18:39:34.012326
70,30,3,-1,1,ERROR,2026-07-30T18:39:34.193214
70,30,4,-1,1,ERROR,2026-07-30T18:39:34.193269
70,30,5,-1,1,ERROR,2026-07-30T18:39:34.201244
70,30,6,-1,1,ERROR,2026-07-30T18:39:34.303380
70,30,8,-1,1,ERROR,2026-07-30T18:39:34.468183
70,30,7,-1,1,ERROR,2026-07-30T18:39:34.477407
70,30,9,-1,1,ERROR,2026-07-30T18:39:34.478310
70,30,10,-1,1,ERROR,2026-07-30T18:39:34.478964
71,1,1,-1,1,ERROR,2026-07-30T18:39:34.661213
71,1,2,-1,1,ERROR,2026-07-30T18:39:34.665248
71,1,3,-1,1,ERROR,2026-07-30T18:39:34.670001
71,1,4,-1,1,ERROR,2026-07-30T18:39:34.866048
71,1,5,-1,1,ERROR,2026-07-30T18:39:35.037304
71,1,6,-1,1,ERROR,2026-07-30T18:39:35.037328
71,1,7,-1,1,ERROR,2026-07-30T18:39:35.046512
71,1,8,-1,1,ERROR,2026-07-30T18:39:35.046535
71,1,9,-1,1,ERROR,2026-07-30T18:39:35.230696
71,1,10,-1,1,ERROR,2026-07-30T18:39:35.233048
71,2,1,-1,1,ERROR,2026-07-30T18:39:35.237960
71,2,2,-1,1,ERROR,2026-07-30T18:39:35.435682
71,2,3,-1,1,ERROR,2026-07-30T18:39:35.602799
71,2,4,-1,1,ERROR,2026-07-30T18:39:35.604321
71,2,5,-1,1,ERROR,2026-07-30T18:39:35.616057
71,2,6,-1,1,ERROR,2026-07-30T18:39:35.624761
71,2,7,-1,1,ERROR,2026-07-30T18:39:35.802782
71,2,8,-1,1,ERROR,2026-07-30T18:39:35.802810
71,2,9,-1,1,ERROR,2026-07-30T18:39:35.807313
71,2,10,-1,1,ERROR,2026-07-30T18:39:35.940194
71,3,2,-1,1,ERROR,2026-07-30T18:39:36.171759
71,3,1,-1,1,ERROR,2026-07-30T18:39:36.171860
71,3,3,-1,1,ERROR,2026-07-30T18:39:36.184782
71,3,4,-1,1,ERROR,2026-07-30T18:39:36.193809
71,3,5,-1,1,ERROR,2026-07-30T18:39:36.297926
71,3,6,-1,1,ERROR,2026-07-30T18:39:36.302271
71,3,7,-1,1,ERROR,2026-07-30T18:39:36.303251
71,3,8,-1,1,ERROR,2026-07-30T18:39:36.512206
71,4,2,-1,1,ERROR,2026-07-30T18:39:36.660576
71,3,10,-1,1,ERROR,2026-07-30T18:39:36.740104
71,3,9,-1,1,ERROR,2026-07-30T18:39:36.741545
71,4,1,-1,1,ERROR,2026-07-30T18:39:36.753173
71,4,3,-1,1,ERROR,2026-07-30T18:39:36.878195
71,4,4,-1,1,ERROR,2026-07-30T18:39:36.882005
71,4,5,-1,1,ERROR,2026-07-30T18:39:36.883866
71,4,7,-1,1,ERROR,2026-07-30T18:39:37.026314
71,4,6,-1,1,ERROR,2026-07-30T18:39:37.079717
71,4,8,-1,1,ERROR,2026-07-30T18:39:37.306680
71,4,9,-1,1,ERROR,2026-07-30T18:39:37.310058
71,4,10,-1,1,ERROR,2026-07-30T18:39:37.318303
71,5,1,-1,1,ERROR,2026-07-30T18:39:37.447789
71,5,3,-1,1,ERROR,2026-07-30T18:39:37.450950
71,5,2,-1,1,ERROR,2026-07-30T18:39:37.450977
71,5,4,-1,1,ERROR,2026-07-30T18:39:37.495671
71,5,5,-1,1,ERROR,2026-07-30T18:39:37.649918
71,5,8,-1,1,ERROR,2026-07-30T18:39:37.787364
71,5,6,-1,1,ERROR,2026-07-30T18:39:37.873576
71,5,7,-1,1,ERROR,2026-07-30T18:39:37.877375
71,5,9,-1,1,ERROR,2026-07-30T18:39:38.017188
71,5,10,-1,1,ERROR,2026-07-30T18:39:38.017267
71,6,1,-1,1,ERROR,2026-07-30T18:39:38.019563
71,6,2,-1,1,ERROR,2026-07-30T18:39:38.071771
71,6,4,-1,1,ERROR,2026-07-30T18:39:38.150784
71,6,3,-1,1,ERROR,2026-07-30T18:39:38.218001
71,6,5,-1,1,ERROR,2026-07-30T18:39:38.339905
71,6,6,-1,1,ERROR,2026-07-30T18:39:38.341700
71,6,10,-1,1,ERROR,2026-07-30T18:39:38.539838
71,6,7,-1,1,ERROR,2026-07-30T18:39:38.584514
71,6,9,-1,1,ERROR,2026-07-30T18:39:38.584547
71,6,8,-1,1,ERROR,2026-07-30T18:39:38.588114
71,7,1,-1,1,ERROR,2026-07-30T18:39:38.614290
71,7,2,-1,1,ERROR,2026-07-30T18:39:38.789397
71,7,3,-1,1,ERROR,2026-07-30T18:39:38.806251
71,7,4,-1,1,ERROR,2026-07-30T18:39:38.808633
71,7,5,-1,1,ERROR,2026-07-30T18:39:38.907388
71,7,9,-1,1,ERROR,2026-07-30T18:39:39.079378
71,7,6,-1,1,ERROR,2026-07-30T18:39:39.151142
71,7,7,-1,1,ERROR,2026-07-30T18:39:39.151169
71,7,8,-1,1,ERROR,2026-07-30T18:39:39.151184
71,8,3,-1,1,ERROR,2026-07-30T18:39:39.273485
71,8,2,-1,1,ERROR,2026-07-30T18:39:39.273557
71,8,1,-1,1,ERROR,2026-07-30T18:39:39.276921
71,7,10,-1,1,ERROR,2026-07-30T18:39:39.357864
71,8,4,-1,1,ERROR,2026-07-30T18:39:39.444836
71,8,6,-1,1,ERROR,2026-07-30T18:39:39.632054
71,8,5,-1,1,ERROR,2026-07-30T18:39:39.633354
71,8,7,-1,1,ERROR,2026-07-30T18:39:39.721320
71,9,2,-1,1,ERROR,2026-07-30T18:39:39.916037
71,9,1,-1,1,ERROR,2026-07-30T18:39:39.923191
71,8,8,-1,1,ERROR,2026-07-30T18:39:39.945963
71,8,9,-1,1,ERROR,2026-07-30T18:39:39.945997
71,8,10,-1,1,ERROR,2026-07-30T18:39:39.946017
71,9,3,-1,1,ERROR,2026-07-30T18:39:40.113627
71,9,4,-1,1,ERROR,2026-07-30T18:39:40.121661
71,9,5,-1,1,ERROR,2026-07-30T18:39:40.300782
71,9,10,-1,1,ERROR,2026-07-30T18:39:40.413289
71,9,6,-1,1,ERROR,2026-07-30T18:39:40.483995
71,9,7,-1,1,ERROR,2026-07-30T18:39:40.491055
71,9,8,-1,1,ERROR,2026-07-30T18:39:40.512306
71,9,9,-1,1,ERROR,2026-07-30T18:39:40.512335
71,10,2,-1,1,ERROR,2026-07-30T18:39:40.585850
71,10,1,-1,1,ERROR,2026-07-30T18:39:40.679478
71,10,3,-1,1,ERROR,2026-07-30T18:39:40.769259
71,10,4,-1,1,ERROR,2026-07-30T18:39:40.781166
71,10,7,-1,1,ERROR,2026-07-30T18:39:40.984959
71,10,8,-1,1,ERROR,2026-07-30T18:39:40.984986
71,10,9,-1,1,ERROR,2026-07-30T18:39:41.055865
71,10,6,-1,1,ERROR,2026-07-30T18:39:41.058366
71,10,5,-1,1,ERROR,2026-07-30T18:39:41.058389
71,11,1,-1,1,ERROR,2026-07-30T18:39:41.236387
71,10,10,-1,1,ERROR,2026-07-30T18:39:41.245375
71,11,2,-1,1,ERROR,2026-07-30T18:39:41.253796
71,11,4,-1,1,ERROR,2026-07-30T18:39:41.360092
71,11,7,-1,1,ERROR,2026-07-30T18:39:41.541566
71,11,5,-1,1,ERROR,2026-07-30T18:39:41.546455
71,11,3,-1,1,ERROR,2026-07-30T18:39:41.564977
71,11,6,-1,1,ERROR,2026-07-30T18:39:41.627966
71,11,10,-1,1,ERROR,2026-07-30T18:39:41.755571
71,11,8,-1,1,ERROR,2026-07-30T18:39:41.809471
71,11,9,-1,1,ERROR,2026-07-30T18:39:41.811581
71,12,1,-1,1,ERROR,2026-07-30T18:39:42.046934
71,12,2,-1,1,ERROR,2026-07-30T18:39:42.111460
71,12,3,-1,1,ERROR,2026-07-30T18:39:42.111484
71,12,8,-1,1,ERROR,2026-07-30T18:39:42.278172
71,12,7,-1,1,ERROR,2026-07-30T18:39:42.278212
71,12,5,-1,1,ERROR,2026-07-30T18:39:42.291987
71,12,6,-1,1,ERROR,2026-07-30T18:39:42.321990
71,12,4,-1,1,ERROR,2026-07-30T18:39:42.338163
71,12,9,-1,1,ERROR,2026-07-30T18:39:42.410336
71,12,10,-1,1,ERROR,2026-07-30T18:39:42.586690
71,13,1,-1,1,ERROR,2026-07-30T18:39:42.679434
71,13,6,-1,1,ERROR,2026-07-30T18:39:42.912597
71,13,3,-1,1,ERROR,2026-07-30T18:39:42.949350
71,13,2,-1,1,ERROR,2026-07-30T18:39:42.949379
71,13,4,-1,1,ERROR,2026-07-30T18:39:42.953407
71,13,7,-1,1,ERROR,2026-07-30T18:39:42.973454
71,13,5,-1,1,ERROR,2026-07-30T18:39:42.991373
71,13,9,-1,1,ERROR,2026-07-30T18:39:43.148445
71,13,8,-1,1,ERROR,2026-07-30T18:39:43.154686
71,13,10,-1,1,ERROR,2026-07-30T18:39:43.281930
71,14,2,-1,1,ERROR,2026-07-30T18:39:43.520536
71,14,1,-1,1,ERROR,2026-07-30T18:39:43.520565
71,14,3,-1,1,ERROR,2026-07-30T18:39:43.520588
71,14,4,-1,1,ERROR,2026-07-30T18:39:43.550293
71,14,5,-1,1,ERROR,2026-07-30T18:39:43.563811
71,14,6,-1,1,ERROR,2026-07-30T18:39:43.722513
71,14,7,-1,1,ERROR,2026-07-30T18:39:43.725504
71,14,8,-1,1,ERROR,2026-07-30T18:39:43.751119
71,14,10,-1,1,ERROR,2026-07-30T18:39:43.888373
71,14,9,-1,1,ERROR,2026-07-30T18:39:43.888399
71,15,1,-1,1,ERROR,2026-07-30T18:39:44.092930
71,15,2,-1,1,ERROR,2026-07-30T18:39:44.118248
71,15,3,-1,1,ERROR,2026-07-30T18:39:44.127447
71,15,5,-1,1,ERROR,2026-07-30T18:39:44.292291
71,15,4,-1,1,ERROR,2026-07-30T18:39:44.293465
71,15,6,-1,1,ERROR,2026-07-30T18:39:44.319626
71,15,7,-1,1,ERROR,2026-07-30T18:39:44.456228
71,15,8,-1,1,ERROR,2026-07-30T18:39:44.458445
71,15,9,-1,1,ERROR,2026-07-30T18:39:44.664431
71,15,10,-1,1,ERROR,2026-07-30T18:39:44.690562
71,16,1,-1,1,ERROR,2026-07-30T18:39:44.699990
71,16,4,-1,1,ERROR,2026-07-30T18:39:44.791706
71,16,2,-1,1,ERROR,2026-07-30T18:39:44.861480
71,16,3,-1,1,ERROR,2026-07-30T18:39:44.865100
71,16,5,-1,1,ERROR,2026-07-30T18:39:45.029115
71,16,6,-1,1,ERROR,2026-07-30T18:39:45.029152
71,16,10,-1,1,ERROR,2026-07-30T18:39:45.152898
71,16,8,-1,1,ERROR,2026-07-30T18:39:45.157697
71,16,9,-1,1,ERROR,2026-07-30T18:39:45.167927
71,16,7,-1,1,ERROR,2026-07-30T18:39:45.231728
71,17,2,-1,1,ERROR,2026-07-30T18:39:45.329635
71,17,1,-1,1,ERROR,2026-07-30T18:39:45.329663
71,17,3,-1,1,ERROR,2026-07-30T18:39:45.499967
71,17,4,-1,1,ERROR,2026-07-30T18:39:45.500004
71,17,8,-1,1,ERROR,2026-07-30T18:39:45.704975
71,17,5,-1,1,ERROR,2026-07-30T18:39:45.721803
71,17,6,-1,1,ERROR,2026-07-30T18:39:45.721840
71,17,7,-1,1,ERROR,2026-07-30T18:39:45.734263
71,17,10,-1,1,ERROR,2026-07-30T18:39:45.901812
71,17,9,-1,1,ERROR,2026-07-30T18:39:45.901860
71,18,1,-1,1,ERROR,2026-07-30T18:39:46.073524
71,18,2,-1,1,ERROR,2026-07-30T18:39:46.073561
71,18,6,-1,1,ERROR,2026-07-30T18:39:46.207792
71,18,3,-1,1,ERROR,2026-07-30T18:39:46.274377
71,18,4,-1,1,ERROR,2026-07-30T18:39:46.297754
71,18,5,-1,1,ERROR,2026-07-30T18:39:46.297785
71,18,7,-1,1,ERROR,2026-07-30T18:39:46.368231
71,18,8,-1,1,ERROR,2026-07-30T18:39:46.369081
71,18,10,-1,1,ERROR,2026-07-30T18:39:46.540582
71,18,9,-1,1,ERROR,2026-07-30T18:39:46.540839
71,19,1,-1,1,ERROR,2026-07-30T18:39:46.774269
71,19,3,-1,1,ERROR,2026-07-30T18:39:46.774301
71,19,4,-1,1,ERROR,2026-07-30T18:39:46.776491
71,19,5,-1,1,ERROR,2026-07-30T18:39:46.836854
71,19,6,-1,1,ERROR,2026-07-30T18:39:46.836890
71,19,2,-1,1,ERROR,2026-07-30T18:39:46.841814
71,19,7,-1,1,ERROR,2026-07-30T18:39:47.009905
71,19,8,-1,1,ERROR,2026-07-30T18:39:47.011929
71,19,9,-1,1,ERROR,2026-07-30T18:39:47.142328
71,20,3,-1,1,ERROR,2026-07-30T18:39:47.304221
71,20,4,-1,1,ERROR,2026-07-30T18:39:47.310353
71,19,10,-1,1,ERROR,2026-07-30T18:39:47.343799
71,20,1,-1,1,ERROR,2026-07-30T18:39:47.350809
71,20,2,-1,1,ERROR,2026-07-30T18:39:47.403493
71,20,6,-1,1,ERROR,2026-07-30T18:39:47.580208
71,20,5,-1,1,ERROR,2026-07-30T18:39:47.580235
71,20,8,-1,1,ERROR,2026-07-30T18:39:47.699322
71,20,7,-1,1,ERROR,2026-07-30T18:39:47.711932
71,21,2,-1,1,ERROR,2026-07-30T18:39:47.869015
71,20,9,-1,1,ERROR,2026-07-30T18:39:47.904105
71,20,10,-1,1,ERROR,2026-07-30T18:39:47.909591
71,21,1,-1,1,ERROR,2026-07-30T18:39:47.915191
71,21,4,-1,1,ERROR,2026-07-30T18:39:48.052663
71,21,3,-1,1,ERROR,2026-07-30T18:39:48.052694
71,21,5,-1,1,ERROR,2026-07-30T18:39:48.270078
71,21,6,-1,1,ERROR,2026-07-30T18:39:48.292743
71,21,7,-1,1,ERROR,2026-07-30T18:39:48.461630
71,21,8,-1,1,ERROR,2026-07-30T18:39:48.470293
71,21,9,-1,1,ERROR,2026-07-30T18:39:48.475568
71,21,10,-1,1,ERROR,2026-07-30T18:39:48.480579
71,22,1,-1,1,ERROR,2026-07-30T18:39:48.523478
71,22,2,-1,1,ERROR,2026-07-30T18:39:48.523521
71,22,3,-1,1,ERROR,2026-07-30T18:39:48.647624
71,22,4,-1,1,ERROR,2026-07-30T18:39:48.862912
71,22,6,-1,1,ERROR,2026-07-30T18:39:49.038338
