persona_id,question_id,run_index,rating,failures,response,collected_at
0,1,1,5,0,5,2026-07-30T14:00:55.187579
0,1,2,5,0,5,2026-07-30T14:00:56.844148
0,1,3,5,0,5,2026-07-30T14:00:58.510746
0,1,4,5,0,5,2026-07-30T14:01:00.180657
0,1,5,5,0,5,2026-07-30T14:01:01.364422
0,1,6,2,0,2,2026-07-30T14:01:03.242708
0,1,7,3,0,3,2026-07-30T14:01:04.500166
0,1,8,5,0,5,2026-07-30T14:01:06.361885
0,1,9,5,0,5,2026-07-30T14:01:08.211150
0,1,10,4,0,4,2026-07-30T14:01:09.877218
0,2,1,5,0,5,2026-07-30T14:01:11.331119
0,2,2,5,0,5,2026-07-30T14:01:13.013897
0,2,3,5,0,5,2026-07-30T14:01:14.837090
0,2,4,5,0,5,2026-07-30T14:01:16.294550
0,2,5,5,0,5,2026-07-30T14:01:17.553269
0,2,6,5,0,5,2026-07-30T14:01:19.025538
0,2,7,5,0,5,2026-07-30T14:01:20.271257
0,2,8,5,0,5,2026-07-30T14:01:22.352163
0,2,9,5,0,5,2026-07-30T14:01:24.190963
0,2,10,5,0,5,2026-07-30T14:01:25.239993
0,3,1,0,0,0,2026-07-30T14:01:26.724966
0,3,2,0,0,0,2026-07-30T14:01:27.810015
0,3,3,0,0,0,2026-07-30T14:01:29.499102
0,3,4,0,0,0,2026-07-30T14:01:31.352800
0,3,5,0,0,0,2026-07-30T14:01:32.626329
0,3,6,2,0,2,2026-07-30T14:01:34.090970
0,3,7,0,0,0,2026-07-30T14:01:35.760323
0,3,8,0,0,0,2026-07-30T14:01:36.815070
0,3,9,2,0,2,2026-07-30T14:01:38.477178
0,3,10,0,0,0,2026-07-30T14:01:40.543864
0,4,1,0,0,0,2026-07-30T14:01:41.775762
0,4,2,0,0,0,2026-07-30T14:01:44.354660
0,4,3,0,0,0,2026-07-30T14:01:46.504871
0,4,4,0,0,0,2026-07-30T14:01:48.164477
0,4,5,0,0,0,2026-07-30T14:01:49.824796
0,4,6,0,0,0,2026-07-30T14:01:51.297489
0,4,7,0,0,0,2026-07-30T14:01:52.528636
0,4,8,0,0,0,2026-07-30T14:01:54.166820
0,4,9,0,0,0,2026-07-30T14:01:55.419351
0,4,10,0,0,0,2026-07-30T14:01:57.093372
0,5,1,0,0,0,2026-07-30T14:01:58.743259
0,5,2,0,0,0,2026-07-30T14:01:59.820326
0,5,3,0,0,0,2026-07-30T14:02:01.281675
0,5,4,0,0,0,2026-07-30T14:02:03.132129
0,5,5,0,0,0,2026-07-30T14:02:04.807720
0,5,6,0,0,0,2026-07-30T14:02:06.460682
0,5,7,0,0,0,2026-07-30T14:02:08.126058
0,5,8,0,0,0,2026-07-30T14:02:09.347885
0,5,9,0,0,0,2026-07-30T14:02:11.222612
0,5,10,0,0,0,2026-07-30T14:02:12.653633
0,6,1,5,0,5,2026-07-30T14:02:14.495187
0,6,2,5,0,5,2026-07-30T14:02:16.569026
0,6,3,5,0,5,2026-07-30T14:02:18.424258
0,6,4,5,0,5,2026-07-30T14:02:20.263784
0,6,5,5,0,5,2026-07-30T14:02:22.116226
0,6,6,5,0,5,2026-07-30T14:02:23.756337
0,6,7,5,0,5,2026-07-30T14:02:25.423082
0,6,8,5,0,5,2026-07-30T14:02:27.278554
0,6,9,5,0,5,2026-07-30T14:02:29.136456
0,6,10,5,0,5,2026-07-30T14:02:30.610899
0,7,1,5,0,5,2026-07-30T14:02:32.242123
0,7,2,5,0,5,2026-07-30T14:02:33.472261
0,7,3,5,0,5,2026-07-30T14:02:34.537915
0,7,4,5,0,5,2026-07-30T14:02:35.621545
0,7,5,5,0,5,2026-07-30T14:02:37.266112
0,7,6,5,0,5,2026-07-30T14:02:38.294285
0,7,7,5,0,5,2026-07-30T14:02:39.524718
0,7,8,5,0,5,2026-07-30T14:02:40.954476
0,7,9,5,0,5,2026-07-30T14:02:42.202624
0,7,10,5,0,5,2026-07-30T14:02:43.625323
0,8,1,5,0,5,2026-07-30T14:02:45.641660
0,8,2,5,0,5,2026-07-30T14:02:46.681595
0,8,3,5,0,5,2026-07-30T14:02:48.117015
0,8,4,5,0,5,2026-07-30T14:02:49.574994
0,8,5,5,0,5,2026-07-30T14:02:51.232160
0,8,6,5,0,5,2026-07-30T14:02:52.487223
0,8,7,5,0,5,2026-07-30T14:02:54.298590
0,8,8,5,0,5,2026-07-30T14:02:55.889218
0,8,9,5,0,5,2026-07-30T14:02:57.530454
0,8,10,5,0,5,2026-07-30T14:02:59.185889
0,9,1,0,0,0,2026-07-30T14:03:00.639103
0,9,2,0,0,0,2026-07-30T14:03:01.688272
0,9,3,0,0,0,2026-07-30T14:03:02.863832
0,9,4,0,0,0,2026-07-30T14:03:04.743861
0,9,5,0,0,0,2026-07-30T14:03:06.166214
0,9,6,0,0,0,2026-07-30T14:03:07.604166
0,9,7,0,0,0,2026-07-30T14:03:09.068795
0,9,8,0,0,0,2026-07-30T14:03:10.924705
0,9,9,0,0,0,2026-07-30T14:03:12.153177
0,9,10,0,0,0,2026-07-30T14:03:13.403600
0,10,1,0,0,0,2026-07-30T14:03:14.651667
0,10,2,0,0,0,2026-07-30T14:03:16.691784
0,10,3,0,0,0,2026-07-30T14:03:17.703908
0,10,4,0,0,0,2026-07-30T14:03:19.773197
0,10,5,0,0,0,2026-07-30T14:03:21.008223
0,10,6,0,0,0,2026-07-30T14:03:22.081867
0,10,7,0,0,0,2026-07-30T14:03:23.962697
0,10,8,0,0,0,2026-07-30T14:03:25.398541
0,10,9,0,0,0,2026-07-30T14:03:26.832319
0,10,10,0,0,0,2026-07-30T14:03:28.680564
0,11,1,5,0,5,2026-07-30T14:03:29.961565
0,11,2,3,0,3,2026-07-30T14:03:30.983645
0,11,3,3,0,3,2026-07-30T14:03:31.991677
0,11,4,5,0,5,2026-07-30T14:03:33.439545
0,11,5,5,0,5,2026-07-30T14:03:35.314732
0,11,6,3,0,3,2026-07-30T14:03:37.148522
0,11,7,5,0,5,2026-07-30T14:03:38.576890
0,11,8,5,0,5,2026-07-30T14:03:39.818260
0,11,9,5,0,5,2026-07-30T14:03:41.852566
0,11,10,3,0,3,2026-07-30T14:03:43.686719
0,12,1,5,0,5,2026-07-30T14:03:45.199798
0,12,2,5,0,5,2026-07-30T14:03:46.411499
0,12,3,5,0,5,2026-07-30T14:03:47.821280
0,12,4,5,0,5,2026-07-30T14:03:49.691350
0,12,5,5,0,5,2026-07-30T14:03:50.943604
0,12,6,5,0,5,2026-07-30T14:03:52.186286
0,12,7,5,0,5,2026-07-30T14:03:53.811662
0,12,8,5,0,5,2026-07-30T14:03:55.866493
0,12,9,5,0,5,2026-07-30T14:03:57.704788
0,12,10,5,0,5,2026-07-30T14:03:58.755756
0,13,1,2,0,2,2026-07-30T14:04:00.426096
0,13,2,0,0,0,2026-07-30T14:04:01.659103
0,13,3,2,0,2,2026-07-30T14:04:03.724211
0,13,4,0,0,0,2026-07-30T14:04:04.986172
0,13,5,0,0,0,2026-07-30T14:04:06.439875
0,13,6,0,0,0,2026-07-30T14:04:07.685309
0,13,7,0,0,0,2026-07-30T14:04:09.303971
0,13,8,0,0,0,2026-07-30T14:04:10.321843
0,13,9,0,0,0,2026-07-30T14:04:12.199717
0,13,10,0,0,0,2026-07-30T14:04:13.663880
0,14,1,5,0,5,2026-07-30T14:04:15.508204
0,14,2,5,0,5,2026-07-30T14:04:16.910458
0,14,3,5,0,5,2026-07-30T14:04:18.340832
0,14,4,5,0,5,2026-07-30T14:04:19.988385
0,14,5,5,0,5,2026-07-30T14:04:21.604731
0,14,6,5,0,5,2026-07-30T14:04:22.627688
0,14,7,5,0,5,2026-07-30T14:04:24.480566
0,14,8,5,0,5,2026-07-30T14:04:25.703087
0,14,9,5,0,5,2026-07-30T14:04:27.554764
0,14,10,5,0,5,2026-07-30T14:04:28.985567
0,15,1,0,0,0,2026-07-30T14:04:30.401497
0,15,2,0,0,0,2026-07-30T14:04:31.842279
0,15,3,0,0,0,2026-07-30T14:04:33.485545
0,15,4,0,0,0,2026-07-30T14:04:34.931594
0,15,5,0,0,0,2026-07-30T14:04:36.160926
0,15,6,5,0,5,2026-07-30T14:04:37.387722
0,15,7,0,0,0,2026-07-30T14:04:39.444041
0,15,8,0,0,0,2026-07-30T14:04:41.268433
0,15,9,5,0,5,2026-07-30T14:04:42.515283
0,15,10,0,0,0,2026-07-30T14:04:43.966616
0,16,1,5,0,5,2026-07-30T14:04:45.217067
0,16,2,5,0,5,2026-07-30T14:04:46.470694
0,16,3,5,0,5,2026-07-30T14:04:48.329396
0,16,4,5,0,5,2026-07-30T14:04:50.376358
0,16,5,5,0,5,2026-07-30T14:04:51.628458
0,16,6,5,0,5,2026-07-30T14:04:53.079960
0,16,7,5,0,5,2026-07-30T14:04:54.318600
0,16,8,5,0,5,2026-07-30T14:04:55.360781
0,16,9,5,0,5,2026-07-30T14:04:56.590096
0,16,10,5,0,5,2026-07-30T14:04:58.041622
0,17,1,5,0,5,2026-07-30T14:04:59.083075
0,17,2,5,0,5,2026-07-30T14:05:00.527575
0,17,3,5,0,5,2026-07-30T14:05:01.973162
0,17,4,5,0,5,2026-07-30T14:05:03.405383
0,17,5,5,0,5,2026-07-30T14:05:04.439693
0,17,6,5,0,5,2026-07-30T14:05:05.882439
0,17,7,5,0,5,2026-07-30T14:05:07.730777
0,17,8,5,0,5,2026-07-30T14:05:08.804315
0,17,9,5,0,5,2026-07-30T14:05:09.845124
0,17,10,5,0,5,2026-07-30T14:05:11.281488
0,18,1,5,0,5,2026-07-30T14:05:12.328401
0,18,2,5,0,5,2026-07-30T14:05:14.179052
0,18,3,5,0,5,2026-07-30T14:05:15.412981
0,18,4,5,0,5,2026-07-30T14:05:17.470391
0,18,5,5,0,5,2026-07-30T14:05:18.918316
0,18,6,5,0,5,2026-07-30T14:05:20.567671
0,18,7,5,0,5,2026-07-30T14:05:22.248136
0,18,8,5,0,5,2026-07-30T14:05:23.673432
0,18,9,5,0,5,2026-07-30T14:05:25.120735
0,18,10,5,0,5,2026-07-30T14:05:26.561040
0,19,1,5,0,5,2026-07-30T14:05:28.006941
0,19,2,5,0,5,2026-07-30T14:05:29.053171
0,19,3,5,0,5,2026-07-30T14:05:30.509963
0,19,4,5,0,5,2026-07-30T14:05:31.764293
0,19,5,5,0,5,2026-07-30T14:05:32.792179
0,19,6,5,0,5,2026-07-30T14:05:34.240964
0,19,7,5,0,5,2026-07-30T14:05:35.076028
0,19,8,5,0,5,2026-07-30T14:05:37.133568
0,19,9,5,0,5,2026-07-30T14:05:38.570144
0,19,10,5,0,5,2026-07-30T14:05:40.476212
0,20,1,5,0,5,2026-07-30T14:05:41.969471
0,20,2,5,0,5,2026-07-30T14:05:43.611772
0,20,3,5,0,5,2026-07-30T14:05:45.283337
0,20,4,5,0,5,2026-07-30T14:05:46.703176
0,20,5,5,0,5,2026-07-30T14:05:48.137712
0,20,6,5,0,5,2026-07-30T14:05:49.780583
0,20,7,5,0,5,2026-07-30T14:05:51.419133
0,20,8,5,0,5,2026-07-30T14:05:52.866488
0,20,9,5,0,5,2026-07-30T14:05:54.538791
0,20,10,5,0,5,2026-07-30T14:05:55.971723
0,21,1,5,0,5,2026-07-30T14:05:57.210525
0,21,2,5,0,5,2026-07-30T14:05:58.661999
0,21,3,5,0,5,2026-07-30T14:05:59.887396
0,21,4,5,0,5,2026-07-30T14:06:01.333674
0,21,5,5,0,5,2026-07-30T14:06:03.183382
0,21,6,5,0,5,2026-07-30T14:06:04.220638
0,21,7,5,0,5,2026-07-30T14:06:05.453439
0,21,8,5,0,5,2026-07-30T14:06:07.303220
0,21,9,5,0,5,2026-07-30T14:06:08.952777
0,21,10,5,0,5,2026-07-30T14:06:10.989961
0,22,1,5,0,5,2026-07-30T14:06:12.841983
0,22,2,5,0,5,2026-07-30T14:06:14.105542
0,22,3,5,0,5,2026-07-30T14:06:15.750625
0,22,4,5,0,5,2026-07-30T14:06:16.799357
0,22,5,5,0,5,2026-07-30T14:06:17.809787
0,22,6,5,0,5,2026-07-30T14:06:19.037330
0,22,7,5,0,5,2026-07-30T14:06:20.495785
0,22,8,5,0,5,2026-07-30T14:06:22.364815
0,22,9,5,0,5,2026-07-30T14:06:23.814034
0,22,10,5,0,5,2026-07-30T14:06:25.664481
0,23,1,5,0,5,2026-07-30T14:06:29.509825
0,23,2,5,0,5,2026-07-30T14:06:30.961836
0,23,3,5,0,5,2026-07-30T14:06:32.431360
0,23,4,5,0,5,2026-07-30T14:06:34.083609
0,23,5,5,0,5,2026-07-30T14:06:35.732332
0,23,6,5,0,5,2026-07-30T14:06:37.631996
0,23,7,5,0,5,2026-07-30T14:06:39.484839
0,23,8,5,0,5,2026-07-30T14:06:41.167756
0,23,9,5,0,5,2026-07-30T14:06:42.205634
0,23,10,5,0,5,2026-07-30T14:06:43.472095
0,24,1,5,0,5,2026-07-30T14:06:45.136386
0,24,2,5,0,5,2026-07-30T14:06:46.385033
0,24,3,0,0,0,2026-07-30T14:06:47.839509
0,24,4,0,0,0,2026-07-30T14:06:49.066264
0,24,5,0,0,0,2026-07-30T14:06:50.517836
0,24,6,0,0,0,2026-07-30T14:06:52.571720
0,24,7,5,0,5,2026-07-30T14:06:54.023572
0,24,8,0,0,0,2026-07-30T14:06:55.072398
0,24,9,0,0,0,2026-07-30T14:06:56.296665
0,24,10,0,0,0,2026-07-30T14:06:57.549535
0,25,1,5,0,5,2026-07-30T14:06:59.215823
0,25,2,0,0,0,2026-07-30T14:07:01.087136
0,25,3,0,0,0,2026-07-30T14:07:02.154947
0,25,4,0,0,0,2026-07-30T14:07:04.011567
0,25,5,5,0,5,2026-07-30T14:07:05.251797
0,25,6,0,0,0,2026-07-30T14:07:07.099444
0,25,7,0,0,0,2026-07-30T14:07:08.355204
0,25,8,0,0,0,2026-07-30T14:07:09.613212
0,25,9,0,0,0,2026-07-30T14:07:11.057224
0,25,10,5,0,5,2026-07-30T14:07:12.310196
0,26,1,5,0,5,2026-07-30T14:07:13.360878
0,26,2,5,0,5,2026-07-30T14:07:14.792585
0,26,3,5,0,5,2026-07-30T14:07:15.834893
0,26,4,5,0,5,2026-07-30T14:07:17.064523
0,26,5,5,0,5,2026-07-30T14:07:18.299574
0,26,6,5,0,5,2026-07-30T14:07:19.960980
0,26,7,5,0,5,2026-07-30T14:07:20.811163
0,26,8,5,0,5,2026-07-30T14:07:22.329485
0,26,9,5,0,5,2026-07-30T14:07:23.899319
0,26,10,5,0,5,2026-07-30T14:07:25.158415
0,27,1,5,0,5,2026-07-30T14:07:26.989650
0,27,2,5,0,5,2026-07-30T14:07:28.033032
0,27,3,5,0,5,2026-07-30T14:07:29.104552
0,27,4,5,0,5,2026-07-30T14:07:30.153425
0,27,5,5,0,5,2026-07-30T14:07:31.603641
0,27,6,5,0,5,2026-07-30T14:07:32.622619
0,27,7,5,0,5,2026-07-30T14:07:34.289834
0,27,8,5,0,5,2026-07-30T14:07:35.990780
0,27,9,5,0,5,2026-07-30T14:07:37.209359
0,27,10,5,0,5,2026-07-30T14:07:38.894261
0,28,1,5,0,5,2026-07-30T14:07:40.352583
0,28,2,5,0,5,2026-07-30T14:07:42.213770
0,28,3,5,0,5,2026-07-30T14:07:43.667299
0,28,4,5,0,5,2026-07-30T14:07:45.554161
0,28,5,4,0,4,2026-07-30T14:07:46.993107
0,28,6,5,0,5,2026-07-30T14:07:48.034731
0,28,7,5,0,5,2026-07-30T14:07:49.267143
0,28,8,5,0,5,2026-07-30T14:07:50.710327
0,28,9,5,0,5,2026-07-30T14:07:52.345374
0,28,10,5,0,5,2026-07-30T14:07:53.994737
0,29,1,5,0,5,2026-07-30T14:07:55.046401
0,29,2,5,0,5,2026-07-30T14:07:56.888202
0,29,3,5,0,5,2026-07-30T14:07:58.161009
0,29,4,5,0,5,2026-07-30T14:07:59.622203
0,29,5,5,0,5,2026-07-30T14:08:00.672251
0,29,6,5,0,5,2026-07-30T14:08:02.728554
0,29,7,5,0,5,2026-07-30T14:08:04.182441
0,29,8,5,0,5,2026-07-30T14:08:06.249842
0,29,9,5,0,5,2026-07-30T14:08:07.920669
0,29,10,5,0,5,2026-07-30T14:08:09.182973
0,30,1,5,0,5,2026-07-30T14:08:10.625376
0,30,2,5,0,5,2026-07-30T14:08:11.673199
0,30,3,5,0,5,2026-07-30T14:08:12.717759
0,30,4,5,0,5,2026-07-30T14:08:14.565008
0,30,5,3,0,3,2026-07-30T14:08:16.650802
0,30,6,3,0,3,2026-07-30T14:08:18.489986
0,30,7,5,0,5,2026-07-30T14:08:19.752982
0,30,8,5,0,5,2026-07-30T14:08:20.970915
0,30,9,5,0,5,2026-07-30T14:08:22.841916
0,30,10,5,0,5,2026-07-30T14:08:23.900851
1,1,1,5,0,5,2026-07-30T14:08:25.573317
1,1,2,5,0,5,2026-07-30T14:08:27.407608
1,1,3,5,0,5,2026-07-30T14:08:28.869763
1,1,4,5,0,5,2026-07-30T14:08:30.305499
1,1,5,5,0,5,2026-07-30T14:08:31.970991
1,1,6,5,0,5,2026-07-30T14:08:33.034167
1,1,7,5,0,5,2026-07-30T14:08:34.095416
1,1,8,5,0,5,2026-07-30T14:08:35.140330
1,1,9,5,0,5,2026-07-30T14:08:36.410295
1,1,10,5,0,5,2026-07-30T14:08:37.453338
1,2,1,5,0,5,2026-07-30T14:08:39.103216
1,2,2,5,0,5,2026-07-30T14:08:40.989443
1,2,3,5,0,5,2026-07-30T14:08:42.834391
1,2,4,5,0,5,2026-07-30T14:08:44.075841
1,2,5,5,0,5,2026-07-30T14:08:45.124219
1,2,6,5,0,5,2026-07-30T14:08:46.976097
1,2,7,5,0,5,2026-07-30T14:08:48.625598
1,2,8,5,0,5,2026-07-30T14:08:50.752609
1,2,9,5,0,5,2026-07-30T14:08:52.584499
1,2,10,5,0,5,2026-07-30T14:08:54.437370
1,3,1,5,0,5,2026-07-30T14:08:55.897020
1,3,2,5,0,5,2026-07-30T14:08:57.748926
1,3,3,5,0,5,2026-07-30T14:08:58.978119
1,3,4,5,0,5,2026-07-30T14:09:00.626486
1,3,5,5,0,5,2026-07-30T14:09:02.274818
1,3,6,5,0,5,2026-07-30T14:09:03.931258
1,3,7,5,0,5,2026-07-30T14:09:05.577425
1,3,8,5,0,5,2026-07-30T14:09:07.425059
1,3,9,5,0,5,2026-07-30T14:09:09.291088
1,3,10,0,0,0,2026-07-30T14:09:10.947466
1,4,1,5,0,5,2026-07-30T14:09:12.011663
1,4,2,5,0,5,2026-07-30T14:09:13.849622
1,4,3,3,0,3,2026-07-30T14:09:15.082968
1,4,4,5,0,5,2026-07-30T14:09:16.734932
1,4,5,5,0,5,2026-07-30T14:09:18.399884
1,4,6,5,0,5,2026-07-30T14:09:19.421818
1,4,7,5,0,5,2026-07-30T14:09:21.260710
1,4,8,5,0,5,2026-07-30T14:09:23.119177
1,4,9,5,0,5,2026-07-30T14:09:24.558394
1,4,10,5,0,5,2026-07-30T14:09:26.013097
1,5,1,5,0,5,2026-07-30T14:09:27.246757
1,5,2,0,0,0,2026-07-30T14:09:28.896095
1,5,3,5,0,5,2026-07-30T14:09:30.954182
1,5,4,5,0,5,2026-07-30T14:09:31.979710
1,5,5,5,0,5,2026-07-30T14:09:32.833976
1,5,6,5,0,5,2026-07-30T14:09:34.487900
1,5,7,0,0,0,2026-07-30T14:09:35.531429
1,5,8,5,0,5,2026-07-30T14:09:37.384884
1,5,9,5,0,5,2026-07-30T14:09:38.450262
1,5,10,5,0,5,2026-07-30T14:09:39.718310
1,6,1,5,0,5,2026-07-30T14:09:41.376448
1,6,2,5,0,5,2026-07-30T14:09:43.439397
1,6,3,5,0,5,2026-07-30T14:09:44.891912
1,6,4,5,0,5,2026-07-30T14:09:46.357740
1,6,5,5,0,5,2026-07-30T14:09:47.594862
1,6,6,5,0,5,2026-07-30T14:09:49.278046
1,6,7,5,0,5,2026-07-30T14:09:50.968577
1,6,8,5,0,5,2026-07-30T14:09:53.023094
1,6,9,5,0,5,2026-07-30T14:09:54.863330
1,6,10,5,0,5,2026-07-30T14:09:56.286101
1,7,1,5,0,5,2026-07-30T14:09:58.143871
1,7,2,5,0,5,2026-07-30T14:10:00.395888
1,7,3,5,0,5,2026-07-30T14:10:02.264842
1,7,4,5,0,5,2026-07-30T14:10:03.531813
1,7,5,5,0,5,2026-07-30T14:10:05.177877
1,7,6,5,0,5,2026-07-30T14:10:07.244510
1,7,7,5,0,5,2026-07-30T14:10:08.889520
1,7,8,5,0,5,2026-07-30T14:10:10.735279
1,7,9,5,0,5,2026-07-30T14:10:12.182470
1,7,10,5,0,5,2026-07-30T14:10:13.471280
1,8,1,5,0,5,2026-07-30T14:10:14.923031
1,8,2,5,0,5,2026-07-30T14:10:16.161587
1,8,3,5,0,5,2026-07-30T14:10:17.217802
1,8,4,5,0,5,2026-07-30T14:10:18.468757
1,8,5,5,0,5,2026-07-30T14:10:19.920150
1,8,6,5,0,5,2026-07-30T14:10:21.377629
1,8,7,5,0,5,2026-07-30T14:10:22.431773
1,8,8,5,0,5,2026-07-30T14:10:24.109652
1,8,9,5,0,5,2026-07-30T14:10:25.952113
1,8,10,5,0,5,2026-07-30T14:10:26.993049
1,9,1,0,0,0,2026-07-30T14:10:28.236299
1,9,2,5,0,5,2026-07-30T14:10:29.487333
1,9,3,5,0,5,2026-07-30T14:10:30.516718
1,9,4,5,0,5,2026-07-30T14:10:31.981397
1,9,5,5,0,5,2026-07-30T14:10:33.609543
1,9,6,5,0,5,2026-07-30T14:10:35.278311
1,9,7,5,0,5,2026-07-30T14:10:37.339958
1,9,8,5,0,5,2026-07-30T14:10:39.386208
1,9,9,5,0,5,2026-07-30T14:10:41.238279
1,9,10,5,0,5,2026-07-30T14:10:42.282525
1,10,1,5,0,5,2026-07-30T14:10:44.143662
1,10,2,5,0,5,2026-07-30T14:10:45.378926
1,10,3,5,0,5,2026-07-30T14:10:46.802805
1,10,4,5,0,5,2026-07-30T14:10:47.867627
1,10,5,5,0,5,2026-07-30T14:10:48.902794
1,10,6,5,0,5,2026-07-30T14:10:50.757516
1,10,7,5,0,5,2026-07-30T14:10:51.775218
1,10,8,5,0,5,2026-07-30T14:10:52.809451
1,10,9,5,0,5,2026-07-30T14:10:54.665792
1,10,10,5,0,5,2026-07-30T14:10:56.520509
1,11,1,5,0,5,2026-07-30T14:10:57.968322
1,11,2,5,0,5,2026-07-30T14:10:59.634125
1,11,3,5,0,5,2026-07-30T14:11:01.470599
1,11,4,5,0,5,2026-07-30T14:11:03.166367
1,11,5,5,0,5,2026-07-30T14:11:04.270086
1,11,6,5,0,5,2026-07-30T14:11:05.916465
1,11,7,5,0,5,2026-07-30T14:11:06.976177
1,11,8,5,0,5,2026-07-30T14:11:09.032757
1,11,9,5,0,5,2026-07-30T14:11:11.104363
1,11,10,5,0,5,2026-07-30T14:11:12.961532
1,12,1,5,0,5,2026-07-30T14:11:15.008660
1,12,2,5,0,5,2026-07-30T14:11:16.060387
1,12,3,5,0,5,2026-07-30T14:11:18.129968
1,12,4,5,0,5,2026-07-30T14:11:19.175731
1,12,5,5,0,5,2026-07-30T14:11:20.849747
1,12,6,5,0,5,2026-07-30T14:11:22.729458
1,12,7,5,0,5,2026-07-30T14:11:24.197871
1,12,8,5,0,5,2026-07-30T14:11:26.067237
1,12,9,5,0,5,2026-07-30T14:11:27.820405
1,12,10,5,0,5,2026-07-30T14:11:29.479229
1,13,1,5,0,5,2026-07-30T14:11:31.345595
1,13,2,5,0,5,2026-07-30T14:11:32.398978
1,13,3,5,0,5,2026-07-30T14:11:33.846354
1,13,4,5,0,5,2026-07-30T14:11:35.678709
1,13,5,5,0,5,2026-07-30T14:11:36.935087
1,13,6,5,0,5,2026-07-30T14:11:39.003379
1,13,7,5,0,5,2026-07-30T14:11:40.459232
1,13,8,5,0,5,2026-07-30T14:11:42.329565
1,13,9,5,0,5,2026-07-30T14:11:43.571225
1,13,10,5,0,5,2026-07-30T14:11:45.544527
1,14,1,5,0,5,2026-07-30T14:11:46.579800
1,14,2,5,0,5,2026-07-30T14:11:48.231590
1,14,3,5,0,5,2026-07-30T14:11:50.080259
1,14,4,5,0,5,2026-07-30T14:11:51.124898
1,14,5,5,0,5,2026-07-30T14:11:52.788820
1,14,6,5,0,5,2026-07-30T14:11:54.462151
1,14,7,5,0,5,2026-07-30T14:11:55.895318
1,14,8,5,0,5,2026-07-30T14:11:57.534265
1,14,9,5,0,5,2026-07-30T14:11:58.779574
1,14,10,5,0,5,2026-07-30T14:11:59.830179
1,15,1,5,0,5,2026-07-30T14:12:01.071220
1,15,2,5,0,5,2026-07-30T14:12:02.137025
1,15,3,5,0,5,2026-07-30T14:12:03.983404
1,15,4,5,0,5,2026-07-30T14:12:05.045783
1,15,5,5,0,5,2026-07-30T14:12:06.089103
1,15,6,5,0,5,2026-07-30T14:12:07.327047
1,15,7,5,0,5,2026-07-30T14:12:09.201778
1,15,8,5,0,5,2026-07-30T14:12:11.228065
1,15,9,0,0,0,2026-07-30T14:12:13.081743
1,15,10,5,0,5,2026-07-30T14:12:14.755806
1,16,1,5,0,5,2026-07-30T14:12:15.983449
1,16,2,5,0,5,2026-07-30T14:12:17.281145
1,16,3,5,0,5,2026-07-30T14:12:18.609743
1,16,4,5,0,5,2026-07-30T14:12:20.472312
1,16,5,5,0,5,2026-07-30T14:12:22.142499
1,16,6,5,0,5,2026-07-30T14:12:23.391197
1,16,7,5,0,5,2026-07-30T14:12:25.068825
1,16,8,5,0,5,2026-07-30T14:12:26.124042
1,16,9,5,0,5,2026-07-30T14:12:27.565337
1,16,10,5,0,5,2026-07-30T14:12:29.224637
1,17,1,5,0,5,2026-07-30T14:12:31.112788
1,17,2,5,0,5,2026-07-30T14:12:32.958492
1,17,3,5,0,5,2026-07-30T14:12:34.894426
1,17,4,5,0,5,2026-07-30T14:12:36.763957
1,17,5,5,0,5,2026-07-30T14:12:38.416568
1,17,6,5,0,5,2026-07-30T14:12:40.075367
1,17,7,5,0,5,2026-07-30T14:12:41.757016
1,17,8,5,0,5,2026-07-30T14:12:43.629715
1,17,9,5,0,5,2026-07-30T14:12:45.295219
1,17,10,5,0,5,2026-07-30T14:12:47.159332
1,18,1,5,0,5,2026-07-30T14:12:49.006776
1,18,2,5,0,5,2026-07-30T14:12:50.851604
1,18,3,5,0,5,2026-07-30T14:12:52.294925
1,18,4,5,0,5,2026-07-30T14:12:54.164399
1,18,5,5,0,5,2026-07-30T14:12:55.625177
1,18,6,5,0,5,2026-07-30T14:12:57.289425
1,18,7,5,0,5,2026-07-30T14:12:58.725743
1,18,8,5,0,5,2026-07-30T14:13:00.581738
1,18,9,5,0,5,2026-07-30T14:13:02.066552
1,18,10,5,0,5,2026-07-30T14:13:03.100807
1,19,1,5,0,5,2026-07-30T14:13:04.967958
1,19,2,5,0,5,2026-07-30T14:13:06.622216
1,19,3,5,0,5,2026-07-30T14:13:08.496930
1,19,4,5,0,5,2026-07-30T14:13:09.956498
1,19,5,5,0,5,2026-07-30T14:13:11.214364
1,19,6,5,0,5,2026-07-30T14:13:12.246300
1,19,7,5,0,5,2026-07-30T14:13:13.702245
1,19,8,5,0,5,2026-07-30T14:13:15.557974
1,19,9,5,0,5,2026-07-30T14:13:17.264626
1,19,10,5,0,5,2026-07-30T14:13:18.721787
1,20,1,5,0,5,2026-07-30T14:13:20.586032
1,20,2,5,0,5,2026-07-30T14:13:22.223110
1,20,3,5,0,5,2026-07-30T14:13:23.468025
1,20,4,5,0,5,2026-07-30T14:13:25.353031
1,20,5,5,0,5,2026-07-30T14:13:26.613935
1,20,6,5,0,5,2026-07-30T14:13:28.079312
1,20,7,5,0,5,2026-07-30T14:13:29.124497
1,20,8,5,0,5,2026-07-30T14:13:30.364855
1,20,9,5,0,5,2026-07-30T14:13:31.597614
1,20,10,5,0,5,2026-07-30T14:13:32.835112
1,21,1,5,0,5,2026-07-30T14:13:34.062103
1,21,2,5,0,5,2026-07-30T14:13:35.710624
1,21,3,5,0,5,2026-07-30T14:13:37.407298
1,21,4,5,0,5,2026-07-30T14:13:38.457975
1,21,5,5,0,5,2026-07-30T14:13:40.105089
1,21,6,5,0,5,2026-07-30T14:13:41.136313
1,21,7,5,0,5,2026-07-30T14:13:42.553195
1,21,8,5,0,5,2026-07-30T14:13:43.807413
1,21,9,5,0,5,2026-07-30T14:13:45.249182
1,21,10,5,0,5,2026-07-30T14:13:47.125989
1,22,1,5,0,5,2026-07-30T14:13:48.410733
1,22,2,5,0,5,2026-07-30T14:13:50.274218
1,22,3,5,0,5,2026-07-30T14:13:51.325652
1,22,4,5,0,5,2026-07-30T14:13:53.387032
1,22,5,5,0,5,2026-07-30T14:13:54.839655
1,22,6,5,0,5,2026-07-30T14:13:56.085166
1,22,7,5,0,5,2026-07-30T14:13:57.525161
1,22,8,5,0,5,2026-07-30T14:13:58.583164
1,22,9,5,0,5,2026-07-30T14:13:59.823618
1,22,10,5,0,5,2026-07-30T14:14:01.067617
1,23,1,5,0,5,2026-07-30T14:14:02.716116
1,23,2,5,0,5,2026-07-30T14:14:04.182610
1,23,3,5,0,5,2026-07-30T14:14:05.650854
1,23,4,5,0,5,2026-07-30T14:14:06.915806
1,23,5,5,0,5,2026-07-30T14:14:08.378214
1,23,6,5,0,5,2026-07-30T14:14:10.248784
1,23,7,5,0,5,2026-07-30T14:14:11.496965
1,23,8,5,0,5,2026-07-30T14:14:12.957962
1,23,9,5,0,5,2026-07-30T14:14:14.424305
1,23,10,5,0,5,2026-07-30T14:14:15.891100
1,24,1,5,0,5,2026-07-30T14:14:17.535583
1,24,2,5,0,5,2026-07-30T14:14:19.585293
1,24,3,0,0,0,2026-07-30T14:14:20.834467
1,24,4,0,0,0,2026-07-30T14:14:21.877848
1,24,5,0,0,0,2026-07-30T14:14:22.893645
1,24,6,5,0,5,2026-07-30T14:14:24.956488
1,24,7,5,0,5,2026-07-30T14:14:26.806736
1,24,8,0,0,0,2026-07-30T14:14:28.258308
1,24,9,5,0,5,2026-07-30T14:14:29.711863
1,24,10,5,0,5,2026-07-30T14:14:31.176495
1,25,1,5,0,5,2026-07-30T14:14:32.437382
1,25,2,4,0,4,2026-07-30T14:14:33.892851
1,25,3,5,0,5,2026-07-30T14:14:34.949920
1,25,4,5,0,5,2026-07-30T14:14:36.805159
1,25,5,5,0,5,2026-07-30T14:14:38.462437
1,25,6,5,0,5,2026-07-30T14:14:40.364480
1,25,7,5,0,5,2026-07-30T14:14:42.486838
1,25,8,5,0,5,2026-07-30T14:14:44.146115
1,25,9,5,0,5,2026-07-30T14:14:45.790541
1,25,10,5,0,5,2026-07-30T14:14:46.840221
1,26,1,5,0,5,2026-07-30T14:14:48.098410
1,26,2,5,0,5,2026-07-30T14:14:49.336927
1,26,3,5,0,5,2026-07-30T14:14:50.593945
1,26,4,5,0,5,2026-07-30T14:14:52.654658
1,26,5,5,0,5,2026-07-30T14:14:53.700866
1,26,6,5,0,5,2026-07-30T14:14:54.945451
1,26,7,5,0,5,2026-07-30T14:14:56.792596
1,26,8,5,0,5,2026-07-30T14:14:57.817789
1,26,9,5,0,5,2026-07-30T14:14:59.290692
1,26,10,5,0,5,2026-07-30T14:15:00.555371
1,27,1,5,0,5,2026-07-30T14:15:01.582207
1,27,2,5,0,5,2026-07-30T14:15:03.017643
1,27,3,5,0,5,2026-07-30T14:15:04.091454
1,27,4,5,0,5,2026-07-30T14:15:05.544839
1,27,5,5,0,5,2026-07-30T14:15:06.601883
1,27,6,5,0,5,2026-07-30T14:15:07.849873
1,27,7,5,0,5,2026-07-30T14:15:09.512947
1,27,8,5,0,5,2026-07-30T14:15:11.175299
1,27,9,5,0,5,2026-07-30T14:15:12.634555
1,27,10,5,0,5,2026-07-30T14:15:14.285325
1,28,1,5,0,5,2026-07-30T14:15:15.733026
1,28,2,5,0,5,2026-07-30T14:15:17.607660
1,28,3,5,0,5,2026-07-30T14:15:19.046440
1,28,4,5,0,5,2026-07-30T14:15:20.074512
1,28,5,5,0,5,2026-07-30T14:15:21.522726
1,28,6,5,0,5,2026-07-30T14:15:22.830776
1,28,7,5,0,5,2026-07-30T14:15:24.511258
1,28,8,5,0,5,2026-07-30T14:15:26.182197
1,28,9,5,0,5,2026-07-30T14:15:27.222844
1,28,10,5,0,5,2026-07-30T14:15:28.269274
1,29,1,5,0,5,2026-07-30T14:15:29.743193
1,29,2,5,0,5,2026-07-30T14:15:31.189897
1,29,3,5,0,5,2026-07-30T14:15:32.841482
1,29,4,5,0,5,2026-07-30T14:15:34.305951
1,29,5,5,0,5,2026-07-30T14:15:35.341405
1,29,6,5,0,5,2026-07-30T14:15:36.383664
1,29,7,5,0,5,2026-07-30T14:15:38.035177
1,29,8,5,0,5,2026-07-30T14:15:39.287037
1,29,9,5,0,5,2026-07-30T14:15:40.937283
1,29,10,5,0,5,2026-07-30T14:15:42.698164
1,30,1,5,0,5,2026-07-30T14:15:44.144459
1,30,2,5,0,5,2026-07-30T14:15:45.615427
1,30,3,5,0,5,2026-07-30T14:15:47.047626
1,30,4,5,0,5,2026-07-30T14:15:48.941514
1,30,5,5,0,5,2026-07-30T14:15:50.190399
1,30,6,5,0,5,2026-07-30T14:15:51.225692
1,30,7,5,0,5,2026-07-30T14:15:52.257443
1,30,8,5,0,5,2026-07-30T14:15:53.741769
1,30,9,5,0,5,2026-07-30T14:15:54.988797
1,30,10,5,0,5,2026-07-30T14:15:56.634341
2,1,1,5,0,5,2026-07-30T14:15:58.367370
2,1,2,5,0,5,2026-07-30T14:15:59.806376
2,1,3,5,0,5,2026-07-30T14:16:01.672915
2,1,4,5,0,5,2026-07-30T14:16:02.927439
2,1,5,5,0,5,2026-07-30T14:16:04.790776
2,1,6,5,0,5,2026-07-30T14:16:06.022538
2,1,7,5,0,5,2026-07-30T14:16:07.868355
2,1,8,5,0,5,2026-07-30T14:16:09.338053
2,1,9,5,0,5,2026-07-30T14:16:10.599077
2,1,10,5,0,5,2026-07-30T14:16:12.451025
2,2,1,5,0,5,2026-07-30T14:16:14.109263
2,2,2,5,0,5,2026-07-30T14:16:16.015516
2,2,3,5,0,5,2026-07-30T14:16:17.042610
2,2,4,5,0,5,2026-07-30T14:16:18.076702
2,2,5,5,0,5,2026-07-30T14:16:19.336407
2,2,6,5,0,5,2026-07-30T14:16:20.976271
2,2,7,5,0,5,2026-07-30T14:16:22.431095
2,2,8,5,0,5,2026-07-30T14:16:23.674278
2,2,9,5,0,5,2026-07-30T14:16:24.707868
2,2,10,5,0,5,2026-07-30T14:16:26.545463
2,3,1,5,0,5,2026-07-30T14:16:28.189004
2,3,2,5,0,5,2026-07-30T14:16:29.839344
2,3,3,5,0,5,2026-07-30T14:16:31.498657
2,3,4,5,0,5,2026-07-30T14:16:32.952457
2,3,5,5,0,5,2026-07-30T14:16:33.975004
2,3,6,5,0,5,2026-07-30T14:16:35.432275
2,3,7,5,0,5,2026-07-30T14:16:36.677186
2,3,8,5,0,5,2026-07-30T14:16:37.930604
2,3,9,5,0,5,2026-07-30T14:16:38.986697
2,3,10,5,0,5,2026-07-30T14:16:40.842641
2,4,1,5,0,5,2026-07-30T14:16:42.706672
2,4,2,5,0,5,2026-07-30T14:16:43.769436
2,4,3,5,0,5,2026-07-30T14:16:45.219868
2,4,4,5,0,5,2026-07-30T14:16:46.465321
2,4,5,5,0,5,2026-07-30T14:16:47.693963
2,4,6,3,0,3,2026-07-30T14:16:48.701584
2,4,7,3,0,3,2026-07-30T14:16:50.367883
2,4,8,5,0,5,2026-07-30T14:16:51.409277
2,4,9,5,0,5,2026-07-30T14:16:53.276118
2,4,10,5,0,5,2026-07-30T14:16:55.327832
2,5,1,5,0,5,2026-07-30T14:16:56.570074
2,5,2,5,0,5,2026-07-30T14:16:58.437785
2,5,3,5,0,5,2026-07-30T14:17:00.093900
2,5,4,5,0,5,2026-07-30T14:17:01.143543
2,5,5,5,0,5,2026-07-30T14:17:02.796063
2,5,6,5,0,5,2026-07-30T14:17:04.038204
2,5,7,5,0,5,2026-07-30T14:17:05.709008
2,5,8,5,0,5,2026-07-30T14:17:07.556730
2,5,9,5,0,5,2026-07-30T14:17:08.609981
2,5,10,5,0,5,2026-07-30T14:17:10.051827
2,6,1,5,0,5,2026-07-30T14:17:11.914583
2,6,2,5,0,5,2026-07-30T14:17:13.158606
2,6,3,5,0,5,2026-07-30T14:17:14.644051
2,6,4,5,0,5,2026-07-30T14:17:16.090284
2,6,5,5,0,5,2026-07-30T14:17:17.751504
2,6,6,5,0,5,2026-07-30T14:17:19.231540
2,6,7,5,0,5,2026-07-30T14:17:20.897858
2,6,8,5,0,5,2026-07-30T14:17:22.966431
2,6,9,5,0,5,2026-07-30T14:17:24.416301
2,6,10,5,0,5,2026-07-30T14:17:26.081122
2,7,1,5,0,5,2026-07-30T14:17:27.109533
2,7,2,5,0,5,2026-07-30T14:17:28.956474
2,7,3,5,0,5,2026-07-30T14:17:30.016564
2,7,4,5,0,5,2026-07-30T14:17:31.864652
2,7,5,5,0,5,2026-07-30T14:17:33.718562
2,7,6,5,0,5,2026-07-30T14:17:34.959011
2,7,7,5,0,5,2026-07-30T14:17:36.733911
2,7,8,5,0,5,2026-07-30T14:17:38.579779
2,7,9,5,0,5,2026-07-30T14:17:39.629966
2,7,10,5,0,5,2026-07-30T14:17:40.671135
2,8,1,5,0,5,2026-07-30T14:17:42.135832
2,8,2,5,0,5,2026-07-30T14:17:43.794386
2,8,3,5,0,5,2026-07-30T14:17:45.993737
2,8,4,5,0,5,2026-07-30T14:17:47.441744
2,8,5,5,0,5,2026-07-30T14:17:49.110025
2,8,6,5,0,5,2026-07-30T14:17:50.982338
2,8,7,5,0,5,2026-07-30T14:17:52.217970
2,8,8,5,0,5,2026-07-30T14:17:53.857544
2,8,9,5,0,5,2026-07-30T14:17:54.882867
2,8,10,5,0,5,2026-07-30T14:17:56.733832
2,9,1,3,0,3,2026-07-30T14:18:00.588726
2,9,2,2,0,2,2026-07-30T14:18:01.628067
2,9,3,4,0,4,2026-07-30T14:18:03.095707
2,9,4,5,0,5,2026-07-30T14:18:04.525488
2,9,5,5,0,5,2026-07-30T14:18:05.783501
2,9,6,5,0,5,2026-07-30T14:18:07.032475
2,9,7,4,0,4,2026-07-30T14:18:08.089593
2,9,8,5,0,5,2026-07-30T14:18:09.537056
2,9,9,5,0,5,2026-07-30T14:18:11.180232
2,9,10,5,0,5,2026-07-30T14:18:12.823504
2,10,1,5,0,5,2026-07-30T14:18:14.259051
2,10,2,5,0,5,2026-07-30T14:18:15.488147
2,10,3,5,0,5,2026-07-30T14:18:17.367861
2,10,4,5,0,5,2026-07-30T14:18:18.586087
2,10,5,5,0,5,2026-07-30T14:18:20.036482
2,10,6,5,0,5,2026-07-30T14:18:21.491393
2,10,7,5,0,5,2026-07-30T14:18:23.137153
2,10,8,5,0,5,2026-07-30T14:18:24.981871
2,10,9,5,0,5,2026-07-30T14:18:26.832768
2,10,10,5,0,5,2026-07-30T14:18:27.880671
2,11,1,5,0,5,2026-07-30T14:18:29.323921
2,11,2,5,0,5,2026-07-30T14:18:30.773960
2,11,3,5,0,5,2026-07-30T14:18:32.600021
2,11,4,5,0,5,2026-07-30T14:18:34.052788
2,11,5,5,0,5,2026-07-30T14:18:35.910269
2,11,6,5,0,5,2026-07-30T14:18:37.361271
2,11,7,5,0,5,2026-07-30T14:18:38.620746
2,11,8,5,0,5,2026-07-30T14:18:40.448820
2,11,9,5,0,5,2026-07-30T14:18:42.279677
2,11,10,5,0,5,2026-07-30T14:18:43.492632
2,12,1,5,0,5,2026-07-30T14:18:45.358765
2,12,2,5,0,5,2026-07-30T14:18:47.223502
2,12,3,5,0,5,2026-07-30T14:18:49.055128
2,12,4,5,0,5,2026-07-30T14:18:50.096593
2,12,5,5,0,5,2026-07-30T14:18:51.152415
2,12,6,5,0,5,2026-07-30T14:18:52.788139
2,12,7,5,0,5,2026-07-30T14:18:54.610213
2,12,8,5,0,5,2026-07-30T14:18:56.249189
2,12,9,5,0,5,2026-07-30T14:18:57.285261
2,12,10,5,0,5,2026-07-30T14:18:58.729330
2,13,1,5,0,5,2026-07-30T14:19:00.393408
2,13,2,5,0,5,2026-07-30T14:19:01.670287
2,13,3,5,0,5,2026-07-30T14:19:03.336439
2,13,4,5,0,5,2026-07-30T14:19:05.216842
2,13,5,5,0,5,2026-07-30T14:19:06.275255
2,13,6,5,0,5,2026-07-30T14:19:07.303500
2,13,7,5,0,5,2026-07-30T14:19:08.758018
2,13,8,5,0,5,2026-07-30T14:19:10.600139
2,13,9,5,0,5,2026-07-30T14:19:12.450972
2,13,10,5,0,5,2026-07-30T14:19:13.494067
2,14,1,5,0,5,2026-07-30T14:19:14.551131
2,14,2,5,0,5,2026-07-30T14:19:16.414715
2,14,3,5,0,5,2026-07-30T14:19:17.462633
2,14,4,5,0,5,2026-07-30T14:19:18.514923
2,14,5,5,0,5,2026-07-30T14:19:19.573298
2,14,6,5,0,5,2026-07-30T14:19:21.404689
2,14,7,5,0,5,2026-07-30T14:19:22.642021
2,14,8,5,0,5,2026-07-30T14:19:24.504722
2,14,9,5,0,5,2026-07-30T14:19:26.159028
2,14,10,5,0,5,2026-07-30T14:19:27.404604
2,15,1,5,0,5,2026-07-30T14:19:29.069249
2,15,2,5,0,5,2026-07-30T14:19:30.718190
2,15,3,5,0,5,2026-07-30T14:19:32.595398
2,15,4,5,0,5,2026-07-30T14:19:33.652810
2,15,5,5,0,5,2026-07-30T14:19:34.937555
2,15,6,5,0,5,2026-07-30T14:19:36.769359
2,15,7,5,0,5,2026-07-30T14:19:37.825588
2,15,8,5,0,5,2026-07-30T14:19:39.471291
2,15,9,5,0,5,2026-07-30T14:19:41.115985
2,15,10,5,0,5,2026-07-30T14:19:42.799696
2,16,1,5,0,5,2026-07-30T14:19:44.239460
2,16,2,5,0,5,2026-07-30T14:19:45.283491
2,16,3,5,0,5,2026-07-30T14:19:46.330706
2,16,4,5,0,5,2026-07-30T14:19:47.397399
2,16,5,5,0,5,2026-07-30T14:19:49.046496
2,16,6,5,0,5,2026-07-30T14:19:50.498866
2,16,7,5,0,5,2026-07-30T14:19:51.559010
2,16,8,5,0,5,2026-07-30T14:19:53.213745
2,16,9,5,0,5,2026-07-30T14:19:55.049968
2,16,10,5,0,5,2026-07-30T14:19:56.344618
2,17,1,5,0,5,2026-07-30T14:19:58.248951
2,17,2,5,0,5,2026-07-30T14:20:00.134108
2,17,3,5,0,5,2026-07-30T14:20:01.193518
2,17,4,5,0,5,2026-07-30T14:20:02.244203
2,17,5,5,0,5,2026-07-30T14:20:04.094544
2,17,6,5,0,5,2026-07-30T14:20:05.354255
2,17,7,5,0,5,2026-07-30T14:20:06.803728
2,17,8,5,0,5,2026-07-30T14:20:08.054962
2,17,9,5,0,5,2026-07-30T14:20:09.507577
2,17,10,5,0,5,2026-07-30T14:20:10.565035
2,18,1,5,0,5,2026-07-30T14:20:12.206315
2,18,2,5,0,5,2026-07-30T14:20:13.881572
2,18,3,5,0,5,2026-07-30T14:20:15.719838
2,18,4,5,0,5,2026-07-30T14:20:17.569227
2,18,5,5,0,5,2026-07-30T14:20:19.435189
2,18,6,5,0,5,2026-07-30T14:20:20.685617
2,18,7,5,0,5,2026-07-30T14:20:22.326939
2,18,8,5,0,5,2026-07-30T14:20:23.772495
2,18,9,5,0,5,2026-07-30T14:20:25.003409
2,18,10,5,0,5,2026-07-30T14:20:26.048769
2,19,1,5,0,5,2026-07-30T14:20:27.539069
2,19,2,5,0,5,2026-07-30T14:20:29.191594
2,19,3,5,0,5,2026-07-30T14:20:30.854090
2,19,4,5,0,5,2026-07-30T14:20:32.110620
2,19,5,5,0,5,2026-07-30T14:20:33.953184
2,19,6,5,0,5,2026-07-30T14:20:34.976906
2,19,7,5,0,5,2026-07-30T14:20:36.418844
2,19,8,5,0,5,2026-07-30T14:20:37.648498
2,19,9,5,0,5,2026-07-30T14:20:38.737666
2,19,10,5,0,5,2026-07-30T14:20:39.967084
2,20,1,5,0,5,2026-07-30T14:20:41.405799
2,20,2,5,0,5,2026-07-30T14:20:43.068871
2,20,3,5,0,5,2026-07-30T14:20:44.327236
2,20,4,5,0,5,2026-07-30T14:20:46.173438
2,20,5,5,0,5,2026-07-30T14:20:47.602852
2,20,6,5,0,5,2026-07-30T14:20:48.830713
2,20,7,5,0,5,2026-07-30T14:20:50.079912
2,20,8,5,0,5,2026-07-30T14:20:51.542277
2,20,9,5,0,5,2026-07-30T14:20:52.987859
2,20,10,5,0,5,2026-07-30T14:20:54.305305
2,21,1,5,0,5,2026-07-30T14:20:56.162648
2,21,2,5,0,5,2026-07-30T14:20:58.020239
2,21,3,5,0,5,2026-07-30T14:20:59.249298
2,21,4,5,0,5,2026-07-30T14:21:01.114769
2,21,5,5,0,5,2026-07-30T14:21:02.168281
2,21,6,5,0,5,2026-07-30T14:21:03.816209
2,21,7,5,0,5,2026-07-30T14:21:05.081935
2,21,8,5,0,5,2026-07-30T14:21:06.340251
2,21,9,5,0,5,2026-07-30T14:21:08.174575
2,21,10,5,0,5,2026-07-30T14:21:09.617489
2,22,1,5,0,5,2026-07-30T14:21:10.833834
2,22,2,5,0,5,2026-07-30T14:21:11.915012
2,22,3,5,0,5,2026-07-30T14:21:13.776154
2,22,4,5,0,5,2026-07-30T14:21:15.629227
2,22,5,5,0,5,2026-07-30T14:21:16.874733
2,22,6,5,0,5,2026-07-30T14:21:18.117963
2,22,7,5,0,5,2026-07-30T14:21:19.175398
2,22,8,5,0,5,2026-07-30T14:21:20.424279
2,22,9,5,0,5,2026-07-30T14:21:22.288620
2,22,10,5,0,5,2026-07-30T14:21:23.536082
2,23,1,5,0,5,2026-07-30T14:21:24.778471
2,23,2,5,0,5,2026-07-30T14:21:26.024025
2,23,3,5,0,5,2026-07-30T14:21:27.454877
2,23,4,5,0,5,2026-07-30T14:21:29.089234
2,23,5,5,0,5,2026-07-30T14:21:30.533028
2,23,6,5,0,5,2026-07-30T14:21:31.576524
2,23,7,5,0,5,2026-07-30T14:21:32.835710
2,23,8,5,0,5,2026-07-30T14:21:33.882819
2,23,9,5,0,5,2026-07-30T14:21:35.746002
2,23,10,5,0,5,2026-07-30T14:21:37.314316
2,24,1,5,0,5,2026-07-30T14:21:39.159308
2,24,2,5,0,5,2026-07-30T14:21:40.898496
2,24,3,5,0,5,2026-07-30T14:21:41.953881
2,24,4,5,0,5,2026-07-30T14:21:43.831581
2,24,5,5,0,5,2026-07-30T14:21:45.472382
2,24,6,5,0,5,2026-07-30T14:21:47.127948
2,24,7,5,0,5,2026-07-30T14:21:48.372458
2,24,8,5,0,5,2026-07-30T14:21:49.499498
2,24,9,5,0,5,2026-07-30T14:21:50.761834
2,24,10,5,0,5,2026-07-30T14:21:51.847012
2,25,1,5,0,5,2026-07-30T14:21:53.699191
2,25,2,5,0,5,2026-07-30T14:21:54.755281
2,25,3,5,0,5,2026-07-30T14:21:56.824538
2,25,4,5,0,5,2026-07-30T14:21:57.871916
2,25,5,5,0,5,2026-07-30T14:21:59.717911
2,25,6,5,0,5,2026-07-30T14:22:01.154842
2,25,7,5,0,5,2026-07-30T14:22:03.006103
2,25,8,5,0,5,2026-07-30T14:22:04.661403
2,25,9,5,0,5,2026-07-30T14:22:06.515922
2,25,10,5,0,5,2026-07-30T14:22:07.773198
2,26,1,5,0,5,2026-07-30T14:22:09.465277
2,26,2,5,0,5,2026-07-30T14:22:11.356103
2,26,3,5,0,5,2026-07-30T14:22:12.787122
2,26,4,5,0,5,2026-07-30T14:22:14.239491
2,26,5,5,0,5,2026-07-30T14:22:15.888113
2,26,6,5,0,5,2026-07-30T14:22:17.345446
2,26,7,5,0,5,2026-07-30T14:22:19.201037
2,26,8,5,0,5,2026-07-30T14:22:20.642158
2,26,9,5,0,5,2026-07-30T14:22:22.499066
2,26,10,5,0,5,2026-07-30T14:22:24.330516
2,27,1,5,0,5,2026-07-30T14:22:25.367418
2,27,2,5,0,5,2026-07-30T14:22:27.224378
2,27,3,5,0,5,2026-07-30T14:22:28.289328
2,27,4,5,0,5,2026-07-30T14:22:29.435858
2,27,5,5,0,5,2026-07-30T14:22:30.480259
2,27,6,5,0,5,2026-07-30T14:22:32.337780
2,27,7,5,0,5,2026-07-30T14:22:33.786274
2,27,8,5,0,5,2026-07-30T14:22:35.243408
2,27,9,5,0,5,2026-07-30T14:22:36.897963
2,27,10,5,0,5,2026-07-30T14:22:37.932865
2,28,1,5,0,5,2026-07-30T14:22:39.360078
2,28,2,5,0,5,2026-07-30T14:22:40.386303
2,28,3,5,0,5,2026-07-30T14:22:41.420616
2,28,4,5,0,5,2026-07-30T14:22:42.659813
2,28,5,5,0,5,2026-07-30T14:22:44.528777
2,28,6,5,0,5,2026-07-30T14:22:45.776428
2,28,7,5,0,5,2026-07-30T14:22:47.012394
2,28,8,5,0,5,2026-07-30T14:22:48.666417
2,28,9,5,0,5,2026-07-30T14:22:50.299696
2,28,10,5,0,5,2026-07-30T14:22:52.167785
2,29,1,5,0,5,2026-07-30T14:22:53.814702
2,29,2,5,0,5,2026-07-30T14:22:54.856597
2,29,3,5,0,5,2026-07-30T14:22:56.290889
2,29,4,5,0,5,2026-07-30T14:22:57.733313
2,29,5,5,0,5,2026-07-30T14:22:58.976381
2,29,6,5,0,5,2026-07-30T14:23:00.228715
2,29,7,5,0,5,2026-07-30T14:23:01.281847
2,29,8,5,0,5,2026-07-30T14:23:02.746439
2,29,9,5,0,5,2026-07-30T14:23:03.995747
2,29,10,5,0,5,2026-07-30T14:23:05.256863
2,30,1,5,0,5,2026-07-30T14:23:06.913087
2,30,2,5,0,5,2026-07-30T14:23:08.760106
2,30,3,5,0,5,2026-07-30T14:23:10.243439
2,30,4,5,0,5,2026-07-30T14:23:11.264703
2,30,5,5,0,5,2026-07-30T14:23:12.750411
2,30,6,5,0,5,2026-07-30T14:23:14.208786
2,30,7,5,0,5,2026-07-30T14:23:16.062028
2,30,8,5,0,5,2026-07-30T14:23:17.530585
2,30,9,5,0,5,2026-07-30T14:23:19.388816
2,30,10,5,0,5,2026-07-30T14:23:20.654333
3,1,1,5,0,5,2026-07-30T14:23:22.294371
3,1,2,5,0,5,2026-07-30T14:23:23.553090
3,1,3,5,0,5,2026-07-30T14:23:25.009437
3,1,4,5,0,5,2026-07-30T14:23:26.881737
3,1,5,5,0,5,2026-07-30T14:23:28.336658
3,1,6,5,0,5,2026-07-30T14:23:30.192836
3,1,7,5,0,5,2026-07-30T14:23:31.842051
3,1,8,5,0,5,2026-07-30T14:23:33.083082
3,1,9,5,0,5,2026-07-30T14:23:34.749827
3,1,10,5,0,5,2026-07-30T14:23:35.998141
3,2,1,5,0,5,2026-07-30T14:23:37.648531
3,2,2,5,0,5,2026-07-30T14:23:39.309839
3,2,3,5,0,5,2026-07-30T14:23:40.964624
3,2,4,5,0,5,2026-07-30T14:23:42.013809
3,2,5,5,0,5,2026-07-30T14:23:43.461389
3,2,6,5,0,5,2026-07-30T14:23:44.902573
3,2,7,5,0,5,2026-07-30T14:23:46.148803
3,2,8,5,0,5,2026-07-30T14:23:47.219979
3,2,9,5,0,5,2026-07-30T14:23:48.471650
3,2,10,5,0,5,2026-07-30T14:23:49.508627
3,3,1,5,0,5,2026-07-30T14:23:50.728468
3,3,2,5,0,5,2026-07-30T14:23:51.766185
3,3,3,5,0,5,2026-07-30T14:23:53.440722
3,3,4,5,0,5,2026-07-30T14:23:54.475367
3,3,5,5,0,5,2026-07-30T14:23:55.715303
3,3,6,5,0,5,2026-07-30T14:23:57.564944
3,3,7,5,0,5,2026-07-30T14:23:58.627902
3,3,8,5,0,5,2026-07-30T14:23:59.880675
3,3,9,5,0,5,2026-07-30T14:24:01.739638
3,3,10,5,0,5,2026-07-30T14:24:03.377839
3,4,1,0,0,0,2026-07-30T14:24:04.429194
3,4,2,3,0,3,2026-07-30T14:24:05.680403
3,4,3,5,0,5,2026-07-30T14:24:06.917148
3,4,4,0,0,0,2026-07-30T14:24:08.362311
3,4,5,0,0,0,2026-07-30T14:24:10.002164
3,4,6,0,0,0,2026-07-30T14:24:11.057075
3,4,7,5,0,5,2026-07-30T14:24:12.902605
3,4,8,0,0,0,2026-07-30T14:24:14.351101
3,4,9,3,0,3,2026-07-30T14:24:15.370149
3,4,10,0,0,0,2026-07-30T14:24:16.424137
3,5,1,5,0,5,2026-07-30T14:24:17.660752
3,5,2,5,0,5,2026-07-30T14:24:19.316862
3,5,3,5,0,5,2026-07-30T14:24:20.366196
3,5,4,5,0,5,2026-07-30T14:24:21.817970
3,5,5,5,0,5,2026-07-30T14:24:23.476369
3,5,6,5,0,5,2026-07-30T14:24:24.739249
3,5,7,5,0,5,2026-07-30T14:24:26.587956
3,5,8,5,0,5,2026-07-30T14:24:28.060630
3,5,9,5,0,5,2026-07-30T14:24:29.510333
3,5,10,5,0,5,2026-07-30T14:24:31.377007
3,6,1,5,0,5,2026-07-30T14:24:32.612786
3,6,2,5,0,5,2026-07-30T14:24:34.260646
3,6,3,5,0,5,2026-07-30T14:24:35.910393
3,6,4,5,0,5,2026-07-30T14:24:37.557710
3,6,5,5,0,5,2026-07-30T14:24:38.610593
3,6,6,5,0,5,2026-07-30T14:24:40.268631
3,6,7,5,0,5,2026-07-30T14:24:41.715295
3,6,8,5,0,5,2026-07-30T14:24:43.169831
3,6,9,5,0,5,2026-07-30T14:24:44.426935
3,6,10,5,0,5,2026-07-30T14:24:45.876708
3,7,1,5,0,5,2026-07-30T14:24:47.511566
3,7,2,5,0,5,2026-07-30T14:24:48.759908
3,7,3,5,0,5,2026-07-30T14:24:50.431369
3,7,4,5,0,5,2026-07-30T14:24:52.082406
3,7,5,5,0,5,2026-07-30T14:24:53.943031
3,7,6,5,0,5,2026-07-30T14:24:54.974918
3,7,7,5,0,5,2026-07-30T14:24:56.424090
3,7,8,5,0,5,2026-07-30T14:24:57.873342
3,7,9,5,0,5,2026-07-30T14:24:59.321722
3,7,10,5,0,5,2026-07-30T14:25:00.376573
3,8,1,5,0,5,2026-07-30T14:25:01.625962
3,8,2,5,0,5,2026-07-30T14:25:02.648229
3,8,3,5,0,5,2026-07-30T14:25:03.714100
3,8,4,5,0,5,2026-07-30T14:25:05.607451
3,8,5,5,0,5,2026-07-30T14:25:07.028509
3,8,6,5,0,5,2026-07-30T14:25:08.274270
3,8,7,5,0,5,2026-07-30T14:25:09.924100
3,8,8,5,0,5,2026-07-30T14:25:11.374738
3,8,9,5,0,5,2026-07-30T14:25:12.400411
3,8,10,5,0,5,2026-07-30T14:25:13.456291
3,9,1,5,0,5,2026-07-30T14:25:14.918216
3,9,2,5,0,5,2026-07-30T14:25:15.957961
3,9,3,5,0,5,2026-07-30T14:25:17.623668
3,9,4,5,0,5,2026-07-30T14:25:19.494888
3,9,5,5,0,5,2026-07-30T14:25:20.548725
3,9,6,5,0,5,2026-07-30T14:25:22.397269
3,9,7,5,0,5,2026-07-30T14:25:23.850360
3,9,8,5,0,5,2026-07-30T14:25:25.722379
3,9,9,5,0,5,2026-07-30T14:25:26.973352
3,9,10,5,0,5,2026-07-30T14:25:28.845903
3,10,1,0,0,0,2026-07-30T14:25:30.298297
3,10,2,5,0,5,2026-07-30T14:25:31.558476
3,10,3,0,0,0,2026-07-30T14:25:32.605631
3,10,4,0,0,0,2026-07-30T14:25:33.821224
3,10,5,0,0,0,2026-07-30T14:25:35.669615
3,10,6,5,0,5,2026-07-30T14:25:37.555349
3,10,7,0,0,0,2026-07-30T14:25:39.424361
3,10,8,5,0,5,2026-07-30T14:25:40.696504
3,10,9,0,0,0,2026-07-30T14:25:42.766949
3,10,10,0,0,0,2026-07-30T14:25:44.007624
3,11,1,5,0,5,2026-07-30T14:25:45.057128
3,11,2,5,0,5,2026-07-30T14:25:46.707674
3,11,3,5,0,5,2026-07-30T14:25:47.765782
3,11,4,5,0,5,2026-07-30T14:25:48.913627
3,11,5,5,0,5,2026-07-30T14:25:50.776533
3,11,6,5,0,5,2026-07-30T14:25:52.051520
3,11,7,5,0,5,2026-07-30T14:25:53.497177
3,11,8,5,0,5,2026-07-30T14:25:55.157656
3,11,9,5,0,5,2026-07-30T14:25:56.638429
3,11,10,5,0,5,2026-07-30T14:25:58.472791
3,12,1,5,0,5,2026-07-30T14:26:00.114465
3,12,2,5,0,5,2026-07-30T14:26:01.134227
3,12,3,5,0,5,2026-07-30T14:26:02.587969
3,12,4,5,0,5,2026-07-30T14:26:04.199195
3,12,5,5,0,5,2026-07-30T14:26:05.633504
3,12,6,5,0,5,2026-07-30T14:26:07.501252
3,12,7,5,0,5,2026-07-30T14:26:09.351520
3,12,8,5,0,5,2026-07-30T14:26:10.784649
3,12,9,5,0,5,2026-07-30T14:26:12.254960
3,12,10,5,0,5,2026-07-30T14:26:13.492231
3,13,1,5,0,5,2026-07-30T14:26:15.145911
3,13,2,5,0,5,2026-07-30T14:26:16.862444
3,13,3,5,0,5,2026-07-30T14:26:18.918723
3,13,4,5,0,5,2026-07-30T14:26:20.571023
3,13,5,5,0,5,2026-07-30T14:26:22.234027
3,13,6,5,0,5,2026-07-30T14:26:23.484951
3,13,7,5,0,5,2026-07-30T14:26:25.526728
3,13,8,5,0,5,2026-07-30T14:26:26.793339
3,13,9,5,0,5,2026-07-30T14:26:28.238865
3,13,10,3,0,3,2026-07-30T14:26:29.891336
3,14,1,5,0,5,2026-07-30T14:26:31.150722
3,14,2,5,0,5,2026-07-30T14:26:33.209878
3,14,3,5,0,5,2026-07-30T14:26:34.462471
3,14,4,5,0,5,2026-07-30T14:26:36.105182
3,14,5,5,0,5,2026-07-30T14:26:37.559561
3,14,6,5,0,5,2026-07-30T14:26:39.454520
3,14,7,5,0,5,2026-07-30T14:26:40.702601
3,14,8,5,0,5,2026-07-30T14:26:41.757966
3,14,9,5,0,5,2026-07-30T14:26:43.631311
3,14,10,5,0,5,2026-07-30T14:26:45.473435
3,15,1,5,0,5,2026-07-30T14:26:46.551313
3,15,2,5,0,5,2026-07-30T14:26:47.505268
3,15,3,5,0,5,2026-07-30T14:26:48.747302
3,15,4,5,0,5,2026-07-30T14:26:49.991122
3,15,5,5,0,5,2026-07-30T14:26:51.225798
3,15,6,5,0,5,2026-07-30T14:26:52.477483
3,15,7,5,0,5,2026-07-30T14:26:54.133580
3,15,8,5,0,5,2026-07-30T14:26:55.389317
3,15,9,5,0,5,2026-07-30T14:26:56.648435
3,15,10,5,0,5,2026-07-30T14:26:57.697324
3,16,1,5,0,5,2026-07-30T14:26:58.769399
3,16,2,5,0,5,2026-07-30T14:26:59.999199
3,16,3,5,0,5,2026-07-30T14:27:01.844165
3,16,4,5,0,5,2026-07-30T14:27:03.708119
3,16,5,5,0,5,2026-07-30T14:27:05.157334
3,16,6,5,0,5,2026-07-30T14:27:06.216220
3,16,7,5,0,5,2026-07-30T14:27:08.093009
3,16,8,5,0,5,2026-07-30T14:27:09.532330
3,16,9,5,0,5,2026-07-30T14:27:11.000373
3,16,10,5,0,5,2026-07-30T14:27:13.041334
3,17,1,5,0,5,2026-07-30T14:27:14.295280
3,17,2,5,0,5,2026-07-30T14:27:15.359340
3,17,3,5,0,5,2026-07-30T14:27:16.800205
3,17,4,5,0,5,2026-07-30T14:27:18.052612
3,17,5,5,0,5,2026-07-30T14:27:20.304325
3,17,6,5,0,5,2026-07-30T14:27:21.541055
3,17,7,5,0,5,2026-07-30T14:27:23.186118
3,17,8,5,0,5,2026-07-30T14:27:24.435066
3,17,9,5,0,5,2026-07-30T14:27:25.476157
3,17,10,5,0,5,2026-07-30T14:27:26.517809
3,18,1,5,0,5,2026-07-30T14:27:28.180892
3,18,2,5,0,5,2026-07-30T14:27:29.209808
3,18,3,5,0,5,2026-07-30T14:27:30.439330
3,18,4,5,0,5,2026-07-30T14:27:31.916432
3,18,5,5,0,5,2026-07-30T14:27:33.164932
3,18,6,5,0,5,2026-07-30T14:27:34.416336
3,18,7,5,0,5,2026-07-30T14:27:35.858767
3,18,8,5,0,5,2026-07-30T14:27:37.101550
3,18,9,5,0,5,2026-07-30T14:27:38.945078
3,18,10,5,0,5,2026-07-30T14:27:39.993678
3,19,1,5,0,5,2026-07-30T14:27:41.861767
3,19,2,5,0,5,2026-07-30T14:27:43.132198
3,19,3,5,0,5,2026-07-30T14:27:44.780401
3,19,4,5,0,5,2026-07-30T14:27:46.049012
3,19,5,5,0,5,2026-07-30T14:27:47.096081
3,19,6,5,0,5,2026-07-30T14:27:48.342867
3,19,7,5,0,5,2026-07-30T14:27:49.607841
3,19,8,5,0,5,2026-07-30T14:27:51.256948
3,19,9,5,0,5,2026-07-30T14:27:52.512502
3,19,10,5,0,5,2026-07-30T14:27:54.161843
3,20,1,5,0,5,2026-07-30T14:27:55.830760
3,20,2,5,0,5,2026-07-30T14:27:57.069923
3,20,3,5,0,5,2026-07-30T14:27:58.687307
3,20,4,5,0,5,2026-07-30T14:28:00.149387
3,20,5,5,0,5,2026-07-30T14:28:01.600781
3,20,6,5,0,5,2026-07-30T14:28:02.835036
3,20,7,5,0,5,2026-07-30T14:28:04.272063
3,20,8,5,0,5,2026-07-30T14:28:06.231719
3,20,9,5,0,5,2026-07-30T14:28:07.680436
3,20,10,5,0,5,2026-07-30T14:28:08.729383
3,21,1,5,0,5,2026-07-30T14:28:10.368481
3,21,2,5,0,5,2026-07-30T14:28:12.217103
3,21,3,5,0,5,2026-07-30T14:28:13.862564
3,21,4,5,0,5,2026-07-30T14:28:15.320011
3,21,5,5,0,5,2026-07-30T14:28:16.760470
3,21,6,5,0,5,2026-07-30T14:28:18.617441
3,21,7,5,0,5,2026-07-30T14:28:20.066330
3,21,8,5,0,5,2026-07-30T14:28:21.504098
3,21,9,5,0,5,2026-07-30T14:28:22.759351
3,21,10,5,0,5,2026-07-30T14:28:23.993326
3,22,1,5,0,5,2026-07-30T14:28:25.869981
3,22,2,5,0,5,2026-07-30T14:28:27.544686
3,22,3,5,0,5,2026-07-30T14:28:29.378919
3,22,4,5,0,5,2026-07-30T14:28:31.020315
3,22,5,5,0,5,2026-07-30T14:28:32.442833
3,22,6,5,0,5,2026-07-30T14:28:33.899522
3,22,7,5,0,5,2026-07-30T14:28:35.564823
3,22,8,5,0,5,2026-07-30T14:28:37.428019
3,22,9,5,0,5,2026-07-30T14:28:39.077607
3,22,10,5,0,5,2026-07-30T14:28:40.125609
3,23,1,5,0,5,2026-07-30T14:28:41.773481
3,23,2,5,0,5,2026-07-30T14:28:43.826081
3,23,3,5,0,5,2026-07-30T14:28:45.293407
3,23,4,5,0,5,2026-07-30T14:28:46.546356
3,23,5,5,0,5,2026-07-30T14:28:47.599261
3,23,6,5,0,5,2026-07-30T14:28:48.653752
3,23,7,5,0,5,2026-07-30T14:28:49.906525
3,23,8,5,0,5,2026-07-30T14:28:51.162468
3,23,9,5,0,5,2026-07-30T14:28:52.811335
3,23,10,5,0,5,2026-07-30T14:28:54.248864
3,24,1,5,0,5,2026-07-30T14:28:55.506229
3,24,2,5,0,5,2026-07-30T14:28:57.161151
3,24,3,5,0,5,2026-07-30T14:28:58.827286
3,24,4,5,0,5,2026-07-30T14:29:00.279347
3,24,5,5,0,5,2026-07-30T14:29:01.936038
3,24,6,5,0,5,2026-07-30T14:29:03.416181
3,24,7,5,0,5,2026-07-30T14:29:04.459074
3,24,8,5,0,5,2026-07-30T14:29:06.314461
3,24,9,5,0,5,2026-07-30T14:29:07.350545
3,24,10,5,0,5,2026-07-30T14:29:08.591927
3,25,1,5,0,5,2026-07-30T14:29:10.053736
3,25,2,4,0,4,2026-07-30T14:29:11.508296
3,25,3,5,0,5,2026-07-30T14:29:12.556267
3,25,4,5,0,5,2026-07-30T14:29:13.633619
3,25,5,3,0,3,2026-07-30T14:29:15.112029
3,25,6,4,0,4,2026-07-30T14:29:16.582142
3,25,7,5,0,5,2026-07-30T14:29:18.460386
3,25,8,5,0,5,2026-07-30T14:29:20.162452
3,25,9,5,0,5,2026-07-30T14:29:21.409168
3,25,10,5,0,5,2026-07-30T14:29:23.267558
3,26,1,5,0,5,2026-07-30T14:29:24.696540
3,26,2,5,0,5,2026-07-30T14:29:25.947759
3,26,3,5,0,5,2026-07-30T14:29:27.175657
3,26,4,5,0,5,2026-07-30T14:29:28.635751
3,26,5,5,0,5,2026-07-30T14:29:30.274927
3,26,6,5,0,5,2026-07-30T14:29:31.328509
3,26,7,5,0,5,2026-07-30T14:29:32.789612
3,26,8,5,0,5,2026-07-30T14:29:33.830834
3,26,9,5,0,5,2026-07-30T14:29:35.672070
3,26,10,5,0,5,2026-07-30T14:29:36.914506
3,27,1,5,0,5,2026-07-30T14:29:37.956605
3,27,2,5,0,5,2026-07-30T14:29:39.404905
3,27,3,5,0,5,2026-07-30T14:29:41.051933
3,27,4,5,0,5,2026-07-30T14:29:42.294313
3,27,5,5,0,5,2026-07-30T14:29:44.346681
3,27,6,5,0,5,2026-07-30T14:29:46.203065
3,27,7,5,0,5,2026-07-30T14:29:47.630532
3,27,8,5,0,5,2026-07-30T14:29:49.285903
3,27,9,5,0,5,2026-07-30T14:29:50.525310
3,27,10,5,0,5,2026-07-30T14:29:52.393183
3,28,1,5,0,5,2026-07-30T14:29:53.615155
3,28,2,5,0,5,2026-07-30T14:29:54.851661
3,28,3,5,0,5,2026-07-30T14:29:56.499380
3,28,4,5,0,5,2026-07-30T14:29:58.054906
3,28,5,5,0,5,2026-07-30T14:29:59.901085
3,28,6,5,0,5,2026-07-30T14:30:01.112131
3,28,7,5,0,5,2026-07-30T14:30:02.972724
3,28,8,5,0,5,2026-07-30T14:30:05.037906
3,28,9,5,0,5,2026-07-30T14:30:06.107732
3,28,10,5,0,5,2026-07-30T14:30:07.538635
3,29,1,5,0,5,2026-07-30T14:30:09.218630
3,29,2,5,0,5,2026-07-30T14:30:10.686633
3,29,3,5,0,5,2026-07-30T14:30:11.940482
3,29,4,5,0,5,2026-07-30T14:30:13.176534
3,29,5,5,0,5,2026-07-30T14:30:14.611580
3,29,6,5,0,5,2026-07-30T14:30:16.262807
3,29,7,5,0,5,2026-07-30T14:30:17.489965
3,29,8,5,0,5,2026-07-30T14:30:19.314519
3,29,9,5,0,5,2026-07-30T14:30:20.969069
3,29,10,5,0,5,2026-07-30T14:30:22.219484
3,30,1,5,0,5,2026-07-30T14:30:23.837341
3,30,2,5,0,5,2026-07-30T14:30:24.892617
3,30,3,5,0,5,2026-07-30T14:30:26.771107
3,30,4,5,0,5,2026-07-30T14:30:28.620990
3,30,5,5,0,5,2026-07-30T14:30:29.668934
3,30,6,5,0,5,2026-07-30T14:30:30.726862
3,30,7,5,0,5,2026-07-30T14:30:32.387499
3,30,8,5,0,5,2026-07-30T14:30:33.424107
3,30,9,5,0,5,2026-07-30T14:30:34.697659
3,30,10,5,0,5,2026-07-30T14:30:36.372395
4,1,1,5,0,5,2026-07-30T14:30:37.628059
4,1,2,5,0,5,2026-07-30T14:30:39.094928
4,1,3,5,0,5,2026-07-30T14:30:40.933156
4,1,4,5,0,5,2026-07-30T14:30:42.387211
4,1,5,5,0,5,2026-07-30T14:30:43.441883
4,1,6,5,0,5,2026-07-30T14:30:44.683202
4,1,7,5,0,5,2026-07-30T14:30:45.737589
4,1,8,5,0,5,2026-07-30T14:30:47.591883
4,1,9,5,0,5,2026-07-30T14:30:49.457458
4,1,10,5,0,5,2026-07-30T14:30:50.917802
4,2,1,5,0,5,2026-07-30T14:30:52.782245
4,2,2,5,0,5,2026-07-30T14:30:54.018267
4,2,3,5,0,5,2026-07-30T14:30:55.298055
4,2,4,5,0,5,2026-07-30T14:30:56.542268
4,2,5,5,0,5,2026-07-30T14:30:58.398014
4,2,6,5,0,5,2026-07-30T14:31:00.245833
4,2,7,5,0,5,2026-07-30T14:31:01.291306
4,2,8,5,0,5,2026-07-30T14:31:02.938035
4,2,9,5,0,5,2026-07-30T14:31:04.582494
4,2,10,5,0,5,2026-07-30T14:31:05.630309
4,3,1,5,0,5,2026-07-30T14:31:06.669568
4,3,2,5,0,5,2026-07-30T14:31:08.530087
4,3,3,5,0,5,2026-07-30T14:31:10.189504
4,3,4,5,0,5,2026-07-30T14:31:11.233728
4,3,5,5,0,5,2026-07-30T14:31:12.484761
4,3,6,5,0,5,2026-07-30T14:31:14.153319
4,3,7,5,0,5,2026-07-30T14:31:15.597860
4,3,8,5,0,5,2026-07-30T14:31:17.653125
4,3,9,5,0,5,2026-07-30T14:31:18.953717
4,3,10,5,0,5,2026-07-30T14:31:20.398905
4,4,1,5,0,5,2026-07-30T14:31:21.652692
4,4,2,5,0,5,2026-07-30T14:31:23.520934
4,4,3,5,0,5,2026-07-30T14:31:24.549920
4,4,4,5,0,5,2026-07-30T14:31:25.995467
4,4,5,5,0,5,2026-07-30T14:31:27.032479
4,4,6,5,0,5,2026-07-30T14:31:28.890161
4,4,7,5,0,5,2026-07-30T14:31:30.717185
4,4,8,5,0,5,2026-07-30T14:31:32.182466
4,4,9,5,0,5,2026-07-30T14:31:33.839742
4,4,10,5,0,5,2026-07-30T14:31:35.092041
4,5,1,5,0,5,2026-07-30T14:31:36.531949
4,5,2,5,0,5,2026-07-30T14:31:38.384662
4,5,3,5,0,5,2026-07-30T14:31:39.620412
4,5,4,5,0,5,2026-07-30T14:31:41.060863
4,5,5,5,0,5,2026-07-30T14:31:42.288170
4,5,6,5,0,5,2026-07-30T14:31:43.729760
4,5,7,5,0,5,2026-07-30T14:31:45.379853
4,5,8,5,0,5,2026-07-30T14:31:46.845922
4,5,9,5,0,5,2026-07-30T14:31:48.699705
4,5,10,5,0,5,2026-07-30T14:31:49.952119
4,6,1,5,0,5,2026-07-30T14:31:51.612498
4,6,2,5,0,5,2026-07-30T14:31:53.074094
4,6,3,5,0,5,2026-07-30T14:31:54.731948
4,6,4,5,0,5,2026-07-30T14:31:55.770108
4,6,5,5,0,5,2026-07-30T14:31:56.995603
4,6,6,5,0,5,2026-07-30T14:31:58.218671
4,6,7,5,0,5,2026-07-30T14:31:59.454464
4,6,8,5,0,5,2026-07-30T14:32:01.506274
4,6,9,5,0,5,2026-07-30T14:32:03.157720
4,6,10,5,0,5,2026-07-30T14:32:05.004279
4,7,1,5,0,5,2026-07-30T14:32:06.663300
4,7,2,5,0,5,2026-07-30T14:32:08.516324
4,7,3,5,0,5,2026-07-30T14:32:10.375498
4,7,4,5,0,5,2026-07-30T14:32:11.660036
4,7,5,5,0,5,2026-07-30T14:32:12.731521
4,7,6,5,0,5,2026-07-30T14:32:13.777217
4,7,7,5,0,5,2026-07-30T14:32:15.447496
4,7,8,5,0,5,2026-07-30T14:32:17.077586
4,7,9,5,0,5,2026-07-30T14:32:18.301932
4,7,10,5,0,5,2026-07-30T14:32:20.152391
4,8,1,5,0,5,2026-07-30T14:32:21.807328
4,8,2,5,0,5,2026-07-30T14:32:23.068915
4,8,3,5,0,5,2026-07-30T14:32:24.722698
4,8,4,5,0,5,2026-07-30T14:32:26.573773
4,8,5,5,0,5,2026-07-30T14:32:27.831794
4,8,6,5,0,5,2026-07-30T14:32:29.290515
4,8,7,5,0,5,2026-07-30T14:32:30.538828
4,8,8,5,0,5,2026-07-30T14:32:31.771396
4,8,9,5,0,5,2026-07-30T14:32:33.407918
4,8,10,5,0,5,2026-07-30T14:32:34.445008
4,9,1,5,0,5,2026-07-30T14:32:35.285776
4,9,2,5,0,5,2026-07-30T14:32:37.176140
4,9,3,5,0,5,2026-07-30T14:32:38.820048
4,9,4,5,0,5,2026-07-30T14:32:40.095838
4,9,5,5,0,5,2026-07-30T14:32:41.971978
4,9,6,5,0,5,2026-07-30T14:32:43.631561
4,9,7,5,0,5,2026-07-30T14:32:45.285262
4,9,8,5,0,5,2026-07-30T14:32:46.743283
4,9,9,5,0,5,2026-07-30T14:32:48.602339
4,9,10,5,0,5,2026-07-30T14:32:49.856626
4,10,1,0,0,0,2026-07-30T14:32:51.291618
4,10,2,5,0,5,2026-07-30T14:32:53.150090
4,10,3,5,0,5,2026-07-30T14:32:54.826964
4,10,4,5,0,5,2026-07-30T14:32:56.482366
4,10,5,5,0,5,2026-07-30T14:32:58.333570
4,10,6,0,0,0,2026-07-30T14:32:59.387893
4,10,7,5,0,5,2026-07-30T14:33:00.645199
4,10,8,5,0,5,2026-07-30T14:33:02.294169
4,10,9,5,0,5,2026-07-30T14:33:03.767038
4,10,10,5,0,5,2026-07-30T14:33:04.840507
4,11,1,5,0,5,2026-07-30T14:33:06.079811
4,11,2,5,0,5,2026-07-30T14:33:07.805302
4,11,3,5,0,5,2026-07-30T14:33:09.084633
4,11,4,5,0,5,2026-07-30T14:33:10.544653
4,11,5,5,0,5,2026-07-30T14:33:11.592941
4,11,6,5,0,5,2026-07-30T14:33:12.820885
4,11,7,5,0,5,2026-07-30T14:33:13.870309
4,11,8,5,0,5,2026-07-30T14:33:15.101745
4,11,9,5,0,5,2026-07-30T14:33:16.387090
4,11,10,5,0,5,2026-07-30T14:33:18.052325
4,12,1,5,0,5,2026-07-30T14:33:19.290292
4,12,2,5,0,5,2026-07-30T14:33:20.344384
4,12,3,5,0,5,2026-07-30T14:33:21.986005
4,12,4,5,0,5,2026-07-30T14:33:23.023133
4,12,5,5,0,5,2026-07-30T14:33:24.057622
4,12,6,5,0,5,2026-07-30T14:33:25.104370
4,12,7,5,0,5,2026-07-30T14:33:26.759370
4,12,8,5,0,5,2026-07-30T14:33:27.609875
4,12,9,5,0,5,2026-07-30T14:33:29.072648
4,12,10,5,0,5,2026-07-30T14:33:30.120373
4,13,1,5,0,5,2026-07-30T14:33:31.572548
4,13,2,5,0,5,2026-07-30T14:33:33.437555
4,13,3,5,0,5,2026-07-30T14:33:34.476094
4,13,4,5,0,5,2026-07-30T14:33:35.693116
4,13,5,5,0,5,2026-07-30T14:33:36.923454
4,13,6,5,0,5,2026-07-30T14:33:38.377831
4,13,7,5,0,5,2026-07-30T14:33:39.432662
4,13,8,5,0,5,2026-07-30T14:33:41.092105
4,13,9,5,0,5,2026-07-30T14:33:42.765136
4,13,10,5,0,5,2026-07-30T14:33:44.636240
4,14,1,5,0,5,2026-07-30T14:33:45.657069
4,14,2,5,0,5,2026-07-30T14:33:47.315970
4,14,3,5,0,5,2026-07-30T14:33:48.373320
4,14,4,5,0,5,2026-07-30T14:33:50.236207
4,14,5,5,0,5,2026-07-30T14:33:51.082286
4,14,6,5,0,5,2026-07-30T14:33:52.940263
4,14,7,5,0,5,2026-07-30T14:33:54.190220
4,14,8,5,0,5,2026-07-30T14:33:55.639719
4,14,9,5,0,5,2026-07-30T14:33:57.070421
4,14,10,5,0,5,2026-07-30T14:33:59.118549
4,15,1,5,0,5,2026-07-30T14:34:00.545737
4,15,2,5,0,5,2026-07-30T14:34:02.398553
4,15,3,5,0,5,2026-07-30T14:34:03.824215
4,15,4,5,0,5,2026-07-30T14:34:05.659262
4,15,5,5,0,5,2026-07-30T14:34:06.696263
4,15,6,5,0,5,2026-07-30T14:34:07.938225
4,15,7,5,0,5,2026-07-30T14:34:09.002045
4,15,8,5,0,5,2026-07-30T14:34:10.247423
4,15,9,5,0,5,2026-07-30T14:34:11.695187
4,15,10,5,0,5,2026-07-30T14:34:13.352743
4,16,1,5,0,5,2026-07-30T14:34:14.593094
4,16,2,5,0,5,2026-07-30T14:34:15.853117
4,16,3,5,0,5,2026-07-30T14:34:17.295832
4,16,4,5,0,5,2026-07-30T14:34:18.569279
4,16,5,5,0,5,2026-07-30T14:34:20.012137
4,16,6,5,0,5,2026-07-30T14:34:21.329550
4,16,7,5,0,5,2026-07-30T14:34:22.165118
4,16,8,5,0,5,2026-07-30T14:34:23.601700
4,16,9,5,0,5,2026-07-30T14:34:25.035499
4,16,10,5,0,5,2026-07-30T14:34:26.066246
4,17,1,5,0,5,2026-07-30T14:34:27.911412
4,17,2,5,0,5,2026-07-30T14:34:29.154164
4,17,3,5,0,5,2026-07-30T14:34:30.810474
4,17,4,5,0,5,2026-07-30T14:34:32.243950
4,17,5,5,0,5,2026-07-30T14:34:34.095558
4,17,6,5,0,5,2026-07-30T14:34:35.743216
4,17,7,5,0,5,2026-07-30T14:34:37.198758
4,17,8,5,0,5,2026-07-30T14:34:38.652018
4,17,9,5,0,5,2026-07-30T14:34:40.300837
4,17,10,5,0,5,2026-07-30T14:34:41.947349
4,18,1,5,0,5,2026-07-30T14:34:43.400651
4,18,2,5,0,5,2026-07-30T14:34:45.069150
4,18,3,5,0,5,2026-07-30T14:34:46.512475
4,18,4,5,0,5,2026-07-30T14:34:47.968886
4,18,5,5,0,5,2026-07-30T14:34:49.419935
4,18,6,5,0,5,2026-07-30T14:34:50.852246
4,18,7,5,0,5,2026-07-30T14:34:51.894231
4,18,8,5,0,5,2026-07-30T14:34:53.345342
4,18,9,5,0,5,2026-07-30T14:34:54.569820
4,18,10,5,0,5,2026-07-30T14:34:56.279064
4,19,1,5,0,5,2026-07-30T14:34:57.314934
4,19,2,5,0,5,2026-07-30T14:34:59.175711
4,19,3,5,0,5,2026-07-30T14:35:00.210986
4,19,4,5,0,5,2026-07-30T14:35:01.457149
4,19,5,5,0,5,2026-07-30T14:35:02.903121
4,19,6,5,0,5,2026-07-30T14:35:04.351470
4,19,7,5,0,5,2026-07-30T14:35:05.782533
4,19,8,5,0,5,2026-07-30T14:35:06.821366
4,19,9,5,0,5,2026-07-30T14:35:08.877793
4,19,10,5,0,5,2026-07-30T14:35:10.101722
4,20,1,5,0,5,2026-07-30T14:35:11.140956
4,20,2,5,0,5,2026-07-30T14:35:12.368995
4,20,3,5,0,5,2026-07-30T14:35:13.829383
4,20,4,5,0,5,2026-07-30T14:35:15.066953
4,20,5,5,0,5,2026-07-30T14:35:16.128658
4,20,6,5,0,5,2026-07-30T14:35:17.355328
4,20,7,5,0,5,2026-07-30T14:35:18.593417
4,20,8,5,0,5,2026-07-30T14:35:20.253313
4,20,9,3,0,3,2026-07-30T14:35:21.490312
4,20,10,5,0,5,2026-07-30T14:35:23.164871
4,21,1,5,0,5,2026-07-30T14:35:24.195390
4,21,2,5,0,5,2026-07-30T14:35:25.828765
4,21,3,5,0,5,2026-07-30T14:35:27.666155
4,21,4,5,0,5,2026-07-30T14:35:29.330718
4,21,5,5,0,5,2026-07-30T14:35:30.993350
4,21,6,5,0,5,2026-07-30T14:35:32.842580
4,21,7,5,0,5,2026-07-30T14:35:34.707350
4,21,8,5,0,5,2026-07-30T14:35:35.765959
4,21,9,5,0,5,2026-07-30T14:35:37.199243
4,21,10,5,0,5,2026-07-30T14:35:38.637776
4,22,1,5,0,5,2026-07-30T14:35:40.277245
4,22,2,5,0,5,2026-07-30T14:35:42.124992
4,22,3,5,0,5,2026-07-30T14:35:43.168425
4,22,4,5,0,5,2026-07-30T14:35:44.410642
4,22,5,5,0,5,2026-07-30T14:35:45.669200
4,22,6,5,0,5,2026-07-30T14:35:47.118919
4,22,7,5,0,5,2026-07-30T14:35:48.166229
4,22,8,5,0,5,2026-07-30T14:35:49.186046
4,22,9,5,0,5,2026-07-30T14:35:50.841260
4,22,10,5,0,5,2026-07-30T14:35:52.087016
4,23,1,5,0,5,2026-07-30T14:35:53.403334
4,23,2,5,0,5,2026-07-30T14:35:55.278278
4,23,3,5,0,5,2026-07-30T14:35:56.929788
4,23,4,5,0,5,2026-07-30T14:35:58.156795
4,23,5,5,0,5,2026-07-30T14:35:59.416705
4,23,6,5,0,5,2026-07-30T14:36:00.869936
4,23,7,5,0,5,2026-07-30T14:36:02.122927
4,23,8,5,0,5,2026-07-30T14:36:03.369035
4,23,9,5,0,5,2026-07-30T14:36:05.215926
4,23,10,5,0,5,2026-07-30T14:36:06.880750
4,24,1,5,0,5,2026-07-30T14:36:08.500278
4,24,2,5,0,5,2026-07-30T14:36:09.963168
4,24,3,5,0,5,2026-07-30T14:36:11.376515
4,24,4,5,0,5,2026-07-30T14:36:12.601153
4,24,5,5,0,5,2026-07-30T14:36:14.460799
4,24,6,5,0,5,2026-07-30T14:36:15.720059
4,24,7,5,0,5,2026-07-30T14:36:16.771017
4,24,8,5,0,5,2026-07-30T14:36:18.614320
4,24,9,5,0,5,2026-07-30T14:36:20.452702
4,24,10,5,0,5,2026-07-30T14:36:22.312799
4,25,1,5,0,5,2026-07-30T14:36:23.346364
4,25,2,4,0,4,2026-07-30T14:36:25.188241
4,25,3,5,0,5,2026-07-30T14:36:26.840441
4,25,4,5,0,5,2026-07-30T14:36:28.102240
4,25,5,5,0,5,2026-07-30T14:36:30.212371
4,25,6,5,0,5,2026-07-30T14:36:32.081478
4,25,7,5,0,5,2026-07-30T14:36:33.127149
4,25,8,5,0,5,2026-07-30T14:36:34.373946
4,25,9,5,0,5,2026-07-30T14:36:36.231256
4,25,10,5,0,5,2026-07-30T14:36:38.088890
4,26,1,5,0,5,2026-07-30T14:36:39.738841
4,26,2,5,0,5,2026-07-30T14:36:40.781059
4,26,3,5,0,5,2026-07-30T14:36:42.027700
4,26,4,5,0,5,2026-07-30T14:36:43.272647
4,26,5,0,0,0,2026-07-30T14:36:44.920920
4,26,6,5,0,5,2026-07-30T14:36:45.967392
4,26,7,5,0,5,2026-07-30T14:36:47.619029
4,26,8,5,0,5,2026-07-30T14:36:49.052090
4,26,9,0,0,0,2026-07-30T14:36:50.512876
4,26,10,5,0,5,2026-07-30T14:36:52.352208
4,27,1,5,0,5,2026-07-30T14:36:54.216601
4,27,2,5,0,5,2026-07-30T14:36:55.865658
4,27,3,5,0,5,2026-07-30T14:36:57.733261
4,27,4,5,0,5,2026-07-30T14:36:59.636267
4,27,5,5,0,5,2026-07-30T14:37:01.087547
4,27,6,5,0,5,2026-07-30T14:37:02.552551
4,27,7,5,0,5,2026-07-30T14:37:03.591632
4,27,8,5,0,5,2026-07-30T14:37:04.618040
4,27,9,5,0,5,2026-07-30T14:37:05.864104
4,27,10,5,0,5,2026-07-30T14:37:07.526137
4,28,1,5,0,5,2026-07-30T14:37:09.266138
4,28,2,5,0,5,2026-07-30T14:37:10.902040
4,28,3,5,0,5,2026-07-30T14:37:12.557508
4,28,4,5,0,5,2026-07-30T14:37:14.423688
4,28,5,5,0,5,2026-07-30T14:37:16.273702
4,28,6,5,0,5,2026-07-30T14:37:17.567142
4,28,7,5,0,5,2026-07-30T14:37:19.616869
4,28,8,5,0,5,2026-07-30T14:37:20.863855
4,28,9,5,0,5,2026-07-30T14:37:22.088063
4,28,10,4,0,4,2026-07-30T14:37:23.518493
4,29,1,5,0,5,2026-07-30T14:37:24.773247
4,29,2,5,0,5,2026-07-30T14:37:26.444572
4,29,3,5,0,5,2026-07-30T14:37:28.106148
4,29,4,5,0,5,2026-07-30T14:37:29.850560
4,29,5,5,0,5,2026-07-30T14:37:31.503445
4,29,6,5,0,5,2026-07-30T14:37:32.563846
4,29,7,5,0,5,2026-07-30T14:37:34.435195
4,29,8,5,0,5,2026-07-30T14:37:35.876647
4,29,9,5,0,5,2026-07-30T14:37:37.335234
4,29,10,5,0,5,2026-07-30T14:37:38.415564
4,30,1,5,0,5,2026-07-30T14:37:40.071435
4,30,2,5,0,5,2026-07-30T14:37:41.325811
4,30,3,5,0,5,2026-07-30T14:37:42.579460
4,30,4,5,0,5,2026-07-30T14:37:44.618822
4,30,5,5,0,5,2026-07-30T14:37:46.052589
4,30,6,5,0,5,2026-07-30T14:37:47.491493
4,30,7,5,0,5,2026-07-30T14:37:49.126360
4,30,8,5,0,5,2026-07-30T14:37:50.367409
4,30,9,5,0,5,2026-07-30T14:37:51.412142
4,30,10,5,0,5,2026-07-30T14:37:52.473458
5,1,1,0,0,0,2026-07-30T14:37:54.335277
5,1,2,0,0,0,2026-07-30T14:37:55.569821
5,1,3,5,0,5,2026-07-30T14:37:56.624805
5,1,4,0,0,0,2026-07-30T14:37:58.091060
5,1,5,5,0,5,2026-07-30T14:37:59.350788
5,1,6,5,0,5,2026-07-30T14:38:00.592666
5,1,7,5,0,5,2026-07-30T14:38:02.660508
5,1,8,0,0,0,2026-07-30T14:38:03.921494
5,1,9,5,0,5,2026-07-30T14:38:05.164673
5,1,10,5,0,5,2026-07-30T14:38:07.019850
5,2,1,5,0,5,2026-07-30T14:38:08.262485
5,2,2,5,0,5,2026-07-30T14:38:09.500526
5,2,3,5,0,5,2026-07-30T14:38:10.965893
5,2,4,5,0,5,2026-07-30T14:38:12.211547
5,2,5,5,0,5,2026-07-30T14:38:13.263499
5,2,6,5,0,5,2026-07-30T14:38:14.512656
5,2,7,5,0,5,2026-07-30T14:38:16.184804
5,2,8,5,0,5,2026-07-30T14:38:17.833195
5,2,9,5,0,5,2026-07-30T14:38:19.289457
5,2,10,5,0,5,2026-07-30T14:38:21.132994
5,3,1,5,0,5,2026-07-30T14:38:22.383578
5,3,2,0,0,0,2026-07-30T14:38:24.042364
5,3,3,5,0,5,2026-07-30T14:38:25.095418
5,3,4,5,0,5,2026-07-30T14:38:26.122103
5,3,5,5,0,5,2026-07-30T14:38:27.368151
5,3,6,5,0,5,2026-07-30T14:38:29.243128
5,3,7,5,0,5,2026-07-30T14:38:30.885732
5,3,8,3,0,3,2026-07-30T14:38:32.544495
5,3,9,3,0,3,2026-07-30T14:38:36.734031
5,3,10,5,0,5,2026-07-30T14:38:49.555226
5,4,1,0,0,0,2026-07-30T14:38:51.001802
5,4,2,0,0,0,2026-07-30T14:38:52.663919
5,4,3,0,0,0,2026-07-30T14:38:54.341132
5,4,4,0,0,0,2026-07-30T14:38:56.202420
5,4,5,0,0,0,2026-07-30T14:38:57.657776
5,4,6,0,0,0,2026-07-30T14:38:58.903698
5,4,7,0,0,0,2026-07-30T14:39:00.179177
5,4,8,0,0,0,2026-07-30T14:39:02.066067
5,4,9,0,0,0,2026-07-30T14:39:03.327559
5,4,10,0,0,0,2026-07-30T14:39:05.163638
5,5,1,0,0,0,2026-07-30T14:39:07.018817
5,5,2,0,0,0,2026-07-30T14:39:08.236615
5,5,3,0,0,0,2026-07-30T14:39:09.469871
5,5,4,0,0,0,2026-07-30T14:39:10.699380
5,5,5,0,0,0,2026-07-30T14:39:12.775188
5,5,6,0,0,0,2026-07-30T14:39:14.023977
5,5,7,0,0,0,2026-07-30T14:39:15.860819
5,5,8,0,0,0,2026-07-30T14:39:17.699526
5,5,9,0,0,0,2026-07-30T14:39:18.757051
5,5,10,0,0,0,2026-07-30T14:39:20.005882
5,6,1,5,0,5,2026-07-30T14:39:21.255559
5,6,2,5,0,5,2026-07-30T14:39:22.717301
5,6,3,0,0,0,2026-07-30T14:39:23.795924
5,6,4,0,0,0,2026-07-30T14:39:25.642341
5,6,5,5,0,5,2026-07-30T14:39:27.511934
5,6,6,0,0,0,2026-07-30T14:39:28.996291
5,6,7,0,0,0,2026-07-30T14:39:30.050339
5,6,8,0,0,0,2026-07-30T14:39:31.115270
5,6,9,0,0,0,2026-07-30T14:39:32.592427
5,6,10,0,0,0,2026-07-30T14:39:33.854559
5,7,1,5,0,5,2026-07-30T14:39:35.509161
5,7,2,5,0,5,2026-07-30T14:39:37.189901
5,7,3,5,0,5,2026-07-30T14:39:38.873710
5,7,4,5,0,5,2026-07-30T14:39:40.345128
5,7,5,5,0,5,2026-07-30T14:39:41.618014
5,7,6,5,0,5,2026-07-30T14:39:43.286620
5,7,7,5,0,5,2026-07-30T14:39:44.759678
5,7,8,5,0,5,2026-07-30T14:39:46.430906
5,7,9,5,0,5,2026-07-30T14:39:48.324732
5,7,10,5,0,5,2026-07-30T14:39:50.004878
5,8,1,0,0,0,2026-07-30T14:39:51.687434
5,8,2,0,0,0,2026-07-30T14:39:53.157367
5,8,3,0,0,0,2026-07-30T14:39:54.214355
5,8,4,0,0,0,2026-07-30T14:39:56.175540
5,8,5,0,0,0,2026-07-30T14:39:58.358103
5,8,6,0,0,0,2026-07-30T14:39:59.416744
5,8,7,0,0,0,2026-07-30T14:40:00.869930
5,8,8,0,0,0,2026-07-30T14:40:01.956191
5,8,9,0,0,0,2026-07-30T14:40:02.993788
5,8,10,0,0,0,2026-07-30T14:40:04.448002
5,9,1,0,0,0,2026-07-30T14:40:06.336031
5,9,2,0,0,0,2026-07-30T14:40:07.804427
5,9,3,0,0,0,2026-07-30T14:40:08.846292
5,9,4,0,0,0,2026-07-30T14:40:10.498450
5,9,5,0,0,0,2026-07-30T14:40:11.771698
5,9,6,0,0,0,2026-07-30T14:40:13.059517
5,9,7,0,0,0,2026-07-30T14:40:14.517673
5,9,8,0,0,0,2026-07-30T14:40:15.807847
5,9,9,0,0,0,2026-07-30T14:40:17.070545
5,9,10,0,0,0,2026-07-30T14:40:18.490496
5,10,1,0,0,0,2026-07-30T14:40:19.547646
5,10,2,0,0,0,2026-07-30T14:40:20.821643
5,10,3,0,0,0,2026-07-30T14:40:21.881949
5,10,4,0,0,0,2026-07-30T14:40:23.133848
5,10,5,0,0,0,2026-07-30T14:40:24.383771
5,10,6,0,0,0,2026-07-30T14:40:25.851751
5,10,7,0,0,0,2026-07-30T14:40:27.516573
5,10,8,0,0,0,2026-07-30T14:40:28.759240
5,10,9,0,0,0,2026-07-30T14:40:30.643097
5,10,10,0,0,0,2026-07-30T14:40:31.918918
5,11,1,0,0,0,2026-07-30T14:40:33.185813
5,11,2,0,0,0,2026-07-30T14:40:35.244528
5,11,3,0,0,0,2026-07-30T14:40:36.904599
5,11,4,0,0,0,2026-07-30T14:40:38.473269
5,11,5,0,0,0,2026-07-30T14:40:39.730768
5,11,6,0,0,0,2026-07-30T14:40:40.870770
5,11,7,0,0,0,2026-07-30T14:40:42.838734
5,11,8,0,0,0,2026-07-30T14:40:43.900642
5,11,9,0,0,0,2026-07-30T14:40:45.786499
5,11,10,0,0,0,2026-07-30T14:40:47.385283
5,12,1,5,0,5,2026-07-30T14:40:48.642526
5,12,2,5,0,5,2026-07-30T14:40:50.507051
5,12,3,5,0,5,2026-07-30T14:40:51.956169
5,12,4,5,0,5,2026-07-30T14:40:53.402910
5,12,5,5,0,5,2026-07-30T14:40:55.082203
5,12,6,5,0,5,2026-07-30T14:40:56.764569
5,12,7,5,0,5,2026-07-30T14:40:58.439650
5,12,8,5,0,5,2026-07-30T14:40:59.901243
5,12,9,5,0,5,2026-07-30T14:41:00.969156
5,12,10,5,0,5,2026-07-30T14:41:02.461731
5,13,1,0,0,0,2026-07-30T14:41:04.508796
5,13,2,0,0,0,2026-07-30T14:41:05.584711
5,13,3,0,0,0,2026-07-30T14:41:07.049119
5,13,4,0,0,0,2026-07-30T14:41:08.294529
5,13,5,0,0,0,2026-07-30T14:41:09.553712
5,13,6,0,0,0,2026-07-30T14:41:11.426265
5,13,7,0,0,0,2026-07-30T14:41:13.516080
5,13,8,0,0,0,2026-07-30T14:41:14.945015
5,13,9,0,0,0,2026-07-30T14:41:16.608888
5,13,10,0,0,0,2026-07-30T14:41:18.681558
5,14,1,5,0,5,2026-07-30T14:41:20.356543
5,14,2,5,0,5,2026-07-30T14:41:22.413954
5,14,3,5,0,5,2026-07-30T14:41:23.479414
5,14,4,5,0,5,2026-07-30T14:41:25.132177
5,14,5,5,0,5,2026-07-30T14:41:26.797095
5,14,6,5,0,5,2026-07-30T14:41:28.033602
5,14,7,5,0,5,2026-07-30T14:41:29.492553
5,14,8,5,0,5,2026-07-30T14:41:31.169101
5,14,9,5,0,5,2026-07-30T14:41:32.436190
5,14,10,5,0,5,2026-07-30T14:41:34.297567
5,15,1,0,0,0,2026-07-30T14:41:36.234983
5,15,2,0,0,0,2026-07-30T14:41:37.678611
5,15,3,0,0,0,2026-07-30T14:41:38.753590
5,15,4,0,0,0,2026-07-30T14:41:39.808845
5,15,5,0,0,0,2026-07-30T14:41:41.972060
5,15,6,0,0,0,2026-07-30T14:41:43.039511
5,15,7,0,0,0,2026-07-30T14:41:44.120344
5,15,8,0,0,0,2026-07-30T14:41:45.193354
5,15,9,0,0,0,2026-07-30T14:41:46.842632
5,15,10,0,0,0,2026-07-30T14:41:48.081616
5,16,1,5,0,5,2026-07-30T14:41:49.747664
5,16,2,5,0,5,2026-07-30T14:41:51.600607
5,16,3,5,0,5,2026-07-30T14:41:53.079175
5,16,4,5,0,5,2026-07-30T14:41:54.951526
5,16,5,5,0,5,2026-07-30T14:41:56.198183
5,16,6,5,0,5,2026-07-30T14:41:57.672217
5,16,7,5,0,5,2026-07-30T14:41:59.560388
5,16,8,5,0,5,2026-07-30T14:42:01.225060
5,16,9,5,0,5,2026-07-30T14:42:02.261086
5,16,10,5,0,5,2026-07-30T14:42:03.714988
5,17,1,5,0,5,2026-07-30T14:42:04.756670
5,17,2,5,0,5,2026-07-30T14:42:06.626610
5,17,3,5,0,5,2026-07-30T14:42:08.513292
5,17,4,5,0,5,2026-07-30T14:42:10.146326
5,17,5,5,0,5,2026-07-30T14:42:11.991035
5,17,6,5,0,5,2026-07-30T14:42:13.032123
5,17,7,5,0,5,2026-07-30T14:42:14.673134
5,17,8,5,0,5,2026-07-30T14:42:16.320373
5,17,9,5,0,5,2026-07-30T14:42:17.963132
5,17,10,5,0,5,2026-07-30T14:42:20.006421
5,18,1,5,0,5,2026-07-30T14:42:21.870181
5,18,2,5,0,5,2026-07-30T14:42:22.947202
5,18,3,5,0,5,2026-07-30T14:42:24.013343
5,18,4,5,0,5,2026-07-30T14:42:25.465313
5,18,5,5,0,5,2026-07-30T14:42:27.322605
5,18,6,5,0,5,2026-07-30T14:42:28.762803
5,18,7,5,0,5,2026-07-30T14:42:30.404954
5,18,8,5,0,5,2026-07-30T14:42:31.629817
5,18,9,5,0,5,2026-07-30T14:42:33.492624
5,18,10,5,0,5,2026-07-30T14:42:35.154186
5,19,1,5,0,5,2026-07-30T14:42:36.213849
5,19,2,5,0,5,2026-07-30T14:42:37.876618
5,19,3,5,0,5,2026-07-30T14:42:39.409488
5,19,4,5,0,5,2026-07-30T14:42:41.074687
5,19,5,5,0,5,2026-07-30T14:42:42.123305
5,19,6,5,0,5,2026-07-30T14:42:43.982546
5,19,7,5,0,5,2026-07-30T14:42:45.838882
5,19,8,5,0,5,2026-07-30T14:42:47.078697
5,19,9,5,0,5,2026-07-30T14:42:48.917487
5,19,10,5,0,5,2026-07-30T14:42:50.977640
5,20,1,5,0,5,2026-07-30T14:42:52.620261
5,20,2,5,0,5,2026-07-30T14:42:54.060961
5,20,3,5,0,5,2026-07-30T14:42:55.517750
5,20,4,5,0,5,2026-07-30T14:42:56.774833
5,20,5,5,0,5,2026-07-30T14:42:58.620728
5,20,6,5,0,5,2026-07-30T14:42:59.853067
5,20,7,5,0,5,2026-07-30T14:43:01.094171
5,20,8,5,0,5,2026-07-30T14:43:02.135527
5,20,9,5,0,5,2026-07-30T14:43:03.990369
5,20,10,5,0,5,2026-07-30T14:43:05.642043
5,21,1,5,0,5,2026-07-30T14:43:07.292505
5,21,2,5,0,5,2026-07-30T14:43:08.330682
5,21,3,5,0,5,2026-07-30T14:43:10.192828
5,21,4,5,0,5,2026-07-30T14:43:11.253745
5,21,5,5,0,5,2026-07-30T14:43:13.134855
5,21,6,5,0,5,2026-07-30T14:43:14.799751
5,21,7,5,0,5,2026-07-30T14:43:16.654939
5,21,8,5,0,5,2026-07-30T14:43:17.898638
5,21,9,5,0,5,2026-07-30T14:43:18.948240
5,21,10,5,0,5,2026-07-30T14:43:20.998225
5,22,1,5,0,5,2026-07-30T14:43:22.252098
5,22,2,5,0,5,2026-07-30T14:43:23.682971
5,22,3,5,0,5,2026-07-30T14:43:24.931355
5,22,4,5,0,5,2026-07-30T14:43:28.188267
5,22,5,5,0,5,2026-07-30T14:43:30.043915
5,22,6,5,0,5,2026-07-30T14:43:31.097486
5,22,7,5,0,5,2026-07-30T14:43:32.960514
5,22,8,5,0,5,2026-07-30T14:43:34.618966
5,22,9,5,0,5,2026-07-30T14:43:35.647061
5,22,10,5,0,5,2026-07-30T14:43:36.903811
5,23,1,5,0,5,2026-07-30T14:43:38.157685
5,23,2,5,0,5,2026-07-30T14:43:39.212076
5,23,3,5,0,5,2026-07-30T14:43:40.252424
5,23,4,5,0,5,2026-07-30T14:43:41.516376
5,23,5,5,0,5,2026-07-30T14:43:43.578748
5,23,6,5,0,5,2026-07-30T14:43:45.219475
5,23,7,5,0,5,2026-07-30T14:43:46.457032
5,23,8,5,0,5,2026-07-30T14:43:47.513421
5,23,9,5,0,5,2026-07-30T14:43:48.965953
5,23,10,5,0,5,2026-07-30T14:43:51.025475
5,24,1,5,0,5,2026-07-30T14:43:52.867940
5,24,2,5,0,5,2026-07-30T14:43:54.320929
5,24,3,5,0,5,2026-07-30T14:43:55.375972
5,24,4,5,0,5,2026-07-30T14:43:56.832836
5,24,5,5,0,5,2026-07-30T14:43:58.473745
5,24,6,5,0,5,2026-07-30T14:44:00.179873
5,24,7,5,0,5,2026-07-30T14:44:01.244026
5,24,8,5,0,5,2026-07-30T14:44:02.665100
5,24,9,5,0,5,2026-07-30T14:44:04.525714
5,24,10,5,0,5,2026-07-30T14:44:05.969535
5,25,1,0,0,0,2026-07-30T14:44:07.016650
5,25,2,0,0,0,2026-07-30T14:44:08.662550
5,25,3,0,0,0,2026-07-30T14:44:09.695080
5,25,4,0,0,0,2026-07-30T14:44:10.969445
5,25,5,0,0,0,2026-07-30T14:44:12.200287
5,25,6,0,0,0,2026-07-30T14:44:14.053177
5,25,7,0,0,0,2026-07-30T14:44:15.702613
5,25,8,0,0,0,2026-07-30T14:44:17.554874
5,25,9,0,0,0,2026-07-30T14:44:19.608642
5,25,10,0,0,0,2026-07-30T14:44:21.244494
5,26,1,5,0,5,2026-07-30T14:44:22.669095
5,26,2,5,0,5,2026-07-30T14:44:23.707014
5,26,3,5,0,5,2026-07-30T14:44:24.984977
5,26,4,5,0,5,2026-07-30T14:44:27.020048
5,26,5,5,0,5,2026-07-30T14:44:28.271213
5,26,6,5,0,5,2026-07-30T14:44:29.999551
5,26,7,5,0,5,2026-07-30T14:44:31.447759
5,26,8,5,0,5,2026-07-30T14:44:32.898665
5,26,9,5,0,5,2026-07-30T14:44:34.346702
5,26,10,5,0,5,2026-07-30T14:44:35.399727
5,27,1,5,0,5,2026-07-30T14:44:36.424244
5,27,2,5,0,5,2026-07-30T14:44:37.879279
5,27,3,5,0,5,2026-07-30T14:44:39.116071
5,27,4,5,0,5,2026-07-30T14:44:40.969026
5,27,5,5,0,5,2026-07-30T14:44:42.814218
5,27,6,5,0,5,2026-07-30T14:44:44.479654
5,27,7,5,0,5,2026-07-30T14:44:46.148281
5,27,8,5,0,5,2026-07-30T14:44:47.394491
5,27,9,5,0,5,2026-07-30T14:44:49.244194
5,27,10,5,0,5,2026-07-30T14:44:50.681434
5,28,1,5,0,5,2026-07-30T14:44:52.327328
5,28,2,5,0,5,2026-07-30T14:44:53.365927
5,28,3,5,0,5,2026-07-30T14:44:55.239167
5,28,4,5,0,5,2026-07-30T14:44:56.895505
5,28,5,5,0,5,2026-07-30T14:44:58.348265
5,28,6,5,0,5,2026-07-30T14:44:59.792066
5,28,7,5,0,5,2026-07-30T14:45:01.235797
5,28,8,5,0,5,2026-07-30T14:45:02.884190
5,28,9,5,0,5,2026-07-30T14:45:04.120761
5,28,10,5,0,5,2026-07-30T14:45:05.984374
5,29,1,5,0,5,2026-07-30T14:45:07.221858
5,29,2,5,0,5,2026-07-30T14:45:08.455768
5,29,3,5,0,5,2026-07-30T14:45:09.509031
5,29,4,5,0,5,2026-07-30T14:45:10.946424
5,29,5,5,0,5,2026-07-30T14:45:12.803486
5,29,6,5,0,5,2026-07-30T14:45:14.052917
5,29,7,5,0,5,2026-07-30T14:45:15.714520
5,29,8,5,0,5,2026-07-30T14:45:17.169815
5,29,9,5,0,5,2026-07-30T14:45:19.048907
5,29,10,5,0,5,2026-07-30T14:45:20.495513
5,30,1,5,0,5,2026-07-30T14:45:22.143937
5,30,2,5,0,5,2026-07-30T14:45:23.785650
5,30,3,5,0,5,2026-07-30T14:45:25.240629
5,30,4,5,0,5,2026-07-30T14:45:26.467703
5,30,5,5,0,5,2026-07-30T14:45:28.126384
5,30,6,5,0,5,2026-07-30T14:45:29.796024
5,30,7,5,0,5,2026-07-30T14:45:31.052354
5,30,8,5,0,5,2026-07-30T14:45:32.495681
5,30,9,5,0,5,2026-07-30T14:45:33.541441
5,30,10,5,0,5,2026-07-30T14:45:34.803448
6,1,1,5,0,5,2026-07-30T14:45:36.652205
6,1,2,5,0,5,2026-07-30T14:45:38.114565
6,1,3,5,0,5,2026-07-30T14:45:39.769573
6,1,4,5,0,5,2026-07-30T14:45:40.861011
6,1,5,5,0,5,2026-07-30T14:45:42.309974
6,1,6,5,0,5,2026-07-30T14:45:43.344812
6,1,7,5,0,5,2026-07-30T14:45:44.382333
6,1,8,5,0,5,2026-07-30T14:45:46.247425
6,1,9,5,0,5,2026-07-30T14:45:47.884055
6,1,10,5,0,5,2026-07-30T14:45:48.935729
6,2,1,5,0,5,2026-07-30T14:45:50.179817
6,2,2,5,0,5,2026-07-30T14:45:51.419310
6,2,3,5,0,5,2026-07-30T14:45:52.665240
6,2,4,5,0,5,2026-07-30T14:45:54.309680
6,2,5,5,0,5,2026-07-30T14:45:56.167102
6,2,6,5,0,5,2026-07-30T14:45:57.625257
6,2,7,5,0,5,2026-07-30T14:45:58.865764
6,2,8,5,0,5,2026-07-30T14:46:00.325368
6,2,9,5,0,5,2026-07-30T14:46:02.197745
6,2,10,5,0,5,2026-07-30T14:46:03.428611
6,3,1,5,0,5,2026-07-30T14:46:04.869013
6,3,2,5,0,5,2026-07-30T14:46:06.933999
6,3,3,5,0,5,2026-07-30T14:46:09.024550
6,3,4,5,0,5,2026-07-30T14:46:10.097405
6,3,5,5,0,5,2026-07-30T14:46:11.742379
6,3,6,5,0,5,2026-07-30T14:46:13.191470
6,3,7,5,0,5,2026-07-30T14:46:14.864561
6,3,8,5,0,5,2026-07-30T14:46:16.107430
6,3,9,5,0,5,2026-07-30T14:46:18.158007
6,3,10,5,0,5,2026-07-30T14:46:20.011497
6,4,1,5,0,5,2026-07-30T14:46:21.850230
6,4,2,5,0,5,2026-07-30T14:46:22.915192
6,4,3,0,0,0,2026-07-30T14:46:24.144978
6,4,4,0,0,0,2026-07-30T14:46:26.180603
6,4,5,5,0,5,2026-07-30T14:46:27.639127
6,4,6,5,0,5,2026-07-30T14:46:29.297158
6,4,7,5,0,5,2026-07-30T14:46:30.731750
6,4,8,0,0,0,2026-07-30T14:46:32.169755
6,4,9,0,0,0,2026-07-30T14:46:34.016226
6,4,10,5,0,5,2026-07-30T14:46:35.083092
6,5,1,5,0,5,2026-07-30T14:46:36.321801
6,5,2,5,0,5,2026-07-30T14:46:38.182347
6,5,3,5,0,5,2026-07-30T14:46:39.220972
6,5,4,5,0,5,2026-07-30T14:46:40.526096
6,5,5,0,0,0,2026-07-30T14:46:41.561608
6,5,6,5,0,5,2026-07-30T14:46:43.439335
6,5,7,5,0,5,2026-07-30T14:46:44.676651
6,5,8,5,0,5,2026-07-30T14:46:45.719886
6,5,9,5,0,5,2026-07-30T14:46:47.592455
6,5,10,5,0,5,2026-07-30T14:46:49.021985
6,6,1,5,0,5,2026-07-30T14:46:50.528461
6,6,2,5,0,5,2026-07-30T14:46:52.222750
6,6,3,5,0,5,2026-07-30T14:46:53.458512
6,6,4,5,0,5,2026-07-30T14:46:54.928838
6,6,5,5,0,5,2026-07-30T14:46:56.560981
6,6,6,5,0,5,2026-07-30T14:46:58.006480
6,6,7,5,0,5,2026-07-30T14:46:59.254112
6,6,8,5,0,5,2026-07-30T14:47:01.103162
6,6,9,5,0,5,2026-07-30T14:47:02.381305
6,6,10,5,0,5,2026-07-30T14:47:04.251167
6,7,1,5,0,5,2026-07-30T14:47:05.896766
6,7,2,5,0,5,2026-07-30T14:47:07.361563
6,7,3,5,0,5,2026-07-30T14:47:08.812160
6,7,4,5,0,5,2026-07-30T14:47:10.636946
6,7,5,5,0,5,2026-07-30T14:47:12.674052
6,7,6,5,0,5,2026-07-30T14:47:14.537510
6,7,7,5,0,5,2026-07-30T14:47:16.413649
6,7,8,5,0,5,2026-07-30T14:47:18.285304
6,7,9,5,0,5,2026-07-30T14:47:20.135377
6,7,10,5,0,5,2026-07-30T14:47:21.778205
6,8,1,5,0,5,2026-07-30T14:47:23.434007
6,8,2,5,0,5,2026-07-30T14:47:24.449576
6,8,3,5,0,5,2026-07-30T14:47:25.493641
6,8,4,5,0,5,2026-07-30T14:47:27.153350
6,8,5,5,0,5,2026-07-30T14:47:28.998885
6,8,6,5,0,5,2026-07-30T14:47:30.047828
6,8,7,5,0,5,2026-07-30T14:47:31.712705
6,8,8,5,0,5,2026-07-30T14:47:32.763183
6,8,9,5,0,5,2026-07-30T14:47:34.409837
6,8,10,5,0,5,2026-07-30T14:47:36.284514
6,9,1,5,0,5,2026-07-30T14:47:37.942762
6,9,2,5,0,5,2026-07-30T14:47:39.194063
6,9,3,5,0,5,2026-07-30T14:47:40.238199
6,9,4,5,0,5,2026-07-30T14:47:41.481239
6,9,5,5,0,5,2026-07-30T14:47:43.339496
6,9,6,2,0,2,2026-07-30T14:47:44.993346
6,9,7,5,0,5,2026-07-30T14:47:46.649691
6,9,8,5,0,5,2026-07-30T14:47:47.898642
6,9,9,5,0,5,2026-07-30T14:47:49.148415
6,9,10,5,0,5,2026-07-30T14:47:51.001952
6,10,1,5,0,5,2026-07-30T14:47:52.456543
6,10,2,5,0,5,2026-07-30T14:47:53.698435
6,10,3,5,0,5,2026-07-30T14:47:55.355371
6,10,4,5,0,5,2026-07-30T14:47:56.812194
6,10,5,5,0,5,2026-07-30T14:47:58.264866
6,10,6,5,0,5,2026-07-30T14:47:59.499327
6,10,7,5,0,5,2026-07-30T14:48:01.365484
6,10,8,5,0,5,2026-07-30T14:48:03.071053
6,10,9,5,0,5,2026-07-30T14:48:04.533698
6,10,10,5,0,5,2026-07-30T14:48:06.181731
6,11,1,5,0,5,2026-07-30T14:48:08.033508
6,11,2,5,0,5,2026-07-30T14:48:09.882450
6,11,3,5,0,5,2026-07-30T14:48:11.743075
6,11,4,5,0,5,2026-07-30T14:48:13.206321
6,11,5,5,0,5,2026-07-30T14:48:15.055085
6,11,6,5,0,5,2026-07-30T14:48:16.490461
6,11,7,5,0,5,2026-07-30T14:48:18.147893
6,11,8,5,0,5,2026-07-30T14:48:19.391813
6,11,9,5,0,5,2026-07-30T14:48:20.623894
6,11,10,5,0,5,2026-07-30T14:48:22.680284
6,12,1,5,0,5,2026-07-30T14:48:24.134858
6,12,2,5,0,5,2026-07-30T14:48:25.193933
6,12,3,5,0,5,2026-07-30T14:48:26.844126
6,12,4,5,0,5,2026-07-30T14:48:28.499222
6,12,5,5,0,5,2026-07-30T14:48:29.742089
6,12,6,5,0,5,2026-07-30T14:48:31.189710
6,12,7,5,0,5,2026-07-30T14:48:32.418279
6,12,8,5,0,5,2026-07-30T14:48:33.654141
6,12,9,5,0,5,2026-07-30T14:48:35.292222
6,12,10,5,0,5,2026-07-30T14:48:36.324625
6,13,1,5,0,5,2026-07-30T14:48:37.363385
6,13,2,5,0,5,2026-07-30T14:48:39.004859
6,13,3,5,0,5,2026-07-30T14:48:40.437524
6,13,4,5,0,5,2026-07-30T14:48:41.489653
6,13,5,5,0,5,2026-07-30T14:48:42.744336
6,13,6,5,0,5,2026-07-30T14:48:43.805334
6,13,7,5,0,5,2026-07-30T14:48:45.475110
6,13,8,5,0,5,2026-07-30T14:48:46.904406
6,13,9,3,0,3,2026-07-30T14:48:48.364420
6,13,10,5,0,5,2026-07-30T14:48:49.402599
6,14,1,5,0,5,2026-07-30T14:48:51.257388
6,14,2,5,0,5,2026-07-30T14:48:52.513853
6,14,3,5,0,5,2026-07-30T14:48:53.557555
6,14,4,5,0,5,2026-07-30T14:48:54.809454
6,14,5,5,0,5,2026-07-30T14:48:55.853540
6,14,6,5,0,5,2026-07-30T14:48:56.873668
6,14,7,5,0,5,2026-07-30T14:48:58.339520
6,14,8,5,0,5,2026-07-30T14:48:59.787382
6,14,9,5,0,5,2026-07-30T14:49:01.017414
6,14,10,5,0,5,2026-07-30T14:49:02.687390
6,15,1,5,0,5,2026-07-30T14:49:03.964083
6,15,2,5,0,5,2026-07-30T14:49:05.229049
6,15,3,5,0,5,2026-07-30T14:49:06.481509
6,15,4,5,0,5,2026-07-30T14:49:07.935771
6,15,5,5,0,5,2026-07-30T14:49:09.985734
6,15,6,5,0,5,2026-07-30T14:49:11.242047
6,15,7,5,0,5,2026-07-30T14:49:12.890612
6,15,8,5,0,5,2026-07-30T14:49:14.332436
6,15,9,5,0,5,2026-07-30T14:49:15.810742
6,15,10,5,0,5,2026-07-30T14:49:17.253828
6,16,1,5,0,5,2026-07-30T14:49:19.134801
6,16,2,5,0,5,2026-07-30T14:49:21.212745
6,16,3,5,0,5,2026-07-30T14:49:22.871718
6,16,4,5,0,5,2026-07-30T14:49:24.540787
6,16,5,5,0,5,2026-07-30T14:49:26.411402
6,16,6,5,0,5,2026-07-30T14:49:27.461147
6,16,7,5,0,5,2026-07-30T14:49:28.501631
6,16,8,5,0,5,2026-07-30T14:49:30.332446
6,16,9,5,0,5,2026-07-30T14:49:32.392705
6,16,10,5,0,5,2026-07-30T14:49:33.723027
6,17,1,5,0,5,2026-07-30T14:49:34.762292
6,17,2,5,0,5,2026-07-30T14:49:36.203031
6,17,3,5,0,5,2026-07-30T14:49:37.244355
6,17,4,5,0,5,2026-07-30T14:49:38.900385
6,17,5,5,0,5,2026-07-30T14:49:40.161457
6,17,6,5,0,5,2026-07-30T14:49:42.019852
6,17,7,5,0,5,2026-07-30T14:49:43.646519
6,17,8,5,0,5,2026-07-30T14:49:44.889758
6,17,9,5,0,5,2026-07-30T14:49:46.027098
6,17,10,5,0,5,2026-07-30T14:49:47.056337
6,18,1,5,0,5,2026-07-30T14:49:48.904931
6,18,2,5,0,5,2026-07-30T14:49:50.568636
6,18,3,5,0,5,2026-07-30T14:49:52.214456
6,18,4,5,0,5,2026-07-30T14:49:53.249636
6,18,5,5,0,5,2026-07-30T14:49:54.117557
6,18,6,5,0,5,2026-07-30T14:49:55.577992
6,18,7,5,0,5,2026-07-30T14:49:57.014654
6,18,8,5,0,5,2026-07-30T14:49:58.072005
6,18,9,5,0,5,2026-07-30T14:49:59.725873
6,18,10,5,0,5,2026-07-30T14:50:01.388546
6,19,1,5,0,5,2026-07-30T14:50:03.235909
6,19,2,5,0,5,2026-07-30T14:50:04.883220
6,19,3,5,0,5,2026-07-30T14:50:05.948680
6,19,4,5,0,5,2026-07-30T14:50:07.616787
6,19,5,5,0,5,2026-07-30T14:50:08.677122
6,19,6,5,0,5,2026-07-30T14:50:09.764043
6,19,7,5,0,5,2026-07-30T14:50:10.795161
6,19,8,5,0,5,2026-07-30T14:50:11.843139
6,19,9,5,0,5,2026-07-30T14:50:12.884525
6,19,10,5,0,5,2026-07-30T14:50:13.969482
6,20,1,5,0,5,2026-07-30T14:50:15.418542
6,20,2,5,0,5,2026-07-30T14:50:16.441292
6,20,3,5,0,5,2026-07-30T14:50:18.296080
6,20,4,5,0,5,2026-07-30T14:50:19.335574
6,20,5,5,0,5,2026-07-30T14:50:20.584865
6,20,6,5,0,5,2026-07-30T14:50:21.831048
6,20,7,5,0,5,2026-07-30T14:50:23.580094
6,20,8,5,0,5,2026-07-30T14:50:24.810437
6,20,9,5,0,5,2026-07-30T14:50:26.359395
6,20,10,5,0,5,2026-07-30T14:50:27.803549
6,21,1,5,0,5,2026-07-30T14:50:29.468730
6,21,2,5,0,5,2026-07-30T14:50:30.929429
6,21,3,5,0,5,2026-07-30T14:50:32.433019
6,21,4,5,0,5,2026-07-30T14:50:34.119225
6,21,5,5,0,5,2026-07-30T14:50:35.371189
6,21,6,5,0,5,2026-07-30T14:50:37.250132
6,21,7,5,0,5,2026-07-30T14:50:39.112243
6,21,8,5,0,5,2026-07-30T14:50:40.363401
6,21,9,5,0,5,2026-07-30T14:50:41.392585
6,21,10,5,0,5,2026-07-30T14:50:42.831053
6,22,1,5,0,5,2026-07-30T14:50:44.726306
6,22,2,5,0,5,2026-07-30T14:50:46.383595
6,22,3,5,0,5,2026-07-30T14:50:47.640386
6,22,4,5,0,5,2026-07-30T14:50:49.509753
6,22,5,5,0,5,2026-07-30T14:50:50.950633
6,22,6,5,0,5,2026-07-30T14:50:52.789442
6,22,7,5,0,5,2026-07-30T14:50:53.846800
6,22,8,5,0,5,2026-07-30T14:50:55.472452
6,22,9,5,0,5,2026-07-30T14:50:56.725549
6,22,10,5,0,5,2026-07-30T14:50:57.999148
6,23,1,5,0,5,2026-07-30T14:50:59.455207
6,23,2,5,0,5,2026-07-30T14:51:00.706656
6,23,3,5,0,5,2026-07-30T14:51:02.570915
6,23,4,5,0,5,2026-07-30T14:51:04.015566
6,23,5,5,0,5,2026-07-30T14:51:05.475555
6,23,6,5,0,5,2026-07-30T14:51:06.518603
6,23,7,5,0,5,2026-07-30T14:51:08.348183
6,23,8,5,0,5,2026-07-30T14:51:10.214625
6,23,9,5,0,5,2026-07-30T14:51:11.887476
6,23,10,5,0,5,2026-07-30T14:51:13.126211
6,24,1,5,0,5,2026-07-30T14:51:14.575076
6,24,2,5,0,5,2026-07-30T14:51:15.793618
6,24,3,5,0,5,2026-07-30T14:51:17.461524
6,24,4,5,0,5,2026-07-30T14:51:19.103831
6,24,5,5,0,5,2026-07-30T14:51:20.142288
6,24,6,5,0,5,2026-07-30T14:51:21.781405
6,24,7,0,0,0,2026-07-30T14:51:23.822830
6,24,8,5,0,5,2026-07-30T14:51:25.083680
6,24,9,5,0,5,2026-07-30T14:51:26.131409
6,24,10,5,0,5,2026-07-30T14:51:27.178918
6,25,1,5,0,5,2026-07-30T14:51:28.605471
6,25,2,5,0,5,2026-07-30T14:51:29.619289
6,25,3,5,0,5,2026-07-30T14:51:31.069415
6,25,4,5,0,5,2026-07-30T14:51:32.349536
6,25,5,5,0,5,2026-07-30T14:51:33.429127
6,25,6,5,0,5,2026-07-30T14:51:35.304502
6,25,7,5,0,5,2026-07-30T14:51:36.344992
6,25,8,5,0,5,2026-07-30T14:51:38.010148
6,25,9,4,0,4,2026-07-30T14:51:40.250943
6,25,10,5,0,5,2026-07-30T14:51:41.292076
6,26,1,5,0,5,2026-07-30T14:51:42.990807
6,26,2,5,0,5,2026-07-30T14:51:45.066774
6,26,3,5,0,5,2026-07-30T14:51:46.947153
6,26,4,5,0,5,2026-07-30T14:51:48.074200
6,26,5,5,0,5,2026-07-30T14:51:49.769758
6,26,6,5,0,5,2026-07-30T14:51:51.658484
6,26,7,5,0,5,2026-07-30T14:51:53.119085
6,26,8,5,0,5,2026-07-30T14:51:54.168862
6,26,9,5,0,5,2026-07-30T14:51:55.798829
6,26,10,5,0,5,2026-07-30T14:51:56.808966
6,27,1,5,0,5,2026-07-30T14:51:58.257163
6,27,2,5,0,5,2026-07-30T14:51:59.896972
6,27,3,5,0,5,2026-07-30T14:52:01.331791
6,27,4,5,0,5,2026-07-30T14:52:02.564802
6,27,5,5,0,5,2026-07-30T14:52:03.812261
6,27,6,5,0,5,2026-07-30T14:52:05.040128
6,27,7,5,0,5,2026-07-30T14:52:06.300438
6,27,8,5,0,5,2026-07-30T14:52:07.550619
6,27,9,5,0,5,2026-07-30T14:52:08.813592
6,27,10,5,0,5,2026-07-30T14:52:10.243615
6,28,1,5,0,5,2026-07-30T14:52:11.900235
6,28,2,5,0,5,2026-07-30T14:52:13.569014
6,28,3,5,0,5,2026-07-30T14:52:15.197226
6,28,4,5,0,5,2026-07-30T14:52:16.229846
6,28,5,5,0,5,2026-07-30T14:52:17.491225
6,28,6,5,0,5,2026-07-30T14:52:18.748333
6,28,7,5,0,5,2026-07-30T14:52:19.999706
6,28,8,5,0,5,2026-07-30T14:52:21.640691
6,28,9,5,0,5,2026-07-30T14:52:22.891637
6,28,10,5,0,5,2026-07-30T14:52:24.331265
6,29,1,5,0,5,2026-07-30T14:52:25.581174
6,29,2,5,0,5,2026-07-30T14:52:27.238822
6,29,3,5,0,5,2026-07-30T14:52:28.673420
6,29,4,5,0,5,2026-07-30T14:52:29.688512
6,29,5,5,0,5,2026-07-30T14:52:30.914119
6,29,6,5,0,5,2026-07-30T14:52:32.135167
6,29,7,5,0,5,2026-07-30T14:52:33.788663
6,29,8,5,0,5,2026-07-30T14:52:35.042335
6,29,9,5,0,5,2026-07-30T14:52:36.904678
6,29,10,5,0,5,2026-07-30T14:52:38.153255
6,30,1,5,0,5,2026-07-30T14:52:40.018402
6,30,2,5,0,5,2026-07-30T14:52:41.460212
6,30,3,5,0,5,2026-07-30T14:52:43.317306
6,30,4,5,0,5,2026-07-30T14:52:44.757168
6,30,5,5,0,5,2026-07-30T14:52:46.609789
6,30,6,5,0,5,2026-07-30T14:52:48.068650
6,30,7,5,0,5,2026-07-30T14:52:49.727332
6,30,8,5,0,5,2026-07-30T14:52:50.967561
6,30,9,5,0,5,2026-07-30T14:52:52.217649
6,30,10,5,0,5,2026-07-30T14:52:53.662891
7,1,1,5,0,5,2026-07-30T14:52:54.903231
7,1,2,5,0,5,2026-07-30T14:52:56.547884
7,1,3,5,0,5,2026-07-30T14:52:57.590137
7,1,4,5,0,5,2026-07-30T14:52:58.632183
7,1,5,5,0,5,2026-07-30T14:53:00.085286
7,1,6,5,0,5,2026-07-30T14:53:01.127378
7,1,7,5,0,5,2026-07-30T14:53:02.585405
7,1,8,5,0,5,2026-07-30T14:53:04.019152
7,1,9,5,0,5,2026-07-30T14:53:05.677879
7,1,10,5,0,5,2026-07-30T14:53:06.730575
7,2,1,5,0,5,2026-07-30T14:53:08.166476
7,2,2,5,0,5,2026-07-30T14:53:10.035311
7,2,3,5,0,5,2026-07-30T14:53:11.891877
7,2,4,5,0,5,2026-07-30T14:53:13.128814
7,2,5,5,0,5,2026-07-30T14:53:14.399516
7,2,6,5,0,5,2026-07-30T14:53:15.848673
7,2,7,5,0,5,2026-07-30T14:53:17.711036
7,2,8,5,0,5,2026-07-30T14:53:19.561469
7,2,9,5,0,5,2026-07-30T14:53:21.617325
7,2,10,5,0,5,2026-07-30T14:53:22.667530
7,3,1,5,0,5,2026-07-30T14:53:24.335045
7,3,2,5,0,5,2026-07-30T14:53:25.770845
7,3,3,5,0,5,2026-07-30T14:53:26.810414
7,3,4,5,0,5,2026-07-30T14:53:27.866369
7,3,5,5,0,5,2026-07-30T14:53:29.511747
7,3,6,4,0,4,2026-07-30T14:53:31.158114
7,3,7,5,0,5,2026-07-30T14:53:32.609423
7,3,8,3,0,3,2026-07-30T14:53:34.245946
7,3,9,5,0,5,2026-07-30T14:53:35.874376
7,3,10,5,0,5,2026-07-30T14:53:36.907875
7,4,1,0,0,0,2026-07-30T14:53:38.782151
7,4,2,0,0,0,2026-07-30T14:53:40.459312
7,4,3,0,0,0,2026-07-30T14:53:42.756199
7,4,4,0,0,0,2026-07-30T14:53:44.620234
7,4,5,0,0,0,2026-07-30T14:53:46.067434
7,4,6,0,0,0,2026-07-30T14:53:47.937174
7,4,7,0,0,0,2026-07-30T14:53:49.417893
7,4,8,0,0,0,2026-07-30T14:53:51.069790
7,4,9,0,0,0,2026-07-30T14:53:52.914743
7,4,10,0,0,0,2026-07-30T14:53:54.182925
7,5,1,0,0,0,2026-07-30T14:53:55.212176
7,5,2,0,0,0,2026-07-30T14:53:56.460304
7,5,3,0,0,0,2026-07-30T14:53:57.713751
7,5,4,5,0,5,2026-07-30T14:53:58.967575
7,5,5,5,0,5,2026-07-30T14:54:00.413578
7,5,6,0,0,0,2026-07-30T14:54:01.894832
7,5,7,0,0,0,2026-07-30T14:54:03.749730
7,5,8,5,0,5,2026-07-30T14:54:04.763615
7,5,9,0,0,0,2026-07-30T14:54:06.031250
7,5,10,0,0,0,2026-07-30T14:54:07.468077
7,6,1,5,0,5,2026-07-30T14:54:08.723851
7,6,2,5,0,5,2026-07-30T14:54:09.772136
7,6,3,5,0,5,2026-07-30T14:54:10.990852
7,6,4,5,0,5,2026-07-30T14:54:12.241557
7,6,5,5,0,5,2026-07-30T14:54:13.496364
7,6,6,5,0,5,2026-07-30T14:54:15.362121
7,6,7,5,0,5,2026-07-30T14:54:16.600923
7,6,8,5,0,5,2026-07-30T14:54:18.665848
7,6,9,5,0,5,2026-07-30T14:54:19.705516
7,6,10,5,0,5,2026-07-30T14:54:20.933238
7,7,1,5,0,5,2026-07-30T14:54:22.807521
7,7,2,5,0,5,2026-07-30T14:54:24.074832
7,7,3,5,0,5,2026-07-30T14:54:25.766575
7,7,4,5,0,5,2026-07-30T14:54:27.234533
7,7,5,5,0,5,2026-07-30T14:54:29.090531
7,7,6,5,0,5,2026-07-30T14:54:30.552644
7,7,7,5,0,5,2026-07-30T14:54:32.247424
7,7,8,5,0,5,2026-07-30T14:54:34.098617
7,7,9,5,0,5,2026-07-30T14:54:35.335265
7,7,10,5,0,5,2026-07-30T14:54:36.989199
7,8,1,5,0,5,2026-07-30T14:54:38.603162
7,8,2,5,0,5,2026-07-30T14:54:40.459240
7,8,3,5,0,5,2026-07-30T14:54:41.715748
7,8,4,5,0,5,2026-07-30T14:54:42.763045
7,8,5,5,0,5,2026-07-30T14:54:44.413683
7,8,6,5,0,5,2026-07-30T14:54:46.291369
7,8,7,5,0,5,2026-07-30T14:54:48.154442
7,8,8,5,0,5,2026-07-30T14:54:49.616514
7,8,9,5,0,5,2026-07-30T14:54:50.675434
7,8,10,5,0,5,2026-07-30T14:54:52.303318
7,9,1,0,0,0,2026-07-30T14:54:53.751712
7,9,2,0,0,0,2026-07-30T14:54:54.980067
7,9,3,5,0,5,2026-07-30T14:54:56.434877
7,9,4,0,0,0,2026-07-30T14:54:58.300927
7,9,5,0,0,0,2026-07-30T14:54:59.730549
7,9,6,0,0,0,2026-07-30T14:55:01.202646
7,9,7,0,0,0,2026-07-30T14:55:02.862710
7,9,8,0,0,0,2026-07-30T14:55:03.883025
7,9,9,0,0,0,2026-07-30T14:55:05.546142
7,9,10,0,0,0,2026-07-30T14:55:06.783571
7,10,1,5,0,5,2026-07-30T14:55:08.640194
7,10,2,5,0,5,2026-07-30T14:55:09.686534
7,10,3,5,0,5,2026-07-30T14:55:11.334758
7,10,4,5,0,5,2026-07-30T14:55:13.177661
7,10,5,5,0,5,2026-07-30T14:55:14.207338
7,10,6,5,0,5,2026-07-30T14:55:16.041677
7,10,7,5,0,5,2026-07-30T14:55:17.295312
7,10,8,5,0,5,2026-07-30T14:55:18.334934
7,10,9,5,0,5,2026-07-30T14:55:19.790157
7,10,10,5,0,5,2026-07-30T14:55:21.447313
7,11,1,5,0,5,2026-07-30T14:55:22.702641
7,11,2,5,0,5,2026-07-30T14:55:23.954551
7,11,3,5,0,5,2026-07-30T14:55:25.471141
7,11,4,5,0,5,2026-07-30T14:55:27.107005
7,11,5,5,0,5,2026-07-30T14:55:28.940507
7,11,6,5,0,5,2026-07-30T14:55:30.209667
7,11,7,5,0,5,2026-07-30T14:55:31.264551
7,11,8,5,0,5,2026-07-30T14:55:32.725651
7,11,9,5,0,5,2026-07-30T14:55:34.582641
7,11,10,5,0,5,2026-07-30T14:55:36.423036
7,12,1,5,0,5,2026-07-30T14:55:38.065209
7,12,2,5,0,5,2026-07-30T14:55:39.284950
7,12,3,5,0,5,2026-07-30T14:55:40.939760
7,12,4,5,0,5,2026-07-30T14:55:42.012476
7,12,5,5,0,5,2026-07-30T14:55:43.874905
7,12,6,5,0,5,2026-07-30T14:55:45.125763
7,12,7,5,0,5,2026-07-30T14:55:46.807042
7,12,8,5,0,5,2026-07-30T14:55:48.248876
7,12,9,5,0,5,2026-07-30T14:55:49.499675
7,12,10,5,0,5,2026-07-30T14:55:51.170956
7,13,1,5,0,5,2026-07-30T14:55:52.619138
7,13,2,5,0,5,2026-07-30T14:55:54.282876
7,13,3,5,0,5,2026-07-30T14:55:56.135370
7,13,4,5,0,5,2026-07-30T14:55:57.984790
7,13,5,5,0,5,2026-07-30T14:55:59.029725
7,13,6,5,0,5,2026-07-30T14:56:00.261292
7,13,7,5,0,5,2026-07-30T14:56:01.313078
7,13,8,5,0,5,2026-07-30T14:56:02.982902
7,13,9,5,0,5,2026-07-30T14:56:05.044887
7,13,10,5,0,5,2026-07-30T14:56:06.098021
7,14,1,5,0,5,2026-07-30T14:56:07.555777
7,14,2,5,0,5,2026-07-30T14:56:08.799345
7,14,3,5,0,5,2026-07-30T14:56:10.456658
7,14,4,5,0,5,2026-07-30T14:56:11.496592
7,14,5,5,0,5,2026-07-30T14:56:12.952600
7,14,6,5,0,5,2026-07-30T14:56:14.826675
7,14,7,5,0,5,2026-07-30T14:56:16.899039
7,14,8,5,0,5,2026-07-30T14:56:17.975760
7,14,9,5,0,5,2026-07-30T14:56:19.874374
7,14,10,5,0,5,2026-07-30T14:56:21.329656
7,15,1,5,0,5,2026-07-30T14:56:22.568554
7,15,2,0,0,0,2026-07-30T14:56:23.820990
7,15,3,0,0,0,2026-07-30T14:56:25.070575
7,15,4,0,0,0,2026-07-30T14:56:26.720145
7,15,5,0,0,0,2026-07-30T14:56:28.389319
7,15,6,0,0,0,2026-07-30T14:56:29.427606
7,15,7,5,0,5,2026-07-30T14:56:31.105290
7,15,8,0,0,0,2026-07-30T14:56:32.967521
7,15,9,5,0,5,2026-07-30T14:56:34.025048
7,15,10,0,0,0,2026-07-30T14:56:35.488353
7,16,1,5,0,5,2026-07-30T14:56:37.173013
7,16,2,5,0,5,2026-07-30T14:56:38.634976
7,16,3,5,0,5,2026-07-30T14:56:40.696324
7,16,4,5,0,5,2026-07-30T14:56:41.954754
7,16,5,5,0,5,2026-07-30T14:56:43.410268
7,16,6,5,0,5,2026-07-30T14:56:44.677414
7,16,7,5,0,5,2026-07-30T14:56:45.846767
7,16,8,5,0,5,2026-07-30T14:56:47.094572
7,16,9,5,0,5,2026-07-30T14:56:48.372549
7,16,10,5,0,5,2026-07-30T14:56:50.279840
7,17,1,5,0,5,2026-07-30T14:56:51.948975
7,17,2,5,0,5,2026-07-30T14:56:53.594429
7,17,3,5,0,5,2026-07-30T14:56:55.029883
7,17,4,5,0,5,2026-07-30T14:56:56.679268
7,17,5,5,0,5,2026-07-30T14:56:58.139083
7,17,6,5,0,5,2026-07-30T14:56:59.209710
7,17,7,5,0,5,2026-07-30T14:57:00.894815
7,17,8,5,0,5,2026-07-30T14:57:02.126135
7,17,9,5,0,5,2026-07-30T14:57:03.369240
7,17,10,5,0,5,2026-07-30T14:57:04.634817
7,18,1,5,0,5,2026-07-30T14:57:06.289742
7,18,2,5,0,5,2026-07-30T14:57:07.932078
7,18,3,5,0,5,2026-07-30T14:57:09.373320
7,18,4,5,0,5,2026-07-30T14:57:11.614326
7,18,5,5,0,5,2026-07-30T14:57:13.479695
7,18,6,5,0,5,2026-07-30T14:57:15.329051
7,18,7,5,0,5,2026-07-30T14:57:16.577060
7,18,8,5,0,5,2026-07-30T14:57:17.604297
7,18,9,5,0,5,2026-07-30T14:57:18.856052
7,18,10,5,0,5,2026-07-30T14:57:20.125001
7,19,1,5,0,5,2026-07-30T14:57:21.775320
7,19,2,5,0,5,2026-07-30T14:57:23.221074
7,19,3,0,0,0,2026-07-30T14:57:24.451441
7,19,4,5,0,5,2026-07-30T14:57:26.299769
7,19,5,0,0,0,2026-07-30T14:57:27.750976
7,19,6,2,0,2,2026-07-30T14:57:29.193704
7,19,7,5,0,5,2026-07-30T14:57:31.067430
7,19,8,5,0,5,2026-07-30T14:57:32.724935
7,19,9,0,0,0,2026-07-30T14:57:34.367453
7,19,10,0,0,0,2026-07-30T14:57:36.236697
7,20,1,5,0,5,2026-07-30T14:57:37.287946
7,20,2,5,0,5,2026-07-30T14:57:38.747749
7,20,3,5,0,5,2026-07-30T14:57:40.199779
7,20,4,5,0,5,2026-07-30T14:57:41.245158
7,20,5,5,0,5,2026-07-30T14:57:42.886005
7,20,6,5,0,5,2026-07-30T14:57:44.753922
7,20,7,5,0,5,2026-07-30T14:57:46.008261
7,20,8,5,0,5,2026-07-30T14:57:48.115763
7,20,9,5,0,5,2026-07-30T14:57:49.981699
7,20,10,5,0,5,2026-07-30T14:57:51.627240
7,21,1,5,0,5,2026-07-30T14:57:53.301968
7,21,2,5,0,5,2026-07-30T14:57:54.949269
7,21,3,5,0,5,2026-07-30T14:57:55.998385
7,21,4,5,0,5,2026-07-30T14:57:57.797193
7,21,5,5,0,5,2026-07-30T14:57:59.728646
7,21,6,5,0,5,2026-07-30T14:58:01.380128
7,21,7,5,0,5,2026-07-30T14:58:02.604758
7,21,8,5,0,5,2026-07-30T14:58:04.061168
7,21,9,5,0,5,2026-07-30T14:58:05.144614
7,21,10,5,0,5,2026-07-30T14:58:06.982308
7,22,1,5,0,5,2026-07-30T14:58:09.028672
7,22,2,5,0,5,2026-07-30T14:58:10.675521
7,22,3,5,0,5,2026-07-30T14:58:12.127186
7,22,4,5,0,5,2026-07-30T14:58:13.364921
7,22,5,5,0,5,2026-07-30T14:58:14.424649
7,22,6,5,0,5,2026-07-30T14:58:16.096230
7,22,7,5,0,5,2026-07-30T14:58:17.548161
7,22,8,5,0,5,2026-07-30T14:58:18.998500
7,22,9,5,0,5,2026-07-30T14:58:20.035053
7,22,10,5,0,5,2026-07-30T14:58:21.464281
7,23,1,5,0,5,2026-07-30T14:58:22.891967
7,23,2,5,0,5,2026-07-30T14:58:24.570358
7,23,3,5,0,5,2026-07-30T14:58:25.615126
7,23,4,5,0,5,2026-07-30T14:58:27.255179
7,23,5,5,0,5,2026-07-30T14:58:28.766590
7,23,6,5,0,5,2026-07-30T14:58:29.806946
7,23,7,5,0,5,2026-07-30T14:58:31.664140
7,23,8,5,0,5,2026-07-30T14:58:33.297206
7,23,9,5,0,5,2026-07-30T14:58:34.736227
7,23,10,5,0,5,2026-07-30T14:58:35.976633
7,24,1,0,0,0,2026-07-30T14:58:38.057045
7,24,2,0,0,0,2026-07-30T14:58:39.934201
7,24,3,0,0,0,2026-07-30T14:58:41.591357
7,24,4,0,0,0,2026-07-30T14:58:43.653089
7,24,5,0,0,0,2026-07-30T14:58:44.947035
7,24,6,0,0,0,2026-07-30T14:58:46.601659
7,24,7,0,0,0,2026-07-30T14:58:48.277708
7,24,8,0,0,0,2026-07-30T14:58:50.345241
7,24,9,0,0,0,2026-07-30T14:58:51.396673
7,24,10,0,0,0,2026-07-30T14:58:52.434052
7,25,1,5,0,5,2026-07-30T14:58:53.893157
7,25,2,5,0,5,2026-07-30T14:58:55.595256
7,25,3,5,0,5,2026-07-30T14:58:56.865449
7,25,4,5,0,5,2026-07-30T14:58:58.699061
7,25,5,5,0,5,2026-07-30T14:59:00.350632
7,25,6,3,0,3,2026-07-30T14:59:02.205504
7,25,7,5,0,5,2026-07-30T14:59:03.460554
7,25,8,5,0,5,2026-07-30T14:59:05.298243
7,25,9,5,0,5,2026-07-30T14:59:06.944857
7,25,10,5,0,5,2026-07-30T14:59:08.832906
7,26,1,5,0,5,2026-07-30T14:59:10.665771
7,26,2,5,0,5,2026-07-30T14:59:12.294412
7,26,3,5,0,5,2026-07-30T14:59:13.935413
7,26,4,5,0,5,2026-07-30T14:59:15.776911
7,26,5,5,0,5,2026-07-30T14:59:16.832825
7,26,6,5,0,5,2026-07-30T14:59:17.863211
7,26,7,5,0,5,2026-07-30T14:59:19.559288
7,26,8,5,0,5,2026-07-30T14:59:21.026851
7,26,9,5,0,5,2026-07-30T14:59:22.682401
7,26,10,5,0,5,2026-07-30T14:59:23.930951
7,27,1,5,0,5,2026-07-30T14:59:25.391607
7,27,2,5,0,5,2026-07-30T14:59:27.136065
7,27,3,5,0,5,2026-07-30T14:59:28.382631
7,27,4,5,0,5,2026-07-30T14:59:30.236048
7,27,5,5,0,5,2026-07-30T14:59:31.890655
7,27,6,5,0,5,2026-07-30T14:59:33.135956
7,27,7,5,0,5,2026-07-30T14:59:34.184001
7,27,8,5,0,5,2026-07-30T14:59:35.973143
7,27,9,5,0,5,2026-07-30T14:59:38.045153
7,27,10,5,0,5,2026-07-30T14:59:39.705835
7,28,1,5,0,5,2026-07-30T14:59:40.755451
7,28,2,5,0,5,2026-07-30T14:59:42.042825
7,28,3,5,0,5,2026-07-30T14:59:43.690129
7,28,4,5,0,5,2026-07-30T14:59:45.313178
7,28,5,5,0,5,2026-07-30T14:59:46.539911
7,28,6,5,0,5,2026-07-30T14:59:47.799712
7,28,7,5,0,5,2026-07-30T14:59:48.849277
7,28,8,3,0,3,2026-07-30T14:59:50.293377
7,28,9,3,0,3,2026-07-30T14:59:51.747576
7,28,10,5,0,5,2026-07-30T14:59:52.799257
7,29,1,5,0,5,2026-07-30T14:59:53.861275
7,29,2,0,0,0,2026-07-30T14:59:55.702548
7,29,3,5,0,5,2026-07-30T14:59:57.375565
7,29,4,5,0,5,2026-07-30T14:59:58.626563
7,29,5,5,0,5,2026-07-30T15:00:00.283537
7,29,6,5,0,5,2026-07-30T15:00:01.517952
7,29,7,5,0,5,2026-07-30T15:00:02.548747
7,29,8,5,0,5,2026-07-30T15:00:03.976658
7,29,9,5,0,5,2026-07-30T15:00:05.022588
7,29,10,5,0,5,2026-07-30T15:00:06.288466
7,30,1,5,0,5,2026-07-30T15:00:07.932006
7,30,2,5,0,5,2026-07-30T15:00:09.586079
7,30,3,5,0,5,2026-07-30T15:00:11.224286
7,30,4,5,0,5,2026-07-30T15:00:12.284337
7,30,5,5,0,5,2026-07-30T15:00:14.135580
7,30,6,5,0,5,2026-07-30T15:00:15.764759
7,30,7,5,0,5,2026-07-30T15:00:17.620807
7,30,8,5,0,5,2026-07-30T15:00:18.860413
7,30,9,5,0,5,2026-07-30T15:00:20.708753
7,30,10,5,0,5,2026-07-30T15:00:22.567061
8,1,1,5,0,5,2026-07-30T15:00:23.610642
8,1,2,3,0,3,2026-07-30T15:00:25.468582
8,1,3,1,0,1,2026-07-30T15:00:27.114080
8,1,4,2,0,2,2026-07-30T15:00:28.556801
8,1,5,2,0,2,2026-07-30T15:00:30.420197
8,1,6,2,0,2,2026-07-30T15:00:31.866581
8,1,7,0,0,0,2026-07-30T15:00:33.322179
8,1,8,2,0,2,2026-07-30T15:00:35.179270
8,1,9,4,0,4,2026-07-30T15:00:36.231875
8,1,10,2,0,2,2026-07-30T15:00:38.100364
8,2,1,5,0,5,2026-07-30T15:00:40.161259
8,2,2,5,0,5,2026-07-30T15:00:42.031238
8,2,3,4,0,4,2026-07-30T15:00:43.510776
8,2,4,5,0,5,2026-07-30T15:00:44.960126
8,2,5,5,0,5,2026-07-30T15:00:46.607423
8,2,6,5,0,5,2026-07-30T15:00:48.061650
8,2,7,3,0,3,2026-07-30T15:00:49.908111
8,2,8,5,0,5,2026-07-30T15:00:51.158311
8,2,9,5,0,5,2026-07-30T15:00:52.405626
8,2,10,3,0,3,2026-07-30T15:00:53.863861
8,3,1,4,0,4,2026-07-30T15:00:55.496977
8,3,2,5,0,5,2026-07-30T15:00:56.974058
8,3,3,5,0,5,2026-07-30T15:00:58.006478
8,3,4,5,0,5,2026-07-30T15:00:59.092024
8,3,5,5,0,5,2026-07-30T15:01:00.346905
8,3,6,5,0,5,2026-07-30T15:01:01.377405
8,3,7,5,0,5,2026-07-30T15:01:02.613840
8,3,8,5,0,5,2026-07-30T15:01:03.659839
8,3,9,5,0,5,2026-07-30T15:01:05.333018
8,3,10,5,0,5,2026-07-30T15:01:06.774039
8,4,1,5,0,5,2026-07-30T15:01:08.017088
8,4,2,5,0,5,2026-07-30T15:01:09.488314
8,4,3,5,0,5,2026-07-30T15:01:11.369335
8,4,4,5,0,5,2026-07-30T15:01:12.610261
8,4,5,5,0,5,2026-07-30T15:01:14.667976
8,4,6,5,0,5,2026-07-30T15:01:15.905174
8,4,7,4,0,4,2026-07-30T15:01:17.833469
8,4,8,5,0,5,2026-07-30T15:01:19.474045
8,4,9,3,0,3,2026-07-30T15:01:20.735098
8,4,10,3,0,3,2026-07-30T15:01:22.587473
8,5,1,0,0,0,2026-07-30T15:01:23.840594
8,5,2,0,0,0,2026-07-30T15:01:25.491609
8,5,3,3,0,3,2026-07-30T15:01:26.947727
8,5,4,0,0,0,2026-07-30T15:01:28.208767
8,5,5,0,0,0,2026-07-30T15:01:29.873790
8,5,6,0,0,0,2026-07-30T15:01:31.734673
8,5,7,0,0,0,2026-07-30T15:01:33.397672
8,5,8,0,0,0,2026-07-30T15:01:34.932770
8,5,9,0,0,0,2026-07-30T15:01:36.175092
8,5,10,0,0,0,2026-07-30T15:01:37.454600
8,6,1,5,0,5,2026-07-30T15:01:38.720499
8,6,2,5,0,5,2026-07-30T15:01:40.398017
8,6,3,3,0,3,2026-07-30T15:01:41.850368
8,6,4,3,0,3,2026-07-30T15:01:43.492079
8,6,5,5,0,5,2026-07-30T15:01:44.750590
8,6,6,5,0,5,2026-07-30T15:01:46.613848
8,6,7,5,0,5,2026-07-30T15:01:48.277413
8,6,8,5,0,5,2026-07-30T15:01:49.738248
8,6,9,4,0,4,2026-07-30T15:01:51.598648
8,6,10,2,0,2,2026-07-30T15:01:53.447860
8,7,1,5,0,5,2026-07-30T15:01:55.110857
8,7,2,5,0,5,2026-07-30T15:01:56.144333
8,7,3,5,0,5,2026-07-30T15:01:57.389395
8,7,4,5,0,5,2026-07-30T15:01:59.038462
8,7,5,5,0,5,2026-07-30T15:02:00.690037
8,7,6,5,0,5,2026-07-30T15:02:01.910871
8,7,7,5,0,5,2026-07-30T15:02:03.557463
8,7,8,5,0,5,2026-07-30T15:02:05.208004
8,7,9,5,0,5,2026-07-30T15:02:06.680059
8,7,10,5,0,5,2026-07-30T15:02:07.725435
8,8,1,5,0,5,2026-07-30T15:02:09.382032
8,8,2,3,0,3,2026-07-30T15:02:10.856649
8,8,3,5,0,5,2026-07-30T15:02:11.938687
8,8,4,5,0,5,2026-07-30T15:02:13.817342
8,8,5,5,0,5,2026-07-30T15:02:15.287963
8,8,6,5,0,5,2026-07-30T15:02:16.338467
8,8,7,5,0,5,2026-07-30T15:02:18.389396
8,8,8,5,0,5,2026-07-30T15:02:20.024118
8,8,9,5,0,5,2026-07-30T15:02:21.730670
8,8,10,5,0,5,2026-07-30T15:02:23.400980
8,9,1,2,0,2,2026-07-30T15:02:24.850056
8,9,2,0,0,0,2026-07-30T15:02:26.511379
8,9,3,2,0,2,2026-07-30T15:02:28.385509
8,9,4,0,0,0,2026-07-30T15:02:29.847599
8,9,5,0,0,0,2026-07-30T15:02:30.926377
8,9,6,2,0,2,2026-07-30T15:02:31.964107
8,9,7,2,0,2,2026-07-30T15:02:33.824002
8,9,8,3,0,3,2026-07-30T15:02:35.077739
8,9,9,1,0,1,2026-07-30T15:02:36.933192
8,9,10,3,0,3,2026-07-30T15:02:38.581344
8,10,1,5,0,5,2026-07-30T15:02:40.459897
8,10,2,5,0,5,2026-07-30T15:02:41.910174
8,10,3,5,0,5,2026-07-30T15:02:43.160969
8,10,4,5,0,5,2026-07-30T15:02:44.897083
8,10,5,5,0,5,2026-07-30T15:02:46.169724
8,10,6,5,0,5,2026-07-30T15:02:47.620488
8,10,7,5,0,5,2026-07-30T15:02:49.263740
8,10,8,5,0,5,2026-07-30T15:02:51.105344
8,10,9,5,0,5,2026-07-30T15:02:52.576223
8,10,10,5,0,5,2026-07-30T15:02:53.837427
8,11,1,3,0,3,2026-07-30T15:02:55.096035
8,11,2,5,0,5,2026-07-30T15:02:56.768439
8,11,3,3,0,3,2026-07-30T15:02:58.623203
8,11,4,3,0,3,2026-07-30T15:03:00.492860
8,11,5,4,0,4,2026-07-30T15:03:01.936313
8,11,6,3,0,3,2026-07-30T15:03:04.001777
8,11,7,5,0,5,2026-07-30T15:03:05.260571
8,11,8,5,0,5,2026-07-30T15:03:06.925295
8,11,9,3,0,3,2026-07-30T15:03:08.184002
8,11,10,5,0,5,2026-07-30T15:03:09.649576
8,12,1,5,0,5,2026-07-30T15:03:11.534211
8,12,2,5,0,5,2026-07-30T15:03:12.893205
8,12,3,5,0,5,2026-07-30T15:03:14.362945
8,12,4,5,0,5,2026-07-30T15:03:15.819705
8,12,5,5,0,5,2026-07-30T15:03:17.671079
8,12,6,5,0,5,2026-07-30T15:03:18.921677
8,12,7,5,0,5,2026-07-30T15:03:20.364818
8,12,8,5,0,5,2026-07-30T15:03:21.841311
8,12,9,5,0,5,2026-07-30T15:03:22.896444
8,12,10,5,0,5,2026-07-30T15:03:24.604196
8,13,1,5,0,5,2026-07-30T15:03:26.132441
8,13,2,3,0,3,2026-07-30T15:03:27.585689
8,13,3,5,0,5,2026-07-30T15:03:28.634622
8,13,4,3,0,3,2026-07-30T15:03:29.704682
8,13,5,5,0,5,2026-07-30T15:03:31.170167
8,13,6,5,0,5,2026-07-30T15:03:32.216471
8,13,7,5,0,5,2026-07-30T15:03:34.058207
8,13,8,5,0,5,2026-07-30T15:03:35.722804
8,13,9,5,0,5,2026-07-30T15:03:37.381248
8,13,10,5,0,5,2026-07-30T15:03:38.411350
8,14,1,5,0,5,2026-07-30T15:03:39.859674
8,14,2,5,0,5,2026-07-30T15:03:41.109588
8,14,3,5,0,5,2026-07-30T15:03:42.332872
8,14,4,5,0,5,2026-07-30T15:03:43.395632
8,14,5,5,0,5,2026-07-30T15:03:44.661075
8,14,6,5,0,5,2026-07-30T15:03:45.895839
8,14,7,5,0,5,2026-07-30T15:03:46.930376
8,14,8,5,0,5,2026-07-30T15:03:48.568089
8,14,9,5,0,5,2026-07-30T15:03:50.023174
8,14,10,5,0,5,2026-07-30T15:03:51.064400
8,15,1,5,0,5,2026-07-30T15:03:52.128043
8,15,2,5,0,5,2026-07-30T15:03:53.190807
8,15,3,5,0,5,2026-07-30T15:03:54.418620
8,15,4,5,0,5,2026-07-30T15:03:56.072425
8,15,5,5,0,5,2026-07-30T15:03:57.516143
8,15,6,5,0,5,2026-07-30T15:03:59.161874
8,15,7,5,0,5,2026-07-30T15:04:00.620443
8,15,8,5,0,5,2026-07-30T15:04:02.486968
8,15,9,5,0,5,2026-07-30T15:04:03.745591
8,15,10,5,0,5,2026-07-30T15:04:05.205393
8,16,1,5,0,5,2026-07-30T15:04:06.452380
8,16,2,5,0,5,2026-07-30T15:04:07.706780
8,16,3,5,0,5,2026-07-30T15:04:08.743150
8,16,4,5,0,5,2026-07-30T15:04:10.610842
8,16,5,5,0,5,2026-07-30T15:04:12.256727
8,16,6,3,0,3,2026-07-30T15:04:14.101904
8,16,7,5,0,5,2026-07-30T15:04:15.566808
8,16,8,5,0,5,2026-07-30T15:04:17.021078
8,16,9,5,0,5,2026-07-30T15:04:18.073491
8,16,10,5,0,5,2026-07-30T15:04:19.331517
8,17,1,5,0,5,2026-07-30T15:04:21.186441
8,17,2,5,0,5,2026-07-30T15:04:22.613608
8,17,3,5,0,5,2026-07-30T15:04:23.874583
8,17,4,5,0,5,2026-07-30T15:04:25.107406
8,17,5,5,0,5,2026-07-30T15:04:26.360731
8,17,6,5,0,5,2026-07-30T15:04:27.843654
8,17,7,5,0,5,2026-07-30T15:04:29.311060
8,17,8,5,0,5,2026-07-30T15:04:30.962373
8,17,9,5,0,5,2026-07-30T15:04:32.204495
8,17,10,5,0,5,2026-07-30T15:04:33.673469
8,18,1,5,0,5,2026-07-30T15:04:35.546906
8,18,2,5,0,5,2026-07-30T15:04:36.616083
8,18,3,5,0,5,2026-07-30T15:04:37.681819
8,18,4,5,0,5,2026-07-30T15:04:38.928113
8,18,5,5,0,5,2026-07-30T15:04:40.389922
8,18,6,5,0,5,2026-07-30T15:04:42.242654
8,18,7,5,0,5,2026-07-30T15:04:43.289301
8,18,8,5,0,5,2026-07-30T15:04:45.144180
8,18,9,5,0,5,2026-07-30T15:04:46.419354
8,18,10,5,0,5,2026-07-30T15:04:48.275240
8,19,1,5,0,5,2026-07-30T15:04:49.742910
8,19,2,5,0,5,2026-07-30T15:04:51.390530
8,19,3,5,0,5,2026-07-30T15:04:52.407803
8,19,4,5,0,5,2026-07-30T15:04:54.089844
8,19,5,5,0,5,2026-07-30T15:04:55.322326
8,19,6,5,0,5,2026-07-30T15:04:57.187013
8,19,7,5,0,5,2026-07-30T15:04:58.833471
8,19,8,5,0,5,2026-07-30T15:05:00.301948
8,19,9,5,0,5,2026-07-30T15:05:01.344370
8,19,10,5,0,5,2026-07-30T15:05:02.601334
8,20,1,5,0,5,2026-07-30T15:05:03.872787
8,20,2,5,0,5,2026-07-30T15:05:05.150112
8,20,3,5,0,5,2026-07-30T15:05:06.208175
8,20,4,5,0,5,2026-07-30T15:05:07.268943
8,20,5,5,0,5,2026-07-30T15:05:09.134614
8,20,6,5,0,5,2026-07-30T15:05:10.618702
8,20,7,5,0,5,2026-07-30T15:05:11.674959
8,20,8,5,0,5,2026-07-30T15:05:13.329377
8,20,9,5,0,5,2026-07-30T15:05:14.617873
8,20,10,5,0,5,2026-07-30T15:05:15.870523
8,21,1,5,0,5,2026-07-30T15:05:17.737410
8,21,2,5,0,5,2026-07-30T15:05:18.984800
8,21,3,5,0,5,2026-07-30T15:05:20.442754
8,21,4,5,0,5,2026-07-30T15:05:22.299211
8,21,5,5,0,5,2026-07-30T15:05:23.335202
8,21,6,5,0,5,2026-07-30T15:05:24.786776
8,21,7,5,0,5,2026-07-30T15:05:26.037460
8,21,8,5,0,5,2026-07-30T15:05:27.702721
8,21,9,5,0,5,2026-07-30T15:05:28.956830
8,21,10,5,0,5,2026-07-30T15:05:30.828491
8,22,1,5,0,5,2026-07-30T15:05:31.875481
8,22,2,5,0,5,2026-07-30T15:05:33.109349
8,22,3,5,0,5,2026-07-30T15:05:34.371649
8,22,4,5,0,5,2026-07-30T15:05:35.424447
8,22,5,5,0,5,2026-07-30T15:05:36.887295
8,22,6,5,0,5,2026-07-30T15:05:38.330951
8,22,7,5,0,5,2026-07-30T15:05:39.356593
8,22,8,5,0,5,2026-07-30T15:05:41.224445
8,22,9,5,0,5,2026-07-30T15:05:43.083155
8,22,10,4,0,4,2026-07-30T15:05:44.145162
8,23,1,5,0,5,2026-07-30T15:05:45.005280
8,23,2,5,0,5,2026-07-30T15:05:46.684182
8,23,3,5,0,5,2026-07-30T15:05:47.770853
8,23,4,5,0,5,2026-07-30T15:05:49.440924
8,23,5,5,0,5,2026-07-30T15:05:51.104275
8,23,6,5,0,5,2026-07-30T15:05:52.989136
8,23,7,5,0,5,2026-07-30T15:05:54.069374
8,23,8,5,0,5,2026-07-30T15:05:55.741663
8,23,9,5,0,5,2026-07-30T15:05:57.024047
8,23,10,5,0,5,2026-07-30T15:05:59.104314
8,24,1,5,0,5,2026-07-30T15:06:00.939968
8,24,2,5,0,5,2026-07-30T15:06:02.408788
8,24,3,5,0,5,2026-07-30T15:06:04.267235
8,24,4,5,0,5,2026-07-30T15:06:06.130578
8,24,5,5,0,5,2026-07-30T15:06:07.591126
8,24,6,5,0,5,2026-07-30T15:06:08.856506
8,24,7,5,0,5,2026-07-30T15:06:10.688877
8,24,8,5,0,5,2026-07-30T15:06:12.757575
8,24,9,5,0,5,2026-07-30T15:06:14.433924
8,24,10,5,0,5,2026-07-30T15:06:15.500132
8,25,1,0,0,0,2026-07-30T15:06:16.959539
8,25,2,4,0,4,2026-07-30T15:06:18.627790
8,25,3,5,0,5,2026-07-30T15:06:19.886166
8,25,4,0,0,0,2026-07-30T15:06:20.982092
8,25,5,0,0,0,2026-07-30T15:06:22.230921
8,25,6,0,0,0,2026-07-30T15:06:23.685058
8,25,7,0,0,0,2026-07-30T15:06:25.137468
8,25,8,4,0,4,2026-07-30T15:06:26.611501
8,25,9,5,0,5,2026-07-30T15:06:28.079339
8,25,10,0,0,0,2026-07-30T15:06:29.929923
8,26,1,5,0,5,2026-07-30T15:06:31.808317
8,26,2,5,0,5,2026-07-30T15:06:33.477794
8,26,3,5,0,5,2026-07-30T15:06:34.740855
8,26,4,5,0,5,2026-07-30T15:06:35.797497
8,26,5,5,0,5,2026-07-30T15:06:37.247666
8,26,6,5,0,5,2026-07-30T15:06:38.265853
8,26,7,5,0,5,2026-07-30T15:06:39.932315
8,26,8,5,0,5,2026-07-30T15:06:41.163208
8,26,9,5,0,5,2026-07-30T15:06:42.796304
8,26,10,5,0,5,2026-07-30T15:06:44.247869
8,27,1,5,0,5,2026-07-30T15:06:45.723632
8,27,2,5,0,5,2026-07-30T15:06:47.578341
8,27,3,5,0,5,2026-07-30T15:06:49.236363
8,27,4,5,0,5,2026-07-30T15:06:50.479428
8,27,5,5,0,5,2026-07-30T15:06:52.342281
8,27,6,5,0,5,2026-07-30T15:06:53.587325
8,27,7,5,0,5,2026-07-30T15:06:55.253324
8,27,8,5,0,5,2026-07-30T15:06:56.502580
8,27,9,5,0,5,2026-07-30T15:06:57.557865
8,27,10,5,0,5,2026-07-30T15:06:59.210002
8,28,1,5,0,5,2026-07-30T15:07:00.683294
8,28,2,5,0,5,2026-07-30T15:07:01.729876
8,28,3,5,0,5,2026-07-30T15:07:02.966779
8,28,4,5,0,5,2026-07-30T15:07:04.819132
8,28,5,5,0,5,2026-07-30T15:07:06.508055
8,28,6,5,0,5,2026-07-30T15:07:07.559668
8,28,7,5,0,5,2026-07-30T15:07:09.431863
8,28,8,5,0,5,2026-07-30T15:07:10.500519
8,28,9,5,0,5,2026-07-30T15:07:12.392010
8,28,10,5,0,5,2026-07-30T15:07:13.846465
8,29,1,5,0,5,2026-07-30T15:07:15.733468
8,29,2,5,0,5,2026-07-30T15:07:16.801058
8,29,3,5,0,5,2026-07-30T15:07:18.055879
8,29,4,5,0,5,2026-07-30T15:07:19.314728
8,29,5,5,0,5,2026-07-30T15:07:20.750502
8,29,6,5,0,5,2026-07-30T15:07:22.623328
8,29,7,5,0,5,2026-07-30T15:07:24.286644
8,29,8,5,0,5,2026-07-30T15:07:25.556907
8,29,9,5,0,5,2026-07-30T15:07:27.014385
8,29,10,5,0,5,2026-07-30T15:07:28.873488
8,30,1,5,0,5,2026-07-30T15:07:30.323140
8,30,2,5,0,5,2026-07-30T15:07:31.569347
8,30,3,5,0,5,2026-07-30T15:07:33.200343
8,30,4,5,0,5,2026-07-30T15:07:34.617507
8,30,5,5,0,5,2026-07-30T15:07:35.895748
8,30,6,5,0,5,2026-07-30T15:07:37.569040
8,30,7,5,0,5,2026-07-30T15:07:39.438495
8,30,8,5,0,5,2026-07-30T15:07:41.327939
8,30,9,5,0,5,2026-07-30T15:07:42.564737
8,30,10,5,0,5,2026-07-30T15:07:44.004830
9,1,1,5,0,5,2026-07-30T15:07:45.053961
9,1,2,5,0,5,2026-07-30T15:07:47.100020
9,1,3,5,0,5,2026-07-30T15:07:48.208590
9,1,4,5,0,5,2026-07-30T15:07:49.665086
9,1,5,5,0,5,2026-07-30T15:07:50.700348
9,1,6,5,0,5,2026-07-30T15:07:52.372683
9,1,7,5,0,5,2026-07-30T15:07:53.597738
9,1,8,5,0,5,2026-07-30T15:07:54.849678
9,1,9,5,0,5,2026-07-30T15:07:56.677103
9,1,10,5,0,5,2026-07-30T15:07:57.934242
9,2,1,5,0,5,2026-07-30T15:07:59.181338
9,2,2,5,0,5,2026-07-30T15:08:00.637546
9,2,3,5,0,5,2026-07-30T15:08:02.301861
9,2,4,5,0,5,2026-07-30T15:08:03.575148
9,2,5,5,0,5,2026-07-30T15:08:04.831394
9,2,6,5,0,5,2026-07-30T15:08:06.097953
9,2,7,5,0,5,2026-07-30T15:08:08.049735
9,2,8,5,0,5,2026-07-30T15:08:09.707012
9,2,9,5,0,5,2026-07-30T15:08:11.380832
9,2,10,5,0,5,2026-07-30T15:08:12.644571
9,3,1,5,0,5,2026-07-30T15:08:14.105299
9,3,2,1,0,1,2026-07-30T15:08:15.966511
9,3,3,5,0,5,2026-07-30T15:08:17.631155
9,3,4,3,0,3,2026-07-30T15:08:19.297018
9,3,5,5,0,5,2026-07-30T15:08:21.262522
9,3,6,0,0,0,2026-07-30T15:08:22.915246
9,3,7,5,0,5,2026-07-30T15:08:24.435964
9,3,8,5,0,5,2026-07-30T15:08:25.679458
9,3,9,5,0,5,2026-07-30T15:08:27.161444
9,3,10,5,0,5,2026-07-30T15:08:28.819651
9,4,1,0,0,0,2026-07-30T15:08:30.081616
9,4,2,5,0,5,2026-07-30T15:08:31.342376
9,4,3,5,0,5,2026-07-30T15:08:32.638757
9,4,4,5,0,5,2026-07-30T15:08:34.574925
9,4,5,5,0,5,2026-07-30T15:08:36.035963
9,4,6,5,0,5,2026-07-30T15:08:37.299987
9,4,7,5,0,5,2026-07-30T15:08:39.020032
9,4,8,0,0,0,2026-07-30T15:08:40.873917
9,4,9,5,0,5,2026-07-30T15:08:41.923000
9,4,10,5,0,5,2026-07-30T15:08:43.584734
9,5,1,0,0,0,2026-07-30T15:08:45.305790
9,5,2,0,0,0,2026-07-30T15:08:46.976703
9,5,3,0,0,0,2026-07-30T15:08:48.430481
9,5,4,5,0,5,2026-07-30T15:08:50.080046
9,5,5,0,0,0,2026-07-30T15:08:51.535278
9,5,6,5,0,5,2026-07-30T15:08:52.800844
9,5,7,5,0,5,2026-07-30T15:08:54.039358
9,5,8,0,0,0,2026-07-30T15:08:55.497246
9,5,9,5,0,5,2026-07-30T15:08:57.148214
9,5,10,0,0,0,2026-07-30T15:08:58.612690
9,6,1,5,0,5,2026-07-30T15:09:00.481756
9,6,2,5,0,5,2026-07-30T15:09:01.525458
9,6,3,5,0,5,2026-07-30T15:09:03.393046
9,6,4,5,0,5,2026-07-30T15:09:05.235193
9,6,5,5,0,5,2026-07-30T15:09:06.890392
9,6,6,5,0,5,2026-07-30T15:09:08.138889
9,6,7,5,0,5,2026-07-30T15:09:09.288759
9,6,8,5,0,5,2026-07-30T15:09:10.319324
9,6,9,5,0,5,2026-07-30T15:09:11.992237
9,6,10,5,0,5,2026-07-30T15:09:13.249806
9,7,1,5,0,5,2026-07-30T15:09:14.511505
9,7,2,5,0,5,2026-07-30T15:09:16.159655
9,7,3,5,0,5,2026-07-30T15:09:17.218596
9,7,4,5,0,5,2026-07-30T15:09:19.079435
9,7,5,5,0,5,2026-07-30T15:09:20.759390
9,7,6,5,0,5,2026-07-30T15:09:21.812890
9,7,7,5,0,5,2026-07-30T15:09:23.065164
9,7,8,5,0,5,2026-07-30T15:09:24.913877
9,7,9,5,0,5,2026-07-30T15:09:26.151274
9,7,10,5,0,5,2026-07-30T15:09:27.199767
9,8,1,5,0,5,2026-07-30T15:09:28.859521
9,8,2,5,0,5,2026-07-30T15:09:30.722842
9,8,3,5,0,5,2026-07-30T15:09:31.777830
9,8,4,5,0,5,2026-07-30T15:09:32.813687
9,8,5,5,0,5,2026-07-30T15:09:34.273202
9,8,6,5,0,5,2026-07-30T15:09:35.564434
9,8,7,5,0,5,2026-07-30T15:09:37.244336
9,8,8,5,0,5,2026-07-30T15:09:38.267234
9,8,9,5,0,5,2026-07-30T15:09:40.119912
9,8,10,5,0,5,2026-07-30T15:09:41.379497
9,9,1,5,0,5,2026-07-30T15:09:42.629879
9,9,2,5,0,5,2026-07-30T15:09:44.098428
9,9,3,5,0,5,2026-07-30T15:09:45.756602
9,9,4,5,0,5,2026-07-30T15:09:47.686462
9,9,5,5,0,5,2026-07-30T15:09:49.167628
9,9,6,5,0,5,2026-07-30T15:09:51.066295
9,9,7,5,0,5,2026-07-30T15:09:52.928471
9,9,8,0,0,0,2026-07-30T15:09:54.387468
9,9,9,0,0,0,2026-07-30T15:09:55.854025
9,9,10,5,0,5,2026-07-30T15:09:57.494624
9,10,1,5,0,5,2026-07-30T15:09:59.382164
9,10,2,5,0,5,2026-07-30T15:10:01.047312
9,10,3,5,0,5,2026-07-30T15:10:02.307505
9,10,4,5,0,5,2026-07-30T15:10:03.865687
9,10,5,2,0,2,2026-07-30T15:10:05.522184
9,10,6,5,0,5,2026-07-30T15:10:06.974972
9,10,7,5,0,5,2026-07-30T15:10:08.824690
9,10,8,0,0,0,2026-07-30T15:10:10.081637
9,10,9,5,0,5,2026-07-30T15:10:11.334413
9,10,10,5,0,5,2026-07-30T15:10:13.204111
9,11,1,5,0,5,2026-07-30T15:10:14.273612
9,11,2,5,0,5,2026-07-30T15:10:15.745948
9,11,3,5,0,5,2026-07-30T15:10:17.397865
9,11,4,5,0,5,2026-07-30T15:10:19.252164
9,11,5,5,0,5,2026-07-30T15:10:21.115001
9,11,6,5,0,5,2026-07-30T15:10:22.780068
9,11,7,5,0,5,2026-07-30T15:10:24.250769
9,11,8,5,0,5,2026-07-30T15:10:25.722633
9,11,9,5,0,5,2026-07-30T15:10:27.587199
9,11,10,5,0,5,2026-07-30T15:10:29.038215
9,12,1,5,0,5,2026-07-30T15:10:30.297045
9,12,2,5,0,5,2026-07-30T15:10:32.130303
9,12,3,5,0,5,2026-07-30T15:10:33.598411
9,12,4,5,0,5,2026-07-30T15:10:35.476749
9,12,5,5,0,5,2026-07-30T15:10:36.518501
9,12,6,5,0,5,2026-07-30T15:10:38.185039
9,12,7,5,0,5,2026-07-30T15:10:40.046331
9,12,8,5,0,5,2026-07-30T15:10:41.917831
9,12,9,5,0,5,2026-07-30T15:10:43.775461
9,12,10,5,0,5,2026-07-30T15:10:45.034639
9,13,1,5,0,5,2026-07-30T15:10:46.087393
9,13,2,5,0,5,2026-07-30T15:10:47.725154
9,13,3,5,0,5,2026-07-30T15:10:48.781640
9,13,4,5,0,5,2026-07-30T15:10:49.824062
9,13,5,5,0,5,2026-07-30T15:10:51.482135
9,13,6,5,0,5,2026-07-30T15:10:52.734713
9,13,7,5,0,5,2026-07-30T15:10:53.975279
9,13,8,5,0,5,2026-07-30T15:10:55.438166
9,13,9,5,0,5,2026-07-30T15:10:56.278435
9,13,10,5,0,5,2026-07-30T15:10:57.332165
9,14,1,5,0,5,2026-07-30T15:10:58.583619
9,14,2,5,0,5,2026-07-30T15:11:00.427786
9,14,3,5,0,5,2026-07-30T15:11:01.655664
9,14,4,5,0,5,2026-07-30T15:11:03.530635
9,14,5,5,0,5,2026-07-30T15:11:05.176637
9,14,6,5,0,5,2026-07-30T15:11:07.044920
9,14,7,5,0,5,2026-07-30T15:11:08.899219
9,14,8,5,0,5,2026-07-30T15:11:10.578244
9,14,9,5,0,5,2026-07-30T15:11:11.813126
9,14,10,4,0,4,2026-07-30T15:11:13.454097
9,15,1,5,0,5,2026-07-30T15:11:15.170685
9,15,2,5,0,5,2026-07-30T15:11:16.426220
9,15,3,5,0,5,2026-07-30T15:11:17.695440
9,15,4,5,0,5,2026-07-30T15:11:19.560766
9,15,5,5,0,5,2026-07-30T15:11:20.620937
9,15,6,5,0,5,2026-07-30T15:11:22.509889
9,15,7,5,0,5,2026-07-30T15:11:24.375908
9,15,8,5,0,5,2026-07-30T15:11:26.080578
9,15,9,5,0,5,2026-07-30T15:11:27.125112
9,15,10,5,0,5,2026-07-30T15:11:28.990685
9,16,1,5,0,5,2026-07-30T15:11:30.236386
9,16,2,5,0,5,2026-07-30T15:11:31.281033
9,16,3,5,0,5,2026-07-30T15:11:32.940630
9,16,4,5,0,5,2026-07-30T15:11:34.194688
9,16,5,5,0,5,2026-07-30T15:11:35.442444
9,16,6,5,0,5,2026-07-30T15:11:37.523146
9,16,7,5,0,5,2026-07-30T15:11:39.180272
9,16,8,5,0,5,2026-07-30T15:11:41.021853
9,16,9,5,0,5,2026-07-30T15:11:42.250877
9,16,10,5,0,5,2026-07-30T15:11:44.136543
9,17,1,5,0,5,2026-07-30T15:11:45.996863
9,17,2,5,0,5,2026-07-30T15:11:47.429824
9,17,3,5,0,5,2026-07-30T15:11:48.872680
9,17,4,5,0,5,2026-07-30T15:11:50.935038
9,17,5,5,0,5,2026-07-30T15:11:52.610632
9,17,6,5,0,5,2026-07-30T15:11:53.651144
9,17,7,5,0,5,2026-07-30T15:11:55.305234
9,17,8,5,0,5,2026-07-30T15:11:56.958561
9,17,9,5,0,5,2026-07-30T15:11:58.444193
9,17,10,5,0,5,2026-07-30T15:12:00.343702
9,18,1,0,0,0,2026-07-30T15:12:01.845620
9,18,2,0,0,0,2026-07-30T15:12:02.895030
9,18,3,5,0,5,2026-07-30T15:12:04.140823
9,18,4,0,0,0,2026-07-30T15:12:05.612784
9,18,5,0,0,0,2026-07-30T15:12:07.274908
9,18,6,5,0,5,2026-07-30T15:12:08.326946
9,18,7,4,0,4,2026-07-30T15:12:09.572361
9,18,8,0,0,0,2026-07-30T15:12:11.226618
9,18,9,0,0,0,2026-07-30T15:12:13.082916
9,18,10,5,0,5,2026-07-30T15:12:14.518050
9,19,1,0,0,0,2026-07-30T15:12:15.757333
9,19,2,5,0,5,2026-07-30T15:12:17.392926
9,19,3,0,0,0,2026-07-30T15:12:18.843218
9,19,4,0,0,0,2026-07-30T15:12:20.294355
9,19,5,0,0,0,2026-07-30T15:12:22.158534
9,19,6,5,0,5,2026-07-30T15:12:24.003627
9,19,7,5,0,5,2026-07-30T15:12:25.690546
9,19,8,5,0,5,2026-07-30T15:12:27.769293
9,19,9,5,0,5,2026-07-30T15:12:29.633293
9,19,10,0,0,0,2026-07-30T15:12:31.496103
9,20,1,5,0,5,2026-07-30T15:12:32.551905
9,20,2,5,0,5,2026-07-30T15:12:33.996139
9,20,3,5,0,5,2026-07-30T15:12:35.514883
9,20,4,5,0,5,2026-07-30T15:12:37.174246
9,20,5,5,0,5,2026-07-30T15:12:38.226820
9,20,6,5,0,5,2026-07-30T15:12:39.483186
9,20,7,5,0,5,2026-07-30T15:12:46.216463
9,20,8,5,0,5,2026-07-30T15:12:48.090467
9,20,9,5,0,5,2026-07-30T15:12:49.529051
9,20,10,5,0,5,2026-07-30T15:12:50.591820
9,21,1,5,0,5,2026-07-30T15:12:52.265840
9,21,2,5,0,5,2026-07-30T15:12:53.735988
9,21,3,5,0,5,2026-07-30T15:12:55.595161
9,21,4,5,0,5,2026-07-30T15:12:56.636000
9,21,5,5,0,5,2026-07-30T15:12:58.493379
9,21,6,5,0,5,2026-07-30T15:12:59.939295
9,21,7,5,0,5,2026-07-30T15:13:01.218655
9,21,8,5,0,5,2026-07-30T15:13:02.862093
9,21,9,5,0,5,2026-07-30T15:13:04.309772
9,21,10,5,0,5,2026-07-30T15:13:05.991013
9,22,1,5,0,5,2026-07-30T15:13:07.864835
9,22,2,5,0,5,2026-07-30T15:13:09.571250
9,22,3,5,0,5,2026-07-30T15:13:10.666928
9,22,4,5,0,5,2026-07-30T15:13:11.928721
9,22,5,5,0,5,2026-07-30T15:13:12.976501
9,22,6,5,0,5,2026-07-30T15:13:15.650374
9,22,7,5,0,5,2026-07-30T15:13:16.708521
9,22,8,5,0,5,2026-07-30T15:13:18.367342
9,22,9,5,0,5,2026-07-30T15:13:20.044937
9,22,10,5,0,5,2026-07-30T15:13:21.308025
9,23,1,5,0,5,2026-07-30T15:13:22.962860
9,23,2,5,0,5,2026-07-30T15:13:24.677221
9,23,3,5,0,5,2026-07-30T15:13:25.821551
9,23,4,5,0,5,2026-07-30T15:13:27.338672
9,23,5,5,0,5,2026-07-30T15:13:29.079421
9,23,6,5,0,5,2026-07-30T15:13:30.925101
9,23,7,5,0,5,2026-07-30T15:13:32.393456
9,23,8,5,0,5,2026-07-30T15:13:34.270321
9,23,9,5,0,5,2026-07-30T15:13:35.503527
9,23,10,5,0,5,2026-07-30T15:13:37.571979
9,24,1,5,0,5,2026-07-30T15:13:39.034860
9,24,2,5,0,5,2026-07-30T15:13:40.918218
9,24,3,5,0,5,2026-07-30T15:13:42.403896
9,24,4,5,0,5,2026-07-30T15:13:43.928264
9,24,5,5,0,5,2026-07-30T15:13:45.766798
9,24,6,5,0,5,2026-07-30T15:13:47.637397
9,24,7,5,0,5,2026-07-30T15:13:48.880565
9,24,8,5,0,5,2026-07-30T15:13:50.753258
9,24,9,5,0,5,2026-07-30T15:13:52.194044
9,24,10,5,0,5,2026-07-30T15:13:54.052248
9,25,1,5,0,5,2026-07-30T15:13:55.926667
9,25,2,5,0,5,2026-07-30T15:13:57.177702
9,25,3,5,0,5,2026-07-30T15:13:58.219767
9,25,4,5,0,5,2026-07-30T15:14:00.058403
9,25,5,5,0,5,2026-07-30T15:14:02.102236
9,25,6,4,0,4,2026-07-30T15:14:03.759248
9,25,7,5,0,5,2026-07-30T15:14:05.406014
9,25,8,5,0,5,2026-07-30T15:14:06.456348
9,25,9,5,0,5,2026-07-30T15:14:07.902604
9,25,10,5,0,5,2026-07-30T15:14:09.336682
9,26,1,5,0,5,2026-07-30T15:14:12.101919
9,26,2,5,0,5,2026-07-30T15:14:13.977031
9,26,3,5,0,5,2026-07-30T15:14:15.219990
9,26,4,5,0,5,2026-07-30T15:14:16.651359
9,26,5,5,0,5,2026-07-30T15:14:18.511051
9,26,6,5,0,5,2026-07-30T15:14:20.353228
9,26,7,5,0,5,2026-07-30T15:14:21.813256
9,26,8,5,0,5,2026-07-30T15:14:23.056739
9,26,9,5,0,5,2026-07-30T15:14:24.508646
9,26,10,5,0,5,2026-07-30T15:14:25.955596
9,27,1,5,0,5,2026-07-30T15:14:27.214848
9,27,2,5,0,5,2026-07-30T15:14:28.474487
9,27,3,5,0,5,2026-07-30T15:14:29.917321
9,27,4,5,0,5,2026-07-30T15:14:31.365565
9,27,5,5,0,5,2026-07-30T15:14:32.475895
9,27,6,5,0,5,2026-07-30T15:14:33.912474
9,27,7,5,0,5,2026-07-30T15:14:35.841459
9,27,8,5,0,5,2026-07-30T15:14:37.097485
9,27,9,5,0,5,2026-07-30T15:14:38.372686
9,27,10,5,0,5,2026-07-30T15:14:40.036462
9,28,1,5,0,5,2026-07-30T15:14:41.295942
9,28,2,5,0,5,2026-07-30T15:14:42.763153
9,28,3,5,0,5,2026-07-30T15:14:44.218653
9,28,4,5,0,5,2026-07-30T15:14:45.482460
9,28,5,5,0,5,2026-07-30T15:14:46.529554
9,28,6,5,0,5,2026-07-30T15:14:47.789949
9,28,7,5,0,5,2026-07-30T15:14:49.663213
9,28,8,5,0,5,2026-07-30T15:14:50.903526
9,28,9,5,0,5,2026-07-30T15:14:52.552033
9,28,10,5,0,5,2026-07-30T15:14:53.608133
9,29,1,5,0,5,2026-07-30T15:14:54.848451
9,29,2,5,0,5,2026-07-30T15:14:56.105933
9,29,3,5,0,5,2026-07-30T15:14:57.177661
9,29,4,5,0,5,2026-07-30T15:14:59.042875
9,29,5,5,0,5,2026-07-30T15:15:00.911368
9,29,6,5,0,5,2026-07-30T15:15:02.353667
9,29,7,5,0,5,2026-07-30T15:15:03.783370
9,29,8,5,0,5,2026-07-30T15:15:05.446460
9,29,9,5,0,5,2026-07-30T15:15:07.083539
9,29,10,5,0,5,2026-07-30T15:15:08.741431
9,30,1,5,0,5,2026-07-30T15:15:09.992087
9,30,2,5,0,5,2026-07-30T15:15:11.227135
9,30,3,5,0,5,2026-07-30T15:15:13.082445
9,30,4,5,0,5,2026-07-30T15:15:14.955467
9,30,5,5,0,5,2026-07-30T15:15:16.218041
9,30,6,5,0,5,2026-07-30T15:15:18.075401
9,30,7,5,0,5,2026-07-30T15:15:19.106404
9,30,8,5,0,5,2026-07-30T15:15:20.977435
9,30,9,5,0,5,2026-07-30T15:15:22.853523
9,30,10,5,0,5,2026-07-30T15:15:24.316176
10,1,1,5,0,5,2026-07-30T15:15:26.372413
10,1,2,5,0,5,2026-07-30T15:15:27.435299
10,1,3,5,0,5,2026-07-30T15:15:28.677818
10,1,4,5,0,5,2026-07-30T15:15:30.126992
10,1,5,5,0,5,2026-07-30T15:15:31.594661
10,1,6,5,0,5,2026-07-30T15:15:33.446165
10,1,7,5,0,5,2026-07-30T15:15:34.709799
10,1,8,5,0,5,2026-07-30T15:15:36.574563
10,1,9,5,0,5,2026-07-30T15:15:38.432766
10,1,10,5,0,5,2026-07-30T15:15:40.072940
10,2,1,5,0,5,2026-07-30T15:15:41.129924
10,2,2,5,0,5,2026-07-30T15:15:42.574660
10,2,3,5,0,5,2026-07-30T15:15:44.224775
10,2,4,5,0,5,2026-07-30T15:15:46.080403
10,2,5,5,0,5,2026-07-30T15:15:47.743805
10,2,6,5,0,5,2026-07-30T15:15:49.386764
10,2,7,5,0,5,2026-07-30T15:15:50.409785
10,2,8,5,0,5,2026-07-30T15:15:51.459595
10,2,9,5,0,5,2026-07-30T15:15:53.323404
10,2,10,5,0,5,2026-07-30T15:15:54.370262
10,3,1,0,0,0,2026-07-30T15:15:56.025416
10,3,2,2,0,2,2026-07-30T15:15:57.903636
10,3,3,0,0,0,2026-07-30T15:15:59.361940
10,3,4,0,0,0,2026-07-30T15:16:00.411528
10,3,5,4,0,4,2026-07-30T15:16:01.863368
10,3,6,3,0,3,2026-07-30T15:16:03.707509
10,3,7,3,0,3,2026-07-30T15:16:04.948464
10,3,8,1,0,1,2026-07-30T15:16:06.597917
10,3,9,5,0,5,2026-07-30T15:16:07.853110
10,3,10,5,0,5,2026-07-30T15:16:09.499021
10,4,1,0,0,0,2026-07-30T15:16:10.754277
10,4,2,0,0,0,2026-07-30T15:16:12.590516
10,4,3,0,0,0,2026-07-30T15:16:14.615340
10,4,4,0,0,0,2026-07-30T15:16:16.050663
10,4,5,0,0,0,2026-07-30T15:16:17.086702
10,4,6,0,0,0,2026-07-30T15:16:18.731725
10,4,7,0,0,0,2026-07-30T15:16:20.171274
10,4,8,0,0,0,2026-07-30T15:16:21.425847
10,4,9,0,0,0,2026-07-30T15:16:22.647047
10,4,10,0,0,0,2026-07-30T15:16:26.878049
10,5,1,0,0,0,2026-07-30T15:16:28.535682
10,5,2,0,0,0,2026-07-30T15:16:30.191451
10,5,3,5,0,5,2026-07-30T15:16:31.659838
10,5,4,0,0,0,2026-07-30T15:16:32.925044
10,5,5,0,0,0,2026-07-30T15:16:34.563599
10,5,6,5,0,5,2026-07-30T15:16:36.427216
10,5,7,5,0,5,2026-07-30T15:16:38.302028
10,5,8,0,0,0,2026-07-30T15:16:39.963613
10,5,9,5,0,5,2026-07-30T15:16:41.631748
10,5,10,5,0,5,2026-07-30T15:16:43.103412
10,6,1,5,0,5,2026-07-30T15:16:44.164313
10,6,2,5,0,5,2026-07-30T15:16:45.807686
10,6,3,5,0,5,2026-07-30T15:16:47.268182
10,6,4,5,0,5,2026-07-30T15:16:49.113459
10,6,5,5,0,5,2026-07-30T15:16:50.813452
10,6,6,5,0,5,2026-07-30T15:16:52.868141
10,6,7,5,0,5,2026-07-30T15:16:54.121088
10,6,8,5,0,5,2026-07-30T15:16:55.375332
10,6,9,5,0,5,2026-07-30T15:16:57.021740
10,6,10,5,0,5,2026-07-30T15:16:58.067498
10,7,1,5,0,5,2026-07-30T15:16:59.317486
10,7,2,5,0,5,2026-07-30T15:17:00.380602
10,7,3,5,0,5,2026-07-30T15:17:02.253029
10,7,4,5,0,5,2026-07-30T15:17:04.113748
10,7,5,5,0,5,2026-07-30T15:17:05.754331
10,7,6,5,0,5,2026-07-30T15:17:07.403692
10,7,7,5,0,5,2026-07-30T15:17:09.248080
10,7,8,5,0,5,2026-07-30T15:17:10.503845
10,7,9,5,0,5,2026-07-30T15:17:11.945446
10,7,10,5,0,5,2026-07-30T15:17:14.874736
10,8,1,5,0,5,2026-07-30T15:17:16.714861
10,8,2,3,0,3,2026-07-30T15:17:18.603541
10,8,3,5,0,5,2026-07-30T15:17:20.651135
10,8,4,5,0,5,2026-07-30T15:17:22.092721
10,8,5,5,0,5,2026-07-30T15:17:23.732034
10,8,6,4,0,4,2026-07-30T15:17:25.632015
10,8,7,5,0,5,2026-07-30T15:17:27.310215
10,8,8,5,0,5,2026-07-30T15:17:28.733608
10,8,9,5,0,5,2026-07-30T15:17:30.374696
10,8,10,4,0,4,2026-07-30T15:17:31.613896
10,9,1,0,0,0,2026-07-30T15:17:32.650617
10,9,2,0,0,0,2026-07-30T15:17:34.083640
10,9,3,0,0,0,2026-07-30T15:17:35.329918
10,9,4,0,0,0,2026-07-30T15:17:36.365228
10,9,5,0,0,0,2026-07-30T15:17:38.234572
10,9,6,0,0,0,2026-07-30T15:17:39.289195
10,9,7,0,0,0,2026-07-30T15:17:40.721118
10,9,8,0,0,0,2026-07-30T15:17:41.773961
10,9,9,0,0,0,2026-07-30T15:17:42.809130
10,9,10,0,0,0,2026-07-30T15:17:44.261862
10,10,1,5,0,5,2026-07-30T15:17:46.108543
10,10,2,5,0,5,2026-07-30T15:17:47.963018
10,10,3,5,0,5,2026-07-30T15:17:49.412956
10,10,4,5,0,5,2026-07-30T15:17:50.840730
10,10,5,5,0,5,2026-07-30T15:17:52.488438
10,10,6,5,0,5,2026-07-30T15:17:54.132288
10,10,7,0,0,0,2026-07-30T15:17:56.004854
10,10,8,5,0,5,2026-07-30T15:17:58.071747
10,10,9,5,0,5,2026-07-30T15:17:59.526125
10,10,10,5,0,5,2026-07-30T15:18:00.587474
10,11,1,5,0,5,2026-07-30T15:18:02.228136
10,11,2,5,0,5,2026-07-30T15:18:03.666572
10,11,3,5,0,5,2026-07-30T15:18:05.341576
10,11,4,5,0,5,2026-07-30T15:18:07.001738
10,11,5,5,0,5,2026-07-30T15:18:08.065031
10,11,6,5,0,5,2026-07-30T15:18:09.105631
10,11,7,5,0,5,2026-07-30T15:18:10.753613
10,11,8,5,0,5,2026-07-30T15:18:11.990252
10,11,9,5,0,5,2026-07-30T15:18:13.006810
10,11,10,5,0,5,2026-07-30T15:18:14.473727
10,12,1,5,0,5,2026-07-30T15:18:16.122973
10,12,2,5,0,5,2026-07-30T15:18:17.373797
10,12,3,5,0,5,2026-07-30T15:18:19.044542
10,12,4,5,0,5,2026-07-30T15:18:20.718431
10,12,5,5,0,5,2026-07-30T15:18:21.954234
10,12,6,5,0,5,2026-07-30T15:18:23.222811
10,12,7,5,0,5,2026-07-30T15:18:25.094210
10,12,8,5,0,5,2026-07-30T15:18:26.954686
10,12,9,5,0,5,2026-07-30T15:18:28.199404
10,12,10,5,0,5,2026-07-30T15:18:30.062052
10,13,1,5,0,5,2026-07-30T15:18:31.702668
10,13,2,5,0,5,2026-07-30T15:18:33.168252
10,13,3,3,0,3,2026-07-30T15:18:34.418103
10,13,4,5,0,5,2026-07-30T15:18:35.477719
10,13,5,2,0,2,2026-07-30T15:18:37.332685
10,13,6,5,0,5,2026-07-30T15:18:38.352888
10,13,7,3,0,3,2026-07-30T15:18:39.816498
10,13,8,5,0,5,2026-07-30T15:18:41.691720
10,13,9,5,0,5,2026-07-30T15:18:42.746856
10,13,10,5,0,5,2026-07-30T15:18:44.607752
10,14,1,5,0,5,2026-07-30T15:18:46.072242
10,14,2,5,0,5,2026-07-30T15:18:47.328987
10,14,3,3,0,3,2026-07-30T15:18:48.767017
10,14,4,5,0,5,2026-07-30T15:18:49.816870
10,14,5,5,0,5,2026-07-30T15:18:51.471394
10,14,6,5,0,5,2026-07-30T15:18:52.906506
10,14,7,5,0,5,2026-07-30T15:18:54.784365
10,14,8,4,0,4,2026-07-30T15:18:56.225467
10,14,9,5,0,5,2026-07-30T15:18:57.688292
10,14,10,5,0,5,2026-07-30T15:18:59.342408
10,15,1,0,0,0,2026-07-30T15:19:00.588643
10,15,2,0,0,0,2026-07-30T15:19:02.247467
10,15,3,0,0,0,2026-07-30T15:19:03.887793
10,15,4,0,0,0,2026-07-30T15:19:04.950043
10,15,5,0,0,0,2026-07-30T15:19:06.805677
10,15,6,0,0,0,2026-07-30T15:19:08.863422
10,15,7,0,0,0,2026-07-30T15:19:10.105540
10,15,8,0,0,0,2026-07-30T15:19:11.747226
10,15,9,0,0,0,2026-07-30T15:19:13.214223
10,15,10,0,0,0,2026-07-30T15:19:14.879447
10,16,1,5,0,5,2026-07-30T15:19:16.730194
10,16,2,5,0,5,2026-07-30T15:19:18.574512
10,16,3,5,0,5,2026-07-30T15:19:20.413954
10,16,4,5,0,5,2026-07-30T15:19:21.661396
10,16,5,5,0,5,2026-07-30T15:19:23.081606
10,16,6,5,0,5,2026-07-30T15:19:24.947830
10,16,7,5,0,5,2026-07-30T15:19:26.384957
10,16,8,5,0,5,2026-07-30T15:19:27.638670
10,16,9,5,0,5,2026-07-30T15:19:29.325257
10,16,10,5,0,5,2026-07-30T15:19:30.766099
10,17,1,5,0,5,2026-07-30T15:19:32.423745
10,17,2,5,0,5,2026-07-30T15:19:33.924344
10,17,3,5,0,5,2026-07-30T15:19:34.962427
10,17,4,5,0,5,2026-07-30T15:19:36.194004
10,17,5,5,0,5,2026-07-30T15:19:37.449078
10,17,6,5,0,5,2026-07-30T15:19:39.295737
10,17,7,5,0,5,2026-07-30T15:19:41.151870
10,17,8,5,0,5,2026-07-30T15:19:42.587829
10,17,9,5,0,5,2026-07-30T15:19:44.235637
10,17,10,5,0,5,2026-07-30T15:19:45.287227
10,18,1,5,0,5,2026-07-30T15:19:47.139366
10,18,2,5,0,5,2026-07-30T15:19:48.167225
10,18,3,5,0,5,2026-07-30T15:19:49.447344
10,18,4,5,0,5,2026-07-30T15:19:50.525109
10,18,5,5,0,5,2026-07-30T15:19:52.183479
10,18,6,5,0,5,2026-07-30T15:19:54.069959
10,18,7,5,0,5,2026-07-30T15:19:55.721626
10,18,8,5,0,5,2026-07-30T15:19:57.596480
10,18,9,5,0,5,2026-07-30T15:19:59.439228
10,18,10,5,0,5,2026-07-30T15:20:01.321119
10,19,1,3,0,3,2026-07-30T15:20:03.190869
10,19,2,0,0,0,2026-07-30T15:20:04.871954
10,19,3,4,0,4,2026-07-30T15:20:06.143547
10,19,4,4,0,4,2026-07-30T15:20:07.812152
10,19,5,4,0,4,2026-07-30T15:20:09.077110
10,19,6,0,0,0,2026-07-30T15:20:10.780947
10,19,7,4,0,4,2026-07-30T15:20:12.655493
10,19,8,0,0,0,2026-07-30T15:20:14.322021
10,19,9,5,0,5,2026-07-30T15:20:16.172784
10,19,10,5,0,5,2026-07-30T15:20:17.830992
10,20,1,5,0,5,2026-07-30T15:20:19.501278
10,20,2,5,0,5,2026-07-30T15:20:21.407215
10,20,3,5,0,5,2026-07-30T15:20:23.273197
10,20,4,5,0,5,2026-07-30T15:20:25.331374
10,20,5,5,0,5,2026-07-30T15:20:26.792888
10,20,6,5,0,5,2026-07-30T15:20:28.864017
10,20,7,5,0,5,2026-07-30T15:20:30.551555
10,20,8,5,0,5,2026-07-30T15:20:31.829442
10,20,9,5,0,5,2026-07-30T15:20:36.130892
10,20,10,5,0,5,2026-07-30T15:20:37.802293
10,21,1,5,0,5,2026-07-30T15:20:39.664659
10,21,2,5,0,5,2026-07-30T15:20:41.131281
10,21,3,5,0,5,2026-07-30T15:20:42.576335
10,21,4,5,0,5,2026-07-30T15:20:44.221557
10,21,5,5,0,5,2026-07-30T15:20:46.068961
10,21,6,5,0,5,2026-07-30T15:20:47.910172
10,21,7,5,0,5,2026-07-30T15:20:49.140212
10,21,8,5,0,5,2026-07-30T15:20:50.685887
10,21,9,5,0,5,2026-07-30T15:20:52.558849
10,21,10,5,0,5,2026-07-30T15:20:54.216158
10,22,1,5,0,5,2026-07-30T15:20:56.071097
10,22,2,5,0,5,2026-07-30T15:20:57.733794
10,22,3,5,0,5,2026-07-30T15:20:58.993655
10,22,4,5,0,5,2026-07-30T15:21:00.858476
10,22,5,5,0,5,2026-07-30T15:21:02.308433
10,22,6,5,0,5,2026-07-30T15:21:03.777962
10,22,7,5,0,5,2026-07-30T15:21:05.206189
10,22,8,5,0,5,2026-07-30T15:21:06.247674
10,22,9,5,0,5,2026-07-30T15:21:07.688986
10,22,10,5,0,5,2026-07-30T15:21:09.551527
10,23,1,5,0,5,2026-07-30T15:21:11.421802
10,23,2,5,0,5,2026-07-30T15:21:13.075426
10,23,3,5,0,5,2026-07-30T15:21:14.516504
10,23,4,5,0,5,2026-07-30T15:21:15.782770
10,23,5,5,0,5,2026-07-30T15:21:17.033110
10,23,6,5,0,5,2026-07-30T15:21:18.282176
10,23,7,5,0,5,2026-07-30T15:21:19.936440
10,23,8,5,0,5,2026-07-30T15:21:21.807413
10,23,9,5,0,5,2026-07-30T15:21:23.046238
10,23,10,5,0,5,2026-07-30T15:21:24.322846
10,24,1,0,0,0,2026-07-30T15:21:26.177685
10,24,2,0,0,0,2026-07-30T15:21:27.612043
10,24,3,0,0,0,2026-07-30T15:21:29.289825
10,24,4,0,0,0,2026-07-30T15:21:30.545245
10,24,5,0,0,0,2026-07-30T15:21:32.632166
10,24,6,0,0,0,2026-07-30T15:21:34.667565
10,24,7,0,0,0,2026-07-30T15:21:35.747221
10,24,8,0,0,0,2026-07-30T15:21:37.619415
10,24,9,0,0,0,2026-07-30T15:21:39.081112
10,24,10,0,0,0,2026-07-30T15:21:40.517724
10,25,1,5,0,5,2026-07-30T15:21:42.567984
10,25,2,5,0,5,2026-07-30T15:21:44.227213
10,25,3,0,0,0,2026-07-30T15:21:46.105544
10,25,4,5,0,5,2026-07-30T15:21:47.962578
10,25,5,0,0,0,2026-07-30T15:21:50.039754
10,25,6,5,0,5,2026-07-30T15:21:51.510858
10,25,7,0,0,0,2026-07-30T15:21:52.958937
10,25,8,5,0,5,2026-07-30T15:21:54.814753
10,25,9,0,0,0,2026-07-30T15:21:56.071864
10,25,10,0,0,0,2026-07-30T15:21:57.718658
10,26,1,5,0,5,2026-07-30T15:21:59.202838
10,26,2,5,0,5,2026-07-30T15:22:00.266810
10,26,3,5,0,5,2026-07-30T15:22:01.936623
10,26,4,5,0,5,2026-07-30T15:22:03.799263
10,26,5,5,0,5,2026-07-30T15:22:05.048046
10,26,6,5,0,5,2026-07-30T15:22:06.097661
10,26,7,5,0,5,2026-07-30T15:22:07.143280
10,26,8,5,0,5,2026-07-30T15:22:08.396675
10,26,9,5,0,5,2026-07-30T15:22:10.039610
10,26,10,5,0,5,2026-07-30T15:22:11.064985
10,27,1,5,0,5,2026-07-30T15:22:12.940851
10,27,2,5,0,5,2026-07-30T15:22:14.399793
10,27,3,5,0,5,2026-07-30T15:22:16.090659
10,27,4,5,0,5,2026-07-30T15:22:17.753370
10,27,5,5,0,5,2026-07-30T15:22:19.028916
10,27,6,5,0,5,2026-07-30T15:22:20.951206
10,27,7,5,0,5,2026-07-30T15:22:22.215365
10,27,8,5,0,5,2026-07-30T15:22:23.711608
10,27,9,5,0,5,2026-07-30T15:22:25.373193
10,27,10,5,0,5,2026-07-30T15:22:26.412069
10,28,1,5,0,5,2026-07-30T15:22:28.100531
10,28,2,5,0,5,2026-07-30T15:22:29.979987
10,28,3,5,0,5,2026-07-30T15:22:31.025588
10,28,4,5,0,5,2026-07-30T15:22:32.676423
10,28,5,5,0,5,2026-07-30T15:22:34.187015
10,28,6,5,0,5,2026-07-30T15:22:35.450000
10,28,7,4,0,4,2026-07-30T15:22:37.101929
10,28,8,5,0,5,2026-07-30T15:22:38.184097
10,28,9,5,0,5,2026-07-30T15:22:40.064950
10,28,10,4,0,4,2026-07-30T15:22:41.319516
10,29,1,5,0,5,2026-07-30T15:22:42.780571
10,29,2,5,0,5,2026-07-30T15:22:44.643900
10,29,3,5,0,5,2026-07-30T15:22:46.112332
10,29,4,5,0,5,2026-07-30T15:22:47.364353
10,29,5,5,0,5,2026-07-30T15:22:48.415240
10,29,6,5,0,5,2026-07-30T15:22:50.279347
10,29,7,5,0,5,2026-07-30T15:22:51.343385
10,29,8,5,0,5,2026-07-30T15:22:53.202931
10,29,9,5,0,5,2026-07-30T15:22:54.445155
10,29,10,5,0,5,2026-07-30T15:22:55.906502
10,30,1,5,0,5,2026-07-30T15:22:57.361844
10,30,2,5,0,5,2026-07-30T15:22:58.611988
10,30,3,5,0,5,2026-07-30T15:23:00.257039
10,30,4,5,0,5,2026-07-30T15:23:02.118238
10,30,5,5,0,5,2026-07-30T15:23:03.778969
10,30,6,5,0,5,2026-07-30T15:23:05.631908
10,30,7,5,0,5,2026-07-30T15:23:07.288433
10,30,8,5,0,5,2026-07-30T15:23:08.733186
10,30,9,5,0,5,2026-07-30T15:23:10.631330
10,30,10,5,0,5,2026-07-30T15:23:12.069283
11,1,1,5,0,5,2026-07-30T15:23:13.529995
11,1,2,5,0,5,2026-07-30T15:23:14.766234
11,1,3,5,0,5,2026-07-30T15:23:16.233265
11,1,4,5,0,5,2026-07-30T15:23:17.291461
11,1,5,5,0,5,2026-07-30T15:23:18.544691
11,1,6,5,0,5,2026-07-30T15:23:19.781838
11,1,7,5,0,5,2026-07-30T15:23:21.841411
11,1,8,5,0,5,2026-07-30T15:23:23.483001
11,1,9,5,0,5,2026-07-30T15:23:25.318738
11,1,10,5,0,5,2026-07-30T15:23:26.582636
11,2,1,5,0,5,2026-07-30T15:23:28.035947
11,2,2,5,0,5,2026-07-30T15:23:29.896757
11,2,3,5,0,5,2026-07-30T15:23:31.746117
11,2,4,5,0,5,2026-07-30T15:23:33.195353
11,2,5,5,0,5,2026-07-30T15:23:34.214131
11,2,6,5,0,5,2026-07-30T15:23:36.054767
11,2,7,5,0,5,2026-07-30T15:23:37.297928
11,2,8,5,0,5,2026-07-30T15:23:38.746362
11,2,9,5,0,5,2026-07-30T15:23:40.388145
11,2,10,5,0,5,2026-07-30T15:23:42.039960
11,3,1,0,0,0,2026-07-30T15:23:44.100116
11,3,2,0,0,0,2026-07-30T15:23:45.336278
11,3,3,0,0,0,2026-07-30T15:23:46.801051
11,3,4,0,0,0,2026-07-30T15:23:48.684115
11,3,5,2,0,2,2026-07-30T15:23:49.729876
11,3,6,1,0,1,2026-07-30T15:23:50.790085
11,3,7,2,0,2,2026-07-30T15:23:51.821444
11,3,8,2,0,2,2026-07-30T15:23:53.684217
11,3,9,2,0,2,2026-07-30T15:23:55.750039
11,3,10,2,0,2,2026-07-30T15:23:57.421432
11,4,1,0,0,0,2026-07-30T15:23:59.103068
11,4,2,0,0,0,2026-07-30T15:24:00.139401
11,4,3,0,0,0,2026-07-30T15:24:01.188737
11,4,4,0,0,0,2026-07-30T15:24:02.437719
11,4,5,0,0,0,2026-07-30T15:24:04.109107
11,4,6,0,0,0,2026-07-30T15:24:05.171113
11,4,7,0,0,0,2026-07-30T15:24:07.012519
11,4,8,0,0,0,2026-07-30T15:24:09.070640
11,4,9,0,0,0,2026-07-30T15:24:10.714269
11,4,10,0,0,0,2026-07-30T15:24:12.162754
11,5,1,0,0,0,2026-07-30T15:24:13.199985
11,5,2,0,0,0,2026-07-30T15:24:15.050509
11,5,3,0,0,0,2026-07-30T15:24:16.920896
11,5,4,0,0,0,2026-07-30T15:24:18.953129
11,5,5,0,0,0,2026-07-30T15:24:20.406000
11,5,6,0,0,0,2026-07-30T15:24:22.081403
11,5,7,0,0,0,2026-07-30T15:24:23.136285
11,5,8,0,0,0,2026-07-30T15:24:24.793238
11,5,9,0,0,0,2026-07-30T15:24:25.829025
11,5,10,0,0,0,2026-07-30T15:24:27.494347
11,6,1,5,0,5,2026-07-30T15:24:29.059422
11,6,2,5,0,5,2026-07-30T15:24:30.932425
11,6,3,5,0,5,2026-07-30T15:24:32.604642
11,6,4,5,0,5,2026-07-30T15:24:34.073145
11,6,5,5,0,5,2026-07-30T15:24:35.141767
11,6,6,5,0,5,2026-07-30T15:24:36.643944
11,6,7,5,0,5,2026-07-30T15:24:37.903622
11,6,8,5,0,5,2026-07-30T15:24:39.333556
11,6,9,5,0,5,2026-07-30T15:24:40.780800
11,6,10,5,0,5,2026-07-30T15:24:42.652201
11,7,1,5,0,5,2026-07-30T15:24:43.735579
11,7,2,5,0,5,2026-07-30T15:24:45.218587
11,7,3,5,0,5,2026-07-30T15:24:46.866899
11,7,4,5,0,5,2026-07-30T15:24:48.117155
11,7,5,5,0,5,2026-07-30T15:24:49.368877
11,7,6,5,0,5,2026-07-30T15:24:50.621412
11,7,7,5,0,5,2026-07-30T15:24:52.310420
11,7,8,5,0,5,2026-07-30T15:24:53.775716
11,7,9,5,0,5,2026-07-30T15:24:54.856567
11,7,10,5,0,5,2026-07-30T15:24:56.720064
11,8,1,5,0,5,2026-07-30T15:24:58.380025
11,8,2,5,0,5,2026-07-30T15:24:59.604345
11,8,3,5,0,5,2026-07-30T15:25:01.055019
11,8,4,5,0,5,2026-07-30T15:25:02.528568
11,8,5,5,0,5,2026-07-30T15:25:04.179985
11,8,6,5,0,5,2026-07-30T15:25:05.644652
11,8,7,5,0,5,2026-07-30T15:25:07.310107
11,8,8,5,0,5,2026-07-30T15:25:09.720345
11,8,9,5,0,5,2026-07-30T15:25:11.596984
11,8,10,5,0,5,2026-07-30T15:25:12.661342
11,9,1,0,0,0,2026-07-30T15:25:13.696308
11,9,2,0,0,0,2026-07-30T15:25:14.740755
11,9,3,0,0,0,2026-07-30T15:25:15.992532
11,9,4,0,0,0,2026-07-30T15:25:17.441310
11,9,5,2,0,2,2026-07-30T15:25:18.674669
11,9,6,0,0,0,2026-07-30T15:25:20.338292
11,9,7,0,0,0,2026-07-30T15:25:22.004883
11,9,8,0,0,0,2026-07-30T15:25:23.452160
11,9,9,4,0,4,2026-07-30T15:25:24.698839
11,9,10,0,0,0,2026-07-30T15:25:26.144010
11,10,1,0,0,0,2026-07-30T15:25:27.404795
11,10,2,0,0,0,2026-07-30T15:25:29.051443
11,10,3,0,0,0,2026-07-30T15:25:30.299158
11,10,4,0,0,0,2026-07-30T15:25:31.754328
11,10,5,0,0,0,2026-07-30T15:25:33.221995
11,10,6,0,0,0,2026-07-30T15:25:34.869735
11,10,7,0,0,0,2026-07-30T15:25:36.919145
11,10,8,5,0,5,2026-07-30T15:25:38.784172
11,10,9,0,0,0,2026-07-30T15:25:40.025360
11,10,10,0,0,0,2026-07-30T15:25:41.475369
11,11,1,5,0,5,2026-07-30T15:25:43.537514
11,11,2,5,0,5,2026-07-30T15:25:45.399643
11,11,3,5,0,5,2026-07-30T15:25:47.264691
11,11,4,5,0,5,2026-07-30T15:25:49.106332
11,11,5,5,0,5,2026-07-30T15:25:50.540905
11,11,6,5,0,5,2026-07-30T15:25:52.383111
11,11,7,5,0,5,2026-07-30T15:25:53.442466
11,11,8,5,0,5,2026-07-30T15:25:54.880139
11,11,9,5,0,5,2026-07-30T15:25:56.525275
11,11,10,5,0,5,2026-07-30T15:26:00.743982
11,12,1,5,0,5,2026-07-30T15:26:02.199558
11,12,2,5,0,5,2026-07-30T15:26:03.459597
11,12,3,5,0,5,2026-07-30T15:26:04.516912
11,12,4,5,0,5,2026-07-30T15:26:06.171069
11,12,5,5,0,5,2026-07-30T15:26:07.631556
11,12,6,5,0,5,2026-07-30T15:26:09.292920
11,12,7,5,0,5,2026-07-30T15:26:11.331365
11,12,8,5,0,5,2026-07-30T15:26:12.399027
11,12,9,5,0,5,2026-07-30T15:26:14.041441
11,12,10,5,0,5,2026-07-30T15:26:15.137257
11,13,1,5,0,5,2026-07-30T15:26:16.769210
11,13,2,5,0,5,2026-07-30T15:26:18.617282
11,13,3,5,0,5,2026-07-30T15:26:20.253722
11,13,4,5,0,5,2026-07-30T15:26:21.501336
11,13,5,5,0,5,2026-07-30T15:26:22.557524
11,13,6,3,0,3,2026-07-30T15:26:23.818023
11,13,7,5,0,5,2026-07-30T15:26:25.252472
11,13,8,5,0,5,2026-07-30T15:26:26.902411
11,13,9,5,0,5,2026-07-30T15:26:27.977039
11,13,10,5,0,5,2026-07-30T15:26:29.834241
11,14,1,5,0,5,2026-07-30T15:26:31.301546
11,14,2,5,0,5,2026-07-30T15:26:32.776333
11,14,3,4,0,4,2026-07-30T15:26:33.850736
11,14,4,5,0,5,2026-07-30T15:26:35.536973
11,14,5,5,0,5,2026-07-30T15:26:36.983770
11,14,6,5,0,5,2026-07-30T15:26:38.045134
11,14,7,5,0,5,2026-07-30T15:26:39.316034
11,14,8,5,0,5,2026-07-30T15:26:40.996097
11,14,9,5,0,5,2026-07-30T15:26:42.840553
11,14,10,5,0,5,2026-07-30T15:26:43.866453
11,15,1,0,0,0,2026-07-30T15:26:45.734590
11,15,2,0,0,0,2026-07-30T15:26:47.380031
11,15,3,0,0,0,2026-07-30T15:26:48.596251
11,15,4,0,0,0,2026-07-30T15:26:50.249204
11,15,5,0,0,0,2026-07-30T15:26:51.303023
11,15,6,0,0,0,2026-07-30T15:26:52.749191
11,15,7,0,0,0,2026-07-30T15:27:00.798591
11,15,8,0,0,0,2026-07-30T15:27:02.635590
11,15,9,0,0,0,2026-07-30T15:27:03.485440
11,15,10,5,0,5,2026-07-30T15:27:05.159112
11,16,1,5,0,5,2026-07-30T15:27:07.029562
11,16,2,5,0,5,2026-07-30T15:27:08.688203
11,16,3,5,0,5,2026-07-30T15:27:10.153716
11,16,4,5,0,5,2026-07-30T15:27:11.610384
11,16,5,5,0,5,2026-07-30T15:27:13.088756
11,16,6,5,0,5,2026-07-30T15:27:14.742072
11,16,7,5,0,5,2026-07-30T15:27:15.987919
11,16,8,5,0,5,2026-07-30T15:27:17.224236
11,16,9,5,0,5,2026-07-30T15:27:18.693651
11,16,10,5,0,5,2026-07-30T15:27:19.733330
11,17,1,5,0,5,2026-07-30T15:27:20.885765
11,17,2,5,0,5,2026-07-30T15:27:22.551210
11,17,3,5,0,5,2026-07-30T15:27:23.623231
11,17,4,5,0,5,2026-07-30T15:27:24.905692
11,17,5,5,0,5,2026-07-30T15:27:26.163580
11,17,6,5,0,5,2026-07-30T15:27:27.235244
11,17,7,5,0,5,2026-07-30T15:27:28.683408
11,17,8,5,0,5,2026-07-30T15:27:30.337529
11,17,9,5,0,5,2026-07-30T15:27:31.800487
11,17,10,5,0,5,2026-07-30T15:27:32.851238
11,18,1,5,0,5,2026-07-30T15:27:34.318608
11,18,2,5,0,5,2026-07-30T15:27:35.790486
11,18,3,5,0,5,2026-07-30T15:27:37.238368
11,18,4,5,0,5,2026-07-30T15:27:38.883006
11,18,5,5,0,5,2026-07-30T15:27:40.772427
11,18,6,5,0,5,2026-07-30T15:27:42.436845
11,18,7,5,0,5,2026-07-30T15:27:44.265243
11,18,8,5,0,5,2026-07-30T15:27:45.709604
11,18,9,5,0,5,2026-07-30T15:27:46.960224
11,18,10,0,0,0,2026-07-30T15:27:48.646998
11,19,1,5,0,5,2026-07-30T15:27:49.694282
11,19,2,5,0,5,2026-07-30T15:27:51.536743
11,19,3,5,0,5,2026-07-30T15:27:53.222996
11,19,4,5,0,5,2026-07-30T15:27:54.937777
11,19,5,5,0,5,2026-07-30T15:27:56.782366
11,19,6,5,0,5,2026-07-30T15:27:58.263047
11,19,7,5,0,5,2026-07-30T15:27:59.720967
11,19,8,5,0,5,2026-07-30T15:28:01.792089
11,19,9,5,0,5,2026-07-30T15:28:03.045420
11,19,10,5,0,5,2026-07-30T15:28:04.506662
11,20,1,4,0,4,2026-07-30T15:28:06.379287
11,20,2,5,0,5,2026-07-30T15:28:07.427525
11,20,3,5,0,5,2026-07-30T15:28:08.469745
11,20,4,5,0,5,2026-07-30T15:28:10.110930
11,20,5,5,0,5,2026-07-30T15:28:11.349764
11,20,6,5,0,5,2026-07-30T15:28:12.812959
11,20,7,5,0,5,2026-07-30T15:28:14.481389
11,20,8,5,0,5,2026-07-30T15:28:15.772326
11,20,9,5,0,5,2026-07-30T15:28:17.448554
11,20,10,5,0,5,2026-07-30T15:28:18.709749
11,21,1,5,0,5,2026-07-30T15:28:20.187966
11,21,2,5,0,5,2026-07-30T15:28:21.235707
11,21,3,5,0,5,2026-07-30T15:28:23.089340
11,21,4,5,0,5,2026-07-30T15:28:24.162090
11,21,5,5,0,5,2026-07-30T15:28:25.829438
11,21,6,5,0,5,2026-07-30T15:28:27.490948
11,21,7,5,0,5,2026-07-30T15:28:29.163437
11,21,8,5,0,5,2026-07-30T15:28:30.411057
11,21,9,5,0,5,2026-07-30T15:28:31.876578
11,21,10,5,0,5,2026-07-30T15:28:33.123446
11,22,1,5,0,5,2026-07-30T15:28:34.165953
11,22,2,5,0,5,2026-07-30T15:28:35.817196
11,22,3,5,0,5,2026-07-30T15:28:37.258241
11,22,4,5,0,5,2026-07-30T15:28:38.902902
11,22,5,5,0,5,2026-07-30T15:28:40.128757
11,22,6,5,0,5,2026-07-30T15:28:41.188725
11,22,7,5,0,5,2026-07-30T15:28:42.629410
11,22,8,5,0,5,2026-07-30T15:28:43.872080
11,22,9,5,0,5,2026-07-30T15:28:45.324948
11,22,10,5,0,5,2026-07-30T15:28:46.574113
11,23,1,5,0,5,2026-07-30T15:28:47.812251
11,23,2,5,0,5,2026-07-30T15:28:49.279898
11,23,3,5,0,5,2026-07-30T15:28:50.920056
11,23,4,5,0,5,2026-07-30T15:28:52.798966
11,23,5,5,0,5,2026-07-30T15:28:54.043285
11,23,6,5,0,5,2026-07-30T15:28:55.724488
11,23,7,5,0,5,2026-07-30T15:28:56.986504
11,23,8,5,0,5,2026-07-30T15:28:58.231270
11,23,9,5,0,5,2026-07-30T15:28:59.694035
11,23,10,5,0,5,2026-07-30T15:29:00.970662
11,24,1,0,0,0,2026-07-30T15:29:02.423581
11,24,2,0,0,0,2026-07-30T15:29:03.888192
11,24,3,0,0,0,2026-07-30T15:29:04.928596
11,24,4,5,0,5,2026-07-30T15:29:05.975862
11,24,5,0,0,0,2026-07-30T15:29:07.426094
11,24,6,5,0,5,2026-07-30T15:29:08.890170
11,24,7,0,0,0,2026-07-30T15:29:10.752161
11,24,8,0,0,0,2026-07-30T15:29:12.182185
11,24,9,0,0,0,2026-07-30T15:29:13.861681
11,24,10,0,0,0,2026-07-30T15:29:15.533229
11,25,1,0,0,0,2026-07-30T15:29:17.606458
11,25,2,3,0,3,2026-07-30T15:29:19.468726
11,25,3,0,0,0,2026-07-30T15:29:20.757064
11,25,4,0,0,0,2026-07-30T15:29:21.803129
11,25,5,0,0,0,2026-07-30T15:29:23.652857
11,25,6,5,0,5,2026-07-30T15:29:24.909921
11,25,7,0,0,0,2026-07-30T15:29:26.153951
11,25,8,0,0,0,2026-07-30T15:29:27.201927
11,25,9,5,0,5,2026-07-30T15:29:29.083652
11,25,10,0,0,0,2026-07-30T15:29:31.036339
11,26,1,5,0,5,2026-07-30T15:29:32.675504
11,26,2,5,0,5,2026-07-30T15:29:34.103272
11,26,3,5,0,5,2026-07-30T15:29:35.756417
11,26,4,5,0,5,2026-07-30T15:29:37.408606
11,26,5,5,0,5,2026-07-30T15:29:38.438209
11,26,6,5,0,5,2026-07-30T15:29:40.296088
11,26,7,5,0,5,2026-07-30T15:29:41.959708
11,26,8,5,0,5,2026-07-30T15:29:43.406241
11,26,9,5,0,5,2026-07-30T15:29:44.653658
11,26,10,5,0,5,2026-07-30T15:29:45.903672
11,27,1,5,0,5,2026-07-30T15:29:47.532921
11,27,2,5,0,5,2026-07-30T15:29:49.383906
11,27,3,5,0,5,2026-07-30T15:29:50.842880
11,27,4,5,0,5,2026-07-30T15:29:52.468840
11,27,5,5,0,5,2026-07-30T15:29:54.112237
11,27,6,5,0,5,2026-07-30T15:29:55.159284
11,27,7,5,0,5,2026-07-30T15:29:56.600874
11,27,8,5,0,5,2026-07-30T15:29:58.671327
11,27,9,5,0,5,2026-07-30T15:30:00.223634
11,27,10,5,0,5,2026-07-30T15:30:02.066532
11,28,1,3,0,3,2026-07-30T15:30:03.827909
11,28,2,5,0,5,2026-07-30T15:30:05.292899
11,28,3,5,0,5,2026-07-30T15:30:06.311709
11,28,4,3,0,3,2026-07-30T15:30:07.762986
11,28,5,5,0,5,2026-07-30T15:30:09.626773
11,28,6,5,0,5,2026-07-30T15:30:11.493938
11,28,7,5,0,5,2026-07-30T15:30:12.935294
11,28,8,5,0,5,2026-07-30T15:30:16.834753
11,28,9,5,0,5,2026-07-30T15:30:18.264703
11,28,10,5,0,5,2026-07-30T15:30:19.114404
11,29,1,5,0,5,2026-07-30T15:30:20.767916
11,29,2,5,0,5,2026-07-30T15:30:21.974031
11,29,3,5,0,5,2026-07-30T15:30:23.622134
11,29,4,5,0,5,2026-07-30T15:30:25.083374
11,29,5,5,0,5,2026-07-30T15:30:26.533293
11,29,6,5,0,5,2026-07-30T15:30:27.777302
11,29,7,5,0,5,2026-07-30T15:30:29.020365
11,29,8,5,0,5,2026-07-30T15:30:30.060596
11,29,9,5,0,5,2026-07-30T15:30:31.090825
11,29,10,5,0,5,2026-07-30T15:30:32.139460
11,30,1,5,0,5,2026-07-30T15:30:33.997461
11,30,2,5,0,5,2026-07-30T15:30:36.044459
11,30,3,5,0,5,2026-07-30T15:30:37.694278
11,30,4,5,0,5,2026-07-30T15:30:39.136479
11,30,5,5,0,5,2026-07-30T15:30:40.414162
11,30,6,5,0,5,2026-07-30T15:30:41.667890
11,30,7,5,0,5,2026-07-30T15:30:43.112206
11,30,8,5,0,5,2026-07-30T15:30:44.159197
11,30,9,5,0,5,2026-07-30T15:30:45.583979
11,30,10,5,0,5,2026-07-30T15:30:47.640170
12,1,1,5,0,5,2026-07-30T15:30:48.884100
12,1,2,5,0,5,2026-07-30T15:30:50.539855
12,1,3,5,0,5,2026-07-30T15:30:51.808310
12,1,4,5,0,5,2026-07-30T15:30:53.447000
12,1,5,5,0,5,2026-07-30T15:30:54.905095
12,1,6,5,0,5,2026-07-30T15:30:56.164182
12,1,7,5,0,5,2026-07-30T15:30:57.404497
12,1,8,5,0,5,2026-07-30T15:30:59.050349
12,1,9,5,0,5,2026-07-30T15:31:00.091670
12,1,10,5,0,5,2026-07-30T15:31:01.937652
12,2,1,5,0,5,2026-07-30T15:31:02.985210
12,2,2,5,0,5,2026-07-30T15:31:04.820251
12,2,3,5,0,5,2026-07-30T15:31:05.857820
12,2,4,5,0,5,2026-07-30T15:31:07.117770
12,2,5,5,0,5,2026-07-30T15:31:08.144419
12,2,6,5,0,5,2026-07-30T15:31:09.196963
12,2,7,5,0,5,2026-07-30T15:31:10.628130
12,2,8,5,0,5,2026-07-30T15:31:12.280750
12,2,9,5,0,5,2026-07-30T15:31:13.524085
12,2,10,5,0,5,2026-07-30T15:31:14.555361
12,3,1,5,0,5,2026-07-30T15:31:16.225606
12,3,2,0,0,0,2026-07-30T15:31:17.492474
12,3,3,5,0,5,2026-07-30T15:31:19.366982
12,3,4,5,0,5,2026-07-30T15:31:21.227387
12,3,5,5,0,5,2026-07-30T15:31:22.294030
12,3,6,5,0,5,2026-07-30T15:31:23.729433
12,3,7,0,0,0,2026-07-30T15:31:25.186349
12,3,8,0,0,0,2026-07-30T15:31:26.651058
12,3,9,5,0,5,2026-07-30T15:31:28.127561
12,3,10,0,0,0,2026-07-30T15:31:29.795128
12,4,1,0,0,0,2026-07-30T15:31:31.046799
12,4,2,5,0,5,2026-07-30T15:31:32.323512
12,4,3,5,0,5,2026-07-30T15:31:33.556946
12,4,4,0,0,0,2026-07-30T15:31:34.992663
12,4,5,5,0,5,2026-07-30T15:31:36.432398
12,4,6,0,0,0,2026-07-30T15:31:38.263678
12,4,7,0,0,0,2026-07-30T15:31:39.740457
12,4,8,5,0,5,2026-07-30T15:31:41.607857
12,4,9,0,0,0,2026-07-30T15:31:43.474833
12,4,10,0,0,0,2026-07-30T15:31:45.144264
12,5,1,5,0,5,2026-07-30T15:31:46.771078
12,5,2,5,0,5,2026-07-30T15:31:48.029083
12,5,3,5,0,5,2026-07-30T15:31:49.688290
12,5,4,0,0,0,2026-07-30T15:31:50.948251
12,5,5,0,0,0,2026-07-30T15:31:51.985656
12,5,6,5,0,5,2026-07-30T15:31:53.015472
12,5,7,5,0,5,2026-07-30T15:31:54.268534
12,5,8,5,0,5,2026-07-30T15:31:55.715168
12,5,9,5,0,5,2026-07-30T15:31:56.963290
12,5,10,0,0,0,2026-07-30T15:31:58.811221
12,6,1,5,0,5,2026-07-30T15:32:00.248612
12,6,2,5,0,5,2026-07-30T15:32:02.117866
12,6,3,5,0,5,2026-07-30T15:32:03.773351
12,6,4,5,0,5,2026-07-30T15:32:04.832520
12,6,5,5,0,5,2026-07-30T15:32:05.928391
12,6,6,5,0,5,2026-07-30T15:32:07.591267
12,6,7,5,0,5,2026-07-30T15:32:09.438116
12,6,8,5,0,5,2026-07-30T15:32:10.922449
12,6,9,5,0,5,2026-07-30T15:32:12.176550
12,6,10,5,0,5,2026-07-30T15:32:13.225270
12,7,1,5,0,5,2026-07-30T15:32:15.113914
12,7,2,5,0,5,2026-07-30T15:32:16.366500
12,7,3,5,0,5,2026-07-30T15:32:18.028708
12,7,4,5,0,5,2026-07-30T15:32:19.489571
12,7,5,5,0,5,2026-07-30T15:32:20.522769
12,7,6,5,0,5,2026-07-30T15:32:22.391435
12,7,7,5,0,5,2026-07-30T15:32:23.880810
12,7,8,5,0,5,2026-07-30T15:32:25.761397
12,7,9,5,0,5,2026-07-30T15:32:27.016505
12,7,10,5,0,5,2026-07-30T15:32:28.050721
12,8,1,5,0,5,2026-07-30T15:32:29.716131
12,8,2,5,0,5,2026-07-30T15:32:30.761518
12,8,3,5,0,5,2026-07-30T15:32:32.404651
12,8,4,5,0,5,2026-07-30T15:32:33.479215
12,8,5,5,0,5,2026-07-30T15:32:35.346451
12,8,6,5,0,5,2026-07-30T15:32:36.998725
12,8,7,5,0,5,2026-07-30T15:32:38.056060
12,8,8,5,0,5,2026-07-30T15:32:39.104217
12,8,9,5,0,5,2026-07-30T15:32:40.755374
12,8,10,5,0,5,2026-07-30T15:32:42.412006
12,9,1,0,0,0,2026-07-30T15:32:44.261508
12,9,2,0,0,0,2026-07-30T15:32:45.512421
12,9,3,0,0,0,2026-07-30T15:32:47.238417
12,9,4,5,0,5,2026-07-30T15:32:48.479026
12,9,5,0,0,0,2026-07-30T15:32:50.320542
12,9,6,0,0,0,2026-07-30T15:32:52.174799
12,9,7,0,0,0,2026-07-30T15:32:53.829971
12,9,8,0,0,0,2026-07-30T15:32:55.466395
12,9,9,2,0,2,2026-07-30T15:32:57.118629
12,9,10,0,0,0,2026-07-30T15:32:58.766137
12,10,1,5,0,5,2026-07-30T15:33:00.425404
12,10,2,5,0,5,2026-07-30T15:33:02.266040
12,10,3,5,0,5,2026-07-30T15:33:04.123187
12,10,4,5,0,5,2026-07-30T15:33:05.980272
12,10,5,5,0,5,2026-07-30T15:33:07.449374
12,10,6,5,0,5,2026-07-30T15:33:09.294740
12,10,7,5,0,5,2026-07-30T15:33:10.748822
12,10,8,5,0,5,2026-07-30T15:33:12.188437
12,10,9,5,0,5,2026-07-30T15:33:13.414721
12,10,10,5,0,5,2026-07-30T15:33:15.275347
12,11,1,5,0,5,2026-07-30T15:33:16.303211
12,11,2,5,0,5,2026-07-30T15:33:17.765784
12,11,3,5,0,5,2026-07-30T15:33:18.819143
12,11,4,5,0,5,2026-07-30T15:33:20.468195
12,11,5,5,0,5,2026-07-30T15:33:21.892168
12,11,6,5,0,5,2026-07-30T15:33:23.337677
12,11,7,5,0,5,2026-07-30T15:33:24.986442
12,11,8,5,0,5,2026-07-30T15:33:26.027047
12,11,9,5,0,5,2026-07-30T15:33:27.478642
12,11,10,5,0,5,2026-07-30T15:33:28.727788
12,12,1,5,0,5,2026-07-30T15:33:30.164620
12,12,2,5,0,5,2026-07-30T15:33:32.022805
12,12,3,5,0,5,2026-07-30T15:33:33.887244
12,12,4,5,0,5,2026-07-30T15:33:34.980687
12,12,5,5,0,5,2026-07-30T15:33:36.233158
12,12,6,5,0,5,2026-07-30T15:33:38.093142
12,12,7,5,0,5,2026-07-30T15:33:39.756097
12,12,8,5,0,5,2026-07-30T15:33:41.661278
12,12,9,5,0,5,2026-07-30T15:33:43.317673
12,12,10,5,0,5,2026-07-30T15:33:44.374061
12,13,1,5,0,5,2026-07-30T15:33:45.423191
12,13,2,5,0,5,2026-07-30T15:33:47.503419
12,13,3,5,0,5,2026-07-30T15:33:48.748482
12,13,4,5,0,5,2026-07-30T15:33:49.784156
12,13,5,5,0,5,2026-07-30T15:33:51.649553
12,13,6,5,0,5,2026-07-30T15:33:52.744277
12,13,7,5,0,5,2026-07-30T15:33:54.616998
12,13,8,5,0,5,2026-07-30T15:33:55.877761
12,13,9,5,0,5,2026-07-30T15:33:56.920355
12,13,10,5,0,5,2026-07-30T15:33:58.580138
12,14,1,5,0,5,2026-07-30T15:34:00.432400
12,14,2,5,0,5,2026-07-30T15:34:02.080028
12,14,3,5,0,5,2026-07-30T15:34:03.135997
12,14,4,5,0,5,2026-07-30T15:34:04.394460
12,14,5,5,0,5,2026-07-30T15:34:05.657752
12,14,6,5,0,5,2026-07-30T15:34:06.914959
12,14,7,5,0,5,2026-07-30T15:34:09.005887
12,14,8,5,0,5,2026-07-30T15:34:10.458973
12,14,9,5,0,5,2026-07-30T15:34:12.322051
12,14,10,5,0,5,2026-07-30T15:34:14.000957
12,15,1,5,0,5,2026-07-30T15:34:15.295685
12,15,2,5,0,5,2026-07-30T15:34:16.969452
12,15,3,5,0,5,2026-07-30T15:34:19.032839
12,15,4,5,0,5,2026-07-30T15:34:20.494833
12,15,5,5,0,5,2026-07-30T15:34:22.163882
12,15,6,5,0,5,2026-07-30T15:34:23.398173
12,15,7,5,0,5,2026-07-30T15:34:25.061193
12,15,8,5,0,5,2026-07-30T15:34:26.729156
12,15,9,5,0,5,2026-07-30T15:34:28.166296
12,15,10,5,0,5,2026-07-30T15:34:30.034801
12,16,1,5,0,5,2026-07-30T15:34:31.481613
12,16,2,5,0,5,2026-07-30T15:34:33.140568
12,16,3,5,0,5,2026-07-30T15:34:34.255660
12,16,4,5,0,5,2026-07-30T15:34:35.730686
12,16,5,5,0,5,2026-07-30T15:34:37.587609
12,16,6,5,0,5,2026-07-30T15:34:39.467480
12,16,7,5,0,5,2026-07-30T15:34:40.712617
12,16,8,5,0,5,2026-07-30T15:34:42.800841
12,16,9,5,0,5,2026-07-30T15:34:44.463455
12,16,10,5,0,5,2026-07-30T15:34:45.718224
12,17,1,5,0,5,2026-07-30T15:34:47.594741
12,17,2,5,0,5,2026-07-30T15:34:49.236943
12,17,3,5,0,5,2026-07-30T15:34:50.493527
12,17,4,5,0,5,2026-07-30T15:34:51.767349
12,17,5,5,0,5,2026-07-30T15:34:53.010184
12,17,6,5,0,5,2026-07-30T15:34:54.670161
12,17,7,5,0,5,2026-07-30T15:34:55.928582
12,17,8,5,0,5,2026-07-30T15:34:57.823597
12,17,9,5,0,5,2026-07-30T15:34:59.486899
12,17,10,5,0,5,2026-07-30T15:35:01.558161
12,18,1,5,0,5,2026-07-30T15:35:02.595416
12,18,2,5,0,5,2026-07-30T15:35:03.649748
12,18,3,3,0,3,2026-07-30T15:35:05.096732
12,18,4,5,0,5,2026-07-30T15:35:07.174502
12,18,5,5,0,5,2026-07-30T15:35:08.201408
12,18,6,5,0,5,2026-07-30T15:35:10.276983
12,18,7,5,0,5,2026-07-30T15:35:11.731072
12,18,8,0,0,0,2026-07-30T15:35:13.668640
12,18,9,5,0,5,2026-07-30T15:35:14.914224
12,18,10,5,0,5,2026-07-30T15:35:15.957749
12,19,1,5,0,5,2026-07-30T15:35:17.415181
12,19,2,5,0,5,2026-07-30T15:35:19.097724
12,19,3,5,0,5,2026-07-30T15:35:20.346761
12,19,4,5,0,5,2026-07-30T15:35:22.202985
12,19,5,5,0,5,2026-07-30T15:35:24.072383
12,19,6,5,0,5,2026-07-30T15:35:25.732745
12,19,7,5,0,5,2026-07-30T15:35:27.172514
12,19,8,5,0,5,2026-07-30T15:35:29.039370
12,19,9,5,0,5,2026-07-30T15:35:30.698928
12,19,10,5,0,5,2026-07-30T15:35:32.152209
12,20,1,5,0,5,2026-07-30T15:35:33.426143
12,20,2,5,0,5,2026-07-30T15:35:34.671940
12,20,3,5,0,5,2026-07-30T15:35:36.133192
12,20,4,5,0,5,2026-07-30T15:35:37.767711
12,20,5,5,0,5,2026-07-30T15:35:39.233355
12,20,6,5,0,5,2026-07-30T15:35:41.067187
12,20,7,5,0,5,2026-07-30T15:35:42.531929
12,20,8,5,0,5,2026-07-30T15:35:44.204392
12,20,9,5,0,5,2026-07-30T15:35:45.664513
12,20,10,5,0,5,2026-07-30T15:35:47.116190
12,21,1,5,0,5,2026-07-30T15:35:48.571333
12,21,2,5,0,5,2026-07-30T15:35:50.435714
12,21,3,5,0,5,2026-07-30T15:35:52.301557
12,21,4,5,0,5,2026-07-30T15:35:53.967733
12,21,5,5,0,5,2026-07-30T15:35:55.413202
12,21,6,5,0,5,2026-07-30T15:35:57.489075
12,21,7,5,0,5,2026-07-30T15:35:59.032040
12,21,8,5,0,5,2026-07-30T15:36:00.282900
12,21,9,5,0,5,2026-07-30T15:36:01.935220
12,21,10,5,0,5,2026-07-30T15:36:03.027180
12,22,1,5,0,5,2026-07-30T15:36:04.448055
12,22,2,5,0,5,2026-07-30T15:36:05.701548
12,22,3,5,0,5,2026-07-30T15:36:06.756033
12,22,4,5,0,5,2026-07-30T15:36:07.807883
12,22,5,5,0,5,2026-07-30T15:36:11.669941
12,22,6,5,0,5,2026-07-30T15:36:13.124494
12,22,7,5,0,5,2026-07-30T15:36:14.362625
12,22,8,5,0,5,2026-07-30T15:36:15.804957
12,22,9,5,0,5,2026-07-30T15:36:17.426423
12,22,10,5,0,5,2026-07-30T15:36:18.854090
12,23,1,5,0,5,2026-07-30T15:36:20.510205
12,23,2,5,0,5,2026-07-30T15:36:22.385701
12,23,3,5,0,5,2026-07-30T15:36:27.552975
12,23,4,5,0,5,2026-07-30T15:36:29.099067
12,23,5,5,0,5,2026-07-30T15:36:30.945288
12,23,6,5,0,5,2026-07-30T15:36:32.189330
12,23,7,5,0,5,2026-07-30T15:36:34.258527
12,23,8,5,0,5,2026-07-30T15:36:35.711639
12,23,9,5,0,5,2026-07-30T15:36:36.972711
12,23,10,5,0,5,2026-07-30T15:36:38.419165
12,24,1,5,0,5,2026-07-30T15:36:39.504548
12,24,2,5,0,5,2026-07-30T15:36:41.156591
12,24,3,5,0,5,2026-07-30T15:36:42.401717
12,24,4,5,0,5,2026-07-30T15:36:43.830258
12,24,5,5,0,5,2026-07-30T15:36:45.276226
12,24,6,0,0,0,2026-07-30T15:36:46.946565
12,24,7,5,0,5,2026-07-30T15:36:48.394974
12,24,8,0,0,0,2026-07-30T15:36:49.854162
12,24,9,5,0,5,2026-07-30T15:36:51.096030
12,24,10,5,0,5,2026-07-30T15:36:52.569725
12,25,1,0,0,0,2026-07-30T15:36:54.230502
12,25,2,5,0,5,2026-07-30T15:36:55.868966
12,25,3,5,0,5,2026-07-30T15:36:57.735364
12,25,4,0,0,0,2026-07-30T15:36:59.196527
12,25,5,0,0,0,2026-07-30T15:37:00.865237
12,25,6,5,0,5,2026-07-30T15:37:02.933090
12,25,7,5,0,5,2026-07-30T15:37:03.982734
12,25,8,0,0,0,2026-07-30T15:37:05.450469
12,25,9,5,0,5,2026-07-30T15:37:06.896586
12,25,10,5,0,5,2026-07-30T15:37:08.155684
12,26,1,5,0,5,2026-07-30T15:37:09.004204
12,26,2,5,0,5,2026-07-30T15:37:10.472612
12,26,3,5,0,5,2026-07-30T15:37:12.516329
12,26,4,5,0,5,2026-07-30T15:37:14.351843
12,26,5,5,0,5,2026-07-30T15:37:15.586906
12,26,6,5,0,5,2026-07-30T15:37:17.435804
12,26,7,5,0,5,2026-07-30T15:37:19.094639
12,26,8,5,0,5,2026-07-30T15:37:20.346965
12,26,9,5,0,5,2026-07-30T15:37:21.800041
12,26,10,5,0,5,2026-07-30T15:37:23.669446
12,27,1,5,0,5,2026-07-30T15:37:25.784006
12,27,2,5,0,5,2026-07-30T15:37:27.266332
12,27,3,5,0,5,2026-07-30T15:37:28.720591
12,27,4,5,0,5,2026-07-30T15:37:30.364608
12,27,5,5,0,5,2026-07-30T15:37:32.009243
12,27,6,5,0,5,2026-07-30T15:37:33.867663
12,27,7,5,0,5,2026-07-30T15:37:35.100519
12,27,8,5,0,5,2026-07-30T15:37:36.524661
12,27,9,5,0,5,2026-07-30T15:37:37.625917
12,27,10,5,0,5,2026-07-30T15:37:39.275997
12,28,1,5,0,5,2026-07-30T15:37:40.730191
12,28,2,5,0,5,2026-07-30T15:37:42.814375
12,28,3,5,0,5,2026-07-30T15:37:44.253022
12,28,4,5,0,5,2026-07-30T15:37:45.278859
12,28,5,5,0,5,2026-07-30T15:37:46.523668
12,28,6,5,0,5,2026-07-30T15:37:47.980981
12,28,7,5,0,5,2026-07-30T15:37:49.834838
12,28,8,5,0,5,2026-07-30T15:37:51.292332
12,28,9,5,0,5,2026-07-30T15:37:53.348813
12,28,10,5,0,5,2026-07-30T15:37:55.008704
12,29,1,5,0,5,2026-07-30T15:37:56.437826
12,29,2,5,0,5,2026-07-30T15:37:58.288804
12,29,3,0,0,0,2026-07-30T15:37:59.543397
12,29,4,5,0,5,2026-07-30T15:38:01.196532
12,29,5,5,0,5,2026-07-30T15:38:02.646467
12,29,6,5,0,5,2026-07-30T15:38:04.085213
12,29,7,5,0,5,2026-07-30T15:38:05.740874
12,29,8,5,0,5,2026-07-30T15:38:06.790513
12,29,9,5,0,5,2026-07-30T15:38:08.026541
12,29,10,5,0,5,2026-07-30T15:38:09.866627
12,30,1,5,0,5,2026-07-30T15:38:11.514856
12,30,2,5,0,5,2026-07-30T15:38:12.764958
12,30,3,5,0,5,2026-07-30T15:38:14.423034
12,30,4,5,0,5,2026-07-30T15:38:15.875706
12,30,5,5,0,5,2026-07-30T15:38:17.553441
12,30,6,5,0,5,2026-07-30T15:38:19.403258
12,30,7,5,0,5,2026-07-30T15:38:21.270688
12,30,8,5,0,5,2026-07-30T15:38:22.718921
12,30,9,5,0,5,2026-07-30T15:38:23.791881
12,30,10,5,0,5,2026-07-30T15:38:24.844875
13,1,1,5,0,5,2026-07-30T15:38:25.899898
13,1,2,5,0,5,2026-07-30T15:38:26.944251
13,1,3,5,0,5,2026-07-30T15:38:28.793871
13,1,4,5,0,5,2026-07-30T15:38:30.644206
13,1,5,5,0,5,2026-07-30T15:38:32.542369
13,1,6,5,0,5,2026-07-30T15:38:33.865391
13,1,7,5,0,5,2026-07-30T15:38:34.916349
13,1,8,5,0,5,2026-07-30T15:38:36.566628
13,1,9,5,0,5,2026-07-30T15:38:38.435279
13,1,10,5,0,5,2026-07-30T15:38:40.101402
13,2,1,5,0,5,2026-07-30T15:38:41.154031
13,2,2,5,0,5,2026-07-30T15:38:43.003220
13,2,3,5,0,5,2026-07-30T15:38:44.671017
13,2,4,5,0,5,2026-07-30T15:38:45.917866
13,2,5,5,0,5,2026-07-30T15:38:47.169629
13,2,6,5,0,5,2026-07-30T15:38:49.026214
13,2,7,5,0,5,2026-07-30T15:38:50.674029
13,2,8,5,0,5,2026-07-30T15:38:52.118888
13,2,9,5,0,5,2026-07-30T15:38:53.566425
13,2,10,5,0,5,2026-07-30T15:38:54.823158
13,3,1,0,0,0,2026-07-30T15:38:56.852672
13,3,2,0,0,0,2026-07-30T15:38:58.719434
13,3,3,0,0,0,2026-07-30T15:39:00.170320
13,3,4,0,0,0,2026-07-30T15:39:01.626369
13,3,5,1,0,1,2026-07-30T15:39:03.478834
13,3,6,1,0,1,2026-07-30T15:39:05.157472
13,3,7,0,0,0,2026-07-30T15:39:06.816051
13,3,8,0,0,0,2026-07-30T15:39:08.274507
13,3,9,0,0,0,2026-07-30T15:39:10.118755
13,3,10,2,0,2,2026-07-30T15:39:11.973160
13,4,1,0,0,0,2026-07-30T15:39:13.422215
13,4,2,0,0,0,2026-07-30T15:39:15.066044
13,4,3,0,0,0,2026-07-30T15:39:16.299878
13,4,4,5,0,5,2026-07-30T15:39:17.367778
13,4,5,0,0,0,2026-07-30T15:39:18.608612
13,4,6,0,0,0,2026-07-30T15:39:20.664060
13,4,7,5,0,5,2026-07-30T15:39:22.516223
13,4,8,5,0,5,2026-07-30T15:39:23.756623
13,4,9,0,0,0,2026-07-30T15:39:25.011830
13,4,10,0,0,0,2026-07-30T15:39:26.483635
13,5,1,0,0,0,2026-07-30T15:39:27.936032
13,5,2,0,0,0,2026-07-30T15:39:29.385875
13,5,3,0,0,0,2026-07-30T15:39:30.450820
13,5,4,0,0,0,2026-07-30T15:39:32.071343
13,5,5,0,0,0,2026-07-30T15:39:33.310499
13,5,6,5,0,5,2026-07-30T15:39:35.375563
13,5,7,0,0,0,2026-07-30T15:39:37.031179
13,5,8,5,0,5,2026-07-30T15:39:38.900569
13,5,9,0,0,0,2026-07-30T15:39:40.789986
13,5,10,0,0,0,2026-07-30T15:39:42.059315
13,6,1,5,0,5,2026-07-30T15:39:43.116120
13,6,2,5,0,5,2026-07-30T15:39:45.150228
13,6,3,5,0,5,2026-07-30T15:39:46.795027
13,6,4,5,0,5,2026-07-30T15:39:48.433186
13,6,5,5,0,5,2026-07-30T15:39:50.277814
13,6,6,5,0,5,2026-07-30T15:39:51.595388
13,6,7,5,0,5,2026-07-30T15:39:53.244873
13,6,8,5,0,5,2026-07-30T15:39:54.888735
13,6,9,5,0,5,2026-07-30T15:39:55.787157
13,6,10,5,0,5,2026-07-30T15:39:57.425160
13,7,1,5,0,5,2026-07-30T15:39:58.686466
13,7,2,5,0,5,2026-07-30T15:40:00.317516
13,7,3,5,0,5,2026-07-30T15:40:02.368397
13,7,4,5,0,5,2026-07-30T15:40:04.216365
13,7,5,5,0,5,2026-07-30T15:40:05.469114
13,7,6,5,0,5,2026-07-30T15:40:06.739208
13,7,7,5,0,5,2026-07-30T15:40:08.408481
13,7,8,5,0,5,2026-07-30T15:40:10.325717
13,7,9,5,0,5,2026-07-30T15:40:11.387963
13,7,10,5,0,5,2026-07-30T15:40:12.436767
13,8,1,5,0,5,2026-07-30T15:40:14.090429
13,8,2,5,0,5,2026-07-30T15:40:15.743970
13,8,3,5,0,5,2026-07-30T15:40:17.396341
13,8,4,5,0,5,2026-07-30T15:40:19.246400
13,8,5,5,0,5,2026-07-30T15:40:21.107236
13,8,6,5,0,5,2026-07-30T15:40:22.761526
13,8,7,5,0,5,2026-07-30T15:40:24.010940
13,8,8,5,0,5,2026-07-30T15:40:25.481297
13,8,9,5,0,5,2026-07-30T15:40:27.323340
13,8,10,5,0,5,2026-07-30T15:40:28.577618
13,9,1,0,0,0,2026-07-30T15:40:30.020982
13,9,2,0,0,0,2026-07-30T15:40:31.683963
13,9,3,0,0,0,2026-07-30T15:40:33.313281
13,9,4,0,0,0,2026-07-30T15:40:34.586642
13,9,5,0,0,0,2026-07-30T15:40:35.834183
13,9,6,0,0,0,2026-07-30T15:40:37.513954
13,9,7,0,0,0,2026-07-30T15:40:38.765272
13,9,8,0,0,0,2026-07-30T15:40:40.611370
13,9,9,0,0,0,2026-07-30T15:40:42.067891
13,9,10,0,0,0,2026-07-30T15:40:43.523558
13,10,1,5,0,5,2026-07-30T15:40:45.382963
13,10,2,5,0,5,2026-07-30T15:40:46.841095
13,10,3,5,0,5,2026-07-30T15:40:48.282489
13,10,4,5,0,5,2026-07-30T15:40:49.339163
13,10,5,5,0,5,2026-07-30T15:40:50.599927
13,10,6,5,0,5,2026-07-30T15:40:52.467663
13,10,7,5,0,5,2026-07-30T15:40:53.959590
13,10,8,5,0,5,2026-07-30T15:40:55.628255
13,10,9,5,0,5,2026-07-30T15:40:57.123550
13,10,10,5,0,5,2026-07-30T15:40:58.573709
13,11,1,5,0,5,2026-07-30T15:40:59.800994
13,11,2,5,0,5,2026-07-30T15:41:01.061991
13,11,3,5,0,5,2026-07-30T15:41:02.933623
13,11,4,5,0,5,2026-07-30T15:41:04.495182
13,11,5,5,0,5,2026-07-30T15:41:05.727689
13,11,6,5,0,5,2026-07-30T15:41:07.394902
13,11,7,5,0,5,2026-07-30T15:41:08.835505
13,11,8,5,0,5,2026-07-30T15:41:10.660644
13,11,9,5,0,5,2026-07-30T15:41:12.104849
13,11,10,5,0,5,2026-07-30T15:41:13.977288
13,12,1,5,0,5,2026-07-30T15:41:15.428048
13,12,2,5,0,5,2026-07-30T15:41:16.860808
13,12,3,5,0,5,2026-07-30T15:41:18.707344
13,12,4,5,0,5,2026-07-30T15:41:20.555262
13,12,5,5,0,5,2026-07-30T15:41:22.408297
13,12,6,5,0,5,2026-07-30T15:41:24.067693
13,12,7,5,0,5,2026-07-30T15:41:25.498435
13,12,8,5,0,5,2026-07-30T15:41:27.354833
13,12,9,5,0,5,2026-07-30T15:41:29.205524
13,12,10,5,0,5,2026-07-30T15:41:30.915294
13,13,1,5,0,5,2026-07-30T15:41:32.165067
13,13,2,5,0,5,2026-07-30T15:41:33.594234
13,13,3,5,0,5,2026-07-30T15:41:34.617874
13,13,4,5,0,5,2026-07-30T15:41:36.467947
13,13,5,5,0,5,2026-07-30T15:41:37.729768
13,13,6,5,0,5,2026-07-30T15:41:38.964114
13,13,7,5,0,5,2026-07-30T15:41:40.381830
13,13,8,5,0,5,2026-07-30T15:41:41.648036
13,13,9,5,0,5,2026-07-30T15:41:43.493327
13,13,10,5,0,5,2026-07-30T15:41:44.731112
13,14,1,5,0,5,2026-07-30T15:41:45.788543
13,14,2,5,0,5,2026-07-30T15:41:47.244383
13,14,3,5,0,5,2026-07-30T15:41:49.100603
13,14,4,5,0,5,2026-07-30T15:41:50.347557
13,14,5,5,0,5,2026-07-30T15:41:51.578236
13,14,6,5,0,5,2026-07-30T15:41:53.033046
13,14,7,5,0,5,2026-07-30T15:41:54.693771
13,14,8,5,0,5,2026-07-30T15:41:55.936934
13,14,9,5,0,5,2026-07-30T15:41:57.391868
13,14,10,5,0,5,2026-07-30T15:41:59.443706
13,15,1,0,0,0,2026-07-30T15:42:00.876458
13,15,2,0,0,0,2026-07-30T15:42:02.331527
13,15,3,0,0,0,2026-07-30T15:42:03.561254
13,15,4,0,0,0,2026-07-30T15:42:05.733341
13,15,5,0,0,0,2026-07-30T15:42:07.801765
13,15,6,0,0,0,2026-07-30T15:42:08.846337
13,15,7,0,0,0,2026-07-30T15:42:10.696757
13,15,8,0,0,0,2026-07-30T15:42:11.944437
13,15,9,0,0,0,2026-07-30T15:42:13.806917
13,15,10,0,0,0,2026-07-30T15:42:15.049295
13,16,1,5,0,5,2026-07-30T15:42:16.100282
13,16,2,5,0,5,2026-07-30T15:42:17.558416
13,16,3,5,0,5,2026-07-30T15:42:19.206813
13,16,4,5,0,5,2026-07-30T15:42:20.272581
13,16,5,5,0,5,2026-07-30T15:42:21.713535
13,16,6,5,0,5,2026-07-30T15:42:23.157676
13,16,7,5,0,5,2026-07-30T15:42:24.815215
13,16,8,5,0,5,2026-07-30T15:42:26.055770
13,16,9,5,0,5,2026-07-30T15:42:27.523662
13,16,10,5,0,5,2026-07-30T15:42:29.176497
13,17,1,5,0,5,2026-07-30T15:42:30.231927
13,17,2,5,0,5,2026-07-30T15:42:31.680266
13,17,3,5,0,5,2026-07-30T15:42:33.511599
13,17,4,5,0,5,2026-07-30T15:42:35.182959
13,17,5,5,0,5,2026-07-30T15:42:36.249958
13,17,6,5,0,5,2026-07-30T15:42:37.307964
13,17,7,5,0,5,2026-07-30T15:42:39.164355
13,17,8,5,0,5,2026-07-30T15:42:40.627058
13,17,9,5,0,5,2026-07-30T15:42:42.452865
13,17,10,5,0,5,2026-07-30T15:42:44.341060
13,18,1,3,0,3,2026-07-30T15:42:46.012158
13,18,2,5,0,5,2026-07-30T15:42:47.464476
13,18,3,3,0,3,2026-07-30T15:42:49.083337
13,18,4,2,0,2,2026-07-30T15:42:51.142062
13,18,5,2,0,2,2026-07-30T15:42:52.780836
13,18,6,3,0,3,2026-07-30T15:42:53.836035
13,18,7,5,0,5,2026-07-30T15:42:55.099440
13,18,8,5,0,5,2026-07-30T15:42:56.343887
13,18,9,2,0,2,2026-07-30T15:42:57.788761
13,18,10,3,0,3,2026-07-30T15:42:59.236920
13,19,1,0,0,0,2026-07-30T15:43:01.314708
13,19,2,0,0,0,2026-07-30T15:43:02.739276
13,19,3,0,0,0,2026-07-30T15:43:04.590609
13,19,4,0,0,0,2026-07-30T15:43:06.455976
13,19,5,0,0,0,2026-07-30T15:43:08.318120
13,19,6,0,0,0,2026-07-30T15:43:11.862875
13,19,7,0,0,0,2026-07-30T15:43:13.726022
13,19,8,0,0,0,2026-07-30T15:43:15.173613
13,19,9,0,0,0,2026-07-30T15:43:16.823099
13,19,10,0,0,0,2026-07-30T15:43:18.301423
13,20,1,5,0,5,2026-07-30T15:43:19.751609
13,20,2,5,0,5,2026-07-30T15:43:21.425026
13,20,3,5,0,5,2026-07-30T15:43:22.671529
13,20,4,5,0,5,2026-07-30T15:43:24.505825
13,20,5,5,0,5,2026-07-30T15:43:25.580959
13,20,6,5,0,5,2026-07-30T15:43:27.030524
13,20,7,5,0,5,2026-07-30T15:43:28.275597
13,20,8,5,0,5,2026-07-30T15:43:29.517943
13,20,9,5,0,5,2026-07-30T15:43:31.377778
13,20,10,5,0,5,2026-07-30T15:43:33.645207
13,21,1,5,0,5,2026-07-30T15:43:35.102620
13,21,2,5,0,5,2026-07-30T15:43:36.151065
13,21,3,5,0,5,2026-07-30T15:43:37.404142
13,21,4,5,0,5,2026-07-30T15:43:38.482294
13,21,5,5,0,5,2026-07-30T15:43:39.539057
13,21,6,5,0,5,2026-07-30T15:43:41.189375
13,21,7,5,0,5,2026-07-30T15:43:42.623653
13,21,8,5,0,5,2026-07-30T15:43:45.569856
13,21,9,5,0,5,2026-07-30T15:43:47.622756
13,21,10,5,0,5,2026-07-30T15:43:48.878389
13,22,1,5,0,5,2026-07-30T15:43:50.341442
13,22,2,5,0,5,2026-07-30T15:43:51.589706
13,22,3,5,0,5,2026-07-30T15:43:52.613077
13,22,4,5,0,5,2026-07-30T15:43:54.647022
13,22,5,5,0,5,2026-07-30T15:43:56.718212
13,22,6,5,0,5,2026-07-30T15:43:57.742631
13,22,7,5,0,5,2026-07-30T15:43:58.974635
13,22,8,5,0,5,2026-07-30T15:44:00.020876
13,22,9,5,0,5,2026-07-30T15:44:01.273491
13,22,10,5,0,5,2026-07-30T15:44:03.129986
13,23,1,5,0,5,2026-07-30T15:44:04.378607
13,23,2,5,0,5,2026-07-30T15:44:05.818605
13,23,3,5,0,5,2026-07-30T15:44:07.067173
13,23,4,5,0,5,2026-07-30T15:44:08.102625
13,23,5,5,0,5,2026-07-30T15:44:09.980269
13,23,6,5,0,5,2026-07-30T15:44:11.417546
13,23,7,5,0,5,2026-07-30T15:44:12.688586
13,23,8,5,0,5,2026-07-30T15:44:13.732561
13,23,9,5,0,5,2026-07-30T15:44:15.207049
13,23,10,5,0,5,2026-07-30T15:44:17.082660
13,24,1,0,0,0,2026-07-30T15:44:18.325338
13,24,2,0,0,0,2026-07-30T15:44:19.589511
13,24,3,0,0,0,2026-07-30T15:44:20.637006
13,24,4,0,0,0,2026-07-30T15:44:22.079710
13,24,5,0,0,0,2026-07-30T15:44:23.117120
13,24,6,0,0,0,2026-07-30T15:44:24.998703
13,24,7,0,0,0,2026-07-30T15:44:26.243480
13,24,8,0,0,0,2026-07-30T15:44:27.480866
13,24,9,0,0,0,2026-07-30T15:44:29.329492
13,24,10,0,0,0,2026-07-30T15:44:30.778972
13,25,1,5,0,5,2026-07-30T15:44:31.819851
13,25,2,5,0,5,2026-07-30T15:44:33.697903
13,25,3,5,0,5,2026-07-30T15:44:35.571548
13,25,4,5,0,5,2026-07-30T15:44:37.415736
13,25,5,5,0,5,2026-07-30T15:44:38.465249
13,25,6,5,0,5,2026-07-30T15:44:40.306946
13,25,7,5,0,5,2026-07-30T15:44:41.352314
13,25,8,5,0,5,2026-07-30T15:44:42.822493
13,25,9,5,0,5,2026-07-30T15:44:44.484367
13,25,10,5,0,5,2026-07-30T15:44:45.537548
13,26,1,5,0,5,2026-07-30T15:44:46.583158
13,26,2,5,0,5,2026-07-30T15:44:48.430286
13,26,3,5,0,5,2026-07-30T15:44:50.488832
13,26,4,5,0,5,2026-07-30T15:44:52.367366
13,26,5,5,0,5,2026-07-30T15:44:54.036732
13,26,6,5,0,5,2026-07-30T15:44:55.304135
13,26,7,5,0,5,2026-07-30T15:44:56.573111
13,26,8,5,0,5,2026-07-30T15:44:58.042071
13,26,9,5,0,5,2026-07-30T15:44:59.310394
13,26,10,5,0,5,2026-07-30T15:45:01.180834
13,27,1,5,0,5,2026-07-30T15:45:03.040929
13,27,2,5,0,5,2026-07-30T15:45:04.298559
13,27,3,5,0,5,2026-07-30T15:45:05.558222
13,27,4,5,0,5,2026-07-30T15:45:07.224228
13,27,5,5,0,5,2026-07-30T15:45:08.860151
13,27,6,5,0,5,2026-07-30T15:45:10.116285
13,27,7,5,0,5,2026-07-30T15:45:11.965718
13,27,8,5,0,5,2026-07-30T15:45:13.861059
13,27,9,5,0,5,2026-07-30T15:45:15.109179
13,27,10,5,0,5,2026-07-30T15:45:16.374516
13,28,1,0,0,0,2026-07-30T15:45:18.454100
13,28,2,0,0,0,2026-07-30T15:45:20.329686
13,28,3,0,0,0,2026-07-30T15:45:21.582413
13,28,4,5,0,5,2026-07-30T15:45:23.022197
13,28,5,5,0,5,2026-07-30T15:45:24.671366
13,28,6,0,0,0,2026-07-30T15:45:26.331035
13,28,7,0,0,0,2026-07-30T15:45:27.785352
13,28,8,5,0,5,2026-07-30T15:45:29.052783
13,28,9,0,0,0,2026-07-30T15:45:30.706421
13,28,10,5,0,5,2026-07-30T15:45:32.151733
13,29,1,5,0,5,2026-07-30T15:45:33.214942
13,29,2,5,0,5,2026-07-30T15:45:34.690109
13,29,3,5,0,5,2026-07-30T15:45:36.156753
13,29,4,5,0,5,2026-07-30T15:45:38.051013
13,29,5,5,0,5,2026-07-30T15:45:39.751647
13,29,6,5,0,5,2026-07-30T15:45:41.207317
13,29,7,5,0,5,2026-07-30T15:45:42.270759
13,29,8,5,0,5,2026-07-30T15:45:43.933729
13,29,9,5,0,5,2026-07-30T15:45:45.983576
13,29,10,5,0,5,2026-07-30T15:45:47.839545
13,30,1,0,0,0,2026-07-30T15:45:48.967966
13,30,2,0,0,0,2026-07-30T15:45:50.840791
13,30,3,0,0,0,2026-07-30T15:45:52.090369
13,30,4,0,0,0,2026-07-30T15:45:53.522505
13,30,5,0,0,0,2026-07-30T15:45:54.776696
13,30,6,5,0,5,2026-07-30T15:45:57.451096
13,30,7,0,0,0,2026-07-30T15:45:58.491846
13,30,8,0,0,0,2026-07-30T15:46:00.355606
13,30,9,0,0,0,2026-07-30T15:46:02.013791
13,30,10,0,0,0,2026-07-30T15:46:03.459703
14,1,1,5,0,5,2026-07-30T15:46:04.910514
14,1,2,5,0,5,2026-07-30T15:46:05.957837
14,1,3,5,0,5,2026-07-30T15:46:07.617366
14,1,4,5,0,5,2026-07-30T15:46:09.038210
14,1,5,5,0,5,2026-07-30T15:46:10.482207
14,1,6,5,0,5,2026-07-30T15:46:12.145369
14,1,7,5,0,5,2026-07-30T15:46:13.184053
14,1,8,5,0,5,2026-07-30T15:46:14.651058
14,1,9,5,0,5,2026-07-30T15:46:16.319893
14,1,10,5,0,5,2026-07-30T15:46:18.168522
14,2,1,5,0,5,2026-07-30T15:46:19.216138
14,2,2,5,0,5,2026-07-30T15:46:21.080433
14,2,3,5,0,5,2026-07-30T15:46:22.526964
14,2,4,5,0,5,2026-07-30T15:46:23.597363
14,2,5,5,0,5,2026-07-30T15:46:24.633205
14,2,6,5,0,5,2026-07-30T15:46:26.110898
14,2,7,5,0,5,2026-07-30T15:46:27.555662
14,2,8,5,0,5,2026-07-30T15:46:28.603957
14,2,9,5,0,5,2026-07-30T15:46:30.247099
14,2,10,5,0,5,2026-07-30T15:46:31.309899
14,3,1,5,0,5,2026-07-30T15:46:33.163834
14,3,2,5,0,5,2026-07-30T15:46:34.621515
14,3,3,5,0,5,2026-07-30T15:46:36.090794
14,3,4,5,0,5,2026-07-30T15:46:37.128032
14,3,5,5,0,5,2026-07-30T15:46:38.371153
14,3,6,5,0,5,2026-07-30T15:46:39.616627
14,3,7,5,0,5,2026-07-30T15:46:41.105620
14,3,8,5,0,5,2026-07-30T15:46:42.536245
14,3,9,5,0,5,2026-07-30T15:46:43.984411
14,3,10,5,0,5,2026-07-30T15:46:45.647153
14,4,1,5,0,5,2026-07-30T15:46:46.688162
14,4,2,5,0,5,2026-07-30T15:46:48.329751
14,4,3,5,0,5,2026-07-30T15:46:50.202861
14,4,4,5,0,5,2026-07-30T15:46:51.626566
14,4,5,5,0,5,2026-07-30T15:46:52.870723
14,4,6,5,0,5,2026-07-30T15:46:54.726221
14,4,7,5,0,5,2026-07-30T15:46:56.188577
14,4,8,5,0,5,2026-07-30T15:46:57.224231
14,4,9,5,0,5,2026-07-30T15:46:58.294003
14,4,10,5,0,5,2026-07-30T15:46:59.740886
14,5,1,5,0,5,2026-07-30T15:47:01.199420
14,5,2,0,0,0,2026-07-30T15:47:03.069736
14,5,3,0,0,0,2026-07-30T15:47:04.107238
14,5,4,0,0,0,2026-07-30T15:47:05.158234
14,5,5,0,0,0,2026-07-30T15:47:06.431035
14,5,6,0,0,0,2026-07-30T15:47:07.679361
14,5,7,0,0,0,2026-07-30T15:47:08.909373
14,5,8,0,0,0,2026-07-30T15:47:10.539664
14,5,9,0,0,0,2026-07-30T15:47:12.383336
14,5,10,0,0,0,2026-07-30T15:47:14.435329
14,6,1,5,0,5,2026-07-30T15:47:15.317828
14,6,2,5,0,5,2026-07-30T15:47:16.382713
14,6,3,5,0,5,2026-07-30T15:47:18.220327
14,6,4,5,0,5,2026-07-30T15:47:20.062990
14,6,5,5,0,5,2026-07-30T15:47:21.112526
14,6,6,5,0,5,2026-07-30T15:47:22.777435
14,6,7,5,0,5,2026-07-30T15:47:24.632395
14,6,8,5,0,5,2026-07-30T15:47:26.296126
14,6,9,5,0,5,2026-07-30T15:47:27.936655
14,6,10,5,0,5,2026-07-30T15:47:29.396701
14,7,1,5,0,5,2026-07-30T15:47:30.858978
14,7,2,5,0,5,2026-07-30T15:47:32.107646
14,7,3,5,0,5,2026-07-30T15:47:33.758099
14,7,4,5,0,5,2026-07-30T15:47:35.628387
14,7,5,5,0,5,2026-07-30T15:47:37.094291
14,7,6,5,0,5,2026-07-30T15:47:38.758737
14,7,7,5,0,5,2026-07-30T15:47:40.012013
14,7,8,5,0,5,2026-07-30T15:47:41.460408
14,7,9,5,0,5,2026-07-30T15:47:43.101688
14,7,10,5,0,5,2026-07-30T15:47:44.543225
14,8,1,5,0,5,2026-07-30T15:47:46.182947
14,8,2,5,0,5,2026-07-30T15:47:48.052279
14,8,3,5,0,5,2026-07-30T15:47:49.898351
14,8,4,5,0,5,2026-07-30T15:47:51.560223
14,8,5,5,0,5,2026-07-30T15:47:53.208245
14,8,6,5,0,5,2026-07-30T15:47:54.265566
14,8,7,5,0,5,2026-07-30T15:47:55.715905
14,8,8,5,0,5,2026-07-30T15:47:57.345092
14,8,9,5,0,5,2026-07-30T15:47:58.614807
14,8,10,5,0,5,2026-07-30T15:48:00.309954
14,9,1,5,0,5,2026-07-30T15:48:01.357425
14,9,2,5,0,5,2026-07-30T15:48:02.601768
14,9,3,0,0,0,2026-07-30T15:48:04.075516
14,9,4,5,0,5,2026-07-30T15:48:06.117836
14,9,5,0,0,0,2026-07-30T15:48:07.557857
14,9,6,0,0,0,2026-07-30T15:48:09.405069
14,9,7,2,0,2,2026-07-30T15:48:10.641604
14,9,8,3,0,3,2026-07-30T15:48:11.667967
14,9,9,2,0,2,2026-07-30T15:48:13.514090
14,9,10,0,0,0,2026-07-30T15:48:15.371964
14,10,1,5,0,5,2026-07-30T15:48:16.830230
14,10,2,5,0,5,2026-07-30T15:48:18.269639
14,10,3,5,0,5,2026-07-30T15:48:20.119315
14,10,4,5,0,5,2026-07-30T15:48:21.994159
14,10,5,5,0,5,2026-07-30T15:48:23.228130
14,10,6,5,0,5,2026-07-30T15:48:24.877266
14,10,7,5,0,5,2026-07-30T15:48:26.731717
14,10,8,5,0,5,2026-07-30T15:48:28.584469
14,10,9,5,0,5,2026-07-30T15:48:29.911964
14,10,10,5,0,5,2026-07-30T15:48:31.778829
14,11,1,5,0,5,2026-07-30T15:48:33.626135
14,11,2,5,0,5,2026-07-30T15:48:34.666409
14,11,3,5,0,5,2026-07-30T15:48:36.303521
14,11,4,5,0,5,2026-07-30T15:48:38.146280
14,11,5,5,0,5,2026-07-30T15:48:39.381789
14,11,6,5,0,5,2026-07-30T15:48:41.223025
14,11,7,5,0,5,2026-07-30T15:48:42.655347
14,11,8,5,0,5,2026-07-30T15:48:44.097583
14,11,9,5,0,5,2026-07-30T15:48:45.941155
14,11,10,5,0,5,2026-07-30T15:48:47.798034
14,12,1,5,0,5,2026-07-30T15:48:49.638103
14,12,2,5,0,5,2026-07-30T15:48:50.685557
14,12,3,5,0,5,2026-07-30T15:48:52.141959
14,12,4,5,0,5,2026-07-30T15:48:53.981194
14,12,5,5,0,5,2026-07-30T15:48:55.636359
14,12,6,5,0,5,2026-07-30T15:48:57.514091
14,12,7,5,0,5,2026-07-30T15:48:58.987150
14,12,8,5,0,5,2026-07-30T15:49:00.447048
14,12,9,5,0,5,2026-07-30T15:49:02.098780
14,12,10,5,0,5,2026-07-30T15:49:03.769608
14,13,1,5,0,5,2026-07-30T15:49:05.411661
14,13,2,5,0,5,2026-07-30T15:49:07.061416
14,13,3,5,0,5,2026-07-30T15:49:08.910509
14,13,4,5,0,5,2026-07-30T15:49:10.341410
14,13,5,5,0,5,2026-07-30T15:49:11.586923
14,13,6,5,0,5,2026-07-30T15:49:13.455256
14,13,7,5,0,5,2026-07-30T15:49:14.700126
14,13,8,5,0,5,2026-07-30T15:49:15.750515
14,13,9,5,0,5,2026-07-30T15:49:16.988176
14,13,10,5,0,5,2026-07-30T15:49:18.040543
14,14,1,5,0,5,2026-07-30T15:49:19.670906
14,14,2,5,0,5,2026-07-30T15:49:21.112044
14,14,3,5,0,5,2026-07-30T15:49:22.580167
14,14,4,5,0,5,2026-07-30T15:49:24.110471
14,14,5,5,0,5,2026-07-30T15:49:25.601412
14,14,6,5,0,5,2026-07-30T15:49:27.453926
14,14,7,5,0,5,2026-07-30T15:49:29.326977
14,14,8,5,0,5,2026-07-30T15:49:30.964640
14,14,9,5,0,5,2026-07-30T15:49:32.864006
14,14,10,5,0,5,2026-07-30T15:49:34.203104
14,15,1,5,0,5,2026-07-30T15:49:35.631274
14,15,2,5,0,5,2026-07-30T15:49:37.297145
14,15,3,5,0,5,2026-07-30T15:49:38.734728
14,15,4,5,0,5,2026-07-30T15:49:39.779009
14,15,5,5,0,5,2026-07-30T15:49:41.637411
14,15,6,5,0,5,2026-07-30T15:49:42.886740
14,15,7,5,0,5,2026-07-30T15:49:44.379298
14,15,8,5,0,5,2026-07-30T15:49:45.640579
14,15,9,5,0,5,2026-07-30T15:49:46.691196
14,15,10,5,0,5,2026-07-30T15:49:48.143421
14,16,1,5,0,5,2026-07-30T15:49:49.806109
14,16,2,5,0,5,2026-07-30T15:49:51.071178
14,16,3,5,0,5,2026-07-30T15:49:52.537272
14,16,4,5,0,5,2026-07-30T15:49:53.577277
14,16,5,5,0,5,2026-07-30T15:49:55.237821
14,16,6,5,0,5,2026-07-30T15:49:56.281994
14,16,7,5,0,5,2026-07-30T15:49:57.542888
14,16,8,5,0,5,2026-07-30T15:49:58.588064
14,16,9,5,0,5,2026-07-30T15:49:59.628107
14,16,10,5,0,5,2026-07-30T15:50:00.697756
14,17,1,5,0,5,2026-07-30T15:50:02.159934
14,17,2,5,0,5,2026-07-30T15:50:03.484018
14,17,3,5,0,5,2026-07-30T15:50:04.931135
14,17,4,5,0,5,2026-07-30T15:50:06.571361
14,17,5,5,0,5,2026-07-30T15:50:08.016047
14,17,6,5,0,5,2026-07-30T15:50:09.251369
14,17,7,5,0,5,2026-07-30T15:50:10.933822
14,17,8,5,0,5,2026-07-30T15:50:12.368855
14,17,9,5,0,5,2026-07-30T15:50:13.834648
14,17,10,5,0,5,2026-07-30T15:50:14.871152
14,18,1,5,0,5,2026-07-30T15:50:16.519793
14,18,2,5,0,5,2026-07-30T15:50:17.953237
14,18,3,5,0,5,2026-07-30T15:50:18.988367
14,18,4,5,0,5,2026-07-30T15:50:20.823253
14,18,5,5,0,5,2026-07-30T15:50:22.672377
14,18,6,5,0,5,2026-07-30T15:50:24.328416
14,18,7,5,0,5,2026-07-30T15:50:25.383403
14,18,8,5,0,5,2026-07-30T15:50:26.809549
14,18,9,5,0,5,2026-07-30T15:50:28.647613
14,18,10,5,0,5,2026-07-30T15:50:30.284388
14,19,1,5,0,5,2026-07-30T15:50:31.923394
14,19,2,5,0,5,2026-07-30T15:50:32.965345
14,19,3,5,0,5,2026-07-30T15:50:34.199988
14,19,4,5,0,5,2026-07-30T15:50:35.648492
14,19,5,5,0,5,2026-07-30T15:50:36.902415
14,19,6,5,0,5,2026-07-30T15:50:38.136069
14,19,7,5,0,5,2026-07-30T15:50:39.561207
14,19,8,5,0,5,2026-07-30T15:50:41.224210
14,19,9,5,0,5,2026-07-30T15:50:43.057588
14,19,10,5,0,5,2026-07-30T15:50:44.498642
14,20,1,5,0,5,2026-07-30T15:50:45.952516
14,20,2,5,0,5,2026-07-30T15:50:48.012686
14,20,3,5,0,5,2026-07-30T15:50:49.484637
14,20,4,5,0,5,2026-07-30T15:50:50.516930
14,20,5,5,0,5,2026-07-30T15:50:51.761997
14,20,6,5,0,5,2026-07-30T15:50:53.219036
14,20,7,5,0,5,2026-07-30T15:50:55.062478
14,20,8,5,0,5,2026-07-30T15:50:56.104880
14,20,9,5,0,5,2026-07-30T15:50:57.161547
14,20,10,5,0,5,2026-07-30T15:50:59.007885
14,21,1,5,0,5,2026-07-30T15:51:00.056451
14,21,2,5,0,5,2026-07-30T15:51:01.711529
14,21,3,5,0,5,2026-07-30T15:51:03.543688
14,21,4,5,0,5,2026-07-30T15:51:05.412991
14,21,5,5,0,5,2026-07-30T15:51:07.042551
14,21,6,5,0,5,2026-07-30T15:51:08.886443
14,21,7,5,0,5,2026-07-30T15:51:10.355166
14,21,8,5,0,5,2026-07-30T15:51:11.788289
14,21,9,5,0,5,2026-07-30T15:51:13.440411
14,21,10,5,0,5,2026-07-30T15:51:14.677422
14,22,1,5,0,5,2026-07-30T15:51:16.532422
14,22,2,5,0,5,2026-07-30T15:51:18.191382
14,22,3,5,0,5,2026-07-30T15:51:20.042838
14,22,4,5,0,5,2026-07-30T15:51:21.083425
14,22,5,5,0,5,2026-07-30T15:51:22.965044
14,22,6,5,0,5,2026-07-30T15:51:24.780431
14,22,7,5,0,5,2026-07-30T15:51:26.010466
14,22,8,5,0,5,2026-07-30T15:51:27.856264
14,22,9,5,0,5,2026-07-30T15:51:28.893664
14,22,10,5,0,5,2026-07-30T15:51:30.126959
14,23,1,5,0,5,2026-07-30T15:51:31.183517
14,23,2,5,0,5,2026-07-30T15:51:32.411087
14,23,3,5,0,5,2026-07-30T15:51:33.851440
14,23,4,5,0,5,2026-07-30T15:51:35.719803
14,23,5,5,0,5,2026-07-30T15:51:37.167458
14,23,6,5,0,5,2026-07-30T15:51:39.014380
14,23,7,5,0,5,2026-07-30T15:51:40.452198
14,23,8,5,0,5,2026-07-30T15:51:41.696608
14,23,9,5,0,5,2026-07-30T15:51:42.738913
14,23,10,5,0,5,2026-07-30T15:51:44.451213
14,24,1,5,0,5,2026-07-30T15:51:46.105646
14,24,2,5,0,5,2026-07-30T15:51:47.750485
14,24,3,5,0,5,2026-07-30T15:51:48.777856
14,24,4,5,0,5,2026-07-30T15:51:49.826582
14,24,5,5,0,5,2026-07-30T15:51:51.483956
14,24,6,0,0,0,2026-07-30T15:51:53.342117
14,24,7,5,0,5,2026-07-30T15:51:54.789357
14,24,8,0,0,0,2026-07-30T15:51:56.663331
14,24,9,5,0,5,2026-07-30T15:51:57.908266
14,24,10,5,0,5,2026-07-30T15:51:58.926244
14,25,1,5,0,5,2026-07-30T15:52:00.382649
14,25,2,5,0,5,2026-07-30T15:52:01.423280
14,25,3,5,0,5,2026-07-30T15:52:03.088840
14,25,4,5,0,5,2026-07-30T15:52:04.742372
14,25,5,5,0,5,2026-07-30T15:52:06.183224
14,25,6,5,0,5,2026-07-30T15:52:07.429676
14,25,7,5,0,5,2026-07-30T15:52:08.875744
14,25,8,5,0,5,2026-07-30T15:52:10.320177
14,25,9,5,0,5,2026-07-30T15:52:11.999841
14,25,10,5,0,5,2026-07-30T15:52:13.857161
14,26,1,5,0,5,2026-07-30T15:52:15.104551
14,26,2,5,0,5,2026-07-30T15:52:16.960444
14,26,3,5,0,5,2026-07-30T15:52:18.200343
14,26,4,5,0,5,2026-07-30T15:52:19.650620
14,26,5,5,0,5,2026-07-30T15:52:21.124398
14,26,6,5,0,5,2026-07-30T15:52:22.390417
14,26,7,5,0,5,2026-07-30T15:52:24.265930
14,26,8,5,0,5,2026-07-30T15:52:25.342106
14,26,9,5,0,5,2026-07-30T15:52:26.811985
14,26,10,5,0,5,2026-07-30T15:52:28.670603
14,27,1,5,0,5,2026-07-30T15:52:30.349869
14,27,2,5,0,5,2026-07-30T15:52:31.591444
14,27,3,5,0,5,2026-07-30T15:52:33.442550
14,27,4,5,0,5,2026-07-30T15:52:34.926145
14,27,5,5,0,5,2026-07-30T15:52:36.597024
14,27,6,5,0,5,2026-07-30T15:52:38.046665
14,27,7,5,0,5,2026-07-30T15:52:39.304420
14,27,8,5,0,5,2026-07-30T15:52:43.237073
14,27,9,5,0,5,2026-07-30T15:52:44.720431
14,27,10,5,0,5,2026-07-30T15:52:45.768287
14,28,1,5,0,5,2026-07-30T15:52:47.017392
14,28,2,5,0,5,2026-07-30T15:52:48.448937
14,28,3,5,0,5,2026-07-30T15:52:49.898101
14,28,4,5,0,5,2026-07-30T15:52:50.924450
14,28,5,5,0,5,2026-07-30T15:52:51.949290
14,28,6,5,0,5,2026-07-30T15:52:52.997226
14,28,7,5,0,5,2026-07-30T15:52:54.633914
14,28,8,5,0,5,2026-07-30T15:52:56.063041
14,28,9,5,0,5,2026-07-30T15:52:57.519874
14,28,10,5,0,5,2026-07-30T15:52:59.400626
14,29,1,5,0,5,2026-07-30T15:53:00.630116
14,29,2,5,0,5,2026-07-30T15:53:02.085709
14,29,3,5,0,5,2026-07-30T15:53:03.937175
14,29,4,5,0,5,2026-07-30T15:53:05.415195
14,29,5,5,0,5,2026-07-30T15:53:07.295013
14,29,6,5,0,5,2026-07-30T15:53:09.138254
14,29,7,5,0,5,2026-07-30T15:53:10.392421
14,29,8,5,0,5,2026-07-30T15:53:11.876672
14,29,9,5,0,5,2026-07-30T15:53:12.926986
14,29,10,5,0,5,2026-07-30T15:53:14.554642
14,30,1,5,0,5,2026-07-30T15:53:16.034120
14,30,2,5,0,5,2026-07-30T15:53:17.492108
14,30,3,5,0,5,2026-07-30T15:53:18.941314
14,30,4,5,0,5,2026-07-30T15:53:20.800343
14,30,5,5,0,5,2026-07-30T15:53:22.428352
14,30,6,5,0,5,2026-07-30T15:53:24.098774
14,30,7,5,0,5,2026-07-30T15:53:25.742949
14,30,8,5,0,5,2026-07-30T15:53:27.378400
14,30,9,5,0,5,2026-07-30T15:53:28.635958
14,30,10,5,0,5,2026-07-30T15:53:30.291867
15,1,1,5,0,5,2026-07-30T15:53:31.946665
15,1,2,5,0,5,2026-07-30T15:53:33.032493
15,1,3,5,0,5,2026-07-30T15:53:34.472201
15,1,4,5,0,5,2026-07-30T15:53:36.323364
15,1,5,5,0,5,2026-07-30T15:53:37.970154
15,1,6,5,0,5,2026-07-30T15:53:39.220101
15,1,7,5,0,5,2026-07-30T15:53:40.878415
15,1,8,5,0,5,2026-07-30T15:53:42.320534
15,1,9,5,0,5,2026-07-30T15:53:43.645861
15,1,10,5,0,5,2026-07-30T15:53:45.489167
15,2,1,5,0,5,2026-07-30T15:53:46.735557
15,2,2,5,0,5,2026-07-30T15:53:47.791587
15,2,3,5,0,5,2026-07-30T15:53:49.673824
15,2,4,5,0,5,2026-07-30T15:53:51.140885
15,2,5,5,0,5,2026-07-30T15:53:52.805041
15,2,6,5,0,5,2026-07-30T15:53:53.853514
15,2,7,5,0,5,2026-07-30T15:53:55.300292
15,2,8,5,0,5,2026-07-30T15:53:56.936599
15,2,9,5,0,5,2026-07-30T15:53:58.167156
15,2,10,5,0,5,2026-07-30T15:53:59.411265
15,3,1,0,0,0,2026-07-30T15:54:01.250047
15,3,2,5,0,5,2026-07-30T15:54:02.907184
15,3,3,0,0,0,2026-07-30T15:54:04.356728
15,3,4,0,0,0,2026-07-30T15:54:05.414820
15,3,5,0,0,0,2026-07-30T15:54:07.269563
15,3,6,0,0,0,2026-07-30T15:54:08.519347
15,3,7,0,0,0,2026-07-30T15:54:10.347240
15,3,8,0,0,0,2026-07-30T15:54:11.603299
15,3,9,0,0,0,2026-07-30T15:54:12.650476
15,3,10,0,0,0,2026-07-30T15:54:14.303628
15,4,1,5,0,5,2026-07-30T15:54:15.729387
15,4,2,0,0,0,2026-07-30T15:54:16.776015
15,4,3,2,0,2,2026-07-30T15:54:18.437718
15,4,4,2,0,2,2026-07-30T15:54:19.668096
15,4,5,3,0,3,2026-07-30T15:54:21.123013
15,4,6,0,0,0,2026-07-30T15:54:22.576572
15,4,7,2,0,2,2026-07-30T15:54:24.235286
15,4,8,0,0,0,2026-07-30T15:54:26.079826
15,4,9,0,0,0,2026-07-30T15:54:27.344457
15,4,10,3,0,3,2026-07-30T15:54:28.402559
15,5,1,5,0,5,2026-07-30T15:54:29.452333
15,5,2,0,0,0,2026-07-30T15:54:31.093949
15,5,3,0,0,0,2026-07-30T15:54:32.970382
15,5,4,0,0,0,2026-07-30T15:54:34.830187
15,5,5,0,0,0,2026-07-30T15:54:36.291295
15,5,6,0,0,0,2026-07-30T15:54:38.126539
15,5,7,0,0,0,2026-07-30T15:54:39.408920
15,5,8,0,0,0,2026-07-30T15:54:41.039061
15,5,9,0,0,0,2026-07-30T15:54:42.094196
15,5,10,5,0,5,2026-07-30T15:54:43.159487
15,6,1,5,0,5,2026-07-30T15:54:44.205692
15,6,2,5,0,5,2026-07-30T15:54:46.056139
15,6,3,5,0,5,2026-07-30T15:54:47.090742
15,6,4,5,0,5,2026-07-30T15:54:48.580139
15,6,5,5,0,5,2026-07-30T15:54:50.285263
15,6,6,5,0,5,2026-07-30T15:54:51.534340
15,6,7,5,0,5,2026-07-30T15:54:53.409086
15,6,8,5,0,5,2026-07-30T15:54:54.463850
15,6,9,5,0,5,2026-07-30T15:54:56.125706
15,6,10,5,0,5,2026-07-30T15:54:57.796698
15,7,1,5,0,5,2026-07-30T15:54:59.245681
15,7,2,5,0,5,2026-07-30T15:55:01.115170
15,7,3,5,0,5,2026-07-30T15:55:02.975747
15,7,4,5,0,5,2026-07-30T15:55:04.669695
15,7,5,5,0,5,2026-07-30T15:55:06.556249
15,7,6,5,0,5,2026-07-30T15:55:07.623837
15,7,7,5,0,5,2026-07-30T15:55:08.883979
15,7,8,5,0,5,2026-07-30T15:55:10.346210
15,7,9,5,0,5,2026-07-30T15:55:11.828872
15,7,10,5,0,5,2026-07-30T15:55:13.495671
15,8,1,5,0,5,2026-07-30T15:55:15.328917
15,8,2,5,0,5,2026-07-30T15:55:16.371518
15,8,3,5,0,5,2026-07-30T15:55:17.617961
15,8,4,5,0,5,2026-07-30T15:55:18.680025
15,8,5,5,0,5,2026-07-30T15:55:19.932125
15,8,6,5,0,5,2026-07-30T15:55:21.796376
15,8,7,5,0,5,2026-07-30T15:55:22.669052
15,8,8,5,0,5,2026-07-30T15:55:23.720808
15,8,9,5,0,5,2026-07-30T15:55:24.978879
15,8,10,5,0,5,2026-07-30T15:55:26.814950
15,9,1,2,0,2,2026-07-30T15:55:28.260386
15,9,2,0,0,0,2026-07-30T15:55:29.704625
15,9,3,0,0,0,2026-07-30T15:55:31.370246
15,9,4,0,0,0,2026-07-30T15:55:32.426566
15,9,5,0,0,0,2026-07-30T15:55:33.491357
15,9,6,0,0,0,2026-07-30T15:55:34.329500
15,9,7,0,0,0,2026-07-30T15:55:36.200039
15,9,8,0,0,0,2026-07-30T15:55:38.048652
15,9,9,5,0,5,2026-07-30T15:55:39.687496
15,9,10,0,0,0,2026-07-30T15:55:40.932438
15,10,1,0,0,0,2026-07-30T15:55:41.797729
15,10,2,5,0,5,2026-07-30T15:55:43.628772
15,10,3,5,0,5,2026-07-30T15:55:44.651701
15,10,4,5,0,5,2026-07-30T15:55:45.877400
15,10,5,5,0,5,2026-07-30T15:55:47.132973
15,10,6,5,0,5,2026-07-30T15:55:48.369767
15,10,7,5,0,5,2026-07-30T15:55:50.408345
15,10,8,5,0,5,2026-07-30T15:55:52.158361
15,10,9,5,0,5,2026-07-30T15:55:53.194596
15,10,10,5,0,5,2026-07-30T15:55:54.225248
15,11,1,5,0,5,2026-07-30T15:55:56.096055
15,11,2,5,0,5,2026-07-30T15:55:57.750830
15,11,3,5,0,5,2026-07-30T15:55:59.005471
15,11,4,5,0,5,2026-07-30T15:56:00.462572
15,11,5,5,0,5,2026-07-30T15:56:01.507539
15,11,6,5,0,5,2026-07-30T15:56:02.813342
15,11,7,5,0,5,2026-07-30T15:56:03.859107
15,11,8,5,0,5,2026-07-30T15:56:05.298846
15,11,9,5,0,5,2026-07-30T15:56:06.963789
15,11,10,5,0,5,2026-07-30T15:56:08.589294
15,12,1,5,0,5,2026-07-30T15:56:10.431872
15,12,2,5,0,5,2026-07-30T15:56:12.479373
15,12,3,5,0,5,2026-07-30T15:56:14.158630
15,12,4,5,0,5,2026-07-30T15:56:16.019418
15,12,5,5,0,5,2026-07-30T15:56:17.692003
15,12,6,5,0,5,2026-07-30T15:56:19.152720
15,12,7,5,0,5,2026-07-30T15:56:20.591195
15,12,8,5,0,5,2026-07-30T15:56:21.874462
15,12,9,5,0,5,2026-07-30T15:56:22.904855
15,12,10,5,0,5,2026-07-30T15:56:23.948108
15,13,1,5,0,5,2026-07-30T15:56:25.600436
15,13,2,0,0,0,2026-07-30T15:56:27.463395
15,13,3,3,0,3,2026-07-30T15:56:29.137359
15,13,4,1,0,1,2026-07-30T15:56:30.787502
15,13,5,2,0,2,2026-07-30T15:56:32.644008
15,13,6,3,0,3,2026-07-30T15:56:33.681718
15,13,7,3,0,3,2026-07-30T15:56:35.549918
15,13,8,5,0,5,2026-07-30T15:56:36.582474
15,13,9,5,0,5,2026-07-30T15:56:37.832337
15,13,10,3,0,3,2026-07-30T15:56:39.069818
15,14,1,5,0,5,2026-07-30T15:56:40.737569
15,14,2,5,0,5,2026-07-30T15:56:41.786336
15,14,3,5,0,5,2026-07-30T15:56:43.048699
15,14,4,5,0,5,2026-07-30T15:56:44.730448
15,14,5,5,0,5,2026-07-30T15:56:46.179706
15,14,6,5,0,5,2026-07-30T15:56:47.214989
15,14,7,5,0,5,2026-07-30T15:56:49.264497
15,14,8,5,0,5,2026-07-30T15:56:51.122132
15,14,9,5,0,5,2026-07-30T15:56:52.358049
15,14,10,5,0,5,2026-07-30T15:56:54.047760
15,15,1,5,0,5,2026-07-30T15:56:55.723274
15,15,2,5,0,5,2026-07-30T15:56:57.360365
15,15,3,5,0,5,2026-07-30T15:56:58.402749
15,15,4,5,0,5,2026-07-30T15:56:59.669864
15,15,5,5,0,5,2026-07-30T15:57:00.907428
15,15,6,5,0,5,2026-07-30T15:57:02.162038
15,15,7,5,0,5,2026-07-30T15:57:03.615487
15,15,8,5,0,5,2026-07-30T15:57:05.084122
15,15,9,5,0,5,2026-07-30T15:57:06.323231
15,15,10,5,0,5,2026-07-30T15:57:07.562499
15,16,1,5,0,5,2026-07-30T15:57:08.613022
15,16,2,5,0,5,2026-07-30T15:57:10.469398
15,16,3,5,0,5,2026-07-30T15:57:11.710358
15,16,4,5,0,5,2026-07-30T15:57:12.945638
15,16,5,5,0,5,2026-07-30T15:57:14.005258
15,16,6,5,0,5,2026-07-30T15:57:15.073269
15,16,7,5,0,5,2026-07-30T15:57:16.951460
15,16,8,5,0,5,2026-07-30T15:57:18.815235
15,16,9,5,0,5,2026-07-30T15:57:20.258106
15,16,10,5,0,5,2026-07-30T15:57:22.102951
15,17,1,5,0,5,2026-07-30T15:57:23.548221
15,17,2,5,0,5,2026-07-30T15:57:25.198405
15,17,3,5,0,5,2026-07-30T15:57:27.040328
15,17,4,5,0,5,2026-07-30T15:57:28.304664
15,17,5,5,0,5,2026-07-30T15:57:30.147104
15,17,6,5,0,5,2026-07-30T15:57:32.002645
15,17,7,5,0,5,2026-07-30T15:57:34.090954
15,17,8,5,0,5,2026-07-30T15:57:35.327373
15,17,9,5,0,5,2026-07-30T15:57:36.990469
15,17,10,5,0,5,2026-07-30T15:57:38.435256
15,18,1,5,0,5,2026-07-30T15:57:39.470530
15,18,2,5,0,5,2026-07-30T15:57:40.718541
15,18,3,5,0,5,2026-07-30T15:57:42.176209
15,18,4,5,0,5,2026-07-30T15:57:43.431082
15,18,5,5,0,5,2026-07-30T15:57:45.295583
15,18,6,5,0,5,2026-07-30T15:57:46.771087
15,18,7,5,0,5,2026-07-30T15:57:48.643217
15,18,8,5,0,5,2026-07-30T15:57:49.689623
15,18,9,5,0,5,2026-07-30T15:57:51.178308
15,18,10,5,0,5,2026-07-30T15:57:52.668216
15,19,1,5,0,5,2026-07-30T15:57:54.118072
15,19,2,5,0,5,2026-07-30T15:57:55.179133
15,19,3,5,0,5,2026-07-30T15:57:56.633601
15,19,4,5,0,5,2026-07-30T15:57:58.088715
15,19,5,5,0,5,2026-07-30T15:57:59.343660
15,19,6,5,0,5,2026-07-30T15:58:01.191243
15,19,7,5,0,5,2026-07-30T15:58:02.833324
15,19,8,5,0,5,2026-07-30T15:58:03.876232
15,19,9,5,0,5,2026-07-30T15:58:05.758775
15,19,10,5,0,5,2026-07-30T15:58:07.610285
15,20,1,5,0,5,2026-07-30T15:58:08.650913
15,20,2,5,0,5,2026-07-30T15:58:09.717275
15,20,3,5,0,5,2026-07-30T15:58:10.778252
15,20,4,5,0,5,2026-07-30T15:58:12.221041
15,20,5,5,0,5,2026-07-30T15:58:13.657654
15,20,6,5,0,5,2026-07-30T15:58:15.327642
15,20,7,5,0,5,2026-07-30T15:58:17.011543
15,20,8,5,0,5,2026-07-30T15:58:18.694018
15,20,9,5,0,5,2026-07-30T15:58:19.941082
15,20,10,5,0,5,2026-07-30T15:58:21.190125
15,21,1,5,0,5,2026-07-30T15:58:23.249856
15,21,2,5,0,5,2026-07-30T15:58:25.103656
15,21,3,5,0,5,2026-07-30T15:58:26.551730
15,21,4,5,0,5,2026-07-30T15:58:28.011572
15,21,5,5,0,5,2026-07-30T15:58:29.856072
15,21,6,5,0,5,2026-07-30T15:58:31.105869
15,21,7,5,0,5,2026-07-30T15:58:32.192344
15,21,8,5,0,5,2026-07-30T15:58:34.108157
15,21,9,5,0,5,2026-07-30T15:58:35.991558
15,21,10,5,0,5,2026-07-30T15:58:37.636979
15,22,1,5,0,5,2026-07-30T15:58:39.070743
15,22,2,5,0,5,2026-07-30T15:58:40.098162
15,22,3,5,0,5,2026-07-30T15:58:41.954549
15,22,4,5,0,5,2026-07-30T15:58:43.416008
15,22,5,5,0,5,2026-07-30T15:58:44.677949
15,22,6,5,0,5,2026-07-30T15:58:45.943814
15,22,7,5,0,5,2026-07-30T15:58:47.179804
15,22,8,5,0,5,2026-07-30T15:58:49.034563
15,22,9,5,0,5,2026-07-30T15:58:50.281516
15,22,10,5,0,5,2026-07-30T15:58:51.733390
15,23,1,5,0,5,2026-07-30T15:58:53.580577
15,23,2,5,0,5,2026-07-30T15:58:55.227480
15,23,3,5,0,5,2026-07-30T15:58:56.056984
15,23,4,5,0,5,2026-07-30T15:58:57.907262
15,23,5,5,0,5,2026-07-30T15:58:59.151554
15,23,6,5,0,5,2026-07-30T15:59:00.803318
15,23,7,5,0,5,2026-07-30T15:59:01.839436
15,23,8,5,0,5,2026-07-30T15:59:03.489862
15,23,9,5,0,5,2026-07-30T15:59:05.148737
15,23,10,5,0,5,2026-07-30T15:59:06.861631
15,24,1,5,0,5,2026-07-30T15:59:08.510143
15,24,2,0,0,0,2026-07-30T15:59:10.182772
15,24,3,0,0,0,2026-07-30T15:59:11.944048
15,24,4,0,0,0,2026-07-30T15:59:14.012746
15,24,5,0,0,0,2026-07-30T15:59:15.061486
15,24,6,0,0,0,2026-07-30T15:59:16.920506
15,24,7,0,0,0,2026-07-30T15:59:17.951629
15,24,8,0,0,0,2026-07-30T15:59:19.410581
15,24,9,0,0,0,2026-07-30T15:59:21.295513
15,24,10,5,0,5,2026-07-30T15:59:22.774031
15,25,1,5,0,5,2026-07-30T15:59:24.416765
15,25,2,5,0,5,2026-07-30T15:59:26.267896
15,25,3,5,0,5,2026-07-30T15:59:27.903350
15,25,4,5,0,5,2026-07-30T15:59:29.130622
15,25,5,5,0,5,2026-07-30T15:59:30.570571
15,25,6,5,0,5,2026-07-30T15:59:32.245934
15,25,7,5,0,5,2026-07-30T15:59:33.909498
15,25,8,5,0,5,2026-07-30T15:59:35.188059
15,25,9,5,0,5,2026-07-30T15:59:36.420773
15,25,10,5,0,5,2026-07-30T15:59:37.853421
15,26,1,5,0,5,2026-07-30T15:59:39.338307
15,26,2,5,0,5,2026-07-30T15:59:40.402526
15,26,3,5,0,5,2026-07-30T15:59:42.250014
15,26,4,5,0,5,2026-07-30T15:59:44.090126
15,26,5,5,0,5,2026-07-30T15:59:45.561160
15,26,6,5,0,5,2026-07-30T15:59:46.823496
15,26,7,5,0,5,2026-07-30T15:59:47.850752
15,26,8,5,0,5,2026-07-30T15:59:49.524927
15,26,9,5,0,5,2026-07-30T15:59:51.370945
15,26,10,5,0,5,2026-07-30T15:59:52.820890
15,27,1,5,0,5,2026-07-30T15:59:54.461833
15,27,2,5,0,5,2026-07-30T15:59:55.733935
15,27,3,5,0,5,2026-07-30T15:59:57.589809
15,27,4,5,0,5,2026-07-30T15:59:59.441158
15,27,5,5,0,5,2026-07-30T16:00:01.303592
15,27,6,5,0,5,2026-07-30T16:00:03.354813
15,27,7,5,0,5,2026-07-30T16:00:05.006840
15,27,8,5,0,5,2026-07-30T16:00:06.244702
15,27,9,5,0,5,2026-07-30T16:00:07.532443
15,27,10,5,0,5,2026-07-30T16:00:08.961368
15,28,1,5,0,5,2026-07-30T16:00:10.232989
15,28,2,3,0,3,2026-07-30T16:00:11.903763
15,28,3,3,0,3,2026-07-30T16:00:13.361262
15,28,4,3,0,3,2026-07-30T16:00:15.213404
15,28,5,5,0,5,2026-07-30T16:00:16.259343
15,28,6,3,0,3,2026-07-30T16:00:17.694781
15,28,7,5,0,5,2026-07-30T16:00:19.148984
15,28,8,5,0,5,2026-07-30T16:00:21.007591
15,28,9,3,0,3,2026-07-30T16:00:22.648799
15,28,10,3,0,3,2026-07-30T16:00:23.910401
15,29,1,5,0,5,2026-07-30T16:00:25.780781
15,29,2,5,0,5,2026-07-30T16:00:27.640593
15,29,3,5,0,5,2026-07-30T16:00:28.886172
15,29,4,5,0,5,2026-07-30T16:00:29.942364
15,29,5,5,0,5,2026-07-30T16:00:31.179351
15,29,6,5,0,5,2026-07-30T16:00:32.852516
15,29,7,5,0,5,2026-07-30T16:00:34.512894
15,29,8,5,0,5,2026-07-30T16:00:35.761143
15,29,9,5,0,5,2026-07-30T16:00:37.206691
15,29,10,5,0,5,2026-07-30T16:00:38.661684
15,30,1,5,0,5,2026-07-30T16:00:40.521139
15,30,2,5,0,5,2026-07-30T16:00:42.398571
15,30,3,5,0,5,2026-07-30T16:00:43.489257
15,30,4,5,0,5,2026-07-30T16:00:44.942493
15,30,5,5,0,5,2026-07-30T16:00:45.967654
15,30,6,5,0,5,2026-07-30T16:00:47.437280
15,30,7,5,0,5,2026-07-30T16:00:48.491618
15,30,8,5,0,5,2026-07-30T16:00:49.740412
15,30,9,5,0,5,2026-07-30T16:00:50.994454
15,30,10,4,0,4,2026-07-30T16:00:52.635360
16,1,1,5,0,5,2026-07-30T16:00:54.298261
16,1,2,5,0,5,2026-07-30T16:00:55.968495
16,1,3,5,0,5,2026-07-30T16:00:57.827143
16,1,4,5,0,5,2026-07-30T16:00:58.876296
16,1,5,5,0,5,2026-07-30T16:01:00.534504
16,1,6,5,0,5,2026-07-30T16:01:01.987153
16,1,7,5,0,5,2026-07-30T16:01:03.862039
16,1,8,5,0,5,2026-07-30T16:01:05.726572
16,1,9,5,0,5,2026-07-30T16:01:07.591342
16,1,10,5,0,5,2026-07-30T16:01:09.028438
16,2,1,5,0,5,2026-07-30T16:01:10.298031
16,2,2,5,0,5,2026-07-30T16:01:12.162627
16,2,3,5,0,5,2026-07-30T16:01:13.430450
16,2,4,5,0,5,2026-07-30T16:01:15.313337
16,2,5,5,0,5,2026-07-30T16:01:16.579934
16,2,6,5,0,5,2026-07-30T16:01:18.039905
16,2,7,5,0,5,2026-07-30T16:01:19.293543
16,2,8,5,0,5,2026-07-30T16:01:20.950163
16,2,9,5,0,5,2026-07-30T16:01:22.617140
16,2,10,5,0,5,2026-07-30T16:01:23.867977
16,3,1,0,0,0,2026-07-30T16:01:26.356130
16,3,2,0,0,0,2026-07-30T16:01:27.406199
16,3,3,0,0,0,2026-07-30T16:01:28.438369
16,3,4,0,0,0,2026-07-30T16:01:30.105269
16,3,5,0,0,0,2026-07-30T16:01:31.823910
16,3,6,0,0,0,2026-07-30T16:01:33.476973
16,3,7,0,0,0,2026-07-30T16:01:34.979626
16,3,8,0,0,0,2026-07-30T16:01:36.438380
16,3,9,0,0,0,2026-07-30T16:01:37.904901
16,3,10,0,0,0,2026-07-30T16:01:39.753920
16,4,1,0,0,0,2026-07-30T16:01:41.649359
16,4,2,0,0,0,2026-07-30T16:01:43.107660
16,4,3,0,0,0,2026-07-30T16:01:44.986520
16,4,4,0,0,0,2026-07-30T16:01:46.270686
16,4,5,0,0,0,2026-07-30T16:01:47.936083
16,4,6,0,0,0,2026-07-30T16:01:49.562009
16,4,7,0,0,0,2026-07-30T16:01:51.220748
16,4,8,0,0,0,2026-07-30T16:01:52.456004
16,4,9,0,0,0,2026-07-30T16:01:54.089567
16,4,10,0,0,0,2026-07-30T16:01:55.742606
16,5,1,0,0,0,2026-07-30T16:01:57.379036
16,5,2,0,0,0,2026-07-30T16:01:58.882207
16,5,3,5,0,5,2026-07-30T16:01:59.948392
16,5,4,0,0,0,2026-07-30T16:02:01.598681
16,5,5,0,0,0,2026-07-30T16:02:03.054782
16,5,6,0,0,0,2026-07-30T16:02:04.508762
16,5,7,0,0,0,2026-07-30T16:02:05.754786
16,5,8,0,0,0,2026-07-30T16:02:07.599552
16,5,9,5,0,5,2026-07-30T16:02:08.650613
16,5,10,0,0,0,2026-07-30T16:02:09.695723
16,6,1,5,0,5,2026-07-30T16:02:11.148409
16,6,2,5,0,5,2026-07-30T16:02:12.801008
16,6,3,5,0,5,2026-07-30T16:02:14.448424
16,6,4,5,0,5,2026-07-30T16:02:15.687453
16,6,5,5,0,5,2026-07-30T16:02:17.353058
16,6,6,5,0,5,2026-07-30T16:02:19.027447
16,6,7,5,0,5,2026-07-30T16:02:20.683242
16,6,8,5,0,5,2026-07-30T16:02:22.168462
16,6,9,5,0,5,2026-07-30T16:02:23.614760
16,6,10,5,0,5,2026-07-30T16:02:25.265017
16,7,1,5,0,5,2026-07-30T16:02:26.328864
16,7,2,5,0,5,2026-07-30T16:02:27.986991
16,7,3,5,0,5,2026-07-30T16:02:29.434869
16,7,4,5,0,5,2026-07-30T16:02:30.914924
16,7,5,5,0,5,2026-07-30T16:02:32.569725
16,7,6,5,0,5,2026-07-30T16:02:34.424820
16,7,7,5,0,5,2026-07-30T16:02:35.486212
16,7,8,5,0,5,2026-07-30T16:02:37.144846
16,7,9,5,0,5,2026-07-30T16:02:38.901066
16,7,10,5,0,5,2026-07-30T16:02:40.447159
16,8,1,5,0,5,2026-07-30T16:02:41.922335
16,8,2,5,0,5,2026-07-30T16:02:42.985842
16,8,3,5,0,5,2026-07-30T16:02:44.654308
16,8,4,5,0,5,2026-07-30T16:02:45.702380
16,8,5,5,0,5,2026-07-30T16:02:46.951941
16,8,6,5,0,5,2026-07-30T16:02:48.613186
16,8,7,5,0,5,2026-07-30T16:02:50.462562
16,8,8,5,0,5,2026-07-30T16:02:51.921899
16,8,9,5,0,5,2026-07-30T16:02:53.378829
16,8,10,5,0,5,2026-07-30T16:02:54.840440
16,9,1,0,0,0,2026-07-30T16:02:56.362316
16,9,2,0,0,0,2026-07-30T16:02:57.404796
16,9,3,0,0,0,2026-07-30T16:02:59.269426
16,9,4,5,0,5,2026-07-30T16:03:00.737972
16,9,5,0,0,0,2026-07-30T16:03:02.494811
16,9,6,0,0,0,2026-07-30T16:03:03.964149
16,9,7,0,0,0,2026-07-30T16:03:05.846391
16,9,8,0,0,0,2026-07-30T16:03:08.023441
16,9,9,0,0,0,2026-07-30T16:03:09.287021
16,9,10,0,0,0,2026-07-30T16:03:10.756942
16,10,1,0,0,0,2026-07-30T16:03:12.201320
16,10,2,5,0,5,2026-07-30T16:03:13.275056
16,10,3,5,0,5,2026-07-30T16:03:15.519649
16,10,4,0,0,0,2026-07-30T16:03:16.781419
16,10,5,0,0,0,2026-07-30T16:03:18.232142
16,10,6,5,0,5,2026-07-30T16:03:19.886273
16,10,7,0,0,0,2026-07-30T16:03:21.535570
16,10,8,5,0,5,2026-07-30T16:03:22.784171
16,10,9,0,0,0,2026-07-30T16:03:24.476854
16,10,10,5,0,5,2026-07-30T16:03:25.541054
16,11,1,5,0,5,2026-07-30T16:03:27.207477
16,11,2,5,0,5,2026-07-30T16:03:28.682213
16,11,3,5,0,5,2026-07-30T16:03:30.558242
16,11,4,5,0,5,2026-07-30T16:03:32.224775
16,11,5,5,0,5,2026-07-30T16:03:34.132981
16,11,6,5,0,5,2026-07-30T16:03:35.776549
16,11,7,5,0,5,2026-07-30T16:03:36.870205
16,11,8,5,0,5,2026-07-30T16:03:38.334006
16,11,9,5,0,5,2026-07-30T16:03:39.395433
16,11,10,5,0,5,2026-07-30T16:03:41.049619
16,12,1,5,0,5,2026-07-30T16:03:42.305844
16,12,2,5,0,5,2026-07-30T16:03:44.036787
16,12,3,5,0,5,2026-07-30T16:03:45.306731
16,12,4,5,0,5,2026-07-30T16:03:47.164649
16,12,5,5,0,5,2026-07-30T16:03:48.616249
16,12,6,5,0,5,2026-07-30T16:03:49.667207
16,12,7,5,0,5,2026-07-30T16:03:50.725268
16,12,8,5,0,5,2026-07-30T16:03:52.306742
16,12,9,5,0,5,2026-07-30T16:03:53.768119
16,12,10,5,0,5,2026-07-30T16:03:55.456121
16,13,1,0,0,0,2026-07-30T16:03:56.521040
16,13,2,3,0,3,2026-07-30T16:03:57.569277
16,13,3,3,0,3,2026-07-30T16:03:59.019905
16,13,4,2,0,2,2026-07-30T16:04:00.074920
16,13,5,5,0,5,2026-07-30T16:04:01.119466
16,13,6,5,0,5,2026-07-30T16:04:02.378221
16,13,7,5,0,5,2026-07-30T16:04:04.263419
16,13,8,5,0,5,2026-07-30T16:04:05.323632
16,13,9,4,0,4,2026-07-30T16:04:06.760998
16,13,10,5,0,5,2026-07-30T16:04:08.007952
16,14,1,5,0,5,2026-07-30T16:04:09.744507
16,14,2,5,0,5,2026-07-30T16:04:11.816947
16,14,3,5,0,5,2026-07-30T16:04:13.684699
16,14,4,5,0,5,2026-07-30T16:04:15.760851
16,14,5,5,0,5,2026-07-30T16:04:17.412731
16,14,6,5,0,5,2026-07-30T16:04:18.751422
16,14,7,5,0,5,2026-07-30T16:04:19.802889
16,14,8,4,0,4,2026-07-30T16:04:20.865996
16,14,9,5,0,5,2026-07-30T16:04:22.568595
16,14,10,5,0,5,2026-07-30T16:04:23.627167
16,15,1,5,0,5,2026-07-30T16:04:25.101368
16,15,2,5,0,5,2026-07-30T16:04:26.365019
16,15,3,5,0,5,2026-07-30T16:04:27.825124
16,15,4,0,0,0,2026-07-30T16:04:29.482460
16,15,5,5,0,5,2026-07-30T16:04:30.742113
16,15,6,5,0,5,2026-07-30T16:04:32.199550
16,15,7,5,0,5,2026-07-30T16:04:33.868161
16,15,8,5,0,5,2026-07-30T16:04:35.339668
16,15,9,5,0,5,2026-07-30T16:04:37.214605
16,15,10,0,0,0,2026-07-30T16:04:38.648666
16,16,1,5,0,5,2026-07-30T16:04:40.692717
16,16,2,5,0,5,2026-07-30T16:04:42.557008
16,16,3,5,0,5,2026-07-30T16:04:43.601822
16,16,4,5,0,5,2026-07-30T16:04:45.057042
16,16,5,5,0,5,2026-07-30T16:04:46.710248
16,16,6,5,0,5,2026-07-30T16:04:47.959396
16,16,7,5,0,5,2026-07-30T16:04:49.818104
16,16,8,5,0,5,2026-07-30T16:04:51.060666
16,16,9,5,0,5,2026-07-30T16:04:52.721972
16,16,10,5,0,5,2026-07-30T16:04:54.381683
16,17,1,5,0,5,2026-07-30T16:04:55.606948
16,17,2,5,0,5,2026-07-30T16:04:57.094269
16,17,3,5,0,5,2026-07-30T16:04:58.347542
16,17,4,5,0,5,2026-07-30T16:05:00.223367
16,17,5,5,0,5,2026-07-30T16:05:01.480338
16,17,6,5,0,5,2026-07-30T16:05:02.756613
16,17,7,5,0,5,2026-07-30T16:05:04.226865
16,17,8,5,0,5,2026-07-30T16:05:05.688280
16,17,9,5,0,5,2026-07-30T16:05:07.565713
16,17,10,5,0,5,2026-07-30T16:05:08.821361
16,18,1,5,0,5,2026-07-30T16:05:10.273606
16,18,2,5,0,5,2026-07-30T16:05:12.128719
16,18,3,5,0,5,2026-07-30T16:05:13.793434
16,18,4,0,0,0,2026-07-30T16:05:15.068727
16,18,5,2,0,2,2026-07-30T16:05:16.531750
16,18,6,2,0,2,2026-07-30T16:05:17.797805
16,18,7,5,0,5,2026-07-30T16:05:19.651261
16,18,8,5,0,5,2026-07-30T16:05:20.734136
16,18,9,5,0,5,2026-07-30T16:05:22.807251
16,18,10,5,0,5,2026-07-30T16:05:23.863355
16,19,1,5,0,5,2026-07-30T16:05:24.917140
16,19,2,5,0,5,2026-07-30T16:05:26.390159
16,19,3,5,0,5,2026-07-30T16:05:27.649920
16,19,4,5,0,5,2026-07-30T16:05:29.102063
16,19,5,5,0,5,2026-07-30T16:05:30.971579
16,19,6,5,0,5,2026-07-30T16:05:32.650970
16,19,7,5,0,5,2026-07-30T16:05:34.524280
16,19,8,5,0,5,2026-07-30T16:05:35.609423
16,19,9,5,0,5,2026-07-30T16:05:36.698610
16,19,10,5,0,5,2026-07-30T16:05:37.943919
16,20,1,5,0,5,2026-07-30T16:05:39.787538
16,20,2,5,0,5,2026-07-30T16:05:41.640449
16,20,3,5,0,5,2026-07-30T16:05:42.880252
16,20,4,5,0,5,2026-07-30T16:05:44.140156
16,20,5,5,0,5,2026-07-30T16:05:45.614521
16,20,6,5,0,5,2026-07-30T16:05:46.857563
16,20,7,5,0,5,2026-07-30T16:05:47.909205
16,20,8,5,0,5,2026-07-30T16:05:49.761557
16,20,9,5,0,5,2026-07-30T16:05:51.634096
16,20,10,5,0,5,2026-07-30T16:05:53.328499
16,21,1,5,0,5,2026-07-30T16:05:55.027149
16,21,2,5,0,5,2026-07-30T16:05:56.095941
16,21,3,5,0,5,2026-07-30T16:05:57.136736
16,21,4,5,0,5,2026-07-30T16:05:58.188376
16,21,5,5,0,5,2026-07-30T16:05:59.846167
16,21,6,5,0,5,2026-07-30T16:06:01.704505
16,21,7,5,0,5,2026-07-30T16:06:02.976821
16,21,8,5,0,5,2026-07-30T16:06:04.620884
16,21,9,5,0,5,2026-07-30T16:06:05.886810
16,21,10,5,0,5,2026-07-30T16:06:07.146742
16,22,1,5,0,5,2026-07-30T16:06:08.813443
16,22,2,5,0,5,2026-07-30T16:06:10.683703
16,22,3,5,0,5,2026-07-30T16:06:12.755151
16,22,4,5,0,5,2026-07-30T16:06:13.806192
16,22,5,5,0,5,2026-07-30T16:06:14.876685
16,22,6,5,0,5,2026-07-30T16:06:15.918570
16,22,7,5,0,5,2026-07-30T16:06:17.587267
16,22,8,5,0,5,2026-07-30T16:06:19.027525
16,22,9,5,0,5,2026-07-30T16:06:20.484943
16,22,10,5,0,5,2026-07-30T16:06:22.161527
16,23,1,5,0,5,2026-07-30T16:06:24.225622
16,23,2,5,0,5,2026-07-30T16:06:26.093286
16,23,3,5,0,5,2026-07-30T16:06:27.342932
16,23,4,5,0,5,2026-07-30T16:06:28.993462
16,23,5,5,0,5,2026-07-30T16:06:30.451419
16,23,6,5,0,5,2026-07-30T16:06:31.898712
16,23,7,5,0,5,2026-07-30T16:06:33.580631
16,23,8,5,0,5,2026-07-30T16:06:35.447570
16,23,9,5,0,5,2026-07-30T16:06:36.902822
16,23,10,5,0,5,2026-07-30T16:06:38.749837
16,24,1,2,0,2,2026-07-30T16:06:40.597430
16,24,2,5,0,5,2026-07-30T16:06:42.263055
16,24,3,5,0,5,2026-07-30T16:06:44.147355
16,24,4,5,0,5,2026-07-30T16:06:45.395297
16,24,5,5,0,5,2026-07-30T16:06:46.449406
16,24,6,5,0,5,2026-07-30T16:06:48.094842
16,24,7,0,0,0,2026-07-30T16:06:49.121022
16,24,8,5,0,5,2026-07-30T16:06:50.769497
16,24,9,5,0,5,2026-07-30T16:06:52.637390
16,24,10,5,0,5,2026-07-30T16:06:53.693211
16,25,1,5,0,5,2026-07-30T16:06:54.748014
16,25,2,5,0,5,2026-07-30T16:06:56.806867
16,25,3,5,0,5,2026-07-30T16:06:58.285189
16,25,4,5,0,5,2026-07-30T16:06:59.424803
16,25,5,5,0,5,2026-07-30T16:07:00.672667
16,25,6,5,0,5,2026-07-30T16:07:02.119380
16,25,7,5,0,5,2026-07-30T16:07:03.364105
16,25,8,5,0,5,2026-07-30T16:07:04.425322
16,25,9,5,0,5,2026-07-30T16:07:06.097377
16,25,10,5,0,5,2026-07-30T16:07:07.340321
16,26,1,5,0,5,2026-07-30T16:07:08.997953
16,26,2,5,0,5,2026-07-30T16:07:10.446011
16,26,3,5,0,5,2026-07-30T16:07:12.309892
16,26,4,5,0,5,2026-07-30T16:07:13.574914
16,26,5,5,0,5,2026-07-30T16:07:14.638201
16,26,6,5,0,5,2026-07-30T16:07:15.693941
16,26,7,5,0,5,2026-07-30T16:07:17.565634
16,26,8,5,0,5,2026-07-30T16:07:19.238715
16,26,9,5,0,5,2026-07-30T16:07:20.560595
16,26,10,5,0,5,2026-07-30T16:07:22.030134
16,27,1,5,0,5,2026-07-30T16:07:23.075515
16,27,2,5,0,5,2026-07-30T16:07:24.755237
16,27,3,5,0,5,2026-07-30T16:07:26.015315
16,27,4,5,0,5,2026-07-30T16:07:27.281305
16,27,5,5,0,5,2026-07-30T16:07:29.019670
16,27,6,5,0,5,2026-07-30T16:07:30.254022
16,27,7,5,0,5,2026-07-30T16:07:31.729090
16,27,8,5,0,5,2026-07-30T16:07:32.795743
16,27,9,5,0,5,2026-07-30T16:07:34.050607
16,27,10,5,0,5,2026-07-30T16:07:35.931258
16,28,1,5,0,5,2026-07-30T16:07:37.797706
16,28,2,5,0,5,2026-07-30T16:07:39.245240
16,28,3,4,0,4,2026-07-30T16:07:40.706834
16,28,4,5,0,5,2026-07-30T16:07:41.947742
16,28,5,5,0,5,2026-07-30T16:07:43.793900
16,28,6,5,0,5,2026-07-30T16:07:44.836740
16,28,7,5,0,5,2026-07-30T16:07:46.689697
16,28,8,5,0,5,2026-07-30T16:07:47.719828
16,28,9,0,0,0,2026-07-30T16:07:48.951520
16,28,10,5,0,5,2026-07-30T16:07:50.627772
16,29,1,5,0,5,2026-07-30T16:07:52.295092
16,29,2,5,0,5,2026-07-30T16:07:53.947478
16,29,3,5,0,5,2026-07-30T16:07:55.014452
16,29,4,5,0,5,2026-07-30T16:07:56.265226
16,29,5,5,0,5,2026-07-30T16:07:57.741040
16,29,6,5,0,5,2026-07-30T16:07:59.372156
16,29,7,5,0,5,2026-07-30T16:08:00.994573
16,29,8,5,0,5,2026-07-30T16:08:02.670295
16,29,9,5,0,5,2026-07-30T16:08:04.124796
16,29,10,5,0,5,2026-07-30T16:08:05.996078
16,30,1,5,0,5,2026-07-30T16:08:07.864461
16,30,2,5,0,5,2026-07-30T16:08:09.737497
16,30,3,5,0,5,2026-07-30T16:08:10.787972
16,30,4,5,0,5,2026-07-30T16:08:12.257711
16,30,5,5,0,5,2026-07-30T16:08:13.932151
16,30,6,5,0,5,2026-07-30T16:08:14.997866
16,30,7,5,0,5,2026-07-30T16:08:16.468783
16,30,8,5,0,5,2026-07-30T16:08:18.312562
16,30,9,5,0,5,2026-07-30T16:08:19.372233
16,30,10,5,0,5,2026-07-30T16:08:20.821557
17,1,1,5,0,5,2026-07-30T16:08:22.492319
17,1,2,5,0,5,2026-07-30T16:08:23.940113
17,1,3,5,0,5,2026-07-30T16:08:24.992642
17,1,4,5,0,5,2026-07-30T16:08:26.883141
17,1,5,5,0,5,2026-07-30T16:08:28.546572
17,1,6,5,0,5,2026-07-30T16:08:30.023225
17,1,7,5,0,5,2026-07-30T16:08:31.674774
17,1,8,5,0,5,2026-07-30T16:08:36.355024
17,1,9,5,0,5,2026-07-30T16:08:38.029409
17,1,10,5,0,5,2026-07-30T16:08:39.698480
17,2,1,5,0,5,2026-07-30T16:08:40.971176
17,2,2,5,0,5,2026-07-30T16:08:41.826433
17,2,3,5,0,5,2026-07-30T16:08:42.895423
17,2,4,5,0,5,2026-07-30T16:08:44.152551
17,2,5,5,0,5,2026-07-30T16:08:45.601678
17,2,6,5,0,5,2026-07-30T16:08:46.963422
17,2,7,5,0,5,2026-07-30T16:08:48.225062
17,2,8,5,0,5,2026-07-30T16:08:49.881328
17,2,9,5,0,5,2026-07-30T16:08:51.560326
17,2,10,5,0,5,2026-07-30T16:08:53.025571
17,3,1,5,0,5,2026-07-30T16:08:54.930997
17,3,2,3,0,3,2026-07-30T16:08:56.219006
17,3,3,3,0,3,2026-07-30T16:08:57.470582
17,3,4,0,0,0,2026-07-30T16:08:58.723678
17,3,5,2,0,2,2026-07-30T16:09:00.391322
17,3,6,0,0,0,2026-07-30T16:09:01.869927
17,3,7,0,0,0,2026-07-30T16:09:03.548679
17,3,8,0,0,0,2026-07-30T16:09:04.600632
17,3,9,0,0,0,2026-07-30T16:09:05.870300
17,3,10,3,0,3,2026-07-30T16:09:07.223062
17,4,1,0,0,0,2026-07-30T16:09:09.291872
17,4,2,2,0,2,2026-07-30T16:09:10.755265
17,4,3,2,0,2,2026-07-30T16:09:12.225581
17,4,4,2,0,2,2026-07-30T16:09:13.305254
17,4,5,2,0,2,2026-07-30T16:09:15.401987
17,4,6,0,0,0,2026-07-30T16:09:17.054442
17,4,7,3,0,3,2026-07-30T16:09:18.793052
17,4,8,2,0,2,2026-07-30T16:09:20.655464
17,4,9,0,0,0,2026-07-30T16:09:22.372054
17,4,10,2,0,2,2026-07-30T16:09:24.256096
17,5,1,0,0,0,2026-07-30T16:09:25.696877
17,5,2,0,0,0,2026-07-30T16:09:26.743909
17,5,3,0,0,0,2026-07-30T16:09:28.197852
17,5,4,0,0,0,2026-07-30T16:09:29.473254
17,5,5,0,0,0,2026-07-30T16:09:30.529616
17,5,6,0,0,0,2026-07-30T16:09:32.194766
17,5,7,0,0,0,2026-07-30T16:09:33.247570
17,5,8,0,0,0,2026-07-30T16:09:35.103136
17,5,9,0,0,0,2026-07-30T16:09:36.348376
17,5,10,0,0,0,2026-07-30T16:09:37.595838
17,6,1,5,0,5,2026-07-30T16:09:38.633577
17,6,2,5,0,5,2026-07-30T16:09:39.880674
17,6,3,5,0,5,2026-07-30T16:09:41.126252
17,6,4,5,0,5,2026-07-30T16:09:42.776095
17,6,5,5,0,5,2026-07-30T16:09:44.220398
17,6,6,5,0,5,2026-07-30T16:09:45.472981
17,6,7,5,0,5,2026-07-30T16:09:46.958008
17,6,8,5,0,5,2026-07-30T16:09:48.821269
17,6,9,5,0,5,2026-07-30T16:09:50.685446
17,6,10,5,0,5,2026-07-30T16:09:52.368650
17,7,1,5,0,5,2026-07-30T16:09:54.028410
17,7,2,5,0,5,2026-07-30T16:09:55.711731
17,7,3,5,0,5,2026-07-30T16:09:57.171482
17,7,4,5,0,5,2026-07-30T16:09:58.821098
17,7,5,5,0,5,2026-07-30T16:10:00.874915
17,7,6,5,0,5,2026-07-30T16:10:02.341383
17,7,7,5,0,5,2026-07-30T16:10:03.413059
17,7,8,5,0,5,2026-07-30T16:10:05.073438
17,7,9,5,0,5,2026-07-30T16:10:06.542828
17,7,10,5,0,5,2026-07-30T16:10:07.810275
17,8,1,5,0,5,2026-07-30T16:10:08.854254
17,8,2,5,0,5,2026-07-30T16:10:10.747690
17,8,3,5,0,5,2026-07-30T16:10:12.604661
17,8,4,5,0,5,2026-07-30T16:10:14.271496
17,8,5,5,0,5,2026-07-30T16:10:15.542830
17,8,6,5,0,5,2026-07-30T16:10:16.599007
17,8,7,5,0,5,2026-07-30T16:10:17.867770
17,8,8,5,0,5,2026-07-30T16:10:18.912196
17,8,9,5,0,5,2026-07-30T16:10:20.569378
17,8,10,5,0,5,2026-07-30T16:10:21.604256
17,9,1,0,0,0,2026-07-30T16:10:23.659066
17,9,2,2,0,2,2026-07-30T16:10:25.100084
17,9,3,2,0,2,2026-07-30T16:10:26.970154
17,9,4,0,0,0,2026-07-30T16:10:28.646206
17,9,5,2,0,2,2026-07-30T16:10:30.527123
17,9,6,0,0,0,2026-07-30T16:10:31.593845
17,9,7,2,0,2,2026-07-30T16:10:32.625644
17,9,8,3,0,3,2026-07-30T16:10:34.285320
17,9,9,5,0,5,2026-07-30T16:10:35.349719
17,9,10,2,0,2,2026-07-30T16:10:36.615273
17,10,1,5,0,5,2026-07-30T16:10:37.681351
17,10,2,2,0,2,2026-07-30T16:10:39.552201
17,10,3,5,0,5,2026-07-30T16:10:41.434135
17,10,4,5,0,5,2026-07-30T16:10:43.298799
17,10,5,0,0,0,2026-07-30T16:10:44.743429
17,10,6,2,0,2,2026-07-30T16:10:46.603139
17,10,7,0,0,0,2026-07-30T16:10:48.253213
17,10,8,0,0,0,2026-07-30T16:10:49.517725
17,10,9,3,0,3,2026-07-30T16:10:51.398600
17,10,10,5,0,5,2026-07-30T16:10:53.263775
17,11,1,5,0,5,2026-07-30T16:10:54.935177
17,11,2,5,0,5,2026-07-30T16:10:56.560906
17,11,3,5,0,5,2026-07-30T16:10:58.431979
17,11,4,5,0,5,2026-07-30T16:10:59.702863
17,11,5,5,0,5,2026-07-30T16:11:00.743784
17,11,6,5,0,5,2026-07-30T16:11:01.808119
17,11,7,5,0,5,2026-07-30T16:11:02.868640
17,11,8,5,0,5,2026-07-30T16:11:04.102443
17,11,9,5,0,5,2026-07-30T16:11:05.152007
17,11,10,5,0,5,2026-07-30T16:11:06.200337
17,12,1,5,0,5,2026-07-30T16:11:07.457232
17,12,2,5,0,5,2026-07-30T16:11:09.322389
17,12,3,5,0,5,2026-07-30T16:11:11.178070
17,12,4,5,0,5,2026-07-30T16:11:12.240942
17,12,5,5,0,5,2026-07-30T16:11:13.692029
17,12,6,5,0,5,2026-07-30T16:11:14.960704
17,12,7,5,0,5,2026-07-30T16:11:16.036462
17,12,8,5,0,5,2026-07-30T16:11:17.070987
17,12,9,5,0,5,2026-07-30T16:11:18.167614
17,12,10,5,0,5,2026-07-30T16:11:19.230620
17,13,1,5,0,5,2026-07-30T16:11:21.090041
17,13,2,5,0,5,2026-07-30T16:11:22.552907
17,13,3,5,0,5,2026-07-30T16:11:23.800342
17,13,4,5,0,5,2026-07-30T16:11:24.778605
17,13,5,5,0,5,2026-07-30T16:11:26.970418
17,13,6,5,0,5,2026-07-30T16:11:29.205195
17,13,7,5,0,5,2026-07-30T16:11:30.524665
17,13,8,5,0,5,2026-07-30T16:11:32.534149
17,13,9,5,0,5,2026-07-30T16:11:40.887463
17,13,10,5,0,5,2026-07-30T16:11:46.084667
17,14,1,5,0,5,2026-07-30T16:12:00.644430
17,14,2,5,0,5,2026-07-30T16:12:01.904631
17,14,3,3,0,3,2026-07-30T16:12:10.229135
17,14,4,5,0,5,2026-07-30T16:12:27.377532
17,14,5,5,0,5,2026-07-30T16:12:30.674225
17,14,6,5,0,5,2026-07-30T16:12:31.952333
17,14,7,4,0,4,2026-07-30T16:12:33.691786
17,14,8,3,0,3,2026-07-30T16:12:35.918766
17,14,9,3,0,3,2026-07-30T16:12:41.948220
17,14,10,5,0,5,2026-07-30T16:12:43.312159
17,15,1,5,0,5,2026-07-30T16:12:45.454407
17,15,2,5,0,5,2026-07-30T16:12:47.325760
17,15,3,5,0,5,2026-07-30T16:12:50.652325
17,15,4,5,0,5,2026-07-30T16:12:52.104865
17,15,5,5,0,5,2026-07-30T16:12:57.941590
17,15,6,5,0,5,2026-07-30T16:12:59.821908
17,15,7,5,0,5,2026-07-30T16:13:03.385445
17,15,8,5,0,5,2026-07-30T16:13:04.889841
17,15,9,5,0,5,2026-07-30T16:13:06.756948
17,15,10,5,0,5,2026-07-30T16:13:08.274333
17,16,1,5,0,5,2026-07-30T16:13:09.729200
17,16,2,5,0,5,2026-07-30T16:13:14.583193
17,16,3,5,0,5,2026-07-30T16:13:16.251711
17,16,4,5,0,5,2026-07-30T16:13:19.762652
17,16,5,5,0,5,2026-07-30T16:13:21.050441
17,16,6,5,0,5,2026-07-30T16:13:23.953153
17,16,7,5,0,5,2026-07-30T16:13:25.826415
17,16,8,5,0,5,2026-07-30T16:13:32.706652
17,16,9,5,0,5,2026-07-30T16:13:33.975290
17,16,10,5,0,5,2026-07-30T16:13:36.185855
17,17,1,5,0,5,2026-07-30T16:13:37.639768
17,17,2,5,0,5,2026-07-30T16:14:12.075244
17,17,3,5,0,5,2026-07-30T16:14:13.338932
17,17,4,5,0,5,2026-07-30T16:14:14.413820
17,17,5,5,0,5,2026-07-30T16:14:16.778127
17,17,6,5,0,5,2026-07-30T16:14:18.843093
17,17,7,5,0,5,2026-07-30T16:14:20.711937
17,17,8,5,0,5,2026-07-30T16:14:22.439892
17,17,9,5,0,5,2026-07-30T16:14:24.355630
17,17,10,5,0,5,2026-07-30T16:14:26.295444
17,18,1,5,0,5,2026-07-30T16:14:28.429567
17,18,2,5,0,5,2026-07-30T16:14:29.478349
17,18,3,5,0,5,2026-07-30T16:14:31.069021
17,18,4,5,0,5,2026-07-30T16:14:32.800140
17,18,5,5,0,5,2026-07-30T16:14:34.193050
17,18,6,5,0,5,2026-07-30T16:14:36.386424
17,18,7,5,0,5,2026-07-30T16:14:37.724252
17,18,8,5,0,5,2026-07-30T16:14:39.936841
17,18,9,5,0,5,2026-07-30T16:14:41.240884
17,18,10,5,0,5,2026-07-30T16:14:42.969861
17,19,1,5,0,5,2026-07-30T16:14:44.657883
17,19,2,5,0,5,2026-07-30T16:14:45.773799
17,19,3,5,0,5,2026-07-30T16:14:47.765549
17,19,4,5,0,5,2026-07-30T16:14:48.813682
17,19,5,5,0,5,2026-07-30T16:14:50.548529
17,19,6,5,0,5,2026-07-30T16:14:52.262331
17,19,7,5,0,5,2026-07-30T16:14:55.071647
17,19,8,5,0,5,2026-07-30T16:14:56.742578
17,19,9,5,0,5,2026-07-30T16:14:59.299546
17,19,10,5,0,5,2026-07-30T16:15:01.211824
17,20,1,5,0,5,2026-07-30T16:15:03.222489
17,20,2,5,0,5,2026-07-30T16:15:05.265510
17,20,3,5,0,5,2026-07-30T16:15:09.987216
17,20,4,5,0,5,2026-07-30T16:15:11.450178
17,20,5,5,0,5,2026-07-30T16:15:16.132332
17,20,6,5,0,5,2026-07-30T16:15:18.339290
17,20,7,5,0,5,2026-07-30T16:15:19.812038
17,20,8,5,0,5,2026-07-30T16:15:21.398467
17,20,9,5,0,5,2026-07-30T16:15:22.905148
17,20,10,5,0,5,2026-07-30T16:15:24.625179
17,21,1,5,0,5,2026-07-30T16:15:26.281139
17,21,2,5,0,5,2026-07-30T16:15:27.779678
17,21,3,5,0,5,2026-07-30T16:15:30.237114
17,21,4,5,0,5,2026-07-30T16:15:31.753961
17,21,5,5,0,5,2026-07-30T16:15:33.949458
17,21,6,5,0,5,2026-07-30T16:15:35.630215
17,21,7,5,0,5,2026-07-30T16:15:37.564554
17,21,8,5,0,5,2026-07-30T16:15:39.218426
17,21,9,5,0,5,2026-07-30T16:15:41.156973
17,21,10,5,0,5,2026-07-30T16:15:42.636284
17,22,1,5,0,5,2026-07-30T16:15:44.751716
17,22,2,5,0,5,2026-07-30T16:15:46.100555
17,22,3,5,0,5,2026-07-30T16:15:49.728835
17,22,4,5,0,5,2026-07-30T16:15:51.008784
17,22,5,5,0,5,2026-07-30T16:15:52.438698
17,22,6,5,0,5,2026-07-30T16:15:53.489384
17,22,7,5,0,5,2026-07-30T16:15:55.977983
17,22,8,5,0,5,2026-07-30T16:15:57.255254
17,22,9,5,0,5,2026-07-30T16:15:58.734470
17,22,10,5,0,5,2026-07-30T16:16:00.070882
17,23,1,5,0,5,2026-07-30T16:16:01.153775
17,23,2,5,0,5,2026-07-30T16:16:02.542448
17,23,3,5,0,5,2026-07-30T16:16:04.378869
17,23,4,5,0,5,2026-07-30T16:16:06.309781
17,23,5,5,0,5,2026-07-30T16:16:07.541798
17,23,6,5,0,5,2026-07-30T16:16:08.791903
17,23,7,5,0,5,2026-07-30T16:16:10.966793
17,23,8,5,0,5,2026-07-30T16:16:12.640514
17,23,9,5,0,5,2026-07-30T16:16:14.422912
17,23,10,5,0,5,2026-07-30T16:16:16.489388
17,24,1,5,0,5,2026-07-30T16:16:18.201657
17,24,2,5,0,5,2026-07-30T16:16:20.110358
17,24,3,5,0,5,2026-07-30T16:16:21.831564
17,24,4,0,0,0,2026-07-30T16:16:23.824827
17,24,5,5,0,5,2026-07-30T16:16:25.149808
17,24,6,5,0,5,2026-07-30T16:16:26.873670
17,24,7,5,0,5,2026-07-30T16:16:28.322243
17,24,8,0,0,0,2026-07-30T16:16:29.774757
17,24,9,0,0,0,2026-07-30T16:16:31.733004
17,24,10,0,0,0,2026-07-30T16:16:33.388951
17,25,1,0,0,0,2026-07-30T16:16:35.605395
17,25,2,0,0,0,2026-07-30T16:16:37.266992
17,25,3,0,0,0,2026-07-30T16:16:39.646640
17,25,4,0,0,0,2026-07-30T16:16:40.894094
17,25,5,0,0,0,2026-07-30T16:16:44.258447
17,25,6,0,0,0,2026-07-30T16:16:46.104924
17,25,7,0,0,0,2026-07-30T16:16:47.615770
17,25,8,0,0,0,2026-07-30T16:16:49.072852
17,25,9,0,0,0,2026-07-30T16:16:50.364228
17,25,10,0,0,0,2026-07-30T16:16:52.287212
17,26,1,5,0,5,2026-07-30T16:16:53.330341
17,26,2,5,0,5,2026-07-30T16:16:54.840442
17,26,3,5,0,5,2026-07-30T16:16:56.679232
17,26,4,5,0,5,2026-07-30T16:16:58.187412
17,26,5,5,0,5,2026-07-30T16:16:59.513785
17,26,6,5,0,5,2026-07-30T16:17:00.950792
17,26,7,5,0,5,2026-07-30T16:17:02.220853
17,26,8,5,0,5,2026-07-30T16:17:04.631142
17,26,9,5,0,5,2026-07-30T16:17:06.306585
17,26,10,5,0,5,2026-07-30T16:17:09.517211
17,27,1,5,0,5,2026-07-30T16:17:11.190314
17,27,2,5,0,5,2026-07-30T16:17:12.893260
17,27,3,5,0,5,2026-07-30T16:17:14.141079
17,27,4,5,0,5,2026-07-30T16:17:17.093769
17,27,5,5,0,5,2026-07-30T16:17:18.561350
17,27,6,5,0,5,2026-07-30T16:17:20.776453
17,27,7,5,0,5,2026-07-30T16:17:22.436833
17,27,8,5,0,5,2026-07-30T16:17:24.583932
17,27,9,5,0,5,2026-07-30T16:17:26.253163
17,27,10,5,0,5,2026-07-30T16:17:27.971588
17,28,1,5,0,5,2026-07-30T16:17:29.024559
17,28,2,4,0,4,2026-07-30T16:17:31.960942
17,28,3,5,0,5,2026-07-30T16:17:33.025118
17,28,4,3,0,3,2026-07-30T16:17:35.907981
17,28,5,4,0,4,2026-07-30T16:17:37.970229
17,28,6,4,0,4,2026-07-30T16:17:39.684451
17,28,7,4,0,4,2026-07-30T16:17:41.965639
17,28,8,4,0,4,2026-07-30T16:17:43.265514
17,28,9,4,0,4,2026-07-30T16:17:44.518666
17,28,10,4,0,4,2026-07-30T16:17:47.715076
17,29,1,5,0,5,2026-07-30T16:17:49.582658
17,29,2,5,0,5,2026-07-30T16:17:52.747136
17,29,3,5,0,5,2026-07-30T16:17:55.944124
17,29,4,5,0,5,2026-07-30T16:17:57.899684
17,29,5,5,0,5,2026-07-30T16:18:03.259280
17,29,6,5,0,5,2026-07-30T16:18:04.729625
17,29,7,5,0,5,2026-07-30T16:18:06.189015
17,29,8,5,0,5,2026-07-30T16:18:07.894282
17,29,9,5,0,5,2026-07-30T16:18:09.134660
17,29,10,5,0,5,2026-07-30T16:18:11.108373
17,30,1,5,0,5,2026-07-30T16:18:13.055308
17,30,2,5,0,5,2026-07-30T16:18:15.000425
17,30,3,5,0,5,2026-07-30T16:18:16.911472
17,30,4,5,0,5,2026-07-30T16:18:19.003753
17,30,5,5,0,5,2026-07-30T16:18:20.322114
17,30,6,5,0,5,2026-07-30T16:18:22.618979
17,30,7,5,0,5,2026-07-30T16:18:24.049040
17,30,8,5,0,5,2026-07-30T16:18:25.971791
17,30,9,5,0,5,2026-07-30T16:18:28.853567
17,30,10,5,0,5,2026-07-30T16:18:29.976612
18,1,1,5,0,5,2026-07-30T16:18:33.084466
18,1,2,5,0,5,2026-07-30T16:18:34.744545
18,1,3,5,0,5,2026-07-30T16:18:36.700605
18,1,4,5,0,5,2026-07-30T16:18:38.398261
18,1,5,5,0,5,2026-07-30T16:18:40.759945
18,1,6,5,0,5,2026-07-30T16:18:41.807049
18,1,7,5,0,5,2026-07-30T16:18:43.539221
18,1,8,5,0,5,2026-07-30T16:18:44.611476
18,1,9,5,0,5,2026-07-30T16:18:46.842817
18,1,10,5,0,5,2026-07-30T16:18:48.696971
18,2,1,5,0,5,2026-07-30T16:18:51.249423
18,2,2,5,0,5,2026-07-30T16:18:52.519456
18,2,3,5,0,5,2026-07-30T16:18:54.206231
18,2,4,5,0,5,2026-07-30T16:18:55.514015
18,2,5,5,0,5,2026-07-30T16:18:58.484732
18,2,6,5,0,5,2026-07-30T16:18:59.947991
18,2,7,5,0,5,2026-07-30T16:19:01.663112
18,2,8,5,0,5,2026-07-30T16:19:03.700323
18,2,9,5,0,5,2026-07-30T16:19:06.860119
18,2,10,5,0,5,2026-07-30T16:19:08.586059
18,3,1,5,0,5,2026-07-30T16:19:10.492035
18,3,2,5,0,5,2026-07-30T16:19:11.877581
18,3,3,5,0,5,2026-07-30T16:19:14.001405
18,3,4,5,0,5,2026-07-30T16:19:15.339627
18,3,5,5,0,5,2026-07-30T16:19:16.597363
18,3,6,5,0,5,2026-07-30T16:19:18.709868
18,3,7,5,0,5,2026-07-30T16:19:20.168459
18,3,8,5,0,5,2026-07-30T16:19:22.695987
18,3,9,5,0,5,2026-07-30T16:19:23.951771
18,3,10,5,0,5,2026-07-30T16:19:27.161501
18,4,1,5,0,5,2026-07-30T16:19:29.130543
18,4,2,3,0,3,2026-07-30T16:19:30.750310
18,4,3,3,0,3,2026-07-30T16:19:33.615802
18,4,4,3,0,3,2026-07-30T16:19:34.918252
18,4,5,5,0,5,2026-07-30T16:19:36.473458
18,4,6,5,0,5,2026-07-30T16:19:38.124920
18,4,7,3,0,3,2026-07-30T16:19:39.679017
18,4,8,3,0,3,2026-07-30T16:19:40.923997
18,4,9,0,0,0,2026-07-30T16:19:42.867808
18,4,10,0,0,0,2026-07-30T16:19:43.932351
18,5,1,5,0,5,2026-07-30T16:19:47.069346
18,5,2,0,0,0,2026-07-30T16:19:49.120479
18,5,3,5,0,5,2026-07-30T16:19:51.258672
18,5,4,0,0,0,2026-07-30T16:19:52.339591
18,5,5,0,0,0,2026-07-30T16:19:54.450788
18,5,6,5,0,5,2026-07-30T16:19:56.350362
18,5,7,0,0,0,2026-07-30T16:19:57.700260
18,5,8,0,0,0,2026-07-30T16:19:59.568492
18,5,9,5,0,5,2026-07-30T16:20:01.698474
18,5,10,5,0,5,2026-07-30T16:20:02.973199
18,6,1,5,0,5,2026-07-30T16:20:04.898011
18,6,2,5,0,5,2026-07-30T16:20:06.004418
18,6,3,5,0,5,2026-07-30T16:20:07.727471
18,6,4,5,0,5,2026-07-30T16:20:09.370729
18,6,5,5,0,5,2026-07-30T16:20:11.248463
18,6,6,5,0,5,2026-07-30T16:20:14.221879
18,6,7,5,0,5,2026-07-30T16:20:16.161234
18,6,8,5,0,5,2026-07-30T16:20:23.161202
18,6,9,5,0,5,2026-07-30T16:20:25.000153
18,6,10,5,0,5,2026-07-30T16:20:27.116010
18,7,1,5,0,5,2026-07-30T16:20:28.748464
18,7,2,5,0,5,2026-07-30T16:20:31.002961
18,7,3,5,0,5,2026-07-30T16:20:32.531027
18,7,4,5,0,5,2026-07-30T16:20:33.758859
18,7,5,5,0,5,2026-07-30T16:20:36.492905
18,7,6,5,0,5,2026-07-30T16:20:37.937200
18,7,7,5,0,5,2026-07-30T16:20:39.449784
18,7,8,5,0,5,2026-07-30T16:20:41.136965
18,7,9,5,0,5,2026-07-30T16:20:43.087472
18,7,10,5,0,5,2026-07-30T16:20:44.354584
18,8,1,5,0,5,2026-07-30T16:20:45.657895
18,8,2,5,0,5,2026-07-30T16:20:47.603603
18,8,3,5,0,5,2026-07-30T16:20:49.538607
18,8,4,5,0,5,2026-07-30T16:20:51.204858
18,8,5,5,0,5,2026-07-30T16:20:52.659864
18,8,6,5,0,5,2026-07-30T16:20:55.011836
18,8,7,5,0,5,2026-07-30T16:20:56.127111
18,8,8,5,0,5,2026-07-30T16:20:57.644974
18,8,9,5,0,5,2026-07-30T16:20:58.913664
18,8,10,5,0,5,2026-07-30T16:21:00.642918
18,9,1,0,0,0,2026-07-30T16:21:01.676470
18,9,2,0,0,0,2026-07-30T16:21:02.926089
18,9,3,0,0,0,2026-07-30T16:21:04.790563
18,9,4,0,0,0,2026-07-30T16:21:06.949539
18,9,5,0,0,0,2026-07-30T16:21:08.810626
18,9,6,0,0,0,2026-07-30T16:21:10.935966
18,9,7,0,0,0,2026-07-30T16:21:12.378892
18,9,8,0,0,0,2026-07-30T16:21:15.527506
18,9,9,5,0,5,2026-07-30T16:21:16.559973
18,9,10,0,0,0,2026-07-30T16:21:18.261579
18,10,1,5,0,5,2026-07-30T16:21:19.919491
18,10,2,5,0,5,2026-07-30T16:21:22.766938
18,10,3,5,0,5,2026-07-30T16:21:24.233840
18,10,4,5,0,5,2026-07-30T16:21:26.172929
18,10,5,0,0,0,2026-07-30T16:21:28.034543
18,10,6,0,0,0,2026-07-30T16:21:29.533269
18,10,7,5,0,5,2026-07-30T16:21:30.604267
18,10,8,5,0,5,2026-07-30T16:21:32.091786
18,10,9,5,0,5,2026-07-30T16:21:34.613447
18,10,10,0,0,0,2026-07-30T16:21:35.958354
18,11,1,5,0,5,2026-07-30T16:21:37.553192
18,11,2,5,0,5,2026-07-30T16:21:39.219472
18,11,3,5,0,5,2026-07-30T16:21:41.189288
18,11,4,5,0,5,2026-07-30T16:21:43.050127
18,11,5,5,0,5,2026-07-30T16:21:47.455844
18,11,6,5,0,5,2026-07-30T16:21:49.110458
18,11,7,5,0,5,2026-07-30T16:21:54.432835
18,11,8,5,0,5,2026-07-30T16:21:55.688101
18,11,9,5,0,5,2026-07-30T16:21:57.467084
18,11,10,5,0,5,2026-07-30T16:21:59.186741
18,12,1,5,0,5,2026-07-30T16:22:01.844991
18,12,2,5,0,5,2026-07-30T16:22:04.448466
18,12,3,5,0,5,2026-07-30T16:22:05.902813
18,12,4,5,0,5,2026-07-30T16:22:08.028887
18,12,5,5,0,5,2026-07-30T16:22:09.489223
18,12,6,5,0,5,2026-07-30T16:22:11.206730
18,12,7,5,0,5,2026-07-30T16:22:12.251608
18,12,8,5,0,5,2026-07-30T16:22:14.732177
18,12,9,5,0,5,2026-07-30T16:22:16.194116
18,12,10,5,0,5,2026-07-30T16:22:17.876866
18,13,1,5,0,5,2026-07-30T16:22:21.698568
18,13,2,5,0,5,2026-07-30T16:22:22.952099
18,13,3,5,0,5,2026-07-30T16:22:24.869428
18,13,4,5,0,5,2026-07-30T16:22:26.752211
18,13,5,5,0,5,2026-07-30T16:22:28.076903
18,13,6,5,0,5,2026-07-30T16:22:29.123487
18,13,7,5,0,5,2026-07-30T16:22:30.860619
18,13,8,5,0,5,2026-07-30T16:22:32.371415
18,13,9,5,0,5,2026-07-30T16:22:33.886404
18,13,10,5,0,5,2026-07-30T16:22:36.042169
18,14,1,5,0,5,2026-07-30T16:22:37.604547
18,14,2,5,0,5,2026-07-30T16:22:47.328072
18,14,3,5,0,5,2026-07-30T16:22:49.211464
18,14,4,5,0,5,2026-07-30T16:22:50.490965
18,14,5,5,0,5,2026-07-30T16:22:51.546558
18,14,6,5,0,5,2026-07-30T16:22:53.416324
18,14,7,5,0,5,2026-07-30T16:22:55.977816
18,14,8,5,0,5,2026-07-30T16:22:57.031172
18,14,9,5,0,5,2026-07-30T16:22:58.487144
18,14,10,5,0,5,2026-07-30T16:23:00.379828
18,15,1,5,0,5,2026-07-30T16:23:02.321635
18,15,2,5,0,5,2026-07-30T16:23:04.001773
18,15,3,5,0,5,2026-07-30T16:23:05.277124
18,15,4,5,0,5,2026-07-30T16:23:06.324629
18,15,5,5,0,5,2026-07-30T16:23:07.995296
18,15,6,5,0,5,2026-07-30T16:23:09.876661
18,15,7,5,0,5,2026-07-30T16:23:11.335671
18,15,8,5,0,5,2026-07-30T16:23:13.371030
18,15,9,5,0,5,2026-07-30T16:23:15.443156
18,15,10,5,0,5,2026-07-30T16:23:17.103989
18,16,1,5,0,5,2026-07-30T16:23:18.155984
18,16,2,5,0,5,2026-07-30T16:23:19.616094
18,16,3,5,0,5,2026-07-30T16:23:21.261286
18,16,4,5,0,5,2026-07-30T16:23:22.520270
18,16,5,5,0,5,2026-07-30T16:23:24.190587
18,16,6,5,0,5,2026-07-30T16:23:25.432387
18,16,7,5,0,5,2026-07-30T16:23:26.885754
18,16,8,5,0,5,2026-07-30T16:23:28.373226
18,16,9,5,0,5,2026-07-30T16:23:29.874233
18,16,10,5,0,5,2026-07-30T16:23:31.322584
18,17,1,5,0,5,2026-07-30T16:23:33.177034
18,17,2,5,0,5,2026-07-30T16:23:34.417265
18,17,3,5,0,5,2026-07-30T16:23:35.671626
18,17,4,5,0,5,2026-07-30T16:23:37.735019
18,17,5,5,0,5,2026-07-30T16:23:39.174612
18,17,6,5,0,5,2026-07-30T16:23:40.860639
18,17,7,5,0,5,2026-07-30T16:23:42.530802
18,17,8,5,0,5,2026-07-30T16:23:43.625905
18,17,9,5,0,5,2026-07-30T16:23:45.535976
18,17,10,5,0,5,2026-07-30T16:23:46.986541
18,18,1,5,0,5,2026-07-30T16:23:48.852558
18,18,2,5,0,5,2026-07-30T16:23:50.094501
18,18,3,5,0,5,2026-07-30T16:23:51.959088
18,18,4,5,0,5,2026-07-30T16:23:53.605557
18,18,5,5,0,5,2026-07-30T16:23:55.786447
18,18,6,5,0,5,2026-07-30T16:23:57.245538
18,18,7,5,0,5,2026-07-30T16:23:59.168744
18,18,8,5,0,5,2026-07-30T16:24:01.047666
18,18,9,5,0,5,2026-07-30T16:24:02.304505
18,18,10,5,0,5,2026-07-30T16:24:03.774083
18,19,1,5,0,5,2026-07-30T16:24:05.439227
18,19,2,5,0,5,2026-07-30T16:24:07.273948
18,19,3,5,0,5,2026-07-30T16:24:08.520053
18,19,4,5,0,5,2026-07-30T16:24:09.807858
18,19,5,5,0,5,2026-07-30T16:24:11.478402
18,19,6,5,0,5,2026-07-30T16:24:12.738933
18,19,7,5,0,5,2026-07-30T16:24:14.392710
18,19,8,5,0,5,2026-07-30T16:24:16.057490
18,19,9,5,0,5,2026-07-30T16:24:17.911161
18,19,10,5,0,5,2026-07-30T16:24:19.812996
18,20,1,5,0,5,2026-07-30T16:24:21.271907
18,20,2,5,0,5,2026-07-30T16:24:22.514077
18,20,3,5,0,5,2026-07-30T16:24:24.415262
18,20,4,5,0,5,2026-07-30T16:24:26.898951
18,20,5,5,0,5,2026-07-30T16:24:27.997440
18,20,6,5,0,5,2026-07-30T16:24:29.461712
18,20,7,5,0,5,2026-07-30T16:24:31.375274
18,20,8,5,0,5,2026-07-30T16:24:32.625202
18,20,9,5,0,5,2026-07-30T16:24:34.480689
18,20,10,5,0,5,2026-07-30T16:24:36.436951
18,21,1,5,0,5,2026-07-30T16:24:37.707290
18,21,2,5,0,5,2026-07-30T16:24:39.578333
18,21,3,5,0,5,2026-07-30T16:24:40.651271
18,21,4,5,0,5,2026-07-30T16:24:41.968626
18,21,5,5,0,5,2026-07-30T16:24:43.431296
18,21,6,5,0,5,2026-07-30T16:24:44.895484
18,21,7,5,0,5,2026-07-30T16:24:46.752047
18,21,8,5,0,5,2026-07-30T16:24:48.007489
18,21,9,5,0,5,2026-07-30T16:24:49.940422
18,21,10,5,0,5,2026-07-30T16:24:51.019884
18,22,1,5,0,5,2026-07-30T16:24:52.083308
18,22,2,5,0,5,2026-07-30T16:24:53.776478
18,22,3,5,0,5,2026-07-30T16:24:55.249555
18,22,4,5,0,5,2026-07-30T16:24:56.923698
18,22,5,5,0,5,2026-07-30T16:24:58.006786
18,22,6,5,0,5,2026-07-30T16:24:59.970687
18,22,7,5,0,5,2026-07-30T16:25:01.045847
18,22,8,5,0,5,2026-07-30T16:25:02.710021
18,22,9,5,0,5,2026-07-30T16:25:04.726707
18,22,10,5,0,5,2026-07-30T16:25:06.685229
18,23,1,5,0,5,2026-07-30T16:25:08.360405
18,23,2,5,0,5,2026-07-30T16:25:10.078881
18,23,3,5,0,5,2026-07-30T16:25:11.712291
18,23,4,5,0,5,2026-07-30T16:25:13.393951
18,23,5,5,0,5,2026-07-30T16:25:14.928576
18,23,6,5,0,5,2026-07-30T16:25:16.257878
18,23,7,5,0,5,2026-07-30T16:25:18.007664
18,23,8,5,0,5,2026-07-30T16:25:19.483025
18,23,9,5,0,5,2026-07-30T16:25:21.173498
18,23,10,5,0,5,2026-07-30T16:25:27.361014
18,24,1,5,0,5,2026-07-30T16:25:28.604341
18,24,2,5,0,5,2026-07-30T16:25:29.881435
18,24,3,5,0,5,2026-07-30T16:25:32.843518
18,24,4,5,0,5,2026-07-30T16:25:33.902702
18,24,5,0,0,0,2026-07-30T16:25:35.360163
18,24,6,5,0,5,2026-07-30T16:25:36.609551
18,24,7,5,0,5,2026-07-30T16:25:38.469893
18,24,8,0,0,0,2026-07-30T16:25:39.533205
18,24,9,0,0,0,2026-07-30T16:25:41.184990
18,24,10,5,0,5,2026-07-30T16:25:42.852486
18,25,1,5,0,5,2026-07-30T16:25:44.117199
18,25,2,5,0,5,2026-07-30T16:25:45.586332
18,25,3,5,0,5,2026-07-30T16:25:46.851148
18,25,4,5,0,5,2026-07-30T16:25:48.111903
18,25,5,5,0,5,2026-07-30T16:25:49.359430
18,25,6,5,0,5,2026-07-30T16:25:50.411673
18,25,7,5,0,5,2026-07-30T16:25:51.885679
18,25,8,5,0,5,2026-07-30T16:25:53.750698
18,25,9,5,0,5,2026-07-30T16:25:55.634087
18,25,10,5,0,5,2026-07-30T16:25:57.500659
18,26,1,5,0,5,2026-07-30T16:25:58.963552
18,26,2,5,0,5,2026-07-30T16:26:00.652525
18,26,3,5,0,5,2026-07-30T16:26:01.911625
18,26,4,5,0,5,2026-07-30T16:26:03.797241
18,26,5,5,0,5,2026-07-30T16:26:05.048877
18,26,6,5,0,5,2026-07-30T16:26:06.908343
18,26,7,5,0,5,2026-07-30T16:26:08.365085
18,26,8,5,0,5,2026-07-30T16:26:10.261511
18,26,9,5,0,5,2026-07-30T16:26:11.325327
18,26,10,5,0,5,2026-07-30T16:26:13.003744
18,27,1,5,0,5,2026-07-30T16:26:14.260929
18,27,2,5,0,5,2026-07-30T16:26:15.940428
18,27,3,5,0,5,2026-07-30T16:26:17.206761
18,27,4,5,0,5,2026-07-30T16:26:19.122898
18,27,5,5,0,5,2026-07-30T16:26:20.987123
18,27,6,5,0,5,2026-07-30T16:26:22.510845
18,27,7,5,0,5,2026-07-30T16:26:24.200734
18,27,8,5,0,5,2026-07-30T16:26:25.931790
18,27,9,5,0,5,2026-07-30T16:26:27.191678
18,27,10,5,0,5,2026-07-30T16:26:29.054203
18,28,1,5,0,5,2026-07-30T16:26:30.771006
18,28,2,5,0,5,2026-07-30T16:26:32.270399
18,28,3,5,0,5,2026-07-30T16:26:33.938229
18,28,4,5,0,5,2026-07-30T16:26:35.446997
18,28,5,5,0,5,2026-07-30T16:26:37.110265
18,28,6,5,0,5,2026-07-30T16:26:38.964482
18,28,7,5,0,5,2026-07-30T16:26:40.208668
18,28,8,5,0,5,2026-07-30T16:26:42.084255
18,28,9,5,0,5,2026-07-30T16:26:43.969249
18,28,10,5,0,5,2026-07-30T16:26:45.412919
18,29,1,5,0,5,2026-07-30T16:26:46.706950
18,29,2,5,0,5,2026-07-30T16:26:48.615776
18,29,3,5,0,5,2026-07-30T16:26:50.081279
18,29,4,5,0,5,2026-07-30T16:26:51.939026
18,29,5,5,0,5,2026-07-30T16:26:53.387024
18,29,6,5,0,5,2026-07-30T16:26:54.840109
18,29,7,5,0,5,2026-07-30T16:26:55.885295
18,29,8,5,0,5,2026-07-30T16:26:57.527990
18,29,9,5,0,5,2026-07-30T16:26:58.987076
18,29,10,5,0,5,2026-07-30T16:27:00.090477
18,30,1,5,0,5,2026-07-30T16:27:01.956848
18,30,2,5,0,5,2026-07-30T16:27:03.406247
18,30,3,5,0,5,2026-07-30T16:27:04.654036
18,30,4,5,0,5,2026-07-30T16:27:06.141639
18,30,5,5,0,5,2026-07-30T16:27:07.194088
18,30,6,5,0,5,2026-07-30T16:27:08.646677
18,30,7,5,0,5,2026-07-30T16:27:09.907666
18,30,8,5,0,5,2026-07-30T16:27:11.369926
18,30,9,5,0,5,2026-07-30T16:27:13.274489
18,30,10,5,0,5,2026-07-30T16:27:14.547761
19,1,1,5,0,5,2026-07-30T16:27:15.802679
19,1,2,5,0,5,2026-07-30T16:27:17.459807
19,1,3,5,0,5,2026-07-30T16:27:18.523304
19,1,4,5,0,5,2026-07-30T16:27:20.225024
19,1,5,5,0,5,2026-07-30T16:27:22.094798
19,1,6,5,0,5,2026-07-30T16:27:23.772624
19,1,7,5,0,5,2026-07-30T16:27:25.859030
19,1,8,5,0,5,2026-07-30T16:27:27.743387
19,1,9,5,0,5,2026-07-30T16:27:29.614164
19,1,10,5,0,5,2026-07-30T16:27:31.066785
19,2,1,5,0,5,2026-07-30T16:27:32.932596
19,2,2,5,0,5,2026-07-30T16:27:34.394167
19,2,3,5,0,5,2026-07-30T16:27:35.886883
19,2,4,5,0,5,2026-07-30T16:27:37.743205
19,2,5,5,0,5,2026-07-30T16:27:40.332575
19,2,6,5,0,5,2026-07-30T16:27:41.627051
19,2,7,5,0,5,2026-07-30T16:27:43.721406
19,2,8,5,0,5,2026-07-30T16:27:45.234792
19,2,9,5,0,5,2026-07-30T16:27:47.507834
19,2,10,5,0,5,2026-07-30T16:27:48.627285
19,3,1,5,0,5,2026-07-30T16:27:52.586578
19,3,2,5,0,5,2026-07-30T16:27:54.658159
19,3,3,5,0,5,2026-07-30T16:27:56.103272
19,3,4,5,0,5,2026-07-30T16:27:57.195792
19,3,5,5,0,5,2026-07-30T16:27:58.662606
19,3,6,5,0,5,2026-07-30T16:28:00.532318
19,3,7,5,0,5,2026-07-30T16:28:02.034059
19,3,8,5,0,5,2026-07-30T16:28:03.076397
19,3,9,5,0,5,2026-07-30T16:28:04.530480
19,3,10,5,0,5,2026-07-30T16:28:06.413353
19,4,1,0,0,0,2026-07-30T16:28:08.066984
19,4,2,5,0,5,2026-07-30T16:28:09.317703
19,4,3,0,0,0,2026-07-30T16:28:11.215987
19,4,4,0,0,0,2026-07-30T16:28:12.482757
19,4,5,0,0,0,2026-07-30T16:28:13.943566
19,4,6,0,0,0,2026-07-30T16:28:15.605308
19,4,7,5,0,5,2026-07-30T16:28:17.493695
19,4,8,0,0,0,2026-07-30T16:28:18.543490
19,4,9,0,0,0,2026-07-30T16:28:19.602851
19,4,10,0,0,0,2026-07-30T16:28:21.257366
19,5,1,5,0,5,2026-07-30T16:28:22.716489
19,5,2,5,0,5,2026-07-30T16:28:24.157836
19,5,3,5,0,5,2026-07-30T16:28:26.018985
19,5,4,5,0,5,2026-07-30T16:28:27.283096
19,5,5,5,0,5,2026-07-30T16:28:28.939791
19,5,6,5,0,5,2026-07-30T16:28:30.783850
19,5,7,5,0,5,2026-07-30T16:28:32.913402
19,5,8,5,0,5,2026-07-30T16:28:34.370439
19,5,9,5,0,5,2026-07-30T16:28:35.635487
19,5,10,5,0,5,2026-07-30T16:28:37.515762
19,6,1,5,0,5,2026-07-30T16:28:38.576322
19,6,2,5,0,5,2026-07-30T16:28:39.622692
19,6,3,5,0,5,2026-07-30T16:28:40.676839
19,6,4,5,0,5,2026-07-30T16:28:42.130474
19,6,5,5,0,5,2026-07-30T16:28:45.665162
19,6,6,5,0,5,2026-07-30T16:28:46.923004
19,6,7,5,0,5,2026-07-30T16:28:48.794630
19,6,8,5,0,5,2026-07-30T16:28:50.449524
19,6,9,5,0,5,2026-07-30T16:28:51.916921
19,6,10,5,0,5,2026-07-30T16:28:53.944664
19,7,1,5,0,5,2026-07-30T16:28:55.794338
19,7,2,5,0,5,2026-07-30T16:28:57.480920
19,7,3,5,0,5,2026-07-30T16:28:59.361803
19,7,4,5,0,5,2026-07-30T16:29:00.802970
19,7,5,5,0,5,2026-07-30T16:29:02.658107
19,7,6,5,0,5,2026-07-30T16:29:04.320579
19,7,7,5,0,5,2026-07-30T16:29:05.760370
19,7,8,5,0,5,2026-07-30T16:29:07.606024
19,7,9,5,0,5,2026-07-30T16:29:09.476154
19,7,10,5,0,5,2026-07-30T16:29:10.543547
19,8,1,5,0,5,2026-07-30T16:29:11.803408
19,8,2,5,0,5,2026-07-30T16:29:13.484448
19,8,3,5,0,5,2026-07-30T16:29:15.137133
19,8,4,5,0,5,2026-07-30T16:29:16.795531
19,8,5,5,0,5,2026-07-30T16:29:18.046376
19,8,6,5,0,5,2026-07-30T16:29:19.754630
19,8,7,5,0,5,2026-07-30T16:29:21.620155
19,8,8,5,0,5,2026-07-30T16:29:22.885101
19,8,9,5,0,5,2026-07-30T16:29:24.339934
19,8,10,5,0,5,2026-07-30T16:29:25.614354
19,9,1,5,0,5,2026-07-30T16:29:26.676844
19,9,2,5,0,5,2026-07-30T16:29:28.114765
19,9,3,5,0,5,2026-07-30T16:29:29.589333
19,9,4,5,0,5,2026-07-30T16:29:30.637870
19,9,5,5,0,5,2026-07-30T16:29:32.510911
19,9,6,5,0,5,2026-07-30T16:29:34.378371
19,9,7,5,0,5,2026-07-30T16:29:35.638068
19,9,8,5,0,5,2026-07-30T16:29:37.881987
19,9,9,5,0,5,2026-07-30T16:29:39.557396
19,9,10,5,0,5,2026-07-30T16:29:41.389068
19,10,1,5,0,5,2026-07-30T16:29:42.634084
19,10,2,5,0,5,2026-07-30T16:29:44.306753
19,10,3,5,0,5,2026-07-30T16:29:45.764688
19,10,4,0,0,0,2026-07-30T16:29:47.447077
19,10,5,5,0,5,2026-07-30T16:29:49.291004
19,10,6,5,0,5,2026-07-30T16:29:50.361228
19,10,7,5,0,5,2026-07-30T16:29:52.020769
19,10,8,2,0,2,2026-07-30T16:29:53.895752
19,10,9,5,0,5,2026-07-30T16:29:55.159159
19,10,10,5,0,5,2026-07-30T16:29:56.686969
19,11,1,5,0,5,2026-07-30T16:29:57.736928
19,11,2,5,0,5,2026-07-30T16:29:59.384791
19,11,3,5,0,5,2026-07-30T16:30:01.250094
19,11,4,5,0,5,2026-07-30T16:30:02.700026
19,11,5,5,0,5,2026-07-30T16:30:03.744569
19,11,6,5,0,5,2026-07-30T16:30:05.603987
19,11,7,5,0,5,2026-07-30T16:30:07.482522
19,11,8,5,0,5,2026-07-30T16:30:08.945777
19,11,9,5,0,5,2026-07-30T16:30:10.205751
19,11,10,5,0,5,2026-07-30T16:30:11.252711
19,12,1,5,0,5,2026-07-30T16:30:13.108706
19,12,2,5,0,5,2026-07-30T16:30:14.967944
19,12,3,5,0,5,2026-07-30T16:30:16.635146
19,12,4,5,0,5,2026-07-30T16:30:17.691499
19,12,5,5,0,5,2026-07-30T16:30:19.359907
19,12,6,5,0,5,2026-07-30T16:30:20.604801
19,12,7,5,0,5,2026-07-30T16:30:21.888525
19,12,8,5,0,5,2026-07-30T16:30:23.561248
19,12,9,5,0,5,2026-07-30T16:30:25.617180
19,12,10,5,0,5,2026-07-30T16:30:26.873156
19,13,1,5,0,5,2026-07-30T16:30:28.745935
19,13,2,5,0,5,2026-07-30T16:30:30.217754
19,13,3,5,0,5,2026-07-30T16:30:31.697409
19,13,4,5,0,5,2026-07-30T16:30:33.570332
19,13,5,5,0,5,2026-07-30T16:30:34.625511
19,13,6,5,0,5,2026-07-30T16:30:36.086025
19,13,7,5,0,5,2026-07-30T16:30:37.147385
19,13,8,5,0,5,2026-07-30T16:30:38.816921
19,13,9,5,0,5,2026-07-30T16:30:40.086275
19,13,10,5,0,5,2026-07-30T16:30:42.132462
19,14,1,5,0,5,2026-07-30T16:30:43.805796
19,14,2,5,0,5,2026-07-30T16:30:45.050023
19,14,3,5,0,5,2026-07-30T16:30:46.730030
19,14,4,5,0,5,2026-07-30T16:30:48.391208
19,14,5,4,0,4,2026-07-30T16:30:49.845531
19,14,6,5,0,5,2026-07-30T16:30:51.942669
19,14,7,4,0,4,2026-07-30T16:30:53.032526
19,14,8,5,0,5,2026-07-30T16:30:54.484886
19,14,9,5,0,5,2026-07-30T16:30:55.729708
19,14,10,5,0,5,2026-07-30T16:30:57.582551
19,15,1,5,0,5,2026-07-30T16:30:58.993255
19,15,2,5,0,5,2026-07-30T16:31:00.464683
19,15,3,5,0,5,2026-07-30T16:31:01.512870
19,15,4,5,0,5,2026-07-30T16:31:02.581630
19,15,5,5,0,5,2026-07-30T16:31:03.833793
19,15,6,5,0,5,2026-07-30T16:31:05.703451
19,15,7,5,0,5,2026-07-30T16:31:06.959045
19,15,8,5,0,5,2026-07-30T16:31:08.819739
19,15,9,5,0,5,2026-07-30T16:31:10.055026
19,15,10,5,0,5,2026-07-30T16:31:11.507023
19,16,1,5,0,5,2026-07-30T16:31:12.570192
19,16,2,5,0,5,2026-07-30T16:31:13.832462
19,16,3,5,0,5,2026-07-30T16:31:15.085955
19,16,4,5,0,5,2026-07-30T16:31:16.353428
19,16,5,5,0,5,2026-07-30T16:31:17.822835
19,16,6,5,0,5,2026-07-30T16:31:19.292890
19,16,7,5,0,5,2026-07-30T16:31:20.551551
19,16,8,5,0,5,2026-07-30T16:31:22.211986
19,16,9,5,0,5,2026-07-30T16:31:24.060170
19,16,10,5,0,5,2026-07-30T16:31:25.312391
19,17,1,5,0,5,2026-07-30T16:31:26.410887
19,17,2,5,0,5,2026-07-30T16:31:28.442797
19,17,3,5,0,5,2026-07-30T16:31:29.509577
19,17,4,5,0,5,2026-07-30T16:31:30.764540
19,17,5,5,0,5,2026-07-30T16:31:32.058408
19,17,6,5,0,5,2026-07-30T16:31:33.510433
19,17,7,5,0,5,2026-07-30T16:31:35.373276
19,17,8,5,0,5,2026-07-30T16:31:36.847405
19,17,9,5,0,5,2026-07-30T16:31:38.742383
19,17,10,5,0,5,2026-07-30T16:31:40.008644
19,18,1,5,0,5,2026-07-30T16:31:41.068353
19,18,2,5,0,5,2026-07-30T16:31:42.333262
19,18,3,5,0,5,2026-07-30T16:31:43.796457
19,18,4,5,0,5,2026-07-30T16:31:45.484320
19,18,5,5,0,5,2026-07-30T16:31:46.712208
19,18,6,5,0,5,2026-07-30T16:31:48.514159
19,18,7,5,0,5,2026-07-30T16:31:49.943608
19,18,8,5,0,5,2026-07-30T16:31:51.823026
19,18,9,5,0,5,2026-07-30T16:31:53.086330
19,18,10,5,0,5,2026-07-30T16:31:54.550154
19,19,1,5,0,5,2026-07-30T16:31:56.228249
19,19,2,2,0,2,2026-07-30T16:31:57.867775
19,19,3,5,0,5,2026-07-30T16:31:59.544293
19,19,4,5,0,5,2026-07-30T16:32:01.423050
19,19,5,0,0,0,2026-07-30T16:32:02.868560
19,19,6,5,0,5,2026-07-30T16:32:04.102725
19,19,7,3,0,3,2026-07-30T16:32:05.398608
19,19,8,5,0,5,2026-07-30T16:32:07.350882
19,19,9,5,0,5,2026-07-30T16:32:08.809397
19,19,10,4,0,4,2026-07-30T16:32:10.473067
19,20,1,5,0,5,2026-07-30T16:32:12.012519
19,20,2,5,0,5,2026-07-30T16:32:13.068600
19,20,3,5,0,5,2026-07-30T16:32:14.301631
19,20,4,5,0,5,2026-07-30T16:32:15.761933
19,20,5,5,0,5,2026-07-30T16:32:17.455790
19,20,6,5,0,5,2026-07-30T16:32:19.130466
19,20,7,5,0,5,2026-07-30T16:32:21.167041
19,20,8,5,0,5,2026-07-30T16:32:22.844060
19,20,9,5,0,5,2026-07-30T16:32:24.723602
19,20,10,5,0,5,2026-07-30T16:32:25.975894
19,21,1,5,0,5,2026-07-30T16:32:27.653177
19,21,2,5,0,5,2026-07-30T16:32:28.919560
19,21,3,5,0,5,2026-07-30T16:32:30.369357
19,21,4,5,0,5,2026-07-30T16:32:31.625804
19,21,5,5,0,5,2026-07-30T16:32:33.474469
19,21,6,5,0,5,2026-07-30T16:32:34.926975
19,21,7,5,0,5,2026-07-30T16:32:36.395057
19,21,8,5,0,5,2026-07-30T16:32:37.881431
19,21,9,5,0,5,2026-07-30T16:32:39.782673
19,21,10,5,0,5,2026-07-30T16:32:41.448499
19,22,1,5,0,5,2026-07-30T16:32:42.925428
19,22,2,5,0,5,2026-07-30T16:32:44.377710
19,22,3,5,0,5,2026-07-30T16:32:45.823413
19,22,4,5,0,5,2026-07-30T16:32:47.505850
19,22,5,5,0,5,2026-07-30T16:32:49.353900
19,22,6,5,0,5,2026-07-30T16:32:50.815951
19,22,7,5,0,5,2026-07-30T16:32:52.085659
19,22,8,5,0,5,2026-07-30T16:32:54.152388
19,22,9,5,0,5,2026-07-30T16:32:56.203394
19,22,10,5,0,5,2026-07-30T16:32:57.854602
19,23,1,5,0,5,2026-07-30T16:32:59.904459
19,23,2,5,0,5,2026-07-30T16:33:01.574426
19,23,3,5,0,5,2026-07-30T16:33:02.843560
19,23,4,5,0,5,2026-07-30T16:33:03.899868
19,23,5,5,0,5,2026-07-30T16:33:05.573964
19,23,6,5,0,5,2026-07-30T16:33:07.443249
19,23,7,5,0,5,2026-07-30T16:33:08.699837
19,23,8,5,0,5,2026-07-30T16:33:10.359524
19,23,9,5,0,5,2026-07-30T16:33:12.204200
19,23,10,5,0,5,2026-07-30T16:33:14.071121
19,24,1,5,0,5,2026-07-30T16:33:14.920666
19,24,2,5,0,5,2026-07-30T16:33:16.556660
19,24,3,5,0,5,2026-07-30T16:33:17.822363
19,24,4,5,0,5,2026-07-30T16:33:19.099982
19,24,5,5,0,5,2026-07-30T16:33:20.745602
19,24,6,5,0,5,2026-07-30T16:33:22.598381
19,24,7,5,0,5,2026-07-30T16:33:24.254809
19,24,8,5,0,5,2026-07-30T16:33:26.111508
19,24,9,5,0,5,2026-07-30T16:33:27.207100
19,24,10,5,0,5,2026-07-30T16:33:28.448860
19,25,1,5,0,5,2026-07-30T16:33:30.123381
19,25,2,5,0,5,2026-07-30T16:33:31.804417
19,25,3,5,0,5,2026-07-30T16:33:33.260395
19,25,4,5,0,5,2026-07-30T16:33:34.710035
19,25,5,5,0,5,2026-07-30T16:33:35.958680
19,25,6,5,0,5,2026-07-30T16:33:36.984186
19,25,7,5,0,5,2026-07-30T16:33:39.074552
19,25,8,5,0,5,2026-07-30T16:33:40.953817
19,25,9,5,0,5,2026-07-30T16:33:42.215588
19,25,10,3,0,3,2026-07-30T16:33:44.261746
19,26,1,5,0,5,2026-07-30T16:33:45.942190
19,26,2,5,0,5,2026-07-30T16:33:47.197224
19,26,3,5,0,5,2026-07-30T16:33:48.865853
19,26,4,5,0,5,2026-07-30T16:33:50.749314
19,26,5,5,0,5,2026-07-30T16:33:52.631768
19,26,6,5,0,5,2026-07-30T16:33:54.097280
19,26,7,5,0,5,2026-07-30T16:33:55.554181
19,26,8,5,0,5,2026-07-30T16:33:57.025921
19,26,9,5,0,5,2026-07-30T16:33:58.739180
19,26,10,5,0,5,2026-07-30T16:34:00.006124
19,27,1,5,0,5,2026-07-30T16:34:01.092568
19,27,2,5,0,5,2026-07-30T16:34:02.143932
19,27,3,5,0,5,2026-07-30T16:34:03.423149
19,27,4,5,0,5,2026-07-30T16:34:05.086948
19,27,5,5,0,5,2026-07-30T16:34:06.550076
19,27,6,5,0,5,2026-07-30T16:34:08.213544
19,27,7,5,0,5,2026-07-30T16:34:09.472010
19,27,8,5,0,5,2026-07-30T16:34:11.336238
19,27,9,5,0,5,2026-07-30T16:34:12.607495
19,27,10,5,0,5,2026-07-30T16:34:13.691072
19,28,1,0,0,0,2026-07-30T16:34:15.773775
19,28,2,0,0,0,2026-07-30T16:34:17.238031
19,28,3,0,0,0,2026-07-30T16:34:18.496827
19,28,4,0,0,0,2026-07-30T16:34:20.366653
19,28,5,0,0,0,2026-07-30T16:34:22.024977
19,28,6,0,0,0,2026-07-30T16:34:23.675068
19,28,7,0,0,0,2026-07-30T16:34:25.584234
19,28,8,0,0,0,2026-07-30T16:34:26.641176
19,28,9,0,0,0,2026-07-30T16:34:28.360850
19,28,10,0,0,0,2026-07-30T16:34:30.233991
19,29,1,5,0,5,2026-07-30T16:34:31.715923
19,29,2,5,0,5,2026-07-30T16:34:32.819367
19,29,3,5,0,5,2026-07-30T16:34:34.273118
19,29,4,5,0,5,2026-07-30T16:34:35.309989
19,29,5,5,0,5,2026-07-30T16:34:36.379995
19,29,6,5,0,5,2026-07-30T16:34:37.433903
19,29,7,5,0,5,2026-07-30T16:34:39.295110
19,29,8,5,0,5,2026-07-30T16:34:40.960568
19,29,9,5,0,5,2026-07-30T16:34:42.012808
19,29,10,5,0,5,2026-07-30T16:34:43.473709
19,30,1,5,0,5,2026-07-30T16:34:45.369420
19,30,2,5,0,5,2026-07-30T16:34:47.239177
19,30,3,5,0,5,2026-07-30T16:34:48.522562
19,30,4,5,0,5,2026-07-30T16:34:49.985005
19,30,5,5,0,5,2026-07-30T16:34:51.705171
19,30,6,5,0,5,2026-07-30T16:34:52.952897
19,30,7,5,0,5,2026-07-30T16:34:54.200683
19,30,8,5,0,5,2026-07-30T16:34:55.453709
19,30,9,5,0,5,2026-07-30T16:34:57.302258
19,30,10,5,0,5,2026-07-30T16:34:59.164071
20,1,1,0,0,0,2026-07-30T16:35:00.410361
20,1,2,0,0,0,2026-07-30T16:35:01.476316
20,1,3,2,0,2,2026-07-30T16:35:03.139367
20,1,4,2,0,2,2026-07-30T16:35:04.388510
20,1,5,2,0,2,2026-07-30T16:35:06.037244
20,1,6,0,0,0,2026-07-30T16:35:07.901397
20,1,7,5,0,5,2026-07-30T16:35:09.590027
20,1,8,0,0,0,2026-07-30T16:35:11.058056
20,1,9,2,0,2,2026-07-30T16:35:12.927427
20,1,10,2,0,2,2026-07-30T16:35:14.406080
20,2,1,5,0,5,2026-07-30T16:35:16.078654
20,2,2,3,0,3,2026-07-30T16:35:17.538138
20,2,3,3,0,3,2026-07-30T16:35:18.801629
20,2,4,5,0,5,2026-07-30T16:35:20.051449
20,2,5,3,0,3,2026-07-30T16:35:21.688709
20,2,6,5,0,5,2026-07-30T16:35:23.553931
20,2,7,4,0,4,2026-07-30T16:35:25.417607
20,2,8,5,0,5,2026-07-30T16:35:27.288371
20,2,9,5,0,5,2026-07-30T16:35:29.162452
20,2,10,5,0,5,2026-07-30T16:35:31.047656
20,3,1,0,0,0,2026-07-30T16:35:32.514193
20,3,2,2,0,2,2026-07-30T16:35:33.554066
20,3,3,0,0,0,2026-07-30T16:35:35.227392
20,3,4,0,0,0,2026-07-30T16:35:36.281155
20,3,5,0,0,0,2026-07-30T16:35:37.980996
20,3,6,0,0,0,2026-07-30T16:35:39.450602
20,3,7,0,0,0,2026-07-30T16:35:40.810268
20,3,8,0,0,0,2026-07-30T16:35:42.075240
20,3,9,0,0,0,2026-07-30T16:35:43.584614
20,3,10,0,0,0,2026-07-30T16:35:50.017148
20,4,1,5,0,5,2026-07-30T16:35:51.696184
20,4,2,5,0,5,2026-07-30T16:35:53.157834
20,4,3,5,0,5,2026-07-30T16:35:54.668930
20,4,4,5,0,5,2026-07-30T16:35:55.740510
20,4,5,5,0,5,2026-07-30T16:35:57.468852
20,4,6,5,0,5,2026-07-30T16:35:58.716123
20,4,7,5,0,5,2026-07-30T16:36:01.243253
20,4,8,5,0,5,2026-07-30T16:36:02.740625
20,4,9,5,0,5,2026-07-30T16:36:04.278419
20,4,10,5,0,5,2026-07-30T16:36:05.855166
20,5,1,0,0,0,2026-07-30T16:36:07.772992
20,5,2,2,0,2,2026-07-30T16:36:09.238296
20,5,3,5,0,5,2026-07-30T16:36:10.487065
20,5,4,0,0,0,2026-07-30T16:36:12.156361
20,5,5,5,0,5,2026-07-30T16:36:13.303460
20,5,6,0,0,0,2026-07-30T16:36:14.595967
20,5,7,0,0,0,2026-07-30T16:36:16.265845
20,5,8,0,0,0,2026-07-30T16:36:17.938769
20,5,9,0,0,0,2026-07-30T16:36:19.600761
20,5,10,0,0,0,2026-07-30T16:36:20.656683
20,6,1,0,0,0,2026-07-30T16:36:21.911161
20,6,2,0,0,0,2026-07-30T16:36:23.375421
20,6,3,0,0,0,2026-07-30T16:36:25.050787
20,6,4,0,0,0,2026-07-30T16:36:26.724548
20,6,5,0,0,0,2026-07-30T16:36:27.779663
20,6,6,0,0,0,2026-07-30T16:36:29.430527
20,6,7,0,0,0,2026-07-30T16:36:31.300447
20,6,8,0,0,0,2026-07-30T16:36:36.166850
20,6,9,0,0,0,2026-07-30T16:36:37.645535
20,6,10,0,0,0,2026-07-30T16:36:38.708467
20,7,1,3,0,3,2026-07-30T16:36:40.399669
20,7,2,4,0,4,2026-07-30T16:36:41.881112
20,7,3,3,0,3,2026-07-30T16:36:42.935469
20,7,4,5,0,5,2026-07-30T16:36:44.604286
20,7,5,2,0,2,2026-07-30T16:36:46.077398
20,7,6,3,0,3,2026-07-30T16:36:47.775209
20,7,7,4,0,4,2026-07-30T16:36:49.176587
20,7,8,3,0,3,2026-07-30T16:36:50.834707
20,7,9,5,0,5,2026-07-30T16:36:52.300613
20,7,10,3,0,3,2026-07-30T16:36:54.195017
20,8,1,5,0,5,2026-07-30T16:36:56.271913
20,8,2,5,0,5,2026-07-30T16:36:57.938034
20,8,3,5,0,5,2026-07-30T16:36:59.870936
20,8,4,5,0,5,2026-07-30T16:37:01.824897
20,8,5,5,0,5,2026-07-30T16:37:03.905403
20,8,6,5,0,5,2026-07-30T16:37:05.143400
20,8,7,5,0,5,2026-07-30T16:37:06.393192
20,8,8,5,0,5,2026-07-30T16:37:08.477298
20,8,9,5,0,5,2026-07-30T16:37:09.946066
20,8,10,5,0,5,2026-07-30T16:37:11.979249
20,9,1,5,0,5,2026-07-30T16:37:13.250522
20,9,2,5,0,5,2026-07-30T16:37:14.713404
20,9,3,5,0,5,2026-07-30T16:37:16.453488
20,9,4,5,0,5,2026-07-30T16:37:17.761548
20,9,5,5,0,5,2026-07-30T16:37:19.615196
20,9,6,5,0,5,2026-07-30T16:37:21.253223
20,9,7,5,0,5,2026-07-30T16:37:22.721746
20,9,8,5,0,5,2026-07-30T16:37:24.585167
20,9,9,5,0,5,2026-07-30T16:37:26.516156
20,9,10,5,0,5,2026-07-30T16:37:28.369788
20,10,1,5,0,5,2026-07-30T16:37:30.248264
20,10,2,5,0,5,2026-07-30T16:37:31.565142
20,10,3,5,0,5,2026-07-30T16:37:33.092990
20,10,4,5,0,5,2026-07-30T16:37:34.425064
20,10,5,0,0,0,2026-07-30T16:37:36.106855
20,10,6,5,0,5,2026-07-30T16:37:37.385052
20,10,7,0,0,0,2026-07-30T16:37:38.640823
20,10,8,5,0,5,2026-07-30T16:37:42.286296
20,10,9,5,0,5,2026-07-30T16:37:43.750816
20,10,10,0,0,0,2026-07-30T16:37:45.689709
20,11,1,5,0,5,2026-07-30T16:37:46.796199
20,11,2,5,0,5,2026-07-30T16:37:48.330575
20,11,3,5,0,5,2026-07-30T16:37:49.399648
20,11,4,5,0,5,2026-07-30T16:37:50.520297
20,11,5,5,0,5,2026-07-30T16:37:51.832140
20,11,6,5,0,5,2026-07-30T16:37:53.283000
20,11,7,5,0,5,2026-07-30T16:37:54.721817
20,11,8,5,0,5,2026-07-30T16:37:55.969502
20,11,9,5,0,5,2026-07-30T16:37:57.622254
20,11,10,5,0,5,2026-07-30T16:37:59.379938
20,12,1,5,0,5,2026-07-30T16:38:01.255937
20,12,2,0,0,0,2026-07-30T16:38:02.517247
20,12,3,0,0,0,2026-07-30T16:38:03.661384
20,12,4,5,0,5,2026-07-30T16:38:05.202975
20,12,5,5,0,5,2026-07-30T16:38:07.081904
20,12,6,5,0,5,2026-07-30T16:38:09.535326
20,12,7,5,0,5,2026-07-30T16:38:11.528225
20,12,8,5,0,5,2026-07-30T16:38:12.915061
20,12,9,5,0,5,2026-07-30T16:38:14.498201
20,12,10,5,0,5,2026-07-30T16:38:17.771502
20,13,1,5,0,5,2026-07-30T16:38:19.777366
20,13,2,5,0,5,2026-07-30T16:38:21.547595
20,13,3,5,0,5,2026-07-30T16:38:23.657689
20,13,4,5,0,5,2026-07-30T16:38:26.319878
20,13,5,5,0,5,2026-07-30T16:38:28.053681
20,13,6,5,0,5,2026-07-30T16:38:29.539812
20,13,7,5,0,5,2026-07-30T16:38:30.858786
20,13,8,5,0,5,2026-07-30T16:38:32.530165
20,13,9,5,0,5,2026-07-30T16:38:34.061385
20,13,10,5,0,5,2026-07-30T16:38:36.272359
20,14,1,5,0,5,2026-07-30T16:38:37.923943
20,14,2,5,0,5,2026-07-30T16:38:39.689010
20,14,3,5,0,5,2026-07-30T16:38:41.042307
20,14,4,5,0,5,2026-07-30T16:38:42.565461
20,14,5,5,0,5,2026-07-30T16:38:44.150424
20,14,6,5,0,5,2026-07-30T16:38:46.075819
20,14,7,5,0,5,2026-07-30T16:38:48.033884
20,14,8,5,0,5,2026-07-30T16:38:50.103121
20,14,9,5,0,5,2026-07-30T16:38:51.627114
20,14,10,5,0,5,2026-07-30T16:38:53.539918
20,15,1,0,0,0,2026-07-30T16:38:55.660237
20,15,2,0,0,0,2026-07-30T16:38:57.796268
20,15,3,5,0,5,2026-07-30T16:38:59.262349
20,15,4,0,0,0,2026-07-30T16:39:01.411338
20,15,5,5,0,5,2026-07-30T16:39:03.501792
20,15,6,0,0,0,2026-07-30T16:39:06.875461
20,15,7,0,0,0,2026-07-30T16:39:08.657978
20,15,8,0,0,0,2026-07-30T16:39:10.783544
20,15,9,0,0,0,2026-07-30T16:39:12.403232
20,15,10,0,0,0,2026-07-30T16:39:14.542132
20,16,1,5,0,5,2026-07-30T16:39:17.423084
20,16,2,5,0,5,2026-07-30T16:39:19.724262
20,16,3,5,0,5,2026-07-30T16:39:21.638787
20,16,4,5,0,5,2026-07-30T16:39:22.893575
20,16,5,5,0,5,2026-07-30T16:39:25.002674
20,16,6,5,0,5,2026-07-30T16:39:26.527561
20,16,7,5,0,5,2026-07-30T16:39:28.631635
20,16,8,5,0,5,2026-07-30T16:39:30.696620
20,16,9,5,0,5,2026-07-30T16:39:32.394479
20,16,10,5,0,5,2026-07-30T16:39:34.385164
20,17,1,5,0,5,2026-07-30T16:39:36.233114
20,17,2,5,0,5,2026-07-30T16:39:37.921096
20,17,3,5,0,5,2026-07-30T16:39:39.771845
20,17,4,5,0,5,2026-07-30T16:39:41.597502
20,17,5,5,0,5,2026-07-30T16:39:43.328078
20,17,6,5,0,5,2026-07-30T16:39:45.365822
20,17,7,5,0,5,2026-07-30T16:39:47.368282
20,17,8,5,0,5,2026-07-30T16:39:48.986087
20,17,9,5,0,5,2026-07-30T16:39:50.071284
20,17,10,5,0,5,2026-07-30T16:39:51.380437
20,18,1,5,0,5,2026-07-30T16:39:52.874759
20,18,2,5,0,5,2026-07-30T16:39:54.402156
20,18,3,5,0,5,2026-07-30T16:39:56.415528
20,18,4,5,0,5,2026-07-30T16:39:58.087045
20,18,5,5,0,5,2026-07-30T16:40:00.154459
20,18,6,5,0,5,2026-07-30T16:40:01.753140
20,18,7,5,0,5,2026-07-30T16:40:03.282798
20,18,8,5,0,5,2026-07-30T16:40:04.410699
20,18,9,5,0,5,2026-07-30T16:40:05.690661
20,18,10,5,0,5,2026-07-30T16:40:07.537110
20,19,1,5,0,5,2026-07-30T16:40:09.631445
20,19,2,5,0,5,2026-07-30T16:40:10.898120
20,19,3,5,0,5,2026-07-30T16:40:12.338278
20,19,4,5,0,5,2026-07-30T16:40:14.115310
20,19,5,5,0,5,2026-07-30T16:40:15.833973
20,19,6,5,0,5,2026-07-30T16:40:17.301518
20,19,7,5,0,5,2026-07-30T16:40:19.420835
20,19,8,5,0,5,2026-07-30T16:40:21.054260
20,19,9,5,0,5,2026-07-30T16:40:22.284367
20,19,10,5,0,5,2026-07-30T16:40:24.092032
20,20,1,5,0,5,2026-07-30T16:40:25.705225
20,20,2,5,0,5,2026-07-30T16:40:27.441493
20,20,3,5,0,5,2026-07-30T16:40:29.293321
20,20,4,5,0,5,2026-07-30T16:40:30.625535
20,20,5,5,0,5,2026-07-30T16:40:32.137730
20,20,6,5,0,5,2026-07-30T16:40:33.853340
20,20,7,5,0,5,2026-07-30T16:40:35.036059
20,20,8,5,0,5,2026-07-30T16:40:37.024381
20,20,9,5,0,5,2026-07-30T16:40:38.766251
20,20,10,5,0,5,2026-07-30T16:40:40.255209
20,21,1,5,0,5,2026-07-30T16:40:42.369339
20,21,2,5,0,5,2026-07-30T16:40:43.907246
20,21,3,5,0,5,2026-07-30T16:40:45.449232
20,21,4,5,0,5,2026-07-30T16:40:46.530252
20,21,5,5,0,5,2026-07-30T16:40:48.470397
20,21,6,5,0,5,2026-07-30T16:40:50.495336
20,21,7,5,0,5,2026-07-30T16:40:52.363575
20,21,8,5,0,5,2026-07-30T16:40:53.581673
20,21,9,5,0,5,2026-07-30T16:40:55.355457
20,21,10,5,0,5,2026-07-30T16:40:56.474198
20,22,1,5,0,5,2026-07-30T16:40:58.360326
20,22,2,5,0,5,2026-07-30T16:40:59.343447
20,22,3,5,0,5,2026-07-30T16:41:00.805464
20,22,4,5,0,5,2026-07-30T16:41:02.120917
20,22,5,5,0,5,2026-07-30T16:41:04.106683
20,22,6,5,0,5,2026-07-30T16:41:05.637480
20,22,7,5,0,5,2026-07-30T16:41:06.785234
20,22,8,5,0,5,2026-07-30T16:41:08.207767
20,22,9,5,0,5,2026-07-30T16:41:09.767653
20,22,10,5,0,5,2026-07-30T16:41:11.349755
20,23,1,5,0,5,2026-07-30T16:41:13.353302
20,23,2,5,0,5,2026-07-30T16:41:15.208683
20,23,3,5,0,5,2026-07-30T16:41:16.668942
20,23,4,5,0,5,2026-07-30T16:41:18.473243
20,23,5,5,0,5,2026-07-30T16:41:19.670604
20,23,6,5,0,5,2026-07-30T16:41:21.607445
20,23,7,5,0,5,2026-07-30T16:41:23.029792
20,23,8,5,0,5,2026-07-30T16:41:24.416490
20,23,9,5,0,5,2026-07-30T16:41:25.927961
20,23,10,5,0,5,2026-07-30T16:41:27.661233
20,24,1,5,0,5,2026-07-30T16:41:28.791766
20,24,2,5,0,5,2026-07-30T16:41:29.958846
20,24,3,5,0,5,2026-07-30T16:41:31.754497
20,24,4,5,0,5,2026-07-30T16:41:33.689165
20,24,5,5,0,5,2026-07-30T16:41:35.588146
20,24,6,5,0,5,2026-07-30T16:41:37.092379
20,24,7,5,0,5,2026-07-30T16:41:38.153036
20,24,8,5,0,5,2026-07-30T16:41:39.197991
20,24,9,5,0,5,2026-07-30T16:41:40.466364
20,24,10,5,0,5,2026-07-30T16:41:41.719604
20,25,1,5,0,5,2026-07-30T16:41:43.791831
20,25,2,5,0,5,2026-07-30T16:41:45.040974
20,25,3,5,0,5,2026-07-30T16:41:46.082178
20,25,4,5,0,5,2026-07-30T16:41:47.936694
20,25,5,5,0,5,2026-07-30T16:41:49.164066
20,25,6,5,0,5,2026-07-30T16:41:51.000075
20,25,7,5,0,5,2026-07-30T16:41:52.879248
20,25,8,5,0,5,2026-07-30T16:41:54.111594
20,25,9,5,0,5,2026-07-30T16:41:55.355703
20,25,10,5,0,5,2026-07-30T16:41:57.011930
20,26,1,5,0,5,2026-07-30T16:41:58.047682
20,26,2,5,0,5,2026-07-30T16:42:00.101840
20,26,3,5,0,5,2026-07-30T16:42:01.576836
20,26,4,5,0,5,2026-07-30T16:42:02.661015
20,26,5,5,0,5,2026-07-30T16:42:04.530752
20,26,6,5,0,5,2026-07-30T16:42:05.687342
20,26,7,5,0,5,2026-07-30T16:42:06.744430
20,26,8,5,0,5,2026-07-30T16:42:08.308970
20,26,9,5,0,5,2026-07-30T16:42:09.753527
20,26,10,5,0,5,2026-07-30T16:42:11.219014
20,27,1,5,0,5,2026-07-30T16:42:12.261277
20,27,2,5,0,5,2026-07-30T16:42:14.134806
20,27,3,5,0,5,2026-07-30T16:42:15.305926
20,27,4,5,0,5,2026-07-30T16:42:16.512943
20,27,5,5,0,5,2026-07-30T16:42:17.776029
20,27,6,5,0,5,2026-07-30T16:42:19.643046
20,27,7,5,0,5,2026-07-30T16:42:21.529033
20,27,8,5,0,5,2026-07-30T16:42:23.206300
20,27,9,5,0,5,2026-07-30T16:42:24.552906
20,27,10,5,0,5,2026-07-30T16:42:26.183453
20,28,1,5,0,5,2026-07-30T16:42:27.957371
20,28,2,5,0,5,2026-07-30T16:42:29.781580
20,28,3,5,0,5,2026-07-30T16:42:31.237900
20,28,4,5,0,5,2026-07-30T16:42:32.305699
20,28,5,5,0,5,2026-07-30T16:42:33.497321
20,28,6,5,0,5,2026-07-30T16:42:35.354616
20,28,7,5,0,5,2026-07-30T16:42:37.005553
20,28,8,5,0,5,2026-07-30T16:42:38.498280
20,28,9,5,0,5,2026-07-30T16:42:40.176330
20,28,10,5,0,5,2026-07-30T16:42:42.286284
20,29,1,5,0,5,2026-07-30T16:42:43.351636
20,29,2,5,0,5,2026-07-30T16:42:45.223647
20,29,3,5,0,5,2026-07-30T16:42:46.466396
20,29,4,5,0,5,2026-07-30T16:42:48.136167
20,29,5,5,0,5,2026-07-30T16:42:49.587626
20,29,6,5,0,5,2026-07-30T16:42:50.860353
20,29,7,5,0,5,2026-07-30T16:42:52.110941
20,29,8,5,0,5,2026-07-30T16:42:53.780392
20,29,9,5,0,5,2026-07-30T16:42:55.211807
20,29,10,5,0,5,2026-07-30T16:42:57.284227
20,30,1,5,0,5,2026-07-30T16:42:59.117540
20,30,2,5,0,5,2026-07-30T16:43:00.159089
20,30,3,5,0,5,2026-07-30T16:43:01.248637
20,30,4,5,0,5,2026-07-30T16:43:03.121208
20,30,5,5,0,5,2026-07-30T16:43:04.192033
20,30,6,5,0,5,2026-07-30T16:43:06.074684
20,30,7,5,0,5,2026-07-30T16:43:07.179101
20,30,8,5,0,5,2026-07-30T16:43:08.558991
20,30,9,5,0,5,2026-07-30T16:43:10.216628
20,30,10,5,0,5,2026-07-30T16:43:11.666006
21,1,1,5,0,5,2026-07-30T16:43:12.735102
21,1,2,5,0,5,2026-07-30T16:43:14.444569
21,1,3,5,0,5,2026-07-30T16:43:15.483975
21,1,4,5,0,5,2026-07-30T16:43:16.723827
21,1,5,5,0,5,2026-07-30T16:43:18.196518
21,1,6,5,0,5,2026-07-30T16:43:19.434717
21,1,7,5,0,5,2026-07-30T16:43:20.691327
21,1,8,5,0,5,2026-07-30T16:43:22.388148
21,1,9,5,0,5,2026-07-30T16:43:23.632703
21,1,10,5,0,5,2026-07-30T16:43:25.295699
21,2,1,5,0,5,2026-07-30T16:43:26.945584
21,2,2,5,0,5,2026-07-30T16:43:27.986714
21,2,3,5,0,5,2026-07-30T16:43:29.827898
21,2,4,5,0,5,2026-07-30T16:43:31.077781
21,2,5,5,0,5,2026-07-30T16:43:32.224963
21,2,6,5,0,5,2026-07-30T16:43:33.466935
21,2,7,5,0,5,2026-07-30T16:43:34.744016
21,2,8,5,0,5,2026-07-30T16:43:36.422087
21,2,9,5,0,5,2026-07-30T16:43:38.081843
21,2,10,5,0,5,2026-07-30T16:43:40.146714
21,3,1,5,0,5,2026-07-30T16:43:41.804020
21,3,2,5,0,5,2026-07-30T16:43:43.697115
21,3,3,5,0,5,2026-07-30T16:43:45.161748
21,3,4,5,0,5,2026-07-30T16:43:46.826916
21,3,5,5,0,5,2026-07-30T16:43:48.682338
21,3,6,5,0,5,2026-07-30T16:43:50.567091
21,3,7,5,0,5,2026-07-30T16:43:52.432885
21,3,8,5,0,5,2026-07-30T16:43:54.506226
21,3,9,5,0,5,2026-07-30T16:43:55.550241
21,3,10,5,0,5,2026-07-30T16:43:57.430838
21,4,1,2,0,2,2026-07-30T16:43:59.087398
21,4,2,2,0,2,2026-07-30T16:44:01.147404
21,4,3,2,0,2,2026-07-30T16:44:02.816512
21,4,4,2,0,2,2026-07-30T16:44:04.277466
21,4,5,0,0,0,2026-07-30T16:44:06.318942
21,4,6,2,0,2,2026-07-30T16:44:07.372864
21,4,7,0,0,0,2026-07-30T16:44:08.823125
21,4,8,0,0,0,2026-07-30T16:44:10.690395
21,4,9,2,0,2,2026-07-30T16:44:11.959778
21,4,10,2,0,2,2026-07-30T16:44:13.830658
21,5,1,0,0,0,2026-07-30T16:44:15.458224
21,5,2,4,0,4,2026-07-30T16:44:16.909314
21,5,3,5,0,5,2026-07-30T16:44:18.818643
21,5,4,5,0,5,2026-07-30T16:44:20.283086
21,5,5,5,0,5,2026-07-30T16:44:21.536908
21,5,6,5,0,5,2026-07-30T16:44:22.816362
21,5,7,5,0,5,2026-07-30T16:44:24.712277
21,5,8,5,0,5,2026-07-30T16:44:25.813720
21,5,9,5,0,5,2026-07-30T16:44:27.661101
21,5,10,5,0,5,2026-07-30T16:44:29.341543
21,6,1,5,0,5,2026-07-30T16:44:30.617969
21,6,2,5,0,5,2026-07-30T16:44:32.511364
21,6,3,5,0,5,2026-07-30T16:44:34.374241
21,6,4,5,0,5,2026-07-30T16:44:35.431816
21,6,5,5,0,5,2026-07-30T16:44:36.711191
21,6,6,5,0,5,2026-07-30T16:44:38.579193
21,6,7,5,0,5,2026-07-30T16:44:40.248171
21,6,8,5,0,5,2026-07-30T16:44:41.345402
21,6,9,5,0,5,2026-07-30T16:44:42.613567
21,6,10,5,0,5,2026-07-30T16:44:43.865558
21,7,1,5,0,5,2026-07-30T16:44:45.120466
21,7,2,5,0,5,2026-07-30T16:44:46.358913
21,7,3,5,0,5,2026-07-30T16:44:47.640809
21,7,4,5,0,5,2026-07-30T16:44:49.321845
21,7,5,5,0,5,2026-07-30T16:44:50.380599
21,7,6,5,0,5,2026-07-30T16:44:51.444863
21,7,7,5,0,5,2026-07-30T16:44:53.523403
21,7,8,5,0,5,2026-07-30T16:44:55.225346
21,7,9,5,0,5,2026-07-30T16:44:58.178066
21,7,10,5,0,5,2026-07-30T16:45:00.277966
21,8,1,5,0,5,2026-07-30T16:45:01.549376
21,8,2,5,0,5,2026-07-30T16:45:02.812892
21,8,3,5,0,5,2026-07-30T16:45:04.761024
21,8,4,5,0,5,2026-07-30T16:45:06.223254
21,8,5,5,0,5,2026-07-30T16:45:07.689276
21,8,6,5,0,5,2026-07-30T16:45:08.986505
21,8,7,5,0,5,2026-07-30T16:45:10.256168
21,8,8,5,0,5,2026-07-30T16:45:11.588058
21,8,9,5,0,5,2026-07-30T16:45:13.344683
21,8,10,5,0,5,2026-07-30T16:45:14.619376
21,9,1,5,0,5,2026-07-30T16:45:15.895800
21,9,2,4,0,4,2026-07-30T16:45:17.486028
21,9,3,5,0,5,2026-07-30T16:45:19.507204
21,9,4,4,0,4,2026-07-30T16:45:21.382789
21,9,5,3,0,3,2026-07-30T16:45:22.429508
21,9,6,3,0,3,2026-07-30T16:45:24.071305
21,9,7,5,0,5,2026-07-30T16:45:25.332466
21,9,8,5,0,5,2026-07-30T16:45:26.782788
21,9,9,5,0,5,2026-07-30T16:45:28.304913
21,9,10,4,0,4,2026-07-30T16:45:29.567194
21,10,1,5,0,5,2026-07-30T16:45:31.656642
21,10,2,5,0,5,2026-07-30T16:45:33.330689
21,10,3,5,0,5,2026-07-30T16:45:34.648258
21,10,4,5,0,5,2026-07-30T16:45:35.715540
21,10,5,5,0,5,2026-07-30T16:45:37.594387
21,10,6,5,0,5,2026-07-30T16:45:39.051912
21,10,7,5,0,5,2026-07-30T16:45:40.936014
21,10,8,5,0,5,2026-07-30T16:45:42.007198
21,10,9,5,0,5,2026-07-30T16:45:43.250128
21,10,10,5,0,5,2026-07-30T16:45:44.734873
21,11,1,5,0,5,2026-07-30T16:45:46.249061
21,11,2,5,0,5,2026-07-30T16:45:47.431223
21,11,3,5,0,5,2026-07-30T16:45:48.694322
21,11,4,5,0,5,2026-07-30T16:45:50.157892
21,11,5,5,0,5,2026-07-30T16:45:51.203671
21,11,6,5,0,5,2026-07-30T16:45:52.875652
21,11,7,5,0,5,2026-07-30T16:45:54.126824
21,11,8,5,0,5,2026-07-30T16:45:56.009800
21,11,9,5,0,5,2026-07-30T16:45:57.088233
21,11,10,5,0,5,2026-07-30T16:45:58.752388
21,12,1,5,0,5,2026-07-30T16:46:00.814391
21,12,2,5,0,5,2026-07-30T16:46:02.268847
21,12,3,5,0,5,2026-07-30T16:46:03.328411
21,12,4,5,0,5,2026-07-30T16:46:04.399943
21,12,5,5,0,5,2026-07-30T16:46:05.664886
21,12,6,5,0,5,2026-07-30T16:46:07.114839
21,12,7,5,0,5,2026-07-30T16:46:08.176516
21,12,8,5,0,5,2026-07-30T16:46:10.048074
21,12,9,5,0,5,2026-07-30T16:46:11.341636
21,12,10,5,0,5,2026-07-30T16:46:13.004684
21,13,1,5,0,5,2026-07-30T16:46:14.876555
21,13,2,5,0,5,2026-07-30T16:46:16.331936
21,13,3,5,0,5,2026-07-30T16:46:17.604897
21,13,4,5,0,5,2026-07-30T16:46:19.246383
21,13,5,5,0,5,2026-07-30T16:46:20.699360
21,13,6,5,0,5,2026-07-30T16:46:22.566440
21,13,7,5,0,5,2026-07-30T16:46:24.042460
21,13,8,5,0,5,2026-07-30T16:46:25.899994
21,13,9,5,0,5,2026-07-30T16:46:27.567391
21,13,10,5,0,5,2026-07-30T16:46:29.486535
21,14,1,5,0,5,2026-07-30T16:46:30.998974
21,14,2,5,0,5,2026-07-30T16:46:33.072133
21,14,3,5,0,5,2026-07-30T16:46:34.800775
21,14,4,5,0,5,2026-07-30T16:46:36.469317
21,14,5,5,0,5,2026-07-30T16:46:38.140490
21,14,6,5,0,5,2026-07-30T16:46:40.006308
21,14,7,4,0,4,2026-07-30T16:46:41.979502
21,14,8,5,0,5,2026-07-30T16:46:43.862537
21,14,9,5,0,5,2026-07-30T16:46:45.145952
21,14,10,5,0,5,2026-07-30T16:46:46.412617
21,15,1,0,0,0,2026-07-30T16:46:47.486144
21,15,2,2,0,2,2026-07-30T16:46:48.951457
21,15,3,0,0,0,2026-07-30T16:46:50.439608
21,15,4,2,0,2,2026-07-30T16:46:52.107438
21,15,5,0,0,0,2026-07-30T16:46:53.369375
21,15,6,0,0,0,2026-07-30T16:46:54.614176
21,15,7,3,0,3,2026-07-30T16:46:56.292270
21,15,8,0,0,0,2026-07-30T16:46:58.142362
21,15,9,0,0,0,2026-07-30T16:46:59.586932
21,15,10,0,0,0,2026-07-30T16:47:01.040524
21,16,1,5,0,5,2026-07-30T16:47:02.499877
21,16,2,5,0,5,2026-07-30T16:47:04.352825
21,16,3,5,0,5,2026-07-30T16:47:06.308170
21,16,4,5,0,5,2026-07-30T16:47:07.795116
21,16,5,5,0,5,2026-07-30T16:47:09.038384
21,16,6,5,0,5,2026-07-30T16:47:10.337190
21,16,7,5,0,5,2026-07-30T16:47:11.587039
21,16,8,5,0,5,2026-07-30T16:47:13.042199
21,16,9,5,0,5,2026-07-30T16:47:14.912726
21,16,10,5,0,5,2026-07-30T16:47:16.357147
21,17,1,5,0,5,2026-07-30T16:47:17.821969
21,17,2,5,0,5,2026-07-30T16:47:19.111126
21,17,3,5,0,5,2026-07-30T16:47:20.794035
21,17,4,5,0,5,2026-07-30T16:47:22.242588
21,17,5,5,0,5,2026-07-30T16:47:23.521602
21,17,6,5,0,5,2026-07-30T16:47:25.212777
21,17,7,5,0,5,2026-07-30T16:47:27.278762
21,17,8,5,0,5,2026-07-30T16:47:28.548073
21,17,9,5,0,5,2026-07-30T16:47:30.210719
21,17,10,5,0,5,2026-07-30T16:47:32.102942
21,18,1,5,0,5,2026-07-30T16:47:33.985822
21,18,2,5,0,5,2026-07-30T16:47:35.853659
21,18,3,5,0,5,2026-07-30T16:47:37.110947
21,18,4,5,0,5,2026-07-30T16:47:38.413406
21,18,5,5,0,5,2026-07-30T16:47:39.872982
21,18,6,5,0,5,2026-07-30T16:47:40.933548
21,18,7,5,0,5,2026-07-30T16:47:42.402898
21,18,8,5,0,5,2026-07-30T16:47:44.073390
21,18,9,5,0,5,2026-07-30T16:47:45.542669
21,18,10,5,0,5,2026-07-30T16:47:47.427431
21,19,1,5,0,5,2026-07-30T16:47:51.708605
21,19,2,5,0,5,2026-07-30T16:47:53.581935
21,19,3,5,0,5,2026-07-30T16:47:55.458145
21,19,4,5,0,5,2026-07-30T16:47:56.546997
21,19,5,5,0,5,2026-07-30T16:47:58.398303
21,19,6,5,0,5,2026-07-30T16:47:59.828509
21,19,7,5,0,5,2026-07-30T16:48:00.882743
21,19,8,5,0,5,2026-07-30T16:48:02.532535
21,19,9,5,0,5,2026-07-30T16:48:04.400011
21,19,10,5,0,5,2026-07-30T16:48:06.280047
21,20,1,5,0,5,2026-07-30T16:48:08.178926
21,20,2,5,0,5,2026-07-30T16:48:09.855401
21,20,3,5,0,5,2026-07-30T16:48:11.320294
21,20,4,5,0,5,2026-07-30T16:48:12.768428
21,20,5,5,0,5,2026-07-30T16:48:14.626939
21,20,6,5,0,5,2026-07-30T16:48:16.300646
21,20,7,5,0,5,2026-07-30T16:48:17.562094
21,20,8,5,0,5,2026-07-30T16:48:18.837785
21,20,9,5,0,5,2026-07-30T16:48:19.920154
21,20,10,5,0,5,2026-07-30T16:48:23.158378
21,21,1,5,0,5,2026-07-30T16:48:24.409958
21,21,2,5,0,5,2026-07-30T16:48:26.086465
21,21,3,5,0,5,2026-07-30T16:48:27.957176
21,21,4,5,0,5,2026-07-30T16:48:29.409902
21,21,5,5,0,5,2026-07-30T16:48:31.289184
21,21,6,5,0,5,2026-07-30T16:48:33.182698
21,21,7,5,0,5,2026-07-30T16:48:35.036760
21,21,8,5,0,5,2026-07-30T16:48:36.491604
21,21,9,5,0,5,2026-07-30T16:48:37.766224
21,21,10,5,0,5,2026-07-30T16:48:39.028308
21,22,1,5,0,5,2026-07-30T16:48:40.282949
21,22,2,5,0,5,2026-07-30T16:48:41.566746
21,22,3,5,0,5,2026-07-30T16:48:43.134287
21,22,4,5,0,5,2026-07-30T16:48:45.202935
21,22,5,5,0,5,2026-07-30T16:48:46.235137
21,22,6,5,0,5,2026-07-30T16:48:47.667296
21,22,7,5,0,5,2026-07-30T16:48:49.132701
21,22,8,5,0,5,2026-07-30T16:48:50.993275
21,22,9,5,0,5,2026-07-30T16:48:52.470571
21,22,10,5,0,5,2026-07-30T16:48:54.114901
21,23,1,5,0,5,2026-07-30T16:48:55.165099
21,23,2,5,0,5,2026-07-30T16:48:56.404394
21,23,3,5,0,5,2026-07-30T16:48:58.383798
21,23,4,5,0,5,2026-07-30T16:48:59.839091
21,23,5,5,0,5,2026-07-30T16:49:01.708081
21,23,6,5,0,5,2026-07-30T16:49:03.393268
21,23,7,5,0,5,2026-07-30T16:49:04.846086
21,23,8,5,0,5,2026-07-30T16:49:06.496989
21,23,9,5,0,5,2026-07-30T16:49:07.747113
21,23,10,5,0,5,2026-07-30T16:49:09.613361
21,24,1,5,0,5,2026-07-30T16:49:10.675802
21,24,2,5,0,5,2026-07-30T16:49:12.344983
21,24,3,5,0,5,2026-07-30T16:49:13.598347
21,24,4,5,0,5,2026-07-30T16:49:15.060193
21,24,5,0,0,0,2026-07-30T16:49:16.543379
21,24,6,5,0,5,2026-07-30T16:49:17.811583
21,24,7,5,0,5,2026-07-30T16:49:19.075303
21,24,8,0,0,0,2026-07-30T16:49:20.535816
21,24,9,5,0,5,2026-07-30T16:49:22.417117
21,24,10,5,0,5,2026-07-30T16:49:23.459878
21,25,1,0,0,0,2026-07-30T16:49:24.916695
21,25,2,0,0,0,2026-07-30T16:49:26.820562
21,25,3,0,0,0,2026-07-30T16:49:28.473170
21,25,4,3,0,3,2026-07-30T16:49:30.337775
21,25,5,0,0,0,2026-07-30T16:49:31.793522
21,25,6,0,0,0,2026-07-30T16:49:33.456470
21,25,7,0,0,0,2026-07-30T16:49:35.329419
21,25,8,0,0,0,2026-07-30T16:49:36.788520
21,25,9,5,0,5,2026-07-30T16:49:38.655954
21,25,10,0,0,0,2026-07-30T16:49:40.532017
21,26,1,5,0,5,2026-07-30T16:49:41.996755
21,26,2,5,0,5,2026-07-30T16:49:43.255838
21,26,3,5,0,5,2026-07-30T16:49:44.962646
21,26,4,5,0,5,2026-07-30T16:49:46.626238
21,26,5,5,0,5,2026-07-30T16:49:47.676990
21,26,6,5,0,5,2026-07-30T16:49:49.357725
21,26,7,5,0,5,2026-07-30T16:49:51.218966
21,26,8,5,0,5,2026-07-30T16:49:52.289833
21,26,9,5,0,5,2026-07-30T16:49:53.322898
21,26,10,5,0,5,2026-07-30T16:49:54.381818
21,27,1,5,0,5,2026-07-30T16:49:55.846722
21,27,2,5,0,5,2026-07-30T16:49:57.105623
21,27,3,5,0,5,2026-07-30T16:49:58.745710
21,27,4,5,0,5,2026-07-30T16:50:00.398144
21,27,5,5,0,5,2026-07-30T16:50:01.661147
21,27,6,5,0,5,2026-07-30T16:50:03.540172
21,27,7,5,0,5,2026-07-30T16:50:05.003714
21,27,8,5,0,5,2026-07-30T16:50:06.041895
21,27,9,5,0,5,2026-07-30T16:50:07.097026
21,27,10,5,0,5,2026-07-30T16:50:08.346154
21,28,1,5,0,5,2026-07-30T16:50:10.214285
21,28,2,5,0,5,2026-07-30T16:50:11.681778
21,28,3,3,0,3,2026-07-30T16:50:13.351952
21,28,4,3,0,3,2026-07-30T16:50:14.603554
21,28,5,4,0,4,2026-07-30T16:50:15.664708
21,28,6,3,0,3,2026-07-30T16:50:17.715777
21,28,7,5,0,5,2026-07-30T16:50:19.560724
21,28,8,3,0,3,2026-07-30T16:50:20.842537
21,28,9,3,0,3,2026-07-30T16:50:22.304800
21,28,10,5,0,5,2026-07-30T16:50:23.773585
21,29,1,5,0,5,2026-07-30T16:50:25.855456
21,29,2,5,0,5,2026-07-30T16:50:27.708833
21,29,3,5,0,5,2026-07-30T16:50:29.576379
21,29,4,5,0,5,2026-07-30T16:50:31.282689
21,29,5,5,0,5,2026-07-30T16:50:32.718827
21,29,6,5,0,5,2026-07-30T16:50:34.576049
21,29,7,5,0,5,2026-07-30T16:50:36.235956
21,29,8,5,0,5,2026-07-30T16:50:38.124557
21,29,9,5,0,5,2026-07-30T16:50:39.995470
21,29,10,5,0,5,2026-07-30T16:50:41.677837
21,30,1,5,0,5,2026-07-30T16:50:42.734950
21,30,2,5,0,5,2026-07-30T16:50:43.779980
21,30,3,5,0,5,2026-07-30T16:50:45.030338
21,30,4,5,0,5,2026-07-30T16:50:46.490232
21,30,5,5,0,5,2026-07-30T16:50:47.955623
21,30,6,5,0,5,2026-07-30T16:50:49.829933
21,30,7,5,0,5,2026-07-30T16:50:51.301920
21,30,8,5,0,5,2026-07-30T16:50:52.779216
21,30,9,5,0,5,2026-07-30T16:50:53.848387
21,30,10,5,0,5,2026-07-30T16:50:55.738623
22,1,1,3,0,3,2026-07-30T16:50:57.426963
22,1,2,5,0,5,2026-07-30T16:50:58.681902
22,1,3,5,0,5,2026-07-30T16:50:59.715801
22,1,4,5,0,5,2026-07-30T16:51:01.472792
22,1,5,4,0,4,2026-07-30T16:51:02.557917
22,1,6,5,0,5,2026-07-30T16:51:03.820520
22,1,7,5,0,5,2026-07-30T16:51:04.863323
22,1,8,4,0,4,2026-07-30T16:51:06.352269
22,1,9,4,0,4,2026-07-30T16:51:07.630231
22,1,10,5,0,5,2026-07-30T16:51:09.304359
22,2,1,5,0,5,2026-07-30T16:51:10.590447
22,2,2,5,0,5,2026-07-30T16:51:11.651735
22,2,3,5,0,5,2026-07-30T16:51:13.716934
22,2,4,5,0,5,2026-07-30T16:51:14.771663
22,2,5,5,0,5,2026-07-30T16:51:16.653725
22,2,6,5,0,5,2026-07-30T16:51:18.524736
22,2,7,5,0,5,2026-07-30T16:51:19.781607
22,2,8,5,0,5,2026-07-30T16:51:21.846103
22,2,9,5,0,5,2026-07-30T16:51:22.920608
22,2,10,5,0,5,2026-07-30T16:51:24.790825
22,3,1,5,0,5,2026-07-30T16:51:26.467395
22,3,2,5,0,5,2026-07-30T16:51:27.523531
22,3,3,5,0,5,2026-07-30T16:51:29.425032
22,3,4,5,0,5,2026-07-30T16:51:31.286691
22,3,5,2,0,2,2026-07-30T16:51:32.751219
22,3,6,3,0,3,2026-07-30T16:51:34.417920
22,3,7,5,0,5,2026-07-30T16:51:35.886250
22,3,8,3,0,3,2026-07-30T16:51:37.745217
22,3,9,3,0,3,2026-07-30T16:51:39.205328
22,3,10,5,0,5,2026-07-30T16:51:40.850317
22,4,1,5,0,5,2026-07-30T16:51:42.509576
22,4,2,5,0,5,2026-07-30T16:51:44.386347
22,4,3,3,0,3,2026-07-30T16:51:45.641995
22,4,4,3,0,3,2026-07-30T16:51:47.305236
22,4,5,3,0,3,2026-07-30T16:51:48.981224
22,4,6,3,0,3,2026-07-30T16:51:50.232563
22,4,7,4,0,4,2026-07-30T16:51:51.283846
22,4,8,3,0,3,2026-07-30T16:51:53.140283
22,4,9,3,0,3,2026-07-30T16:51:54.588257
22,4,10,5,0,5,2026-07-30T16:51:55.867687
22,5,1,0,0,0,2026-07-30T16:51:57.125027
22,5,2,0,0,0,2026-07-30T16:51:58.787241
22,5,3,0,0,0,2026-07-30T16:52:00.245367
22,5,4,0,0,0,2026-07-30T16:52:01.503059
22,5,5,0,0,0,2026-07-30T16:52:02.567644
22,5,6,0,0,0,2026-07-30T16:52:04.026561
22,5,7,0,0,0,2026-07-30T16:52:05.680528
22,5,8,0,0,0,2026-07-30T16:52:06.939607
22,5,9,0,0,0,2026-07-30T16:52:08.202599
22,5,10,0,0,0,2026-07-30T16:52:10.278544
22,6,1,5,0,5,2026-07-30T16:52:11.734351
22,6,2,5,0,5,2026-07-30T16:52:13.226594
22,6,3,5,0,5,2026-07-30T16:52:14.469694
22,6,4,5,0,5,2026-07-30T16:52:16.152101
22,6,5,5,0,5,2026-07-30T16:52:17.441319
22,6,6,5,0,5,2026-07-30T16:52:19.500475
22,6,7,5,0,5,2026-07-30T16:52:20.746849
22,6,8,5,0,5,2026-07-30T16:52:22.196367
22,6,9,5,0,5,2026-07-30T16:52:23.859209
22,6,10,5,0,5,2026-07-30T16:52:25.332967
22,7,1,5,0,5,2026-07-30T16:52:26.991158
22,7,2,5,0,5,2026-07-30T16:52:29.061319
22,7,3,5,0,5,2026-07-30T16:52:30.114675
22,7,4,5,0,5,2026-07-30T16:52:31.756241
22,7,5,5,0,5,2026-07-30T16:52:33.600666
22,7,6,5,0,5,2026-07-30T16:52:35.041906
22,7,7,5,0,5,2026-07-30T16:52:36.885247
22,7,8,5,0,5,2026-07-30T16:52:38.754325
22,7,9,5,0,5,2026-07-30T16:52:40.031406
22,7,10,5,0,5,2026-07-30T16:52:41.289007
22,8,1,5,0,5,2026-07-30T16:52:43.168007
22,8,2,5,0,5,2026-07-30T16:52:45.047591
22,8,3,5,0,5,2026-07-30T16:52:46.716060
22,8,4,5,0,5,2026-07-30T16:52:47.788108
22,8,5,5,0,5,2026-07-30T16:52:49.039526
22,8,6,5,0,5,2026-07-30T16:52:50.296057
22,8,7,5,0,5,2026-07-30T16:52:51.343199
22,8,8,5,0,5,2026-07-30T16:52:53.425542
22,8,9,5,0,5,2026-07-30T16:52:54.505135
22,8,10,5,0,5,2026-07-30T16:52:55.976648
22,9,1,5,0,5,2026-07-30T16:52:57.429720
22,9,2,3,0,3,2026-07-30T16:52:59.118322
22,9,3,3,0,3,2026-07-30T16:53:00.984567
22,9,4,2,0,2,2026-07-30T16:53:02.262684
22,9,5,2,0,2,2026-07-30T16:53:03.740276
22,9,6,2,0,2,2026-07-30T16:53:05.618806
22,9,7,2,0,2,2026-07-30T16:53:08.389982
22,9,8,3,0,3,2026-07-30T16:53:09.861016
22,9,9,2,0,2,2026-07-30T16:53:11.320053
22,9,10,2,0,2,2026-07-30T16:53:13.194137
22,10,1,0,0,0,2026-07-30T16:53:14.655220
22,10,2,5,0,5,2026-07-30T16:53:16.314569
22,10,3,5,0,5,2026-07-30T16:53:17.795614
22,10,4,5,0,5,2026-07-30T16:53:19.037213
22,10,5,0,0,0,2026-07-30T16:53:20.700366
22,10,6,3,0,3,2026-07-30T16:53:22.777554
22,10,7,5,0,5,2026-07-30T16:53:23.819701
22,10,8,0,0,0,2026-07-30T16:53:24.873637
22,10,9,5,0,5,2026-07-30T16:53:26.147950
22,10,10,5,0,5,2026-07-30T16:53:28.000118
22,11,1,5,0,5,2026-07-30T16:53:29.850425
22,11,2,5,0,5,2026-07-30T16:53:31.513076
22,11,3,5,0,5,2026-07-30T16:53:33.378531
22,11,4,5,0,5,2026-07-30T16:53:34.866574
22,11,5,5,0,5,2026-07-30T16:53:36.927532
22,11,6,5,0,5,2026-07-30T16:53:38.164199
22,11,7,5,0,5,2026-07-30T16:53:39.613983
22,11,8,5,0,5,2026-07-30T16:53:41.674854
22,11,9,5,0,5,2026-07-30T16:53:43.355730
22,11,10,5,0,5,2026-07-30T16:53:44.634483
22,12,1,5,0,5,2026-07-30T16:53:45.689294
22,12,2,5,0,5,2026-07-30T16:53:47.548856
22,12,3,5,0,5,2026-07-30T16:53:49.297546
22,12,4,5,0,5,2026-07-30T16:53:50.953790
22,12,5,5,0,5,2026-07-30T16:53:52.621900
22,12,6,5,0,5,2026-07-30T16:53:54.076820
22,12,7,5,0,5,2026-07-30T16:53:55.333413
22,12,8,5,0,5,2026-07-30T16:53:56.834004
22,12,9,5,0,5,2026-07-30T16:53:58.535981
22,12,10,5,0,5,2026-07-30T16:54:00.181783
22,13,1,5,0,5,2026-07-30T16:54:01.842176
22,13,2,5,0,5,2026-07-30T16:54:03.706142
22,13,3,5,0,5,2026-07-30T16:54:05.568209
22,13,4,5,0,5,2026-07-30T16:54:07.422586
22,13,5,5,0,5,2026-07-30T16:54:09.463780
22,13,6,5,0,5,2026-07-30T16:54:11.315792
22,13,7,5,0,5,2026-07-30T16:54:12.383279
22,13,8,5,0,5,2026-07-30T16:54:14.253732
22,13,9,5,0,5,2026-07-30T16:54:15.316405
22,13,10,5,0,5,2026-07-30T16:54:16.574849
22,14,1,5,0,5,2026-07-30T16:54:18.231910
22,14,2,5,0,5,2026-07-30T16:54:19.905209
22,14,3,5,0,5,2026-07-30T16:54:21.773911
22,14,4,5,0,5,2026-07-30T16:54:23.423872
22,14,5,5,0,5,2026-07-30T16:54:25.096688
22,14,6,5,0,5,2026-07-30T16:54:26.936770
22,14,7,5,0,5,2026-07-30T16:54:28.825395
22,14,8,5,0,5,2026-07-30T16:54:30.079751
22,14,9,5,0,5,2026-07-30T16:54:32.366296
22,14,10,5,0,5,2026-07-30T16:54:34.047970
22,15,1,5,0,5,2026-07-30T16:54:35.132472
22,15,2,5,0,5,2026-07-30T16:54:36.587524
22,15,3,5,0,5,2026-07-30T16:54:38.255043
22,15,4,5,0,5,2026-07-30T16:54:40.119186
22,15,5,5,0,5,2026-07-30T16:54:41.594738
22,15,6,5,0,5,2026-07-30T16:54:43.693641
22,15,7,5,0,5,2026-07-30T16:54:45.351461
22,15,8,5,0,5,2026-07-30T16:54:46.800932
22,15,9,5,0,5,2026-07-30T16:54:48.250781
22,15,10,5,0,5,2026-07-30T16:54:49.316715
22,16,1,5,0,5,2026-07-30T16:54:50.997650
22,16,2,5,0,5,2026-07-30T16:54:52.508146
22,16,3,5,0,5,2026-07-30T16:54:53.771801
22,16,4,5,0,5,2026-07-30T16:54:55.225166
22,16,5,5,0,5,2026-07-30T16:54:56.485027
22,16,6,5,0,5,2026-07-30T16:54:58.347476
22,16,7,5,0,5,2026-07-30T16:54:59.813806
22,16,8,5,0,5,2026-07-30T16:55:01.667786
22,16,9,5,0,5,2026-07-30T16:55:03.330030
22,16,10,5,0,5,2026-07-30T16:55:05.189992
22,17,1,5,0,5,2026-07-30T16:55:06.876026
22,17,2,5,0,5,2026-07-30T16:55:07.921627
22,17,3,5,0,5,2026-07-30T16:55:09.382307
22,17,4,5,0,5,2026-07-30T16:55:11.447489
22,17,5,5,0,5,2026-07-30T16:55:12.517181
22,17,6,5,0,5,2026-07-30T16:55:14.171720
22,17,7,5,0,5,2026-07-30T16:55:15.445148
22,17,8,5,0,5,2026-07-30T16:55:16.714580
22,17,9,5,0,5,2026-07-30T16:55:18.568030
22,17,10,5,0,5,2026-07-30T16:55:20.448316
22,18,1,5,0,5,2026-07-30T16:55:21.521357
22,18,2,5,0,5,2026-07-30T16:55:22.778380
22,18,3,5,0,5,2026-07-30T16:55:24.640270
22,18,4,5,0,5,2026-07-30T16:55:26.123875
22,18,5,5,0,5,2026-07-30T16:55:27.781952
22,18,6,5,0,5,2026-07-30T16:55:29.486619
22,18,7,5,0,5,2026-07-30T16:55:30.820786
22,18,8,5,0,5,2026-07-30T16:55:32.263661
22,18,9,5,0,5,2026-07-30T16:55:33.737392
22,18,10,5,0,5,2026-07-30T16:55:35.585948
22,19,1,5,0,5,2026-07-30T16:55:37.458281
22,19,2,5,0,5,2026-07-30T16:55:38.724377
22,19,3,5,0,5,2026-07-30T16:55:40.596848
22,19,4,5,0,5,2026-07-30T16:55:41.850891
22,19,5,5,0,5,2026-07-30T16:55:42.915003
22,19,6,5,0,5,2026-07-30T16:55:44.774590
22,19,7,5,0,5,2026-07-30T16:55:46.645000
22,19,8,5,0,5,2026-07-30T16:55:48.112742
22,19,9,5,0,5,2026-07-30T16:55:49.424763
22,19,10,5,0,5,2026-07-30T16:55:50.678009
22,20,1,5,0,5,2026-07-30T16:55:52.328417
22,20,2,5,0,5,2026-07-30T16:55:54.185870
22,20,3,5,0,5,2026-07-30T16:55:55.863220
22,20,4,5,0,5,2026-07-30T16:55:57.541281
22,20,5,5,0,5,2026-07-30T16:55:58.595352
22,20,6,5,0,5,2026-07-30T16:55:59.673692
22,20,7,5,0,5,2026-07-30T16:56:01.337741
22,20,8,5,0,5,2026-07-30T16:56:02.612713
22,20,9,5,0,5,2026-07-30T16:56:03.678272
22,20,10,5,0,5,2026-07-30T16:56:05.163730
22,21,1,5,0,5,2026-07-30T16:56:07.131722
22,21,2,5,0,5,2026-07-30T16:56:08.182971
22,21,3,5,0,5,2026-07-30T16:56:09.232636
22,21,4,5,0,5,2026-07-30T16:56:11.297185
22,21,5,5,0,5,2026-07-30T16:56:12.747712
22,21,6,5,0,5,2026-07-30T16:56:14.792784
22,21,7,5,0,5,2026-07-30T16:56:15.842046
22,21,8,5,0,5,2026-07-30T16:56:16.899890
22,21,9,5,0,5,2026-07-30T16:56:18.342321
22,21,10,5,0,5,2026-07-30T16:56:20.214269
22,22,1,5,0,5,2026-07-30T16:56:21.521004
22,22,2,5,0,5,2026-07-30T16:56:23.204375
22,22,3,5,0,5,2026-07-30T16:56:24.672454
22,22,4,5,0,5,2026-07-30T16:56:25.701857
22,22,5,5,0,5,2026-07-30T16:56:26.967999
22,22,6,5,0,5,2026-07-30T16:56:28.230215
22,22,7,5,0,5,2026-07-30T16:56:29.689096
22,22,8,5,0,5,2026-07-30T16:56:30.951966
22,22,9,5,0,5,2026-07-30T16:56:32.827417
22,22,10,5,0,5,2026-07-30T16:56:34.480097
22,23,1,5,0,5,2026-07-30T16:56:36.149455
22,23,2,5,0,5,2026-07-30T16:56:37.810019
22,23,3,5,0,5,2026-07-30T16:56:39.452560
22,23,4,5,0,5,2026-07-30T16:56:40.915307
22,23,5,5,0,5,2026-07-30T16:56:41.982321
22,23,6,5,0,5,2026-07-30T16:56:43.651378
22,23,7,5,0,5,2026-07-30T16:56:45.538300
22,23,8,5,0,5,2026-07-30T16:56:47.404828
22,23,9,5,0,5,2026-07-30T16:56:49.274755
22,23,10,5,0,5,2026-07-30T16:56:50.726245
22,24,1,5,0,5,2026-07-30T16:56:52.589231
22,24,2,5,0,5,2026-07-30T16:56:54.247782
22,24,3,0,0,0,2026-07-30T16:56:56.118416
22,24,4,5,0,5,2026-07-30T16:56:57.580346
22,24,5,5,0,5,2026-07-30T16:56:58.833350
22,24,6,5,0,5,2026-07-30T16:57:00.066022
22,24,7,5,0,5,2026-07-30T16:57:01.740927
22,24,8,5,0,5,2026-07-30T16:57:03.405747
22,24,9,5,0,5,2026-07-30T16:57:04.646198
22,24,10,5,0,5,2026-07-30T16:57:06.106739
22,25,1,3,0,3,2026-07-30T16:57:07.366530
22,25,2,5,0,5,2026-07-30T16:57:09.038850
22,25,3,3,0,3,2026-07-30T16:57:10.079176
22,25,4,3,0,3,2026-07-30T16:57:11.965638
22,25,5,3,0,3,2026-07-30T16:57:13.431377
22,25,6,5,0,5,2026-07-30T16:57:15.098474
22,25,7,5,0,5,2026-07-30T16:57:16.963613
22,25,8,2,0,2,2026-07-30T16:57:18.248345
22,25,9,3,0,3,2026-07-30T16:57:19.925912
22,25,10,5,0,5,2026-07-30T16:57:21.162767
22,26,1,5,0,5,2026-07-30T16:57:22.835394
22,26,2,5,0,5,2026-07-30T16:57:24.688625
22,26,3,5,0,5,2026-07-30T16:57:26.573713
22,26,4,5,0,5,2026-07-30T16:57:27.822870
22,26,5,5,0,5,2026-07-30T16:57:29.266194
22,26,6,5,0,5,2026-07-30T16:57:30.758338
22,26,7,5,0,5,2026-07-30T16:57:31.832790
22,26,8,5,0,5,2026-07-30T16:57:33.695463
22,26,9,5,0,5,2026-07-30T16:57:34.940043
22,26,10,5,0,5,2026-07-30T16:57:36.828585
22,27,1,5,0,5,2026-07-30T16:57:38.294663
22,27,2,5,0,5,2026-07-30T16:57:40.154460
22,27,3,5,0,5,2026-07-30T16:57:41.416805
22,27,4,5,0,5,2026-07-30T16:57:42.893579
22,27,5,5,0,5,2026-07-30T16:57:44.580580
22,27,6,5,0,5,2026-07-30T16:57:46.050274
22,27,7,5,0,5,2026-07-30T16:57:47.105512
22,27,8,5,0,5,2026-07-30T16:57:48.369842
22,27,9,5,0,5,2026-07-30T16:57:49.606309
22,27,10,5,0,5,2026-07-30T16:57:51.472861
22,28,1,5,0,5,2026-07-30T16:57:52.711215
22,28,2,5,0,5,2026-07-30T16:57:54.574170
22,28,3,5,0,5,2026-07-30T16:57:56.423649
22,28,4,5,0,5,2026-07-30T16:57:57.685187
22,28,5,5,0,5,2026-07-30T16:57:58.972070
22,28,6,5,0,5,2026-07-30T16:58:00.622705
22,28,7,5,0,5,2026-07-30T16:58:01.890730
22,28,8,5,0,5,2026-07-30T16:58:03.732720
22,28,9,5,0,5,2026-07-30T16:58:05.203449
22,28,10,5,0,5,2026-07-30T16:58:06.669025
22,29,1,5,0,5,2026-07-30T16:58:08.139094
22,29,2,5,0,5,2026-07-30T16:58:09.820542
22,29,3,5,0,5,2026-07-30T16:58:10.861101
22,29,4,5,0,5,2026-07-30T16:58:12.508209
22,29,5,5,0,5,2026-07-30T16:58:13.572910
22,29,6,5,0,5,2026-07-30T16:58:14.830568
22,29,7,5,0,5,2026-07-30T16:58:16.075616
22,29,8,5,0,5,2026-07-30T16:58:17.732928
22,29,9,5,0,5,2026-07-30T16:58:19.201115
22,29,10,5,0,5,2026-07-30T16:58:20.874899
22,30,1,5,0,5,2026-07-30T16:58:22.332407
22,30,2,5,0,5,2026-07-30T16:58:24.198187
22,30,3,5,0,5,2026-07-30T16:58:25.465880
22,30,4,5,0,5,2026-07-30T16:58:26.516383
22,30,5,5,0,5,2026-07-30T16:58:27.993597
22,30,6,5,0,5,2026-07-30T16:58:29.445961
22,30,7,5,0,5,2026-07-30T16:58:30.476580
22,30,8,5,0,5,2026-07-30T16:58:31.717106
22,30,9,5,0,5,2026-07-30T16:58:33.002466
22,30,10,5,0,5,2026-07-30T16:58:34.267501
23,1,1,5,0,5,2026-07-30T16:58:35.711637
23,1,2,5,0,5,2026-07-30T16:58:36.971142
23,1,3,5,0,5,2026-07-30T16:58:38.842592
23,1,4,5,0,5,2026-07-30T16:58:40.298845
23,1,5,5,0,5,2026-07-30T16:58:41.548766
23,1,6,5,0,5,2026-07-30T16:58:42.591355
23,1,7,5,0,5,2026-07-30T16:58:44.466307
23,1,8,5,0,5,2026-07-30T16:58:46.324196
23,1,9,5,0,5,2026-07-30T16:58:47.764924
23,1,10,5,0,5,2026-07-30T16:58:49.421889
23,2,1,5,0,5,2026-07-30T16:58:50.861476
23,2,2,5,0,5,2026-07-30T16:58:52.926525
23,2,3,5,0,5,2026-07-30T16:58:54.176896
23,2,4,5,0,5,2026-07-30T16:58:55.649765
23,2,5,5,0,5,2026-07-30T16:58:56.700840
23,2,6,5,0,5,2026-07-30T16:58:58.574547
23,2,7,5,0,5,2026-07-30T16:58:59.850642
23,2,8,5,0,5,2026-07-30T16:59:01.117925
23,2,9,5,0,5,2026-07-30T16:59:02.987736
23,2,10,5,0,5,2026-07-30T16:59:04.053658
23,3,1,5,0,5,2026-07-30T16:59:05.330604
23,3,2,5,0,5,2026-07-30T16:59:06.960365
23,3,3,5,0,5,2026-07-30T16:59:09.039474
23,3,4,5,0,5,2026-07-30T16:59:10.504650
23,3,5,5,0,5,2026-07-30T16:59:11.568532
23,3,6,5,0,5,2026-07-30T16:59:13.428447
23,3,7,5,0,5,2026-07-30T16:59:15.311841
23,3,8,2,0,2,2026-07-30T16:59:16.746749
23,3,9,5,0,5,2026-07-30T16:59:17.795712
23,3,10,5,0,5,2026-07-30T16:59:18.875754
23,4,1,1,0,1,2026-07-30T16:59:20.727763
23,4,2,0,0,0,2026-07-30T16:59:22.769625
23,4,3,0,0,0,2026-07-30T16:59:23.823172
23,4,4,0,0,0,2026-07-30T16:59:25.489274
23,4,5,0,0,0,2026-07-30T16:59:26.756188
23,4,6,2,0,2,2026-07-30T16:59:28.018976
23,4,7,2,0,2,2026-07-30T16:59:29.063690
23,4,8,5,0,5,2026-07-30T16:59:30.307250
23,4,9,3,0,3,2026-07-30T16:59:31.963943
23,4,10,0,0,0,2026-07-30T16:59:33.019625
23,5,1,5,0,5,2026-07-30T16:59:34.675568
23,5,2,5,0,5,2026-07-30T16:59:36.571019
23,5,3,5,0,5,2026-07-30T16:59:37.829331
23,5,4,5,0,5,2026-07-30T16:59:39.086780
23,5,5,5,0,5,2026-07-30T16:59:40.131884
23,5,6,5,0,5,2026-07-30T16:59:41.372860
23,5,7,5,0,5,2026-07-30T16:59:42.828109
23,5,8,0,0,0,2026-07-30T16:59:44.071587
23,5,9,5,0,5,2026-07-30T16:59:45.341102
23,5,10,5,0,5,2026-07-30T16:59:47.207538
23,6,1,5,0,5,2026-07-30T16:59:48.677823
23,6,2,5,0,5,2026-07-30T16:59:50.546173
23,6,3,5,0,5,2026-07-30T16:59:52.425414
23,6,4,5,0,5,2026-07-30T16:59:53.488699
23,6,5,5,0,5,2026-07-30T16:59:54.942007
23,6,6,5,0,5,2026-07-30T16:59:56.181778
23,6,7,5,0,5,2026-07-30T16:59:57.865217
23,6,8,5,0,5,2026-07-30T16:59:59.538339
23,6,9,5,0,5,2026-07-30T17:00:01.199343
23,6,10,5,0,5,2026-07-30T17:00:02.878460
23,7,1,5,0,5,2026-07-30T17:00:04.357384
23,7,2,5,0,5,2026-07-30T17:00:06.421109
23,7,3,5,0,5,2026-07-30T17:00:07.895604
23,7,4,5,0,5,2026-07-30T17:00:09.171980
23,7,5,5,0,5,2026-07-30T17:00:10.630702
23,7,6,5,0,5,2026-07-30T17:00:12.100966
23,7,7,5,0,5,2026-07-30T17:00:13.760120
23,7,8,5,0,5,2026-07-30T17:00:15.454350
23,7,9,5,0,5,2026-07-30T17:00:16.701510
23,7,10,5,0,5,2026-07-30T17:00:17.947361
23,8,1,5,0,5,2026-07-30T17:00:19.835577
23,8,2,5,0,5,2026-07-30T17:00:21.086496
23,8,3,5,0,5,2026-07-30T17:00:22.151859
23,8,4,5,0,5,2026-07-30T17:00:24.028390
23,8,5,5,0,5,2026-07-30T17:00:25.712972
23,8,6,5,0,5,2026-07-30T17:00:27.769580
23,8,7,5,0,5,2026-07-30T17:00:29.028975
23,8,8,5,0,5,2026-07-30T17:00:30.298433
23,8,9,5,0,5,2026-07-30T17:00:31.958923
23,8,10,5,0,5,2026-07-30T17:00:33.621940
23,9,1,5,0,5,2026-07-30T17:00:34.694671
23,9,2,5,0,5,2026-07-30T17:00:36.355286
23,9,3,5,0,5,2026-07-30T17:00:37.821068
23,9,4,0,0,0,2026-07-30T17:00:39.693087
23,9,5,5,0,5,2026-07-30T17:00:41.542523
23,9,6,5,0,5,2026-07-30T17:00:42.599016
23,9,7,5,0,5,2026-07-30T17:00:44.267858
23,9,8,5,0,5,2026-07-30T17:00:45.718849
23,9,9,5,0,5,2026-07-30T17:00:46.758524
23,9,10,5,0,5,2026-07-30T17:00:48.438899
23,10,1,5,0,5,2026-07-30T17:00:50.089877
23,10,2,0,0,0,2026-07-30T17:00:51.347466
23,10,3,5,0,5,2026-07-30T17:00:52.403089
23,10,4,5,0,5,2026-07-30T17:00:54.053850
23,10,5,5,0,5,2026-07-30T17:00:56.101754
23,10,6,5,0,5,2026-07-30T17:00:57.962507
23,10,7,5,0,5,2026-07-30T17:00:59.417177
23,10,8,5,0,5,2026-07-30T17:01:00.465045
23,10,9,5,0,5,2026-07-30T17:01:01.733783
23,10,10,5,0,5,2026-07-30T17:01:03.599431
23,11,1,5,0,5,2026-07-30T17:01:04.654864
23,11,2,5,0,5,2026-07-30T17:01:06.108451
23,11,3,5,0,5,2026-07-30T17:01:07.566822
23,11,4,5,0,5,2026-07-30T17:01:09.238590
23,11,5,5,0,5,2026-07-30T17:01:10.926754
23,11,6,5,0,5,2026-07-30T17:01:12.415410
23,11,7,5,0,5,2026-07-30T17:01:14.098674
23,11,8,5,0,5,2026-07-30T17:01:15.584590
23,11,9,5,0,5,2026-07-30T17:01:17.469214
23,11,10,5,0,5,2026-07-30T17:01:19.127500
23,12,1,5,0,5,2026-07-30T17:01:20.625750
23,12,2,5,0,5,2026-07-30T17:01:22.091093
23,12,3,5,0,5,2026-07-30T17:01:23.331483
23,12,4,5,0,5,2026-07-30T17:01:24.792661
23,12,5,5,0,5,2026-07-30T17:01:26.258273
23,12,6,5,0,5,2026-07-30T17:01:27.708377
23,12,7,5,0,5,2026-07-30T17:01:29.157934
23,12,8,5,0,5,2026-07-30T17:01:30.394835
23,12,9,5,0,5,2026-07-30T17:01:32.037058
23,12,10,5,0,5,2026-07-30T17:01:33.897805
23,13,1,5,0,5,2026-07-30T17:01:35.149870
23,13,2,5,0,5,2026-07-30T17:01:36.608083
23,13,3,3,0,3,2026-07-30T17:01:38.055340
23,13,4,3,0,3,2026-07-30T17:01:39.286558
23,13,5,5,0,5,2026-07-30T17:01:41.179003
23,13,6,3,0,3,2026-07-30T17:01:42.853770
23,13,7,5,0,5,2026-07-30T17:01:44.087170
23,13,8,3,0,3,2026-07-30T17:01:45.548744
23,13,9,5,0,5,2026-07-30T17:01:46.978696
23,13,10,4,0,4,2026-07-30T17:01:48.865309
23,14,1,5,0,5,2026-07-30T17:01:50.520460
23,14,2,5,0,5,2026-07-30T17:01:51.564128
23,14,3,5,0,5,2026-07-30T17:01:53.420365
23,14,4,5,0,5,2026-07-30T17:01:54.694152
23,14,5,3,0,3,2026-07-30T17:01:55.942434
23,14,6,5,0,5,2026-07-30T17:01:57.013266
23,14,7,5,0,5,2026-07-30T17:01:59.079447
23,14,8,4,0,4,2026-07-30T17:02:00.550079
23,14,9,5,0,5,2026-07-30T17:02:02.427570
23,14,10,5,0,5,2026-07-30T17:02:03.685378
23,15,1,5,0,5,2026-07-30T17:02:05.139339
23,15,2,5,0,5,2026-07-30T17:02:06.197425
23,15,3,5,0,5,2026-07-30T17:02:07.440728
23,15,4,5,0,5,2026-07-30T17:02:08.696000
23,15,5,5,0,5,2026-07-30T17:02:09.962427
23,15,6,5,0,5,2026-07-30T17:02:11.823226
23,15,7,5,0,5,2026-07-30T17:02:13.690688
23,15,8,5,0,5,2026-07-30T17:02:15.293182
23,15,9,5,0,5,2026-07-30T17:02:16.352341
23,15,10,5,0,5,2026-07-30T17:02:18.027909
23,16,1,5,0,5,2026-07-30T17:02:19.492439
23,16,2,5,0,5,2026-07-30T17:02:20.949932
23,16,3,5,0,5,2026-07-30T17:02:22.998624
23,16,4,5,0,5,2026-07-30T17:02:24.878263
23,16,5,5,0,5,2026-07-30T17:02:26.151590
23,16,6,5,0,5,2026-07-30T17:03:01.658306
23,16,7,5,0,5,2026-07-30T17:03:01.069565
23,16,8,5,0,5,2026-07-30T17:03:01.433960
23,16,9,5,0,5,2026-07-30T17:03:00.813958
23,16,10,5,0,5,2026-07-30T17:03:01.004542
23,17,1,5,0,5,2026-07-30T17:03:01.987836
23,17,2,5,0,5,2026-07-30T17:03:01.988423
23,17,3,5,0,5,2026-07-30T17:03:01.410508
23,17,4,5,0,5,2026-07-30T17:03:02.275407
23,17,5,5,0,5,2026-07-30T17:03:02.473373
23,17,6,5,0,5,2026-07-30T17:03:03.128982
23,17,7,5,0,5,2026-07-30T17:03:03.068099
23,17,8,5,0,5,2026-07-30T17:03:02.883152
23,17,9,5,0,5,2026-07-30T17:03:04.222761
23,17,10,5,0,5,2026-07-30T17:03:03.848549
23,18,1,5,0,5,2026-07-30T17:03:03.658692
23,18,2,5,0,5,2026-07-30T17:03:03.941417
23,18,3,5,0,5,2026-07-30T17:03:04.106866
23,18,4,5,0,5,2026-07-30T17:03:04.706383
23,18,5,5,0,5,2026-07-30T17:03:04.919124
23,18,6,5,0,5,2026-07-30T17:03:04.987998
23,18,7,5,0,5,2026-07-30T17:03:05.711998
23,18,8,5,0,5,2026-07-30T17:03:05.708245
23,18,9,5,0,5,2026-07-30T17:03:05.589580
23,18,10,5,0,5,2026-07-30T17:03:05.967876
23,19,1,5,0,5,2026-07-30T17:03:05.661898
23,19,2,5,0,5,2026-07-30T17:03:06.770931
23,19,3,5,0,5,2026-07-30T17:03:06.784263
23,19,4,3,0,3,2026-07-30T17:03:06.647833
23,19,5,5,0,5,2026-07-30T17:03:07.245257
23,19,6,5,0,5,2026-07-30T17:03:07.138626
23,19,7,5,0,5,2026-07-30T17:03:06.951912
23,19,8,5,0,5,2026-07-30T17:03:07.569010
23,19,9,5,0,5,2026-07-30T17:03:07.400645
23,19,10,5,0,5,2026-07-30T17:03:07.693518
23,20,1,5,0,5,2026-07-30T17:03:07.812311
23,20,2,5,0,5,2026-07-30T17:03:08.645941
23,20,3,5,0,5,2026-07-30T17:03:08.918694
23,20,4,5,0,5,2026-07-30T17:03:08.385305
23,20,5,5,0,5,2026-07-30T17:03:08.686267
23,20,6,5,0,5,2026-07-30T17:03:09.054198
23,20,7,5,0,5,2026-07-30T17:03:09.224821
23,20,8,5,0,5,2026-07-30T17:03:09.137236
23,20,9,5,0,5,2026-07-30T17:03:08.860283
23,20,10,5,0,5,2026-07-30T17:03:09.444549
23,21,1,5,0,5,2026-07-30T17:03:10.502645
23,21,2,5,0,5,2026-07-30T17:03:09.747735
23,21,3,5,0,5,2026-07-30T17:03:10.124359
23,21,4,5,0,5,2026-07-30T17:03:10.561138
23,21,5,5,0,5,2026-07-30T17:03:10.541609
23,21,6,5,0,5,2026-07-30T17:03:10.388867
23,21,7,5,0,5,2026-07-30T17:03:10.278176
23,21,8,5,0,5,2026-07-30T17:03:11.490069
23,21,9,5,0,5,2026-07-30T17:03:10.809463
23,21,10,5,0,5,2026-07-30T17:03:11.185594
23,22,1,5,0,5,2026-07-30T17:03:11.934187
23,22,2,5,0,5,2026-07-30T17:03:11.427175
23,22,3,5,0,5,2026-07-30T17:03:12.357057
23,22,4,5,0,5,2026-07-30T17:03:12.001176
23,22,5,5,0,5,2026-07-30T17:03:11.605603
23,22,6,5,0,5,2026-07-30T17:03:12.651240
23,22,7,5,0,5,2026-07-30T17:03:13.253255
23,22,8,5,0,5,2026-07-30T17:03:13.482784
23,22,9,5,0,5,2026-07-30T17:03:12.925293
23,22,10,5,0,5,2026-07-30T17:03:13.465499
23,23,1,5,0,5,2026-07-30T17:03:13.373100
23,23,2,5,0,5,2026-07-30T17:03:13.428219
23,23,3,5,0,5,2026-07-30T17:03:14.207279
23,23,4,5,0,5,2026-07-30T17:03:13.691752
23,23,5,5,0,5,2026-07-30T17:03:14.581373
23,23,6,5,0,5,2026-07-30T17:03:14.315999
23,23,7,5,0,5,2026-07-30T17:03:14.854591
23,23,8,5,0,5,2026-07-30T17:03:15.113719
23,23,9,5,0,5,2026-07-30T17:03:15.348965
23,23,10,5,0,5,2026-07-30T17:03:15.180997
23,24,1,5,0,5,2026-07-30T17:03:14.751584
23,24,2,5,0,5,2026-07-30T17:03:16.070093
23,24,3,5,0,5,2026-07-30T17:03:15.365156
23,24,4,5,0,5,2026-07-30T17:03:16.239940
23,24,5,5,0,5,2026-07-30T17:03:15.794540
23,24,6,0,0,0,2026-07-30T17:03:16.923416
23,24,7,5,0,5,2026-07-30T17:03:16.452826
23,24,8,5,0,5,2026-07-30T17:03:16.838495
23,24,9,5,0,5,2026-07-30T17:03:16.602223
23,24,10,0,0,0,2026-07-30T17:03:16.608896
23,25,1,4,0,4,2026-07-30T17:03:17.638117
23,25,2,5,0,5,2026-07-30T17:03:17.939757
23,25,3,5,0,5,2026-07-30T17:03:17.268405
23,25,4,5,0,5,2026-07-30T17:03:18.508140
23,25,5,5,0,5,2026-07-30T17:03:17.651539
23,25,6,5,0,5,2026-07-30T17:03:18.246925
23,25,7,5,0,5,2026-07-30T17:03:18.103072
23,25,8,4,0,4,2026-07-30T17:03:18.973118
23,25,9,5,0,5,2026-07-30T17:03:18.721930
23,25,10,5,0,5,2026-07-30T17:03:19.289948
23,26,1,5,0,5,2026-07-30T17:03:19.706706
23,26,2,5,0,5,2026-07-30T17:03:19.586681
23,26,3,5,0,5,2026-07-30T17:03:19.349698
23,26,4,5,0,5,2026-07-30T17:03:19.496843
23,26,5,5,0,5,2026-07-30T17:03:19.750428
23,26,6,5,0,5,2026-07-30T17:03:20.368944
23,26,7,5,0,5,2026-07-30T17:03:20.233618
23,26,8,5,0,5,2026-07-30T17:03:20.329348
23,26,9,5,0,5,2026-07-30T17:03:21.362044
23,26,10,5,0,5,2026-07-30T17:03:20.754485
23,27,1,5,0,5,2026-07-30T17:03:21.058085
23,27,2,5,0,5,2026-07-30T17:03:20.753714
23,27,3,5,0,5,2026-07-30T17:03:21.605323
23,27,4,5,0,5,2026-07-30T17:03:21.896961
23,27,5,5,0,5,2026-07-30T17:03:21.745008
23,27,6,5,0,5,2026-07-30T17:03:22.217003
23,27,7,5,0,5,2026-07-30T17:03:22.206787
23,27,8,5,0,5,2026-07-30T17:03:21.774607
23,27,9,5,0,5,2026-07-30T17:03:22.496765
23,27,10,5,0,5,2026-07-30T17:03:22.801078
23,28,1,5,0,5,2026-07-30T17:03:23.448894
23,28,2,5,0,5,2026-07-30T17:03:23.196327
23,28,3,5,0,5,2026-07-30T17:03:23.415807
23,28,4,5,0,5,2026-07-30T17:03:23.137906
23,28,5,4,0,4,2026-07-30T17:03:23.248171
23,28,6,4,0,4,2026-07-30T17:03:24.077770
23,28,7,5,0,5,2026-07-30T17:03:23.945439
23,28,8,4,0,4,2026-07-30T17:03:24.027944
23,28,9,5,0,5,2026-07-30T17:03:24.587943
23,28,10,5,0,5,2026-07-30T17:03:24.835487
23,29,1,5,0,5,2026-07-30T17:03:25.090647
23,29,2,5,0,5,2026-07-30T17:03:25.257789
23,29,3,5,0,5,2026-07-30T17:03:25.094472
23,29,4,5,0,5,2026-07-30T17:03:24.960101
23,29,5,5,0,5,2026-07-30T17:03:25.444538
23,29,6,5,0,5,2026-07-30T17:03:25.935149
23,29,7,5,0,5,2026-07-30T17:03:25.619428
23,29,8,5,0,5,2026-07-30T17:03:26.689905
23,29,9,5,0,5,2026-07-30T17:03:26.810900
23,29,10,5,0,5,2026-07-30T17:03:26.957846
23,30,1,5,0,5,2026-07-30T17:03:27.128246
23,30,2,5,0,5,2026-07-30T17:03:26.914213
23,30,3,5,0,5,2026-07-30T17:03:26.470756
23,30,4,5,0,5,2026-07-30T17:03:27.683051
23,30,5,5,0,5,2026-07-30T17:03:26.969568
23,30,6,5,0,5,2026-07-30T17:03:27.480488
23,30,7,5,0,5,2026-07-30T17:03:27.924742
23,30,8,5,0,5,2026-07-30T17:03:28.666099
23,30,9,5,0,5,2026-07-30T17:03:28.147446
23,30,10,5,0,5,2026-07-30T17:03:28.805940
24,1,1,5,0,5,2026-07-30T17:03:28.612313
24,1,2,5,0,5,2026-07-30T17:03:28.996609
24,1,3,5,0,5,2026-07-30T17:03:28.941848
24,1,4,5,0,5,2026-07-30T17:03:29.729757
24,1,5,5,0,5,2026-07-30T17:03:29.594269
24,1,6,5,0,5,2026-07-30T17:03:29.590541
24,1,7,5,0,5,2026-07-30T17:03:30.483769
24,1,8,5,0,5,2026-07-30T17:03:30.100190
24,1,9,5,0,5,2026-07-30T17:03:30.446921
24,1,10,5,0,5,2026-07-30T17:03:30.599931
24,2,1,5,0,5,2026-07-30T17:03:30.645168
24,2,2,5,0,5,2026-07-30T17:03:31.243389
24,2,3,5,0,5,2026-07-30T17:03:30.843988
24,2,4,5,0,5,2026-07-30T17:03:30.981528
24,2,5,5,0,5,2026-07-30T17:03:32.137580
24,2,6,5,0,5,2026-07-30T17:03:31.893501
24,2,7,5,0,5,2026-07-30T17:03:31.929923
24,2,8,5,0,5,2026-07-30T17:03:31.644548
24,2,9,5,0,5,2026-07-30T17:03:32.107677
24,2,10,5,0,5,2026-07-30T17:03:32.281508
24,3,1,5,0,5,2026-07-30T17:03:32.417983
24,3,2,5,0,5,2026-07-30T17:03:32.512463
24,3,3,5,0,5,2026-07-30T17:03:32.684935
24,3,4,5,0,5,2026-07-30T17:03:33.775677
24,3,5,5,0,5,2026-07-30T17:03:32.963087
24,3,6,5,0,5,2026-07-30T17:03:33.539731
24,3,7,5,0,5,2026-07-30T17:03:33.980363
24,3,8,5,0,5,2026-07-30T17:03:33.341125
24,3,9,5,0,5,2026-07-30T17:03:33.870023
24,3,10,5,0,5,2026-07-30T17:03:34.371192
24,4,1,5,0,5,2026-07-30T17:03:33.737742
24,4,2,5,0,5,2026-07-30T17:03:34.618870
24,4,3,3,0,3,2026-07-30T17:03:34.820267
24,4,4,5,0,5,2026-07-30T17:03:35.211785
24,4,5,5,0,5,2026-07-30T17:03:35.186192
24,4,6,3,0,3,2026-07-30T17:03:35.209341
24,4,7,3,0,3,2026-07-30T17:03:35.702546
24,4,8,2,0,2,2026-07-30T17:03:35.202373
24,4,9,5,0,5,2026-07-30T17:03:35.433537
24,4,10,5,0,5,2026-07-30T17:03:36.674355
24,5,1,5,0,5,2026-07-30T17:03:36.073874
24,5,2,5,0,5,2026-07-30T17:03:36.636069
24,5,3,5,0,5,2026-07-30T17:03:36.234901
24,5,4,5,0,5,2026-07-30T17:03:36.656700
24,5,5,5,0,5,2026-07-30T17:03:37.073877
24,5,6,5,0,5,2026-07-30T17:03:37.513670
24,5,7,5,0,5,2026-07-30T17:03:37.555690
24,5,8,5,0,5,2026-07-30T17:03:37.340378
24,5,9,5,0,5,2026-07-30T17:03:37.681124
24,5,10,5,0,5,2026-07-30T17:03:37.866799
24,6,1,5,0,5,2026-07-30T17:03:37.909296
24,6,2,5,0,5,2026-07-30T17:03:38.330307
24,6,3,5,0,5,2026-07-30T17:03:38.289197
24,6,4,5,0,5,2026-07-30T17:03:38.634079
24,6,5,5,0,5,2026-07-30T17:03:38.964564
24,6,6,5,0,5,2026-07-30T17:03:39.218129
24,6,7,5,0,5,2026-07-30T17:03:38.913098
24,6,8,5,0,5,2026-07-30T17:03:38.907341
24,6,9,5,0,5,2026-07-30T17:03:39.534262
24,6,10,5,0,5,2026-07-30T17:03:39.537152
24,7,1,5,0,5,2026-07-30T17:03:40.200859
24,7,2,5,0,5,2026-07-30T17:03:39.882406
24,7,3,5,0,5,2026-07-30T17:03:40.355999
24,7,4,5,0,5,2026-07-30T17:03:40.359962
24,7,5,5,0,5,2026-07-30T17:03:40.813111
24,7,6,5,0,5,2026-07-30T17:03:40.875806
24,7,7,5,0,5,2026-07-30T17:03:41.151136
24,7,8,5,0,5,2026-07-30T17:03:41.190528
24,7,9,5,0,5,2026-07-30T17:03:41.514445
24,7,10,5,0,5,2026-07-30T17:03:42.266238
24,8,1,5,0,5,2026-07-30T17:03:41.831210
24,8,2,5,0,5,2026-07-30T17:03:42.180109
24,8,3,5,0,5,2026-07-30T17:03:42.440564
24,8,4,5,0,5,2026-07-30T17:03:42.306537
24,8,5,5,0,5,2026-07-30T17:03:42.803420
24,8,6,5,0,5,2026-07-30T17:03:42.440632
24,8,7,5,0,5,2026-07-30T17:03:43.125670
24,8,8,5,0,5,2026-07-30T17:03:43.481606
24,8,9,5,0,5,2026-07-30T17:03:43.428892
24,8,10,5,0,5,2026-07-30T17:03:43.917004
24,9,1,0,0,0,2026-07-30T17:03:43.340874
24,9,2,0,0,0,2026-07-30T17:03:43.695643
24,9,3,5,0,5,2026-07-30T17:03:43.877212
24,9,4,5,0,5,2026-07-30T17:03:44.615175
24,9,5,2,0,2,2026-07-30T17:03:44.748564
24,9,6,0,0,0,2026-07-30T17:03:44.381527
24,9,7,2,0,2,2026-07-30T17:03:45.270546
24,9,8,5,0,5,2026-07-30T17:03:44.968395
24,9,9,2,0,2,2026-07-30T17:03:45.529179
24,9,10,0,0,0,2026-07-30T17:03:45.332987
24,10,1,5,0,5,2026-07-30T17:03:45.752332
24,10,2,5,0,5,2026-07-30T17:03:45.388016
24,10,3,5,0,5,2026-07-30T17:03:46.484368
24,10,4,0,0,0,2026-07-30T17:03:45.986500
24,10,5,0,0,0,2026-07-30T17:03:47.008242
24,10,6,5,0,5,2026-07-30T17:03:46.909751
24,10,7,5,0,5,2026-07-30T17:03:47.202937
24,10,8,5,0,5,2026-07-30T17:03:46.668791
24,10,9,5,0,5,2026-07-30T17:03:47.346120
24,10,10,5,0,5,2026-07-30T17:03:47.401406
24,11,1,5,0,5,2026-07-30T17:03:47.626383
24,11,2,5,0,5,2026-07-30T17:03:47.933021
24,11,3,5,0,5,2026-07-30T17:03:48.555894
24,11,4,5,0,5,2026-07-30T17:03:48.334344
24,11,5,5,0,5,2026-07-30T17:03:48.045481
24,11,6,5,0,5,2026-07-30T17:03:48.852470
24,11,7,5,0,5,2026-07-30T17:03:48.577936
24,11,8,5,0,5,2026-07-30T17:03:48.421089
24,11,9,5,0,5,2026-07-30T17:03:49.084691
24,11,10,5,0,5,2026-07-30T17:03:49.158348
24,12,1,5,0,5,2026-07-30T17:03:49.906720
24,12,2,5,0,5,2026-07-30T17:03:49.965741
24,12,3,5,0,5,2026-07-30T17:03:50.241377
24,12,4,5,0,5,2026-07-30T17:03:50.195847
24,12,5,5,0,5,2026-07-30T17:03:50.201888
24,12,6,5,0,5,2026-07-30T17:03:50.492296
24,12,7,5,0,5,2026-07-30T17:03:50.744621
24,12,8,5,0,5,2026-07-30T17:03:50.199550
24,12,9,5,0,5,2026-07-30T17:03:51.353063
24,12,10,5,0,5,2026-07-30T17:03:51.618589
24,13,1,5,0,5,2026-07-30T17:03:51.645211
24,13,2,5,0,5,2026-07-30T17:03:51.239498
24,13,3,5,0,5,2026-07-30T17:03:52.245195
24,13,4,5,0,5,2026-07-30T17:03:51.899469
24,13,5,5,0,5,2026-07-30T17:03:51.529900
24,13,6,5,0,5,2026-07-30T17:03:51.994454
24,13,7,5,0,5,2026-07-30T17:03:52.464991
24,13,8,5,0,5,2026-07-30T17:03:52.784101
24,13,9,5,0,5,2026-07-30T17:03:53.192774
24,13,10,5,0,5,2026-07-30T17:03:52.847854
24,14,1,5,0,5,2026-07-30T17:03:53.876595
24,14,2,5,0,5,2026-07-30T17:03:53.545676
24,14,3,5,0,5,2026-07-30T17:03:53.230802
24,14,4,5,0,5,2026-07-30T17:03:53.467765
24,14,5,3,0,3,2026-07-30T17:03:53.566990
24,14,6,5,0,5,2026-07-30T17:03:54.030673
24,14,7,5,0,5,2026-07-30T17:03:54.476586
24,14,8,5,0,5,2026-07-30T17:03:54.845920
24,14,9,5,0,5,2026-07-30T17:03:55.485097
24,14,10,5,0,5,2026-07-30T17:03:55.115170
24,15,1,5,0,5,2026-07-30T17:03:55.178223
24,15,2,5,0,5,2026-07-30T17:03:54.821210
24,15,3,5,0,5,2026-07-30T17:03:55.730130
24,15,4,5,0,5,2026-07-30T17:03:55.861491
24,15,5,5,0,5,2026-07-30T17:03:56.296403
24,15,6,5,0,5,2026-07-30T17:03:56.088408
24,15,7,5,0,5,2026-07-30T17:03:56.292203
24,15,8,5,0,5,2026-07-30T17:03:56.947549
24,15,9,5,0,5,2026-07-30T17:03:56.631302
24,15,10,5,0,5,2026-07-30T17:03:56.900935
24,16,1,5,0,5,2026-07-30T17:03:56.765007
24,16,2,5,0,5,2026-07-30T17:03:57.089778
24,16,3,5,0,5,2026-07-30T17:03:57.938721
24,16,4,5,0,5,2026-07-30T17:03:57.530662
24,16,5,5,0,5,2026-07-30T17:03:57.514881
24,16,6,5,0,5,2026-07-30T17:03:57.677672
24,16,7,5,0,5,2026-07-30T17:03:58.615899
24,16,8,5,0,5,2026-07-30T17:03:58.753537
24,16,9,5,0,5,2026-07-30T17:03:58.400495
24,16,10,5,0,5,2026-07-30T17:03:58.727016
24,17,1,5,0,5,2026-07-30T17:03:59.162071
24,17,2,5,0,5,2026-07-30T17:03:58.586698
24,17,3,5,0,5,2026-07-30T17:03:59.538799
24,17,4,5,0,5,2026-07-30T17:03:59.788262
24,17,5,5,0,5,2026-07-30T17:04:00.016638
24,17,6,5,0,5,2026-07-30T17:04:00.240722
24,17,7,5,0,5,2026-07-30T17:03:59.447426
24,17,8,5,0,5,2026-07-30T17:04:00.550749
24,17,9,5,0,5,2026-07-30T17:04:00.786641
24,17,10,5,0,5,2026-07-30T17:04:00.382874
24,18,1,5,0,5,2026-07-30T17:04:00.906258
24,18,2,5,0,5,2026-07-30T17:04:01.385490
24,18,3,5,0,5,2026-07-30T17:04:01.437866
24,18,4,5,0,5,2026-07-30T17:04:01.466497
24,18,5,5,0,5,2026-07-30T17:04:01.483542
24,18,6,5,0,5,2026-07-30T17:04:02.032571
24,18,7,5,0,5,2026-07-30T17:04:01.766270
24,18,8,5,0,5,2026-07-30T17:04:02.204811
24,18,9,5,0,5,2026-07-30T17:04:02.358813
24,18,10,5,0,5,2026-07-30T17:04:03.430694
24,19,1,5,0,5,2026-07-30T17:04:02.698436
24,19,2,5,0,5,2026-07-30T17:04:03.303773
24,19,3,5,0,5,2026-07-30T17:04:03.111767
24,19,4,5,0,5,2026-07-30T17:04:02.785369
24,19,5,5,0,5,2026-07-30T17:04:03.480348
24,19,6,5,0,5,2026-07-30T17:04:03.638165
24,19,7,5,0,5,2026-07-30T17:04:03.606076
24,19,8,5,0,5,2026-07-30T17:04:04.558990
24,19,9,5,0,5,2026-07-30T17:04:03.870972
24,19,10,5,0,5,2026-07-30T17:04:04.750514
24,20,1,5,0,5,2026-07-30T17:04:05.561994
24,20,2,5,0,5,2026-07-30T17:04:05.280319
24,20,3,5,0,5,2026-07-30T17:04:05.151363
24,20,4,5,0,5,2026-07-30T17:04:05.438145
24,20,5,5,0,5,2026-07-30T17:04:05.293920
24,20,6,5,0,5,2026-07-30T17:04:04.919666
24,20,7,5,0,5,2026-07-30T17:04:06.213950
24,20,8,5,0,5,2026-07-30T17:04:06.413936
24,20,9,5,0,5,2026-07-30T17:04:06.756247
24,20,10,5,0,5,2026-07-30T17:04:06.550545
24,21,1,5,0,5,2026-07-30T17:04:07.102090
24,21,2,5,0,5,2026-07-30T17:04:06.917323
24,21,3,5,0,5,2026-07-30T17:04:06.673417
24,21,4,5,0,5,2026-07-30T17:04:06.618805
24,21,5,5,0,5,2026-07-30T17:04:08.061686
24,21,6,5,0,5,2026-07-30T17:04:07.860103
24,21,7,5,0,5,2026-07-30T17:04:08.185473
24,21,8,5,0,5,2026-07-30T17:04:08.649922
24,21,9,5,0,5,2026-07-30T17:04:08.311929
24,21,10,5,0,5,2026-07-30T17:04:07.980631
24,22,1,5,0,5,2026-07-30T17:04:08.385017
24,22,2,5,0,5,2026-07-30T17:04:08.936689
24,22,3,5,0,5,2026-07-30T17:04:09.711424
24,22,4,5,0,5,2026-07-30T17:04:09.208954
24,22,5,5,0,5,2026-07-30T17:04:09.512047
24,22,6,5,0,5,2026-07-30T17:04:09.429742
24,22,7,5,0,5,2026-07-30T17:04:09.553188
24,22,8,5,0,5,2026-07-30T17:04:09.675099
24,22,9,5,0,5,2026-07-30T17:04:10.704186
24,22,10,5,0,5,2026-07-30T17:04:10.955329
24,23,1,5,0,5,2026-07-30T17:04:10.286274
24,23,2,5,0,5,2026-07-30T17:04:10.668653
24,23,3,5,0,5,2026-07-30T17:04:10.946979
24,23,4,5,0,5,2026-07-30T17:04:11.171783
24,23,5,5,0,5,2026-07-30T17:04:11.560159
24,23,6,5,0,5,2026-07-30T17:04:11.570923
24,23,7,5,0,5,2026-07-30T17:04:11.542375
24,23,8,5,0,5,2026-07-30T17:04:12.499932
24,23,9,5,0,5,2026-07-30T17:04:12.805774
24,23,10,5,0,5,2026-07-30T17:04:12.170570
24,24,1,5,0,5,2026-07-30T17:04:12.412279
24,24,2,5,0,5,2026-07-30T17:04:12.411735
24,24,3,5,0,5,2026-07-30T17:04:13.201731
24,24,4,5,0,5,2026-07-30T17:04:13.005473
24,24,5,5,0,5,2026-07-30T17:04:12.615700
24,24,6,5,0,5,2026-07-30T17:04:13.979920
24,24,7,5,0,5,2026-07-30T17:04:14.296929
24,24,8,5,0,5,2026-07-30T17:04:13.440515
24,24,9,5,0,5,2026-07-30T17:04:13.722199
24,24,10,5,0,5,2026-07-30T17:04:14.086624
24,25,1,5,0,5,2026-07-30T17:04:14.028706
24,25,2,5,0,5,2026-07-30T17:04:14.425205
24,25,3,5,0,5,2026-07-30T17:04:14.885165
24,25,4,5,0,5,2026-07-30T17:04:15.111509
24,25,5,5,0,5,2026-07-30T17:04:15.373463
24,25,6,5,0,5,2026-07-30T17:04:15.849170
24,25,7,0,0,0,2026-07-30T17:04:15.709583
24,25,8,5,0,5,2026-07-30T17:04:15.745301
24,25,9,5,0,5,2026-07-30T17:04:15.732193
24,25,10,5,0,5,2026-07-30T17:04:15.463022
24,26,1,5,0,5,2026-07-30T17:04:16.536265
24,26,2,5,0,5,2026-07-30T17:04:16.778138
24,26,3,5,0,5,2026-07-30T17:04:17.247341
24,26,4,5,0,5,2026-07-30T17:04:17.143864
24,26,5,5,0,5,2026-07-30T17:04:17.387597
24,26,6,5,0,5,2026-07-30T17:04:16.966395
24,26,7,5,0,5,2026-07-30T17:04:17.402556
24,26,8,5,0,5,2026-07-30T17:04:17.110508
24,26,9,5,0,5,2026-07-30T17:04:17.768680
24,26,10,5,0,5,2026-07-30T17:04:18.459128
24,27,1,5,0,5,2026-07-30T17:04:18.003804
24,27,2,5,0,5,2026-07-30T17:04:18.139280
24,27,3,5,0,5,2026-07-30T17:04:20.366064
24,27,4,5,0,5,2026-07-30T17:04:18.714108
24,27,5,5,0,5,2026-07-30T17:04:19.233869
24,27,6,5,0,5,2026-07-30T17:04:19.440078
24,27,7,5,0,5,2026-07-30T17:04:18.812773
24,27,8,5,0,5,2026-07-30T17:04:19.436853
24,27,9,5,0,5,2026-07-30T17:04:19.773194
24,27,10,5,0,5,2026-07-30T17:04:19.900272
24,28,1,5,0,5,2026-07-30T17:04:20.555923
24,28,2,5,0,5,2026-07-30T17:04:20.260066
24,28,3,5,0,5,2026-07-30T17:04:20.488167
24,28,4,5,0,5,2026-07-30T17:04:21.502655
24,28,5,5,0,5,2026-07-30T17:04:20.857230
24,28,6,5,0,5,2026-07-30T17:04:21.408223
24,28,7,5,0,5,2026-07-30T17:04:21.578225
24,28,8,5,0,5,2026-07-30T17:04:21.686538
24,28,9,5,0,5,2026-07-30T17:04:21.807751
24,28,10,5,0,5,2026-07-30T17:04:21.922091
24,29,1,5,0,5,2026-07-30T17:04:22.188484
24,29,2,5,0,5,2026-07-30T17:04:22.905845
24,29,3,5,0,5,2026-07-30T17:04:23.660366
24,29,4,5,0,5,2026-07-30T17:04:22.779260
24,29,5,5,0,5,2026-07-30T17:04:23.608126
24,29,6,5,0,5,2026-07-30T17:04:23.755861
24,29,7,5,0,5,2026-07-30T17:04:23.660759
24,29,8,5,0,5,2026-07-30T17:04:23.589013
24,29,9,5,0,5,2026-07-30T17:04:24.053693
24,29,10,5,0,5,2026-07-30T17:04:24.019204
24,30,1,5,0,5,2026-07-30T17:04:24.149052
24,30,2,5,0,5,2026-07-30T17:04:25.672335
24,30,3,5,0,5,2026-07-30T17:04:25.476537
24,30,4,5,0,5,2026-07-30T17:04:25.531401
24,30,5,5,0,5,2026-07-30T17:04:25.310865
24,30,6,5,0,5,2026-07-30T17:04:24.989573
24,30,7,5,0,5,2026-07-30T17:04:25.264991
24,30,8,5,0,5,2026-07-30T17:04:25.906919
24,30,9,5,0,5,2026-07-30T17:04:25.581995
24,30,10,5,0,5,2026-07-30T17:04:26.918927
25,1,1,5,0,5,2026-07-30T17:04:26.277704
25,1,2,3,0,3,2026-07-30T17:04:27.152154
25,1,3,5,0,5,2026-07-30T17:04:27.325693
25,1,4,5,0,5,2026-07-30T17:04:26.997500
25,1,5,5,0,5,2026-07-30T17:04:27.413954
25,1,6,3,0,3,2026-07-30T17:04:27.349680
25,1,7,5,0,5,2026-07-30T17:04:27.584708
25,1,8,5,0,5,2026-07-30T17:04:27.364580
25,1,9,5,0,5,2026-07-30T17:04:28.742680
25,1,10,5,0,5,2026-07-30T17:04:28.622099
25,2,1,5,0,5,2026-07-30T17:04:28.792509
25,2,2,5,0,5,2026-07-30T17:04:28.761819
25,2,3,5,0,5,2026-07-30T17:04:28.603197
25,2,4,5,0,5,2026-07-30T17:04:29.429868
25,2,5,5,0,5,2026-07-30T17:04:28.634243
25,2,6,5,0,5,2026-07-30T17:04:29.252018
25,2,7,5,0,5,2026-07-30T17:04:30.061105
25,2,8,5,0,5,2026-07-30T17:04:30.243379
25,2,9,5,0,5,2026-07-30T17:04:29.640455
25,2,10,5,0,5,2026-07-30T17:04:29.787754
25,3,1,5,0,5,2026-07-30T17:04:30.633914
25,3,2,5,0,5,2026-07-30T17:04:30.482858
25,3,3,5,0,5,2026-07-30T17:04:31.327530
25,3,4,5,0,5,2026-07-30T17:04:30.878453
25,3,5,5,0,5,2026-07-30T17:04:31.112561
25,3,6,5,0,5,2026-07-30T17:04:31.843649
25,3,7,5,0,5,2026-07-30T17:04:31.901471
25,3,8,5,0,5,2026-07-30T17:04:32.087786
25,3,9,5,0,5,2026-07-30T17:04:31.717299
25,3,10,5,0,5,2026-07-30T17:04:32.082276
25,4,1,5,0,5,2026-07-30T17:04:32.313741
25,4,2,5,0,5,2026-07-30T17:04:32.545453
25,4,3,5,0,5,2026-07-30T17:04:33.175194
25,4,4,5,0,5,2026-07-30T17:04:32.952960
25,4,5,5,0,5,2026-07-30T17:04:32.881171
25,4,6,5,0,5,2026-07-30T17:04:33.766659
25,4,7,5,0,5,2026-07-30T17:04:33.372499
25,4,8,5,0,5,2026-07-30T17:04:33.544293
25,4,9,5,0,5,2026-07-30T17:04:34.150569
25,4,10,5,0,5,2026-07-30T17:04:33.782911
25,5,1,5,0,5,2026-07-30T17:04:34.485121
25,5,2,5,0,5,2026-07-30T17:04:34.765636
25,5,3,5,0,5,2026-07-30T17:04:35.215885
25,5,4,5,0,5,2026-07-30T17:04:35.101251
25,5,5,5,0,5,2026-07-30T17:04:35.053994
25,5,6,5,0,5,2026-07-30T17:04:35.202834
25,5,7,5,0,5,2026-07-30T17:04:35.054299
25,5,8,5,0,5,2026-07-30T17:04:35.791229
25,5,9,5,0,5,2026-07-30T17:04:35.942331
25,5,10,5,0,5,2026-07-30T17:04:36.201792
25,6,1,5,0,5,2026-07-30T17:04:36.496300
25,6,2,5,0,5,2026-07-30T17:04:36.684407
25,6,3,5,0,5,2026-07-30T17:04:36.969771
25,6,4,5,0,5,2026-07-30T17:04:37.221420
25,6,5,5,0,5,2026-07-30T17:04:36.230887
25,6,6,5,0,5,2026-07-30T17:04:37.438018
25,6,7,5,0,5,2026-07-30T17:04:37.187706
25,6,8,5,0,5,2026-07-30T17:04:37.845212
25,6,9,5,0,5,2026-07-30T17:04:38.069034
25,6,10,5,0,5,2026-07-30T17:04:38.102718
25,7,1,5,0,5,2026-07-30T17:04:38.546628
25,7,2,5,0,5,2026-07-30T17:04:39.009635
25,7,3,5,0,5,2026-07-30T17:04:38.854905
25,7,4,5,0,5,2026-07-30T17:04:38.463235
25,7,5,5,0,5,2026-07-30T17:04:39.104217
25,7,6,5,0,5,2026-07-30T17:04:38.888047
25,7,7,5,0,5,2026-07-30T17:04:39.125773
25,7,8,5,0,5,2026-07-30T17:04:39.541282
25,7,9,5,0,5,2026-07-30T17:04:39.737074
25,7,10,5,0,5,2026-07-30T17:04:39.991374
25,8,1,5,0,5,2026-07-30T17:04:40.311236
25,8,2,5,0,5,2026-07-30T17:04:40.741378
25,8,3,5,0,5,2026-07-30T17:04:40.029420
25,8,4,5,0,5,2026-07-30T17:04:40.524493
25,8,5,5,0,5,2026-07-30T17:04:40.584021
25,8,6,5,0,5,2026-07-30T17:04:40.770108
25,8,7,5,0,5,2026-07-30T17:04:41.592577
25,8,8,5,0,5,2026-07-30T17:04:41.016365
25,8,9,5,0,5,2026-07-30T17:04:41.889225
25,8,10,5,0,5,2026-07-30T17:04:42.176436
25,9,1,5,0,5,2026-07-30T17:04:42.180166
25,9,2,5,0,5,2026-07-30T17:04:42.019139
25,9,3,5,0,5,2026-07-30T17:04:41.790655
25,9,4,5,0,5,2026-07-30T17:04:42.424971
25,9,5,5,0,5,2026-07-30T17:04:42.652503
25,9,6,5,0,5,2026-07-30T17:04:43.006603
25,9,7,5,0,5,2026-07-30T17:04:42.821527
25,9,8,5,0,5,2026-07-30T17:04:43.517318
25,9,9,5,0,5,2026-07-30T17:04:43.655119
25,9,10,5,0,5,2026-07-30T17:04:43.200062
25,10,1,5,0,5,2026-07-30T17:04:43.476100
25,10,2,5,0,5,2026-07-30T17:04:44.260168
25,10,3,5,0,5,2026-07-30T17:04:44.703036
25,10,4,5,0,5,2026-07-30T17:04:44.481134
25,10,5,5,0,5,2026-07-30T17:04:44.870748
25,10,6,5,0,5,2026-07-30T17:04:44.636549
25,10,7,5,0,5,2026-07-30T17:04:44.707293
25,10,8,5,0,5,2026-07-30T17:04:45.131161
25,10,9,5,0,5,2026-07-30T17:04:44.703625
25,10,10,5,0,5,2026-07-30T17:04:46.119344
25,11,1,5,0,5,2026-07-30T17:04:45.909012
25,11,2,5,0,5,2026-07-30T17:04:45.689237
25,11,3,5,0,5,2026-07-30T17:04:46.150613
25,11,4,5,0,5,2026-07-30T17:04:46.780660
25,11,5,5,0,5,2026-07-30T17:04:46.596406
25,11,6,5,0,5,2026-07-30T17:04:46.730599
25,11,7,5,0,5,2026-07-30T17:04:46.750579
25,11,8,5,0,5,2026-07-30T17:04:47.326098
25,11,9,5,0,5,2026-07-30T17:04:46.944144
25,11,10,5,0,5,2026-07-30T17:04:47.751354
25,12,1,5,0,5,2026-07-30T17:04:48.023452
25,12,2,5,0,5,2026-07-30T17:04:48.620935
25,12,3,5,0,5,2026-07-30T17:04:47.767252
25,12,4,5,0,5,2026-07-30T17:04:48.198663
25,12,5,5,0,5,2026-07-30T17:04:47.987664
25,12,6,5,0,5,2026-07-30T17:04:48.367224
25,12,7,5,0,5,2026-07-30T17:04:49.378248
25,12,8,5,0,5,2026-07-30T17:04:49.821346
25,12,9,5,0,5,2026-07-30T17:04:48.853934
25,12,10,5,0,5,2026-07-30T17:04:49.241683
25,13,1,5,0,5,2026-07-30T17:04:49.663525
25,13,2,5,0,5,2026-07-30T17:04:49.841223
25,13,3,5,0,5,2026-07-30T17:04:49.804122
25,13,4,5,0,5,2026-07-30T17:04:49.854863
25,13,5,5,0,5,2026-07-30T17:04:50.492448
25,13,6,5,0,5,2026-07-30T17:04:50.888954
25,13,7,5,0,5,2026-07-30T17:04:50.839111
25,13,8,5,0,5,2026-07-30T17:04:50.894779
25,13,9,5,0,5,2026-07-30T17:04:51.653893
25,13,10,5,0,5,2026-07-30T17:04:51.262548
25,14,1,5,0,5,2026-07-30T17:04:51.082599
25,14,2,5,0,5,2026-07-30T17:04:51.922772
25,14,3,5,0,5,2026-07-30T17:04:52.014540
25,14,4,5,0,5,2026-07-30T17:04:52.477958
25,14,5,5,0,5,2026-07-30T17:04:52.742659
25,14,6,5,0,5,2026-07-30T17:04:52.527570
25,14,7,5,0,5,2026-07-30T17:04:52.326384
25,14,8,5,0,5,2026-07-30T17:04:52.897645
25,14,9,5,0,5,2026-07-30T17:04:53.493575
25,14,10,5,0,5,2026-07-30T17:04:53.378384
25,15,1,5,0,5,2026-07-30T17:04:53.436875
25,15,2,5,0,5,2026-07-30T17:04:53.773398
25,15,3,5,0,5,2026-07-30T17:04:54.518886
25,15,4,5,0,5,2026-07-30T17:04:53.983238
25,15,5,5,0,5,2026-07-30T17:04:54.177067
25,15,6,5,0,5,2026-07-30T17:04:54.734274
25,15,7,5,0,5,2026-07-30T17:04:55.435686
25,15,8,5,0,5,2026-07-30T17:04:55.287635
25,15,9,5,0,5,2026-07-30T17:04:55.346640
25,15,10,5,0,5,2026-07-30T17:04:55.607523
25,16,1,5,0,5,2026-07-30T17:04:54.987140
25,16,2,5,0,5,2026-07-30T17:04:55.652216
25,16,3,5,0,5,2026-07-30T17:04:55.955117
25,16,4,5,0,5,2026-07-30T17:04:55.946928
25,16,5,5,0,5,2026-07-30T17:04:56.042096
25,16,6,5,0,5,2026-07-30T17:04:56.341036
25,16,7,5,0,5,2026-07-30T17:04:57.370709
25,16,8,5,0,5,2026-07-30T17:04:56.489465
25,16,9,5,0,5,2026-07-30T17:04:56.848291
25,16,10,5,0,5,2026-07-30T17:04:57.513283
25,17,1,5,0,5,2026-07-30T17:04:57.186658
25,17,2,5,0,5,2026-07-30T17:04:57.193658
25,17,3,5,0,5,2026-07-30T17:04:57.916000
25,17,4,5,0,5,2026-07-30T17:04:58.186075
25,17,5,5,0,5,2026-07-30T17:04:57.582924
25,17,6,5,0,5,2026-07-30T17:04:58.459135
25,17,7,5,0,5,2026-07-30T17:04:58.809881
25,17,8,5,0,5,2026-07-30T17:04:59.002423
25,17,9,5,0,5,2026-07-30T17:04:58.987192
25,17,10,5,0,5,2026-07-30T17:04:59.364188
25,18,1,5,0,5,2026-07-30T17:04:59.413734
25,18,2,5,0,5,2026-07-30T17:04:59.361169
25,18,3,5,0,5,2026-07-30T17:04:59.653371
25,18,4,5,0,5,2026-07-30T17:04:59.900996
25,18,5,5,0,5,2026-07-30T17:05:00.487884
25,18,6,5,0,5,2026-07-30T17:05:00.429732
25,18,7,5,0,5,2026-07-30T17:05:00.401107
25,18,8,5,0,5,2026-07-30T17:05:01.212569
25,18,9,5,0,5,2026-07-30T17:05:00.997442
25,18,10,5,0,5,2026-07-30T17:05:01.456539
25,19,1,5,0,5,2026-07-30T17:05:01.264005
25,19,2,5,0,5,2026-07-30T17:05:01.145637
25,19,3,5,0,5,2026-07-30T17:05:01.845776
25,19,4,5,0,5,2026-07-30T17:05:02.055153
25,19,5,5,0,5,2026-07-30T17:05:01.711206
25,19,6,5,0,5,2026-07-30T17:05:03.138978
25,19,7,5,0,5,2026-07-30T17:05:02.805140
25,19,8,5,0,5,2026-07-30T17:05:02.241947
25,19,9,5,0,5,2026-07-30T17:05:02.712281
25,19,10,5,0,5,2026-07-30T17:05:03.271638
25,20,1,5,0,5,2026-07-30T17:05:03.157572
25,20,2,5,0,5,2026-07-30T17:05:03.085305
25,20,3,5,0,5,2026-07-30T17:05:03.693663
25,20,4,5,0,5,2026-07-30T17:05:03.285523
25,20,5,5,0,5,2026-07-30T17:05:03.972890
25,20,6,5,0,5,2026-07-30T17:05:04.237759
25,20,7,5,0,5,2026-07-30T17:05:04.910337
25,20,8,5,0,5,2026-07-30T17:05:04.392297
25,20,9,5,0,5,2026-07-30T17:05:04.179627
25,20,10,5,0,5,2026-07-30T17:05:04.293647
25,21,1,5,0,5,2026-07-30T17:05:04.735202
25,21,2,5,0,5,2026-07-30T17:05:04.949260
25,21,3,5,0,5,2026-07-30T17:05:05.192378
25,21,4,5,0,5,2026-07-30T17:05:05.616558
25,21,5,5,0,5,2026-07-30T17:05:06.054634
25,21,6,5,0,5,2026-07-30T17:05:05.934047
25,21,7,5,0,5,2026-07-30T17:05:06.052722
25,21,8,5,0,5,2026-07-30T17:05:06.609096
25,21,9,5,0,5,2026-07-30T17:05:06.764426
25,21,10,5,0,5,2026-07-30T17:05:06.399171
25,22,1,5,0,5,2026-07-30T17:05:06.646668
25,22,2,5,0,5,2026-07-30T17:05:07.281393
25,22,3,5,0,5,2026-07-30T17:05:07.593761
25,22,4,5,0,5,2026-07-30T17:05:07.286957
25,22,5,5,0,5,2026-07-30T17:05:07.908961
25,22,6,5,0,5,2026-07-30T17:05:07.855229
25,22,7,5,0,5,2026-07-30T17:05:08.448870
25,22,8,5,0,5,2026-07-30T17:05:07.895666
25,22,9,5,0,5,2026-07-30T17:05:08.602004
25,22,10,5,0,5,2026-07-30T17:05:08.317501
25,23,1,5,0,5,2026-07-30T17:05:08.518994
25,23,2,5,0,5,2026-07-30T17:05:09.413805
25,23,3,5,0,5,2026-07-30T17:05:09.508232
25,23,4,5,0,5,2026-07-30T17:05:09.535123
25,23,5,5,0,5,2026-07-30T17:05:09.740071
25,23,6,5,0,5,2026-07-30T17:05:10.182459
25,23,7,5,0,5,2026-07-30T17:05:10.091861
25,23,8,5,0,5,2026-07-30T17:05:10.349839
25,23,9,5,0,5,2026-07-30T17:05:10.650564
25,23,10,5,0,5,2026-07-30T17:05:11.087748
25,24,1,5,0,5,2026-07-30T17:05:11.375762
25,24,2,5,0,5,2026-07-30T17:05:10.795391
25,24,3,5,0,5,2026-07-30T17:05:11.590211
25,24,4,5,0,5,2026-07-30T17:05:11.369448
25,24,5,5,0,5,2026-07-30T17:05:11.832203
25,24,6,5,0,5,2026-07-30T17:05:12.404280
25,24,7,5,0,5,2026-07-30T17:05:12.066947
25,24,8,5,0,5,2026-07-30T17:05:12.242913
25,24,9,5,0,5,2026-07-30T17:05:12.360433
25,24,10,5,0,5,2026-07-30T17:05:12.823475
25,25,1,5,0,5,2026-07-30T17:05:12.636531
25,25,2,5,0,5,2026-07-30T17:05:12.638468
25,25,3,5,0,5,2026-07-30T17:05:13.480003
25,25,4,5,0,5,2026-07-30T17:05:13.297969
25,25,5,5,0,5,2026-07-30T17:05:14.353368
25,25,6,5,0,5,2026-07-30T17:05:13.598519
25,25,7,5,0,5,2026-07-30T17:05:14.218439
25,25,8,5,0,5,2026-07-30T17:05:14.070177
25,25,9,5,0,5,2026-07-30T17:05:14.523942
25,25,10,5,0,5,2026-07-30T17:05:14.248807
25,26,1,5,0,5,2026-07-30T17:05:15.050363
25,26,2,5,0,5,2026-07-30T17:05:15.383863
25,26,3,5,0,5,2026-07-30T17:05:15.446387
25,26,4,5,0,5,2026-07-30T17:05:15.734104
25,26,5,5,0,5,2026-07-30T17:05:16.098924
25,26,6,5,0,5,2026-07-30T17:05:16.423331
25,26,7,5,0,5,2026-07-30T17:05:15.413435
25,26,8,5,0,5,2026-07-30T17:05:15.781058
25,26,9,5,0,5,2026-07-30T17:05:16.096445
25,26,10,5,0,5,2026-07-30T17:05:17.029797
25,27,1,5,0,5,2026-07-30T17:05:16.762657
25,27,2,5,0,5,2026-07-30T17:05:16.471519
25,27,3,5,0,5,2026-07-30T17:05:16.960420
25,27,4,5,0,5,2026-07-30T17:05:17.295119
25,27,5,5,0,5,2026-07-30T17:05:17.726755
25,27,6,5,0,5,2026-07-30T17:05:17.133988
25,27,7,5,0,5,2026-07-30T17:05:18.255581
25,27,8,5,0,5,2026-07-30T17:05:17.717689
25,27,9,5,0,5,2026-07-30T17:05:18.588365
25,27,10,5,0,5,2026-07-30T17:05:18.001518
25,28,1,5,0,5,2026-07-30T17:05:18.287327
25,28,2,5,0,5,2026-07-30T17:05:18.572582
25,28,3,5,0,5,2026-07-30T17:05:19.373222
25,28,4,5,0,5,2026-07-30T17:05:19.774438
25,28,5,5,0,5,2026-07-30T17:05:18.946963
25,28,6,5,0,5,2026-07-30T17:05:19.659818
25,28,7,5,0,5,2026-07-30T17:05:19.721059
25,28,8,5,0,5,2026-07-30T17:05:19.729852
25,28,9,5,0,5,2026-07-30T17:05:20.015148
25,28,10,5,0,5,2026-07-30T17:05:19.845864
25,29,1,5,0,5,2026-07-30T17:05:20.009819
25,29,2,5,0,5,2026-07-30T17:05:21.209776
25,29,3,5,0,5,2026-07-30T17:05:20.900878
25,29,4,5,0,5,2026-07-30T17:05:21.785749
25,29,5,5,0,5,2026-07-30T17:05:20.767524
25,29,6,5,0,5,2026-07-30T17:05:21.609704
25,29,7,5,0,5,2026-07-30T17:05:21.697205
25,29,8,5,0,5,2026-07-30T17:05:21.467615
25,29,9,5,0,5,2026-07-30T17:05:21.684777
25,29,10,5,0,5,2026-07-30T17:05:22.217499
25,30,1,5,0,5,2026-07-30T17:05:22.554430
25,30,2,5,0,5,2026-07-30T17:05:22.884080
25,30,3,5,0,5,2026-07-30T17:05:23.136139
25,30,4,5,0,5,2026-07-30T17:05:23.466388
25,30,5,5,0,5,2026-07-30T17:05:23.567037
25,30,6,5,0,5,2026-07-30T17:05:22.775391
25,30,7,5,0,5,2026-07-30T17:05:23.445310
25,30,8,5,0,5,2026-07-30T17:05:24.076757
25,30,9,5,0,5,2026-07-30T17:05:24.613795
25,30,10,5,0,5,2026-07-30T17:05:24.210455
26,1,1,5,0,5,2026-07-30T17:05:24.727382
26,1,2,5,0,5,2026-07-30T17:05:25.205290
26,1,3,5,0,5,2026-07-30T17:05:24.902118
26,1,4,5,0,5,2026-07-30T17:05:24.708035
26,1,5,5,0,5,2026-07-30T17:05:24.987940
26,1,6,5,0,5,2026-07-30T17:05:25.703541
26,1,7,5,0,5,2026-07-30T17:05:26.090307
26,1,8,5,0,5,2026-07-30T17:05:26.462476
26,1,9,5,0,5,2026-07-30T17:05:26.780999
26,1,10,5,0,5,2026-07-30T17:05:26.179189
26,2,1,5,0,5,2026-07-30T17:05:26.150214
26,2,2,5,0,5,2026-07-30T17:05:26.435460
26,2,3,5,0,5,2026-07-30T17:05:26.439327
26,2,4,5,0,5,2026-07-30T17:05:27.152241
26,2,5,5,0,5,2026-07-30T17:05:28.150229
26,2,6,5,0,5,2026-07-30T17:05:27.795260
26,2,7,5,0,5,2026-07-30T17:05:27.429644
26,2,8,5,0,5,2026-07-30T17:05:27.498932
26,2,9,5,0,5,2026-07-30T17:05:27.879320
26,2,10,5,0,5,2026-07-30T17:05:28.487072
26,3,1,5,0,5,2026-07-30T17:05:28.249631
26,3,2,5,0,5,2026-07-30T17:05:28.788110
26,3,3,5,0,5,2026-07-30T17:05:29.075308
26,3,4,5,0,5,2026-07-30T17:05:28.947445
26,3,5,5,0,5,2026-07-30T17:05:29.028422
26,3,6,5,0,5,2026-07-30T17:05:29.332893
26,3,7,5,0,5,2026-07-30T17:05:29.767768
26,3,8,5,0,5,2026-07-30T17:05:29.929328
26,3,9,5,0,5,2026-07-30T17:05:29.726377
26,3,10,5,0,5,2026-07-30T17:05:30.266939
26,4,1,5,0,5,2026-07-30T17:05:31.183795
26,4,2,5,0,5,2026-07-30T17:05:30.097660
26,4,3,5,0,5,2026-07-30T17:05:30.897167
26,4,4,3,0,3,2026-07-30T17:05:31.197369
26,4,5,3,0,3,2026-07-30T17:05:31.795935
26,4,6,5,0,5,2026-07-30T17:05:31.214126
26,4,7,3,0,3,2026-07-30T17:05:31.394015
26,4,8,5,0,5,2026-07-30T17:05:31.726134
26,4,9,3,0,3,2026-07-30T17:05:31.923109
26,4,10,3,0,3,2026-07-30T17:05:32.965420
26,5,1,5,0,5,2026-07-30T17:05:32.406863
26,5,2,5,0,5,2026-07-30T17:05:32.236222
26,5,3,5,0,5,2026-07-30T17:05:32.685310
26,5,4,5,0,5,2026-07-30T17:05:33.433269
26,5,5,5,0,5,2026-07-30T17:05:33.760777
26,5,6,5,0,5,2026-07-30T17:05:33.437113
26,5,7,5,0,5,2026-07-30T17:05:33.161920
26,5,8,5,0,5,2026-07-30T17:05:33.478757
26,5,9,5,0,5,2026-07-30T17:05:33.450927
26,5,10,5,0,5,2026-07-30T17:05:34.712458
26,6,1,5,0,5,2026-07-30T17:05:34.594559
26,6,2,5,0,5,2026-07-30T17:05:34.211561
26,6,3,5,0,5,2026-07-30T17:05:34.853531
26,6,4,5,0,5,2026-07-30T17:05:35.537448
26,6,5,5,0,5,2026-07-30T17:05:35.316764
26,6,6,5,0,5,2026-07-30T17:05:35.309046
26,6,7,5,0,5,2026-07-30T17:05:35.206559
26,6,8,5,0,5,2026-07-30T17:05:35.258918
26,6,9,5,0,5,2026-07-30T17:05:35.842964
26,6,10,5,0,5,2026-07-30T17:05:36.143432
26,7,1,5,0,5,2026-07-30T17:05:36.284988
26,7,2,5,0,5,2026-07-30T17:05:36.658570
26,7,3,5,0,5,2026-07-30T17:05:36.717743
26,7,4,5,0,5,2026-07-30T17:05:37.171530
26,7,5,5,0,5,2026-07-30T17:05:37.184963
26,7,6,5,0,5,2026-07-30T17:05:37.188701
26,7,7,5,0,5,2026-07-30T17:05:36.896764
26,7,8,5,0,5,2026-07-30T17:05:37.193264
26,7,9,5,0,5,2026-07-30T17:05:37.329189
26,7,10,5,0,5,2026-07-30T17:05:37.672344
26,8,1,5,0,5,2026-07-30T17:05:38.185389
26,8,2,5,0,5,2026-07-30T17:05:38.527049
26,8,3,5,0,5,2026-07-30T17:05:39.026228
26,8,4,5,0,5,2026-07-30T17:05:38.415335
26,8,5,5,0,5,2026-07-30T17:05:39.007895
26,8,6,5,0,5,2026-07-30T17:05:38.454528
26,8,7,5,0,5,2026-07-30T17:05:38.786731
26,8,8,5,0,5,2026-07-30T17:05:39.132133
26,8,9,5,0,5,2026-07-30T17:05:39.426368
26,8,10,5,0,5,2026-07-30T17:05:39.881183
26,9,1,5,0,5,2026-07-30T17:05:40.321032
26,9,2,5,0,5,2026-07-30T17:05:40.175280
26,9,3,5,0,5,2026-07-30T17:05:40.230615
26,9,4,5,0,5,2026-07-30T17:05:40.465729
26,9,5,5,0,5,2026-07-30T17:05:40.481789
26,9,6,5,0,5,2026-07-30T17:05:40.739625
26,9,7,5,0,5,2026-07-30T17:05:40.448524
26,9,8,5,0,5,2026-07-30T17:05:41.514280
26,9,9,5,0,5,2026-07-30T17:05:41.620642
26,9,10,5,0,5,2026-07-30T17:05:42.070433
26,10,1,5,0,5,2026-07-30T17:05:41.929794
26,10,2,5,0,5,2026-07-30T17:05:42.283443
26,10,3,5,0,5,2026-07-30T17:05:41.505583
26,10,4,5,0,5,2026-07-30T17:05:42.139240
26,10,5,5,0,5,2026-07-30T17:05:42.338889
26,10,6,5,0,5,2026-07-30T17:05:42.547515
26,10,7,5,0,5,2026-07-30T17:05:42.738847
26,10,8,5,0,5,2026-07-30T17:05:43.484674
26,10,9,5,0,5,2026-07-30T17:05:43.008060
26,10,10,5,0,5,2026-07-30T17:05:43.744079
26,11,1,5,0,5,2026-07-30T17:05:43.175358
26,11,2,5,0,5,2026-07-30T17:05:44.114617
26,11,3,5,0,5,2026-07-30T17:05:43.798396
26,11,4,5,0,5,2026-07-30T17:05:44.401800
26,11,5,5,0,5,2026-07-30T17:05:44.369647
26,11,6,5,0,5,2026-07-30T17:05:44.249841
26,11,7,5,0,5,2026-07-30T17:05:44.430876
26,11,8,5,0,5,2026-07-30T17:05:45.329920
26,11,9,5,0,5,2026-07-30T17:05:44.789171
26,11,10,5,0,5,2026-07-30T17:05:45.640525
26,12,1,5,0,5,2026-07-30T17:05:45.170849
26,12,2,5,0,5,2026-07-30T17:05:46.105841
26,12,3,5,0,5,2026-07-30T17:05:45.599247
26,12,4,5,0,5,2026-07-30T17:05:45.410883
26,12,5,5,0,5,2026-07-30T17:05:45.862821
26,12,6,5,0,5,2026-07-30T17:05:45.823201
26,12,7,5,0,5,2026-07-30T17:05:47.277068
26,12,8,5,0,5,2026-07-30T17:05:47.180833
26,12,9,5,0,5,2026-07-30T17:05:47.470380
26,12,10,5,0,5,2026-07-30T17:05:46.620978
26,13,1,5,0,5,2026-07-30T17:05:47.291614
26,13,2,5,0,5,2026-07-30T17:05:47.856207
26,13,3,5,0,5,2026-07-30T17:05:47.093838
26,13,4,5,0,5,2026-07-30T17:05:47.554855
26,13,5,5,0,5,2026-07-30T17:05:47.882269
26,13,6,5,0,5,2026-07-30T17:05:48.758085
26,13,7,5,0,5,2026-07-30T17:05:48.844903
26,13,8,5,0,5,2026-07-30T17:05:48.525124
26,13,9,5,0,5,2026-07-30T17:05:49.137351
26,13,10,5,0,5,2026-07-30T17:05:48.936634
26,14,1,5,0,5,2026-07-30T17:05:48.779004
26,14,2,5,0,5,2026-07-30T17:05:49.309859
26,14,3,5,0,5,2026-07-30T17:05:49.731667
26,14,4,5,0,5,2026-07-30T17:05:49.559513
26,14,5,5,0,5,2026-07-30T17:05:49.767110
26,14,6,5,0,5,2026-07-30T17:05:49.813747
26,14,7,5,0,5,2026-07-30T17:05:49.889184
26,14,8,5,0,5,2026-07-30T17:05:50.365352
26,14,9,5,0,5,2026-07-30T17:05:50.576009
26,14,10,5,0,5,2026-07-30T17:05:56.625512
26,15,1,5,0,5,2026-07-30T17:05:56.887472
26,15,2,5,0,5,2026-07-30T17:05:56.412952
26,15,3,5,0,5,2026-07-30T17:05:56.521266
26,15,4,5,0,5,2026-07-30T17:05:56.498051
26,15,5,5,0,5,2026-07-30T17:05:56.490996
26,15,6,5,0,5,2026-07-30T17:05:56.234256
26,15,7,5,0,5,2026-07-30T17:05:56.667648
26,15,8,5,0,5,2026-07-30T17:05:57.674029
26,15,9,5,0,5,2026-07-30T17:05:58.660228
26,15,10,5,0,5,2026-07-30T17:05:58.538584
26,16,1,5,0,5,2026-07-30T17:05:57.534410
26,16,2,5,0,5,2026-07-30T17:05:58.152579
26,16,3,5,0,5,2026-07-30T17:05:58.460169
26,16,4,5,0,5,2026-07-30T17:05:58.120065
26,16,5,5,0,5,2026-07-30T17:05:58.152505
26,16,6,5,0,5,2026-07-30T17:05:59.390716
26,16,7,5,0,5,2026-07-30T17:05:59.140782
26,16,8,5,0,5,2026-07-30T17:05:59.376026
26,16,9,5,0,5,2026-07-30T17:05:59.407173
26,16,10,5,0,5,2026-07-30T17:05:59.402698
26,17,1,5,0,5,2026-07-30T17:05:59.496430
26,17,2,5,0,5,2026-07-30T17:06:00.833766
26,17,3,5,0,5,2026-07-30T17:06:00.340790
26,17,4,5,0,5,2026-07-30T17:06:00.838869
26,17,5,5,0,5,2026-07-30T17:06:01.278460
26,17,6,5,0,5,2026-07-30T17:06:00.901509
26,17,7,5,0,5,2026-07-30T17:06:01.260840
26,17,8,5,0,5,2026-07-30T17:06:00.452958
26,17,9,5,0,5,2026-07-30T17:06:01.133846
26,17,10,5,0,5,2026-07-30T17:06:02.194528
26,18,1,5,0,5,2026-07-30T17:06:02.110958
26,18,2,5,0,5,2026-07-30T17:06:01.856964
26,18,3,5,0,5,2026-07-30T17:06:02.468238
26,18,4,5,0,5,2026-07-30T17:06:02.552068
26,18,5,5,0,5,2026-07-30T17:06:02.185697
26,18,6,5,0,5,2026-07-30T17:06:02.710373
26,18,7,5,0,5,2026-07-30T17:06:02.888741
26,18,8,5,0,5,2026-07-30T17:06:03.691170
26,18,9,5,0,5,2026-07-30T17:06:03.585504
26,18,10,5,0,5,2026-07-30T17:06:03.845071
26,19,1,5,0,5,2026-07-30T17:06:03.845708
26,19,2,5,0,5,2026-07-30T17:06:04.136144
26,19,3,5,0,5,2026-07-30T17:06:04.187868
26,19,4,5,0,5,2026-07-30T17:06:04.589184
26,19,5,5,0,5,2026-07-30T17:06:04.135850
26,19,6,5,0,5,2026-07-30T17:06:05.049311
26,19,7,5,0,5,2026-07-30T17:06:05.584461
26,19,8,5,0,5,2026-07-30T17:06:05.899809
26,19,9,5,0,5,2026-07-30T17:06:04.921432
26,19,10,5,0,5,2026-07-30T17:06:05.383198
26,20,1,5,0,5,2026-07-30T17:06:06.177944
26,20,2,5,0,5,2026-07-30T17:06:05.643961
26,20,3,5,0,5,2026-07-30T17:06:06.246980
26,20,4,5,0,5,2026-07-30T17:06:06.770897
26,20,5,5,0,5,2026-07-30T17:06:06.488593
26,20,6,5,0,5,2026-07-30T17:06:06.645681
26,20,7,5,0,5,2026-07-30T17:06:07.418871
26,20,8,5,0,5,2026-07-30T17:06:07.529290
26,20,9,5,0,5,2026-07-30T17:06:07.524503
26,20,10,5,0,5,2026-07-30T17:06:08.038025
26,21,1,5,0,5,2026-07-30T17:06:08.318217
26,21,2,5,0,5,2026-07-30T17:06:08.155285
26,21,3,5,0,5,2026-07-30T17:06:08.085062
26,21,4,5,0,5,2026-07-30T17:06:08.192540
26,21,5,5,0,5,2026-07-30T17:06:09.269196
26,21,6,5,0,5,2026-07-30T17:06:09.560588
26,21,7,5,0,5,2026-07-30T17:06:09.393922
26,21,8,5,0,5,2026-07-30T17:06:09.709181
26,21,9,5,0,5,2026-07-30T17:06:09.132789
26,21,10,5,0,5,2026-07-30T17:06:10.218386
26,22,1,5,0,5,2026-07-30T17:06:09.228004
26,22,2,5,0,5,2026-07-30T17:06:10.170125
26,22,3,5,0,5,2026-07-30T17:06:10.563196
26,22,4,5,0,5,2026-07-30T17:06:10.246101
26,22,5,5,0,5,2026-07-30T17:06:10.499450
26,22,6,5,0,5,2026-07-30T17:06:10.397152
26,22,7,5,0,5,2026-07-30T17:06:11.174249
26,22,8,5,0,5,2026-07-30T17:06:10.748566
26,22,9,5,0,5,2026-07-30T17:06:11.634297
26,22,10,5,0,5,2026-07-30T17:06:11.473632
26,23,1,5,0,5,2026-07-30T17:06:12.084330
26,23,2,5,0,5,2026-07-30T17:06:11.619413
26,23,3,5,0,5,2026-07-30T17:06:12.372810
26,23,4,5,0,5,2026-07-30T17:06:11.626666
26,23,5,5,0,5,2026-07-30T17:06:11.972242
26,23,6,5,0,5,2026-07-30T17:06:12.417500
26,23,7,5,0,5,2026-07-30T17:06:12.917419
26,23,8,5,0,5,2026-07-30T17:06:13.277015
26,23,9,5,0,5,2026-07-30T17:06:12.655758
26,23,10,5,0,5,2026-07-30T17:06:13.871944
26,24,1,5,0,5,2026-07-30T17:06:13.623602
26,24,2,5,0,5,2026-07-30T17:06:13.334971
26,24,3,5,0,5,2026-07-30T17:06:13.838587
26,24,4,5,0,5,2026-07-30T17:06:13.645544
26,24,5,5,0,5,2026-07-30T17:06:14.133120
26,24,6,5,0,5,2026-07-30T17:06:14.202225
26,24,7,5,0,5,2026-07-30T17:06:15.130159
26,24,8,5,0,5,2026-07-30T17:06:15.387542
26,24,9,5,0,5,2026-07-30T17:06:15.074063
26,24,10,5,0,5,2026-07-30T17:06:14.678895
26,25,1,5,0,5,2026-07-30T17:06:15.495109
26,25,2,5,0,5,2026-07-30T17:06:15.521935
26,25,3,5,0,5,2026-07-30T17:06:15.788305
26,25,4,5,0,5,2026-07-30T17:06:16.089536
26,25,5,5,0,5,2026-07-30T17:06:16.725962
26,25,6,5,0,5,2026-07-30T17:06:16.315362
26,25,7,5,0,5,2026-07-30T17:06:17.168840
26,25,8,5,0,5,2026-07-30T17:06:16.996074
26,25,9,5,0,5,2026-07-30T17:06:17.148990
26,25,10,5,0,5,2026-07-30T17:06:17.164980
26,26,1,5,0,5,2026-07-30T17:06:17.438690
26,26,2,5,0,5,2026-07-30T17:06:17.729194
26,26,3,5,0,5,2026-07-30T17:06:17.943703
26,26,4,5,0,5,2026-07-30T17:06:18.776053
26,26,5,5,0,5,2026-07-30T17:06:18.450947
26,26,6,5,0,5,2026-07-30T17:06:18.999292
26,26,7,5,0,5,2026-07-30T17:06:18.598977
26,26,8,5,0,5,2026-07-30T17:06:18.602912
26,26,9,5,0,5,2026-07-30T17:06:18.481035
26,26,10,5,0,5,2026-07-30T17:06:19.572090
26,27,1,5,0,5,2026-07-30T17:06:19.394147
26,27,2,5,0,5,2026-07-30T17:06:19.866508
26,27,3,5,0,5,2026-07-30T17:06:19.927853
26,27,4,5,0,5,2026-07-30T17:06:20.038507
26,27,5,5,0,5,2026-07-30T17:06:20.057930
26,27,6,5,0,5,2026-07-30T17:06:20.417583
26,27,7,5,0,5,2026-07-30T17:06:20.227017
26,27,8,5,0,5,2026-07-30T17:06:21.110784
26,27,9,5,0,5,2026-07-30T17:06:21.657072
26,27,10,5,0,5,2026-07-30T17:06:21.310666
26,28,1,4,0,4,2026-07-30T17:06:21.593146
26,28,2,5,0,5,2026-07-30T17:06:21.467964
26,28,3,5,0,5,2026-07-30T17:06:22.095312
26,28,4,5,0,5,2026-07-30T17:06:22.336906
26,28,5,5,0,5,2026-07-30T17:06:21.852151
26,28,6,5,0,5,2026-07-30T17:06:22.548049
26,28,7,5,0,5,2026-07-30T17:06:22.761595
26,28,8,5,0,5,2026-07-30T17:06:22.493416
26,28,9,5,0,5,2026-07-30T17:06:23.428958
26,28,10,5,0,5,2026-07-30T17:06:22.665445
26,29,1,5,0,5,2026-07-30T17:06:23.496792
26,29,2,5,0,5,2026-07-30T17:06:23.746287
26,29,3,5,0,5,2026-07-30T17:06:24.387029
26,29,4,5,0,5,2026-07-30T17:06:23.740685
26,29,5,5,0,5,2026-07-30T17:06:24.642298
26,29,6,5,0,5,2026-07-30T17:06:23.951957
26,29,7,5,0,5,2026-07-30T17:06:24.822919
26,29,8,5,0,5,2026-07-30T17:06:24.659761
26,29,9,5,0,5,2026-07-30T17:06:24.755487
26,29,10,5,0,5,2026-07-30T17:06:25.180039
26,30,1,5,0,5,2026-07-30T17:06:25.566327
26,30,2,5,0,5,2026-07-30T17:06:25.389188
26,30,3,5,0,5,2026-07-30T17:06:25.851284
26,30,4,5,0,5,2026-07-30T17:06:26.313756
26,30,5,5,0,5,2026-07-30T17:06:25.907584
26,30,6,5,0,5,2026-07-30T17:06:25.759043
26,30,7,5,0,5,2026-07-30T17:06:26.076321
26,30,8,5,0,5,2026-07-30T17:06:26.642317
26,30,9,5,0,5,2026-07-30T17:06:27.036986
26,30,10,5,0,5,2026-07-30T17:06:27.584189
27,1,1,5,0,5,2026-07-30T17:06:27.394174
27,1,2,5,0,5,2026-07-30T17:06:27.700712
27,1,3,5,0,5,2026-07-30T17:06:27.964223
27,1,4,5,0,5,2026-07-30T17:06:27.130037
27,1,5,5,0,5,2026-07-30T17:06:27.749508
27,1,6,5,0,5,2026-07-30T17:06:28.683407
27,1,7,5,0,5,2026-07-30T17:06:28.867337
27,1,8,5,0,5,2026-07-30T17:06:28.576531
27,1,9,5,0,5,2026-07-30T17:06:29.629489
27,1,10,5,0,5,2026-07-30T17:06:29.232950
27,2,1,5,0,5,2026-07-30T17:06:28.930547
27,2,2,5,0,5,2026-07-30T17:06:29.196762
27,2,3,5,0,5,2026-07-30T17:06:29.407937
27,2,4,5,0,5,2026-07-30T17:06:30.028317
27,2,5,5,0,5,2026-07-30T17:06:29.544465
27,2,6,5,0,5,2026-07-30T17:06:29.890509
27,2,7,5,0,5,2026-07-30T17:06:30.379282
27,2,8,5,0,5,2026-07-30T17:06:30.520984
27,2,9,5,0,5,2026-07-30T17:06:30.680969
27,2,10,5,0,5,2026-07-30T17:06:30.644338
27,3,1,0,0,0,2026-07-30T17:06:31.182666
27,3,2,0,0,0,2026-07-30T17:06:30.667355
27,3,3,0,0,0,2026-07-30T17:06:30.935214
27,3,4,0,0,0,2026-07-30T17:06:31.069517
27,3,5,0,0,0,2026-07-30T17:06:31.825227
27,3,6,0,0,0,2026-07-30T17:06:31.993458
27,3,7,0,0,0,2026-07-30T17:06:32.084317
27,3,8,0,0,0,2026-07-30T17:06:32.323579
27,3,9,0,0,0,2026-07-30T17:06:31.940393
27,3,10,0,0,0,2026-07-30T17:06:32.613526
27,4,1,5,0,5,2026-07-30T17:06:32.929004
27,4,2,5,0,5,2026-07-30T17:06:33.056934
27,4,3,5,0,5,2026-07-30T17:06:33.273341
27,4,4,5,0,5,2026-07-30T17:06:33.823226
27,4,5,5,0,5,2026-07-30T17:06:33.675762
27,4,6,0,0,0,2026-07-30T17:06:33.548395
27,4,7,5,0,5,2026-07-30T17:06:33.986375
27,4,8,0,0,0,2026-07-30T17:06:33.854441
27,4,9,5,0,5,2026-07-30T17:06:34.188433
27,4,10,5,0,5,2026-07-30T17:06:34.672494
27,5,1,0,0,0,2026-07-30T17:06:34.934244
27,5,2,0,0,0,2026-07-30T17:06:34.601007
27,5,3,0,0,0,2026-07-30T17:06:34.946938
27,5,4,0,0,0,2026-07-30T17:06:35.874529
27,5,5,0,0,0,2026-07-30T17:06:35.300469
27,5,6,5,0,5,2026-07-30T17:06:35.674423
27,5,7,0,0,0,2026-07-30T17:06:36.045177
27,5,8,0,0,0,2026-07-30T17:06:36.045294
27,5,9,0,0,0,2026-07-30T17:06:36.536437
27,5,10,0,0,0,2026-07-30T17:06:36.173491
27,6,1,5,0,5,2026-07-30T17:06:36.178619
27,6,2,5,0,5,2026-07-30T17:06:36.356598
27,6,3,5,0,5,2026-07-30T17:06:37.104559
27,6,4,5,0,5,2026-07-30T17:06:37.926230
27,6,5,5,0,5,2026-07-30T17:06:37.721212
27,6,6,5,0,5,2026-07-30T17:06:37.878321
27,6,7,5,0,5,2026-07-30T17:06:37.611778
27,6,8,5,0,5,2026-07-30T17:06:37.628994
27,6,9,5,0,5,2026-07-30T17:06:37.428194
27,6,10,5,0,5,2026-07-30T17:06:38.389821
27,7,1,5,0,5,2026-07-30T17:06:38.944737
27,7,2,5,0,5,2026-07-30T17:06:38.693558
27,7,3,5,0,5,2026-07-30T17:06:38.646071
27,7,4,5,0,5,2026-07-30T17:06:38.864072
27,7,5,5,0,5,2026-07-30T17:06:39.161766
27,7,6,5,0,5,2026-07-30T17:06:39.334261
27,7,7,5,0,5,2026-07-30T17:06:39.368791
27,7,8,5,0,5,2026-07-30T17:06:40.440061
27,7,9,5,0,5,2026-07-30T17:06:39.877327
27,7,10,5,0,5,2026-07-30T17:06:40.358972
27,8,1,5,0,5,2026-07-30T17:06:40.115776
27,8,2,5,0,5,2026-07-30T17:06:40.593984
27,8,3,5,0,5,2026-07-30T17:06:41.222317
27,8,4,5,0,5,2026-07-30T17:06:40.780799
27,8,5,5,0,5,2026-07-30T17:06:40.397335
27,8,6,5,0,5,2026-07-30T17:06:41.729436
27,8,7,5,0,5,2026-07-30T17:06:41.363202
27,8,8,5,0,5,2026-07-30T17:06:41.993024
27,8,9,5,0,5,2026-07-30T17:06:41.848374
27,8,10,5,0,5,2026-07-30T17:06:41.880930
27,9,1,0,0,0,2026-07-30T17:06:41.622621
27,9,2,0,0,0,2026-07-30T17:06:42.206783
27,9,3,0,0,0,2026-07-30T17:06:42.466736
27,9,4,0,0,0,2026-07-30T17:06:43.228553
27,9,5,0,0,0,2026-07-30T17:06:42.879905
27,9,6,0,0,0,2026-07-30T17:06:43.167613
27,9,7,0,0,0,2026-07-30T17:06:43.924298
27,9,8,0,0,0,2026-07-30T17:06:43.712572
27,9,9,0,0,0,2026-07-30T17:06:43.443719
27,9,10,0,0,0,2026-07-30T17:06:43.854556
27,10,1,5,0,5,2026-07-30T17:06:43.905709
27,10,2,3,0,3,2026-07-30T17:06:44.320649
27,10,3,5,0,5,2026-07-30T17:06:44.629350
27,10,4,5,0,5,2026-07-30T17:06:45.084335
27,10,5,5,0,5,2026-07-30T17:06:44.901842
27,10,6,5,0,5,2026-07-30T17:06:45.148569
27,10,7,5,0,5,2026-07-30T17:06:45.523655
27,10,8,0,0,0,2026-07-30T17:06:45.351148
27,10,9,5,0,5,2026-07-30T17:06:45.380612
27,10,10,5,0,5,2026-07-30T17:06:45.772900
27,11,1,5,0,5,2026-07-30T17:06:46.260659
27,11,2,5,0,5,2026-07-30T17:06:46.360420
27,11,3,5,0,5,2026-07-30T17:06:46.945641
27,11,4,5,0,5,2026-07-30T17:06:46.770970
27,11,5,5,0,5,2026-07-30T17:06:46.604248
27,11,6,5,0,5,2026-07-30T17:06:46.440114
27,11,7,5,0,5,2026-07-30T17:06:46.774115
27,11,8,5,0,5,2026-07-30T17:06:47.411621
27,11,9,5,0,5,2026-07-30T17:06:48.127703
27,11,10,5,0,5,2026-07-30T17:06:47.803120
27,12,1,5,0,5,2026-07-30T17:06:47.668978
27,12,2,5,0,5,2026-07-30T17:06:47.661264
27,12,3,5,0,5,2026-07-30T17:06:48.037856
27,12,4,5,0,5,2026-07-30T17:06:49.003027
27,12,5,5,0,5,2026-07-30T17:06:48.193925
27,12,6,5,0,5,2026-07-30T17:06:48.858085
27,12,7,5,0,5,2026-07-30T17:06:48.704890
27,12,8,5,0,5,2026-07-30T17:06:48.884695
27,12,9,5,0,5,2026-07-30T17:06:49.247257
27,12,10,5,0,5,2026-07-30T17:06:49.469513
27,13,1,5,0,5,2026-07-30T17:06:49.389577
27,13,2,5,0,5,2026-07-30T17:06:50.045835
27,13,3,5,0,5,2026-07-30T17:06:49.752506
27,13,4,5,0,5,2026-07-30T17:06:50.679296
27,13,5,5,0,5,2026-07-30T17:06:50.121207
27,13,6,5,0,5,2026-07-30T17:06:50.244546
27,13,7,5,0,5,2026-07-30T17:06:50.485290
27,13,8,5,0,5,2026-07-30T17:06:51.235084
27,13,9,5,0,5,2026-07-30T17:06:50.684678
27,13,10,5,0,5,2026-07-30T17:06:50.988798
27,14,1,5,0,5,2026-07-30T17:06:51.089326
27,14,2,5,0,5,2026-07-30T17:06:51.569122
27,14,3,5,0,5,2026-07-30T17:06:51.879791
27,14,4,5,0,5,2026-07-30T17:06:51.933690
27,14,5,5,0,5,2026-07-30T17:06:52.313478
27,14,6,5,0,5,2026-07-30T17:06:52.508331
27,14,7,5,0,5,2026-07-30T17:06:52.237145
27,14,8,5,0,5,2026-07-30T17:06:52.715218
27,14,9,5,0,5,2026-07-30T17:06:52.484583
27,14,10,5,0,5,2026-07-30T17:06:52.820223
27,15,1,5,0,5,2026-07-30T17:06:53.123106
27,15,2,5,0,5,2026-07-30T17:06:53.756261
27,15,3,5,0,5,2026-07-30T17:06:54.301080
27,15,4,5,0,5,2026-07-30T17:06:53.954895
27,15,5,5,0,5,2026-07-30T17:06:53.724132
27,15,6,5,0,5,2026-07-30T17:06:54.154907
27,15,7,5,0,5,2026-07-30T17:06:54.770398
27,15,8,5,0,5,2026-07-30T17:06:54.859444
27,15,9,5,0,5,2026-07-30T17:06:54.589385
27,15,10,5,0,5,2026-07-30T17:06:55.370609
27,16,1,5,0,5,2026-07-30T17:06:54.810415
27,16,2,5,0,5,2026-07-30T17:06:56.006131
27,16,3,5,0,5,2026-07-30T17:06:56.206675
27,16,4,5,0,5,2026-07-30T17:06:55.952365
27,16,5,5,0,5,2026-07-30T17:06:56.223212
27,16,6,5,0,5,2026-07-30T17:06:56.833054
27,16,7,5,0,5,2026-07-30T17:06:56.082510
27,16,8,5,0,5,2026-07-30T17:06:56.505610
27,16,9,5,0,5,2026-07-30T17:06:57.027147
27,16,10,5,0,5,2026-07-30T17:06:57.810922
27,17,1,5,0,5,2026-07-30T17:06:57.646109
27,17,2,5,0,5,2026-07-30T17:06:57.088553
27,17,3,5,0,5,2026-07-30T17:06:57.464587
27,17,4,5,0,5,2026-07-30T17:06:57.222493
27,17,5,5,0,5,2026-07-30T17:06:57.756907
27,17,6,5,0,5,2026-07-30T17:06:58.499653
27,17,7,5,0,5,2026-07-30T17:06:58.693156
27,17,8,5,0,5,2026-07-30T17:06:58.957914
27,17,9,5,0,5,2026-07-30T17:06:58.871924
27,17,10,5,0,5,2026-07-30T17:06:58.693210
27,18,1,0,0,0,2026-07-30T17:06:59.716959
27,18,2,0,0,0,2026-07-30T17:06:58.782233
27,18,3,0,0,0,2026-07-30T17:06:59.469431
27,18,4,0,0,0,2026-07-30T17:07:00.557715
27,18,5,5,0,5,2026-07-30T17:06:59.924934
27,18,6,0,0,0,2026-07-30T17:06:59.920282
27,18,7,5,0,5,2026-07-30T17:07:00.639574
27,18,8,5,0,5,2026-07-30T17:07:00.280485
27,18,9,0,0,0,2026-07-30T17:07:00.164056
27,18,10,0,0,0,2026-07-30T17:07:00.926816
27,19,1,0,0,0,2026-07-30T17:07:01.168924
27,19,2,5,0,5,2026-07-30T17:07:01.737147
27,19,3,5,0,5,2026-07-30T17:07:01.572827
27,19,4,5,0,5,2026-07-30T17:07:02.026617
27,19,5,5,0,5,2026-07-30T17:07:01.505466
27,19,6,0,0,0,2026-07-30T17:07:01.988979
27,19,7,5,0,5,2026-07-30T17:07:02.254215
27,19,8,5,0,5,2026-07-30T17:07:01.983095
27,19,9,0,0,0,2026-07-30T17:07:02.830545
27,19,10,5,0,5,2026-07-30T17:07:02.947588
27,20,1,5,0,5,2026-07-30T17:07:02.598491
27,20,2,5,0,5,2026-07-30T17:07:03.196754
27,20,3,5,0,5,2026-07-30T17:07:03.817802
27,20,4,5,0,5,2026-07-30T17:07:03.845527
27,20,5,5,0,5,2026-07-30T17:07:03.526727
27,20,6,5,0,5,2026-07-30T17:07:03.251399
27,20,7,5,0,5,2026-07-30T17:07:03.641445
27,20,8,5,0,5,2026-07-30T17:07:03.873519
27,20,9,5,0,5,2026-07-30T17:07:04.807667
27,20,10,5,0,5,2026-07-30T17:07:04.416990
27,21,1,5,0,5,2026-07-30T17:07:05.084454
27,21,2,5,0,5,2026-07-30T17:07:04.552341
27,21,3,5,0,5,2026-07-30T17:07:05.266713
27,21,4,5,0,5,2026-07-30T17:07:05.672974
27,21,5,5,0,5,2026-07-30T17:07:05.315692
27,21,6,5,0,5,2026-07-30T17:07:05.697932
27,21,7,5,0,5,2026-07-30T17:07:06.264839
27,21,8,5,0,5,2026-07-30T17:07:05.964609
27,21,9,5,0,5,2026-07-30T17:07:06.653759
27,21,10,5,0,5,2026-07-30T17:07:06.113241
27,22,1,5,0,5,2026-07-30T17:07:06.505501
27,22,2,5,0,5,2026-07-30T17:07:06.343941
27,22,3,5,0,5,2026-07-30T17:07:07.306504
27,22,4,5,0,5,2026-07-30T17:07:07.134230
27,22,5,5,0,5,2026-07-30T17:07:07.204253
27,22,6,5,0,5,2026-07-30T17:07:07.922054
27,22,7,5,0,5,2026-07-30T17:07:07.489538
27,22,8,5,0,5,2026-07-30T17:07:07.604749
27,22,9,5,0,5,2026-07-30T17:07:08.140128
27,22,10,5,0,5,2026-07-30T17:07:08.288064
27,23,1,5,0,5,2026-07-30T17:07:08.955951
27,23,2,5,0,5,2026-07-30T17:07:08.447440
27,23,3,5,0,5,2026-07-30T17:07:09.154616
27,23,4,5,0,5,2026-07-30T17:07:08.946005
27,23,5,5,0,5,2026-07-30T17:07:09.463164
27,23,6,5,0,5,2026-07-30T17:07:09.547212
27,23,7,5,0,5,2026-07-30T17:07:09.612166
27,23,8,5,0,5,2026-07-30T17:07:09.320396
27,23,9,5,0,5,2026-07-30T17:07:09.896956
27,23,10,5,0,5,2026-07-30T17:07:10.576599
27,24,1,5,0,5,2026-07-30T17:07:10.200385
27,24,2,5,0,5,2026-07-30T17:07:10.233282
27,24,3,5,0,5,2026-07-30T17:07:10.570656
27,24,4,5,0,5,2026-07-30T17:07:10.718232
27,24,5,5,0,5,2026-07-30T17:07:10.986147
27,24,6,5,0,5,2026-07-30T17:07:11.454006
27,24,7,5,0,5,2026-07-30T17:07:11.727826
27,24,8,5,0,5,2026-07-30T17:07:11.859303
27,24,9,5,0,5,2026-07-30T17:07:11.258941
27,24,10,5,0,5,2026-07-30T17:07:12.430894
27,25,1,5,0,5,2026-07-30T17:07:12.199147
27,25,2,5,0,5,2026-07-30T17:07:11.951880
27,25,3,5,0,5,2026-07-30T17:07:12.223478
27,25,4,5,0,5,2026-07-30T17:07:12.510529
27,25,5,5,0,5,2026-07-30T17:07:13.116201
27,25,6,5,0,5,2026-07-30T17:07:13.358190
27,25,7,5,0,5,2026-07-30T17:07:13.685874
27,25,8,5,0,5,2026-07-30T17:07:13.392108
27,25,9,5,0,5,2026-07-30T17:07:14.076071
27,25,10,5,0,5,2026-07-30T17:07:14.251413
27,26,1,5,0,5,2026-07-30T17:07:13.873349
27,26,2,5,0,5,2026-07-30T17:07:13.550503
27,26,3,5,0,5,2026-07-30T17:07:14.776625
27,26,4,5,0,5,2026-07-30T17:07:14.795370
27,26,5,5,0,5,2026-07-30T17:07:14.629466
27,26,6,5,0,5,2026-07-30T17:07:14.778161
27,26,7,5,0,5,2026-07-30T17:07:15.316213
27,26,8,5,0,5,2026-07-30T17:07:15.738474
27,26,9,5,0,5,2026-07-30T17:07:15.509651
27,26,10,5,0,5,2026-07-30T17:07:15.894657
27,27,1,5,0,5,2026-07-30T17:07:16.273070
27,27,2,5,0,5,2026-07-30T17:07:16.399863
27,27,3,5,0,5,2026-07-30T17:07:16.606744
27,27,4,5,0,5,2026-07-30T17:07:16.222002
27,27,5,5,0,5,2026-07-30T17:07:17.178797
27,27,6,5,0,5,2026-07-30T17:07:17.130020
27,27,7,5,0,5,2026-07-30T17:07:17.350878
27,27,8,5,0,5,2026-07-30T17:07:17.769310
27,27,9,5,0,5,2026-07-30T17:07:17.467033
27,27,10,5,0,5,2026-07-30T17:07:18.118993
27,28,1,5,0,5,2026-07-30T17:07:18.463935
27,28,2,5,0,5,2026-07-30T17:07:17.638715
27,28,3,5,0,5,2026-07-30T17:07:18.163181
27,28,4,5,0,5,2026-07-30T17:07:18.437714
27,28,5,5,0,5,2026-07-30T17:07:18.573410
27,28,6,5,0,5,2026-07-30T17:07:18.734864
27,28,7,5,0,5,2026-07-30T17:07:18.884233
27,28,8,5,0,5,2026-07-30T17:07:18.994866
27,28,9,3,0,3,2026-07-30T17:07:19.961813
27,28,10,5,0,5,2026-07-30T17:07:19.183204
27,29,1,5,0,5,2026-07-30T17:07:20.054683
27,29,2,5,0,5,2026-07-30T17:07:19.682793
27,29,3,5,0,5,2026-07-30T17:07:20.009634
27,29,4,0,0,0,2026-07-30T17:07:19.954054
27,29,5,5,0,5,2026-07-30T17:07:20.524755
27,29,6,5,0,5,2026-07-30T17:07:20.836243
27,29,7,3,0,3,2026-07-30T17:07:20.201474
27,29,8,5,0,5,2026-07-30T17:07:21.317941
27,29,9,5,0,5,2026-07-30T17:07:21.587748
27,29,10,5,0,5,2026-07-30T17:07:21.184078
27,30,1,5,0,5,2026-07-30T17:07:22.078736
27,30,2,5,0,5,2026-07-30T17:07:21.075317
27,30,3,5,0,5,2026-07-30T17:07:21.236546
27,30,4,5,0,5,2026-07-30T17:07:21.764516
27,30,5,5,0,5,2026-07-30T17:07:22.288819
27,30,6,5,0,5,2026-07-30T17:07:22.350324
27,30,7,5,0,5,2026-07-30T17:07:22.649492
27,30,8,5,0,5,2026-07-30T17:07:23.110967
27,30,9,5,0,5,2026-07-30T17:07:22.548915
27,30,10,5,0,5,2026-07-30T17:07:23.052571
28,1,1,5,0,5,2026-07-30T17:07:23.425255
28,1,2,5,0,5,2026-07-30T17:07:23.520018
28,1,3,5,0,5,2026-07-30T17:07:23.528198
28,1,4,5,0,5,2026-07-30T17:07:23.975962
28,1,5,5,0,5,2026-07-30T17:07:24.014813
28,1,6,5,0,5,2026-07-30T17:07:23.889523
28,1,7,5,0,5,2026-07-30T17:07:24.494077
28,1,8,5,0,5,2026-07-30T17:07:25.152714
28,1,9,5,0,5,2026-07-30T17:07:24.645648
28,1,10,5,0,5,2026-07-30T17:07:24.964756
28,2,1,5,0,5,2026-07-30T17:07:24.780073
28,2,2,5,0,5,2026-07-30T17:07:25.746360
28,2,3,5,0,5,2026-07-30T17:07:25.424402
28,2,4,5,0,5,2026-07-30T17:07:25.656806
28,2,5,5,0,5,2026-07-30T17:07:25.936811
28,2,6,5,0,5,2026-07-30T17:07:26.292825
28,2,7,5,0,5,2026-07-30T17:07:26.021101
28,2,8,5,0,5,2026-07-30T17:07:26.389841
28,2,9,5,0,5,2026-07-30T17:07:26.159350
28,2,10,5,0,5,2026-07-30T17:07:26.846383
28,3,1,5,0,5,2026-07-30T17:07:27.713605
28,3,2,4,0,4,2026-07-30T17:07:27.190532
28,3,3,5,0,5,2026-07-30T17:07:27.419854
28,3,4,0,0,0,2026-07-30T17:07:27.849690
28,3,5,0,0,0,2026-07-30T17:07:27.210000
28,3,6,5,0,5,2026-07-30T17:07:27.330868
28,3,7,4,0,4,2026-07-30T17:07:28.037880
28,3,8,2,0,2,2026-07-30T17:07:28.648742
28,3,9,5,0,5,2026-07-30T17:07:29.238700
28,3,10,5,0,5,2026-07-30T17:07:28.864564
28,4,1,0,0,0,2026-07-30T17:07:28.596695
28,4,2,0,0,0,2026-07-30T17:07:28.688209
28,4,3,0,0,0,2026-07-30T17:07:28.945511
28,4,4,0,0,0,2026-07-30T17:07:29.478042
28,4,5,0,0,0,2026-07-30T17:07:29.060988
28,4,6,0,0,0,2026-07-30T17:07:30.462422
28,4,7,0,0,0,2026-07-30T17:07:30.304349
28,4,8,4,0,4,2026-07-30T17:07:30.754802
28,4,9,0,0,0,2026-07-30T17:07:30.727680
28,4,10,0,0,0,2026-07-30T17:07:30.582451
28,5,1,0,0,0,2026-07-30T17:07:30.527615
28,5,2,0,0,0,2026-07-30T17:07:30.267064
28,5,3,0,0,0,2026-07-30T17:07:30.931956
28,5,4,0,0,0,2026-07-30T17:07:31.942804
28,5,5,0,0,0,2026-07-30T17:07:31.337621
28,5,6,0,0,0,2026-07-30T17:07:32.109088
28,5,7,0,0,0,2026-07-30T17:07:31.761635
28,5,8,0,0,0,2026-07-30T17:07:31.605560
28,5,9,0,0,0,2026-07-30T17:07:32.143167
28,5,10,0,0,0,2026-07-30T17:07:32.817467
28,6,1,5,0,5,2026-07-30T17:07:32.780020
28,6,2,5,0,5,2026-07-30T17:07:32.580348
28,6,3,5,0,5,2026-07-30T17:07:33.486220
28,6,4,5,0,5,2026-07-30T17:07:33.000149
28,6,5,5,0,5,2026-07-30T17:07:33.399491
28,6,6,5,0,5,2026-07-30T17:07:33.740909
28,6,7,5,0,5,2026-07-30T17:07:33.380061
28,6,8,5,0,5,2026-07-30T17:07:34.631740
28,6,9,5,0,5,2026-07-30T17:07:34.027681
28,6,10,5,0,5,2026-07-30T17:07:34.874033
28,7,1,5,0,5,2026-07-30T17:07:34.038696
28,7,2,5,0,5,2026-07-30T17:07:34.824822
28,7,3,5,0,5,2026-07-30T17:07:35.029378
28,7,4,5,0,5,2026-07-30T17:07:35.529970
28,7,5,5,0,5,2026-07-30T17:07:35.176457
28,7,6,5,0,5,2026-07-30T17:07:35.253940
28,7,7,5,0,5,2026-07-30T17:07:35.279720
28,7,8,5,0,5,2026-07-30T17:07:36.057345
28,7,9,5,0,5,2026-07-30T17:07:36.869614
28,7,10,5,0,5,2026-07-30T17:07:36.534204
28,8,1,5,0,5,2026-07-30T17:07:36.076057
28,8,2,5,0,5,2026-07-30T17:07:36.212747
28,8,3,5,0,5,2026-07-30T17:07:36.471580
28,8,4,5,0,5,2026-07-30T17:07:36.309506
28,8,5,5,0,5,2026-07-30T17:07:36.749529
28,8,6,5,0,5,2026-07-30T17:07:37.525795
28,8,7,5,0,5,2026-07-30T17:07:37.701224
28,8,8,5,0,5,2026-07-30T17:07:37.626930
28,8,9,5,0,5,2026-07-30T17:07:37.986423
28,8,10,5,0,5,2026-07-30T17:07:37.908830
28,9,1,0,0,0,2026-07-30T17:07:38.161667
28,9,2,0,0,0,2026-07-30T17:07:37.993284
28,9,3,0,0,0,2026-07-30T17:07:38.307196
28,9,4,0,0,0,2026-07-30T17:07:39.363735
28,9,5,0,0,0,2026-07-30T17:07:39.074636
28,9,6,0,0,0,2026-07-30T17:07:39.157872
28,9,7,0,0,0,2026-07-30T17:07:39.744702
28,9,8,1,0,1,2026-07-30T17:07:39.221584
28,9,9,0,0,0,2026-07-30T17:07:39.414172
28,9,10,0,0,0,2026-07-30T17:07:39.417504
28,10,1,0,0,0,2026-07-30T17:07:39.530752
28,10,2,0,0,0,2026-07-30T17:07:39.909984
28,10,3,0,0,0,2026-07-30T17:07:40.193438
28,10,4,0,0,0,2026-07-30T17:07:40.852761
28,10,5,0,0,0,2026-07-30T17:07:40.828960
28,10,6,0,0,0,2026-07-30T17:07:41.292145
28,10,7,0,0,0,2026-07-30T17:07:41.251861
28,10,8,0,0,0,2026-07-30T17:07:40.562878
28,10,9,0,0,0,2026-07-30T17:07:41.372503
28,10,10,0,0,0,2026-07-30T17:07:40.940480
28,11,1,5,0,5,2026-07-30T17:07:41.255901
28,11,2,5,0,5,2026-07-30T17:07:41.613653
28,11,3,5,0,5,2026-07-30T17:07:42.685290
28,11,4,5,0,5,2026-07-30T17:07:42.499036
28,11,5,5,0,5,2026-07-30T17:07:42.176901
28,11,6,5,0,5,2026-07-30T17:07:43.304344
28,11,7,5,0,5,2026-07-30T17:07:42.461613
28,11,8,5,0,5,2026-07-30T17:07:43.152055
28,11,9,5,0,5,2026-07-30T17:07:43.007455
28,11,10,5,0,5,2026-07-30T17:07:42.838768
28,12,1,5,0,5,2026-07-30T17:07:43.638369
28,12,2,5,0,5,2026-07-30T17:07:44.335814
28,12,3,5,0,5,2026-07-30T17:07:43.725551
28,12,4,5,0,5,2026-07-30T17:07:43.936056
28,12,5,5,0,5,2026-07-30T17:07:44.071729
28,12,6,5,0,5,2026-07-30T17:07:44.667110
28,12,7,5,0,5,2026-07-30T17:07:44.790795
28,12,8,5,0,5,2026-07-30T17:07:44.355724
28,12,9,5,0,5,2026-07-30T17:07:44.869713
28,12,10,5,0,5,2026-07-30T17:07:45.181965
28,13,1,5,0,5,2026-07-30T17:07:45.352644
28,13,2,5,0,5,2026-07-30T17:07:45.525886
28,13,3,5,0,5,2026-07-30T17:07:45.785430
28,13,4,5,0,5,2026-07-30T17:07:46.015425
28,13,5,5,0,5,2026-07-30T17:07:45.884291
28,13,6,0,0,0,2026-07-30T17:07:46.635005
28,13,7,5,0,5,2026-07-30T17:07:46.133294
28,13,8,3,0,3,2026-07-30T17:07:46.236236
28,13,9,3,0,3,2026-07-30T17:07:47.185960
28,13,10,5,0,5,2026-07-30T17:07:46.365501
28,14,1,5,0,5,2026-07-30T17:07:47.626089
28,14,2,5,0,5,2026-07-30T17:07:47.345925
28,14,3,5,0,5,2026-07-30T17:07:47.860518
28,14,4,5,0,5,2026-07-30T17:07:47.803716
28,14,5,5,0,5,2026-07-30T17:07:47.234035
28,14,6,5,0,5,2026-07-30T17:07:48.395707
28,14,7,5,0,5,2026-07-30T17:07:48.468754
28,14,8,5,0,5,2026-07-30T17:07:48.239683
28,14,9,5,0,5,2026-07-30T17:07:48.686706
28,14,10,5,0,5,2026-07-30T17:07:48.389264
28,15,1,5,0,5,2026-07-30T17:07:48.658479
28,15,2,5,0,5,2026-07-30T17:07:49.058110
28,15,3,5,0,5,2026-07-30T17:07:49.305170
28,15,4,0,0,0,2026-07-30T17:07:50.338246
28,15,5,5,0,5,2026-07-30T17:07:49.632705
28,15,6,5,0,5,2026-07-30T17:07:50.052923
28,15,7,5,0,5,2026-07-30T17:07:49.712626
28,15,8,5,0,5,2026-07-30T17:07:49.894978
28,15,9,5,0,5,2026-07-30T17:07:50.327565
28,15,10,5,0,5,2026-07-30T17:07:50.687628
28,16,1,5,0,5,2026-07-30T17:07:50.964175
28,16,2,5,0,5,2026-07-30T17:07:51.470787
28,16,3,5,0,5,2026-07-30T17:07:50.740384
28,16,4,5,0,5,2026-07-30T17:07:51.359371
28,16,5,5,0,5,2026-07-30T17:07:51.924623
28,16,6,5,0,5,2026-07-30T17:07:52.164361
28,16,7,5,0,5,2026-07-30T17:07:51.775518
28,16,8,5,0,5,2026-07-30T17:07:51.921318
28,16,9,5,0,5,2026-07-30T17:07:52.600054
28,16,10,5,0,5,2026-07-30T17:07:53.010046
28,17,1,5,0,5,2026-07-30T17:07:52.981449
28,17,2,5,0,5,2026-07-30T17:07:53.309021
28,17,3,5,0,5,2026-07-30T17:07:53.018891
28,17,4,4,0,4,2026-07-30T17:07:53.981972
28,17,5,5,0,5,2026-07-30T17:07:53.970784
28,17,6,5,0,5,2026-07-30T17:07:53.620908
28,17,7,5,0,5,2026-07-30T17:07:54.440248
28,17,8,5,0,5,2026-07-30T17:07:54.852921
28,17,9,0,0,0,2026-07-30T17:07:54.445589
28,17,10,5,0,5,2026-07-30T17:07:54.237287
28,18,1,5,0,5,2026-07-30T17:07:55.147725
28,18,2,5,0,5,2026-07-30T17:07:55.282855
28,18,3,5,0,5,2026-07-30T17:07:55.600704
28,18,4,5,0,5,2026-07-30T17:07:56.218905
28,18,5,5,0,5,2026-07-30T17:07:55.887475
28,18,6,5,0,5,2026-07-30T17:07:56.085792
28,18,7,5,0,5,2026-07-30T17:07:56.103907
28,18,8,5,0,5,2026-07-30T17:07:56.723939
28,18,9,5,0,5,2026-07-30T17:07:56.194133
28,18,10,5,0,5,2026-07-30T17:07:56.508537
28,19,1,5,0,5,2026-07-30T17:07:57.077161
28,19,2,5,0,5,2026-07-30T17:07:57.725789
28,19,3,5,0,5,2026-07-30T17:07:57.743136
28,19,4,5,0,5,2026-07-30T17:07:57.928297
28,19,5,5,0,5,2026-07-30T17:07:57.429593
28,19,6,5,0,5,2026-07-30T17:07:58.052904
28,19,7,5,0,5,2026-07-30T17:07:57.956341
28,19,8,5,0,5,2026-07-30T17:07:58.576549
28,19,9,5,0,5,2026-07-30T17:07:58.320752
28,19,10,5,0,5,2026-07-30T17:07:59.295269
28,20,1,5,0,5,2026-07-30T17:07:59.735829
28,20,2,5,0,5,2026-07-30T17:07:59.592524
28,20,3,5,0,5,2026-07-30T17:07:58.966576
28,20,4,5,0,5,2026-07-30T17:07:59.790057
28,20,5,5,0,5,2026-07-30T17:07:59.695310
28,20,6,5,0,5,2026-07-30T17:07:59.773659
28,20,7,5,0,5,2026-07-30T17:08:00.025706
28,20,8,5,0,5,2026-07-30T17:08:00.020281
28,20,9,5,0,5,2026-07-30T17:08:00.715157
28,20,10,5,0,5,2026-07-30T17:08:01.244841
28,21,1,5,0,5,2026-07-30T17:08:00.901152
28,21,2,5,0,5,2026-07-30T17:08:01.181420
28,21,3,5,0,5,2026-07-30T17:08:01.416360
28,21,4,5,0,5,2026-07-30T17:08:01.441086
28,21,5,5,0,5,2026-07-30T17:08:01.260909
28,21,6,5,0,5,2026-07-30T17:08:01.903509
28,21,7,5,0,5,2026-07-30T17:08:02.117401
28,21,8,5,0,5,2026-07-30T17:08:02.757218
28,21,9,5,0,5,2026-07-30T17:08:02.993024
28,21,10,5,0,5,2026-07-30T17:08:02.281766
28,22,1,5,0,5,2026-07-30T17:08:02.493760
28,22,2,5,0,5,2026-07-30T17:08:03.036520
28,22,3,5,0,5,2026-07-30T17:08:02.869288
28,22,4,5,0,5,2026-07-30T17:08:03.549983
28,22,5,5,0,5,2026-07-30T17:08:03.735289
28,22,6,5,0,5,2026-07-30T17:08:04.103724
28,22,7,5,0,5,2026-07-30T17:08:04.551882
28,22,8,5,0,5,2026-07-30T17:08:03.802455
28,22,9,5,0,5,2026-07-30T17:08:04.318429
28,22,10,5,0,5,2026-07-30T17:08:04.237087
28,23,1,5,0,5,2026-07-30T17:08:04.262379
28,23,2,5,0,5,2026-07-30T17:08:04.994535
28,23,3,5,0,5,2026-07-30T17:08:05.588061
28,23,4,5,0,5,2026-07-30T17:08:05.831454
28,23,5,5,0,5,2026-07-30T17:08:05.342068
28,23,6,5,0,5,2026-07-30T17:08:05.859971
28,23,7,5,0,5,2026-07-30T17:08:05.506614
28,23,8,5,0,5,2026-07-30T17:08:05.765864
28,23,9,5,0,5,2026-07-30T17:08:06.392657
28,23,10,5,0,5,2026-07-30T17:08:06.031336
28,24,1,5,0,5,2026-07-30T17:08:06.978640
28,24,2,5,0,5,2026-07-30T17:08:07.148619
28,24,3,5,0,5,2026-07-30T17:08:07.451909
28,24,4,5,0,5,2026-07-30T17:08:07.216133
28,24,5,5,0,5,2026-07-30T17:08:07.482904
28,24,6,5,0,5,2026-07-30T17:08:07.091491
28,24,7,5,0,5,2026-07-30T17:08:07.075784
28,24,8,5,0,5,2026-07-30T17:08:07.822128
28,24,9,5,0,5,2026-07-30T17:08:08.629127
28,24,10,5,0,5,2026-07-30T17:08:08.138627
28,25,1,0,0,0,2026-07-30T17:08:09.116659
28,25,2,0,0,0,2026-07-30T17:08:08.784470
28,25,3,5,0,5,2026-07-30T17:08:08.845348
28,25,4,5,0,5,2026-07-30T17:08:08.895926
28,25,5,0,0,0,2026-07-30T17:08:08.541781
28,25,6,0,0,0,2026-07-30T17:08:09.666933
28,25,7,0,0,0,2026-07-30T17:08:09.385345
28,25,8,0,0,0,2026-07-30T17:08:10.186605
28,25,9,5,0,5,2026-07-30T17:08:09.849367
28,25,10,0,0,0,2026-07-30T17:08:10.022640
28,26,1,5,0,5,2026-07-30T17:08:10.693122
28,26,2,5,0,5,2026-07-30T17:08:10.507055
28,26,3,5,0,5,2026-07-30T17:08:10.567330
28,26,4,5,0,5,2026-07-30T17:08:11.031725
28,26,5,5,0,5,2026-07-30T17:08:11.297637
28,26,6,5,0,5,2026-07-30T17:08:11.676239
28,26,7,5,0,5,2026-07-30T17:08:11.664478
28,26,8,5,0,5,2026-07-30T17:08:11.816164
28,26,9,5,0,5,2026-07-30T17:08:12.323534
28,26,10,5,0,5,2026-07-30T17:08:11.830814
28,27,1,5,0,5,2026-07-30T17:08:12.353575
28,27,2,5,0,5,2026-07-30T17:08:12.658929
28,27,3,5,0,5,2026-07-30T17:08:12.945077
28,27,4,5,0,5,2026-07-30T17:08:13.099211
28,27,5,5,0,5,2026-07-30T17:08:13.705040
28,27,6,5,0,5,2026-07-30T17:08:13.244877
28,27,7,5,0,5,2026-07-30T17:08:13.244107
28,27,8,4,0,4,2026-07-30T17:08:14.178591
28,27,9,5,0,5,2026-07-30T17:08:13.981533
28,27,10,5,0,5,2026-07-30T17:08:14.109310
28,28,1,5,0,5,2026-07-30T17:08:14.981989
28,28,2,5,0,5,2026-07-30T17:08:15.360700
28,28,3,5,0,5,2026-07-30T17:08:14.689066
28,28,4,5,0,5,2026-07-30T17:08:14.674665
28,28,5,3,0,3,2026-07-30T17:08:14.952003
28,28,6,4,0,4,2026-07-30T17:08:15.849201
28,28,7,5,0,5,2026-07-30T17:08:15.562924
28,28,8,5,0,5,2026-07-30T17:08:15.437822
28,28,9,5,0,5,2026-07-30T17:08:16.521987
28,28,10,5,0,5,2026-07-30T17:08:16.120015
28,29,1,5,0,5,2026-07-30T17:08:16.827928
28,29,2,5,0,5,2026-07-30T17:08:16.426096
28,29,3,5,0,5,2026-07-30T17:08:16.622474
28,29,4,5,0,5,2026-07-30T17:08:16.674496
28,29,5,5,0,5,2026-07-30T17:08:16.623771
28,29,6,5,0,5,2026-07-30T17:08:17.904969
28,29,7,5,0,5,2026-07-30T17:08:18.178781
28,29,8,5,0,5,2026-07-30T17:08:18.474775
28,29,9,5,0,5,2026-07-30T17:08:18.601725
28,29,10,5,0,5,2026-07-30T17:08:17.634263
28,30,1,5,0,5,2026-07-30T17:08:18.491436
28,30,2,5,0,5,2026-07-30T17:08:17.899916
28,30,3,5,0,5,2026-07-30T17:08:18.283761
28,30,4,5,0,5,2026-07-30T17:08:19.460546
28,30,5,5,0,5,2026-07-30T17:08:19.110258
28,30,6,5,0,5,2026-07-30T17:08:18.948093
28,30,7,5,0,5,2026-07-30T17:08:20.224746
28,30,8,5,0,5,2026-07-30T17:08:19.733433
28,30,9,5,0,5,2026-07-30T17:08:19.902406
28,30,10,5,0,5,2026-07-30T17:08:20.330710
29,1,1,5,0,5,2026-07-30T17:08:20.047348
29,1,2,3,0,3,2026-07-30T17:08:20.611149
29,1,3,5,0,5,2026-07-30T17:08:21.138455
29,1,4,2,0,2,2026-07-30T17:08:20.695512
29,1,5,5,0,5,2026-07-30T17:08:20.976745
29,1,6,5,0,5,2026-07-30T17:08:20.912528
29,1,7,5,0,5,2026-07-30T17:08:21.299092
29,1,8,5,0,5,2026-07-30T17:08:21.873219
29,1,9,5,0,5,2026-07-30T17:08:22.173417
29,1,10,5,0,5,2026-07-30T17:08:22.005946
29,2,1,5,0,5,2026-07-30T17:08:22.547874
29,2,2,5,0,5,2026-07-30T17:08:22.555272
29,2,3,5,0,5,2026-07-30T17:08:22.818196
29,2,4,5,0,5,2026-07-30T17:08:22.773736
29,2,5,5,0,5,2026-07-30T17:08:22.757982
29,2,6,5,0,5,2026-07-30T17:08:23.508742
29,2,7,5,0,5,2026-07-30T17:08:23.027705
29,2,8,5,0,5,2026-07-30T17:08:23.783608
29,2,9,5,0,5,2026-07-30T17:08:24.598933
29,2,10,5,0,5,2026-07-30T17:08:24.193418
29,3,1,5,0,5,2026-07-30T17:08:24.000509
29,3,2,0,0,0,2026-07-30T17:08:24.629813
29,3,3,0,0,0,2026-07-30T17:08:24.465079
29,3,4,0,0,0,2026-07-30T17:08:24.878075
29,3,5,0,0,0,2026-07-30T17:08:25.339734
29,3,6,0,0,0,2026-07-30T17:08:25.406198
29,3,7,0,0,0,2026-07-30T17:08:25.027183
29,3,8,0,0,0,2026-07-30T17:08:25.416376
29,3,9,0,0,0,2026-07-30T17:08:25.720603
29,3,10,0,0,0,2026-07-30T17:08:26.644165
29,4,1,0,0,0,2026-07-30T17:08:25.862354
29,4,2,0,0,0,2026-07-30T17:08:26.083172
29,4,3,0,0,0,2026-07-30T17:08:26.885184
29,4,4,0,0,0,2026-07-30T17:08:27.197337
29,4,5,0,0,0,2026-07-30T17:08:27.070673
29,4,6,0,0,0,2026-07-30T17:08:27.284171
29,4,7,0,0,0,2026-07-30T17:08:27.364431
29,4,8,0,0,0,2026-07-30T17:08:27.294014
29,4,9,0,0,0,2026-07-30T17:08:27.475505
29,4,10,0,0,0,2026-07-30T17:08:27.709456
29,5,1,0,0,0,2026-07-30T17:08:28.528999
29,5,2,0,0,0,2026-07-30T17:08:28.095466
29,5,3,0,0,0,2026-07-30T17:08:29.011347
29,5,4,0,0,0,2026-07-30T17:08:28.727145
29,5,5,0,0,0,2026-07-30T17:08:29.346160
29,5,6,0,0,0,2026-07-30T17:08:29.404785
29,5,7,0,0,0,2026-07-30T17:08:29.523399
29,5,8,0,0,0,2026-07-30T17:08:28.942499
29,5,9,0,0,0,2026-07-30T17:08:29.980285
29,5,10,0,0,0,2026-07-30T17:08:29.583620
29,6,1,5,0,5,2026-07-30T17:08:30.172080
29,6,2,5,0,5,2026-07-30T17:08:30.393547
29,6,3,5,0,5,2026-07-30T17:08:30.465777
29,6,4,5,0,5,2026-07-30T17:08:30.592640
29,6,5,5,0,5,2026-07-30T17:08:30.632129
29,6,6,5,0,5,2026-07-30T17:08:31.150590
29,6,7,5,0,5,2026-07-30T17:08:30.832615
29,6,8,5,0,5,2026-07-30T17:08:31.051943
29,6,9,5,0,5,2026-07-30T17:08:31.403571
29,6,10,5,0,5,2026-07-30T17:08:31.646159
29,7,1,5,0,5,2026-07-30T17:08:32.325633
29,7,2,5,0,5,2026-07-30T17:08:32.021838
29,7,3,5,0,5,2026-07-30T17:08:32.756982
29,7,4,5,0,5,2026-07-30T17:08:32.293914
29,7,5,5,0,5,2026-07-30T17:08:32.288683
29,7,6,5,0,5,2026-07-30T17:08:32.588188
29,7,7,5,0,5,2026-07-30T17:08:33.056642
29,7,8,5,0,5,2026-07-30T17:08:33.298616
29,7,9,5,0,5,2026-07-30T17:08:33.882918
29,7,10,5,0,5,2026-07-30T17:08:33.737872
29,8,1,0,0,0,2026-07-30T17:08:33.523586
29,8,2,5,0,5,2026-07-30T17:08:33.961070
29,8,3,0,0,0,2026-07-30T17:08:34.206784
29,8,4,0,0,0,2026-07-30T17:08:34.393654
29,8,5,0,0,0,2026-07-30T17:08:34.709331
29,8,6,0,0,0,2026-07-30T17:08:34.911775
29,8,7,0,0,0,2026-07-30T17:08:35.178514
29,8,8,0,0,0,2026-07-30T17:08:35.766791
29,8,9,0,0,0,2026-07-30T17:08:34.924043
29,8,10,0,0,0,2026-07-30T17:08:35.609475
29,9,1,0,0,0,2026-07-30T17:08:35.444602
29,9,2,0,0,0,2026-07-30T17:08:35.409561
29,9,3,0,0,0,2026-07-30T17:08:36.532803
29,9,4,0,0,0,2026-07-30T17:08:36.319511
29,9,5,0,0,0,2026-07-30T17:08:35.981140
29,9,6,0,0,0,2026-07-30T17:08:36.423397
29,9,7,0,0,0,2026-07-30T17:08:36.428466
29,9,8,0,0,0,2026-07-30T17:08:36.882669
29,9,9,0,0,0,2026-07-30T17:08:36.638151
29,9,10,0,0,0,2026-07-30T17:08:37.626486
29,10,1,0,0,0,2026-07-30T17:08:37.028381
29,10,2,0,0,0,2026-07-30T17:08:37.346074
29,10,3,0,0,0,2026-07-30T17:08:37.666507
29,10,4,0,0,0,2026-07-30T17:08:38.291441
29,10,5,0,0,0,2026-07-30T17:08:38.404428
29,10,6,0,0,0,2026-07-30T17:08:37.881432
29,10,7,0,0,0,2026-07-30T17:08:38.336673
29,10,8,0,0,0,2026-07-30T17:08:38.500788
29,10,9,0,0,0,2026-07-30T17:08:38.608001
29,10,10,0,0,0,2026-07-30T17:08:39.283601
29,11,1,5,0,5,2026-07-30T17:08:39.312142
29,11,2,5,0,5,2026-07-30T17:08:39.117035
29,11,3,5,0,5,2026-07-30T17:08:39.914025
29,11,4,5,0,5,2026-07-30T17:08:39.762474
29,11,5,5,0,5,2026-07-30T17:08:40.071121
29,11,6,5,0,5,2026-07-30T17:08:39.734583
29,11,7,5,0,5,2026-07-30T17:08:39.658763
29,11,8,5,0,5,2026-07-30T17:08:40.763082
29,11,9,5,0,5,2026-07-30T17:08:41.128487
29,11,10,5,0,5,2026-07-30T17:08:40.766246
29,12,1,5,0,5,2026-07-30T17:08:41.109551
29,12,2,5,0,5,2026-07-30T17:08:41.360335
29,12,3,5,0,5,2026-07-30T17:08:40.996401
29,12,4,5,0,5,2026-07-30T17:08:41.550253
29,12,5,5,0,5,2026-07-30T17:08:41.310778
29,12,6,5,0,5,2026-07-30T17:08:41.798294
29,12,7,5,0,5,2026-07-30T17:08:41.770504
29,12,8,5,0,5,2026-07-30T17:08:42.638402
29,12,9,5,0,5,2026-07-30T17:08:42.925807
29,12,10,5,0,5,2026-07-30T17:08:42.165666
29,13,1,0,0,0,2026-07-30T17:08:42.938396
29,13,2,0,0,0,2026-07-30T17:08:43.009670
29,13,3,0,0,0,2026-07-30T17:08:43.183049
29,13,4,0,0,0,2026-07-30T17:08:42.786728
29,13,5,0,0,0,2026-07-30T17:08:43.436808
29,13,6,0,0,0,2026-07-30T17:08:43.806786
29,13,7,0,0,0,2026-07-30T17:08:43.872561
29,13,8,0,0,0,2026-07-30T17:08:44.031581
29,13,9,0,0,0,2026-07-30T17:08:43.956783
29,13,10,0,0,0,2026-07-30T17:08:44.793438
29,14,1,5,0,5,2026-07-30T17:08:44.673639
29,14,2,5,0,5,2026-07-30T17:08:45.022480
29,14,3,4,0,4,2026-07-30T17:08:45.112492
29,14,4,5,0,5,2026-07-30T17:08:45.629917
29,14,5,5,0,5,2026-07-30T17:08:45.886483
29,14,6,5,0,5,2026-07-30T17:08:45.005353
29,14,7,5,0,5,2026-07-30T17:08:45.068253
29,14,8,5,0,5,2026-07-30T17:08:46.113127
29,14,9,5,0,5,2026-07-30T17:08:46.019264
29,14,10,4,0,4,2026-07-30T17:08:46.594748
29,15,1,0,0,0,2026-07-30T17:08:46.243654
29,15,2,0,0,0,2026-07-30T17:08:46.099275
29,15,3,0,0,0,2026-07-30T17:08:46.361286
29,15,4,0,0,0,2026-07-30T17:08:47.055536
29,15,5,0,0,0,2026-07-30T17:08:47.345797
29,15,6,0,0,0,2026-07-30T17:08:47.462336
29,15,7,0,0,0,2026-07-30T17:08:47.537172
29,15,8,0,0,0,2026-07-30T17:08:47.334413
29,15,9,0,0,0,2026-07-30T17:08:47.893769
29,15,10,0,0,0,2026-07-30T17:08:47.797151
29,16,1,5,0,5,2026-07-30T17:08:48.052333
29,16,2,5,0,5,2026-07-30T17:08:48.300504
29,16,3,5,0,5,2026-07-30T17:08:49.190671
29,16,4,5,0,5,2026-07-30T17:08:49.186812
29,16,5,5,0,5,2026-07-30T17:08:48.703300
29,16,6,5,0,5,2026-07-30T17:08:48.982878
29,16,7,5,0,5,2026-07-30T17:08:49.869840
29,16,8,5,0,5,2026-07-30T17:08:49.546207
29,16,9,5,0,5,2026-07-30T17:08:49.118409
29,16,10,5,0,5,2026-07-30T17:08:49.955658
29,17,1,5,0,5,2026-07-30T17:08:49.960880
29,17,2,5,0,5,2026-07-30T17:08:50.216790
29,17,3,5,0,5,2026-07-30T17:08:50.784400
29,17,4,5,0,5,2026-07-30T17:08:50.826846
29,17,5,5,0,5,2026-07-30T17:08:51.230990
29,17,6,5,0,5,2026-07-30T17:08:51.601257
29,17,7,5,0,5,2026-07-30T17:08:51.561766
29,17,8,5,0,5,2026-07-30T17:08:51.409419
29,17,9,5,0,5,2026-07-30T17:08:51.173245
29,17,10,5,0,5,2026-07-30T17:08:51.843564
29,18,1,5,0,5,2026-07-30T17:08:52.629974
29,18,2,5,0,5,2026-07-30T17:08:52.253497
29,18,3,5,0,5,2026-07-30T17:08:52.822108
29,18,4,5,0,5,2026-07-30T17:08:53.086238
29,18,5,5,0,5,2026-07-30T17:08:52.435284
29,18,6,5,0,5,2026-07-30T17:08:53.001919
29,18,7,5,0,5,2026-07-30T17:08:53.270199
29,18,8,5,0,5,2026-07-30T17:08:53.275404
29,18,9,5,0,5,2026-07-30T17:08:53.696050
29,18,10,5,0,5,2026-07-30T17:08:54.298727
29,19,1,5,0,5,2026-07-30T17:08:53.892789
29,19,2,5,0,5,2026-07-30T17:08:54.667876
29,19,3,5,0,5,2026-07-30T17:08:55.069546
29,19,4,5,0,5,2026-07-30T17:08:54.738651
29,19,5,5,0,5,2026-07-30T17:08:54.907224
29,19,6,5,0,5,2026-07-30T17:08:54.290998
29,19,7,5,0,5,2026-07-30T17:08:54.945508
29,19,8,5,0,5,2026-07-30T17:08:55.136334
29,19,9,5,0,5,2026-07-30T17:08:55.355136
29,19,10,5,0,5,2026-07-30T17:08:56.164435
29,20,1,5,0,5,2026-07-30T17:08:55.921349
29,20,2,5,0,5,2026-07-30T17:08:56.168998
29,20,3,5,0,5,2026-07-30T17:08:56.759010
29,20,4,5,0,5,2026-07-30T17:08:56.399854
29,20,5,5,0,5,2026-07-30T17:08:56.154862
29,20,6,5,0,5,2026-07-30T17:08:56.177971
29,20,7,5,0,5,2026-07-30T17:08:57.192239
29,20,8,5,0,5,2026-07-30T17:08:57.363316
29,20,9,5,0,5,2026-07-30T17:08:57.802267
29,20,10,5,0,5,2026-07-30T17:08:57.597253
29,21,1,5,0,5,2026-07-30T17:08:57.612844
29,21,2,5,0,5,2026-07-30T17:08:57.220741
29,21,3,5,0,5,2026-07-30T17:08:58.418157
29,21,4,5,0,5,2026-07-30T17:08:58.424833
29,21,5,5,0,5,2026-07-30T17:08:58.428906
29,21,6,5,0,5,2026-07-30T17:08:58.850913
29,21,7,5,0,5,2026-07-30T17:08:58.413157
29,21,8,5,0,5,2026-07-30T17:08:59.446155
29,21,9,5,0,5,2026-07-30T17:08:59.449987
29,21,10,5,0,5,2026-07-30T17:08:59.617065
29,22,1,5,0,5,2026-07-30T17:09:00.458691
29,22,2,5,0,5,2026-07-30T17:09:00.073952
29,22,3,5,0,5,2026-07-30T17:08:59.453033
29,22,4,5,0,5,2026-07-30T17:08:59.899218
29,22,5,5,0,5,2026-07-30T17:09:00.294541
29,22,6,5,0,5,2026-07-30T17:09:00.675359
29,22,7,5,0,5,2026-07-30T17:09:00.883883
29,22,8,5,0,5,2026-07-30T17:09:00.530648
29,22,9,5,0,5,2026-07-30T17:09:01.261114
29,22,10,5,0,5,2026-07-30T17:09:01.363048
29,23,1,5,0,5,2026-07-30T17:09:01.331293
29,23,2,5,0,5,2026-07-30T17:09:01.742948
29,23,3,5,0,5,2026-07-30T17:09:01.489707
29,23,4,5,0,5,2026-07-30T17:09:01.941927
29,23,5,5,0,5,2026-07-30T17:09:02.097409
29,23,6,5,0,5,2026-07-30T17:09:02.147169
29,23,7,5,0,5,2026-07-30T17:09:02.294259
29,23,8,5,0,5,2026-07-30T17:09:02.560091
29,23,9,5,0,5,2026-07-30T17:09:03.023759
29,23,10,5,0,5,2026-07-30T17:09:02.722573
29,24,1,5,0,5,2026-07-30T17:09:03.011280
29,24,2,5,0,5,2026-07-30T17:09:02.944685
29,24,3,5,0,5,2026-07-30T17:09:03.128112
29,24,4,5,0,5,2026-07-30T17:09:04.021836
29,24,5,5,0,5,2026-07-30T17:09:04.123435
29,24,6,5,0,5,2026-07-30T17:09:03.990864
29,24,7,5,0,5,2026-07-30T17:09:04.341405
29,24,8,5,0,5,2026-07-30T17:09:04.195752
29,24,9,5,0,5,2026-07-30T17:09:04.254702
29,24,10,5,0,5,2026-07-30T17:09:04.476578
29,25,1,5,0,5,2026-07-30T17:09:04.989934
29,25,2,0,0,0,2026-07-30T17:09:05.862007
29,25,3,3,0,3,2026-07-30T17:09:06.074968
29,25,4,0,0,0,2026-07-30T17:09:05.772187
29,25,5,3,0,3,2026-07-30T17:09:06.053295
29,25,6,5,0,5,2026-07-30T17:09:05.701953
29,25,7,0,0,0,2026-07-30T17:09:06.389658
29,25,8,0,0,0,2026-07-30T17:09:06.104371
29,25,9,5,0,5,2026-07-30T17:09:06.228567
29,25,10,0,0,0,2026-07-30T17:09:07.342528
29,26,1,5,0,5,2026-07-30T17:09:07.236287
29,26,2,5,0,5,2026-07-30T17:09:07.142704
29,26,3,5,0,5,2026-07-30T17:09:07.306200
29,26,4,5,0,5,2026-07-30T17:09:07.900178
29,26,5,5,0,5,2026-07-30T17:09:07.363617
29,26,6,5,0,5,2026-07-30T17:09:08.300104
29,26,7,5,0,5,2026-07-30T17:09:07.630238
29,26,8,5,0,5,2026-07-30T17:09:08.572194
29,26,9,5,0,5,2026-07-30T17:09:08.507244
29,26,10,5,0,5,2026-07-30T17:09:09.325492
29,27,1,5,0,5,2026-07-30T17:09:08.572033
29,27,2,5,0,5,2026-07-30T17:09:09.033941
29,27,3,5,0,5,2026-07-30T17:09:09.458086
29,27,4,5,0,5,2026-07-30T17:09:09.128684
29,27,5,5,0,5,2026-07-30T17:09:09.357849
29,27,6,5,0,5,2026-07-30T17:09:09.534369
29,27,7,5,0,5,2026-07-30T17:09:10.615081
29,27,8,5,0,5,2026-07-30T17:09:09.798718
29,27,9,5,0,5,2026-07-30T17:09:11.305029
29,27,10,5,0,5,2026-07-30T17:09:10.340604
29,28,1,5,0,5,2026-07-30T17:09:10.984464
29,28,2,5,0,5,2026-07-30T17:09:11.198135
29,28,3,5,0,5,2026-07-30T17:09:10.530254
29,28,4,5,0,5,2026-07-30T17:09:11.582295
29,28,5,5,0,5,2026-07-30T17:09:11.037467
29,28,6,5,0,5,2026-07-30T17:09:11.773253
29,28,7,5,0,5,2026-07-30T17:09:12.354942
29,28,8,5,0,5,2026-07-30T17:09:11.862766
29,28,9,5,0,5,2026-07-30T17:09:13.019661
29,28,10,5,0,5,2026-07-30T17:09:12.883635
29,29,1,5,0,5,2026-07-30T17:09:12.845222
29,29,2,5,0,5,2026-07-30T17:09:12.921079
29,29,3,5,0,5,2026-07-30T17:09:13.208260
29,29,4,5,0,5,2026-07-30T17:09:13.799147
29,29,5,5,0,5,2026-07-30T17:09:13.283621
29,29,6,5,0,5,2026-07-30T17:09:13.611377
29,29,7,5,0,5,2026-07-30T17:09:14.288995
29,29,8,5,0,5,2026-07-30T17:09:17.463088
29,29,9,5,0,5,2026-07-30T17:09:13.955432
29,29,10,5,0,5,2026-07-30T17:09:17.229142
29,30,1,5,0,5,2026-07-30T17:09:14.467648
29,30,2,5,0,5,2026-07-30T17:09:15.337796
29,30,3,5,0,5,2026-07-30T17:09:15.446180
29,30,4,5,0,5,2026-07-30T17:09:15.047500
29,30,5,5,0,5,2026-07-30T17:09:15.774809
29,30,6,5,0,5,2026-07-30T17:09:15.926234
29,30,7,0,0,0,2026-07-30T17:09:15.926111
29,30,8,5,0,5,2026-07-30T17:09:16.677466
29,30,9,0,0,0,2026-07-30T17:09:16.599269
29,30,10,5,0,5,2026-07-30T17:09:17.101953
30,1,1,5,0,5,2026-07-30T17:09:16.837607
30,1,2,5,0,5,2026-07-30T17:09:17.356497
30,1,3,5,0,5,2026-07-30T17:09:17.370613
30,1,4,5,0,5,2026-07-30T17:09:18.444725
30,1,5,5,0,5,2026-07-30T17:09:18.517177
30,1,6,5,0,5,2026-07-30T17:09:18.631753
30,1,7,5,0,5,2026-07-30T17:09:18.330607
30,1,8,5,0,5,2026-07-30T17:09:18.269161
30,1,9,5,0,5,2026-07-30T17:09:18.792810
30,1,10,5,0,5,2026-07-30T17:09:18.394934
30,2,1,5,0,5,2026-07-30T17:09:18.917867
30,2,2,5,0,5,2026-07-30T17:09:19.919526
30,2,3,5,0,5,2026-07-30T17:09:20.179017
30,2,4,5,0,5,2026-07-30T17:09:19.629376
30,2,5,5,0,5,2026-07-30T17:09:19.483636
30,2,6,5,0,5,2026-07-30T17:09:20.335911
30,2,7,5,0,5,2026-07-30T17:09:20.067938
30,2,8,5,0,5,2026-07-30T17:09:20.233770
30,2,9,5,0,5,2026-07-30T17:09:20.158234
30,2,10,5,0,5,2026-07-30T17:09:20.713195
30,3,1,5,0,5,2026-07-30T17:09:21.477119
30,3,2,5,0,5,2026-07-30T17:09:21.149833
30,3,3,5,0,5,2026-07-30T17:09:21.507788
30,3,4,5,0,5,2026-07-30T17:09:21.210602
30,3,5,5,0,5,2026-07-30T17:09:22.000968
30,3,6,5,0,5,2026-07-30T17:09:22.264607
30,3,7,5,0,5,2026-07-30T17:09:21.951188
30,3,8,5,0,5,2026-07-30T17:09:22.338597
30,3,9,5,0,5,2026-07-30T17:09:22.772582
30,3,10,5,0,5,2026-07-30T17:09:22.449114
30,4,1,0,0,0,2026-07-30T17:09:22.737096
30,4,2,0,0,0,2026-07-30T17:09:22.956613
30,4,3,0,0,0,2026-07-30T17:09:23.004798
30,4,4,0,0,0,2026-07-30T17:09:23.234970
30,4,5,0,0,0,2026-07-30T17:09:23.486973
30,4,6,0,0,0,2026-07-30T17:09:23.597090
30,4,7,0,0,0,2026-07-30T17:09:24.297469
30,4,8,0,0,0,2026-07-30T17:09:23.975438
30,4,9,0,0,0,2026-07-30T17:09:24.211852
30,4,10,0,0,0,2026-07-30T17:09:24.413263
30,5,1,5,0,5,2026-07-30T17:09:24.056944
30,5,2,5,0,5,2026-07-30T17:09:24.687784
30,5,3,5,0,5,2026-07-30T17:09:24.698037
30,5,4,5,0,5,2026-07-30T17:09:24.842661
30,5,5,5,0,5,2026-07-30T17:09:25.603874
30,5,6,5,0,5,2026-07-30T17:09:25.672648
30,5,7,5,0,5,2026-07-30T17:09:26.073097
30,5,8,5,0,5,2026-07-30T17:09:25.319506
30,5,9,5,0,5,2026-07-30T17:09:25.633119
30,5,10,5,0,5,2026-07-30T17:09:25.841933
30,6,1,5,0,5,2026-07-30T17:09:25.968292
30,6,2,5,0,5,2026-07-30T17:09:26.290420
30,6,3,5,0,5,2026-07-30T17:09:26.730138
30,6,4,5,0,5,2026-07-30T17:09:26.623762
30,6,5,5,0,5,2026-07-30T17:09:26.674454
30,6,6,5,0,5,2026-07-30T17:09:26.923309
30,6,7,5,0,5,2026-07-30T17:09:27.689928
30,6,8,5,0,5,2026-07-30T17:09:27.996971
30,6,9,5,0,5,2026-07-30T17:09:27.930249
30,6,10,5,0,5,2026-07-30T17:09:28.333586
30,7,1,5,0,5,2026-07-30T17:09:27.880041
30,7,2,5,0,5,2026-07-30T17:09:27.908871
30,7,3,5,0,5,2026-07-30T17:09:28.007166
30,7,4,5,0,5,2026-07-30T17:09:28.146234
30,7,5,5,0,5,2026-07-30T17:09:28.953724
30,7,6,5,0,5,2026-07-30T17:09:29.325063
30,7,7,5,0,5,2026-07-30T17:09:29.668863
30,7,8,5,0,5,2026-07-30T17:09:29.167907
30,7,9,5,0,5,2026-07-30T17:09:29.665042
30,7,10,5,0,5,2026-07-30T17:09:29.647087
30,8,1,5,0,5,2026-07-30T17:09:30.007042
30,8,2,5,0,5,2026-07-30T17:09:30.368899
30,8,3,5,0,5,2026-07-30T17:09:30.987181
30,8,4,5,0,5,2026-07-30T17:09:30.596559
30,8,5,5,0,5,2026-07-30T17:09:30.349908
30,8,6,5,0,5,2026-07-30T17:09:31.278324
30,8,7,5,0,5,2026-07-30T17:09:31.069415
30,8,8,3,0,3,2026-07-30T17:09:30.681790
30,8,9,5,0,5,2026-07-30T17:09:31.236864
30,8,10,5,0,5,2026-07-30T17:09:31.571817
30,9,1,0,0,0,2026-07-30T17:09:31.986745
30,9,2,0,0,0,2026-07-30T17:09:32.038457
30,9,3,3,0,3,2026-07-30T17:09:31.886567
30,9,4,0,0,0,2026-07-30T17:09:32.218866
30,9,5,3,0,3,2026-07-30T17:09:32.868663
30,9,6,0,0,0,2026-07-30T17:09:32.288436
30,9,7,0,0,0,2026-07-30T17:09:32.526628
30,9,8,0,0,0,2026-07-30T17:09:33.019017
30,9,9,3,0,3,2026-07-30T17:09:33.535561
30,9,10,0,0,0,2026-07-30T17:09:33.814887
30,10,1,0,0,0,2026-07-30T17:09:33.252774
30,10,2,0,0,0,2026-07-30T17:09:33.624251
30,10,3,0,0,0,2026-07-30T17:09:33.326743
30,10,4,0,0,0,2026-07-30T17:09:34.164311
30,10,5,0,0,0,2026-07-30T17:09:33.899775
30,10,6,0,0,0,2026-07-30T17:09:34.632981
30,10,7,0,0,0,2026-07-30T17:09:34.489704
30,10,8,0,0,0,2026-07-30T17:09:35.360326
30,10,9,0,0,0,2026-07-30T17:09:34.583929
30,10,10,0,0,0,2026-07-30T17:09:34.647103
30,11,1,5,0,5,2026-07-30T17:09:35.447631
30,11,2,5,0,5,2026-07-30T17:09:34.942678
30,11,3,5,0,5,2026-07-30T17:09:35.192717
30,11,4,5,0,5,2026-07-30T17:09:36.305916
30,11,5,5,0,5,2026-07-30T17:09:36.007806
30,11,6,5,0,5,2026-07-30T17:09:35.870177
30,11,7,5,0,5,2026-07-30T17:09:36.660136
30,11,8,5,0,5,2026-07-30T17:09:36.782392
30,11,9,5,0,5,2026-07-30T17:09:36.408437
30,11,10,5,0,5,2026-07-30T17:09:36.604924
30,12,1,5,0,5,2026-07-30T17:09:36.894044
30,12,2,5,0,5,2026-07-30T17:09:37.711209
30,12,3,5,0,5,2026-07-30T17:09:37.836980
30,12,4,5,0,5,2026-07-30T17:09:37.743683
30,12,5,5,0,5,2026-07-30T17:09:37.443413
30,12,6,5,0,5,2026-07-30T17:09:38.255863
30,12,7,5,0,5,2026-07-30T17:09:38.495522
30,12,8,5,0,5,2026-07-30T17:09:38.420081
30,12,9,5,0,5,2026-07-30T17:09:37.926206
30,12,10,5,0,5,2026-07-30T17:09:38.663497
30,13,1,0,0,0,2026-07-30T17:09:39.140501
30,13,2,0,0,0,2026-07-30T17:09:39.373740
30,13,3,0,0,0,2026-07-30T17:09:39.683370
30,13,4,0,0,0,2026-07-30T17:09:39.175483
30,13,5,0,0,0,2026-07-30T17:09:40.101048
30,13,6,0,0,0,2026-07-30T17:09:40.068922
30,13,7,0,0,0,2026-07-30T17:09:39.938864
30,13,8,0,0,0,2026-07-30T17:09:39.903506
30,13,9,0,0,0,2026-07-30T17:09:40.371834
30,13,10,0,0,0,2026-07-30T17:09:40.587634
30,14,1,5,0,5,2026-07-30T17:09:40.808476
30,14,2,5,0,5,2026-07-30T17:09:41.733032
30,14,3,5,0,5,2026-07-30T17:09:41.737608
30,14,4,5,0,5,2026-07-30T17:09:41.560295
30,14,5,5,0,5,2026-07-30T17:09:41.494655
30,14,6,5,0,5,2026-07-30T17:09:41.943743
30,14,7,5,0,5,2026-07-30T17:09:41.804601
30,14,8,5,0,5,2026-07-30T17:09:42.231933
30,14,9,5,0,5,2026-07-30T17:09:42.025167
30,14,10,5,0,5,2026-07-30T17:09:43.336450
30,15,1,5,0,5,2026-07-30T17:09:42.987440
30,15,2,0,0,0,2026-07-30T17:09:43.765968
30,15,3,0,0,0,2026-07-30T17:09:43.798507
30,15,4,0,0,0,2026-07-30T17:09:43.626640
30,15,5,0,0,0,2026-07-30T17:09:43.396856
30,15,6,5,0,5,2026-07-30T17:09:43.279528
30,15,7,0,0,0,2026-07-30T17:09:43.869523
30,15,8,0,0,0,2026-07-30T17:09:44.847821
30,15,9,0,0,0,2026-07-30T17:09:44.901303
30,15,10,0,0,0,2026-07-30T17:09:44.546104
30,16,1,5,0,5,2026-07-30T17:09:45.249146
30,16,2,5,0,5,2026-07-30T17:09:45.072990
30,16,3,5,0,5,2026-07-30T17:09:45.582282
30,16,4,5,0,5,2026-07-30T17:09:45.252862
30,16,5,5,0,5,2026-07-30T17:09:45.291006
30,16,6,5,0,5,2026-07-30T17:09:46.212900
30,16,7,5,0,5,2026-07-30T17:09:46.884429
30,16,8,5,0,5,2026-07-30T17:09:46.715740
30,16,9,5,0,5,2026-07-30T17:09:46.899052
30,16,10,5,0,5,2026-07-30T17:09:46.876588
30,17,1,5,0,5,2026-07-30T17:09:46.900919
30,17,2,5,0,5,2026-07-30T17:09:46.914981
30,17,3,5,0,5,2026-07-30T17:09:47.006991
30,17,4,5,0,5,2026-07-30T17:09:48.267157
30,17,5,5,0,5,2026-07-30T17:09:47.733682
30,17,6,5,0,5,2026-07-30T17:09:48.911586
30,17,7,5,0,5,2026-07-30T17:09:48.119389
30,17,8,5,0,5,2026-07-30T17:09:48.732544
30,17,9,5,0,5,2026-07-30T17:09:48.946202
30,17,10,5,0,5,2026-07-30T17:09:48.375078
30,18,1,5,0,5,2026-07-30T17:09:48.644814
30,18,2,5,0,5,2026-07-30T17:09:49.179331
30,18,3,5,0,5,2026-07-30T17:09:49.943306
30,18,4,5,0,5,2026-07-30T17:09:49.689968
30,18,5,5,0,5,2026-07-30T17:09:49.986019
30,18,6,5,0,5,2026-07-30T17:09:50.692245
30,18,7,5,0,5,2026-07-30T17:09:50.789738
30,18,8,5,0,5,2026-07-30T17:09:50.355411
30,18,9,5,0,5,2026-07-30T17:09:50.382030
30,18,10,5,0,5,2026-07-30T17:09:50.792787
30,19,1,5,0,5,2026-07-30T17:09:50.925385
30,19,2,5,0,5,2026-07-30T17:09:51.759742
30,19,3,5,0,5,2026-07-30T17:09:51.807325
30,19,4,5,0,5,2026-07-30T17:09:52.393389
30,19,5,5,0,5,2026-07-30T17:09:51.831651
30,19,6,5,0,5,2026-07-30T17:09:52.332806
30,19,7,5,0,5,2026-07-30T17:09:52.446390
30,19,8,5,0,5,2026-07-30T17:09:52.636493
30,19,9,5,0,5,2026-07-30T17:09:52.571169
30,19,10,5,0,5,2026-07-30T17:09:53.618145
30,20,1,5,0,5,2026-07-30T17:09:53.828504
30,20,2,5,0,5,2026-07-30T17:09:53.079424
30,20,3,5,0,5,2026-07-30T17:09:54.178861
30,20,4,5,0,5,2026-07-30T17:09:53.869659
30,20,5,5,0,5,2026-07-30T17:09:54.487103
30,20,6,5,0,5,2026-07-30T17:09:54.428390
30,20,7,5,0,5,2026-07-30T17:09:54.116781
30,20,8,5,0,5,2026-07-30T17:09:54.527266
30,20,9,5,0,5,2026-07-30T17:09:54.872846
30,20,10,5,0,5,2026-07-30T17:09:54.823004
30,21,1,5,0,5,2026-07-30T17:09:55.111143
30,21,2,5,0,5,2026-07-30T17:09:55.164728
30,21,3,5,0,5,2026-07-30T17:09:56.035080
30,21,4,5,0,5,2026-07-30T17:09:55.889065
30,21,5,5,0,5,2026-07-30T17:09:55.739663
30,21,6,5,0,5,2026-07-30T17:09:55.768794
30,21,7,5,0,5,2026-07-30T17:09:56.458999
30,21,8,5,0,5,2026-07-30T17:09:56.516914
30,21,9,5,0,5,2026-07-30T17:09:56.538604
30,21,10,5,0,5,2026-07-30T17:09:56.394612
30,22,1,5,0,5,2026-07-30T17:09:57.194461
30,22,2,5,0,5,2026-07-30T17:09:57.784188
30,22,3,5,0,5,2026-07-30T17:09:57.547815
30,22,4,5,0,5,2026-07-30T17:09:57.273709
30,22,5,5,0,5,2026-07-30T17:09:58.226016
30,22,6,5,0,5,2026-07-30T17:09:57.864757
30,22,7,5,0,5,2026-07-30T17:09:58.331253
30,22,8,5,0,5,2026-07-30T17:09:58.183167
30,22,9,5,0,5,2026-07-30T17:09:58.629667
30,22,10,5,0,5,2026-07-30T17:09:59.325842
30,23,1,5,0,5,2026-07-30T17:09:59.185217
30,23,2,5,0,5,2026-07-30T17:09:58.828524
30,23,3,5,0,5,2026-07-30T17:09:59.086566
30,23,4,5,0,5,2026-07-30T17:10:00.018614
30,23,5,5,0,5,2026-07-30T17:09:59.669122
30,23,6,5,0,5,2026-07-30T17:09:59.360909
30,23,7,5,0,5,2026-07-30T17:10:00.065108
30,23,8,5,0,5,2026-07-30T17:09:59.873620
30,23,9,5,0,5,2026-07-30T17:10:00.951710
30,23,10,5,0,5,2026-07-30T17:10:01.027744
30,24,1,5,0,5,2026-07-30T17:10:01.540071
30,24,2,5,0,5,2026-07-30T17:10:00.799995
30,24,3,5,0,5,2026-07-30T17:10:01.725529
30,24,4,5,0,5,2026-07-30T17:10:01.725792
30,24,5,5,0,5,2026-07-30T17:10:01.414830
30,24,6,5,0,5,2026-07-30T17:10:02.126094
30,24,7,5,0,5,2026-07-30T17:10:02.043093
30,24,8,5,0,5,2026-07-30T17:10:03.013390
30,24,9,5,0,5,2026-07-30T17:10:02.471782
30,24,10,5,0,5,2026-07-30T17:10:03.075276
30,25,1,5,0,5,2026-07-30T17:10:02.761298
30,25,2,5,0,5,2026-07-30T17:10:03.361222
30,25,3,5,0,5,2026-07-30T17:10:03.187009
30,25,4,5,0,5,2026-07-30T17:10:03.503872
30,25,5,5,0,5,2026-07-30T17:10:03.342605
30,25,6,5,0,5,2026-07-30T17:10:04.303119
30,25,7,5,0,5,2026-07-30T17:10:04.009433
30,25,8,5,0,5,2026-07-30T17:10:05.037003
30,25,9,0,0,0,2026-07-30T17:10:04.344946
30,25,10,0,0,0,2026-07-30T17:10:05.240992
30,26,1,5,0,5,2026-07-30T17:10:05.436177
30,26,2,5,0,5,2026-07-30T17:10:05.000142
30,26,3,5,0,5,2026-07-30T17:10:05.521252
30,26,4,5,0,5,2026-07-30T17:10:05.413597
30,26,5,5,0,5,2026-07-30T17:10:05.545304
30,26,6,5,0,5,2026-07-30T17:10:05.597062
30,26,7,5,0,5,2026-07-30T17:10:07.008877
30,26,8,5,0,5,2026-07-30T17:10:06.876880
30,26,9,5,0,5,2026-07-30T17:10:06.888216
30,26,10,5,0,5,2026-07-30T17:10:06.646863
30,27,1,5,0,5,2026-07-30T17:10:06.665915
30,27,2,5,0,5,2026-07-30T17:10:07.370572
30,27,3,5,0,5,2026-07-30T17:10:07.401226
30,27,4,5,0,5,2026-07-30T17:10:07.021389
30,27,5,5,0,5,2026-07-30T17:10:08.485812
30,27,6,5,0,5,2026-07-30T17:10:08.892005
30,27,7,5,0,5,2026-07-30T17:10:08.912804
30,27,8,5,0,5,2026-07-30T17:10:08.127364
30,27,9,5,0,5,2026-07-30T17:10:08.072460
30,27,10,5,0,5,2026-07-30T17:10:08.046984
30,28,1,5,0,5,2026-07-30T17:10:09.213700
30,28,2,5,0,5,2026-07-30T17:10:08.807253
30,28,3,5,0,5,2026-07-30T17:10:09.510731
30,28,4,5,0,5,2026-07-30T17:10:09.486193
30,28,5,5,0,5,2026-07-30T17:10:09.568505
30,28,6,5,0,5,2026-07-30T17:10:09.905634
30,28,7,5,0,5,2026-07-30T17:10:10.862031
30,28,8,5,0,5,2026-07-30T17:10:10.565689
30,28,9,5,0,5,2026-07-30T17:10:10.561916
30,28,10,5,0,5,2026-07-30T17:10:10.253782
30,29,1,5,0,5,2026-07-30T17:10:11.353663
30,29,2,5,0,5,2026-07-30T17:10:11.361690
30,29,3,5,0,5,2026-07-30T17:10:11.000390
30,29,4,5,0,5,2026-07-30T17:10:11.340031
30,29,5,5,0,5,2026-07-30T17:10:12.303496
30,29,6,5,0,5,2026-07-30T17:10:11.996466
30,29,7,5,0,5,2026-07-30T17:10:11.582523
30,29,8,5,0,5,2026-07-30T17:10:12.318426
30,29,9,5,0,5,2026-07-30T17:10:12.861265
30,29,10,5,0,5,2026-07-30T17:10:12.568516
30,30,1,5,0,5,2026-07-30T17:10:12.597890
30,30,2,5,0,5,2026-07-30T17:10:12.595934
30,30,3,5,0,5,2026-07-30T17:10:12.998776
30,30,4,5,0,5,2026-07-30T17:10:13.239777
30,30,5,5,0,5,2026-07-30T17:10:13.536332
30,30,6,5,0,5,2026-07-30T17:10:14.183452
30,30,7,5,0,5,2026-07-30T17:10:13.589534
30,30,8,5,0,5,2026-07-30T17:10:14.253670
30,30,9,5,0,5,2026-07-30T17:10:14.218889
30,30,10,5,0,5,2026-07-30T17:10:13.901182
31,1,1,5,0,5,2026-07-30T17:10:14.652909
31,1,2,5,0,5,2026-07-30T17:10:15.288158
31,1,3,5,0,5,2026-07-30T17:10:15.353991
31,1,4,5,0,5,2026-07-30T17:10:15.040186
31,1,5,5,0,5,2026-07-30T17:10:15.358623
31,1,6,5,0,5,2026-07-30T17:10:16.027927
31,1,7,5,0,5,2026-07-30T17:10:16.033490
31,1,8,5,0,5,2026-07-30T17:10:15.268811
31,1,9,5,0,5,2026-07-30T17:10:15.881484
31,1,10,5,0,5,2026-07-30T17:10:16.273457
31,2,1,5,0,5,2026-07-30T17:10:17.468043
31,2,2,5,0,5,2026-07-30T17:10:16.714504
31,2,3,5,0,5,2026-07-30T17:10:16.384676
31,2,4,5,0,5,2026-07-30T17:10:16.980558
31,2,5,5,0,5,2026-07-30T17:10:17.735368
31,2,6,5,0,5,2026-07-30T17:10:18.073369
31,2,7,5,0,5,2026-07-30T17:10:17.676103
31,2,8,5,0,5,2026-07-30T17:10:18.108196
31,2,9,5,0,5,2026-07-30T17:10:18.082607
31,2,10,5,0,5,2026-07-30T17:10:18.556828
31,3,1,5,0,5,2026-07-30T17:10:18.826102
31,3,2,1,0,1,2026-07-30T17:10:18.898978
31,3,3,0,0,0,2026-07-30T17:10:19.084684
31,3,4,0,0,0,2026-07-30T17:10:19.380510
31,3,5,4,0,4,2026-07-30T17:10:19.724752
31,3,6,4,0,4,2026-07-30T17:10:19.897503
31,3,7,3,0,3,2026-07-30T17:10:19.884356
31,3,8,2,0,2,2026-07-30T17:10:20.014673
31,3,9,3,0,3,2026-07-30T17:10:20.046375
31,3,10,0,0,0,2026-07-30T17:10:20.512173
31,4,1,2,0,2,2026-07-30T17:10:20.711166
31,4,2,0,0,0,2026-07-30T17:10:21.410709
31,4,3,2,0,2,2026-07-30T17:10:20.972259
31,4,4,3,0,3,2026-07-30T17:10:21.747147
31,4,5,2,0,2,2026-07-30T17:10:21.320739
31,4,6,2,0,2,2026-07-30T17:10:22.077476
31,4,7,2,0,2,2026-07-30T17:10:21.261948
31,4,8,2,0,2,2026-07-30T17:10:21.546092
31,4,9,3,0,3,2026-07-30T17:10:21.950099
31,4,10,2,0,2,2026-07-30T17:10:22.622865
31,5,1,0,0,0,2026-07-30T17:10:22.703512
31,5,2,0,0,0,2026-07-30T17:10:22.538131
31,5,3,0,0,0,2026-07-30T17:10:22.870765
31,5,4,0,0,0,2026-07-30T17:10:23.371987
31,5,5,0,0,0,2026-07-30T17:10:22.980359
31,5,6,0,0,0,2026-07-30T17:10:23.367856
31,5,7,0,0,0,2026-07-30T17:10:23.686470
31,5,8,0,0,0,2026-07-30T17:10:23.941976
31,5,9,0,0,0,2026-07-30T17:10:24.251872
31,5,10,0,0,0,2026-07-30T17:10:24.338953
31,6,1,5,0,5,2026-07-30T17:10:24.304143
31,6,2,5,0,5,2026-07-30T17:10:24.212176
31,6,3,5,0,5,2026-07-30T17:10:24.794082
31,6,4,5,0,5,2026-07-30T17:10:25.013137
31,6,5,5,0,5,2026-07-30T17:10:24.725882
31,6,6,5,0,5,2026-07-30T17:10:25.800202
31,6,7,5,0,5,2026-07-30T17:10:25.659607
31,6,8,5,0,5,2026-07-30T17:10:26.091744
31,6,9,5,0,5,2026-07-30T17:10:26.132363
31,6,10,5,0,5,2026-07-30T17:10:26.405658
31,7,1,5,0,5,2026-07-30T17:10:26.363058
31,7,2,5,0,5,2026-07-30T17:10:26.026636
31,7,3,5,0,5,2026-07-30T17:10:26.853122
31,7,4,5,0,5,2026-07-30T17:10:27.289676
31,7,5,5,0,5,2026-07-30T17:10:27.236548
31,7,6,5,0,5,2026-07-30T17:10:27.663687
31,7,7,5,0,5,2026-07-30T17:10:28.137211
31,7,8,5,0,5,2026-07-30T17:10:27.959192
31,7,9,5,0,5,2026-07-30T17:10:27.619198
31,7,10,5,0,5,2026-07-30T17:10:28.664350
31,8,1,5,0,5,2026-07-30T17:10:28.281514
31,8,2,5,0,5,2026-07-30T17:10:29.504745
31,8,3,5,0,5,2026-07-30T17:10:28.527359
31,8,4,5,0,5,2026-07-30T17:10:29.488981
31,8,5,5,0,5,2026-07-30T17:10:29.716531
31,8,6,5,0,5,2026-07-30T17:10:29.011888
31,8,7,5,0,5,2026-07-30T17:10:30.170836
31,8,8,5,0,5,2026-07-30T17:10:29.710571
31,8,9,5,0,5,2026-07-30T17:10:29.769751
31,8,10,5,0,5,2026-07-30T17:10:29.710185
31,9,1,0,0,0,2026-07-30T17:10:30.049089
31,9,2,2,0,2,2026-07-30T17:10:30.537105
31,9,3,1,0,1,2026-07-30T17:10:30.729926
31,9,4,1,0,1,2026-07-30T17:10:30.929969
31,9,5,0,0,0,2026-07-30T17:10:31.356117
31,9,6,2,0,2,2026-07-30T17:10:31.332717
31,9,7,1,0,1,2026-07-30T17:10:31.202338
31,9,8,0,0,0,2026-07-30T17:10:31.080451
31,9,9,2,0,2,2026-07-30T17:10:31.574710
31,9,10,2,0,2,2026-07-30T17:10:31.766377
31,10,1,0,0,0,2026-07-30T17:10:32.166127
31,10,2,0,0,0,2026-07-30T17:10:32.571108
31,10,3,0,0,0,2026-07-30T17:10:32.328749
31,10,4,3,0,3,2026-07-30T17:10:32.466786
31,10,5,2,0,2,2026-07-30T17:10:32.548398
31,10,6,2,0,2,2026-07-30T17:10:32.576811
31,10,7,0,0,0,2026-07-30T17:10:33.029947
31,10,8,0,0,0,2026-07-30T17:10:32.807067
31,10,9,0,0,0,2026-07-30T17:10:33.400328
31,10,10,0,0,0,2026-07-30T17:10:33.336699
31,11,1,5,0,5,2026-07-30T17:10:33.732036
31,11,2,5,0,5,2026-07-30T17:10:33.979017
31,11,3,5,0,5,2026-07-30T17:10:34.435803
31,11,4,5,0,5,2026-07-30T17:10:34.228885
31,11,5,5,0,5,2026-07-30T17:10:34.861228
31,11,6,5,0,5,2026-07-30T17:10:34.453348
31,11,7,5,0,5,2026-07-30T17:10:34.962542
31,11,8,5,0,5,2026-07-30T17:10:34.684908
31,11,9,5,0,5,2026-07-30T17:10:34.782406
31,11,10,5,0,5,2026-07-30T17:10:35.840136
31,12,1,5,0,5,2026-07-30T17:10:35.287662
31,12,2,5,0,5,2026-07-30T17:10:36.504995
31,12,3,5,0,5,2026-07-30T17:10:35.782413
31,12,4,5,0,5,2026-07-30T17:10:35.916014
31,12,5,5,0,5,2026-07-30T17:10:36.207400
31,12,6,5,0,5,2026-07-30T17:10:36.707744
31,12,7,5,0,5,2026-07-30T17:10:36.183926
31,12,8,5,0,5,2026-07-30T17:10:36.948545
31,12,9,5,0,5,2026-07-30T17:10:36.843925
31,12,10,5,0,5,2026-07-30T17:10:37.501312
31,13,1,4,0,4,2026-07-30T17:10:36.960217
31,13,2,3,0,3,2026-07-30T17:10:37.202161
31,13,3,4,0,4,2026-07-30T17:10:37.451825
31,13,4,3,0,3,2026-07-30T17:10:37.950121
31,13,5,3,0,3,2026-07-30T17:10:38.121114
31,13,6,4,0,4,2026-07-30T17:10:37.697662
31,13,7,3,0,3,2026-07-30T17:10:38.379701
31,13,8,4,0,4,2026-07-30T17:10:38.599660
31,13,9,5,0,5,2026-07-30T17:10:39.071148
31,13,10,4,0,4,2026-07-30T17:10:38.878166
31,14,1,5,0,5,2026-07-30T17:10:39.356737
31,14,2,5,0,5,2026-07-30T17:10:38.939758
31,14,3,5,0,5,2026-07-30T17:10:39.199604
31,14,4,5,0,5,2026-07-30T17:10:39.560907
31,14,5,5,0,5,2026-07-30T17:10:40.410143
31,14,6,5,0,5,2026-07-30T17:10:40.449950
31,14,7,5,0,5,2026-07-30T17:10:39.934450
31,14,8,5,0,5,2026-07-30T17:10:40.161332
31,14,9,5,0,5,2026-07-30T17:10:41.119634
31,14,10,5,0,5,2026-07-30T17:10:41.053283
31,15,1,5,0,5,2026-07-30T17:10:41.000269
31,15,2,5,0,5,2026-07-30T17:10:40.990013
31,15,3,5,0,5,2026-07-30T17:10:41.573969
31,15,4,5,0,5,2026-07-30T17:10:41.391131
31,15,5,3,0,3,2026-07-30T17:10:42.065283
31,15,6,3,0,3,2026-07-30T17:10:42.476651
31,15,7,5,0,5,2026-07-30T17:10:42.416560
31,15,8,5,0,5,2026-07-30T17:10:43.062594
31,15,9,5,0,5,2026-07-30T17:10:42.301203
31,15,10,5,0,5,2026-07-30T17:10:42.982042
31,16,1,5,0,5,2026-07-30T17:10:43.200775
31,16,2,5,0,5,2026-07-30T17:10:43.212753
31,16,3,5,0,5,2026-07-30T17:10:43.529299
31,16,4,5,0,5,2026-07-30T17:10:43.754896
31,16,5,5,0,5,2026-07-30T17:10:44.240231
31,16,6,5,0,5,2026-07-30T17:10:44.313199
31,16,7,5,0,5,2026-07-30T17:10:44.825787
31,16,8,5,0,5,2026-07-30T17:10:44.426004
31,16,9,5,0,5,2026-07-30T17:10:44.257380
31,16,10,5,0,5,2026-07-30T17:10:44.835210
31,17,1,5,0,5,2026-07-30T17:10:45.188724
31,17,2,5,0,5,2026-07-30T17:10:45.624407
31,17,3,5,0,5,2026-07-30T17:10:45.434758
31,17,4,5,0,5,2026-07-30T17:10:45.718986
31,17,5,5,0,5,2026-07-30T17:10:45.577390
31,17,6,5,0,5,2026-07-30T17:10:46.281130
31,17,7,5,0,5,2026-07-30T17:10:46.483621
31,17,8,5,0,5,2026-07-30T17:10:46.905759
31,17,9,5,0,5,2026-07-30T17:10:46.640769
31,17,10,5,0,5,2026-07-30T17:10:47.292148
31,18,1,5,0,5,2026-07-30T17:10:47.216642
31,18,2,5,0,5,2026-07-30T17:10:47.070865
31,18,3,5,0,5,2026-07-30T17:10:47.136916
31,18,4,5,0,5,2026-07-30T17:10:47.503350
31,18,5,3,0,3,2026-07-30T17:10:48.313599
31,18,6,5,0,5,2026-07-30T17:10:47.678567
31,18,7,5,0,5,2026-07-30T17:10:47.928422
31,18,8,5,0,5,2026-07-30T17:10:48.309715
31,18,9,5,0,5,2026-07-30T17:10:49.023582
31,18,10,5,0,5,2026-07-30T17:10:49.268791
31,19,1,5,0,5,2026-07-30T17:10:48.912460
31,19,2,5,0,5,2026-07-30T17:10:48.559133
31,19,3,5,0,5,2026-07-30T17:10:48.927447
31,19,4,5,0,5,2026-07-30T17:10:48.955489
31,19,5,5,0,5,2026-07-30T17:10:49.945262
31,19,6,5,0,5,2026-07-30T17:10:50.176666
31,19,7,4,0,4,2026-07-30T17:10:50.390959
31,19,8,4,0,4,2026-07-30T17:10:50.172359
31,19,9,5,0,5,2026-07-30T17:10:50.164468
31,19,10,5,0,5,2026-07-30T17:10:50.777201
31,20,1,5,0,5,2026-07-30T17:10:50.861286
31,20,2,5,0,5,2026-07-30T17:10:50.533021
31,20,3,5,0,5,2026-07-30T17:10:51.580426
31,20,4,5,0,5,2026-07-30T17:10:52.201724
31,20,5,5,0,5,2026-07-30T17:10:51.213809
31,20,6,5,0,5,2026-07-30T17:10:52.263316
31,20,7,5,0,5,2026-07-30T17:10:52.229713
31,20,8,5,0,5,2026-07-30T17:10:51.963934
31,20,9,5,0,5,2026-07-30T17:10:52.667304
31,20,10,5,0,5,2026-07-30T17:10:52.314593
31,21,1,5,0,5,2026-07-30T17:10:52.667184
31,21,2,5,0,5,2026-07-30T17:10:53.042368
31,21,3,5,0,5,2026-07-30T17:10:53.366208
31,21,4,5,0,5,2026-07-30T17:10:53.652451
31,21,5,5,0,5,2026-07-30T17:10:53.889250
31,21,6,5,0,5,2026-07-30T17:10:54.118412
31,21,7,5,0,5,2026-07-30T17:10:53.933058
31,21,8,5,0,5,2026-07-30T17:10:54.140564
31,21,9,5,0,5,2026-07-30T17:10:54.725269
31,21,10,5,0,5,2026-07-30T17:10:55.098937
31,22,1,5,0,5,2026-07-30T17:10:55.221481
31,22,2,5,0,5,2026-07-30T17:10:54.857106
31,22,3,5,0,5,2026-07-30T17:10:55.305095
31,22,4,5,0,5,2026-07-30T17:10:55.380660
31,22,5,5,0,5,2026-07-30T17:10:55.358299
31,22,6,5,0,5,2026-07-30T17:10:55.786090
31,22,7,5,0,5,2026-07-30T17:10:56.588338
31,22,8,5,0,5,2026-07-30T17:10:56.281283
31,22,9,5,0,5,2026-07-30T17:10:56.159784
31,22,10,5,0,5,2026-07-30T17:10:57.076540
31,23,1,5,0,5,2026-07-30T17:10:57.156450
31,23,2,5,0,5,2026-07-30T17:10:56.795718
31,23,3,5,0,5,2026-07-30T17:10:57.420109
31,23,4,5,0,5,2026-07-30T17:10:57.639771
31,23,5,5,0,5,2026-07-30T17:10:57.828161
31,23,6,5,0,5,2026-07-30T17:10:58.122281
31,23,7,4,0,4,2026-07-30T17:10:57.851954
31,23,8,5,0,5,2026-07-30T17:10:58.449427
31,23,9,5,0,5,2026-07-30T17:10:58.719793
31,23,10,5,0,5,2026-07-30T17:10:58.396098
31,24,1,0,0,0,2026-07-30T17:10:59.251089
31,24,2,0,0,0,2026-07-30T17:10:58.672267
31,24,3,0,0,0,2026-07-30T17:10:59.854851
31,24,4,0,0,0,2026-07-30T17:10:59.090974
31,24,5,0,0,0,2026-07-30T17:10:59.532252
31,24,6,0,0,0,2026-07-30T17:10:59.615359
31,24,7,5,0,5,2026-07-30T17:11:00.306968
31,24,8,0,0,0,2026-07-30T17:11:00.094984
31,24,9,0,0,0,2026-07-30T17:11:00.587001
31,24,10,0,0,0,2026-07-30T17:11:00.726785
31,25,1,0,0,0,2026-07-30T17:11:00.464872
31,25,2,0,0,0,2026-07-30T17:11:01.388694
31,25,3,0,0,0,2026-07-30T17:11:01.263254
31,25,4,0,0,0,2026-07-30T17:11:01.663923
31,25,5,0,0,0,2026-07-30T17:11:01.943473
31,25,6,0,0,0,2026-07-30T17:11:01.940329
31,25,7,0,0,0,2026-07-30T17:11:02.311827
31,25,8,0,0,0,2026-07-30T17:11:02.248521
31,25,9,0,0,0,2026-07-30T17:11:02.574844
31,25,10,0,0,0,2026-07-30T17:11:02.888919
31,26,1,5,0,5,2026-07-30T17:11:02.641209
31,26,2,5,0,5,2026-07-30T17:11:03.309565
31,26,3,5,0,5,2026-07-30T17:11:03.786274
31,26,4,5,0,5,2026-07-30T17:11:02.945124
31,26,5,5,0,5,2026-07-30T17:11:04.087742
31,26,6,5,0,5,2026-07-30T17:11:03.536455
31,26,7,5,0,5,2026-07-30T17:11:03.809445
31,26,8,5,0,5,2026-07-30T17:11:04.316339
31,26,9,5,0,5,2026-07-30T17:11:04.317494
31,26,10,5,0,5,2026-07-30T17:11:04.378898
31,27,1,5,0,5,2026-07-30T17:11:04.346439
31,27,2,5,0,5,2026-07-30T17:11:04.978169
31,27,3,5,0,5,2026-07-30T17:11:05.230721
31,27,4,5,0,5,2026-07-30T17:11:05.631402
31,27,5,5,0,5,2026-07-30T17:11:05.553696
31,27,6,5,0,5,2026-07-30T17:11:05.970023
31,27,7,5,0,5,2026-07-30T17:11:05.545035
31,27,8,5,0,5,2026-07-30T17:11:05.583631
31,27,9,5,0,5,2026-07-30T17:11:05.858342
31,27,10,5,0,5,2026-07-30T17:11:06.641061
31,28,1,5,0,5,2026-07-30T17:11:07.069931
31,28,2,5,0,5,2026-07-30T17:11:07.377698
31,28,3,3,0,3,2026-07-30T17:11:07.389037
31,28,4,3,0,3,2026-07-30T17:11:07.645932
31,28,5,3,0,3,2026-07-30T17:11:07.701534
31,28,6,4,0,4,2026-07-30T17:11:07.696536
31,28,7,3,0,3,2026-07-30T17:11:07.837064
31,28,8,5,0,5,2026-07-30T17:11:08.483115
31,28,9,5,0,5,2026-07-30T17:11:08.711082
31,28,10,4,0,4,2026-07-30T17:11:09.033284
31,29,1,5,0,5,2026-07-30T17:11:08.408224
31,29,2,5,0,5,2026-07-30T17:11:08.688481
31,29,3,5,0,5,2026-07-30T17:11:09.544937
31,29,4,5,0,5,2026-07-30T17:11:09.181181
31,29,5,5,0,5,2026-07-30T17:11:08.852258
31,29,6,5,0,5,2026-07-30T17:11:09.676415
31,29,7,5,0,5,2026-07-30T17:11:09.524307
31,29,8,5,0,5,2026-07-30T17:11:10.331597
31,29,9,5,0,5,2026-07-30T17:11:10.342996
31,29,10,5,0,5,2026-07-30T17:11:10.679927
31,30,1,5,0,5,2026-07-30T17:11:10.862195
31,30,2,5,0,5,2026-07-30T17:11:11.250402
31,30,3,5,0,5,2026-07-30T17:11:11.150064
31,30,4,5,0,5,2026-07-30T17:11:11.368458
31,30,5,5,0,5,2026-07-30T17:11:11.339984
31,30,6,5,0,5,2026-07-30T17:11:12.342224
31,30,7,5,0,5,2026-07-30T17:11:11.791181
31,30,8,5,0,5,2026-07-30T17:11:11.933525
31,30,9,5,0,5,2026-07-30T17:11:12.505681
31,30,10,5,0,5,2026-07-30T17:11:12.782669
32,1,1,5,0,5,2026-07-30T17:11:13.297386
32,1,2,5,0,5,2026-07-30T17:11:13.177640
32,1,3,5,0,5,2026-07-30T17:11:13.208175
32,1,4,5,0,5,2026-07-30T17:11:12.871479
32,1,5,5,0,5,2026-07-30T17:11:13.575753
32,1,6,5,0,5,2026-07-30T17:11:13.794645
32,1,7,5,0,5,2026-07-30T17:11:14.123760
32,1,8,5,0,5,2026-07-30T17:11:14.432763
32,1,9,5,0,5,2026-07-30T17:11:14.512066
32,1,10,5,0,5,2026-07-30T17:11:14.413057
32,2,1,5,0,5,2026-07-30T17:11:14.214298
32,2,2,5,0,5,2026-07-30T17:11:15.118330
32,2,3,5,0,5,2026-07-30T17:11:14.624459
32,2,4,5,0,5,2026-07-30T17:11:15.470015
32,2,5,5,0,5,2026-07-30T17:11:15.356250
32,2,6,5,0,5,2026-07-30T17:11:15.286176
32,2,7,5,0,5,2026-07-30T17:11:16.058879
32,2,8,5,0,5,2026-07-30T17:11:16.257056
32,2,9,5,0,5,2026-07-30T17:11:15.765547
32,2,10,5,0,5,2026-07-30T17:11:16.472300
32,3,1,5,0,5,2026-07-30T17:11:16.794370
32,3,2,5,0,5,2026-07-30T17:11:16.740661
32,3,3,5,0,5,2026-07-30T17:11:16.826412
32,3,4,5,0,5,2026-07-30T17:11:16.525104
32,3,5,0,0,0,2026-07-30T17:11:16.823523
32,3,6,0,0,0,2026-07-30T17:11:17.704416
32,3,7,5,0,5,2026-07-30T17:11:18.125295
32,3,8,0,0,0,2026-07-30T17:11:18.101070
32,3,9,0,0,0,2026-07-30T17:11:18.358752
32,3,10,0,0,0,2026-07-30T17:11:18.179456
32,4,1,0,0,0,2026-07-30T17:11:18.208189
32,4,2,0,0,0,2026-07-30T17:11:18.872159
32,4,3,0,0,0,2026-07-30T17:11:18.846993
32,4,4,0,0,0,2026-07-30T17:11:19.361132
32,4,5,0,0,0,2026-07-30T17:11:19.534907
32,4,6,0,0,0,2026-07-30T17:11:19.372421
32,4,7,0,0,0,2026-07-30T17:11:20.002306
32,4,8,0,0,0,2026-07-30T17:11:20.257547
32,4,9,0,0,0,2026-07-30T17:11:19.996573
32,4,10,0,0,0,2026-07-30T17:11:20.468637
32,5,1,5,0,5,2026-07-30T17:11:20.287083
32,5,2,0,0,0,2026-07-30T17:11:21.005286
32,5,3,0,0,0,2026-07-30T17:11:20.606585
32,5,4,0,0,0,2026-07-30T17:11:20.795660
32,5,5,5,0,5,2026-07-30T17:11:21.443427
32,5,6,5,0,5,2026-07-30T17:11:21.037780
32,5,7,0,0,0,2026-07-30T17:11:21.910024
32,5,8,0,0,0,2026-07-30T17:11:21.937902
32,5,9,5,0,5,2026-07-30T17:11:22.524842
32,5,10,0,0,0,2026-07-30T17:11:22.264175
32,6,1,5,0,5,2026-07-30T17:11:21.628812
32,6,2,5,0,5,2026-07-30T17:11:22.279671
32,6,3,5,0,5,2026-07-30T17:11:22.683749
32,6,4,5,0,5,2026-07-30T17:11:22.701718
32,6,5,5,0,5,2026-07-30T17:11:23.072449
32,6,6,5,0,5,2026-07-30T17:11:23.359018
32,6,7,5,0,5,2026-07-30T17:11:23.578910
32,6,8,5,0,5,2026-07-30T17:11:23.903329
32,6,9,5,0,5,2026-07-30T17:11:24.131853
32,6,10,5,0,5,2026-07-30T17:11:24.393986
32,7,1,5,0,5,2026-07-30T17:11:24.132946
32,7,2,5,0,5,2026-07-30T17:11:24.120267
32,7,3,5,0,5,2026-07-30T17:11:25.320607
32,7,4,5,0,5,2026-07-30T17:11:24.998388
32,7,5,5,0,5,2026-07-30T17:11:24.598968
32,7,6,5,0,5,2026-07-30T17:11:25.548335
32,7,7,5,0,5,2026-07-30T17:11:25.787706
32,7,8,5,0,5,2026-07-30T17:11:25.783609
32,7,9,5,0,5,2026-07-30T17:11:25.777007
32,7,10,5,0,5,2026-07-30T17:11:26.058645
32,8,1,5,0,5,2026-07-30T17:11:26.256615
32,8,2,5,0,5,2026-07-30T17:11:26.234688
32,8,3,5,0,5,2026-07-30T17:11:26.762800
32,8,4,5,0,5,2026-07-30T17:11:26.560135
32,8,5,5,0,5,2026-07-30T17:11:26.790387
32,8,6,5,0,5,2026-07-30T17:11:27.456356
32,8,7,5,0,5,2026-07-30T17:11:27.441554
32,8,8,5,0,5,2026-07-30T17:11:27.111462
32,8,9,5,0,5,2026-07-30T17:11:27.896836
32,8,10,5,0,5,2026-07-30T17:11:27.723391
32,9,1,0,0,0,2026-07-30T17:11:28.219362
32,9,2,0,0,0,2026-07-30T17:11:28.420819
32,9,3,0,0,0,2026-07-30T17:11:28.454431
32,9,4,0,0,0,2026-07-30T17:11:28.732248
32,9,5,0,0,0,2026-07-30T17:11:29.080029
32,9,6,0,0,0,2026-07-30T17:11:29.485226
32,9,7,0,0,0,2026-07-30T17:11:29.759820
32,9,8,0,0,0,2026-07-30T17:11:29.334165
32,9,9,0,0,0,2026-07-30T17:11:29.832368
32,9,10,0,0,0,2026-07-30T17:11:30.083537
32,10,1,0,0,0,2026-07-30T17:11:29.669116
32,10,2,0,0,0,2026-07-30T17:11:30.369078
32,10,3,0,0,0,2026-07-30T17:11:30.732124
32,10,4,0,0,0,2026-07-30T17:11:30.544626
32,10,5,0,0,0,2026-07-30T17:11:31.111082
32,10,6,0,0,0,2026-07-30T17:11:31.331050
32,10,7,0,0,0,2026-07-30T17:11:30.792559
32,10,8,0,0,0,2026-07-30T17:11:31.474433
32,10,9,0,0,0,2026-07-30T17:11:31.940656
32,10,10,0,0,0,2026-07-30T17:11:32.219328
32,11,1,5,0,5,2026-07-30T17:11:31.575088
32,11,2,5,0,5,2026-07-30T17:11:32.156115
32,11,3,5,0,5,2026-07-30T17:11:32.449011
32,11,4,5,0,5,2026-07-30T17:11:32.751270
32,11,5,5,0,5,2026-07-30T17:11:32.569836
32,11,6,5,0,5,2026-07-30T17:11:33.138827
32,11,7,5,0,5,2026-07-30T17:11:33.013274
32,11,8,5,0,5,2026-07-30T17:11:32.974529
32,11,9,5,0,5,2026-07-30T17:11:34.017345
32,11,10,5,0,5,2026-07-30T17:11:33.454898
32,12,1,5,0,5,2026-07-30T17:11:34.266774
32,12,2,5,0,5,2026-07-30T17:11:34.003847
32,12,3,5,0,5,2026-07-30T17:11:33.806705
32,12,4,5,0,5,2026-07-30T17:11:34.451963
32,12,5,5,0,5,2026-07-30T17:11:34.651449
32,12,6,5,0,5,2026-07-30T17:11:34.172484
32,12,7,5,0,5,2026-07-30T17:11:34.699961
32,12,8,5,0,5,2026-07-30T17:11:34.849948
32,12,9,5,0,5,2026-07-30T17:11:35.812469
32,12,10,5,0,5,2026-07-30T17:11:36.065911
32,13,1,0,0,0,2026-07-30T17:11:36.040525
32,13,2,0,0,0,2026-07-30T17:11:35.719940
32,13,3,0,0,0,2026-07-30T17:11:36.297424
32,13,4,0,0,0,2026-07-30T17:11:35.456315
32,13,5,0,0,0,2026-07-30T17:11:35.950109
32,13,6,0,0,0,2026-07-30T17:11:36.287287
32,13,7,0,0,0,2026-07-30T17:11:37.291386
32,13,8,0,0,0,2026-07-30T17:11:37.777851
32,13,9,0,0,0,2026-07-30T17:11:37.056075
32,13,10,0,0,0,2026-07-30T17:11:36.994797
32,14,1,5,0,5,2026-07-30T17:11:37.291477
32,14,2,5,0,5,2026-07-30T17:11:38.123203
32,14,3,5,0,5,2026-07-30T17:11:37.522593
32,14,4,5,0,5,2026-07-30T17:11:38.369766
32,14,5,5,0,5,2026-07-30T17:11:39.069439
32,14,6,5,0,5,2026-07-30T17:11:38.322557
32,14,7,5,0,5,2026-07-30T17:11:38.498619
32,14,8,5,0,5,2026-07-30T17:11:38.737340
32,14,9,5,0,5,2026-07-30T17:11:39.352856
32,14,10,5,0,5,2026-07-30T17:11:39.010397
32,15,1,5,0,5,2026-07-30T17:11:39.360648
32,15,2,5,0,5,2026-07-30T17:11:39.983328
32,15,3,5,0,5,2026-07-30T17:11:39.636748
32,15,4,5,0,5,2026-07-30T17:11:39.940518
32,15,5,5,0,5,2026-07-30T17:11:40.166228
32,15,6,5,0,5,2026-07-30T17:11:40.439395
32,15,7,5,0,5,2026-07-30T17:11:40.299018
32,15,8,5,0,5,2026-07-30T17:11:40.777427
32,15,9,5,0,5,2026-07-30T17:11:40.419286
32,15,10,5,0,5,2026-07-30T17:11:41.277723
32,16,1,5,0,5,2026-07-30T17:11:41.187736
32,16,2,5,0,5,2026-07-30T17:11:41.050725
32,16,3,5,0,5,2026-07-30T17:11:42.011341
32,16,4,5,0,5,2026-07-30T17:11:41.745985
32,16,5,5,0,5,2026-07-30T17:11:41.291033
32,16,6,5,0,5,2026-07-30T17:11:41.479346
32,16,7,5,0,5,2026-07-30T17:11:42.039098
32,16,8,5,0,5,2026-07-30T17:11:42.897947
32,16,9,5,0,5,2026-07-30T17:11:42.238188
32,16,10,5,0,5,2026-07-30T17:11:43.087709
32,17,1,5,0,5,2026-07-30T17:11:43.324839
32,17,2,5,0,5,2026-07-30T17:11:43.340681
32,17,3,5,0,5,2026-07-30T17:11:43.166491
32,17,4,5,0,5,2026-07-30T17:11:43.472888
32,17,5,5,0,5,2026-07-30T17:11:43.685587
32,17,6,5,0,5,2026-07-30T17:11:44.070579
32,17,7,5,0,5,2026-07-30T17:11:44.325753
32,17,8,5,0,5,2026-07-30T17:11:44.514083
32,17,9,5,0,5,2026-07-30T17:11:44.594954
32,17,10,5,0,5,2026-07-30T17:11:44.762052
32,18,1,5,0,5,2026-07-30T17:11:44.576500
32,18,2,5,0,5,2026-07-30T17:11:44.919472
32,18,3,5,0,5,2026-07-30T17:11:45.720569
32,18,4,5,0,5,2026-07-30T17:11:44.910241
32,18,5,5,0,5,2026-07-30T17:11:45.549458
32,18,6,4,0,4,2026-07-30T17:11:46.182822
32,18,7,5,0,5,2026-07-30T17:11:46.420981
32,18,8,5,0,5,2026-07-30T17:11:46.053757
32,18,9,5,0,5,2026-07-30T17:11:45.805702
32,18,10,5,0,5,2026-07-30T17:11:46.512610
32,19,1,5,0,5,2026-07-30T17:11:46.570159
32,19,2,5,0,5,2026-07-30T17:11:46.781023
32,19,3,5,0,5,2026-07-30T17:11:47.153745
32,19,4,5,0,5,2026-07-30T17:11:46.849112
32,19,5,5,0,5,2026-07-30T17:11:47.512947
32,19,6,5,0,5,2026-07-30T17:11:48.267314
32,19,7,5,0,5,2026-07-30T17:11:48.267265
32,19,8,5,0,5,2026-07-30T17:11:47.767565
32,19,9,5,0,5,2026-07-30T17:11:47.804824
32,19,10,5,0,5,2026-07-30T17:11:48.466477
32,20,1,5,0,5,2026-07-30T17:11:48.286228
32,20,2,5,0,5,2026-07-30T17:11:48.617018
32,20,3,5,0,5,2026-07-30T17:11:48.961513
32,20,4,5,0,5,2026-07-30T17:11:49.030567
32,20,5,5,0,5,2026-07-30T17:11:49.876576
32,20,6,5,0,5,2026-07-30T17:11:49.705938
32,20,7,5,0,5,2026-07-30T17:11:49.911224
32,20,8,5,0,5,2026-07-30T17:11:50.309921
32,20,9,5,0,5,2026-07-30T17:11:49.704197
32,20,10,5,0,5,2026-07-30T17:11:49.626875
32,21,1,5,0,5,2026-07-30T17:11:51.215772
32,21,2,5,0,5,2026-07-30T17:11:51.298700
32,21,3,5,0,5,2026-07-30T17:11:51.658342
32,21,4,5,0,5,2026-07-30T17:11:51.579044
32,21,5,5,0,5,2026-07-30T17:11:51.343022
32,21,6,5,0,5,2026-07-30T17:11:51.318995
32,21,7,5,0,5,2026-07-30T17:11:51.578927
32,21,8,5,0,5,2026-07-30T17:11:51.966625
32,21,9,5,0,5,2026-07-30T17:11:52.658103
32,21,10,5,0,5,2026-07-30T17:11:53.165095
32,22,1,5,0,5,2026-07-30T17:11:52.768115
32,22,2,5,0,5,2026-07-30T17:11:52.372972
32,22,3,5,0,5,2026-07-30T17:11:52.813264
32,22,4,5,0,5,2026-07-30T17:11:52.687325
32,22,5,5,0,5,2026-07-30T17:11:52.892307
32,22,6,5,0,5,2026-07-30T17:11:53.819617
32,22,7,5,0,5,2026-07-30T17:11:53.407649
32,22,8,5,0,5,2026-07-30T17:11:54.094704
32,22,9,5,0,5,2026-07-30T17:11:54.132371
32,22,10,5,0,5,2026-07-30T17:11:54.207545
32,23,1,5,0,5,2026-07-30T17:11:54.651555
32,23,2,5,0,5,2026-07-30T17:11:53.734438
32,23,3,5,0,5,2026-07-30T17:11:54.789382
32,23,4,5,0,5,2026-07-30T17:11:55.271741
32,23,5,5,0,5,2026-07-30T17:11:54.973988
32,23,6,5,0,5,2026-07-30T17:11:54.871526
32,23,7,5,0,5,2026-07-30T17:11:55.546233
32,23,8,5,0,5,2026-07-30T17:11:55.178041
32,23,9,5,0,5,2026-07-30T17:11:55.860170
32,23,10,5,0,5,2026-07-30T17:11:56.097550
32,24,1,5,0,5,2026-07-30T17:11:56.046992
32,24,2,5,0,5,2026-07-30T17:11:56.714882
32,24,3,5,0,5,2026-07-30T17:11:57.028312
32,24,4,0,0,0,2026-07-30T17:11:56.620438
32,24,5,0,0,0,2026-07-30T17:11:56.331117
32,24,6,0,0,0,2026-07-30T17:11:57.003119
32,24,7,0,0,0,2026-07-30T17:11:57.319195
32,24,8,5,0,5,2026-07-30T17:11:57.697097
32,24,9,5,0,5,2026-07-30T17:11:57.353313
32,24,10,5,0,5,2026-07-30T17:11:58.001550
32,25,1,0,0,0,2026-07-30T17:11:57.879446
32,25,2,5,0,5,2026-07-30T17:11:58.139882
32,25,3,5,0,5,2026-07-30T17:11:58.644457
32,25,4,5,0,5,2026-07-30T17:11:58.465764
32,25,5,5,0,5,2026-07-30T17:11:58.980541
32,25,6,0,0,0,2026-07-30T17:11:59.384310
32,25,7,0,0,0,2026-07-30T17:11:59.563401
32,25,8,5,0,5,2026-07-30T17:11:59.311427
32,25,9,0,0,0,2026-07-30T17:11:59.265031
32,25,10,0,0,0,2026-07-30T17:11:59.991897
32,26,1,5,0,5,2026-07-30T17:11:59.724964
32,26,2,5,0,5,2026-07-30T17:12:00.303372
32,26,3,5,0,5,2026-07-30T17:12:00.411927
32,26,4,5,0,5,2026-07-30T17:12:01.322212
32,26,5,5,0,5,2026-07-30T17:12:00.975831
32,26,6,5,0,5,2026-07-30T17:12:01.383980
32,26,7,5,0,5,2026-07-30T17:12:01.742676
32,26,8,5,0,5,2026-07-30T17:12:00.738400
32,26,9,5,0,5,2026-07-30T17:12:01.625078
32,26,10,5,0,5,2026-07-30T17:12:01.944805
32,27,1,5,0,5,2026-07-30T17:12:01.748929
32,27,2,5,0,5,2026-07-30T17:12:02.776639
32,27,3,5,0,5,2026-07-30T17:12:02.418265
32,27,4,5,0,5,2026-07-30T17:12:02.747931
32,27,5,5,0,5,2026-07-30T17:12:02.593916
32,27,6,5,0,5,2026-07-30T17:12:03.050849
32,27,7,5,0,5,2026-07-30T17:12:02.959323
32,27,8,5,0,5,2026-07-30T17:12:03.587770
32,27,9,5,0,5,2026-07-30T17:12:03.822550
32,27,10,5,0,5,2026-07-30T17:12:03.883472
32,28,1,5,0,5,2026-07-30T17:12:03.838254
32,28,2,5,0,5,2026-07-30T17:12:04.201850
32,28,3,5,0,5,2026-07-30T17:12:04.424017
32,28,4,5,0,5,2026-07-30T17:12:04.613483
32,28,5,5,0,5,2026-07-30T17:12:04.281698
32,28,6,5,0,5,2026-07-30T17:12:04.828355
32,28,7,5,0,5,2026-07-30T17:12:05.677246
32,28,8,5,0,5,2026-07-30T17:12:05.050732
32,28,9,5,0,5,2026-07-30T17:12:05.105635
32,28,10,5,0,5,2026-07-30T17:12:06.040420
32,29,1,5,0,5,2026-07-30T17:12:05.712880
32,29,2,5,0,5,2026-07-30T17:12:06.040205
32,29,3,5,0,5,2026-07-30T17:12:06.041038
32,29,4,5,0,5,2026-07-30T17:12:06.868312
32,29,5,5,0,5,2026-07-30T17:12:06.897649
32,29,6,5,0,5,2026-07-30T17:12:06.509574
32,29,7,5,0,5,2026-07-30T17:12:06.923839
32,29,8,5,0,5,2026-07-30T17:12:06.945812
32,29,9,5,0,5,2026-07-30T17:12:08.297339
32,29,10,5,0,5,2026-07-30T17:12:07.462059
32,30,1,5,0,5,2026-07-30T17:12:07.663050
32,30,2,5,0,5,2026-07-30T17:12:08.355142
32,30,3,5,0,5,2026-07-30T17:12:08.305816
32,30,4,5,0,5,2026-07-30T17:12:08.340904
32,30,5,5,0,5,2026-07-30T17:12:08.779500
32,30,6,5,0,5,2026-07-30T17:12:07.990055
32,30,7,5,0,5,2026-07-30T17:12:08.702087
32,30,8,5,0,5,2026-07-30T17:12:09.079986
32,30,9,5,0,5,2026-07-30T17:12:10.020709
32,30,10,5,0,5,2026-07-30T17:12:09.732986
33,1,1,5,0,5,2026-07-30T17:12:10.129278
33,1,2,5,0,5,2026-07-30T17:12:10.380953
33,1,3,5,0,5,2026-07-30T17:12:09.598963
33,1,4,5,0,5,2026-07-30T17:12:10.750134
33,1,5,5,0,5,2026-07-30T17:12:09.990738
33,1,6,5,0,5,2026-07-30T17:12:10.729893
33,1,7,5,0,5,2026-07-30T17:12:10.837805
33,1,8,5,0,5,2026-07-30T17:12:11.380326
33,1,9,5,0,5,2026-07-30T17:12:11.449050
33,1,10,5,0,5,2026-07-30T17:12:11.883729
33,2,1,5,0,5,2026-07-30T17:12:10.995160
33,2,2,5,0,5,2026-07-30T17:12:11.612006
33,2,3,5,0,5,2026-07-30T17:12:11.979128
33,2,4,5,0,5,2026-07-30T17:12:12.198225
33,2,5,5,0,5,2026-07-30T17:12:12.655644
33,2,6,5,0,5,2026-07-30T17:12:12.821129
33,2,7,5,0,5,2026-07-30T17:12:12.792302
33,2,8,5,0,5,2026-07-30T17:12:12.872825
33,2,9,5,0,5,2026-07-30T17:12:12.844613
33,2,10,5,0,5,2026-07-30T17:12:13.785018
33,3,1,5,0,5,2026-07-30T17:12:13.398068
33,3,2,5,0,5,2026-07-30T17:12:14.251121
33,3,3,3,0,3,2026-07-30T17:12:14.088285
33,3,4,5,0,5,2026-07-30T17:12:14.449770
33,3,5,5,0,5,2026-07-30T17:12:15.107222
33,3,6,5,0,5,2026-07-30T17:12:14.081717
33,3,7,5,0,5,2026-07-30T17:12:14.731084
33,3,8,5,0,5,2026-07-30T17:12:14.450346
33,3,9,5,0,5,2026-07-30T17:12:15.633900
33,3,10,5,0,5,2026-07-30T17:12:15.708432
33,4,1,5,0,5,2026-07-30T17:12:15.322101
33,4,2,5,0,5,2026-07-30T17:12:16.278695
33,4,3,5,0,5,2026-07-30T17:12:16.517286
33,4,4,5,0,5,2026-07-30T17:12:15.902511
33,4,5,5,0,5,2026-07-30T17:12:15.984917
33,4,6,0,0,0,2026-07-30T17:12:16.724433
33,4,7,0,0,0,2026-07-30T17:12:16.563992
33,4,8,5,0,5,2026-07-30T17:12:17.514939
33,4,9,0,0,0,2026-07-30T17:12:17.726042
33,4,10,5,0,5,2026-07-30T17:12:17.753950
33,5,1,5,0,5,2026-07-30T17:12:17.638332
33,5,2,5,0,5,2026-07-30T17:12:18.313229
33,5,3,5,0,5,2026-07-30T17:12:17.947738
33,5,4,5,0,5,2026-07-30T17:12:18.033507
33,5,5,5,0,5,2026-07-30T17:12:18.361628
33,5,6,5,0,5,2026-07-30T17:12:18.733284
33,5,7,5,0,5,2026-07-30T17:12:19.472540
33,5,8,5,0,5,2026-07-30T17:12:19.156447
33,5,9,0,0,0,2026-07-30T17:12:19.589067
33,5,10,5,0,5,2026-07-30T17:12:18.997659
33,6,1,5,0,5,2026-07-30T17:12:19.657276
33,6,2,5,0,5,2026-07-30T17:12:19.735966
33,6,3,5,0,5,2026-07-30T17:12:19.576657
33,6,4,5,0,5,2026-07-30T17:12:19.972965
33,6,5,5,0,5,2026-07-30T17:12:20.039375
33,6,6,5,0,5,2026-07-30T17:12:20.410776
33,6,7,5,0,5,2026-07-30T17:12:21.355800
33,6,8,5,0,5,2026-07-30T17:12:21.224547
33,6,9,5,0,5,2026-07-30T17:12:20.824523
33,6,10,5,0,5,2026-07-30T17:12:21.519129
33,7,1,5,0,5,2026-07-30T17:12:21.384126
33,7,2,5,0,5,2026-07-30T17:12:21.380999
33,7,3,5,0,5,2026-07-30T17:12:21.671404
33,7,4,5,0,5,2026-07-30T17:12:21.658216
33,7,5,5,0,5,2026-07-30T17:12:22.257506
33,7,6,5,0,5,2026-07-30T17:12:22.660779
33,7,7,5,0,5,2026-07-30T17:12:22.391548
33,7,8,5,0,5,2026-07-30T17:12:22.661510
33,7,9,5,0,5,2026-07-30T17:12:22.419514
33,7,10,5,0,5,2026-07-30T17:12:22.989457
33,8,1,5,0,5,2026-07-30T17:12:23.063819
33,8,2,5,0,5,2026-07-30T17:12:22.694749
33,8,3,5,0,5,2026-07-30T17:12:23.905164
33,8,4,5,0,5,2026-07-30T17:12:24.239833
33,8,5,5,0,5,2026-07-30T17:12:24.232932
33,8,6,5,0,5,2026-07-30T17:12:23.904334
33,8,7,5,0,5,2026-07-30T17:12:24.501846
33,8,8,5,0,5,2026-07-30T17:12:23.527787
33,8,9,5,0,5,2026-07-30T17:12:24.833117
33,8,10,5,0,5,2026-07-30T17:12:25.121956
33,9,1,0,0,0,2026-07-30T17:12:25.564455
33,9,2,0,0,0,2026-07-30T17:12:25.740359
33,9,3,0,0,0,2026-07-30T17:12:25.132464
33,9,4,0,0,0,2026-07-30T17:12:26.099757
33,9,5,0,0,0,2026-07-30T17:12:25.865372
33,9,6,0,0,0,2026-07-30T17:12:26.156243
33,9,7,0,0,0,2026-07-30T17:12:26.041507
33,9,8,0,0,0,2026-07-30T17:12:26.156928
33,9,9,0,0,0,2026-07-30T17:12:26.572591
33,9,10,0,0,0,2026-07-30T17:12:26.595116
33,10,1,5,0,5,2026-07-30T17:12:26.961766
33,10,2,5,0,5,2026-07-30T17:12:27.112128
33,10,3,5,0,5,2026-07-30T17:12:28.109568
33,10,4,5,0,5,2026-07-30T17:12:27.956976
33,10,5,4,0,4,2026-07-30T17:12:27.181168
33,10,6,5,0,5,2026-07-30T17:12:27.584490
33,10,7,5,0,5,2026-07-30T17:12:27.847963
33,10,8,5,0,5,2026-07-30T17:12:28.414538
33,10,9,5,0,5,2026-07-30T17:12:28.203984
33,10,10,5,0,5,2026-07-30T17:12:28.955984
33,11,1,5,0,5,2026-07-30T17:12:28.414305
33,11,2,5,0,5,2026-07-30T17:12:28.620425
33,11,3,5,0,5,2026-07-30T17:12:29.699869
33,11,4,5,0,5,2026-07-30T17:12:29.205670
33,11,5,5,0,5,2026-07-30T17:12:29.582813
33,11,6,5,0,5,2026-07-30T17:12:29.440649
33,11,7,5,0,5,2026-07-30T17:12:30.070896
33,11,8,5,0,5,2026-07-30T17:12:30.068773
33,11,9,5,0,5,2026-07-30T17:12:30.469126
33,11,10,5,0,5,2026-07-30T17:12:30.001812
33,12,1,5,0,5,2026-07-30T17:12:30.848185
33,12,2,5,0,5,2026-07-30T17:12:31.289587
33,12,3,5,0,5,2026-07-30T17:12:31.600644
33,12,4,5,0,5,2026-07-30T17:12:31.102011
33,12,5,5,0,5,2026-07-30T17:12:31.451606
33,12,6,5,0,5,2026-07-30T17:12:31.720360
33,12,7,5,0,5,2026-07-30T17:12:31.303624
33,12,8,5,0,5,2026-07-30T17:12:32.290971
33,12,9,5,0,5,2026-07-30T17:12:32.296631
33,12,10,5,0,5,2026-07-30T17:12:32.135182
33,13,1,5,0,5,2026-07-30T17:12:32.296752
33,13,2,5,0,5,2026-07-30T17:12:32.721419
33,13,3,5,0,5,2026-07-30T17:12:32.486699
33,13,4,5,0,5,2026-07-30T17:12:33.445518
33,13,5,5,0,5,2026-07-30T17:12:33.362934
33,13,6,5,0,5,2026-07-30T17:12:33.566424
33,13,7,5,0,5,2026-07-30T17:12:34.320657
33,13,8,5,0,5,2026-07-30T17:12:33.966129
33,13,9,5,0,5,2026-07-30T17:12:33.529806
33,13,10,5,0,5,2026-07-30T17:12:34.318078
33,14,1,5,0,5,2026-07-30T17:12:34.752118
33,14,2,5,0,5,2026-07-30T17:12:34.813791
33,14,3,5,0,5,2026-07-30T17:12:35.099546
33,14,4,5,0,5,2026-07-30T17:12:34.576615
33,14,5,5,0,5,2026-07-30T17:12:35.007650
33,14,6,5,0,5,2026-07-30T17:12:35.587101
33,14,7,5,0,5,2026-07-30T17:12:36.397772
33,14,8,5,0,5,2026-07-30T17:12:35.736673
33,14,9,5,0,5,2026-07-30T17:12:36.415136
33,14,10,5,0,5,2026-07-30T17:12:36.220883
33,15,1,5,0,5,2026-07-30T17:12:36.480721
33,15,2,5,0,5,2026-07-30T17:12:36.058702
33,15,3,0,0,0,2026-07-30T17:12:36.316117
33,15,4,0,0,0,2026-07-30T17:12:37.039445
33,15,5,5,0,5,2026-07-30T17:12:37.189462
33,15,6,5,0,5,2026-07-30T17:12:37.930495
33,15,7,5,0,5,2026-07-30T17:12:37.461424
33,15,8,0,0,0,2026-07-30T17:12:37.977991
33,15,9,0,0,0,2026-07-30T17:12:38.450250
33,15,10,0,0,0,2026-07-30T17:12:37.434739
33,16,1,5,0,5,2026-07-30T17:12:38.526591
33,16,2,5,0,5,2026-07-30T17:12:38.301397
33,16,3,5,0,5,2026-07-30T17:12:38.238679
33,16,4,5,0,5,2026-07-30T17:12:39.088883
33,16,5,5,0,5,2026-07-30T17:12:38.882407
33,16,6,5,0,5,2026-07-30T17:12:39.167423
33,16,7,5,0,5,2026-07-30T17:12:39.192831
33,16,8,5,0,5,2026-07-30T17:12:39.473260
33,16,9,5,0,5,2026-07-30T17:12:39.335324
33,16,10,5,0,5,2026-07-30T17:12:39.678456
33,17,1,5,0,5,2026-07-30T17:12:39.545196
33,17,2,5,0,5,2026-07-30T17:12:40.524331
33,17,3,5,0,5,2026-07-30T17:12:40.757190
33,17,4,5,0,5,2026-07-30T17:12:41.243510
33,17,5,5,0,5,2026-07-30T17:12:40.226238
33,17,6,5,0,5,2026-07-30T17:12:41.168167
33,17,7,5,0,5,2026-07-30T17:12:40.714881
33,17,8,5,0,5,2026-07-30T17:12:40.569475
33,17,9,5,0,5,2026-07-30T17:12:40.880214
33,17,10,5,0,5,2026-07-30T17:12:42.269533
33,18,1,3,0,3,2026-07-30T17:12:42.546675
33,18,2,3,0,3,2026-07-30T17:12:42.003285
33,18,3,3,0,3,2026-07-30T17:12:42.576155
33,18,4,5,0,5,2026-07-30T17:12:41.803738
33,18,5,5,0,5,2026-07-30T17:12:41.943526
33,18,6,5,0,5,2026-07-30T17:12:42.421730
33,18,7,5,0,5,2026-07-30T17:12:42.862274
33,18,8,3,0,3,2026-07-30T17:12:43.044656
33,18,9,3,0,3,2026-07-30T17:12:43.592393
33,18,10,5,0,5,2026-07-30T17:12:43.241918
33,19,1,5,0,5,2026-07-30T17:12:44.123925
33,19,2,5,0,5,2026-07-30T17:12:44.276282
33,19,3,5,0,5,2026-07-30T17:12:44.178170
33,19,4,0,0,0,2026-07-30T17:12:43.819390
33,19,5,5,0,5,2026-07-30T17:12:43.878824
33,19,6,5,0,5,2026-07-30T17:12:44.922318
33,19,7,5,0,5,2026-07-30T17:12:45.288731
33,19,8,5,0,5,2026-07-30T17:12:44.627028
33,19,9,5,0,5,2026-07-30T17:12:45.901857
33,19,10,0,0,0,2026-07-30T17:12:45.100488
33,20,1,5,0,5,2026-07-30T17:12:45.850324
33,20,2,5,0,5,2026-07-30T17:12:45.818281
33,20,3,5,0,5,2026-07-30T17:12:46.131850
33,20,4,5,0,5,2026-07-30T17:12:45.671355
33,20,5,5,0,5,2026-07-30T17:12:46.577216
33,20,6,5,0,5,2026-07-30T17:12:46.155500
33,20,7,5,0,5,2026-07-30T17:12:46.536504
33,20,8,5,0,5,2026-07-30T17:12:47.100309
33,20,9,5,0,5,2026-07-30T17:12:46.862963
33,20,10,5,0,5,2026-07-30T17:12:47.712909
33,21,1,5,0,5,2026-07-30T17:12:47.538030
33,21,2,5,0,5,2026-07-30T17:12:47.568805
33,21,3,5,0,5,2026-07-30T17:12:47.386835
33,21,4,5,0,5,2026-07-30T17:12:47.747454
33,21,5,5,0,5,2026-07-30T17:12:48.217682
33,21,6,5,0,5,2026-07-30T17:12:48.901133
33,21,7,5,0,5,2026-07-30T17:12:48.532953
33,21,8,5,0,5,2026-07-30T17:12:49.238001
33,21,9,5,0,5,2026-07-30T17:12:49.587762
33,21,10,5,0,5,2026-07-30T17:12:49.434091
33,22,1,5,0,5,2026-07-30T17:12:49.131431
33,22,2,5,0,5,2026-07-30T17:12:49.402496
33,22,3,5,0,5,2026-07-30T17:12:49.632593
33,22,4,5,0,5,2026-07-30T17:12:49.795233
33,22,5,5,0,5,2026-07-30T17:12:50.752406
33,22,6,5,0,5,2026-07-30T17:12:51.173884
33,22,7,5,0,5,2026-07-30T17:12:50.656506
33,22,8,5,0,5,2026-07-30T17:12:50.411451
33,22,9,5,0,5,2026-07-30T17:12:50.448607
33,22,10,5,0,5,2026-07-30T17:12:50.825265
33,23,1,5,0,5,2026-07-30T17:12:50.869879
33,23,2,5,0,5,2026-07-30T17:12:51.251088
33,23,3,5,0,5,2026-07-30T17:12:51.856376
33,23,4,5,0,5,2026-07-30T17:12:51.493204
33,23,5,5,0,5,2026-07-30T17:12:51.691745
33,23,6,5,0,5,2026-07-30T17:12:52.425704
33,23,7,5,0,5,2026-07-30T17:12:52.070606
33,23,8,5,0,5,2026-07-30T17:12:52.100591
33,23,9,5,0,5,2026-07-30T17:12:52.621182
33,23,10,5,0,5,2026-07-30T17:12:52.706008
33,24,1,5,0,5,2026-07-30T17:12:53.358113
33,24,2,5,0,5,2026-07-30T17:12:53.128617
33,24,3,5,0,5,2026-07-30T17:12:52.880560
33,24,4,5,0,5,2026-07-30T17:12:53.512296
33,24,5,5,0,5,2026-07-30T17:12:54.133559
33,24,6,5,0,5,2026-07-30T17:12:53.669414
33,24,7,5,0,5,2026-07-30T17:12:53.673394
33,24,8,5,0,5,2026-07-30T17:12:53.961789
33,24,9,5,0,5,2026-07-30T17:12:54.089062
33,24,10,5,0,5,2026-07-30T17:12:54.566512
33,25,1,5,0,5,2026-07-30T17:12:54.991471
33,25,2,5,0,5,2026-07-30T17:12:54.571126
33,25,3,5,0,5,2026-07-30T17:12:55.294377
33,25,4,5,0,5,2026-07-30T17:12:55.489567
33,25,5,5,0,5,2026-07-30T17:12:55.590163
33,25,6,5,0,5,2026-07-30T17:12:55.896117
33,25,7,3,0,3,2026-07-30T17:12:55.369708
33,25,8,5,0,5,2026-07-30T17:12:55.807027
33,25,9,5,0,5,2026-07-30T17:12:55.601482
33,25,10,5,0,5,2026-07-30T17:12:56.850222
33,26,1,5,0,5,2026-07-30T17:12:56.937587
33,26,2,5,0,5,2026-07-30T17:12:57.225808
33,26,3,5,0,5,2026-07-30T17:12:57.115202
33,26,4,5,0,5,2026-07-30T17:12:56.630569
33,26,5,5,0,5,2026-07-30T17:12:57.451897
33,26,6,5,0,5,2026-07-30T17:12:57.225331
33,26,7,5,0,5,2026-07-30T17:12:57.758465
33,26,8,5,0,5,2026-07-30T17:12:58.070739
33,26,9,5,0,5,2026-07-30T17:12:58.312060
33,26,10,5,0,5,2026-07-30T17:12:58.802570
33,27,1,5,0,5,2026-07-30T17:12:58.980053
33,27,2,5,0,5,2026-07-30T17:12:59.052512
33,27,3,5,0,5,2026-07-30T17:12:58.869972
33,27,4,5,0,5,2026-07-30T17:12:58.912243
33,27,5,5,0,5,2026-07-30T17:12:59.824253
33,27,6,5,0,5,2026-07-30T17:12:59.117113
33,27,7,5,0,5,2026-07-30T17:12:59.745387
33,27,8,5,0,5,2026-07-30T17:13:00.452578
33,27,9,5,0,5,2026-07-30T17:13:00.108458
33,27,10,5,0,5,2026-07-30T17:12:59.952187
33,28,1,5,0,5,2026-07-30T17:13:00.828503
33,28,2,5,0,5,2026-07-30T17:13:00.650092
33,28,3,5,0,5,2026-07-30T17:13:00.349879
33,28,4,5,0,5,2026-07-30T17:13:00.965254
33,28,5,5,0,5,2026-07-30T17:13:01.677602
33,28,6,5,0,5,2026-07-30T17:13:01.168037
33,28,7,5,0,5,2026-07-30T17:13:01.129929
33,28,8,5,0,5,2026-07-30T17:13:01.793789
33,28,9,5,0,5,2026-07-30T17:13:01.488445
33,28,10,5,0,5,2026-07-30T17:13:02.291853
33,29,1,5,0,5,2026-07-30T17:13:02.039535
33,29,2,5,0,5,2026-07-30T17:13:02.402954
33,29,3,5,0,5,2026-07-30T17:13:02.178287
33,29,4,5,0,5,2026-07-30T17:13:02.610105
33,29,5,5,0,5,2026-07-30T17:13:03.346476
33,29,6,5,0,5,2026-07-30T17:13:03.120563
33,29,7,5,0,5,2026-07-30T17:13:03.521991
33,29,8,5,0,5,2026-07-30T17:13:03.881691
33,29,9,5,0,5,2026-07-30T17:13:03.419133
33,29,10,5,0,5,2026-07-30T17:13:03.548667
33,30,1,5,0,5,2026-07-30T17:13:03.624334
33,30,2,5,0,5,2026-07-30T17:13:04.256323
33,30,3,5,0,5,2026-07-30T17:13:04.571837
33,30,4,3,0,3,2026-07-30T17:13:04.386493
33,30,5,5,0,5,2026-07-30T17:13:04.469245
33,30,6,3,0,3,2026-07-30T17:13:04.366914
33,30,7,5,0,5,2026-07-30T17:13:04.795800
33,30,8,5,0,5,2026-07-30T17:13:04.634329
33,30,9,5,0,5,2026-07-30T17:13:05.120523
33,30,10,5,0,5,2026-07-30T17:13:05.685569
34,1,1,5,0,5,2026-07-30T17:13:05.385502
34,1,2,5,0,5,2026-07-30T17:13:06.126765
34,1,3,5,0,5,2026-07-30T17:13:05.703053
34,1,4,5,0,5,2026-07-30T17:13:06.400165
34,1,5,5,0,5,2026-07-30T17:13:06.078166
34,1,6,5,0,5,2026-07-30T17:13:06.000682
34,1,7,5,0,5,2026-07-30T17:13:06.353766
34,1,8,5,0,5,2026-07-30T17:13:07.237668
34,1,9,5,0,5,2026-07-30T17:13:07.285976
34,1,10,5,0,5,2026-07-30T17:13:07.340103
34,2,1,5,0,5,2026-07-30T17:13:08.033790
34,2,2,5,0,5,2026-07-30T17:13:07.293214
34,2,3,5,0,5,2026-07-30T17:13:07.798339
34,2,4,5,0,5,2026-07-30T17:13:07.758540
34,2,5,5,0,5,2026-07-30T17:13:07.441510
34,2,6,5,0,5,2026-07-30T17:13:09.093530
34,2,7,5,0,5,2026-07-30T17:13:08.924180
34,2,8,5,0,5,2026-07-30T17:13:08.834357
34,2,9,5,0,5,2026-07-30T17:13:09.192897
34,2,10,5,0,5,2026-07-30T17:13:09.073833
34,3,1,0,0,0,2026-07-30T17:13:09.577922
34,3,2,0,0,0,2026-07-30T17:13:09.032842
34,3,3,1,0,1,2026-07-30T17:13:09.842115
34,3,4,0,0,0,2026-07-30T17:13:10.082471
34,3,5,3,0,3,2026-07-30T17:13:09.936907
34,3,6,0,0,0,2026-07-30T17:13:10.490154
34,3,7,0,0,0,2026-07-30T17:13:10.724825
34,3,8,0,0,0,2026-07-30T17:13:10.564365
34,3,9,5,0,5,2026-07-30T17:13:10.426778
34,3,10,0,0,0,2026-07-30T17:13:10.835406
34,4,1,0,0,0,2026-07-30T17:13:11.682886
34,4,2,0,0,0,2026-07-30T17:13:11.349671
34,4,3,0,0,0,2026-07-30T17:13:11.528493
34,4,4,0,0,0,2026-07-30T17:13:12.284674
34,4,5,0,0,0,2026-07-30T17:13:11.690030
34,4,6,0,0,0,2026-07-30T17:13:11.833169
34,4,7,0,0,0,2026-07-30T17:13:12.166200
34,4,8,0,0,0,2026-07-30T17:13:12.449949
34,4,9,0,0,0,2026-07-30T17:13:13.181739
34,4,10,0,0,0,2026-07-30T17:13:12.952291
34,5,1,5,0,5,2026-07-30T17:13:12.927960
34,5,2,5,0,5,2026-07-30T17:13:12.740552
34,5,3,5,0,5,2026-07-30T17:13:13.674411
34,5,4,5,0,5,2026-07-30T17:13:13.590650
34,5,5,5,0,5,2026-07-30T17:13:14.121401
34,5,6,5,0,5,2026-07-30T17:13:13.908708
34,5,7,5,0,5,2026-07-30T17:13:13.973605
34,5,8,5,0,5,2026-07-30T17:13:14.600565
34,5,9,5,0,5,2026-07-30T17:13:14.166071
34,5,10,5,0,5,2026-07-30T17:13:14.615993
34,6,1,5,0,5,2026-07-30T17:13:14.826135
34,6,2,5,0,5,2026-07-30T17:13:14.756091
34,6,3,5,0,5,2026-07-30T17:13:15.353342
34,6,4,5,0,5,2026-07-30T17:13:16.038327
34,6,5,5,0,5,2026-07-30T17:13:15.362145
34,6,6,5,0,5,2026-07-30T17:13:15.405943
34,6,7,5,0,5,2026-07-30T17:13:15.816232
34,6,8,5,0,5,2026-07-30T17:13:16.276673
34,6,9,5,0,5,2026-07-30T17:13:16.369775
34,6,10,5,0,5,2026-07-30T17:13:16.261006
34,7,1,5,0,5,2026-07-30T17:13:16.599588
34,7,2,5,0,5,2026-07-30T17:13:16.796337
34,7,3,5,0,5,2026-07-30T17:13:16.642245
34,7,4,5,0,5,2026-07-30T17:13:17.249303
34,7,5,5,0,5,2026-07-30T17:13:17.860568
34,7,6,5,0,5,2026-07-30T17:13:17.482419
34,7,7,5,0,5,2026-07-30T17:13:17.499174
34,7,8,5,0,5,2026-07-30T17:13:17.801147
34,7,9,5,0,5,2026-07-30T17:13:18.406201
34,7,10,5,0,5,2026-07-30T17:13:18.685378
34,8,1,5,0,5,2026-07-30T17:13:18.431605
34,8,2,5,0,5,2026-07-30T17:13:18.297609
34,8,3,5,0,5,2026-07-30T17:13:19.298062
34,8,4,0,0,0,2026-07-30T17:13:18.939916
34,8,5,5,0,5,2026-07-30T17:13:19.864005
34,8,6,5,0,5,2026-07-30T17:13:19.524209
34,8,7,0,0,0,2026-07-30T17:13:19.331636
34,8,8,5,0,5,2026-07-30T17:13:20.040534
34,8,9,5,0,5,2026-07-30T17:13:19.882942
34,8,10,5,0,5,2026-07-30T17:13:20.332170
34,9,1,5,0,5,2026-07-30T17:13:20.175676
34,9,2,5,0,5,2026-07-30T17:13:21.342093
34,9,3,5,0,5,2026-07-30T17:13:20.793599
34,9,4,5,0,5,2026-07-30T17:13:20.779050
34,9,5,5,0,5,2026-07-30T17:13:21.920339
34,9,6,5,0,5,2026-07-30T17:13:20.939515
34,9,7,5,0,5,2026-07-30T17:13:21.068524
34,9,8,5,0,5,2026-07-30T17:13:21.627017
34,9,9,5,0,5,2026-07-30T17:13:21.762969
34,9,10,5,0,5,2026-07-30T17:13:22.409770
34,10,1,5,0,5,2026-07-30T17:13:22.045136
34,10,2,5,0,5,2026-07-30T17:13:22.611409
34,10,3,5,0,5,2026-07-30T17:13:22.508677
34,10,4,5,0,5,2026-07-30T17:13:23.205326
34,10,5,5,0,5,2026-07-30T17:13:23.030558
34,10,6,5,0,5,2026-07-30T17:13:22.797525
34,10,7,5,0,5,2026-07-30T17:13:22.932001
34,10,8,5,0,5,2026-07-30T17:13:23.102133
34,10,9,5,0,5,2026-07-30T17:13:23.448598
34,10,10,5,0,5,2026-07-30T17:13:23.961560
34,11,1,5,0,5,2026-07-30T17:13:24.458442
34,11,2,5,0,5,2026-07-30T17:13:24.043168
34,11,3,5,0,5,2026-07-30T17:13:24.173912
34,11,4,5,0,5,2026-07-30T17:13:24.058007
34,11,5,5,0,5,2026-07-30T17:13:24.343059
34,11,6,5,0,5,2026-07-30T17:13:24.440235
34,11,7,5,0,5,2026-07-30T17:13:25.095641
34,11,8,5,0,5,2026-07-30T17:13:25.399687
34,11,9,5,0,5,2026-07-30T17:13:25.909010
34,11,10,5,0,5,2026-07-30T17:13:25.291367
34,12,1,5,0,5,2026-07-30T17:13:26.013417
34,12,2,5,0,5,2026-07-30T17:13:25.384368
34,12,3,5,0,5,2026-07-30T17:13:25.499214
34,12,4,5,0,5,2026-07-30T17:13:26.123210
34,12,5,5,0,5,2026-07-30T17:13:26.733341
34,12,6,5,0,5,2026-07-30T17:13:26.917563
34,12,7,5,0,5,2026-07-30T17:13:27.028489
34,12,8,5,0,5,2026-07-30T17:13:27.052680
34,12,9,5,0,5,2026-07-30T17:13:27.352098
34,12,10,5,0,5,2026-07-30T17:13:27.735720
34,13,1,5,0,5,2026-07-30T17:13:27.819315
34,13,2,5,0,5,2026-07-30T17:13:27.174497
34,13,3,5,0,5,2026-07-30T17:13:28.139054
34,13,4,5,0,5,2026-07-30T17:13:28.575681
34,13,5,5,0,5,2026-07-30T17:13:28.246108
34,13,6,5,0,5,2026-07-30T17:13:28.468069
34,13,7,5,0,5,2026-07-30T17:13:29.045419
34,13,8,5,0,5,2026-07-30T17:13:29.007104
34,13,9,5,0,5,2026-07-30T17:13:29.591384
34,13,10,5,0,5,2026-07-30T17:13:28.841620
34,14,1,5,0,5,2026-07-30T17:13:29.166249
34,14,2,5,0,5,2026-07-30T17:13:30.099099
34,14,3,5,0,5,2026-07-30T17:13:30.107858
34,14,4,5,0,5,2026-07-30T17:13:30.223252
34,14,5,5,0,5,2026-07-30T17:13:29.905026
34,14,6,5,0,5,2026-07-30T17:13:30.252430
34,14,7,5,0,5,2026-07-30T17:13:30.507773
34,14,8,5,0,5,2026-07-30T17:13:31.011580
34,14,9,5,0,5,2026-07-30T17:13:31.451910
34,14,10,5,0,5,2026-07-30T17:13:31.545478
34,15,1,5,0,5,2026-07-30T17:13:31.128291
34,15,2,5,0,5,2026-07-30T17:13:31.739276
34,15,3,5,0,5,2026-07-30T17:13:31.247016
34,15,4,0,0,0,2026-07-30T17:13:31.457636
34,15,5,5,0,5,2026-07-30T17:13:31.944640
34,15,6,0,0,0,2026-07-30T17:13:32.417698
34,15,7,5,0,5,2026-07-30T17:13:32.194318
34,15,8,5,0,5,2026-07-30T17:13:33.086244
34,15,9,5,0,5,2026-07-30T17:13:32.910126
34,15,10,5,0,5,2026-07-30T17:13:33.103575
34,16,1,5,0,5,2026-07-30T17:13:33.211082
34,16,2,5,0,5,2026-07-30T17:13:33.799072
34,16,3,5,0,5,2026-07-30T17:13:33.603816
34,16,4,5,0,5,2026-07-30T17:13:33.844331
34,16,5,5,0,5,2026-07-30T17:13:34.067568
34,16,6,5,0,5,2026-07-30T17:13:34.752908
34,16,7,5,0,5,2026-07-30T17:13:34.134492
34,16,8,5,0,5,2026-07-30T17:13:34.354874
34,16,9,5,0,5,2026-07-30T17:13:34.226347
34,16,10,5,0,5,2026-07-30T17:13:35.224565
34,17,1,5,0,5,2026-07-30T17:13:35.031192
34,17,2,5,0,5,2026-07-30T17:13:35.284928
34,17,3,5,0,5,2026-07-30T17:13:35.695121
34,17,4,5,0,5,2026-07-30T17:13:35.782803
34,17,5,5,0,5,2026-07-30T17:13:35.665850
34,17,6,5,0,5,2026-07-30T17:13:35.410338
34,17,7,5,0,5,2026-07-30T17:13:36.590525
34,17,8,5,0,5,2026-07-30T17:13:36.076304
34,17,9,5,0,5,2026-07-30T17:13:36.464686
34,17,10,5,0,5,2026-07-30T17:13:36.510022
34,18,1,5,0,5,2026-07-30T17:13:36.881989
34,18,2,5,0,5,2026-07-30T17:13:37.534900
34,18,3,5,0,5,2026-07-30T17:13:36.722253
34,18,4,5,0,5,2026-07-30T17:13:37.050912
34,18,5,5,0,5,2026-07-30T17:13:37.732482
34,18,6,5,0,5,2026-07-30T17:13:37.654126
34,18,7,5,0,5,2026-07-30T17:13:37.561747
34,18,8,5,0,5,2026-07-30T17:13:38.459683
34,18,9,5,0,5,2026-07-30T17:13:37.945218
34,18,10,5,0,5,2026-07-30T17:13:38.100760
34,19,1,5,0,5,2026-07-30T17:13:38.676455
34,19,2,5,0,5,2026-07-30T17:13:38.978191
34,19,3,5,0,5,2026-07-30T17:13:38.839051
34,19,4,5,0,5,2026-07-30T17:13:38.911718
34,19,5,5,0,5,2026-07-30T17:13:39.187293
34,19,6,5,0,5,2026-07-30T17:13:39.169234
34,19,7,5,0,5,2026-07-30T17:13:39.588482
34,19,8,5,0,5,2026-07-30T17:13:40.115540
34,19,9,5,0,5,2026-07-30T17:13:40.328287
34,19,10,5,0,5,2026-07-30T17:13:39.911984
34,20,1,5,0,5,2026-07-30T17:13:40.541113
34,20,2,5,0,5,2026-07-30T17:13:40.860158
34,20,3,5,0,5,2026-07-30T17:13:41.052992
34,20,4,5,0,5,2026-07-30T17:13:41.205873
34,20,5,5,0,5,2026-07-30T17:13:40.603300
34,20,6,5,0,5,2026-07-30T17:13:41.343012
34,20,7,5,0,5,2026-07-30T17:13:41.747631
34,20,8,5,0,5,2026-07-30T17:13:41.986238
34,20,9,5,0,5,2026-07-30T17:13:41.972159
34,20,10,5,0,5,2026-07-30T17:13:41.845233
34,21,1,5,0,5,2026-07-30T17:13:42.110130
34,21,2,5,0,5,2026-07-30T17:13:42.290741
34,21,3,5,0,5,2026-07-30T17:13:43.287109
34,21,4,5,0,5,2026-07-30T17:13:43.201632
34,21,5,5,0,5,2026-07-30T17:13:42.976448
34,21,6,5,0,5,2026-07-30T17:13:43.292292
34,21,7,5,0,5,2026-07-30T17:13:43.426157
34,21,8,5,0,5,2026-07-30T17:13:43.644879
34,21,9,5,0,5,2026-07-30T17:13:42.975869
34,21,10,5,0,5,2026-07-30T17:13:43.531355
34,22,1,5,0,5,2026-07-30T17:13:45.017682
34,22,2,5,0,5,2026-07-30T17:13:44.228096
34,22,3,5,0,5,2026-07-30T17:13:44.627913
34,22,4,5,0,5,2026-07-30T17:13:44.528225
34,22,5,5,0,5,2026-07-30T17:13:44.705507
34,22,6,5,0,5,2026-07-30T17:13:44.444772
34,22,7,5,0,5,2026-07-30T17:13:45.563642
34,22,8,5,0,5,2026-07-30T17:13:44.689909
34,22,9,5,0,5,2026-07-30T17:13:45.845143
34,22,10,5,0,5,2026-07-30T17:13:46.094772
34,23,1,5,0,5,2026-07-30T17:13:45.767641
34,23,2,5,0,5,2026-07-30T17:13:46.464205
34,23,3,5,0,5,2026-07-30T17:13:46.127224
34,23,4,5,0,5,2026-07-30T17:13:45.928870
34,23,5,5,0,5,2026-07-30T17:13:46.051954
34,23,6,5,0,5,2026-07-30T17:13:47.555534
34,23,7,5,0,5,2026-07-30T17:13:47.572798
34,23,8,5,0,5,2026-07-30T17:13:47.278082
34,23,9,5,0,5,2026-07-30T17:13:47.373581
34,23,10,5,0,5,2026-07-30T17:13:48.109617
34,24,1,5,0,5,2026-07-30T17:13:47.965486
34,24,2,0,0,0,2026-07-30T17:13:47.994127
34,24,3,5,0,5,2026-07-30T17:13:48.089709
34,24,4,5,0,5,2026-07-30T17:13:48.318991
34,24,5,5,0,5,2026-07-30T17:13:48.796018
34,24,6,5,0,5,2026-07-30T17:13:49.210518
34,24,7,5,0,5,2026-07-30T17:13:48.804383
34,24,8,5,0,5,2026-07-30T17:13:49.002398
34,24,9,5,0,5,2026-07-30T17:13:49.433084
34,24,10,5,0,5,2026-07-30T17:13:49.726926
34,25,1,5,0,5,2026-07-30T17:13:49.150739
34,25,2,5,0,5,2026-07-30T17:13:49.549528
34,25,3,5,0,5,2026-07-30T17:13:50.022718
34,25,4,5,0,5,2026-07-30T17:13:50.656984
34,25,5,5,0,5,2026-07-30T17:13:51.107619
34,25,6,5,0,5,2026-07-30T17:13:50.371087
34,25,7,5,0,5,2026-07-30T17:13:51.072479
34,25,8,3,0,3,2026-07-30T17:13:50.666651
34,25,9,5,0,5,2026-07-30T17:13:51.205673
34,25,10,5,0,5,2026-07-30T17:13:50.785852
34,26,1,5,0,5,2026-07-30T17:13:51.255077
34,26,2,5,0,5,2026-07-30T17:13:52.025784
34,26,3,5,0,5,2026-07-30T17:13:52.311841
34,26,4,5,0,5,2026-07-30T17:13:52.703550
34,26,5,5,0,5,2026-07-30T17:13:52.427016
34,26,6,5,0,5,2026-07-30T17:13:52.506838
34,26,7,5,0,5,2026-07-30T17:13:52.169294
34,26,8,5,0,5,2026-07-30T17:13:52.647289
34,26,9,5,0,5,2026-07-30T17:13:52.890137
34,26,10,5,0,5,2026-07-30T17:13:53.686059
34,27,1,5,0,5,2026-07-30T17:13:53.397670
34,27,2,5,0,5,2026-07-30T17:13:53.947867
34,27,3,5,0,5,2026-07-30T17:13:54.062165
34,27,4,5,0,5,2026-07-30T17:13:54.131939
34,27,5,5,0,5,2026-07-30T17:13:54.295704
34,27,6,5,0,5,2026-07-30T17:13:53.732476
34,27,7,5,0,5,2026-07-30T17:13:54.727056
34,27,8,5,0,5,2026-07-30T17:13:55.061957
34,27,9,5,0,5,2026-07-30T17:13:54.892387
34,27,10,5,0,5,2026-07-30T17:13:54.988085
34,28,1,5,0,5,2026-07-30T17:13:55.189816
34,28,2,5,0,5,2026-07-30T17:13:55.268878
34,28,3,5,0,5,2026-07-30T17:13:55.972230
34,28,4,4,0,4,2026-07-30T17:13:55.521034
34,28,5,5,0,5,2026-07-30T17:13:55.727259
34,28,6,5,0,5,2026-07-30T17:13:56.138844
34,28,7,5,0,5,2026-07-30T17:13:56.611723
34,28,8,5,0,5,2026-07-30T17:13:56.934305
34,28,9,5,0,5,2026-07-30T17:13:56.221612
34,28,10,5,0,5,2026-07-30T17:13:57.119791
34,29,1,5,0,5,2026-07-30T17:13:56.777948
34,29,2,5,0,5,2026-07-30T17:13:56.960961
34,29,3,5,0,5,2026-07-30T17:13:57.406414
34,29,4,5,0,5,2026-07-30T17:13:57.791541
34,29,5,5,0,5,2026-07-30T17:13:57.471236
34,29,6,5,0,5,2026-07-30T17:13:58.249601
34,29,7,5,0,5,2026-07-30T17:13:58.037721
34,29,8,5,0,5,2026-07-30T17:13:58.587146
34,29,9,5,0,5,2026-07-30T17:13:58.395941
34,29,10,5,0,5,2026-07-30T17:13:58.173003
34,30,1,5,0,5,2026-07-30T17:13:58.850473
34,30,2,5,0,5,2026-07-30T17:13:58.675368
34,30,3,5,0,5,2026-07-30T17:13:59.649027
34,30,4,5,0,5,2026-07-30T17:14:00.076175
34,30,5,5,0,5,2026-07-30T17:13:59.800905
34,30,6,5,0,5,2026-07-30T17:13:59.450684
34,30,7,5,0,5,2026-07-30T17:14:00.247143
34,30,8,5,0,5,2026-07-30T17:13:59.853202
34,30,9,5,0,5,2026-07-30T17:13:59.887701
34,30,10,5,0,5,2026-07-30T17:13:59.885408
35,1,1,5,0,5,2026-07-30T17:14:01.091323
35,1,2,5,0,5,2026-07-30T17:14:01.120175
35,1,3,5,0,5,2026-07-30T17:14:00.842137
35,1,4,5,0,5,2026-07-30T17:14:01.694894
35,1,5,5,0,5,2026-07-30T17:14:01.514678
35,1,6,5,0,5,2026-07-30T17:14:01.721388
35,1,7,5,0,5,2026-07-30T17:14:01.932701
35,1,8,5,0,5,2026-07-30T17:14:01.503281
35,1,9,5,0,5,2026-07-30T17:14:02.467911
35,1,10,5,0,5,2026-07-30T17:14:02.528206
35,2,1,5,0,5,2026-07-30T17:14:02.158056
35,2,2,5,0,5,2026-07-30T17:14:03.347675
35,2,3,5,0,5,2026-07-30T17:14:02.737406
35,2,4,5,0,5,2026-07-30T17:14:03.302999
35,2,5,5,0,5,2026-07-30T17:14:02.936338
35,2,6,5,0,5,2026-07-30T17:14:03.780180
35,2,7,5,0,5,2026-07-30T17:14:03.631525
35,2,8,5,0,5,2026-07-30T17:14:03.914875
35,2,9,5,0,5,2026-07-30T17:14:04.583705
35,2,10,5,0,5,2026-07-30T17:14:04.380750
35,3,1,0,0,0,2026-07-30T17:14:04.168239
35,3,2,0,0,0,2026-07-30T17:14:05.345219
35,3,3,0,0,0,2026-07-30T17:14:04.591649
35,3,4,0,0,0,2026-07-30T17:14:05.047518
35,3,5,0,0,0,2026-07-30T17:14:05.634152
35,3,6,0,0,0,2026-07-30T17:14:05.544838
35,3,7,0,0,0,2026-07-30T17:14:05.814629
35,3,8,0,0,0,2026-07-30T17:14:06.018877
35,3,9,0,0,0,2026-07-30T17:14:06.232841
35,3,10,0,0,0,2026-07-30T17:14:05.822294
35,4,1,3,0,3,2026-07-30T17:14:06.065554
35,4,2,5,0,5,2026-07-30T17:14:06.766185
35,4,3,5,0,5,2026-07-30T17:14:07.197383
35,4,4,3,0,3,2026-07-30T17:14:07.277543
35,4,5,5,0,5,2026-07-30T17:14:06.851589
35,4,6,5,0,5,2026-07-30T17:14:07.474737
35,4,7,3,0,3,2026-07-30T17:14:07.469978
35,4,8,0,0,0,2026-07-30T17:14:07.952810
35,4,9,5,0,5,2026-07-30T17:14:07.860357
35,4,10,3,0,3,2026-07-30T17:14:08.414204
35,5,1,5,0,5,2026-07-30T17:14:08.072425
35,5,2,5,0,5,2026-07-30T17:14:09.042551
35,5,3,5,0,5,2026-07-30T17:14:08.897603
35,5,4,5,0,5,2026-07-30T17:14:08.906482
35,5,5,5,0,5,2026-07-30T17:14:08.696156
35,5,6,5,0,5,2026-07-30T17:14:08.906372
35,5,7,5,0,5,2026-07-30T17:14:09.365669
35,5,8,5,0,5,2026-07-30T17:14:09.896822
35,5,9,5,0,5,2026-07-30T17:14:10.047850
35,5,10,5,0,5,2026-07-30T17:14:10.352339
35,6,1,5,0,5,2026-07-30T17:14:10.720675
35,6,2,5,0,5,2026-07-30T17:14:10.141245
35,6,3,5,0,5,2026-07-30T17:14:10.570306
35,6,4,5,0,5,2026-07-30T17:14:10.698005
35,6,5,5,0,5,2026-07-30T17:14:10.989871
35,6,6,5,0,5,2026-07-30T17:14:11.133330
35,6,7,5,0,5,2026-07-30T17:14:11.905609
35,6,8,5,0,5,2026-07-30T17:14:11.789429
35,6,9,5,0,5,2026-07-30T17:14:11.999068
35,6,10,5,0,5,2026-07-30T17:14:12.662905
35,7,1,5,0,5,2026-07-30T17:14:12.938220
35,7,2,5,0,5,2026-07-30T17:14:12.147123
35,7,3,5,0,5,2026-07-30T17:14:12.444800
35,7,4,5,0,5,2026-07-30T17:14:12.786856
35,7,5,5,0,5,2026-07-30T17:14:13.618238
35,7,6,5,0,5,2026-07-30T17:14:13.740511
35,7,7,5,0,5,2026-07-30T17:14:13.235791
35,7,8,5,0,5,2026-07-30T17:14:13.492309
35,7,9,5,0,5,2026-07-30T17:14:13.872829
35,7,10,5,0,5,2026-07-30T17:14:14.469583
35,8,1,5,0,5,2026-07-30T17:14:14.027057
35,8,2,5,0,5,2026-07-30T17:14:13.968423
35,8,3,5,0,5,2026-07-30T17:14:14.257352
35,8,4,3,0,3,2026-07-30T17:14:15.332152
35,8,5,5,0,5,2026-07-30T17:14:14.849731
35,8,6,5,0,5,2026-07-30T17:14:15.390038
35,8,7,5,0,5,2026-07-30T17:14:14.909634
35,8,8,5,0,5,2026-07-30T17:14:15.214560
35,8,9,5,0,5,2026-07-30T17:14:15.465442
35,8,10,5,0,5,2026-07-30T17:14:16.303244
35,9,1,5,0,5,2026-07-30T17:14:15.924417
35,9,2,5,0,5,2026-07-30T17:14:16.297175
35,9,3,3,0,3,2026-07-30T17:14:16.153557
35,9,4,5,0,5,2026-07-30T17:14:16.858402
35,9,5,5,0,5,2026-07-30T17:14:16.642735
35,9,6,5,0,5,2026-07-30T17:14:16.862137
35,9,7,5,0,5,2026-07-30T17:14:17.310233
35,9,8,5,0,5,2026-07-30T17:14:17.568242
35,9,9,5,0,5,2026-07-30T17:14:17.757566
35,9,10,5,0,5,2026-07-30T17:14:17.948015
35,10,1,5,0,5,2026-07-30T17:14:17.321138
35,10,2,5,0,5,2026-07-30T17:14:18.067491
35,10,3,5,0,5,2026-07-30T17:14:18.479610
35,10,4,5,0,5,2026-07-30T17:14:18.479563
35,10,5,5,0,5,2026-07-30T17:14:18.756896
35,10,6,5,0,5,2026-07-30T17:14:18.354983
35,10,7,5,0,5,2026-07-30T17:14:19.213371
35,10,8,5,0,5,2026-07-30T17:14:19.594641
35,10,9,5,0,5,2026-07-30T17:14:19.581338
35,10,10,5,0,5,2026-07-30T17:14:19.902198
35,11,1,5,0,5,2026-07-30T17:14:20.397149
35,11,2,5,0,5,2026-07-30T17:14:19.692231
35,11,3,5,0,5,2026-07-30T17:14:20.297090
35,11,4,5,0,5,2026-07-30T17:14:19.990375
35,11,5,5,0,5,2026-07-30T17:14:20.868099
35,11,6,5,0,5,2026-07-30T17:14:21.438047
35,11,7,5,0,5,2026-07-30T17:14:20.852171
35,11,8,5,0,5,2026-07-30T17:14:21.139203
35,11,9,5,0,5,2026-07-30T17:14:21.540514
35,11,10,5,0,5,2026-07-30T17:14:21.820929
35,12,1,5,0,5,2026-07-30T17:14:21.941819
35,12,2,5,0,5,2026-07-30T17:14:22.054679
35,12,3,5,0,5,2026-07-30T17:14:22.485799
35,12,4,5,0,5,2026-07-30T17:14:22.698971
35,12,5,5,0,5,2026-07-30T17:14:22.783745
35,12,6,5,0,5,2026-07-30T17:14:23.280445
35,12,7,5,0,5,2026-07-30T17:14:23.375348
35,12,8,5,0,5,2026-07-30T17:14:22.857326
35,12,9,5,0,5,2026-07-30T17:14:23.799516
35,12,10,5,0,5,2026-07-30T17:14:23.069832
35,13,1,5,0,5,2026-07-30T17:14:23.527339
35,13,2,5,0,5,2026-07-30T17:14:23.947766
35,13,3,5,0,5,2026-07-30T17:14:24.617034
35,13,4,5,0,5,2026-07-30T17:14:24.096535
35,13,5,5,0,5,2026-07-30T17:14:24.080316
35,13,6,5,0,5,2026-07-30T17:14:24.336124
35,13,7,5,0,5,2026-07-30T17:14:24.816814
35,13,8,5,0,5,2026-07-30T17:14:24.576180
35,13,9,5,0,5,2026-07-30T17:14:25.246749
35,13,10,5,0,5,2026-07-30T17:14:25.768283
35,14,1,5,0,5,2026-07-30T17:14:25.923326
35,14,2,5,0,5,2026-07-30T17:14:26.165080
35,14,3,5,0,5,2026-07-30T17:14:26.210497
35,14,4,5,0,5,2026-07-30T17:14:25.821617
35,14,5,5,0,5,2026-07-30T17:14:25.645597
35,14,6,5,0,5,2026-07-30T17:14:26.030078
35,14,7,5,0,5,2026-07-30T17:14:26.693089
35,14,8,5,0,5,2026-07-30T17:14:26.879099
35,14,9,5,0,5,2026-07-30T17:14:27.594043
35,14,10,5,0,5,2026-07-30T17:14:27.058813
35,15,1,5,0,5,2026-07-30T17:14:27.136891
35,15,2,5,0,5,2026-07-30T17:14:27.871849
35,15,3,5,0,5,2026-07-30T17:14:28.226279
35,15,4,5,0,5,2026-07-30T17:14:27.251746
35,15,5,5,0,5,2026-07-30T17:14:28.350491
35,15,6,5,0,5,2026-07-30T17:14:27.915086
35,15,7,5,0,5,2026-07-30T17:14:28.299083
35,15,8,5,0,5,2026-07-30T17:14:28.578848
35,15,9,5,0,5,2026-07-30T17:14:28.899111
35,15,10,5,0,5,2026-07-30T17:14:29.648722
35,16,1,5,0,5,2026-07-30T17:14:29.301290
35,16,2,5,0,5,2026-07-30T17:14:29.553387
35,16,3,5,0,5,2026-07-30T17:14:29.662922
35,16,4,5,0,5,2026-07-30T17:14:30.154119
35,16,5,5,0,5,2026-07-30T17:14:29.994523
35,16,6,5,0,5,2026-07-30T17:14:30.219299
35,16,7,5,0,5,2026-07-30T17:14:30.523748
35,16,8,5,0,5,2026-07-30T17:14:30.752945
35,16,9,5,0,5,2026-07-30T17:14:31.396328
35,16,10,5,0,5,2026-07-30T17:14:30.885334
35,17,1,5,0,5,2026-07-30T17:14:30.898043
35,17,2,5,0,5,2026-07-30T17:14:31.852451
35,17,3,5,0,5,2026-07-30T17:14:31.175330
35,17,4,5,0,5,2026-07-30T17:14:32.067575
35,17,5,5,0,5,2026-07-30T17:14:32.395850
35,17,6,5,0,5,2026-07-30T17:14:32.214563
35,17,7,5,0,5,2026-07-30T17:14:32.723341
35,17,8,5,0,5,2026-07-30T17:14:32.147652
35,17,9,5,0,5,2026-07-30T17:14:32.242234
35,17,10,5,0,5,2026-07-30T17:14:32.651350
35,18,1,3,0,3,2026-07-30T17:14:33.480843
35,18,2,3,0,3,2026-07-30T17:14:33.323984
35,18,3,3,0,3,2026-07-30T17:14:33.571857
35,18,4,3,0,3,2026-07-30T17:14:33.648359
35,18,5,3,0,3,2026-07-30T17:14:33.476304
35,18,6,5,0,5,2026-07-30T17:14:33.845075
35,18,7,3,0,3,2026-07-30T17:14:33.895767
35,18,8,3,0,3,2026-07-30T17:14:34.784205
35,18,9,3,0,3,2026-07-30T17:14:34.547522
35,18,10,3,0,3,2026-07-30T17:14:34.517297
35,19,1,5,0,5,2026-07-30T17:14:34.495569
35,19,2,5,0,5,2026-07-30T17:14:34.622510
35,19,3,5,0,5,2026-07-30T17:14:34.879117
35,19,4,5,0,5,2026-07-30T17:14:35.087893
35,19,5,5,0,5,2026-07-30T17:14:35.153729
35,19,6,5,0,5,2026-07-30T17:14:36.323272
35,19,7,5,0,5,2026-07-30T17:14:35.563635
35,19,8,5,0,5,2026-07-30T17:14:35.398208
35,19,9,5,0,5,2026-07-30T17:14:36.240932
35,19,10,5,0,5,2026-07-30T17:14:35.800528
35,20,1,5,0,5,2026-07-30T17:14:35.927691
35,20,2,5,0,5,2026-07-30T17:14:36.316524
35,20,3,5,0,5,2026-07-30T17:14:36.807729
35,20,4,5,0,5,2026-07-30T17:14:37.036133
35,20,5,5,0,5,2026-07-30T17:14:36.770066
35,20,6,5,0,5,2026-07-30T17:14:37.453423
35,20,7,5,0,5,2026-07-30T17:14:37.782673
35,20,8,5,0,5,2026-07-30T17:14:37.675163
35,20,9,5,0,5,2026-07-30T17:14:38.149663
35,20,10,5,0,5,2026-07-30T17:14:37.740143
35,21,1,5,0,5,2026-07-30T17:14:38.629488
35,21,2,5,0,5,2026-07-30T17:14:38.466587
35,21,3,5,0,5,2026-07-30T17:14:38.704160
35,21,4,5,0,5,2026-07-30T17:14:38.703058
35,21,5,5,0,5,2026-07-30T17:14:39.343643
35,21,6,5,0,5,2026-07-30T17:14:39.592696
35,21,7,5,0,5,2026-07-30T17:14:39.041278
35,21,8,5,0,5,2026-07-30T17:14:40.001878
35,21,9,5,0,5,2026-07-30T17:14:40.293190
35,21,10,5,0,5,2026-07-30T17:14:40.299525
35,22,1,5,0,5,2026-07-30T17:14:40.749897
35,22,2,5,0,5,2026-07-30T17:14:40.362231
35,22,3,5,0,5,2026-07-30T17:14:40.704349
35,22,4,5,0,5,2026-07-30T17:14:40.981607
35,22,5,5,0,5,2026-07-30T17:14:41.033969
35,22,6,5,0,5,2026-07-30T17:14:41.670740
35,22,7,5,0,5,2026-07-30T17:14:42.242331
35,22,8,5,0,5,2026-07-30T17:14:41.959902
35,22,9,5,0,5,2026-07-30T17:14:42.002864
35,22,10,5,0,5,2026-07-30T17:14:41.754154
35,23,1,5,0,5,2026-07-30T17:14:42.196046
35,23,2,5,0,5,2026-07-30T17:14:41.799845
35,23,3,5,0,5,2026-07-30T17:14:42.907644
35,23,4,5,0,5,2026-07-30T17:14:42.915646
35,23,5,5,0,5,2026-07-30T17:14:43.806981
35,23,6,5,0,5,2026-07-30T17:14:42.818738
35,23,7,5,0,5,2026-07-30T17:14:43.420668
35,23,8,5,0,5,2026-07-30T17:14:43.853136
35,23,9,5,0,5,2026-07-30T17:14:43.632036
35,23,10,5,0,5,2026-07-30T17:14:44.113118
35,24,1,5,0,5,2026-07-30T17:14:44.643797
35,24,2,5,0,5,2026-07-30T17:14:44.358465
35,24,3,5,0,5,2026-07-30T17:14:44.772735
35,24,4,5,0,5,2026-07-30T17:14:44.640768
35,24,5,5,0,5,2026-07-30T17:14:45.666001
35,24,6,5,0,5,2026-07-30T17:14:45.048457
35,24,7,5,0,5,2026-07-30T17:14:44.858611
35,24,8,5,0,5,2026-07-30T17:14:45.555205
35,24,9,5,0,5,2026-07-30T17:14:46.026083
35,24,10,5,0,5,2026-07-30T17:14:46.469345
35,25,1,5,0,5,2026-07-30T17:14:46.477729
35,25,2,3,0,3,2026-07-30T17:14:46.458111
35,25,3,5,0,5,2026-07-30T17:14:46.100002
35,25,4,2,0,2,2026-07-30T17:14:46.104827
35,25,5,3,0,3,2026-07-30T17:14:47.393033
35,25,6,5,0,5,2026-07-30T17:14:47.339587
35,25,7,3,0,3,2026-07-30T17:14:47.674368
35,25,8,5,0,5,2026-07-30T17:14:47.553107
35,25,9,4,0,4,2026-07-30T17:14:47.722801
35,25,10,5,0,5,2026-07-30T17:14:48.101501
35,26,1,5,0,5,2026-07-30T17:14:48.323391
35,26,2,5,0,5,2026-07-30T17:14:47.910358
35,26,3,5,0,5,2026-07-30T17:14:48.586808
35,26,4,5,0,5,2026-07-30T17:14:48.997592
35,26,5,5,0,5,2026-07-30T17:14:49.012931
35,26,6,5,0,5,2026-07-30T17:14:49.099242
35,26,7,5,0,5,2026-07-30T17:14:49.157505
35,26,8,5,0,5,2026-07-30T17:14:49.359584
35,26,9,5,0,5,2026-07-30T17:14:49.549376
35,26,10,5,0,5,2026-07-30T17:14:50.169463
35,27,1,5,0,5,2026-07-30T17:14:50.231562
35,27,2,5,0,5,2026-07-30T17:14:50.841999
35,27,3,5,0,5,2026-07-30T17:14:50.621426
35,27,4,5,0,5,2026-07-30T17:14:50.572686
35,27,5,5,0,5,2026-07-30T17:14:50.629514
35,27,6,5,0,5,2026-07-30T17:14:50.606070
35,27,7,5,0,5,2026-07-30T17:14:50.597010
35,27,8,5,0,5,2026-07-30T17:14:52.020524
35,27,9,5,0,5,2026-07-30T17:14:52.082498
35,27,10,5,0,5,2026-07-30T17:14:51.643314
35,28,1,5,0,5,2026-07-30T17:14:52.042507
35,28,2,5,0,5,2026-07-30T17:14:52.057114
35,28,3,5,0,5,2026-07-30T17:14:51.866145
35,28,4,5,0,5,2026-07-30T17:14:51.676872
35,28,5,5,0,5,2026-07-30T17:14:51.868226
35,28,6,5,0,5,2026-07-30T17:14:53.304634
35,28,7,5,0,5,2026-07-30T17:14:53.127003
35,28,8,5,0,5,2026-07-30T17:14:53.508851
35,28,9,5,0,5,2026-07-30T17:14:53.511730
35,28,10,5,0,5,2026-07-30T17:14:53.446574
35,29,1,5,0,5,2026-07-30T17:14:53.491646
35,29,2,5,0,5,2026-07-30T17:14:53.861654
35,29,3,5,0,5,2026-07-30T17:14:53.567765
35,29,4,5,0,5,2026-07-30T17:14:54.573274
35,29,5,5,0,5,2026-07-30T17:14:54.344589
35,29,6,5,0,5,2026-07-30T17:14:54.879741
35,29,7,5,0,5,2026-07-30T17:14:54.545902
35,29,8,5,0,5,2026-07-30T17:14:54.961287
35,29,9,5,0,5,2026-07-30T17:14:55.151544
35,29,10,5,0,5,2026-07-30T17:14:54.814278
35,30,1,5,0,5,2026-07-30T17:14:55.937380
35,30,2,5,0,5,2026-07-30T17:14:55.546817
35,30,3,5,0,5,2026-07-30T17:14:55.783981
35,30,4,5,0,5,2026-07-30T17:14:56.214854
35,30,5,5,0,5,2026-07-30T17:14:56.846638
35,30,6,5,0,5,2026-07-30T17:14:56.742672
35,30,7,5,0,5,2026-07-30T17:14:57.220104
35,30,8,5,0,5,2026-07-30T17:14:56.414810
35,30,9,5,0,5,2026-07-30T17:14:57.412041
35,30,10,5,0,5,2026-07-30T17:14:57.202567
36,1,1,5,0,5,2026-07-30T17:14:57.758491
36,1,2,5,0,5,2026-07-30T17:14:57.864302
36,1,3,5,0,5,2026-07-30T17:14:57.864215
36,1,4,5,0,5,2026-07-30T17:14:58.402976
36,1,5,5,0,5,2026-07-30T17:14:58.704834
36,1,6,5,0,5,2026-07-30T17:14:58.264801
36,1,7,5,0,5,2026-07-30T17:14:58.669652
36,1,8,5,0,5,2026-07-30T17:14:58.810574
36,1,9,5,0,5,2026-07-30T17:14:59.002740
36,1,10,5,0,5,2026-07-30T17:14:59.531893
36,2,1,5,0,5,2026-07-30T17:14:59.150460
36,2,2,5,0,5,2026-07-30T17:14:59.882490
36,2,3,5,0,5,2026-07-30T17:14:59.629752
36,2,4,5,0,5,2026-07-30T17:15:00.714588
36,2,5,5,0,5,2026-07-30T17:15:00.735718
36,2,6,5,0,5,2026-07-30T17:15:00.666191
36,2,7,5,0,5,2026-07-30T17:15:00.254532
36,2,8,5,0,5,2026-07-30T17:15:00.375666
36,2,9,5,0,5,2026-07-30T17:15:01.073991
36,2,10,5,0,5,2026-07-30T17:15:00.646138
36,3,1,0,0,0,2026-07-30T17:15:00.921076
36,3,2,5,0,5,2026-07-30T17:15:01.309629
36,3,3,5,0,5,2026-07-30T17:15:02.025196
36,3,4,2,0,2,2026-07-30T17:15:02.062533
36,3,5,0,0,0,2026-07-30T17:15:01.695833
36,3,6,5,0,5,2026-07-30T17:15:02.124711
36,3,7,0,0,0,2026-07-30T17:15:02.378426
36,3,8,0,0,0,2026-07-30T17:15:02.375143
36,3,9,3,0,3,2026-07-30T17:15:02.516029
36,3,10,5,0,5,2026-07-30T17:15:02.753634
36,4,1,5,0,5,2026-07-30T17:15:03.348815
36,4,2,0,0,0,2026-07-30T17:15:03.908032
36,4,3,5,0,5,2026-07-30T17:15:03.709381
36,4,4,5,0,5,2026-07-30T17:15:03.572462
36,4,5,5,0,5,2026-07-30T17:15:03.421007
36,4,6,5,0,5,2026-07-30T17:15:04.005281
36,4,7,5,0,5,2026-07-30T17:15:03.555546
36,4,8,0,0,0,2026-07-30T17:15:04.783991
36,4,9,3,0,3,2026-07-30T17:15:04.680854
36,4,10,3,0,3,2026-07-30T17:15:05.289113
36,5,1,5,0,5,2026-07-30T17:15:04.599302
36,5,2,5,0,5,2026-07-30T17:15:04.851271
36,5,3,5,0,5,2026-07-30T17:15:05.388169
36,5,4,5,0,5,2026-07-30T17:15:05.594150
36,5,5,5,0,5,2026-07-30T17:15:05.901366
36,5,6,5,0,5,2026-07-30T17:15:06.267293
36,5,7,5,0,5,2026-07-30T17:15:05.953526
36,5,8,5,0,5,2026-07-30T17:15:06.236023
36,5,9,5,0,5,2026-07-30T17:15:06.830737
36,5,10,5,0,5,2026-07-30T17:15:06.566829
36,6,1,5,0,5,2026-07-30T17:15:07.280546
36,6,2,5,0,5,2026-07-30T17:15:06.648501
36,6,3,5,0,5,2026-07-30T17:15:07.961692
36,6,4,5,0,5,2026-07-30T17:15:06.979887
36,6,5,5,0,5,2026-07-30T17:15:07.951747
36,6,6,5,0,5,2026-07-30T17:15:07.937148
36,6,7,5,0,5,2026-07-30T17:15:08.574736
36,6,8,5,0,5,2026-07-30T17:15:08.319501
36,6,9,5,0,5,2026-07-30T17:15:08.274267
36,6,10,5,0,5,2026-07-30T17:15:08.843368
36,7,1,5,0,5,2026-07-30T17:15:09.326650
36,7,2,5,0,5,2026-07-30T17:15:08.984668
36,7,3,5,0,5,2026-07-30T17:15:09.826733
36,7,4,5,0,5,2026-07-30T17:15:09.607583
36,7,5,5,0,5,2026-07-30T17:15:09.933431
36,7,6,5,0,5,2026-07-30T17:15:09.787614
36,7,7,5,0,5,2026-07-30T17:15:10.432242
36,7,8,5,0,5,2026-07-30T17:15:10.871408
36,7,9,5,0,5,2026-07-30T17:15:10.852009
36,7,10,5,0,5,2026-07-30T17:15:11.199958
36,8,1,5,0,5,2026-07-30T17:15:10.632524
36,8,2,5,0,5,2026-07-30T17:15:11.013795
36,8,3,5,0,5,2026-07-30T17:15:11.253771
36,8,4,5,0,5,2026-07-30T17:15:11.554627
36,8,5,5,0,5,2026-07-30T17:15:11.656117
36,8,6,5,0,5,2026-07-30T17:15:12.256519
36,8,7,5,0,5,2026-07-30T17:15:12.072289
36,8,8,5,0,5,2026-07-30T17:15:12.721866
36,8,9,5,0,5,2026-07-30T17:15:12.278182
36,8,10,5,0,5,2026-07-30T17:15:13.249228
36,9,1,0,0,0,2026-07-30T17:15:12.874273
36,9,2,5,0,5,2026-07-30T17:15:12.617898
36,9,3,0,0,0,2026-07-30T17:15:13.517272
36,9,4,0,0,0,2026-07-30T17:15:13.912473
36,9,5,0,0,0,2026-07-30T17:15:13.675956
36,9,6,0,0,0,2026-07-30T17:15:13.924989
36,9,7,0,0,0,2026-07-30T17:15:14.256671
36,9,8,0,0,0,2026-07-30T17:15:14.183876
36,9,9,0,0,0,2026-07-30T17:15:14.298024
36,9,10,5,0,5,2026-07-30T17:15:15.095457
36,10,1,5,0,5,2026-07-30T17:15:14.564463
36,10,2,5,0,5,2026-07-30T17:15:15.134698
36,10,3,5,0,5,2026-07-30T17:15:15.329135
36,10,4,5,0,5,2026-07-30T17:15:15.358966
36,10,5,5,0,5,2026-07-30T17:15:15.813637
36,10,6,5,0,5,2026-07-30T17:15:15.701601
36,10,7,5,0,5,2026-07-30T17:15:15.769912
36,10,8,5,0,5,2026-07-30T17:15:16.204380
36,10,9,5,0,5,2026-07-30T17:15:16.741333
36,10,10,5,0,5,2026-07-30T17:15:16.193772
36,11,1,5,0,5,2026-07-30T17:15:16.372523
36,11,2,5,0,5,2026-07-30T17:15:16.793511
36,11,3,5,0,5,2026-07-30T17:15:17.552579
36,11,4,5,0,5,2026-07-30T17:15:17.018764
36,11,5,5,0,5,2026-07-30T17:15:17.432778
36,11,6,5,0,5,2026-07-30T17:15:17.825550
36,11,7,5,0,5,2026-07-30T17:15:18.283448
36,11,8,5,0,5,2026-07-30T17:15:18.012906
36,11,9,5,0,5,2026-07-30T17:15:17.949172
36,11,10,5,0,5,2026-07-30T17:15:18.853017
36,12,1,5,0,5,2026-07-30T17:15:18.853962
36,12,2,5,0,5,2026-07-30T17:15:19.101646
36,12,3,5,0,5,2026-07-30T17:15:19.393976
36,12,4,5,0,5,2026-07-30T17:15:19.646520
36,12,5,5,0,5,2026-07-30T17:15:19.808003
36,12,6,5,0,5,2026-07-30T17:15:19.066962
36,12,7,5,0,5,2026-07-30T17:15:20.133299
36,12,8,5,0,5,2026-07-30T17:15:20.284243
36,12,9,5,0,5,2026-07-30T17:15:20.721306
36,12,10,5,0,5,2026-07-30T17:15:20.097001
36,13,1,5,0,5,2026-07-30T17:15:20.761026
36,13,2,5,0,5,2026-07-30T17:15:20.410294
36,13,3,5,0,5,2026-07-30T17:15:21.107793
36,13,4,5,0,5,2026-07-30T17:15:21.057308
36,13,5,5,0,5,2026-07-30T17:15:22.161122
36,13,6,5,0,5,2026-07-30T17:15:22.179143
36,13,7,5,0,5,2026-07-30T17:15:21.509925
36,13,8,5,0,5,2026-07-30T17:15:21.817803
36,13,9,5,0,5,2026-07-30T17:15:21.745645
36,13,10,5,0,5,2026-07-30T17:15:22.203989
36,14,1,5,0,5,2026-07-30T17:15:23.125874
36,14,2,5,0,5,2026-07-30T17:15:22.572359
36,14,3,5,0,5,2026-07-30T17:15:22.751331
36,14,4,5,0,5,2026-07-30T17:15:23.411294
36,14,5,5,0,5,2026-07-30T17:15:23.482063
36,14,6,5,0,5,2026-07-30T17:15:24.226554
36,14,7,5,0,5,2026-07-30T17:15:23.841988
36,14,8,5,0,5,2026-07-30T17:15:23.447787
36,14,9,5,0,5,2026-07-30T17:15:23.799936
36,14,10,5,0,5,2026-07-30T17:15:24.805284
36,15,1,5,0,5,2026-07-30T17:15:25.165975
36,15,2,5,0,5,2026-07-30T17:15:24.458281
36,15,3,5,0,5,2026-07-30T17:15:24.726382
36,15,4,5,0,5,2026-07-30T17:15:25.141103
36,15,5,5,0,5,2026-07-30T17:15:25.860503
36,15,6,5,0,5,2026-07-30T17:15:24.902053
36,15,7,5,0,5,2026-07-30T17:15:26.314154
36,15,8,5,0,5,2026-07-30T17:15:25.509538
36,15,9,5,0,5,2026-07-30T17:15:25.983324
36,15,10,5,0,5,2026-07-30T17:15:26.476616
36,16,1,5,0,5,2026-07-30T17:15:27.139994
36,16,2,5,0,5,2026-07-30T17:15:26.789271
36,16,3,5,0,5,2026-07-30T17:15:26.998444
36,16,4,5,0,5,2026-07-30T17:15:27.155298
36,16,5,5,0,5,2026-07-30T17:15:27.304711
36,16,6,5,0,5,2026-07-30T17:15:27.651503
36,16,7,5,0,5,2026-07-30T17:15:27.759930
36,16,8,5,0,5,2026-07-30T17:15:28.147197
36,16,9,5,0,5,2026-07-30T17:15:27.845585
36,16,10,5,0,5,2026-07-30T17:15:28.654915
36,17,1,5,0,5,2026-07-30T17:15:28.771229
36,17,2,5,0,5,2026-07-30T17:15:28.412613
36,17,3,5,0,5,2026-07-30T17:15:28.530168
36,17,4,5,0,5,2026-07-30T17:15:29.066943
36,17,5,5,0,5,2026-07-30T17:15:29.776772
36,17,6,5,0,5,2026-07-30T17:15:29.102162
36,17,7,5,0,5,2026-07-30T17:15:29.784981
36,17,8,5,0,5,2026-07-30T17:15:29.640750
36,17,9,5,0,5,2026-07-30T17:15:29.813921
36,17,10,5,0,5,2026-07-30T17:15:30.086833
36,18,1,5,0,5,2026-07-30T17:15:30.222702
36,18,2,5,0,5,2026-07-30T17:15:30.307426
36,18,3,5,0,5,2026-07-30T17:15:30.366369
36,18,4,3,0,3,2026-07-30T17:15:31.095218
36,18,5,5,0,5,2026-07-30T17:15:31.402132
36,18,6,5,0,5,2026-07-30T17:15:31.447293
36,18,7,5,0,5,2026-07-30T17:15:30.845411
36,18,8,5,0,5,2026-07-30T17:15:31.741815
36,18,9,5,0,5,2026-07-30T17:15:32.064147
36,18,10,5,0,5,2026-07-30T17:15:31.959107
36,19,1,5,0,5,2026-07-30T17:15:32.422714
36,19,2,5,0,5,2026-07-30T17:15:32.527260
36,19,3,5,0,5,2026-07-30T17:15:32.153746
36,19,4,5,0,5,2026-07-30T17:15:32.665404
36,19,5,5,0,5,2026-07-30T17:15:32.686276
36,19,6,5,0,5,2026-07-30T17:15:33.575261
36,19,7,4,0,4,2026-07-30T17:15:33.398530
36,19,8,5,0,5,2026-07-30T17:15:33.733257
36,19,9,5,0,5,2026-07-30T17:15:33.198553
36,19,10,5,0,5,2026-07-30T17:15:34.079958
36,20,1,5,0,5,2026-07-30T17:15:33.758689
36,20,2,5,0,5,2026-07-30T17:15:34.088211
36,20,3,5,0,5,2026-07-30T17:15:34.325988
36,20,4,5,0,5,2026-07-30T17:15:34.816298
36,20,5,5,0,5,2026-07-30T17:15:34.650272
36,20,6,5,0,5,2026-07-30T17:15:34.833084
36,20,7,5,0,5,2026-07-30T17:15:34.967398
36,20,8,5,0,5,2026-07-30T17:15:35.621894
36,20,9,5,0,5,2026-07-30T17:15:35.710926
36,20,10,5,0,5,2026-07-30T17:15:35.538328
36,21,1,5,0,5,2026-07-30T17:15:35.559675
36,21,2,5,0,5,2026-07-30T17:15:36.496976
36,21,3,5,0,5,2026-07-30T17:15:36.040683
36,21,4,5,0,5,2026-07-30T17:15:35.843365
36,21,5,5,0,5,2026-07-30T17:15:36.621867
36,21,6,5,0,5,2026-07-30T17:15:36.565768
36,21,7,5,0,5,2026-07-30T17:15:37.002566
36,21,8,5,0,5,2026-07-30T17:15:37.475615
36,21,9,5,0,5,2026-07-30T17:15:36.755336
36,21,10,5,0,5,2026-07-30T17:15:37.892884
36,22,1,5,0,5,2026-07-30T17:15:37.305379
36,22,2,5,0,5,2026-07-30T17:15:37.739194
36,22,3,5,0,5,2026-07-30T17:15:38.409607
36,22,4,5,0,5,2026-07-30T17:15:38.265663
36,22,5,5,0,5,2026-07-30T17:15:37.997954
36,22,6,5,0,5,2026-07-30T17:15:38.437164
36,22,7,5,0,5,2026-07-30T17:15:38.545641
36,22,8,5,0,5,2026-07-30T17:15:38.959167
36,22,9,5,0,5,2026-07-30T17:15:39.395666
36,22,10,5,0,5,2026-07-30T17:15:39.149922
36,23,1,5,0,5,2026-07-30T17:15:39.245105
36,23,2,5,0,5,2026-07-30T17:15:40.126549
36,23,3,5,0,5,2026-07-30T17:15:39.484157
36,23,4,5,0,5,2026-07-30T17:15:39.661787
36,23,5,5,0,5,2026-07-30T17:15:39.775323
36,23,6,5,0,5,2026-07-30T17:15:40.650262
36,23,7,5,0,5,2026-07-30T17:15:40.402419
36,23,8,5,0,5,2026-07-30T17:15:41.093882
36,23,9,5,0,5,2026-07-30T17:15:41.044187
36,23,10,5,0,5,2026-07-30T17:15:40.548438
36,24,1,5,0,5,2026-07-30T17:15:41.695779
36,24,2,0,0,0,2026-07-30T17:15:41.437743
36,24,3,5,0,5,2026-07-30T17:15:41.951524
36,24,4,5,0,5,2026-07-30T17:15:42.230870
36,24,5,5,0,5,2026-07-30T17:15:42.224138
36,24,6,5,0,5,2026-07-30T17:15:42.306000
36,24,7,5,0,5,2026-07-30T17:15:42.512901
36,24,8,5,0,5,2026-07-30T17:15:42.517218
36,24,9,5,0,5,2026-07-30T17:15:42.660716
36,24,10,5,0,5,2026-07-30T17:15:43.335465
36,25,1,5,0,5,2026-07-30T17:15:43.989288
36,25,2,5,0,5,2026-07-30T17:15:43.233375
36,25,3,5,0,5,2026-07-30T17:15:43.631787
36,25,4,5,0,5,2026-07-30T17:15:43.348362
36,25,5,5,0,5,2026-07-30T17:15:43.953906
36,25,6,5,0,5,2026-07-30T17:15:44.181036
36,25,7,3,0,3,2026-07-30T17:15:44.698011
36,25,8,5,0,5,2026-07-30T17:15:44.464347
36,25,9,5,0,5,2026-07-30T17:15:44.383862
36,25,10,5,0,5,2026-07-30T17:15:44.584319
36,26,1,5,0,5,2026-07-30T17:15:45.078158
36,26,2,5,0,5,2026-07-30T17:15:45.003775
36,26,3,5,0,5,2026-07-30T17:15:45.242727
36,26,4,5,0,5,2026-07-30T17:15:46.247789
36,26,5,5,0,5,2026-07-30T17:15:45.844629
36,26,6,5,0,5,2026-07-30T17:15:45.503590
36,26,7,5,0,5,2026-07-30T17:15:46.026314
36,26,8,5,0,5,2026-07-30T17:15:46.378637
36,26,9,5,0,5,2026-07-30T17:15:46.247860
36,26,10,5,0,5,2026-07-30T17:15:46.302243
36,27,1,5,0,5,2026-07-30T17:15:46.707734
36,27,2,5,0,5,2026-07-30T17:15:46.736836
36,27,3,5,0,5,2026-07-30T17:15:47.524940
36,27,4,5,0,5,2026-07-30T17:15:47.263032
36,27,5,5,0,5,2026-07-30T17:15:47.878681
36,27,6,5,0,5,2026-07-30T17:15:47.515347
36,27,7,5,0,5,2026-07-30T17:15:47.522820
36,27,8,5,0,5,2026-07-30T17:15:48.213177
36,27,9,5,0,5,2026-07-30T17:15:48.566636
36,27,10,5,0,5,2026-07-30T17:15:48.167582
36,28,1,5,0,5,2026-07-30T17:15:49.092728
36,28,2,5,0,5,2026-07-30T17:15:48.950887
36,28,3,5,0,5,2026-07-30T17:15:48.578337
36,28,4,5,0,5,2026-07-30T17:15:48.951484
36,28,5,5,0,5,2026-07-30T17:15:49.300518
36,28,6,5,0,5,2026-07-30T17:15:49.421033
36,28,7,5,0,5,2026-07-30T17:15:50.074363
36,28,8,5,0,5,2026-07-30T17:15:50.250676
36,28,9,5,0,5,2026-07-30T17:15:49.624697
36,28,10,5,0,5,2026-07-30T17:15:50.184339
36,29,1,5,0,5,2026-07-30T17:15:50.195029
36,29,2,5,0,5,2026-07-30T17:15:50.143226
36,29,3,5,0,5,2026-07-30T17:15:50.772494
36,29,4,5,0,5,2026-07-30T17:15:51.246604
36,29,5,5,0,5,2026-07-30T17:15:50.847711
36,29,6,5,0,5,2026-07-30T17:15:51.732473
36,29,7,5,0,5,2026-07-30T17:15:51.592093
36,29,8,5,0,5,2026-07-30T17:15:52.054313
36,29,9,5,0,5,2026-07-30T17:15:52.065683
36,29,10,5,0,5,2026-07-30T17:15:51.277957
36,30,1,5,0,5,2026-07-30T17:15:52.013145
36,30,2,5,0,5,2026-07-30T17:15:52.491061
36,30,3,5,0,5,2026-07-30T17:15:52.474234
36,30,4,5,0,5,2026-07-30T17:15:52.916853
36,30,5,5,0,5,2026-07-30T17:15:53.646167
36,30,6,5,0,5,2026-07-30T17:15:53.190354
36,30,7,5,0,5,2026-07-30T17:15:53.257896
36,30,8,5,0,5,2026-07-30T17:15:53.886782
36,30,9,5,0,5,2026-07-30T17:15:53.696840
36,30,10,5,0,5,2026-07-30T17:15:53.927019
37,1,1,5,0,5,2026-07-30T17:15:53.523423
37,1,2,5,0,5,2026-07-30T17:15:54.179435
37,1,3,5,0,5,2026-07-30T17:15:54.231702
37,1,4,5,0,5,2026-07-30T17:15:55.330817
37,1,5,5,0,5,2026-07-30T17:15:55.396409
37,1,6,5,0,5,2026-07-30T17:15:54.956528
37,1,7,5,0,5,2026-07-30T17:15:54.944574
37,1,8,5,0,5,2026-07-30T17:15:55.127431
37,1,9,5,0,5,2026-07-30T17:15:55.574298
37,1,10,5,0,5,2026-07-30T17:15:55.626054
37,2,1,5,0,5,2026-07-30T17:15:56.290486
37,2,2,5,0,5,2026-07-30T17:15:55.977002
37,2,3,5,0,5,2026-07-30T17:15:56.196488
37,2,4,5,0,5,2026-07-30T17:15:56.170157
37,2,5,5,0,5,2026-07-30T17:15:56.972184
37,2,6,5,0,5,2026-07-30T17:15:57.043458
37,2,7,5,0,5,2026-07-30T17:15:57.200873
37,2,8,5,0,5,2026-07-30T17:15:56.662681
37,2,9,5,0,5,2026-07-30T17:15:57.832092
37,2,10,5,0,5,2026-07-30T17:15:57.802014
37,3,1,5,0,5,2026-07-30T17:15:57.825428
37,3,2,5,0,5,2026-07-30T17:15:57.718477
37,3,3,5,0,5,2026-07-30T17:15:57.884148
37,3,4,3,0,3,2026-07-30T17:15:59.029832
37,3,5,5,0,5,2026-07-30T17:15:58.093678
37,3,6,5,0,5,2026-07-30T17:15:58.673022
37,3,7,5,0,5,2026-07-30T17:15:59.374712
37,3,8,5,0,5,2026-07-30T17:15:59.641350
37,3,9,3,0,3,2026-07-30T17:15:59.703326
37,3,10,2,0,2,2026-07-30T17:15:59.257573
37,4,1,5,0,5,2026-07-30T17:15:59.355066
37,4,2,5,0,5,2026-07-30T17:15:59.522598
37,4,3,5,0,5,2026-07-30T17:15:59.725876
37,4,4,3,0,3,2026-07-30T17:16:00.278243
37,4,5,4,0,4,2026-07-30T17:16:01.338384
37,4,6,5,0,5,2026-07-30T17:16:00.487440
37,4,7,4,0,4,2026-07-30T17:16:00.799796
37,4,8,3,0,3,2026-07-30T17:16:00.956687
37,4,9,5,0,5,2026-07-30T17:16:00.880853
37,4,10,5,0,5,2026-07-30T17:16:00.736766
37,5,1,5,0,5,2026-07-30T17:16:01.612549
37,5,2,5,0,5,2026-07-30T17:16:01.715082
37,5,3,5,0,5,2026-07-30T17:16:01.508778
37,5,4,5,0,5,2026-07-30T17:16:02.388713
37,5,5,5,0,5,2026-07-30T17:16:02.427917
37,5,6,5,0,5,2026-07-30T17:16:02.129708
37,5,7,3,0,3,2026-07-30T17:16:02.588492
37,5,8,5,0,5,2026-07-30T17:16:02.989166
37,5,9,3,0,3,2026-07-30T17:16:03.346308
37,5,10,5,0,5,2026-07-30T17:16:03.233065
37,6,1,5,0,5,2026-07-30T17:16:02.968582
37,6,2,5,0,5,2026-07-30T17:16:03.140384
37,6,3,5,0,5,2026-07-30T17:16:03.408361
37,6,4,5,0,5,2026-07-30T17:16:04.259321
37,6,5,5,0,5,2026-07-30T17:16:03.838217
37,6,6,5,0,5,2026-07-30T17:16:04.778172
37,6,7,5,0,5,2026-07-30T17:16:04.619123
37,6,8,5,0,5,2026-07-30T17:16:04.761063
37,6,9,5,0,5,2026-07-30T17:16:05.082658
37,6,10,5,0,5,2026-07-30T17:16:04.761437
37,7,1,5,0,5,2026-07-30T17:16:04.646485
37,7,2,5,0,5,2026-07-30T17:16:05.695881
37,7,3,5,0,5,2026-07-30T17:16:05.281563
37,7,4,5,0,5,2026-07-30T17:16:06.276861
37,7,5,5,0,5,2026-07-30T17:16:06.282633
37,7,6,5,0,5,2026-07-30T17:16:06.624682
37,7,7,5,0,5,2026-07-30T17:16:05.999353
37,7,8,5,0,5,2026-07-30T17:16:06.197569
37,7,9,5,0,5,2026-07-30T17:16:06.551409
37,7,10,5,0,5,2026-07-30T17:16:06.347593
37,8,1,5,0,5,2026-07-30T17:16:06.906168
37,8,2,5,0,5,2026-07-30T17:16:07.219263
37,8,3,5,0,5,2026-07-30T17:16:07.616505
37,8,4,5,0,5,2026-07-30T17:16:07.917733
37,8,5,5,0,5,2026-07-30T17:16:07.942449
37,8,6,5,0,5,2026-07-30T17:16:08.616959
37,8,7,5,0,5,2026-07-30T17:16:07.972236
37,8,8,5,0,5,2026-07-30T17:16:08.464541
37,8,9,5,0,5,2026-07-30T17:16:08.538401
37,8,10,5,0,5,2026-07-30T17:16:08.880835
37,9,1,0,0,0,2026-07-30T17:16:09.672177
37,9,2,0,0,0,2026-07-30T17:16:09.744109
37,9,3,0,0,0,2026-07-30T17:16:09.417743
37,9,4,0,0,0,2026-07-30T17:16:09.810149
37,9,5,0,0,0,2026-07-30T17:16:09.889864
37,9,6,0,0,0,2026-07-30T17:16:10.566754
37,9,7,0,0,0,2026-07-30T17:16:09.834720
37,9,8,0,0,0,2026-07-30T17:16:10.815634
37,9,9,0,0,0,2026-07-30T17:16:10.855282
37,9,10,0,0,0,2026-07-30T17:16:11.099559
37,10,1,0,0,0,2026-07-30T17:16:11.180034
37,10,2,2,0,2,2026-07-30T17:16:11.478417
37,10,3,5,0,5,2026-07-30T17:16:11.071170
37,10,4,5,0,5,2026-07-30T17:16:11.705388
37,10,5,2,0,2,2026-07-30T17:16:12.251462
37,10,6,5,0,5,2026-07-30T17:16:12.452206
37,10,7,5,0,5,2026-07-30T17:16:11.916242
37,10,8,5,0,5,2026-07-30T17:16:12.290589
37,10,9,5,0,5,2026-07-30T17:16:12.732678
37,10,10,5,0,5,2026-07-30T17:16:12.223055
37,11,1,5,0,5,2026-07-30T17:16:12.317000
37,11,2,5,0,5,2026-07-30T17:16:12.743170
37,11,3,5,0,5,2026-07-30T17:16:13.357087
37,11,4,5,0,5,2026-07-30T17:16:13.690689
37,11,5,5,0,5,2026-07-30T17:16:13.719112
37,11,6,5,0,5,2026-07-30T17:16:13.772962
37,11,7,5,0,5,2026-07-30T17:16:13.546690
37,11,8,5,0,5,2026-07-30T17:16:14.088257
37,11,9,5,0,5,2026-07-30T17:16:14.174827
37,11,10,5,0,5,2026-07-30T17:16:14.418502
37,12,1,5,0,5,2026-07-30T17:16:15.028025
37,12,2,5,0,5,2026-07-30T17:16:14.788731
37,12,3,5,0,5,2026-07-30T17:16:15.565902
37,12,4,5,0,5,2026-07-30T17:16:15.139854
37,12,5,5,0,5,2026-07-30T17:16:15.648005
37,12,6,5,0,5,2026-07-30T17:16:15.747838
37,12,7,5,0,5,2026-07-30T17:16:15.241368
37,12,8,5,0,5,2026-07-30T17:16:15.629226
37,12,9,5,0,5,2026-07-30T17:16:16.446068
37,12,10,5,0,5,2026-07-30T17:16:16.294365
37,13,1,5,0,5,2026-07-30T17:16:16.793466
37,13,2,4,0,4,2026-07-30T17:16:17.299214
37,13,3,5,0,5,2026-07-30T17:16:17.012624
37,13,4,5,0,5,2026-07-30T17:16:17.462181
37,13,5,3,0,3,2026-07-30T17:16:17.283539
37,13,6,3,0,3,2026-07-30T17:16:17.012317
37,13,7,4,0,4,2026-07-30T17:16:17.953430
37,13,8,5,0,5,2026-07-30T17:16:18.292961
37,13,9,5,0,5,2026-07-30T17:16:18.450972
37,13,10,3,0,3,2026-07-30T17:16:18.422996
37,14,1,5,0,5,2026-07-30T17:16:19.063051
37,14,2,5,0,5,2026-07-30T17:16:18.331931
37,14,3,5,0,5,2026-07-30T17:16:18.741593
37,14,4,5,0,5,2026-07-30T17:16:19.292433
37,14,5,5,0,5,2026-07-30T17:16:19.394892
37,14,6,5,0,5,2026-07-30T17:16:19.739740
37,14,7,5,0,5,2026-07-30T17:16:20.193325
37,14,8,5,0,5,2026-07-30T17:16:19.831081
37,14,9,5,0,5,2026-07-30T17:16:20.318423
37,14,10,5,0,5,2026-07-30T17:16:19.987643
37,15,1,5,0,5,2026-07-30T17:16:20.502146
37,15,2,5,0,5,2026-07-30T17:16:20.528136
37,15,3,5,0,5,2026-07-30T17:16:20.595205
37,15,4,5,0,5,2026-07-30T17:16:20.803116
37,15,5,5,0,5,2026-07-30T17:16:21.441380
37,15,6,5,0,5,2026-07-30T17:16:21.623760
37,15,7,5,0,5,2026-07-30T17:16:21.653036
37,15,8,5,0,5,2026-07-30T17:16:22.132535
37,15,9,5,0,5,2026-07-30T17:16:22.138939
37,15,10,5,0,5,2026-07-30T17:16:21.959780
37,16,1,5,0,5,2026-07-30T17:16:22.250306
37,16,2,5,0,5,2026-07-30T17:16:22.242657
37,16,3,5,0,5,2026-07-30T17:16:23.497407
37,16,4,5,0,5,2026-07-30T17:16:22.858607
37,16,5,5,0,5,2026-07-30T17:16:23.263462
37,16,6,5,0,5,2026-07-30T17:16:23.410715
37,16,7,5,0,5,2026-07-30T17:16:24.184672
37,16,8,5,0,5,2026-07-30T17:16:23.159067
37,16,9,5,0,5,2026-07-30T17:16:23.494720
37,16,10,5,0,5,2026-07-30T17:16:23.503966
37,17,1,5,0,5,2026-07-30T17:16:24.309586
37,17,2,5,0,5,2026-07-30T17:16:24.806637
37,17,3,5,0,5,2026-07-30T17:16:25.114104
37,17,4,5,0,5,2026-07-30T17:16:24.645247
37,17,5,5,0,5,2026-07-30T17:16:24.948284
37,17,6,5,0,5,2026-07-30T17:16:25.502940
37,17,7,5,0,5,2026-07-30T17:16:24.520303
37,17,8,5,0,5,2026-07-30T17:16:25.414104
37,17,9,5,0,5,2026-07-30T17:16:25.323949
37,17,10,5,0,5,2026-07-30T17:16:25.531683
37,18,1,5,0,5,2026-07-30T17:16:25.826813
37,18,2,5,0,5,2026-07-30T17:16:26.860749
37,18,3,5,0,5,2026-07-30T17:16:26.363889
37,18,4,5,0,5,2026-07-30T17:16:26.346539
37,18,5,5,0,5,2026-07-30T17:16:26.568098
37,18,6,5,0,5,2026-07-30T17:16:26.635780
37,18,7,5,0,5,2026-07-30T17:16:26.546644
37,18,8,5,0,5,2026-07-30T17:16:26.781840
37,18,9,5,0,5,2026-07-30T17:16:27.050744
37,18,10,5,0,5,2026-07-30T17:16:28.164141
37,19,1,5,0,5,2026-07-30T17:16:27.808096
37,19,2,5,0,5,2026-07-30T17:16:28.212535
37,19,3,5,0,5,2026-07-30T17:16:27.568358
37,19,4,5,0,5,2026-07-30T17:16:28.068377
37,19,5,5,0,5,2026-07-30T17:16:28.036006
37,19,6,5,0,5,2026-07-30T17:16:27.880365
37,19,7,5,0,5,2026-07-30T17:16:28.525779
37,19,8,5,0,5,2026-07-30T17:16:29.454525
37,19,9,5,0,5,2026-07-30T17:16:29.854455
37,19,10,5,0,5,2026-07-30T17:16:29.731364
37,20,1,5,0,5,2026-07-30T17:16:29.273719
37,20,2,5,0,5,2026-07-30T17:16:29.968505
37,20,3,5,0,5,2026-07-30T17:16:29.391164
37,20,4,5,0,5,2026-07-30T17:16:29.468763
37,20,5,5,0,5,2026-07-30T17:16:30.162083
37,20,6,5,0,5,2026-07-30T17:16:31.345171
37,20,7,5,0,5,2026-07-30T17:16:31.243948
37,20,8,5,0,5,2026-07-30T17:16:30.732758
37,20,9,5,0,5,2026-07-30T17:16:30.508161
37,20,10,5,0,5,2026-07-30T17:16:30.749163
37,21,1,5,0,5,2026-07-30T17:16:31.892951
37,21,2,5,0,5,2026-07-30T17:16:31.215644
37,21,3,5,0,5,2026-07-30T17:16:31.603394
37,21,4,5,0,5,2026-07-30T17:16:31.703958
37,21,5,5,0,5,2026-07-30T17:16:31.787884
37,21,6,5,0,5,2026-07-30T17:16:32.165742
37,21,7,5,0,5,2026-07-30T17:16:32.220179
37,21,8,5,0,5,2026-07-30T17:16:33.117019
37,21,9,5,0,5,2026-07-30T17:16:33.179101
37,21,10,5,0,5,2026-07-30T17:16:33.461079
37,22,1,5,0,5,2026-07-30T17:16:32.976938
37,22,2,5,0,5,2026-07-30T17:16:33.034517
37,22,3,5,0,5,2026-07-30T17:16:33.157484
37,22,4,5,0,5,2026-07-30T17:16:34.022038
37,22,5,5,0,5,2026-07-30T17:16:33.650232
37,22,6,5,0,5,2026-07-30T17:16:34.841413
37,22,7,5,0,5,2026-07-30T17:16:34.259235
37,22,8,5,0,5,2026-07-30T17:16:35.155686
37,22,9,5,0,5,2026-07-30T17:16:35.201425
37,22,10,5,0,5,2026-07-30T17:16:35.020489
37,23,1,5,0,5,2026-07-30T17:16:34.511453
37,23,2,5,0,5,2026-07-30T17:16:35.517351
37,23,3,5,0,5,2026-07-30T17:16:35.886347
37,23,4,5,0,5,2026-07-30T17:16:35.298613
37,23,5,5,0,5,2026-07-30T17:16:35.762096
37,23,6,5,0,5,2026-07-30T17:16:36.691666
37,23,7,5,0,5,2026-07-30T17:16:36.668430
37,23,8,5,0,5,2026-07-30T17:16:36.598692
37,23,9,5,0,5,2026-07-30T17:16:36.841554
37,23,10,5,0,5,2026-07-30T17:16:36.932133
37,24,1,5,0,5,2026-07-30T17:16:36.770047
37,24,2,5,0,5,2026-07-30T17:16:36.809637
37,24,3,5,0,5,2026-07-30T17:16:37.331309
37,24,4,5,0,5,2026-07-30T17:16:38.060665
37,24,5,5,0,5,2026-07-30T17:16:38.524599
37,24,6,5,0,5,2026-07-30T17:16:38.326225
37,24,7,5,0,5,2026-07-30T17:16:38.628521
37,24,8,5,0,5,2026-07-30T17:16:38.627047
37,24,9,5,0,5,2026-07-30T17:16:37.867571
37,24,10,5,0,5,2026-07-30T17:16:38.771004
37,25,1,5,0,5,2026-07-30T17:16:39.194684
37,25,2,5,0,5,2026-07-30T17:16:39.108151
37,25,3,5,0,5,2026-07-30T17:16:39.338096
37,25,4,5,0,5,2026-07-30T17:16:39.969803
37,25,5,5,0,5,2026-07-30T17:16:39.392711
37,25,6,5,0,5,2026-07-30T17:16:40.280617
37,25,7,5,0,5,2026-07-30T17:16:39.860657
37,25,8,5,0,5,2026-07-30T17:16:40.613323
37,25,9,5,0,5,2026-07-30T17:16:40.932302
37,25,10,5,0,5,2026-07-30T17:16:40.441561
37,26,1,5,0,5,2026-07-30T17:16:40.976843
37,26,2,5,0,5,2026-07-30T17:16:40.626334
37,26,3,5,0,5,2026-07-30T17:16:41.529822
37,26,4,5,0,5,2026-07-30T17:16:41.216086
37,26,5,5,0,5,2026-07-30T17:16:41.292643
37,26,6,5,0,5,2026-07-30T17:16:42.319137
37,26,7,5,0,5,2026-07-30T17:16:41.887595
37,26,8,5,0,5,2026-07-30T17:16:41.838802
37,26,9,5,0,5,2026-07-30T17:16:42.164563
37,26,10,5,0,5,2026-07-30T17:16:42.194060
37,27,1,5,0,5,2026-07-30T17:16:42.214611
37,27,2,5,0,5,2026-07-30T17:16:42.505824
37,27,3,5,0,5,2026-07-30T17:16:42.748457
37,27,4,5,0,5,2026-07-30T17:16:43.675165
37,27,5,5,0,5,2026-07-30T17:16:42.899483
37,27,6,5,0,5,2026-07-30T17:16:44.029058
37,27,7,5,0,5,2026-07-30T17:16:43.847813
37,27,8,5,0,5,2026-07-30T17:16:43.254526
37,27,9,5,0,5,2026-07-30T17:16:43.979616
37,27,10,5,0,5,2026-07-30T17:16:44.540968
37,28,1,5,0,5,2026-07-30T17:16:43.990770
37,28,2,5,0,5,2026-07-30T17:16:44.312884
37,28,3,5,0,5,2026-07-30T17:16:44.903685
37,28,4,5,0,5,2026-07-30T17:16:44.725068
37,28,5,5,0,5,2026-07-30T17:16:45.684410
37,28,6,5,0,5,2026-07-30T17:16:45.224188
37,28,7,5,0,5,2026-07-30T17:16:45.811021
37,28,8,5,0,5,2026-07-30T17:16:45.031727
37,28,9,5,0,5,2026-07-30T17:16:45.359772
37,28,10,5,0,5,2026-07-30T17:16:46.171053
37,29,1,5,0,5,2026-07-30T17:16:46.183125
37,29,2,5,0,5,2026-07-30T17:16:46.328990
37,29,3,5,0,5,2026-07-30T17:16:46.079710
37,29,4,5,0,5,2026-07-30T17:16:46.252722
37,29,5,5,0,5,2026-07-30T17:16:47.009342
37,29,6,5,0,5,2026-07-30T17:16:47.526288
37,29,7,5,0,5,2026-07-30T17:16:47.262546
37,29,8,5,0,5,2026-07-30T17:16:47.483050
37,29,9,5,0,5,2026-07-30T17:16:47.629803
37,29,10,5,0,5,2026-07-30T17:16:47.437986
37,30,1,5,0,5,2026-07-30T17:16:47.511833
37,30,2,5,0,5,2026-07-30T17:16:47.979436
37,30,3,5,0,5,2026-07-30T17:16:48.856201
37,30,4,5,0,5,2026-07-30T17:16:48.923081
37,30,5,5,0,5,2026-07-30T17:16:49.308127
37,30,6,5,0,5,2026-07-30T17:16:49.324980
37,30,7,5,0,5,2026-07-30T17:16:48.768943
37,30,8,5,0,5,2026-07-30T17:16:48.760952
37,30,9,5,0,5,2026-07-30T17:16:49.083379
37,30,10,5,0,5,2026-07-30T17:16:49.220124
38,1,1,5,0,5,2026-07-30T17:16:50.019231
38,1,2,5,0,5,2026-07-30T17:16:50.219307
38,1,3,5,0,5,2026-07-30T17:16:50.670976
38,1,4,5,0,5,2026-07-30T17:16:49.960606
38,1,5,5,0,5,2026-07-30T17:16:50.521061
38,1,6,5,0,5,2026-07-30T17:16:50.852080
38,1,7,5,0,5,2026-07-30T17:16:50.942290
38,1,8,5,0,5,2026-07-30T17:16:50.370350
38,1,9,5,0,5,2026-07-30T17:16:51.413097
38,1,10,5,0,5,2026-07-30T17:16:51.250735
38,2,1,5,0,5,2026-07-30T17:16:51.244645
38,2,2,5,0,5,2026-07-30T17:16:51.412675
38,2,3,5,0,5,2026-07-30T17:16:52.143293
38,2,4,5,0,5,2026-07-30T17:16:52.134042
38,2,5,5,0,5,2026-07-30T17:16:52.092493
38,2,6,5,0,5,2026-07-30T17:16:52.585117
38,2,7,5,0,5,2026-07-30T17:16:52.291874
38,2,8,5,0,5,2026-07-30T17:16:52.898553
38,2,9,5,0,5,2026-07-30T17:16:52.634526
38,2,10,5,0,5,2026-07-30T17:16:53.449513
38,3,1,5,0,5,2026-07-30T17:16:53.708045
38,3,2,5,0,5,2026-07-30T17:16:53.413386
38,3,3,5,0,5,2026-07-30T17:16:53.184746
38,3,4,5,0,5,2026-07-30T17:16:53.716106
38,3,5,5,0,5,2026-07-30T17:16:54.043346
38,3,6,5,0,5,2026-07-30T17:16:53.669909
38,3,7,5,0,5,2026-07-30T17:16:53.944547
38,3,8,5,0,5,2026-07-30T17:16:55.020707
38,3,9,5,0,5,2026-07-30T17:16:54.836326
38,3,10,5,0,5,2026-07-30T17:16:54.664342
38,4,1,0,0,0,2026-07-30T17:16:55.114676
38,4,2,5,0,5,2026-07-30T17:16:54.963143
38,4,3,0,0,0,2026-07-30T17:16:55.155386
38,4,4,0,0,0,2026-07-30T17:16:54.994931
38,4,5,0,0,0,2026-07-30T17:16:55.281655
38,4,6,0,0,0,2026-07-30T17:16:56.298871
38,4,7,5,0,5,2026-07-30T17:16:55.881997
38,4,8,0,0,0,2026-07-30T17:16:56.383485
38,4,9,0,0,0,2026-07-30T17:16:56.411738
38,4,10,0,0,0,2026-07-30T17:16:56.451509
38,5,1,5,0,5,2026-07-30T17:16:56.535411
38,5,2,5,0,5,2026-07-30T17:16:56.365494
38,5,3,5,0,5,2026-07-30T17:16:56.705735
38,5,4,5,0,5,2026-07-30T17:16:57.748230
38,5,5,0,0,0,2026-07-30T17:16:57.523817
38,5,6,5,0,5,2026-07-30T17:16:57.810876
38,5,7,5,0,5,2026-07-30T17:16:57.830987
38,5,8,5,0,5,2026-07-30T17:16:58.256145
38,5,9,0,0,0,2026-07-30T17:16:57.704072
38,5,10,5,0,5,2026-07-30T17:16:57.986395
38,6,1,5,0,5,2026-07-30T17:16:58.542680
38,6,2,5,0,5,2026-07-30T17:16:59.371619
38,6,3,5,0,5,2026-07-30T17:16:59.149594
38,6,4,5,0,5,2026-07-30T17:16:58.791916
38,6,5,5,0,5,2026-07-30T17:16:59.043061
38,6,6,5,0,5,2026-07-30T17:16:59.281127
38,6,7,5,0,5,2026-07-30T17:16:59.217743
38,6,8,5,0,5,2026-07-30T17:16:59.499681
38,6,9,5,0,5,2026-07-30T17:17:00.580603
38,6,10,5,0,5,2026-07-30T17:17:00.425762
38,7,1,5,0,5,2026-07-30T17:17:00.272413
38,7,2,5,0,5,2026-07-30T17:17:00.786653
38,7,3,5,0,5,2026-07-30T17:17:00.473440
38,7,4,5,0,5,2026-07-30T17:17:00.344373
38,7,5,5,0,5,2026-07-30T17:17:00.612541
38,7,6,5,0,5,2026-07-30T17:17:00.938547
38,7,7,5,0,5,2026-07-30T17:17:01.931480
38,7,8,5,0,5,2026-07-30T17:17:01.771670
38,7,9,5,0,5,2026-07-30T17:17:02.243087
38,7,10,5,0,5,2026-07-30T17:17:02.117027
38,8,1,5,0,5,2026-07-30T17:17:02.419220
38,8,2,5,0,5,2026-07-30T17:17:01.648149
38,8,3,5,0,5,2026-07-30T17:17:02.044125
38,8,4,5,0,5,2026-07-30T17:17:02.377950
38,8,5,5,0,5,2026-07-30T17:17:03.293202
38,8,6,5,0,5,2026-07-30T17:17:03.808456
38,8,7,5,0,5,2026-07-30T17:17:03.985573
38,8,8,5,0,5,2026-07-30T17:17:03.871857
38,8,9,5,0,5,2026-07-30T17:17:04.139642
38,8,10,5,0,5,2026-07-30T17:17:04.113492
38,9,1,0,0,0,2026-07-30T17:17:04.220497
38,9,2,0,0,0,2026-07-30T17:17:03.621757
38,9,3,5,0,5,2026-07-30T17:17:05.139318
38,9,4,0,0,0,2026-07-30T17:17:04.658319
38,9,5,5,0,5,2026-07-30T17:17:05.267208
38,9,6,5,0,5,2026-07-30T17:17:05.714324
38,9,7,5,0,5,2026-07-30T17:17:06.048315
38,9,8,5,0,5,2026-07-30T17:17:05.335286
38,9,9,5,0,5,2026-07-30T17:17:05.995690
38,9,10,5,0,5,2026-07-30T17:17:06.276926
38,10,1,5,0,5,2026-07-30T17:17:05.908895
38,10,2,5,0,5,2026-07-30T17:17:06.162677
38,10,3,5,0,5,2026-07-30T17:17:06.709358
38,10,4,5,0,5,2026-07-30T17:17:06.572490
38,10,5,5,0,5,2026-07-30T17:17:06.937265
38,10,6,5,0,5,2026-07-30T17:17:07.516758
38,10,7,5,0,5,2026-07-30T17:17:07.231399
38,10,8,5,0,5,2026-07-30T17:17:07.676092
38,10,9,5,0,5,2026-07-30T17:17:08.031720
38,10,10,5,0,5,2026-07-30T17:17:08.142247
38,11,1,5,0,5,2026-07-30T17:17:08.218480
38,11,2,5,0,5,2026-07-30T17:17:08.529281
38,11,3,5,0,5,2026-07-30T17:17:08.395035
38,11,4,5,0,5,2026-07-30T17:17:08.869554
38,11,5,5,0,5,2026-07-30T17:17:09.162378
38,11,6,5,0,5,2026-07-30T17:17:08.694841
38,11,7,5,0,5,2026-07-30T17:17:09.068665
38,11,8,5,0,5,2026-07-30T17:17:09.392117
38,11,9,5,0,5,2026-07-30T17:17:09.849118
38,11,10,5,0,5,2026-07-30T17:17:10.432578
38,12,1,5,0,5,2026-07-30T17:17:09.990250
38,12,2,5,0,5,2026-07-30T17:17:10.344871
38,12,3,5,0,5,2026-07-30T17:17:10.702105
38,12,4,5,0,5,2026-07-30T17:17:10.300739
38,12,5,5,0,5,2026-07-30T17:17:10.810117
38,12,6,5,0,5,2026-07-30T17:17:10.626987
38,12,7,5,0,5,2026-07-30T17:17:11.107797
38,12,8,5,0,5,2026-07-30T17:17:11.843661
38,12,9,5,0,5,2026-07-30T17:17:11.741665
38,12,10,5,0,5,2026-07-30T17:17:11.400468
38,13,1,5,0,5,2026-07-30T17:17:11.900218
38,13,2,5,0,5,2026-07-30T17:17:12.288527
38,13,3,5,0,5,2026-07-30T17:17:12.135609
38,13,4,5,0,5,2026-07-30T17:17:11.844432
38,13,5,5,0,5,2026-07-30T17:17:12.350640
38,13,6,5,0,5,2026-07-30T17:17:13.429788
38,13,7,5,0,5,2026-07-30T17:17:13.390589
38,13,8,5,0,5,2026-07-30T17:17:13.259190
38,13,9,5,0,5,2026-07-30T17:17:13.090328
38,13,10,5,0,5,2026-07-30T17:17:13.761227
38,14,1,5,0,5,2026-07-30T17:17:13.771611
38,14,2,5,0,5,2026-07-30T17:17:14.134394
38,14,3,5,0,5,2026-07-30T17:17:13.379705
38,14,4,5,0,5,2026-07-30T17:17:14.923853
38,14,5,5,0,5,2026-07-30T17:17:14.915765
38,14,6,5,0,5,2026-07-30T17:17:15.006316
38,14,7,5,0,5,2026-07-30T17:17:15.228868
38,14,8,5,0,5,2026-07-30T17:17:14.691230
38,14,9,5,0,5,2026-07-30T17:17:15.003694
38,14,10,5,0,5,2026-07-30T17:17:15.421647
38,15,1,5,0,5,2026-07-30T17:17:16.180701
38,15,2,5,0,5,2026-07-30T17:17:15.929416
38,15,3,5,0,5,2026-07-30T17:17:16.568420
38,15,4,5,0,5,2026-07-30T17:17:16.165515
38,15,5,5,0,5,2026-07-30T17:17:16.254201
38,15,6,5,0,5,2026-07-30T17:17:16.637237
38,15,7,5,0,5,2026-07-30T17:17:17.297145
38,15,8,5,0,5,2026-07-30T17:17:16.859162
38,15,9,5,0,5,2026-07-30T17:17:17.775500
38,15,10,5,0,5,2026-07-30T17:17:17.797904
38,16,1,5,0,5,2026-07-30T17:17:17.614981
38,16,2,5,0,5,2026-07-30T17:17:17.492325
38,16,3,5,0,5,2026-07-30T17:17:18.600916
38,16,4,5,0,5,2026-07-30T17:17:18.473923
38,16,5,5,0,5,2026-07-30T17:17:18.114047
38,16,6,5,0,5,2026-07-30T17:17:18.548550
38,16,7,5,0,5,2026-07-30T17:17:19.135992
38,16,8,5,0,5,2026-07-30T17:17:19.252158
38,16,9,5,0,5,2026-07-30T17:17:18.792680
38,16,10,5,0,5,2026-07-30T17:17:19.239518
38,17,1,5,0,5,2026-07-30T17:17:19.762893
38,17,2,5,0,5,2026-07-30T17:17:19.939815
38,17,3,5,0,5,2026-07-30T17:17:20.371917
38,17,4,5,0,5,2026-07-30T17:17:20.258438
38,17,5,5,0,5,2026-07-30T17:17:20.029566
38,17,6,5,0,5,2026-07-30T17:17:20.591017
38,17,7,5,0,5,2026-07-30T17:17:20.470723
38,17,8,5,0,5,2026-07-30T17:17:20.884414
38,17,9,5,0,5,2026-07-30T17:17:21.621606
38,17,10,5,0,5,2026-07-30T17:17:21.371911
38,18,1,5,0,5,2026-07-30T17:17:21.248918
38,18,2,5,0,5,2026-07-30T17:17:21.911096
38,18,3,5,0,5,2026-07-30T17:17:21.834658
38,18,4,5,0,5,2026-07-30T17:17:22.119562
38,18,5,5,0,5,2026-07-30T17:17:21.822463
38,18,6,5,0,5,2026-07-30T17:17:22.305366
38,18,7,5,0,5,2026-07-30T17:17:22.290542
38,18,8,5,0,5,2026-07-30T17:17:23.430006
38,18,9,5,0,5,2026-07-30T17:17:23.249380
38,18,10,5,0,5,2026-07-30T17:17:23.066008
38,19,1,5,0,5,2026-07-30T17:17:29.854114
38,19,2,5,0,5,2026-07-30T17:17:30.739075
38,19,3,5,0,5,2026-07-30T17:17:30.136374
38,19,4,5,0,5,2026-07-30T17:17:30.426047
38,19,5,5,0,5,2026-07-30T17:17:30.313236
38,19,6,5,0,5,2026-07-30T17:17:30.414567
38,19,7,5,0,5,2026-07-30T17:17:29.916516
38,19,8,5,0,5,2026-07-30T17:17:30.077199
38,19,9,5,0,5,2026-07-30T17:17:31.704679
38,19,10,5,0,5,2026-07-30T17:17:31.351913
38,20,1,5,0,5,2026-07-30T17:17:31.521696
38,20,2,5,0,5,2026-07-30T17:17:31.418072
38,20,3,5,0,5,2026-07-30T17:17:31.554494
38,20,4,5,0,5,2026-07-30T17:17:31.670085
38,20,5,5,0,5,2026-07-30T17:17:31.889175
38,20,6,5,0,5,2026-07-30T17:17:32.166417
38,20,7,5,0,5,2026-07-30T17:17:33.193760
38,20,8,5,0,5,2026-07-30T17:17:33.074022
38,20,9,5,0,5,2026-07-30T17:17:32.967026
38,20,10,5,0,5,2026-07-30T17:17:32.795623
38,21,1,5,0,5,2026-07-30T17:17:33.511386
38,21,2,5,0,5,2026-07-30T17:17:33.534460
38,21,3,5,0,5,2026-07-30T17:17:33.751043
38,21,4,5,0,5,2026-07-30T17:17:33.999151
38,21,5,5,0,5,2026-07-30T17:17:34.637462
38,21,6,5,0,5,2026-07-30T17:17:34.821718
38,21,7,5,0,5,2026-07-30T17:17:34.723887
38,21,8,5,0,5,2026-07-30T17:17:34.836223
38,21,9,5,0,5,2026-07-30T17:17:34.949907
38,21,10,5,0,5,2026-07-30T17:17:35.206010
38,22,1,5,0,5,2026-07-30T17:17:35.402937
38,22,2,5,0,5,2026-07-30T17:17:35.228357
38,22,3,5,0,5,2026-07-30T17:17:35.868488
38,22,4,5,0,5,2026-07-30T17:17:35.772444
38,22,5,5,0,5,2026-07-30T17:17:36.034161
38,22,6,5,0,5,2026-07-30T17:17:35.877266
38,22,7,5,0,5,2026-07-30T17:17:36.170080
38,22,8,5,0,5,2026-07-30T17:17:37.232201
38,22,9,5,0,5,2026-07-30T17:17:36.452782
38,22,10,5,0,5,2026-07-30T17:17:37.040760
38,23,1,5,0,5,2026-07-30T17:17:37.845645
38,23,2,5,0,5,2026-07-30T17:17:37.099643
38,23,3,5,0,5,2026-07-30T17:17:37.334560
38,23,4,5,0,5,2026-07-30T17:17:37.096970
38,23,5,5,0,5,2026-07-30T17:17:38.033320
38,23,6,5,0,5,2026-07-30T17:17:37.697779
38,23,7,5,0,5,2026-07-30T17:17:38.315328
38,23,8,5,0,5,2026-07-30T17:17:38.565718
38,23,9,5,0,5,2026-07-30T17:17:38.753894
38,23,10,5,0,5,2026-07-30T17:17:38.485675
38,24,1,5,0,5,2026-07-30T17:17:39.179101
38,24,2,5,0,5,2026-07-30T17:17:39.522756
38,24,3,0,0,0,2026-07-30T17:17:39.522933
38,24,4,5,0,5,2026-07-30T17:17:39.471746
38,24,5,5,0,5,2026-07-30T17:17:40.148100
38,24,6,0,0,0,2026-07-30T17:17:39.932073
38,24,7,5,0,5,2026-07-30T17:17:39.997442
38,24,8,5,0,5,2026-07-30T17:17:40.370439
38,24,9,5,0,5,2026-07-30T17:17:40.631134
38,24,10,5,0,5,2026-07-30T17:17:40.752149
38,25,1,5,0,5,2026-07-30T17:17:41.336702
38,25,2,5,0,5,2026-07-30T17:17:40.789161
38,25,3,5,0,5,2026-07-30T17:17:41.787088
38,25,4,5,0,5,2026-07-30T17:17:41.657287
38,25,5,5,0,5,2026-07-30T17:17:41.854183
38,25,6,5,0,5,2026-07-30T17:17:41.642904
38,25,7,5,0,5,2026-07-30T17:17:41.883657
38,25,8,5,0,5,2026-07-30T17:17:42.410182
38,25,9,5,0,5,2026-07-30T17:17:41.849485
38,25,10,5,0,5,2026-07-30T17:17:43.181443
38,26,1,5,0,5,2026-07-30T17:17:43.291753
38,26,2,5,0,5,2026-07-30T17:17:43.313513
38,26,3,5,0,5,2026-07-30T17:17:43.427350
38,26,4,5,0,5,2026-07-30T17:17:42.882852
38,26,5,5,0,5,2026-07-30T17:17:43.719050
38,26,6,5,0,5,2026-07-30T17:17:43.111604
38,26,7,5,0,5,2026-07-30T17:17:44.291790
38,26,8,5,0,5,2026-07-30T17:17:44.537000
38,26,9,5,0,5,2026-07-30T17:17:44.343566
38,26,10,5,0,5,2026-07-30T17:17:44.050431
38,27,1,5,0,5,2026-07-30T17:17:44.349550
38,27,2,5,0,5,2026-07-30T17:17:44.348982
38,27,3,5,0,5,2026-07-30T17:17:44.669858
38,27,4,5,0,5,2026-07-30T17:17:44.970344
38,27,5,5,0,5,2026-07-30T17:17:45.289266
38,27,6,5,0,5,2026-07-30T17:17:45.757196
38,27,7,5,0,5,2026-07-30T17:17:45.590659
38,27,8,5,0,5,2026-07-30T17:17:45.611258
38,27,9,5,0,5,2026-07-30T17:17:45.400972
38,27,10,5,0,5,2026-07-30T17:17:46.188856
38,28,1,0,0,0,2026-07-30T17:17:46.308661
38,28,2,0,0,0,2026-07-30T17:17:46.831127
38,28,3,0,0,0,2026-07-30T17:17:47.171105
38,28,4,0,0,0,2026-07-30T17:17:46.653765
38,28,5,0,0,0,2026-07-30T17:17:46.965166
38,28,6,0,0,0,2026-07-30T17:17:47.317305
38,28,7,0,0,0,2026-07-30T17:17:47.012987
38,28,8,0,0,0,2026-07-30T17:17:47.807528
38,28,9,0,0,0,2026-07-30T17:17:47.345671
38,28,10,0,0,0,2026-07-30T17:17:48.110000
38,29,1,5,0,5,2026-07-30T17:17:48.261066
38,29,2,5,0,5,2026-07-30T17:17:48.422486
38,29,3,5,0,5,2026-07-30T17:17:48.433551
38,29,4,5,0,5,2026-07-30T17:17:48.824180
38,29,5,5,0,5,2026-07-30T17:17:48.555888
38,29,6,5,0,5,2026-07-30T17:17:48.792312
38,29,7,5,0,5,2026-07-30T17:17:49.437996
38,29,8,5,0,5,2026-07-30T17:17:49.555274
38,29,9,5,0,5,2026-07-30T17:17:49.501097
38,29,10,5,0,5,2026-07-30T17:17:50.476001
38,30,1,5,0,5,2026-07-30T17:17:49.668990
38,30,2,5,0,5,2026-07-30T17:17:49.583371
38,30,3,5,0,5,2026-07-30T17:17:50.248439
38,30,4,5,0,5,2026-07-30T17:17:50.039866
38,30,5,5,0,5,2026-07-30T17:17:50.884217
38,30,6,5,0,5,2026-07-30T17:17:51.343171
38,30,7,5,0,5,2026-07-30T17:17:51.385116
38,30,8,5,0,5,2026-07-30T17:17:51.226017
38,30,9,5,0,5,2026-07-30T17:17:51.116491
38,30,10,5,0,5,2026-07-30T17:17:51.685993
39,1,1,5,0,5,2026-07-30T17:17:51.691402
39,1,2,5,0,5,2026-07-30T17:17:51.514105
39,1,3,5,0,5,2026-07-30T17:17:52.313326
39,1,4,5,0,5,2026-07-30T17:17:52.525980
39,1,5,5,0,5,2026-07-30T17:17:52.681617
39,1,6,5,0,5,2026-07-30T17:17:52.813670
39,1,7,5,0,5,2026-07-30T17:17:53.019961
39,1,8,5,0,5,2026-07-30T17:17:53.173736
39,1,9,5,0,5,2026-07-30T17:17:53.517434
39,1,10,5,0,5,2026-07-30T17:17:52.740070
39,2,1,5,0,5,2026-07-30T17:17:53.589807
39,2,2,5,0,5,2026-07-30T17:17:53.818132
39,2,3,5,0,5,2026-07-30T17:17:54.532349
39,2,4,5,0,5,2026-07-30T17:17:54.394228
39,2,5,5,0,5,2026-07-30T17:17:54.023012
39,2,6,5,0,5,2026-07-30T17:17:54.896490
39,2,7,5,0,5,2026-07-30T17:17:54.601032
39,2,8,5,0,5,2026-07-30T17:17:55.133355
39,2,9,5,0,5,2026-07-30T17:17:54.650972
39,2,10,5,0,5,2026-07-30T17:17:55.694511
39,3,1,5,0,5,2026-07-30T17:17:55.474203
39,3,2,5,0,5,2026-07-30T17:17:55.837740
39,3,3,5,0,5,2026-07-30T17:17:55.735924
39,3,4,5,0,5,2026-07-30T17:17:56.440449
39,3,5,5,0,5,2026-07-30T17:17:56.306817
39,3,6,5,0,5,2026-07-30T17:17:55.937148
39,3,7,5,0,5,2026-07-30T17:17:57.013708
39,3,8,5,0,5,2026-07-30T17:17:57.107841
39,3,9,5,0,5,2026-07-30T17:17:57.342115
39,3,10,5,0,5,2026-07-30T17:17:57.394397
39,4,1,5,0,5,2026-07-30T17:17:56.875712
39,4,2,5,0,5,2026-07-30T17:17:57.027066
39,4,3,5,0,5,2026-07-30T17:17:57.568174
39,4,4,5,0,5,2026-07-30T17:17:58.283343
39,4,5,5,0,5,2026-07-30T17:17:57.930643
39,4,6,5,0,5,2026-07-30T17:17:58.667097
39,4,7,5,0,5,2026-07-30T17:17:58.443851
39,4,8,5,0,5,2026-07-30T17:17:58.542624
39,4,9,5,0,5,2026-07-30T17:17:58.607227
39,4,10,5,0,5,2026-07-30T17:17:58.638855
39,5,1,0,0,0,2026-07-30T17:17:59.226437
39,5,2,0,0,0,2026-07-30T17:17:59.994153
39,5,3,0,0,0,2026-07-30T17:18:00.145270
39,5,4,5,0,5,2026-07-30T17:17:59.497852
39,5,5,0,0,0,2026-07-30T17:17:59.781798
39,5,6,0,0,0,2026-07-30T17:17:59.824826
39,5,7,0,0,0,2026-07-30T17:17:59.678172
39,5,8,0,0,0,2026-07-30T17:18:00.515590
39,5,9,0,0,0,2026-07-30T17:18:01.275798
39,5,10,0,0,0,2026-07-30T17:18:00.761723
39,6,1,5,0,5,2026-07-30T17:18:00.708479
39,6,2,5,0,5,2026-07-30T17:18:01.023896
39,6,3,5,0,5,2026-07-30T17:18:00.867587
39,6,4,5,0,5,2026-07-30T17:18:01.440572
39,6,5,5,0,5,2026-07-30T17:18:02.174636
39,6,6,5,0,5,2026-07-30T17:18:02.369038
39,6,7,5,0,5,2026-07-30T17:18:01.955416
39,6,8,5,0,5,2026-07-30T17:18:01.998995
39,6,9,5,0,5,2026-07-30T17:18:02.328291
39,6,10,5,0,5,2026-07-30T17:18:02.666678
39,7,1,5,0,5,2026-07-30T17:18:02.712015
39,7,2,5,0,5,2026-07-30T17:18:02.462213
39,7,3,5,0,5,2026-07-30T17:18:02.982242
39,7,4,5,0,5,2026-07-30T17:18:03.827187
39,7,5,5,0,5,2026-07-30T17:18:04.033796
39,7,6,5,0,5,2026-07-30T17:18:03.975214
39,7,7,5,0,5,2026-07-30T17:18:03.409338
39,7,8,5,0,5,2026-07-30T17:18:04.327640
39,7,9,5,0,5,2026-07-30T17:18:04.515525
39,7,10,5,0,5,2026-07-30T17:18:03.968608
39,8,1,5,0,5,2026-07-30T17:18:04.255275
39,8,2,5,0,5,2026-07-30T17:18:05.261506
39,8,3,5,0,5,2026-07-30T17:18:05.491431
39,8,4,5,0,5,2026-07-30T17:18:05.201854
39,8,5,5,0,5,2026-07-30T17:18:05.223584
39,8,6,5,0,5,2026-07-30T17:18:05.700181
39,8,7,5,0,5,2026-07-30T17:18:05.714392
39,8,8,5,0,5,2026-07-30T17:18:05.993986
39,8,9,5,0,5,2026-07-30T17:18:05.746221
39,8,10,5,0,5,2026-07-30T17:18:06.236378
39,9,1,5,0,5,2026-07-30T17:18:06.877120
39,9,2,5,0,5,2026-07-30T17:18:06.506217
39,9,3,5,0,5,2026-07-30T17:18:06.734999
39,9,4,5,0,5,2026-07-30T17:18:07.734180
39,9,5,5,0,5,2026-07-30T17:18:07.172686
39,9,6,5,0,5,2026-07-30T17:18:07.374246
39,9,7,5,0,5,2026-07-30T17:18:07.424766
39,9,8,5,0,5,2026-07-30T17:18:08.325073
39,9,9,5,0,5,2026-07-30T17:18:07.717936
39,9,10,5,0,5,2026-07-30T17:18:08.578568
39,10,1,0,0,0,2026-07-30T17:18:08.115386
39,10,2,5,0,5,2026-07-30T17:18:09.026345
39,10,3,5,0,5,2026-07-30T17:18:08.626570
39,10,4,5,0,5,2026-07-30T17:18:08.665923
39,10,5,0,0,0,2026-07-30T17:18:09.160981
39,10,6,5,0,5,2026-07-30T17:18:09.387675
39,10,7,0,0,0,2026-07-30T17:18:09.969039
39,10,8,5,0,5,2026-07-30T17:18:09.554675
39,10,9,5,0,5,2026-07-30T17:18:10.427484
39,10,10,0,0,0,2026-07-30T17:18:10.450796
39,11,1,5,0,5,2026-07-30T17:18:09.720223
39,11,2,5,0,5,2026-07-30T17:18:10.058310
39,11,3,5,0,5,2026-07-30T17:18:10.379409
39,11,4,5,0,5,2026-07-30T17:18:11.037441
39,11,5,5,0,5,2026-07-30T17:18:11.468988
39,11,6,5,0,5,2026-07-30T17:18:11.341432
39,11,7,5,0,5,2026-07-30T17:18:11.792359
39,11,8,5,0,5,2026-07-30T17:18:12.078882
39,11,9,5,0,5,2026-07-30T17:18:11.999760
39,11,10,5,0,5,2026-07-30T17:18:12.295220
39,12,1,5,0,5,2026-07-30T17:18:12.088676
39,12,2,5,0,5,2026-07-30T17:18:12.698389
39,12,3,5,0,5,2026-07-30T17:18:13.012579
39,12,4,5,0,5,2026-07-30T17:18:12.910805
39,12,5,5,0,5,2026-07-30T17:18:13.645537
39,12,6,5,0,5,2026-07-30T17:18:13.638819
39,12,7,5,0,5,2026-07-30T17:18:13.522303
39,12,8,5,0,5,2026-07-30T17:18:13.337709
39,12,9,5,0,5,2026-07-30T17:18:13.937887
39,12,10,5,0,5,2026-07-30T17:18:13.917865
39,13,1,5,0,5,2026-07-30T17:18:14.744647
39,13,2,5,0,5,2026-07-30T17:18:14.444941
39,13,3,5,0,5,2026-07-30T17:18:15.417296
39,13,4,5,0,5,2026-07-30T17:18:15.380855
39,13,5,5,0,5,2026-07-30T17:18:15.695193
39,13,6,5,0,5,2026-07-30T17:18:15.094624
39,13,7,5,0,5,2026-07-30T17:18:15.358493
39,13,8,5,0,5,2026-07-30T17:18:15.568607
39,13,9,5,0,5,2026-07-30T17:18:16.297482
39,13,10,5,0,5,2026-07-30T17:18:16.572394
39,14,1,5,0,5,2026-07-30T17:18:16.559098
39,14,2,5,0,5,2026-07-30T17:18:16.808915
39,14,3,5,0,5,2026-07-30T17:18:17.026326
39,14,4,5,0,5,2026-07-30T17:18:16.465341
39,14,5,5,0,5,2026-07-30T17:18:17.223074
39,14,6,5,0,5,2026-07-30T17:18:17.521889
39,14,7,5,0,5,2026-07-30T17:18:18.171631
39,14,8,5,0,5,2026-07-30T17:18:18.509639
39,14,9,5,0,5,2026-07-30T17:18:18.195054
39,14,10,5,0,5,2026-07-30T17:18:18.011047
39,15,1,5,0,5,2026-07-30T17:18:18.663237
39,15,2,5,0,5,2026-07-30T17:18:19.097016
39,15,3,5,0,5,2026-07-30T17:18:18.669336
39,15,4,5,0,5,2026-07-30T17:18:18.986325
39,15,5,5,0,5,2026-07-30T17:18:19.456785
39,15,6,5,0,5,2026-07-30T17:18:19.975064
39,15,7,5,0,5,2026-07-30T17:18:19.646765
39,15,8,5,0,5,2026-07-30T17:18:20.342751
39,15,9,3,0,3,2026-07-30T17:18:19.903570
39,15,10,5,0,5,2026-07-30T17:18:20.516063
39,16,1,5,0,5,2026-07-30T17:18:20.394564
39,16,2,5,0,5,2026-07-30T17:18:21.184403
39,16,3,5,0,5,2026-07-30T17:18:21.488851
39,16,4,5,0,5,2026-07-30T17:18:21.505863
39,16,5,5,0,5,2026-07-30T17:18:21.359634
39,16,6,5,0,5,2026-07-30T17:18:22.041613
39,16,7,5,0,5,2026-07-30T17:18:21.382097
39,16,8,5,0,5,2026-07-30T17:18:22.469690
39,16,9,5,0,5,2026-07-30T17:18:21.729802
39,16,10,5,0,5,2026-07-30T17:18:22.821250
39,17,1,5,0,5,2026-07-30T17:18:22.895641
39,17,2,5,0,5,2026-07-30T17:18:22.630494
39,17,3,5,0,5,2026-07-30T17:18:22.712990
39,17,4,5,0,5,2026-07-30T17:18:22.740901
39,17,5,5,0,5,2026-07-30T17:18:23.349858
39,17,6,5,0,5,2026-07-30T17:18:23.502048
39,17,7,5,0,5,2026-07-30T17:18:24.299584
39,17,8,5,0,5,2026-07-30T17:18:24.298726
39,17,9,5,0,5,2026-07-30T17:18:24.138969
39,17,10,5,0,5,2026-07-30T17:18:23.994599
39,18,1,5,0,5,2026-07-30T17:18:24.668406
39,18,2,5,0,5,2026-07-30T17:18:24.149763
39,18,3,5,0,5,2026-07-30T17:18:24.796411
39,18,4,5,0,5,2026-07-30T17:18:25.533411
39,18,5,5,0,5,2026-07-30T17:18:25.853082
39,18,6,5,0,5,2026-07-30T17:18:25.788479
39,18,7,5,0,5,2026-07-30T17:18:25.174257
39,18,8,5,0,5,2026-07-30T17:18:26.134225
39,18,9,5,0,5,2026-07-30T17:18:25.528578
39,18,10,5,0,5,2026-07-30T17:18:26.121757
39,19,1,5,0,5,2026-07-30T17:18:25.825981
39,19,2,5,0,5,2026-07-30T17:18:27.040232
39,19,3,5,0,5,2026-07-30T17:18:27.602343
39,19,4,5,0,5,2026-07-30T17:18:26.743920
39,19,5,5,0,5,2026-07-30T17:18:27.222969
39,19,6,5,0,5,2026-07-30T17:18:27.879523
39,19,7,5,0,5,2026-07-30T17:18:27.672822
39,19,8,5,0,5,2026-07-30T17:18:27.363735
39,19,9,5,0,5,2026-07-30T17:18:27.382858
39,19,10,5,0,5,2026-07-30T17:18:28.194968
39,20,1,5,0,5,2026-07-30T17:18:29.122047
39,20,2,5,0,5,2026-07-30T17:18:29.464301
39,20,3,5,0,5,2026-07-30T17:18:29.391135
39,20,4,5,0,5,2026-07-30T17:18:29.031893
39,20,5,5,0,5,2026-07-30T17:18:28.845579
39,20,6,5,0,5,2026-07-30T17:18:29.105863
39,20,7,5,0,5,2026-07-30T17:18:29.533483
39,20,8,5,0,5,2026-07-30T17:18:30.016300
39,20,9,5,0,5,2026-07-30T17:18:29.909522
39,20,10,5,0,5,2026-07-30T17:18:30.288037
39,21,1,5,0,5,2026-07-30T17:18:31.138574
39,21,2,5,0,5,2026-07-30T17:18:30.959605
39,21,3,5,0,5,2026-07-30T17:18:31.453160
39,21,4,5,0,5,2026-07-30T17:18:31.518446
39,21,5,5,0,5,2026-07-30T17:18:30.592473
39,21,6,5,0,5,2026-07-30T17:18:31.162582
39,21,7,5,0,5,2026-07-30T17:18:31.654794
39,21,8,5,0,5,2026-07-30T17:18:31.494467
39,21,9,5,0,5,2026-07-30T17:18:31.635207
39,21,10,5,0,5,2026-07-30T17:18:32.383638
39,22,1,5,0,5,2026-07-30T17:18:32.808044
39,22,2,5,0,5,2026-07-30T17:18:32.615667
39,22,3,5,0,5,2026-07-30T17:18:32.894989
39,22,4,5,0,5,2026-07-30T17:18:33.346594
39,22,5,5,0,5,2026-07-30T17:18:33.569981
39,22,6,5,0,5,2026-07-30T17:18:33.074473
39,22,7,5,0,5,2026-07-30T17:18:33.103855
39,22,8,5,0,5,2026-07-30T17:18:34.221017
39,22,9,5,0,5,2026-07-30T17:18:34.455233
39,22,10,5,0,5,2026-07-30T17:18:33.823648
39,23,1,5,0,5,2026-07-30T17:18:34.381075
39,23,2,5,0,5,2026-07-30T17:18:34.896910
39,23,3,5,0,5,2026-07-30T17:18:35.138784
39,23,4,5,0,5,2026-07-30T17:18:34.998397
39,23,5,5,0,5,2026-07-30T17:18:34.608516
39,23,6,5,0,5,2026-07-30T17:18:35.462609
39,23,7,5,0,5,2026-07-30T17:18:35.259733
39,23,8,5,0,5,2026-07-30T17:18:35.619502
39,23,9,5,0,5,2026-07-30T17:18:35.717709
39,23,10,5,0,5,2026-07-30T17:18:35.847057
39,24,1,5,0,5,2026-07-30T17:18:36.144922
39,24,2,5,0,5,2026-07-30T17:18:36.445399
39,24,3,5,0,5,2026-07-30T17:18:36.386373
39,24,4,5,0,5,2026-07-30T17:18:37.094753
39,24,5,5,0,5,2026-07-30T17:18:37.114077
39,24,6,5,0,5,2026-07-30T17:18:37.275871
39,24,7,5,0,5,2026-07-30T17:18:37.181500
39,24,8,5,0,5,2026-07-30T17:18:37.090414
39,24,9,5,0,5,2026-07-30T17:18:37.588705
39,24,10,5,0,5,2026-07-30T17:18:37.609899
39,25,1,5,0,5,2026-07-30T17:18:37.477382
39,25,2,5,0,5,2026-07-30T17:18:38.122202
39,25,3,5,0,5,2026-07-30T17:18:39.130863
39,25,4,5,0,5,2026-07-30T17:18:38.772509
39,25,5,5,0,5,2026-07-30T17:18:38.435006
39,25,6,5,0,5,2026-07-30T17:18:39.323609
39,25,7,5,0,5,2026-07-30T17:18:38.735909
39,25,8,5,0,5,2026-07-30T17:18:39.241899
39,25,9,5,0,5,2026-07-30T17:18:39.062286
39,25,10,5,0,5,2026-07-30T17:18:39.376995
39,26,1,5,0,5,2026-07-30T17:18:40.046126
39,26,2,5,0,5,2026-07-30T17:18:40.596004
39,26,3,5,0,5,2026-07-30T17:18:39.790939
39,26,4,5,0,5,2026-07-30T17:18:40.091257
39,26,5,5,0,5,2026-07-30T17:18:41.186777
39,26,6,5,0,5,2026-07-30T17:18:40.686534
39,26,7,5,0,5,2026-07-30T17:18:40.354830
39,26,8,5,0,5,2026-07-30T17:18:41.031278
39,26,9,5,0,5,2026-07-30T17:18:41.237493
39,26,10,5,0,5,2026-07-30T17:18:41.283283
39,27,1,5,0,5,2026-07-30T17:18:41.522432
39,27,2,5,0,5,2026-07-30T17:18:42.395885
39,27,3,5,0,5,2026-07-30T17:18:41.826788
39,27,4,5,0,5,2026-07-30T17:18:42.110161
39,27,5,5,0,5,2026-07-30T17:18:42.678636
39,27,6,5,0,5,2026-07-30T17:18:42.418521
39,27,7,5,0,5,2026-07-30T17:18:42.907286
39,27,8,5,0,5,2026-07-30T17:18:42.707682
39,27,9,5,0,5,2026-07-30T17:18:42.746484
39,27,10,5,0,5,2026-07-30T17:18:43.075028
39,28,1,5,0,5,2026-07-30T17:18:43.553810
39,28,2,5,0,5,2026-07-30T17:18:44.433091
39,28,3,5,0,5,2026-07-30T17:18:43.865094
39,28,4,5,0,5,2026-07-30T17:18:44.317084
39,28,5,5,0,5,2026-07-30T17:18:44.142771
39,28,6,5,0,5,2026-07-30T17:18:44.406100
39,28,7,5,0,5,2026-07-30T17:18:44.551080
39,28,8,5,0,5,2026-07-30T17:18:44.901528
39,28,9,5,0,5,2026-07-30T17:18:45.394352
39,28,10,5,0,5,2026-07-30T17:18:45.901701
39,29,1,5,0,5,2026-07-30T17:18:46.012851
39,29,2,5,0,5,2026-07-30T17:18:45.946155
39,29,3,5,0,5,2026-07-30T17:18:45.630257
39,29,4,5,0,5,2026-07-30T17:18:45.453227
39,29,5,5,0,5,2026-07-30T17:18:45.787957
39,29,6,5,0,5,2026-07-30T17:18:46.319958
39,29,7,5,0,5,2026-07-30T17:18:47.001733
39,29,8,5,0,5,2026-07-30T17:18:47.276184
39,29,9,5,0,5,2026-07-30T17:18:47.468340
39,29,10,5,0,5,2026-07-30T17:18:47.448903
39,30,1,5,0,5,2026-07-30T17:18:47.530444
39,30,2,5,0,5,2026-07-30T17:18:47.993839
39,30,3,5,0,5,2026-07-30T17:18:47.664021
39,30,4,5,0,5,2026-07-30T17:18:48.175267
39,30,5,5,0,5,2026-07-30T17:18:48.439474
39,30,6,5,0,5,2026-07-30T17:18:49.074664
39,30,7,5,0,5,2026-07-30T17:18:49.082472
39,30,8,5,0,5,2026-07-30T17:18:49.117509
39,30,9,5,0,5,2026-07-30T17:18:49.359796
39,30,10,5,0,5,2026-07-30T17:18:48.902194
40,1,1,5,0,5,2026-07-30T17:18:49.849058
40,1,2,5,0,5,2026-07-30T17:18:49.638556
40,1,3,5,0,5,2026-07-30T17:18:49.669265
40,1,4,4,0,4,2026-07-30T17:18:50.133633
40,1,5,4,0,4,2026-07-30T17:18:50.324166
40,1,6,2,0,2,2026-07-30T17:18:50.100388
40,1,7,5,0,5,2026-07-30T17:18:50.349792
40,1,8,5,0,5,2026-07-30T17:18:50.626892
40,1,9,4,0,4,2026-07-30T17:18:51.066212
40,1,10,5,0,5,2026-07-30T17:18:50.707743
40,2,1,5,0,5,2026-07-30T17:18:51.711173
40,2,2,5,0,5,2026-07-30T17:18:51.337282
40,2,3,5,0,5,2026-07-30T17:18:51.771539
40,2,4,5,0,5,2026-07-30T17:18:51.739012
40,2,5,5,0,5,2026-07-30T17:18:52.007175
40,2,6,5,0,5,2026-07-30T17:18:51.899167
40,2,7,5,0,5,2026-07-30T17:18:52.312361
40,2,8,5,0,5,2026-07-30T17:18:52.903075
40,2,9,5,0,5,2026-07-30T17:18:52.389312
40,2,10,5,0,5,2026-07-30T17:18:53.528613
40,3,1,1,0,1,2026-07-30T17:18:53.391049
40,3,2,1,0,1,2026-07-30T17:18:53.627474
40,3,3,0,0,0,2026-07-30T17:18:53.536985
40,3,4,0,0,0,2026-07-30T17:18:53.465157
40,3,5,0,0,0,2026-07-30T17:18:53.558692
40,3,6,2,0,2,2026-07-30T17:18:54.012502
40,3,7,1,0,1,2026-07-30T17:18:54.557502
40,3,8,0,0,0,2026-07-30T17:18:54.831404
40,3,9,0,0,0,2026-07-30T17:18:54.721294
40,3,10,0,0,0,2026-07-30T17:18:54.950610
40,4,1,0,0,0,2026-07-30T17:18:55.175955
40,4,2,0,0,0,2026-07-30T17:18:54.811640
40,4,3,0,0,0,2026-07-30T17:18:54.859948
40,4,4,0,0,0,2026-07-30T17:18:55.875008
40,4,5,0,0,0,2026-07-30T17:18:55.969977
40,4,6,0,0,0,2026-07-30T17:18:56.391576
40,4,7,0,0,0,2026-07-30T17:18:56.466375
40,4,8,0,0,0,2026-07-30T17:18:56.647173
40,4,9,0,0,0,2026-07-30T17:18:56.320874
40,4,10,0,0,0,2026-07-30T17:18:55.987642
40,5,1,0,0,0,2026-07-30T17:18:57.014695
40,5,2,0,0,0,2026-07-30T17:18:57.069158
40,5,3,0,0,0,2026-07-30T17:18:57.835084
40,5,4,0,0,0,2026-07-30T17:18:57.032181
40,5,5,0,0,0,2026-07-30T17:18:57.365989
40,5,6,0,0,0,2026-07-30T17:18:57.643709
40,5,7,0,0,0,2026-07-30T17:18:57.907676
40,5,8,0,0,0,2026-07-30T17:18:58.501156
40,5,9,0,0,0,2026-07-30T17:18:58.459400
40,5,10,0,0,0,2026-07-30T17:18:58.276439
40,6,1,5,0,5,2026-07-30T17:18:58.490704
40,6,2,5,0,5,2026-07-30T17:18:58.400425
40,6,3,5,0,5,2026-07-30T17:18:59.490151
40,6,4,5,0,5,2026-07-30T17:18:59.843989
40,6,5,5,0,5,2026-07-30T17:18:59.575932
40,6,6,5,0,5,2026-07-30T17:18:59.308778
40,6,7,5,0,5,2026-07-30T17:18:59.669124
40,6,8,5,0,5,2026-07-30T17:19:00.323840
40,6,9,5,0,5,2026-07-30T17:19:00.122864
40,6,10,3,0,3,2026-07-30T17:19:00.157630
40,7,1,5,0,5,2026-07-30T17:19:01.156125
40,7,2,5,0,5,2026-07-30T17:19:00.736915
40,7,3,5,0,5,2026-07-30T17:19:01.430953
40,7,4,5,0,5,2026-07-30T17:19:01.501737
40,7,5,5,0,5,2026-07-30T17:19:01.443819
40,7,6,5,0,5,2026-07-30T17:19:01.589187
40,7,7,5,0,5,2026-07-30T17:19:01.598050
40,7,8,5,0,5,2026-07-30T17:19:01.588811
40,7,9,5,0,5,2026-07-30T17:19:01.749729
40,7,10,5,0,5,2026-07-30T17:19:02.791721
40,8,1,0,0,0,2026-07-30T17:19:02.850401
40,8,2,0,0,0,2026-07-30T17:19:03.483347
40,8,3,1,0,1,2026-07-30T17:19:03.326733
40,8,4,0,0,0,2026-07-30T17:19:03.051636
40,8,5,2,0,2,2026-07-30T17:19:03.432441
40,8,6,0,0,0,2026-07-30T17:19:03.630581
40,8,7,0,0,0,2026-07-30T17:19:03.012411
40,8,8,0,0,0,2026-07-30T17:19:04.212124
40,8,9,0,0,0,2026-07-30T17:19:04.857317
40,8,10,0,0,0,2026-07-30T17:19:04.043556
40,9,1,0,0,0,2026-07-30T17:19:04.309979
40,9,2,0,0,0,2026-07-30T17:19:04.982351
40,9,3,0,0,0,2026-07-30T17:19:05.257920
40,9,4,0,0,0,2026-07-30T17:19:05.346534
40,9,5,0,0,0,2026-07-30T17:19:04.876397
40,9,6,0,0,0,2026-07-30T17:19:05.903912
40,9,7,0,0,0,2026-07-30T17:19:06.253414
40,9,8,0,0,0,2026-07-30T17:19:06.137774
40,9,9,0,0,0,2026-07-30T17:19:06.494176
40,9,10,0,0,0,2026-07-30T17:19:06.111689
40,10,1,0,0,0,2026-07-30T17:19:06.209940
40,10,2,0,0,0,2026-07-30T17:19:06.706828
40,10,3,0,0,0,2026-07-30T17:19:06.562663
40,10,4,0,0,0,2026-07-30T17:19:07.927939
40,10,5,0,0,0,2026-07-30T17:19:07.543653
40,10,6,0,0,0,2026-07-30T17:19:07.178309
40,10,7,0,0,0,2026-07-30T17:19:07.257706
40,10,8,0,0,0,2026-07-30T17:19:07.464878
40,10,9,0,0,0,2026-07-30T17:19:08.138539
40,10,10,0,0,0,2026-07-30T17:19:08.026450
40,11,1,5,0,5,2026-07-30T17:19:07.959103
40,11,2,5,0,5,2026-07-30T17:19:09.010522
40,11,3,3,0,3,2026-07-30T17:19:08.315075
40,11,4,5,0,5,2026-07-30T17:19:08.705262
40,11,5,5,0,5,2026-07-30T17:19:09.198358
40,11,6,3,0,3,2026-07-30T17:19:09.587009
40,11,7,5,0,5,2026-07-30T17:19:09.804648
40,11,8,5,0,5,2026-07-30T17:19:09.234401
40,11,9,5,0,5,2026-07-30T17:19:09.761646
40,11,10,5,0,5,2026-07-30T17:19:09.381926
40,12,1,5,0,5,2026-07-30T17:19:10.002861
40,12,2,5,0,5,2026-07-30T17:19:10.435793
40,12,3,5,0,5,2026-07-30T17:19:10.457941
40,12,4,5,0,5,2026-07-30T17:19:11.082442
40,12,5,5,0,5,2026-07-30T17:19:10.418153
40,12,6,5,0,5,2026-07-30T17:19:11.649011
40,12,7,5,0,5,2026-07-30T17:19:11.006941
40,12,8,5,0,5,2026-07-30T17:19:11.032037
40,12,9,5,0,5,2026-07-30T17:19:11.464228
40,12,10,5,0,5,2026-07-30T17:19:11.670903
40,13,1,0,0,0,2026-07-30T17:19:12.072879
40,13,2,0,0,0,2026-07-30T17:19:11.722813
40,13,3,0,0,0,2026-07-30T17:19:13.052481
40,13,4,0,0,0,2026-07-30T17:19:12.475559
40,13,5,0,0,0,2026-07-30T17:19:12.345428
40,13,6,0,0,0,2026-07-30T17:19:13.316626
40,13,7,0,0,0,2026-07-30T17:19:12.685214
40,13,8,0,0,0,2026-07-30T17:19:13.115222
40,13,9,0,0,0,2026-07-30T17:19:13.162295
40,13,10,0,0,0,2026-07-30T17:19:13.706871
40,14,1,4,0,4,2026-07-30T17:19:14.002437
40,14,2,4,0,4,2026-07-30T17:19:14.073727
40,14,3,4,0,4,2026-07-30T17:19:14.095957
40,14,4,5,0,5,2026-07-30T17:19:14.070715
40,14,5,5,0,5,2026-07-30T17:19:15.150199
40,14,6,5,0,5,2026-07-30T17:19:14.785153
40,14,7,4,0,4,2026-07-30T17:19:15.172683
40,14,8,4,0,4,2026-07-30T17:19:15.354589
40,14,9,5,0,5,2026-07-30T17:19:15.842904
40,14,10,5,0,5,2026-07-30T17:19:15.525255
40,15,1,0,0,0,2026-07-30T17:19:15.936007
40,15,2,0,0,0,2026-07-30T17:19:15.317484
40,15,3,0,0,0,2026-07-30T17:19:16.040382
40,15,4,0,0,0,2026-07-30T17:19:16.387391
40,15,5,0,0,0,2026-07-30T17:19:16.194778
40,15,6,0,0,0,2026-07-30T17:19:17.118763
40,15,7,0,0,0,2026-07-30T17:19:16.619123
40,15,8,0,0,0,2026-07-30T17:19:17.348311
40,15,9,0,0,0,2026-07-30T17:19:17.309676
40,15,10,0,0,0,2026-07-30T17:19:16.968090
40,16,1,5,0,5,2026-07-30T17:19:17.275536
40,16,2,5,0,5,2026-07-30T17:19:17.452972
40,16,3,5,0,5,2026-07-30T17:19:17.800558
40,16,4,5,0,5,2026-07-30T17:19:18.052617
40,16,5,5,0,5,2026-07-30T17:19:18.403328
40,16,6,5,0,5,2026-07-30T17:19:18.398968
40,16,7,5,0,5,2026-07-30T17:19:18.707291
40,16,8,5,0,5,2026-07-30T17:19:18.987680
40,16,9,4,0,4,2026-07-30T17:19:18.574991
40,16,10,5,0,5,2026-07-30T17:19:19.114292
40,17,1,5,0,5,2026-07-30T17:19:19.642747
40,17,2,5,0,5,2026-07-30T17:19:19.454219
40,17,3,5,0,5,2026-07-30T17:19:20.250957
40,17,4,5,0,5,2026-07-30T17:19:19.445986
40,17,5,5,0,5,2026-07-30T17:19:19.805621
40,17,6,5,0,5,2026-07-30T17:19:20.376269
40,17,7,5,0,5,2026-07-30T17:19:20.012161
40,17,8,5,0,5,2026-07-30T17:19:20.344299
40,17,9,4,0,4,2026-07-30T17:19:21.102143
40,17,10,5,0,5,2026-07-30T17:19:20.901363
40,18,1,3,0,3,2026-07-30T17:19:20.718533
40,18,2,3,0,3,2026-07-30T17:19:21.410250
40,18,3,3,0,3,2026-07-30T17:19:21.827758
40,18,4,2,0,2,2026-07-30T17:19:21.896111
40,18,5,3,0,3,2026-07-30T17:19:21.588229
40,18,6,2,0,2,2026-07-30T17:19:22.227931
40,18,7,0,0,0,2026-07-30T17:19:21.979609
40,18,8,2,0,2,2026-07-30T17:19:22.139887
40,18,9,3,0,3,2026-07-30T17:19:22.167574
40,18,10,3,0,3,2026-07-30T17:19:23.442422
40,19,1,3,0,3,2026-07-30T17:19:23.242357
40,19,2,0,0,0,2026-07-30T17:19:23.487720
40,19,3,3,0,3,2026-07-30T17:19:23.766602
40,19,4,4,0,4,2026-07-30T17:19:23.832221
40,19,5,5,0,5,2026-07-30T17:19:23.365420
40,19,6,3,0,3,2026-07-30T17:19:24.040547
40,19,7,3,0,3,2026-07-30T17:19:23.299427
40,19,8,5,0,5,2026-07-30T17:19:24.485690
40,19,9,5,0,5,2026-07-30T17:19:25.179354
40,19,10,3,0,3,2026-07-30T17:19:24.600220
40,20,1,5,0,5,2026-07-30T17:19:24.918621
40,20,2,5,0,5,2026-07-30T17:19:24.949635
40,20,3,5,0,5,2026-07-30T17:19:25.406877
40,20,4,5,0,5,2026-07-30T17:19:25.288244
40,20,5,5,0,5,2026-07-30T17:19:25.090423
40,20,6,5,0,5,2026-07-30T17:19:26.148037
40,20,7,5,0,5,2026-07-30T17:19:25.846086
40,20,8,5,0,5,2026-07-30T17:19:26.370019
40,20,9,5,0,5,2026-07-30T17:19:26.407363
40,20,10,5,0,5,2026-07-30T17:19:26.943750
40,21,1,5,0,5,2026-07-30T17:19:26.837347
40,21,2,5,0,5,2026-07-30T17:19:26.751799
40,21,3,5,0,5,2026-07-30T17:19:26.446510
40,21,4,5,0,5,2026-07-30T17:19:27.066363
40,21,5,5,0,5,2026-07-30T17:19:27.386751
40,21,6,5,0,5,2026-07-30T17:19:27.991440
40,21,7,5,0,5,2026-07-30T17:19:27.866964
40,21,8,5,0,5,2026-07-30T17:19:27.690153
40,21,9,5,0,5,2026-07-30T17:19:28.024604
40,21,10,5,0,5,2026-07-30T17:19:28.650468
40,22,1,5,0,5,2026-07-30T17:19:28.158824
40,22,2,5,0,5,2026-07-30T17:19:28.520920
40,22,3,5,0,5,2026-07-30T17:19:28.426106
40,22,4,5,0,5,2026-07-30T17:19:29.539165
40,22,5,5,0,5,2026-07-30T17:19:28.883540
40,22,6,5,0,5,2026-07-30T17:19:29.844563
40,22,7,5,0,5,2026-07-30T17:19:29.494074
40,22,8,5,0,5,2026-07-30T17:19:29.189937
40,22,9,5,0,5,2026-07-30T17:19:30.061015
40,22,10,5,0,5,2026-07-30T17:19:29.765165
40,23,1,3,0,3,2026-07-30T17:19:30.314285
40,23,2,5,0,5,2026-07-30T17:19:30.314666
40,23,3,5,0,5,2026-07-30T17:19:31.039316
40,23,4,5,0,5,2026-07-30T17:19:31.151355
40,23,5,5,0,5,2026-07-30T17:19:31.353337
40,23,6,5,0,5,2026-07-30T17:19:31.640688
40,23,7,5,0,5,2026-07-30T17:19:31.685534
40,23,8,5,0,5,2026-07-30T17:19:31.525635
40,23,9,5,0,5,2026-07-30T17:19:31.357530
40,23,10,5,0,5,2026-07-30T17:19:31.976076
40,24,1,0,0,0,2026-07-30T17:19:33.105599
40,24,2,0,0,0,2026-07-30T17:19:32.175950
40,24,3,5,0,5,2026-07-30T17:19:32.400658
40,24,4,0,0,0,2026-07-30T17:19:32.606206
40,24,5,5,0,5,2026-07-30T17:19:32.761988
40,24,6,0,0,0,2026-07-30T17:19:33.310653
40,24,7,0,0,0,2026-07-30T17:19:33.335960
40,24,8,5,0,5,2026-07-30T17:19:33.005861
40,24,9,0,0,0,2026-07-30T17:19:33.616563
40,24,10,0,0,0,2026-07-30T17:19:34.233215
40,25,1,0,0,0,2026-07-30T17:19:34.057687
40,25,2,0,0,0,2026-07-30T17:19:34.386552
40,25,3,0,0,0,2026-07-30T17:19:34.238863
40,25,4,0,0,0,2026-07-30T17:19:34.523173
40,25,5,0,0,0,2026-07-30T17:19:35.349336
40,25,6,0,0,0,2026-07-30T17:19:34.565280
40,25,7,0,0,0,2026-07-30T17:19:34.876319
40,25,8,0,0,0,2026-07-30T17:19:35.498436
40,25,9,0,0,0,2026-07-30T17:19:35.662829
40,25,10,0,0,0,2026-07-30T17:19:36.098776
40,26,1,5,0,5,2026-07-30T17:19:36.016630
40,26,2,5,0,5,2026-07-30T17:19:35.736965
40,26,3,5,0,5,2026-07-30T17:19:35.811675
40,26,4,5,0,5,2026-07-30T17:19:36.295615
40,26,5,5,0,5,2026-07-30T17:19:36.795951
40,26,6,5,0,5,2026-07-30T17:19:36.930938
40,26,7,5,0,5,2026-07-30T17:19:37.109350
40,26,8,5,0,5,2026-07-30T17:19:37.386594
40,26,9,5,0,5,2026-07-30T17:19:37.457616
40,26,10,5,0,5,2026-07-30T17:19:37.274862
40,27,1,5,0,5,2026-07-30T17:19:37.316634
40,27,2,5,0,5,2026-07-30T17:19:37.712066
40,27,3,5,0,5,2026-07-30T17:19:38.049406
40,27,4,5,0,5,2026-07-30T17:19:38.347636
40,27,5,5,0,5,2026-07-30T17:19:37.931684
40,27,6,5,0,5,2026-07-30T17:19:38.931200
40,27,7,5,0,5,2026-07-30T17:19:38.578301
40,27,8,5,0,5,2026-07-30T17:19:39.019602
40,27,9,5,0,5,2026-07-30T17:19:39.486051
40,27,10,5,0,5,2026-07-30T17:19:38.972090
40,28,1,3,0,3,2026-07-30T17:19:39.566763
40,28,2,2,0,2,2026-07-30T17:19:39.067843
40,28,3,3,0,3,2026-07-30T17:19:39.817136
40,28,4,2,0,2,2026-07-30T17:19:39.826173
40,28,5,3,0,3,2026-07-30T17:19:40.773826
40,28,6,3,0,3,2026-07-30T17:19:40.796437
40,28,7,2,0,2,2026-07-30T17:19:40.666064
40,28,8,3,0,3,2026-07-30T17:19:40.323041
40,28,9,3,0,3,2026-07-30T17:19:40.545102
40,28,10,4,0,4,2026-07-30T17:19:41.230669
40,29,1,5,0,5,2026-07-30T17:19:41.474641
40,29,2,5,0,5,2026-07-30T17:19:40.868274
40,29,3,5,0,5,2026-07-30T17:19:42.180936
40,29,4,5,0,5,2026-07-30T17:19:41.999054
40,29,5,5,0,5,2026-07-30T17:19:42.328900
40,29,6,5,0,5,2026-07-30T17:19:42.436379
40,29,7,5,0,5,2026-07-30T17:19:42.424009
40,29,8,5,0,5,2026-07-30T17:19:42.748074
40,29,9,5,0,5,2026-07-30T17:19:42.464224
40,29,10,5,0,5,2026-07-30T17:19:43.133076
40,30,1,0,0,0,2026-07-30T17:19:43.643191
40,30,2,0,0,0,2026-07-30T17:19:43.833116
40,30,3,5,0,5,2026-07-30T17:19:43.591585
40,30,4,0,0,0,2026-07-30T17:19:43.471729
40,30,5,3,0,3,2026-07-30T17:19:43.665378
40,30,6,0,0,0,2026-07-30T17:19:43.495464
40,30,7,5,0,5,2026-07-30T17:19:44.165840
40,30,8,0,0,0,2026-07-30T17:19:44.586958
40,30,9,3,0,3,2026-07-30T17:19:44.924188
40,30,10,5,0,5,2026-07-30T17:19:44.726166
41,1,1,5,0,5,2026-07-30T17:19:45.029093
41,1,2,5,0,5,2026-07-30T17:19:45.130024
41,1,3,5,0,5,2026-07-30T17:19:44.716611
41,1,4,5,0,5,2026-07-30T17:19:45.661037
41,1,5,5,0,5,2026-07-30T17:19:45.393489
41,1,6,5,0,5,2026-07-30T17:19:46.043991
41,1,7,5,0,5,2026-07-30T17:19:46.360862
41,1,8,5,0,5,2026-07-30T17:19:46.145969
41,1,9,5,0,5,2026-07-30T17:19:46.781526
41,1,10,5,0,5,2026-07-30T17:19:46.481650
41,2,1,5,0,5,2026-07-30T17:19:46.789850
41,2,2,5,0,5,2026-07-30T17:19:46.444810
41,2,3,5,0,5,2026-07-30T17:19:47.718315
41,2,4,5,0,5,2026-07-30T17:19:47.092061
41,2,5,5,0,5,2026-07-30T17:19:47.378120
41,2,6,5,0,5,2026-07-30T17:19:47.814133
41,2,7,5,0,5,2026-07-30T17:19:47.499560
41,2,8,5,0,5,2026-07-30T17:19:47.724749
41,2,9,5,0,5,2026-07-30T17:19:48.230559
41,2,10,5,0,5,2026-07-30T17:19:47.837511
41,3,1,2,0,2,2026-07-30T17:19:48.360452
41,3,2,5,0,5,2026-07-30T17:19:48.637216
41,3,3,0,0,0,2026-07-30T17:19:49.154137
41,3,4,5,0,5,2026-07-30T17:19:49.165043
41,3,5,2,0,2,2026-07-30T17:19:49.360273
41,3,6,2,0,2,2026-07-30T17:19:49.473260
41,3,7,0,0,0,2026-07-30T17:19:49.695980
41,3,8,5,0,5,2026-07-30T17:19:49.680551
41,3,9,3,0,3,2026-07-30T17:19:49.425510
41,3,10,0,0,0,2026-07-30T17:19:49.693288
41,4,1,5,0,5,2026-07-30T17:19:50.381008
41,4,2,3,0,3,2026-07-30T17:19:51.009097
41,4,3,5,0,5,2026-07-30T17:19:50.774081
41,4,4,3,0,3,2026-07-30T17:19:50.866673
41,4,5,3,0,3,2026-07-30T17:19:50.718381
41,4,6,5,0,5,2026-07-30T17:19:51.322698
41,4,7,5,0,5,2026-07-30T17:19:51.337242
41,4,8,5,0,5,2026-07-30T17:19:50.714288
41,4,9,5,0,5,2026-07-30T17:19:51.838363
41,4,10,5,0,5,2026-07-30T17:19:52.366648
41,5,1,5,0,5,2026-07-30T17:19:52.371297
41,5,2,5,0,5,2026-07-30T17:19:52.034020
41,5,3,5,0,5,2026-07-30T17:19:52.506641
41,5,4,5,0,5,2026-07-30T17:19:52.449489
41,5,5,5,0,5,2026-07-30T17:19:52.765195
41,5,6,5,0,5,2026-07-30T17:19:53.381719
41,5,7,5,0,5,2026-07-30T17:19:53.509258
41,5,8,5,0,5,2026-07-30T17:19:53.074559
41,5,9,5,0,5,2026-07-30T17:19:54.007715
41,5,10,5,0,5,2026-07-30T17:19:54.217931
41,6,1,5,0,5,2026-07-30T17:19:54.295395
41,6,2,5,0,5,2026-07-30T17:19:53.722791
41,6,3,5,0,5,2026-07-30T17:19:54.389669
41,6,4,5,0,5,2026-07-30T17:19:54.132846
41,6,5,5,0,5,2026-07-30T17:19:54.413228
41,6,6,5,0,5,2026-07-30T17:19:54.943890
41,6,7,5,0,5,2026-07-30T17:19:55.170763
41,6,8,5,0,5,2026-07-30T17:19:55.060757
41,6,9,5,0,5,2026-07-30T17:19:55.395934
41,6,10,5,0,5,2026-07-30T17:19:55.270247
41,7,1,5,0,5,2026-07-30T17:19:55.978494
41,7,2,5,0,5,2026-07-30T17:19:56.245428
41,7,3,5,0,5,2026-07-30T17:19:55.229470
41,7,4,5,0,5,2026-07-30T17:19:55.988951
41,7,5,5,0,5,2026-07-30T17:19:56.714992
41,7,6,5,0,5,2026-07-30T17:19:56.427801
41,7,7,5,0,5,2026-07-30T17:19:57.068123
41,7,8,5,0,5,2026-07-30T17:19:57.140603
41,7,9,5,0,5,2026-07-30T17:19:56.439757
41,7,10,5,0,5,2026-07-30T17:19:57.453500
41,8,1,5,0,5,2026-07-30T17:19:57.625995
41,8,2,5,0,5,2026-07-30T17:19:57.490160
41,8,3,5,0,5,2026-07-30T17:19:57.866661
41,8,4,5,0,5,2026-07-30T17:19:57.693710
41,8,5,5,0,5,2026-07-30T17:19:58.575694
41,8,6,5,0,5,2026-07-30T17:19:58.726733
41,8,7,5,0,5,2026-07-30T17:19:59.202895
41,8,8,5,0,5,2026-07-30T17:19:59.270361
41,8,9,5,0,5,2026-07-30T17:19:58.933392
41,8,10,5,0,5,2026-07-30T17:19:59.066391
41,9,1,5,0,5,2026-07-30T17:19:59.532037
41,9,2,5,0,5,2026-07-30T17:19:59.719734
41,9,3,5,0,5,2026-07-30T17:20:00.210286
41,9,4,5,0,5,2026-07-30T17:20:00.366823
41,9,5,5,0,5,2026-07-30T17:20:00.175786
41,9,6,5,0,5,2026-07-30T17:20:00.506114
41,9,7,5,0,5,2026-07-30T17:20:00.665635
41,9,8,5,0,5,2026-07-30T17:20:01.127881
41,9,9,5,0,5,2026-07-30T17:20:01.391430
41,9,10,5,0,5,2026-07-30T17:20:00.749144
41,10,1,5,0,5,2026-07-30T17:20:01.421015
41,10,2,5,0,5,2026-07-30T17:20:01.443591
41,10,3,5,0,5,2026-07-30T17:20:01.994501
41,10,4,5,0,5,2026-07-30T17:20:02.349083
41,10,5,5,0,5,2026-07-30T17:20:02.741517
41,10,6,5,0,5,2026-07-30T17:20:02.581786
41,10,7,5,0,5,2026-07-30T17:20:03.188713
41,10,8,5,0,5,2026-07-30T17:20:03.050223
41,10,9,5,0,5,2026-07-30T17:20:02.873003
41,10,10,5,0,5,2026-07-30T17:20:03.535348
41,11,1,5,0,5,2026-07-30T17:20:03.051421
41,11,2,5,0,5,2026-07-30T17:20:03.805216
41,11,3,5,0,5,2026-07-30T17:20:03.592016
41,11,4,5,0,5,2026-07-30T17:20:04.362007
41,11,5,5,0,5,2026-07-30T17:20:03.917598
41,11,6,5,0,5,2026-07-30T17:20:04.476131
41,11,7,5,0,5,2026-07-30T17:20:04.498283
41,11,8,5,0,5,2026-07-30T17:20:05.033320
41,11,9,5,0,5,2026-07-30T17:20:04.793958
41,11,10,5,0,5,2026-07-30T17:20:05.051772
41,12,1,5,0,5,2026-07-30T17:20:04.841750
41,12,2,5,0,5,2026-07-30T17:20:05.567233
41,12,3,5,0,5,2026-07-30T17:20:05.822913
41,12,4,5,0,5,2026-07-30T17:20:06.130114
41,12,5,5,0,5,2026-07-30T17:20:05.726037
41,12,6,5,0,5,2026-07-30T17:20:06.037909
41,12,7,5,0,5,2026-07-30T17:20:06.495716
41,12,8,5,0,5,2026-07-30T17:20:06.873908
41,12,9,5,0,5,2026-07-30T17:20:06.670287
41,12,10,5,0,5,2026-07-30T17:20:07.410210
41,13,1,5,0,5,2026-07-30T17:20:06.988817
41,13,2,5,0,5,2026-07-30T17:20:07.265571
41,13,3,5,0,5,2026-07-30T17:20:07.881104
41,13,4,5,0,5,2026-07-30T17:20:07.755987
41,13,5,5,0,5,2026-07-30T17:20:07.954132
41,13,6,5,0,5,2026-07-30T17:20:08.106261
41,13,7,5,0,5,2026-07-30T17:20:08.725185
41,13,8,5,0,5,2026-07-30T17:20:08.863954
41,13,9,5,0,5,2026-07-30T17:20:08.765593
41,13,10,5,0,5,2026-07-30T17:20:08.475850
41,14,1,5,0,5,2026-07-30T17:20:09.395647
41,14,2,5,0,5,2026-07-30T17:20:09.519096
41,14,3,5,0,5,2026-07-30T17:20:08.975793
41,14,4,5,0,5,2026-07-30T17:20:10.340007
41,14,5,5,0,5,2026-07-30T17:20:10.336266
41,14,6,5,0,5,2026-07-30T17:20:09.928146
41,14,7,5,0,5,2026-07-30T17:20:11.022881
41,14,8,3,0,3,2026-07-30T17:20:10.533854
41,14,9,5,0,5,2026-07-30T17:20:11.042556
41,14,10,5,0,5,2026-07-30T17:20:11.049901
41,15,1,5,0,5,2026-07-30T17:20:10.992027
41,15,2,5,0,5,2026-07-30T17:20:11.159617
41,15,3,5,0,5,2026-07-30T17:20:11.988466
41,15,4,5,0,5,2026-07-30T17:20:11.802451
41,15,5,5,0,5,2026-07-30T17:20:11.572809
41,15,6,5,0,5,2026-07-30T17:20:12.431533
41,15,7,5,0,5,2026-07-30T17:20:12.677283
41,15,8,5,0,5,2026-07-30T17:20:12.512333
41,15,9,5,0,5,2026-07-30T17:20:12.903479
41,15,10,5,0,5,2026-07-30T17:20:12.811855
41,16,1,5,0,5,2026-07-30T17:20:12.613347
41,16,2,5,0,5,2026-07-30T17:20:13.048983
41,16,3,5,0,5,2026-07-30T17:20:13.830180
41,16,4,5,0,5,2026-07-30T17:20:14.093136
41,16,5,5,0,5,2026-07-30T17:20:14.378694
41,16,6,5,0,5,2026-07-30T17:20:14.461583
41,16,7,5,0,5,2026-07-30T17:20:13.928434
41,16,8,5,0,5,2026-07-30T17:20:14.659367
41,16,9,5,0,5,2026-07-30T17:20:13.943943
41,16,10,5,0,5,2026-07-30T17:20:14.698146
41,17,1,5,0,5,2026-07-30T17:20:14.892246
41,17,2,5,0,5,2026-07-30T17:20:15.368386
41,17,3,5,0,5,2026-07-30T17:20:15.200328
41,17,4,5,0,5,2026-07-30T17:20:15.950503
41,17,5,5,0,5,2026-07-30T17:20:15.834249
41,17,6,5,0,5,2026-07-30T17:20:16.104275
41,17,7,5,0,5,2026-07-30T17:20:15.892704
41,17,8,5,0,5,2026-07-30T17:20:16.528417
41,17,9,5,0,5,2026-07-30T17:20:15.946386
41,17,10,5,0,5,2026-07-30T17:20:16.660687
41,18,1,5,0,5,2026-07-30T17:20:17.219740
41,18,2,5,0,5,2026-07-30T17:20:17.075169
41,18,3,5,0,5,2026-07-30T17:20:17.540145
41,18,4,5,0,5,2026-07-30T17:20:17.195677
41,18,5,5,0,5,2026-07-30T17:20:17.810621
41,18,6,5,0,5,2026-07-30T17:20:18.157492
41,18,7,5,0,5,2026-07-30T17:20:18.406366
41,18,8,5,0,5,2026-07-30T17:20:18.118622
41,18,9,5,0,5,2026-07-30T17:20:18.336059
41,18,10,0,0,0,2026-07-30T17:20:18.632978
41,19,1,5,0,5,2026-07-30T17:20:18.453946
41,19,2,5,0,5,2026-07-30T17:20:19.393050
41,19,3,5,0,5,2026-07-30T17:20:19.057836
41,19,4,5,0,5,2026-07-30T17:20:19.776404
41,19,5,5,0,5,2026-07-30T17:20:19.989118
41,19,6,5,0,5,2026-07-30T17:20:20.165486
41,19,7,5,0,5,2026-07-30T17:20:20.249044
41,19,8,5,0,5,2026-07-30T17:20:19.910417
41,19,9,5,0,5,2026-07-30T17:20:20.442178
41,19,10,5,0,5,2026-07-30T17:20:20.933492
41,20,1,5,0,5,2026-07-30T17:20:20.821667
41,20,2,5,0,5,2026-07-30T17:20:21.209450
41,20,3,5,0,5,2026-07-30T17:20:21.128442
41,20,4,5,0,5,2026-07-30T17:20:22.232298
41,20,5,5,0,5,2026-07-30T17:20:21.419802
41,20,6,5,0,5,2026-07-30T17:20:21.717085
41,20,7,5,0,5,2026-07-30T17:20:21.717177
41,20,8,5,0,5,2026-07-30T17:20:21.876799
41,20,9,5,0,5,2026-07-30T17:20:22.984404
41,20,10,5,0,5,2026-07-30T17:20:22.620662
41,21,1,5,0,5,2026-07-30T17:20:22.243092
41,21,2,5,0,5,2026-07-30T17:20:22.497096
41,21,3,5,0,5,2026-07-30T17:20:22.798014
41,21,4,5,0,5,2026-07-30T17:20:23.378961
41,21,5,5,0,5,2026-07-30T17:20:23.146071
41,21,6,5,0,5,2026-07-30T17:20:24.043194
41,21,7,5,0,5,2026-07-30T17:20:23.708911
41,21,8,5,0,5,2026-07-30T17:20:24.136030
41,21,9,5,0,5,2026-07-30T17:20:24.013916
41,21,10,5,0,5,2026-07-30T17:20:24.238364
41,22,1,5,0,5,2026-07-30T17:20:24.249787
41,22,2,5,0,5,2026-07-30T17:20:24.801390
41,22,3,5,0,5,2026-07-30T17:20:24.833581
41,22,4,5,0,5,2026-07-30T17:20:24.743741
41,22,5,5,0,5,2026-07-30T17:20:25.279047
41,22,6,5,0,5,2026-07-30T17:20:25.902611
41,22,7,5,0,5,2026-07-30T17:20:25.191957
41,22,8,5,0,5,2026-07-30T17:20:25.306788
41,22,9,5,0,5,2026-07-30T17:20:26.100458
41,22,10,5,0,5,2026-07-30T17:20:26.583619
41,23,1,5,0,5,2026-07-30T17:20:26.249749
41,23,2,5,0,5,2026-07-30T17:20:25.872558
41,23,3,5,0,5,2026-07-30T17:20:26.829643
41,23,4,5,0,5,2026-07-30T17:20:26.909192
41,23,5,5,0,5,2026-07-30T17:20:26.782119
41,23,6,5,0,5,2026-07-30T17:20:27.926625
41,23,7,5,0,5,2026-07-30T17:20:27.930263
41,23,8,5,0,5,2026-07-30T17:20:28.149688
41,23,9,5,0,5,2026-07-30T17:20:27.684372
41,23,10,5,0,5,2026-07-30T17:20:28.453597
41,24,1,5,0,5,2026-07-30T17:20:28.245974
41,24,2,5,0,5,2026-07-30T17:20:28.481986
41,24,3,5,0,5,2026-07-30T17:20:28.553529
41,24,4,5,0,5,2026-07-30T17:20:28.895415
41,24,5,5,0,5,2026-07-30T17:20:29.378012
41,24,6,5,0,5,2026-07-30T17:20:29.558549
41,24,7,5,0,5,2026-07-30T17:20:29.168385
41,24,8,5,0,5,2026-07-30T17:20:29.673535
41,24,9,5,0,5,2026-07-30T17:20:30.272743
41,24,10,5,0,5,2026-07-30T17:20:30.141239
41,25,1,5,0,5,2026-07-30T17:20:30.172363
41,25,2,5,0,5,2026-07-30T17:20:30.331883
41,25,3,5,0,5,2026-07-30T17:20:30.792781
41,25,4,5,0,5,2026-07-30T17:20:30.600145
41,25,5,5,0,5,2026-07-30T17:20:31.380633
41,25,6,5,0,5,2026-07-30T17:20:31.320060
41,25,7,5,0,5,2026-07-30T17:20:31.197889
41,25,8,5,0,5,2026-07-30T17:20:31.599198
41,25,9,5,0,5,2026-07-30T17:20:31.511675
41,25,10,5,0,5,2026-07-30T17:20:31.598317
41,26,1,5,0,5,2026-07-30T17:20:32.251530
41,26,2,5,0,5,2026-07-30T17:20:31.832097
41,26,3,5,0,5,2026-07-30T17:20:33.052401
41,26,4,5,0,5,2026-07-30T17:20:32.364239
41,26,5,5,0,5,2026-07-30T17:20:32.823608
41,26,6,5,0,5,2026-07-30T17:20:32.550467
41,26,7,5,0,5,2026-07-30T17:20:33.037542
41,26,8,5,0,5,2026-07-30T17:20:32.856362
41,26,9,5,0,5,2026-07-30T17:20:32.877378
41,26,10,5,0,5,2026-07-30T17:20:33.290699
41,27,1,5,0,5,2026-07-30T17:20:33.813810
41,27,2,5,0,5,2026-07-30T17:20:34.002589
41,27,3,5,0,5,2026-07-30T17:20:34.042157
41,27,4,5,0,5,2026-07-30T17:20:34.688542
41,27,5,5,0,5,2026-07-30T17:20:34.108797
41,27,6,5,0,5,2026-07-30T17:20:34.283557
41,27,7,5,0,5,2026-07-30T17:20:34.910246
41,27,8,5,0,5,2026-07-30T17:20:34.324962
41,27,9,5,0,5,2026-07-30T17:20:35.257212
41,27,10,5,0,5,2026-07-30T17:20:35.053357
41,28,1,3,0,3,2026-07-30T17:20:35.534564
41,28,2,5,0,5,2026-07-30T17:20:35.569355
41,28,3,5,0,5,2026-07-30T17:20:36.155931
41,28,4,5,0,5,2026-07-30T17:20:35.582825
41,28,5,5,0,5,2026-07-30T17:20:36.348064
41,28,6,3,0,3,2026-07-30T17:20:36.761781
41,28,7,3,0,3,2026-07-30T17:20:36.900314
41,28,8,2,0,2,2026-07-30T17:20:36.891055
41,28,9,3,0,3,2026-07-30T17:20:37.137200
41,28,10,5,0,5,2026-07-30T17:20:37.227862
41,29,1,5,0,5,2026-07-30T17:20:37.419220
41,29,2,5,0,5,2026-07-30T17:20:38.171633
41,29,3,5,0,5,2026-07-30T17:20:37.795750
41,29,4,5,0,5,2026-07-30T17:20:38.207824
41,29,5,5,0,5,2026-07-30T17:20:38.556670
41,29,6,5,0,5,2026-07-30T17:20:38.729065
41,29,7,5,0,5,2026-07-30T17:20:38.967099
41,29,8,5,0,5,2026-07-30T17:20:39.072926
41,29,9,5,0,5,2026-07-30T17:20:39.269030
41,29,10,5,0,5,2026-07-30T17:20:39.249030
41,30,1,5,0,5,2026-07-30T17:20:39.416797
41,30,2,5,0,5,2026-07-30T17:20:40.075603
41,30,3,5,0,5,2026-07-30T17:20:40.611331
41,30,4,5,0,5,2026-07-30T17:20:40.603457
41,30,5,5,0,5,2026-07-30T17:20:40.222491
41,30,6,5,0,5,2026-07-30T17:20:40.305459
41,30,7,5,0,5,2026-07-30T17:20:40.272089
41,30,8,5,0,5,2026-07-30T17:20:41.135963
41,30,9,5,0,5,2026-07-30T17:20:41.238304
41,30,10,5,0,5,2026-07-30T17:20:41.311262
42,1,1,3,0,3,2026-07-30T17:20:41.877748
42,1,2,5,0,5,2026-07-30T17:20:41.730555
42,1,3,5,0,5,2026-07-30T17:20:41.347817
42,1,4,5,0,5,2026-07-30T17:20:42.450614
42,1,5,5,0,5,2026-07-30T17:20:42.494352
42,1,6,2,0,2,2026-07-30T17:20:42.769906
42,1,7,3,0,3,2026-07-30T17:20:42.862635
42,1,8,4,0,4,2026-07-30T17:20:42.761398
42,1,9,5,0,5,2026-07-30T17:20:42.817874
42,1,10,4,0,4,2026-07-30T17:20:42.990239
42,2,1,5,0,5,2026-07-30T17:20:43.532875
42,2,2,5,0,5,2026-07-30T17:20:43.521635
42,2,3,5,0,5,2026-07-30T17:20:43.531856
42,2,4,5,0,5,2026-07-30T17:20:43.796263
42,2,5,5,0,5,2026-07-30T17:20:44.648747
42,2,6,5,0,5,2026-07-30T17:20:44.456782
42,2,7,5,0,5,2026-07-30T17:20:44.697397
42,2,8,5,0,5,2026-07-30T17:20:44.199976
42,2,9,5,0,5,2026-07-30T17:20:45.379552
42,2,10,5,0,5,2026-07-30T17:20:45.199336
42,3,1,0,0,0,2026-07-30T17:20:44.598166
42,3,2,0,0,0,2026-07-30T17:20:45.653339
42,3,3,0,0,0,2026-07-30T17:20:45.240068
42,3,4,0,0,0,2026-07-30T17:20:46.346910
42,3,5,0,0,0,2026-07-30T17:20:46.459872
42,3,6,0,0,0,2026-07-30T17:20:45.703004
42,3,7,0,0,0,2026-07-30T17:20:45.738856
42,3,8,0,0,0,2026-07-30T17:20:46.445826
42,3,9,0,0,0,2026-07-30T17:20:47.097601
42,3,10,0,0,0,2026-07-30T17:20:47.228014
42,4,1,0,0,0,2026-07-30T17:20:47.264406
42,4,2,0,0,0,2026-07-30T17:20:46.942159
42,4,3,0,0,0,2026-07-30T17:20:47.156760
42,4,4,0,0,0,2026-07-30T17:20:48.203458
42,4,5,0,0,0,2026-07-30T17:20:47.722097
42,4,6,0,0,0,2026-07-30T17:20:47.507719
42,4,7,0,0,0,2026-07-30T17:20:48.598778
42,4,8,0,0,0,2026-07-30T17:20:48.762096
42,4,9,0,0,0,2026-07-30T17:20:48.406801
42,4,10,0,0,0,2026-07-30T17:20:48.283650
42,5,1,0,0,0,2026-07-30T17:20:49.088855
42,5,2,0,0,0,2026-07-30T17:20:49.157388
42,5,3,0,0,0,2026-07-30T17:20:48.737243
42,5,4,0,0,0,2026-07-30T17:20:49.233245
42,5,5,0,0,0,2026-07-30T17:20:50.349285
42,5,6,0,0,0,2026-07-30T17:20:50.076498
42,5,7,0,0,0,2026-07-30T17:20:49.630266
42,5,8,0,0,0,2026-07-30T17:20:49.962213
42,5,9,0,0,0,2026-07-30T17:20:50.625717
42,5,10,0,0,0,2026-07-30T17:20:50.747366
42,6,1,5,0,5,2026-07-30T17:20:50.367770
42,6,2,5,0,5,2026-07-30T17:20:50.494830
42,6,3,5,0,5,2026-07-30T17:20:51.665598
42,6,4,5,0,5,2026-07-30T17:20:50.989133
42,6,5,5,0,5,2026-07-30T17:20:51.508595
42,6,6,5,0,5,2026-07-30T17:20:52.183265
42,6,7,5,0,5,2026-07-30T17:20:51.831411
42,6,8,0,0,0,2026-07-30T17:20:51.933948
42,6,9,5,0,5,2026-07-30T17:20:51.655833
42,6,10,5,0,5,2026-07-30T17:20:52.205964
42,7,1,5,0,5,2026-07-30T17:20:52.428828
42,7,2,5,0,5,2026-07-30T17:20:52.744169
42,7,3,5,0,5,2026-07-30T17:20:52.888382
42,7,4,5,0,5,2026-07-30T17:20:53.481314
42,7,5,5,0,5,2026-07-30T17:20:53.663343
42,7,6,5,0,5,2026-07-30T17:20:53.797641
42,7,7,5,0,5,2026-07-30T17:20:53.813371
42,7,8,5,0,5,2026-07-30T17:20:53.246528
42,7,9,5,0,5,2026-07-30T17:20:54.276492
42,7,10,4,0,4,2026-07-30T17:20:54.660501
42,8,1,0,0,0,2026-07-30T17:20:55.026954
42,8,2,0,0,0,2026-07-30T17:20:55.039829
42,8,3,0,0,0,2026-07-30T17:20:55.223095
42,8,4,0,0,0,2026-07-30T17:20:55.291330
42,8,5,0,0,0,2026-07-30T17:20:55.638832
42,8,6,0,0,0,2026-07-30T17:20:54.856239
42,8,7,0,0,0,2026-07-30T17:20:55.104645
42,8,8,0,0,0,2026-07-30T17:20:55.889387
42,8,9,0,0,0,2026-07-30T17:20:56.684902
42,8,10,0,0,0,2026-07-30T17:20:56.307213
42,9,1,0,0,0,2026-07-30T17:20:56.481502
42,9,2,0,0,0,2026-07-30T17:20:56.722290
42,9,3,0,0,0,2026-07-30T17:20:56.475828
42,9,4,0,0,0,2026-07-30T17:20:56.744372
42,9,5,0,0,0,2026-07-30T17:20:57.297779
42,9,6,0,0,0,2026-07-30T17:20:57.163638
42,9,7,0,0,0,2026-07-30T17:20:57.534267
42,9,8,5,0,5,2026-07-30T17:20:58.317002
42,9,9,4,0,4,2026-07-30T17:20:57.503732
42,9,10,0,0,0,2026-07-30T17:20:58.730491
42,10,1,0,0,0,2026-07-30T17:20:58.967242
42,10,2,0,0,0,2026-07-30T17:20:57.789846
42,10,3,0,0,0,2026-07-30T17:20:59.231122
42,10,4,0,0,0,2026-07-30T17:20:58.735998
42,10,5,0,0,0,2026-07-30T17:20:59.162449
42,10,6,0,0,0,2026-07-30T17:20:59.193946
42,10,7,0,0,0,2026-07-30T17:20:59.640110
42,10,8,0,0,0,2026-07-30T17:21:00.374249
42,10,9,0,0,0,2026-07-30T17:20:59.948254
42,10,10,0,0,0,2026-07-30T17:21:00.383345
42,11,1,0,0,0,2026-07-30T17:21:00.196227
42,11,2,0,0,0,2026-07-30T17:21:01.219092
42,11,3,0,0,0,2026-07-30T17:21:00.652008
42,11,4,0,0,0,2026-07-30T17:21:00.281295
42,11,5,0,0,0,2026-07-30T17:21:00.878142
42,11,6,0,0,0,2026-07-30T17:21:01.377964
42,11,7,0,0,0,2026-07-30T17:21:01.415295
42,11,8,0,0,0,2026-07-30T17:21:01.508397
42,11,9,0,0,0,2026-07-30T17:21:02.206933
42,11,10,0,0,0,2026-07-30T17:21:01.622832
42,12,1,0,0,0,2026-07-30T17:21:02.072159
42,12,2,5,0,5,2026-07-30T17:21:02.533183
42,12,3,5,0,5,2026-07-30T17:21:03.089180
42,12,4,5,0,5,2026-07-30T17:21:03.009372
42,12,5,5,0,5,2026-07-30T17:21:03.044362
42,12,6,5,0,5,2026-07-30T17:21:03.131234
42,12,7,3,0,3,2026-07-30T17:21:02.835598
42,12,8,5,0,5,2026-07-30T17:21:03.490955
42,12,9,5,0,5,2026-07-30T17:21:03.823457
42,12,10,5,0,5,2026-07-30T17:21:03.570518
42,13,1,0,0,0,2026-07-30T17:21:04.483990
42,13,2,0,0,0,2026-07-30T17:21:04.241239
42,13,3,5,0,5,2026-07-30T17:21:04.685366
42,13,4,0,0,0,2026-07-30T17:21:04.128369
42,13,5,0,0,0,2026-07-30T17:21:04.777107
42,13,6,0,0,0,2026-07-30T17:21:04.699233
42,13,7,0,0,0,2026-07-30T17:21:05.020527
42,13,8,0,0,0,2026-07-30T17:21:05.682767
42,13,9,0,0,0,2026-07-30T17:21:05.377560
42,13,10,0,0,0,2026-07-30T17:21:05.897744
42,14,1,5,0,5,2026-07-30T17:21:06.523577
42,14,2,5,0,5,2026-07-30T17:21:06.323187
42,14,3,5,0,5,2026-07-30T17:21:06.154784
42,14,4,5,0,5,2026-07-30T17:21:06.609225
42,14,5,5,0,5,2026-07-30T17:21:07.048216
42,14,6,5,0,5,2026-07-30T17:21:06.819184
42,14,7,5,0,5,2026-07-30T17:21:06.919773
42,14,8,5,0,5,2026-07-30T17:21:06.931238
42,14,9,5,0,5,2026-07-30T17:21:08.027414
42,14,10,5,0,5,2026-07-30T17:21:08.177493
42,15,1,5,0,5,2026-07-30T17:21:08.176121
42,15,2,0,0,0,2026-07-30T17:21:07.856761
42,15,3,0,0,0,2026-07-30T17:21:08.882393
42,15,4,0,0,0,2026-07-30T17:21:08.940628
42,15,5,0,0,0,2026-07-30T17:21:08.981399
42,15,6,0,0,0,2026-07-30T17:21:08.498959
42,15,7,0,0,0,2026-07-30T17:21:09.899693
42,15,8,0,0,0,2026-07-30T17:21:09.650079
42,15,9,5,0,5,2026-07-30T17:21:09.658408
42,15,10,0,0,0,2026-07-30T17:21:10.019813
42,16,1,5,0,5,2026-07-30T17:21:09.965073
42,16,2,5,0,5,2026-07-30T17:21:10.171642
42,16,3,5,0,5,2026-07-30T17:21:10.580838
42,16,4,5,0,5,2026-07-30T17:21:10.232574
42,16,5,5,0,5,2026-07-30T17:21:11.105309
42,16,6,5,0,5,2026-07-30T17:21:11.282878
42,16,7,5,0,5,2026-07-30T17:21:11.739506
42,16,8,5,0,5,2026-07-30T17:21:11.408140
42,16,9,5,0,5,2026-07-30T17:21:11.456898
42,16,10,5,0,5,2026-07-30T17:21:11.230232
42,17,1,5,0,5,2026-07-30T17:21:12.072728
42,17,2,5,0,5,2026-07-30T17:21:12.637348
42,17,3,5,0,5,2026-07-30T17:21:12.527562
42,17,4,5,0,5,2026-07-30T17:21:12.662075
42,17,5,5,0,5,2026-07-30T17:21:12.885568
42,17,6,5,0,5,2026-07-30T17:21:12.823865
42,17,7,5,0,5,2026-07-30T17:21:13.319773
42,17,8,5,0,5,2026-07-30T17:21:13.591662
42,17,9,5,0,5,2026-07-30T17:21:13.924423
42,17,10,5,0,5,2026-07-30T17:21:14.580118
42,18,1,5,0,5,2026-07-30T17:21:14.683227
42,18,2,5,0,5,2026-07-30T17:21:14.083848
42,18,3,5,0,5,2026-07-30T17:21:14.672595
42,18,4,5,0,5,2026-07-30T17:21:14.950322
42,18,5,5,0,5,2026-07-30T17:21:15.183040
42,18,6,5,0,5,2026-07-30T17:21:15.245473
42,18,7,5,0,5,2026-07-30T17:21:15.173730
42,18,8,5,0,5,2026-07-30T17:21:15.926218
42,18,9,5,0,5,2026-07-30T17:21:16.049115
42,18,10,5,0,5,2026-07-30T17:21:15.711361
42,19,1,5,0,5,2026-07-30T17:21:15.895828
42,19,2,5,0,5,2026-07-30T17:21:16.992274
42,19,3,5,0,5,2026-07-30T17:21:16.421973
42,19,4,5,0,5,2026-07-30T17:21:16.608623
42,19,5,5,0,5,2026-07-30T17:21:17.067062
42,19,6,5,0,5,2026-07-30T17:21:16.753624
42,19,7,5,0,5,2026-07-30T17:21:17.537666
42,19,8,5,0,5,2026-07-30T17:21:17.760648
42,19,9,5,0,5,2026-07-30T17:21:17.512557
42,19,10,5,0,5,2026-07-30T17:21:17.450623
42,20,1,5,0,5,2026-07-30T17:21:18.034290
42,20,2,5,0,5,2026-07-30T17:21:18.212128
42,20,3,5,0,5,2026-07-30T17:21:18.038604
42,20,4,5,0,5,2026-07-30T17:21:18.099932
42,20,5,5,0,5,2026-07-30T17:21:19.482838
42,20,6,5,0,5,2026-07-30T17:21:18.939573
42,20,7,5,0,5,2026-07-30T17:21:19.192175
42,20,8,5,0,5,2026-07-30T17:21:19.798848
42,20,9,5,0,5,2026-07-30T17:21:19.684749
42,20,10,5,0,5,2026-07-30T17:21:19.249957
42,21,1,5,0,5,2026-07-30T17:21:19.731402
42,21,2,5,0,5,2026-07-30T17:21:19.236358
42,21,3,5,0,5,2026-07-30T17:21:20.593149
42,21,4,5,0,5,2026-07-30T17:21:21.065627
42,21,5,5,0,5,2026-07-30T17:21:20.885905
42,21,6,5,0,5,2026-07-30T17:21:20.893262
42,21,7,5,0,5,2026-07-30T17:21:21.117612
42,21,8,5,0,5,2026-07-30T17:21:21.691215
42,21,9,5,0,5,2026-07-30T17:21:21.560748
42,21,10,5,0,5,2026-07-30T17:21:21.066892
42,22,1,5,0,5,2026-07-30T17:21:21.635805
42,22,2,5,0,5,2026-07-30T17:21:22.901652
42,22,3,5,0,5,2026-07-30T17:21:22.127585
42,22,4,5,0,5,2026-07-30T17:21:22.508953
42,22,5,5,0,5,2026-07-30T17:21:22.299486
42,22,6,5,0,5,2026-07-30T17:21:22.767215
42,22,7,5,0,5,2026-07-30T17:21:22.597098
42,22,8,5,0,5,2026-07-30T17:21:22.655061
42,22,9,5,0,5,2026-07-30T17:21:23.134465
42,22,10,5,0,5,2026-07-30T17:21:23.351347
42,23,1,5,0,5,2026-07-30T17:21:23.740504
42,23,2,5,0,5,2026-07-30T17:21:23.748361
42,23,3,5,0,5,2026-07-30T17:21:24.053678
42,23,4,5,0,5,2026-07-30T17:21:23.678019
42,23,5,5,0,5,2026-07-30T17:21:24.624875
42,23,6,5,0,5,2026-07-30T17:21:23.947976
42,23,7,5,0,5,2026-07-30T17:21:24.783541
42,23,8,5,0,5,2026-07-30T17:21:25.370434
42,23,9,5,0,5,2026-07-30T17:21:24.908195
42,23,10,5,0,5,2026-07-30T17:21:24.951941
42,24,1,0,0,0,2026-07-30T17:21:25.199536
42,24,2,0,0,0,2026-07-30T17:21:25.188585
42,24,3,0,0,0,2026-07-30T17:21:25.063096
42,24,4,0,0,0,2026-07-30T17:21:26.677775
42,24,5,0,0,0,2026-07-30T17:21:26.215811
42,24,6,0,0,0,2026-07-30T17:21:26.730325
42,24,7,0,0,0,2026-07-30T17:21:25.978641
42,24,8,0,0,0,2026-07-30T17:21:26.683773
42,24,9,0,0,0,2026-07-30T17:21:26.647773
42,24,10,0,0,0,2026-07-30T17:21:26.440596
42,25,1,0,0,0,2026-07-30T17:21:27.026852
42,25,2,0,0,0,2026-07-30T17:21:27.204767
42,25,3,5,0,5,2026-07-30T17:21:27.444699
42,25,4,0,0,0,2026-07-30T17:21:28.079194
42,25,5,4,0,4,2026-07-30T17:21:28.305736
42,25,6,0,0,0,2026-07-30T17:21:28.323640
42,25,7,0,0,0,2026-07-30T17:21:27.907452
42,25,8,0,0,0,2026-07-30T17:21:27.561317
42,25,9,0,0,0,2026-07-30T17:21:28.689703
42,25,10,5,0,5,2026-07-30T17:21:28.871084
42,26,1,5,0,5,2026-07-30T17:21:29.088585
42,26,2,5,0,5,2026-07-30T17:21:28.992275
42,26,3,5,0,5,2026-07-30T17:21:29.145096
42,26,4,5,0,5,2026-07-30T17:21:29.918208
42,26,5,5,0,5,2026-07-30T17:21:30.106160
42,26,6,5,0,5,2026-07-30T17:21:29.763494
42,26,7,5,0,5,2026-07-30T17:21:30.300876
42,26,8,5,0,5,2026-07-30T17:21:30.520072
42,26,9,5,0,5,2026-07-30T17:21:30.822049
42,26,10,5,0,5,2026-07-30T17:21:30.122761
42,27,1,5,0,5,2026-07-30T17:21:30.207449
42,27,2,5,0,5,2026-07-30T17:21:31.004854
42,27,3,5,0,5,2026-07-30T17:21:31.137924
42,27,4,5,0,5,2026-07-30T17:21:31.328294
42,27,5,5,0,5,2026-07-30T17:21:31.345785
42,27,6,5,0,5,2026-07-30T17:21:31.643373
42,27,7,5,0,5,2026-07-30T17:21:32.112305
42,27,8,5,0,5,2026-07-30T17:21:31.950465
42,27,9,5,0,5,2026-07-30T17:21:32.045196
42,27,10,5,0,5,2026-07-30T17:21:32.223156
42,28,1,5,0,5,2026-07-30T17:21:32.570222
42,28,2,5,0,5,2026-07-30T17:21:32.956547
42,28,3,5,0,5,2026-07-30T17:21:32.582931
42,28,4,5,0,5,2026-07-30T17:21:32.679130
42,28,5,5,0,5,2026-07-30T17:21:33.809022
42,28,6,5,0,5,2026-07-30T17:21:33.494352
42,28,7,5,0,5,2026-07-30T17:21:34.133473
42,28,8,5,0,5,2026-07-30T17:21:33.868902
42,28,9,5,0,5,2026-07-30T17:21:33.836024
42,28,10,5,0,5,2026-07-30T17:21:34.419647
42,29,1,5,0,5,2026-07-30T17:21:34.113168
42,29,2,5,0,5,2026-07-30T17:21:34.207215
42,29,3,5,0,5,2026-07-30T17:21:34.953290
42,29,4,5,0,5,2026-07-30T17:21:35.282496
42,29,5,5,0,5,2026-07-30T17:21:35.496434
42,29,6,5,0,5,2026-07-30T17:21:35.094370
42,29,7,5,0,5,2026-07-30T17:21:35.785054
42,29,8,5,0,5,2026-07-30T17:21:35.604003
42,29,9,5,0,5,2026-07-30T17:21:35.662615
42,29,10,5,0,5,2026-07-30T17:21:35.864935
42,30,1,5,0,5,2026-07-30T17:21:36.818560
42,30,2,5,0,5,2026-07-30T17:21:36.915886
42,30,3,5,0,5,2026-07-30T17:21:36.953547
42,30,4,5,0,5,2026-07-30T17:21:37.127510
42,30,5,5,0,5,2026-07-30T17:21:37.072142
42,30,6,5,0,5,2026-07-30T17:21:37.484984
42,30,7,5,0,5,2026-07-30T17:21:37.622346
42,30,8,5,0,5,2026-07-30T17:21:37.111859
42,30,9,5,0,5,2026-07-30T17:21:38.677131
42,30,10,5,0,5,2026-07-30T17:21:38.357536
43,1,1,5,0,5,2026-07-30T17:21:38.334316
43,1,2,5,0,5,2026-07-30T17:21:38.971334
43,1,3,5,0,5,2026-07-30T17:21:38.790999
43,1,4,5,0,5,2026-07-30T17:21:38.761389
43,1,5,5,0,5,2026-07-30T17:21:39.341006
43,1,6,5,0,5,2026-07-30T17:21:39.475700
43,1,7,5,0,5,2026-07-30T17:21:40.193058
43,1,8,5,0,5,2026-07-30T17:21:40.414918
43,1,9,5,0,5,2026-07-30T17:21:40.523872
43,1,10,5,0,5,2026-07-30T17:21:40.425944
43,2,1,5,0,5,2026-07-30T17:21:40.865256
43,2,2,5,0,5,2026-07-30T17:21:40.421947
43,2,3,5,0,5,2026-07-30T17:21:41.183143
43,2,4,5,0,5,2026-07-30T17:21:40.501931
43,2,5,5,0,5,2026-07-30T17:21:42.247031
43,2,6,5,0,5,2026-07-30T17:21:41.462148
43,2,7,5,0,5,2026-07-30T17:21:41.867565
43,2,8,5,0,5,2026-07-30T17:21:41.677530
43,2,9,5,0,5,2026-07-30T17:21:41.960565
43,2,10,5,0,5,2026-07-30T17:21:42.555618
43,3,1,2,0,2,2026-07-30T17:21:42.115307
43,3,2,2,0,2,2026-07-30T17:21:42.885224
43,3,3,1,0,1,2026-07-30T17:21:42.711178
43,3,4,0,0,0,2026-07-30T17:21:42.940243
43,3,5,0,0,0,2026-07-30T17:21:43.328687
43,3,6,1,0,1,2026-07-30T17:21:43.204633
43,3,7,0,0,0,2026-07-30T17:21:43.982245
43,3,8,2,0,2,2026-07-30T17:21:43.702591
43,3,9,2,0,2,2026-07-30T17:21:44.223167
43,3,10,2,0,2,2026-07-30T17:21:43.781847
43,4,1,2,0,2,2026-07-30T17:21:44.320359
43,4,2,2,0,2,2026-07-30T17:21:43.986658
43,4,3,0,0,0,2026-07-30T17:21:45.246477
43,4,4,0,0,0,2026-07-30T17:21:44.550967
43,4,5,2,0,2,2026-07-30T17:21:45.381005
43,4,6,0,0,0,2026-07-30T17:21:44.807962
43,4,7,2,0,2,2026-07-30T17:21:45.032882
43,4,8,2,0,2,2026-07-30T17:21:46.043701
43,4,9,2,0,2,2026-07-30T17:21:45.445721
43,4,10,2,0,2,2026-07-30T17:21:45.183328
43,5,1,0,0,0,2026-07-30T17:21:45.829454
43,5,2,0,0,0,2026-07-30T17:21:46.263349
43,5,3,0,0,0,2026-07-30T17:21:46.882389
43,5,4,0,0,0,2026-07-30T17:21:46.618888
43,5,5,0,0,0,2026-07-30T17:21:47.069067
43,5,6,0,0,0,2026-07-30T17:21:46.425599
43,5,7,0,0,0,2026-07-30T17:21:47.098011
43,5,8,0,0,0,2026-07-30T17:21:47.053619
43,5,9,0,0,0,2026-07-30T17:21:47.692849
43,5,10,0,0,0,2026-07-30T17:21:48.098460
43,6,1,5,0,5,2026-07-30T17:21:48.286116
43,6,2,5,0,5,2026-07-30T17:21:48.456763
43,6,3,5,0,5,2026-07-30T17:21:48.325561
43,6,4,5,0,5,2026-07-30T17:21:48.506419
43,6,5,5,0,5,2026-07-30T17:21:48.730921
43,6,6,5,0,5,2026-07-30T17:21:48.513118
43,6,7,5,0,5,2026-07-30T17:21:49.345082
43,6,8,5,0,5,2026-07-30T17:21:49.755899
43,6,9,5,0,5,2026-07-30T17:21:49.302472
43,6,10,5,0,5,2026-07-30T17:21:50.176973
43,7,1,5,0,5,2026-07-30T17:21:50.116342
43,7,2,5,0,5,2026-07-30T17:21:49.737097
43,7,3,5,0,5,2026-07-30T17:21:50.152539
43,7,4,5,0,5,2026-07-30T17:21:50.392766
43,7,5,5,0,5,2026-07-30T17:21:50.330510
43,7,6,5,0,5,2026-07-30T17:21:50.398153
43,7,7,5,0,5,2026-07-30T17:21:51.420095
43,7,8,5,0,5,2026-07-30T17:21:51.817969
43,7,9,5,0,5,2026-07-30T17:21:51.352638
43,7,10,5,0,5,2026-07-30T17:21:51.206331
43,8,1,5,0,5,2026-07-30T17:21:52.010890
43,8,2,5,0,5,2026-07-30T17:21:52.154500
43,8,3,5,0,5,2026-07-30T17:21:51.424594
43,8,4,5,0,5,2026-07-30T17:21:51.434150
43,8,5,5,0,5,2026-07-30T17:21:52.451155
43,8,6,5,0,5,2026-07-30T17:21:52.806220
43,8,7,5,0,5,2026-07-30T17:21:52.640908
43,8,8,5,0,5,2026-07-30T17:21:52.660419
43,8,9,5,0,5,2026-07-30T17:21:53.279017
43,8,10,5,0,5,2026-07-30T17:21:53.880537
43,9,1,2,0,2,2026-07-30T17:21:54.292483
43,9,2,2,0,2,2026-07-30T17:21:53.609054
43,9,3,3,0,3,2026-07-30T17:21:54.489949
43,9,4,3,0,3,2026-07-30T17:21:53.901343
43,9,5,3,0,3,2026-07-30T17:21:54.531430
43,9,6,3,0,3,2026-07-30T17:21:54.862076
43,9,7,3,0,3,2026-07-30T17:21:54.925117
43,9,8,3,0,3,2026-07-30T17:21:55.432983
43,9,9,3,0,3,2026-07-30T17:21:55.907622
43,9,10,3,0,3,2026-07-30T17:21:55.551229
43,10,1,0,0,0,2026-07-30T17:21:56.159027
43,10,2,0,0,0,2026-07-30T17:21:55.936404
43,10,3,0,0,0,2026-07-30T17:21:55.965206
43,10,4,0,0,0,2026-07-30T17:21:56.705009
43,10,5,0,0,0,2026-07-30T17:21:56.568032
43,10,6,0,0,0,2026-07-30T17:21:56.678075
43,10,7,0,0,0,2026-07-30T17:21:57.429765
43,10,8,0,0,0,2026-07-30T17:21:57.172370
43,10,9,0,0,0,2026-07-30T17:21:57.383291
43,10,10,0,0,0,2026-07-30T17:21:57.642380
43,11,1,5,0,5,2026-07-30T17:21:58.004194
43,11,2,5,0,5,2026-07-30T17:21:57.827942
43,11,3,5,0,5,2026-07-30T17:21:57.717479
43,11,4,5,0,5,2026-07-30T17:21:58.564984
43,11,5,5,0,5,2026-07-30T17:21:59.004791
43,11,6,5,0,5,2026-07-30T17:21:58.813463
43,11,7,5,0,5,2026-07-30T17:21:58.686497
43,11,8,5,0,5,2026-07-30T17:21:58.859949
43,11,9,5,0,5,2026-07-30T17:21:59.181742
43,11,10,5,0,5,2026-07-30T17:21:58.859616
43,12,1,5,0,5,2026-07-30T17:21:59.464607
43,12,2,5,0,5,2026-07-30T17:22:00.434632
43,12,3,5,0,5,2026-07-30T17:22:00.131930
43,12,4,5,0,5,2026-07-30T17:22:00.635913
43,12,5,5,0,5,2026-07-30T17:21:59.916363
43,12,6,5,0,5,2026-07-30T17:22:00.298465
43,12,7,5,0,5,2026-07-30T17:22:00.653372
43,12,8,5,0,5,2026-07-30T17:22:00.382395
43,12,9,5,0,5,2026-07-30T17:22:00.906214
43,12,10,5,0,5,2026-07-30T17:22:01.159501
43,13,1,3,0,3,2026-07-30T17:22:01.966422
43,13,2,5,0,5,2026-07-30T17:22:01.528541
43,13,3,4,0,4,2026-07-30T17:22:02.220571
43,13,4,3,0,3,2026-07-30T17:22:02.259193
43,13,5,3,0,3,2026-07-30T17:22:02.498653
43,13,6,4,0,4,2026-07-30T17:22:02.266335
43,13,7,3,0,3,2026-07-30T17:22:02.374116
43,13,8,5,0,5,2026-07-30T17:22:02.818539
43,13,9,3,0,3,2026-07-30T17:22:03.385573
43,13,10,5,0,5,2026-07-30T17:22:03.187456
43,14,1,5,0,5,2026-07-30T17:22:03.255040
43,14,2,5,0,5,2026-07-30T17:22:04.117717
43,14,3,5,0,5,2026-07-30T17:22:04.080317
43,14,4,5,0,5,2026-07-30T17:22:03.642737
43,14,5,5,0,5,2026-07-30T17:22:03.934191
43,14,6,5,0,5,2026-07-30T17:22:04.255245
43,14,7,5,0,5,2026-07-30T17:22:05.051804
43,14,8,5,0,5,2026-07-30T17:22:04.299040
43,14,9,5,0,5,2026-07-30T17:22:04.690984
43,14,10,5,0,5,2026-07-30T17:22:04.721216
43,15,1,0,0,0,2026-07-30T17:22:05.569285
43,15,2,0,0,0,2026-07-30T17:22:05.519489
43,15,3,0,0,0,2026-07-30T17:22:05.339144
43,15,4,0,0,0,2026-07-30T17:22:05.919637
43,15,5,0,0,0,2026-07-30T17:22:05.753876
43,15,6,0,0,0,2026-07-30T17:22:05.755168
43,15,7,0,0,0,2026-07-30T17:22:05.558990
43,15,8,0,0,0,2026-07-30T17:22:06.276602
43,15,9,0,0,0,2026-07-30T17:22:06.794239
43,15,10,0,0,0,2026-07-30T17:22:06.745630
43,16,1,5,0,5,2026-07-30T17:22:06.802650
43,16,2,5,0,5,2026-07-30T17:22:06.786748
43,16,3,5,0,5,2026-07-30T17:22:07.194657
43,16,4,5,0,5,2026-07-30T17:22:06.970443
43,16,5,5,0,5,2026-07-30T17:22:06.952010
43,16,6,5,0,5,2026-07-30T17:22:07.742453
43,16,7,5,0,5,2026-07-30T17:22:07.798924
43,16,8,5,0,5,2026-07-30T17:22:08.219202
43,16,9,5,0,5,2026-07-30T17:22:08.049239
43,16,10,5,0,5,2026-07-30T17:22:08.677228
43,17,1,5,0,5,2026-07-30T17:22:08.831961
43,17,2,5,0,5,2026-07-30T17:22:08.017089
43,17,3,5,0,5,2026-07-30T17:22:09.057331
43,17,4,5,0,5,2026-07-30T17:22:08.987134
43,17,5,5,0,5,2026-07-30T17:22:09.044570
43,17,6,5,0,5,2026-07-30T17:22:09.063475
43,17,7,5,0,5,2026-07-30T17:22:09.699292
43,17,8,5,0,5,2026-07-30T17:22:09.272882
43,17,9,5,0,5,2026-07-30T17:22:09.957989
43,17,10,5,0,5,2026-07-30T17:22:10.452244
43,18,1,5,0,5,2026-07-30T17:22:10.844125
43,18,2,5,0,5,2026-07-30T17:22:10.703767
43,18,3,5,0,5,2026-07-30T17:22:10.499326
43,18,4,5,0,5,2026-07-30T17:22:10.279509
43,18,5,5,0,5,2026-07-30T17:22:10.683348
43,18,6,5,0,5,2026-07-30T17:22:10.744857
43,18,7,5,0,5,2026-07-30T17:22:12.007817
43,18,8,5,0,5,2026-07-30T17:22:11.755797
43,18,9,5,0,5,2026-07-30T17:22:12.106701
43,18,10,5,0,5,2026-07-30T17:22:12.128637
43,19,1,5,0,5,2026-07-30T17:22:11.907191
43,19,2,5,0,5,2026-07-30T17:22:11.727651
43,19,3,5,0,5,2026-07-30T17:22:12.183728
43,19,4,5,0,5,2026-07-30T17:22:12.071743
43,19,5,5,0,5,2026-07-30T17:22:13.394939
43,19,6,5,0,5,2026-07-30T17:22:13.182624
43,19,7,5,0,5,2026-07-30T17:22:13.522405
43,19,8,5,0,5,2026-07-30T17:22:13.871182
43,19,9,5,0,5,2026-07-30T17:22:13.100594
43,19,10,5,0,5,2026-07-30T17:22:13.765134
43,20,1,5,0,5,2026-07-30T17:22:13.150132
43,20,2,5,0,5,2026-07-30T17:22:13.867895
43,20,3,5,0,5,2026-07-30T17:22:14.356595
43,20,4,5,0,5,2026-07-30T17:22:14.802784
43,20,5,5,0,5,2026-07-30T17:22:15.016127
43,20,6,5,0,5,2026-07-30T17:22:14.607125
43,20,7,5,0,5,2026-07-30T17:22:15.189399
43,20,8,5,0,5,2026-07-30T17:22:15.406244
43,20,9,5,0,5,2026-07-30T17:22:15.741573
43,20,10,5,0,5,2026-07-30T17:22:15.937721
43,21,1,5,0,5,2026-07-30T17:22:16.205785
43,21,2,5,0,5,2026-07-30T17:22:15.648824
43,21,3,5,0,5,2026-07-30T17:22:16.824012
43,21,4,5,0,5,2026-07-30T17:22:16.456748
43,21,5,5,0,5,2026-07-30T17:22:16.624984
43,21,6,5,0,5,2026-07-30T17:22:17.261312
43,21,7,5,0,5,2026-07-30T17:22:17.073016
43,21,8,5,0,5,2026-07-30T17:22:17.390784
43,21,9,5,0,5,2026-07-30T17:22:17.587438
43,21,10,5,0,5,2026-07-30T17:22:17.871746
43,22,1,5,0,5,2026-07-30T17:22:17.896607
43,22,2,5,0,5,2026-07-30T17:22:17.861084
43,22,3,5,0,5,2026-07-30T17:22:18.476098
43,22,4,5,0,5,2026-07-30T17:22:18.482206
43,22,5,5,0,5,2026-07-30T17:22:19.104971
43,22,6,5,0,5,2026-07-30T17:22:18.655722
43,22,7,5,0,5,2026-07-30T17:22:18.810633
43,22,8,5,0,5,2026-07-30T17:22:19.514099
43,22,9,5,0,5,2026-07-30T17:22:19.907454
43,22,10,5,0,5,2026-07-30T17:22:19.759526
43,23,1,5,0,5,2026-07-30T17:22:19.694172
43,23,2,5,0,5,2026-07-30T17:22:20.303805
43,23,3,5,0,5,2026-07-30T17:22:19.693245
43,23,4,5,0,5,2026-07-30T17:22:20.064663
43,23,5,5,0,5,2026-07-30T17:22:20.986698
43,23,6,5,0,5,2026-07-30T17:22:21.160330
43,23,7,5,0,5,2026-07-30T17:22:21.145937
43,23,8,5,0,5,2026-07-30T17:22:21.146604
43,23,9,5,0,5,2026-07-30T17:22:21.003388
43,23,10,5,0,5,2026-07-30T17:22:21.352141
43,24,1,5,0,5,2026-07-30T17:22:21.928967
43,24,2,5,0,5,2026-07-30T17:22:21.157294
43,24,3,0,0,0,2026-07-30T17:22:22.220188
43,24,4,5,0,5,2026-07-30T17:22:22.458267
43,24,5,5,0,5,2026-07-30T17:22:22.811147
43,24,6,5,0,5,2026-07-30T17:22:22.796286
43,24,7,5,0,5,2026-07-30T17:22:23.027323
43,24,8,5,0,5,2026-07-30T17:22:22.816711
43,24,9,0,0,0,2026-07-30T17:22:22.382817
43,24,10,5,0,5,2026-07-30T17:22:22.933891
43,25,1,0,0,0,2026-07-30T17:22:23.277614
43,25,2,0,0,0,2026-07-30T17:22:23.632382
43,25,3,0,0,0,2026-07-30T17:22:24.290011
43,25,4,0,0,0,2026-07-30T17:22:24.450818
43,25,5,0,0,0,2026-07-30T17:22:23.825293
43,25,6,0,0,0,2026-07-30T17:22:24.065461
43,25,7,0,0,0,2026-07-30T17:22:24.792879
43,25,8,0,0,0,2026-07-30T17:22:24.464742
43,25,9,0,0,0,2026-07-30T17:22:24.938579
43,25,10,0,0,0,2026-07-30T17:22:25.463276
43,26,1,5,0,5,2026-07-30T17:22:26.102494
43,26,2,5,0,5,2026-07-30T17:22:25.330306
43,26,3,5,0,5,2026-07-30T17:22:25.543497
43,26,4,5,0,5,2026-07-30T17:22:26.119813
43,26,5,5,0,5,2026-07-30T17:22:26.516833
43,26,6,5,0,5,2026-07-30T17:22:25.840550
43,26,7,5,0,5,2026-07-30T17:22:26.585211
43,26,8,5,0,5,2026-07-30T17:22:26.761631
43,26,9,5,0,5,2026-07-30T17:22:27.112819
43,26,10,5,0,5,2026-07-30T17:22:27.377432
43,27,1,5,0,5,2026-07-30T17:22:27.486392
43,27,2,5,0,5,2026-07-30T17:22:27.746295
43,27,3,5,0,5,2026-07-30T17:22:28.002541
43,27,4,5,0,5,2026-07-30T17:22:28.348999
43,27,5,5,0,5,2026-07-30T17:22:28.022888
43,27,6,5,0,5,2026-07-30T17:22:28.403968
43,27,7,5,0,5,2026-07-30T17:22:29.173402
43,27,8,5,0,5,2026-07-30T17:22:28.659153
43,27,9,5,0,5,2026-07-30T17:22:28.931391
43,27,10,5,0,5,2026-07-30T17:22:28.999212
43,28,1,5,0,5,2026-07-30T17:22:29.452700
43,28,2,5,0,5,2026-07-30T17:22:29.872923
43,28,3,5,0,5,2026-07-30T17:22:30.198529
43,28,4,5,0,5,2026-07-30T17:22:30.268289
43,28,5,5,0,5,2026-07-30T17:22:29.885450
43,28,6,5,0,5,2026-07-30T17:22:30.123060
43,28,7,5,0,5,2026-07-30T17:22:30.461111
43,28,8,5,0,5,2026-07-30T17:22:30.398346
43,28,9,5,0,5,2026-07-30T17:22:31.081840
43,28,10,4,0,4,2026-07-30T17:22:31.292977
43,29,1,5,0,5,2026-07-30T17:22:31.119663
43,29,2,5,0,5,2026-07-30T17:22:32.185505
43,29,3,5,0,5,2026-07-30T17:22:31.418456
43,29,4,5,0,5,2026-07-30T17:22:31.926604
43,29,5,5,0,5,2026-07-30T17:22:32.237046
43,29,6,5,0,5,2026-07-30T17:22:32.317266
43,29,7,5,0,5,2026-07-30T17:22:32.291421
43,29,8,5,0,5,2026-07-30T17:22:32.773169
43,29,9,5,0,5,2026-07-30T17:22:33.127100
43,29,10,5,0,5,2026-07-30T17:22:33.482952
43,30,1,5,0,5,2026-07-30T17:22:33.183414
43,30,2,5,0,5,2026-07-30T17:22:34.055362
43,30,3,5,0,5,2026-07-30T17:22:33.688981
43,30,4,5,0,5,2026-07-30T17:22:33.925327
43,30,5,5,0,5,2026-07-30T17:22:33.968294
43,30,6,5,0,5,2026-07-30T17:22:34.417887
43,30,7,5,0,5,2026-07-30T17:22:34.984144
43,30,8,5,0,5,2026-07-30T17:22:35.223077
43,30,9,5,0,5,2026-07-30T17:22:34.754336
43,30,10,5,0,5,2026-07-30T17:22:35.299627
44,1,1,5,0,5,2026-07-30T17:22:35.176537
44,1,2,5,0,5,2026-07-30T17:22:35.812871
44,1,3,5,0,5,2026-07-30T17:22:35.499142
44,1,4,5,0,5,2026-07-30T17:22:36.075990
44,1,5,5,0,5,2026-07-30T17:22:36.194620
44,1,6,5,0,5,2026-07-30T17:22:36.653080
44,1,7,5,0,5,2026-07-30T17:22:37.218971
44,1,8,5,0,5,2026-07-30T17:22:36.664798
44,1,9,5,0,5,2026-07-30T17:22:36.954347
44,1,10,5,0,5,2026-07-30T17:22:37.361293
44,2,1,5,0,5,2026-07-30T17:22:37.270283
44,2,2,5,0,5,2026-07-30T17:22:37.718119
44,2,3,5,0,5,2026-07-30T17:22:37.245213
44,2,4,5,0,5,2026-07-30T17:22:37.929055
44,2,5,5,0,5,2026-07-30T17:22:38.307788
44,2,6,5,0,5,2026-07-30T17:22:38.211998
44,2,7,5,0,5,2026-07-30T17:22:38.422923
44,2,8,5,0,5,2026-07-30T17:22:38.685952
44,2,9,5,0,5,2026-07-30T17:22:38.710840
44,2,10,5,0,5,2026-07-30T17:22:38.793818
44,3,1,5,0,5,2026-07-30T17:22:39.144439
44,3,2,5,0,5,2026-07-30T17:22:39.571632
44,3,3,5,0,5,2026-07-30T17:22:39.640026
44,3,4,5,0,5,2026-07-30T17:22:39.971530
44,3,5,5,0,5,2026-07-30T17:22:39.661312
44,3,6,5,0,5,2026-07-30T17:22:40.132695
44,3,7,5,0,5,2026-07-30T17:22:40.140100
44,3,8,5,0,5,2026-07-30T17:22:39.837254
44,3,9,5,0,5,2026-07-30T17:22:40.993573
44,3,10,5,0,5,2026-07-30T17:22:41.221281
44,4,1,5,0,5,2026-07-30T17:22:40.675213
44,4,2,5,0,5,2026-07-30T17:22:41.307010
44,4,3,5,0,5,2026-07-30T17:22:41.260286
44,4,4,5,0,5,2026-07-30T17:22:42.015141
44,4,5,5,0,5,2026-07-30T17:22:41.767430
44,4,6,5,0,5,2026-07-30T17:22:41.158501
44,4,7,5,0,5,2026-07-30T17:22:42.111572
44,4,8,5,0,5,2026-07-30T17:22:42.033454
44,4,9,5,0,5,2026-07-30T17:22:42.195938
44,4,10,0,0,0,2026-07-30T17:22:42.651575
44,5,1,5,0,5,2026-07-30T17:22:42.905555
44,5,2,5,0,5,2026-07-30T17:22:42.753222
44,5,3,5,0,5,2026-07-30T17:22:43.639672
44,5,4,5,0,5,2026-07-30T17:22:43.063196
44,5,5,5,0,5,2026-07-30T17:22:43.674806
44,5,6,5,0,5,2026-07-30T17:22:43.571825
44,5,7,5,0,5,2026-07-30T17:22:43.868726
44,5,8,5,0,5,2026-07-30T17:22:44.123727
44,5,9,5,0,5,2026-07-30T17:22:44.387687
44,5,10,5,0,5,2026-07-30T17:22:43.945094
44,6,1,5,0,5,2026-07-30T17:22:44.312208
44,6,2,5,0,5,2026-07-30T17:22:44.825107
44,6,3,5,0,5,2026-07-30T17:22:45.303914
44,6,4,5,0,5,2026-07-30T17:22:45.531402
44,6,5,5,0,5,2026-07-30T17:22:45.506035
44,6,6,5,0,5,2026-07-30T17:22:44.979036
44,6,7,5,0,5,2026-07-30T17:22:45.589140
44,6,8,5,0,5,2026-07-30T17:22:45.338820
44,6,9,5,0,5,2026-07-30T17:22:45.412415
44,6,10,5,0,5,2026-07-30T17:22:46.256909
44,7,1,5,0,5,2026-07-30T17:22:46.008219
44,7,2,5,0,5,2026-07-30T17:22:46.759698
44,7,3,5,0,5,2026-07-30T17:22:46.968929
44,7,4,5,0,5,2026-07-30T17:22:47.072373
44,7,5,5,0,5,2026-07-30T17:22:46.963844
44,7,6,5,0,5,2026-07-30T17:22:46.992925
44,7,7,5,0,5,2026-07-30T17:22:46.601448
44,7,8,5,0,5,2026-07-30T17:22:47.435503
44,7,9,5,0,5,2026-07-30T17:22:47.704941
44,7,10,5,0,5,2026-07-30T17:22:48.013008
44,8,1,5,0,5,2026-07-30T17:22:48.393270
44,8,2,5,0,5,2026-07-30T17:22:48.196803
44,8,3,5,0,5,2026-07-30T17:22:48.801965
44,8,4,5,0,5,2026-07-30T17:22:48.236897
44,8,5,5,0,5,2026-07-30T17:22:48.905106
44,8,6,5,0,5,2026-07-30T17:22:48.446086
44,8,7,5,0,5,2026-07-30T17:22:49.373593
44,8,8,5,0,5,2026-07-30T17:22:49.244808
44,8,9,5,0,5,2026-07-30T17:22:49.654589
44,8,10,5,0,5,2026-07-30T17:22:50.080358
44,9,1,5,0,5,2026-07-30T17:22:50.229576
44,9,2,5,0,5,2026-07-30T17:22:50.254150
44,9,3,5,0,5,2026-07-30T17:22:50.227303
44,9,4,5,0,5,2026-07-30T17:22:50.120646
44,9,5,5,0,5,2026-07-30T17:22:50.884483
44,9,6,5,0,5,2026-07-30T17:22:50.613817
44,9,7,5,0,5,2026-07-30T17:22:50.687246
44,9,8,5,0,5,2026-07-30T17:22:51.509335
44,9,9,5,0,5,2026-07-30T17:22:51.939494
44,9,10,5,0,5,2026-07-30T17:22:51.650330
44,10,1,5,0,5,2026-07-30T17:22:52.247351
44,10,2,5,0,5,2026-07-30T17:22:51.491723
44,10,3,5,0,5,2026-07-30T17:22:51.878730
44,10,4,5,0,5,2026-07-30T17:22:52.514958
44,10,5,5,0,5,2026-07-30T17:22:52.327100
44,10,6,5,0,5,2026-07-30T17:22:53.343268
44,10,7,5,0,5,2026-07-30T17:22:52.527019
44,10,8,5,0,5,2026-07-30T17:22:53.289760
44,10,9,5,0,5,2026-07-30T17:22:53.083542
44,10,10,5,0,5,2026-07-30T17:22:52.953647
44,11,1,5,0,5,2026-07-30T17:22:53.508959
44,11,2,5,0,5,2026-07-30T17:22:53.342316
44,11,3,5,0,5,2026-07-30T17:22:53.552334
44,11,4,5,0,5,2026-07-30T17:22:54.185593
44,11,5,5,0,5,2026-07-30T17:22:54.007735
44,11,6,5,0,5,2026-07-30T17:22:54.329885
44,11,7,5,0,5,2026-07-30T17:22:54.759284
44,11,8,5,0,5,2026-07-30T17:22:54.373591
44,11,9,5,0,5,2026-07-30T17:22:55.222806
44,11,10,5,0,5,2026-07-30T17:22:55.147291
44,12,1,5,0,5,2026-07-30T17:22:55.376130
44,12,2,5,0,5,2026-07-30T17:22:55.859596
44,12,3,5,0,5,2026-07-30T17:22:55.426466
44,12,4,5,0,5,2026-07-30T17:22:55.367165
44,12,5,5,0,5,2026-07-30T17:22:56.041063
44,12,6,5,0,5,2026-07-30T17:22:56.419670
44,12,7,5,0,5,2026-07-30T17:22:56.792506
44,12,8,5,0,5,2026-07-30T17:22:57.031610
44,12,9,5,0,5,2026-07-30T17:22:57.208953
44,12,10,5,0,5,2026-07-30T17:22:57.002900
44,13,1,5,0,5,2026-07-30T17:22:56.849222
44,13,2,5,0,5,2026-07-30T17:22:57.896112
44,13,3,5,0,5,2026-07-30T17:22:57.301638
44,13,4,5,0,5,2026-07-30T17:22:57.872715
44,13,5,5,0,5,2026-07-30T17:22:58.401087
44,13,6,5,0,5,2026-07-30T17:22:58.690598
44,13,7,5,0,5,2026-07-30T17:22:58.675573
44,13,8,5,0,5,2026-07-30T17:22:58.878848
44,13,9,5,0,5,2026-07-30T17:22:58.442882
44,13,10,5,0,5,2026-07-30T17:22:58.545076
44,14,1,5,0,5,2026-07-30T17:22:59.123063
44,14,2,5,0,5,2026-07-30T17:22:59.393719
44,14,3,5,0,5,2026-07-30T17:23:00.269603
44,14,4,5,0,5,2026-07-30T17:22:59.888093
44,14,5,5,0,5,2026-07-30T17:23:00.401282
44,14,6,5,0,5,2026-07-30T17:23:00.124985
44,14,7,5,0,5,2026-07-30T17:23:00.313688
44,14,8,5,0,5,2026-07-30T17:23:00.515436
44,14,9,5,0,5,2026-07-30T17:23:00.755287
44,14,10,5,0,5,2026-07-30T17:23:00.833414
44,15,1,5,0,5,2026-07-30T17:23:01.741442
44,15,2,5,0,5,2026-07-30T17:23:01.154654
44,15,3,5,0,5,2026-07-30T17:23:01.484233
44,15,4,5,0,5,2026-07-30T17:23:02.153866
44,15,5,5,0,5,2026-07-30T17:23:02.240083
44,15,6,5,0,5,2026-07-30T17:23:01.967949
44,15,7,5,0,5,2026-07-30T17:23:01.971279
44,15,8,5,0,5,2026-07-30T17:23:02.466882
44,15,9,5,0,5,2026-07-30T17:23:02.779938
44,15,10,5,0,5,2026-07-30T17:23:03.097902
44,16,1,5,0,5,2026-07-30T17:23:02.954435
44,16,2,5,0,5,2026-07-30T17:23:03.791390
44,16,3,5,0,5,2026-07-30T17:23:03.805420
44,16,4,5,0,5,2026-07-30T17:23:03.385094
44,16,5,5,0,5,2026-07-30T17:23:03.919921
44,16,6,5,0,5,2026-07-30T17:23:04.116750
44,16,7,5,0,5,2026-07-30T17:23:04.410316
44,16,8,5,0,5,2026-07-30T17:23:05.018369
44,16,9,5,0,5,2026-07-30T17:23:04.742399
44,16,10,5,0,5,2026-07-30T17:23:04.613326
44,17,1,5,0,5,2026-07-30T17:23:04.623092
44,17,2,5,0,5,2026-07-30T17:23:05.645481
44,17,3,5,0,5,2026-07-30T17:23:05.571567
44,17,4,5,0,5,2026-07-30T17:23:05.748140
44,17,5,5,0,5,2026-07-30T17:23:05.862280
44,17,6,5,0,5,2026-07-30T17:23:06.450473
44,17,7,5,0,5,2026-07-30T17:23:06.038238
44,17,8,5,0,5,2026-07-30T17:23:06.355270
44,17,9,5,0,5,2026-07-30T17:23:06.456943
44,17,10,5,0,5,2026-07-30T17:23:06.629330
44,18,1,5,0,5,2026-07-30T17:23:07.475124
44,18,2,5,0,5,2026-07-30T17:23:07.188926
44,18,3,5,0,5,2026-07-30T17:23:07.074841
44,18,4,5,0,5,2026-07-30T17:23:07.275319
44,18,5,5,0,5,2026-07-30T17:23:07.590508
44,18,6,5,0,5,2026-07-30T17:23:08.101207
44,18,7,5,0,5,2026-07-30T17:23:07.705686
44,18,8,5,0,5,2026-07-30T17:23:08.263887
44,18,9,5,0,5,2026-07-30T17:23:08.741832
44,18,10,5,0,5,2026-07-30T17:23:08.821746
44,19,1,5,0,5,2026-07-30T17:23:08.702127
44,19,2,5,0,5,2026-07-30T17:23:09.310210
44,19,3,5,0,5,2026-07-30T17:23:09.423952
44,19,4,5,0,5,2026-07-30T17:23:09.129789
44,19,5,5,0,5,2026-07-30T17:23:09.744056
44,19,6,5,0,5,2026-07-30T17:23:09.485365
44,19,7,5,0,5,2026-07-30T17:23:09.960575
44,19,8,5,0,5,2026-07-30T17:23:10.368666
44,19,9,5,0,5,2026-07-30T17:23:10.681356
44,19,10,5,0,5,2026-07-30T17:23:10.754706
44,20,1,5,0,5,2026-07-30T17:23:10.116728
44,20,2,5,0,5,2026-07-30T17:23:10.880846
44,20,3,5,0,5,2026-07-30T17:23:10.742443
44,20,4,5,0,5,2026-07-30T17:23:11.613027
44,20,5,5,0,5,2026-07-30T17:23:11.002629
44,20,6,5,0,5,2026-07-30T17:23:11.541054
44,20,7,5,0,5,2026-07-30T17:23:11.425897
44,20,8,5,0,5,2026-07-30T17:23:12.324108
44,20,9,5,0,5,2026-07-30T17:23:11.771473
44,20,10,5,0,5,2026-07-30T17:23:12.598993
44,21,1,5,0,5,2026-07-30T17:23:12.740697
44,21,2,5,0,5,2026-07-30T17:23:13.055673
44,21,3,5,0,5,2026-07-30T17:23:12.436114
44,21,4,5,0,5,2026-07-30T17:23:12.786843
44,21,5,5,0,5,2026-07-30T17:23:13.453469
44,21,6,5,0,5,2026-07-30T17:23:13.014192
44,21,7,5,0,5,2026-07-30T17:23:13.556837
44,21,8,5,0,5,2026-07-30T17:23:13.465272
44,21,9,5,0,5,2026-07-30T17:23:14.640787
44,21,10,5,0,5,2026-07-30T17:23:14.193812
44,22,1,5,0,5,2026-07-30T17:23:13.812520
44,22,2,5,0,5,2026-07-30T17:23:14.875477
44,22,3,5,0,5,2026-07-30T17:23:14.660542
44,22,4,5,0,5,2026-07-30T17:23:14.484530
44,22,5,5,0,5,2026-07-30T17:23:14.890878
44,22,6,5,0,5,2026-07-30T17:23:14.574021
44,22,7,5,0,5,2026-07-30T17:23:15.672134
44,22,8,5,0,5,2026-07-30T17:23:15.240572
44,22,9,5,0,5,2026-07-30T17:23:15.738165
44,22,10,5,0,5,2026-07-30T17:23:16.209465
44,23,1,5,0,5,2026-07-30T17:23:16.672966
44,23,2,5,0,5,2026-07-30T17:23:16.309745
44,23,3,5,0,5,2026-07-30T17:23:15.887198
44,23,4,5,0,5,2026-07-30T17:23:16.556227
44,23,5,5,0,5,2026-07-30T17:23:17.281865
44,23,6,5,0,5,2026-07-30T17:23:17.526922
44,23,7,5,0,5,2026-07-30T17:23:16.973341
44,23,8,5,0,5,2026-07-30T17:23:17.722347
44,23,9,5,0,5,2026-07-30T17:23:18.236740
44,23,10,5,0,5,2026-07-30T17:23:17.529950
44,24,1,5,0,5,2026-07-30T17:23:17.743269
44,24,2,5,0,5,2026-07-30T17:23:18.476837
44,24,3,5,0,5,2026-07-30T17:23:18.828883
44,24,4,5,0,5,2026-07-30T17:23:19.135447
44,24,5,5,0,5,2026-07-30T17:23:18.773570
44,24,6,5,0,5,2026-07-30T17:23:19.559799
44,24,7,5,0,5,2026-07-30T17:23:19.555440
44,24,8,5,0,5,2026-07-30T17:23:19.192091
44,24,9,5,0,5,2026-07-30T17:23:19.868889
44,24,10,5,0,5,2026-07-30T17:23:20.336294
44,25,1,5,0,5,2026-07-30T17:23:20.424561
44,25,2,5,0,5,2026-07-30T17:23:20.061501
44,25,3,5,0,5,2026-07-30T17:23:20.360857
44,25,4,5,0,5,2026-07-30T17:23:20.220400
44,25,5,5,0,5,2026-07-30T17:23:21.001245
44,25,6,5,0,5,2026-07-30T17:23:21.029711
44,25,7,5,0,5,2026-07-30T17:23:21.273028
44,25,8,5,0,5,2026-07-30T17:23:21.516526
44,25,9,5,0,5,2026-07-30T17:23:22.059585
44,25,10,5,0,5,2026-07-30T17:23:22.175898
44,26,1,5,0,5,2026-07-30T17:23:22.205727
44,26,2,5,0,5,2026-07-30T17:23:22.490674
44,26,3,5,0,5,2026-07-30T17:23:22.436996
44,26,4,5,0,5,2026-07-30T17:23:22.463422
44,26,5,5,0,5,2026-07-30T17:23:22.511339
44,26,6,5,0,5,2026-07-30T17:23:23.144266
44,26,7,5,0,5,2026-07-30T17:23:24.113056
44,26,8,5,0,5,2026-07-30T17:23:23.629375
44,26,9,5,0,5,2026-07-30T17:23:24.050452
44,26,10,5,0,5,2026-07-30T17:23:23.869498
44,27,1,5,0,5,2026-07-30T17:23:24.113864
44,27,2,5,0,5,2026-07-30T17:23:23.512587
44,27,3,5,0,5,2026-07-30T17:23:24.148098
44,27,4,5,0,5,2026-07-30T17:23:24.813222
44,27,5,5,0,5,2026-07-30T17:23:25.390680
44,27,6,5,0,5,2026-07-30T17:23:25.667768
44,27,7,5,0,5,2026-07-30T17:23:25.702846
44,27,8,5,0,5,2026-07-30T17:23:25.313383
44,27,9,5,0,5,2026-07-30T17:23:25.765421
44,27,10,5,0,5,2026-07-30T17:23:25.356128
44,28,1,5,0,5,2026-07-30T17:23:25.200742
44,28,2,5,0,5,2026-07-30T17:23:26.058539
44,28,3,5,0,5,2026-07-30T17:23:26.661746
44,28,4,5,0,5,2026-07-30T17:23:27.176692
44,28,5,5,0,5,2026-07-30T17:23:26.397750
44,28,6,5,0,5,2026-07-30T17:23:26.641376
44,28,7,5,0,5,2026-07-30T17:23:27.713978
44,28,8,5,0,5,2026-07-30T17:23:27.353433
44,28,9,5,0,5,2026-07-30T17:23:27.407526
44,28,10,5,0,5,2026-07-30T17:23:27.897479
44,29,1,5,0,5,2026-07-30T17:23:27.453854
44,29,2,5,0,5,2026-07-30T17:23:28.060539
44,29,3,5,0,5,2026-07-30T17:23:28.112935
44,29,4,5,0,5,2026-07-30T17:23:28.442532
44,29,5,5,0,5,2026-07-30T17:23:29.410660
44,29,6,5,0,5,2026-07-30T17:23:28.637511
44,29,7,5,0,5,2026-07-30T17:23:28.890791
44,29,8,5,0,5,2026-07-30T17:23:29.360100
44,29,9,5,0,5,2026-07-30T17:23:29.153707
44,29,10,5,0,5,2026-07-30T17:23:29.910087
44,30,1,5,0,5,2026-07-30T17:23:30.167902
44,30,2,5,0,5,2026-07-30T17:23:29.904990
44,30,3,5,0,5,2026-07-30T17:23:29.749154
44,30,4,5,0,5,2026-07-30T17:23:30.512008
44,30,5,5,0,5,2026-07-30T17:23:31.199786
44,30,6,5,0,5,2026-07-30T17:23:31.026634
44,30,7,5,0,5,2026-07-30T17:23:31.261623
44,30,8,5,0,5,2026-07-30T17:23:30.995908
44,30,9,5,0,5,2026-07-30T17:23:31.340689
44,30,10,5,0,5,2026-07-30T17:23:31.358088
45,1,1,5,0,5,2026-07-30T17:23:31.812826
45,1,2,5,0,5,2026-07-30T17:23:31.520484
45,1,3,5,0,5,2026-07-30T17:23:32.843857
45,1,4,5,0,5,2026-07-30T17:23:32.047104
45,1,5,5,0,5,2026-07-30T17:23:32.856512
45,1,6,5,0,5,2026-07-30T17:23:32.295326
45,1,7,5,0,5,2026-07-30T17:23:32.591653
45,1,8,5,0,5,2026-07-30T17:23:33.005706
45,1,9,5,0,5,2026-07-30T17:23:32.557697
45,1,10,5,0,5,2026-07-30T17:23:33.132999
45,2,1,5,0,5,2026-07-30T17:23:33.713652
45,2,2,5,0,5,2026-07-30T17:23:34.326542
45,2,3,5,0,5,2026-07-30T17:23:34.426578
45,2,4,5,0,5,2026-07-30T17:23:33.632005
45,2,5,5,0,5,2026-07-30T17:23:33.905406
45,2,6,5,0,5,2026-07-30T17:23:34.105563
45,2,7,5,0,5,2026-07-30T17:23:34.865893
45,2,8,5,0,5,2026-07-30T17:23:34.348789
45,2,9,5,0,5,2026-07-30T17:23:34.677224
45,2,10,4,0,4,2026-07-30T17:23:35.349559
45,3,1,5,0,5,2026-07-30T17:23:34.933983
45,3,2,5,0,5,2026-07-30T17:23:35.130185
45,3,3,5,0,5,2026-07-30T17:23:35.367422
45,3,4,5,0,5,2026-07-30T17:23:35.785280
45,3,5,5,0,5,2026-07-30T17:23:36.466110
45,3,6,5,0,5,2026-07-30T17:23:36.725475
45,3,7,5,0,5,2026-07-30T17:23:35.911108
45,3,8,5,0,5,2026-07-30T17:23:36.203235
45,3,9,5,0,5,2026-07-30T17:23:36.961893
45,3,10,5,0,5,2026-07-30T17:23:36.190520
45,4,1,5,0,5,2026-07-30T17:23:37.224962
45,4,2,5,0,5,2026-07-30T17:23:37.029010
45,4,3,5,0,5,2026-07-30T17:23:36.948834
45,4,4,5,0,5,2026-07-30T17:23:37.609474
45,4,5,5,0,5,2026-07-30T17:23:37.434775
45,4,6,5,0,5,2026-07-30T17:23:37.717950
45,4,7,5,0,5,2026-07-30T17:23:38.385604
45,4,8,5,0,5,2026-07-30T17:23:37.954445
45,4,9,5,0,5,2026-07-30T17:23:38.416079
45,4,10,5,0,5,2026-07-30T17:23:38.282382
45,5,1,5,0,5,2026-07-30T17:23:38.459227
45,5,2,5,0,5,2026-07-30T17:23:38.511475
45,5,3,5,0,5,2026-07-30T17:23:39.448764
45,5,4,5,0,5,2026-07-30T17:23:39.371935
45,5,5,5,0,5,2026-07-30T17:23:39.007185
45,5,6,5,0,5,2026-07-30T17:23:39.730931
45,5,7,5,0,5,2026-07-30T17:23:40.440310
45,5,8,5,0,5,2026-07-30T17:23:39.501392
45,5,9,5,0,5,2026-07-30T17:23:40.107759
45,5,10,5,0,5,2026-07-30T17:23:39.951637
45,6,1,5,0,5,2026-07-30T17:23:40.846706
45,6,2,5,0,5,2026-07-30T17:23:40.602417
45,6,3,5,0,5,2026-07-30T17:23:41.110374
45,6,4,5,0,5,2026-07-30T17:23:40.925815
45,6,5,5,0,5,2026-07-30T17:23:41.371168
45,6,6,5,0,5,2026-07-30T17:23:41.192471
45,6,7,5,0,5,2026-07-30T17:23:41.951066
45,6,8,5,0,5,2026-07-30T17:23:41.664126
45,6,9,5,0,5,2026-07-30T17:23:42.043736
45,6,10,5,0,5,2026-07-30T17:23:42.291225
45,7,1,5,0,5,2026-07-30T17:23:41.964519
45,7,2,5,0,5,2026-07-30T17:23:42.334723
45,7,3,5,0,5,2026-07-30T17:23:43.054825
45,7,4,5,0,5,2026-07-30T17:23:42.829657
45,7,5,5,0,5,2026-07-30T17:23:43.308497
45,7,6,5,0,5,2026-07-30T17:23:43.791810
45,7,7,5,0,5,2026-07-30T17:23:43.218279
45,7,8,5,0,5,2026-07-30T17:23:43.505020
45,7,9,5,0,5,2026-07-30T17:23:43.546477
45,7,10,5,0,5,2026-07-30T17:23:43.556595
45,8,1,5,0,5,2026-07-30T17:23:44.059438
45,8,2,5,0,5,2026-07-30T17:23:44.882591
45,8,3,5,0,5,2026-07-30T17:23:44.250952
45,8,4,5,0,5,2026-07-30T17:23:44.562792
45,8,5,5,0,5,2026-07-30T17:23:45.137394
45,8,6,5,0,5,2026-07-30T17:23:45.387825
45,8,7,5,0,5,2026-07-30T17:23:44.820678
45,8,8,5,0,5,2026-07-30T17:23:45.828668
45,8,9,5,0,5,2026-07-30T17:23:45.684849
45,8,10,5,0,5,2026-07-30T17:23:45.479073
45,9,1,5,0,5,2026-07-30T17:23:46.398112
45,9,2,5,0,5,2026-07-30T17:23:46.448448
45,9,3,5,0,5,2026-07-30T17:23:46.532218
45,9,4,5,0,5,2026-07-30T17:23:47.217690
45,9,5,5,0,5,2026-07-30T17:23:47.031562
45,9,6,5,0,5,2026-07-30T17:23:46.710442
45,9,7,5,0,5,2026-07-30T17:23:47.518598
45,9,8,5,0,5,2026-07-30T17:23:47.490640
45,9,9,5,0,5,2026-07-30T17:23:47.421275
45,9,10,5,0,5,2026-07-30T17:23:47.898684
45,10,1,5,0,5,2026-07-30T17:23:48.176626
45,10,2,5,0,5,2026-07-30T17:23:48.347602
45,10,3,5,0,5,2026-07-30T17:23:48.260314
45,10,4,5,0,5,2026-07-30T17:23:48.244777
45,10,5,5,0,5,2026-07-30T17:23:48.878743
45,10,6,5,0,5,2026-07-30T17:23:48.731461
45,10,7,5,0,5,2026-07-30T17:23:49.571443
45,10,8,5,0,5,2026-07-30T17:23:49.757691
45,10,9,5,0,5,2026-07-30T17:23:49.432300
45,10,10,5,0,5,2026-07-30T17:23:49.290825
45,11,1,5,0,5,2026-07-30T17:23:49.304727
45,11,2,5,0,5,2026-07-30T17:23:50.020058
45,11,3,5,0,5,2026-07-30T17:23:49.990018
45,11,4,5,0,5,2026-07-30T17:23:50.538520
45,11,5,5,0,5,2026-07-30T17:23:50.331389
45,11,6,5,0,5,2026-07-30T17:23:51.145165
45,11,7,5,0,5,2026-07-30T17:23:50.862506
45,11,8,5,0,5,2026-07-30T17:23:51.026798
45,11,9,5,0,5,2026-07-30T17:23:51.632142
45,11,10,5,0,5,2026-07-30T17:23:51.419988
45,12,1,5,0,5,2026-07-30T17:23:51.681899
45,12,2,5,0,5,2026-07-30T17:23:51.353588
45,12,3,5,0,5,2026-07-30T17:23:51.965281
45,12,4,5,0,5,2026-07-30T17:23:52.737343
45,12,5,5,0,5,2026-07-30T17:23:52.507835
45,12,6,5,0,5,2026-07-30T17:23:52.387648
45,12,7,5,0,5,2026-07-30T17:23:53.215981
45,12,8,5,0,5,2026-07-30T17:23:53.458785
45,12,9,5,0,5,2026-07-30T17:23:53.498266
45,12,10,5,0,5,2026-07-30T17:23:53.126193
45,13,1,5,0,5,2026-07-30T17:23:53.824510
45,13,2,5,0,5,2026-07-30T17:23:54.053662
45,13,3,5,0,5,2026-07-30T17:23:53.750250
45,13,4,5,0,5,2026-07-30T17:23:53.763019
45,13,5,5,0,5,2026-07-30T17:23:54.165202
45,13,6,5,0,5,2026-07-30T17:23:54.513213
45,13,7,5,0,5,2026-07-30T17:23:55.079403
45,13,8,5,0,5,2026-07-30T17:23:54.743822
45,13,9,5,0,5,2026-07-30T17:23:55.184935
45,13,10,5,0,5,2026-07-30T17:23:55.617541
45,14,1,5,0,5,2026-07-30T17:23:54.861148
45,14,2,5,0,5,2026-07-30T17:23:55.068740
45,14,3,5,0,5,2026-07-30T17:23:55.407744
45,14,4,5,0,5,2026-07-30T17:23:55.526441
45,14,5,5,0,5,2026-07-30T17:23:56.390797
45,14,6,5,0,5,2026-07-30T17:23:55.889334
45,14,7,5,0,5,2026-07-30T17:23:56.920113
45,14,8,5,0,5,2026-07-30T17:23:56.151250
45,14,9,5,0,5,2026-07-30T17:23:56.624697
45,14,10,5,0,5,2026-07-30T17:23:56.626397
45,15,1,5,0,5,2026-07-30T17:23:56.538131
45,15,2,5,0,5,2026-07-30T17:23:56.703541
45,15,3,5,0,5,2026-07-30T17:23:57.331482
45,15,4,5,0,5,2026-07-30T17:23:57.390725
45,15,5,5,0,5,2026-07-30T17:23:58.042651
45,15,6,5,0,5,2026-07-30T17:23:57.639725
45,15,7,5,0,5,2026-07-30T17:23:57.682386
45,15,8,5,0,5,2026-07-30T17:23:57.887919
45,15,9,5,0,5,2026-07-30T17:23:58.130877
45,15,10,5,0,5,2026-07-30T17:23:58.379936
45,16,1,5,0,5,2026-07-30T17:23:59.390932
45,16,2,5,0,5,2026-07-30T17:23:58.856206
45,16,3,5,0,5,2026-07-30T17:23:58.851251
45,16,4,5,0,5,2026-07-30T17:23:59.122000
45,16,5,5,0,5,2026-07-30T17:23:59.323120
45,16,6,5,0,5,2026-07-30T17:23:59.046633
45,16,7,5,0,5,2026-07-30T17:23:59.972598
45,16,8,5,0,5,2026-07-30T17:23:59.809168
45,16,9,5,0,5,2026-07-30T17:24:00.722853
45,16,10,5,0,5,2026-07-30T17:24:00.107770
45,17,1,5,0,5,2026-07-30T17:24:00.279838
45,17,2,5,0,5,2026-07-30T17:24:00.362528
45,17,3,5,0,5,2026-07-30T17:24:00.371306
45,17,4,5,0,5,2026-07-30T17:24:00.628628
45,17,5,5,0,5,2026-07-30T17:24:00.840506
45,17,6,5,0,5,2026-07-30T17:24:01.995042
45,17,7,5,0,5,2026-07-30T17:24:01.331504
45,17,8,5,0,5,2026-07-30T17:24:02.154980
45,17,9,5,0,5,2026-07-30T17:24:01.423951
45,17,10,5,0,5,2026-07-30T17:24:01.811593
45,18,1,5,0,5,2026-07-30T17:24:01.652908
45,18,2,5,0,5,2026-07-30T17:24:01.976642
45,18,3,5,0,5,2026-07-30T17:24:01.893334
45,18,4,5,0,5,2026-07-30T17:24:03.015817
45,18,5,5,0,5,2026-07-30T17:24:02.670943
45,18,6,5,0,5,2026-07-30T17:24:02.916601
45,18,7,5,0,5,2026-07-30T17:24:03.248737
45,18,8,5,0,5,2026-07-30T17:24:02.953740
45,18,9,5,0,5,2026-07-30T17:24:03.606210
45,18,10,5,0,5,2026-07-30T17:24:03.845235
45,19,1,5,0,5,2026-07-30T17:24:03.377897
45,19,2,5,0,5,2026-07-30T17:24:04.330386
45,19,3,5,0,5,2026-07-30T17:24:04.961006
45,19,4,5,0,5,2026-07-30T17:24:04.808150
45,19,5,5,0,5,2026-07-30T17:24:04.663612
45,19,6,5,0,5,2026-07-30T17:24:04.702440
45,19,7,5,0,5,2026-07-30T17:24:05.009353
45,19,8,5,0,5,2026-07-30T17:24:05.269736
45,19,9,5,0,5,2026-07-30T17:24:05.099302
45,19,10,5,0,5,2026-07-30T17:24:05.798821
45,20,1,5,0,5,2026-07-30T17:24:05.738433
45,20,2,5,0,5,2026-07-30T17:24:06.766470
45,20,3,5,0,5,2026-07-30T17:24:06.495346
45,20,4,5,0,5,2026-07-30T17:24:07.016696
45,20,5,5,0,5,2026-07-30T17:24:07.078306
45,20,6,5,0,5,2026-07-30T17:24:06.370714
45,20,7,5,0,5,2026-07-30T17:24:06.495531
45,20,8,5,0,5,2026-07-30T17:24:07.197270
45,20,9,5,0,5,2026-07-30T17:24:07.045430
45,20,10,5,0,5,2026-07-30T17:24:08.021879
45,21,1,5,0,5,2026-07-30T17:24:07.729160
45,21,2,5,0,5,2026-07-30T17:24:07.926691
45,21,3,5,0,5,2026-07-30T17:24:08.773218
45,21,4,5,0,5,2026-07-30T17:24:08.267166
45,21,5,5,0,5,2026-07-30T17:24:08.503193
45,21,6,5,0,5,2026-07-30T17:24:08.515135
45,21,7,5,0,5,2026-07-30T17:24:08.636366
45,21,8,5,0,5,2026-07-30T17:24:09.188867
45,21,9,5,0,5,2026-07-30T17:24:09.591291
45,21,10,5,0,5,2026-07-30T17:24:09.889538
45,22,1,5,0,5,2026-07-30T17:24:09.722216
45,22,2,5,0,5,2026-07-30T17:24:09.566744
45,22,3,5,0,5,2026-07-30T17:24:09.540954
45,22,4,5,0,5,2026-07-30T17:24:10.469832
45,22,5,5,0,5,2026-07-30T17:24:10.011446
45,22,6,5,0,5,2026-07-30T17:24:10.226392
45,22,7,5,0,5,2026-07-30T17:24:11.361418
45,22,8,5,0,5,2026-07-30T17:24:11.601845
45,22,9,5,0,5,2026-07-30T17:24:11.051653
45,22,10,5,0,5,2026-07-30T17:24:10.765233
45,23,1,5,0,5,2026-07-30T17:24:11.523976
45,23,2,5,0,5,2026-07-30T17:24:11.871406
45,23,3,5,0,5,2026-07-30T17:24:11.870530
45,23,4,5,0,5,2026-07-30T17:24:12.300988
45,23,5,5,0,5,2026-07-30T17:24:12.025858
45,23,6,5,0,5,2026-07-30T17:24:12.699069
45,23,7,5,0,5,2026-07-30T17:24:13.188508
45,23,8,5,0,5,2026-07-30T17:24:13.157390
45,23,9,5,0,5,2026-07-30T17:24:12.849408
45,23,10,5,0,5,2026-07-30T17:24:13.305273
45,24,1,5,0,5,2026-07-30T17:24:12.885616
45,24,2,5,0,5,2026-07-30T17:24:13.862404
45,24,3,5,0,5,2026-07-30T17:24:13.717874
45,24,4,5,0,5,2026-07-30T17:24:14.542556
45,24,5,5,0,5,2026-07-30T17:24:14.109780
45,24,6,5,0,5,2026-07-30T17:24:13.938096
45,24,7,5,0,5,2026-07-30T17:24:14.432716
45,24,8,5,0,5,2026-07-30T17:24:14.841728
45,24,9,5,0,5,2026-07-30T17:24:14.532856
45,24,10,5,0,5,2026-07-30T17:24:15.368245
45,25,1,5,0,5,2026-07-30T17:24:15.102372
45,25,2,5,0,5,2026-07-30T17:24:15.802775
45,25,3,5,0,5,2026-07-30T17:24:15.522815
45,25,4,5,0,5,2026-07-30T17:24:16.299610
45,25,5,5,0,5,2026-07-30T17:24:16.171477
45,25,6,5,0,5,2026-07-30T17:24:15.597559
45,25,7,5,0,5,2026-07-30T17:24:16.303683
45,25,8,5,0,5,2026-07-30T17:24:16.353865
45,25,9,5,0,5,2026-07-30T17:24:16.984859
45,25,10,5,0,5,2026-07-30T17:24:16.586949
45,26,1,5,0,5,2026-07-30T17:24:16.882177
45,26,2,5,0,5,2026-07-30T17:24:17.260662
45,26,3,5,0,5,2026-07-30T17:24:17.627448
45,26,4,5,0,5,2026-07-30T17:24:17.944770
45,26,5,5,0,5,2026-07-30T17:24:17.933097
45,26,6,5,0,5,2026-07-30T17:24:18.016608
45,26,7,5,0,5,2026-07-30T17:24:17.831380
45,26,8,5,0,5,2026-07-30T17:24:18.527619
45,26,9,5,0,5,2026-07-30T17:24:18.216070
45,26,10,5,0,5,2026-07-30T17:24:18.920925
45,27,1,5,0,5,2026-07-30T17:24:19.662812
45,27,2,5,0,5,2026-07-30T17:24:19.096748
45,27,3,5,0,5,2026-07-30T17:24:19.571145
45,27,4,5,0,5,2026-07-30T17:24:19.585778
45,27,5,5,0,5,2026-07-30T17:24:19.644457
45,27,6,5,0,5,2026-07-30T17:24:19.459670
45,27,7,5,0,5,2026-07-30T17:24:20.573990
45,27,8,5,0,5,2026-07-30T17:24:20.342524
45,27,9,5,0,5,2026-07-30T17:24:20.757025
45,27,10,5,0,5,2026-07-30T17:24:21.088720
45,28,1,5,0,5,2026-07-30T17:24:20.806264
45,28,2,5,0,5,2026-07-30T17:24:21.454170
45,28,3,5,0,5,2026-07-30T17:24:20.664864
45,28,4,5,0,5,2026-07-30T17:24:21.334481
45,28,5,5,0,5,2026-07-30T17:24:22.364519
45,28,6,5,0,5,2026-07-30T17:24:21.580755
45,28,7,4,0,4,2026-07-30T17:24:22.091049
45,28,8,5,0,5,2026-07-30T17:24:21.765726
45,28,9,5,0,5,2026-07-30T17:24:22.671367
45,28,10,5,0,5,2026-07-30T17:24:22.512745
45,29,1,5,0,5,2026-07-30T17:24:23.173481
45,29,2,5,0,5,2026-07-30T17:24:23.517758
45,29,3,5,0,5,2026-07-30T17:24:22.807860
45,29,4,5,0,5,2026-07-30T17:24:23.667044
45,29,5,5,0,5,2026-07-30T17:24:23.132845
45,29,6,5,0,5,2026-07-30T17:24:23.829159
45,29,7,5,0,5,2026-07-30T17:24:24.372355
45,29,8,5,0,5,2026-07-30T17:24:23.687350
45,29,9,5,0,5,2026-07-30T17:24:24.064453
45,29,10,5,0,5,2026-07-30T17:24:23.940736
45,30,1,5,0,5,2026-07-30T17:24:24.804987
45,30,2,5,0,5,2026-07-30T17:24:24.766418
45,30,3,5,0,5,2026-07-30T17:24:24.914055
45,30,4,5,0,5,2026-07-30T17:24:25.124435
45,30,5,5,0,5,2026-07-30T17:24:25.899760
45,30,6,5,0,5,2026-07-30T17:24:25.965702
45,30,7,5,0,5,2026-07-30T17:24:25.898837
45,30,8,5,0,5,2026-07-30T17:24:25.824180
45,30,9,5,0,5,2026-07-30T17:24:25.817549
45,30,10,5,0,5,2026-07-30T17:24:26.846543
46,1,1,5,0,5,2026-07-30T17:24:26.354746
46,1,2,5,0,5,2026-07-30T17:24:26.750879
46,1,3,5,0,5,2026-07-30T17:24:27.433655
46,1,4,5,0,5,2026-07-30T17:24:27.280808
46,1,5,5,0,5,2026-07-30T17:24:27.141212
46,1,6,5,0,5,2026-07-30T17:24:27.728382
46,1,7,5,0,5,2026-07-30T17:24:27.377888
46,1,8,5,0,5,2026-07-30T17:24:27.401179
46,1,9,5,0,5,2026-07-30T17:24:28.590089
46,1,10,5,0,5,2026-07-30T17:24:28.919655
46,2,1,5,0,5,2026-07-30T17:24:28.175620
46,2,2,5,0,5,2026-07-30T17:24:29.331253
46,2,3,5,0,5,2026-07-30T17:24:28.412818
46,2,4,5,0,5,2026-07-30T17:24:29.051949
46,2,5,5,0,5,2026-07-30T17:24:28.669318
46,2,6,5,0,5,2026-07-30T17:24:29.562997
46,2,7,5,0,5,2026-07-30T17:24:30.029330
46,2,8,5,0,5,2026-07-30T17:24:30.271250
46,2,9,5,0,5,2026-07-30T17:24:30.599485
46,2,10,5,0,5,2026-07-30T17:24:30.508469
46,3,1,0,0,0,2026-07-30T17:24:30.130990
46,3,2,0,0,0,2026-07-30T17:24:30.479256
46,3,3,0,0,0,2026-07-30T17:24:31.171643
46,3,4,0,0,0,2026-07-30T17:24:31.800322
46,3,5,0,0,0,2026-07-30T17:24:31.056140
46,3,6,0,0,0,2026-07-30T17:24:31.370928
46,3,7,0,0,0,2026-07-30T17:24:32.111524
46,3,8,0,0,0,2026-07-30T17:24:31.487261
46,3,9,0,0,0,2026-07-30T17:24:32.349576
46,3,10,0,0,0,2026-07-30T17:24:32.425775
46,4,1,0,0,0,2026-07-30T17:24:32.098146
46,4,2,0,0,0,2026-07-30T17:24:32.582404
46,4,3,0,0,0,2026-07-30T17:24:32.833278
46,4,4,0,0,0,2026-07-30T17:24:32.568061
46,4,5,0,0,0,2026-07-30T17:24:33.842854
46,4,6,0,0,0,2026-07-30T17:24:33.946218
46,4,7,0,0,0,2026-07-30T17:24:33.959242
46,4,8,0,0,0,2026-07-30T17:24:33.363611
46,4,9,0,0,0,2026-07-30T17:24:33.837725
46,4,10,0,0,0,2026-07-30T17:24:34.241421
46,5,1,5,0,5,2026-07-30T17:24:34.237993
46,5,2,0,0,0,2026-07-30T17:24:34.491103
46,5,3,5,0,5,2026-07-30T17:24:34.609566
46,5,4,5,0,5,2026-07-30T17:24:35.687518
46,5,5,5,0,5,2026-07-30T17:24:35.131249
46,5,6,5,0,5,2026-07-30T17:24:35.375182
46,5,7,5,0,5,2026-07-30T17:24:35.218739
46,5,8,5,0,5,2026-07-30T17:24:36.069101
46,5,9,5,0,5,2026-07-30T17:24:36.078799
46,5,10,5,0,5,2026-07-30T17:24:36.345627
46,6,1,5,0,5,2026-07-30T17:24:36.024103
46,6,2,5,0,5,2026-07-30T17:24:36.780404
46,6,3,5,0,5,2026-07-30T17:24:36.855744
46,6,4,5,0,5,2026-07-30T17:24:36.433963
46,6,5,5,0,5,2026-07-30T17:24:36.884674
46,6,6,5,0,5,2026-07-30T17:24:37.864371
46,6,7,5,0,5,2026-07-30T17:24:37.310459
46,6,8,5,0,5,2026-07-30T17:24:37.143457
46,6,9,5,0,5,2026-07-30T17:24:37.812397
46,6,10,5,0,5,2026-07-30T17:24:37.665386
46,7,1,5,0,5,2026-07-30T17:24:38.015349
46,7,2,5,0,5,2026-07-30T17:24:38.732976
46,7,3,5,0,5,2026-07-30T17:24:38.139993
46,7,4,5,0,5,2026-07-30T17:24:38.798240
46,7,5,5,0,5,2026-07-30T17:24:39.379594
46,7,6,5,0,5,2026-07-30T17:24:39.737124
46,7,7,5,0,5,2026-07-30T17:24:39.189217
46,7,8,5,0,5,2026-07-30T17:24:39.122217
46,7,9,5,0,5,2026-07-30T17:24:39.450679
46,7,10,5,0,5,2026-07-30T17:24:40.000092
46,8,1,3,0,3,2026-07-30T17:24:40.371533
46,8,2,3,0,3,2026-07-30T17:24:40.671208
46,8,3,5,0,5,2026-07-30T17:24:40.554612
46,8,4,5,0,5,2026-07-30T17:24:40.848176
46,8,5,5,0,5,2026-07-30T17:24:40.815663
46,8,6,5,0,5,2026-07-30T17:24:41.294228
46,8,7,5,0,5,2026-07-30T17:24:41.604129
46,8,8,5,0,5,2026-07-30T17:24:41.823865
46,8,9,5,0,5,2026-07-30T17:24:42.051824
46,8,10,5,0,5,2026-07-30T17:24:41.817283
46,9,1,3,0,3,2026-07-30T17:24:41.927501
46,9,2,0,0,0,2026-07-30T17:24:41.873669
46,9,3,0,0,0,2026-07-30T17:24:41.900302
46,9,4,0,0,0,2026-07-30T17:24:42.730322
46,9,5,5,0,5,2026-07-30T17:24:42.627243
46,9,6,5,0,5,2026-07-30T17:24:42.847990
46,9,7,3,0,3,2026-07-30T17:24:43.083105
46,9,8,0,0,0,2026-07-30T17:24:43.113273
46,9,9,0,0,0,2026-07-30T17:24:43.335851
46,9,10,5,0,5,2026-07-30T17:24:43.569109
46,10,1,5,0,5,2026-07-30T17:24:43.904201
46,10,2,5,0,5,2026-07-30T17:24:44.101643
46,10,3,0,0,0,2026-07-30T17:24:44.366266
46,10,4,5,0,5,2026-07-30T17:24:44.722837
46,10,5,5,0,5,2026-07-30T17:24:44.937090
46,10,6,5,0,5,2026-07-30T17:24:44.766154
46,10,7,0,0,0,2026-07-30T17:24:44.957531
46,10,8,0,0,0,2026-07-30T17:24:45.022274
46,10,9,3,0,3,2026-07-30T17:24:45.339264
46,10,10,3,0,3,2026-07-30T17:24:45.334957
46,11,1,5,0,5,2026-07-30T17:24:45.620887
46,11,2,5,0,5,2026-07-30T17:24:46.572797
46,11,3,5,0,5,2026-07-30T17:24:45.980147
46,11,4,5,0,5,2026-07-30T17:24:46.592699
46,11,5,5,0,5,2026-07-30T17:24:46.193400
46,11,6,5,0,5,2026-07-30T17:24:47.088995
46,11,7,5,0,5,2026-07-30T17:24:47.165112
46,11,8,5,0,5,2026-07-30T17:24:46.989962
46,11,9,5,0,5,2026-07-30T17:24:47.472492
46,11,10,5,0,5,2026-07-30T17:24:47.834520
46,12,1,5,0,5,2026-07-30T17:24:47.652406
46,12,2,5,0,5,2026-07-30T17:24:47.800445
46,12,3,5,0,5,2026-07-30T17:24:47.823210
46,12,4,5,0,5,2026-07-30T17:24:48.244103
46,12,5,5,0,5,2026-07-30T17:24:48.741333
46,12,6,5,0,5,2026-07-30T17:24:48.390273
46,12,7,5,0,5,2026-07-30T17:24:48.490159
46,12,8,5,0,5,2026-07-30T17:24:49.474534
46,12,9,5,0,5,2026-07-30T17:24:48.653155
46,12,10,5,0,5,2026-07-30T17:24:49.493196
46,13,1,3,0,3,2026-07-30T17:24:49.463374
46,13,2,3,0,3,2026-07-30T17:24:49.813415
46,13,3,3,0,3,2026-07-30T17:24:50.440493
46,13,4,0,0,0,2026-07-30T17:24:49.721324
46,13,5,0,0,0,2026-07-30T17:24:50.111987
46,13,6,0,0,0,2026-07-30T17:24:50.387836
46,13,7,3,0,3,2026-07-30T17:24:51.322755
46,13,8,0,0,0,2026-07-30T17:24:50.918946
46,13,9,0,0,0,2026-07-30T17:24:51.338547
46,13,10,3,0,3,2026-07-30T17:24:50.742928
46,14,1,5,0,5,2026-07-30T17:24:51.661809
46,14,2,5,0,5,2026-07-30T17:24:51.767711
46,14,3,5,0,5,2026-07-30T17:24:52.247542
46,14,4,5,0,5,2026-07-30T17:24:52.074484
46,14,5,5,0,5,2026-07-30T17:24:52.780565
46,14,6,5,0,5,2026-07-30T17:24:52.755146
46,14,7,5,0,5,2026-07-30T17:24:52.540124
46,14,8,5,0,5,2026-07-30T17:24:52.754579
46,14,9,5,0,5,2026-07-30T17:24:53.106254
46,14,10,5,0,5,2026-07-30T17:24:52.785914
46,15,1,0,0,0,2026-07-30T17:24:53.701584
46,15,2,0,0,0,2026-07-30T17:24:53.484153
46,15,3,0,0,0,2026-07-30T17:24:54.371322
46,15,4,5,0,5,2026-07-30T17:24:53.987290
46,15,5,0,0,0,2026-07-30T17:24:54.371358
46,15,6,0,0,0,2026-07-30T17:24:54.031259
46,15,7,0,0,0,2026-07-30T17:24:54.643376
46,15,8,0,0,0,2026-07-30T17:24:54.721949
46,15,9,0,0,0,2026-07-30T17:24:54.912038
46,15,10,0,0,0,2026-07-30T17:24:55.345708
46,16,1,5,0,5,2026-07-30T17:24:55.623014
46,16,2,5,0,5,2026-07-30T17:24:55.263313
46,16,3,5,0,5,2026-07-30T17:24:56.013706
46,16,4,5,0,5,2026-07-30T17:24:55.996652
46,16,5,5,0,5,2026-07-30T17:24:56.296269
46,16,6,5,0,5,2026-07-30T17:24:56.584883
46,16,7,5,0,5,2026-07-30T17:24:56.357315
46,16,8,5,0,5,2026-07-30T17:24:56.714358
46,16,9,5,0,5,2026-07-30T17:24:56.589171
46,16,10,5,0,5,2026-07-30T17:24:56.653886
46,17,1,5,0,5,2026-07-30T17:24:58.057365
46,17,2,5,0,5,2026-07-30T17:24:57.248913
46,17,3,5,0,5,2026-07-30T17:24:57.720601
46,17,4,5,0,5,2026-07-30T17:24:58.406916
46,17,5,5,0,5,2026-07-30T17:24:58.613703
46,17,6,5,0,5,2026-07-30T17:24:57.626802
46,17,7,5,0,5,2026-07-30T17:24:58.314444
46,17,8,5,0,5,2026-07-30T17:24:58.376857
46,17,9,5,0,5,2026-07-30T17:24:58.279096
46,17,10,5,0,5,2026-07-30T17:24:58.651160
46,18,1,5,0,5,2026-07-30T17:24:59.180927
46,18,2,5,0,5,2026-07-30T17:24:59.464803
46,18,3,5,0,5,2026-07-30T17:24:59.722216
46,18,4,5,0,5,2026-07-30T17:24:59.781349
46,18,5,5,0,5,2026-07-30T17:24:59.417325
46,18,6,5,0,5,2026-07-30T17:24:59.439600
46,18,7,5,0,5,2026-07-30T17:25:00.458206
46,18,8,5,0,5,2026-07-30T17:24:59.871144
46,18,9,5,0,5,2026-07-30T17:25:01.041095
46,18,10,5,0,5,2026-07-30T17:25:00.656862
46,19,1,5,0,5,2026-07-30T17:25:00.458410
46,19,2,3,0,3,2026-07-30T17:25:00.896955
46,19,3,5,0,5,2026-07-30T17:25:01.136539
46,19,4,5,0,5,2026-07-30T17:25:01.043914
46,19,5,5,0,5,2026-07-30T17:25:01.901520
46,19,6,5,0,5,2026-07-30T17:25:02.103454
46,19,7,5,0,5,2026-07-30T17:25:02.104624
46,19,8,3,0,3,2026-07-30T17:25:02.715003
46,19,9,5,0,5,2026-07-30T17:25:02.746913
46,19,10,5,0,5,2026-07-30T17:25:02.486825
46,20,1,5,0,5,2026-07-30T17:25:02.695283
46,20,2,5,0,5,2026-07-30T17:25:03.199927
46,20,3,5,0,5,2026-07-30T17:25:03.770333
46,20,4,5,0,5,2026-07-30T17:25:03.355032
46,20,5,5,0,5,2026-07-30T17:25:03.758000
46,20,6,5,0,5,2026-07-30T17:25:03.526147
46,20,7,5,0,5,2026-07-30T17:25:04.313457
46,20,8,5,0,5,2026-07-30T17:25:04.549180
46,20,9,5,0,5,2026-07-30T17:25:04.831637
46,20,10,5,0,5,2026-07-30T17:25:05.054432
46,21,1,5,0,5,2026-07-30T17:25:05.231116
46,21,2,5,0,5,2026-07-30T17:25:04.581229
46,21,3,5,0,5,2026-07-30T17:25:05.003854
46,21,4,5,0,5,2026-07-30T17:25:05.231056
46,21,5,5,0,5,2026-07-30T17:25:05.770366
46,21,6,5,0,5,2026-07-30T17:25:05.571383
46,21,7,5,0,5,2026-07-30T17:25:06.501701
46,21,8,5,0,5,2026-07-30T17:25:06.507830
46,21,9,5,0,5,2026-07-30T17:25:06.056108
46,21,10,5,0,5,2026-07-30T17:25:06.673142
46,22,1,5,0,5,2026-07-30T17:25:07.296860
46,22,2,5,0,5,2026-07-30T17:25:06.703669
46,22,3,5,0,5,2026-07-30T17:25:07.011891
46,22,4,5,0,5,2026-07-30T17:25:08.039805
46,22,5,5,0,5,2026-07-30T17:25:07.293618
46,22,6,5,0,5,2026-07-30T17:25:07.738379
46,22,7,5,0,5,2026-07-30T17:25:07.576396
46,22,8,5,0,5,2026-07-30T17:25:08.344889
46,22,9,5,0,5,2026-07-30T17:25:07.930916
46,22,10,5,0,5,2026-07-30T17:25:08.861964
46,23,1,5,0,5,2026-07-30T17:25:08.531541
46,23,2,5,0,5,2026-07-30T17:25:08.924297
46,23,3,5,0,5,2026-07-30T17:25:09.445347
46,23,4,5,0,5,2026-07-30T17:25:09.799953
46,23,5,5,0,5,2026-07-30T17:25:09.798315
46,23,6,5,0,5,2026-07-30T17:25:09.702813
46,23,7,5,0,5,2026-07-30T17:25:09.801205
46,23,8,5,0,5,2026-07-30T17:25:09.990945
46,23,9,5,0,5,2026-07-30T17:25:10.273065
46,23,10,5,0,5,2026-07-30T17:25:10.392201
46,24,1,0,0,0,2026-07-30T17:25:11.064675
46,24,2,0,0,0,2026-07-30T17:25:10.770653
46,24,3,0,0,0,2026-07-30T17:25:11.473803
46,24,4,0,0,0,2026-07-30T17:25:11.064460
46,24,5,0,0,0,2026-07-30T17:25:11.495456
46,24,6,0,0,0,2026-07-30T17:25:11.701924
46,24,7,0,0,0,2026-07-30T17:25:11.989213
46,24,8,0,0,0,2026-07-30T17:25:11.828232
46,24,9,0,0,0,2026-07-30T17:25:11.789528
46,24,10,0,0,0,2026-07-30T17:25:12.545496
46,25,1,5,0,5,2026-07-30T17:25:13.124082
46,25,2,4,0,4,2026-07-30T17:25:12.942696
46,25,3,5,0,5,2026-07-30T17:25:13.174153
46,25,4,3,0,3,2026-07-30T17:25:12.937330
46,25,5,3,0,3,2026-07-30T17:25:13.201142
46,25,6,5,0,5,2026-07-30T17:25:13.883041
46,25,7,0,0,0,2026-07-30T17:25:13.206268
46,25,8,3,0,3,2026-07-30T17:25:14.806023
46,25,9,0,0,0,2026-07-30T17:25:14.372529
46,25,10,3,0,3,2026-07-30T17:25:14.982102
46,26,1,5,0,5,2026-07-30T17:25:14.316841
46,26,2,5,0,5,2026-07-30T17:25:15.024111
46,26,3,5,0,5,2026-07-30T17:25:15.033555
46,26,4,5,0,5,2026-07-30T17:25:14.666253
46,26,5,5,0,5,2026-07-30T17:25:14.913099
46,26,6,5,0,5,2026-07-30T17:25:15.982551
46,26,7,5,0,5,2026-07-30T17:25:16.207373
46,26,8,5,0,5,2026-07-30T17:25:15.927345
46,26,9,5,0,5,2026-07-30T17:25:16.435941
46,26,10,5,0,5,2026-07-30T17:25:15.942507
46,27,1,5,0,5,2026-07-30T17:25:16.635275
46,27,2,5,0,5,2026-07-30T17:25:16.680501
46,27,3,5,0,5,2026-07-30T17:25:16.668773
46,27,4,5,0,5,2026-07-30T17:25:17.387482
46,27,5,5,0,5,2026-07-30T17:25:17.766384
46,27,6,5,0,5,2026-07-30T17:25:17.633751
46,27,7,5,0,5,2026-07-30T17:25:17.235963
46,27,8,5,0,5,2026-07-30T17:25:18.275888
46,27,9,5,0,5,2026-07-30T17:25:18.090340
46,27,10,5,0,5,2026-07-30T17:25:18.507673
46,28,1,4,0,4,2026-07-30T17:25:17.940172
46,28,2,5,0,5,2026-07-30T17:25:18.853898
46,28,3,3,0,3,2026-07-30T17:25:18.614350
46,28,4,5,0,5,2026-07-30T17:25:18.869415
46,28,5,3,0,3,2026-07-30T17:25:19.013202
46,28,6,3,0,3,2026-07-30T17:25:19.193670
46,28,7,3,0,3,2026-07-30T17:25:19.141775
46,28,8,3,0,3,2026-07-30T17:25:19.713282
46,28,9,3,0,3,2026-07-30T17:25:20.339994
46,28,10,4,0,4,2026-07-30T17:25:20.271134
46,29,1,5,0,5,2026-07-30T17:25:20.278341
46,29,2,5,0,5,2026-07-30T17:25:20.091703
46,29,3,5,0,5,2026-07-30T17:25:20.035893
46,29,4,5,0,5,2026-07-30T17:25:20.941191
46,29,5,5,0,5,2026-07-30T17:25:20.843304
46,29,6,5,0,5,2026-07-30T17:25:21.142525
46,29,7,5,0,5,2026-07-30T17:25:21.056194
46,29,8,5,0,5,2026-07-30T17:25:21.752576
46,29,9,5,0,5,2026-07-30T17:25:21.522329
46,29,10,5,0,5,2026-07-30T17:25:21.923292
46,30,1,5,0,5,2026-07-30T17:25:21.368740
46,30,2,5,0,5,2026-07-30T17:25:22.310210
46,30,3,5,0,5,2026-07-30T17:25:22.606517
46,30,4,5,0,5,2026-07-30T17:25:22.081141
46,30,5,5,0,5,2026-07-30T17:25:22.583103
46,30,6,5,0,5,2026-07-30T17:25:22.817990
46,30,7,5,0,5,2026-07-30T17:25:23.188726
46,30,8,5,0,5,2026-07-30T17:25:22.588526
46,30,9,3,0,3,2026-07-30T17:25:23.770206
46,30,10,5,0,5,2026-07-30T17:25:23.738638
47,1,1,5,0,5,2026-07-30T17:25:23.796167
47,1,2,5,0,5,2026-07-30T17:25:23.624243
47,1,3,5,0,5,2026-07-30T17:25:24.653700
47,1,4,5,0,5,2026-07-30T17:25:24.654069
47,1,5,5,0,5,2026-07-30T17:25:24.271955
47,1,6,5,0,5,2026-07-30T17:25:24.432778
47,1,7,5,0,5,2026-07-30T17:25:24.672848
47,1,8,5,0,5,2026-07-30T17:25:25.583891
47,1,9,5,0,5,2026-07-30T17:25:24.801809
47,1,10,5,0,5,2026-07-30T17:25:24.848996
47,2,1,5,0,5,2026-07-30T17:25:25.713707
47,2,2,5,0,5,2026-07-30T17:25:26.251049
47,2,3,5,0,5,2026-07-30T17:25:25.661192
47,2,4,5,0,5,2026-07-30T17:25:26.299837
47,2,5,5,0,5,2026-07-30T17:25:26.301816
47,2,6,5,0,5,2026-07-30T17:25:26.034873
47,2,7,5,0,5,2026-07-30T17:25:26.294555
47,2,8,5,0,5,2026-07-30T17:25:26.819342
47,2,9,5,0,5,2026-07-30T17:25:27.126614
47,2,10,5,0,5,2026-07-30T17:25:27.577985
47,3,1,5,0,5,2026-07-30T17:25:27.868042
47,3,2,5,0,5,2026-07-30T17:25:27.680676
47,3,3,5,0,5,2026-07-30T17:25:27.335912
47,3,4,5,0,5,2026-07-30T17:25:27.548088
47,3,5,5,0,5,2026-07-30T17:25:28.126492
47,3,6,5,0,5,2026-07-30T17:25:27.849160
47,3,7,5,0,5,2026-07-30T17:25:29.129707
47,3,8,5,0,5,2026-07-30T17:25:28.974951
47,3,9,5,0,5,2026-07-30T17:25:28.790266
47,3,10,5,0,5,2026-07-30T17:25:29.434886
47,4,1,5,0,5,2026-07-30T17:25:29.709908
47,4,2,5,0,5,2026-07-30T17:25:29.688676
47,4,3,5,0,5,2026-07-30T17:25:29.104843
47,4,4,5,0,5,2026-07-30T17:25:29.988929
47,4,5,5,0,5,2026-07-30T17:25:29.842342
47,4,6,5,0,5,2026-07-30T17:25:30.812174
47,4,7,5,0,5,2026-07-30T17:25:30.566617
47,4,8,5,0,5,2026-07-30T17:25:30.190319
47,4,9,5,0,5,2026-07-30T17:25:30.451227
47,4,10,5,0,5,2026-07-30T17:25:30.927034
47,5,1,5,0,5,2026-07-30T17:25:30.967079
47,5,2,5,0,5,2026-07-30T17:25:31.488340
47,5,3,5,0,5,2026-07-30T17:25:31.636119
47,5,4,5,0,5,2026-07-30T17:25:31.224768
47,5,5,5,0,5,2026-07-30T17:25:38.440701
47,5,6,5,0,5,2026-07-30T17:25:38.606994
47,5,7,5,0,5,2026-07-30T17:25:38.096243
47,5,8,5,0,5,2026-07-30T17:25:38.198015
47,5,9,5,0,5,2026-07-30T17:25:38.343161
47,5,10,5,0,5,2026-07-30T17:25:38.545431
47,6,1,5,0,5,2026-07-30T17:25:33.325028
47,6,2,5,0,5,2026-07-30T17:25:32.858216
47,6,3,5,0,5,2026-07-30T17:25:34.518301
47,6,4,5,0,5,2026-07-30T17:25:35.158294
47,6,5,5,0,5,2026-07-30T17:25:35.733274
47,6,6,5,0,5,2026-07-30T17:25:37.009697
47,6,7,5,0,5,2026-07-30T17:25:37.550104
47,6,8,5,0,5,2026-07-30T17:25:38.684024
47,6,9,5,0,5,2026-07-30T17:25:39.390483
47,6,10,5,0,5,2026-07-30T17:25:39.367417
47,7,1,5,0,5,2026-07-30T17:25:39.615678
47,7,2,5,0,5,2026-07-30T17:25:39.559258
47,7,3,5,0,5,2026-07-30T17:25:40.267314
47,7,4,5,0,5,2026-07-30T17:25:39.567798
47,7,5,5,0,5,2026-07-30T17:25:40.050637
47,7,6,5,0,5,2026-07-30T17:25:40.542528
47,7,7,5,0,5,2026-07-30T17:25:40.811612
47,7,8,5,0,5,2026-07-30T17:25:40.822242
47,7,9,5,0,5,2026-07-30T17:25:41.200482
47,7,10,5,0,5,2026-07-30T17:25:40.988391
47,8,1,5,0,5,2026-07-30T17:25:41.435243
47,8,2,5,0,5,2026-07-30T17:25:41.306836
47,8,3,5,0,5,2026-07-30T17:25:41.503573
47,8,4,5,0,5,2026-07-30T17:25:41.576992
47,8,5,5,0,5,2026-07-30T17:25:42.245507
47,8,6,5,0,5,2026-07-30T17:25:42.063915
47,8,7,5,0,5,2026-07-30T17:25:42.067650
47,8,8,5,0,5,2026-07-30T17:25:43.249840
47,8,9,5,0,5,2026-07-30T17:25:42.961057
47,8,10,5,0,5,2026-07-30T17:25:42.665670
47,9,1,5,0,5,2026-07-30T17:25:43.351073
47,9,2,5,0,5,2026-07-30T17:25:42.811431
47,9,3,5,0,5,2026-07-30T17:25:43.714515
47,9,4,5,0,5,2026-07-30T17:25:44.107272
47,9,5,5,0,5,2026-07-30T17:25:43.500315
47,9,6,5,0,5,2026-07-30T17:25:43.914871
47,9,7,5,0,5,2026-07-30T17:25:44.263467
47,9,8,5,0,5,2026-07-30T17:25:44.588097
47,9,9,5,0,5,2026-07-30T17:25:44.717209
47,9,10,5,0,5,2026-07-30T17:25:44.594457
47,10,1,5,0,5,2026-07-30T17:25:45.119260
47,10,2,5,0,5,2026-07-30T17:25:45.334292
47,10,3,5,0,5,2026-07-30T17:25:45.320104
47,10,4,5,0,5,2026-07-30T17:25:45.323248
47,10,5,5,0,5,2026-07-30T17:25:45.339592
47,10,6,5,0,5,2026-07-30T17:25:45.846420
47,10,7,5,0,5,2026-07-30T17:25:45.831440
47,10,8,5,0,5,2026-07-30T17:25:46.194304
47,10,9,5,0,5,2026-07-30T17:25:46.758962
47,10,10,5,0,5,2026-07-30T17:25:46.541138
47,11,1,5,0,5,2026-07-30T17:25:46.373696
47,11,2,5,0,5,2026-07-30T17:25:46.976849
47,11,3,5,0,5,2026-07-30T17:25:47.183689
47,11,4,5,0,5,2026-07-30T17:25:47.679043
47,11,5,5,0,5,2026-07-30T17:25:47.267256
47,11,6,5,0,5,2026-07-30T17:25:47.418603
47,11,7,5,0,5,2026-07-30T17:25:48.214938
47,11,8,5,0,5,2026-07-30T17:25:48.381378
47,11,9,5,0,5,2026-07-30T17:25:48.401897
47,11,10,5,0,5,2026-07-30T17:25:48.441000
47,12,1,5,0,5,2026-07-30T17:25:48.628739
47,12,2,5,0,5,2026-07-30T17:25:48.920892
47,12,3,5,0,5,2026-07-30T17:25:49.045291
47,12,4,5,0,5,2026-07-30T17:25:48.924073
47,12,5,5,0,5,2026-07-30T17:25:50.087594
47,12,6,5,0,5,2026-07-30T17:25:49.637852
47,12,7,5,0,5,2026-07-30T17:25:49.489150
47,12,8,5,0,5,2026-07-30T17:25:49.464982
47,12,9,5,0,5,2026-07-30T17:25:49.888790
47,12,10,5,0,5,2026-07-30T17:25:50.541302
47,13,1,5,0,5,2026-07-30T17:25:50.185580
47,13,2,5,0,5,2026-07-30T17:25:51.085715
47,13,3,5,0,5,2026-07-30T17:25:50.908260
47,13,4,5,0,5,2026-07-30T17:25:51.355353
47,13,5,5,0,5,2026-07-30T17:25:51.072428
47,13,6,5,0,5,2026-07-30T17:25:51.340277
47,13,7,5,0,5,2026-07-30T17:25:51.738673
47,13,8,5,0,5,2026-07-30T17:25:51.243172
47,13,9,5,0,5,2026-07-30T17:25:52.411472
47,13,10,5,0,5,2026-07-30T17:25:52.751003
47,14,1,5,0,5,2026-07-30T17:25:52.521413
47,14,2,5,0,5,2026-07-30T17:25:52.532128
47,14,3,5,0,5,2026-07-30T17:25:52.679891
47,14,4,5,0,5,2026-07-30T17:25:52.831371
47,14,5,5,0,5,2026-07-30T17:25:53.029603
47,14,6,5,0,5,2026-07-30T17:25:53.584200
47,14,7,5,0,5,2026-07-30T17:25:53.657493
47,14,8,5,0,5,2026-07-30T17:25:54.351618
47,14,9,5,0,5,2026-07-30T17:25:54.360193
47,14,10,5,0,5,2026-07-30T17:25:54.109006
47,15,1,5,0,5,2026-07-30T17:25:53.996912
47,15,2,5,0,5,2026-07-30T17:25:54.325246
47,15,3,5,0,5,2026-07-30T17:25:54.690832
47,15,4,5,0,5,2026-07-30T17:25:55.224358
47,15,5,5,0,5,2026-07-30T17:25:55.313066
47,15,6,5,0,5,2026-07-30T17:25:55.459450
47,15,7,5,0,5,2026-07-30T17:25:55.546250
47,15,8,5,0,5,2026-07-30T17:25:55.745063
47,15,9,5,0,5,2026-07-30T17:25:56.200485
47,15,10,5,0,5,2026-07-30T17:25:55.606695
47,16,1,5,0,5,2026-07-30T17:25:55.935323
47,16,2,5,0,5,2026-07-30T17:25:56.665934
47,16,3,5,0,5,2026-07-30T17:25:56.935507
47,16,4,5,0,5,2026-07-30T17:25:56.694989
47,16,5,5,0,5,2026-07-30T17:25:57.382250
47,16,6,5,0,5,2026-07-30T17:25:57.065592
47,16,7,5,0,5,2026-07-30T17:25:57.194546
47,16,8,5,0,5,2026-07-30T17:25:57.780053
47,16,9,5,0,5,2026-07-30T17:25:57.257760
47,16,10,5,0,5,2026-07-30T17:25:57.697031
47,17,1,5,0,5,2026-07-30T17:25:57.931869
47,17,2,5,0,5,2026-07-30T17:25:57.968785
47,17,3,5,0,5,2026-07-30T17:25:58.103496
47,17,4,5,0,5,2026-07-30T17:25:59.036067
47,17,5,5,0,5,2026-07-30T17:25:59.116626
47,17,6,5,0,5,2026-07-30T17:25:58.401126
47,17,7,5,0,5,2026-07-30T17:25:59.161082
47,17,8,5,0,5,2026-07-30T17:25:59.241396
47,17,9,5,0,5,2026-07-30T17:25:59.173852
47,17,10,5,0,5,2026-07-30T17:25:59.001045
47,18,1,5,0,5,2026-07-30T17:25:59.962269
47,18,2,5,0,5,2026-07-30T17:26:00.047174
47,18,3,5,0,5,2026-07-30T17:26:00.423532
47,18,4,5,0,5,2026-07-30T17:26:00.268689
47,18,5,5,0,5,2026-07-30T17:26:00.352159
47,18,6,5,0,5,2026-07-30T17:26:00.783474
47,18,7,5,0,5,2026-07-30T17:26:00.800814
47,18,8,5,0,5,2026-07-30T17:26:00.472356
47,18,9,5,0,5,2026-07-30T17:26:01.596248
47,18,10,5,0,5,2026-07-30T17:26:01.076320
47,19,1,5,0,5,2026-07-30T17:26:01.297155
47,19,2,5,0,5,2026-07-30T17:26:01.396558
47,19,3,5,0,5,2026-07-30T17:26:01.661044
47,19,4,5,0,5,2026-07-30T17:26:01.707310
47,19,5,5,0,5,2026-07-30T17:26:02.007635
47,19,6,5,0,5,2026-07-30T17:26:02.018008
47,19,7,5,0,5,2026-07-30T17:26:02.723849
47,19,8,5,0,5,2026-07-30T17:26:02.541546
47,19,9,5,0,5,2026-07-30T17:26:03.064972
47,19,10,5,0,5,2026-07-30T17:26:03.252307
47,20,1,5,0,5,2026-07-30T17:26:02.928646
47,20,2,5,0,5,2026-07-30T17:26:03.368710
47,20,3,5,0,5,2026-07-30T17:26:03.652683
47,20,4,5,0,5,2026-07-30T17:26:03.647268
47,20,5,5,0,5,2026-07-30T17:26:03.761557
47,20,6,5,0,5,2026-07-30T17:26:03.956964
47,20,7,5,0,5,2026-07-30T17:26:04.374172
47,20,8,5,0,5,2026-07-30T17:26:04.952199
47,20,9,5,0,5,2026-07-30T17:26:05.104217
47,20,10,5,0,5,2026-07-30T17:26:04.810284
47,21,1,5,0,5,2026-07-30T17:26:04.864062
47,21,2,5,0,5,2026-07-30T17:26:05.096977
47,21,3,5,0,5,2026-07-30T17:26:05.004807
47,21,4,5,0,5,2026-07-30T17:26:05.184695
47,21,5,5,0,5,2026-07-30T17:26:06.023353
47,21,6,5,0,5,2026-07-30T17:26:06.247143
47,21,7,5,0,5,2026-07-30T17:26:05.896873
47,21,8,5,0,5,2026-07-30T17:26:06.580968
47,21,9,5,0,5,2026-07-30T17:26:06.878023
47,21,10,5,0,5,2026-07-30T17:26:06.753559
47,22,1,5,0,5,2026-07-30T17:26:06.745488
47,22,2,5,0,5,2026-07-30T17:26:06.410065
47,22,3,5,0,5,2026-07-30T17:26:07.162063
47,22,4,5,0,5,2026-07-30T17:26:06.865088
47,22,5,5,0,5,2026-07-30T17:26:07.880979
47,22,6,5,0,5,2026-07-30T17:26:07.625623
47,22,7,5,0,5,2026-07-30T17:26:08.024849
47,22,8,5,0,5,2026-07-30T17:26:08.180215
47,22,9,5,0,5,2026-07-30T17:26:08.583575
47,22,10,5,0,5,2026-07-30T17:26:08.496498
47,23,1,5,0,5,2026-07-30T17:26:08.731203
47,23,2,5,0,5,2026-07-30T17:26:08.992806
47,23,3,5,0,5,2026-07-30T17:26:09.049731
47,23,4,5,0,5,2026-07-30T17:26:09.524048
47,23,5,5,0,5,2026-07-30T17:26:09.855776
47,23,6,5,0,5,2026-07-30T17:26:09.786732
47,23,7,5,0,5,2026-07-30T17:26:10.335806
47,23,8,5,0,5,2026-07-30T17:26:09.614826
47,23,9,5,0,5,2026-07-30T17:26:10.384529
47,23,10,5,0,5,2026-07-30T17:26:10.024857
47,24,1,5,0,5,2026-07-30T17:26:10.652142
47,24,2,5,0,5,2026-07-30T17:26:11.162174
47,24,3,5,0,5,2026-07-30T17:26:10.826301
47,24,4,5,0,5,2026-07-30T17:26:10.835083
47,24,5,5,0,5,2026-07-30T17:26:11.108489
47,24,6,5,0,5,2026-07-30T17:26:11.455656
47,24,7,5,0,5,2026-07-30T17:26:11.591346
47,24,8,5,0,5,2026-07-30T17:26:11.838393
47,24,9,5,0,5,2026-07-30T17:26:12.085370
47,24,10,5,0,5,2026-07-30T17:26:12.680461
47,25,1,5,0,5,2026-07-30T17:26:12.095315
47,25,2,5,0,5,2026-07-30T17:26:12.557465
47,25,3,5,0,5,2026-07-30T17:26:12.207909
47,25,4,5,0,5,2026-07-30T17:26:12.898915
47,25,5,5,0,5,2026-07-30T17:26:13.446705
47,25,6,5,0,5,2026-07-30T17:26:13.093137
47,25,7,5,0,5,2026-07-30T17:26:13.752761
47,25,8,5,0,5,2026-07-30T17:26:13.148786
47,25,9,5,0,5,2026-07-30T17:26:14.047480
47,25,10,5,0,5,2026-07-30T17:26:13.819578
47,26,1,5,0,5,2026-07-30T17:26:14.501082
47,26,2,5,0,5,2026-07-30T17:26:13.926921
47,26,3,5,0,5,2026-07-30T17:26:14.950549
47,26,4,5,0,5,2026-07-30T17:26:14.161687
47,26,5,5,0,5,2026-07-30T17:26:15.302339
47,26,6,5,0,5,2026-07-30T17:26:15.006951
47,26,7,5,0,5,2026-07-30T17:26:15.238759
47,26,8,5,0,5,2026-07-30T17:26:15.353051
47,26,9,5,0,5,2026-07-30T17:26:15.285920
47,26,10,5,0,5,2026-07-30T17:26:15.782457
47,27,1,5,0,5,2026-07-30T17:26:15.943955
47,27,2,5,0,5,2026-07-30T17:26:17.010553
47,27,3,5,0,5,2026-07-30T17:26:16.641237
47,27,4,5,0,5,2026-07-30T17:26:16.455637
47,27,5,5,0,5,2026-07-30T17:26:16.727789
47,27,6,5,0,5,2026-07-30T17:26:16.935387
47,27,7,5,0,5,2026-07-30T17:26:17.003216
47,27,8,5,0,5,2026-07-30T17:26:17.007373
47,27,9,5,0,5,2026-07-30T17:26:17.760126
47,27,10,5,0,5,2026-07-30T17:26:17.485437
47,28,1,5,0,5,2026-07-30T17:26:17.704267
47,28,2,5,0,5,2026-07-30T17:26:17.624477
47,28,3,5,0,5,2026-07-30T17:26:18.384885
47,28,4,5,0,5,2026-07-30T17:26:19.044048
47,28,5,5,0,5,2026-07-30T17:26:18.657000
47,28,6,5,0,5,2026-07-30T17:26:19.053378
47,28,7,5,0,5,2026-07-30T17:26:18.738440
47,28,8,5,0,5,2026-07-30T17:26:19.048069
47,28,9,5,0,5,2026-07-30T17:26:19.118749
47,28,10,5,0,5,2026-07-30T17:26:19.610613
47,29,1,5,0,5,2026-07-30T17:26:20.038551
47,29,2,5,0,5,2026-07-30T17:26:20.060243
47,29,3,5,0,5,2026-07-30T17:26:19.762515
47,29,4,5,0,5,2026-07-30T17:26:20.903733
47,29,5,5,0,5,2026-07-30T17:26:21.091481
47,29,6,5,0,5,2026-07-30T17:26:20.257532
47,29,7,5,0,5,2026-07-30T17:26:20.757660
47,29,8,5,0,5,2026-07-30T17:26:21.081289
47,29,9,5,0,5,2026-07-30T17:26:21.422613
47,29,10,5,0,5,2026-07-30T17:26:21.084318
47,30,1,5,0,5,2026-07-30T17:26:21.910234
47,30,2,5,0,5,2026-07-30T17:26:21.307921
47,30,3,5,0,5,2026-07-30T17:26:21.789707
47,30,4,5,0,5,2026-07-30T17:26:22.154347
47,30,5,5,0,5,2026-07-30T17:26:22.930103
47,30,6,5,0,5,2026-07-30T17:26:22.330835
47,30,7,5,0,5,2026-07-30T17:26:22.724323
47,30,8,5,0,5,2026-07-30T17:26:22.954873
47,30,9,5,0,5,2026-07-30T17:26:22.665190
47,30,10,5,0,5,2026-07-30T17:26:23.433468
48,1,1,5,0,5,2026-07-30T17:26:23.340328
48,1,2,5,0,5,2026-07-30T17:26:23.591576
48,1,3,5,0,5,2026-07-30T17:26:23.991584
48,1,4,5,0,5,2026-07-30T17:26:24.110637
48,1,5,5,0,5,2026-07-30T17:26:24.180140
48,1,6,5,0,5,2026-07-30T17:26:24.386299
48,1,7,5,0,5,2026-07-30T17:26:24.809692
48,1,8,5,0,5,2026-07-30T17:26:24.794414
48,1,9,5,0,5,2026-07-30T17:26:25.298787
48,1,10,5,0,5,2026-07-30T17:26:24.803898
48,2,1,5,0,5,2026-07-30T17:26:26.063927
48,2,2,5,0,5,2026-07-30T17:26:25.939828
48,2,3,5,0,5,2026-07-30T17:26:25.428956
48,2,4,5,0,5,2026-07-30T17:26:26.256651
48,2,5,5,0,5,2026-07-30T17:26:26.019946
48,2,6,5,0,5,2026-07-30T17:26:25.637899
48,2,7,5,0,5,2026-07-30T17:26:26.046370
48,2,8,5,0,5,2026-07-30T17:26:26.749122
48,2,9,5,0,5,2026-07-30T17:26:27.274127
48,2,10,5,0,5,2026-07-30T17:26:27.249138
48,3,1,0,0,0,2026-07-30T17:26:27.169394
48,3,2,0,0,0,2026-07-30T17:26:27.460672
48,3,3,0,0,0,2026-07-30T17:26:27.060359
48,3,4,0,0,0,2026-07-30T17:26:27.290557
48,3,5,0,0,0,2026-07-30T17:26:27.502764
48,3,6,0,0,0,2026-07-30T17:26:27.996461
48,3,7,0,0,0,2026-07-30T17:26:28.092592
48,3,8,0,0,0,2026-07-30T17:26:29.016642
48,3,9,0,0,0,2026-07-30T17:26:28.649421
48,3,10,0,0,0,2026-07-30T17:26:29.092257
48,4,1,0,0,0,2026-07-30T17:26:29.171364
48,4,2,0,0,0,2026-07-30T17:26:28.703580
48,4,3,0,0,0,2026-07-30T17:26:28.743481
48,4,4,0,0,0,2026-07-30T17:26:29.020341
48,4,5,0,0,0,2026-07-30T17:26:29.349766
48,4,6,0,0,0,2026-07-30T17:26:30.713245
48,4,7,0,0,0,2026-07-30T17:26:30.166703
48,4,8,0,0,0,2026-07-30T17:26:30.386424
48,4,9,0,0,0,2026-07-30T17:26:30.658770
48,4,10,0,0,0,2026-07-30T17:26:30.871501
48,5,1,0,0,0,2026-07-30T17:26:30.327778
48,5,2,0,0,0,2026-07-30T17:26:31.032922
48,5,3,0,0,0,2026-07-30T17:26:30.796591
48,5,4,0,0,0,2026-07-30T17:26:32.021498
48,5,5,0,0,0,2026-07-30T17:26:31.562395
48,5,6,0,0,0,2026-07-30T17:26:31.409469
48,5,7,0,0,0,2026-07-30T17:26:31.900326
48,5,8,0,0,0,2026-07-30T17:26:32.560199
48,5,9,0,0,0,2026-07-30T17:26:31.812302
48,5,10,0,0,0,2026-07-30T17:26:32.712296
48,6,1,5,0,5,2026-07-30T17:26:32.262064
48,6,2,5,0,5,2026-07-30T17:26:32.465251
48,6,3,5,0,5,2026-07-30T17:26:33.206526
48,6,4,5,0,5,2026-07-30T17:26:32.851234
48,6,5,5,0,5,2026-07-30T17:26:32.932108
48,6,6,5,0,5,2026-07-30T17:26:33.266293
48,6,7,5,0,5,2026-07-30T17:26:33.726856
48,6,8,5,0,5,2026-07-30T17:26:34.116004
48,6,9,5,0,5,2026-07-30T17:26:33.997743
48,6,10,5,0,5,2026-07-30T17:26:34.173703
48,7,1,5,0,5,2026-07-30T17:26:34.893418
48,7,2,5,0,5,2026-07-30T17:26:34.574495
48,7,3,5,0,5,2026-07-30T17:26:34.461459
48,7,4,5,0,5,2026-07-30T17:26:34.302307
48,7,5,5,0,5,2026-07-30T17:26:35.623929
48,7,6,5,0,5,2026-07-30T17:26:35.520237
48,7,7,5,0,5,2026-07-30T17:26:36.005482
48,7,8,5,0,5,2026-07-30T17:26:35.970708
48,7,9,5,0,5,2026-07-30T17:26:35.972448
48,7,10,5,0,5,2026-07-30T17:26:35.723662
48,8,1,0,0,0,2026-07-30T17:26:35.963483
48,8,2,0,0,0,2026-07-30T17:26:36.151709
48,8,3,5,0,5,2026-07-30T17:26:36.581908
48,8,4,0,0,0,2026-07-30T17:26:36.775413
48,8,5,0,0,0,2026-07-30T17:26:37.199579
48,8,6,0,0,0,2026-07-30T17:26:37.039262
48,8,7,0,0,0,2026-07-30T17:26:38.041730
48,8,8,0,0,0,2026-07-30T17:26:37.772430
48,8,9,0,0,0,2026-07-30T17:26:37.082955
48,8,10,0,0,0,2026-07-30T17:26:37.430088
48,9,1,0,0,0,2026-07-30T17:26:38.411496
48,9,2,0,0,0,2026-07-30T17:26:38.620941
48,9,3,0,0,0,2026-07-30T17:26:39.096238
48,9,4,0,0,0,2026-07-30T17:26:38.114088
48,9,5,0,0,0,2026-07-30T17:26:38.850530
48,9,6,0,0,0,2026-07-30T17:26:38.486638
48,9,7,0,0,0,2026-07-30T17:26:38.815667
48,9,8,0,0,0,2026-07-30T17:26:39.668952
48,9,9,0,0,0,2026-07-30T17:26:39.938684
48,9,10,0,0,0,2026-07-30T17:26:40.071904
48,10,1,0,0,0,2026-07-30T17:26:39.530485
48,10,2,0,0,0,2026-07-30T17:26:40.459492
48,10,3,0,0,0,2026-07-30T17:26:40.245711
48,10,4,0,0,0,2026-07-30T17:26:40.714167
48,10,5,0,0,0,2026-07-30T17:26:40.737641
48,10,6,0,0,0,2026-07-30T17:26:40.741181
48,10,7,0,0,0,2026-07-30T17:26:41.102250
48,10,8,0,0,0,2026-07-30T17:26:41.192784
48,10,9,0,0,0,2026-07-30T17:26:40.897915
48,10,10,0,0,0,2026-07-30T17:26:41.468371
48,11,1,5,0,5,2026-07-30T17:26:42.115720
48,11,2,5,0,5,2026-07-30T17:26:41.956901
48,11,3,5,0,5,2026-07-30T17:26:42.161089
48,11,4,5,0,5,2026-07-30T17:26:42.194056
48,11,5,5,0,5,2026-07-30T17:26:42.339997
48,11,6,5,0,5,2026-07-30T17:26:42.353980
48,11,7,5,0,5,2026-07-30T17:26:42.451385
48,11,8,5,0,5,2026-07-30T17:26:43.320552
48,11,9,5,0,5,2026-07-30T17:26:43.781809
48,11,10,5,0,5,2026-07-30T17:26:43.935635
48,12,1,5,0,5,2026-07-30T17:26:43.598345
48,12,2,5,0,5,2026-07-30T17:26:43.850956
48,12,3,5,0,5,2026-07-30T17:26:43.361012
48,12,4,5,0,5,2026-07-30T17:26:44.013513
48,12,5,5,0,5,2026-07-30T17:26:44.313820
48,12,6,5,0,5,2026-07-30T17:26:44.566625
48,12,7,5,0,5,2026-07-30T17:26:45.013242
48,12,8,5,0,5,2026-07-30T17:26:45.254008
48,12,9,5,0,5,2026-07-30T17:26:45.450967
48,12,10,5,0,5,2026-07-30T17:26:45.890951
48,13,1,0,0,0,2026-07-30T17:26:45.387482
48,13,2,0,0,0,2026-07-30T17:26:45.640287
48,13,3,0,0,0,2026-07-30T17:26:45.771826
48,13,4,0,0,0,2026-07-30T17:26:46.035459
48,13,5,0,0,0,2026-07-30T17:26:46.444404
48,13,6,0,0,0,2026-07-30T17:26:46.686682
48,13,7,0,0,0,2026-07-30T17:26:46.853700
48,13,8,0,0,0,2026-07-30T17:26:47.092053
48,13,9,1,0,1,2026-07-30T17:26:47.261272
48,13,10,0,0,0,2026-07-30T17:26:46.815666
48,14,1,5,0,5,2026-07-30T17:26:47.963090
48,14,2,5,0,5,2026-07-30T17:26:47.467216
48,14,3,5,0,5,2026-07-30T17:26:47.707092
48,14,4,5,0,5,2026-07-30T17:26:48.113675
48,14,5,5,0,5,2026-07-30T17:26:48.252098
48,14,6,5,0,5,2026-07-30T17:26:48.901978
48,14,7,5,0,5,2026-07-30T17:26:48.936943
48,14,8,5,0,5,2026-07-30T17:26:48.722436
48,14,9,5,0,5,2026-07-30T17:26:49.103722
48,14,10,5,0,5,2026-07-30T17:26:48.758020
48,15,1,0,0,0,2026-07-30T17:26:49.808573
48,15,2,0,0,0,2026-07-30T17:26:49.536486
48,15,3,0,0,0,2026-07-30T17:26:49.498765
48,15,4,0,0,0,2026-07-30T17:26:49.963626
48,15,5,0,0,0,2026-07-30T17:26:50.620205
48,15,6,0,0,0,2026-07-30T17:26:50.943949
48,15,7,0,0,0,2026-07-30T17:26:50.571421
48,15,8,0,0,0,2026-07-30T17:26:50.345591
48,15,9,0,0,0,2026-07-30T17:26:50.737411
48,15,10,0,0,0,2026-07-30T17:26:51.160703
48,16,1,5,0,5,2026-07-30T17:26:51.654604
48,16,2,5,0,5,2026-07-30T17:26:51.391758
48,16,3,5,0,5,2026-07-30T17:26:51.594328
48,16,4,5,0,5,2026-07-30T17:26:52.218673
48,16,5,5,0,5,2026-07-30T17:26:52.305215
48,16,6,5,0,5,2026-07-30T17:26:52.608409
48,16,7,5,0,5,2026-07-30T17:26:52.002695
48,16,8,5,0,5,2026-07-30T17:26:53.007349
48,16,9,5,0,5,2026-07-30T17:26:52.936618
48,16,10,5,0,5,2026-07-30T17:26:53.440238
48,17,1,5,0,5,2026-07-30T17:26:53.527310
48,17,2,5,0,5,2026-07-30T17:26:53.654051
48,17,3,5,0,5,2026-07-30T17:26:53.859134
48,17,4,5,0,5,2026-07-30T17:26:53.370988
48,17,5,5,0,5,2026-07-30T17:26:54.276834
48,17,6,5,0,5,2026-07-30T17:26:54.592817
48,17,7,5,0,5,2026-07-30T17:26:54.257193
48,17,8,5,0,5,2026-07-30T17:26:54.812869
48,17,9,5,0,5,2026-07-30T17:26:54.519386
48,17,10,5,0,5,2026-07-30T17:26:54.577411
48,18,1,3,0,3,2026-07-30T17:26:55.531769
48,18,2,5,0,5,2026-07-30T17:26:55.111259
48,18,3,3,0,3,2026-07-30T17:26:55.713953
48,18,4,3,0,3,2026-07-30T17:26:55.313467
48,18,5,3,0,3,2026-07-30T17:26:55.999321
48,18,6,3,0,3,2026-07-30T17:26:56.036954
48,18,7,3,0,3,2026-07-30T17:26:56.040357
48,18,8,3,0,3,2026-07-30T17:26:56.482225
48,18,9,3,0,3,2026-07-30T17:26:56.547835
48,18,10,3,0,3,2026-07-30T17:26:56.379394
48,19,1,5,0,5,2026-07-30T17:26:56.803299
48,19,2,0,0,0,2026-07-30T17:26:57.346581
48,19,3,5,0,5,2026-07-30T17:26:57.640545
48,19,4,5,0,5,2026-07-30T17:26:57.293655
48,19,5,5,0,5,2026-07-30T17:26:57.084889
48,19,6,5,0,5,2026-07-30T17:26:57.839163
48,19,7,5,0,5,2026-07-30T17:26:58.154406
48,19,8,5,0,5,2026-07-30T17:26:57.991729
48,19,9,4,0,4,2026-07-30T17:26:58.256565
48,19,10,3,0,3,2026-07-30T17:26:58.122404
48,20,1,5,0,5,2026-07-30T17:26:58.944032
48,20,2,5,0,5,2026-07-30T17:26:59.395932
48,20,3,5,0,5,2026-07-30T17:26:59.121946
48,20,4,5,0,5,2026-07-30T17:26:59.311120
48,20,5,5,0,5,2026-07-30T17:26:59.869200
48,20,6,5,0,5,2026-07-30T17:26:59.605693
48,20,7,5,0,5,2026-07-30T17:27:00.006705
48,20,8,5,0,5,2026-07-30T17:26:59.939074
48,20,9,5,0,5,2026-07-30T17:27:00.159304
48,20,10,5,0,5,2026-07-30T17:27:00.342734
48,21,1,5,0,5,2026-07-30T17:27:00.970277
48,21,2,5,0,5,2026-07-30T17:27:00.640658
48,21,3,5,0,5,2026-07-30T17:27:00.837410
48,21,4,5,0,5,2026-07-30T17:27:01.516797
48,21,5,5,0,5,2026-07-30T17:27:01.769308
48,21,6,5,0,5,2026-07-30T17:27:01.254495
48,21,7,5,0,5,2026-07-30T17:27:01.784816
48,21,8,5,0,5,2026-07-30T17:27:01.793664
48,21,9,5,0,5,2026-07-30T17:27:01.671825
48,21,10,5,0,5,2026-07-30T17:27:02.072128
48,22,1,5,0,5,2026-07-30T17:27:02.813782
48,22,2,5,0,5,2026-07-30T17:27:02.687345
48,22,3,5,0,5,2026-07-30T17:27:03.150206
48,22,4,5,0,5,2026-07-30T17:27:03.106330
48,22,5,5,0,5,2026-07-30T17:27:02.991927
48,22,6,5,0,5,2026-07-30T17:27:03.629633
48,22,7,5,0,5,2026-07-30T17:27:03.867373
48,22,8,5,0,5,2026-07-30T17:27:03.294377
48,22,9,5,0,5,2026-07-30T17:27:04.347507
48,22,10,5,0,5,2026-07-30T17:27:04.643485
48,23,1,5,0,5,2026-07-30T17:27:04.657890
48,23,2,5,0,5,2026-07-30T17:27:04.968841
48,23,3,5,0,5,2026-07-30T17:27:05.208895
48,23,4,5,0,5,2026-07-30T17:27:05.343842
48,23,5,5,0,5,2026-07-30T17:27:05.266078
48,23,6,5,0,5,2026-07-30T17:27:05.928693
48,23,7,5,0,5,2026-07-30T17:27:06.225486
48,23,8,5,0,5,2026-07-30T17:27:06.296902
48,23,9,5,0,5,2026-07-30T17:27:05.708982
48,23,10,5,0,5,2026-07-30T17:27:06.203658
48,24,1,0,0,0,2026-07-30T17:27:06.442414
48,24,2,0,0,0,2026-07-30T17:27:06.290178
48,24,3,0,0,0,2026-07-30T17:27:06.365556
48,24,4,0,0,0,2026-07-30T17:27:07.124329
48,24,5,0,0,0,2026-07-30T17:27:07.151410
48,24,6,0,0,0,2026-07-30T17:27:07.451477
48,24,7,0,0,0,2026-07-30T17:27:07.684699
48,24,8,0,0,0,2026-07-30T17:27:07.751686
48,24,9,0,0,0,2026-07-30T17:27:08.134208
48,24,10,0,0,0,2026-07-30T17:27:07.988438
48,25,1,0,0,0,2026-07-30T17:27:08.129430
48,25,2,0,0,0,2026-07-30T17:27:09.181591
48,25,3,0,0,0,2026-07-30T17:27:08.616283
48,25,4,0,0,0,2026-07-30T17:27:08.887696
48,25,5,0,0,0,2026-07-30T17:27:09.529087
48,25,6,0,0,0,2026-07-30T17:27:09.603475
48,25,7,0,0,0,2026-07-30T17:27:09.244696
48,25,8,0,0,0,2026-07-30T17:27:10.004169
48,25,9,0,0,0,2026-07-30T17:27:09.787148
48,25,10,0,0,0,2026-07-30T17:27:10.440306
48,26,1,5,0,5,2026-07-30T17:27:10.348185
48,26,2,5,0,5,2026-07-30T17:27:11.024857
48,26,3,5,0,5,2026-07-30T17:27:10.482565
48,26,4,5,0,5,2026-07-30T17:27:10.755661
48,26,5,5,0,5,2026-07-30T17:27:11.450455
48,26,6,5,0,5,2026-07-30T17:27:11.658828
48,26,7,5,0,5,2026-07-30T17:27:12.089069
48,26,8,5,0,5,2026-07-30T17:27:11.620040
48,26,9,5,0,5,2026-07-30T17:27:12.092745
48,26,10,5,0,5,2026-07-30T17:27:11.741095
48,27,1,5,0,5,2026-07-30T17:27:12.211272
48,27,2,5,0,5,2026-07-30T17:27:12.462771
48,27,3,5,0,5,2026-07-30T17:27:12.705303
48,27,4,5,0,5,2026-07-30T17:27:13.043012
48,27,5,5,0,5,2026-07-30T17:27:13.114254
48,27,6,5,0,5,2026-07-30T17:27:13.393805
48,27,7,5,0,5,2026-07-30T17:27:13.991985
48,27,8,5,0,5,2026-07-30T17:27:13.318452
48,27,9,5,0,5,2026-07-30T17:27:13.462318
48,27,10,5,0,5,2026-07-30T17:27:14.325990
48,28,1,4,0,4,2026-07-30T17:27:14.128157
48,28,2,5,0,5,2026-07-30T17:27:15.102213
48,28,3,5,0,5,2026-07-30T17:27:14.935990
48,28,4,5,0,5,2026-07-30T17:27:14.373611
48,28,5,5,0,5,2026-07-30T17:27:14.812353
48,28,6,4,0,4,2026-07-30T17:27:15.320250
48,28,7,4,0,4,2026-07-30T17:27:15.607861
48,28,8,5,0,5,2026-07-30T17:27:15.561852
48,28,9,5,0,5,2026-07-30T17:27:15.981321
48,28,10,5,0,5,2026-07-30T17:27:16.006130
48,29,1,5,0,5,2026-07-30T17:27:15.647223
48,29,2,5,0,5,2026-07-30T17:27:15.967695
48,29,3,5,0,5,2026-07-30T17:27:16.341802
48,29,4,5,0,5,2026-07-30T17:27:16.969949
48,29,5,5,0,5,2026-07-30T17:27:17.233857
48,29,6,5,0,5,2026-07-30T17:27:17.446343
48,29,7,5,0,5,2026-07-30T17:27:16.694025
48,29,8,5,0,5,2026-07-30T17:27:17.418913
48,29,9,5,0,5,2026-07-30T17:27:17.234065
48,29,10,5,0,5,2026-07-30T17:27:17.853446
48,30,1,5,0,5,2026-07-30T17:27:17.778039
48,30,2,5,0,5,2026-07-30T17:27:18.127031
48,30,3,5,0,5,2026-07-30T17:27:18.597711
48,30,4,5,0,5,2026-07-30T17:27:19.096080
48,30,5,5,0,5,2026-07-30T17:27:19.092743
48,30,6,5,0,5,2026-07-30T17:27:18.842889
48,30,7,5,0,5,2026-07-30T17:27:19.318543
48,30,8,5,0,5,2026-07-30T17:27:19.424336
48,30,9,5,0,5,2026-07-30T17:27:19.066097
48,30,10,5,0,5,2026-07-30T17:27:19.998285
49,1,1,5,0,5,2026-07-30T17:27:20.232458
49,1,2,5,0,5,2026-07-30T17:27:20.677150
49,1,3,5,0,5,2026-07-30T17:27:20.307626
49,1,4,5,0,5,2026-07-30T17:27:20.527039
49,1,5,5,0,5,2026-07-30T17:27:20.120902
49,1,6,5,0,5,2026-07-30T17:27:21.372219
49,1,7,5,0,5,2026-07-30T17:27:20.867093
49,1,8,5,0,5,2026-07-30T17:27:21.036869
49,1,9,5,0,5,2026-07-30T17:27:21.361192
49,1,10,5,0,5,2026-07-30T17:27:21.262558
49,2,1,5,0,5,2026-07-30T17:27:21.564659
49,2,2,5,0,5,2026-07-30T17:27:21.573988
49,2,3,5,0,5,2026-07-30T17:27:21.942726
49,2,4,5,0,5,2026-07-30T17:27:21.891674
49,2,5,5,0,5,2026-07-30T17:27:22.269765
49,2,6,5,0,5,2026-07-30T17:27:22.691060
49,2,7,5,0,5,2026-07-30T17:27:22.998620
49,2,8,5,0,5,2026-07-30T17:27:23.383265
49,2,9,5,0,5,2026-07-30T17:27:23.217371
49,2,10,5,0,5,2026-07-30T17:27:23.238244
49,3,1,2,0,2,2026-07-30T17:27:23.343333
49,3,2,3,0,3,2026-07-30T17:27:23.176363
49,3,3,2,0,2,2026-07-30T17:27:23.539471
49,3,4,3,0,3,2026-07-30T17:27:24.733064
49,3,5,2,0,2,2026-07-30T17:27:24.654277
49,3,6,2,0,2,2026-07-30T17:27:25.229408
49,3,7,2,0,2,2026-07-30T17:27:24.447576
49,3,8,1,0,1,2026-07-30T17:27:24.455690
49,3,9,2,0,2,2026-07-30T17:27:24.999727
49,3,10,0,0,0,2026-07-30T17:27:25.235789
49,4,1,0,0,0,2026-07-30T17:27:24.817370
49,4,2,0,0,0,2026-07-30T17:27:25.900004
49,4,3,0,0,0,2026-07-30T17:27:26.127737
49,4,4,0,0,0,2026-07-30T17:27:25.674404
49,4,5,3,0,3,2026-07-30T17:27:26.384182
49,4,6,0,0,0,2026-07-30T17:27:26.666114
49,4,7,0,0,0,2026-07-30T17:27:26.111195
49,4,8,0,0,0,2026-07-30T17:27:26.494212
49,4,9,0,0,0,2026-07-30T17:27:26.466000
49,4,10,0,0,0,2026-07-30T17:27:27.318109
49,5,1,0,0,0,2026-07-30T17:27:27.136211
49,5,2,0,0,0,2026-07-30T17:27:27.935309
49,5,3,0,0,0,2026-07-30T17:27:27.141392
49,5,4,0,0,0,2026-07-30T17:27:28.234756
49,5,5,0,0,0,2026-07-30T17:27:27.495259
49,5,6,0,0,0,2026-07-30T17:27:27.719268
49,5,7,0,0,0,2026-07-30T17:27:28.098341
49,5,8,0,0,0,2026-07-30T17:27:28.581603
49,5,9,0,0,0,2026-07-30T17:27:28.759775
49,5,10,0,0,0,2026-07-30T17:27:28.745967
49,6,1,5,0,5,2026-07-30T17:27:29.337742
49,6,2,5,0,5,2026-07-30T17:27:29.159094
49,6,3,5,0,5,2026-07-30T17:27:28.985592
49,6,4,5,0,5,2026-07-30T17:27:29.545011
49,6,5,5,0,5,2026-07-30T17:27:29.664193
49,6,6,5,0,5,2026-07-30T17:27:29.619207
49,6,7,5,0,5,2026-07-30T17:27:30.605273
49,6,8,5,0,5,2026-07-30T17:27:30.609504
49,6,9,5,0,5,2026-07-30T17:27:30.427473
49,6,10,5,0,5,2026-07-30T17:27:30.592532
49,7,1,5,0,5,2026-07-30T17:27:32.033658
49,7,2,5,0,5,2026-07-30T17:27:32.768505
49,7,3,5,0,5,2026-07-30T17:27:31.248865
49,7,4,5,0,5,2026-07-30T17:27:32.608884
49,7,5,5,0,5,2026-07-30T17:27:32.720728
49,7,6,5,0,5,2026-07-30T17:27:32.647795
49,7,7,5,0,5,2026-07-30T17:27:32.662357
49,7,8,5,0,5,2026-07-30T17:27:32.673989
49,7,9,5,0,5,2026-07-30T17:27:32.673927
49,7,10,5,0,5,2026-07-30T17:27:33.457824
49,8,1,5,0,5,2026-07-30T17:27:33.854142
49,8,2,5,0,5,2026-07-30T17:27:33.871635
49,8,3,5,0,5,2026-07-30T17:27:34.307694
49,8,4,5,0,5,2026-07-30T17:27:33.902303
49,8,5,5,0,5,2026-07-30T17:27:33.694856
49,8,6,5,0,5,2026-07-30T17:27:33.733891
49,8,7,5,0,5,2026-07-30T17:27:33.851641
49,8,8,5,0,5,2026-07-30T17:27:34.883286
49,8,9,5,0,5,2026-07-30T17:27:35.551613
49,8,10,5,0,5,2026-07-30T17:27:34.779622
49,9,1,0,0,0,2026-07-30T17:27:35.308180
49,9,2,0,0,0,2026-07-30T17:27:35.113539
49,9,3,0,0,0,2026-07-30T17:27:35.496988
49,9,4,0,0,0,2026-07-30T17:27:35.551882
49,9,5,0,0,0,2026-07-30T17:27:35.742475
49,9,6,0,0,0,2026-07-30T17:27:36.028635
49,9,7,0,0,0,2026-07-30T17:27:36.090977
49,9,8,0,0,0,2026-07-30T17:27:36.568488
49,9,9,2,0,2,2026-07-30T17:27:37.150599
49,9,10,2,0,2,2026-07-30T17:27:36.544554
49,10,1,5,0,5,2026-07-30T17:27:37.005348
49,10,2,5,0,5,2026-07-30T17:27:37.200503
49,10,3,5,0,5,2026-07-30T17:27:36.996799
49,10,4,0,0,0,2026-07-30T17:27:37.269507
49,10,5,5,0,5,2026-07-30T17:27:37.933727
49,10,6,3,0,3,2026-07-30T17:27:37.788937
49,10,7,3,0,3,2026-07-30T17:27:38.398202
49,10,8,0,0,0,2026-07-30T17:27:38.655354
49,10,9,5,0,5,2026-07-30T17:27:38.838686
49,10,10,5,0,5,2026-07-30T17:27:39.033321
49,11,1,5,0,5,2026-07-30T17:27:39.035497
49,11,2,5,0,5,2026-07-30T17:27:38.280388
49,11,3,5,0,5,2026-07-30T17:27:39.440948
49,11,4,5,0,5,2026-07-30T17:27:39.587645
49,11,5,5,0,5,2026-07-30T17:27:39.915832
49,11,6,5,0,5,2026-07-30T17:27:40.240651
49,11,7,5,0,5,2026-07-30T17:27:40.094764
49,11,8,5,0,5,2026-07-30T17:27:40.259429
49,11,9,5,0,5,2026-07-30T17:27:40.649294
49,11,10,5,0,5,2026-07-30T17:27:40.087027
49,12,1,5,0,5,2026-07-30T17:27:40.710182
49,12,2,5,0,5,2026-07-30T17:27:40.809104
49,12,3,5,0,5,2026-07-30T17:27:41.366523
49,12,4,5,0,5,2026-07-30T17:27:41.533685
49,12,5,5,0,5,2026-07-30T17:27:41.535195
49,12,6,5,0,5,2026-07-30T17:27:41.680899
49,12,7,5,0,5,2026-07-30T17:27:41.703124
49,12,8,5,0,5,2026-07-30T17:27:41.874900
49,12,9,5,0,5,2026-07-30T17:27:41.951454
49,12,10,5,0,5,2026-07-30T17:27:42.649715
49,13,1,0,0,0,2026-07-30T17:27:42.391184
49,13,2,0,0,0,2026-07-30T17:27:43.411936
49,13,3,0,0,0,2026-07-30T17:27:43.189365
49,13,4,0,0,0,2026-07-30T17:27:43.350009
49,13,5,0,0,0,2026-07-30T17:27:43.375391
49,13,6,0,0,0,2026-07-30T17:27:43.530990
49,13,7,0,0,0,2026-07-30T17:27:43.993343
49,13,8,0,0,0,2026-07-30T17:27:43.607958
49,13,9,0,0,0,2026-07-30T17:27:43.667662
49,13,10,0,0,0,2026-07-30T17:27:44.422398
49,14,1,5,0,5,2026-07-30T17:27:44.371860
49,14,2,5,0,5,2026-07-30T17:27:45.427014
49,14,3,5,0,5,2026-07-30T17:27:44.854992
49,14,4,3,0,3,2026-07-30T17:27:44.568344
49,14,5,4,0,4,2026-07-30T17:27:45.246690
49,14,6,4,0,4,2026-07-30T17:27:45.093831
49,14,7,5,0,5,2026-07-30T17:27:45.439277
49,14,8,2,0,2,2026-07-30T17:27:46.416794
49,14,9,5,0,5,2026-07-30T17:27:46.040172
49,14,10,5,0,5,2026-07-30T17:27:45.605034
49,15,1,5,0,5,2026-07-30T17:27:46.486085
49,15,2,5,0,5,2026-07-30T17:27:46.143681
49,15,3,5,0,5,2026-07-30T17:27:46.509303
49,15,4,5,0,5,2026-07-30T17:27:47.036065
49,15,5,5,0,5,2026-07-30T17:27:46.486587
49,15,6,5,0,5,2026-07-30T17:27:47.262029
49,15,7,5,0,5,2026-07-30T17:27:47.093045
49,15,8,5,0,5,2026-07-30T17:27:47.383935
49,15,9,5,0,5,2026-07-30T17:27:48.054569
49,15,10,5,0,5,2026-07-30T17:27:48.116077
49,16,1,5,0,5,2026-07-30T17:27:47.941608
49,16,2,5,0,5,2026-07-30T17:27:48.335747
49,16,3,5,0,5,2026-07-30T17:27:48.467207
49,16,4,5,0,5,2026-07-30T17:27:48.731800
49,16,5,5,0,5,2026-07-30T17:27:49.288617
49,16,6,5,0,5,2026-07-30T17:27:48.645705
49,16,7,5,0,5,2026-07-30T17:27:49.361398
49,16,8,5,0,5,2026-07-30T17:27:49.912884
49,16,9,5,0,5,2026-07-30T17:27:49.524987
49,16,10,5,0,5,2026-07-30T17:27:50.188056
49,17,1,5,0,5,2026-07-30T17:27:49.521275
49,17,2,5,0,5,2026-07-30T17:27:49.864487
49,17,3,5,0,5,2026-07-30T17:27:50.166598
49,17,4,5,0,5,2026-07-30T17:27:50.326417
49,17,5,5,0,5,2026-07-30T17:27:51.169737
49,17,6,5,0,5,2026-07-30T17:27:51.154812
49,17,7,5,0,5,2026-07-30T17:27:50.780455
49,17,8,5,0,5,2026-07-30T17:27:51.087596
49,17,9,5,0,5,2026-07-30T17:27:51.766399
49,17,10,5,0,5,2026-07-30T17:27:51.810449
49,18,1,3,0,3,2026-07-30T17:27:51.449013
49,18,2,3,0,3,2026-07-30T17:27:51.762643
49,18,3,3,0,3,2026-07-30T17:27:51.991875
49,18,4,3,0,3,2026-07-30T17:27:52.768797
49,18,5,3,0,3,2026-07-30T17:27:52.575271
49,18,6,2,0,2,2026-07-30T17:27:52.607484
49,18,7,3,0,3,2026-07-30T17:27:52.865165
49,18,8,2,0,2,2026-07-30T17:27:52.581734
49,18,9,2,0,2,2026-07-30T17:27:53.407404
49,18,10,3,0,3,2026-07-30T17:27:53.045094
49,19,1,0,0,0,2026-07-30T17:27:53.247243
49,19,2,2,0,2,2026-07-30T17:27:53.641850
49,19,3,2,0,2,2026-07-30T17:27:54.049453
49,19,4,0,0,0,2026-07-30T17:27:54.055083
49,19,5,4,0,4,2026-07-30T17:27:54.618836
49,19,6,0,0,0,2026-07-30T17:27:54.092462
49,19,7,0,0,0,2026-07-30T17:27:54.887861
49,19,8,2,0,2,2026-07-30T17:27:54.304161
49,19,9,3,0,3,2026-07-30T17:27:54.884435
49,19,10,0,0,0,2026-07-30T17:27:55.101344
49,20,1,5,0,5,2026-07-30T17:27:55.337904
49,20,2,5,0,5,2026-07-30T17:27:55.712596
49,20,3,5,0,5,2026-07-30T17:27:55.934632
49,20,4,5,0,5,2026-07-30T17:27:56.190441
49,20,5,5,0,5,2026-07-30T17:27:56.077407
49,20,6,5,0,5,2026-07-30T17:27:56.754740
49,20,7,5,0,5,2026-07-30T17:27:56.548552
49,20,8,5,0,5,2026-07-30T17:27:56.547562
49,20,9,5,0,5,2026-07-30T17:27:56.991214
49,20,10,5,0,5,2026-07-30T17:27:57.378827
49,21,1,5,0,5,2026-07-30T17:27:57.401589
49,21,2,5,0,5,2026-07-30T17:27:57.533724
49,21,3,5,0,5,2026-07-30T17:27:57.427811
49,21,4,5,0,5,2026-07-30T17:27:57.790270
49,21,5,5,0,5,2026-07-30T17:27:58.422471
49,21,6,5,0,5,2026-07-30T17:27:58.618872
49,21,7,5,0,5,2026-07-30T17:27:58.243974
49,21,8,5,0,5,2026-07-30T17:27:59.415300
49,21,9,5,0,5,2026-07-30T17:27:59.460541
49,21,10,5,0,5,2026-07-30T17:27:58.873066
49,22,1,5,0,5,2026-07-30T17:27:58.980326
49,22,2,5,0,5,2026-07-30T17:27:59.255820
49,22,3,5,0,5,2026-07-30T17:27:59.928930
49,22,4,5,0,5,2026-07-30T17:28:00.149073
49,22,5,5,0,5,2026-07-30T17:27:59.876454
49,22,6,5,0,5,2026-07-30T17:28:00.731503
49,22,7,5,0,5,2026-07-30T17:28:00.242834
49,22,8,5,0,5,2026-07-30T17:28:01.092225
49,22,9,5,0,5,2026-07-30T17:28:01.266155
49,22,10,5,0,5,2026-07-30T17:28:00.506390
49,23,1,5,0,5,2026-07-30T17:28:01.137018
49,23,2,5,0,5,2026-07-30T17:28:00.780613
49,23,3,5,0,5,2026-07-30T17:28:01.171444
49,23,4,5,0,5,2026-07-30T17:28:01.299508
49,23,5,5,0,5,2026-07-30T17:28:01.600120
49,23,6,5,0,5,2026-07-30T17:28:02.670466
49,23,7,5,0,5,2026-07-30T17:28:02.741812
49,23,8,5,0,5,2026-07-30T17:28:02.992122
49,23,9,5,0,5,2026-07-30T17:28:02.381535
49,23,10,5,0,5,2026-07-30T17:28:02.265165
49,24,1,0,0,0,2026-07-30T17:28:02.330612
49,24,2,5,0,5,2026-07-30T17:28:02.752342
49,24,3,0,0,0,2026-07-30T17:28:02.733660
49,24,4,0,0,0,2026-07-30T17:28:03.843526
49,24,5,0,0,0,2026-07-30T17:28:04.019338
49,24,6,5,0,5,2026-07-30T17:28:03.847024
49,24,7,0,0,0,2026-07-30T17:28:04.545796
49,24,8,0,0,0,2026-07-30T17:28:04.395755
49,24,9,0,0,0,2026-07-30T17:28:03.586253
49,24,10,0,0,0,2026-07-30T17:28:03.791845
49,25,1,5,0,5,2026-07-30T17:28:04.658778
49,25,2,5,0,5,2026-07-30T17:28:04.636016
49,25,3,5,0,5,2026-07-30T17:28:05.837117
49,25,4,5,0,5,2026-07-30T17:28:05.513247
49,25,5,5,0,5,2026-07-30T17:28:04.905448
49,25,6,5,0,5,2026-07-30T17:28:05.427374
49,25,7,5,0,5,2026-07-30T17:28:05.633555
49,25,8,5,0,5,2026-07-30T17:28:06.202069
49,25,9,5,0,5,2026-07-30T17:28:06.509537
49,25,10,5,0,5,2026-07-30T17:28:06.529779
49,26,1,5,0,5,2026-07-30T17:28:05.953536
49,26,2,5,0,5,2026-07-30T17:28:07.088113
49,26,3,5,0,5,2026-07-30T17:28:06.543318
49,26,4,5,0,5,2026-07-30T17:28:07.483287
49,26,5,5,0,5,2026-07-30T17:28:07.049180
49,26,6,5,0,5,2026-07-30T17:28:07.241269
49,26,7,5,0,5,2026-07-30T17:28:07.269795
49,26,8,5,0,5,2026-07-30T17:28:07.724987
49,26,9,5,0,5,2026-07-30T17:28:07.985579
49,26,10,5,0,5,2026-07-30T17:28:08.207962
49,27,1,5,0,5,2026-07-30T17:28:08.688393
49,27,2,5,0,5,2026-07-30T17:28:08.338907
49,27,3,5,0,5,2026-07-30T17:28:08.905273
49,27,4,5,0,5,2026-07-30T17:28:09.118501
49,27,5,5,0,5,2026-07-30T17:28:08.950407
49,27,6,5,0,5,2026-07-30T17:28:08.925613
49,27,7,5,0,5,2026-07-30T17:28:09.211152
49,27,8,5,0,5,2026-07-30T17:28:09.248402
49,27,9,5,0,5,2026-07-30T17:28:09.949020
49,27,10,5,0,5,2026-07-30T17:28:10.510260
49,28,1,5,0,5,2026-07-30T17:28:10.329182
49,28,2,5,0,5,2026-07-30T17:28:10.761606
49,28,3,4,0,4,2026-07-30T17:28:10.591165
49,28,4,3,0,3,2026-07-30T17:28:10.137749
49,28,5,3,0,3,2026-07-30T17:28:10.661689
49,28,6,5,0,5,2026-07-30T17:28:10.280292
49,28,7,5,0,5,2026-07-30T17:28:11.816075
49,28,8,5,0,5,2026-07-30T17:28:11.788765
49,28,9,5,0,5,2026-07-30T17:28:12.127740
49,28,10,3,0,3,2026-07-30T17:28:11.972667
49,29,1,0,0,0,2026-07-30T17:28:11.528843
49,29,2,5,0,5,2026-07-30T17:28:12.045501
49,29,3,0,0,0,2026-07-30T17:28:12.315726
49,29,4,5,0,5,2026-07-30T17:28:12.003727
49,29,5,0,0,0,2026-07-30T17:28:12.980869
49,29,6,0,0,0,2026-07-30T17:28:13.447897
49,29,7,0,0,0,2026-07-30T17:28:13.051281
49,29,8,5,0,5,2026-07-30T17:28:13.627581
49,29,9,0,0,0,2026-07-30T17:28:13.448289
49,29,10,5,0,5,2026-07-30T17:28:13.129519
49,30,1,5,0,5,2026-07-30T17:28:13.991918
49,30,2,5,0,5,2026-07-30T17:28:13.368107
49,30,3,5,0,5,2026-07-30T17:28:14.221354
49,30,4,5,0,5,2026-07-30T17:28:14.502572
49,30,5,5,0,5,2026-07-30T17:28:14.557634
49,30,6,5,0,5,2026-07-30T17:28:14.844270
49,30,7,5,0,5,2026-07-30T17:28:15.138002
49,30,8,5,0,5,2026-07-30T17:28:14.914228
49,30,9,5,0,5,2026-07-30T17:28:14.917145
49,30,10,5,0,5,2026-07-30T17:28:15.805242
50,1,1,5,0,5,2026-07-30T17:28:15.664764
50,1,2,5,0,5,2026-07-30T17:28:15.717714
50,1,3,5,0,5,2026-07-30T17:28:15.801329
50,1,4,5,0,5,2026-07-30T17:28:16.288958
50,1,5,5,0,5,2026-07-30T17:28:15.925751
50,1,6,5,0,5,2026-07-30T17:28:15.959611
50,1,7,5,0,5,2026-07-30T17:28:16.398983
50,1,8,5,0,5,2026-07-30T17:28:16.737254
50,1,9,5,0,5,2026-07-30T17:28:17.548136
50,1,10,5,0,5,2026-07-30T17:28:17.284944
50,2,1,5,0,5,2026-07-30T17:28:17.452893
50,2,2,5,0,5,2026-07-30T17:28:17.400974
50,2,3,5,0,5,2026-07-30T17:28:17.171891
50,2,4,5,0,5,2026-07-30T17:28:17.938211
50,2,5,5,0,5,2026-07-30T17:28:17.653111
50,2,6,5,0,5,2026-07-30T17:28:17.979804
50,2,7,5,0,5,2026-07-30T17:28:18.839901
50,2,8,5,0,5,2026-07-30T17:28:18.331485
50,2,9,5,0,5,2026-07-30T17:28:19.022003
50,2,10,5,0,5,2026-07-30T17:28:19.282026
50,3,1,5,0,5,2026-07-30T17:28:18.776285
50,3,2,5,0,5,2026-07-30T17:28:18.895672
50,3,3,5,0,5,2026-07-30T17:28:19.796407
50,3,4,5,0,5,2026-07-30T17:28:19.217014
50,3,5,5,0,5,2026-07-30T17:28:19.367516
50,3,6,5,0,5,2026-07-30T17:28:20.408324
50,3,7,5,0,5,2026-07-30T17:28:20.473482
50,3,8,5,0,5,2026-07-30T17:28:19.937875
50,3,9,5,0,5,2026-07-30T17:28:20.891786
50,3,10,5,0,5,2026-07-30T17:28:20.843969
50,4,1,5,0,5,2026-07-30T17:28:20.337307
50,4,2,5,0,5,2026-07-30T17:28:21.205407
50,4,3,5,0,5,2026-07-30T17:28:20.865764
50,4,4,5,0,5,2026-07-30T17:28:21.594742
50,4,5,5,0,5,2026-07-30T17:28:22.204808
50,4,6,5,0,5,2026-07-30T17:28:21.828460
50,4,7,5,0,5,2026-07-30T17:28:21.507142
50,4,8,5,0,5,2026-07-30T17:28:21.876048
50,4,9,5,0,5,2026-07-30T17:28:22.306927
50,4,10,5,0,5,2026-07-30T17:28:22.717532
50,5,1,5,0,5,2026-07-30T17:28:22.258738
50,5,2,5,0,5,2026-07-30T17:28:23.362017
50,5,3,5,0,5,2026-07-30T17:28:22.846837
50,5,4,5,0,5,2026-07-30T17:28:23.685117
50,5,5,5,0,5,2026-07-30T17:28:23.745903
50,5,6,5,0,5,2026-07-30T17:28:24.012708
50,5,7,5,0,5,2026-07-30T17:28:23.727351
50,5,8,5,0,5,2026-07-30T17:28:24.356971
50,5,9,5,0,5,2026-07-30T17:28:23.954660
50,5,10,5,0,5,2026-07-30T17:28:24.692473
50,6,1,5,0,5,2026-07-30T17:28:24.787442
50,6,2,5,0,5,2026-07-30T17:28:24.945335
50,6,3,5,0,5,2026-07-30T17:28:25.187582
50,6,4,5,0,5,2026-07-30T17:28:24.763352
50,6,5,5,0,5,2026-07-30T17:28:25.826860
50,6,6,5,0,5,2026-07-30T17:28:25.866509
50,6,7,5,0,5,2026-07-30T17:28:26.200569
50,6,8,5,0,5,2026-07-30T17:28:25.903887
50,6,9,5,0,5,2026-07-30T17:28:26.586684
50,6,10,5,0,5,2026-07-30T17:28:26.426853
50,7,1,5,0,5,2026-07-30T17:28:26.197299
50,7,2,5,0,5,2026-07-30T17:28:26.817467
50,7,3,5,0,5,2026-07-30T17:28:27.310805
50,7,4,5,0,5,2026-07-30T17:28:27.293927
50,7,5,5,0,5,2026-07-30T17:28:27.158658
50,7,6,5,0,5,2026-07-30T17:28:27.227102
50,7,7,5,0,5,2026-07-30T17:28:27.445512
50,7,8,5,0,5,2026-07-30T17:28:28.276462
50,7,9,5,0,5,2026-07-30T17:28:27.824432
50,7,10,5,0,5,2026-07-30T17:28:28.069341
50,8,1,5,0,5,2026-07-30T17:28:28.544630
50,8,2,5,0,5,2026-07-30T17:28:28.850598
50,8,3,5,0,5,2026-07-30T17:28:28.943930
50,8,4,5,0,5,2026-07-30T17:28:28.956141
50,8,5,5,0,5,2026-07-30T17:28:28.867745
50,8,6,5,0,5,2026-07-30T17:28:29.052795
50,8,7,5,0,5,2026-07-30T17:28:29.546837
50,8,8,5,0,5,2026-07-30T17:28:29.714797
50,8,9,5,0,5,2026-07-30T17:28:30.175636
50,8,10,5,0,5,2026-07-30T17:28:30.298095
50,9,1,5,0,5,2026-07-30T17:28:30.309462
50,9,2,5,0,5,2026-07-30T17:28:30.584772
50,9,3,5,0,5,2026-07-30T17:28:29.984363
50,9,4,5,0,5,2026-07-30T17:28:30.271515
50,9,5,5,0,5,2026-07-30T17:28:30.807320
50,9,6,5,0,5,2026-07-30T17:28:31.549635
50,9,7,5,0,5,2026-07-30T17:28:31.629538
50,9,8,5,0,5,2026-07-30T17:28:31.425561
50,9,9,5,0,5,2026-07-30T17:28:31.932316
50,9,10,5,0,5,2026-07-30T17:28:31.725345
50,10,1,5,0,5,2026-07-30T17:28:32.144443
50,10,2,5,0,5,2026-07-30T17:28:32.446996
50,10,3,5,0,5,2026-07-30T17:28:32.256819
50,10,4,5,0,5,2026-07-30T17:28:32.675495
50,10,5,5,0,5,2026-07-30T17:28:32.798036
50,10,6,5,0,5,2026-07-30T17:28:33.039127
50,10,7,5,0,5,2026-07-30T17:28:33.762679
50,10,8,5,0,5,2026-07-30T17:28:33.370958
50,10,9,5,0,5,2026-07-30T17:28:33.597790
50,10,10,5,0,5,2026-07-30T17:28:33.916986
50,11,1,5,0,5,2026-07-30T17:28:33.894928
50,11,2,5,0,5,2026-07-30T17:28:34.535494
50,11,3,5,0,5,2026-07-30T17:28:34.453155
50,11,4,5,0,5,2026-07-30T17:28:34.080634
50,11,5,5,0,5,2026-07-30T17:28:35.031421
50,11,6,5,0,5,2026-07-30T17:28:34.644464
50,11,7,5,0,5,2026-07-30T17:28:35.810927
50,11,8,5,0,5,2026-07-30T17:28:34.956505
50,11,9,5,0,5,2026-07-30T17:28:35.988849
50,11,10,5,0,5,2026-07-30T17:28:35.910624
50,12,1,5,0,5,2026-07-30T17:28:36.311345
50,12,2,5,0,5,2026-07-30T17:28:35.993336
50,12,3,5,0,5,2026-07-30T17:28:36.519852
50,12,4,5,0,5,2026-07-30T17:28:36.426586
50,12,5,5,0,5,2026-07-30T17:28:36.255725
50,12,6,5,0,5,2026-07-30T17:28:36.864329
50,12,7,5,0,5,2026-07-30T17:28:37.508571
50,12,8,5,0,5,2026-07-30T17:28:37.043787
50,12,9,5,0,5,2026-07-30T17:28:37.515307
50,12,10,5,0,5,2026-07-30T17:28:37.545078
50,13,1,5,0,5,2026-07-30T17:28:37.973332
50,13,2,5,0,5,2026-07-30T17:28:38.478949
50,13,3,5,0,5,2026-07-30T17:28:38.584572
50,13,4,5,0,5,2026-07-30T17:28:37.911235
50,13,5,5,0,5,2026-07-30T17:28:38.557417
50,13,6,5,0,5,2026-07-30T17:28:39.375822
50,13,7,5,0,5,2026-07-30T17:28:39.014003
50,13,8,5,0,5,2026-07-30T17:28:39.648078
50,13,9,5,0,5,2026-07-30T17:28:39.773980
50,13,10,5,0,5,2026-07-30T17:28:39.653395
50,14,1,5,0,5,2026-07-30T17:28:40.090385
50,14,2,5,0,5,2026-07-30T17:28:39.788310
50,14,3,5,0,5,2026-07-30T17:28:39.828894
50,14,4,5,0,5,2026-07-30T17:28:41.045090
50,14,5,5,0,5,2026-07-30T17:28:40.591049
50,14,6,5,0,5,2026-07-30T17:28:41.283221
50,14,7,5,0,5,2026-07-30T17:28:40.905575
50,14,8,5,0,5,2026-07-30T17:28:41.003731
50,14,9,5,0,5,2026-07-30T17:28:41.644915
50,14,10,5,0,5,2026-07-30T17:28:41.675830
50,15,1,5,0,5,2026-07-30T17:28:41.922848
50,15,2,5,0,5,2026-07-30T17:28:42.043456
50,15,3,5,0,5,2026-07-30T17:28:42.346813
50,15,4,5,0,5,2026-07-30T17:28:42.232462
50,15,5,5,0,5,2026-07-30T17:28:42.265696
50,15,6,5,0,5,2026-07-30T17:28:42.276681
50,15,7,5,0,5,2026-07-30T17:28:42.870805
50,15,8,5,0,5,2026-07-30T17:28:43.123142
50,15,9,5,0,5,2026-07-30T17:28:43.756618
50,15,10,5,0,5,2026-07-30T17:28:43.663501
50,16,1,5,0,5,2026-07-30T17:28:43.476637
50,16,2,5,0,5,2026-07-30T17:28:43.327496
50,16,3,5,0,5,2026-07-30T17:28:44.135022
50,16,4,5,0,5,2026-07-30T17:28:43.764406
50,16,5,5,0,5,2026-07-30T17:28:44.531738
50,16,6,5,0,5,2026-07-30T17:28:44.389357
50,16,7,5,0,5,2026-07-30T17:28:45.025442
50,16,8,5,0,5,2026-07-30T17:28:45.309384
50,16,9,5,0,5,2026-07-30T17:28:45.533366
50,16,10,5,0,5,2026-07-30T17:28:44.813222
50,17,1,5,0,5,2026-07-30T17:28:45.615164
50,17,2,5,0,5,2026-07-30T17:28:45.379145
50,17,3,5,0,5,2026-07-30T17:28:45.817658
50,17,4,5,0,5,2026-07-30T17:28:45.760161
50,17,5,5,0,5,2026-07-30T17:28:46.067355
50,17,6,5,0,5,2026-07-30T17:28:46.458798
50,17,7,5,0,5,2026-07-30T17:28:46.334249
50,17,8,5,0,5,2026-07-30T17:28:46.608480
50,17,9,5,0,5,2026-07-30T17:28:47.167054
50,17,10,5,0,5,2026-07-30T17:28:46.659223
50,18,1,5,0,5,2026-07-30T17:28:46.772398
50,18,2,5,0,5,2026-07-30T17:28:47.890735
50,18,3,5,0,5,2026-07-30T17:28:47.905168
50,18,4,5,0,5,2026-07-30T17:28:47.984431
50,18,5,5,0,5,2026-07-30T17:28:47.940321
50,18,6,5,0,5,2026-07-30T17:28:47.664968
50,18,7,5,0,5,2026-07-30T17:28:48.515502
50,18,8,5,0,5,2026-07-30T17:28:48.423117
50,18,9,5,0,5,2026-07-30T17:28:49.047688
50,18,10,5,0,5,2026-07-30T17:28:49.312232
50,19,1,5,0,5,2026-07-30T17:28:49.331637
50,19,2,5,0,5,2026-07-30T17:28:49.518736
50,19,3,5,0,5,2026-07-30T17:28:49.201530
50,19,4,5,0,5,2026-07-30T17:28:49.627261
50,19,5,5,0,5,2026-07-30T17:28:50.067877
50,19,6,5,0,5,2026-07-30T17:28:49.966052
50,19,7,5,0,5,2026-07-30T17:28:50.491337
50,19,8,5,0,5,2026-07-30T17:28:51.028774
50,19,9,5,0,5,2026-07-30T17:28:51.198549
50,19,10,5,0,5,2026-07-30T17:28:50.775757
50,20,1,5,0,5,2026-07-30T17:28:50.769045
50,20,2,5,0,5,2026-07-30T17:28:51.299837
50,20,3,5,0,5,2026-07-30T17:28:51.803423
50,20,4,5,0,5,2026-07-30T17:28:51.090432
50,20,5,5,0,5,2026-07-30T17:28:51.741422
50,20,6,5,0,5,2026-07-30T17:28:52.232662
50,20,7,5,0,5,2026-07-30T17:28:52.029836
50,20,8,5,0,5,2026-07-30T17:28:52.886633
50,20,9,5,0,5,2026-07-30T17:28:52.724298
50,20,10,5,0,5,2026-07-30T17:28:52.421561
50,21,1,5,0,5,2026-07-30T17:28:52.341711
50,21,2,5,0,5,2026-07-30T17:28:53.410217
50,21,3,5,0,5,2026-07-30T17:28:53.652997
50,21,4,5,0,5,2026-07-30T17:28:53.291040
50,21,5,5,0,5,2026-07-30T17:28:54.269394
50,21,6,5,0,5,2026-07-30T17:28:53.361459
50,21,7,5,0,5,2026-07-30T17:28:54.287737
50,21,8,5,0,5,2026-07-30T17:28:53.940398
50,21,9,5,0,5,2026-07-30T17:28:54.328230
50,21,10,5,0,5,2026-07-30T17:28:54.889890
50,22,1,5,0,5,2026-07-30T17:28:54.403060
50,22,2,5,0,5,2026-07-30T17:28:54.855435
50,22,3,5,0,5,2026-07-30T17:28:54.663471
50,22,4,5,0,5,2026-07-30T17:28:55.190853
50,22,5,5,0,5,2026-07-30T17:28:56.093104
50,22,6,5,0,5,2026-07-30T17:28:55.351349
50,22,7,5,0,5,2026-07-30T17:28:56.179006
50,22,8,5,0,5,2026-07-30T17:28:56.073952
50,22,9,5,0,5,2026-07-30T17:28:55.689193
50,22,10,5,0,5,2026-07-30T17:28:56.496335
50,23,1,5,0,5,2026-07-30T17:28:55.945884
50,23,2,5,0,5,2026-07-30T17:28:56.852793
50,23,3,5,0,5,2026-07-30T17:28:57.215782
50,23,4,5,0,5,2026-07-30T17:28:57.531933
50,23,5,5,0,5,2026-07-30T17:28:56.977470
50,23,6,5,0,5,2026-07-30T17:28:57.508139
50,23,7,5,0,5,2026-07-30T17:28:57.315112
50,23,8,5,0,5,2026-07-30T17:28:57.834980
50,23,9,5,0,5,2026-07-30T17:28:57.962324
50,23,10,5,0,5,2026-07-30T17:28:58.703632
50,24,1,5,0,5,2026-07-30T17:28:58.197830
50,24,2,5,0,5,2026-07-30T17:28:59.056552
50,24,3,5,0,5,2026-07-30T17:28:58.971031
50,24,4,5,0,5,2026-07-30T17:28:58.944575
50,24,5,5,0,5,2026-07-30T17:28:59.585470
50,24,6,5,0,5,2026-07-30T17:28:59.683178
50,24,7,5,0,5,2026-07-30T17:28:59.812270
50,24,8,5,0,5,2026-07-30T17:28:59.424699
50,24,9,5,0,5,2026-07-30T17:28:59.960256
50,24,10,5,0,5,2026-07-30T17:29:00.614164
50,25,1,5,0,5,2026-07-30T17:29:00.606220
50,25,2,5,0,5,2026-07-30T17:29:00.286586
50,25,3,5,0,5,2026-07-30T17:29:01.265031
50,25,4,5,0,5,2026-07-30T17:29:01.241453
50,25,5,5,0,5,2026-07-30T17:29:00.909950
50,25,6,5,0,5,2026-07-30T17:29:01.874150
50,25,7,5,0,5,2026-07-30T17:29:01.018030
50,25,8,5,0,5,2026-07-30T17:29:01.544190
50,25,9,5,0,5,2026-07-30T17:29:02.269866
50,25,10,5,0,5,2026-07-30T17:29:02.052002
50,26,1,5,0,5,2026-07-30T17:29:02.366625
50,26,2,5,0,5,2026-07-30T17:29:03.070333
50,26,3,5,0,5,2026-07-30T17:29:02.292292
50,26,4,5,0,5,2026-07-30T17:29:02.705811
50,26,5,5,0,5,2026-07-30T17:29:02.785172
50,26,6,5,0,5,2026-07-30T17:29:03.297606
50,26,7,5,0,5,2026-07-30T17:29:03.279742
50,26,8,5,0,5,2026-07-30T17:29:03.513734
50,26,9,5,0,5,2026-07-30T17:29:04.127100
50,26,10,5,0,5,2026-07-30T17:29:03.412448
50,27,1,5,0,5,2026-07-30T17:29:04.746041
50,27,2,5,0,5,2026-07-30T17:29:04.213369
50,27,3,5,0,5,2026-07-30T17:29:04.707293
50,27,4,5,0,5,2026-07-30T17:29:04.508854
50,27,5,5,0,5,2026-07-30T17:29:04.741377
50,27,6,5,0,5,2026-07-30T17:29:04.671754
50,27,7,5,0,5,2026-07-30T17:29:04.749131
50,27,8,5,0,5,2026-07-30T17:29:05.150236
50,27,9,5,0,5,2026-07-30T17:29:05.697865
50,27,10,5,0,5,2026-07-30T17:29:06.338544
50,28,1,4,0,4,2026-07-30T17:29:06.501096
50,28,2,5,0,5,2026-07-30T17:29:06.354418
50,28,3,5,0,5,2026-07-30T17:29:05.973700
50,28,4,5,0,5,2026-07-30T17:29:06.190910
50,28,5,5,0,5,2026-07-30T17:29:06.171011
50,28,6,5,0,5,2026-07-30T17:29:06.791214
50,28,7,5,0,5,2026-07-30T17:29:06.945561
50,28,8,5,0,5,2026-07-30T17:29:07.215444
50,28,9,5,0,5,2026-07-30T17:29:07.635531
50,28,10,5,0,5,2026-07-30T17:29:08.022807
50,29,1,5,0,5,2026-07-30T17:29:07.575237
50,29,2,5,0,5,2026-07-30T17:29:07.799353
50,29,3,5,0,5,2026-07-30T17:29:08.148451
50,29,4,5,0,5,2026-07-30T17:29:08.001049
50,29,5,5,0,5,2026-07-30T17:29:08.380732
50,29,6,5,0,5,2026-07-30T17:29:08.455592
50,29,7,5,0,5,2026-07-30T17:29:09.620569
50,29,8,5,0,5,2026-07-30T17:29:09.479595
50,29,9,5,0,5,2026-07-30T17:29:09.443608
50,29,10,5,0,5,2026-07-30T17:29:09.464835
50,30,1,5,0,5,2026-07-30T17:29:09.874721
50,30,2,5,0,5,2026-07-30T17:29:09.594764
50,30,3,5,0,5,2026-07-30T17:29:09.619781
50,30,4,5,0,5,2026-07-30T17:29:09.615088
50,30,5,5,0,5,2026-07-30T17:29:10.665249
50,30,6,5,0,5,2026-07-30T17:29:10.483232
50,30,7,5,0,5,2026-07-30T17:29:11.146692
50,30,8,5,0,5,2026-07-30T17:29:11.049006
50,30,9,5,0,5,2026-07-30T17:29:10.690784
50,30,10,5,0,5,2026-07-30T17:29:11.451547
51,1,1,5,0,5,2026-07-30T17:29:11.489628
51,1,2,5,0,5,2026-07-30T17:29:11.937544
51,1,3,5,0,5,2026-07-30T17:29:11.924246
51,1,4,5,0,5,2026-07-30T17:29:11.712491
51,1,5,5,0,5,2026-07-30T17:29:12.138963
51,1,6,5,0,5,2026-07-30T17:29:12.896041
51,1,7,5,0,5,2026-07-30T17:29:12.612645
51,1,8,5,0,5,2026-07-30T17:29:12.701024
51,1,9,5,0,5,2026-07-30T17:29:13.149925
51,1,10,5,0,5,2026-07-30T17:29:13.370230
51,2,1,5,0,5,2026-07-30T17:29:13.573865
51,2,2,5,0,5,2026-07-30T17:29:13.755971
51,2,3,5,0,5,2026-07-30T17:29:14.013806
51,2,4,5,0,5,2026-07-30T17:29:14.435571
51,2,5,5,0,5,2026-07-30T17:29:14.346974
51,2,6,5,0,5,2026-07-30T17:29:14.937412
51,2,7,5,0,5,2026-07-30T17:29:15.011240
51,2,8,5,0,5,2026-07-30T17:29:14.430323
51,2,9,5,0,5,2026-07-30T17:29:14.819123
51,2,10,5,0,5,2026-07-30T17:29:15.626972
51,3,1,5,0,5,2026-07-30T17:29:15.672595
51,3,2,5,0,5,2026-07-30T17:29:16.191703
51,3,3,5,0,5,2026-07-30T17:29:15.663115
51,3,4,5,0,5,2026-07-30T17:29:15.449130
51,3,5,5,0,5,2026-07-30T17:29:16.044117
51,3,6,5,0,5,2026-07-30T17:29:16.393786
51,3,7,5,0,5,2026-07-30T17:29:16.642506
51,3,8,5,0,5,2026-07-30T17:29:16.661480
51,3,9,5,0,5,2026-07-30T17:29:17.486520
51,3,10,5,0,5,2026-07-30T17:29:17.317466
51,4,1,5,0,5,2026-07-30T17:29:17.514772
51,4,2,5,0,5,2026-07-30T17:29:17.908824
51,4,3,5,0,5,2026-07-30T17:29:17.448675
51,4,4,5,0,5,2026-07-30T17:29:17.851419
51,4,5,5,0,5,2026-07-30T17:29:17.687474
51,4,6,5,0,5,2026-07-30T17:29:18.290222
51,4,7,5,0,5,2026-07-30T17:29:19.378062
51,4,8,5,0,5,2026-07-30T17:29:18.682692
51,4,9,5,0,5,2026-07-30T17:29:18.763816
51,4,10,5,0,5,2026-07-30T17:29:19.147522
51,5,1,5,0,5,2026-07-30T17:29:19.135603
51,5,2,5,0,5,2026-07-30T17:29:19.706156
51,5,3,5,0,5,2026-07-30T17:29:19.750256
51,5,4,5,0,5,2026-07-30T17:29:19.941171
51,5,5,5,0,5,2026-07-30T17:29:19.893559
51,5,6,5,0,5,2026-07-30T17:29:20.033718
51,5,7,5,0,5,2026-07-30T17:29:21.026582
51,5,8,5,0,5,2026-07-30T17:29:20.608791
51,5,9,5,0,5,2026-07-30T17:29:21.247178
51,5,10,5,0,5,2026-07-30T17:29:21.158377
51,6,1,5,0,5,2026-07-30T17:29:21.403808
51,6,2,5,0,5,2026-07-30T17:29:21.746781
51,6,3,5,0,5,2026-07-30T17:29:21.170776
51,6,4,5,0,5,2026-07-30T17:29:21.687341
51,6,5,5,0,5,2026-07-30T17:29:21.659265
51,6,6,5,0,5,2026-07-30T17:29:22.893952
51,6,7,5,0,5,2026-07-30T17:29:22.807159
51,6,8,5,0,5,2026-07-30T17:29:22.048693
51,6,9,5,0,5,2026-07-30T17:29:22.694614
51,6,10,5,0,5,2026-07-30T17:29:22.875382
51,7,1,5,0,5,2026-07-30T17:29:23.108846
51,7,2,5,0,5,2026-07-30T17:29:22.937350
51,7,3,5,0,5,2026-07-30T17:29:23.191320
51,7,4,5,0,5,2026-07-30T17:29:23.683710
51,7,5,5,0,5,2026-07-30T17:29:23.930691
51,7,6,5,0,5,2026-07-30T17:29:24.645354
51,7,7,5,0,5,2026-07-30T17:29:24.108362
51,7,8,5,0,5,2026-07-30T17:29:24.336806
51,7,9,5,0,5,2026-07-30T17:29:24.225492
51,7,10,5,0,5,2026-07-30T17:29:24.564742
51,8,1,5,0,5,2026-07-30T17:29:24.235480
51,8,2,5,0,5,2026-07-30T17:29:25.530359
51,8,3,5,0,5,2026-07-30T17:29:24.967310
51,8,4,5,0,5,2026-07-30T17:29:25.356973
51,8,5,5,0,5,2026-07-30T17:29:25.475118
51,8,6,5,0,5,2026-07-30T17:29:25.862956
51,8,7,5,0,5,2026-07-30T17:29:25.796657
51,8,8,5,0,5,2026-07-30T17:29:25.999843
51,8,9,5,0,5,2026-07-30T17:29:26.124016
51,8,10,5,0,5,2026-07-30T17:29:26.215835
51,9,1,5,0,5,2026-07-30T17:29:26.410218
51,9,2,5,0,5,2026-07-30T17:29:26.728758
51,9,3,5,0,5,2026-07-30T17:29:26.778601
51,9,4,5,0,5,2026-07-30T17:29:27.013700
51,9,5,5,0,5,2026-07-30T17:29:27.102680
51,9,6,5,0,5,2026-07-30T17:29:27.249682
51,9,7,5,0,5,2026-07-30T17:29:27.963727
51,9,8,5,0,5,2026-07-30T17:29:28.085695
51,9,9,5,0,5,2026-07-30T17:29:28.040554
51,9,10,5,0,5,2026-07-30T17:29:28.380218
51,10,1,5,0,5,2026-07-30T17:29:28.415827
51,10,2,5,0,5,2026-07-30T17:29:27.840055
51,10,3,5,0,5,2026-07-30T17:29:28.976867
51,10,4,5,0,5,2026-07-30T17:29:28.481536
51,10,5,5,0,5,2026-07-30T17:29:29.088598
51,10,6,5,0,5,2026-07-30T17:29:29.395600
51,10,7,5,0,5,2026-07-30T17:29:29.889154
51,10,8,5,0,5,2026-07-30T17:29:29.329784
51,10,9,5,0,5,2026-07-30T17:29:30.030794
51,10,10,5,0,5,2026-07-30T17:29:29.514469
51,11,1,5,0,5,2026-07-30T17:29:30.512076
51,11,2,5,0,5,2026-07-30T17:29:30.017538
51,11,3,5,0,5,2026-07-30T17:29:30.730791
51,11,4,5,0,5,2026-07-30T17:29:31.188334
51,11,5,5,0,5,2026-07-30T17:29:31.045729
51,11,6,5,0,5,2026-07-30T17:29:30.931423
51,11,7,5,0,5,2026-07-30T17:29:31.167475
51,11,8,5,0,5,2026-07-30T17:29:31.261004
51,11,9,5,0,5,2026-07-30T17:29:31.447235
51,11,10,5,0,5,2026-07-30T17:29:31.950052
51,12,1,5,0,5,2026-07-30T17:29:32.374896
51,12,2,5,0,5,2026-07-30T17:29:32.791306
51,12,3,5,0,5,2026-07-30T17:29:32.297560
51,12,4,5,0,5,2026-07-30T17:29:32.407749
51,12,5,5,0,5,2026-07-30T17:29:32.619589
51,12,6,5,0,5,2026-07-30T17:29:32.703664
51,12,7,5,0,5,2026-07-30T17:29:33.299568
51,12,8,5,0,5,2026-07-30T17:29:33.183263
51,12,9,5,0,5,2026-07-30T17:29:33.536239
51,12,10,5,0,5,2026-07-30T17:29:34.211461
51,13,1,5,0,5,2026-07-30T17:29:33.425199
51,13,2,5,0,5,2026-07-30T17:29:33.651654
51,13,3,5,0,5,2026-07-30T17:29:33.553683
51,13,4,5,0,5,2026-07-30T17:29:34.653859
51,13,5,5,0,5,2026-07-30T17:29:35.019612
51,13,6,5,0,5,2026-07-30T17:29:34.731920
51,13,7,5,0,5,2026-07-30T17:29:34.881217
51,13,8,5,0,5,2026-07-30T17:29:34.576755
51,13,9,5,0,5,2026-07-30T17:29:35.171776
51,13,10,5,0,5,2026-07-30T17:29:35.121917
51,14,1,5,0,5,2026-07-30T17:29:35.277288
51,14,2,5,0,5,2026-07-30T17:29:36.009114
51,14,3,5,0,5,2026-07-30T17:29:35.706824
51,14,4,5,0,5,2026-07-30T17:29:36.182109
51,14,5,5,0,5,2026-07-30T17:29:36.316386
51,14,6,5,0,5,2026-07-30T17:29:36.252070
51,14,7,5,0,5,2026-07-30T17:29:36.357677
51,14,8,5,0,5,2026-07-30T17:29:36.403364
51,14,9,5,0,5,2026-07-30T17:29:37.097207
51,14,10,5,0,5,2026-07-30T17:29:37.005755
51,15,1,5,0,5,2026-07-30T17:29:37.479529
51,15,2,5,0,5,2026-07-30T17:29:37.839552
51,15,3,5,0,5,2026-07-30T17:29:38.089450
51,15,4,5,0,5,2026-07-30T17:29:37.392142
51,15,5,5,0,5,2026-07-30T17:29:38.219106
51,15,6,5,0,5,2026-07-30T17:29:37.666804
51,15,7,5,0,5,2026-07-30T17:29:38.657392
51,15,8,5,0,5,2026-07-30T17:29:38.364107
51,15,9,5,0,5,2026-07-30T17:29:38.625047
51,15,10,5,0,5,2026-07-30T17:29:39.121848
51,16,1,5,0,5,2026-07-30T17:29:39.313590
51,16,2,5,0,5,2026-07-30T17:29:39.268532
51,16,3,5,0,5,2026-07-30T17:29:39.333802
51,16,4,5,0,5,2026-07-30T17:29:39.649064
51,16,5,5,0,5,2026-07-30T17:29:39.795654
51,16,6,5,0,5,2026-07-30T17:29:40.093422
51,16,7,5,0,5,2026-07-30T17:29:40.517875
51,16,8,5,0,5,2026-07-30T17:29:40.775277
51,16,9,5,0,5,2026-07-30T17:29:41.309414
51,16,10,5,0,5,2026-07-30T17:29:41.149898
51,17,1,5,0,5,2026-07-30T17:29:40.578815
51,17,2,5,0,5,2026-07-30T17:29:41.495454
51,17,3,5,0,5,2026-07-30T17:29:41.446110
51,17,4,5,0,5,2026-07-30T17:29:41.739082
51,17,5,5,0,5,2026-07-30T17:29:41.735805
51,17,6,5,0,5,2026-07-30T17:29:41.994673
51,17,7,5,0,5,2026-07-30T17:29:42.223685
51,17,8,5,0,5,2026-07-30T17:29:42.805703
51,17,9,5,0,5,2026-07-30T17:29:42.539759
51,17,10,5,0,5,2026-07-30T17:29:43.055587
51,18,1,5,0,5,2026-07-30T17:29:42.917960
51,18,2,5,0,5,2026-07-30T17:29:43.171291
51,18,3,5,0,5,2026-07-30T17:29:43.573115
51,18,4,5,0,5,2026-07-30T17:29:43.636312
51,18,5,5,0,5,2026-07-30T17:29:44.069220
51,18,6,5,0,5,2026-07-30T17:29:44.399948
51,18,7,5,0,5,2026-07-30T17:29:44.659437
51,18,8,5,0,5,2026-07-30T17:29:43.932259
51,18,9,5,0,5,2026-07-30T17:29:44.289845
51,18,10,5,0,5,2026-07-30T17:29:44.647741
51,19,1,5,0,5,2026-07-30T17:29:45.640361
51,19,2,5,0,5,2026-07-30T17:29:45.449956
51,19,3,5,0,5,2026-07-30T17:29:45.801214
51,19,4,5,0,5,2026-07-30T17:29:46.111654
51,19,5,5,0,5,2026-07-30T17:29:46.363282
51,19,6,5,0,5,2026-07-30T17:29:46.461923
51,19,7,5,0,5,2026-07-30T17:29:46.695281
51,19,8,5,0,5,2026-07-30T17:29:46.292552
51,19,9,5,0,5,2026-07-30T17:29:47.072768
51,19,10,5,0,5,2026-07-30T17:29:47.487818
51,20,1,5,0,5,2026-07-30T17:29:46.844239
51,20,2,5,0,5,2026-07-30T17:29:47.551796
51,20,3,5,0,5,2026-07-30T17:29:47.331982
51,20,4,5,0,5,2026-07-30T17:29:48.193357
51,20,5,5,0,5,2026-07-30T17:29:48.290197
51,20,6,5,0,5,2026-07-30T17:29:47.928881
51,20,7,5,0,5,2026-07-30T17:29:48.698409
51,20,8,5,0,5,2026-07-30T17:29:48.737681
51,20,9,5,0,5,2026-07-30T17:29:48.363906
51,20,10,5,0,5,2026-07-30T17:29:48.946703
51,21,1,5,0,5,2026-07-30T17:29:48.999185
51,21,2,5,0,5,2026-07-30T17:29:49.213663
51,21,3,5,0,5,2026-07-30T17:29:49.847361
51,21,4,5,0,5,2026-07-30T17:29:50.336258
51,21,5,5,0,5,2026-07-30T17:29:49.567477
51,21,6,5,0,5,2026-07-30T17:29:50.574020
51,21,7,5,0,5,2026-07-30T17:29:50.397987
51,21,8,5,0,5,2026-07-30T17:29:50.595651
51,21,9,5,0,5,2026-07-30T17:29:50.849514
51,21,10,5,0,5,2026-07-30T17:29:50.429683
51,22,1,5,0,5,2026-07-30T17:29:50.796412
51,22,2,5,0,5,2026-07-30T17:29:51.675062
51,22,3,5,0,5,2026-07-30T17:29:51.583157
51,22,4,5,0,5,2026-07-30T17:29:51.427992
51,22,5,5,0,5,2026-07-30T17:29:52.461342
51,22,6,5,0,5,2026-07-30T17:29:51.616763
51,22,7,5,0,5,2026-07-30T17:29:52.258490
51,22,8,5,0,5,2026-07-30T17:29:52.646734
51,22,9,5,0,5,2026-07-30T17:29:52.711942
51,22,10,5,0,5,2026-07-30T17:29:52.883921
51,23,1,5,0,5,2026-07-30T17:29:52.823669
51,23,2,5,0,5,2026-07-30T17:29:53.058996
51,23,3,5,0,5,2026-07-30T17:29:53.107730
51,23,4,5,0,5,2026-07-30T17:29:53.694609
51,23,5,5,0,5,2026-07-30T17:29:53.873633
51,23,6,5,0,5,2026-07-30T17:29:54.326284
51,23,7,5,0,5,2026-07-30T17:29:53.934442
51,23,8,5,0,5,2026-07-30T17:29:54.689327
51,23,9,5,0,5,2026-07-30T17:29:54.321078
51,23,10,5,0,5,2026-07-30T17:29:54.897820
51,24,1,5,0,5,2026-07-30T17:29:54.137974
51,24,2,5,0,5,2026-07-30T17:29:54.932476
51,24,3,5,0,5,2026-07-30T17:29:55.121935
51,24,4,5,0,5,2026-07-30T17:29:55.784528
51,24,5,5,0,5,2026-07-30T17:29:55.347856
51,24,6,5,0,5,2026-07-30T17:29:55.776378
51,24,7,5,0,5,2026-07-30T17:29:55.759824
51,24,8,5,0,5,2026-07-30T17:29:55.734943
51,24,9,5,0,5,2026-07-30T17:29:55.951051
51,24,10,5,0,5,2026-07-30T17:29:55.994599
51,25,1,5,0,5,2026-07-30T17:29:56.958703
51,25,2,5,0,5,2026-07-30T17:29:56.392091
51,25,3,5,0,5,2026-07-30T17:29:56.764239
51,25,4,5,0,5,2026-07-30T17:29:57.031714
51,25,5,5,0,5,2026-07-30T17:29:57.226320
51,25,6,5,0,5,2026-07-30T17:29:57.405481
51,25,7,5,0,5,2026-07-30T17:29:57.792874
51,25,8,5,0,5,2026-07-30T17:29:58.057618
51,25,9,5,0,5,2026-07-30T17:29:57.661450
51,25,10,5,0,5,2026-07-30T17:29:58.595262
51,26,1,5,0,5,2026-07-30T17:29:58.223431
51,26,2,5,0,5,2026-07-30T17:29:58.091457
51,26,3,5,0,5,2026-07-30T17:29:58.903417
51,26,4,5,0,5,2026-07-30T17:29:59.080045
51,26,5,5,0,5,2026-07-30T17:29:58.685135
51,26,6,5,0,5,2026-07-30T17:29:59.446587
51,26,7,5,0,5,2026-07-30T17:29:59.092152
51,26,8,5,0,5,2026-07-30T17:29:59.757769
51,26,9,5,0,5,2026-07-30T17:29:59.882131
51,26,10,5,0,5,2026-07-30T17:29:59.631321
51,27,1,5,0,5,2026-07-30T17:30:00.125550
51,27,2,5,0,5,2026-07-30T17:30:00.321065
51,27,3,5,0,5,2026-07-30T17:30:00.370120
51,27,4,5,0,5,2026-07-30T17:30:00.784934
51,27,5,5,0,5,2026-07-30T17:30:00.684336
51,27,6,5,0,5,2026-07-30T17:30:01.486172
51,27,7,5,0,5,2026-07-30T17:30:01.815101
51,27,8,5,0,5,2026-07-30T17:30:01.316399
51,27,9,5,0,5,2026-07-30T17:30:02.182038
51,27,10,5,0,5,2026-07-30T17:30:01.578159
51,28,1,5,0,5,2026-07-30T17:30:01.408235
51,28,2,5,0,5,2026-07-30T17:30:01.739893
51,28,3,5,0,5,2026-07-30T17:30:02.243588
51,28,4,5,0,5,2026-07-30T17:30:02.753158
51,28,5,5,0,5,2026-07-30T17:30:03.018585
51,28,6,5,0,5,2026-07-30T17:30:03.529398
51,28,7,5,0,5,2026-07-30T17:30:03.216601
51,28,8,5,0,5,2026-07-30T17:30:03.174393
51,28,9,5,0,5,2026-07-30T17:30:03.266158
51,28,10,5,0,5,2026-07-30T17:30:03.619269
51,29,1,5,0,5,2026-07-30T17:30:03.487391
51,29,2,5,0,5,2026-07-30T17:30:04.812368
51,29,3,5,0,5,2026-07-30T17:30:04.877547
51,29,4,5,0,5,2026-07-30T17:30:05.025385
51,29,5,5,0,5,2026-07-30T17:30:05.075143
51,29,6,5,0,5,2026-07-30T17:30:04.709348
51,29,7,5,0,5,2026-07-30T17:30:04.520411
51,29,8,5,0,5,2026-07-30T17:30:05.359442
51,29,9,5,0,5,2026-07-30T17:30:05.494880
51,29,10,5,0,5,2026-07-30T17:30:06.169935
51,30,1,5,0,5,2026-07-30T17:30:06.760690
51,30,2,5,0,5,2026-07-30T17:30:06.853380
51,30,3,5,0,5,2026-07-30T17:30:06.929329
51,30,4,5,0,5,2026-07-30T17:30:06.273788
51,30,5,5,0,5,2026-07-30T17:30:06.346161
51,30,6,5,0,5,2026-07-30T17:30:06.786742
51,30,7,5,0,5,2026-07-30T17:30:07.548056
51,30,8,5,0,5,2026-07-30T17:30:07.816580
51,30,9,5,0,5,2026-07-30T17:30:08.120010
51,30,10,5,0,5,2026-07-30T17:30:08.009108
52,1,1,5,0,5,2026-07-30T17:30:08.014641
52,1,2,5,0,5,2026-07-30T17:30:08.263476
52,1,3,5,0,5,2026-07-30T17:30:08.702145
52,1,4,5,0,5,2026-07-30T17:30:08.191090
52,1,5,5,0,5,2026-07-30T17:30:09.169455
52,1,6,5,0,5,2026-07-30T17:30:09.457425
52,1,7,5,0,5,2026-07-30T17:30:09.232223
52,1,8,5,0,5,2026-07-30T17:30:09.247023
52,1,9,5,0,5,2026-07-30T17:30:09.146495
52,1,10,5,0,5,2026-07-30T17:30:09.246329
52,2,1,5,0,5,2026-07-30T17:30:09.911447
52,2,2,5,0,5,2026-07-30T17:30:10.360846
52,2,3,5,0,5,2026-07-30T17:30:10.781339
52,2,4,5,0,5,2026-07-30T17:30:10.970913
52,2,5,5,0,5,2026-07-30T17:30:11.255768
52,2,6,5,0,5,2026-07-30T17:30:10.678618
52,2,7,5,0,5,2026-07-30T17:30:10.875818
52,2,8,5,0,5,2026-07-30T17:30:11.290003
52,2,9,5,0,5,2026-07-30T17:30:11.780176
52,2,10,5,0,5,2026-07-30T17:30:11.996693
52,3,1,0,0,0,2026-07-30T17:30:11.917784
52,3,2,0,0,0,2026-07-30T17:30:12.434657
52,3,3,0,0,0,2026-07-30T17:30:12.742178
52,3,4,0,0,0,2026-07-30T17:30:12.382224
52,3,5,0,0,0,2026-07-30T17:30:12.889365
52,3,6,3,0,3,2026-07-30T17:30:12.719113
52,3,7,0,0,0,2026-07-30T17:30:13.432704
52,3,8,0,0,0,2026-07-30T17:30:13.165865
52,3,9,0,0,0,2026-07-30T17:30:13.656965
52,3,10,0,0,0,2026-07-30T17:30:13.408223
52,4,1,0,0,0,2026-07-30T17:30:14.281826
52,4,2,0,0,0,2026-07-30T17:30:14.550746
52,4,3,0,0,0,2026-07-30T17:30:14.035154
52,4,4,0,0,0,2026-07-30T17:30:14.116500
52,4,5,0,0,0,2026-07-30T17:30:14.405732
52,4,6,0,0,0,2026-07-30T17:30:14.693212
52,4,7,0,0,0,2026-07-30T17:30:14.896346
52,4,8,0,0,0,2026-07-30T17:30:14.707249
52,4,9,0,0,0,2026-07-30T17:30:15.899406
52,4,10,0,0,0,2026-07-30T17:30:16.024756
52,5,1,0,0,0,2026-07-30T17:30:15.634159
52,5,2,0,0,0,2026-07-30T17:30:16.142873
52,5,3,0,0,0,2026-07-30T17:30:16.539471
52,5,4,0,0,0,2026-07-30T17:30:16.378935
52,5,5,0,0,0,2026-07-30T17:30:15.812473
52,5,6,0,0,0,2026-07-30T17:30:16.586394
52,5,7,0,0,0,2026-07-30T17:30:17.303543
52,5,8,0,0,0,2026-07-30T17:30:17.244315
52,5,9,0,0,0,2026-07-30T17:30:17.781625
52,5,10,0,0,0,2026-07-30T17:30:17.272383
52,6,1,5,0,5,2026-07-30T17:30:17.173875
52,6,2,5,0,5,2026-07-30T17:30:17.820434
52,6,3,5,0,5,2026-07-30T17:30:17.575800
52,6,4,5,0,5,2026-07-30T17:30:18.251092
52,6,5,5,0,5,2026-07-30T17:30:18.424574
52,6,6,5,0,5,2026-07-30T17:30:18.696571
52,6,7,5,0,5,2026-07-30T17:30:18.944078
52,6,8,5,0,5,2026-07-30T17:30:18.752607
52,6,9,5,0,5,2026-07-30T17:30:18.616166
52,6,10,5,0,5,2026-07-30T17:30:19.214282
52,7,1,5,0,5,2026-07-30T17:30:19.878535
52,7,2,5,0,5,2026-07-30T17:30:19.518858
52,7,3,5,0,5,2026-07-30T17:30:19.465055
52,7,4,5,0,5,2026-07-30T17:30:19.654809
52,7,5,5,0,5,2026-07-30T17:30:20.367911
52,7,6,5,0,5,2026-07-30T17:30:20.033905
52,7,7,5,0,5,2026-07-30T17:30:20.618916
52,7,8,5,0,5,2026-07-30T17:30:20.856370
52,7,9,5,0,5,2026-07-30T17:30:21.299513
52,7,10,5,0,5,2026-07-30T17:30:20.992577
52,8,1,5,0,5,2026-07-30T17:30:20.689103
52,8,2,5,0,5,2026-07-30T17:30:20.918329
52,8,3,5,0,5,2026-07-30T17:30:21.666735
52,8,4,5,0,5,2026-07-30T17:30:22.011290
52,8,5,5,0,5,2026-07-30T17:30:21.882019
52,8,6,5,0,5,2026-07-30T17:30:22.335835
52,8,7,5,0,5,2026-07-30T17:30:22.291660
52,8,8,5,0,5,2026-07-30T17:30:22.564059
52,8,9,5,0,5,2026-07-30T17:30:21.839045
52,8,10,5,0,5,2026-07-30T17:30:22.951734
52,9,1,0,0,0,2026-07-30T17:30:23.121893
52,9,2,0,0,0,2026-07-30T17:30:23.479879
52,9,3,0,0,0,2026-07-30T17:30:22.947065
52,9,4,0,0,0,2026-07-30T17:30:23.450924
52,9,5,0,0,0,2026-07-30T17:30:23.948890
52,9,6,0,0,0,2026-07-30T17:30:24.155747
52,9,7,0,0,0,2026-07-30T17:30:24.221542
52,9,8,0,0,0,2026-07-30T17:30:24.190679
52,9,9,0,0,0,2026-07-30T17:30:24.218727
52,9,10,0,0,0,2026-07-30T17:30:24.984583
52,10,1,0,0,0,2026-07-30T17:30:24.698904
52,10,2,3,0,3,2026-07-30T17:30:24.922659
52,10,3,0,0,0,2026-07-30T17:30:25.795426
52,10,4,0,0,0,2026-07-30T17:30:26.199542
52,10,5,0,0,0,2026-07-30T17:30:25.240225
52,10,6,0,0,0,2026-07-30T17:30:25.629245
52,10,7,0,0,0,2026-07-30T17:30:25.852701
52,10,8,0,0,0,2026-07-30T17:30:26.350002
52,10,9,0,0,0,2026-07-30T17:30:26.370016
52,10,10,0,0,0,2026-07-30T17:30:26.007444
52,11,1,5,0,5,2026-07-30T17:30:27.092985
52,11,2,5,0,5,2026-07-30T17:30:26.849384
52,11,3,5,0,5,2026-07-30T17:30:27.219059
52,11,4,5,0,5,2026-07-30T17:30:27.305151
52,11,5,5,0,5,2026-07-30T17:30:27.234170
52,11,6,5,0,5,2026-07-30T17:30:28.090325
52,11,7,5,0,5,2026-07-30T17:30:27.809325
52,11,8,5,0,5,2026-07-30T17:30:28.413359
52,11,9,5,0,5,2026-07-30T17:30:28.696518
52,11,10,5,0,5,2026-07-30T17:30:28.519663
52,12,1,5,0,5,2026-07-30T17:30:28.636313
52,12,2,5,0,5,2026-07-30T17:30:29.059456
52,12,3,5,0,5,2026-07-30T17:30:28.373417
52,12,4,5,0,5,2026-07-30T17:30:29.250702
52,12,5,5,0,5,2026-07-30T17:30:29.716918
52,12,6,5,0,5,2026-07-30T17:30:29.628481
52,12,7,5,0,5,2026-07-30T17:30:30.277796
52,12,8,5,0,5,2026-07-30T17:30:30.202468
52,12,9,5,0,5,2026-07-30T17:30:30.489734
52,12,10,5,0,5,2026-07-30T17:30:30.545298
52,13,1,5,0,5,2026-07-30T17:30:30.301392
52,13,2,0,0,0,2026-07-30T17:30:30.884685
52,13,3,0,0,0,2026-07-30T17:30:30.651383
52,13,4,0,0,0,2026-07-30T17:30:30.959320
52,13,5,0,0,0,2026-07-30T17:30:32.058313
52,13,6,3,0,3,2026-07-30T17:30:31.921201
52,13,7,0,0,0,2026-07-30T17:30:31.165605
52,13,8,0,0,0,2026-07-30T17:30:32.333952
52,13,9,3,0,3,2026-07-30T17:30:31.580534
52,13,10,0,0,0,2026-07-30T17:30:32.542201
52,14,1,5,0,5,2026-07-30T17:30:31.930504
52,14,2,5,0,5,2026-07-30T17:30:32.175198
52,14,3,5,0,5,2026-07-30T17:30:32.608016
52,14,4,5,0,5,2026-07-30T17:30:33.636935
52,14,5,5,0,5,2026-07-30T17:30:33.781446
52,14,6,5,0,5,2026-07-30T17:30:33.543754
52,14,7,5,0,5,2026-07-30T17:30:33.112289
52,14,8,5,0,5,2026-07-30T17:30:33.412277
52,14,9,5,0,5,2026-07-30T17:30:33.559654
52,14,10,5,0,5,2026-07-30T17:30:34.207534
52,15,1,0,0,0,2026-07-30T17:30:34.452431
52,15,2,0,0,0,2026-07-30T17:30:35.150265
52,15,3,0,0,0,2026-07-30T17:30:35.052357
52,15,4,0,0,0,2026-07-30T17:30:35.408853
52,15,5,0,0,0,2026-07-30T17:30:35.303840
52,15,6,0,0,0,2026-07-30T17:30:35.647870
52,15,7,0,0,0,2026-07-30T17:30:35.849396
52,15,8,0,0,0,2026-07-30T17:30:35.655886
52,15,9,0,0,0,2026-07-30T17:30:36.291691
52,15,10,0,0,0,2026-07-30T17:30:36.985624
52,16,1,5,0,5,2026-07-30T17:30:36.372728
52,16,2,5,0,5,2026-07-30T17:30:36.546260
52,16,3,5,0,5,2026-07-30T17:30:37.263342
52,16,4,5,0,5,2026-07-30T17:30:37.260970
52,16,5,5,0,5,2026-07-30T17:30:37.526887
52,16,6,5,0,5,2026-07-30T17:30:37.099191
52,16,7,5,0,5,2026-07-30T17:30:38.135088
52,16,8,5,0,5,2026-07-30T17:30:37.614521
52,16,9,5,0,5,2026-07-30T17:30:37.790283
52,16,10,5,0,5,2026-07-30T17:30:38.016119
52,17,1,5,0,5,2026-07-30T17:30:38.958219
52,17,2,5,0,5,2026-07-30T17:30:38.908654
52,17,3,5,0,5,2026-07-30T17:30:39.122802
52,17,4,5,0,5,2026-07-30T17:30:39.358777
52,17,5,5,0,5,2026-07-30T17:30:38.843171
52,17,6,5,0,5,2026-07-30T17:30:39.441075
52,17,7,5,0,5,2026-07-30T17:30:39.471870
52,17,8,5,0,5,2026-07-30T17:30:39.592452
52,17,9,5,0,5,2026-07-30T17:30:40.490725
52,17,10,5,0,5,2026-07-30T17:30:40.154411
52,18,1,5,0,5,2026-07-30T17:30:40.400968
52,18,2,5,0,5,2026-07-30T17:30:40.753382
52,18,3,5,0,5,2026-07-30T17:30:41.405045
52,18,4,5,0,5,2026-07-30T17:30:41.351870
52,18,5,5,0,5,2026-07-30T17:30:41.292717
52,18,6,5,0,5,2026-07-30T17:30:41.052393
52,18,7,3,0,3,2026-07-30T17:30:41.603494
52,18,8,5,0,5,2026-07-30T17:30:42.043396
52,18,9,5,0,5,2026-07-30T17:30:41.715715
52,18,10,5,0,5,2026-07-30T17:30:42.811604
52,19,1,5,0,5,2026-07-30T17:30:42.705036
52,19,2,5,0,5,2026-07-30T17:30:42.352029
52,19,3,5,0,5,2026-07-30T17:30:42.981068
52,19,4,5,0,5,2026-07-30T17:30:42.642514
52,19,5,5,0,5,2026-07-30T17:30:43.051923
52,19,6,5,0,5,2026-07-30T17:30:43.162530
52,19,7,5,0,5,2026-07-30T17:30:43.685661
52,19,8,5,0,5,2026-07-30T17:30:43.383884
52,19,9,5,0,5,2026-07-30T17:30:44.110078
52,19,10,5,0,5,2026-07-30T17:30:44.153288
52,20,1,5,0,5,2026-07-30T17:30:43.872053
52,20,2,5,0,5,2026-07-30T17:30:45.090025
52,20,3,5,0,5,2026-07-30T17:30:44.269478
52,20,4,5,0,5,2026-07-30T17:30:44.392130
52,20,5,5,0,5,2026-07-30T17:30:45.245454
52,20,6,5,0,5,2026-07-30T17:30:45.764485
52,20,7,5,0,5,2026-07-30T17:30:45.110071
52,20,8,5,0,5,2026-07-30T17:30:45.546040
52,20,9,5,0,5,2026-07-30T17:30:45.173034
52,20,10,5,0,5,2026-07-30T17:30:45.314536
52,21,1,5,0,5,2026-07-30T17:30:45.621421
52,21,2,5,0,5,2026-07-30T17:30:46.724697
52,21,3,5,0,5,2026-07-30T17:30:46.357465
52,21,4,5,0,5,2026-07-30T17:30:47.251191
52,21,5,5,0,5,2026-07-30T17:30:46.251723
52,21,6,5,0,5,2026-07-30T17:30:46.522274
52,21,7,5,0,5,2026-07-30T17:30:47.416113
52,21,8,5,0,5,2026-07-30T17:30:46.857967
52,21,9,5,0,5,2026-07-30T17:30:47.379374
52,21,10,5,0,5,2026-07-30T17:30:47.502863
52,22,1,5,0,5,2026-07-30T17:30:47.568979
52,22,2,5,0,5,2026-07-30T17:30:47.554667
52,22,3,5,0,5,2026-07-30T17:30:48.586046
52,22,4,5,0,5,2026-07-30T17:30:48.496927
52,22,5,5,0,5,2026-07-30T17:30:48.299789
52,22,6,5,0,5,2026-07-30T17:30:48.606784
52,22,7,5,0,5,2026-07-30T17:30:49.470072
52,22,8,5,0,5,2026-07-30T17:30:49.333062
52,22,9,5,0,5,2026-07-30T17:30:49.623751
52,22,10,5,0,5,2026-07-30T17:30:48.585745
52,23,1,5,0,5,2026-07-30T17:30:50.135201
52,23,2,5,0,5,2026-07-30T17:30:50.356304
52,23,3,5,0,5,2026-07-30T17:30:50.025611
52,23,4,5,0,5,2026-07-30T17:30:50.025526
52,23,5,5,0,5,2026-07-30T17:30:49.859788
52,23,6,5,0,5,2026-07-30T17:30:50.764001
52,23,7,5,0,5,2026-07-30T17:30:51.106027
52,23,8,5,0,5,2026-07-30T17:30:51.664691
52,23,9,5,0,5,2026-07-30T17:30:51.499850
52,23,10,5,0,5,2026-07-30T17:30:51.859360
52,24,1,0,0,0,2026-07-30T17:30:51.873652
52,24,2,0,0,0,2026-07-30T17:30:51.587230
52,24,3,0,0,0,2026-07-30T17:30:51.818484
52,24,4,5,0,5,2026-07-30T17:30:52.613916
52,24,5,0,0,0,2026-07-30T17:30:52.330218
52,24,6,0,0,0,2026-07-30T17:30:52.962415
52,24,7,5,0,5,2026-07-30T17:30:52.801456
52,24,8,0,0,0,2026-07-30T17:30:53.531194
52,24,9,0,0,0,2026-07-30T17:30:53.892887
52,24,10,0,0,0,2026-07-30T17:30:53.701669
52,25,1,0,0,0,2026-07-30T17:30:52.920853
52,25,2,0,0,0,2026-07-30T17:30:53.961299
52,25,3,0,0,0,2026-07-30T17:30:53.652185
52,25,4,0,0,0,2026-07-30T17:30:54.264949
52,25,5,5,0,5,2026-07-30T17:30:54.175215
52,25,6,0,0,0,2026-07-30T17:30:54.222813
52,25,7,0,0,0,2026-07-30T17:30:54.939376
52,25,8,0,0,0,2026-07-30T17:30:54.700938
52,25,9,5,0,5,2026-07-30T17:30:55.551946
52,25,10,0,0,0,2026-07-30T17:30:55.153614
52,26,1,5,0,5,2026-07-30T17:30:55.786464
52,26,2,5,0,5,2026-07-30T17:30:55.242288
52,26,3,5,0,5,2026-07-30T17:30:55.844363
52,26,4,5,0,5,2026-07-30T17:30:56.088352
52,26,5,5,0,5,2026-07-30T17:30:56.531857
52,26,6,5,0,5,2026-07-30T17:30:56.759025
52,26,7,5,0,5,2026-07-30T17:30:56.415059
52,26,8,5,0,5,2026-07-30T17:30:56.282774
52,26,9,5,0,5,2026-07-30T17:30:56.992725
52,26,10,5,0,5,2026-07-30T17:30:57.226966
52,27,1,5,0,5,2026-07-30T17:30:58.055044
52,27,2,5,0,5,2026-07-30T17:30:57.925742
52,27,3,5,0,5,2026-07-30T17:30:58.322296
52,27,4,5,0,5,2026-07-30T17:30:57.657340
52,27,5,5,0,5,2026-07-30T17:30:58.583428
52,27,6,5,0,5,2026-07-30T17:30:58.648328
52,27,7,5,0,5,2026-07-30T17:30:58.056527
52,27,8,5,0,5,2026-07-30T17:30:58.490493
52,27,9,5,0,5,2026-07-30T17:30:59.097828
52,27,10,5,0,5,2026-07-30T17:30:59.395258
52,28,1,3,0,3,2026-07-30T17:31:00.112946
52,28,2,5,0,5,2026-07-30T17:30:59.682506
52,28,3,5,0,5,2026-07-30T17:30:59.541884
52,28,4,3,0,3,2026-07-30T17:31:00.143269
52,28,5,5,0,5,2026-07-30T17:31:00.236180
52,28,6,5,0,5,2026-07-30T17:31:00.331213
52,28,7,5,0,5,2026-07-30T17:31:00.357683
52,28,8,5,0,5,2026-07-30T17:31:01.472082
52,28,9,5,0,5,2026-07-30T17:31:00.569092
52,28,10,5,0,5,2026-07-30T17:31:01.330897
52,29,1,5,0,5,2026-07-30T17:31:01.765415
52,29,2,5,0,5,2026-07-30T17:31:01.592732
52,29,3,5,0,5,2026-07-30T17:31:01.695341
52,29,4,5,0,5,2026-07-30T17:31:02.393499
52,29,5,5,0,5,2026-07-30T17:31:01.372955
52,29,6,5,0,5,2026-07-30T17:31:02.021412
52,29,7,5,0,5,2026-07-30T17:31:03.349913
52,29,8,5,0,5,2026-07-30T17:31:03.000476
52,29,9,5,0,5,2026-07-30T17:31:02.951869
52,29,10,5,0,5,2026-07-30T17:31:02.601859
52,30,1,5,0,5,2026-07-30T17:31:03.566773
52,30,2,5,0,5,2026-07-30T17:31:03.421427
52,30,3,5,0,5,2026-07-30T17:31:04.059726
52,30,4,5,0,5,2026-07-30T17:31:03.641838
52,30,5,5,0,5,2026-07-30T17:31:03.859987
52,30,6,5,0,5,2026-07-30T17:31:04.788289
52,30,7,5,0,5,2026-07-30T17:31:04.447224
52,30,8,5,0,5,2026-07-30T17:31:04.825697
52,30,9,5,0,5,2026-07-30T17:31:04.876606
52,30,10,5,0,5,2026-07-30T17:31:05.420985
53,1,1,5,0,5,2026-07-30T17:31:05.499073
53,1,2,5,0,5,2026-07-30T17:31:05.291274
53,1,3,5,0,5,2026-07-30T17:31:05.494783
53,1,4,5,0,5,2026-07-30T17:31:05.893140
53,1,5,5,0,5,2026-07-30T17:31:06.229225
53,1,6,5,0,5,2026-07-30T17:31:06.076493
53,1,7,5,0,5,2026-07-30T17:31:06.528198
53,1,8,5,0,5,2026-07-30T17:31:07.309690
53,1,9,5,0,5,2026-07-30T17:31:07.305071
53,1,10,5,0,5,2026-07-30T17:31:07.141599
53,2,1,5,0,5,2026-07-30T17:31:06.548075
53,2,2,5,0,5,2026-07-30T17:31:11.455971
53,2,3,5,0,5,2026-07-30T17:31:11.593794
53,2,4,5,0,5,2026-07-30T17:31:11.305757
53,2,5,5,0,5,2026-07-30T17:31:11.134896
53,2,6,5,0,5,2026-07-30T17:31:11.215842
53,2,7,5,0,5,2026-07-30T17:31:11.381072
53,2,8,5,0,5,2026-07-30T17:31:11.153268
53,2,9,5,0,5,2026-07-30T17:31:11.168160
53,2,10,5,0,5,2026-07-30T17:31:13.178659
53,3,1,5,0,5,2026-07-30T17:31:12.968138
53,3,2,5,0,5,2026-07-30T17:31:12.842192
53,3,3,5,0,5,2026-07-30T17:31:12.299310
53,3,4,5,0,5,2026-07-30T17:31:13.368720
53,3,5,5,0,5,2026-07-30T17:31:13.231196
53,3,6,5,0,5,2026-07-30T17:31:13.117832
53,3,7,5,0,5,2026-07-30T17:31:13.604288
53,3,8,5,0,5,2026-07-30T17:31:13.912265
53,3,9,5,0,5,2026-07-30T17:31:13.897391
53,3,10,5,0,5,2026-07-30T17:31:14.226495
53,4,1,5,0,5,2026-07-30T17:31:14.323382
53,4,2,5,0,5,2026-07-30T17:31:14.796218
53,4,3,5,0,5,2026-07-30T17:31:14.737403
53,4,4,5,0,5,2026-07-30T17:31:15.210883
53,4,5,5,0,5,2026-07-30T17:31:14.878590
53,4,6,5,0,5,2026-07-30T17:31:15.126781
53,4,7,5,0,5,2026-07-30T17:31:15.138372
53,4,8,5,0,5,2026-07-30T17:31:15.456643
53,4,9,5,0,5,2026-07-30T17:31:15.750673
53,4,10,5,0,5,2026-07-30T17:31:16.190829
53,5,1,5,0,5,2026-07-30T17:31:16.833429
53,5,2,5,0,5,2026-07-30T17:31:16.326904
53,5,3,5,0,5,2026-07-30T17:31:16.561909
53,5,4,5,0,5,2026-07-30T17:31:16.185005
53,5,5,5,0,5,2026-07-30T17:31:16.833253
53,5,6,5,0,5,2026-07-30T17:31:17.139197
53,5,7,5,0,5,2026-07-30T17:31:17.529212
53,5,8,5,0,5,2026-07-30T17:31:18.214520
53,5,9,5,0,5,2026-07-30T17:31:17.838039
53,5,10,5,0,5,2026-07-30T17:31:17.767206
53,6,1,5,0,5,2026-07-30T17:31:17.670462
53,6,2,5,0,5,2026-07-30T17:31:18.044737
53,6,3,5,0,5,2026-07-30T17:31:18.498991
53,6,4,5,0,5,2026-07-30T17:31:18.382973
53,6,5,5,0,5,2026-07-30T17:31:19.179745
53,6,6,5,0,5,2026-07-30T17:31:19.097562
53,6,7,5,0,5,2026-07-30T17:31:19.415638
53,6,8,5,0,5,2026-07-30T17:31:18.860569
53,6,9,5,0,5,2026-07-30T17:31:19.700802
53,6,10,5,0,5,2026-07-30T17:31:19.254445
53,7,1,5,0,5,2026-07-30T17:31:20.241596
53,7,2,5,0,5,2026-07-30T17:31:19.950394
53,7,3,5,0,5,2026-07-30T17:31:20.701155
53,7,4,5,0,5,2026-07-30T17:31:20.762613
53,7,5,5,0,5,2026-07-30T17:31:20.631347
53,7,6,5,0,5,2026-07-30T17:31:20.707501
53,7,7,5,0,5,2026-07-30T17:31:20.488715
53,7,8,5,0,5,2026-07-30T17:31:20.767994
53,7,9,5,0,5,2026-07-30T17:31:20.957125
53,7,10,5,0,5,2026-07-30T17:31:22.069397
53,8,1,5,0,5,2026-07-30T17:31:22.137989
53,8,2,5,0,5,2026-07-30T17:31:21.637905
53,8,3,5,0,5,2026-07-30T17:31:22.157497
53,8,4,5,0,5,2026-07-30T17:31:21.936266
53,8,5,5,0,5,2026-07-30T17:31:22.625779
53,8,6,5,0,5,2026-07-30T17:31:22.239123
53,8,7,5,0,5,2026-07-30T17:31:22.394415
53,8,8,5,0,5,2026-07-30T17:31:22.893442
53,8,9,5,0,5,2026-07-30T17:31:23.380739
53,8,10,5,0,5,2026-07-30T17:31:23.311298
53,9,1,5,0,5,2026-07-30T17:31:23.789547
53,9,2,5,0,5,2026-07-30T17:31:23.822836
53,9,3,5,0,5,2026-07-30T17:31:23.680419
53,9,4,5,0,5,2026-07-30T17:31:23.846359
53,9,5,5,0,5,2026-07-30T17:31:23.870719
53,9,6,5,0,5,2026-07-30T17:31:24.560393
53,9,7,5,0,5,2026-07-30T17:31:25.140602
53,9,8,5,0,5,2026-07-30T17:31:25.210693
53,9,9,5,0,5,2026-07-30T17:31:25.099411
53,9,10,5,0,5,2026-07-30T17:31:25.441310
53,10,1,5,0,5,2026-07-30T17:31:25.280082
53,10,2,5,0,5,2026-07-30T17:31:25.124812
53,10,3,5,0,5,2026-07-30T17:31:24.936666
53,10,4,5,0,5,2026-07-30T17:31:25.783054
53,10,5,5,0,5,2026-07-30T17:31:26.776357
53,10,6,5,0,5,2026-07-30T17:31:26.979266
53,10,7,5,0,5,2026-07-30T17:31:26.989616
53,10,8,5,0,5,2026-07-30T17:31:26.176607
53,10,9,5,0,5,2026-07-30T17:31:26.627942
53,10,10,5,0,5,2026-07-30T17:31:26.345493
53,11,1,5,0,5,2026-07-30T17:31:26.695914
53,11,2,5,0,5,2026-07-30T17:31:27.025984
53,11,3,5,0,5,2026-07-30T17:31:28.213922
53,11,4,5,0,5,2026-07-30T17:31:28.385732
53,11,5,5,0,5,2026-07-30T17:31:28.512824
53,11,6,5,0,5,2026-07-30T17:31:28.357610
53,11,7,5,0,5,2026-07-30T17:31:28.440035
53,11,8,5,0,5,2026-07-30T17:31:28.450788
53,11,9,5,0,5,2026-07-30T17:31:28.438876
53,11,10,5,0,5,2026-07-30T17:31:28.668333
53,12,1,5,0,5,2026-07-30T17:31:29.660560
53,12,2,5,0,5,2026-07-30T17:31:30.203652
53,12,3,5,0,5,2026-07-30T17:31:30.004854
53,12,4,5,0,5,2026-07-30T17:31:29.493949
53,12,5,5,0,5,2026-07-30T17:31:30.305560
53,12,6,5,0,5,2026-07-30T17:31:30.298645
53,12,7,5,0,5,2026-07-30T17:31:30.354974
53,12,8,5,0,5,2026-07-30T17:31:29.921079
53,12,9,5,0,5,2026-07-30T17:31:30.751534
53,12,10,5,0,5,2026-07-30T17:31:31.679782
53,13,1,5,0,5,2026-07-30T17:31:31.554906
53,13,2,5,0,5,2026-07-30T17:31:31.846832
53,13,3,5,0,5,2026-07-30T17:31:31.263630
53,13,4,5,0,5,2026-07-30T17:31:31.921004
53,13,5,5,0,5,2026-07-30T17:31:32.142701
53,13,6,5,0,5,2026-07-30T17:31:32.400573
53,13,7,5,0,5,2026-07-30T17:31:32.395431
53,13,8,5,0,5,2026-07-30T17:31:32.909103
53,13,9,5,0,5,2026-07-30T17:31:33.023749
53,13,10,5,0,5,2026-07-30T17:31:33.310594
53,14,1,5,0,5,2026-07-30T17:31:33.327975
53,14,2,5,0,5,2026-07-30T17:31:32.961112
53,14,3,5,0,5,2026-07-30T17:31:33.611662
53,14,4,5,0,5,2026-07-30T17:31:33.818381
53,14,5,5,0,5,2026-07-30T17:31:34.034228
53,14,6,5,0,5,2026-07-30T17:31:34.362769
53,14,7,5,0,5,2026-07-30T17:31:35.204587
53,14,8,5,0,5,2026-07-30T17:31:34.687989
53,14,9,5,0,5,2026-07-30T17:31:35.363115
53,14,10,5,0,5,2026-07-30T17:31:35.142408
53,15,1,5,0,5,2026-07-30T17:31:34.615767
53,15,2,5,0,5,2026-07-30T17:31:35.871423
53,15,3,5,0,5,2026-07-30T17:31:35.491052
53,15,4,5,0,5,2026-07-30T17:31:36.201152
53,15,5,5,0,5,2026-07-30T17:31:36.305138
53,15,6,5,0,5,2026-07-30T17:31:35.708339
53,15,7,5,0,5,2026-07-30T17:31:36.574981
53,15,8,5,0,5,2026-07-30T17:31:36.842300
53,15,9,5,0,5,2026-07-30T17:31:37.059360
53,15,10,5,0,5,2026-07-30T17:31:36.943927
53,16,1,5,0,5,2026-07-30T17:31:37.765840
53,16,2,5,0,5,2026-07-30T17:31:37.303378
53,16,3,5,0,5,2026-07-30T17:31:38.049463
53,16,4,5,0,5,2026-07-30T17:31:37.964811
53,16,5,5,0,5,2026-07-30T17:31:38.021518
53,16,6,5,0,5,2026-07-30T17:31:38.281356
53,16,7,5,0,5,2026-07-30T17:31:38.609765
53,16,8,5,0,5,2026-07-30T17:31:38.897177
53,16,9,5,0,5,2026-07-30T17:31:39.159651
53,16,10,5,0,5,2026-07-30T17:31:39.203666
53,17,1,5,0,5,2026-07-30T17:31:39.400760
53,17,2,5,0,5,2026-07-30T17:31:39.646096
53,17,3,5,0,5,2026-07-30T17:31:39.912154
53,17,4,5,0,5,2026-07-30T17:31:39.576081
53,17,5,5,0,5,2026-07-30T17:31:40.026360
53,17,6,5,0,5,2026-07-30T17:31:39.953082
53,17,7,5,0,5,2026-07-30T17:31:41.430307
53,17,8,5,0,5,2026-07-30T17:31:41.049865
53,17,9,5,0,5,2026-07-30T17:31:40.481972
53,17,10,5,0,5,2026-07-30T17:31:40.807107
53,18,1,5,0,5,2026-07-30T17:31:41.332650
53,18,2,5,0,5,2026-07-30T17:31:41.163837
53,18,3,5,0,5,2026-07-30T17:31:41.169388
53,18,4,5,0,5,2026-07-30T17:31:41.258893
53,18,5,5,0,5,2026-07-30T17:31:42.554080
53,18,6,5,0,5,2026-07-30T17:31:42.274824
53,18,7,5,0,5,2026-07-30T17:31:42.693384
53,18,8,5,0,5,2026-07-30T17:31:43.006590
53,18,9,5,0,5,2026-07-30T17:31:43.001806
53,18,10,5,0,5,2026-07-30T17:31:42.672282
53,19,1,5,0,5,2026-07-30T17:31:42.752354
53,19,2,5,0,5,2026-07-30T17:31:43.496965
53,19,3,5,0,5,2026-07-30T17:31:44.116333
53,19,4,5,0,5,2026-07-30T17:31:44.199976
53,19,5,5,0,5,2026-07-30T17:31:44.312615
53,19,6,5,0,5,2026-07-30T17:31:44.362153
53,19,7,5,0,5,2026-07-30T17:31:43.997424
53,19,8,5,0,5,2026-07-30T17:31:45.064622
53,19,9,5,0,5,2026-07-30T17:31:45.053636
53,19,10,5,0,5,2026-07-30T17:31:44.956767
53,20,1,5,0,5,2026-07-30T17:31:45.822223
53,20,2,5,0,5,2026-07-30T17:31:45.388530
53,20,3,5,0,5,2026-07-30T17:31:45.487191
53,20,4,5,0,5,2026-07-30T17:31:47.834923
53,20,5,5,0,5,2026-07-30T17:31:45.821237
53,20,6,5,0,5,2026-07-30T17:31:47.669496
53,20,7,5,0,5,2026-07-30T17:31:47.733955
53,20,8,5,0,5,2026-07-30T17:31:47.763408
53,20,9,5,0,5,2026-07-30T17:31:47.667697
53,20,10,5,0,5,2026-07-30T17:31:47.363157
53,21,1,5,0,5,2026-07-30T17:31:47.268908
53,21,2,5,0,5,2026-07-30T17:31:47.059559
53,21,3,5,0,5,2026-07-30T17:31:48.889184
53,21,4,5,0,5,2026-07-30T17:31:48.712126
53,21,5,5,0,5,2026-07-30T17:31:48.450511
53,21,6,5,0,5,2026-07-30T17:31:48.923029
53,21,7,5,0,5,2026-07-30T17:31:48.927617
53,21,8,5,0,5,2026-07-30T17:31:49.588957
53,21,9,5,0,5,2026-07-30T17:31:49.602723
53,21,10,5,0,5,2026-07-30T17:31:49.480131
53,22,1,5,0,5,2026-07-30T17:31:50.296946
53,22,2,5,0,5,2026-07-30T17:31:51.948747
53,22,3,5,0,5,2026-07-30T17:31:52.100105
53,22,4,5,0,5,2026-07-30T17:31:52.124217
53,22,5,5,0,5,2026-07-30T17:31:52.113685
53,22,6,5,0,5,2026-07-30T17:31:51.952566
53,22,7,5,0,5,2026-07-30T17:31:51.857757
53,22,8,5,0,5,2026-07-30T17:31:52.047872
53,22,9,5,0,5,2026-07-30T17:31:51.948455
53,22,10,5,0,5,2026-07-30T17:31:53.733531
53,23,1,5,0,5,2026-07-30T17:31:53.379913
53,23,2,5,0,5,2026-07-30T17:31:53.782347
53,23,3,5,0,5,2026-07-30T17:31:53.999801
53,23,4,5,0,5,2026-07-30T17:31:53.284105
53,23,5,5,0,5,2026-07-30T17:31:53.162974
53,23,6,5,0,5,2026-07-30T17:31:53.437478
53,23,7,5,0,5,2026-07-30T17:31:53.974716
53,23,8,5,0,5,2026-07-30T17:31:54.421811
53,23,9,5,0,5,2026-07-30T17:31:54.538883
53,23,10,5,0,5,2026-07-30T17:31:55.256481
53,24,1,5,0,5,2026-07-30T17:31:55.278358
53,24,2,5,0,5,2026-07-30T17:31:54.984978
53,24,3,5,0,5,2026-07-30T17:31:55.449620
53,24,4,5,0,5,2026-07-30T17:31:55.438435
53,24,5,5,0,5,2026-07-30T17:31:56.070062
53,24,6,5,0,5,2026-07-30T17:31:56.088441
53,24,7,5,0,5,2026-07-30T17:31:55.982290
53,24,8,5,0,5,2026-07-30T17:31:56.012551
53,24,9,5,0,5,2026-07-30T17:31:56.276244
53,24,10,5,0,5,2026-07-30T17:31:56.517884
53,25,1,5,0,5,2026-07-30T17:31:57.280510
53,25,2,5,0,5,2026-07-30T17:31:56.700993
53,25,3,5,0,5,2026-07-30T17:31:57.843874
53,25,4,5,0,5,2026-07-30T17:31:57.234296
53,25,5,5,0,5,2026-07-30T17:31:57.938410
53,25,6,5,0,5,2026-07-30T17:31:57.944689
53,25,7,5,0,5,2026-07-30T17:31:57.750501
53,25,8,5,0,5,2026-07-30T17:31:58.147804
53,25,9,5,0,5,2026-07-30T17:31:58.545806
53,25,10,5,0,5,2026-07-30T17:31:58.688193
53,26,1,5,0,5,2026-07-30T17:31:59.312999
53,26,2,5,0,5,2026-07-30T17:31:58.995058
53,26,3,5,0,5,2026-07-30T17:31:59.498234
53,26,4,5,0,5,2026-07-30T17:31:59.575624
53,26,5,5,0,5,2026-07-30T17:31:59.405358
53,26,6,5,0,5,2026-07-30T17:31:59.787952
53,26,7,5,0,5,2026-07-30T17:32:00.179838
53,26,8,5,0,5,2026-07-30T17:31:59.733495
53,26,9,5,0,5,2026-07-30T17:32:00.249984
53,26,10,5,0,5,2026-07-30T17:32:00.565766
53,27,1,5,0,5,2026-07-30T17:32:00.468956
53,27,2,5,0,5,2026-07-30T17:32:01.134433
53,27,3,5,0,5,2026-07-30T17:32:01.421629
53,27,4,5,0,5,2026-07-30T17:32:01.174235
53,27,5,5,0,5,2026-07-30T17:32:01.052736
53,27,6,5,0,5,2026-07-30T17:32:01.390401
53,27,7,5,0,5,2026-07-30T17:32:01.322533
53,27,8,5,0,5,2026-07-30T17:32:02.316886
53,27,9,5,0,5,2026-07-30T17:32:01.796998
53,27,10,5,0,5,2026-07-30T17:32:02.491580
53,28,1,5,0,5,2026-07-30T17:32:03.399583
53,28,2,5,0,5,2026-07-30T17:32:02.619205
53,28,3,5,0,5,2026-07-30T17:32:02.367108
53,28,4,5,0,5,2026-07-30T17:32:02.861882
53,28,5,5,0,5,2026-07-30T17:32:03.285156
53,28,6,5,0,5,2026-07-30T17:32:03.838752
53,28,7,5,0,5,2026-07-30T17:32:04.381778
53,28,8,5,0,5,2026-07-30T17:32:04.012340
53,28,9,5,0,5,2026-07-30T17:32:04.314878
53,28,10,5,0,5,2026-07-30T17:32:04.671562
53,29,1,5,0,5,2026-07-30T17:32:04.114359
53,29,2,5,0,5,2026-07-30T17:32:04.533094
53,29,3,5,0,5,2026-07-30T17:32:05.654188
53,29,4,5,0,5,2026-07-30T17:32:06.087747
53,29,5,5,0,5,2026-07-30T17:32:05.246459
53,29,6,5,0,5,2026-07-30T17:32:05.320932
53,29,7,5,0,5,2026-07-30T17:32:05.946268
53,29,8,5,0,5,2026-07-30T17:32:05.648143
53,29,9,5,0,5,2026-07-30T17:32:05.615651
53,29,10,5,0,5,2026-07-30T17:32:06.104457
53,30,1,5,0,5,2026-07-30T17:32:06.314638
53,30,2,5,0,5,2026-07-30T17:32:06.977911
53,30,3,5,0,5,2026-07-30T17:32:06.837033
53,30,4,5,0,5,2026-07-30T17:32:07.296336
53,30,5,5,0,5,2026-07-30T17:32:07.704132
53,30,6,5,0,5,2026-07-30T17:32:07.401988
53,30,7,5,0,5,2026-07-30T17:32:07.316954
53,30,8,5,0,5,2026-07-30T17:32:07.539832
53,30,9,5,0,5,2026-07-30T17:32:08.026060
53,30,10,5,0,5,2026-07-30T17:32:08.075924
54,1,1,5,0,5,2026-07-30T17:32:08.447952
54,1,2,5,0,5,2026-07-30T17:32:08.545678
54,1,3,5,0,5,2026-07-30T17:32:08.969031
54,1,4,5,0,5,2026-07-30T17:32:08.426566
54,1,5,5,0,5,2026-07-30T17:32:08.562621
54,1,6,5,0,5,2026-07-30T17:32:08.952634
54,1,7,5,0,5,2026-07-30T17:32:09.272360
54,1,8,5,0,5,2026-07-30T17:32:09.925562
54,1,9,5,0,5,2026-07-30T17:32:09.677558
54,1,10,5,0,5,2026-07-30T17:32:09.891944
54,2,1,5,0,5,2026-07-30T17:32:10.206575
54,2,2,5,0,5,2026-07-30T17:32:10.215360
54,2,3,5,0,5,2026-07-30T17:32:10.392759
54,2,4,5,0,5,2026-07-30T17:32:10.619313
54,2,5,5,0,5,2026-07-30T17:32:10.733697
54,2,6,5,0,5,2026-07-30T17:32:11.523515
54,2,7,5,0,5,2026-07-30T17:32:11.539738
54,2,8,5,0,5,2026-07-30T17:32:11.555949
54,2,9,5,0,5,2026-07-30T17:32:12.262291
54,2,10,5,0,5,2026-07-30T17:32:11.852067
54,3,1,0,0,0,2026-07-30T17:32:11.837454
54,3,2,0,0,0,2026-07-30T17:32:11.864722
54,3,3,0,0,0,2026-07-30T17:32:12.573102
54,3,4,0,0,0,2026-07-30T17:32:12.764334
54,3,5,0,0,0,2026-07-30T17:32:12.589873
54,3,6,0,0,0,2026-07-30T17:32:13.403171
54,3,7,0,0,0,2026-07-30T17:32:13.083714
54,3,8,0,0,0,2026-07-30T17:32:13.511625
54,3,9,0,0,0,2026-07-30T17:32:13.160725
54,3,10,0,0,0,2026-07-30T17:32:13.731510
54,4,1,0,0,0,2026-07-30T17:32:13.825928
54,4,2,0,0,0,2026-07-30T17:32:14.237688
54,4,3,0,0,0,2026-07-30T17:32:14.191222
54,4,4,0,0,0,2026-07-30T17:32:14.730621
54,4,5,0,0,0,2026-07-30T17:32:14.802752
54,4,6,0,0,0,2026-07-30T17:32:14.429268
54,4,7,0,0,0,2026-07-30T17:32:14.944400
54,4,8,0,0,0,2026-07-30T17:32:14.983103
54,4,9,0,0,0,2026-07-30T17:32:15.281781
54,4,10,0,0,0,2026-07-30T17:32:15.634074
54,5,1,0,0,0,2026-07-30T17:32:15.882483
54,5,2,0,0,0,2026-07-30T17:32:16.290892
54,5,3,0,0,0,2026-07-30T17:32:16.376638
54,5,4,0,0,0,2026-07-30T17:32:16.046452
54,5,5,0,0,0,2026-07-30T17:32:17.000883
54,5,6,0,0,0,2026-07-30T17:32:16.027855
54,5,7,0,0,0,2026-07-30T17:32:16.734031
54,5,8,0,0,0,2026-07-30T17:32:17.092129
54,5,9,0,0,0,2026-07-30T17:32:17.734389
54,5,10,5,0,5,2026-07-30T17:32:17.889714
54,6,1,5,0,5,2026-07-30T17:32:17.729833
54,6,2,5,0,5,2026-07-30T17:32:17.734040
54,6,3,5,0,5,2026-07-30T17:32:17.846477
54,6,4,5,0,5,2026-07-30T17:32:18.579345
54,6,5,5,0,5,2026-07-30T17:32:18.828954
54,6,6,5,0,5,2026-07-30T17:32:18.940146
54,6,7,5,0,5,2026-07-30T17:32:18.962034
54,6,8,5,0,5,2026-07-30T17:32:18.987562
54,6,9,5,0,5,2026-07-30T17:32:19.584586
54,6,10,5,0,5,2026-07-30T17:32:19.297804
54,7,1,5,0,5,2026-07-30T17:32:19.355690
54,7,2,5,0,5,2026-07-30T17:32:20.418177
54,7,3,5,0,5,2026-07-30T17:32:20.474057
54,7,4,5,0,5,2026-07-30T17:32:20.157951
54,7,5,5,0,5,2026-07-30T17:32:20.823392
54,7,6,5,0,5,2026-07-30T17:32:20.438140
54,7,7,5,0,5,2026-07-30T17:32:20.965074
54,7,8,5,0,5,2026-07-30T17:32:21.203244
54,7,9,5,0,5,2026-07-30T17:32:20.837223
54,7,10,5,0,5,2026-07-30T17:32:21.590896
54,8,1,0,0,0,2026-07-30T17:32:22.262772
54,8,2,0,0,0,2026-07-30T17:32:21.882510
54,8,3,0,0,0,2026-07-30T17:32:22.156469
54,8,4,0,0,0,2026-07-30T17:32:22.262169
54,8,5,0,0,0,2026-07-30T17:32:22.492776
54,8,6,0,0,0,2026-07-30T17:32:22.431806
54,8,7,0,0,0,2026-07-30T17:32:23.033574
54,8,8,0,0,0,2026-07-30T17:32:22.812842
54,8,9,0,0,0,2026-07-30T17:32:23.162978
54,8,10,0,0,0,2026-07-30T17:32:23.386052
54,9,1,0,0,0,2026-07-30T17:32:23.932452
54,9,2,0,0,0,2026-07-30T17:32:23.306481
54,9,3,0,0,0,2026-07-30T17:32:23.692434
54,9,4,0,0,0,2026-07-30T17:32:23.932286
54,9,5,0,0,0,2026-07-30T17:32:24.666064
54,9,6,0,0,0,2026-07-30T17:32:24.284292
54,9,7,0,0,0,2026-07-30T17:32:25.203350
54,9,8,0,0,0,2026-07-30T17:32:24.993648
54,9,9,0,0,0,2026-07-30T17:32:25.212150
54,9,10,0,0,0,2026-07-30T17:32:24.912577
54,10,1,5,0,5,2026-07-30T17:32:26.214054
54,10,2,0,0,0,2026-07-30T17:32:25.197050
54,10,3,5,0,5,2026-07-30T17:32:25.740367
54,10,4,5,0,5,2026-07-30T17:32:25.710326
54,10,5,0,0,0,2026-07-30T17:32:26.351557
54,10,6,0,0,0,2026-07-30T17:32:26.425700
54,10,7,5,0,5,2026-07-30T17:32:26.860993
54,10,8,0,0,0,2026-07-30T17:32:26.873390
54,10,9,0,0,0,2026-07-30T17:32:26.853362
54,10,10,5,0,5,2026-07-30T17:32:27.170056
54,11,1,5,0,5,2026-07-30T17:32:26.778211
54,11,2,5,0,5,2026-07-30T17:32:27.866498
54,11,3,5,0,5,2026-07-30T17:32:28.183017
54,11,4,5,0,5,2026-07-30T17:32:27.867894
54,11,5,5,0,5,2026-07-30T17:32:28.395303
54,11,6,5,0,5,2026-07-30T17:32:28.098387
54,11,7,5,0,5,2026-07-30T17:32:28.715161
54,11,8,5,0,5,2026-07-30T17:32:29.125157
54,11,9,5,0,5,2026-07-30T17:32:28.401994
54,11,10,5,0,5,2026-07-30T17:32:29.539900
54,12,1,5,0,5,2026-07-30T17:32:29.117206
54,12,2,5,0,5,2026-07-30T17:32:29.754401
54,12,3,5,0,5,2026-07-30T17:32:29.816644
54,12,4,5,0,5,2026-07-30T17:32:30.234918
54,12,5,5,0,5,2026-07-30T17:32:30.245549
54,12,6,5,0,5,2026-07-30T17:32:30.578775
54,12,7,5,0,5,2026-07-30T17:32:30.765174
54,12,8,5,0,5,2026-07-30T17:32:30.352852
54,12,9,5,0,5,2026-07-30T17:32:31.397517
54,12,10,5,0,5,2026-07-30T17:32:31.206819
54,13,1,0,0,0,2026-07-30T17:32:31.060807
54,13,2,0,0,0,2026-07-30T17:32:31.879605
54,13,3,0,0,0,2026-07-30T17:32:31.505226
54,13,4,0,0,0,2026-07-30T17:32:31.809297
54,13,5,0,0,0,2026-07-30T17:32:32.417280
54,13,6,0,0,0,2026-07-30T17:32:32.831559
54,13,7,0,0,0,2026-07-30T17:32:32.120224
54,13,8,0,0,0,2026-07-30T17:32:33.036609
54,13,9,0,0,0,2026-07-30T17:32:33.460873
54,13,10,0,0,0,2026-07-30T17:32:33.154978
54,14,1,5,0,5,2026-07-30T17:32:33.873882
54,14,2,5,0,5,2026-07-30T17:32:33.532233
54,14,3,5,0,5,2026-07-30T17:32:33.343804
54,14,4,5,0,5,2026-07-30T17:32:33.856428
54,14,5,5,0,5,2026-07-30T17:32:34.069471
54,14,6,5,0,5,2026-07-30T17:32:34.676579
54,14,7,5,0,5,2026-07-30T17:32:34.620351
54,14,8,5,0,5,2026-07-30T17:32:35.024940
54,14,9,5,0,5,2026-07-30T17:32:35.103195
54,14,10,5,0,5,2026-07-30T17:32:35.183625
54,15,1,0,0,0,2026-07-30T17:32:35.108424
54,15,2,5,0,5,2026-07-30T17:32:35.323475
54,15,3,5,0,5,2026-07-30T17:32:35.312480
54,15,4,0,0,0,2026-07-30T17:32:36.462932
54,15,5,5,0,5,2026-07-30T17:32:36.144285
54,15,6,5,0,5,2026-07-30T17:32:36.459370
54,15,7,5,0,5,2026-07-30T17:32:36.749710
54,15,8,5,0,5,2026-07-30T17:32:36.549099
54,15,9,0,0,0,2026-07-30T17:32:37.453314
54,15,10,5,0,5,2026-07-30T17:32:37.374082
54,16,1,5,0,5,2026-07-30T17:32:36.973935
54,16,2,5,0,5,2026-07-30T17:32:37.386811
54,16,3,5,0,5,2026-07-30T17:32:37.897407
54,16,4,5,0,5,2026-07-30T17:32:38.307805
54,16,5,5,0,5,2026-07-30T17:32:38.172749
54,16,6,5,0,5,2026-07-30T17:32:38.608193
54,16,7,5,0,5,2026-07-30T17:32:38.813005
54,16,8,5,0,5,2026-07-30T17:32:38.804025
54,16,9,5,0,5,2026-07-30T17:32:38.814673
54,16,10,5,0,5,2026-07-30T17:32:38.885509
54,17,1,5,0,5,2026-07-30T17:32:39.126449
54,17,2,5,0,5,2026-07-30T17:32:39.387855
54,17,3,5,0,5,2026-07-30T17:32:39.764148
54,17,4,5,0,5,2026-07-30T17:32:40.070549
54,17,5,5,0,5,2026-07-30T17:32:40.252160
54,17,6,5,0,5,2026-07-30T17:32:40.276031
54,17,7,5,0,5,2026-07-30T17:32:40.066757
54,17,8,5,0,5,2026-07-30T17:32:40.725094
54,17,9,5,0,5,2026-07-30T17:32:40.982349
54,17,10,5,0,5,2026-07-30T17:32:41.057976
54,18,1,5,0,5,2026-07-30T17:32:41.422209
54,18,2,3,0,3,2026-07-30T17:32:41.884997
54,18,3,3,0,3,2026-07-30T17:32:41.705227
54,18,4,5,0,5,2026-07-30T17:32:41.274140
54,18,5,3,0,3,2026-07-30T17:32:41.922871
54,18,6,3,0,3,2026-07-30T17:32:42.577477
54,18,7,5,0,5,2026-07-30T17:32:42.824397
54,18,8,5,0,5,2026-07-30T17:32:42.902297
54,18,9,5,0,5,2026-07-30T17:32:42.900805
54,18,10,5,0,5,2026-07-30T17:32:42.888584
54,19,1,5,0,5,2026-07-30T17:32:42.934806
54,19,2,5,0,5,2026-07-30T17:32:43.520947
54,19,3,5,0,5,2026-07-30T17:32:43.584693
54,19,4,5,0,5,2026-07-30T17:32:44.429268
54,19,5,5,0,5,2026-07-30T17:32:43.857931
54,19,6,5,0,5,2026-07-30T17:32:44.712208
54,19,7,5,0,5,2026-07-30T17:32:44.745063
54,19,8,5,0,5,2026-07-30T17:32:44.142445
54,19,9,5,0,5,2026-07-30T17:32:44.558434
54,19,10,5,0,5,2026-07-30T17:32:44.549642
54,20,1,5,0,5,2026-07-30T17:32:45.643699
54,20,2,5,0,5,2026-07-30T17:32:45.712924
54,20,3,5,0,5,2026-07-30T17:32:45.368899
54,20,4,3,0,3,2026-07-30T17:32:45.888679
54,20,5,5,0,5,2026-07-30T17:32:45.607568
54,20,6,5,0,5,2026-07-30T17:32:46.413342
54,20,7,5,0,5,2026-07-30T17:32:46.326471
54,20,8,5,0,5,2026-07-30T17:32:46.186212
54,20,9,5,0,5,2026-07-30T17:32:47.215024
54,20,10,5,0,5,2026-07-30T17:32:47.037657
54,21,1,5,0,5,2026-07-30T17:32:46.877091
54,21,2,5,0,5,2026-07-30T17:32:47.159989
54,21,3,5,0,5,2026-07-30T17:32:47.576326
54,21,4,5,0,5,2026-07-30T17:32:47.437453
54,21,5,5,0,5,2026-07-30T17:32:47.586227
54,21,6,5,0,5,2026-07-30T17:32:47.649951
54,21,7,5,0,5,2026-07-30T17:32:48.757803
54,21,8,5,0,5,2026-07-30T17:32:48.278060
54,21,9,5,0,5,2026-07-30T17:32:48.600584
54,21,10,5,0,5,2026-07-30T17:32:49.070736
54,22,1,5,0,5,2026-07-30T17:32:49.074374
54,22,2,5,0,5,2026-07-30T17:32:49.431933
54,22,3,5,0,5,2026-07-30T17:32:48.845737
54,22,4,5,0,5,2026-07-30T17:32:49.696181
54,22,5,5,0,5,2026-07-30T17:32:49.505595
54,22,6,5,0,5,2026-07-30T17:32:49.668881
54,22,7,5,0,5,2026-07-30T17:32:50.620273
54,22,8,5,0,5,2026-07-30T17:32:50.316104
54,22,9,5,0,5,2026-07-30T17:32:50.952041
54,22,10,5,0,5,2026-07-30T17:32:50.922547
54,23,1,5,0,5,2026-07-30T17:32:51.263304
54,23,2,5,0,5,2026-07-30T17:32:50.959372
54,23,3,5,0,5,2026-07-30T17:32:51.321143
54,23,4,5,0,5,2026-07-30T17:32:51.735556
54,23,5,5,0,5,2026-07-30T17:32:51.559223
54,23,6,5,0,5,2026-07-30T17:32:52.253611
54,23,7,5,0,5,2026-07-30T17:32:52.154733
54,23,8,5,0,5,2026-07-30T17:32:52.367278
54,23,9,5,0,5,2026-07-30T17:32:52.584151
54,23,10,5,0,5,2026-07-30T17:32:52.722376
54,24,1,0,0,0,2026-07-30T17:32:53.394542
54,24,2,0,0,0,2026-07-30T17:32:53.028951
54,24,3,0,0,0,2026-07-30T17:32:52.968157
54,24,4,0,0,0,2026-07-30T17:32:53.404169
54,24,5,0,0,0,2026-07-30T17:32:53.711446
54,24,6,0,0,0,2026-07-30T17:32:53.791649
54,24,7,0,0,0,2026-07-30T17:32:53.807553
54,24,8,0,0,0,2026-07-30T17:32:54.579465
54,24,9,0,0,0,2026-07-30T17:32:55.009091
54,24,10,0,0,0,2026-07-30T17:32:54.874835
54,25,1,0,0,0,2026-07-30T17:32:55.255559
54,25,2,0,0,0,2026-07-30T17:32:54.869012
54,25,3,0,0,0,2026-07-30T17:32:54.735224
54,25,4,3,0,3,2026-07-30T17:32:55.216050
54,25,5,2,0,2,2026-07-30T17:32:54.858719
54,25,6,0,0,0,2026-07-30T17:32:56.435775
54,25,7,5,0,5,2026-07-30T17:32:56.586992
54,25,8,0,0,0,2026-07-30T17:32:56.739259
54,25,9,0,0,0,2026-07-30T17:32:56.107313
54,25,10,3,0,3,2026-07-30T17:32:56.935575
54,26,1,5,0,5,2026-07-30T17:32:56.262800
54,26,2,5,0,5,2026-07-30T17:32:57.105091
54,26,3,5,0,5,2026-07-30T17:32:56.931071
54,26,4,5,0,5,2026-07-30T17:32:58.154960
54,26,5,5,0,5,2026-07-30T17:32:57.734883
54,26,6,5,0,5,2026-07-30T17:32:57.477209
54,26,7,5,0,5,2026-07-30T17:32:57.846916
54,26,8,5,0,5,2026-07-30T17:32:58.156640
54,26,9,5,0,5,2026-07-30T17:32:58.971426
54,26,10,5,0,5,2026-07-30T17:32:58.972326
54,27,1,5,0,5,2026-07-30T17:32:58.726240
54,27,2,5,0,5,2026-07-30T17:32:58.528900
54,27,3,5,0,5,2026-07-30T17:32:58.978919
54,27,4,5,0,5,2026-07-30T17:32:59.513482
54,27,5,5,0,5,2026-07-30T17:32:59.902922
54,27,6,5,0,5,2026-07-30T17:33:00.006867
54,27,7,5,0,5,2026-07-30T17:33:00.147001
54,27,8,5,0,5,2026-07-30T17:32:59.969897
54,27,9,5,0,5,2026-07-30T17:33:00.609654
54,27,10,5,0,5,2026-07-30T17:33:00.201411
54,28,1,3,0,3,2026-07-30T17:33:00.615008
54,28,2,5,0,5,2026-07-30T17:33:00.564509
54,28,3,3,0,3,2026-07-30T17:33:01.374281
54,28,4,3,0,3,2026-07-30T17:33:01.629990
54,28,5,3,0,3,2026-07-30T17:33:01.865141
54,28,6,3,0,3,2026-07-30T17:33:01.353594
54,28,7,5,0,5,2026-07-30T17:33:01.858406
54,28,8,4,0,4,2026-07-30T17:33:01.834761
54,28,9,3,0,3,2026-07-30T17:33:02.241731
54,28,10,3,0,3,2026-07-30T17:33:02.642081
54,29,1,5,0,5,2026-07-30T17:33:02.603444
54,29,2,5,0,5,2026-07-30T17:33:03.040995
54,29,3,5,0,5,2026-07-30T17:33:03.284636
54,29,4,5,0,5,2026-07-30T17:33:03.276994
54,29,5,5,0,5,2026-07-30T17:33:03.891055
54,29,6,5,0,5,2026-07-30T17:33:03.913196
54,29,7,5,0,5,2026-07-30T17:33:03.497350
54,29,8,5,0,5,2026-07-30T17:33:03.853317
54,29,9,5,0,5,2026-07-30T17:33:04.268025
54,29,10,5,0,5,2026-07-30T17:33:04.693631
54,30,1,5,0,5,2026-07-30T17:33:05.125289
54,30,2,5,0,5,2026-07-30T17:33:04.540240
54,30,3,5,0,5,2026-07-30T17:33:05.543500
54,30,4,5,0,5,2026-07-30T17:33:05.500303
54,30,5,5,0,5,2026-07-30T17:33:05.129840
54,30,6,5,0,5,2026-07-30T17:33:05.551508
54,30,7,5,0,5,2026-07-30T17:33:06.319994
54,30,8,5,0,5,2026-07-30T17:33:05.778254
54,30,9,5,0,5,2026-07-30T17:33:05.935371
54,30,10,5,0,5,2026-07-30T17:33:06.787716
55,1,1,5,0,5,2026-07-30T17:33:07.339577
55,1,2,5,0,5,2026-07-30T17:33:07.569654
55,1,3,5,0,5,2026-07-30T17:33:07.370234
55,1,4,5,0,5,2026-07-30T17:33:07.370529
55,1,5,5,0,5,2026-07-30T17:33:07.404566
55,1,6,5,0,5,2026-07-30T17:33:07.375071
55,1,7,5,0,5,2026-07-30T17:33:07.778247
55,1,8,5,0,5,2026-07-30T17:33:08.043881
55,1,9,5,0,5,2026-07-30T17:33:10.011305
55,1,10,5,0,5,2026-07-30T17:33:10.326176
55,2,1,5,0,5,2026-07-30T17:33:10.324064
55,2,2,5,0,5,2026-07-30T17:33:09.821834
55,2,3,5,0,5,2026-07-30T17:33:10.353371
55,2,4,5,0,5,2026-07-30T17:33:09.825900
55,2,5,5,0,5,2026-07-30T17:33:10.209512
55,2,6,5,0,5,2026-07-30T17:33:10.290514
55,2,7,5,0,5,2026-07-30T17:33:11.686987
55,2,8,5,0,5,2026-07-30T17:33:11.681866
55,2,9,5,0,5,2026-07-30T17:33:11.667952
55,2,10,5,0,5,2026-07-30T17:33:11.658691
55,3,1,3,0,3,2026-07-30T17:33:11.919395
55,3,2,5,0,5,2026-07-30T17:33:12.155781
55,3,3,0,0,0,2026-07-30T17:33:12.159838
55,3,4,5,0,5,2026-07-30T17:33:12.211162
55,3,5,5,0,5,2026-07-30T17:33:13.486332
55,3,6,5,0,5,2026-07-30T17:33:12.896180
55,3,7,3,0,3,2026-07-30T17:33:12.926743
55,3,8,5,0,5,2026-07-30T17:33:13.522270
55,3,9,5,0,5,2026-07-30T17:33:12.947177
55,3,10,5,0,5,2026-07-30T17:33:13.378600
55,4,1,3,0,3,2026-07-30T17:33:13.819992
55,4,2,3,0,3,2026-07-30T17:33:13.837130
55,4,3,3,0,3,2026-07-30T17:33:14.789592
55,4,4,5,0,5,2026-07-30T17:33:14.771836
55,4,5,5,0,5,2026-07-30T17:33:13.997588
55,4,6,5,0,5,2026-07-30T17:33:14.595467
55,4,7,5,0,5,2026-07-30T17:33:15.106966
55,4,8,3,0,3,2026-07-30T17:33:15.401096
55,4,9,2,0,2,2026-07-30T17:33:15.076690
55,4,10,5,0,5,2026-07-30T17:33:15.494810
55,5,1,5,0,5,2026-07-30T17:33:15.266474
55,5,2,5,0,5,2026-07-30T17:33:16.467411
55,5,3,5,0,5,2026-07-30T17:33:16.665331
55,5,4,5,0,5,2026-07-30T17:33:16.444814
55,5,5,5,0,5,2026-07-30T17:33:16.508944
55,5,6,5,0,5,2026-07-30T17:33:16.744349
55,5,7,5,0,5,2026-07-30T17:33:16.701441
55,5,8,5,0,5,2026-07-30T17:33:17.256560
55,5,9,5,0,5,2026-07-30T17:33:16.748696
55,5,10,5,0,5,2026-07-30T17:33:19.667859
55,6,1,5,0,5,2026-07-30T17:33:18.141177
55,6,2,5,0,5,2026-07-30T17:33:17.534613
55,6,3,5,0,5,2026-07-30T17:33:18.140399
55,6,4,5,0,5,2026-07-30T17:33:17.929671
55,6,5,5,0,5,2026-07-30T17:33:18.180198
55,6,6,5,0,5,2026-07-30T17:33:19.946446
55,6,7,5,0,5,2026-07-30T17:33:19.943312
55,6,8,5,0,5,2026-07-30T17:33:19.827945
55,6,9,5,0,5,2026-07-30T17:33:19.981796
55,6,10,5,0,5,2026-07-30T17:33:19.821856
55,7,1,5,0,5,2026-07-30T17:33:19.809185
55,7,2,5,0,5,2026-07-30T17:33:20.044047
55,7,3,5,0,5,2026-07-30T17:33:21.537109
55,7,4,5,0,5,2026-07-30T17:33:21.911049
55,7,5,5,0,5,2026-07-30T17:33:21.276038
55,7,6,5,0,5,2026-07-30T17:33:21.289473
55,7,7,5,0,5,2026-07-30T17:33:20.976889
55,7,8,5,0,5,2026-07-30T17:33:21.520314
55,7,9,5,0,5,2026-07-30T17:33:21.107178
55,7,10,5,0,5,2026-07-30T17:33:21.122749
55,8,1,5,0,5,2026-07-30T17:33:22.850608
55,8,2,5,0,5,2026-07-30T17:33:22.555004
55,8,3,5,0,5,2026-07-30T17:33:22.365993
55,8,4,5,0,5,2026-07-30T17:33:22.349230
55,8,5,5,0,5,2026-07-30T17:33:22.572922
55,8,6,5,0,5,2026-07-30T17:33:23.364054
55,8,7,5,0,5,2026-07-30T17:33:23.364562
55,8,8,5,0,5,2026-07-30T17:33:23.159609
55,8,9,5,0,5,2026-07-30T17:33:23.965403
55,8,10,5,0,5,2026-07-30T17:33:23.599987
55,9,1,3,0,3,2026-07-30T17:33:23.618261
55,9,2,5,0,5,2026-07-30T17:33:24.417038
55,9,3,5,0,5,2026-07-30T17:33:24.698312
55,9,4,5,0,5,2026-07-30T17:33:24.433313
55,9,5,5,0,5,2026-07-30T17:33:25.430293
55,9,6,5,0,5,2026-07-30T17:33:25.416249
55,9,7,5,0,5,2026-07-30T17:33:25.639571
55,9,8,5,0,5,2026-07-30T17:33:25.480326
55,9,9,5,0,5,2026-07-30T17:33:25.236138
55,9,10,5,0,5,2026-07-30T17:33:25.847993
55,10,1,5,0,5,2026-07-30T17:33:26.479458
55,10,2,5,0,5,2026-07-30T17:33:25.779948
55,10,3,5,0,5,2026-07-30T17:33:26.864628
55,10,4,5,0,5,2026-07-30T17:33:26.883385
55,10,5,5,0,5,2026-07-30T17:33:26.491665
55,10,6,5,0,5,2026-07-30T17:33:26.716591
55,10,7,5,0,5,2026-07-30T17:33:27.495749
55,10,8,5,0,5,2026-07-30T17:33:27.469116
55,10,9,5,0,5,2026-07-30T17:33:26.713626
55,10,10,5,0,5,2026-07-30T17:33:28.113673
55,11,1,5,0,5,2026-07-30T17:33:28.328673
55,11,2,5,0,5,2026-07-30T17:33:27.763811
55,11,3,5,0,5,2026-07-30T17:33:28.540980
55,11,4,5,0,5,2026-07-30T17:33:27.917510
55,11,5,5,0,5,2026-07-30T17:33:28.332957
55,11,6,5,0,5,2026-07-30T17:33:28.896755
55,11,7,5,0,5,2026-07-30T17:33:29.158292
55,11,8,5,0,5,2026-07-30T17:33:29.788979
55,11,9,5,0,5,2026-07-30T17:33:29.963006
55,11,10,5,0,5,2026-07-30T17:33:29.163801
55,12,1,5,0,5,2026-07-30T17:33:30.189714
55,12,2,5,0,5,2026-07-30T17:33:29.997619
55,12,3,5,0,5,2026-07-30T17:33:29.976077
55,12,4,5,0,5,2026-07-30T17:33:30.572514
55,12,5,5,0,5,2026-07-30T17:33:30.420590
55,12,6,5,0,5,2026-07-30T17:33:30.598601
55,12,7,5,0,5,2026-07-30T17:33:31.440614
55,12,8,5,0,5,2026-07-30T17:33:31.604879
55,12,9,5,0,5,2026-07-30T17:33:31.619938
55,12,10,5,0,5,2026-07-30T17:33:31.258822
55,13,1,5,0,5,2026-07-30T17:33:31.640003
55,13,2,5,0,5,2026-07-30T17:33:32.263710
55,13,3,5,0,5,2026-07-30T17:33:32.016982
55,13,4,5,0,5,2026-07-30T17:33:32.051825
55,13,5,5,0,5,2026-07-30T17:33:33.287861
55,13,6,5,0,5,2026-07-30T17:33:32.906651
55,13,7,5,0,5,2026-07-30T17:33:33.413348
55,13,8,5,0,5,2026-07-30T17:33:33.269941
55,13,9,5,0,5,2026-07-30T17:33:33.458639
55,13,10,5,0,5,2026-07-30T17:33:33.852611
55,14,1,5,0,5,2026-07-30T17:33:33.054631
55,14,2,5,0,5,2026-07-30T17:33:33.936137
55,14,3,5,0,5,2026-07-30T17:33:34.150454
55,14,4,5,0,5,2026-07-30T17:33:34.930766
55,14,5,5,0,5,2026-07-30T17:33:35.125523
55,14,6,5,0,5,2026-07-30T17:33:34.957579
55,14,7,5,0,5,2026-07-30T17:33:34.838163
55,14,8,5,0,5,2026-07-30T17:33:34.733118
55,14,9,5,0,5,2026-07-30T17:33:35.103866
55,14,10,5,0,5,2026-07-30T17:33:35.172912
55,15,1,5,0,5,2026-07-30T17:33:35.388563
55,15,2,5,0,5,2026-07-30T17:33:36.779845
55,15,3,5,0,5,2026-07-30T17:33:36.490839
55,15,4,5,0,5,2026-07-30T17:33:36.403710
55,15,5,5,0,5,2026-07-30T17:33:36.404321
55,15,6,5,0,5,2026-07-30T17:33:36.503488
55,15,7,5,0,5,2026-07-30T17:33:36.778945
55,15,8,5,0,5,2026-07-30T17:33:36.806878
55,15,9,5,0,5,2026-07-30T17:33:37.018021
55,15,10,5,0,5,2026-07-30T17:33:37.861533
55,16,1,5,0,5,2026-07-30T17:33:37.452645
55,16,2,5,0,5,2026-07-30T17:33:37.720316
55,16,3,5,0,5,2026-07-30T17:33:37.534416
55,16,4,5,0,5,2026-07-30T17:33:38.643130
55,16,5,5,0,5,2026-07-30T17:33:38.629638
55,16,6,5,0,5,2026-07-30T17:33:38.066770
55,16,7,5,0,5,2026-07-30T17:33:38.471388
55,16,8,5,0,5,2026-07-30T17:33:38.902961
55,16,9,5,0,5,2026-07-30T17:33:39.202697
55,16,10,5,0,5,2026-07-30T17:33:39.557580
55,17,1,5,0,5,2026-07-30T17:33:38.887079
55,17,2,5,0,5,2026-07-30T17:33:39.317580
55,17,3,5,0,5,2026-07-30T17:33:39.534908
55,17,4,5,0,5,2026-07-30T17:33:40.466980
55,17,5,5,0,5,2026-07-30T17:33:40.494987
55,17,6,5,0,5,2026-07-30T17:33:40.336600
55,17,7,5,0,5,2026-07-30T17:33:40.343274
55,17,8,5,0,5,2026-07-30T17:33:40.466618
55,17,9,5,0,5,2026-07-30T17:33:40.967284
55,17,10,5,0,5,2026-07-30T17:33:40.585662
55,18,1,5,0,5,2026-07-30T17:33:41.207307
55,18,2,5,0,5,2026-07-30T17:33:41.561837
55,18,3,5,0,5,2026-07-30T17:33:41.798392
55,18,4,5,0,5,2026-07-30T17:33:41.931392
55,18,5,5,0,5,2026-07-30T17:33:41.915450
55,18,6,5,0,5,2026-07-30T17:33:42.164820
55,18,7,5,0,5,2026-07-30T17:33:41.812699
55,18,8,5,0,5,2026-07-30T17:33:42.818010
55,18,9,5,0,5,2026-07-30T17:33:43.078770
55,18,10,5,0,5,2026-07-30T17:33:42.785445
55,19,1,5,0,5,2026-07-30T17:33:43.646077
55,19,2,5,0,5,2026-07-30T17:33:43.471213
55,19,3,5,0,5,2026-07-30T17:33:43.773589
55,19,4,5,0,5,2026-07-30T17:33:43.374783
55,19,5,5,0,5,2026-07-30T17:33:43.616532
55,19,6,5,0,5,2026-07-30T17:33:43.845864
55,19,7,5,0,5,2026-07-30T17:33:44.473644
55,19,8,5,0,5,2026-07-30T17:33:44.727032
55,19,9,5,0,5,2026-07-30T17:33:44.627379
55,19,10,5,0,5,2026-07-30T17:33:45.106779
55,20,1,5,0,5,2026-07-30T17:33:44.848803
55,20,2,5,0,5,2026-07-30T17:33:44.887727
55,20,3,5,0,5,2026-07-30T17:33:45.031311
55,20,4,5,0,5,2026-07-30T17:33:45.921588
55,20,5,5,0,5,2026-07-30T17:33:45.734463
55,20,6,5,0,5,2026-07-30T17:33:46.077300
55,20,7,5,0,5,2026-07-30T17:33:46.394436
55,20,8,5,0,5,2026-07-30T17:33:46.709874
55,20,9,5,0,5,2026-07-30T17:33:46.734434
55,20,10,5,0,5,2026-07-30T17:33:46.102715
55,21,1,5,0,5,2026-07-30T17:33:46.755026
55,21,2,5,0,5,2026-07-30T17:33:47.585776
55,21,3,5,0,5,2026-07-30T17:33:48.190162
55,21,4,5,0,5,2026-07-30T17:33:47.538962
55,21,5,5,0,5,2026-07-30T17:33:47.557871
55,21,6,5,0,5,2026-07-30T17:33:47.642389
55,21,7,5,0,5,2026-07-30T17:33:48.559889
55,21,8,5,0,5,2026-07-30T17:33:48.592694
55,21,9,5,0,5,2026-07-30T17:33:48.587974
55,21,10,5,0,5,2026-07-30T17:33:49.186585
55,22,1,5,0,5,2026-07-30T17:33:49.225322
55,22,2,5,0,5,2026-07-30T17:33:49.430632
55,22,3,5,0,5,2026-07-30T17:33:49.711982
55,22,4,5,0,5,2026-07-30T17:33:49.846601
55,22,5,5,0,5,2026-07-30T17:33:50.039250
55,22,6,5,0,5,2026-07-30T17:33:50.203341
55,22,7,5,0,5,2026-07-30T17:33:50.433281
55,22,8,5,0,5,2026-07-30T17:33:50.439514
55,22,9,5,0,5,2026-07-30T17:33:50.460829
55,22,10,5,0,5,2026-07-30T17:33:50.884070
55,23,1,5,0,5,2026-07-30T17:33:50.941082
55,23,2,5,0,5,2026-07-30T17:33:51.283736
55,23,3,5,0,5,2026-07-30T17:33:51.866159
55,23,4,5,0,5,2026-07-30T17:33:51.453054
55,23,5,5,0,5,2026-07-30T17:33:51.841978
55,23,6,5,0,5,2026-07-30T17:33:52.309344
55,23,7,5,0,5,2026-07-30T17:33:52.291329
55,23,8,5,0,5,2026-07-30T17:33:52.716284
55,23,9,5,0,5,2026-07-30T17:33:52.202080
55,23,10,5,0,5,2026-07-30T17:33:52.532403
55,24,1,5,0,5,2026-07-30T17:33:53.111632
55,24,2,5,0,5,2026-07-30T17:33:54.102461
55,24,3,3,0,3,2026-07-30T17:33:53.747750
55,24,4,5,0,5,2026-07-30T17:33:54.275723
55,24,5,5,0,5,2026-07-30T17:33:53.345374
55,24,6,5,0,5,2026-07-30T17:33:53.593932
55,24,7,5,0,5,2026-07-30T17:33:53.598824
55,24,8,5,0,5,2026-07-30T17:33:53.985701
55,24,9,5,0,5,2026-07-30T17:33:54.750648
55,24,10,5,0,5,2026-07-30T17:33:55.227322
55,25,1,5,0,5,2026-07-30T17:33:55.250131
55,25,2,5,0,5,2026-07-30T17:33:54.619706
55,25,3,5,0,5,2026-07-30T17:33:55.818677
55,25,4,5,0,5,2026-07-30T17:33:55.651164
55,25,5,5,0,5,2026-07-30T17:33:55.959699
55,25,6,5,0,5,2026-07-30T17:33:55.306619
55,25,7,5,0,5,2026-07-30T17:33:55.844163
55,25,8,5,0,5,2026-07-30T17:33:56.198970
55,25,9,5,0,5,2026-07-30T17:33:57.091418
55,25,10,5,0,5,2026-07-30T17:33:56.893089
55,26,1,5,0,5,2026-07-30T17:33:56.331131
55,26,2,5,0,5,2026-07-30T17:33:57.096310
55,26,3,5,0,5,2026-07-30T17:33:57.272831
55,26,4,5,0,5,2026-07-30T17:33:57.497891
55,26,5,5,0,5,2026-07-30T17:33:57.815412
55,26,6,5,0,5,2026-07-30T17:33:57.853108
55,26,7,5,0,5,2026-07-30T17:33:57.770678
55,26,8,5,0,5,2026-07-30T17:33:58.339638
55,26,9,5,0,5,2026-07-30T17:33:58.517215
55,26,10,5,0,5,2026-07-30T17:33:58.745834
55,27,1,5,0,5,2026-07-30T17:33:59.345486
55,27,2,5,0,5,2026-07-30T17:33:58.733631
55,27,3,3,0,3,2026-07-30T17:33:59.017656
55,27,4,5,0,5,2026-07-30T17:33:59.676374
55,27,5,5,0,5,2026-07-30T17:33:58.924188
55,27,6,5,0,5,2026-07-30T17:34:00.405456
55,27,7,5,0,5,2026-07-30T17:34:00.361654
55,27,8,5,0,5,2026-07-30T17:34:00.774792
55,27,9,5,0,5,2026-07-30T17:34:00.385245
55,27,10,5,0,5,2026-07-30T17:34:00.183861
55,28,1,5,0,5,2026-07-30T17:34:00.870267
55,28,2,5,0,5,2026-07-30T17:34:01.203400
55,28,3,5,0,5,2026-07-30T17:34:01.516854
55,28,4,5,0,5,2026-07-30T17:34:01.817820
55,28,5,5,0,5,2026-07-30T17:34:01.833133
55,28,6,5,0,5,2026-07-30T17:34:02.441629
55,28,7,5,0,5,2026-07-30T17:34:01.856522
55,28,8,5,0,5,2026-07-30T17:34:02.404184
55,28,9,5,0,5,2026-07-30T17:34:02.122207
55,28,10,5,0,5,2026-07-30T17:34:02.632151
55,29,1,5,0,5,2026-07-30T17:34:03.780767
55,29,2,5,0,5,2026-07-30T17:34:04.085383
55,29,3,5,0,5,2026-07-30T17:34:03.664057
55,29,4,5,0,5,2026-07-30T17:34:04.115745
55,29,5,5,0,5,2026-07-30T17:34:03.773974
55,29,6,5,0,5,2026-07-30T17:34:03.846817
55,29,7,5,0,5,2026-07-30T17:34:03.674830
55,29,8,5,0,5,2026-07-30T17:34:03.852449
55,29,9,5,0,5,2026-07-30T17:34:05.082127
55,29,10,5,0,5,2026-07-30T17:34:04.881852
55,30,1,5,0,5,2026-07-30T17:34:06.725082
55,30,2,5,0,5,2026-07-30T17:34:06.726302
55,30,3,5,0,5,2026-07-30T17:34:06.787602
55,30,4,5,0,5,2026-07-30T17:34:04.864089
55,30,5,5,0,5,2026-07-30T17:34:05.365030
55,30,6,5,0,5,2026-07-30T17:34:06.792482
55,30,7,5,0,5,2026-07-30T17:34:06.932123
55,30,8,5,0,5,2026-07-30T17:34:06.951531
55,30,9,5,0,5,2026-07-30T17:34:07.179851
55,30,10,5,0,5,2026-07-30T17:34:07.197840
56,1,1,5,0,5,2026-07-30T17:34:07.949706
56,1,2,5,0,5,2026-07-30T17:34:08.570955
56,1,3,5,0,5,2026-07-30T17:34:08.216711
56,1,4,5,0,5,2026-07-30T17:34:08.221816
56,1,5,5,0,5,2026-07-30T17:34:08.762891
56,1,6,5,0,5,2026-07-30T17:34:08.787640
56,1,7,5,0,5,2026-07-30T17:34:08.453664
56,1,8,5,0,5,2026-07-30T17:34:08.436995
56,1,9,5,0,5,2026-07-30T17:34:09.572684
56,1,10,5,0,5,2026-07-30T17:34:10.274464
56,2,1,5,0,5,2026-07-30T17:34:10.292032
56,2,2,5,0,5,2026-07-30T17:34:10.046621
56,2,3,5,0,5,2026-07-30T17:34:10.302723
56,2,4,5,0,5,2026-07-30T17:34:10.390884
56,2,5,5,0,5,2026-07-30T17:34:10.599303
56,2,6,5,0,5,2026-07-30T17:34:11.058302
56,2,7,5,0,5,2026-07-30T17:34:11.624867
56,2,8,5,0,5,2026-07-30T17:34:11.659399
56,2,9,5,0,5,2026-07-30T17:34:11.511255
56,2,10,5,0,5,2026-07-30T17:34:12.348504
56,3,1,5,0,5,2026-07-30T17:34:12.330563
56,3,2,5,0,5,2026-07-30T17:34:11.627560
56,3,3,5,0,5,2026-07-30T17:34:11.849204
56,3,4,5,0,5,2026-07-30T17:34:12.715064
56,3,5,5,0,5,2026-07-30T17:34:12.968024
56,3,6,3,0,3,2026-07-30T17:34:13.451131
56,3,7,5,0,5,2026-07-30T17:34:13.071763
56,3,8,5,0,5,2026-07-30T17:34:13.711829
56,3,9,0,0,0,2026-07-30T17:34:13.291088
56,3,10,5,0,5,2026-07-30T17:34:13.987972
56,4,1,5,0,5,2026-07-30T17:34:13.761986
56,4,2,5,0,5,2026-07-30T17:34:14.539780
56,4,3,0,0,0,2026-07-30T17:34:14.825667
56,4,4,0,0,0,2026-07-30T17:34:14.703998
56,4,5,0,0,0,2026-07-30T17:34:14.944992
56,4,6,0,0,0,2026-07-30T17:34:15.082268
56,4,7,0,0,0,2026-07-30T17:34:14.948043
56,4,8,0,0,0,2026-07-30T17:34:14.796540
56,4,9,5,0,5,2026-07-30T17:34:15.859759
56,4,10,0,0,0,2026-07-30T17:34:15.563349
56,5,1,5,0,5,2026-07-30T17:34:16.165295
56,5,2,5,0,5,2026-07-30T17:34:16.242228
56,5,3,5,0,5,2026-07-30T17:34:16.059360
56,5,4,5,0,5,2026-07-30T17:34:15.974022
56,5,5,5,0,5,2026-07-30T17:34:15.954269
56,5,6,0,0,0,2026-07-30T17:34:16.934838
56,5,7,5,0,5,2026-07-30T17:34:17.601649
56,5,8,5,0,5,2026-07-30T17:34:17.494806
56,5,9,5,0,5,2026-07-30T17:34:17.790421
56,5,10,0,0,0,2026-07-30T17:34:17.815179
56,6,1,5,0,5,2026-07-30T17:34:17.318554
56,6,2,5,0,5,2026-07-30T17:34:17.372420
56,6,3,5,0,5,2026-07-30T17:34:17.886336
56,6,4,5,0,5,2026-07-30T17:34:18.758107
56,6,5,5,0,5,2026-07-30T17:34:20.540926
56,6,6,5,0,5,2026-07-30T17:34:20.893041
56,6,7,5,0,5,2026-07-30T17:34:20.731453
56,6,8,5,0,5,2026-07-30T17:34:20.665038
56,6,9,5,0,5,2026-07-30T17:34:20.731298
56,6,10,5,0,5,2026-07-30T17:34:20.735805
56,7,1,5,0,5,2026-07-30T17:34:19.134427
56,7,2,5,0,5,2026-07-30T17:34:20.390088
56,7,3,5,0,5,2026-07-30T17:34:20.376808
56,7,4,5,0,5,2026-07-30T17:34:22.026589
56,7,5,5,0,5,2026-07-30T17:34:21.808169
56,7,6,5,0,5,2026-07-30T17:34:21.975334
56,7,7,5,0,5,2026-07-30T17:34:22.102503
56,7,8,5,0,5,2026-07-30T17:34:22.168899
56,7,9,5,0,5,2026-07-30T17:34:22.361005
56,7,10,5,0,5,2026-07-30T17:34:22.379958
56,8,1,5,0,5,2026-07-30T17:34:22.153685
56,8,2,5,0,5,2026-07-30T17:34:23.049897
56,8,3,5,0,5,2026-07-30T17:34:23.802991
56,8,4,5,0,5,2026-07-30T17:34:23.051527
56,8,5,5,0,5,2026-07-30T17:34:23.767769
56,8,6,5,0,5,2026-07-30T17:34:24.013750
56,8,7,5,0,5,2026-07-30T17:34:23.423248
56,8,8,5,0,5,2026-07-30T17:34:23.784814
56,8,9,5,0,5,2026-07-30T17:34:23.806677
56,8,10,5,0,5,2026-07-30T17:34:25.112598
56,9,1,0,0,0,2026-07-30T17:34:24.494236
56,9,2,0,0,0,2026-07-30T17:34:24.655970
56,9,3,5,0,5,2026-07-30T17:34:25.425263
56,9,4,0,0,0,2026-07-30T17:34:24.814786
56,9,5,0,0,0,2026-07-30T17:34:26.038574
56,9,6,0,0,0,2026-07-30T17:34:25.055275
56,9,7,0,0,0,2026-07-30T17:34:26.056020
56,9,8,0,0,0,2026-07-30T17:34:26.334323
56,9,9,0,0,0,2026-07-30T17:34:26.324077
56,9,10,0,0,0,2026-07-30T17:34:26.656175
56,10,1,5,0,5,2026-07-30T17:34:26.125053
56,10,2,5,0,5,2026-07-30T17:34:26.966518
56,10,3,5,0,5,2026-07-30T17:34:27.086016
56,10,4,5,0,5,2026-07-30T17:34:27.476653
56,10,5,5,0,5,2026-07-30T17:34:27.698911
56,10,6,5,0,5,2026-07-30T17:34:27.160024
56,10,7,5,0,5,2026-07-30T17:34:28.170407
56,10,8,5,0,5,2026-07-30T17:34:27.803336
56,10,9,5,0,5,2026-07-30T17:34:28.069170
56,10,10,0,0,0,2026-07-30T17:34:28.817337
56,11,1,5,0,5,2026-07-30T17:34:28.919184
56,11,2,5,0,5,2026-07-30T17:34:28.198118
56,11,3,5,0,5,2026-07-30T17:34:28.496605
56,11,4,5,0,5,2026-07-30T17:34:29.157866
56,11,5,5,0,5,2026-07-30T17:34:29.252156
56,11,6,5,0,5,2026-07-30T17:34:29.523472
56,11,7,5,0,5,2026-07-30T17:34:29.633597
56,11,8,5,0,5,2026-07-30T17:34:29.461706
56,11,9,5,0,5,2026-07-30T17:34:29.859729
56,11,10,5,0,5,2026-07-30T17:34:30.270389
56,12,1,5,0,5,2026-07-30T17:34:30.993048
56,12,2,5,0,5,2026-07-30T17:34:30.181405
56,12,3,5,0,5,2026-07-30T17:34:31.294295
56,12,4,5,0,5,2026-07-30T17:34:30.923833
56,12,5,5,0,5,2026-07-30T17:34:31.167219
56,12,6,5,0,5,2026-07-30T17:34:31.290757
56,12,7,5,0,5,2026-07-30T17:34:31.693767
56,12,8,5,0,5,2026-07-30T17:34:31.818666
56,12,9,5,0,5,2026-07-30T17:34:31.492032
56,12,10,5,0,5,2026-07-30T17:34:32.333701
56,13,1,5,0,5,2026-07-30T17:34:32.621343
56,13,2,5,0,5,2026-07-30T17:34:32.208300
56,13,3,5,0,5,2026-07-30T17:34:33.340195
56,13,4,5,0,5,2026-07-30T17:34:32.920232
56,13,5,5,0,5,2026-07-30T17:34:32.956959
56,13,6,5,0,5,2026-07-30T17:34:34.015999
56,13,7,5,0,5,2026-07-30T17:34:33.289161
56,13,8,5,0,5,2026-07-30T17:34:34.038771
56,13,9,5,0,5,2026-07-30T17:34:34.388115
56,13,10,5,0,5,2026-07-30T17:34:34.067885
56,14,1,5,0,5,2026-07-30T17:34:34.373928
56,14,2,5,0,5,2026-07-30T17:34:34.000283
56,14,3,5,0,5,2026-07-30T17:34:34.932382
56,14,4,5,0,5,2026-07-30T17:34:35.191546
56,14,5,5,0,5,2026-07-30T17:34:36.018339
56,14,6,5,0,5,2026-07-30T17:34:35.259294
56,14,7,5,0,5,2026-07-30T17:34:35.905564
56,14,8,5,0,5,2026-07-30T17:34:35.711519
56,14,9,5,0,5,2026-07-30T17:34:36.008520
56,14,10,5,0,5,2026-07-30T17:34:36.339586
56,15,1,5,0,5,2026-07-30T17:34:36.383549
56,15,2,5,0,5,2026-07-30T17:34:36.647488
56,15,3,5,0,5,2026-07-30T17:34:36.884599
56,15,4,5,0,5,2026-07-30T17:34:36.954285
56,15,5,5,0,5,2026-07-30T17:34:37.954152
56,15,6,5,0,5,2026-07-30T17:34:37.670602
56,15,7,5,0,5,2026-07-30T17:34:37.048906
56,15,8,5,0,5,2026-07-30T17:34:37.983437
56,15,9,5,0,5,2026-07-30T17:34:38.255418
56,15,10,5,0,5,2026-07-30T17:34:37.889421
56,16,1,5,0,5,2026-07-30T17:34:38.702686
56,16,2,5,0,5,2026-07-30T17:34:39.028597
56,16,3,5,0,5,2026-07-30T17:34:38.298486
56,16,4,5,0,5,2026-07-30T17:34:39.751442
56,16,5,5,0,5,2026-07-30T17:34:39.324183
56,16,6,5,0,5,2026-07-30T17:34:39.061662
56,16,7,5,0,5,2026-07-30T17:34:39.065514
56,16,8,5,0,5,2026-07-30T17:34:40.115674
56,16,9,5,0,5,2026-07-30T17:34:39.945974
56,16,10,5,0,5,2026-07-30T17:34:40.524871
56,17,1,5,0,5,2026-07-30T17:34:40.104988
56,17,2,5,0,5,2026-07-30T17:34:40.509283
56,17,3,5,0,5,2026-07-30T17:34:40.104907
56,17,4,5,0,5,2026-07-30T17:34:41.369941
56,17,5,5,0,5,2026-07-30T17:34:41.572903
56,17,6,5,0,5,2026-07-30T17:34:41.987808
56,17,7,5,0,5,2026-07-30T17:34:41.925580
56,17,8,5,0,5,2026-07-30T17:34:41.163264
56,17,9,5,0,5,2026-07-30T17:34:41.354278
56,17,10,5,0,5,2026-07-30T17:34:41.736319
56,18,1,5,0,5,2026-07-30T17:34:42.190452
56,18,2,5,0,5,2026-07-30T17:34:42.602046
56,18,3,3,0,3,2026-07-30T17:34:42.599561
56,18,4,5,0,5,2026-07-30T17:34:43.234677
56,18,5,3,0,3,2026-07-30T17:34:42.802158
56,18,6,5,0,5,2026-07-30T17:34:43.164758
56,18,7,5,0,5,2026-07-30T17:34:43.773739
56,18,8,5,0,5,2026-07-30T17:34:44.452000
56,18,9,5,0,5,2026-07-30T17:34:44.440156
56,18,10,5,0,5,2026-07-30T17:34:44.454012
56,19,1,5,0,5,2026-07-30T17:34:44.485487
56,19,2,5,0,5,2026-07-30T17:34:44.428413
56,19,3,5,0,5,2026-07-30T17:34:44.826794
56,19,4,5,0,5,2026-07-30T17:34:44.457071
56,19,5,5,0,5,2026-07-30T17:34:45.427051
56,19,6,5,0,5,2026-07-30T17:34:45.453644
56,19,7,5,0,5,2026-07-30T17:34:45.498824
56,19,8,5,0,5,2026-07-30T17:34:46.103965
56,19,9,5,0,5,2026-07-30T17:34:45.894790
56,19,10,5,0,5,2026-07-30T17:34:46.106961
56,20,1,5,0,5,2026-07-30T17:34:45.917344
56,20,2,5,0,5,2026-07-30T17:34:46.687907
56,20,3,5,0,5,2026-07-30T17:34:47.472127
56,20,4,5,0,5,2026-07-30T17:34:46.882234
56,20,5,5,0,5,2026-07-30T17:34:46.708262
56,20,6,5,0,5,2026-07-30T17:34:47.961123
56,20,7,5,0,5,2026-07-30T17:34:46.944083
56,20,8,5,0,5,2026-07-30T17:34:47.969675
56,20,9,5,0,5,2026-07-30T17:34:47.752465
56,20,10,5,0,5,2026-07-30T17:34:47.929471
56,21,1,5,0,5,2026-07-30T17:34:48.375067
56,21,2,5,0,5,2026-07-30T17:34:48.311644
56,21,3,5,0,5,2026-07-30T17:34:47.978372
56,21,4,5,0,5,2026-07-30T17:34:48.904850
56,21,5,5,0,5,2026-07-30T17:34:49.013769
56,21,6,5,0,5,2026-07-30T17:34:49.349552
56,21,7,5,0,5,2026-07-30T17:34:49.396149
56,21,8,5,0,5,2026-07-30T17:34:49.613791
56,21,9,5,0,5,2026-07-30T17:34:50.037974
56,21,10,5,0,5,2026-07-30T17:34:49.745869
56,22,1,5,0,5,2026-07-30T17:34:50.005750
56,22,2,5,0,5,2026-07-30T17:34:49.920211
56,22,3,5,0,5,2026-07-30T17:34:50.261219
56,22,4,5,0,5,2026-07-30T17:34:50.596170
56,22,5,5,0,5,2026-07-30T17:34:51.081798
56,22,6,5,0,5,2026-07-30T17:34:51.025637
56,22,7,5,0,5,2026-07-30T17:34:50.989512
56,22,8,5,0,5,2026-07-30T17:34:50.977410
56,22,9,5,0,5,2026-07-30T17:34:51.695874
56,22,10,5,0,5,2026-07-30T17:34:51.267149
56,23,1,5,0,5,2026-07-30T17:34:52.297055
56,23,2,5,0,5,2026-07-30T17:34:52.050054
56,23,3,5,0,5,2026-07-30T17:34:52.616336
56,23,4,5,0,5,2026-07-30T17:34:52.427011
56,23,5,5,0,5,2026-07-30T17:34:53.066816
56,23,6,5,0,5,2026-07-30T17:34:52.742981
56,23,7,5,0,5,2026-07-30T17:34:53.095984
56,23,8,5,0,5,2026-07-30T17:34:53.145822
56,23,9,5,0,5,2026-07-30T17:34:53.486446
56,23,10,5,0,5,2026-07-30T17:34:53.345489
56,24,1,5,0,5,2026-07-30T17:34:53.864131
56,24,2,5,0,5,2026-07-30T17:34:54.046303
56,24,3,5,0,5,2026-07-30T17:34:53.761851
56,24,4,5,0,5,2026-07-30T17:34:54.903796
56,24,5,5,0,5,2026-07-30T17:34:54.344522
56,24,6,5,0,5,2026-07-30T17:34:54.775471
56,24,7,5,0,5,2026-07-30T17:34:54.562238
56,24,8,5,0,5,2026-07-30T17:34:55.138419
56,24,9,5,0,5,2026-07-30T17:34:55.233201
56,24,10,5,0,5,2026-07-30T17:34:55.525800
56,25,1,5,0,5,2026-07-30T17:34:55.696515
56,25,2,0,0,0,2026-07-30T17:34:56.170421
56,25,3,5,0,5,2026-07-30T17:34:56.406743
56,25,4,0,0,0,2026-07-30T17:34:56.622224
56,25,5,0,0,0,2026-07-30T17:34:55.926573
56,25,6,0,0,0,2026-07-30T17:34:56.797250
56,25,7,0,0,0,2026-07-30T17:34:56.483221
56,25,8,5,0,5,2026-07-30T17:34:56.588340
56,25,9,5,0,5,2026-07-30T17:34:57.153400
56,25,10,0,0,0,2026-07-30T17:34:57.341344
56,26,1,5,0,5,2026-07-30T17:34:57.614977
56,26,2,5,0,5,2026-07-30T17:34:57.467549
56,26,3,5,0,5,2026-07-30T17:34:58.139773
56,26,4,5,0,5,2026-07-30T17:34:58.439241
56,26,5,5,0,5,2026-07-30T17:34:57.953758
56,26,6,5,0,5,2026-07-30T17:34:58.877631
56,26,7,5,0,5,2026-07-30T17:34:58.261337
56,26,8,5,0,5,2026-07-30T17:34:59.382105
56,26,9,5,0,5,2026-07-30T17:34:59.177981
56,26,10,5,0,5,2026-07-30T17:34:58.921282
56,27,1,5,0,5,2026-07-30T17:34:59.614593
56,27,2,5,0,5,2026-07-30T17:35:00.072144
56,27,3,5,0,5,2026-07-30T17:34:59.536403
56,27,4,5,0,5,2026-07-30T17:35:00.088878
56,27,5,5,0,5,2026-07-30T17:35:00.129550
56,27,6,5,0,5,2026-07-30T17:35:00.775082
56,27,7,5,0,5,2026-07-30T17:35:00.804061
56,27,8,5,0,5,2026-07-30T17:35:01.226103
56,27,9,5,0,5,2026-07-30T17:35:01.363363
56,27,10,5,0,5,2026-07-30T17:35:01.680978
56,28,1,5,0,5,2026-07-30T17:35:01.292619
56,28,2,5,0,5,2026-07-30T17:35:01.954569
56,28,3,5,0,5,2026-07-30T17:35:02.208998
56,28,4,5,0,5,2026-07-30T17:35:03.002201
56,28,5,5,0,5,2026-07-30T17:35:02.662708
56,28,6,5,0,5,2026-07-30T17:35:02.875463
56,28,7,5,0,5,2026-07-30T17:35:02.536723
56,28,8,5,0,5,2026-07-30T17:35:02.605927
56,28,9,5,0,5,2026-07-30T17:35:03.710187
56,28,10,5,0,5,2026-07-30T17:35:03.407530
56,29,1,5,0,5,2026-07-30T17:35:04.056282
56,29,2,5,0,5,2026-07-30T17:35:03.764967
56,29,3,5,0,5,2026-07-30T17:35:04.052116
56,29,4,5,0,5,2026-07-30T17:35:04.286610
56,29,5,5,0,5,2026-07-30T17:35:04.701763
56,29,6,5,0,5,2026-07-30T17:35:04.625321
56,29,7,5,0,5,2026-07-30T17:35:05.059129
56,29,8,5,0,5,2026-07-30T17:35:04.751736
56,29,9,5,0,5,2026-07-30T17:35:05.609332
56,29,10,5,0,5,2026-07-30T17:35:05.282530
56,30,1,5,0,5,2026-07-30T17:35:05.484931
56,30,2,5,0,5,2026-07-30T17:35:06.335957
56,30,3,5,0,5,2026-07-30T17:35:05.852601
56,30,4,5,0,5,2026-07-30T17:35:06.158308
56,30,5,5,0,5,2026-07-30T17:35:06.381233
56,30,6,5,0,5,2026-07-30T17:35:06.929450
56,30,7,5,0,5,2026-07-30T17:35:06.508797
56,30,8,5,0,5,2026-07-30T17:35:07.309758
56,30,9,5,0,5,2026-07-30T17:35:06.634936
56,30,10,5,0,5,2026-07-30T17:35:07.306456
57,1,1,5,0,5,2026-07-30T17:35:07.397822
57,1,2,5,0,5,2026-07-30T17:35:08.777697
57,1,3,5,0,5,2026-07-30T17:35:08.648328
57,1,4,5,0,5,2026-07-30T17:35:08.961700
57,1,5,5,0,5,2026-07-30T17:35:08.899144
57,1,6,5,0,5,2026-07-30T17:35:08.996233
57,1,7,5,0,5,2026-07-30T17:35:09.194806
57,1,8,5,0,5,2026-07-30T17:35:08.959240
57,1,9,5,0,5,2026-07-30T17:35:08.834891
57,1,10,5,0,5,2026-07-30T17:35:10.112829
57,2,1,5,0,5,2026-07-30T17:35:10.016338
57,2,2,5,0,5,2026-07-30T17:35:10.709725
57,2,3,5,0,5,2026-07-30T17:35:09.937086
57,2,4,5,0,5,2026-07-30T17:35:10.407156
57,2,5,5,0,5,2026-07-30T17:35:11.030136
57,2,6,5,0,5,2026-07-30T17:35:10.658654
57,2,7,5,0,5,2026-07-30T17:35:11.262929
57,2,8,5,0,5,2026-07-30T17:35:11.193946
57,2,9,5,0,5,2026-07-30T17:35:11.262147
57,2,10,5,0,5,2026-07-30T17:35:11.375063
57,3,1,5,0,5,2026-07-30T17:35:12.057106
57,3,2,4,0,4,2026-07-30T17:35:12.692311
57,3,3,5,0,5,2026-07-30T17:35:11.950911
57,3,4,5,0,5,2026-07-30T17:35:12.483795
57,3,5,4,0,4,2026-07-30T17:35:12.627389
57,3,6,5,0,5,2026-07-30T17:35:12.666117
57,3,7,4,0,4,2026-07-30T17:35:12.707724
57,3,8,5,0,5,2026-07-30T17:35:13.022168
57,3,9,5,0,5,2026-07-30T17:35:13.825315
57,3,10,4,0,4,2026-07-30T17:35:13.892708
57,4,1,2,0,2,2026-07-30T17:35:13.734577
57,4,2,3,0,3,2026-07-30T17:35:13.661524
57,4,3,3,0,3,2026-07-30T17:35:13.910668
57,4,4,2,0,2,2026-07-30T17:35:14.124943
57,4,5,3,0,3,2026-07-30T17:35:14.764704
57,4,6,2,0,2,2026-07-30T17:35:14.050136
57,4,7,3,0,3,2026-07-30T17:35:15.710474
57,4,8,3,0,3,2026-07-30T17:35:15.608430
57,4,9,3,0,3,2026-07-30T17:35:15.645630
57,4,10,3,0,3,2026-07-30T17:35:14.905521
57,5,1,5,0,5,2026-07-30T17:35:15.551457
57,5,2,5,0,5,2026-07-30T17:35:15.878063
57,5,3,5,0,5,2026-07-30T17:35:15.380979
57,5,4,5,0,5,2026-07-30T17:35:16.004177
57,5,5,5,0,5,2026-07-30T17:35:15.950485
57,5,6,5,0,5,2026-07-30T17:35:17.036099
57,5,7,5,0,5,2026-07-30T17:35:17.196396
57,5,8,5,0,5,2026-07-30T17:35:16.666505
57,5,9,5,0,5,2026-07-30T17:35:17.298091
57,5,10,0,0,0,2026-07-30T17:35:16.953826
57,6,1,5,0,5,2026-07-30T17:35:17.920839
57,6,2,5,0,5,2026-07-30T17:35:17.593797
57,6,3,5,0,5,2026-07-30T17:35:17.652844
57,6,4,5,0,5,2026-07-30T17:35:17.906800
57,6,5,5,0,5,2026-07-30T17:35:18.993473
57,6,6,5,0,5,2026-07-30T17:35:18.446077
57,6,7,5,0,5,2026-07-30T17:35:18.452056
57,6,8,5,0,5,2026-07-30T17:35:18.320200
57,6,9,5,0,5,2026-07-30T17:35:19.452507
57,6,10,5,0,5,2026-07-30T17:35:19.078096
57,7,1,5,0,5,2026-07-30T17:35:19.134449
57,7,2,5,0,5,2026-07-30T17:35:19.555540
57,7,3,5,0,5,2026-07-30T17:35:19.974476
57,7,4,5,0,5,2026-07-30T17:35:20.072030
57,7,5,5,0,5,2026-07-30T17:35:19.685383
57,7,6,5,0,5,2026-07-30T17:35:20.835113
57,7,7,5,0,5,2026-07-30T17:35:20.537792
57,7,8,5,0,5,2026-07-30T17:35:20.775302
57,7,9,5,0,5,2026-07-30T17:35:20.890336
57,7,10,5,0,5,2026-07-30T17:35:21.193329
57,8,1,5,0,5,2026-07-30T17:35:20.897185
57,8,2,-1,1,ERROR,2026-07-30T18:35:21.711308
57,8,3,-1,1,ERROR,2026-07-30T18:35:22.600348
57,8,4,-1,1,ERROR,2026-07-30T18:35:21.901272
57,8,5,-1,1,ERROR,2026-07-30T18:35:22.620780
57,8,6,-1,1,ERROR,2026-07-30T18:35:21.634467
57,8,7,-1,1,ERROR,2026-07-30T18:35:22.620814
57,8,8,-1,1,ERROR,2026-07-30T18:35:21.764385
57,8,9,-1,1,ERROR,2026-07-30T18:35:22.393985
57,8,10,-1,1,ERROR,2026-07-30T18:35:22.102459
57,9,1,-1,1,ERROR,2026-07-30T18:35:22.282246
57,9,2,-1,1,ERROR,2026-07-30T18:35:22.245105
57,9,3,-1,1,ERROR,2026-07-30T18:35:22.469981
57,9,4,-1,1,ERROR,2026-07-30T18:35:22.671047
57,9,5,-1,1,ERROR,2026-07-30T18:35:22.813375
57,9,6,-1,1,ERROR,2026-07-30T18:35:22.757193
57,9,7,-1,1,ERROR,2026-07-30T18:35:22.764953
57,9,8,-1,1,ERROR,2026-07-30T18:35:22.938862
57,9,9,-1,1,ERROR,2026-07-30T18:35:23.174985
57,9,10,-1,1,ERROR,2026-07-30T18:35:23.195935
57,10,1,-1,1,ERROR,2026-07-30T18:35:23.195911
57,10,2,-1,1,ERROR,2026-07-30T18:35:23.136057
57,10,3,-1,1,ERROR,2026-07-30T18:35:23.330108
57,10,4,-1,1,ERROR,2026-07-30T18:35:23.331562
57,10,5,-1,1,ERROR,2026-07-30T18:35:23.285069
57,10,6,-1,1,ERROR,2026-07-30T18:35:23.508221
57,10,7,-1,1,ERROR,2026-07-30T18:35:23.705910
57,10,8,-1,1,ERROR,2026-07-30T18:35:23.647594
57,10,9,-1,1,ERROR,2026-07-30T18:35:23.666826
57,10,10,-1,1,ERROR,2026-07-30T18:35:23.666868
57,11,1,-1,1,ERROR,2026-07-30T18:35:23.858693
57,11,2,-1,1,ERROR,2026-07-30T18:35:23.898630
57,11,3,-1,1,ERROR,2026-07-30T18:35:23.902024
57,11,4,-1,1,ERROR,2026-07-30T18:35:24.074118
57,11,5,-1,1,ERROR,2026-07-30T18:35:24.225385
57,11,6,-1,1,ERROR,2026-07-30T18:35:24.236625
57,11,7,-1,1,ERROR,2026-07-30T18:35:24.236667
57,11,8,-1,1,ERROR,2026-07-30T18:35:24.174883
57,11,9,-1,1,ERROR,2026-07-30T18:35:24.367322
57,11,10,-1,1,ERROR,2026-07-30T18:35:24.369426
57,12,1,-1,1,ERROR,2026-07-30T18:35:24.369627
57,12,2,-1,1,ERROR,2026-07-30T18:35:24.542995
57,12,3,-1,1,ERROR,2026-07-30T18:35:24.763484
57,12,4,-1,1,ERROR,2026-07-30T18:35:24.690014
57,12,5,-1,1,ERROR,2026-07-30T18:35:24.700405
57,12,6,-1,1,ERROR,2026-07-30T18:35:24.707013
57,12,7,-1,1,ERROR,2026-07-30T18:35:24.934311
57,12,8,-1,1,ERROR,2026-07-30T18:35:24.938815
57,12,9,-1,1,ERROR,2026-07-30T18:35:24.934282
57,12,10,-1,1,ERROR,2026-07-30T18:35:25.110744
57,13,1,-1,1,ERROR,2026-07-30T18:35:25.158466
57,13,2,-1,1,ERROR,2026-07-30T18:35:25.070084
57,13,3,-1,1,ERROR,2026-07-30T18:35:25.071496
57,13,4,-1,1,ERROR,2026-07-30T18:35:25.234839
57,13,5,-1,1,ERROR,2026-07-30T18:35:25.507593
57,13,6,-1,1,ERROR,2026-07-30T18:35:25.507565
57,13,7,-1,1,ERROR,2026-07-30T18:35:25.507607
57,13,8,-1,1,ERROR,2026-07-30T18:35:25.644999
57,13,9,-1,1,ERROR,2026-07-30T18:35:25.645031
57,13,10,-1,1,ERROR,2026-07-30T18:35:25.678452
57,14,1,-1,1,ERROR,2026-07-30T18:35:25.813417
57,14,2,-1,1,ERROR,2026-07-30T18:35:25.708182
57,14,3,-1,1,ERROR,2026-07-30T18:35:25.976438
57,14,4,-1,1,ERROR,2026-07-30T18:35:25.971869
57,14,5,-1,1,ERROR,2026-07-30T18:35:25.976421
57,14,6,-1,1,ERROR,2026-07-30T18:35:26.216673
57,14,7,-1,1,ERROR,2026-07-30T18:35:26.216446
57,14,8,-1,1,ERROR,2026-07-30T18:35:26.245638
57,14,9,-1,1,ERROR,2026-07-30T18:35:26.173994
57,14,10,-1,1,ERROR,2026-07-30T18:35:26.384451
57,15,1,-1,1,ERROR,2026-07-30T18:35:26.350008
57,15,2,-1,1,ERROR,2026-07-30T18:35:26.553089
57,15,3,-1,1,ERROR,2026-07-30T18:35:26.349978
57,15,4,-1,1,ERROR,2026-07-30T18:35:26.741549
57,15,5,-1,1,ERROR,2026-07-30T18:35:26.695676
57,15,6,-1,1,ERROR,2026-07-30T18:35:26.695649
57,15,7,-1,1,ERROR,2026-07-30T18:35:26.713884
57,15,8,-1,1,ERROR,2026-07-30T18:35:26.913980
57,15,9,-1,1,ERROR,2026-07-30T18:35:26.913958
57,15,10,-1,1,ERROR,2026-07-30T18:35:26.952955
57,16,1,-1,1,ERROR,2026-07-30T18:35:27.118941
57,16,2,-1,1,ERROR,2026-07-30T18:35:27.071395
57,16,3,-1,1,ERROR,2026-07-30T18:35:27.164190
57,16,4,-1,1,ERROR,2026-07-30T18:35:27.073719
57,16,5,-1,1,ERROR,2026-07-30T18:35:27.305844
57,16,6,-1,1,ERROR,2026-07-30T18:35:27.488677
57,16,7,-1,1,ERROR,2026-07-30T18:35:27.480364
57,16,8,-1,1,ERROR,2026-07-30T18:35:27.420801
57,16,9,-1,1,ERROR,2026-07-30T18:35:27.434474
57,16,10,-1,1,ERROR,2026-07-30T18:35:27.643303
57,17,1,-1,1,ERROR,2026-07-30T18:35:27.690391
57,17,2,-1,1,ERROR,2026-07-30T18:35:27.635482
57,17,3,-1,1,ERROR,2026-07-30T18:35:27.873328
57,17,4,-1,1,ERROR,2026-07-30T18:35:27.789749
57,17,5,-1,1,ERROR,2026-07-30T18:35:28.005646
57,17,6,-1,1,ERROR,2026-07-30T18:35:28.050052
57,17,7,-1,1,ERROR,2026-07-30T18:35:27.973771
57,17,8,-1,1,ERROR,2026-07-30T18:35:28.202816
57,17,9,-1,1,ERROR,2026-07-30T18:35:28.216577
57,17,10,-1,1,ERROR,2026-07-30T18:35:28.155434
57,18,1,-1,1,ERROR,2026-07-30T18:35:28.364503
57,18,2,-1,1,ERROR,2026-07-30T18:35:28.342312
57,18,3,-1,1,ERROR,2026-07-30T18:35:28.544211
57,18,4,-1,1,ERROR,2026-07-30T18:35:28.571559
57,18,5,-1,1,ERROR,2026-07-30T18:35:28.517849
57,18,6,-1,1,ERROR,2026-07-30T18:35:28.721199
57,18,7,-1,1,ERROR,2026-07-30T18:35:28.672815
57,18,8,-1,1,ERROR,2026-07-30T18:35:28.683923
57,18,9,-1,1,ERROR,2026-07-30T18:35:28.911268
57,18,10,-1,1,ERROR,2026-07-30T18:35:28.932947
57,19,1,-1,1,ERROR,2026-07-30T18:35:29.185229
57,19,2,-1,1,ERROR,2026-07-30T18:35:29.113389
57,19,3,-1,1,ERROR,2026-07-30T18:35:29.135047
57,19,4,-1,1,ERROR,2026-07-30T18:35:29.167464
57,19,5,-1,1,ERROR,2026-07-30T18:35:29.187798
57,19,6,-1,1,ERROR,2026-07-30T18:35:29.299197
57,19,7,-1,1,ERROR,2026-07-30T18:35:29.386249
57,19,8,-1,1,ERROR,2026-07-30T18:35:29.543134
57,19,9,-1,1,ERROR,2026-07-30T18:35:29.726934
57,19,10,-1,1,ERROR,2026-07-30T18:35:29.763282
57,20,1,-1,1,ERROR,2026-07-30T18:35:29.763305
57,20,2,-1,1,ERROR,2026-07-30T18:35:29.763244
57,20,3,-1,1,ERROR,2026-07-30T18:35:29.682175
57,20,4,-1,1,ERROR,2026-07-30T18:35:29.894577
57,20,5,-1,1,ERROR,2026-07-30T18:35:29.875245
57,20,6,-1,1,ERROR,2026-07-30T18:35:30.119943
57,20,7,-1,1,ERROR,2026-07-30T18:35:30.050272
57,20,8,-1,1,ERROR,2026-07-30T18:35:30.295312
57,20,9,-1,1,ERROR,2026-07-30T18:35:30.239426
57,20,10,-1,1,ERROR,2026-07-30T18:35:30.228757
57,21,1,-1,1,ERROR,2026-07-30T18:35:30.228780
57,21,2,-1,1,ERROR,2026-07-30T18:35:30.444031
57,21,3,-1,1,ERROR,2026-07-30T18:35:30.466885
57,21,4,-1,1,ERROR,2026-07-30T18:35:30.622673
57,21,5,-1,1,ERROR,2026-07-30T18:35:30.583493
57,21,6,-1,1,ERROR,2026-07-30T18:35:30.799837
57,21,7,-1,1,ERROR,2026-07-30T18:35:30.799876
57,21,8,-1,1,ERROR,2026-07-30T18:35:30.801756
57,21,9,-1,1,ERROR,2026-07-30T18:35:30.762910
57,21,10,-1,1,ERROR,2026-07-30T18:35:30.913645
57,22,1,-1,1,ERROR,2026-07-30T18:35:30.940558
57,22,2,-1,1,ERROR,2026-07-30T18:35:31.154340
57,22,3,-1,1,ERROR,2026-07-30T18:35:31.092204
57,22,4,-1,1,ERROR,2026-07-30T18:35:31.331940
57,22,5,-1,1,ERROR,2026-07-30T18:35:31.267687
57,22,6,-1,1,ERROR,2026-07-30T18:35:31.270232
57,22,7,-1,1,ERROR,2026-07-30T18:35:31.267425
57,22,8,-1,1,ERROR,2026-07-30T18:35:31.483361
57,22,9,-1,1,ERROR,2026-07-30T18:35:31.512297
57,22,10,-1,1,ERROR,2026-07-30T18:35:31.458598
57,23,1,-1,1,ERROR,2026-07-30T18:35:31.724178
57,23,2,-1,1,ERROR,2026-07-30T18:35:31.639601
57,23,3,-1,1,ERROR,2026-07-30T18:35:31.639894
57,23,4,-1,1,ERROR,2026-07-30T18:35:31.639572
57,23,5,-1,1,ERROR,2026-07-30T18:35:31.796956
57,23,6,-1,1,ERROR,2026-07-30T18:35:31.825199
57,23,7,-1,1,ERROR,2026-07-30T18:35:32.055462
57,23,8,-1,1,ERROR,2026-07-30T18:35:31.976958
57,23,9,-1,1,ERROR,2026-07-30T18:35:32.211322
57,23,10,-1,1,ERROR,2026-07-30T18:35:32.211300
57,24,1,-1,1,ERROR,2026-07-30T18:35:32.211274
57,24,2,-1,1,ERROR,2026-07-30T18:35:32.198594
57,24,3,-1,1,ERROR,2026-07-30T18:35:32.162107
57,24,4,-1,1,ERROR,2026-07-30T18:35:32.397677
57,24,5,-1,1,ERROR,2026-07-30T18:35:32.345011
57,24,6,-1,1,ERROR,2026-07-30T18:35:32.521164
57,24,7,-1,1,ERROR,2026-07-30T18:35:32.725134
57,24,8,-1,1,ERROR,2026-07-30T18:35:32.761555
57,24,9,-1,1,ERROR,2026-07-30T18:35:32.677333
57,24,10,-1,1,ERROR,2026-07-30T18:35:32.677609
57,25,1,-1,1,ERROR,2026-07-30T18:35:32.679944
57,25,2,-1,1,ERROR,2026-07-30T18:35:32.910197
57,25,3,-1,1,ERROR,2026-07-30T18:35:32.860789
57,25,4,-1,1,ERROR,2026-07-30T18:35:33.095578
57,25,5,-1,1,ERROR,2026-07-30T18:35:33.046143
57,25,6,-1,1,ERROR,2026-07-30T18:35:33.044610
57,25,7,-1,1,ERROR,2026-07-30T18:35:33.047082
57,25,8,-1,1,ERROR,2026-07-30T18:35:33.287701
57,25,9,-1,1,ERROR,2026-07-30T18:35:33.230646
57,25,10,-1,1,ERROR,2026-07-30T18:35:33.232812
57,26,1,-1,1,ERROR,2026-07-30T18:35:33.381369
57,26,2,-1,1,ERROR,2026-07-30T18:35:33.612786
57,26,3,-1,1,ERROR,2026-07-30T18:35:33.612989
57,26,4,-1,1,ERROR,2026-07-30T18:35:33.614646
57,26,5,-1,1,ERROR,2026-07-30T18:35:33.566427
57,26,6,-1,1,ERROR,2026-07-30T18:35:33.795184
57,26,7,-1,1,ERROR,2026-07-30T18:35:33.797860
57,26,8,-1,1,ERROR,2026-07-30T18:35:33.754809
57,26,9,-1,1,ERROR,2026-07-30T18:35:33.750038
57,26,10,-1,1,ERROR,2026-07-30T18:35:33.929454
57,27,1,-1,1,ERROR,2026-07-30T18:35:34.179291
57,27,2,-1,1,ERROR,2026-07-30T18:35:34.179259
57,27,3,-1,1,ERROR,2026-07-30T18:35:34.179640
57,27,4,-1,1,ERROR,2026-07-30T18:35:34.320070
57,27,5,-1,1,ERROR,2026-07-30T18:35:34.320091
57,27,6,-1,1,ERROR,2026-07-30T18:35:34.363367
57,27,7,-1,1,ERROR,2026-07-30T18:35:34.363395
57,27,8,-1,1,ERROR,2026-07-30T18:35:34.499204
57,27,9,-1,1,ERROR,2026-07-30T18:35:34.655460
57,27,10,-1,1,ERROR,2026-07-30T18:35:34.650105
57,28,1,-1,1,ERROR,2026-07-30T18:35:34.650076
57,28,2,-1,1,ERROR,2026-07-30T18:35:34.906575
57,28,3,-1,1,ERROR,2026-07-30T18:35:34.908725
57,28,4,-1,1,ERROR,2026-07-30T18:35:34.835305
57,28,5,-1,1,ERROR,2026-07-30T18:35:34.837580
57,28,6,-1,1,ERROR,2026-07-30T18:35:35.070891
57,28,7,-1,1,ERROR,2026-07-30T18:35:35.019239
57,28,8,-1,1,ERROR,2026-07-30T18:35:35.018048
57,28,9,-1,1,ERROR,2026-07-30T18:35:35.234935
57,28,10,-1,1,ERROR,2026-07-30T18:35:35.408136
57,29,1,-1,1,ERROR,2026-07-30T18:35:35.409508
57,29,2,-1,1,ERROR,2026-07-30T18:35:35.373395
57,29,3,-1,1,ERROR,2026-07-30T18:35:35.378049
57,29,4,-1,1,ERROR,2026-07-30T18:35:35.601797
57,29,5,-1,1,ERROR,2026-07-30T18:35:35.590683
57,29,6,-1,1,ERROR,2026-07-30T18:35:35.542854
57,29,7,-1,1,ERROR,2026-07-30T18:35:35.803660
57,29,8,-1,1,ERROR,2026-07-30T18:35:35.739512
57,29,9,-1,1,ERROR,2026-07-30T18:35:35.949358
57,29,10,-1,1,ERROR,2026-07-30T18:35:35.973006
57,30,1,-1,1,ERROR,2026-07-30T18:35:35.977019
57,30,2,-1,1,ERROR,2026-07-30T18:35:35.908968
57,30,3,-1,1,ERROR,2026-07-30T18:35:36.158704
57,30,4,-1,1,ERROR,2026-07-30T18:35:36.073389
57,30,5,-1,1,ERROR,2026-07-30T18:35:36.306125
57,30,6,-1,1,ERROR,2026-07-30T18:35:36.268315
57,30,7,-1,1,ERROR,2026-07-30T18:35:36.478384
57,30,8,-1,1,ERROR,2026-07-30T18:35:36.515262
57,30,9,-1,1,ERROR,2026-07-30T18:35:36.439872
57,30,10,-1,1,ERROR,2026-07-30T18:35:36.439895
58,1,1,-1,1,ERROR,2026-07-30T18:35:36.642002
58,1,2,-1,1,ERROR,2026-07-30T18:35:36.631111
58,1,3,-1,1,ERROR,2026-07-30T18:35:36.833096
58,1,4,-1,1,ERROR,2026-07-30T18:35:36.773221
58,1,5,-1,1,ERROR,2026-07-30T18:35:37.009633
58,1,6,-1,1,ERROR,2026-07-30T18:35:37.009656
58,1,7,-1,1,ERROR,2026-07-30T18:35:37.048407
58,1,8,-1,1,ERROR,2026-07-30T18:35:36.986626
58,1,9,-1,1,ERROR,2026-07-30T18:35:37.198479
58,1,10,-1,1,ERROR,2026-07-30T18:35:37.212422
58,2,1,-1,1,ERROR,2026-07-30T18:35:37.141326
58,2,2,-1,1,ERROR,2026-07-30T18:35:37.300891
58,2,3,-1,1,ERROR,2026-07-30T18:35:37.553567
58,2,4,-1,1,ERROR,2026-07-30T18:35:37.475529
58,2,5,-1,1,ERROR,2026-07-30T18:35:37.475446
58,2,6,-1,1,ERROR,2026-07-30T18:35:37.516192
58,2,7,-1,1,ERROR,2026-07-30T18:35:37.705372
58,2,8,-1,1,ERROR,2026-07-30T18:35:37.667925
58,2,9,-1,1,ERROR,2026-07-30T18:35:37.676370
58,2,10,-1,1,ERROR,2026-07-30T18:35:37.670015
58,3,1,-1,1,ERROR,2026-07-30T18:35:37.842647
58,3,2,-1,1,ERROR,2026-07-30T18:35:37.842673
58,3,3,-1,1,ERROR,2026-07-30T18:35:38.088162
58,3,4,-1,1,ERROR,2026-07-30T18:35:38.020586
58,3,5,-1,1,ERROR,2026-07-30T18:35:38.242322
58,3,6,-1,1,ERROR,2026-07-30T18:35:38.234927
58,3,7,-1,1,ERROR,2026-07-30T18:35:38.242298
58,3,8,-1,1,ERROR,2026-07-30T18:35:38.175314
58,3,9,-1,1,ERROR,2026-07-30T18:35:38.409070
58,3,10,-1,1,ERROR,2026-07-30T18:35:38.409045
58,4,1,-1,1,ERROR,2026-07-30T18:35:38.586641
58,4,2,-1,1,ERROR,2026-07-30T18:35:38.555600
58,4,3,-1,1,ERROR,2026-07-30T18:35:38.750931
58,4,4,-1,1,ERROR,2026-07-30T18:35:38.705558
58,4,5,-1,1,ERROR,2026-07-30T18:35:38.714789
58,4,6,-1,1,ERROR,2026-07-30T18:35:38.706845
58,4,7,-1,1,ERROR,2026-07-30T18:35:38.876614
58,4,8,-1,1,ERROR,2026-07-30T18:35:38.876587
58,4,9,-1,1,ERROR,2026-07-30T18:35:39.119723
58,4,10,-1,1,ERROR,2026-07-30T18:35:39.047972
58,5,1,-1,1,ERROR,2026-07-30T18:35:39.275068
58,5,2,-1,1,ERROR,2026-07-30T18:35:39.275095
58,5,3,-1,1,ERROR,2026-07-30T18:35:39.281064
58,5,4,-1,1,ERROR,2026-07-30T18:35:39.220291
58,5,5,-1,1,ERROR,2026-07-30T18:35:39.443405
58,5,6,-1,1,ERROR,2026-07-30T18:35:39.438297
58,5,7,-1,1,ERROR,2026-07-30T18:35:39.620651
58,5,8,-1,1,ERROR,2026-07-30T18:35:39.581580
58,5,9,-1,1,ERROR,2026-07-30T18:35:39.788692
58,5,10,-1,1,ERROR,2026-07-30T18:35:39.740473
58,6,1,-1,1,ERROR,2026-07-30T18:35:39.740499
58,6,2,-1,1,ERROR,2026-07-30T18:35:39.742404
58,6,3,-1,1,ERROR,2026-07-30T18:35:39.908161
58,6,4,-1,1,ERROR,2026-07-30T18:35:39.910826
58,6,5,-1,1,ERROR,2026-07-30T18:35:40.152106
58,6,6,-1,1,ERROR,2026-07-30T18:35:40.089538
58,6,7,-1,1,ERROR,2026-07-30T18:35:40.312611
58,6,8,-1,1,ERROR,2026-07-30T18:35:40.312635
58,6,9,-1,1,ERROR,2026-07-30T18:35:40.314269
58,6,10,-1,1,ERROR,2026-07-30T18:35:40.256355
58,7,1,-1,1,ERROR,2026-07-30T18:35:40.475848
58,7,2,-1,1,ERROR,2026-07-30T18:35:40.473951
58,7,3,-1,1,ERROR,2026-07-30T18:35:40.653882
58,7,4,-1,1,ERROR,2026-07-30T18:35:40.613666
58,7,5,-1,1,ERROR,2026-07-30T18:35:40.816256
58,7,6,-1,1,ERROR,2026-07-30T18:35:40.780341
58,7,7,-1,1,ERROR,2026-07-30T18:35:40.777728
58,7,8,-1,1,ERROR,2026-07-30T18:35:40.777659
58,7,9,-1,1,ERROR,2026-07-30T18:35:40.937349
58,7,10,-1,1,ERROR,2026-07-30T18:35:40.944956
58,8,1,-1,1,ERROR,2026-07-30T18:35:41.184328
58,8,2,-1,1,ERROR,2026-07-30T18:35:41.124071
58,8,3,-1,1,ERROR,2026-07-30T18:35:41.350006
58,8,4,-1,1,ERROR,2026-07-30T18:35:41.350047
58,8,5,-1,1,ERROR,2026-07-30T18:35:41.350114
58,8,6,-1,1,ERROR,2026-07-30T18:35:41.287226
58,8,7,-1,1,ERROR,2026-07-30T18:35:41.509220
58,8,8,-1,1,ERROR,2026-07-30T18:35:41.518722
58,8,9,-1,1,ERROR,2026-07-30T18:35:41.695285
58,8,10,-1,1,ERROR,2026-07-30T18:35:41.653975
58,9,1,-1,1,ERROR,2026-07-30T18:35:41.854858
58,9,2,-1,1,ERROR,2026-07-30T18:35:41.823405
58,9,3,-1,1,ERROR,2026-07-30T18:35:41.821859
58,9,4,-1,1,ERROR,2026-07-30T18:35:41.821932
58,9,5,-1,1,ERROR,2026-07-30T18:35:41.974983
58,9,6,-1,1,ERROR,2026-07-30T18:35:41.993808
58,9,7,-1,1,ERROR,2026-07-30T18:35:42.219692
58,9,8,-1,1,ERROR,2026-07-30T18:35:42.159570
58,9,9,-1,1,ERROR,2026-07-30T18:35:42.386313
58,9,10,-1,1,ERROR,2026-07-30T18:35:42.389510
58,10,1,-1,1,ERROR,2026-07-30T18:35:42.386374
58,10,2,-1,1,ERROR,2026-07-30T18:35:42.420865
58,10,3,-1,1,ERROR,2026-07-30T18:35:42.342111
58,10,4,-1,1,ERROR,2026-07-30T18:35:42.561120
58,10,5,-1,1,ERROR,2026-07-30T18:35:42.523441
58,10,6,-1,1,ERROR,2026-07-30T18:35:42.690022
58,10,7,-1,1,ERROR,2026-07-30T18:35:42.915315
58,10,8,-1,1,ERROR,2026-07-30T18:35:42.958440
58,10,9,-1,1,ERROR,2026-07-30T18:35:42.962055
58,10,10,-1,1,ERROR,2026-07-30T18:35:42.962080
58,11,1,-1,1,ERROR,2026-07-30T18:35:42.891410
58,11,2,-1,1,ERROR,2026-07-30T18:35:43.096912
58,11,3,-1,1,ERROR,2026-07-30T18:35:43.129393
58,11,4,-1,1,ERROR,2026-07-30T18:35:43.154183
58,11,5,-1,1,ERROR,2026-07-30T18:35:43.255943
58,11,6,-1,1,ERROR,2026-07-30T18:35:43.489744
58,11,7,-1,1,ERROR,2026-07-30T18:35:43.432285
58,11,8,-1,1,ERROR,2026-07-30T18:35:43.427016
58,11,9,-1,1,ERROR,2026-07-30T18:35:43.430376
58,11,10,-1,1,ERROR,2026-07-30T18:35:43.665456
58,12,1,-1,1,ERROR,2026-07-30T18:35:43.604959
58,12,2,-1,1,ERROR,2026-07-30T18:35:43.623403
58,12,3,-1,1,ERROR,2026-07-30T18:35:43.822360
58,12,4,-1,1,ERROR,2026-07-30T18:35:43.995088
58,12,5,-1,1,ERROR,2026-07-30T18:35:43.999077
58,12,6,-1,1,ERROR,2026-07-30T18:35:43.998803
58,12,7,-1,1,ERROR,2026-07-30T18:35:43.959554
58,12,8,-1,1,ERROR,2026-07-30T18:35:44.179491
58,12,9,-1,1,ERROR,2026-07-30T18:35:44.183145
58,12,10,-1,1,ERROR,2026-07-30T18:35:44.133560
58,13,1,-1,1,ERROR,2026-07-30T18:35:44.287673
58,13,2,-1,1,ERROR,2026-07-30T18:35:44.530272
58,13,3,-1,1,ERROR,2026-07-30T18:35:44.560690
58,13,4,-1,1,ERROR,2026-07-30T18:35:44.562197
58,13,5,-1,1,ERROR,2026-07-30T18:35:44.560713
58,13,6,-1,1,ERROR,2026-07-30T18:35:44.701796
58,13,7,-1,1,ERROR,2026-07-30T18:35:44.747454
58,13,8,-1,1,ERROR,2026-07-30T18:35:44.753216
58,13,9,-1,1,ERROR,2026-07-30T18:35:44.753191
58,13,10,-1,1,ERROR,2026-07-30T18:35:44.895331
58,14,1,-1,1,ERROR,2026-07-30T18:35:45.127544
58,14,2,-1,1,ERROR,2026-07-30T18:35:45.127785
58,14,3,-1,1,ERROR,2026-07-30T18:35:45.127513
58,14,4,-1,1,ERROR,2026-07-30T18:35:45.273254
58,14,5,-1,1,ERROR,2026-07-30T18:35:45.313821
58,14,6,-1,1,ERROR,2026-07-30T18:35:45.316177
58,14,7,-1,1,ERROR,2026-07-30T18:35:45.316341
58,14,8,-1,1,ERROR,2026-07-30T18:35:45.463861
58,14,9,-1,1,ERROR,2026-07-30T18:35:45.591209
58,14,10,-1,1,ERROR,2026-07-30T18:35:45.589743
58,15,1,-1,1,ERROR,2026-07-30T18:35:45.595431
58,15,2,-1,1,ERROR,2026-07-30T18:35:45.852882
58,15,3,-1,1,ERROR,2026-07-30T18:35:45.777974
58,15,4,-1,1,ERROR,2026-07-30T18:35:45.776949
58,15,5,-1,1,ERROR,2026-07-30T18:35:45.791816
58,15,6,-1,1,ERROR,2026-07-30T18:35:45.935313
58,15,7,-1,1,ERROR,2026-07-30T18:35:46.156058
58,15,8,-1,1,ERROR,2026-07-30T18:35:46.156023
58,15,9,-1,1,ERROR,2026-07-30T18:35:46.163108
58,15,10,-1,1,ERROR,2026-07-30T18:35:46.350229
58,16,1,-1,1,ERROR,2026-07-30T18:35:46.348144
58,16,2,-1,1,ERROR,2026-07-30T18:35:46.362185
58,16,3,-1,1,ERROR,2026-07-30T18:35:46.320685
58,16,4,-1,1,ERROR,2026-07-30T18:35:46.301106
58,16,5,-1,1,ERROR,2026-07-30T18:35:46.519929
58,16,6,-1,1,ERROR,2026-07-30T18:35:46.823016
58,16,7,-1,1,ERROR,2026-07-30T18:35:46.833953
58,16,8,-1,1,ERROR,2026-07-30T18:35:46.867612
58,16,9,-1,1,ERROR,2026-07-30T18:35:46.887932
58,16,10,-1,1,ERROR,2026-07-30T18:35:47.017763
58,17,1,-1,1,ERROR,2026-07-30T18:35:47.017701
58,17,2,-1,1,ERROR,2026-07-30T18:35:47.030535
58,17,3,-1,1,ERROR,2026-07-30T18:35:46.989043
58,17,4,-1,1,ERROR,2026-07-30T18:35:47.193096
58,17,5,-1,1,ERROR,2026-07-30T18:35:47.397404
58,17,6,-1,1,ERROR,2026-07-30T18:35:47.434453
58,17,7,-1,1,ERROR,2026-07-30T18:35:47.356994
58,17,8,-1,1,ERROR,2026-07-30T18:35:47.568302
58,17,9,-1,1,ERROR,2026-07-30T18:35:47.592522
58,17,10,-1,1,ERROR,2026-07-30T18:35:47.592495
58,18,1,-1,1,ERROR,2026-07-30T18:35:47.534716
58,18,2,-1,1,ERROR,2026-07-30T18:35:47.759124
58,18,3,-1,1,ERROR,2026-07-30T18:35:47.926344
58,18,4,-1,1,ERROR,2026-07-30T18:35:47.964237
58,18,5,-1,1,ERROR,2026-07-30T18:35:47.903931
58,18,6,-1,1,ERROR,2026-07-30T18:35:48.108108
58,18,7,-1,1,ERROR,2026-07-30T18:35:48.130553
58,18,8,-1,1,ERROR,2026-07-30T18:35:48.059123
58,18,9,-1,1,ERROR,2026-07-30T18:35:48.062505
58,18,10,-1,1,ERROR,2026-07-30T18:35:48.229924
58,19,1,-1,1,ERROR,2026-07-30T18:35:48.470390
58,19,2,-1,1,ERROR,2026-07-30T18:35:48.494499
58,19,3,-1,1,ERROR,2026-07-30T18:35:48.431169
58,19,4,-1,1,ERROR,2026-07-30T18:35:48.622516
58,19,5,-1,1,ERROR,2026-07-30T18:35:48.631163
58,19,6,-1,1,ERROR,2026-07-30T18:35:48.670362
58,19,7,-1,1,ERROR,2026-07-30T18:35:48.696146
58,19,8,-1,1,ERROR,2026-07-30T18:35:48.700341
58,19,9,-1,1,ERROR,2026-07-30T18:35:48.795274
58,19,10,-1,1,ERROR,2026-07-30T18:35:48.936735
58,20,1,-1,1,ERROR,2026-07-30T18:35:48.964469
58,20,2,-1,1,ERROR,2026-07-30T18:35:49.201074
58,20,3,-1,1,ERROR,2026-07-30T18:35:49.205404
58,20,4,-1,1,ERROR,2026-07-30T18:35:49.139605
58,20,5,-1,1,ERROR,2026-07-30T18:35:49.160654
58,20,6,-1,1,ERROR,2026-07-30T18:35:49.163154
58,20,7,-1,1,ERROR,2026-07-30T18:35:49.362475
58,20,8,-1,1,ERROR,2026-07-30T18:35:49.305014
58,20,9,-1,1,ERROR,2026-07-30T18:35:49.532344
58,20,10,-1,1,ERROR,2026-07-30T18:35:49.709135
58,21,1,-1,1,ERROR,2026-07-30T18:35:49.726984
58,21,2,-1,1,ERROR,2026-07-30T18:35:49.727006
58,21,3,-1,1,ERROR,2026-07-30T18:35:49.668092
58,21,4,-1,1,ERROR,2026-07-30T18:35:49.666968
58,21,5,-1,1,ERROR,2026-07-30T18:35:49.870633
58,21,6,-1,1,ERROR,2026-07-30T18:35:49.826526
58,21,7,-1,1,ERROR,2026-07-30T18:35:49.997521
58,21,8,-1,1,ERROR,2026-07-30T18:35:50.228422
58,21,9,-1,1,ERROR,2026-07-30T18:35:50.236174
58,21,10,-1,1,ERROR,2026-07-30T18:35:50.180766
58,22,1,-1,1,ERROR,2026-07-30T18:35:50.191825
58,22,2,-1,1,ERROR,2026-07-30T18:35:50.195027
58,22,3,-1,1,ERROR,2026-07-30T18:35:50.392912
58,22,4,-1,1,ERROR,2026-07-30T18:35:50.339146
58,22,5,-1,1,ERROR,2026-07-30T18:35:50.567098
58,22,6,-1,1,ERROR,2026-07-30T18:35:50.746411
58,22,7,-1,1,ERROR,2026-07-30T18:35:50.760519
58,22,8,-1,1,ERROR,2026-07-30T18:35:50.759424
58,22,9,-1,1,ERROR,2026-07-30T18:35:50.700204
58,22,10,-1,1,ERROR,2026-07-30T18:35:50.704412
58,23,1,-1,1,ERROR,2026-07-30T18:35:50.906292
58,23,2,-1,1,ERROR,2026-07-30T18:35:50.963193
58,23,3,-1,1,ERROR,2026-07-30T18:35:51.033810
58,23,4,-1,1,ERROR,2026-07-30T18:35:51.267000
58,23,5,-1,1,ERROR,2026-07-30T18:35:51.267041
58,23,6,-1,1,ERROR,2026-07-30T18:35:51.315260
58,23,7,-1,1,ERROR,2026-07-30T18:35:51.227536
58,23,8,-1,1,ERROR,2026-07-30T18:35:51.227512
58,23,9,-1,1,ERROR,2026-07-30T18:35:51.478946
58,23,10,-1,1,ERROR,2026-07-30T18:35:51.433290
58,24,1,-1,1,ERROR,2026-07-30T18:35:51.403868
58,24,2,-1,1,ERROR,2026-07-30T18:35:51.592222
58,24,3,-1,1,ERROR,2026-07-30T18:35:51.600781
58,24,4,-1,1,ERROR,2026-07-30T18:35:51.832850
58,24,5,-1,1,ERROR,2026-07-30T18:35:51.833914
58,24,6,-1,1,ERROR,2026-07-30T18:35:51.784181
58,24,7,-1,1,ERROR,2026-07-30T18:35:51.773349
58,24,8,-1,1,ERROR,2026-07-30T18:35:52.013946
58,24,9,-1,1,ERROR,2026-07-30T18:35:51.946053
58,24,10,-1,1,ERROR,2026-07-30T18:35:52.162317
58,25,1,-1,1,ERROR,2026-07-30T18:35:52.174606
58,25,2,-1,1,ERROR,2026-07-30T18:35:52.343400
58,25,3,-1,1,ERROR,2026-07-30T18:35:52.350103
58,25,4,-1,1,ERROR,2026-07-30T18:35:52.305102
58,25,5,-1,1,ERROR,2026-07-30T18:35:52.305132
58,25,6,-1,1,ERROR,2026-07-30T18:35:52.512479
58,25,7,-1,1,ERROR,2026-07-30T18:35:52.480963
58,25,8,-1,1,ERROR,2026-07-30T18:35:52.627991
58,25,9,-1,1,ERROR,2026-07-30T18:35:52.641596
58,25,10,-1,1,ERROR,2026-07-30T18:35:52.876864
58,26,1,-1,1,ERROR,2026-07-30T18:35:52.875001
58,26,2,-1,1,ERROR,2026-07-30T18:35:52.910586
58,26,3,-1,1,ERROR,2026-07-30T18:35:52.826710
58,26,4,-1,1,ERROR,2026-07-30T18:35:53.055458
58,26,5,-1,1,ERROR,2026-07-30T18:35:53.088486
58,26,6,-1,1,ERROR,2026-07-30T18:35:52.998234
58,26,7,-1,1,ERROR,2026-07-30T18:35:53.214343
58,26,8,-1,1,ERROR,2026-07-30T18:35:53.401007
58,26,9,-1,1,ERROR,2026-07-30T18:35:53.444510
58,26,10,-1,1,ERROR,2026-07-30T18:35:53.443385
58,27,1,-1,1,ERROR,2026-07-30T18:35:53.381237
58,27,2,-1,1,ERROR,2026-07-30T18:35:53.568201
58,27,3,-1,1,ERROR,2026-07-30T18:35:53.628440
58,27,4,-1,1,ERROR,2026-07-30T18:35:53.554169
58,27,5,-1,1,ERROR,2026-07-30T18:35:53.792041
58,27,6,-1,1,ERROR,2026-07-30T18:35:53.958348
58,27,7,-1,1,ERROR,2026-07-30T18:35:53.983980
58,27,8,-1,1,ERROR,2026-07-30T18:35:53.918204
58,27,9,-1,1,ERROR,2026-07-30T18:35:53.924781
58,27,10,-1,1,ERROR,2026-07-30T18:35:54.128913
58,28,1,-1,1,ERROR,2026-07-30T18:35:54.142788
58,28,2,-1,1,ERROR,2026-07-30T18:35:54.095760
58,28,3,-1,1,ERROR,2026-07-30T18:35:54.260944
58,28,4,-1,1,ERROR,2026-07-30T18:35:54.485095
58,28,5,-1,1,ERROR,2026-07-30T18:35:54.490619
58,28,6,-1,1,ERROR,2026-07-30T18:35:54.427689
58,28,7,-1,1,ERROR,2026-07-30T18:35:54.452338
58,28,8,-1,1,ERROR,2026-07-30T18:35:54.661962
58,28,9,-1,1,ERROR,2026-07-30T18:35:54.693756
58,28,10,-1,1,ERROR,2026-07-30T18:35:54.608139
58,29,1,-1,1,ERROR,2026-07-30T18:35:54.828837
58,29,2,-1,1,ERROR,2026-07-30T18:35:54.789661
58,29,3,-1,1,ERROR,2026-07-30T18:35:55.029967
58,29,4,-1,1,ERROR,2026-07-30T18:35:54.952583
58,29,5,-1,1,ERROR,2026-07-30T18:35:54.961219
58,29,6,-1,1,ERROR,2026-07-30T18:35:55.179339
58,29,7,-1,1,ERROR,2026-07-30T18:35:55.130250
58,29,8,-1,1,ERROR,2026-07-30T18:35:55.170929
58,29,9,-1,1,ERROR,2026-07-30T18:35:55.357519
58,29,10,-1,1,ERROR,2026-07-30T18:35:55.394089
58,30,1,-1,1,ERROR,2026-07-30T18:35:55.315174
58,30,2,-1,1,ERROR,2026-07-30T18:35:55.529722
58,30,3,-1,1,ERROR,2026-07-30T18:35:55.498968
58,30,4,-1,1,ERROR,2026-07-30T18:35:55.491128
58,30,5,-1,1,ERROR,2026-07-30T18:35:55.738024
58,30,6,-1,1,ERROR,2026-07-30T18:35:55.745834
58,30,7,-1,1,ERROR,2026-07-30T18:35:55.889798
58,30,8,-1,1,ERROR,2026-07-30T18:35:55.924195
58,30,9,-1,1,ERROR,2026-07-30T18:35:55.867551
58,30,10,-1,1,ERROR,2026-07-30T18:35:56.058597
59,1,1,-1,1,ERROR,2026-07-30T18:35:56.068586
59,1,2,-1,1,ERROR,2026-07-30T18:35:56.099857
59,1,3,-1,1,ERROR,2026-07-30T18:35:56.207756
59,1,4,-1,1,ERROR,2026-07-30T18:35:56.211214
59,1,5,-1,1,ERROR,2026-07-30T18:35:56.435437
59,1,6,-1,1,ERROR,2026-07-30T18:35:56.356341
59,1,7,-1,1,ERROR,2026-07-30T18:35:56.386071
59,1,8,-1,1,ERROR,2026-07-30T18:35:56.626967
59,1,9,-1,1,ERROR,2026-07-30T18:35:56.643573
59,1,10,-1,1,ERROR,2026-07-30T18:35:56.569527
59,2,1,-1,1,ERROR,2026-07-30T18:35:56.774766
59,2,2,-1,1,ERROR,2026-07-30T18:35:56.779565
59,2,3,-1,1,ERROR,2026-07-30T18:35:56.737674
59,2,4,-1,1,ERROR,2026-07-30T18:35:56.983488
59,2,5,-1,1,ERROR,2026-07-30T18:35:56.903749
59,2,6,-1,1,ERROR,2026-07-30T18:35:57.140136
59,2,7,-1,1,ERROR,2026-07-30T18:35:57.095069
59,2,8,-1,1,ERROR,2026-07-30T18:35:57.113589
59,2,9,-1,1,ERROR,2026-07-30T18:35:57.304273
59,2,10,-1,1,ERROR,2026-07-30T18:35:57.343701
59,3,1,-1,1,ERROR,2026-07-30T18:35:57.347366
59,3,2,-1,1,ERROR,2026-07-30T18:35:57.270866
59,3,3,-1,1,ERROR,2026-07-30T18:35:57.446749
59,3,4,-1,1,ERROR,2026-07-30T18:35:57.461190
59,3,5,-1,1,ERROR,2026-07-30T18:35:57.678369
59,3,6,-1,1,ERROR,2026-07-30T18:35:57.710904
59,3,7,-1,1,ERROR,2026-07-30T18:35:57.636242
59,3,8,-1,1,ERROR,2026-07-30T18:35:57.873797
59,3,9,-1,1,ERROR,2026-07-30T18:35:57.808904
59,3,10,-1,1,ERROR,2026-07-30T18:35:57.810976
59,4,1,-1,1,ERROR,2026-07-30T18:35:57.808954
59,4,2,-1,1,ERROR,2026-07-30T18:35:58.030982
59,4,3,-1,1,ERROR,2026-07-30T18:35:58.202334
59,4,4,-1,1,ERROR,2026-07-30T18:35:58.143292
59,4,5,-1,1,ERROR,2026-07-30T18:35:58.179530
59,4,6,-1,1,ERROR,2026-07-30T18:35:58.373902
59,4,7,-1,1,ERROR,2026-07-30T18:35:58.735309
59,4,8,-1,1,ERROR,2026-07-30T18:35:58.373934
59,4,9,-1,1,ERROR,2026-07-30T18:35:58.344250
59,4,10,-1,1,ERROR,2026-07-30T18:35:58.499963
59,5,1,-1,1,ERROR,2026-07-30T18:35:58.509379
59,5,2,-1,1,ERROR,2026-07-30T18:35:58.745847
59,5,3,-1,1,ERROR,2026-07-30T18:35:58.664927
59,5,4,-1,1,ERROR,2026-07-30T18:35:58.912022
59,5,5,-1,1,ERROR,2026-07-30T18:35:58.840001
59,5,6,-1,1,ERROR,2026-07-30T18:35:58.938362
59,5,7,-1,1,ERROR,2026-07-30T18:35:59.073513
59,5,8,-1,1,ERROR,2026-07-30T18:35:59.073492
59,5,9,-1,1,ERROR,2026-07-30T18:35:59.034448
59,5,10,-1,1,ERROR,2026-07-30T18:35:59.200753
59,6,1,-1,1,ERROR,2026-07-30T18:35:59.203569
59,6,2,-1,1,ERROR,2026-07-30T18:35:59.202494
59,6,3,-1,1,ERROR,2026-07-30T18:35:59.379528
59,6,4,-1,1,ERROR,2026-07-30T18:35:59.402121
59,6,5,-1,1,ERROR,2026-07-30T18:35:59.598911
59,6,6,-1,1,ERROR,2026-07-30T18:35:59.639741
59,6,7,-1,1,ERROR,2026-07-30T18:35:59.639771
59,6,8,-1,1,ERROR,2026-07-30T18:35:59.568476
59,6,9,-1,1,ERROR,2026-07-30T18:35:59.568403
59,6,10,-1,1,ERROR,2026-07-30T18:35:59.773363
59,7,1,-1,1,ERROR,2026-07-30T18:35:59.742713
59,7,2,-1,1,ERROR,2026-07-30T18:35:59.975471
59,7,3,-1,1,ERROR,2026-07-30T18:35:59.930213
59,7,4,-1,1,ERROR,2026-07-30T18:36:00.136003
59,7,5,-1,1,ERROR,2026-07-30T18:36:00.166928
59,7,6,-1,1,ERROR,2026-07-30T18:36:00.109921
59,7,7,-1,1,ERROR,2026-07-30T18:36:00.109948
59,7,8,-1,1,ERROR,2026-07-30T18:36:00.306508
59,7,9,-1,1,ERROR,2026-07-30T18:36:00.342540
59,7,10,-1,1,ERROR,2026-07-30T18:36:00.493787
59,8,1,-1,1,ERROR,2026-07-30T18:36:00.439252
59,8,2,-1,1,ERROR,2026-07-30T18:36:00.674445
59,8,3,-1,1,ERROR,2026-07-30T18:36:00.675954
59,8,4,-1,1,ERROR,2026-07-30T18:36:00.602654
59,8,5,-1,1,ERROR,2026-07-30T18:36:00.631134
59,8,6,-1,1,ERROR,2026-07-30T18:36:00.774577
59,8,7,-1,1,ERROR,2026-07-30T18:36:00.813436
59,8,8,-1,1,ERROR,2026-07-30T18:36:01.015034
59,8,9,-1,1,ERROR,2026-07-30T18:36:00.963950
59,8,10,-1,1,ERROR,2026-07-30T18:36:00.972922
59,9,1,-1,1,ERROR,2026-07-30T18:36:01.209832
59,9,2,-1,1,ERROR,2026-07-30T18:36:01.142779
59,9,3,-1,1,ERROR,2026-07-30T18:36:01.141961
59,9,4,-1,1,ERROR,2026-07-30T18:36:01.140866
59,9,5,-1,1,ERROR,2026-07-30T18:36:01.380616
59,9,6,-1,1,ERROR,2026-07-30T18:36:01.532294
59,9,7,-1,1,ERROR,2026-07-30T18:36:01.544460
59,9,8,-1,1,ERROR,2026-07-30T18:36:01.486617
59,9,9,-1,1,ERROR,2026-07-30T18:36:01.710160
59,9,10,-1,1,ERROR,2026-07-30T18:36:01.710184
59,10,1,-1,1,ERROR,2026-07-30T18:36:01.712577
59,10,2,-1,1,ERROR,2026-07-30T18:36:01.681214
59,10,3,-1,1,ERROR,2026-07-30T18:36:01.851738
59,10,4,-1,1,ERROR,2026-07-30T18:36:02.058819
59,10,5,-1,1,ERROR,2026-07-30T18:36:02.002119
59,10,6,-1,1,ERROR,2026-07-30T18:36:02.014728
59,10,7,-1,1,ERROR,2026-07-30T18:36:02.252540
59,10,8,-1,1,ERROR,2026-07-30T18:36:02.179192
59,10,9,-1,1,ERROR,2026-07-30T18:36:02.179158
59,10,10,-1,1,ERROR,2026-07-30T18:36:02.173548
59,11,1,-1,1,ERROR,2026-07-30T18:36:02.419563
59,11,2,-1,1,ERROR,2026-07-30T18:36:02.573894
59,11,3,-1,1,ERROR,2026-07-30T18:36:02.580713
59,11,4,-1,1,ERROR,2026-07-30T18:36:02.525874
59,11,5,-1,1,ERROR,2026-07-30T18:36:02.740456
59,11,6,-1,1,ERROR,2026-07-30T18:36:02.745305
59,11,7,-1,1,ERROR,2026-07-30T18:36:02.745326
59,11,8,-1,1,ERROR,2026-07-30T18:36:02.720426
59,11,9,-1,1,ERROR,2026-07-30T18:36:02.884583
59,11,10,-1,1,ERROR,2026-07-30T18:36:03.086587
59,12,1,-1,1,ERROR,2026-07-30T18:36:03.041199
59,12,2,-1,1,ERROR,2026-07-30T18:36:03.045904
59,12,3,-1,1,ERROR,2026-07-30T18:36:03.288199
59,12,4,-1,1,ERROR,2026-07-30T18:36:03.210482
59,12,5,-1,1,ERROR,2026-07-30T18:36:03.210514
59,12,6,-1,1,ERROR,2026-07-30T18:36:03.212154
59,12,7,-1,1,ERROR,2026-07-30T18:36:03.450320
59,12,8,-1,1,ERROR,2026-07-30T18:36:03.609603
59,12,9,-1,1,ERROR,2026-07-30T18:36:03.609551
59,12,10,-1,1,ERROR,2026-07-30T18:36:03.551674
59,13,1,-1,1,ERROR,2026-07-30T18:36:03.773947
59,13,2,-1,1,ERROR,2026-07-30T18:36:03.776087
59,13,3,-1,1,ERROR,2026-07-30T18:36:03.777738
59,13,4,-1,1,ERROR,2026-07-30T18:36:03.751783
59,13,5,-1,1,ERROR,2026-07-30T18:36:03.917380
59,13,6,-1,1,ERROR,2026-07-30T18:36:04.119519
59,13,7,-1,1,ERROR,2026-07-30T18:36:04.078066
59,13,8,-1,1,ERROR,2026-07-30T18:36:04.078037
59,13,9,-1,1,ERROR,2026-07-30T18:36:04.319473
59,13,10,-1,1,ERROR,2026-07-30T18:36:04.241430
59,14,1,-1,1,ERROR,2026-07-30T18:36:04.241404
59,14,2,-1,1,ERROR,2026-07-30T18:36:04.242917
59,14,3,-1,1,ERROR,2026-07-30T18:36:04.485317
59,14,4,-1,1,ERROR,2026-07-30T18:36:04.649120
59,14,5,-1,1,ERROR,2026-07-30T18:36:04.649144
59,14,6,-1,1,ERROR,2026-07-30T18:36:04.684231
59,14,7,-1,1,ERROR,2026-07-30T18:36:04.602899
59,14,8,-1,1,ERROR,2026-07-30T18:36:04.806875
59,14,9,-1,1,ERROR,2026-07-30T18:36:04.806901
59,14,10,-1,1,ERROR,2026-07-30T18:36:04.789778
59,15,1,-1,1,ERROR,2026-07-30T18:36:04.952277
59,15,2,-1,1,ERROR,2026-07-30T18:36:04.970569
59,15,3,-1,1,ERROR,2026-07-30T18:36:05.215780
59,15,4,-1,1,ERROR,2026-07-30T18:36:05.218120
59,15,5,-1,1,ERROR,2026-07-30T18:36:05.148280
59,15,6,-1,1,ERROR,2026-07-30T18:36:05.353777
59,15,7,-1,1,ERROR,2026-07-30T18:36:05.377369
59,15,8,-1,1,ERROR,2026-07-30T18:36:05.377335
59,15,9,-1,1,ERROR,2026-07-30T18:36:05.316373
59,15,10,-1,1,ERROR,2026-07-30T18:36:05.537344
59,16,1,-1,1,ERROR,2026-07-30T18:36:05.714091
59,16,2,-1,1,ERROR,2026-07-30T18:36:05.680875
59,16,3,-1,1,ERROR,2026-07-30T18:36:05.684036
59,16,4,-1,1,ERROR,2026-07-30T18:36:05.881574
59,16,5,-1,1,ERROR,2026-07-30T18:36:05.919255
59,16,6,-1,1,ERROR,2026-07-30T18:36:05.841893
59,16,7,-1,1,ERROR,2026-07-30T18:36:05.843689
59,16,8,-1,1,ERROR,2026-07-30T18:36:06.001618
59,16,9,-1,1,ERROR,2026-07-30T18:36:06.246179
59,16,10,-1,1,ERROR,2026-07-30T18:36:06.246143
59,17,1,-1,1,ERROR,2026-07-30T18:36:06.181158
59,17,2,-1,1,ERROR,2026-07-30T18:36:06.408024
59,17,3,-1,1,ERROR,2026-07-30T18:36:06.410731
59,17,4,-1,1,ERROR,2026-07-30T18:36:06.346404
59,17,5,-1,1,ERROR,2026-07-30T18:36:06.384193
59,17,6,-1,1,ERROR,2026-07-30T18:36:06.568944
59,17,7,-1,1,ERROR,2026-07-30T18:36:06.539758
59,17,8,-1,1,ERROR,2026-07-30T18:36:06.709546
59,17,9,-1,1,ERROR,2026-07-30T18:36:06.712436
59,17,10,-1,1,ERROR,2026-07-30T18:36:06.709993
59,18,1,-1,1,ERROR,2026-07-30T18:36:06.949636
59,18,2,-1,1,ERROR,2026-07-30T18:36:06.872314
59,18,3,-1,1,ERROR,2026-07-30T18:36:06.877480
59,18,4,-1,1,ERROR,2026-07-30T18:36:07.111111
59,18,5,-1,1,ERROR,2026-07-30T18:36:07.132751
59,18,6,-1,1,ERROR,2026-07-30T18:36:07.294496
59,18,7,-1,1,ERROR,2026-07-30T18:36:07.294546
59,18,8,-1,1,ERROR,2026-07-30T18:36:07.273692
59,18,9,-1,1,ERROR,2026-07-30T18:36:07.233332
59,18,10,-1,1,ERROR,2026-07-30T18:36:07.441037
59,19,1,-1,1,ERROR,2026-07-30T18:36:07.515781
59,19,2,-1,1,ERROR,2026-07-30T18:36:07.679290
59,19,3,-1,1,ERROR,2026-07-30T18:36:07.598214
59,19,4,-1,1,ERROR,2026-07-30T18:36:07.598189
59,19,5,-1,1,ERROR,2026-07-30T18:36:07.844471
59,19,6,-1,1,ERROR,2026-07-30T18:36:07.866198
59,19,7,-1,1,ERROR,2026-07-30T18:36:07.865027
59,19,8,-1,1,ERROR,2026-07-30T18:36:08.005770
59,19,9,-1,1,ERROR,2026-07-30T18:36:07.978955
59,19,10,-1,1,ERROR,2026-07-30T18:36:08.066890
59,20,1,-1,1,ERROR,2026-07-30T18:36:08.066862
59,20,2,-1,1,ERROR,2026-07-30T18:36:08.153889
59,20,3,-1,1,ERROR,2026-07-30T18:36:08.313864
59,20,4,-1,1,ERROR,2026-07-30T18:36:08.338024
59,20,5,-1,1,ERROR,2026-07-30T18:36:08.333927
59,20,6,-1,1,ERROR,2026-07-30T18:36:08.546864
59,20,7,-1,1,ERROR,2026-07-30T18:36:08.577641
59,20,8,-1,1,ERROR,2026-07-30T18:36:08.531557
59,20,9,-1,1,ERROR,2026-07-30T18:36:08.530206
59,20,10,-1,1,ERROR,2026-07-30T18:36:08.732338
59,21,1,-1,1,ERROR,2026-07-30T18:36:08.778406
59,21,2,-1,1,ERROR,2026-07-30T18:36:08.704052
59,21,3,-1,1,ERROR,2026-07-30T18:36:08.698167
59,21,4,-1,1,ERROR,2026-07-30T18:36:08.894768
59,21,5,-1,1,ERROR,2026-07-30T18:36:09.098319
59,21,6,-1,1,ERROR,2026-07-30T18:36:09.114399
59,21,7,-1,1,ERROR,2026-07-30T18:36:09.045594
59,21,8,-1,1,ERROR,2026-07-30T18:36:09.268923
59,21,9,-1,1,ERROR,2026-07-30T18:36:09.269272
59,21,10,-1,1,ERROR,2026-07-30T18:36:09.301348
59,22,1,-1,1,ERROR,2026-07-30T18:36:09.242698
59,22,2,-1,1,ERROR,2026-07-30T18:36:09.464612
59,22,3,-1,1,ERROR,2026-07-30T18:36:09.411490
59,22,4,-1,1,ERROR,2026-07-30T18:36:09.562167
59,22,5,-1,1,ERROR,2026-07-30T18:36:09.575873
59,22,6,-1,1,ERROR,2026-07-30T18:36:09.810645
59,22,7,-1,1,ERROR,2026-07-30T18:36:09.735260
59,22,8,-1,1,ERROR,2026-07-30T18:36:09.735234
59,22,9,-1,1,ERROR,2026-07-30T18:36:09.770129
59,22,10,-1,1,ERROR,2026-07-30T18:36:09.978504
59,23,1,-1,1,ERROR,2026-07-30T18:36:09.937170
59,23,2,-1,1,ERROR,2026-07-30T18:36:09.930316
59,23,3,-1,1,ERROR,2026-07-30T18:36:10.239170
59,23,4,-1,1,ERROR,2026-07-30T18:36:10.298313
59,23,5,-1,1,ERROR,2026-07-30T18:36:10.299828
59,23,6,-1,1,ERROR,2026-07-30T18:36:10.438918
59,23,7,-1,1,ERROR,2026-07-30T18:36:10.485232
59,23,8,-1,1,ERROR,2026-07-30T18:36:10.498660
59,23,9,-1,1,ERROR,2026-07-30T18:36:10.503010
59,23,10,-1,1,ERROR,2026-07-30T18:36:10.438872
59,24,1,-1,1,ERROR,2026-07-30T18:36:10.606037
59,24,2,-1,1,ERROR,2026-07-30T18:36:10.763280
59,24,3,-1,1,ERROR,2026-07-30T18:36:10.763303
59,24,4,-1,1,ERROR,2026-07-30T18:36:11.005328
59,24,5,-1,1,ERROR,2026-07-30T18:36:11.006153
59,24,6,-1,1,ERROR,2026-07-30T18:36:10.951116
59,24,7,-1,1,ERROR,2026-07-30T18:36:10.966787
59,24,8,-1,1,ERROR,2026-07-30T18:36:10.966810
59,24,9,-1,1,ERROR,2026-07-30T18:36:11.178129
59,24,10,-1,1,ERROR,2026-07-30T18:36:11.131170
59,25,1,-1,1,ERROR,2026-07-30T18:36:11.131563
59,25,2,-1,1,ERROR,2026-07-30T18:36:11.318271
59,25,3,-1,1,ERROR,2026-07-30T18:36:11.532413
59,25,4,-1,1,ERROR,2026-07-30T18:36:11.540242
59,25,5,-1,1,ERROR,2026-07-30T18:36:11.468582
59,25,6,-1,1,ERROR,2026-07-30T18:36:11.472918
59,25,7,-1,1,ERROR,2026-07-30T18:36:11.697676
59,25,8,-1,1,ERROR,2026-07-30T18:36:11.701398
59,25,9,-1,1,ERROR,2026-07-30T18:36:11.747715
59,25,10,-1,1,ERROR,2026-07-30T18:36:11.886694
59,26,1,-1,1,ERROR,2026-07-30T18:36:11.832098
59,26,2,-1,1,ERROR,2026-07-30T18:36:11.834558
59,26,3,-1,1,ERROR,2026-07-30T18:36:12.096130
59,26,4,-1,1,ERROR,2026-07-30T18:36:12.002585
59,26,5,-1,1,ERROR,2026-07-30T18:36:12.264949
59,26,6,-1,1,ERROR,2026-07-30T18:36:12.267845
59,26,7,-1,1,ERROR,2026-07-30T18:36:12.214778
59,26,8,-1,1,ERROR,2026-07-30T18:36:12.194836
59,26,9,-1,1,ERROR,2026-07-30T18:36:12.403598
59,26,10,-1,1,ERROR,2026-07-30T18:36:12.450800
59,27,1,-1,1,ERROR,2026-07-30T18:36:12.371591
59,27,2,-1,1,ERROR,2026-07-30T18:36:12.559947
59,27,3,-1,1,ERROR,2026-07-30T18:36:12.764877
59,27,4,-1,1,ERROR,2026-07-30T18:36:12.782117
59,27,5,-1,1,ERROR,2026-07-30T18:36:12.735528
59,27,6,-1,1,ERROR,2026-07-30T18:36:12.735267
59,27,7,-1,1,ERROR,2026-07-30T18:36:12.934084
59,27,8,-1,1,ERROR,2026-07-30T18:36:12.977760
59,27,9,-1,1,ERROR,2026-07-30T18:36:12.913458
59,27,10,-1,1,ERROR,2026-07-30T18:36:13.129089
59,28,1,-1,1,ERROR,2026-07-30T18:36:13.304981
59,28,2,-1,1,ERROR,2026-07-30T18:36:13.304950
59,28,3,-1,1,ERROR,2026-07-30T18:36:13.329726
59,28,4,-1,1,ERROR,2026-07-30T18:36:13.347268
59,28,5,-1,1,ERROR,2026-07-30T18:36:13.479598
59,28,6,-1,1,ERROR,2026-07-30T18:36:13.505729
59,28,7,-1,1,ERROR,2026-07-30T18:36:13.445910
59,28,8,-1,1,ERROR,2026-07-30T18:36:13.596274
59,28,9,-1,1,ERROR,2026-07-30T18:36:13.872153
59,28,10,-1,1,ERROR,2026-07-30T18:36:13.870437
59,29,1,-1,1,ERROR,2026-07-30T18:36:13.793520
59,29,2,-1,1,ERROR,2026-07-30T18:36:13.811122
59,29,3,-1,1,ERROR,2026-07-30T18:36:14.012168
59,29,4,-1,1,ERROR,2026-07-30T18:36:14.043308
59,29,5,-1,1,ERROR,2026-07-30T18:36:13.970552
59,29,6,-1,1,ERROR,2026-07-30T18:36:13.961722
59,29,7,-1,1,ERROR,2026-07-30T18:36:14.158548
59,29,8,-1,1,ERROR,2026-07-30T18:36:14.375148
59,29,9,-1,1,ERROR,2026-07-30T18:36:14.336117
59,29,10,-1,1,ERROR,2026-07-30T18:36:14.336093
59,30,1,-1,1,ERROR,2026-07-30T18:36:14.537788
59,30,2,-1,1,ERROR,2026-07-30T18:36:14.539110
59,30,3,-1,1,ERROR,2026-07-30T18:36:14.584727
59,30,4,-1,1,ERROR,2026-07-30T18:36:14.511593
59,30,5,-1,1,ERROR,2026-07-30T18:36:14.723073
59,30,6,-1,1,ERROR,2026-07-30T18:36:14.703814
59,30,7,-1,1,ERROR,2026-07-30T18:36:14.913829
59,30,8,-1,1,ERROR,2026-07-30T18:36:14.946920
59,30,9,-1,1,ERROR,2026-07-30T18:36:15.090211
59,30,10,-1,1,ERROR,2026-07-30T18:36:15.109251
60,1,1,-1,1,ERROR,2026-07-30T18:36:15.109502
60,1,2,-1,1,ERROR,2026-07-30T18:36:15.051233
60,1,3,-1,1,ERROR,2026-07-30T18:36:15.277679
60,1,4,-1,1,ERROR,2026-07-30T18:36:15.290131
60,1,5,-1,1,ERROR,2026-07-30T18:36:15.482202
60,1,6,-1,1,ERROR,2026-07-30T18:36:15.415394
60,1,7,-1,1,ERROR,2026-07-30T18:36:15.620673
60,1,8,-1,1,ERROR,2026-07-30T18:36:15.661942
60,1,9,-1,1,ERROR,2026-07-30T18:36:15.574820
60,1,10,-1,1,ERROR,2026-07-30T18:36:15.576265
60,2,1,-1,1,ERROR,2026-07-30T18:36:15.744340
60,2,2,-1,1,ERROR,2026-07-30T18:36:15.761442
60,2,3,-1,1,ERROR,2026-07-30T18:36:15.983979
60,2,4,-1,1,ERROR,2026-07-30T18:36:15.946037
60,2,5,-1,1,ERROR,2026-07-30T18:36:16.141464
60,2,6,-1,1,ERROR,2026-07-30T18:36:16.144527
60,2,7,-1,1,ERROR,2026-07-30T18:36:16.085616
60,2,8,-1,1,ERROR,2026-07-30T18:36:16.133413
60,2,9,-1,1,ERROR,2026-07-30T18:36:16.311335
60,2,10,-1,1,ERROR,2026-07-30T18:36:16.329230
60,3,1,-1,1,ERROR,2026-07-30T18:36:16.511575
60,3,2,-1,1,ERROR,2026-07-30T18:36:16.453569
60,3,3,-1,1,ERROR,2026-07-30T18:36:16.448512
60,3,4,-1,1,ERROR,2026-07-30T18:36:16.699850
60,3,5,-1,1,ERROR,2026-07-30T18:36:16.708605
60,3,6,-1,1,ERROR,2026-07-30T18:36:16.611693
60,3,7,-1,1,ERROR,2026-07-30T18:36:16.874239
60,3,8,-1,1,ERROR,2026-07-30T18:36:16.795211
60,3,9,-1,1,ERROR,2026-07-30T18:36:17.014573
60,3,10,-1,1,ERROR,2026-07-30T18:36:17.017631
60,4,1,-1,1,ERROR,2026-07-30T18:36:16.977008
60,4,2,-1,1,ERROR,2026-07-30T18:36:16.975930
60,4,3,-1,1,ERROR,2026-07-30T18:36:17.166170
60,4,4,-1,1,ERROR,2026-07-30T18:36:17.173563
60,4,5,-1,1,ERROR,2026-07-30T18:36:17.160960
60,4,6,-1,1,ERROR,2026-07-30T18:36:17.337693
60,4,7,-1,1,ERROR,2026-07-30T18:36:17.545788
60,4,8,-1,1,ERROR,2026-07-30T18:36:17.544403
60,4,9,-1,1,ERROR,2026-07-30T18:36:17.582235
60,4,10,-1,1,ERROR,2026-07-30T18:36:17.582265
60,5,1,-1,1,ERROR,2026-07-30T18:36:17.732875
60,5,2,-1,1,ERROR,2026-07-30T18:36:17.732850
60,5,3,-1,1,ERROR,2026-07-30T18:36:17.739650
60,5,4,-1,1,ERROR,2026-07-30T18:36:17.908488
60,5,5,-1,1,ERROR,2026-07-30T18:36:18.116765
60,5,6,-1,1,ERROR,2026-07-30T18:36:18.116799
60,5,7,-1,1,ERROR,2026-07-30T18:36:18.052158
60,5,8,-1,1,ERROR,2026-07-30T18:36:18.052193
60,5,9,-1,1,ERROR,2026-07-30T18:36:18.299361
60,5,10,-1,1,ERROR,2026-07-30T18:36:18.299400
60,6,1,-1,1,ERROR,2026-07-30T18:36:18.305039
60,6,2,-1,1,ERROR,2026-07-30T18:36:18.384625
60,6,3,-1,1,ERROR,2026-07-30T18:36:18.615932
60,6,4,-1,1,ERROR,2026-07-30T18:36:18.623946
60,6,5,-1,1,ERROR,2026-07-30T18:36:18.584340
60,6,6,-1,1,ERROR,2026-07-30T18:36:18.586110
60,6,7,-1,1,ERROR,2026-07-30T18:36:18.875407
60,6,8,-1,1,ERROR,2026-07-30T18:36:18.875734
60,6,9,-1,1,ERROR,2026-07-30T18:36:18.879019
60,6,10,-1,1,ERROR,2026-07-30T18:36:18.853291
60,7,1,-1,1,ERROR,2026-07-30T18:36:18.975425
60,7,2,-1,1,ERROR,2026-07-30T18:36:19.053380
60,7,3,-1,1,ERROR,2026-07-30T18:36:19.214518
60,7,4,-1,1,ERROR,2026-07-30T18:36:19.197041
60,7,5,-1,1,ERROR,2026-07-30T18:36:19.422349
60,7,6,-1,1,ERROR,2026-07-30T18:36:19.346357
60,7,7,-1,1,ERROR,2026-07-30T18:36:19.347932
60,7,8,-1,1,ERROR,2026-07-30T18:36:19.347772
60,7,9,-1,1,ERROR,2026-07-30T18:36:19.547730
60,7,10,-1,1,ERROR,2026-07-30T18:36:19.521597
60,8,1,-1,1,ERROR,2026-07-30T18:36:19.766638
60,8,2,-1,1,ERROR,2026-07-30T18:36:19.790098
60,8,3,-1,1,ERROR,2026-07-30T18:36:19.917316
60,8,4,-1,1,ERROR,2026-07-30T18:36:19.915888
60,8,5,-1,1,ERROR,2026-07-30T18:36:19.937188
60,8,6,-1,1,ERROR,2026-07-30T18:36:19.918459
60,8,7,-1,1,ERROR,2026-07-30T18:36:20.116483
60,8,8,-1,1,ERROR,2026-07-30T18:36:20.116515
60,8,9,-1,1,ERROR,2026-07-30T18:36:20.246387
60,8,10,-1,1,ERROR,2026-07-30T18:36:20.260425
60,9,1,-1,1,ERROR,2026-07-30T18:36:20.484526
60,9,2,-1,1,ERROR,2026-07-30T18:36:20.484421
60,9,3,-1,1,ERROR,2026-07-30T18:36:20.485619
60,9,4,-1,1,ERROR,2026-07-30T18:36:20.503452
60,9,5,-1,1,ERROR,2026-07-30T18:36:20.688994
60,9,6,-1,1,ERROR,2026-07-30T18:36:20.688963
60,9,7,-1,1,ERROR,2026-07-30T18:36:20.611867
60,9,8,-1,1,ERROR,2026-07-30T18:36:20.827922
60,9,9,-1,1,ERROR,2026-07-30T18:36:20.951609
60,9,10,-1,1,ERROR,2026-07-30T18:36:20.951571
60,10,1,-1,1,ERROR,2026-07-30T18:36:20.953333
60,10,2,-1,1,ERROR,2026-07-30T18:36:20.965799
60,10,3,-1,1,ERROR,2026-07-30T18:36:21.180424
60,10,4,-1,1,ERROR,2026-07-30T18:36:21.160108
60,10,5,-1,1,ERROR,2026-07-30T18:36:21.158580
60,10,6,-1,1,ERROR,2026-07-30T18:36:21.293759
60,10,7,-1,1,ERROR,2026-07-30T18:36:21.524195
60,10,8,-1,1,ERROR,2026-07-30T18:36:21.524175
60,10,9,-1,1,ERROR,2026-07-30T18:36:21.524141
60,10,10,-1,1,ERROR,2026-07-30T18:36:21.537552
60,11,1,-1,1,ERROR,2026-07-30T18:36:21.729055
60,11,2,-1,1,ERROR,2026-07-30T18:36:21.729100
60,11,3,-1,1,ERROR,2026-07-30T18:36:21.752222
60,11,4,-1,1,ERROR,2026-07-30T18:36:21.667644
60,11,5,-1,1,ERROR,2026-07-30T18:36:21.893050
60,11,6,-1,1,ERROR,2026-07-30T18:36:21.891641
60,11,7,-1,1,ERROR,2026-07-30T18:36:21.891671
60,11,8,-1,1,ERROR,2026-07-30T18:36:22.106418
60,11,9,-1,1,ERROR,2026-07-30T18:36:22.128994
60,11,10,-1,1,ERROR,2026-07-30T18:36:22.299222
60,12,1,-1,1,ERROR,2026-07-30T18:36:22.299252
60,12,2,-1,1,ERROR,2026-07-30T18:36:22.219264
60,12,3,-1,1,ERROR,2026-07-30T18:36:22.462920
60,12,4,-1,1,ERROR,2026-07-30T18:36:22.461853
60,12,5,-1,1,ERROR,2026-07-30T18:36:22.462890
60,12,6,-1,1,ERROR,2026-07-30T18:36:22.680675
60,12,7,-1,1,ERROR,2026-07-30T18:36:22.599057
60,12,8,-1,1,ERROR,2026-07-30T18:36:22.693572
60,12,9,-1,1,ERROR,2026-07-30T18:36:22.866864
60,12,10,-1,1,ERROR,2026-07-30T18:36:22.866890
60,13,1,-1,1,ERROR,2026-07-30T18:36:23.030345
60,13,2,-1,1,ERROR,2026-07-30T18:36:23.023611
60,13,3,-1,1,ERROR,2026-07-30T18:36:23.023582
60,13,4,-1,1,ERROR,2026-07-30T18:36:22.961214
60,13,5,-1,1,ERROR,2026-07-30T18:36:23.149722
60,13,6,-1,1,ERROR,2026-07-30T18:36:23.162591
60,13,7,-1,1,ERROR,2026-07-30T18:36:23.333020
60,13,8,-1,1,ERROR,2026-07-30T18:36:23.331793
60,13,9,-1,1,ERROR,2026-07-30T18:36:23.323756
60,13,10,-1,1,ERROR,2026-07-30T18:36:23.595397
60,14,1,-1,1,ERROR,2026-07-30T18:36:23.597767
60,14,2,-1,1,ERROR,2026-07-30T18:36:23.599480
60,14,3,-1,1,ERROR,2026-07-30T18:36:23.830212
60,14,4,-1,1,ERROR,2026-07-30T18:36:23.830247
60,14,5,-1,1,ERROR,2026-07-30T18:36:23.832215
60,14,6,-1,1,ERROR,2026-07-30T18:36:23.834885
60,14,7,-1,1,ERROR,2026-07-30T18:36:23.847641
60,14,8,-1,1,ERROR,2026-07-30T18:36:24.169680
60,14,9,-1,1,ERROR,2026-07-30T18:36:24.172307
60,14,10,-1,1,ERROR,2026-07-30T18:36:23.967498
60,15,1,-1,1,ERROR,2026-07-30T18:36:24.398585
60,15,2,-1,1,ERROR,2026-07-30T18:36:24.299001
60,15,3,-1,1,ERROR,2026-07-30T18:36:24.398629
60,15,4,-1,1,ERROR,2026-07-30T18:36:24.300461
60,15,5,-1,1,ERROR,2026-07-30T18:36:24.313120
60,15,6,-1,1,ERROR,2026-07-30T18:36:24.535337
60,15,7,-1,1,ERROR,2026-07-30T18:36:24.737572
60,15,8,-1,1,ERROR,2026-07-30T18:36:24.737598
60,15,9,-1,1,ERROR,2026-07-30T18:36:24.669006
60,15,10,-1,1,ERROR,2026-07-30T18:36:24.666961
60,16,1,-1,1,ERROR,2026-07-30T18:36:24.876530
60,16,2,-1,1,ERROR,2026-07-30T18:36:24.864128
60,16,3,-1,1,ERROR,2026-07-30T18:36:24.870395
60,16,4,-1,1,ERROR,2026-07-30T18:36:25.003180
60,16,5,-1,1,ERROR,2026-07-30T18:36:25.232214
60,16,6,-1,1,ERROR,2026-07-30T18:36:25.230751
60,16,7,-1,1,ERROR,2026-07-30T18:36:25.205369
60,16,8,-1,1,ERROR,2026-07-30T18:36:25.205398
60,16,9,-1,1,ERROR,2026-07-30T18:36:25.429130
60,16,10,-1,1,ERROR,2026-07-30T18:36:25.437731
60,17,1,-1,1,ERROR,2026-07-30T18:36:25.445143
60,17,2,-1,1,ERROR,2026-07-30T18:36:25.375239
60,17,3,-1,1,ERROR,2026-07-30T18:36:25.570496
60,17,4,-1,1,ERROR,2026-07-30T18:36:25.789654
60,17,5,-1,1,ERROR,2026-07-30T18:36:25.803829
60,17,6,-1,1,ERROR,2026-07-30T18:36:25.803808
60,17,7,-1,1,ERROR,2026-07-30T18:36:25.948406
60,17,8,-1,1,ERROR,2026-07-30T18:36:25.997522
60,17,9,-1,1,ERROR,2026-07-30T18:36:25.901352
60,17,10,-1,1,ERROR,2026-07-30T18:36:25.910735
60,18,1,-1,1,ERROR,2026-07-30T18:36:26.137653
60,18,2,-1,1,ERROR,2026-07-30T18:36:26.259971
60,18,3,-1,1,ERROR,2026-07-30T18:36:26.269125
60,18,4,-1,1,ERROR,2026-07-30T18:36:26.269938
60,18,5,-1,1,ERROR,2026-07-30T18:36:26.470809
60,18,6,-1,1,ERROR,2026-07-30T18:36:26.474877
60,18,7,-1,1,ERROR,2026-07-30T18:36:26.423840
60,18,8,-1,1,ERROR,2026-07-30T18:36:26.465618
60,18,9,-1,1,ERROR,2026-07-30T18:36:26.608465
60,18,10,-1,1,ERROR,2026-07-30T18:36:26.831460
60,19,1,-1,1,ERROR,2026-07-30T18:36:26.833699
60,19,2,-1,1,ERROR,2026-07-30T18:36:26.834739
60,19,3,-1,1,ERROR,2026-07-30T18:36:26.994071
60,19,4,-1,1,ERROR,2026-07-30T18:36:27.033584
60,19,5,-1,1,ERROR,2026-07-30T18:36:27.033916
60,19,6,-1,1,ERROR,2026-07-30T18:36:26.938917
60,19,7,-1,1,ERROR,2026-07-30T18:36:27.173022
60,19,8,-1,1,ERROR,2026-07-30T18:36:27.300228
60,19,9,-1,1,ERROR,2026-07-30T18:36:27.297439
60,19,10,-1,1,ERROR,2026-07-30T18:36:27.298600
60,20,1,-1,1,ERROR,2026-07-30T18:36:27.504898
60,20,2,-1,1,ERROR,2026-07-30T18:36:27.459856
60,20,3,-1,1,ERROR,2026-07-30T18:36:27.502480
60,20,4,-1,1,ERROR,2026-07-30T18:36:27.502443
60,20,5,-1,1,ERROR,2026-07-30T18:36:27.640780
60,20,6,-1,1,ERROR,2026-07-30T18:36:27.862938
60,20,7,-1,1,ERROR,2026-07-30T18:36:27.868370
60,20,8,-1,1,ERROR,2026-07-30T18:36:27.872243
60,20,9,-1,1,ERROR,2026-07-30T18:36:28.028244
60,20,10,-1,1,ERROR,2026-07-30T18:36:28.073863
60,21,1,-1,1,ERROR,2026-07-30T18:36:28.070374
60,21,2,-1,1,ERROR,2026-07-30T18:36:28.070408
60,21,3,-1,1,ERROR,2026-07-30T18:36:28.210002
60,21,4,-1,1,ERROR,2026-07-30T18:36:28.332999
60,21,5,-1,1,ERROR,2026-07-30T18:36:28.332969
60,21,6,-1,1,ERROR,2026-07-30T18:36:28.338839
60,21,7,-1,1,ERROR,2026-07-30T18:36:28.594275
60,21,8,-1,1,ERROR,2026-07-30T18:36:28.533912
60,21,9,-1,1,ERROR,2026-07-30T18:36:28.540327
60,21,10,-1,1,ERROR,2026-07-30T18:36:28.536520
60,22,1,-1,1,ERROR,2026-07-30T18:36:28.772179
60,22,2,-1,1,ERROR,2026-07-30T18:36:28.701302
60,22,3,-1,1,ERROR,2026-07-30T18:36:28.701159
60,22,4,-1,1,ERROR,2026-07-30T18:36:28.702047
60,22,5,-1,1,ERROR,2026-07-30T18:36:28.895633
60,22,6,-1,1,ERROR,2026-07-30T18:36:29.100226
60,22,7,-1,1,ERROR,2026-07-30T18:36:29.108935
60,22,8,-1,1,ERROR,2026-07-30T18:36:29.059333
60,22,9,-1,1,ERROR,2026-07-30T18:36:29.270299
60,22,10,-1,1,ERROR,2026-07-30T18:36:29.268492
60,23,1,-1,1,ERROR,2026-07-30T18:36:29.263807
60,23,2,-1,1,ERROR,2026-07-30T18:36:29.238488
60,23,3,-1,1,ERROR,2026-07-30T18:36:29.460639
60,23,4,-1,1,ERROR,2026-07-30T18:36:29.427380
60,23,5,-1,1,ERROR,2026-07-30T18:36:29.669692
60,23,6,-1,1,ERROR,2026-07-30T18:36:29.579882
60,23,7,-1,1,ERROR,2026-07-30T18:36:29.819041
60,23,8,-1,1,ERROR,2026-07-30T18:36:29.831543
60,23,9,-1,1,ERROR,2026-07-30T18:36:29.833823
60,23,10,-1,1,ERROR,2026-07-30T18:36:29.840895
60,24,1,-1,1,ERROR,2026-07-30T18:36:29.993714
60,24,2,-1,1,ERROR,2026-07-30T18:36:30.029593
60,24,3,-1,1,ERROR,2026-07-30T18:36:29.946149
60,24,4,-1,1,ERROR,2026-07-30T18:36:30.138771
60,24,5,-1,1,ERROR,2026-07-30T18:36:30.387859
60,24,6,-1,1,ERROR,2026-07-30T18:36:30.399366
60,24,7,-1,1,ERROR,2026-07-30T18:36:30.399395
60,24,8,-1,1,ERROR,2026-07-30T18:36:30.306733
60,24,9,-1,1,ERROR,2026-07-30T18:36:30.310434
60,24,10,-1,1,ERROR,2026-07-30T18:36:30.566270
60,25,1,-1,1,ERROR,2026-07-30T18:36:30.503842
60,25,2,-1,1,ERROR,2026-07-30T18:36:30.711962
60,25,3,-1,1,ERROR,2026-07-30T18:36:30.876571
60,25,4,-1,1,ERROR,2026-07-30T18:36:30.886937
60,25,5,-1,1,ERROR,2026-07-30T18:36:30.859922
60,25,6,-1,1,ERROR,2026-07-30T18:36:30.867383
60,25,7,-1,1,ERROR,2026-07-30T18:36:30.873304
60,25,8,-1,1,ERROR,2026-07-30T18:36:31.075151
60,25,9,-1,1,ERROR,2026-07-30T18:36:31.036087
60,25,10,-1,1,ERROR,2026-07-30T18:36:31.181068
60,26,1,-1,1,ERROR,2026-07-30T18:36:31.432947
60,26,2,-1,1,ERROR,2026-07-30T18:36:31.432981
60,26,3,-1,1,ERROR,2026-07-30T18:36:31.442287
60,26,4,-1,1,ERROR,2026-07-30T18:36:31.445893
60,26,5,-1,1,ERROR,2026-07-30T18:36:31.450728
60,26,6,-1,1,ERROR,2026-07-30T18:36:31.607945
60,26,7,-1,1,ERROR,2026-07-30T18:36:31.644785
60,26,8,-1,1,ERROR,2026-07-30T18:36:31.644660
60,26,9,-1,1,ERROR,2026-07-30T18:36:31.798832
60,26,10,-1,1,ERROR,2026-07-30T18:36:32.005663
60,27,1,-1,1,ERROR,2026-07-30T18:36:32.005761
60,27,2,-1,1,ERROR,2026-07-30T18:36:32.008391
60,27,3,-1,1,ERROR,2026-07-30T18:36:32.017673
60,27,4,-1,1,ERROR,2026-07-30T18:36:32.176542
60,27,5,-1,1,ERROR,2026-07-30T18:36:32.209140
60,27,6,-1,1,ERROR,2026-07-30T18:36:32.213774
60,27,7,-1,1,ERROR,2026-07-30T18:36:32.370281
60,27,8,-1,1,ERROR,2026-07-30T18:36:32.570312
60,27,9,-1,1,ERROR,2026-07-30T18:36:32.572758
60,27,10,-1,1,ERROR,2026-07-30T18:36:32.475920
60,28,1,-1,1,ERROR,2026-07-30T18:36:32.487531
60,28,2,-1,1,ERROR,2026-07-30T18:36:32.744894
60,28,3,-1,1,ERROR,2026-07-30T18:36:32.678652
60,28,4,-1,1,ERROR,2026-07-30T18:36:32.678625
60,28,5,-1,1,ERROR,2026-07-30T18:36:32.841279
60,28,6,-1,1,ERROR,2026-07-30T18:36:32.840165
60,28,7,-1,1,ERROR,2026-07-30T18:36:33.056465
60,28,8,-1,1,ERROR,2026-07-30T18:36:33.038736
60,28,9,-1,1,ERROR,2026-07-30T18:36:33.038705
60,28,10,-1,1,ERROR,2026-07-30T18:36:33.251871
60,29,1,-1,1,ERROR,2026-07-30T18:36:33.249719
60,29,2,-1,1,ERROR,2026-07-30T18:36:33.210019
60,29,3,-1,1,ERROR,2026-07-30T18:36:33.413723
60,29,4,-1,1,ERROR,2026-07-30T18:36:33.410809
60,29,5,-1,1,ERROR,2026-07-30T18:36:33.605176
60,29,6,-1,1,ERROR,2026-07-30T18:36:33.606273
60,29,7,-1,1,ERROR,2026-07-30T18:36:33.622140
60,29,8,-1,1,ERROR,2026-07-30T18:36:33.771305
60,29,9,-1,1,ERROR,2026-07-30T18:36:33.715307
60,29,10,-1,1,ERROR,2026-07-30T18:36:33.722880
60,30,1,-1,1,ERROR,2026-07-30T18:36:33.875160
60,30,2,-1,1,ERROR,2026-07-30T18:36:33.878078
60,30,3,-1,1,ERROR,2026-07-30T18:36:34.075426
60,30,4,-1,1,ERROR,2026-07-30T18:36:34.071178
60,30,5,-1,1,ERROR,2026-07-30T18:36:34.091355
60,30,6,-1,1,ERROR,2026-07-30T18:36:34.280124
60,30,7,-1,1,ERROR,2026-07-30T18:36:34.289034
60,30,8,-1,1,ERROR,2026-07-30T18:36:34.243267
60,30,9,-1,1,ERROR,2026-07-30T18:36:34.235457
60,30,10,-1,1,ERROR,2026-07-30T18:36:34.449097
61,1,1,-1,1,ERROR,2026-07-30T18:36:34.644134
61,1,2,-1,1,ERROR,2026-07-30T18:36:34.644102
61,1,3,-1,1,ERROR,2026-07-30T18:36:34.568410
61,1,4,-1,1,ERROR,2026-07-30T18:36:34.809595
61,1,5,-1,1,ERROR,2026-07-30T18:36:34.809567
61,1,6,-1,1,ERROR,2026-07-30T18:36:34.845789
61,1,7,-1,1,ERROR,2026-07-30T18:36:34.754188
61,1,8,-1,1,ERROR,2026-07-30T18:36:35.024203
61,1,9,-1,1,ERROR,2026-07-30T18:36:35.035517
61,1,10,-1,1,ERROR,2026-07-30T18:36:35.212641
61,2,1,-1,1,ERROR,2026-07-30T18:36:35.122650
61,2,2,-1,1,ERROR,2026-07-30T18:36:35.123938
61,2,3,-1,1,ERROR,2026-07-30T18:36:35.386896
61,2,4,-1,1,ERROR,2026-07-30T18:36:35.385832
61,2,5,-1,1,ERROR,2026-07-30T18:36:35.309944
61,2,6,-1,1,ERROR,2026-07-30T18:36:35.489219
61,2,7,-1,1,ERROR,2026-07-30T18:36:35.504261
61,2,8,-1,1,ERROR,2026-07-30T18:36:35.494012
61,2,9,-1,1,ERROR,2026-07-30T18:36:35.490265
61,2,10,-1,1,ERROR,2026-07-30T18:36:35.676699
61,3,1,-1,1,ERROR,2026-07-30T18:36:35.679926
61,3,2,-1,1,ERROR,2026-07-30T18:36:35.861309
61,3,3,-1,1,ERROR,2026-07-30T18:36:35.858943
61,3,4,-1,1,ERROR,2026-07-30T18:36:36.062125
61,3,5,-1,1,ERROR,2026-07-30T18:36:35.852652
61,3,6,-1,1,ERROR,2026-07-30T18:36:36.062147
61,3,7,-1,1,ERROR,2026-07-30T18:36:36.070112
61,3,8,-1,1,ERROR,2026-07-30T18:36:36.250036
61,3,9,-1,1,ERROR,2026-07-30T18:36:36.246615
61,3,10,-1,1,ERROR,2026-07-30T18:36:36.425326
61,4,1,-1,1,ERROR,2026-07-30T18:36:36.427465
61,4,2,-1,1,ERROR,2026-07-30T18:36:36.436096
61,4,3,-1,1,ERROR,2026-07-30T18:36:36.625612
61,4,4,-1,1,ERROR,2026-07-30T18:36:36.638184
61,4,5,-1,1,ERROR,2026-07-30T18:36:36.644793
61,4,6,-1,1,ERROR,2026-07-30T18:36:36.815973
61,4,7,-1,1,ERROR,2026-07-30T18:36:36.827732
61,4,8,-1,1,ERROR,2026-07-30T18:36:37.001500
61,4,9,-1,1,ERROR,2026-07-30T18:36:36.996266
61,4,10,-1,1,ERROR,2026-07-30T18:36:37.001524
61,5,1,-1,1,ERROR,2026-07-30T18:36:37.097143
61,5,2,-1,1,ERROR,2026-07-30T18:36:37.108017
61,5,3,-1,1,ERROR,2026-07-30T18:36:37.115253
61,5,4,-1,1,ERROR,2026-07-30T18:36:37.316189
61,5,5,-1,1,ERROR,2026-07-30T18:36:37.290451
61,5,6,-1,1,ERROR,2026-07-30T18:36:37.461175
61,5,7,-1,1,ERROR,2026-07-30T18:36:37.469843
61,5,8,-1,1,ERROR,2026-07-30T18:36:37.472151
61,5,9,-1,1,ERROR,2026-07-30T18:36:37.669146
61,5,10,-1,1,ERROR,2026-07-30T18:36:37.671365
61,6,1,-1,1,ERROR,2026-07-30T18:36:37.688512
61,6,2,-1,1,ERROR,2026-07-30T18:36:37.860238
61,6,3,-1,1,ERROR,2026-07-30T18:36:37.788789
61,6,4,-1,1,ERROR,2026-07-30T18:36:38.026568
61,6,5,-1,1,ERROR,2026-07-30T18:36:38.035971
61,6,6,-1,1,ERROR,2026-07-30T18:36:38.039103
61,6,7,-1,1,ERROR,2026-07-30T18:36:38.133874
61,6,8,-1,1,ERROR,2026-07-30T18:36:38.134466
61,6,9,-1,1,ERROR,2026-07-30T18:36:38.164741
61,6,10,-1,1,ERROR,2026-07-30T18:36:38.354839
61,7,1,-1,1,ERROR,2026-07-30T18:36:38.328245
61,7,2,-1,1,ERROR,2026-07-30T18:36:38.494050
61,7,3,-1,1,ERROR,2026-07-30T18:36:38.501739
61,7,4,-1,1,ERROR,2026-07-30T18:36:38.500323
61,7,5,-1,1,ERROR,2026-07-30T18:36:38.703259
61,7,6,-1,1,ERROR,2026-07-30T18:36:38.700712
61,7,7,-1,1,ERROR,2026-07-30T18:36:38.731443
61,7,8,-1,1,ERROR,2026-07-30T18:36:38.899151
61,7,9,-1,1,ERROR,2026-07-30T18:36:38.924069
61,7,10,-1,1,ERROR,2026-07-30T18:36:38.861478
61,8,1,-1,1,ERROR,2026-07-30T18:36:39.064893
61,8,2,-1,1,ERROR,2026-07-30T18:36:39.072114
61,8,3,-1,1,ERROR,2026-07-30T18:36:39.265032
61,8,4,-1,1,ERROR,2026-07-30T18:36:39.272804
61,8,5,-1,1,ERROR,2026-07-30T18:36:39.201151
61,8,6,-1,1,ERROR,2026-07-30T18:36:39.430328
61,8,7,-1,1,ERROR,2026-07-30T18:36:39.466319
61,8,8,-1,1,ERROR,2026-07-30T18:36:39.392345
61,8,9,-1,1,ERROR,2026-07-30T18:36:39.632449
61,8,10,-1,1,ERROR,2026-07-30T18:36:39.639875
61,9,1,-1,1,ERROR,2026-07-30T18:36:39.790339
61,9,2,-1,1,ERROR,2026-07-30T18:36:39.843203
61,9,3,-1,1,ERROR,2026-07-30T18:36:39.845079
61,9,4,-1,1,ERROR,2026-07-30T18:36:39.993476
61,9,5,-1,1,ERROR,2026-07-30T18:36:40.001644
61,9,6,-1,1,ERROR,2026-07-30T18:36:39.962696
61,9,7,-1,1,ERROR,2026-07-30T18:36:40.202052
61,9,8,-1,1,ERROR,2026-07-30T18:36:40.209440
61,9,9,-1,1,ERROR,2026-07-30T18:36:40.361400
61,9,10,-1,1,ERROR,2026-07-30T18:36:40.312906
61,10,1,-1,1,ERROR,2026-07-30T18:36:40.310850
61,10,2,-1,1,ERROR,2026-07-30T18:36:40.532077
61,10,3,-1,1,ERROR,2026-07-30T18:36:40.564022
61,10,4,-1,1,ERROR,2026-07-30T18:36:40.472752
61,10,5,-1,1,ERROR,2026-07-30T18:36:40.887791
61,10,6,-1,1,ERROR,2026-07-30T18:36:40.887817
61,10,7,-1,1,ERROR,2026-07-30T18:36:40.988856
61,10,8,-1,1,ERROR,2026-07-30T18:36:40.988882
61,10,9,-1,1,ERROR,2026-07-30T18:36:40.988903
61,10,10,-1,1,ERROR,2026-07-30T18:36:41.191671
61,11,1,-1,1,ERROR,2026-07-30T18:36:41.190203
61,11,2,-1,1,ERROR,2026-07-30T18:36:41.190230
61,11,3,-1,1,ERROR,2026-07-30T18:36:41.352444
61,11,4,-1,1,ERROR,2026-07-30T18:36:41.352509
61,11,5,-1,1,ERROR,2026-07-30T18:36:41.553838
61,11,6,-1,1,ERROR,2026-07-30T18:36:41.555125
61,11,7,-1,1,ERROR,2026-07-30T18:36:41.555025
61,11,8,-1,1,ERROR,2026-07-30T18:36:41.755040
61,11,9,-1,1,ERROR,2026-07-30T18:36:41.761505
61,11,10,-1,1,ERROR,2026-07-30T18:36:41.761539
61,12,1,-1,1,ERROR,2026-07-30T18:36:41.929354
61,12,2,-1,1,ERROR,2026-07-30T18:36:41.929378
61,12,3,-1,1,ERROR,2026-07-30T18:36:42.025022
61,12,4,-1,1,ERROR,2026-07-30T18:36:42.122625
61,12,5,-1,1,ERROR,2026-07-30T18:36:42.122651
61,12,6,-1,1,ERROR,2026-07-30T18:36:42.222715
61,12,7,-1,1,ERROR,2026-07-30T18:36:42.226387
61,12,8,-1,1,ERROR,2026-07-30T18:36:42.230435
61,12,9,-1,1,ERROR,2026-07-30T18:36:42.396998
61,12,10,-1,1,ERROR,2026-07-30T18:36:42.393529
61,13,1,-1,1,ERROR,2026-07-30T18:36:42.389488
61,13,2,-1,1,ERROR,2026-07-30T18:36:42.589164
61,13,3,-1,1,ERROR,2026-07-30T18:36:42.583853
61,13,4,-1,1,ERROR,2026-07-30T18:36:42.789095
61,13,5,-1,1,ERROR,2026-07-30T18:36:42.792960
61,13,6,-1,1,ERROR,2026-07-30T18:36:42.799415
61,13,7,-1,1,ERROR,2026-07-30T18:36:42.958978
61,13,8,-1,1,ERROR,2026-07-30T18:36:42.959010
61,13,9,-1,1,ERROR,2026-07-30T18:36:42.960787
61,13,10,-1,1,ERROR,2026-07-30T18:36:43.072979
61,14,1,-1,1,ERROR,2026-07-30T18:36:43.068341
61,14,2,-1,1,ERROR,2026-07-30T18:36:43.259811
61,14,3,-1,1,ERROR,2026-07-30T18:36:43.263899
61,14,4,-1,1,ERROR,2026-07-30T18:36:43.265426
61,14,5,-1,1,ERROR,2026-07-30T18:36:43.434542
61,14,6,-1,1,ERROR,2026-07-30T18:36:43.435201
61,14,7,-1,1,ERROR,2026-07-30T18:36:43.434593
61,14,8,-1,1,ERROR,2026-07-30T18:36:43.635409
61,14,9,-1,1,ERROR,2026-07-30T18:36:43.637604
61,14,10,-1,1,ERROR,2026-07-30T18:36:43.828334
61,15,1,-1,1,ERROR,2026-07-30T18:36:43.834391
61,15,2,-1,1,ERROR,2026-07-30T18:36:43.835514
61,15,3,-1,1,ERROR,2026-07-30T18:36:44.001689
61,15,4,-1,1,ERROR,2026-07-30T18:36:44.000431
61,15,5,-1,1,ERROR,2026-07-30T18:36:44.007508
61,15,6,-1,1,ERROR,2026-07-30T18:36:44.201916
61,15,7,-1,1,ERROR,2026-07-30T18:36:44.199208
61,15,8,-1,1,ERROR,2026-07-30T18:36:44.296342
61,15,9,-1,1,ERROR,2026-07-30T18:36:44.297461
61,15,10,-1,1,ERROR,2026-07-30T18:36:44.299317
61,16,1,-1,1,ERROR,2026-07-30T18:36:44.467245
61,16,2,-1,1,ERROR,2026-07-30T18:36:44.467277
61,16,3,-1,1,ERROR,2026-07-30T18:36:44.472436
61,16,4,-1,1,ERROR,2026-07-30T18:36:44.661966
61,16,5,-1,1,ERROR,2026-07-30T18:36:44.668028
61,16,6,-1,1,ERROR,2026-07-30T18:36:44.861936
61,16,7,-1,1,ERROR,2026-07-30T18:36:44.864082
61,16,8,-1,1,ERROR,2026-07-30T18:36:44.862247
61,16,9,-1,1,ERROR,2026-07-30T18:36:45.034273
61,16,10,-1,1,ERROR,2026-07-30T18:36:45.034300
61,17,1,-1,1,ERROR,2026-07-30T18:36:45.039216
61,17,2,-1,1,ERROR,2026-07-30T18:36:45.232276
61,17,3,-1,1,ERROR,2026-07-30T18:36:45.233330
61,17,4,-1,1,ERROR,2026-07-30T18:36:45.428993
61,17,5,-1,1,ERROR,2026-07-30T18:36:45.334591
61,17,6,-1,1,ERROR,2026-07-30T18:36:45.335781
61,17,7,-1,1,ERROR,2026-07-30T18:36:45.601937
61,17,8,-1,1,ERROR,2026-07-30T18:36:45.601964
61,17,9,-1,1,ERROR,2026-07-30T18:36:45.603677
61,17,10,-1,1,ERROR,2026-07-30T18:36:45.797323
61,18,1,-1,1,ERROR,2026-07-30T18:36:45.799978
61,18,2,-1,1,ERROR,2026-07-30T18:36:45.803405
61,18,3,-1,1,ERROR,2026-07-30T18:36:45.705328
61,18,4,-1,1,ERROR,2026-07-30T18:36:45.897418
61,18,5,-1,1,ERROR,2026-07-30T18:36:46.068612
61,18,6,-1,1,ERROR,2026-07-30T18:36:46.066191
61,18,7,-1,1,ERROR,2026-07-30T18:36:46.075157
61,18,8,-1,1,ERROR,2026-07-30T18:36:46.271795
61,18,9,-1,1,ERROR,2026-07-30T18:36:46.267814
61,18,10,-1,1,ERROR,2026-07-30T18:36:46.267874
61,19,1,-1,1,ERROR,2026-07-30T18:36:46.269378
61,19,2,-1,1,ERROR,2026-07-30T18:36:46.470253
61,19,3,-1,1,ERROR,2026-07-30T18:36:46.432746
61,19,4,-1,1,ERROR,2026-07-30T18:36:46.432767
61,19,5,-1,1,ERROR,2026-07-30T18:36:46.643811
61,19,6,-1,1,ERROR,2026-07-30T18:36:46.836084
61,19,7,-1,1,ERROR,2026-07-30T18:36:46.836057
61,19,8,-1,1,ERROR,2026-07-30T18:36:46.834641
61,19,9,-1,1,ERROR,2026-07-30T18:36:46.837541
61,19,10,-1,1,ERROR,2026-07-30T18:36:47.000693
61,20,1,-1,1,ERROR,2026-07-30T18:36:47.000464
61,20,2,-1,1,ERROR,2026-07-30T18:36:47.039332
61,20,3,-1,1,ERROR,2026-07-30T18:36:47.207868
61,20,4,-1,1,ERROR,2026-07-30T18:36:47.306024
61,20,5,-1,1,ERROR,2026-07-30T18:36:47.304607
61,20,6,-1,1,ERROR,2026-07-30T18:36:47.304272
61,20,7,-1,1,ERROR,2026-07-30T18:36:47.307325
61,20,8,-1,1,ERROR,2026-07-30T18:36:47.569669
61,20,9,-1,1,ERROR,2026-07-30T18:36:47.473165
61,20,10,-1,1,ERROR,2026-07-30T18:36:47.506731
61,21,1,-1,1,ERROR,2026-07-30T18:36:47.676219
61,21,2,-1,1,ERROR,2026-07-30T18:36:47.875087
61,21,3,-1,1,ERROR,2026-07-30T18:36:47.873798
61,21,4,-1,1,ERROR,2026-07-30T18:36:47.666999
61,21,5,-1,1,ERROR,2026-07-30T18:36:47.875955
61,21,6,-1,1,ERROR,2026-07-30T18:36:47.842963
61,21,7,-1,1,ERROR,2026-07-30T18:36:48.074790
61,21,8,-1,1,ERROR,2026-07-30T18:36:48.036743
61,21,9,-1,1,ERROR,2026-07-30T18:36:48.031606
61,21,10,-1,1,ERROR,2026-07-30T18:36:48.240632
61,22,1,-1,1,ERROR,2026-07-30T18:36:48.211630
61,22,2,-1,1,ERROR,2026-07-30T18:36:48.441155
61,22,3,-1,1,ERROR,2026-07-30T18:36:48.439520
61,22,4,-1,1,ERROR,2026-07-30T18:36:48.442821
61,22,5,-1,1,ERROR,2026-07-30T18:36:48.599399
61,22,6,-1,1,ERROR,2026-07-30T18:36:48.599427
61,22,7,-1,1,ERROR,2026-07-30T18:36:48.643525
61,22,8,-1,1,ERROR,2026-07-30T18:36:48.779646
61,22,9,-1,1,ERROR,2026-07-30T18:36:48.801807
61,22,10,-1,1,ERROR,2026-07-30T18:36:48.903361
61,23,1,-1,1,ERROR,2026-07-30T18:36:48.907663
61,23,2,-1,1,ERROR,2026-07-30T18:36:48.907682
61,23,3,-1,1,ERROR,2026-07-30T18:36:49.171628
61,23,4,-1,1,ERROR,2026-07-30T18:36:49.169113
61,23,5,-1,1,ERROR,2026-07-30T18:36:49.113011
61,23,6,-1,1,ERROR,2026-07-30T18:36:49.346438
61,23,7,-1,1,ERROR,2026-07-30T18:36:49.368889
61,23,8,-1,1,ERROR,2026-07-30T18:36:49.368857
61,23,9,-1,1,ERROR,2026-07-30T18:36:49.373684
61,23,10,-1,1,ERROR,2026-07-30T18:36:49.373701
61,24,1,-1,1,ERROR,2026-07-30T18:36:49.481369
61,24,2,-1,1,ERROR,2026-07-30T18:36:49.635977
61,24,3,-1,1,ERROR,2026-07-30T18:36:49.636233
61,24,4,-1,1,ERROR,2026-07-30T18:36:49.819563
61,24,5,-1,1,ERROR,2026-07-30T18:36:49.846600
61,24,6,-1,1,ERROR,2026-07-30T18:36:49.841965
61,24,7,-1,1,ERROR,2026-07-30T18:36:49.869884
61,24,8,-1,1,ERROR,2026-07-30T18:36:49.844097
61,24,9,-1,1,ERROR,2026-07-30T18:36:50.044816
61,24,10,-1,1,ERROR,2026-07-30T18:36:50.097839
61,25,1,-1,1,ERROR,2026-07-30T18:36:50.004364
61,25,2,-1,1,ERROR,2026-07-30T18:36:50.185720
61,25,3,-1,1,ERROR,2026-07-30T18:36:50.411955
61,25,4,-1,1,ERROR,2026-07-30T18:36:50.411989
61,25,5,-1,1,ERROR,2026-07-30T18:36:50.416619
61,25,6,-1,1,ERROR,2026-07-30T18:36:50.439097
61,25,7,-1,1,ERROR,2026-07-30T18:36:50.575565
61,25,8,-1,1,ERROR,2026-07-30T18:36:50.619175
61,25,9,-1,1,ERROR,2026-07-30T18:36:50.566870
61,25,10,-1,1,ERROR,2026-07-30T18:36:50.551855
61,26,1,-1,1,ERROR,2026-07-30T18:36:50.983001
61,26,2,-1,1,ERROR,2026-07-30T18:36:50.778522
61,26,3,-1,1,ERROR,2026-07-30T18:36:50.985040
61,26,4,-1,1,ERROR,2026-07-30T18:36:51.009872
61,26,5,-1,1,ERROR,2026-07-30T18:36:51.017961
61,26,6,-1,1,ERROR,2026-07-30T18:36:51.031235
61,26,7,-1,1,ERROR,2026-07-30T18:36:51.045700
61,26,8,-1,1,ERROR,2026-07-30T18:36:51.186196
61,26,9,-1,1,ERROR,2026-07-30T18:36:51.142749
61,26,10,-1,1,ERROR,2026-07-30T18:36:51.354166
61,27,1,-1,1,ERROR,2026-07-30T18:36:51.554972
61,27,2,-1,1,ERROR,2026-07-30T18:36:51.584854
61,27,3,-1,1,ERROR,2026-07-30T18:36:51.584888
61,27,4,-1,1,ERROR,2026-07-30T18:36:51.596783
61,27,5,-1,1,ERROR,2026-07-30T18:36:51.611580
61,27,6,-1,1,ERROR,2026-07-30T18:36:51.514026
61,27,7,-1,1,ERROR,2026-07-30T18:36:51.752322
61,27,8,-1,1,ERROR,2026-07-30T18:36:51.923132
61,27,9,-1,1,ERROR,2026-07-30T18:36:52.085016
61,27,10,-1,1,ERROR,2026-07-30T18:36:52.124240
61,28,1,-1,1,ERROR,2026-07-30T18:36:52.051514
61,28,2,-1,1,ERROR,2026-07-30T18:36:52.051546
61,28,3,-1,1,ERROR,2026-07-30T18:36:52.065588
61,28,4,-1,1,ERROR,2026-07-30T18:36:52.072238
61,28,5,-1,1,ERROR,2026-07-30T18:36:52.218800
61,28,6,-1,1,ERROR,2026-07-30T18:36:52.394921
61,28,7,-1,1,ERROR,2026-07-30T18:36:52.624340
61,28,8,-1,1,ERROR,2026-07-30T18:36:52.620736
61,28,9,-1,1,ERROR,2026-07-30T18:36:52.632748
61,28,10,-1,1,ERROR,2026-07-30T18:36:52.636879
61,29,1,-1,1,ERROR,2026-07-30T18:36:52.652386
61,29,2,-1,1,ERROR,2026-07-30T18:36:52.589205
61,29,3,-1,1,ERROR,2026-07-30T18:36:52.789456
61,29,4,-1,1,ERROR,2026-07-30T18:36:52.754393
61,29,5,-1,1,ERROR,2026-07-30T18:36:52.956356
61,29,6,-1,1,ERROR,2026-07-30T18:36:53.188962
61,29,7,-1,1,ERROR,2026-07-30T18:36:53.189000
61,29,8,-1,1,ERROR,2026-07-30T18:36:53.198985
61,29,9,-1,1,ERROR,2026-07-30T18:36:53.199007
61,29,10,-1,1,ERROR,2026-07-30T18:36:53.220293
61,30,1,-1,1,ERROR,2026-07-30T18:36:53.220330
61,30,2,-1,1,ERROR,2026-07-30T18:36:53.361098
61,30,3,-1,1,ERROR,2026-07-30T18:36:53.323254
61,30,4,-1,1,ERROR,2026-07-30T18:36:53.758725
61,30,5,-1,1,ERROR,2026-07-30T18:36:53.554475
61,30,6,-1,1,ERROR,2026-07-30T18:36:53.762641
61,30,7,-1,1,ERROR,2026-07-30T18:36:53.766244
61,30,8,-1,1,ERROR,2026-07-30T18:36:53.792645
61,30,9,-1,1,ERROR,2026-07-30T18:36:53.796552
61,30,10,-1,1,ERROR,2026-07-30T18:36:53.792682
62,1,1,-1,1,ERROR,2026-07-30T18:36:53.929744
62,1,2,-1,1,ERROR,2026-07-30T18:36:53.918039
62,1,3,-1,1,ERROR,2026-07-30T18:36:54.125474
62,1,4,-1,1,ERROR,2026-07-30T18:36:54.327099
62,1,5,-1,1,ERROR,2026-07-30T18:36:54.330216
62,1,6,-1,1,ERROR,2026-07-30T18:36:54.360787
62,1,7,-1,1,ERROR,2026-07-30T18:36:54.360830
62,1,8,-1,1,ERROR,2026-07-30T18:36:54.360815
62,1,9,-1,1,ERROR,2026-07-30T18:36:54.383961
62,1,10,-1,1,ERROR,2026-07-30T18:36:54.493711
62,2,1,-1,1,ERROR,2026-07-30T18:36:54.486602
62,2,2,-1,1,ERROR,2026-07-30T18:36:54.694715
62,2,3,-1,1,ERROR,2026-07-30T18:36:54.694746
62,2,4,-1,1,ERROR,2026-07-30T18:36:54.928906
62,2,5,-1,1,ERROR,2026-07-30T18:36:54.928868
62,2,6,-1,1,ERROR,2026-07-30T18:36:54.929903
62,2,7,-1,1,ERROR,2026-07-30T18:36:54.952191
62,2,8,-1,1,ERROR,2026-07-30T18:36:54.955893
62,2,9,-1,1,ERROR,2026-07-30T18:36:54.957139
62,2,10,-1,1,ERROR,2026-07-30T18:36:55.062970
62,3,1,-1,1,ERROR,2026-07-30T18:36:55.063006
62,3,2,-1,1,ERROR,2026-07-30T18:36:55.501017
62,3,3,-1,1,ERROR,2026-07-30T18:36:55.298810
62,3,4,-1,1,ERROR,2026-07-30T18:36:55.500988
62,3,5,-1,1,ERROR,2026-07-30T18:36:55.517643
62,3,6,-1,1,ERROR,2026-07-30T18:36:55.525603
62,3,7,-1,1,ERROR,2026-07-30T18:36:55.524913
62,3,8,-1,1,ERROR,2026-07-30T18:36:55.531076
62,3,9,-1,1,ERROR,2026-07-30T18:36:55.526658
62,3,10,-1,1,ERROR,2026-07-30T18:36:55.666843
62,4,1,-1,1,ERROR,2026-07-30T18:36:56.067972
62,4,2,-1,1,ERROR,2026-07-30T18:36:55.865895
62,4,3,-1,1,ERROR,2026-07-30T18:36:56.084948
62,4,4,-1,1,ERROR,2026-07-30T18:36:56.089678
62,4,5,-1,1,ERROR,2026-07-30T18:36:56.095178
62,4,6,-1,1,ERROR,2026-07-30T18:36:56.095121
62,4,7,-1,1,ERROR,2026-07-30T18:36:56.095148
62,4,8,-1,1,ERROR,2026-07-30T18:36:56.235890
62,4,9,-1,1,ERROR,2026-07-30T18:36:56.433037
62,4,10,-1,1,ERROR,2026-07-30T18:36:56.635063
62,5,1,-1,1,ERROR,2026-07-30T18:36:56.652375
62,5,2,-1,1,ERROR,2026-07-30T18:36:56.655006
62,5,3,-1,1,ERROR,2026-07-30T18:36:56.557248
62,5,4,-1,1,ERROR,2026-07-30T18:36:56.560846
62,5,5,-1,1,ERROR,2026-07-30T18:36:56.560953
62,5,6,-1,1,ERROR,2026-07-30T18:36:56.799824
62,5,7,-1,1,ERROR,2026-07-30T18:36:56.900224
62,5,8,-1,1,ERROR,2026-07-30T18:36:57.123609
62,5,9,-1,1,ERROR,2026-07-30T18:36:57.127855
62,5,10,-1,1,ERROR,2026-07-30T18:36:57.127836
62,6,1,-1,1,ERROR,2026-07-30T18:36:57.101311
62,6,2,-1,1,ERROR,2026-07-30T18:36:57.118751
62,6,3,-1,1,ERROR,2026-07-30T18:36:57.122461
62,6,4,-1,1,ERROR,2026-07-30T18:36:57.273998
62,6,5,-1,1,ERROR,2026-07-30T18:36:57.263651
62,6,6,-1,1,ERROR,2026-07-30T18:36:57.466072
62,6,7,-1,1,ERROR,2026-07-30T18:36:57.697588
62,6,8,-1,1,ERROR,2026-07-30T18:36:57.706377
62,6,9,-1,1,ERROR,2026-07-30T18:36:57.697550
62,6,10,-1,1,ERROR,2026-07-30T18:36:57.706405
62,7,1,-1,1,ERROR,2026-07-30T18:36:57.697573
62,7,2,-1,1,ERROR,2026-07-30T18:36:57.833110
62,7,3,-1,1,ERROR,2026-07-30T18:36:57.841669
62,7,4,-1,1,ERROR,2026-07-30T18:36:58.033840
62,7,5,-1,1,ERROR,2026-07-30T18:36:58.167997
62,7,6,-1,1,ERROR,2026-07-30T18:36:58.169770
62,7,7,-1,1,ERROR,2026-07-30T18:36:58.167903
62,7,8,-1,1,ERROR,2026-07-30T18:36:58.171936
62,7,9,-1,1,ERROR,2026-07-30T18:36:58.167931
62,7,10,-1,1,ERROR,2026-07-30T18:36:58.405433
62,8,1,-1,1,ERROR,2026-07-30T18:36:58.405491
62,8,2,-1,1,ERROR,2026-07-30T18:36:58.507904
62,8,3,-1,1,ERROR,2026-07-30T18:36:58.765437
62,8,4,-1,1,ERROR,2026-07-30T18:36:58.748035
62,8,5,-1,1,ERROR,2026-07-30T18:36:58.758182
62,8,6,-1,1,ERROR,2026-07-30T18:36:58.765460
62,8,7,-1,1,ERROR,2026-07-30T18:36:58.923234
62,8,8,-1,1,ERROR,2026-07-30T18:36:58.976175
62,8,9,-1,1,ERROR,2026-07-30T18:36:58.902572
62,8,10,-1,1,ERROR,2026-07-30T18:36:58.981374
62,9,1,-1,1,ERROR,2026-07-30T18:36:59.119661
62,9,2,-1,1,ERROR,2026-07-30T18:36:59.334312
62,9,3,-1,1,ERROR,2026-07-30T18:36:59.336169
62,9,4,-1,1,ERROR,2026-07-30T18:36:59.334341
62,9,5,-1,1,ERROR,2026-07-30T18:36:59.371974
62,9,6,-1,1,ERROR,2026-07-30T18:36:59.489687
62,9,7,-1,1,ERROR,2026-07-30T18:36:59.550144
62,9,8,-1,1,ERROR,2026-07-30T18:36:59.556321
62,9,9,-1,1,ERROR,2026-07-30T18:36:59.712591
62,9,10,-1,1,ERROR,2026-07-30T18:36:59.903766
62,10,1,-1,1,ERROR,2026-07-30T18:36:59.902334
62,10,2,-1,1,ERROR,2026-07-30T18:36:59.904662
62,10,3,-1,1,ERROR,2026-07-30T18:36:59.838157
62,10,4,-1,1,ERROR,2026-07-30T18:37:00.055028
62,10,5,-1,1,ERROR,2026-07-30T18:37:00.016228
62,10,6,-1,1,ERROR,2026-07-30T18:37:00.032937
62,10,7,-1,1,ERROR,2026-07-30T18:37:00.175135
62,10,8,-1,1,ERROR,2026-07-30T18:37:00.414708
62,10,9,-1,1,ERROR,2026-07-30T18:37:00.368021
62,10,10,-1,1,ERROR,2026-07-30T18:37:00.368050
62,11,1,-1,1,ERROR,2026-07-30T18:37:00.376049
62,11,2,-1,1,ERROR,2026-07-30T18:37:00.585550
62,11,3,-1,1,ERROR,2026-07-30T18:37:00.571782
62,11,4,-1,1,ERROR,2026-07-30T18:37:00.630523
62,11,5,-1,1,ERROR,2026-07-30T18:37:00.540459
62,11,6,-1,1,ERROR,2026-07-30T18:37:00.730999
62,11,7,-1,1,ERROR,2026-07-30T18:37:00.935733
62,11,8,-1,1,ERROR,2026-07-30T18:37:00.935662
62,11,9,-1,1,ERROR,2026-07-30T18:37:00.881894
62,11,10,-1,1,ERROR,2026-07-30T18:37:01.104010
62,12,1,-1,1,ERROR,2026-07-30T18:37:01.140330
62,12,2,-1,1,ERROR,2026-07-30T18:37:01.154321
62,12,3,-1,1,ERROR,2026-07-30T18:37:01.099929
62,12,4,-1,1,ERROR,2026-07-30T18:37:01.297857
62,12,5,-1,1,ERROR,2026-07-30T18:37:01.251828
62,12,6,-1,1,ERROR,2026-07-30T18:37:01.401779
62,12,7,-1,1,ERROR,2026-07-30T18:37:01.398803
62,12,8,-1,1,ERROR,2026-07-30T18:37:01.669087
62,12,9,-1,1,ERROR,2026-07-30T18:37:01.667823
62,12,10,-1,1,ERROR,2026-07-30T18:37:01.611364
62,13,1,-1,1,ERROR,2026-07-30T18:37:01.620174
62,13,2,-1,1,ERROR,2026-07-30T18:37:01.822263
62,13,3,-1,1,ERROR,2026-07-30T18:37:01.764118
62,13,4,-1,1,ERROR,2026-07-30T18:37:01.764149
62,13,5,-1,1,ERROR,2026-07-30T18:37:01.765667
62,13,6,-1,1,ERROR,2026-07-30T18:37:01.976815
62,13,7,-1,1,ERROR,2026-07-30T18:37:02.188269
62,13,8,-1,1,ERROR,2026-07-30T18:37:02.238960
62,13,9,-1,1,ERROR,2026-07-30T18:37:02.238937
62,13,10,-1,1,ERROR,2026-07-30T18:37:02.228658
62,14,1,-1,1,ERROR,2026-07-30T18:37:02.228722
62,14,2,-1,1,ERROR,2026-07-30T18:37:02.230483
62,14,3,-1,1,ERROR,2026-07-30T18:37:02.390420
62,14,4,-1,1,ERROR,2026-07-30T18:37:02.339742
62,14,5,-1,1,ERROR,2026-07-30T18:37:02.557845
62,14,6,-1,1,ERROR,2026-07-30T18:37:02.797632
62,14,7,-1,1,ERROR,2026-07-30T18:37:02.797658
62,14,8,-1,1,ERROR,2026-07-30T18:37:02.797600
62,14,9,-1,1,ERROR,2026-07-30T18:37:02.806855
62,14,10,-1,1,ERROR,2026-07-30T18:37:02.802349
62,15,1,-1,1,ERROR,2026-07-30T18:37:02.802368
62,15,2,-1,1,ERROR,2026-07-30T18:37:02.961320
62,15,3,-1,1,ERROR,2026-07-30T18:37:02.924305
62,15,4,-1,1,ERROR,2026-07-30T18:37:03.166138
62,15,5,-1,1,ERROR,2026-07-30T18:37:03.166117
62,15,6,-1,1,ERROR,2026-07-30T18:37:03.166090
62,15,7,-1,1,ERROR,2026-07-30T18:37:03.369461
62,15,8,-1,1,ERROR,2026-07-30T18:37:03.369428
62,15,9,-1,1,ERROR,2026-07-30T18:37:03.373862
62,15,10,-1,1,ERROR,2026-07-30T18:37:03.391394
62,16,1,-1,1,ERROR,2026-07-30T18:37:03.331095
62,16,2,-1,1,ERROR,2026-07-30T18:37:03.537199
62,16,3,-1,1,ERROR,2026-07-30T18:37:03.538369
62,16,4,-1,1,ERROR,2026-07-30T18:37:03.740090
62,16,5,-1,1,ERROR,2026-07-30T18:37:03.704960
62,16,6,-1,1,ERROR,2026-07-30T18:37:03.934455
62,16,7,-1,1,ERROR,2026-07-30T18:37:03.937417
62,16,8,-1,1,ERROR,2026-07-30T18:37:03.937441
62,16,9,-1,1,ERROR,2026-07-30T18:37:03.856448
62,16,10,-1,1,ERROR,2026-07-30T18:37:04.102144
62,17,1,-1,1,ERROR,2026-07-30T18:37:04.102389
62,17,2,-1,1,ERROR,2026-07-30T18:37:04.271375
62,17,3,-1,1,ERROR,2026-07-30T18:37:04.204197
62,17,4,-1,1,ERROR,2026-07-30T18:37:04.225730
62,17,5,-1,1,ERROR,2026-07-30T18:37:04.397895
62,17,6,-1,1,ERROR,2026-07-30T18:37:04.410960
62,17,7,-1,1,ERROR,2026-07-30T18:37:04.406486
62,17,8,-1,1,ERROR,2026-07-30T18:37:04.571315
62,17,9,-1,1,ERROR,2026-07-30T18:37:04.570099
62,17,10,-1,1,ERROR,2026-07-30T18:37:04.569824
62,18,1,-1,1,ERROR,2026-07-30T18:37:04.792138
62,18,2,-1,1,ERROR,2026-07-30T18:37:04.736328
62,18,3,-1,1,ERROR,2026-07-30T18:37:04.963899
62,18,4,-1,1,ERROR,2026-07-30T18:37:04.976278
62,18,5,-1,1,ERROR,2026-07-30T18:37:04.976356
62,18,6,-1,1,ERROR,2026-07-30T18:37:05.139496
62,18,7,-1,1,ERROR,2026-07-30T18:37:05.137997
62,18,8,-1,1,ERROR,2026-07-30T18:37:05.134298
62,18,9,-1,1,ERROR,2026-07-30T18:37:05.304589
62,18,10,-1,1,ERROR,2026-07-30T18:37:05.265655
62,19,1,-1,1,ERROR,2026-07-30T18:37:05.430447
62,19,2,-1,1,ERROR,2026-07-30T18:37:05.444486
62,19,3,-1,1,ERROR,2026-07-30T18:37:05.444510
62,19,4,-1,1,ERROR,2026-07-30T18:37:05.601021
62,19,5,-1,1,ERROR,2026-07-30T18:37:05.602084
62,19,6,-1,1,ERROR,2026-07-30T18:37:05.603044
62,19,7,-1,1,ERROR,2026-07-30T18:37:05.834109
62,19,8,-1,1,ERROR,2026-07-30T18:37:05.770435
62,19,9,-1,1,ERROR,2026-07-30T18:37:05.999151
62,19,10,-1,1,ERROR,2026-07-30T18:37:06.012341
62,20,1,-1,1,ERROR,2026-07-30T18:37:06.012367
62,20,2,-1,1,ERROR,2026-07-30T18:37:06.171015
62,20,3,-1,1,ERROR,2026-07-30T18:37:06.171048
62,20,4,-1,1,ERROR,2026-07-30T18:37:06.171035
62,20,5,-1,1,ERROR,2026-07-30T18:37:06.335697
62,20,6,-1,1,ERROR,2026-07-30T18:37:06.301887
62,20,7,-1,1,ERROR,2026-07-30T18:37:06.567461
62,20,8,-1,1,ERROR,2026-07-30T18:37:06.500738
62,20,9,-1,1,ERROR,2026-07-30T18:37:06.484421
62,20,10,-1,1,ERROR,2026-07-30T18:37:06.736478
62,21,1,-1,1,ERROR,2026-07-30T18:37:06.736445
62,21,2,-1,1,ERROR,2026-07-30T18:37:06.738456
62,21,3,-1,1,ERROR,2026-07-30T18:37:06.669400
62,21,4,-1,1,ERROR,2026-07-30T18:37:06.910701
62,21,5,-1,1,ERROR,2026-07-30T18:37:06.846646
62,21,6,-1,1,ERROR,2026-07-30T18:37:07.066124
62,21,7,-1,1,ERROR,2026-07-30T18:37:07.031837
62,21,8,-1,1,ERROR,2026-07-30T18:37:07.234296
62,21,9,-1,1,ERROR,2026-07-30T18:37:07.205297
62,21,10,-1,1,ERROR,2026-07-30T18:37:07.205269
62,22,1,-1,1,ERROR,2026-07-30T18:37:07.207019
62,22,2,-1,1,ERROR,2026-07-30T18:37:07.417045
62,22,3,-1,1,ERROR,2026-07-30T18:37:07.380189
62,22,4,-1,1,ERROR,2026-07-30T18:37:07.599118
62,22,5,-1,1,ERROR,2026-07-30T18:37:07.529593
62,22,6,-1,1,ERROR,2026-07-30T18:37:07.778443
62,22,7,-1,1,ERROR,2026-07-30T18:37:07.774475
62,22,8,-1,1,ERROR,2026-07-30T18:37:07.774447
62,22,9,-1,1,ERROR,2026-07-30T18:37:07.698879
62,22,10,-1,1,ERROR,2026-07-30T18:37:07.949966
62,23,1,-1,1,ERROR,2026-07-30T18:37:07.885972
62,23,2,-1,1,ERROR,2026-07-30T18:37:08.097245
62,23,3,-1,1,ERROR,2026-07-30T18:37:08.066917
62,23,4,-1,1,ERROR,2026-07-30T18:37:08.268288
62,23,5,-1,1,ERROR,2026-07-30T18:37:08.242639
62,23,6,-1,1,ERROR,2026-07-30T18:37:08.246407
62,23,7,-1,1,ERROR,2026-07-30T18:37:08.246384
62,23,8,-1,1,ERROR,2026-07-30T18:37:08.451730
62,23,9,-1,1,ERROR,2026-07-30T18:37:08.420321
62,23,10,-1,1,ERROR,2026-07-30T18:37:08.633997
62,24,1,-1,1,ERROR,2026-07-30T18:37:08.569223
62,24,2,-1,1,ERROR,2026-07-30T18:37:08.813344
62,24,3,-1,1,ERROR,2026-07-30T18:37:08.813318
62,24,4,-1,1,ERROR,2026-07-30T18:37:08.813358
62,24,5,-1,1,ERROR,2026-07-30T18:37:08.834728
62,24,6,-1,1,ERROR,2026-07-30T18:37:08.989808
62,24,7,-1,1,ERROR,2026-07-30T18:37:08.917812
62,24,8,-1,1,ERROR,2026-07-30T18:37:09.142894
62,24,9,-1,1,ERROR,2026-07-30T18:37:09.100784
62,24,10,-1,1,ERROR,2026-07-30T18:37:09.291464
62,25,1,-1,1,ERROR,2026-07-30T18:37:09.291071
62,25,2,-1,1,ERROR,2026-07-30T18:37:09.286012
62,25,3,-1,1,ERROR,2026-07-30T18:37:09.302905
62,25,4,-1,1,ERROR,2026-07-30T18:37:09.488240
62,25,5,-1,1,ERROR,2026-07-30T18:37:09.459769
62,25,6,-1,1,ERROR,2026-07-30T18:37:09.677982
62,25,7,-1,1,ERROR,2026-07-30T18:37:09.605803
62,25,8,-1,1,ERROR,2026-07-30T18:37:09.857212
62,25,9,-1,1,ERROR,2026-07-30T18:37:09.856886
62,25,10,-1,1,ERROR,2026-07-30T18:37:09.862733
62,26,1,-1,1,ERROR,2026-07-30T18:37:09.877902
62,26,2,-1,1,ERROR,2026-07-30T18:37:10.037941
62,26,3,-1,1,ERROR,2026-07-30T18:37:09.958868
62,26,4,-1,1,ERROR,2026-07-30T18:37:09.973352
62,26,5,-1,1,ERROR,2026-07-30T18:37:10.145274
62,26,6,-1,1,ERROR,2026-07-30T18:37:10.323022
62,26,7,-1,1,ERROR,2026-07-30T18:37:10.321970
62,26,8,-1,1,ERROR,2026-07-30T18:37:10.328854
62,26,9,-1,1,ERROR,2026-07-30T18:37:10.350015
62,26,10,-1,1,ERROR,2026-07-30T18:37:10.529400
62,27,1,-1,1,ERROR,2026-07-30T18:37:10.563416
62,27,2,-1,1,ERROR,2026-07-30T18:37:10.509783
62,27,3,-1,1,ERROR,2026-07-30T18:37:10.713276
62,27,4,-1,1,ERROR,2026-07-30T18:37:10.885766
62,27,5,-1,1,ERROR,2026-07-30T18:37:10.885796
62,27,6,-1,1,ERROR,2026-07-30T18:37:10.907365
62,27,7,-1,1,ERROR,2026-07-30T18:37:10.811264
62,27,8,-1,1,ERROR,2026-07-30T18:37:11.086212
62,27,9,-1,1,ERROR,2026-07-30T18:37:10.993871
62,27,10,-1,1,ERROR,2026-07-30T18:37:11.029181
62,28,1,-1,1,ERROR,2026-07-30T18:37:11.190014
62,28,2,-1,1,ERROR,2026-07-30T18:37:11.174568
62,28,3,-1,1,ERROR,2026-07-30T18:37:11.353530
62,28,4,-1,1,ERROR,2026-07-30T18:37:11.359442
62,28,5,-1,1,ERROR,2026-07-30T18:37:11.376350
62,28,6,-1,1,ERROR,2026-07-30T18:37:11.560038
62,28,7,-1,1,ERROR,2026-07-30T18:37:11.604302
62,28,8,-1,1,ERROR,2026-07-30T18:37:11.562366
62,28,9,-1,1,ERROR,2026-07-30T18:37:11.742242
62,28,10,-1,1,ERROR,2026-07-30T18:37:11.753153
62,29,1,-1,1,ERROR,2026-07-30T18:37:11.921948
62,29,2,-1,1,ERROR,2026-07-30T18:37:11.923495
62,29,3,-1,1,ERROR,2026-07-30T18:37:11.943936
62,29,4,-1,1,ERROR,2026-07-30T18:37:12.122590
62,29,5,-1,1,ERROR,2026-07-30T18:37:12.026944
62,29,6,-1,1,ERROR,2026-07-30T18:37:12.072759
62,29,7,-1,1,ERROR,2026-07-30T18:37:12.205995
62,29,8,-1,1,ERROR,2026-07-30T18:37:12.222299
62,29,9,-1,1,ERROR,2026-07-30T18:37:12.392184
62,29,10,-1,1,ERROR,2026-07-30T18:37:12.392158
62,30,1,-1,1,ERROR,2026-07-30T18:37:12.410361
62,30,2,-1,1,ERROR,2026-07-30T18:37:12.603282
62,30,3,-1,1,ERROR,2026-07-30T18:37:12.641056
62,30,4,-1,1,ERROR,2026-07-30T18:37:12.589757
62,30,5,-1,1,ERROR,2026-07-30T18:37:12.776307
62,30,6,-1,1,ERROR,2026-07-30T18:37:12.791307
62,30,7,-1,1,ERROR,2026-07-30T18:37:12.958227
62,30,8,-1,1,ERROR,2026-07-30T18:37:12.960135
62,30,9,-1,1,ERROR,2026-07-30T18:37:12.975159
62,30,10,-1,1,ERROR,2026-07-30T18:37:13.160330
63,1,1,-1,1,ERROR,2026-07-30T18:37:13.067340
63,1,2,-1,1,ERROR,2026-07-30T18:37:13.110252
63,1,3,-1,1,ERROR,2026-07-30T18:37:13.337891
63,1,4,-1,1,ERROR,2026-07-30T18:37:13.261376
63,1,5,-1,1,ERROR,2026-07-30T18:37:13.426154
63,1,6,-1,1,ERROR,2026-07-30T18:37:13.428633
63,1,7,-1,1,ERROR,2026-07-30T18:37:13.444090
63,1,8,-1,1,ERROR,2026-07-30T18:37:13.430846
63,1,9,-1,1,ERROR,2026-07-30T18:37:13.677574
63,1,10,-1,1,ERROR,2026-07-30T18:37:13.628340
63,2,1,-1,1,ERROR,2026-07-30T18:37:13.830064
63,2,2,-1,1,ERROR,2026-07-30T18:37:13.803733
63,2,3,-1,1,ERROR,2026-07-30T18:37:13.993765
63,2,4,-1,1,ERROR,2026-07-30T18:37:13.991707
63,2,5,-1,1,ERROR,2026-07-30T18:37:13.996756
63,2,6,-1,1,ERROR,2026-07-30T18:37:14.013712
63,2,7,-1,1,ERROR,2026-07-30T18:37:14.195137
63,2,8,-1,1,ERROR,2026-07-30T18:37:14.147538
63,2,9,-1,1,ERROR,2026-07-30T18:37:14.375350
63,2,10,-1,1,ERROR,2026-07-30T18:37:14.302884
63,3,1,-1,1,ERROR,2026-07-30T18:37:14.466205
63,3,2,-1,1,ERROR,2026-07-30T18:37:14.466231
63,3,3,-1,1,ERROR,2026-07-30T18:37:14.467682
63,3,4,-1,1,ERROR,2026-07-30T18:37:14.477421
63,3,5,-1,1,ERROR,2026-07-30T18:37:14.723271
63,3,6,-1,1,ERROR,2026-07-30T18:37:14.662449
63,3,7,-1,1,ERROR,2026-07-30T18:37:14.866841
63,3,8,-1,1,ERROR,2026-07-30T18:37:14.839632
63,3,9,-1,1,ERROR,2026-07-30T18:37:15.035760
63,3,10,-1,1,ERROR,2026-07-30T18:37:15.035735
63,4,1,-1,1,ERROR,2026-07-30T18:37:14.833449
63,4,2,-1,1,ERROR,2026-07-30T18:37:15.046561
63,4,3,-1,1,ERROR,2026-07-30T18:37:15.232212
63,4,4,-1,1,ERROR,2026-07-30T18:37:15.188754
63,4,5,-1,1,ERROR,2026-07-30T18:37:15.395578
63,4,6,-1,1,ERROR,2026-07-30T18:37:15.411561
63,4,7,-1,1,ERROR,2026-07-30T18:37:15.430649
63,4,8,-1,1,ERROR,2026-07-30T18:37:15.602425
63,4,9,-1,1,ERROR,2026-07-30T18:37:15.602354
63,4,10,-1,1,ERROR,2026-07-30T18:37:15.613709
63,5,1,-1,1,ERROR,2026-07-30T18:37:15.759598
63,5,2,-1,1,ERROR,2026-07-30T18:37:15.699432
63,5,3,-1,1,ERROR,2026-07-30T18:37:15.863167
63,5,4,-1,1,ERROR,2026-07-30T18:37:15.875311
63,5,5,-1,1,ERROR,2026-07-30T18:37:15.900980
63,5,6,-1,1,ERROR,2026-07-30T18:37:16.073183
63,5,7,-1,1,ERROR,2026-07-30T18:37:16.073154
63,5,8,-1,1,ERROR,2026-07-30T18:37:16.087794
63,5,9,-1,1,ERROR,2026-07-30T18:37:16.267606
63,5,10,-1,1,ERROR,2026-07-30T18:37:16.234515
63,6,1,-1,1,ERROR,2026-07-30T18:37:16.232623
63,6,2,-1,1,ERROR,2026-07-30T18:37:16.443835
63,6,3,-1,1,ERROR,2026-07-30T18:37:16.468647
63,6,4,-1,1,ERROR,2026-07-30T18:37:16.664299
63,6,5,-1,1,ERROR,2026-07-30T18:37:16.646042
63,6,6,-1,1,ERROR,2026-07-30T18:37:16.664269
63,6,7,-1,1,ERROR,2026-07-30T18:37:16.804126
63,6,8,-1,1,ERROR,2026-07-30T18:37:16.804162
63,6,9,-1,1,ERROR,2026-07-30T18:37:16.833034
63,6,10,-1,1,ERROR,2026-07-30T18:37:17.012350
63,7,1,-1,1,ERROR,2026-07-30T18:37:16.933096
63,7,2,-1,1,ERROR,2026-07-30T18:37:17.112774
63,7,3,-1,1,ERROR,2026-07-30T18:37:17.138152
63,7,4,-1,1,ERROR,2026-07-30T18:37:17.138118
63,7,5,-1,1,ERROR,2026-07-30T18:37:17.273160
63,7,6,-1,1,ERROR,2026-07-30T18:37:17.290700
63,7,7,-1,1,ERROR,2026-07-30T18:37:17.303449
63,7,8,-1,1,ERROR,2026-07-30T18:37:17.501170
63,7,9,-1,1,ERROR,2026-07-30T18:37:17.477948
63,7,10,-1,1,ERROR,2026-07-30T18:37:17.679243
63,8,1,-1,1,ERROR,2026-07-30T18:37:17.700849
63,8,2,-1,1,ERROR,2026-07-30T18:37:17.609007
63,8,3,-1,1,ERROR,2026-07-30T18:37:17.840435
63,8,4,-1,1,ERROR,2026-07-30T18:37:17.857920
63,8,5,-1,1,ERROR,2026-07-30T18:37:17.872921
63,8,6,-1,1,ERROR,2026-07-30T18:37:18.041787
63,8,7,-1,1,ERROR,2026-07-30T18:37:17.967535
63,8,8,-1,1,ERROR,2026-07-30T18:37:17.972797
63,8,9,-1,1,ERROR,2026-07-30T18:37:18.152105
63,8,10,-1,1,ERROR,2026-07-30T18:37:18.167355
63,9,1,-1,1,ERROR,2026-07-30T18:37:18.309876
63,9,2,-1,1,ERROR,2026-07-30T18:37:18.326149
63,9,3,-1,1,ERROR,2026-07-30T18:37:18.339973
63,9,4,-1,1,ERROR,2026-07-30T18:37:18.535645
63,9,5,-1,1,ERROR,2026-07-30T18:37:18.540306
63,9,6,-1,1,ERROR,2026-07-30T18:37:18.511122
63,9,7,-1,1,ERROR,2026-07-30T18:37:18.720721
63,9,8,-1,1,ERROR,2026-07-30T18:37:18.635994
63,9,9,-1,1,ERROR,2026-07-30T18:37:18.876595
63,9,10,-1,1,ERROR,2026-07-30T18:37:18.892783
63,10,1,-1,1,ERROR,2026-07-30T18:37:18.813096
63,10,2,-1,1,ERROR,2026-07-30T18:37:19.077972
63,10,3,-1,1,ERROR,2026-07-30T18:37:19.022370
63,10,4,-1,1,ERROR,2026-07-30T18:37:19.008841
63,10,5,-1,1,ERROR,2026-07-30T18:37:19.004694
63,10,6,-1,1,ERROR,2026-07-30T18:37:19.185271
63,10,7,-1,1,ERROR,2026-07-30T18:37:19.179185
63,10,8,-1,1,ERROR,2026-07-30T18:37:19.343527
63,10,9,-1,1,ERROR,2026-07-30T18:37:19.358410
63,10,10,-1,1,ERROR,2026-07-30T18:37:19.571950
63,11,1,-1,1,ERROR,2026-07-30T18:37:19.571917
63,11,2,-1,1,ERROR,2026-07-30T18:37:19.588478
63,11,3,-1,1,ERROR,2026-07-30T18:37:19.548108
63,11,4,-1,1,ERROR,2026-07-30T18:37:19.746294
63,11,5,-1,1,ERROR,2026-07-30T18:37:19.748458
63,11,6,-1,1,ERROR,2026-07-30T18:37:19.711834
63,11,7,-1,1,ERROR,2026-07-30T18:37:19.926777
63,11,8,-1,1,ERROR,2026-07-30T18:37:20.113476
63,11,9,-1,1,ERROR,2026-07-30T18:37:20.042320
63,11,10,-1,1,ERROR,2026-07-30T18:37:20.042295
63,12,1,-1,1,ERROR,2026-07-30T18:37:20.052433
63,12,2,-1,1,ERROR,2026-07-30T18:37:20.297527
63,12,3,-1,1,ERROR,2026-07-30T18:37:20.312403
63,12,4,-1,1,ERROR,2026-07-30T18:37:20.314165
63,12,5,-1,1,ERROR,2026-07-30T18:37:20.493884
63,12,6,-1,1,ERROR,2026-07-30T18:37:20.407360
63,12,7,-1,1,ERROR,2026-07-30T18:37:20.407383
63,12,8,-1,1,ERROR,2026-07-30T18:37:20.417370
63,12,9,-1,1,ERROR,2026-07-30T18:37:20.580847
63,12,10,-1,1,ERROR,2026-07-30T18:37:20.758492
63,13,1,-1,1,ERROR,2026-07-30T18:37:20.790468
63,13,2,-1,1,ERROR,2026-07-30T18:37:20.790495
63,13,3,-1,1,ERROR,2026-07-30T18:37:20.975706
63,13,4,-1,1,ERROR,2026-07-30T18:37:20.975732
63,13,5,-1,1,ERROR,2026-07-30T18:37:20.982040
63,13,6,-1,1,ERROR,2026-07-30T18:37:20.961821
63,13,7,-1,1,ERROR,2026-07-30T18:37:20.943013
63,13,8,-1,1,ERROR,2026-07-30T18:37:21.128266
63,13,9,-1,1,ERROR,2026-07-30T18:37:21.357825
63,13,10,-1,1,ERROR,2026-07-30T18:37:21.357860
63,14,1,-1,1,ERROR,2026-07-30T18:37:21.302280
63,14,2,-1,1,ERROR,2026-07-30T18:37:21.533006
63,14,3,-1,1,ERROR,2026-07-30T18:37:21.546488
63,14,4,-1,1,ERROR,2026-07-30T18:37:21.546512
63,14,5,-1,1,ERROR,2026-07-30T18:37:21.552380
63,14,6,-1,1,ERROR,2026-07-30T18:37:21.696387
63,14,7,-1,1,ERROR,2026-07-30T18:37:21.670800
63,14,8,-1,1,ERROR,2026-07-30T18:37:21.828644
63,14,9,-1,1,ERROR,2026-07-30T18:37:21.828620
63,14,10,-1,1,ERROR,2026-07-30T18:37:21.999961
63,15,1,-1,1,ERROR,2026-07-30T18:37:22.013370
63,15,2,-1,1,ERROR,2026-07-30T18:37:22.013391
63,15,3,-1,1,ERROR,2026-07-30T18:37:22.015628
63,15,4,-1,1,ERROR,2026-07-30T18:37:22.232788
63,15,5,-1,1,ERROR,2026-07-30T18:37:22.265526
63,15,6,-1,1,ERROR,2026-07-30T18:37:22.197797
63,15,7,-1,1,ERROR,2026-07-30T18:37:22.198905
63,15,8,-1,1,ERROR,2026-07-30T18:37:22.368143
63,15,9,-1,1,ERROR,2026-07-30T18:37:22.378218
63,15,10,-1,1,ERROR,2026-07-30T18:37:22.378186
63,16,1,-1,1,ERROR,2026-07-30T18:37:22.380396
63,16,2,-1,1,ERROR,2026-07-30T18:37:22.564681
63,16,3,-1,1,ERROR,2026-07-30T18:37:22.566690
63,16,4,-1,1,ERROR,2026-07-30T18:37:22.800545
63,16,5,-1,1,ERROR,2026-07-30T18:37:22.731902
63,16,6,-1,1,ERROR,2026-07-30T18:37:22.736139
63,16,7,-1,1,ERROR,2026-07-30T18:37:22.949975
63,16,8,-1,1,ERROR,2026-07-30T18:37:22.950045
63,16,9,-1,1,ERROR,2026-07-30T18:37:22.950013
63,16,10,-1,1,ERROR,2026-07-30T18:37:23.134238
63,17,1,-1,1,ERROR,2026-07-30T18:37:23.136944
63,17,2,-1,1,ERROR,2026-07-30T18:37:23.103596
63,17,3,-1,1,ERROR,2026-07-30T18:37:23.333304
63,17,4,-1,1,ERROR,2026-07-30T18:37:23.269364
63,17,5,-1,1,ERROR,2026-07-30T18:37:23.516740
63,17,6,-1,1,ERROR,2026-07-30T18:37:23.523323
63,17,7,-1,1,ERROR,2026-07-30T18:37:23.517858
63,17,8,-1,1,ERROR,2026-07-30T18:37:23.664918
63,17,9,-1,1,ERROR,2026-07-30T18:37:23.700290
63,17,10,-1,1,ERROR,2026-07-30T18:37:23.702608
63,18,1,-1,1,ERROR,2026-07-30T18:37:23.836966
63,18,2,-1,1,ERROR,2026-07-30T18:37:23.801337
63,18,3,-1,1,ERROR,2026-07-30T18:37:23.982566
63,18,4,-1,1,ERROR,2026-07-30T18:37:23.984182
63,18,5,-1,1,ERROR,2026-07-30T18:37:23.994682
63,18,6,-1,1,ERROR,2026-07-30T18:37:24.235896
63,18,7,-1,1,ERROR,2026-07-30T18:37:24.163103
63,18,8,-1,1,ERROR,2026-07-30T18:37:24.166729
63,18,9,-1,1,ERROR,2026-07-30T18:37:24.367600
63,18,10,-1,1,ERROR,2026-07-30T18:37:24.402881
63,19,1,-1,1,ERROR,2026-07-30T18:37:24.560066
63,19,2,-1,1,ERROR,2026-07-30T18:37:24.555920
63,19,3,-1,1,ERROR,2026-07-30T18:37:24.564599
63,19,4,-1,1,ERROR,2026-07-30T18:37:24.730898
63,19,5,-1,1,ERROR,2026-07-30T18:37:24.730923
63,19,6,-1,1,ERROR,2026-07-30T18:37:24.705114
63,19,7,-1,1,ERROR,2026-07-30T18:37:24.850093
63,19,8,-1,1,ERROR,2026-07-30T18:37:24.885065
63,19,9,-1,1,ERROR,2026-07-30T18:37:25.023240
63,19,10,-1,1,ERROR,2026-07-30T18:37:25.049266
63,20,1,-1,1,ERROR,2026-07-30T18:37:25.051794
63,20,2,-1,1,ERROR,2026-07-30T18:37:25.275079
63,20,3,-1,1,ERROR,2026-07-30T18:37:25.199856
63,20,4,-1,1,ERROR,2026-07-30T18:37:25.198855
63,20,5,-1,1,ERROR,2026-07-30T18:37:25.415364
63,20,6,-1,1,ERROR,2026-07-30T18:37:25.451056
63,20,7,-1,1,ERROR,2026-07-30T18:37:25.593990
63,20,8,-1,1,ERROR,2026-07-30T18:37:25.615932
63,20,9,-1,1,ERROR,2026-07-30T18:37:25.615955
63,20,10,-1,1,ERROR,2026-07-30T18:37:25.766284
63,21,1,-1,1,ERROR,2026-07-30T18:37:25.563603
63,21,2,-1,1,ERROR,2026-07-30T18:37:25.745536
63,21,3,-1,1,ERROR,2026-07-30T18:37:25.984323
63,21,4,-1,1,ERROR,2026-07-30T18:37:25.916695
63,21,5,-1,1,ERROR,2026-07-30T18:37:26.128951
63,21,6,-1,1,ERROR,2026-07-30T18:37:26.161254
63,21,7,-1,1,ERROR,2026-07-30T18:37:26.077236
63,21,8,-1,1,ERROR,2026-07-30T18:37:26.081391
63,21,9,-1,1,ERROR,2026-07-30T18:37:26.317062
63,21,10,-1,1,ERROR,2026-07-30T18:37:26.331709
63,22,1,-1,1,ERROR,2026-07-30T18:37:26.486203
63,22,2,-1,1,ERROR,2026-07-30T18:37:26.447828
63,22,3,-1,1,ERROR,2026-07-30T18:37:26.439819
63,22,4,-1,1,ERROR,2026-07-30T18:37:26.653187
63,22,5,-1,1,ERROR,2026-07-30T18:37:26.694604
63,22,6,-1,1,ERROR,2026-07-30T18:37:26.630313
63,22,7,-1,1,ERROR,2026-07-30T18:37:26.784747
63,22,8,-1,1,ERROR,2026-07-30T18:37:26.797182
63,22,9,-1,1,ERROR,2026-07-30T18:37:27.009667
63,22,10,-1,1,ERROR,2026-07-30T18:37:27.018559
63,23,1,-1,1,ERROR,2026-07-30T18:37:26.956158
63,23,2,-1,1,ERROR,2026-07-30T18:37:27.196382
63,23,3,-1,1,ERROR,2026-07-30T18:37:27.220676
63,23,4,-1,1,ERROR,2026-07-30T18:37:27.160273
63,23,5,-1,1,ERROR,2026-07-30T18:37:27.146044
63,23,6,-1,1,ERROR,2026-07-30T18:37:27.367711
63,23,7,-1,1,ERROR,2026-07-30T18:37:27.321868
63,23,8,-1,1,ERROR,2026-07-30T18:37:27.474142
63,23,9,-1,1,ERROR,2026-07-30T18:37:27.494351
63,23,10,-1,1,ERROR,2026-07-30T18:37:27.714365
63,24,1,-1,1,ERROR,2026-07-30T18:37:27.722880
63,24,2,-1,1,ERROR,2026-07-30T18:37:27.662597
63,24,3,-1,1,ERROR,2026-07-30T18:37:27.684195
63,24,4,-1,1,ERROR,2026-07-30T18:37:27.888727
63,24,5,-1,1,ERROR,2026-07-30T18:37:27.834696
63,24,6,-1,1,ERROR,2026-07-30T18:37:27.837313
63,24,7,-1,1,ERROR,2026-07-30T18:37:28.065747
63,24,8,-1,1,ERROR,2026-07-30T18:37:28.029268
63,24,9,-1,1,ERROR,2026-07-30T18:37:28.247843
63,24,10,-1,1,ERROR,2026-07-30T18:37:28.181554
63,25,1,-1,1,ERROR,2026-07-30T18:37:28.203656
63,25,2,-1,1,ERROR,2026-07-30T18:37:28.401746
63,25,3,-1,1,ERROR,2026-07-30T18:37:28.401715
63,25,4,-1,1,ERROR,2026-07-30T18:37:28.453470
63,25,5,-1,1,ERROR,2026-07-30T18:37:28.596205
63,25,6,-1,1,ERROR,2026-07-30T18:37:28.539647
63,25,7,-1,1,ERROR,2026-07-30T18:37:28.543841
63,25,8,-1,1,ERROR,2026-07-30T18:37:28.770821
63,25,9,-1,1,ERROR,2026-07-30T18:37:28.713531
63,25,10,-1,1,ERROR,2026-07-30T18:37:28.971010
63,26,1,-1,1,ERROR,2026-07-30T18:37:28.871576
63,26,2,-1,1,ERROR,2026-07-30T18:37:28.919529
63,26,3,-1,1,ERROR,2026-07-30T18:37:29.112445
63,26,4,-1,1,ERROR,2026-07-30T18:37:29.114664
63,26,5,-1,1,ERROR,2026-07-30T18:37:29.063385
63,26,6,-1,1,ERROR,2026-07-30T18:37:29.382569
63,26,7,-1,1,ERROR,2026-07-30T18:37:29.437632
63,26,8,-1,1,ERROR,2026-07-30T18:37:29.439696
63,26,9,-1,1,ERROR,2026-07-30T18:37:29.584405
63,26,10,-1,1,ERROR,2026-07-30T18:37:29.634617
63,27,1,-1,1,ERROR,2026-07-30T18:37:29.631905
63,27,2,-1,1,ERROR,2026-07-30T18:37:29.587663
63,27,3,-1,1,ERROR,2026-07-30T18:37:29.584502
63,27,4,-1,1,ERROR,2026-07-30T18:37:29.753004
63,27,5,-1,1,ERROR,2026-07-30T18:37:29.905175
63,27,6,-1,1,ERROR,2026-07-30T18:37:29.905134
63,27,7,-1,1,ERROR,2026-07-30T18:37:30.154635
63,27,8,-1,1,ERROR,2026-07-30T18:37:30.154601
63,27,9,-1,1,ERROR,2026-07-30T18:37:30.155469
63,27,10,-1,1,ERROR,2026-07-30T18:37:30.097329
63,28,1,-1,1,ERROR,2026-07-30T18:37:30.098830
63,28,2,-1,1,ERROR,2026-07-30T18:37:30.322032
63,28,3,-1,1,ERROR,2026-07-30T18:37:30.371967
63,28,4,-1,1,ERROR,2026-07-30T18:37:30.371925
63,28,5,-1,1,ERROR,2026-07-30T18:37:30.464597
63,28,6,-1,1,ERROR,2026-07-30T18:37:30.464626
63,28,7,-1,1,ERROR,2026-07-30T18:37:30.623537
63,28,8,-1,1,ERROR,2026-07-30T18:37:30.723845
63,28,9,-1,1,ERROR,2026-07-30T18:37:30.624048
63,28,10,-1,1,ERROR,2026-07-30T18:37:30.885212
63,29,1,-1,1,ERROR,2026-07-30T18:37:30.844009
63,29,2,-1,1,ERROR,2026-07-30T18:37:30.844034
63,29,3,-1,1,ERROR,2026-07-30T18:37:31.030185
63,29,4,-1,1,ERROR,2026-07-30T18:37:31.028964
63,29,5,-1,1,ERROR,2026-07-30T18:37:31.087435
63,29,6,-1,1,ERROR,2026-07-30T18:37:31.087408
63,29,7,-1,1,ERROR,2026-07-30T18:37:31.188822
63,29,8,-1,1,ERROR,2026-07-30T18:37:31.413597
63,29,9,-1,1,ERROR,2026-07-30T18:37:31.412249
63,29,10,-1,1,ERROR,2026-07-30T18:37:31.356272
63,30,1,-1,1,ERROR,2026-07-30T18:37:31.596819
63,30,2,-1,1,ERROR,2026-07-30T18:37:31.594207
63,30,3,-1,1,ERROR,2026-07-30T18:37:31.555797
63,30,4,-1,1,ERROR,2026-07-30T18:37:31.555830
63,30,5,-1,1,ERROR,2026-07-30T18:37:31.678562
63,30,6,-1,1,ERROR,2026-07-30T18:37:31.926261
63,30,7,-1,1,ERROR,2026-07-30T18:37:31.875781
63,30,8,-1,1,ERROR,2026-07-30T18:37:31.877014
63,30,9,-1,1,ERROR,2026-07-30T18:37:32.126737
63,30,10,-1,1,ERROR,2026-07-30T18:37:32.126765
64,1,1,-1,1,ERROR,2026-07-30T18:37:32.063907
64,1,2,-1,1,ERROR,2026-07-30T18:37:32.063496
64,1,3,-1,1,ERROR,2026-07-30T18:37:32.143274
64,1,4,-1,1,ERROR,2026-07-30T18:37:32.239758
64,1,5,-1,1,ERROR,2026-07-30T18:37:32.241638
64,1,6,-1,1,ERROR,2026-07-30T18:37:32.389838
64,1,7,-1,1,ERROR,2026-07-30T18:37:32.606678
64,1,8,-1,1,ERROR,2026-07-30T18:37:32.628393
64,1,9,-1,1,ERROR,2026-07-30T18:37:32.599672
64,1,10,-1,1,ERROR,2026-07-30T18:37:32.591005
64,2,1,-1,1,ERROR,2026-07-30T18:37:32.609240
64,2,2,-1,1,ERROR,2026-07-30T18:37:32.807461
64,2,3,-1,1,ERROR,2026-07-30T18:37:32.809712
64,2,4,-1,1,ERROR,2026-07-30T18:37:32.854822
64,2,5,-1,1,ERROR,2026-07-30T18:37:32.958823
64,2,6,-1,1,ERROR,2026-07-30T18:37:33.168887
64,2,7,-1,1,ERROR,2026-07-30T18:37:33.170107
64,2,8,-1,1,ERROR,2026-07-30T18:37:33.170152
64,2,9,-1,1,ERROR,2026-07-30T18:37:33.200559
64,2,10,-1,1,ERROR,2026-07-30T18:37:33.370745
64,3,1,-1,1,ERROR,2026-07-30T18:37:33.369712
64,3,2,-1,1,ERROR,2026-07-30T18:37:33.328024
64,3,3,-1,1,ERROR,2026-07-30T18:37:33.529748
64,3,4,-1,1,ERROR,2026-07-30T18:37:33.734450
64,3,5,-1,1,ERROR,2026-07-30T18:37:33.642950
64,3,6,-1,1,ERROR,2026-07-30T18:37:33.642927
64,3,7,-1,1,ERROR,2026-07-30T18:37:33.667470
64,3,8,-1,1,ERROR,2026-07-30T18:37:33.896006
64,3,9,-1,1,ERROR,2026-07-30T18:37:33.835029
64,3,10,-1,1,ERROR,2026-07-30T18:37:33.836371
64,4,1,-1,1,ERROR,2026-07-30T18:37:33.996126
64,4,2,-1,1,ERROR,2026-07-30T18:37:34.008844
64,4,3,-1,1,ERROR,2026-07-30T18:37:34.008819
64,4,4,-1,1,ERROR,2026-07-30T18:37:34.232619
64,4,5,-1,1,ERROR,2026-07-30T18:37:34.200485
64,4,6,-1,1,ERROR,2026-07-30T18:37:34.402175
64,4,7,-1,1,ERROR,2026-07-30T18:37:34.402125
64,4,8,-1,1,ERROR,2026-07-30T18:37:34.357664
64,4,9,-1,1,ERROR,2026-07-30T18:37:34.365461
64,4,10,-1,1,ERROR,2026-07-30T18:37:34.579173
64,5,1,-1,1,ERROR,2026-07-30T18:37:34.579143
64,5,2,-1,1,ERROR,2026-07-30T18:37:34.769027
64,5,3,-1,1,ERROR,2026-07-30T18:37:34.701296
64,5,4,-1,1,ERROR,2026-07-30T18:37:34.926800
64,5,5,-1,1,ERROR,2026-07-30T18:37:34.938146
64,5,6,-1,1,ERROR,2026-07-30T18:37:34.970655
64,5,7,-1,1,ERROR,2026-07-30T18:37:34.970391
64,5,8,-1,1,ERROR,2026-07-30T18:37:35.046545
64,5,9,-1,1,ERROR,2026-07-30T18:37:35.046523
64,5,10,-1,1,ERROR,2026-07-30T18:37:35.274053
64,6,1,-1,1,ERROR,2026-07-30T18:37:35.239674
64,6,2,-1,1,ERROR,2026-07-30T18:37:35.402331
64,6,3,-1,1,ERROR,2026-07-30T18:37:35.406738
64,6,4,-1,1,ERROR,2026-07-30T18:37:35.437876
64,6,5,-1,1,ERROR,2026-07-30T18:37:35.437040
64,6,6,-1,1,ERROR,2026-07-30T18:37:35.614892
64,6,7,-1,1,ERROR,2026-07-30T18:37:35.617612
64,6,8,-1,1,ERROR,2026-07-30T18:37:35.807005
64,6,9,-1,1,ERROR,2026-07-30T18:37:35.736588
64,6,10,-1,1,ERROR,2026-07-30T18:37:35.972629
64,7,1,-1,1,ERROR,2026-07-30T18:37:35.972661
64,7,2,-1,1,ERROR,2026-07-30T18:37:36.000487
64,7,3,-1,1,ERROR,2026-07-30T18:37:36.007080
64,7,4,-1,1,ERROR,2026-07-30T18:37:36.189922
64,7,5,-1,1,ERROR,2026-07-30T18:37:36.183652
64,7,6,-1,1,ERROR,2026-07-30T18:37:36.122079
64,7,7,-1,1,ERROR,2026-07-30T18:37:36.283488
64,7,8,-1,1,ERROR,2026-07-30T18:37:36.540467
64,7,9,-1,1,ERROR,2026-07-30T18:37:36.540439
64,7,10,-1,1,ERROR,2026-07-30T18:37:36.465284
64,8,1,-1,1,ERROR,2026-07-30T18:37:36.471487
64,8,2,-1,1,ERROR,2026-07-30T18:37:36.685589
64,8,3,-1,1,ERROR,2026-07-30T18:37:36.653996
64,8,4,-1,1,ERROR,2026-07-30T18:37:36.660827
64,8,5,-1,1,ERROR,2026-07-30T18:37:36.848530
64,8,6,-1,1,ERROR,2026-07-30T18:37:37.031154
64,8,7,-1,1,ERROR,2026-07-30T18:37:37.034050
64,8,8,-1,1,ERROR,2026-07-30T18:37:37.010224
64,8,9,-1,1,ERROR,2026-07-30T18:37:37.010247
64,8,10,-1,1,ERROR,2026-07-30T18:37:37.223634
64,9,1,-1,1,ERROR,2026-07-30T18:37:37.223608
64,9,2,-1,1,ERROR,2026-07-30T18:37:37.153796
64,9,3,-1,1,ERROR,2026-07-30T18:37:37.317493
64,9,4,-1,1,ERROR,2026-07-30T18:37:37.575748
64,9,5,-1,1,ERROR,2026-07-30T18:37:37.575764
64,9,6,-1,1,ERROR,2026-07-30T18:37:37.498999
64,9,7,-1,1,ERROR,2026-07-30T18:37:37.496467
64,9,8,-1,1,ERROR,2026-07-30T18:37:37.724017
64,9,9,-1,1,ERROR,2026-07-30T18:37:37.685526
64,9,10,-1,1,ERROR,2026-07-30T18:37:37.691145
64,10,1,-1,1,ERROR,2026-07-30T18:37:37.680277
64,10,2,-1,1,ERROR,2026-07-30T18:37:37.856908
64,10,3,-1,1,ERROR,2026-07-30T18:37:37.865587
64,10,4,-1,1,ERROR,2026-07-30T18:37:38.044103
64,10,5,-1,1,ERROR,2026-07-30T18:37:38.044201
64,10,6,-1,1,ERROR,2026-07-30T18:37:38.042908
64,10,7,-1,1,ERROR,2026-07-30T18:37:38.044071
64,10,8,-1,1,ERROR,2026-07-30T18:37:38.256660
64,10,9,-1,1,ERROR,2026-07-30T18:37:38.293391
64,10,10,-1,1,ERROR,2026-07-30T18:37:38.219036
64,11,1,-1,1,ERROR,2026-07-30T18:37:38.227636
64,11,2,-1,1,ERROR,2026-07-30T18:37:38.411484
64,11,3,-1,1,ERROR,2026-07-30T18:37:38.411431
64,11,4,-1,1,ERROR,2026-07-30T18:37:38.411458
64,11,5,-1,1,ERROR,2026-07-30T18:37:38.411546
64,11,6,-1,1,ERROR,2026-07-30T18:37:38.586538
64,11,7,-1,1,ERROR,2026-07-30T18:37:38.590603
64,11,8,-1,1,ERROR,2026-07-30T18:37:38.825411
64,11,9,-1,1,ERROR,2026-07-30T18:37:38.754339
64,11,10,-1,1,ERROR,2026-07-30T18:37:38.977229
64,12,1,-1,1,ERROR,2026-07-30T18:37:38.976743
64,12,2,-1,1,ERROR,2026-07-30T18:37:38.982327
64,12,3,-1,1,ERROR,2026-07-30T18:37:38.982295
64,12,4,-1,1,ERROR,2026-07-30T18:37:39.150055
64,12,5,-1,1,ERROR,2026-07-30T18:37:39.156223
64,12,6,-1,1,ERROR,2026-07-30T18:37:39.119658
64,12,7,-1,1,ERROR,2026-07-30T18:37:39.292975
64,12,8,-1,1,ERROR,2026-07-30T18:37:39.541640
64,12,9,-1,1,ERROR,2026-07-30T18:37:39.545779
64,12,10,-1,1,ERROR,2026-07-30T18:37:39.448087
64,13,1,-1,1,ERROR,2026-07-30T18:37:39.447959
64,13,2,-1,1,ERROR,2026-07-30T18:37:39.688299
64,13,3,-1,1,ERROR,2026-07-30T18:37:39.716092
64,13,4,-1,1,ERROR,2026-07-30T18:37:39.722523
64,13,5,-1,1,ERROR,2026-07-30T18:37:39.862853
64,13,6,-1,1,ERROR,2026-07-30T18:37:39.815833
64,13,7,-1,1,ERROR,2026-07-30T18:37:39.816104
64,13,8,-1,1,ERROR,2026-07-30T18:37:40.009499
64,13,9,-1,1,ERROR,2026-07-30T18:37:40.010684
64,13,10,-1,1,ERROR,2026-07-30T18:37:40.154750
64,14,1,-1,1,ERROR,2026-07-30T18:37:40.186641
64,14,2,-1,1,ERROR,2026-07-30T18:37:40.188908
64,14,3,-1,1,ERROR,2026-07-30T18:37:40.378361
64,14,4,-1,1,ERROR,2026-07-30T18:37:40.385032
64,14,5,-1,1,ERROR,2026-07-30T18:37:40.332675
64,14,6,-1,1,ERROR,2026-07-30T18:37:40.573562
64,14,7,-1,1,ERROR,2026-07-30T18:37:40.584599
64,14,8,-1,1,ERROR,2026-07-30T18:37:40.517450
64,14,9,-1,1,ERROR,2026-07-30T18:37:40.755535
64,14,10,-1,1,ERROR,2026-07-30T18:37:40.752795
64,15,1,-1,1,ERROR,2026-07-30T18:37:40.901096
64,15,2,-1,1,ERROR,2026-07-30T18:37:40.847618
64,15,3,-1,1,ERROR,2026-07-30T18:37:40.850114
64,15,4,-1,1,ERROR,2026-07-30T18:37:41.087980
64,15,5,-1,1,ERROR,2026-07-30T18:37:41.044051
64,15,6,-1,1,ERROR,2026-07-30T18:37:41.050443
64,15,7,-1,1,ERROR,2026-07-30T18:37:41.213517
64,15,8,-1,1,ERROR,2026-07-30T18:37:41.225859
64,15,9,-1,1,ERROR,2026-07-30T18:37:41.208928
64,15,10,-1,1,ERROR,2026-07-30T18:37:41.215027
64,16,1,-1,1,ERROR,2026-07-30T18:37:41.374842
64,16,2,-1,1,ERROR,2026-07-30T18:37:41.610786
64,16,3,-1,1,ERROR,2026-07-30T18:37:41.608901
64,16,4,-1,1,ERROR,2026-07-30T18:37:41.558778
64,16,5,-1,1,ERROR,2026-07-30T18:37:41.782173
64,16,6,-1,1,ERROR,2026-07-30T18:37:41.782154
64,16,7,-1,1,ERROR,2026-07-30T18:37:41.782120
64,16,8,-1,1,ERROR,2026-07-30T18:37:41.793966
64,16,9,-1,1,ERROR,2026-07-30T18:37:41.944175
64,16,10,-1,1,ERROR,2026-07-30T18:37:42.129290
64,17,1,-1,1,ERROR,2026-07-30T18:37:42.077634
64,17,2,-1,1,ERROR,2026-07-30T18:37:42.080148
64,17,3,-1,1,ERROR,2026-07-30T18:37:42.249527
64,17,4,-1,1,ERROR,2026-07-30T18:37:42.247557
64,17,5,-1,1,ERROR,2026-07-30T18:37:42.248785
64,17,6,-1,1,ERROR,2026-07-30T18:37:42.263250
64,17,7,-1,1,ERROR,2026-07-30T18:37:42.518471
64,17,8,-1,1,ERROR,2026-07-30T18:37:42.446978
64,17,9,-1,1,ERROR,2026-07-30T18:37:42.652814
64,17,10,-1,1,ERROR,2026-07-30T18:37:42.692427
64,18,1,-1,1,ERROR,2026-07-30T18:37:42.615154
64,18,2,-1,1,ERROR,2026-07-30T18:37:42.618374
64,18,3,-1,1,ERROR,2026-07-30T18:37:42.621601
64,18,4,-1,1,ERROR,2026-07-30T18:37:42.826365
64,18,5,-1,1,ERROR,2026-07-30T18:37:42.808766
64,18,6,-1,1,ERROR,2026-07-30T18:37:42.987275
64,18,7,-1,1,ERROR,2026-07-30T18:37:43.076121
64,18,8,-1,1,ERROR,2026-07-30T18:37:42.987253
64,18,9,-1,1,ERROR,2026-07-30T18:37:42.986976
64,18,10,-1,1,ERROR,2026-07-30T18:37:43.221192
64,19,1,-1,1,ERROR,2026-07-30T18:37:43.260947
64,19,2,-1,1,ERROR,2026-07-30T18:37:43.178381
64,19,3,-1,1,ERROR,2026-07-30T18:37:43.394790
64,19,4,-1,1,ERROR,2026-07-30T18:37:43.352635
64,19,5,-1,1,ERROR,2026-07-30T18:37:43.354061
64,19,6,-1,1,ERROR,2026-07-30T18:37:43.448610
64,19,7,-1,1,ERROR,2026-07-30T18:37:43.548661
64,19,8,-1,1,ERROR,2026-07-30T18:37:43.541455
64,19,9,-1,1,ERROR,2026-07-30T18:37:43.894412
64,19,10,-1,1,ERROR,2026-07-30T18:37:43.923883
64,20,1,-1,1,ERROR,2026-07-30T18:37:43.917937
64,20,2,-1,1,ERROR,2026-07-30T18:37:43.918248
64,20,3,-1,1,ERROR,2026-07-30T18:37:44.062308
64,20,4,-1,1,ERROR,2026-07-30T18:37:44.130806
64,20,5,-1,1,ERROR,2026-07-30T18:37:44.109844
64,20,6,-1,1,ERROR,2026-07-30T18:37:44.114237
64,20,7,-1,1,ERROR,2026-07-30T18:37:44.256244
64,20,8,-1,1,ERROR,2026-07-30T18:37:44.482558
64,20,9,-1,1,ERROR,2026-07-30T18:37:44.482530
64,20,10,-1,1,ERROR,2026-07-30T18:37:44.494184
64,21,1,-1,1,ERROR,2026-07-30T18:37:44.627932
64,21,2,-1,1,ERROR,2026-07-30T18:37:44.677563
64,21,3,-1,1,ERROR,2026-07-30T18:37:44.579882
64,21,4,-1,1,ERROR,2026-07-30T18:37:44.595254
64,21,5,-1,1,ERROR,2026-07-30T18:37:44.829471
64,21,6,-1,1,ERROR,2026-07-30T18:37:44.949185
64,21,7,-1,1,ERROR,2026-07-30T18:37:44.949134
64,21,8,-1,1,ERROR,2026-07-30T18:37:44.965581
64,21,9,-1,1,ERROR,2026-07-30T18:37:45.150085
64,21,10,-1,1,ERROR,2026-07-30T18:37:45.161680
64,22,1,-1,1,ERROR,2026-07-30T18:37:45.200148
64,22,2,-1,1,ERROR,2026-07-30T18:37:45.140480
64,22,3,-1,1,ERROR,2026-07-30T18:37:45.300730
64,22,4,-1,1,ERROR,2026-07-30T18:37:45.514323
64,22,5,-1,1,ERROR,2026-07-30T18:37:45.519673
64,22,6,-1,1,ERROR,2026-07-30T18:37:45.533035
64,22,7,-1,1,ERROR,2026-07-30T18:37:45.716059
64,22,8,-1,1,ERROR,2026-07-30T18:37:45.731053
64,22,9,-1,1,ERROR,2026-07-30T18:37:45.731022
64,22,10,-1,1,ERROR,2026-07-30T18:37:45.675374
64,23,1,-1,1,ERROR,2026-07-30T18:37:45.880986
64,23,2,-1,1,ERROR,2026-07-30T18:37:45.984635
64,23,3,-1,1,ERROR,2026-07-30T18:37:45.988005
64,23,4,-1,1,ERROR,2026-07-30T18:37:45.996760
64,23,5,-1,1,ERROR,2026-07-30T18:37:46.244973
64,23,6,-1,1,ERROR,2026-07-30T18:37:46.185904
64,23,7,-1,1,ERROR,2026-07-30T18:37:46.197037
64,23,8,-1,1,ERROR,2026-07-30T18:37:46.197008
64,23,9,-1,1,ERROR,2026-07-30T18:37:46.449305
64,23,10,-1,1,ERROR,2026-07-30T18:37:46.449339
64,24,1,-1,1,ERROR,2026-07-30T18:37:46.350315
64,24,2,-1,1,ERROR,2026-07-30T18:37:46.363479
64,24,3,-1,1,ERROR,2026-07-30T18:37:46.554225
64,24,4,-1,1,ERROR,2026-07-30T18:37:46.766075
64,24,5,-1,1,ERROR,2026-07-30T18:37:46.766112
64,24,6,-1,1,ERROR,2026-07-30T18:37:46.714014
64,24,7,-1,1,ERROR,2026-07-30T18:37:46.715415
64,24,8,-1,1,ERROR,2026-07-30T18:37:46.932338
64,24,9,-1,1,ERROR,2026-07-30T18:37:46.917780
64,24,10,-1,1,ERROR,2026-07-30T18:37:46.916406
64,25,1,-1,1,ERROR,2026-07-30T18:37:47.123376
64,25,2,-1,1,ERROR,2026-07-30T18:37:47.087437
64,25,3,-1,1,ERROR,2026-07-30T18:37:47.087467
64,25,4,-1,1,ERROR,2026-07-30T18:37:47.335848
64,25,5,-1,1,ERROR,2026-07-30T18:37:47.336091
64,25,6,-1,1,ERROR,2026-07-30T18:37:47.282926
64,25,7,-1,1,ERROR,2026-07-30T18:37:47.487650
64,25,8,-1,1,ERROR,2026-07-30T18:37:47.504471
64,25,9,-1,1,ERROR,2026-07-30T18:37:47.455541
64,25,10,-1,1,ERROR,2026-07-30T18:37:47.455567
64,26,1,-1,1,ERROR,2026-07-30T18:37:47.689974
64,26,2,-1,1,ERROR,2026-07-30T18:37:47.850467
64,26,3,-1,1,ERROR,2026-07-30T18:37:47.803195
64,26,4,-1,1,ERROR,2026-07-30T18:37:47.807990
64,26,5,-1,1,ERROR,2026-07-30T18:37:48.028573
64,26,6,-1,1,ERROR,2026-07-30T18:37:48.028548
64,26,7,-1,1,ERROR,2026-07-30T18:37:48.056778
64,26,8,-1,1,ERROR,2026-07-30T18:37:48.069833
64,26,9,-1,1,ERROR,2026-07-30T18:37:48.259846
64,26,10,-1,1,ERROR,2026-07-30T18:37:48.170236
64,27,1,-1,1,ERROR,2026-07-30T18:37:48.176652
64,27,2,-1,1,ERROR,2026-07-30T18:37:48.414192
64,27,3,-1,1,ERROR,2026-07-30T18:37:48.598413
64,27,4,-1,1,ERROR,2026-07-30T18:37:48.599544
64,27,5,-1,1,ERROR,2026-07-30T18:37:48.528588
64,27,6,-1,1,ERROR,2026-07-30T18:37:48.535998
64,27,7,-1,1,ERROR,2026-07-30T18:37:48.738405
64,27,8,-1,1,ERROR,2026-07-30T18:37:48.754447
64,27,9,-1,1,ERROR,2026-07-30T18:37:48.729008
64,27,10,-1,1,ERROR,2026-07-30T18:37:48.881461
64,28,1,-1,1,ERROR,2026-07-30T18:37:48.895431
64,28,2,-1,1,ERROR,2026-07-30T18:37:48.901157
64,28,3,-1,1,ERROR,2026-07-30T18:37:49.066255
64,28,4,-1,1,ERROR,2026-07-30T18:37:49.066302
64,28,5,-1,1,ERROR,2026-07-30T18:37:49.303672
64,28,6,-1,1,ERROR,2026-07-30T18:37:49.315506
64,28,7,-1,1,ERROR,2026-07-30T18:37:49.322601
64,28,8,-1,1,ERROR,2026-07-30T18:37:49.456139
64,28,9,-1,1,ERROR,2026-07-30T18:37:49.464954
64,28,10,-1,1,ERROR,2026-07-30T18:37:49.466418
64,29,1,-1,1,ERROR,2026-07-30T18:37:49.644512
64,29,2,-1,1,ERROR,2026-07-30T18:37:49.644482
64,29,3,-1,1,ERROR,2026-07-30T18:37:49.772360
64,29,4,-1,1,ERROR,2026-07-30T18:37:49.781553
64,29,5,-1,1,ERROR,2026-07-30T18:37:49.786980
64,29,6,-1,1,ERROR,2026-07-30T18:37:50.026757
64,29,7,-1,1,ERROR,2026-07-30T18:37:50.031226
64,29,8,-1,1,ERROR,2026-07-30T18:37:50.031251
64,29,9,-1,1,ERROR,2026-07-30T18:37:50.108410
64,29,10,-1,1,ERROR,2026-07-30T18:37:50.109687
64,30,1,-1,1,ERROR,2026-07-30T18:37:50.339403
64,30,2,-1,1,ERROR,2026-07-30T18:37:50.348362
64,30,3,-1,1,ERROR,2026-07-30T18:37:50.351897
64,30,4,-1,1,ERROR,2026-07-30T18:37:50.496209
64,30,5,-1,1,ERROR,2026-07-30T18:37:50.503090
64,30,6,-1,1,ERROR,2026-07-30T18:37:50.506530
64,30,7,-1,1,ERROR,2026-07-30T18:37:50.578317
64,30,8,-1,1,ERROR,2026-07-30T18:37:50.578354
64,30,9,-1,1,ERROR,2026-07-30T18:37:50.708068
64,30,10,-1,1,ERROR,2026-07-30T18:37:50.920417
65,1,1,-1,1,ERROR,2026-07-30T18:37:50.920383
65,1,2,-1,1,ERROR,2026-07-30T18:37:50.866820
65,1,3,-1,1,ERROR,2026-07-30T18:37:50.869918
65,1,4,-1,1,ERROR,2026-07-30T18:37:50.871390
65,1,5,-1,1,ERROR,2026-07-30T18:37:51.046265
65,1,6,-1,1,ERROR,2026-07-30T18:37:51.046295
65,1,7,-1,1,ERROR,2026-07-30T18:37:51.277964
65,1,8,-1,1,ERROR,2026-07-30T18:37:51.236355
65,1,9,-1,1,ERROR,2026-07-30T18:37:51.234602
65,1,10,-1,1,ERROR,2026-07-30T18:37:51.440912
65,2,1,-1,1,ERROR,2026-07-30T18:37:51.490093
65,2,2,-1,1,ERROR,2026-07-30T18:37:51.490057
65,2,3,-1,1,ERROR,2026-07-30T18:37:51.415917
65,2,4,-1,1,ERROR,2026-07-30T18:37:51.511661
65,2,5,-1,1,ERROR,2026-07-30T18:37:51.604101
65,2,6,-1,1,ERROR,2026-07-30T18:37:51.605496
65,2,7,-1,1,ERROR,2026-07-30T18:37:51.843577
65,2,8,-1,1,ERROR,2026-07-30T18:37:51.783772
65,2,9,-1,1,ERROR,2026-07-30T18:37:52.010710
65,2,10,-1,1,ERROR,2026-07-30T18:37:51.962099
65,3,1,-1,1,ERROR,2026-07-30T18:37:51.961045
65,3,2,-1,1,ERROR,2026-07-30T18:37:51.976764
65,3,3,-1,1,ERROR,2026-07-30T18:37:52.173691
65,3,4,-1,1,ERROR,2026-07-30T18:37:52.174185
65,3,5,-1,1,ERROR,2026-07-30T18:37:52.353549
65,3,6,-1,1,ERROR,2026-07-30T18:37:52.315025
65,3,7,-1,1,ERROR,2026-07-30T18:37:52.523832
65,3,8,-1,1,ERROR,2026-07-30T18:37:52.529321
65,3,9,-1,1,ERROR,2026-07-30T18:37:52.545661
65,3,10,-1,1,ERROR,2026-07-30T18:37:52.479844
65,4,1,-1,1,ERROR,2026-07-30T18:37:52.642709
65,4,2,-1,1,ERROR,2026-07-30T18:37:52.643837
65,4,3,-1,1,ERROR,2026-07-30T18:37:52.882842
65,4,4,-1,1,ERROR,2026-07-30T18:37:52.820075
65,4,5,-1,1,ERROR,2026-07-30T18:37:53.051510
65,4,6,-1,1,ERROR,2026-07-30T18:37:52.989038
65,4,7,-1,1,ERROR,2026-07-30T18:37:52.994895
65,4,8,-1,1,ERROR,2026-07-30T18:37:53.011727
65,4,9,-1,1,ERROR,2026-07-30T18:37:53.210805
65,4,10,-1,1,ERROR,2026-07-30T18:37:53.212020
65,5,1,-1,1,ERROR,2026-07-30T18:37:53.188646
65,5,2,-1,1,ERROR,2026-07-30T18:37:53.449865
65,5,3,-1,1,ERROR,2026-07-30T18:37:53.460547
65,5,4,-1,1,ERROR,2026-07-30T18:37:53.361520
65,5,5,-1,1,ERROR,2026-07-30T18:37:53.372013
65,5,6,-1,1,ERROR,2026-07-30T18:37:53.623232
65,5,7,-1,1,ERROR,2026-07-30T18:37:53.552431
65,5,8,-1,1,ERROR,2026-07-30T18:37:53.781034
65,5,9,-1,1,ERROR,2026-07-30T18:37:53.781122
65,5,10,-1,1,ERROR,2026-07-30T18:37:53.728535
65,6,1,-1,1,ERROR,2026-07-30T18:37:53.939754
65,6,2,-1,1,ERROR,2026-07-30T18:37:53.916940
65,6,3,-1,1,ERROR,2026-07-30T18:37:53.933516
65,6,4,-1,1,ERROR,2026-07-30T18:37:54.118416
65,6,5,-1,1,ERROR,2026-07-30T18:37:54.092340
65,6,6,-1,1,ERROR,2026-07-30T18:37:54.299326
65,6,7,-1,1,ERROR,2026-07-30T18:37:54.250163
65,6,8,-1,1,ERROR,2026-07-30T18:37:54.250200
65,6,9,-1,1,ERROR,2026-07-30T18:37:54.484350
65,6,10,-1,1,ERROR,2026-07-30T18:37:54.501363
65,7,1,-1,1,ERROR,2026-07-30T18:37:54.502942
65,7,2,-1,1,ERROR,2026-07-30T18:37:54.662668
65,7,3,-1,1,ERROR,2026-07-30T18:37:54.583515
65,7,4,-1,1,ERROR,2026-07-30T18:37:54.816805
65,7,5,-1,1,ERROR,2026-07-30T18:37:54.816776
65,7,6,-1,1,ERROR,2026-07-30T18:37:54.770728
65,7,7,-1,1,ERROR,2026-07-30T18:37:54.956134
65,7,8,-1,1,ERROR,2026-07-30T18:37:54.968038
65,7,9,-1,1,ERROR,2026-07-30T18:37:54.969127
65,7,10,-1,1,ERROR,2026-07-30T18:37:55.150923
65,8,1,-1,1,ERROR,2026-07-30T18:37:55.122476
65,8,2,-1,1,ERROR,2026-07-30T18:37:55.339081
65,8,3,-1,1,ERROR,2026-07-30T18:37:55.284906
65,8,4,-1,1,ERROR,2026-07-30T18:37:55.284872
65,8,5,-1,1,ERROR,2026-07-30T18:37:55.439607
65,8,6,-1,1,ERROR,2026-07-30T18:37:55.437014
65,8,7,-1,1,ERROR,2026-07-30T18:37:55.439214
65,8,8,-1,1,ERROR,2026-07-30T18:37:55.702730
65,8,9,-1,1,ERROR,2026-07-30T18:37:55.617686
65,8,10,-1,1,ERROR,2026-07-30T18:37:55.846861
65,9,1,-1,1,ERROR,2026-07-30T18:37:55.851976
65,9,2,-1,1,ERROR,2026-07-30T18:37:55.806337
65,9,3,-1,1,ERROR,2026-07-30T18:37:55.802393
65,9,4,-1,1,ERROR,2026-07-30T18:37:56.007270
65,9,5,-1,1,ERROR,2026-07-30T18:37:55.804583
65,9,6,-1,1,ERROR,2026-07-30T18:37:55.984142
65,9,7,-1,1,ERROR,2026-07-30T18:37:56.168350
65,9,8,-1,1,ERROR,2026-07-30T18:37:56.369994
65,9,9,-1,1,ERROR,2026-07-30T18:37:56.370021
65,9,10,-1,1,ERROR,2026-07-30T18:37:56.370043
65,10,1,-1,1,ERROR,2026-07-30T18:37:56.411165
65,10,2,-1,1,ERROR,2026-07-30T18:37:56.314692
65,10,3,-1,1,ERROR,2026-07-30T18:37:56.552689
65,10,4,-1,1,ERROR,2026-07-30T18:37:56.573070
65,10,5,-1,1,ERROR,2026-07-30T18:37:56.736394
65,10,6,-1,1,ERROR,2026-07-30T18:37:56.681149
65,10,7,-1,1,ERROR,2026-07-30T18:37:56.835862
65,10,8,-1,1,ERROR,2026-07-30T18:37:56.832935
65,10,9,-1,1,ERROR,2026-07-30T18:37:56.835750
65,10,10,-1,1,ERROR,2026-07-30T18:37:56.877123
65,11,1,-1,1,ERROR,2026-07-30T18:37:57.023094
65,11,2,-1,1,ERROR,2026-07-30T18:37:57.041789
65,11,3,-1,1,ERROR,2026-07-30T18:37:57.249575
65,11,4,-1,1,ERROR,2026-07-30T18:37:57.213029
65,11,5,-1,1,ERROR,2026-07-30T18:37:57.295073
65,11,6,-1,1,ERROR,2026-07-30T18:37:57.299884
65,11,7,-1,1,ERROR,2026-07-30T18:37:57.299635
65,11,8,-1,1,ERROR,2026-07-30T18:37:57.441273
65,11,9,-1,1,ERROR,2026-07-30T18:37:57.393066
65,11,10,-1,1,ERROR,2026-07-30T18:37:57.618280
65,12,1,-1,1,ERROR,2026-07-30T18:37:57.783369
65,12,2,-1,1,ERROR,2026-07-30T18:37:57.819745
65,12,3,-1,1,ERROR,2026-07-30T18:37:57.771470
65,12,4,-1,1,ERROR,2026-07-30T18:37:57.766952
65,12,5,-1,1,ERROR,2026-07-30T18:37:57.768016
65,12,6,-1,1,ERROR,2026-07-30T18:37:57.959929
65,12,7,-1,1,ERROR,2026-07-30T18:37:57.905623
65,12,8,-1,1,ERROR,2026-07-30T18:37:58.083888
65,12,9,-1,1,ERROR,2026-07-30T18:37:58.330706
65,12,10,-1,1,ERROR,2026-07-30T18:37:58.327454
65,13,1,-1,1,ERROR,2026-07-30T18:37:58.340198
65,13,2,-1,1,ERROR,2026-07-30T18:37:58.350507
65,13,3,-1,1,ERROR,2026-07-30T18:37:58.286029
65,13,4,-1,1,ERROR,2026-07-30T18:37:58.470783
65,13,5,-1,1,ERROR,2026-07-30T18:37:58.529659
65,13,6,-1,1,ERROR,2026-07-30T18:37:58.451162
65,13,7,-1,1,ERROR,2026-07-30T18:37:58.654014
65,13,8,-1,1,ERROR,2026-07-30T18:37:58.894187
65,13,9,-1,1,ERROR,2026-07-30T18:37:58.895961
65,13,10,-1,1,ERROR,2026-07-30T18:37:58.906560
65,14,1,-1,1,ERROR,2026-07-30T18:37:58.918041
65,14,2,-1,1,ERROR,2026-07-30T18:37:58.918116
65,14,3,-1,1,ERROR,2026-07-30T18:37:59.040094
65,14,4,-1,1,ERROR,2026-07-30T18:37:58.997262
65,14,5,-1,1,ERROR,2026-07-30T18:37:59.225987
65,14,6,-1,1,ERROR,2026-07-30T18:37:59.365363
65,14,7,-1,1,ERROR,2026-07-30T18:37:59.362273
65,14,8,-1,1,ERROR,2026-07-30T18:37:59.374874
65,14,9,-1,1,ERROR,2026-07-30T18:37:59.386535
65,14,10,-1,1,ERROR,2026-07-30T18:37:59.386561
65,15,1,-1,1,ERROR,2026-07-30T18:37:59.564458
65,15,2,-1,1,ERROR,2026-07-30T18:37:59.610760
65,15,3,-1,1,ERROR,2026-07-30T18:37:59.698953
65,15,4,-1,1,ERROR,2026-07-30T18:37:59.930555
65,15,5,-1,1,ERROR,2026-07-30T18:37:59.930590
65,15,6,-1,1,ERROR,2026-07-30T18:37:59.938457
65,15,7,-1,1,ERROR,2026-07-30T18:37:59.955493
65,15,8,-1,1,ERROR,2026-07-30T18:37:59.955526
65,15,9,-1,1,ERROR,2026-07-30T18:38:00.130574
65,15,10,-1,1,ERROR,2026-07-30T18:38:00.081063
65,16,1,-1,1,ERROR,2026-07-30T18:38:00.063049
65,16,2,-1,1,ERROR,2026-07-30T18:38:00.296607
65,16,3,-1,1,ERROR,2026-07-30T18:38:00.500665
65,16,4,-1,1,ERROR,2026-07-30T18:38:00.500698
65,16,5,-1,1,ERROR,2026-07-30T18:38:00.518732
65,16,6,-1,1,ERROR,2026-07-30T18:38:00.528681
65,16,7,-1,1,ERROR,2026-07-30T18:38:00.529850
65,16,8,-1,1,ERROR,2026-07-30T18:38:00.552956
65,16,9,-1,1,ERROR,2026-07-30T18:38:00.702451
65,16,10,-1,1,ERROR,2026-07-30T18:38:00.874525
65,17,1,-1,1,ERROR,2026-07-30T18:38:00.974992
65,17,2,-1,1,ERROR,2026-07-30T18:38:00.975022
65,17,3,-1,1,ERROR,2026-07-30T18:38:00.991300
65,17,4,-1,1,ERROR,2026-07-30T18:38:00.993672
65,17,5,-1,1,ERROR,2026-07-30T18:38:00.991761
65,17,6,-1,1,ERROR,2026-07-30T18:38:01.021291
65,17,7,-1,1,ERROR,2026-07-30T18:38:01.169049
65,17,8,-1,1,ERROR,2026-07-30T18:38:01.338477
65,17,9,-1,1,ERROR,2026-07-30T18:38:01.336549
65,17,10,-1,1,ERROR,2026-07-30T18:38:01.543825
65,18,1,-1,1,ERROR,2026-07-30T18:38:01.557025
65,18,2,-1,1,ERROR,2026-07-30T18:38:01.557045
65,18,3,-1,1,ERROR,2026-07-30T18:38:01.560752
65,18,4,-1,1,ERROR,2026-07-30T18:38:01.585493
65,18,5,-1,1,ERROR,2026-07-30T18:38:01.731302
65,18,6,-1,1,ERROR,2026-07-30T18:38:01.907796
65,18,7,-1,1,ERROR,2026-07-30T18:38:01.904765
65,18,8,-1,1,ERROR,2026-07-30T18:38:02.109869
65,18,9,-1,1,ERROR,2026-07-30T18:38:02.029516
65,18,10,-1,1,ERROR,2026-07-30T18:38:02.121420
65,19,1,-1,1,ERROR,2026-07-30T18:38:02.032325
65,19,2,-1,1,ERROR,2026-07-30T18:38:02.054545
65,19,3,-1,1,ERROR,2026-07-30T18:38:02.199346
65,19,4,-1,1,ERROR,2026-07-30T18:38:02.372315
65,19,5,-1,1,ERROR,2026-07-30T18:38:02.380029
65,19,6,-1,1,ERROR,2026-07-30T18:38:02.590364
65,19,7,-1,1,ERROR,2026-07-30T18:38:02.602848
65,19,8,-1,1,ERROR,2026-07-30T18:38:02.624419
65,19,9,-1,1,ERROR,2026-07-30T18:38:02.573853
65,19,10,-1,1,ERROR,2026-07-30T18:38:02.591823
65,20,1,-1,1,ERROR,2026-07-30T18:38:02.769544
65,20,2,-1,1,ERROR,2026-07-30T18:38:02.736934
65,20,3,-1,1,ERROR,2026-07-30T18:38:02.745135
65,20,4,-1,1,ERROR,2026-07-30T18:38:03.236558
65,20,5,-1,1,ERROR,2026-07-30T18:38:03.460752
65,20,6,-1,1,ERROR,2026-07-30T18:38:03.461970
65,20,7,-1,1,ERROR,2026-07-30T18:38:03.476691
65,20,8,-1,1,ERROR,2026-07-30T18:38:03.490742
65,20,9,-1,1,ERROR,2026-07-30T18:38:03.413381
65,20,10,-1,1,ERROR,2026-07-30T18:38:03.419729
65,21,1,-1,1,ERROR,2026-07-30T18:38:03.437254
65,21,2,-1,1,ERROR,2026-07-30T18:38:03.608439
65,21,3,-1,1,ERROR,2026-07-30T18:38:03.781418
65,21,4,-1,1,ERROR,2026-07-30T18:38:03.988770
65,21,5,-1,1,ERROR,2026-07-30T18:38:04.005932
65,21,6,-1,1,ERROR,2026-07-30T18:38:04.035118
65,21,7,-1,1,ERROR,2026-07-30T18:38:04.036457
65,21,8,-1,1,ERROR,2026-07-30T18:38:04.045837
65,21,9,-1,1,ERROR,2026-07-30T18:38:03.962976
65,21,10,-1,1,ERROR,2026-07-30T18:38:04.177759
65,22,1,-1,1,ERROR,2026-07-30T18:38:04.145862
65,22,2,-1,1,ERROR,2026-07-30T18:38:04.329609
65,22,3,-1,1,ERROR,2026-07-30T18:38:04.553640
65,22,4,-1,1,ERROR,2026-07-30T18:38:04.572742
65,22,5,-1,1,ERROR,2026-07-30T18:38:04.501724
65,22,6,-1,1,ERROR,2026-07-30T18:38:04.504197
65,22,7,-1,1,ERROR,2026-07-30T18:38:04.513759
65,22,8,-1,1,ERROR,2026-07-30T18:38:04.715939
65,22,9,-1,1,ERROR,2026-07-30T18:38:04.668807
65,22,10,-1,1,ERROR,2026-07-30T18:38:04.899796
65,23,1,-1,1,ERROR,2026-07-30T18:38:05.069388
65,23,2,-1,1,ERROR,2026-07-30T18:38:05.072018
65,23,3,-1,1,ERROR,2026-07-30T18:38:05.079667
65,23,4,-1,1,ERROR,2026-07-30T18:38:05.022092
65,23,5,-1,1,ERROR,2026-07-30T18:38:05.040013
65,23,6,-1,1,ERROR,2026-07-30T18:38:05.239280
65,23,7,-1,1,ERROR,2026-07-30T18:38:05.191171
65,23,8,-1,1,ERROR,2026-07-30T18:38:05.369017
65,23,9,-1,1,ERROR,2026-07-30T18:38:05.598215
65,23,10,-1,1,ERROR,2026-07-30T18:38:05.612818
65,24,1,-1,1,ERROR,2026-07-30T18:38:05.653580
65,24,2,-1,1,ERROR,2026-07-30T18:38:05.637973
65,24,3,-1,1,ERROR,2026-07-30T18:38:05.653604
65,24,4,-1,1,ERROR,2026-07-30T18:38:05.655172
65,24,5,-1,1,ERROR,2026-07-30T18:38:05.813397
65,24,6,-1,1,ERROR,2026-07-30T18:38:05.738446
65,24,7,-1,1,ERROR,2026-07-30T18:38:05.963586
65,24,8,-1,1,ERROR,2026-07-30T18:38:06.182033
65,24,9,-1,1,ERROR,2026-07-30T18:38:06.215462
65,24,10,-1,1,ERROR,2026-07-30T18:38:06.222456
65,25,1,-1,1,ERROR,2026-07-30T18:38:06.219623
65,25,2,-1,1,ERROR,2026-07-30T18:38:06.127442
65,25,3,-1,1,ERROR,2026-07-30T18:38:06.203889
65,25,4,-1,1,ERROR,2026-07-30T18:38:06.381474
65,25,5,-1,1,ERROR,2026-07-30T18:38:06.542241
65,25,6,-1,1,ERROR,2026-07-30T18:38:06.699170
65,25,7,-1,1,ERROR,2026-07-30T18:38:06.658073
65,25,8,-1,1,ERROR,2026-07-30T18:38:06.675519
65,25,9,-1,1,ERROR,2026-07-30T18:38:06.686272
65,25,10,-1,1,ERROR,2026-07-30T18:38:06.686096
65,26,1,-1,1,ERROR,2026-07-30T18:38:06.694912
65,26,2,-1,1,ERROR,2026-07-30T18:38:06.854870
65,26,3,-1,1,ERROR,2026-07-30T18:38:07.006621
65,26,4,-1,1,ERROR,2026-07-30T18:38:07.239203
65,26,5,-1,1,ERROR,2026-07-30T18:38:07.242764
65,26,6,-1,1,ERROR,2026-07-30T18:38:07.258448
65,26,7,-1,1,ERROR,2026-07-30T18:38:07.258419
65,26,8,-1,1,ERROR,2026-07-30T18:38:07.282539
65,26,9,-1,1,ERROR,2026-07-30T18:38:07.291265
65,26,10,-1,1,ERROR,2026-07-30T18:38:07.424553
65,27,1,-1,1,ERROR,2026-07-30T18:38:07.472955
65,27,2,-1,1,ERROR,2026-07-30T18:38:07.608156
65,27,3,-1,1,ERROR,2026-07-30T18:38:07.809544
65,27,4,-1,1,ERROR,2026-07-30T18:38:07.830917
65,27,5,-1,1,ERROR,2026-07-30T18:38:07.830892
65,27,6,-1,1,ERROR,2026-07-30T18:38:07.856207
65,27,7,-1,1,ERROR,2026-07-30T18:38:07.767908
65,27,8,-1,1,ERROR,2026-07-30T18:38:08.000491
65,27,9,-1,1,ERROR,2026-07-30T18:38:08.039324
65,27,10,-1,1,ERROR,2026-07-30T18:38:08.176888
65,28,1,-1,1,ERROR,2026-07-30T18:38:08.139476
65,28,2,-1,1,ERROR,2026-07-30T18:38:08.371966
65,28,3,-1,1,ERROR,2026-07-30T18:38:08.401243
65,28,4,-1,1,ERROR,2026-07-30T18:38:08.401211
65,28,5,-1,1,ERROR,2026-07-30T18:38:08.327358
65,28,6,-1,1,ERROR,2026-07-30T18:38:08.569280
65,28,7,-1,1,ERROR,2026-07-30T18:38:08.510026
65,28,8,-1,1,ERROR,2026-07-30T18:38:08.711256
65,28,9,-1,1,ERROR,2026-07-30T18:38:08.740284
65,28,10,-1,1,ERROR,2026-07-30T18:38:08.896467
65,29,1,-1,1,ERROR,2026-07-30T18:38:08.938010
65,29,2,-1,1,ERROR,2026-07-30T18:38:08.974572
65,29,3,-1,1,ERROR,2026-07-30T18:38:08.974537
65,29,4,-1,1,ERROR,2026-07-30T18:38:09.088479
65,29,5,-1,1,ERROR,2026-07-30T18:38:09.151782
65,29,6,-1,1,ERROR,2026-07-30T18:38:09.291119
65,29,7,-1,1,ERROR,2026-07-30T18:38:09.322840
65,29,8,-1,1,ERROR,2026-07-30T18:38:09.468551
65,29,9,-1,1,ERROR,2026-07-30T18:38:09.509011
65,29,10,-1,1,ERROR,2026-07-30T18:38:09.444494
65,30,1,-1,1,ERROR,2026-07-30T18:38:09.443173
65,30,2,-1,1,ERROR,2026-07-30T18:38:09.660399
65,30,3,-1,1,ERROR,2026-07-30T18:38:09.625524
65,30,4,-1,1,ERROR,2026-07-30T18:38:09.856023
65,30,5,-1,1,ERROR,2026-07-30T18:38:09.795770
65,30,6,-1,1,ERROR,2026-07-30T18:38:10.015726
65,30,7,-1,1,ERROR,2026-07-30T18:38:10.016357
65,30,8,-1,1,ERROR,2026-07-30T18:38:10.039875
65,30,9,-1,1,ERROR,2026-07-30T18:38:09.979060
65,30,10,-1,1,ERROR,2026-07-30T18:38:10.205618
66,1,1,-1,1,ERROR,2026-07-30T18:38:10.142569
66,1,2,-1,1,ERROR,2026-07-30T18:38:10.363011
66,1,3,-1,1,ERROR,2026-07-30T18:38:10.327388
66,1,4,-1,1,ERROR,2026-07-30T18:38:10.549401
66,1,5,-1,1,ERROR,2026-07-30T18:38:10.588811
66,1,6,-1,1,ERROR,2026-07-30T18:38:10.588842
66,1,7,-1,1,ERROR,2026-07-30T18:38:10.506691
66,1,8,-1,1,ERROR,2026-07-30T18:38:10.513174
66,1,9,-1,1,ERROR,2026-07-30T18:38:10.676671
66,1,10,-1,1,ERROR,2026-07-30T18:38:10.694499
66,2,1,-1,1,ERROR,2026-07-30T18:38:10.933540
66,2,2,-1,1,ERROR,2026-07-30T18:38:11.096617
66,2,3,-1,1,ERROR,2026-07-30T18:38:11.096648
66,2,4,-1,1,ERROR,2026-07-30T18:38:11.047597
66,2,5,-1,1,ERROR,2026-07-30T18:38:11.055522
66,2,6,-1,1,ERROR,2026-07-30T18:38:11.054315
66,2,7,-1,1,ERROR,2026-07-30T18:38:11.249510
66,2,8,-1,1,ERROR,2026-07-30T18:38:11.266508
66,2,9,-1,1,ERROR,2026-07-30T18:38:11.407309
66,2,10,-1,1,ERROR,2026-07-30T18:38:11.614157
66,3,1,-1,1,ERROR,2026-07-30T18:38:11.617996
66,3,2,-1,1,ERROR,2026-07-30T18:38:11.619693
66,3,3,-1,1,ERROR,2026-07-30T18:38:11.563968
66,3,4,-1,1,ERROR,2026-07-30T18:38:11.563936
66,3,5,-1,1,ERROR,2026-07-30T18:38:11.816132
66,3,6,-1,1,ERROR,2026-07-30T18:38:11.734175
66,3,7,-1,1,ERROR,2026-07-30T18:38:11.974323
66,3,8,-1,1,ERROR,2026-07-30T18:38:12.131688
66,3,9,-1,1,ERROR,2026-07-30T18:38:12.132893
66,3,10,-1,1,ERROR,2026-07-30T18:38:12.078021
66,4,1,-1,1,ERROR,2026-07-30T18:38:12.085342
66,4,2,-1,1,ERROR,2026-07-30T18:38:12.085366
66,4,3,-1,1,ERROR,2026-07-30T18:38:12.300149
66,4,4,-1,1,ERROR,2026-07-30T18:38:12.280131
66,4,5,-1,1,ERROR,2026-07-30T18:38:12.441516
66,4,6,-1,1,ERROR,2026-07-30T18:38:12.441487
66,4,7,-1,1,ERROR,2026-07-30T18:38:12.656518
66,4,8,-1,1,ERROR,2026-07-30T18:38:12.656547
66,4,9,-1,1,ERROR,2026-07-30T18:38:12.699941
66,4,10,-1,1,ERROR,2026-07-30T18:38:12.699909
66,5,1,-1,1,ERROR,2026-07-30T18:38:12.858524
66,5,2,-1,1,ERROR,2026-07-30T18:38:12.866290
66,5,3,-1,1,ERROR,2026-07-30T18:38:13.015994
66,5,4,-1,1,ERROR,2026-07-30T18:38:13.016163
66,5,5,-1,1,ERROR,2026-07-30T18:38:13.226652
66,5,6,-1,1,ERROR,2026-07-30T18:38:13.226677
66,5,7,-1,1,ERROR,2026-07-30T18:38:13.167565
66,5,8,-1,1,ERROR,2026-07-30T18:38:13.167589
66,5,9,-1,1,ERROR,2026-07-30T18:38:13.327700
66,5,10,-1,1,ERROR,2026-07-30T18:38:13.331183
66,6,1,-1,1,ERROR,2026-07-30T18:38:13.482229
66,6,2,-1,1,ERROR,2026-07-30T18:38:13.482262
66,6,3,-1,1,ERROR,2026-07-30T18:38:13.734381
66,6,4,-1,1,ERROR,2026-07-30T18:38:13.734409
66,6,5,-1,1,ERROR,2026-07-30T18:38:13.692039
66,6,6,-1,1,ERROR,2026-07-30T18:38:13.695320
66,6,7,-1,1,ERROR,2026-07-30T18:38:13.892139
66,6,8,-1,1,ERROR,2026-07-30T18:38:13.898647
66,6,9,-1,1,ERROR,2026-07-30T18:38:13.851869
66,6,10,-1,1,ERROR,2026-07-30T18:38:13.851947
66,7,1,-1,1,ERROR,2026-07-30T18:38:14.055894
66,7,2,-1,1,ERROR,2026-07-30T18:38:14.264004
66,7,3,-1,1,ERROR,2026-07-30T18:38:14.302575
66,7,4,-1,1,ERROR,2026-07-30T18:38:14.208914
66,7,5,-1,1,ERROR,2026-07-30T18:38:14.220252
66,7,6,-1,1,ERROR,2026-07-30T18:38:14.221606
66,7,7,-1,1,ERROR,2026-07-30T18:38:14.462291
66,7,8,-1,1,ERROR,2026-07-30T18:38:14.462319
66,7,9,-1,1,ERROR,2026-07-30T18:38:14.621791
66,7,10,-1,1,ERROR,2026-07-30T18:38:14.574208
66,8,1,-1,1,ERROR,2026-07-30T18:38:14.792184
66,8,2,-1,1,ERROR,2026-07-30T18:38:14.787175
66,8,3,-1,1,ERROR,2026-07-30T18:38:14.831345
66,8,4,-1,1,ERROR,2026-07-30T18:38:14.768308
66,8,5,-1,1,ERROR,2026-07-30T18:38:14.923508
66,8,6,-1,1,ERROR,2026-07-30T18:38:14.932411
66,8,7,-1,1,ERROR,2026-07-30T18:38:15.152235
66,8,8,-1,1,ERROR,2026-07-30T18:38:15.086907
66,8,9,-1,1,ERROR,2026-07-30T18:38:15.340761
66,8,10,-1,1,ERROR,2026-07-30T18:38:15.353858
66,9,1,-1,1,ERROR,2026-07-30T18:38:15.270820
66,9,2,-1,1,ERROR,2026-07-30T18:38:15.305130
66,9,3,-1,1,ERROR,2026-07-30T18:38:15.491494
66,9,4,-1,1,ERROR,2026-07-30T18:38:15.498195
66,9,5,-1,1,ERROR,2026-07-30T18:38:15.457912
66,9,6,-1,1,ERROR,2026-07-30T18:38:15.622235
66,9,7,-1,1,ERROR,2026-07-30T18:38:15.841096
66,9,8,-1,1,ERROR,2026-07-30T18:38:15.874962
66,9,9,-1,1,ERROR,2026-07-30T18:38:15.810232
66,9,10,-1,1,ERROR,2026-07-30T18:38:15.823935
66,10,1,-1,1,ERROR,2026-07-30T18:38:16.025880
66,10,2,-1,1,ERROR,2026-07-30T18:38:16.056896
66,10,3,-1,1,ERROR,2026-07-30T18:38:16.060281
66,10,4,-1,1,ERROR,2026-07-30T18:38:16.193116
66,10,5,-1,1,ERROR,2026-07-30T18:38:16.379697
66,10,6,-1,1,ERROR,2026-07-30T18:38:16.392745
66,10,7,-1,1,ERROR,2026-07-30T18:38:16.405780
66,10,8,-1,1,ERROR,2026-07-30T18:38:16.341019
66,10,9,-1,1,ERROR,2026-07-30T18:38:16.490347
66,10,10,-1,1,ERROR,2026-07-30T18:38:16.524746
66,11,1,-1,1,ERROR,2026-07-30T18:38:16.527345
66,11,2,-1,1,ERROR,2026-07-30T18:38:16.657597
66,11,3,-1,1,ERROR,2026-07-30T18:38:16.911120
66,11,4,-1,1,ERROR,2026-07-30T18:38:16.850055
66,11,5,-1,1,ERROR,2026-07-30T18:38:16.863749
66,11,6,-1,1,ERROR,2026-07-30T18:38:16.893047
66,11,7,-1,1,ERROR,2026-07-30T18:38:17.056492
66,11,8,-1,1,ERROR,2026-07-30T18:38:17.093956
66,11,9,-1,1,ERROR,2026-07-30T18:38:17.094007
66,11,10,-1,1,ERROR,2026-07-30T18:38:17.026829
66,12,1,-1,1,ERROR,2026-07-30T18:38:17.220451
66,12,2,-1,1,ERROR,2026-07-30T18:38:17.430880
66,12,3,-1,1,ERROR,2026-07-30T18:38:17.460451
66,12,4,-1,1,ERROR,2026-07-30T18:38:17.378055
66,12,5,-1,1,ERROR,2026-07-30T18:38:17.594482
66,12,6,-1,1,ERROR,2026-07-30T18:38:17.624463
66,12,7,-1,1,ERROR,2026-07-30T18:38:17.560420
66,12,8,-1,1,ERROR,2026-07-30T18:38:17.560445
66,12,9,-1,1,ERROR,2026-07-30T18:38:17.796507
66,12,10,-1,1,ERROR,2026-07-30T18:38:17.738092
66,13,1,-1,1,ERROR,2026-07-30T18:38:17.897453
66,13,2,-1,1,ERROR,2026-07-30T18:38:17.926552
66,13,3,-1,1,ERROR,2026-07-30T18:38:18.127553
66,13,4,-1,1,ERROR,2026-07-30T18:38:18.136154
66,13,5,-1,1,ERROR,2026-07-30T18:38:18.162441
66,13,6,-1,1,ERROR,2026-07-30T18:38:18.090050
66,13,7,-1,1,ERROR,2026-07-30T18:38:18.306719
66,13,8,-1,1,ERROR,2026-07-30T18:38:18.263003
66,13,9,-1,1,ERROR,2026-07-30T18:38:18.265938
66,13,10,-1,1,ERROR,2026-07-30T18:38:18.496587
66,14,1,-1,1,ERROR,2026-07-30T18:38:18.662898
66,14,2,-1,1,ERROR,2026-07-30T18:38:18.595625
66,14,3,-1,1,ERROR,2026-07-30T18:38:18.600898
66,14,4,-1,1,ERROR,2026-07-30T18:38:18.627091
66,14,5,-1,1,ERROR,2026-07-30T18:38:18.835950
66,14,6,-1,1,ERROR,2026-07-30T18:38:18.835980
66,14,7,-1,1,ERROR,2026-07-30T18:38:18.793704
66,14,8,-1,1,ERROR,2026-07-30T18:38:18.965385
66,14,9,-1,1,ERROR,2026-07-30T18:38:18.960918
66,14,10,-1,1,ERROR,2026-07-30T18:38:18.965338
66,15,1,-1,1,ERROR,2026-07-30T18:38:19.191850
66,15,2,-1,1,ERROR,2026-07-30T18:38:19.129687
66,15,3,-1,1,ERROR,2026-07-30T18:38:19.359122
66,15,4,-1,1,ERROR,2026-07-30T18:38:19.301618
66,15,5,-1,1,ERROR,2026-07-30T18:38:19.301573
66,15,6,-1,1,ERROR,2026-07-30T18:38:19.530396
66,15,7,-1,1,ERROR,2026-07-30T18:38:19.531963
66,15,8,-1,1,ERROR,2026-07-30T18:38:19.530421
66,15,9,-1,1,ERROR,2026-07-30T18:38:19.707805
66,15,10,-1,1,ERROR,2026-07-30T18:38:19.656942
66,16,1,-1,1,ERROR,2026-07-30T18:38:19.877173
66,16,2,-1,1,ERROR,2026-07-30T18:38:19.885641
66,16,3,-1,1,ERROR,2026-07-30T18:38:19.827154
66,16,4,-1,1,ERROR,2026-07-30T18:38:19.997830
66,16,5,-1,1,ERROR,2026-07-30T18:38:19.994306
66,16,6,-1,1,ERROR,2026-07-30T18:38:19.999959
66,16,7,-1,1,ERROR,2026-07-30T18:38:20.227935
66,16,8,-1,1,ERROR,2026-07-30T18:38:20.177852
66,16,9,-1,1,ERROR,2026-07-30T18:38:20.396522
66,16,10,-1,1,ERROR,2026-07-30T18:38:20.350507
66,17,1,-1,1,ERROR,2026-07-30T18:38:20.353813
66,17,2,-1,1,ERROR,2026-07-30T18:38:20.564551
66,17,3,-1,1,ERROR,2026-07-30T18:38:20.566646
66,17,4,-1,1,ERROR,2026-07-30T18:38:20.564579
66,17,5,-1,1,ERROR,2026-07-30T18:38:20.747456
66,17,6,-1,1,ERROR,2026-07-30T18:38:20.697975
66,17,7,-1,1,ERROR,2026-07-30T18:38:20.920313
66,17,8,-1,1,ERROR,2026-07-30T18:38:20.920242
66,17,9,-1,1,ERROR,2026-07-30T18:38:20.862188
66,17,10,-1,1,ERROR,2026-07-30T18:38:21.031377
66,18,1,-1,1,ERROR,2026-07-30T18:38:21.033492
66,18,2,-1,1,ERROR,2026-07-30T18:38:21.032833
66,18,3,-1,1,ERROR,2026-07-30T18:38:21.273009
66,18,4,-1,1,ERROR,2026-07-30T18:38:21.217683
66,18,5,-1,1,ERROR,2026-07-30T18:38:21.435929
66,18,6,-1,1,ERROR,2026-07-30T18:38:21.386369
66,18,7,-1,1,ERROR,2026-07-30T18:38:21.389552
66,18,8,-1,1,ERROR,2026-07-30T18:38:21.395169
66,18,9,-1,1,ERROR,2026-07-30T18:38:21.603762
66,18,10,-1,1,ERROR,2026-07-30T18:38:21.603781
66,19,1,-1,1,ERROR,2026-07-30T18:38:21.787706
66,19,2,-1,1,ERROR,2026-07-30T18:38:21.840341
66,19,3,-1,1,ERROR,2026-07-30T18:38:21.753602
66,19,4,-1,1,ERROR,2026-07-30T18:38:21.755352
66,19,5,-1,1,ERROR,2026-07-30T18:38:21.965973
66,19,6,-1,1,ERROR,2026-07-30T18:38:22.004996
66,19,7,-1,1,ERROR,2026-07-30T18:38:22.174443
66,19,8,-1,1,ERROR,2026-07-30T18:38:22.168693
66,19,9,-1,1,ERROR,2026-07-30T18:38:22.321110
66,19,10,-1,1,ERROR,2026-07-30T18:38:22.321141
66,20,1,-1,1,ERROR,2026-07-30T18:38:22.360240
66,20,2,-1,1,ERROR,2026-07-30T18:38:22.313232
66,20,3,-1,1,ERROR,2026-07-30T18:38:22.537954
66,20,4,-1,1,ERROR,2026-07-30T18:38:22.471825
66,20,5,-1,1,ERROR,2026-07-30T18:38:22.640377
66,20,6,-1,1,ERROR,2026-07-30T18:38:22.648032
66,20,7,-1,1,ERROR,2026-07-30T18:38:22.879279
66,20,8,-1,1,ERROR,2026-07-30T18:38:22.893210
66,20,9,-1,1,ERROR,2026-07-30T18:38:22.887309
66,20,10,-1,1,ERROR,2026-07-30T18:38:22.830874
66,21,1,-1,1,ERROR,2026-07-30T18:38:23.038678
66,21,2,-1,1,ERROR,2026-07-30T18:38:23.011263
66,21,3,-1,1,ERROR,2026-07-30T18:38:23.011233
66,21,4,-1,1,ERROR,2026-07-30T18:38:23.011279
66,21,5,-1,1,ERROR,2026-07-30T18:38:23.196131
66,21,6,-1,1,ERROR,2026-07-30T18:38:23.445804
66,21,7,-1,1,ERROR,2026-07-30T18:38:23.353525
66,21,8,-1,1,ERROR,2026-07-30T18:38:23.365688
66,21,9,-1,1,ERROR,2026-07-30T18:38:23.577739
66,21,10,-1,1,ERROR,2026-07-30T18:38:23.586215
66,22,1,-1,1,ERROR,2026-07-30T18:38:23.586242
66,22,2,-1,1,ERROR,2026-07-30T18:38:23.610782
66,22,3,-1,1,ERROR,2026-07-30T18:38:23.767015
66,22,4,-1,1,ERROR,2026-07-30T18:38:23.954485
66,22,5,-1,1,ERROR,2026-07-30T18:38:23.954516
66,22,6,-1,1,ERROR,2026-07-30T18:38:23.922249
66,22,7,-1,1,ERROR,2026-07-30T18:38:24.146891
66,22,8,-1,1,ERROR,2026-07-30T18:38:24.156150
66,22,9,-1,1,ERROR,2026-07-30T18:38:24.156518
66,22,10,-1,1,ERROR,2026-07-30T18:38:24.178978
66,23,1,-1,1,ERROR,2026-07-30T18:38:24.339519
66,23,2,-1,1,ERROR,2026-07-30T18:38:24.495552
66,23,3,-1,1,ERROR,2026-07-30T18:38:24.524243
66,23,4,-1,1,ERROR,2026-07-30T18:38:24.524277
66,23,5,-1,1,ERROR,2026-07-30T18:38:24.711803
66,23,6,-1,1,ERROR,2026-07-30T18:38:24.625078
66,23,7,-1,1,ERROR,2026-07-30T18:38:24.626083
66,23,8,-1,1,ERROR,2026-07-30T18:38:24.652921
66,23,9,-1,1,ERROR,2026-07-30T18:38:24.811033
66,23,10,-1,1,ERROR,2026-07-30T18:38:25.061058
66,24,1,-1,1,ERROR,2026-07-30T18:38:25.095058
66,24,2,-1,1,ERROR,2026-07-30T18:38:25.094930
66,24,3,-1,1,ERROR,2026-07-30T18:38:25.094964
66,24,4,-1,1,ERROR,2026-07-30T18:38:25.095069
66,24,5,-1,1,ERROR,2026-07-30T18:38:25.322545
66,24,6,-1,1,ERROR,2026-07-30T18:38:25.281305
66,24,7,-1,1,ERROR,2026-07-30T18:38:25.289701
66,24,8,-1,1,ERROR,2026-07-30T18:38:25.437416
66,24,9,-1,1,ERROR,2026-07-30T18:38:25.665289
66,24,10,-1,1,ERROR,2026-07-30T18:38:25.663272
66,25,1,-1,1,ERROR,2026-07-30T18:38:25.663242
66,25,2,-1,1,ERROR,2026-07-30T18:38:25.676131
66,25,3,-1,1,ERROR,2026-07-30T18:38:25.781551
66,25,4,-1,1,ERROR,2026-07-30T18:38:25.781524
66,25,5,-1,1,ERROR,2026-07-30T18:38:25.795721
66,25,6,-1,1,ERROR,2026-07-30T18:38:26.021662
66,25,7,-1,1,ERROR,2026-07-30T18:38:26.227946
66,25,8,-1,1,ERROR,2026-07-30T18:38:26.131393
66,25,9,-1,1,ERROR,2026-07-30T18:38:26.130941
66,25,10,-1,1,ERROR,2026-07-30T18:38:26.147097
66,26,1,-1,1,ERROR,2026-07-30T18:38:26.348894
66,26,2,-1,1,ERROR,2026-07-30T18:38:26.144533
66,26,3,-1,1,ERROR,2026-07-30T18:38:26.362312
66,26,4,-1,1,ERROR,2026-07-30T18:38:26.491062
66,26,5,-1,1,ERROR,2026-07-30T18:38:26.500626
66,26,6,-1,1,ERROR,2026-07-30T18:38:26.498552
66,26,7,-1,1,ERROR,2026-07-30T18:38:26.709284
66,26,8,-1,1,ERROR,2026-07-30T18:38:26.502527
66,26,9,-1,1,ERROR,2026-07-30T18:38:26.693703
66,26,10,-1,1,ERROR,2026-07-30T18:38:26.916257
66,27,1,-1,1,ERROR,2026-07-30T18:38:26.828001
66,27,2,-1,1,ERROR,2026-07-30T18:38:27.056957
66,27,3,-1,1,ERROR,2026-07-30T18:38:27.062796
66,27,4,-1,1,ERROR,2026-07-30T18:38:27.066676
66,27,5,-1,1,ERROR,2026-07-30T18:38:27.066700
66,27,6,-1,1,ERROR,2026-07-30T18:38:27.258050
66,27,7,-1,1,ERROR,2026-07-30T18:38:27.185344
66,27,8,-1,1,ERROR,2026-07-30T18:38:27.198809
66,27,9,-1,1,ERROR,2026-07-30T18:38:27.384813
66,27,10,-1,1,ERROR,2026-07-30T18:38:27.725636
66,28,1,-1,1,ERROR,2026-07-30T18:38:27.728925
66,28,2,-1,1,ERROR,2026-07-30T18:38:27.728960
66,28,3,-1,1,ERROR,2026-07-30T18:38:27.639702
66,28,4,-1,1,ERROR,2026-07-30T18:38:27.863847
66,28,5,-1,1,ERROR,2026-07-30T18:38:27.862938
66,28,6,-1,1,ERROR,2026-07-30T18:38:27.826840
66,28,7,-1,1,ERROR,2026-07-30T18:38:27.855412
66,28,8,-1,1,ERROR,2026-07-30T18:38:28.014494
66,28,9,-1,1,ERROR,2026-07-30T18:38:28.196223
66,28,10,-1,1,ERROR,2026-07-30T18:38:28.197919
66,29,1,-1,1,ERROR,2026-07-30T18:38:28.196199
66,29,2,-1,1,ERROR,2026-07-30T18:38:28.397728
66,29,3,-1,1,ERROR,2026-07-30T18:38:28.426747
66,29,4,-1,1,ERROR,2026-07-30T18:38:28.436110
66,29,5,-1,1,ERROR,2026-07-30T18:38:28.427780
66,29,6,-1,1,ERROR,2026-07-30T18:38:28.580337
66,29,7,-1,1,ERROR,2026-07-30T18:38:28.770009
66,29,8,-1,1,ERROR,2026-07-30T18:38:28.766562
66,29,9,-1,1,ERROR,2026-07-30T18:38:28.766539
66,29,10,-1,1,ERROR,2026-07-30T18:38:28.971448
66,30,1,-1,1,ERROR,2026-07-30T18:38:28.893587
66,30,2,-1,1,ERROR,2026-07-30T18:38:28.887671
66,30,3,-1,1,ERROR,2026-07-30T18:38:28.904930
66,30,4,-1,1,ERROR,2026-07-30T18:38:29.047401
66,30,5,-1,1,ERROR,2026-07-30T18:38:29.230053
66,30,6,-1,1,ERROR,2026-07-30T18:38:29.230026
66,30,7,-1,1,ERROR,2026-07-30T18:38:29.236208
66,30,8,-1,1,ERROR,2026-07-30T18:38:29.457842
66,30,9,-1,1,ERROR,2026-07-30T18:38:29.465475
66,30,10,-1,1,ERROR,2026-07-30T18:38:29.481704
67,1,1,-1,1,ERROR,2026-07-30T18:38:29.437672
67,1,2,-1,1,ERROR,2026-07-30T18:38:29.514061
67,1,3,-1,1,ERROR,2026-07-30T18:38:29.594046
67,1,4,-1,1,ERROR,2026-07-30T18:38:29.693092
67,1,5,-1,1,ERROR,2026-07-30T18:38:29.600959
67,1,6,-1,1,ERROR,2026-07-30T18:38:29.802417
67,1,7,-1,1,ERROR,2026-07-30T18:38:30.031727
67,1,8,-1,1,ERROR,2026-07-30T18:38:30.031760
67,1,9,-1,1,ERROR,2026-07-30T18:38:30.051544
67,1,10,-1,1,ERROR,2026-07-30T18:38:30.077308
67,2,1,-1,1,ERROR,2026-07-30T18:38:30.056740
67,2,2,-1,1,ERROR,2026-07-30T18:38:30.060917
67,2,3,-1,1,ERROR,2026-07-30T18:38:30.167900
67,2,4,-1,1,ERROR,2026-07-30T18:38:30.169017
67,2,5,-1,1,ERROR,2026-07-30T18:38:30.401412
67,2,6,-1,1,ERROR,2026-07-30T18:38:30.606552
67,2,7,-1,1,ERROR,2026-07-30T18:38:30.618465
67,2,8,-1,1,ERROR,2026-07-30T18:38:30.623164
67,2,9,-1,1,ERROR,2026-07-30T18:38:30.629954
67,2,10,-1,1,ERROR,2026-07-30T18:38:30.647802
67,3,1,-1,1,ERROR,2026-07-30T18:38:30.634707
67,3,2,-1,1,ERROR,2026-07-30T18:38:30.634732
67,3,3,-1,1,ERROR,2026-07-30T18:38:30.772483
67,3,4,-1,1,ERROR,2026-07-30T18:38:30.973181
67,3,5,-1,1,ERROR,2026-07-30T18:38:31.192660
67,3,6,-1,1,ERROR,2026-07-30T18:38:31.193885
67,3,7,-1,1,ERROR,2026-07-30T18:38:31.210252
67,3,8,-1,1,ERROR,2026-07-30T18:38:31.212123
67,3,9,-1,1,ERROR,2026-07-30T18:38:31.210281
67,3,10,-1,1,ERROR,2026-07-30T18:38:31.216500
67,4,1,-1,1,ERROR,2026-07-30T18:38:31.249871
67,4,2,-1,1,ERROR,2026-07-30T18:38:31.369926
67,4,3,-1,1,ERROR,2026-07-30T18:38:31.770242
67,4,4,-1,1,ERROR,2026-07-30T18:38:31.567985
67,4,5,-1,1,ERROR,2026-07-30T18:38:31.788586
67,4,6,-1,1,ERROR,2026-07-30T18:38:31.808486
67,4,7,-1,1,ERROR,2026-07-30T18:38:31.804868
67,4,8,-1,1,ERROR,2026-07-30T18:38:31.807347
67,4,9,-1,1,ERROR,2026-07-30T18:38:31.824897
67,4,10,-1,1,ERROR,2026-07-30T18:38:31.940130
67,5,1,-1,1,ERROR,2026-07-30T18:38:32.137965
67,5,2,-1,1,ERROR,2026-07-30T18:38:32.339160
67,5,3,-1,1,ERROR,2026-07-30T18:38:32.357010
67,5,4,-1,1,ERROR,2026-07-30T18:38:32.271705
67,5,5,-1,1,ERROR,2026-07-30T18:38:32.271675
67,5,6,-1,1,ERROR,2026-07-30T18:38:32.274262
67,5,7,-1,1,ERROR,2026-07-30T18:38:32.285643
67,5,8,-1,1,ERROR,2026-07-30T18:38:32.512041
67,5,9,-1,1,ERROR,2026-07-30T18:38:32.601315
67,5,10,-1,1,ERROR,2026-07-30T18:38:32.844870
67,6,1,-1,1,ERROR,2026-07-30T18:38:32.844802
67,6,2,-1,1,ERROR,2026-07-30T18:38:32.844829
67,6,3,-1,1,ERROR,2026-07-30T18:38:32.856435
67,6,4,-1,1,ERROR,2026-07-30T18:38:32.815172
67,6,5,-1,1,ERROR,2026-07-30T18:38:32.827324
67,6,6,-1,1,ERROR,2026-07-30T18:38:32.974150
67,6,7,-1,1,ERROR,2026-07-30T18:38:32.975298
67,6,8,-1,1,ERROR,2026-07-30T18:38:33.186916
67,6,9,-1,1,ERROR,2026-07-30T18:38:33.397850
67,6,10,-1,1,ERROR,2026-07-30T18:38:33.444135
67,7,1,-1,1,ERROR,2026-07-30T18:38:33.418538
67,7,2,-1,1,ERROR,2026-07-30T18:38:33.444180
67,7,3,-1,1,ERROR,2026-07-30T18:38:33.444163
67,7,4,-1,1,ERROR,2026-07-30T18:38:33.450044
67,7,5,-1,1,ERROR,2026-07-30T18:38:33.445945
67,7,6,-1,1,ERROR,2026-07-30T18:38:33.557741
67,7,7,-1,1,ERROR,2026-07-30T18:38:33.770686
67,7,8,-1,1,ERROR,2026-07-30T18:38:33.988046
67,7,9,-1,1,ERROR,2026-07-30T18:38:34.009608
67,7,10,-1,1,ERROR,2026-07-30T18:38:34.010105
67,8,1,-1,1,ERROR,2026-07-30T18:38:34.020471
67,8,2,-1,1,ERROR,2026-07-30T18:38:34.020499
67,8,3,-1,1,ERROR,2026-07-30T18:38:34.020434
67,8,4,-1,1,ERROR,2026-07-30T18:38:34.035134
67,8,5,-1,1,ERROR,2026-07-30T18:38:34.137842
67,8,6,-1,1,ERROR,2026-07-30T18:38:34.356831
67,8,7,-1,1,ERROR,2026-07-30T18:38:34.580226
67,8,8,-1,1,ERROR,2026-07-30T18:38:34.580886
67,8,9,-1,1,ERROR,2026-07-30T18:38:34.589861
67,8,10,-1,1,ERROR,2026-07-30T18:38:34.593693
67,9,1,-1,1,ERROR,2026-07-30T18:38:34.582420
67,9,2,-1,1,ERROR,2026-07-30T18:38:34.604480
67,9,3,-1,1,ERROR,2026-07-30T18:38:34.887602
67,9,4,-1,1,ERROR,2026-07-30T18:38:34.722565
67,9,5,-1,1,ERROR,2026-07-30T18:38:35.046074
67,9,6,-1,1,ERROR,2026-07-30T18:38:35.046000
67,9,7,-1,1,ERROR,2026-07-30T18:38:35.046027
67,9,8,-1,1,ERROR,2026-07-30T18:38:35.053609
67,9,9,-1,1,ERROR,2026-07-30T18:38:35.054856
67,9,10,-1,1,ERROR,2026-07-30T18:38:35.072408
67,10,1,-1,1,ERROR,2026-07-30T18:38:35.300479
67,10,2,-1,1,ERROR,2026-07-30T18:38:35.456193
67,10,3,-1,1,ERROR,2026-07-30T18:38:35.616555
67,10,4,-1,1,ERROR,2026-07-30T18:38:35.609303
67,10,5,-1,1,ERROR,2026-07-30T18:38:35.616588
67,10,6,-1,1,ERROR,2026-07-30T18:38:35.643286
67,10,7,-1,1,ERROR,2026-07-30T18:38:35.643376
67,10,8,-1,1,ERROR,2026-07-30T18:38:35.643322
67,10,9,-1,1,ERROR,2026-07-30T18:38:35.768524
67,10,10,-1,1,ERROR,2026-07-30T18:38:35.923650
67,11,1,-1,1,ERROR,2026-07-30T18:38:36.178676
67,11,2,-1,1,ERROR,2026-07-30T18:38:36.189879
67,11,3,-1,1,ERROR,2026-07-30T18:38:36.190836
67,11,4,-1,1,ERROR,2026-07-30T18:38:36.110325
67,11,5,-1,1,ERROR,2026-07-30T18:38:36.116725
67,11,6,-1,1,ERROR,2026-07-30T18:38:36.110600
67,11,7,-1,1,ERROR,2026-07-30T18:38:36.334029
67,11,8,-1,1,ERROR,2026-07-30T18:38:36.293015
67,11,9,-1,1,ERROR,2026-07-30T18:38:36.475490
67,11,10,-1,1,ERROR,2026-07-30T18:38:36.676196
67,12,1,-1,1,ERROR,2026-07-30T18:38:36.677460
67,12,2,-1,1,ERROR,2026-07-30T18:38:36.647699
67,12,3,-1,1,ERROR,2026-07-30T18:38:36.649971
67,12,4,-1,1,ERROR,2026-07-30T18:38:36.654736
67,12,5,-1,1,ERROR,2026-07-30T18:38:36.866147
67,12,6,-1,1,ERROR,2026-07-30T18:38:36.899844
67,12,7,-1,1,ERROR,2026-07-30T18:38:37.042379
67,12,8,-1,1,ERROR,2026-07-30T18:38:37.215385
67,12,9,-1,1,ERROR,2026-07-30T18:38:37.212274
67,12,10,-1,1,ERROR,2026-07-30T18:38:37.222820
67,13,1,-1,1,ERROR,2026-07-30T18:38:37.246403
67,13,2,-1,1,ERROR,2026-07-30T18:38:37.247485
67,13,3,-1,1,ERROR,2026-07-30T18:38:37.341807
67,13,4,-1,1,ERROR,2026-07-30T18:38:37.367667
67,13,5,-1,1,ERROR,2026-07-30T18:38:37.515331
67,13,6,-1,1,ERROR,2026-07-30T18:38:37.777168
67,13,7,-1,1,ERROR,2026-07-30T18:38:37.777139
67,13,8,-1,1,ERROR,2026-07-30T18:38:37.691538
67,13,9,-1,1,ERROR,2026-07-30T18:38:37.716713
67,13,10,-1,1,ERROR,2026-07-30T18:38:37.708271
67,14,1,-1,1,ERROR,2026-07-30T18:38:37.908630
67,14,2,-1,1,ERROR,2026-07-30T18:38:37.937017
67,14,3,-1,1,ERROR,2026-07-30T18:38:37.885010
67,14,4,-1,1,ERROR,2026-07-30T18:38:38.058545
67,14,5,-1,1,ERROR,2026-07-30T18:38:38.289368
67,14,6,-1,1,ERROR,2026-07-30T18:38:38.279066
67,14,7,-1,1,ERROR,2026-07-30T18:38:38.250186
67,14,8,-1,1,ERROR,2026-07-30T18:38:38.250218
67,14,9,-1,1,ERROR,2026-07-30T18:38:38.455509
67,14,10,-1,1,ERROR,2026-07-30T18:38:38.479210
67,15,1,-1,1,ERROR,2026-07-30T18:38:38.408495
67,15,2,-1,1,ERROR,2026-07-30T18:38:38.636268
67,15,3,-1,1,ERROR,2026-07-30T18:38:38.821041
67,15,4,-1,1,ERROR,2026-07-30T18:38:38.817386
67,15,5,-1,1,ERROR,2026-07-30T18:38:38.853452
67,15,6,-1,1,ERROR,2026-07-30T18:38:38.853772
67,15,7,-1,1,ERROR,2026-07-30T18:38:38.978575
67,15,8,-1,1,ERROR,2026-07-30T18:38:39.021473
67,15,9,-1,1,ERROR,2026-07-30T18:38:38.946623
67,15,10,-1,1,ERROR,2026-07-30T18:38:39.104372
67,16,1,-1,1,ERROR,2026-07-30T18:38:39.383185
67,16,2,-1,1,ERROR,2026-07-30T18:38:39.386447
67,16,3,-1,1,ERROR,2026-07-30T18:38:39.319377
67,16,4,-1,1,ERROR,2026-07-30T18:38:39.319404
67,16,5,-1,1,ERROR,2026-07-30T18:38:39.516626
67,16,6,-1,1,ERROR,2026-07-30T18:38:39.550624
67,16,7,-1,1,ERROR,2026-07-30T18:38:39.490038
67,16,8,-1,1,ERROR,2026-07-30T18:38:39.570043
67,16,9,-1,1,ERROR,2026-07-30T18:38:39.678455
67,16,10,-1,1,ERROR,2026-07-30T18:38:39.885910
67,17,1,-1,1,ERROR,2026-07-30T18:38:39.852085
67,17,2,-1,1,ERROR,2026-07-30T18:38:39.852113
67,17,3,-1,1,ERROR,2026-07-30T18:38:40.053926
67,17,4,-1,1,ERROR,2026-07-30T18:38:40.084956
67,17,5,-1,1,ERROR,2026-07-30T18:38:40.018649
67,17,6,-1,1,ERROR,2026-07-30T18:38:40.038337
67,17,7,-1,1,ERROR,2026-07-30T18:38:40.246062
67,17,8,-1,1,ERROR,2026-07-30T18:38:40.418536
67,17,9,-1,1,ERROR,2026-07-30T18:38:40.418567
67,17,10,-1,1,ERROR,2026-07-30T18:38:40.450183
67,18,1,-1,1,ERROR,2026-07-30T18:38:40.588618
67,18,2,-1,1,ERROR,2026-07-30T18:38:40.603012
67,18,3,-1,1,ERROR,2026-07-30T18:38:40.619635
67,18,4,-1,1,ERROR,2026-07-30T18:38:40.652482
67,18,5,-1,1,ERROR,2026-07-30T18:38:40.808400
67,18,6,-1,1,ERROR,2026-07-30T18:38:40.985455
67,18,7,-1,1,ERROR,2026-07-30T18:38:40.983900
67,18,8,-1,1,ERROR,2026-07-30T18:38:40.918552
67,18,9,-1,1,ERROR,2026-07-30T18:38:41.155048
67,18,10,-1,1,ERROR,2026-07-30T18:38:41.176880
67,19,1,-1,1,ERROR,2026-07-30T18:38:41.095785
67,19,2,-1,1,ERROR,2026-07-30T18:38:41.121775
67,19,3,-1,1,ERROR,2026-07-30T18:38:41.277293
67,19,4,-1,1,ERROR,2026-07-30T18:38:41.285487
67,19,5,-1,1,ERROR,2026-07-30T18:38:41.455916
67,19,6,-1,1,ERROR,2026-07-30T18:38:41.544650
67,19,7,-1,1,ERROR,2026-07-30T18:38:41.467927
67,19,8,-1,1,ERROR,2026-07-30T18:38:41.691116
67,19,9,-1,1,ERROR,2026-07-30T18:38:41.722846
67,19,10,-1,1,ERROR,2026-07-30T18:38:41.647719
67,20,1,-1,1,ERROR,2026-07-30T18:38:41.854050
67,20,2,-1,1,ERROR,2026-07-30T18:38:41.854012
67,20,3,-1,1,ERROR,2026-07-30T18:38:41.825006
67,20,4,-1,1,ERROR,2026-07-30T18:38:42.042717
67,20,5,-1,1,ERROR,2026-07-30T18:38:42.011406
67,20,6,-1,1,ERROR,2026-07-30T18:38:42.219577
67,20,7,-1,1,ERROR,2026-07-30T18:38:42.260193
67,20,8,-1,1,ERROR,2026-07-30T18:38:42.192466
67,20,9,-1,1,ERROR,2026-07-30T18:38:42.394628
67,20,10,-1,1,ERROR,2026-07-30T18:38:42.431988
67,21,1,-1,1,ERROR,2026-07-30T18:38:42.432014
67,21,2,-1,1,ERROR,2026-07-30T18:38:42.575789
67,21,3,-1,1,ERROR,2026-07-30T18:38:42.609269
67,21,4,-1,1,ERROR,2026-07-30T18:38:42.759275
67,21,5,-1,1,ERROR,2026-07-30T18:38:42.786518
67,21,6,-1,1,ERROR,2026-07-30T18:38:42.722419
67,21,7,-1,1,ERROR,2026-07-30T18:38:42.962187
67,21,8,-1,1,ERROR,2026-07-30T18:38:42.900489
67,21,9,-1,1,ERROR,2026-07-30T18:38:42.900461
67,21,10,-1,1,ERROR,2026-07-30T18:38:43.140249
67,22,1,-1,1,ERROR,2026-07-30T18:38:43.078089
67,22,2,-1,1,ERROR,2026-07-30T18:38:43.229106
67,22,3,-1,1,ERROR,2026-07-30T18:38:43.228993
67,22,4,-1,1,ERROR,2026-07-30T18:38:43.257251
67,22,5,-1,1,ERROR,2026-07-30T18:38:43.470334
67,22,6,-1,1,ERROR,2026-07-30T18:38:43.649857
67,22,7,-1,1,ERROR,2026-07-30T18:38:43.432723
67,22,8,-1,1,ERROR,2026-07-30T18:38:43.644323
67,22,9,-1,1,ERROR,2026-07-30T18:38:43.608994
67,22,10,-1,1,ERROR,2026-07-30T18:38:43.797782
67,23,1,-1,1,ERROR,2026-07-30T18:38:43.799016
67,23,2,-1,1,ERROR,2026-07-30T18:38:43.824259
67,23,3,-1,1,ERROR,2026-07-30T18:38:43.909248
67,23,4,-1,1,ERROR,2026-07-30T18:38:43.938899
67,23,5,-1,1,ERROR,2026-07-30T18:38:44.176352
67,23,6,-1,1,ERROR,2026-07-30T18:38:44.113986
67,23,7,-1,1,ERROR,2026-07-30T18:38:44.113957
67,23,8,-1,1,ERROR,2026-07-30T18:38:44.565509
67,23,9,-1,1,ERROR,2026-07-30T18:38:44.565479
67,23,10,-1,1,ERROR,2026-07-30T18:38:44.493105
67,24,1,-1,1,ERROR,2026-07-30T18:38:44.474373
67,24,2,-1,1,ERROR,2026-07-30T18:38:44.706461
67,24,3,-1,1,ERROR,2026-07-30T18:38:44.679449
67,24,4,-1,1,ERROR,2026-07-30T18:38:44.679416
67,24,5,-1,1,ERROR,2026-07-30T18:38:44.741377
67,24,6,-1,1,ERROR,2026-07-30T18:38:44.840022
67,24,7,-1,1,ERROR,2026-07-30T18:38:45.062025
67,24,8,-1,1,ERROR,2026-07-30T18:38:45.032604
67,24,9,-1,1,ERROR,2026-07-30T18:38:45.032628
67,24,10,-1,1,ERROR,2026-07-30T18:38:45.245858
67,25,1,-1,1,ERROR,2026-07-30T18:38:45.245886
67,25,2,-1,1,ERROR,2026-07-30T18:38:45.273806
67,25,3,-1,1,ERROR,2026-07-30T18:38:45.209400
67,25,4,-1,1,ERROR,2026-07-30T18:38:45.411646
67,25,5,-1,1,ERROR,2026-07-30T18:38:45.600196
67,25,6,-1,1,ERROR,2026-07-30T18:38:45.597641
67,25,7,-1,1,ERROR,2026-07-30T18:38:45.527477
67,25,8,-1,1,ERROR,2026-07-30T18:38:45.779097
67,25,9,-1,1,ERROR,2026-07-30T18:38:45.716571
67,25,10,-1,1,ERROR,2026-07-30T18:38:45.716600
67,26,1,-1,1,ERROR,2026-07-30T18:38:45.741642
67,26,2,-1,1,ERROR,2026-07-30T18:38:45.875074
67,26,3,-1,1,ERROR,2026-07-30T18:38:45.891343
67,26,4,-1,1,ERROR,2026-07-30T18:38:46.063353
67,26,5,-1,1,ERROR,2026-07-30T18:38:46.063380
67,26,6,-1,1,ERROR,2026-07-30T18:38:46.282855
67,26,7,-1,1,ERROR,2026-07-30T18:38:46.282888
67,26,8,-1,1,ERROR,2026-07-30T18:38:46.310364
67,26,9,-1,1,ERROR,2026-07-30T18:38:46.246623
67,26,10,-1,1,ERROR,2026-07-30T18:38:46.241016
67,27,1,-1,1,ERROR,2026-07-30T18:38:46.456349
67,27,2,-1,1,ERROR,2026-07-30T18:38:46.636875
67,27,3,-1,1,ERROR,2026-07-30T18:38:46.427692
67,27,4,-1,1,ERROR,2026-07-30T18:38:46.814026
67,27,5,-1,1,ERROR,2026-07-30T18:38:46.817696
67,27,6,-1,1,ERROR,2026-07-30T18:38:46.854204
67,27,7,-1,1,ERROR,2026-07-30T18:38:46.848723
67,27,8,-1,1,ERROR,2026-07-30T18:38:46.779342
67,27,9,-1,1,ERROR,2026-07-30T18:38:46.994105
67,27,10,-1,1,ERROR,2026-07-30T18:38:47.026879
67,28,1,-1,1,ERROR,2026-07-30T18:38:47.105668
67,28,2,-1,1,ERROR,2026-07-30T18:38:47.345598
67,28,3,-1,1,ERROR,2026-07-30T18:38:47.282646
67,28,4,-1,1,ERROR,2026-07-30T18:38:47.382619
67,28,5,-1,1,ERROR,2026-07-30T18:38:47.318507
67,28,6,-1,1,ERROR,2026-07-30T18:38:47.318532
67,28,7,-1,1,ERROR,2026-07-30T18:38:47.464892
67,28,8,-1,1,ERROR,2026-07-30T18:38:47.488708
67,28,9,-1,1,ERROR,2026-07-30T18:38:47.472898
67,28,10,-1,1,ERROR,2026-07-30T18:38:47.647396
67,29,1,-1,1,ERROR,2026-07-30T18:38:47.887196
67,29,2,-1,1,ERROR,2026-07-30T18:38:47.887223
67,29,3,-1,1,ERROR,2026-07-30T18:38:47.810987
67,29,4,-1,1,ERROR,2026-07-30T18:38:47.848148
67,29,5,-1,1,ERROR,2026-07-30T18:38:48.032968
67,29,6,-1,1,ERROR,2026-07-30T18:38:48.038331
67,29,7,-1,1,ERROR,2026-07-30T18:38:48.060592
67,29,8,-1,1,ERROR,2026-07-30T18:38:48.214990
67,29,9,-1,1,ERROR,2026-07-30T18:38:48.176437
67,29,10,-1,1,ERROR,2026-07-30T18:38:48.415982
67,30,1,-1,1,ERROR,2026-07-30T18:38:48.353529
67,30,2,-1,1,ERROR,2026-07-30T18:38:48.353499
67,30,3,-1,1,ERROR,2026-07-30T18:38:48.599757
67,30,4,-1,1,ERROR,2026-07-30T18:38:48.612814
67,30,5,-1,1,ERROR,2026-07-30T18:38:48.631110
67,30,6,-1,1,ERROR,2026-07-30T18:38:48.542493
67,30,7,-1,1,ERROR,2026-07-30T18:38:48.782446
67,30,8,-1,1,ERROR,2026-07-30T18:38:48.719197
67,30,9,-1,1,ERROR,2026-07-30T18:38:48.716714
67,30,10,-1,1,ERROR,2026-07-30T18:38:48.984291
68,1,1,-1,1,ERROR,2026-07-30T18:38:48.905695
68,1,2,-1,1,ERROR,2026-07-30T18:38:49.169629
68,1,3,-1,1,ERROR,2026-07-30T18:38:49.184423
68,1,4,-1,1,ERROR,2026-07-30T18:38:49.101082
68,1,5,-1,1,ERROR,2026-07-30T18:38:49.184452
68,1,6,-1,1,ERROR,2026-07-30T18:38:49.186338
68,1,7,-1,1,ERROR,2026-07-30T18:38:49.349397
68,1,8,-1,1,ERROR,2026-07-30T18:38:49.270980
68,1,9,-1,1,ERROR,2026-07-30T18:38:49.452591
68,1,10,-1,1,ERROR,2026-07-30T18:38:49.669159
68,2,1,-1,1,ERROR,2026-07-30T18:38:49.636935
68,2,2,-1,1,ERROR,2026-07-30T18:38:49.653070
68,2,3,-1,1,ERROR,2026-07-30T18:38:49.653039
68,2,4,-1,1,ERROR,2026-07-30T18:38:49.661094
68,2,5,-1,1,ERROR,2026-07-30T18:38:49.839946
68,2,6,-1,1,ERROR,2026-07-30T18:38:49.818455
68,2,7,-1,1,ERROR,2026-07-30T18:38:50.021919
68,2,8,-1,1,ERROR,2026-07-30T18:38:50.212830
68,2,9,-1,1,ERROR,2026-07-30T18:38:50.223050
68,2,10,-1,1,ERROR,2026-07-30T18:38:50.228478
68,3,1,-1,1,ERROR,2026-07-30T18:38:50.229465
68,3,2,-1,1,ERROR,2026-07-30T18:38:50.234973
68,3,3,-1,1,ERROR,2026-07-30T18:38:50.389444
68,3,4,-1,1,ERROR,2026-07-30T18:38:50.414935
68,3,5,-1,1,ERROR,2026-07-30T18:38:50.493077
68,3,6,-1,1,ERROR,2026-07-30T18:38:50.781782
68,3,7,-1,1,ERROR,2026-07-30T18:38:50.688739
68,3,8,-1,1,ERROR,2026-07-30T18:38:50.698672
68,3,9,-1,1,ERROR,2026-07-30T18:38:50.692362
68,3,10,-1,1,ERROR,2026-07-30T18:38:50.699557
68,4,1,-1,1,ERROR,2026-07-30T18:38:50.958775
68,4,2,-1,1,ERROR,2026-07-30T18:38:50.882825
68,4,3,-1,1,ERROR,2026-07-30T18:38:50.961018
68,4,4,-1,1,ERROR,2026-07-30T18:38:51.056417
68,4,5,-1,1,ERROR,2026-07-30T18:38:51.065990
68,4,6,-1,1,ERROR,2026-07-30T18:38:51.271423
68,4,7,-1,1,ERROR,2026-07-30T18:38:51.271385
68,4,8,-1,1,ERROR,2026-07-30T18:38:51.249349
68,4,9,-1,1,ERROR,2026-07-30T18:38:51.452358
68,4,10,-1,1,ERROR,2026-07-30T18:38:51.422898
68,5,1,-1,1,ERROR,2026-07-30T18:38:51.425284
68,5,2,-1,1,ERROR,2026-07-30T18:38:51.422978
68,5,3,-1,1,ERROR,2026-07-30T18:38:51.631262
68,5,4,-1,1,ERROR,2026-07-30T18:38:51.822558
68,5,5,-1,1,ERROR,2026-07-30T18:38:51.841345
68,5,6,-1,1,ERROR,2026-07-30T18:38:51.836894
68,5,7,-1,1,ERROR,2026-07-30T18:38:51.988350
68,5,8,-1,1,ERROR,2026-07-30T18:38:51.988333
68,5,9,-1,1,ERROR,2026-07-30T18:38:51.988303
68,5,10,-1,1,ERROR,2026-07-30T18:38:52.019136
68,6,1,-1,1,ERROR,2026-07-30T18:38:52.196341
68,6,2,-1,1,ERROR,2026-07-30T18:38:52.387240
68,6,3,-1,1,ERROR,2026-07-30T18:38:52.311229
68,6,4,-1,1,ERROR,2026-07-30T18:38:52.310228
68,6,5,-1,1,ERROR,2026-07-30T18:38:52.558183
68,6,6,-1,1,ERROR,2026-07-30T18:38:52.559997
68,6,7,-1,1,ERROR,2026-07-30T18:38:52.559277
68,6,8,-1,1,ERROR,2026-07-30T18:38:52.589164
68,6,9,-1,1,ERROR,2026-07-30T18:38:52.762759
68,6,10,-1,1,ERROR,2026-07-30T18:38:52.775104
68,7,1,-1,1,ERROR,2026-07-30T18:38:52.778464
68,7,2,-1,1,ERROR,2026-07-30T18:38:52.954505
68,7,3,-1,1,ERROR,2026-07-30T18:38:53.131476
68,7,4,-1,1,ERROR,2026-07-30T18:38:53.127211
68,7,5,-1,1,ERROR,2026-07-30T18:38:53.131451
68,7,6,-1,1,ERROR,2026-07-30T18:38:53.159372
68,7,7,-1,1,ERROR,2026-07-30T18:38:53.348651
68,7,8,-1,1,ERROR,2026-07-30T18:38:53.284181
68,7,9,-1,1,ERROR,2026-07-30T18:38:53.292796
68,7,10,-1,1,ERROR,2026-07-30T18:38:53.427671
68,8,1,-1,1,ERROR,2026-07-30T18:38:53.694639
68,8,2,-1,1,ERROR,2026-07-30T18:38:53.699475
68,8,3,-1,1,ERROR,2026-07-30T18:38:53.600909
68,8,4,-1,1,ERROR,2026-07-30T18:38:53.629638
68,8,5,-1,1,ERROR,2026-07-30T18:38:53.855123
68,8,6,-1,1,ERROR,2026-07-30T18:38:53.868398
68,8,7,-1,1,ERROR,2026-07-30T18:38:53.815392
68,8,8,-1,1,ERROR,2026-07-30T18:38:53.792861
68,8,9,-1,1,ERROR,2026-07-30T18:38:53.969378
68,8,10,-1,1,ERROR,2026-07-30T18:38:54.203851
68,9,1,-1,1,ERROR,2026-07-30T18:38:54.160354
68,9,2,-1,1,ERROR,2026-07-30T18:38:54.179730
68,9,3,-1,1,ERROR,2026-07-30T18:38:54.363686
68,9,4,-1,1,ERROR,2026-07-30T18:38:54.383067
68,9,5,-1,1,ERROR,2026-07-30T18:38:54.422227
68,9,6,-1,1,ERROR,2026-07-30T18:38:54.429709
68,9,7,-1,1,ERROR,2026-07-30T18:38:54.436780
68,9,8,-1,1,ERROR,2026-07-30T18:38:54.527882
68,9,9,-1,1,ERROR,2026-07-30T18:38:54.743274
68,9,10,-1,1,ERROR,2026-07-30T18:38:54.771393
68,10,1,-1,1,ERROR,2026-07-30T18:38:54.930560
68,10,2,-1,1,ERROR,2026-07-30T18:38:54.951423
68,10,3,-1,1,ERROR,2026-07-30T18:38:54.989735
68,10,4,-1,1,ERROR,2026-07-30T18:38:54.990781
68,10,5,-1,1,ERROR,2026-07-30T18:38:54.898618
68,10,6,-1,1,ERROR,2026-07-30T18:38:55.095986
68,10,7,-1,1,ERROR,2026-07-30T18:38:55.303717
68,10,8,-1,1,ERROR,2026-07-30T18:38:55.234898
68,10,9,-1,1,ERROR,2026-07-30T18:38:55.471774
68,10,10,-1,1,ERROR,2026-07-30T18:38:55.501338
68,11,1,-1,1,ERROR,2026-07-30T18:38:55.421773
68,11,2,-1,1,ERROR,2026-07-30T18:38:55.454805
68,11,3,-1,1,ERROR,2026-07-30T18:38:55.458994
68,11,4,-1,1,ERROR,2026-07-30T18:38:55.669250
68,11,5,-1,1,ERROR,2026-07-30T18:38:55.601253
68,11,6,-1,1,ERROR,2026-07-30T18:38:55.769395
68,11,7,-1,1,ERROR,2026-07-30T18:38:55.993763
68,11,8,-1,1,ERROR,2026-07-30T18:38:56.020191
68,11,9,-1,1,ERROR,2026-07-30T18:38:56.029521
68,11,10,-1,1,ERROR,2026-07-30T18:38:56.042386
68,12,1,-1,1,ERROR,2026-07-30T18:38:55.968213
68,12,2,-1,1,ERROR,2026-07-30T18:38:56.165580
68,12,3,-1,1,ERROR,2026-07-30T18:38:56.232169
68,12,4,-1,1,ERROR,2026-07-30T18:38:56.236226
68,12,5,-1,1,ERROR,2026-07-30T18:38:56.343200
68,12,6,-1,1,ERROR,2026-07-30T18:38:56.564950
68,12,7,-1,1,ERROR,2026-07-30T18:38:56.494128
68,12,8,-1,1,ERROR,2026-07-30T18:38:56.494185
68,12,9,-1,1,ERROR,2026-07-30T18:38:56.505959
68,12,10,-1,1,ERROR,2026-07-30T18:38:56.738203
68,13,1,-1,1,ERROR,2026-07-30T18:38:56.703406
68,13,2,-1,1,ERROR,2026-07-30T18:38:56.703432
68,13,3,-1,1,ERROR,2026-07-30T18:38:56.910339
68,13,4,-1,1,ERROR,2026-07-30T18:38:56.859109
68,13,5,-1,1,ERROR,2026-07-30T18:38:56.859075
68,13,6,-1,1,ERROR,2026-07-30T18:38:57.071008
68,13,7,-1,1,ERROR,2026-07-30T18:38:57.032979
68,13,8,-1,1,ERROR,2026-07-30T18:38:57.270998
68,13,9,-1,1,ERROR,2026-07-30T18:38:57.270967
68,13,10,-1,1,ERROR,2026-07-30T18:38:57.208612
68,14,1,-1,1,ERROR,2026-07-30T18:38:57.434700
68,14,2,-1,1,ERROR,2026-07-30T18:38:57.434730
68,14,3,-1,1,ERROR,2026-07-30T18:38:57.378151
68,14,4,-1,1,ERROR,2026-07-30T18:38:57.597151
68,14,5,-1,1,ERROR,2026-07-30T18:38:57.539795
68,14,6,-1,1,ERROR,2026-07-30T18:38:57.777849
68,14,7,-1,1,ERROR,2026-07-30T18:38:57.733507
68,14,8,-1,1,ERROR,2026-07-30T18:38:57.735649
68,14,9,-1,1,ERROR,2026-07-30T18:38:57.947857
68,14,10,-1,1,ERROR,2026-07-30T18:38:57.904233
68,15,1,-1,1,ERROR,2026-07-30T18:38:57.904256
68,15,2,-1,1,ERROR,2026-07-30T18:38:57.904296
68,15,3,-1,1,ERROR,2026-07-30T18:38:58.062975
68,15,4,-1,1,ERROR,2026-07-30T18:38:58.307706
68,15,5,-1,1,ERROR,2026-07-30T18:38:58.298096
68,15,6,-1,1,ERROR,2026-07-30T18:38:58.241779
68,15,7,-1,1,ERROR,2026-07-30T18:38:58.469962
68,15,8,-1,1,ERROR,2026-07-30T18:38:58.469995
68,15,9,-1,1,ERROR,2026-07-30T18:38:58.470010
68,15,10,-1,1,ERROR,2026-07-30T18:38:58.415386
68,16,1,-1,1,ERROR,2026-07-30T18:38:58.428304
68,16,2,-1,1,ERROR,2026-07-30T18:38:58.606758
68,16,3,-1,1,ERROR,2026-07-30T18:38:58.763982
68,16,4,-1,1,ERROR,2026-07-30T18:38:58.775853
68,16,5,-1,1,ERROR,2026-07-30T18:38:58.781089
68,16,6,-1,1,ERROR,2026-07-30T18:38:58.995333
68,16,7,-1,1,ERROR,2026-07-30T18:38:59.037474
68,16,8,-1,1,ERROR,2026-07-30T18:38:59.037506
68,16,9,-1,1,ERROR,2026-07-30T18:38:59.037526
68,16,10,-1,1,ERROR,2026-07-30T18:38:59.168858
68,17,1,-1,1,ERROR,2026-07-30T18:38:59.127879
68,17,2,-1,1,ERROR,2026-07-30T18:38:59.143168
68,17,3,-1,1,ERROR,2026-07-30T18:38:59.345415
68,17,4,-1,1,ERROR,2026-07-30T18:38:59.561882
68,17,5,-1,1,ERROR,2026-07-30T18:38:59.506420
68,17,6,-1,1,ERROR,2026-07-30T18:38:59.508267
68,17,7,-1,1,ERROR,2026-07-30T18:38:59.506384
68,17,8,-1,1,ERROR,2026-07-30T18:38:59.697993
68,17,9,-1,1,ERROR,2026-07-30T18:38:59.707593
68,17,10,-1,1,ERROR,2026-07-30T18:38:59.737246
68,18,1,-1,1,ERROR,2026-07-30T18:38:59.810327
68,18,2,-1,1,ERROR,2026-07-30T18:39:00.078147
68,18,3,-1,1,ERROR,2026-07-30T18:39:00.076480
68,18,4,-1,1,ERROR,2026-07-30T18:39:00.080652
68,18,5,-1,1,ERROR,2026-07-30T18:39:00.028451
68,18,6,-1,1,ERROR,2026-07-30T18:39:00.262968
68,18,7,-1,1,ERROR,2026-07-30T18:39:00.278060
68,18,8,-1,1,ERROR,2026-07-30T18:39:00.204779
68,18,9,-1,1,ERROR,2026-07-30T18:39:00.278033
68,18,10,-1,1,ERROR,2026-07-30T18:39:00.394822
68,19,1,-1,1,ERROR,2026-07-30T18:39:00.643039
68,19,2,-1,1,ERROR,2026-07-30T18:39:00.644560
68,19,3,-1,1,ERROR,2026-07-30T18:39:00.643125
68,19,4,-1,1,ERROR,2026-07-30T18:39:00.785464
68,19,5,-1,1,ERROR,2026-07-30T18:39:00.829307
68,19,6,-1,1,ERROR,2026-07-30T18:39:00.847106
68,19,7,-1,1,ERROR,2026-07-30T18:39:00.847078
68,19,8,-1,1,ERROR,2026-07-30T18:39:00.763424
68,19,9,-1,1,ERROR,2026-07-30T18:39:01.011842
68,19,10,-1,1,ERROR,2026-07-30T18:39:01.011815
68,20,1,-1,1,ERROR,2026-07-30T18:39:01.217076
68,20,2,-1,1,ERROR,2026-07-30T18:39:01.234731
68,20,3,-1,1,ERROR,2026-07-30T18:39:01.259776
68,20,4,-1,1,ERROR,2026-07-30T18:39:01.399191
68,20,5,-1,1,ERROR,2026-07-30T18:39:01.413213
68,20,6,-1,1,ERROR,2026-07-30T18:39:01.418561
68,20,7,-1,1,ERROR,2026-07-30T18:39:01.585775
68,20,8,-1,1,ERROR,2026-07-30T18:39:01.581706
68,20,9,-1,1,ERROR,2026-07-30T18:39:01.786077
68,20,10,-1,1,ERROR,2026-07-30T18:39:01.707101
68,21,1,-1,1,ERROR,2026-07-30T18:39:01.725502
68,21,2,-1,1,ERROR,2026-07-30T18:39:02.065763
68,21,3,-1,1,ERROR,2026-07-30T18:39:02.084881
68,21,4,-1,1,ERROR,2026-07-30T18:39:02.084919
68,21,5,-1,1,ERROR,2026-07-30T18:39:02.254445
68,21,6,-1,1,ERROR,2026-07-30T18:39:02.254470
68,21,7,-1,1,ERROR,2026-07-30T18:39:02.275040
68,21,8,-1,1,ERROR,2026-07-30T18:39:02.296248
68,21,9,-1,1,ERROR,2026-07-30T18:39:02.254417
68,21,10,-1,1,ERROR,2026-07-30T18:39:02.437278
68,22,1,-1,1,ERROR,2026-07-30T18:39:02.654905
68,22,2,-1,1,ERROR,2026-07-30T18:39:02.654872
68,22,3,-1,1,ERROR,2026-07-30T18:39:02.835630
68,22,4,-1,1,ERROR,2026-07-30T18:39:02.819937
68,22,5,-1,1,ERROR,2026-07-30T18:39:02.819968
68,22,6,-1,1,ERROR,2026-07-30T18:39:02.847903
68,22,7,-1,1,ERROR,2026-07-30T18:39:02.867719
68,22,8,-1,1,ERROR,2026-07-30T18:39:03.012745
68,22,9,-1,1,ERROR,2026-07-30T18:39:03.128325
68,22,10,-1,1,ERROR,2026-07-30T18:39:03.144860
68,23,1,-1,1,ERROR,2026-07-30T18:39:03.388232
68,23,2,-1,1,ERROR,2026-07-30T18:39:03.386815
68,23,3,-1,1,ERROR,2026-07-30T18:39:03.402602
68,23,4,-1,1,ERROR,2026-07-30T18:39:03.310508
68,23,5,-1,1,ERROR,2026-07-30T18:39:03.338281
68,23,6,-1,1,ERROR,2026-07-30T18:39:03.490107
68,23,7,-1,1,ERROR,2026-07-30T18:39:03.492778
68,23,8,-1,1,ERROR,2026-07-30T18:39:03.714103
68,23,9,-1,1,ERROR,2026-07-30T18:39:03.683423
68,23,10,-1,1,ERROR,2026-07-30T18:39:03.912982
68,24,1,-1,1,ERROR,2026-07-30T18:39:03.851055
68,24,2,-1,1,ERROR,2026-07-30T18:39:03.857167
68,24,3,-1,1,ERROR,2026-07-30T18:39:03.872453
68,24,4,-1,1,ERROR,2026-07-30T18:39:03.857083
68,24,5,-1,1,ERROR,2026-07-30T18:39:04.065370
68,24,6,-1,1,ERROR,2026-07-30T18:39:04.253430
68,24,7,-1,1,ERROR,2026-07-30T18:39:04.283477
68,24,8,-1,1,ERROR,2026-07-30T18:39:04.421622
68,24,9,-1,1,ERROR,2026-07-30T18:39:04.424784
68,24,10,-1,1,ERROR,2026-07-30T18:39:04.424808
68,25,1,-1,1,ERROR,2026-07-30T18:39:04.442566
68,25,2,-1,1,ERROR,2026-07-30T18:39:04.384044
68,25,3,-1,1,ERROR,2026-07-30T18:39:04.635026
68,25,4,-1,1,ERROR,2026-07-30T18:39:04.724239
68,25,5,-1,1,ERROR,2026-07-30T18:39:04.753615
68,25,6,-1,1,ERROR,2026-07-30T18:39:04.952754
68,25,7,-1,1,ERROR,2026-07-30T18:39:04.992510
68,25,8,-1,1,ERROR,2026-07-30T18:39:04.992540
68,25,9,-1,1,ERROR,2026-07-30T18:39:04.994024
68,25,10,-1,1,ERROR,2026-07-30T18:39:04.912393
68,26,1,-1,1,ERROR,2026-07-30T18:39:05.099538
68,26,2,-1,1,ERROR,2026-07-30T18:39:05.093207
68,26,3,-1,1,ERROR,2026-07-30T18:39:05.326401
68,26,4,-1,1,ERROR,2026-07-30T18:39:05.483457
68,26,5,-1,1,ERROR,2026-07-30T18:39:05.518252
68,26,6,-1,1,ERROR,2026-07-30T18:39:05.460444
68,26,7,-1,1,ERROR,2026-07-30T18:39:05.457627
68,26,8,-1,1,ERROR,2026-07-30T18:39:05.460754
68,26,9,-1,1,ERROR,2026-07-30T18:39:05.661644
68,26,10,-1,1,ERROR,2026-07-30T18:39:05.668089
68,27,1,-1,1,ERROR,2026-07-30T18:39:05.795138
68,27,2,-1,1,ERROR,2026-07-30T18:39:06.022964
68,27,3,-1,1,ERROR,2026-07-30T18:39:06.026838
68,27,4,-1,1,ERROR,2026-07-30T18:39:06.025912
68,27,5,-1,1,ERROR,2026-07-30T18:39:06.052543
68,27,6,-1,1,ERROR,2026-07-30T18:39:05.986490
68,27,7,-1,1,ERROR,2026-07-30T18:39:06.130563
68,27,8,-1,1,ERROR,2026-07-30T18:39:06.136827
68,27,9,-1,1,ERROR,2026-07-30T18:39:06.366801
68,27,10,-1,1,ERROR,2026-07-30T18:39:06.556043
68,28,1,-1,1,ERROR,2026-07-30T18:39:06.590646
68,28,2,-1,1,ERROR,2026-07-30T18:39:06.590620
68,28,3,-1,1,ERROR,2026-07-30T18:39:06.585202
68,28,4,-1,1,ERROR,2026-07-30T18:39:06.514920
68,28,5,-1,1,ERROR,2026-07-30T18:39:06.696869
68,28,6,-1,1,ERROR,2026-07-30T18:39:06.703455
68,28,7,-1,1,ERROR,2026-07-30T18:39:06.835510
68,28,8,-1,1,ERROR,2026-07-30T18:39:07.079673
68,28,9,-1,1,ERROR,2026-07-30T18:39:07.025579
68,28,10,-1,1,ERROR,2026-07-30T18:39:07.054187
68,29,1,-1,1,ERROR,2026-07-30T18:39:07.060380
68,29,2,-1,1,ERROR,2026-07-30T18:39:07.062085
68,29,3,-1,1,ERROR,2026-07-30T18:39:07.262462
68,29,4,-1,1,ERROR,2026-07-30T18:39:07.276915
68,29,5,-1,1,ERROR,2026-07-30T18:39:07.200960
68,29,6,-1,1,ERROR,2026-07-30T18:39:07.390374
68,29,7,-1,1,ERROR,2026-07-30T18:39:07.632472
68,29,8,-1,1,ERROR,2026-07-30T18:39:07.627228
68,29,9,-1,1,ERROR,2026-07-30T18:39:07.627251
68,29,10,-1,1,ERROR,2026-07-30T18:39:07.544822
68,30,1,-1,1,ERROR,2026-07-30T18:39:07.766536
68,30,2,-1,1,ERROR,2026-07-30T18:39:07.730652
68,30,3,-1,1,ERROR,2026-07-30T18:39:07.743660
68,30,4,-1,1,ERROR,2026-07-30T18:39:07.956187
68,30,5,-1,1,ERROR,2026-07-30T18:39:07.911191
68,30,6,-1,1,ERROR,2026-07-30T18:39:08.095883
68,30,7,-1,1,ERROR,2026-07-30T18:39:08.095909
68,30,8,-1,1,ERROR,2026-07-30T18:39:08.097628
68,30,9,-1,1,ERROR,2026-07-30T18:39:08.299891
68,30,10,-1,1,ERROR,2026-07-30T18:39:08.306305
69,1,1,-1,1,ERROR,2026-07-30T18:39:08.333017
69,1,2,-1,1,ERROR,2026-07-30T18:39:08.478079
69,1,3,-1,1,ERROR,2026-07-30T18:39:08.422927
69,1,4,-1,1,ERROR,2026-07-30T18:39:08.664786
69,1,5,-1,1,ERROR,2026-07-30T18:39:08.664743
69,1,6,-1,1,ERROR,2026-07-30T18:39:08.665774
69,1,7,-1,1,ERROR,2026-07-30T18:39:08.879975
69,1,8,-1,1,ERROR,2026-07-30T18:39:08.879996
69,1,9,-1,1,ERROR,2026-07-30T18:39:08.800938
69,1,10,-1,1,ERROR,2026-07-30T18:39:08.789422
69,2,1,-1,1,ERROR,2026-07-30T18:39:09.044795
69,2,2,-1,1,ERROR,2026-07-30T18:39:09.137209
69,2,3,-1,1,ERROR,2026-07-30T18:39:09.137221
69,2,4,-1,1,ERROR,2026-07-30T18:39:09.137186
69,2,5,-1,1,ERROR,2026-07-30T18:39:09.355498
69,2,6,-1,1,ERROR,2026-07-30T18:39:09.368709
69,2,7,-1,1,ERROR,2026-07-30T18:39:09.347120
69,2,8,-1,1,ERROR,2026-07-30T18:39:09.347057
69,2,9,-1,1,ERROR,2026-07-30T18:39:09.510164
69,2,10,-1,1,ERROR,2026-07-30T18:39:09.505212
69,3,1,-1,1,ERROR,2026-07-30T18:39:09.503205
69,3,2,-1,1,ERROR,2026-07-30T18:39:09.506895
69,3,3,-1,1,ERROR,2026-07-30T18:39:09.713364
69,3,4,-1,1,ERROR,2026-07-30T18:39:09.916505
69,3,5,-1,1,ERROR,2026-07-30T18:39:09.920275
69,3,6,-1,1,ERROR,2026-07-30T18:39:09.935829
69,3,7,-1,1,ERROR,2026-07-30T18:39:09.969748
69,3,8,-1,1,ERROR,2026-07-30T18:39:09.969719
69,3,9,-1,1,ERROR,2026-07-30T18:39:09.969771
69,3,10,-1,1,ERROR,2026-07-30T18:39:09.972091
69,4,1,-1,1,ERROR,2026-07-30T18:39:10.081566
69,4,2,-1,1,ERROR,2026-07-30T18:39:10.280389
69,4,3,-1,1,ERROR,2026-07-30T18:39:10.587300
69,4,4,-1,1,ERROR,2026-07-30T18:39:10.605820
69,4,5,-1,1,ERROR,2026-07-30T18:39:10.539953
69,4,6,-1,1,ERROR,2026-07-30T18:39:10.539919
69,4,7,-1,1,ERROR,2026-07-30T18:39:10.539879
69,4,8,-1,1,ERROR,2026-07-30T18:39:10.553591
69,4,9,-1,1,ERROR,2026-07-30T18:39:10.577476
69,4,10,-1,1,ERROR,2026-07-30T18:39:10.774757
69,5,1,-1,1,ERROR,2026-07-30T18:39:10.905785
69,5,2,-1,1,ERROR,2026-07-30T18:39:11.114428
69,5,3,-1,1,ERROR,2026-07-30T18:39:11.114586
69,5,4,-1,1,ERROR,2026-07-30T18:39:11.123002
69,5,5,-1,1,ERROR,2026-07-30T18:39:11.142366
69,5,6,-1,1,ERROR,2026-07-30T18:39:11.166754
69,5,7,-1,1,ERROR,2026-07-30T18:39:11.081905
69,5,8,-1,1,ERROR,2026-07-30T18:39:11.343189
69,5,9,-1,1,ERROR,2026-07-30T18:39:11.273163
69,5,10,-1,1,ERROR,2026-07-30T18:39:11.450541
69,6,1,-1,1,ERROR,2026-07-30T18:39:11.688712
69,6,2,-1,1,ERROR,2026-07-30T18:39:11.686322
69,6,3,-1,1,ERROR,2026-07-30T18:39:11.686290
69,6,4,-1,1,ERROR,2026-07-30T18:39:11.607605
69,6,5,-1,1,ERROR,2026-07-30T18:39:11.640535
69,6,6,-1,1,ERROR,2026-07-30T18:39:11.842674
69,6,7,-1,1,ERROR,2026-07-30T18:39:11.806011
69,6,8,-1,1,ERROR,2026-07-30T18:39:12.015036
69,6,9,-1,1,ERROR,2026-07-30T18:39:12.177017
69,6,10,-1,1,ERROR,2026-07-30T18:39:12.208485
69,7,1,-1,1,ERROR,2026-07-30T18:39:12.152335
69,7,2,-1,1,ERROR,2026-07-30T18:39:12.151897
69,7,3,-1,1,ERROR,2026-07-30T18:39:12.154764
69,7,4,-1,1,ERROR,2026-07-30T18:39:12.372902
69,7,5,-1,1,ERROR,2026-07-30T18:39:12.406144
69,7,6,-1,1,ERROR,2026-07-30T18:39:12.581624
69,7,7,-1,1,ERROR,2026-07-30T18:39:12.740283
69,7,8,-1,1,ERROR,2026-07-30T18:39:12.536319
69,7,9,-1,1,ERROR,2026-07-30T18:39:12.537599
69,7,10,-1,1,ERROR,2026-07-30T18:39:12.747015
69,8,1,-1,1,ERROR,2026-07-30T18:39:12.794328
69,8,2,-1,1,ERROR,2026-07-30T18:39:12.947703
69,8,3,-1,1,ERROR,2026-07-30T18:39:12.983619
69,8,4,-1,1,ERROR,2026-07-30T18:39:13.116226
69,8,5,-1,1,ERROR,2026-07-30T18:39:13.003703
69,8,6,-1,1,ERROR,2026-07-30T18:39:13.164387
69,8,7,-1,1,ERROR,2026-07-30T18:39:13.317506
69,8,8,-1,1,ERROR,2026-07-30T18:39:13.317609
69,8,9,-1,1,ERROR,2026-07-30T18:39:13.375157
69,8,10,-1,1,ERROR,2026-07-30T18:39:13.551436
69,9,1,-1,1,ERROR,2026-07-30T18:39:13.566376
69,9,2,-1,1,ERROR,2026-07-30T18:39:13.583908
69,9,3,-1,1,ERROR,2026-07-30T18:39:13.709440
69,9,4,-1,1,ERROR,2026-07-30T18:39:13.744474
69,9,5,-1,1,ERROR,2026-07-30T18:39:13.934012
69,9,6,-1,1,ERROR,2026-07-30T18:39:13.933941
69,9,7,-1,1,ERROR,2026-07-30T18:39:13.950089
69,9,8,-1,1,ERROR,2026-07-30T18:39:14.129088
69,9,9,-1,1,ERROR,2026-07-30T18:39:14.142021
69,9,10,-1,1,ERROR,2026-07-30T18:39:14.162723
69,10,1,-1,1,ERROR,2026-07-30T18:39:14.094327
69,10,2,-1,1,ERROR,2026-07-30T18:39:14.316703
69,10,3,-1,1,ERROR,2026-07-30T18:39:14.504769
69,10,4,-1,1,ERROR,2026-07-30T18:39:14.501430
69,10,5,-1,1,ERROR,2026-07-30T18:39:14.519364
69,10,6,-1,1,ERROR,2026-07-30T18:39:14.664295
69,10,7,-1,1,ERROR,2026-07-30T18:39:14.694666
69,10,8,-1,1,ERROR,2026-07-30T18:39:14.620217
69,10,9,-1,1,ERROR,2026-07-30T18:39:14.631495
69,10,10,-1,1,ERROR,2026-07-30T18:39:14.790191
69,11,1,-1,1,ERROR,2026-07-30T18:39:15.069186
69,11,2,-1,1,ERROR,2026-07-30T18:39:15.072825
69,11,3,-1,1,ERROR,2026-07-30T18:39:14.999899
69,11,4,-1,1,ERROR,2026-07-30T18:39:15.199554
69,11,5,-1,1,ERROR,2026-07-30T18:39:15.201924
69,11,6,-1,1,ERROR,2026-07-30T18:39:15.230252
69,11,7,-1,1,ERROR,2026-07-30T18:39:15.271288
69,11,8,-1,1,ERROR,2026-07-30T18:39:15.271470
69,11,9,-1,1,ERROR,2026-07-30T18:39:15.371539
69,11,10,-1,1,ERROR,2026-07-30T18:39:15.537614
69,12,1,-1,1,ERROR,2026-07-30T18:39:15.537644
69,12,2,-1,1,ERROR,2026-07-30T18:39:15.769876
69,12,3,-1,1,ERROR,2026-07-30T18:39:15.771517
69,12,4,-1,1,ERROR,2026-07-30T18:39:15.796915
69,12,5,-1,1,ERROR,2026-07-30T18:39:15.733899
69,12,6,-1,1,ERROR,2026-07-30T18:39:15.733865
69,12,7,-1,1,ERROR,2026-07-30T18:39:15.935481
69,12,8,-1,1,ERROR,2026-07-30T18:39:15.906666
69,12,9,-1,1,ERROR,2026-07-30T18:39:15.907858
69,12,10,-1,1,ERROR,2026-07-30T18:39:16.106888
69,13,1,-1,1,ERROR,2026-07-30T18:39:16.274573
69,13,2,-1,1,ERROR,2026-07-30T18:39:16.339069
69,13,3,-1,1,ERROR,2026-07-30T18:39:16.339039
69,13,4,-1,1,ERROR,2026-07-30T18:39:16.266244
69,13,5,-1,1,ERROR,2026-07-30T18:39:16.476594
69,13,6,-1,1,ERROR,2026-07-30T18:39:16.485234
69,13,7,-1,1,ERROR,2026-07-30T18:39:16.507282
69,13,8,-1,1,ERROR,2026-07-30T18:39:16.677319
69,13,9,-1,1,ERROR,2026-07-30T18:39:16.629089
69,13,10,-1,1,ERROR,2026-07-30T18:39:16.841627
69,14,1,-1,1,ERROR,2026-07-30T18:39:16.808624
69,14,2,-1,1,ERROR,2026-07-30T18:39:16.810975
69,14,3,-1,1,ERROR,2026-07-30T18:39:17.043198
69,14,4,-1,1,ERROR,2026-07-30T18:39:17.051558
69,14,5,-1,1,ERROR,2026-07-30T18:39:17.072128
69,14,6,-1,1,ERROR,2026-07-30T18:39:17.200512
69,14,7,-1,1,ERROR,2026-07-30T18:39:17.250268
69,14,8,-1,1,ERROR,2026-07-30T18:39:17.174933
69,14,9,-1,1,ERROR,2026-07-30T18:39:17.177216
69,14,10,-1,1,ERROR,2026-07-30T18:39:17.411720
69,15,1,-1,1,ERROR,2026-07-30T18:39:17.609072
69,15,2,-1,1,ERROR,2026-07-30T18:39:17.515219
69,15,3,-1,1,ERROR,2026-07-30T18:39:17.535906
69,15,4,-1,1,ERROR,2026-07-30T18:39:17.741794
69,15,5,-1,1,ERROR,2026-07-30T18:39:17.742033
69,15,6,-1,1,ERROR,2026-07-30T18:39:17.770376
69,15,7,-1,1,ERROR,2026-07-30T18:39:17.716402
69,15,8,-1,1,ERROR,2026-07-30T18:39:17.881983
69,15,9,-1,1,ERROR,2026-07-30T18:39:17.885848
69,15,10,-1,1,ERROR,2026-07-30T18:39:18.106288
69,16,1,-1,1,ERROR,2026-07-30T18:39:18.076599
69,16,2,-1,1,ERROR,2026-07-30T18:39:18.285213
69,16,3,-1,1,ERROR,2026-07-30T18:39:18.309393
69,16,4,-1,1,ERROR,2026-07-30T18:39:18.309260
69,16,5,-1,1,ERROR,2026-07-30T18:39:18.243697
69,16,6,-1,1,ERROR,2026-07-30T18:39:18.449163
69,16,7,-1,1,ERROR,2026-07-30T18:39:18.455518
69,16,8,-1,1,ERROR,2026-07-30T18:39:18.647518
69,16,9,-1,1,ERROR,2026-07-30T18:39:18.670467
69,16,10,-1,1,ERROR,2026-07-30T18:39:18.812316
69,17,1,-1,1,ERROR,2026-07-30T18:39:18.849619
69,17,2,-1,1,ERROR,2026-07-30T18:39:18.772641
69,17,3,-1,1,ERROR,2026-07-30T18:39:18.771298
69,17,4,-1,1,ERROR,2026-07-30T18:39:19.014014
69,17,5,-1,1,ERROR,2026-07-30T18:39:18.922927
69,17,6,-1,1,ERROR,2026-07-30T18:39:19.115852
69,17,7,-1,1,ERROR,2026-07-30T18:39:19.139984
69,17,8,-1,1,ERROR,2026-07-30T18:39:19.336360
69,17,9,-1,1,ERROR,2026-07-30T18:39:19.342422
69,17,10,-1,1,ERROR,2026-07-30T18:39:19.377825
69,18,1,-1,1,ERROR,2026-07-30T18:39:19.311881
69,18,2,-1,1,ERROR,2026-07-30T18:39:19.286407
69,18,3,-1,1,ERROR,2026-07-30T18:39:19.477895
69,18,4,-1,1,ERROR,2026-07-30T18:39:19.481991
69,18,5,-1,1,ERROR,2026-07-30T18:39:19.707049
69,18,6,-1,1,ERROR,2026-07-30T18:39:19.650707
69,18,7,-1,1,ERROR,2026-07-30T18:39:19.889716
69,18,8,-1,1,ERROR,2026-07-30T18:39:19.816002
69,18,9,-1,1,ERROR,2026-07-30T18:39:19.817752
69,18,10,-1,1,ERROR,2026-07-30T18:39:19.841451
69,19,1,-1,1,ERROR,2026-07-30T18:39:20.045906
69,19,2,-1,1,ERROR,2026-07-30T18:39:20.056392
69,19,3,-1,1,ERROR,2026-07-30T18:39:20.220073
69,19,4,-1,1,ERROR,2026-07-30T18:39:20.173994
69,19,5,-1,1,ERROR,2026-07-30T18:39:20.382581
69,19,6,-1,1,ERROR,2026-07-30T18:39:20.383703
69,19,7,-1,1,ERROR,2026-07-30T18:39:20.405365
69,19,8,-1,1,ERROR,2026-07-30T18:39:20.361718
69,19,9,-1,1,ERROR,2026-07-30T18:39:20.524514
69,19,10,-1,1,ERROR,2026-07-30T18:39:20.524482
69,20,1,-1,1,ERROR,2026-07-30T18:39:20.745495
69,20,2,-1,1,ERROR,2026-07-30T18:39:20.689901
69,20,3,-1,1,ERROR,2026-07-30T18:39:20.929983
69,20,4,-1,1,ERROR,2026-07-30T18:39:20.948114
69,20,5,-1,1,ERROR,2026-07-30T18:39:20.946712
69,20,6,-1,1,ERROR,2026-07-30T18:39:20.871259
69,20,7,-1,1,ERROR,2026-07-30T18:39:21.097707
69,20,8,-1,1,ERROR,2026-07-30T18:39:21.097651
69,20,9,-1,1,ERROR,2026-07-30T18:39:21.259826
69,20,10,-1,1,ERROR,2026-07-30T18:39:21.222412
69,21,1,-1,1,ERROR,2026-07-30T18:39:21.440120
69,21,2,-1,1,ERROR,2026-07-30T18:39:21.401133
69,21,3,-1,1,ERROR,2026-07-30T18:39:21.412799
69,21,4,-1,1,ERROR,2026-07-30T18:39:21.413850
69,21,5,-1,1,ERROR,2026-07-30T18:39:21.564513
69,21,6,-1,1,ERROR,2026-07-30T18:39:21.566149
69,21,7,-1,1,ERROR,2026-07-30T18:39:21.789925
69,21,8,-1,1,ERROR,2026-07-30T18:39:21.726713
69,21,9,-1,1,ERROR,2026-07-30T18:39:21.969272
69,21,10,-1,1,ERROR,2026-07-30T18:39:21.978103
69,22,1,-1,1,ERROR,2026-07-30T18:39:21.978081
69,22,2,-1,1,ERROR,2026-07-30T18:39:22.006005
69,22,3,-1,1,ERROR,2026-07-30T18:39:22.131832
69,22,4,-1,1,ERROR,2026-07-30T18:39:22.131988
69,22,5,-1,1,ERROR,2026-07-30T18:39:22.194776
69,22,6,-1,1,ERROR,2026-07-30T18:39:22.360144
69,22,7,-1,1,ERROR,2026-07-30T18:39:22.537401
69,22,8,-1,1,ERROR,2026-07-30T18:39:22.443603
69,22,9,-1,1,ERROR,2026-07-30T18:39:22.440364
69,22,10,-1,1,ERROR,2026-07-30T18:39:22.473666
69,23,1,-1,1,ERROR,2026-07-30T18:39:22.700976
69,23,2,-1,1,ERROR,2026-07-30T18:39:22.700941
69,23,3,-1,1,ERROR,2026-07-30T18:39:22.671744
69,23,4,-1,1,ERROR,2026-07-30T18:39:22.830003
69,23,5,-1,1,ERROR,2026-07-30T18:39:22.803753
69,23,6,-1,1,ERROR,2026-07-30T18:39:22.809512
69,23,7,-1,1,ERROR,2026-07-30T18:39:23.043718
69,23,8,-1,1,ERROR,2026-07-30T18:39:23.005094
69,23,9,-1,1,ERROR,2026-07-30T18:39:23.242160
69,23,10,-1,1,ERROR,2026-07-30T18:39:23.173232
69,24,1,-1,1,ERROR,2026-07-30T18:39:23.167533
69,24,2,-1,1,ERROR,2026-07-30T18:39:23.167563
69,24,3,-1,1,ERROR,2026-07-30T18:39:23.378314
69,24,4,-1,1,ERROR,2026-07-30T18:39:23.400426
69,24,5,-1,1,ERROR,2026-07-30T18:39:23.571444
69,24,6,-1,1,ERROR,2026-07-30T18:39:23.512216
69,24,7,-1,1,ERROR,2026-07-30T18:39:23.736472
69,24,8,-1,1,ERROR,2026-07-30T18:39:23.736443
69,24,9,-1,1,ERROR,2026-07-30T18:39:23.736519
69,24,10,-1,1,ERROR,2026-07-30T18:39:23.706013
69,25,1,-1,1,ERROR,2026-07-30T18:39:23.946978
69,25,2,-1,1,ERROR,2026-07-30T18:39:23.864359
69,25,3,-1,1,ERROR,2026-07-30T18:39:24.078849
69,25,4,-1,1,ERROR,2026-07-30T18:39:24.035206
69,25,5,-1,1,ERROR,2026-07-30T18:39:24.271019
69,25,6,-1,1,ERROR,2026-07-30T18:39:24.302642
69,25,7,-1,1,ERROR,2026-07-30T18:39:24.302671
69,25,8,-1,1,ERROR,2026-07-30T18:39:24.302698
69,25,9,-1,1,ERROR,2026-07-30T18:39:24.437204
69,25,10,-1,1,ERROR,2026-07-30T18:39:24.406457
69,26,1,-1,1,ERROR,2026-07-30T18:39:24.403664
69,26,2,-1,1,ERROR,2026-07-30T18:39:24.546309
69,26,3,-1,1,ERROR,2026-07-30T18:39:24.742361
69,26,4,-1,1,ERROR,2026-07-30T18:39:24.767384
69,26,5,-1,1,ERROR,2026-07-30T18:39:24.767413
69,26,6,-1,1,ERROR,2026-07-30T18:39:24.768709
69,26,7,-1,1,ERROR,2026-07-30T18:39:24.967911
69,26,8,-1,1,ERROR,2026-07-30T18:39:24.972702
69,26,9,-1,1,ERROR,2026-07-30T18:39:25.005365
69,26,10,-1,1,ERROR,2026-07-30T18:39:25.010450
69,27,1,-1,1,ERROR,2026-07-30T18:39:25.112697
69,27,2,-1,1,ERROR,2026-07-30T18:39:25.332369
69,27,3,-1,1,ERROR,2026-07-30T18:39:25.332337
69,27,4,-1,1,ERROR,2026-07-30T18:39:25.336420
69,27,5,-1,1,ERROR,2026-07-30T18:39:25.535357
69,27,6,-1,1,ERROR,2026-07-30T18:39:25.437528
69,27,7,-1,1,ERROR,2026-07-30T18:39:25.471125
69,27,8,-1,1,ERROR,2026-07-30T18:39:25.478362
69,27,9,-1,1,ERROR,2026-07-30T18:39:25.679119
69,27,10,-1,1,ERROR,2026-07-30T18:39:25.798805
69,28,1,-1,1,ERROR,2026-07-30T18:39:25.798784
69,28,2,-1,1,ERROR,2026-07-30T18:39:25.800562
69,28,3,-1,1,ERROR,2026-07-30T18:39:25.802714
69,28,4,-1,1,ERROR,2026-07-30T18:39:26.039382
69,28,5,-1,1,ERROR,2026-07-30T18:39:26.042777
69,28,6,-1,1,ERROR,2026-07-30T18:39:25.997109
69,28,7,-1,1,ERROR,2026-07-30T18:39:26.145818
69,28,8,-1,1,ERROR,2026-07-30T18:39:26.367622
69,28,9,-1,1,ERROR,2026-07-30T18:39:26.364753
69,28,10,-1,1,ERROR,2026-07-30T18:39:26.369401
69,29,1,-1,1,ERROR,2026-07-30T18:39:26.370784
69,29,2,-1,1,ERROR,2026-07-30T18:39:26.566515
69,29,3,-1,1,ERROR,2026-07-30T18:39:26.507169
69,29,4,-1,1,ERROR,2026-07-30T18:39:26.507200
69,29,5,-1,1,ERROR,2026-07-30T18:39:26.714992
69,29,6,-1,1,ERROR,2026-07-30T18:39:26.835333
69,29,7,-1,1,ERROR,2026-07-30T18:39:26.834229
69,29,8,-1,1,ERROR,2026-07-30T18:39:26.835282
69,29,9,-1,1,ERROR,2026-07-30T18:39:26.836729
69,29,10,-1,1,ERROR,2026-07-30T18:39:27.074656
69,30,1,-1,1,ERROR,2026-07-30T18:39:27.074684
69,30,2,-1,1,ERROR,2026-07-30T18:39:27.034910
69,30,3,-1,1,ERROR,2026-07-30T18:39:27.286913
69,30,4,-1,1,ERROR,2026-07-30T18:39:27.204094
69,30,5,-1,1,ERROR,2026-07-30T18:39:27.202911
69,30,6,-1,1,ERROR,2026-07-30T18:39:27.301056
69,30,7,-1,1,ERROR,2026-07-30T18:39:27.301083
69,30,8,-1,1,ERROR,2026-07-30T18:39:27.402090
69,30,9,-1,1,ERROR,2026-07-30T18:39:27.539008
69,30,10,-1,1,ERROR,2026-07-30T18:39:27.540435
70,1,1,-1,1,ERROR,2026-07-30T18:39:27.769818
70,1,2,-1,1,ERROR,2026-07-30T18:39:27.769840
70,1,3,-1,1,ERROR,2026-07-30T18:39:27.754700
70,1,4,-1,1,ERROR,2026-07-30T18:39:27.774805
70,1,5,-1,1,ERROR,2026-07-30T18:39:27.774785
70,1,6,-1,1,ERROR,2026-07-30T18:39:27.968298
70,1,7,-1,1,ERROR,2026-07-30T18:39:27.906366
70,1,8,-1,1,ERROR,2026-07-30T18:39:27.911701
70,1,9,-1,1,ERROR,2026-07-30T18:39:28.119905
70,1,10,-1,1,ERROR,2026-07-30T18:39:28.335728
70,2,1,-1,1,ERROR,2026-07-30T18:39:28.340344
70,2,2,-1,1,ERROR,2026-07-30T18:39:28.343958
70,2,3,-1,1,ERROR,2026-07-30T18:39:28.343980
70,2,4,-1,1,ERROR,2026-07-30T18:39:28.374413
70,2,5,-1,1,ERROR,2026-07-30T18:39:28.379911
70,2,6,-1,1,ERROR,2026-07-30T18:39:28.535028
70,2,7,-1,1,ERROR,2026-07-30T18:39:28.691767
70,2,8,-1,1,ERROR,2026-07-30T18:39:28.900338
70,2,9,-1,1,ERROR,2026-07-30T18:39:28.910348
70,2,10,-1,1,ERROR,2026-07-30T18:39:28.910389
70,3,1,-1,1,ERROR,2026-07-30T18:39:28.910373
70,3,2,-1,1,ERROR,2026-07-30T18:39:28.843132
70,3,3,-1,1,ERROR,2026-07-30T18:39:28.843892
70,3,4,-1,1,ERROR,2026-07-30T18:39:28.999190
70,3,5,-1,1,ERROR,2026-07-30T18:39:29.166324
70,3,6,-1,1,ERROR,2026-07-30T18:39:29.412686
70,3,7,-1,1,ERROR,2026-07-30T18:39:29.412651
70,3,8,-1,1,ERROR,2026-07-30T18:39:29.368994
70,3,9,-1,1,ERROR,2026-07-30T18:39:29.377850
70,3,10,-1,1,ERROR,2026-07-30T18:39:29.382137
70,4,1,-1,1,ERROR,2026-07-30T18:39:29.377876
70,4,2,-1,1,ERROR,2026-07-30T18:39:29.567755
70,4,3,-1,1,ERROR,2026-07-30T18:39:29.532156
70,4,4,-1,1,ERROR,2026-07-30T18:39:29.734842
70,4,5,-1,1,ERROR,2026-07-30T18:39:29.947549
70,4,6,-1,1,ERROR,2026-07-30T18:39:29.947222
70,4,7,-1,1,ERROR,2026-07-30T18:39:29.950309
70,4,8,-1,1,ERROR,2026-07-30T18:39:29.975751
70,4,9,-1,1,ERROR,2026-07-30T18:39:29.981774
70,4,10,-1,1,ERROR,2026-07-30T18:39:30.102182
70,5,1,-1,1,ERROR,2026-07-30T18:39:30.132949
70,5,2,-1,1,ERROR,2026-07-30T18:39:30.300538
70,5,3,-1,1,ERROR,2026-07-30T18:39:30.514520
70,5,4,-1,1,ERROR,2026-07-30T18:39:30.514557
70,5,5,-1,1,ERROR,2026-07-30T18:39:30.516344
70,5,6,-1,1,ERROR,2026-07-30T18:39:30.627552
70,5,7,-1,1,ERROR,2026-07-30T18:39:30.630837
70,5,8,-1,1,ERROR,2026-07-30T18:39:30.677051
70,5,9,-1,1,ERROR,2026-07-30T18:39:30.700302
70,5,10,-1,1,ERROR,2026-07-30T18:39:30.871463
70,6,1,-1,1,ERROR,2026-07-30T18:39:30.980586
70,6,2,-1,1,ERROR,2026-07-30T18:39:30.979254
70,6,3,-1,1,ERROR,2026-07-30T18:39:30.986434
70,6,6,-1,1,ERROR,2026-07-30T18:39:31.144280
70,6,7,-1,1,ERROR,2026-07-30T18:39:31.168031
70,6,5,-1,1,ERROR,2026-07-30T18:39:31.198982
70,6,4,-1,1,ERROR,2026-07-30T18:39:31.202071
70,6,8,-1,1,ERROR,2026-07-30T18:39:31.337350
70,6,9,-1,1,ERROR,2026-07-30T18:39:31.548823
70,7,1,-1,1,ERROR,2026-07-30T18:39:31.551470
70,6,10,-1,1,ERROR,2026-07-30T18:39:31.551496
70,7,3,-1,1,ERROR,2026-07-30T18:39:31.670113
70,7,5,-1,1,ERROR,2026-07-30T18:39:31.670468
70,7,4,-1,1,ERROR,2026-07-30T18:39:31.671455
70,7,2,-1,1,ERROR,2026-07-30T18:39:31.719690
70,7,6,-1,1,ERROR,2026-07-30T18:39:31.902106
70,7,8,-1,1,ERROR,2026-07-30T18:39:32.019858
70,7,7,-1,1,ERROR,2026-07-30T18:39:32.019953
70,7,9,-1,1,ERROR,2026-07-30T18:39:32.021799
70,7,10,-1,1,ERROR,2026-07-30T18:39:32.238256
70,8,1,-1,1,ERROR,2026-07-30T18:39:32.239413
70,8,2,-1,1,ERROR,2026-07-30T18:39:32.240120
70,8,3,-1,1,ERROR,2026-07-30T18:39:32.283711
70,8,4,-1,1,ERROR,2026-07-30T18:39:32.367159
70,8,5,-1,1,ERROR,2026-07-30T18:39:32.385456
70,8,7,-1,1,ERROR,2026-07-30T18:39:32.589437
70,8,6,-1,1,ERROR,2026-07-30T18:39:32.589480
70,9,1,-1,1,ERROR,2026-07-30T18:39:32.753263
70,8,8,-1,1,ERROR,2026-07-30T18:39:32.805828
70,8,9,-1,1,ERROR,2026-07-30T18:39:32.805863
70,8,10,-1,1,ERROR,2026-07-30T18:39:32.805896
70,9,2,-1,1,ERROR,2026-07-30T18:39:32.933966
70,9,3,-1,1,ERROR,2026-07-30T18:39:32.954051
70,9,4,-1,1,ERROR,2026-07-30T18:39:33.056949
70,9,5,-1,1,ERROR,2026-07-30T18:39:33.059732
70,9,7,-1,1,ERROR,2026-07-30T18:39:33.269774
70,9,8,-1,1,ERROR,2026-07-30T18:39:33.271196
70,9,9,-1,1,ERROR,2026-07-30T18:39:33.273354
70,9,6,-1,1,ERROR,2026-07-30T18:39:33.318499
70,10,2,-1,1,ERROR,2026-07-30T18:39:33.422080
70,10,1,-1,1,ERROR,2026-07-30T18:39:33.426043
70,10,3,-1,1,ERROR,2026-07-30T18:39:33.427138
70,9,10,-1,1,ERROR,2026-07-30T18:39:33.502527
70,10,4,-1,1,ERROR,2026-07-30T18:39:33.633671
70,10,6,-1,1,ERROR,2026-07-30T18:39:33.840451
70,10,5,-1,1,ERROR,2026-07-30T18:39:33.840514
70,10,7,-1,1,ERROR,2026-07-30T18:39:33.887544
70,10,8,-1,1,ERROR,2026-07-30T18:39:33.889086
70,10,9,-1,1,ERROR,2026-07-30T18:39:33.895915
70,10,10,-1,1,ERROR,2026-07-30T18:39:33.999639
70,11,2,-1,1,ERROR,2026-07-30T18:39:34.006772
70,11,1,-1,1,ERROR,2026-07-30T18:39:34.074963
70,11,4,-1,1,ERROR,2026-07-30T18:39:34.208170
70,11,3,-1,1,ERROR,2026-07-30T18:39:34.412533
70,11,6,-1,1,ERROR,2026-07-30T18:39:34.451229
70,11,5,-1,1,ERROR,2026-07-30T18:39:34.453857
70,11,7,-1,1,ERROR,2026-07-30T18:39:34.464801
70,11,8,-1,1,ERROR,2026-07-30T18:39:34.464824
70,11,9,-1,1,ERROR,2026-07-30T18:39:34.471772
70,12,1,-1,1,ERROR,2026-07-30T18:39:34.575298
70,11,10,-1,1,ERROR,2026-07-30T18:39:34.645411
70,12,2,-1,1,ERROR,2026-07-30T18:39:34.782003
70,12,4,-1,1,ERROR,2026-07-30T18:39:35.016807
70,12,3,-1,1,ERROR,2026-07-30T18:39:35.019125
70,12,5,-1,1,ERROR,2026-07-30T18:39:35.031874
70,12,6,-1,1,ERROR,2026-07-30T18:39:35.033840
70,12,7,-1,1,ERROR,2026-07-30T18:39:35.041557
70,12,8,-1,1,ERROR,2026-07-30T18:39:35.041576
70,12,10,-1,1,ERROR,2026-07-30T18:39:35.152750
70,12,9,-1,1,ERROR,2026-07-30T18:39:35.212645
70,13,2,-1,1,ERROR,2026-07-30T18:39:35.383940
70,13,1,-1,1,ERROR,2026-07-30T18:39:35.588079
70,13,3,-1,1,ERROR,2026-07-30T18:39:35.600893
70,13,4,-1,1,ERROR,2026-07-30T18:39:35.600929
70,13,6,-1,1,ERROR,2026-07-30T18:39:35.606143
70,13,5,-1,1,ERROR,2026-07-30T18:39:35.613170
70,13,7,-1,1,ERROR,2026-07-30T18:39:35.617275
70,13,9,-1,1,ERROR,2026-07-30T18:39:35.747667
70,13,8,-1,1,ERROR,2026-07-30T18:39:35.781973
70,13,10,-1,1,ERROR,2026-07-30T18:39:35.952799
70,14,1,-1,1,ERROR,2026-07-30T18:39:36.168374
70,14,2,-1,1,ERROR,2026-07-30T18:39:36.168407
70,14,3,-1,1,ERROR,2026-07-30T18:39:36.174179
70,14,5,-1,1,ERROR,2026-07-30T18:39:36.182044
70,14,4,-1,1,ERROR,2026-07-30T18:39:36.182063
70,14,6,-1,1,ERROR,2026-07-30T18:39:36.241580
70,14,8,-1,1,ERROR,2026-07-30T18:39:36.322218
70,14,7,-1,1,ERROR,2026-07-30T18:39:36.375744
70,14,10,-1,1,ERROR,2026-07-30T18:39:36.538847
70,14,9,-1,1,ERROR,2026-07-30T18:39:36.740142
70,15,1,-1,1,ERROR,2026-07-30T18:39:36.749833
70,15,3,-1,1,ERROR,2026-07-30T18:39:36.749864
70,15,2,-1,1,ERROR,2026-07-30T18:39:36.749887
70,15,5,-1,1,ERROR,2026-07-30T18:39:36.801644
70,15,4,-1,1,ERROR,2026-07-30T18:39:36.806101
70,15,7,-1,1,ERROR,2026-07-30T18:39:36.907677
70,15,6,-1,1,ERROR,2026-07-30T18:39:36.944195
70,15,8,-1,1,ERROR,2026-07-30T18:39:37.105531
70,15,10,-1,1,ERROR,2026-07-30T18:39:37.316375
70,16,1,-1,1,ERROR,2026-07-30T18:39:37.316408
70,15,9,-1,1,ERROR,2026-07-30T18:39:37.321611
70,16,2,-1,1,ERROR,2026-07-30T18:39:37.368868
70,16,3,-1,1,ERROR,2026-07-30T18:39:37.370298
70,16,4,-1,1,ERROR,2026-07-30T18:39:37.371844
70,16,6,-1,1,ERROR,2026-07-30T18:39:37.476004
70,16,5,-1,1,ERROR,2026-07-30T18:39:37.521863
70,16,8,-1,1,ERROR,2026-07-30T18:39:37.681976
70,16,7,-1,1,ERROR,2026-07-30T18:39:37.883961
70,16,9,-1,1,ERROR,2026-07-30T18:39:37.885926
70,17,2,-1,1,ERROR,2026-07-30T18:39:37.938471
70,17,1,-1,1,ERROR,2026-07-30T18:39:37.938501
70,16,10,-1,1,ERROR,2026-07-30T18:39:37.938516
70,17,3,-1,1,ERROR,2026-07-30T18:39:37.948871
70,17,4,-1,1,ERROR,2026-07-30T18:39:38.086817
70,17,5,-1,1,ERROR,2026-07-30T18:39:38.252297
70,17,9,-1,1,ERROR,2026-07-30T18:39:38.403712
70,17,8,-1,1,ERROR,2026-07-30T18:39:38.406911
70,17,10,-1,1,ERROR,2026-07-30T18:39:38.406929
70,18,1,-1,1,ERROR,2026-07-30T18:39:38.412799
70,17,6,-1,1,ERROR,2026-07-30T18:39:38.447002
70,17,7,-1,1,ERROR,2026-07-30T18:39:38.449827
70,18,2,-1,1,ERROR,2026-07-30T18:39:38.653577
70,18,3,-1,1,ERROR,2026-07-30T18:39:38.823740
70,18,5,-1,1,ERROR,2026-07-30T18:39:38.973453
70,18,4,-1,1,ERROR,2026-07-30T18:39:38.973741
70,18,6,-1,1,ERROR,2026-07-30T18:39:38.975872
70,18,7,-1,1,ERROR,2026-07-30T18:39:38.985868
70,18,8,-1,1,ERROR,2026-07-30T18:39:39.014283
70,18,9,-1,1,ERROR,2026-07-30T18:39:39.014314
70,18,10,-1,1,ERROR,2026-07-30T18:39:39.117319
70,19,1,-1,1,ERROR,2026-07-30T18:39:39.288955
70,19,6,-1,1,ERROR,2026-07-30T18:39:39.480271
70,19,7,-1,1,ERROR,2026-07-30T18:39:39.480306
70,19,2,-1,1,ERROR,2026-07-30T18:39:39.535802
70,19,4,-1,1,ERROR,2026-07-30T18:39:39.543301
70,19,3,-1,1,ERROR,2026-07-30T18:39:39.543346
70,19,5,-1,1,ERROR,2026-07-30T18:39:39.549819
70,19,9,-1,1,ERROR,2026-07-30T18:39:39.653380
70,19,8,-1,1,ERROR,2026-07-30T18:39:39.682529
70,19,10,-1,1,ERROR,2026-07-30T18:39:39.844053
70,20,1,-1,1,ERROR,2026-07-30T18:39:39.852710
70,20,6,-1,1,ERROR,2026-07-30T18:39:40.042375
70,20,2,-1,1,ERROR,2026-07-30T18:39:40.105409
70,20,4,-1,1,ERROR,2026-07-30T18:39:40.108087
70,20,3,-1,1,ERROR,2026-07-30T18:39:40.108112
70,20,5,-1,1,ERROR,2026-07-30T18:39:40.116929
70,20,9,-1,1,ERROR,2026-07-30T18:39:40.219852
70,20,7,-1,1,ERROR,2026-07-30T18:39:40.272063
70,20,8,-1,1,ERROR,2026-07-30T18:39:40.313932
70,20,10,-1,1,ERROR,2026-07-30T18:39:40.412833
70,21,1,-1,1,ERROR,2026-07-30T18:39:40.570023
70,21,2,-1,1,ERROR,2026-07-30T18:39:40.571923
70,21,3,-1,1,ERROR,2026-07-30T18:39:40.571944
70,21,4,-1,1,ERROR,2026-07-30T18:39:40.582018
70,21,7,-1,1,ERROR,2026-07-30T18:39:40.779351
70,21,5,-1,1,ERROR,2026-07-30T18:39:40.796100
70,21,6,-1,1,ERROR,2026-07-30T18:39:40.838263
70,22,2,-1,1,ERROR,2026-07-30T18:39:40.946480
70,21,8,-1,1,ERROR,2026-07-30T18:39:40.982422
70,21,9,-1,1,ERROR,2026-07-30T18:39:41.038630
70,21,10,-1,1,ERROR,2026-07-30T18:39:41.038670
70,22,1,-1,1,ERROR,2026-07-30T18:39:41.038689
70,22,3,-1,1,ERROR,2026-07-30T18:39:41.151064
70,22,6,-1,1,ERROR,2026-07-30T18:39:41.316013
70,22,4,-1,1,ERROR,2026-07-30T18:39:41.363986
70,22,5,-1,1,ERROR,2026-07-30T18:39:41.407701
70,22,9,-1,1,ERROR,2026-07-30T18:39:41.515829
70,22,10,-1,1,ERROR,2026-07-30T18:39:41.518448
70,22,8,-1,1,ERROR,2026-07-30T18:39:41.527506
70,22,7,-1,1,ERROR,2026-07-30T18:39:41.556234
70,23,2,-1,1,ERROR,2026-07-30T18:39:41.687679
70,23,1,-1,1,ERROR,2026-07-30T18:39:41.719815
70,23,3,-1,1,ERROR,2026-07-30T18:39:41.840322
70,23,4,-1,1,ERROR,2026-07-30T18:39:41.872956
70,23,8,-1,1,ERROR,2026-07-30T18:39:42.026237
70,23,6,-1,1,ERROR,2026-07-30T18:39:42.086099
70,23,7,-1,1,ERROR,2026-07-30T18:39:42.091388
70,23,5,-1,1,ERROR,2026-07-30T18:39:42.091409
70,24,1,-1,1,ERROR,2026-07-30T18:39:42.210220
70,23,9,-1,1,ERROR,2026-07-30T18:39:42.255867
70,23,10,-1,1,ERROR,2026-07-30T18:39:42.288235
70,24,2,-1,1,ERROR,2026-07-30T18:39:42.439202
70,24,4,-1,1,ERROR,2026-07-30T18:39:42.565373
70,24,6,-1,1,ERROR,2026-07-30T18:39:42.565400
70,24,5,-1,1,ERROR,2026-07-30T18:39:42.567111
70,24,3,-1,1,ERROR,2026-07-30T18:39:42.594077
70,24,8,-1,1,ERROR,2026-07-30T18:39:42.725384
70,24,9,-1,1,ERROR,2026-07-30T18:39:42.754837
70,24,7,-1,1,ERROR,2026-07-30T18:39:42.775069
70,24,10,-1,1,ERROR,2026-07-30T18:39:42.902369
70,25,2,-1,1,ERROR,2026-07-30T18:39:43.131040
70,25,1,-1,1,ERROR,2026-07-30T18:39:43.131067
70,25,3,-1,1,ERROR,2026-07-30T18:39:43.132692
70,25,4,-1,1,ERROR,2026-07-30T18:39:43.160936
70,25,6,-1,1,ERROR,2026-07-30T18:39:43.322589
70,25,7,-1,1,ERROR,2026-07-30T18:39:43.345634
70,25,8,-1,1,ERROR,2026-07-30T18:39:43.377091
70,25,5,-1,1,ERROR,2026-07-30T18:39:43.405953
70,25,10,-1,1,ERROR,2026-07-30T18:39:43.618310
70,25,9,-1,1,ERROR,2026-07-30T18:39:43.618357
70,26,1,-1,1,ERROR,2026-07-30T18:39:43.618390
70,26,3,-1,1,ERROR,2026-07-30T18:39:43.708750
70,26,2,-1,1,ERROR,2026-07-30T18:39:43.734246
70,26,6,-1,1,ERROR,2026-07-30T18:39:43.879586
70,26,4,-1,1,ERROR,2026-07-30T18:39:43.922646
70,26,5,-1,1,ERROR,2026-07-30T18:39:43.950761
70,26,10,-1,1,ERROR,2026-07-30T18:39:44.075248
70,26,7,-1,1,ERROR,2026-07-30T18:39:44.082132
70,26,9,-1,1,ERROR,2026-07-30T18:39:44.084168
70,27,2,-1,1,ERROR,2026-07-30T18:39:44.244258
70,27,1,-1,1,ERROR,2026-07-30T18:39:44.309127
70,27,4,-1,1,ERROR,2026-07-30T18:39:44.417655
70,27,3,-1,1,ERROR,2026-07-30T18:39:44.493924
70,26,8,-1,1,ERROR,2026-07-30T18:39:44.503011
70,27,5,-1,1,ERROR,2026-07-30T18:39:44.647267
70,27,7,-1,1,ERROR,2026-07-30T18:39:44.649593
70,27,6,-1,1,ERROR,2026-07-30T18:39:44.649723
70,27,10,-1,1,ERROR,2026-07-30T18:39:44.793879
70,27,8,-1,1,ERROR,2026-07-30T18:39:44.812373
70,27,9,-1,1,ERROR,2026-07-30T18:39:44.877519
70,28,1,-1,1,ERROR,2026-07-30T18:39:44.956976
70,28,2,-1,1,ERROR,2026-07-30T18:39:44.969927
70,28,4,-1,1,ERROR,2026-07-30T18:39:45.218053
70,28,3,-1,1,ERROR,2026-07-30T18:39:45.218094
70,28,5,-1,1,ERROR,2026-07-30T18:39:45.220068
70,28,9,-1,1,ERROR,2026-07-30T18:39:45.326423
70,28,8,-1,1,ERROR,2026-07-30T18:39:45.346239
70,28,6,-1,1,ERROR,2026-07-30T18:39:45.362790
70,28,7,-1,1,ERROR,2026-07-30T18:39:45.383435
70,28,10,-1,1,ERROR,2026-07-30T18:39:45.544474
70,29,2,-1,1,ERROR,2026-07-30T18:39:45.686048
70,29,3,-1,1,ERROR,2026-07-30T18:39:45.751113
70,29,1,-1,1,ERROR,2026-07-30T18:39:45.754663
70,29,4,-1,1,ERROR,2026-07-30T18:39:45.890511
70,29,5,-1,1,ERROR,2026-07-30T18:39:45.910837
70,29,6,-1,1,ERROR,2026-07-30T18:39:45.927165
70,29,7,-1,1,ERROR,2026-07-30T18:39:45.947215
70,29,9,-1,1,ERROR,2026-07-30T18:39:46.047198
70,29,8,-1,1,ERROR,2026-07-30T18:39:46.113983
70,29,10,-1,1,ERROR,2026-07-30T18:39:46.228253
70,30,1,-1,1,ERROR,2026-07-30T18:39:46.230002
70,30,4,-1,1,ERROR,2026-07-30T18:39:46.397835
70,30,5,-1,1,ERROR,2026-07-30T18:39:46.411485
70,30,2,-1,1,ERROR,2026-07-30T18:39:46.460875
70,30,3,-1,1,ERROR,2026-07-30T18:39:46.475802
70,30,9,-1,1,ERROR,2026-07-30T18:39:46.592019
70,30,8,-1,1,ERROR,2026-07-30T18:39:46.593641
70,30,6,-1,1,ERROR,2026-07-30T18:39:46.617192
70,30,7,-1,1,ERROR,2026-07-30T18:39:46.680727
71,1,1,-1,1,ERROR,2026-07-30T18:39:46.779143
70,30,10,-1,1,ERROR,2026-07-30T18:39:46.866481
71,1,5,-1,1,ERROR,2026-07-30T18:39:46.960086
71,1,4,-1,1,ERROR,2026-07-30T18:39:46.962210
71,1,2,-1,1,ERROR,2026-07-30T18:39:47.029312
71,1,3,-1,1,ERROR,2026-07-30T18:39:47.043082
71,1,8,-1,1,ERROR,2026-07-30T18:39:47.150342
71,1,6,-1,1,ERROR,2026-07-30T18:39:47.180226
71,1,7,-1,1,ERROR,2026-07-30T18:39:47.244094
71,1,10,-1,1,ERROR,2026-07-30T18:39:47.335566
71,2,1,-1,1,ERROR,2026-07-30T18:39:47.335600
71,1,9,-1,1,ERROR,2026-07-30T18:39:47.337930
71,2,3,-1,1,ERROR,2026-07-30T18:39:47.513495
71,2,4,-1,1,ERROR,2026-07-30T18:39:47.517062
71,2,2,-1,1,ERROR,2026-07-30T18:39:47.598803
71,2,9,-1,1,ERROR,2026-07-30T18:39:47.706523
71,2,7,-1,1,ERROR,2026-07-30T18:39:47.711945
71,2,6,-1,1,ERROR,2026-07-30T18:39:47.732230
71,2,5,-1,1,ERROR,2026-07-30T18:39:47.755535
71,2,10,-1,1,ERROR,2026-07-30T18:39:47.881135
71,3,1,-1,1,ERROR,2026-07-30T18:39:47.882471
71,2,8,-1,1,ERROR,2026-07-30T18:39:47.917322
71,3,2,-1,1,ERROR,2026-07-30T18:39:48.069551
71,3,6,-1,1,ERROR,2026-07-30T18:39:48.230389
71,3,3,-1,1,ERROR,2026-07-30T18:39:48.277717
71,3,4,-1,1,ERROR,2026-07-30T18:39:48.279927
71,3,5,-1,1,ERROR,2026-07-30T18:39:48.310285
71,3,7,-1,1,ERROR,2026-07-30T18:39:48.446393
71,3,8,-1,1,ERROR,2026-07-30T18:39:48.451442
71,3,9,-1,1,ERROR,2026-07-30T18:39:48.488506
71,4,1,-1,1,ERROR,2026-07-30T18:39:48.605455
71,3,10,-1,1,ERROR,2026-07-30T18:39:48.641720
71,4,4,-1,1,ERROR,2026-07-30T18:39:48.792611
71,4,3,-1,1,ERROR,2026-07-30T18:39:48.847254
71,4,2,-1,1,ERROR,2026-07-30T18:39:48.848852
71,4,7,-1,1,ERROR,2026-07-30T18:39:48.951753
71,4,5,-1,1,ERROR,2026-07-30T18:39:49.012778
71,4,6,-1,1,ERROR,2026-07-30T18:39:49.018138
71,4,9,-1,1,ERROR,2026-07-30T18:39:49.113288
71,4,8,-1,1,ERROR,2026-07-30T18:39:49.176332
71,5,2,-1,1,ERROR,2026-07-30T18:39:49.321197
71,5,1,-1,1,ERROR,2026-07-30T18:39:49.329816
71,4,10,-1,1,ERROR,2026-07-30T18:39:49.363843
71,5,5,-1,1,ERROR,2026-07-30T18:39:49.487569
71,5,4,-1,1,ERROR,2026-07-30T18:39:49.488728
71,5,3,-1,1,ERROR,2026-07-30T18:39:49.520253
71,5,7,-1,1,ERROR,2026-07-30T18:39:49.648491
71,5,6,-1,1,ERROR,2026-07-30T18:39:49.689699
71,5,9,-1,1,ERROR,2026-07-30T18:39:49.796726
71,5,10,-1,1,ERROR,2026-07-30T18:39:49.841215
71,5,8,-1,1,ERROR,2026-07-30T18:39:49.891054
