persona_id,question_id,run_index,rating,failures,response,collected_at
0,1,1,5,0,5,2026-07-30T14:00:54.722662
0,1,2,5,0,5,2026-07-30T14:00:55.986213
0,1,3,3,0,3,2026-07-30T14:00:57.651212
0,1,4,4,0,4,2026-07-30T14:00:58.994818
0,1,5,5,0,5,2026-07-30T14:01:00.062157
0,1,6,4,0,4,2026-07-30T14:01:01.140918
0,1,7,2,0,2,2026-07-30T14:01:03.022227
0,1,8,4,0,4,2026-07-30T14:01:04.296142
0,1,9,4,0,4,2026-07-30T14:01:05.993849
0,1,10,4,0,4,2026-07-30T14:01:07.236539
0,2,1,5,0,5,2026-07-30T14:01:08.302697
0,2,2,5,0,5,2026-07-30T14:01:09.759989
0,2,3,5,0,5,2026-07-30T14:01:11.823010
0,2,4,5,0,5,2026-07-30T14:01:12.877682
0,2,5,5,0,5,2026-07-30T14:01:14.743106
0,2,6,5,0,5,2026-07-30T14:01:16.601159
0,2,7,5,0,5,2026-07-30T14:01:17.460253
0,2,8,5,0,5,2026-07-30T14:01:18.491673
0,2,9,5,0,5,2026-07-30T14:01:20.336741
0,2,10,5,0,5,2026-07-30T14:01:21.573917
0,3,1,0,0,0,2026-07-30T14:01:23.036765
0,3,2,0,0,0,2026-07-30T14:01:24.298552
0,3,3,0,0,0,2026-07-30T14:01:25.335024
0,3,4,2,0,2,2026-07-30T14:01:27.208511
0,3,5,2,0,2,2026-07-30T14:01:28.276414
0,3,6,4,0,4,2026-07-30T14:01:29.743406
0,3,7,0,0,0,2026-07-30T14:01:31.403776
0,3,8,0,0,0,2026-07-30T14:01:33.275811
0,3,9,0,0,0,2026-07-30T14:01:34.531477
0,3,10,0,0,0,2026-07-30T14:01:36.216055
0,4,1,0,0,0,2026-07-30T14:01:37.697166
0,4,2,0,0,0,2026-07-30T14:01:39.142198
0,4,3,0,0,0,2026-07-30T14:01:40.850748
0,4,4,0,0,0,2026-07-30T14:01:42.316742
0,4,5,0,0,0,2026-07-30T14:01:43.621089
0,4,6,0,0,0,2026-07-30T14:01:44.628706
0,4,7,0,0,0,2026-07-30T14:01:46.264053
0,4,8,0,0,0,2026-07-30T14:01:48.117325
0,4,9,0,0,0,2026-07-30T14:01:49.581709
0,4,10,0,0,0,2026-07-30T14:01:51.439952
0,5,1,0,0,0,2026-07-30T14:01:53.320472
0,5,2,0,0,0,2026-07-30T14:01:54.576725
0,5,3,0,0,0,2026-07-30T14:01:56.227118
0,5,4,0,0,0,2026-07-30T14:01:57.886135
0,5,5,0,0,0,2026-07-30T14:01:59.362206
0,5,6,0,0,0,2026-07-30T14:02:00.616294
0,5,7,0,0,0,2026-07-30T14:02:02.462607
0,5,8,0,0,0,2026-07-30T14:02:04.408640
0,5,9,0,0,0,2026-07-30T14:02:05.662888
0,5,10,0,0,0,2026-07-30T14:02:06.902349
0,6,1,5,0,5,2026-07-30T14:02:08.364887
0,6,2,5,0,5,2026-07-30T14:02:09.807864
0,6,3,5,0,5,2026-07-30T14:02:11.076926
0,6,4,5,0,5,2026-07-30T14:02:12.337016
0,6,5,5,0,5,2026-07-30T14:02:13.381710
0,6,6,5,0,5,2026-07-30T14:02:15.030071
0,6,7,5,0,5,2026-07-30T14:02:16.282748
0,6,8,5,0,5,2026-07-30T14:02:18.511274
0,6,9,5,0,5,2026-07-30T14:02:20.161758
0,6,10,5,0,5,2026-07-30T14:02:21.799041
0,7,1,5,0,5,2026-07-30T14:02:23.337775
0,7,2,5,0,5,2026-07-30T14:02:24.572342
0,7,3,5,0,5,2026-07-30T14:02:26.409791
0,7,4,5,0,5,2026-07-30T14:02:27.882968
0,7,5,5,0,5,2026-07-30T14:02:29.540439
0,7,6,5,0,5,2026-07-30T14:02:30.975842
0,7,7,5,0,5,2026-07-30T14:02:31.990284
0,7,8,5,0,5,2026-07-30T14:02:33.038824
0,7,9,5,0,5,2026-07-30T14:02:34.499640
0,7,10,5,0,5,2026-07-30T14:02:36.037404
0,8,1,4,0,4,2026-07-30T14:02:37.274763
0,8,2,5,0,5,2026-07-30T14:02:39.148011
0,8,3,3,0,3,2026-07-30T14:02:40.405805
0,8,4,5,0,5,2026-07-30T14:02:42.045392
0,8,5,4,0,4,2026-07-30T14:02:43.271818
0,8,6,5,0,5,2026-07-30T14:02:44.808762
0,8,7,3,0,3,2026-07-30T14:02:46.031768
0,8,8,3,0,3,2026-07-30T14:02:47.482785
0,8,9,3,0,3,2026-07-30T14:02:49.291398
0,8,10,5,0,5,2026-07-30T14:02:51.127761
0,9,1,0,0,0,2026-07-30T14:02:52.988921
0,9,2,0,0,0,2026-07-30T14:02:54.041874
0,9,3,0,0,0,2026-07-30T14:02:55.908823
0,9,4,0,0,0,2026-07-30T14:02:57.554102
0,9,5,0,0,0,2026-07-30T14:02:59.474927
0,9,6,0,0,0,2026-07-30T14:03:01.579088
0,9,7,0,0,0,2026-07-30T14:03:04.024358
0,9,8,0,0,0,2026-07-30T14:03:05.036468
0,9,9,0,0,0,2026-07-30T14:03:06.473427
0,9,10,0,0,0,2026-07-30T14:03:07.924935
0,10,1,0,0,0,2026-07-30T14:03:09.336474
0,10,2,0,0,0,2026-07-30T14:03:11.166545
0,10,3,0,0,0,2026-07-30T14:03:12.203942
0,10,4,0,0,0,2026-07-30T14:03:13.840214
0,10,5,0,0,0,2026-07-30T14:03:15.069250
0,10,6,0,0,0,2026-07-30T14:03:16.519846
0,10,7,0,0,0,2026-07-30T14:03:17.899033
0,10,8,0,0,0,2026-07-30T14:03:18.922066
0,10,9,0,0,0,2026-07-30T14:03:20.728948
0,10,10,0,0,0,2026-07-30T14:03:22.155317
0,11,1,3,0,3,2026-07-30T14:03:23.587820
0,11,2,5,0,5,2026-07-30T14:03:25.015317
0,11,3,5,0,5,2026-07-30T14:03:26.055109
0,11,4,3,0,3,2026-07-30T14:03:27.884876
0,11,5,3,0,3,2026-07-30T14:03:29.723223
0,11,6,3,0,3,2026-07-30T14:03:31.145705
0,11,7,3,0,3,2026-07-30T14:03:32.397533
0,11,8,5,0,5,2026-07-30T14:03:33.624494
0,11,9,3,0,3,2026-07-30T14:03:35.061268
0,11,10,4,0,4,2026-07-30T14:03:36.305597
0,12,1,5,0,5,2026-07-30T14:03:37.527949
0,12,2,5,0,5,2026-07-30T14:03:38.951388
0,12,3,5,0,5,2026-07-30T14:03:39.973583
0,12,4,5,0,5,2026-07-30T14:03:41.399077
0,12,5,5,0,5,2026-07-30T14:03:42.434617
0,12,6,5,0,5,2026-07-30T14:03:43.666055
0,12,7,5,0,5,2026-07-30T14:03:44.724221
0,12,8,5,0,5,2026-07-30T14:03:46.149863
0,12,9,5,0,5,2026-07-30T14:03:47.965822
0,12,10,5,0,5,2026-07-30T14:03:49.218921
0,13,1,0,0,0,2026-07-30T14:03:50.873643
0,13,2,0,0,0,2026-07-30T14:03:52.721723
0,13,3,0,0,0,2026-07-30T14:03:54.599068
0,13,4,0,0,0,2026-07-30T14:03:56.233381
0,13,5,0,0,0,2026-07-30T14:03:59.718326
0,13,6,0,0,0,2026-07-30T14:04:01.569272
0,13,7,0,0,0,2026-07-30T14:04:02.816707
0,13,8,0,0,0,2026-07-30T14:04:04.454160
0,13,9,0,0,0,2026-07-30T14:04:06.071726
0,13,10,0,0,0,2026-07-30T14:04:07.913495
0,14,1,5,0,5,2026-07-30T14:04:09.569312
0,14,2,5,0,5,2026-07-30T14:04:11.213078
0,14,3,5,0,5,2026-07-30T14:04:13.125379
0,14,4,5,0,5,2026-07-30T14:04:14.966458
0,14,5,5,0,5,2026-07-30T14:04:16.814375
0,14,6,5,0,5,2026-07-30T14:04:18.055934
0,14,7,5,0,5,2026-07-30T14:04:19.506088
0,14,8,5,0,5,2026-07-30T14:04:20.750612
0,14,9,5,0,5,2026-07-30T14:04:22.201470
0,14,10,5,0,5,2026-07-30T14:04:23.437278
0,15,1,0,0,0,2026-07-30T14:04:24.877799
0,15,2,0,0,0,2026-07-30T14:04:25.911332
0,15,3,0,0,0,2026-07-30T14:04:27.356597
0,15,4,0,0,0,2026-07-30T14:04:28.803493
0,15,5,0,0,0,2026-07-30T14:04:30.057578
0,15,6,0,0,0,2026-07-30T14:04:31.290960
0,15,7,0,0,0,2026-07-30T14:04:32.721209
0,15,8,0,0,0,2026-07-30T14:04:34.354327
0,15,9,0,0,0,2026-07-30T14:04:35.595489
0,15,10,0,0,0,2026-07-30T14:04:37.429436
0,16,1,5,0,5,2026-07-30T14:04:38.674248
0,16,2,5,0,5,2026-07-30T14:04:40.516825
0,16,3,5,0,5,2026-07-30T14:04:42.340524
0,16,4,5,0,5,2026-07-30T14:04:44.008754
0,16,5,5,0,5,2026-07-30T14:04:45.245996
0,16,6,5,0,5,2026-07-30T14:04:47.095153
0,16,7,5,0,5,2026-07-30T14:04:48.762042
0,16,8,5,0,5,2026-07-30T14:04:50.605896
0,16,9,5,0,5,2026-07-30T14:04:52.255175
0,16,10,5,0,5,2026-07-30T14:04:54.080480
0,17,1,5,0,5,2026-07-30T14:04:55.347125
0,17,2,5,0,5,2026-07-30T14:04:57.811236
0,17,3,5,0,5,2026-07-30T14:04:59.046126
0,17,4,5,0,5,2026-07-30T14:05:00.267161
0,17,5,5,0,5,2026-07-30T14:05:01.526921
0,17,6,5,0,5,2026-07-30T14:05:02.568819
0,17,7,5,0,5,2026-07-30T14:05:03.601638
0,17,8,5,0,5,2026-07-30T14:05:05.036136
0,17,9,5,0,5,2026-07-30T14:05:06.904555
0,17,10,5,0,5,2026-07-30T14:05:08.151815
0,18,1,5,0,5,2026-07-30T14:05:09.813848
0,18,2,5,0,5,2026-07-30T14:05:11.479616
0,18,3,5,0,5,2026-07-30T14:05:13.337963
0,18,4,5,0,5,2026-07-30T14:05:14.580101
0,18,5,5,0,5,2026-07-30T14:05:16.430999
0,18,6,5,0,5,2026-07-30T14:05:17.914159
0,18,7,5,0,5,2026-07-30T14:05:18.952257
0,18,8,5,0,5,2026-07-30T14:05:20.811809
0,18,9,5,0,5,2026-07-30T14:05:21.851622
0,18,10,5,0,5,2026-07-30T14:05:23.080171
0,19,1,5,0,5,2026-07-30T14:05:24.618533
0,19,2,5,0,5,2026-07-30T14:05:25.672018
0,19,3,5,0,5,2026-07-30T14:05:27.502813
0,19,4,5,0,5,2026-07-30T14:05:29.162675
0,19,5,5,0,5,2026-07-30T14:05:30.126539
0,19,6,5,0,5,2026-07-30T14:05:31.781602
0,19,7,5,0,5,2026-07-30T14:05:32.999734
0,19,8,5,0,5,2026-07-30T14:05:34.830664
0,19,9,5,0,5,2026-07-30T14:05:36.685524
0,19,10,5,0,5,2026-07-30T14:05:37.977699
0,20,1,5,0,5,2026-07-30T14:05:39.417327
0,20,2,5,0,5,2026-07-30T14:05:40.877219
0,20,3,5,0,5,2026-07-30T14:05:41.942069
0,20,4,5,0,5,2026-07-30T14:05:42.995667
0,20,5,5,0,5,2026-07-30T14:05:44.635063
0,20,6,5,0,5,2026-07-30T14:05:45.846954
0,20,7,5,0,5,2026-07-30T14:05:47.095203
0,20,8,5,0,5,2026-07-30T14:05:48.933857
0,20,9,5,0,5,2026-07-30T14:05:49.974145
0,20,10,5,0,5,2026-07-30T14:05:51.619743
0,21,1,5,0,5,2026-07-30T14:05:53.441195
0,21,2,5,0,5,2026-07-30T14:05:54.478709
0,21,3,5,0,5,2026-07-30T14:05:55.725500
0,21,4,5,0,5,2026-07-30T14:05:56.743637
0,21,5,5,0,5,2026-07-30T14:05:58.213179
0,21,6,5,0,5,2026-07-30T14:05:59.657269
0,21,7,5,0,5,2026-07-30T14:06:01.531217
0,21,8,5,0,5,2026-07-30T14:06:02.945950
0,21,9,5,0,5,2026-07-30T14:06:04.592367
0,21,10,5,0,5,2026-07-30T14:06:06.224983
0,22,1,5,0,5,2026-07-30T14:06:07.646890
0,22,2,5,0,5,2026-07-30T14:06:09.094952
0,22,3,5,0,5,2026-07-30T14:06:10.173777
0,22,4,5,0,5,2026-07-30T14:06:12.010116
0,22,5,5,0,5,2026-07-30T14:06:13.850641
0,22,6,5,0,5,2026-07-30T14:06:15.093681
0,22,7,5,0,5,2026-07-30T14:06:16.754667
0,22,8,5,0,5,2026-07-30T14:06:18.610098
0,22,9,5,0,5,2026-07-30T14:06:20.450583
0,22,10,5,0,5,2026-07-30T14:06:21.505026
0,23,1,5,0,5,2026-07-30T14:06:22.951764
0,23,2,5,0,5,2026-07-30T14:06:24.195001
0,23,3,5,0,5,2026-07-30T14:06:25.462313
0,23,4,5,0,5,2026-07-30T14:06:27.101842
0,23,5,5,0,5,2026-07-30T14:06:28.745265
0,23,6,5,0,5,2026-07-30T14:06:29.978981
0,23,7,5,0,5,2026-07-30T14:06:31.442230
0,23,8,5,0,5,2026-07-30T14:06:33.484243
0,23,9,5,0,5,2026-07-30T14:06:34.720394
0,23,10,5,0,5,2026-07-30T14:06:36.164395
0,24,1,0,0,0,2026-07-30T14:06:37.818490
0,24,2,0,0,0,2026-07-30T14:06:39.675869
0,24,3,0,0,0,2026-07-30T14:06:41.125264
0,24,4,0,0,0,2026-07-30T14:06:42.387219
0,24,5,0,0,0,2026-07-30T14:06:43.625113
0,24,6,5,0,5,2026-07-30T14:06:44.673742
0,24,7,0,0,0,2026-07-30T14:06:46.335193
0,24,8,0,0,0,2026-07-30T14:06:48.373754
0,24,9,0,0,0,2026-07-30T14:06:50.027931
0,24,10,0,0,0,2026-07-30T14:06:51.248839
0,25,1,0,0,0,2026-07-30T14:06:53.099062
0,25,2,0,0,0,2026-07-30T14:06:54.539930
0,25,3,0,0,0,2026-07-30T14:06:55.993145
0,25,4,0,0,0,2026-07-30T14:06:57.047419
0,25,5,0,0,0,2026-07-30T14:06:58.509659
0,25,6,0,0,0,2026-07-30T14:07:00.570172
0,25,7,0,0,0,2026-07-30T14:07:01.987588
0,25,8,0,0,0,2026-07-30T14:07:03.006203
0,25,9,0,0,0,2026-07-30T14:07:04.872340
0,25,10,0,0,0,2026-07-30T14:07:06.724152
0,26,1,5,0,5,2026-07-30T14:07:08.349912
0,26,2,5,0,5,2026-07-30T14:07:09.410879
0,26,3,5,0,5,2026-07-30T14:07:11.279601
0,26,4,5,0,5,2026-07-30T14:07:13.113453
0,26,5,5,0,5,2026-07-30T14:07:14.161165
0,26,6,5,0,5,2026-07-30T14:07:16.001928
0,26,7,5,0,5,2026-07-30T14:07:18.058224
0,26,8,5,0,5,2026-07-30T14:07:19.907231
0,26,9,5,0,5,2026-07-30T14:07:21.849099
0,26,10,5,0,5,2026-07-30T14:07:23.908879
0,27,1,5,0,5,2026-07-30T14:07:25.368656
0,27,2,5,0,5,2026-07-30T14:07:26.414885
0,27,3,5,0,5,2026-07-30T14:07:27.675110
0,27,4,5,0,5,2026-07-30T14:07:29.138667
0,27,5,5,0,5,2026-07-30T14:07:31.243137
0,27,6,5,0,5,2026-07-30T14:07:32.281482
0,27,7,5,0,5,2026-07-30T14:07:33.737651
0,27,8,5,0,5,2026-07-30T14:07:35.396119
0,27,9,5,0,5,2026-07-30T14:07:37.253332
0,27,10,5,0,5,2026-07-30T14:07:39.108308
0,28,1,3,0,3,2026-07-30T14:07:40.549614
0,28,2,5,0,5,2026-07-30T14:07:41.595904
0,28,3,5,0,5,2026-07-30T14:07:43.265689
0,28,4,5,0,5,2026-07-30T14:07:44.720594
0,28,5,5,0,5,2026-07-30T14:07:46.596651
0,28,6,5,0,5,2026-07-30T14:07:47.833598
0,28,7,5,0,5,2026-07-30T14:07:49.070843
0,28,8,4,0,4,2026-07-30T14:07:50.101486
0,28,9,3,0,3,2026-07-30T14:07:51.537382
0,28,10,5,0,5,2026-07-30T14:07:52.970773
0,29,1,5,0,5,2026-07-30T14:07:57.603155
0,29,2,5,0,5,2026-07-30T14:07:59.464394
0,29,3,5,0,5,2026-07-30T14:08:01.321186
0,29,4,5,0,5,2026-07-30T14:08:02.752633
0,29,5,5,0,5,2026-07-30T14:08:04.007607
0,29,6,5,0,5,2026-07-30T14:08:05.262668
0,29,7,5,0,5,2026-07-30T14:08:06.693526
0,29,8,5,0,5,2026-07-30T14:08:07.743041
0,29,9,5,0,5,2026-07-30T14:08:08.799723
0,29,10,5,0,5,2026-07-30T14:08:10.860693
0,30,1,5,0,5,2026-07-30T14:08:11.902238
0,30,2,5,0,5,2026-07-30T14:08:13.320638
0,30,3,5,0,5,2026-07-30T14:08:14.594521
0,30,4,5,0,5,2026-07-30T14:08:16.051299
0,30,5,5,0,5,2026-07-30T14:08:17.721751
0,30,6,5,0,5,2026-07-30T14:08:19.365851
0,30,7,5,0,5,2026-07-30T14:08:20.423785
0,30,8,5,0,5,2026-07-30T14:08:21.466587
0,30,9,5,0,5,2026-07-30T14:08:23.328529
0,30,10,5,0,5,2026-07-30T14:08:25.196366
1,1,1,5,0,5,2026-07-30T14:08:26.863375
1,1,2,5,0,5,2026-07-30T14:08:28.101228
1,1,3,5,0,5,2026-07-30T14:08:29.151062
1,1,4,5,0,5,2026-07-30T14:08:30.194740
1,1,5,5,0,5,2026-07-30T14:08:32.048119
1,1,6,5,0,5,2026-07-30T14:08:33.534329
1,1,7,5,0,5,2026-07-30T14:08:35.188185
1,1,8,5,0,5,2026-07-30T14:08:37.045969
1,1,9,5,0,5,2026-07-30T14:08:38.512520
1,1,10,5,0,5,2026-07-30T14:08:40.156569
1,2,1,5,0,5,2026-07-30T14:08:42.026131
1,2,2,5,0,5,2026-07-30T14:08:43.087553
1,2,3,5,0,5,2026-07-30T14:08:44.910558
1,2,4,5,0,5,2026-07-30T14:08:45.959372
1,2,5,5,0,5,2026-07-30T14:08:47.208820
1,2,6,5,0,5,2026-07-30T14:08:48.442121
1,2,7,5,0,5,2026-07-30T14:08:50.294360
1,2,8,5,0,5,2026-07-30T14:08:51.344304
1,2,9,5,0,5,2026-07-30T14:08:52.395935
1,2,10,5,0,5,2026-07-30T14:08:53.460700
1,3,1,0,0,0,2026-07-30T14:08:54.475078
1,3,2,0,0,0,2026-07-30T14:08:56.126629
1,3,3,5,0,5,2026-07-30T14:08:58.597125
1,3,4,5,0,5,2026-07-30T14:08:59.853501
1,3,5,5,0,5,2026-07-30T14:09:01.101546
1,3,6,0,0,0,2026-07-30T14:09:02.347510
1,3,7,0,0,0,2026-07-30T14:09:03.985058
1,3,8,0,0,0,2026-07-30T14:09:05.014453
1,3,9,0,0,0,2026-07-30T14:09:06.870105
1,3,10,0,0,0,2026-07-30T14:09:07.906884
1,4,1,5,0,5,2026-07-30T14:09:09.153772
1,4,2,0,0,0,2026-07-30T14:09:10.198349
1,4,3,0,0,0,2026-07-30T14:09:11.438806
1,4,4,0,0,0,2026-07-30T14:09:13.892826
1,4,5,0,0,0,2026-07-30T14:09:15.534614
1,4,6,5,0,5,2026-07-30T14:09:16.575569
1,4,7,0,0,0,2026-07-30T14:09:17.830750
1,4,8,0,0,0,2026-07-30T14:09:19.713609
1,4,9,0,0,0,2026-07-30T14:09:21.344047
1,4,10,1,0,1,2026-07-30T14:09:22.997110
1,5,1,5,0,5,2026-07-30T14:09:24.851184
1,5,2,0,0,0,2026-07-30T14:09:26.320144
1,5,3,0,0,0,2026-07-30T14:09:27.758663
1,5,4,0,0,0,2026-07-30T14:09:29.619162
1,5,5,5,0,5,2026-07-30T14:09:30.652053
1,5,6,0,0,0,2026-07-30T14:09:32.313297
1,5,7,0,0,0,2026-07-30T14:09:33.852530
1,5,8,5,0,5,2026-07-30T14:09:35.518878
1,5,9,5,0,5,2026-07-30T14:09:37.166949
1,5,10,0,0,0,2026-07-30T14:09:38.413814
1,6,1,5,0,5,2026-07-30T14:09:39.868340
1,6,2,5,0,5,2026-07-30T14:09:41.313938
1,6,3,5,0,5,2026-07-30T14:09:42.365813
1,6,4,5,0,5,2026-07-30T14:09:43.831805
1,6,5,5,0,5,2026-07-30T14:09:45.490812
1,6,6,5,0,5,2026-07-30T14:09:46.754459
1,6,7,5,0,5,2026-07-30T14:09:48.408434
1,6,8,5,0,5,2026-07-30T14:09:50.059405
1,6,9,5,0,5,2026-07-30T14:09:52.120079
1,6,10,5,0,5,2026-07-30T14:09:53.183131
1,7,1,5,0,5,2026-07-30T14:09:54.224805
1,7,2,5,0,5,2026-07-30T14:09:55.677565
1,7,3,5,0,5,2026-07-30T14:09:56.744618
1,7,4,5,0,5,2026-07-30T14:09:58.374951
1,7,5,5,0,5,2026-07-30T14:10:00.237740
1,7,6,5,0,5,2026-07-30T14:10:02.102642
1,7,7,5,0,5,2026-07-30T14:10:03.151215
1,7,8,5,0,5,2026-07-30T14:10:05.006876
1,7,9,5,0,5,2026-07-30T14:10:06.454582
1,7,10,5,0,5,2026-07-30T14:10:07.874379
1,8,1,5,0,5,2026-07-30T14:10:09.732599
1,8,2,5,0,5,2026-07-30T14:10:10.979908
1,8,3,5,0,5,2026-07-30T14:10:12.002712
1,8,4,5,0,5,2026-07-30T14:10:13.651039
1,8,5,5,0,5,2026-07-30T14:10:14.699837
1,8,6,5,0,5,2026-07-30T14:10:15.959856
1,8,7,5,0,5,2026-07-30T14:10:17.599051
1,8,8,5,0,5,2026-07-30T14:10:18.836787
1,8,9,5,0,5,2026-07-30T14:10:20.080659
1,8,10,5,0,5,2026-07-30T14:10:21.774162
1,9,1,5,0,5,2026-07-30T14:10:23.414740
1,9,2,0,0,0,2026-07-30T14:10:24.852774
1,9,3,0,0,0,2026-07-30T14:10:26.496750
1,9,4,0,0,0,2026-07-30T14:10:27.745328
1,9,5,0,0,0,2026-07-30T14:10:28.803242
1,9,6,0,0,0,2026-07-30T14:10:30.047976
1,9,7,0,0,0,2026-07-30T14:10:31.724498
1,9,8,5,0,5,2026-07-30T14:10:33.565077
1,9,9,1,0,1,2026-07-30T14:10:34.806894
1,9,10,0,0,0,2026-07-30T14:10:36.468818
1,10,1,5,0,5,2026-07-30T14:10:37.756484
1,10,2,5,0,5,2026-07-30T14:10:39.006390
1,10,3,5,0,5,2026-07-30T14:10:40.674756
1,10,4,5,0,5,2026-07-30T14:10:42.324445
1,10,5,5,0,5,2026-07-30T14:10:44.182193
1,10,6,5,0,5,2026-07-30T14:10:45.630649
1,10,7,5,0,5,2026-07-30T14:10:46.880347
1,10,8,5,0,5,2026-07-30T14:10:48.745705
1,10,9,5,0,5,2026-07-30T14:10:50.603656
1,10,10,5,0,5,2026-07-30T14:10:51.852185
1,11,1,5,0,5,2026-07-30T14:10:53.704130
1,11,2,5,0,5,2026-07-30T14:10:55.354980
1,11,3,5,0,5,2026-07-30T14:10:56.799658
1,11,4,5,0,5,2026-07-30T14:10:58.236380
1,11,5,5,0,5,2026-07-30T14:10:59.480018
1,11,6,5,0,5,2026-07-30T14:11:01.332367
1,11,7,5,0,5,2026-07-30T14:11:02.591826
1,11,8,5,0,5,2026-07-30T14:11:03.641901
1,11,9,5,0,5,2026-07-30T14:11:04.917412
1,11,10,5,0,5,2026-07-30T14:11:06.168070
1,12,1,5,0,5,2026-07-30T14:11:07.604364
1,12,2,5,0,5,2026-07-30T14:11:09.261835
1,12,3,5,0,5,2026-07-30T14:11:11.103986
1,12,4,5,0,5,2026-07-30T14:11:12.950629
1,12,5,5,0,5,2026-07-30T14:11:13.982548
1,12,6,5,0,5,2026-07-30T14:11:15.623825
1,12,7,5,0,5,2026-07-30T14:11:17.511133
1,12,8,5,0,5,2026-07-30T14:11:18.946441
1,12,9,5,0,5,2026-07-30T14:11:20.610668
1,12,10,5,0,5,2026-07-30T14:11:22.073726
1,13,1,5,0,5,2026-07-30T14:11:23.111815
1,13,2,5,0,5,2026-07-30T14:11:24.566071
1,13,3,5,0,5,2026-07-30T14:11:25.827528
1,13,4,5,0,5,2026-07-30T14:11:26.867584
1,13,5,5,0,5,2026-07-30T14:11:28.088720
1,13,6,5,0,5,2026-07-30T14:11:29.942477
1,13,7,5,0,5,2026-07-30T14:11:31.616193
1,13,8,5,0,5,2026-07-30T14:11:33.088693
1,13,9,5,0,5,2026-07-30T14:11:34.782256
1,13,10,5,0,5,2026-07-30T14:11:36.041121
1,14,1,5,0,5,2026-07-30T14:11:37.081265
1,14,2,5,0,5,2026-07-30T14:11:38.354420
1,14,3,5,0,5,2026-07-30T14:11:39.615246
1,14,4,5,0,5,2026-07-30T14:11:41.468141
1,14,5,5,0,5,2026-07-30T14:11:43.321543
1,14,6,5,0,5,2026-07-30T14:11:44.589258
1,14,7,5,0,5,2026-07-30T14:11:46.447207
1,14,8,5,0,5,2026-07-30T14:11:47.510803
1,14,9,5,0,5,2026-07-30T14:11:48.759666
1,14,10,5,0,5,2026-07-30T14:11:50.626705
1,15,1,5,0,5,2026-07-30T14:11:51.896344
1,15,2,0,0,0,2026-07-30T14:11:53.146084
1,15,3,5,0,5,2026-07-30T14:11:54.969005
1,15,4,5,0,5,2026-07-30T14:11:56.215393
1,15,5,5,0,5,2026-07-30T14:11:58.053111
1,15,6,5,0,5,2026-07-30T14:11:59.919837
1,15,7,5,0,5,2026-07-30T14:12:01.376773
1,15,8,5,0,5,2026-07-30T14:12:03.239162
1,15,9,5,0,5,2026-07-30T14:12:04.880111
1,15,10,5,0,5,2026-07-30T14:12:05.988086
1,16,1,5,0,5,2026-07-30T14:12:07.011966
1,16,2,5,0,5,2026-07-30T14:12:08.677903
1,16,3,5,0,5,2026-07-30T14:12:09.905128
1,16,4,5,0,5,2026-07-30T14:12:11.761789
1,16,5,5,0,5,2026-07-30T14:12:13.602125
1,16,6,5,0,5,2026-07-30T14:12:15.270317
1,16,7,5,0,5,2026-07-30T14:12:16.306029
1,16,8,5,0,5,2026-07-30T14:12:17.939391
1,16,9,5,0,5,2026-07-30T14:12:19.586644
1,16,10,5,0,5,2026-07-30T14:12:21.433962
1,17,1,5,0,5,2026-07-30T14:12:22.881104
1,17,2,5,0,5,2026-07-30T14:12:24.087608
1,17,3,5,0,5,2026-07-30T14:12:25.937740
1,17,4,5,0,5,2026-07-30T14:12:27.402299
1,17,5,5,0,5,2026-07-30T14:12:28.663216
1,17,6,5,0,5,2026-07-30T14:12:29.910210
1,17,7,5,0,5,2026-07-30T14:12:31.152392
1,17,8,5,0,5,2026-07-30T14:12:32.845838
1,17,9,5,0,5,2026-07-30T14:12:34.299476
1,17,10,5,0,5,2026-07-30T14:12:36.160565
1,18,1,5,0,5,2026-07-30T14:12:38.078048
1,18,2,5,0,5,2026-07-30T14:12:40.121361
1,18,3,5,0,5,2026-07-30T14:12:41.379940
1,18,4,5,0,5,2026-07-30T14:12:42.806208
1,18,5,5,0,5,2026-07-30T14:12:44.463929
1,18,6,5,0,5,2026-07-30T14:12:46.126666
1,18,7,5,0,5,2026-07-30T14:12:47.968607
1,18,8,5,0,5,2026-07-30T14:12:49.827393
1,18,9,5,0,5,2026-07-30T14:12:51.469141
1,18,10,5,0,5,2026-07-30T14:12:53.542159
1,19,1,5,0,5,2026-07-30T14:12:55.410750
1,19,2,5,0,5,2026-07-30T14:12:56.648657
1,19,3,5,0,5,2026-07-30T14:12:58.309991
1,19,4,5,0,5,2026-07-30T14:12:59.759462
1,19,5,5,0,5,2026-07-30T14:13:00.992948
1,19,6,5,0,5,2026-07-30T14:13:02.845846
1,19,7,5,0,5,2026-07-30T14:13:04.494058
1,19,8,5,0,5,2026-07-30T14:13:06.373978
1,19,9,5,0,5,2026-07-30T14:13:08.218592
1,19,10,5,0,5,2026-07-30T14:13:09.693089
1,20,1,5,0,5,2026-07-30T14:13:11.532232
1,20,2,5,0,5,2026-07-30T14:13:12.757961
1,20,3,5,0,5,2026-07-30T14:13:14.401056
1,20,4,5,0,5,2026-07-30T14:13:16.051407
1,20,5,5,0,5,2026-07-30T14:13:17.483243
1,20,6,5,0,5,2026-07-30T14:13:19.141713
1,20,7,5,0,5,2026-07-30T14:13:20.599981
1,20,8,5,0,5,2026-07-30T14:13:22.259642
1,20,9,5,0,5,2026-07-30T14:13:24.147868
1,20,10,5,0,5,2026-07-30T14:13:26.027426
1,21,1,5,0,5,2026-07-30T14:13:27.287307
1,21,2,5,0,5,2026-07-30T14:13:29.348027
1,21,3,5,0,5,2026-07-30T14:13:30.582950
1,21,4,5,0,5,2026-07-30T14:13:32.651694
1,21,5,5,0,5,2026-07-30T14:13:33.905355
1,21,6,5,0,5,2026-07-30T14:13:35.133870
1,21,7,5,0,5,2026-07-30T14:13:36.179663
1,21,8,5,0,5,2026-07-30T14:13:37.648861
1,21,9,5,0,5,2026-07-30T14:13:39.108577
1,21,10,5,0,5,2026-07-30T14:13:40.959785
1,22,1,5,0,5,2026-07-30T14:13:43.033554
1,22,2,5,0,5,2026-07-30T14:13:44.654922
1,22,3,5,0,5,2026-07-30T14:13:45.717620
1,22,4,5,0,5,2026-07-30T14:13:47.162449
1,22,5,5,0,5,2026-07-30T14:13:48.800951
1,22,6,5,0,5,2026-07-30T14:13:49.831451
1,22,7,5,0,5,2026-07-30T14:13:51.285569
1,22,8,5,0,5,2026-07-30T14:13:52.331351
1,22,9,5,0,5,2026-07-30T14:13:53.775516
1,22,10,5,0,5,2026-07-30T14:13:55.603739
1,23,1,4,0,4,2026-07-30T14:13:56.671486
1,23,2,5,0,5,2026-07-30T14:13:58.346038
1,23,3,5,0,5,2026-07-30T14:14:00.389176
1,23,4,5,0,5,2026-07-30T14:14:02.436339
1,23,5,5,0,5,2026-07-30T14:14:04.304030
1,23,6,5,0,5,2026-07-30T14:14:05.758085
1,23,7,5,0,5,2026-07-30T14:14:07.375151
1,23,8,5,0,5,2026-07-30T14:14:08.429555
1,23,9,5,0,5,2026-07-30T14:14:09.458830
1,23,10,5,0,5,2026-07-30T14:14:10.932506
1,24,1,0,0,0,2026-07-30T14:14:12.987684
1,24,2,0,0,0,2026-07-30T14:14:15.040572
1,24,3,0,0,0,2026-07-30T14:14:16.069364
1,24,4,0,0,0,2026-07-30T14:14:17.939558
1,24,5,0,0,0,2026-07-30T14:14:18.986169
1,24,6,5,0,5,2026-07-30T14:14:21.043510
1,24,7,0,0,0,2026-07-30T14:14:22.478773
1,24,8,0,0,0,2026-07-30T14:14:24.124330
1,24,9,0,0,0,2026-07-30T14:14:25.374654
1,24,10,0,0,0,2026-07-30T14:14:26.665692
1,25,1,5,0,5,2026-07-30T14:14:28.538349
1,25,2,5,0,5,2026-07-30T14:14:29.566866
1,25,3,5,0,5,2026-07-30T14:14:30.709699
1,25,4,5,0,5,2026-07-30T14:14:32.439387
1,25,5,4,0,4,2026-07-30T14:14:34.502022
1,25,6,4,0,4,2026-07-30T14:14:35.960848
1,25,7,5,0,5,2026-07-30T14:14:37.406184
1,25,8,5,0,5,2026-07-30T14:14:39.072176
1,25,9,5,0,5,2026-07-30T14:14:40.296904
1,25,10,5,0,5,2026-07-30T14:14:41.529847
1,26,1,5,0,5,2026-07-30T14:14:43.163130
1,26,2,5,0,5,2026-07-30T14:14:44.991330
1,26,3,5,0,5,2026-07-30T14:14:46.243834
1,26,4,5,0,5,2026-07-30T14:14:47.675320
1,26,5,5,0,5,2026-07-30T14:14:49.338062
1,26,6,5,0,5,2026-07-30T14:14:51.206168
1,26,7,5,0,5,2026-07-30T14:14:53.058260
1,26,8,5,0,5,2026-07-30T14:14:54.330771
1,26,9,5,0,5,2026-07-30T14:14:56.196011
1,26,10,5,0,5,2026-07-30T14:14:57.866053
1,27,1,5,0,5,2026-07-30T14:14:59.116534
1,27,2,5,0,5,2026-07-30T14:15:00.561112
1,27,3,5,0,5,2026-07-30T14:15:02.433370
1,27,4,5,0,5,2026-07-30T14:15:03.520299
1,27,5,5,0,5,2026-07-30T14:15:04.577627
1,27,6,5,0,5,2026-07-30T14:15:06.213700
1,27,7,5,0,5,2026-07-30T14:15:08.087231
1,27,8,5,0,5,2026-07-30T14:15:09.324766
1,27,9,5,0,5,2026-07-30T14:15:10.570328
1,27,10,5,0,5,2026-07-30T14:15:11.812700
1,28,1,5,0,5,2026-07-30T14:15:13.076190
1,28,2,5,0,5,2026-07-30T14:15:14.551442
1,28,3,5,0,5,2026-07-30T14:15:16.483202
1,28,4,5,0,5,2026-07-30T14:15:17.719369
1,28,5,5,0,5,2026-07-30T14:15:19.142573
1,28,6,5,0,5,2026-07-30T14:15:20.422701
1,28,7,5,0,5,2026-07-30T14:15:21.849299
1,28,8,5,0,5,2026-07-30T14:15:23.080107
1,28,9,5,0,5,2026-07-30T14:15:24.093289
1,28,10,5,0,5,2026-07-30T14:15:25.147839
1,29,1,5,0,5,2026-07-30T14:15:26.407506
1,29,2,5,0,5,2026-07-30T14:15:28.276589
1,29,3,5,0,5,2026-07-30T14:15:30.138924
1,29,4,5,0,5,2026-07-30T14:15:31.397730
1,29,5,5,0,5,2026-07-30T14:15:32.846431
1,29,6,5,0,5,2026-07-30T14:15:34.502825
1,29,7,5,0,5,2026-07-30T14:15:35.950806
1,29,8,5,0,5,2026-07-30T14:15:37.852069
1,29,9,5,0,5,2026-07-30T14:15:39.698251
1,29,10,5,0,5,2026-07-30T14:15:40.749596
1,30,1,5,0,5,2026-07-30T14:15:42.698166
1,30,2,5,0,5,2026-07-30T14:15:44.341528
1,30,3,5,0,5,2026-07-30T14:15:45.588865
1,30,4,5,0,5,2026-07-30T14:15:47.256053
1,30,5,5,0,5,2026-07-30T14:15:48.298225
1,30,6,5,0,5,2026-07-30T14:15:49.953374
1,30,7,5,0,5,2026-07-30T14:15:51.401607
1,30,8,5,0,5,2026-07-30T14:15:52.885137
1,30,9,5,0,5,2026-07-30T14:15:53.913230
1,30,10,5,0,5,2026-07-30T14:15:54.967625
2,1,1,5,0,5,2026-07-30T14:15:56.019591
2,1,2,5,0,5,2026-07-30T14:15:57.660921
2,1,3,5,0,5,2026-07-30T14:15:59.331217
2,1,4,5,0,5,2026-07-30T14:16:01.177177
2,1,5,5,0,5,2026-07-30T14:16:02.202356
2,1,6,5,0,5,2026-07-30T14:16:03.852450
2,1,7,5,0,5,2026-07-30T14:16:05.505870
2,1,8,5,0,5,2026-07-30T14:16:07.171315
2,1,9,5,0,5,2026-07-30T14:16:08.820292
2,1,10,5,0,5,2026-07-30T14:16:10.504807
2,2,1,5,0,5,2026-07-30T14:16:12.371539
2,2,2,5,0,5,2026-07-30T14:16:13.426415
2,2,3,5,0,5,2026-07-30T14:16:15.288611
2,2,4,5,0,5,2026-07-30T14:16:16.719204
2,2,5,5,0,5,2026-07-30T14:16:18.145867
2,2,6,5,0,5,2026-07-30T14:16:19.780750
2,2,7,5,0,5,2026-07-30T14:16:21.021052
2,2,8,5,0,5,2026-07-30T14:16:22.055268
2,2,9,5,0,5,2026-07-30T14:16:23.102745
2,2,10,5,0,5,2026-07-30T14:16:24.728400
2,3,1,5,0,5,2026-07-30T14:16:26.581328
2,3,2,5,0,5,2026-07-30T14:16:28.031648
2,3,3,5,0,5,2026-07-30T14:16:29.874087
2,3,4,5,0,5,2026-07-30T14:16:31.117302
2,3,5,5,0,5,2026-07-30T14:16:32.770584
2,3,6,5,0,5,2026-07-30T14:16:33.797608
2,3,7,5,0,5,2026-07-30T14:16:35.039604
2,3,8,5,0,5,2026-07-30T14:16:36.094144
2,3,9,5,0,5,2026-07-30T14:16:37.954308
2,3,10,5,0,5,2026-07-30T14:16:39.603119
2,4,1,5,0,5,2026-07-30T14:16:41.074299
2,4,2,3,0,3,2026-07-30T14:16:42.938925
2,4,3,5,0,5,2026-07-30T14:16:44.799096
2,4,4,3,0,3,2026-07-30T14:16:46.458584
2,4,5,4,0,4,2026-07-30T14:16:48.106650
2,4,6,3,0,3,2026-07-30T14:16:49.542528
2,4,7,5,0,5,2026-07-30T14:16:51.003462
2,4,8,5,0,5,2026-07-30T14:16:52.121219
2,4,9,5,0,5,2026-07-30T14:16:53.195862
2,4,10,5,0,5,2026-07-30T14:16:54.221972
2,5,1,5,0,5,2026-07-30T14:16:56.087235
2,5,2,5,0,5,2026-07-30T14:16:57.515188
2,5,3,5,0,5,2026-07-30T14:16:58.548910
2,5,4,5,0,5,2026-07-30T14:17:00.001607
2,5,5,5,0,5,2026-07-30T14:17:01.454644
2,5,6,5,0,5,2026-07-30T14:17:02.900382
2,5,7,5,0,5,2026-07-30T14:17:04.754123
2,5,8,5,0,5,2026-07-30T14:17:06.024087
2,5,9,5,0,5,2026-07-30T14:17:08.067815
2,5,10,5,0,5,2026-07-30T14:17:09.106903
2,6,1,5,0,5,2026-07-30T14:17:10.745892
2,6,2,5,0,5,2026-07-30T14:17:12.591922
2,6,3,5,0,5,2026-07-30T14:17:14.446900
2,6,4,5,0,5,2026-07-30T14:17:16.276749
2,6,5,5,0,5,2026-07-30T14:17:17.520894
2,6,6,5,0,5,2026-07-30T14:17:19.180205
2,6,7,5,0,5,2026-07-30T14:17:20.837648
2,6,8,5,0,5,2026-07-30T14:17:21.876604
2,6,9,5,0,5,2026-07-30T14:17:23.561844
2,6,10,5,0,5,2026-07-30T14:17:24.806183
2,7,1,5,0,5,2026-07-30T14:17:26.466685
2,7,2,5,0,5,2026-07-30T14:17:28.551219
2,7,3,5,0,5,2026-07-30T14:17:29.800957
2,7,4,5,0,5,2026-07-30T14:17:31.854850
2,7,5,5,0,5,2026-07-30T14:17:33.105214
2,7,6,5,0,5,2026-07-30T14:17:34.334401
2,7,7,5,0,5,2026-07-30T14:17:35.591028
2,7,8,5,0,5,2026-07-30T14:17:37.053192
2,7,9,5,0,5,2026-07-30T14:17:38.294008
2,7,10,5,0,5,2026-07-30T14:17:40.177942
2,8,1,5,0,5,2026-07-30T14:17:41.833739
2,8,2,5,0,5,2026-07-30T14:17:43.249784
2,8,3,5,0,5,2026-07-30T14:17:44.489700
2,8,4,5,0,5,2026-07-30T14:17:45.967048
2,8,5,5,0,5,2026-07-30T14:17:47.399563
2,8,6,5,0,5,2026-07-30T14:17:48.852332
2,8,7,5,0,5,2026-07-30T14:17:50.128889
2,8,8,5,0,5,2026-07-30T14:17:51.997848
2,8,9,5,0,5,2026-07-30T14:17:53.830898
2,8,10,5,0,5,2026-07-30T14:17:55.671875
2,9,1,2,0,2,2026-07-30T14:17:57.304177
2,9,2,3,0,3,2026-07-30T14:17:58.957781
2,9,3,5,0,5,2026-07-30T14:18:00.612311
2,9,4,2,0,2,2026-07-30T14:18:02.244713
2,9,5,5,0,5,2026-07-30T14:18:03.281017
2,9,6,3,0,3,2026-07-30T14:18:04.922823
2,9,7,2,0,2,2026-07-30T14:18:06.350109
2,9,8,2,0,2,2026-07-30T14:18:07.780030
2,9,9,4,0,4,2026-07-30T14:18:09.640443
2,9,10,4,0,4,2026-07-30T14:18:11.492815
2,10,1,5,0,5,2026-07-30T14:18:12.817664
2,10,2,5,0,5,2026-07-30T14:18:14.683802
2,10,3,5,0,5,2026-07-30T14:18:16.539321
2,10,4,5,0,5,2026-07-30T14:18:18.175140
2,10,5,5,0,5,2026-07-30T14:18:20.021996
2,10,6,5,0,5,2026-07-30T14:18:21.671159
2,10,7,5,0,5,2026-07-30T14:18:23.119523
2,10,8,5,0,5,2026-07-30T14:18:24.972166
2,10,9,5,0,5,2026-07-30T14:18:26.414177
2,10,10,5,0,5,2026-07-30T14:18:27.645293
2,11,1,5,0,5,2026-07-30T14:18:29.306041
2,11,2,5,0,5,2026-07-30T14:18:30.342692
2,11,3,5,0,5,2026-07-30T14:18:31.593009
2,11,4,5,0,5,2026-07-30T14:18:33.248736
2,11,5,5,0,5,2026-07-30T14:18:34.300688
2,11,6,5,0,5,2026-07-30T14:18:36.124815
2,11,7,5,0,5,2026-07-30T14:18:37.577770
2,11,8,5,0,5,2026-07-30T14:18:38.826667
2,11,9,5,0,5,2026-07-30T14:18:39.872415
2,11,10,5,0,5,2026-07-30T14:18:41.541656
2,12,1,5,0,5,2026-07-30T14:18:42.567546
2,12,2,5,0,5,2026-07-30T14:18:44.022358
2,12,3,5,0,5,2026-07-30T14:18:45.703334
2,12,4,5,0,5,2026-07-30T14:18:47.359841
2,12,5,5,0,5,2026-07-30T14:18:48.596755
2,12,6,5,0,5,2026-07-30T14:18:50.456385
2,12,7,5,0,5,2026-07-30T14:18:52.095506
2,12,8,5,0,5,2026-07-30T14:18:53.095709
2,12,9,5,0,5,2026-07-30T14:18:54.533713
2,12,10,5,0,5,2026-07-30T14:18:55.576742
2,13,1,5,0,5,2026-07-30T14:18:57.649575
2,13,2,5,0,5,2026-07-30T14:18:59.304777
2,13,3,5,0,5,2026-07-30T14:19:00.961933
2,13,4,5,0,5,2026-07-30T14:19:02.615370
2,13,5,4,0,4,2026-07-30T14:19:03.866728
2,13,6,5,0,5,2026-07-30T14:19:05.310512
2,13,7,5,0,5,2026-07-30T14:19:06.339767
2,13,8,5,0,5,2026-07-30T14:19:07.397591
2,13,9,5,0,5,2026-07-30T14:19:08.441553
2,13,10,5,0,5,2026-07-30T14:19:10.096909
2,14,1,5,0,5,2026-07-30T14:19:11.739653
2,14,2,5,0,5,2026-07-30T14:19:12.977851
2,14,3,5,0,5,2026-07-30T14:19:14.219614
2,14,4,5,0,5,2026-07-30T14:19:16.064160
2,14,5,5,0,5,2026-07-30T14:19:17.913073
2,14,6,5,0,5,2026-07-30T14:19:18.955366
2,14,7,5,0,5,2026-07-30T14:19:20.213472
2,14,8,5,0,5,2026-07-30T14:19:21.651902
2,14,9,5,0,5,2026-07-30T14:19:23.296396
2,14,10,5,0,5,2026-07-30T14:19:25.156351
2,15,1,5,0,5,2026-07-30T14:19:26.819258
2,15,2,5,0,5,2026-07-30T14:19:27.872988
2,15,3,5,0,5,2026-07-30T14:19:29.740086
2,15,4,5,0,5,2026-07-30T14:19:31.176224
2,15,5,5,0,5,2026-07-30T14:19:33.040066
2,15,6,5,0,5,2026-07-30T14:19:34.283063
2,15,7,5,0,5,2026-07-30T14:19:35.534769
2,15,8,5,0,5,2026-07-30T14:19:36.990313
2,15,9,5,0,5,2026-07-30T14:19:39.045061
2,15,10,5,0,5,2026-07-30T14:19:40.514436
2,16,1,5,0,5,2026-07-30T14:19:42.377349
2,16,2,5,0,5,2026-07-30T14:19:43.422122
2,16,3,5,0,5,2026-07-30T14:19:45.476099
2,16,4,5,0,5,2026-07-30T14:19:46.508809
2,16,5,5,0,5,2026-07-30T14:19:48.349033
2,16,6,5,0,5,2026-07-30T14:19:49.987611
2,16,7,5,0,5,2026-07-30T14:19:51.261871
2,16,8,5,0,5,2026-07-30T14:19:52.518809
2,16,9,5,0,5,2026-07-30T14:19:54.182937
2,16,10,5,0,5,2026-07-30T14:19:56.045289
2,17,1,5,0,5,2026-07-30T14:19:57.355993
2,17,2,5,0,5,2026-07-30T14:19:59.215401
2,17,3,5,0,5,2026-07-30T14:20:00.687952
2,17,4,5,0,5,2026-07-30T14:20:02.343004
2,17,5,5,0,5,2026-07-30T14:20:03.616046
2,17,6,5,0,5,2026-07-30T14:20:05.056251
2,17,7,5,0,5,2026-07-30T14:20:06.918211
2,17,8,5,0,5,2026-07-30T14:20:08.379576
2,17,9,5,0,5,2026-07-30T14:20:10.039366
2,17,10,5,0,5,2026-07-30T14:20:11.282779
2,18,1,5,0,5,2026-07-30T14:20:12.714191
2,18,2,5,0,5,2026-07-30T14:20:14.367187
2,18,3,4,0,4,2026-07-30T14:20:16.007187
2,18,4,5,0,5,2026-07-30T14:20:17.453929
2,18,5,5,0,5,2026-07-30T14:20:18.885175
2,18,6,5,0,5,2026-07-30T14:20:20.134204
2,18,7,5,0,5,2026-07-30T14:20:21.382395
2,18,8,5,0,5,2026-07-30T14:20:23.036955
2,18,9,5,0,5,2026-07-30T14:20:24.699262
2,18,10,5,0,5,2026-07-30T14:20:26.352430
2,19,1,5,0,5,2026-07-30T14:20:27.599067
2,19,2,5,0,5,2026-07-30T14:20:28.842983
2,19,3,5,0,5,2026-07-30T14:20:30.287744
2,19,4,5,0,5,2026-07-30T14:20:31.519024
2,19,5,5,0,5,2026-07-30T14:20:33.384133
2,19,6,5,0,5,2026-07-30T14:20:35.237558
2,19,7,5,0,5,2026-07-30T14:20:36.879172
2,19,8,5,0,5,2026-07-30T14:20:38.131201
2,19,9,5,0,5,2026-07-30T14:20:39.597860
2,19,10,5,0,5,2026-07-30T14:20:40.839083
2,20,1,5,0,5,2026-07-30T14:20:42.690096
2,20,2,5,0,5,2026-07-30T14:20:43.756508
2,20,3,5,0,5,2026-07-30T14:20:45.087526
2,20,4,5,0,5,2026-07-30T14:20:46.955335
2,20,5,5,0,5,2026-07-30T14:20:48.000991
2,20,6,5,0,5,2026-07-30T14:20:50.034727
2,20,7,5,0,5,2026-07-30T14:20:51.874679
2,20,8,5,0,5,2026-07-30T14:20:53.341759
2,20,9,5,0,5,2026-07-30T14:20:55.173831
2,20,10,5,0,5,2026-07-30T14:20:57.074580
2,21,1,5,0,5,2026-07-30T14:20:58.323459
2,21,2,5,0,5,2026-07-30T14:20:59.990893
2,21,3,5,0,5,2026-07-30T14:21:01.637272
2,21,4,5,0,5,2026-07-30T14:21:03.525530
2,21,5,5,0,5,2026-07-30T14:21:05.175986
2,21,6,5,0,5,2026-07-30T14:21:06.437089
2,21,7,5,0,5,2026-07-30T14:21:07.863604
2,21,8,5,0,5,2026-07-30T14:21:09.526187
2,21,9,5,0,5,2026-07-30T14:21:11.382131
2,21,10,5,0,5,2026-07-30T14:21:13.227584
2,22,1,5,0,5,2026-07-30T14:21:14.443426
2,22,2,5,0,5,2026-07-30T14:21:15.699474
2,22,3,5,0,5,2026-07-30T14:21:17.557913
2,22,4,5,0,5,2026-07-30T14:21:19.453403
2,22,5,5,0,5,2026-07-30T14:21:21.303464
2,22,6,5,0,5,2026-07-30T14:21:22.342366
2,22,7,5,0,5,2026-07-30T14:21:23.984259
2,22,8,5,0,5,2026-07-30T14:21:25.450038
2,22,9,5,0,5,2026-07-30T14:21:26.876924
2,22,10,5,0,5,2026-07-30T14:21:28.515621
2,23,1,5,0,5,2026-07-30T14:21:30.377366
2,23,2,5,0,5,2026-07-30T14:21:32.246415
2,23,3,5,0,5,2026-07-30T14:21:34.103135
2,23,4,5,0,5,2026-07-30T14:21:35.605285
2,23,5,5,0,5,2026-07-30T14:21:36.655995
2,23,6,5,0,5,2026-07-30T14:21:38.745132
2,23,7,5,0,5,2026-07-30T14:21:40.032855
2,23,8,5,0,5,2026-07-30T14:21:41.892128
2,23,9,5,0,5,2026-07-30T14:21:43.363228
2,23,10,5,0,5,2026-07-30T14:21:44.810835
2,24,1,5,0,5,2026-07-30T14:21:45.876966
2,24,2,5,0,5,2026-07-30T14:21:46.726860
2,24,3,5,0,5,2026-07-30T14:21:47.754759
2,24,4,5,0,5,2026-07-30T14:21:49.202467
2,24,5,5,0,5,2026-07-30T14:21:50.920293
2,24,6,5,0,5,2026-07-30T14:21:52.366255
2,24,7,5,0,5,2026-07-30T14:21:53.624508
2,24,8,5,0,5,2026-07-30T14:21:54.869913
2,24,9,5,0,5,2026-07-30T14:21:56.307940
2,24,10,5,0,5,2026-07-30T14:21:57.757954
2,25,1,5,0,5,2026-07-30T14:21:59.430779
2,25,2,5,0,5,2026-07-30T14:22:01.086030
2,25,3,5,0,5,2026-07-30T14:22:02.917446
2,25,4,5,0,5,2026-07-30T14:22:03.966017
2,25,5,0,0,0,2026-07-30T14:22:05.402399
2,25,6,5,0,5,2026-07-30T14:22:06.669471
2,25,7,5,0,5,2026-07-30T14:22:08.511856
2,25,8,5,0,5,2026-07-30T14:22:09.960952
2,25,9,5,0,5,2026-07-30T14:22:11.019020
2,25,10,5,0,5,2026-07-30T14:22:12.477884
2,26,1,5,0,5,2026-07-30T14:22:13.944902
2,26,2,5,0,5,2026-07-30T14:22:14.963381
2,26,3,5,0,5,2026-07-30T14:22:16.020750
2,26,4,5,0,5,2026-07-30T14:22:17.657097
2,26,5,5,0,5,2026-07-30T14:22:18.896790
2,26,6,5,0,5,2026-07-30T14:22:20.952091
2,26,7,5,0,5,2026-07-30T14:22:22.191552
2,26,8,5,0,5,2026-07-30T14:22:23.856573
2,26,9,5,0,5,2026-07-30T14:22:25.705414
2,26,10,5,0,5,2026-07-30T14:22:27.527856
2,27,1,5,0,5,2026-07-30T14:22:29.437584
2,27,2,5,0,5,2026-07-30T14:22:31.291424
2,27,3,5,0,5,2026-07-30T14:22:32.544287
2,27,4,5,0,5,2026-07-30T14:22:34.196587
2,27,5,5,0,5,2026-07-30T14:22:36.071222
2,27,6,5,0,5,2026-07-30T14:22:37.103240
2,27,7,5,0,5,2026-07-30T14:22:38.953718
2,27,8,5,0,5,2026-07-30T14:22:40.791292
2,27,9,5,0,5,2026-07-30T14:22:42.043637
2,27,10,5,0,5,2026-07-30T14:22:43.283117
2,28,1,4,0,4,2026-07-30T14:22:45.125286
2,28,2,5,0,5,2026-07-30T14:22:46.564941
2,28,3,5,0,5,2026-07-30T14:22:48.012877
2,28,4,4,0,4,2026-07-30T14:22:49.438538
2,28,5,5,0,5,2026-07-30T14:22:51.276448
2,28,6,5,0,5,2026-07-30T14:22:52.929402
2,28,7,5,0,5,2026-07-30T14:22:54.178577
2,28,8,5,0,5,2026-07-30T14:22:55.627608
2,28,9,4,0,4,2026-07-30T14:22:56.675559
2,28,10,5,0,5,2026-07-30T14:22:58.305920
2,29,1,5,0,5,2026-07-30T14:22:59.962611
2,29,2,5,0,5,2026-07-30T14:23:01.616989
2,29,3,5,0,5,2026-07-30T14:23:02.653761
2,29,4,5,0,5,2026-07-30T14:23:03.692583
2,29,5,5,0,5,2026-07-30T14:23:04.929450
2,29,6,5,0,5,2026-07-30T14:23:06.169170
2,29,7,5,0,5,2026-07-30T14:23:07.212602
2,29,8,5,0,5,2026-07-30T14:23:08.476369
2,29,9,5,0,5,2026-07-30T14:23:10.327846
2,29,10,5,0,5,2026-07-30T14:23:11.372455
2,30,1,5,0,5,2026-07-30T14:23:12.836200
2,30,2,5,0,5,2026-07-30T14:23:14.291944
2,30,3,5,0,5,2026-07-30T14:23:15.742768
2,30,4,5,0,5,2026-07-30T14:23:17.596370
2,30,5,5,0,5,2026-07-30T14:23:19.052861
2,30,6,5,0,5,2026-07-30T14:23:20.709402
2,30,7,5,0,5,2026-07-30T14:23:22.161098
2,30,8,5,0,5,2026-07-30T14:23:23.296040
2,30,9,5,0,5,2026-07-30T14:23:24.734985
2,30,10,5,0,5,2026-07-30T14:23:26.210038
3,1,1,5,0,5,2026-07-30T14:23:27.450209
3,1,2,5,0,5,2026-07-30T14:23:29.300377
3,1,3,5,0,5,2026-07-30T14:23:30.761527
3,1,4,5,0,5,2026-07-30T14:23:32.032130
3,1,5,5,0,5,2026-07-30T14:23:33.056711
3,1,6,5,0,5,2026-07-30T14:23:34.090955
3,1,7,5,0,5,2026-07-30T14:23:35.730395
3,1,8,5,0,5,2026-07-30T14:23:37.773681
3,1,9,5,0,5,2026-07-30T14:23:39.449981
3,1,10,5,0,5,2026-07-30T14:23:41.297344
3,2,1,5,0,5,2026-07-30T14:23:42.952407
3,2,2,5,0,5,2026-07-30T14:23:44.187861
3,2,3,5,0,5,2026-07-30T14:23:46.043451
3,2,4,5,0,5,2026-07-30T14:23:47.892275
3,2,5,5,0,5,2026-07-30T14:23:49.349768
3,2,6,5,0,5,2026-07-30T14:23:51.008916
3,2,7,5,0,5,2026-07-30T14:23:52.872702
3,2,8,5,0,5,2026-07-30T14:23:54.315820
3,2,9,5,0,5,2026-07-30T14:23:55.781377
3,2,10,5,0,5,2026-07-30T14:23:57.832640
3,3,1,5,0,5,2026-07-30T14:23:59.720306
3,3,2,5,0,5,2026-07-30T14:24:01.588613
3,3,3,5,0,5,2026-07-30T14:24:03.337597
3,3,4,2,0,2,2026-07-30T14:24:04.581988
3,3,5,5,0,5,2026-07-30T14:24:05.632257
3,3,6,5,0,5,2026-07-30T14:24:07.086245
3,3,7,0,0,0,2026-07-30T14:24:08.361296
3,3,8,5,0,5,2026-07-30T14:24:09.384958
3,3,9,5,0,5,2026-07-30T14:24:11.053350
3,3,10,5,0,5,2026-07-30T14:24:12.486437
3,4,1,0,0,0,2026-07-30T14:24:13.744646
3,4,2,0,0,0,2026-07-30T14:24:15.786203
3,4,3,0,0,0,2026-07-30T14:24:17.647229
3,4,4,0,0,0,2026-07-30T14:24:18.899569
3,4,5,0,0,0,2026-07-30T14:24:20.331662
3,4,6,0,0,0,2026-07-30T14:24:22.371773
3,4,7,0,0,0,2026-07-30T14:24:23.439467
3,4,8,2,0,2,2026-07-30T14:24:25.086959
3,4,9,0,0,0,2026-07-30T14:24:26.925942
3,4,10,0,0,0,2026-07-30T14:24:28.364891
3,5,1,0,0,0,2026-07-30T14:24:29.615690
3,5,2,0,0,0,2026-07-30T14:24:31.065794
3,5,3,0,0,0,2026-07-30T14:24:32.726311
3,5,4,0,0,0,2026-07-30T14:24:33.967918
3,5,5,0,0,0,2026-07-30T14:24:35.618038
3,5,6,0,0,0,2026-07-30T14:24:37.070051
3,5,7,0,0,0,2026-07-30T14:24:38.120662
3,5,8,0,0,0,2026-07-30T14:24:39.370658
3,5,9,0,0,0,2026-07-30T14:24:40.625784
3,5,10,0,0,0,2026-07-30T14:24:42.470201
3,6,1,5,0,5,2026-07-30T14:24:44.320667
3,6,2,5,0,5,2026-07-30T14:24:45.766894
3,6,3,5,0,5,2026-07-30T14:24:47.440933
3,6,4,5,0,5,2026-07-30T14:24:48.855171
3,6,5,5,0,5,2026-07-30T14:24:50.108656
3,6,6,5,0,5,2026-07-30T14:24:51.135271
3,6,7,5,0,5,2026-07-30T14:24:52.977755
3,6,8,5,0,5,2026-07-30T14:24:55.014053
3,6,9,5,0,5,2026-07-30T14:24:56.098800
3,6,10,5,0,5,2026-07-30T14:24:57.331089
3,7,1,5,0,5,2026-07-30T14:24:58.555641
3,7,2,5,0,5,2026-07-30T14:25:00.209016
3,7,3,5,0,5,2026-07-30T14:25:01.245665
3,7,4,5,0,5,2026-07-30T14:25:02.278610
3,7,5,5,0,5,2026-07-30T14:25:03.921817
3,7,6,5,0,5,2026-07-30T14:25:05.564063
3,7,7,5,0,5,2026-07-30T14:25:07.444779
3,7,8,5,0,5,2026-07-30T14:25:08.886728
3,7,9,5,0,5,2026-07-30T14:25:10.121047
3,7,10,5,0,5,2026-07-30T14:25:11.163589
3,8,1,5,0,5,2026-07-30T14:25:12.817226
3,8,2,5,0,5,2026-07-30T14:25:14.245730
3,8,3,5,0,5,2026-07-30T14:25:15.485925
3,8,4,5,0,5,2026-07-30T14:25:17.143149
3,8,5,5,0,5,2026-07-30T14:25:19.009619
3,8,6,5,0,5,2026-07-30T14:25:20.058579
3,8,7,5,0,5,2026-07-30T14:25:21.113604
3,8,8,5,0,5,2026-07-30T14:25:22.948935
3,8,9,5,0,5,2026-07-30T14:25:24.613230
3,8,10,5,0,5,2026-07-30T14:25:26.071043
3,9,1,0,0,0,2026-07-30T14:25:27.301836
3,9,2,5,0,5,2026-07-30T14:25:28.351908
3,9,3,3,0,3,2026-07-30T14:25:29.808558
3,9,4,5,0,5,2026-07-30T14:25:31.050924
3,9,5,0,0,0,2026-07-30T14:25:32.685915
3,9,6,5,0,5,2026-07-30T14:25:34.147706
3,9,7,2,0,2,2026-07-30T14:25:35.612524
3,9,8,5,0,5,2026-07-30T14:25:37.273554
3,9,9,0,0,0,2026-07-30T14:25:38.734682
3,9,10,5,0,5,2026-07-30T14:25:39.980228
3,10,1,0,0,0,2026-07-30T14:25:41.826051
3,10,2,0,0,0,2026-07-30T14:25:42.858654
3,10,3,0,0,0,2026-07-30T14:25:44.086486
3,10,4,5,0,5,2026-07-30T14:25:45.948727
3,10,5,0,0,0,2026-07-30T14:25:47.778416
3,10,6,0,0,0,2026-07-30T14:25:49.623280
3,10,7,0,0,0,2026-07-30T14:25:51.499248
3,10,8,0,0,0,2026-07-30T14:25:52.743457
3,10,9,0,0,0,2026-07-30T14:25:54.368626
3,10,10,5,0,5,2026-07-30T14:25:56.010270
3,11,1,5,0,5,2026-07-30T14:25:57.878288
3,11,2,5,0,5,2026-07-30T14:25:59.751799
3,11,3,5,0,5,2026-07-30T14:26:00.797273
3,11,4,5,0,5,2026-07-30T14:26:02.258457
3,11,5,5,0,5,2026-07-30T14:26:04.311011
3,11,6,5,0,5,2026-07-30T14:26:06.167219
3,11,7,5,0,5,2026-07-30T14:26:07.839941
3,11,8,5,0,5,2026-07-30T14:26:09.490751
3,11,9,5,0,5,2026-07-30T14:26:11.351557
3,11,10,5,0,5,2026-07-30T14:26:12.792260
3,12,1,5,0,5,2026-07-30T14:26:14.716637
3,12,2,5,0,5,2026-07-30T14:26:16.172040
3,12,3,5,0,5,2026-07-30T14:26:17.586464
3,12,4,5,0,5,2026-07-30T14:26:19.423509
3,12,5,5,0,5,2026-07-30T14:26:20.896931
3,12,6,5,0,5,2026-07-30T14:26:22.150981
3,12,7,5,0,5,2026-07-30T14:26:23.430526
3,12,8,5,0,5,2026-07-30T14:26:24.862658
3,12,9,5,0,5,2026-07-30T14:26:26.691145
3,12,10,5,0,5,2026-07-30T14:26:28.108656
3,13,1,5,0,5,2026-07-30T14:26:29.774208
3,13,2,0,0,0,2026-07-30T14:26:31.029264
3,13,3,0,0,0,2026-07-30T14:26:32.282359
3,13,4,5,0,5,2026-07-30T14:26:33.523977
3,13,5,5,0,5,2026-07-30T14:26:35.584946
3,13,6,5,0,5,2026-07-30T14:26:36.834318
3,13,7,5,0,5,2026-07-30T14:26:38.698079
3,13,8,5,0,5,2026-07-30T14:26:39.755131
3,13,9,5,0,5,2026-07-30T14:26:41.199746
3,13,10,5,0,5,2026-07-30T14:26:43.084097
3,14,1,5,0,5,2026-07-30T14:26:44.339050
3,14,2,5,0,5,2026-07-30T14:26:46.214391
3,14,3,5,0,5,2026-07-30T14:26:47.878873
3,14,4,5,0,5,2026-07-30T14:26:49.538786
3,14,5,5,0,5,2026-07-30T14:26:51.193078
3,14,6,5,0,5,2026-07-30T14:26:52.835414
3,14,7,5,0,5,2026-07-30T14:26:53.897639
3,14,8,5,0,5,2026-07-30T14:26:55.140701
3,14,9,5,0,5,2026-07-30T14:26:56.182660
3,14,10,5,0,5,2026-07-30T14:26:57.223777
3,15,1,0,0,0,2026-07-30T14:26:59.065735
3,15,2,0,0,0,2026-07-30T14:27:00.127161
3,15,3,0,0,0,2026-07-30T14:27:01.789113
3,15,4,0,0,0,2026-07-30T14:27:02.832802
3,15,5,5,0,5,2026-07-30T14:27:04.680044
3,15,6,0,0,0,2026-07-30T14:27:06.126932
3,15,7,5,0,5,2026-07-30T14:27:07.569717
3,15,8,5,0,5,2026-07-30T14:27:09.616193
3,15,9,5,0,5,2026-07-30T14:27:11.048854
3,15,10,5,0,5,2026-07-30T14:27:12.891695
3,16,1,5,0,5,2026-07-30T14:27:13.921086
3,16,2,5,0,5,2026-07-30T14:27:14.957977
3,16,3,5,0,5,2026-07-30T14:27:16.399022
3,16,4,5,0,5,2026-07-30T14:27:17.677639
3,16,5,5,0,5,2026-07-30T14:27:19.136355
3,16,6,5,0,5,2026-07-30T14:27:20.371598
3,16,7,5,0,5,2026-07-30T14:27:21.810561
3,16,8,5,0,5,2026-07-30T14:27:23.046664
3,16,9,5,0,5,2026-07-30T14:27:24.510139
3,16,10,5,0,5,2026-07-30T14:27:26.340255
3,17,1,5,0,5,2026-07-30T14:27:27.357994
3,17,2,5,0,5,2026-07-30T14:27:29.198522
3,17,3,5,0,5,2026-07-30T14:27:30.656000
3,17,4,5,0,5,2026-07-30T14:27:31.706796
3,17,5,5,0,5,2026-07-30T14:27:33.562776
3,17,6,5,0,5,2026-07-30T14:27:35.399088
3,17,7,5,0,5,2026-07-30T14:27:36.537130
3,17,8,5,0,5,2026-07-30T14:27:38.395256
3,17,9,5,0,5,2026-07-30T14:27:40.274495
3,17,10,5,0,5,2026-07-30T14:27:42.135983
3,18,1,5,0,5,2026-07-30T14:27:43.978984
3,18,2,5,0,5,2026-07-30T14:27:45.650771
3,18,3,5,0,5,2026-07-30T14:27:46.893870
3,18,4,5,0,5,2026-07-30T14:27:48.115729
3,18,5,5,0,5,2026-07-30T14:27:49.554648
3,18,6,5,0,5,2026-07-30T14:27:51.411683
3,18,7,5,0,5,2026-07-30T14:27:52.851491
3,18,8,5,0,5,2026-07-30T14:27:54.697189
3,18,9,5,0,5,2026-07-30T14:27:56.533425
3,18,10,5,0,5,2026-07-30T14:27:57.568841
3,19,1,5,0,5,2026-07-30T14:27:59.413842
3,19,2,5,0,5,2026-07-30T14:28:00.642651
3,19,3,5,0,5,2026-07-30T14:28:02.071757
3,19,4,5,0,5,2026-07-30T14:28:03.942775
3,19,5,5,0,5,2026-07-30T14:28:05.178094
3,19,6,5,0,5,2026-07-30T14:28:07.049739
3,19,7,5,0,5,2026-07-30T14:28:08.083196
3,19,8,5,0,5,2026-07-30T14:28:09.531190
3,19,9,5,0,5,2026-07-30T14:28:10.758194
3,19,10,5,0,5,2026-07-30T14:28:11.784269
3,20,1,5,0,5,2026-07-30T14:28:13.218906
3,20,2,5,0,5,2026-07-30T14:28:14.644610
3,20,3,5,0,5,2026-07-30T14:28:16.491487
3,20,4,5,0,5,2026-07-30T14:28:17.598518
3,20,5,5,0,5,2026-07-30T14:28:19.244175
3,20,6,5,0,5,2026-07-30T14:28:20.464382
3,20,7,5,0,5,2026-07-30T14:28:21.931453
3,20,8,5,0,5,2026-07-30T14:28:23.770993
3,20,9,5,0,5,2026-07-30T14:28:25.255578
3,20,10,5,0,5,2026-07-30T14:28:26.500991
3,21,1,5,0,5,2026-07-30T14:28:27.764426
3,21,2,5,0,5,2026-07-30T14:28:29.241800
3,21,3,5,0,5,2026-07-30T14:28:30.897951
3,21,4,5,0,5,2026-07-30T14:28:32.134294
3,21,5,5,0,5,2026-07-30T14:28:33.969220
3,21,6,5,0,5,2026-07-30T14:28:35.413815
3,21,7,5,0,5,2026-07-30T14:28:36.645589
3,21,8,5,0,5,2026-07-30T14:28:38.266694
3,21,9,5,0,5,2026-07-30T14:28:43.817478
3,21,10,5,0,5,2026-07-30T14:28:45.071830
3,22,1,5,0,5,2026-07-30T14:28:46.116330
3,22,2,5,0,5,2026-07-30T14:28:47.578674
3,22,3,5,0,5,2026-07-30T14:28:49.225839
3,22,4,5,0,5,2026-07-30T14:28:51.077637
3,22,5,5,0,5,2026-07-30T14:28:52.531700
3,22,6,5,0,5,2026-07-30T14:28:54.384830
3,22,7,5,0,5,2026-07-30T14:28:55.616818
3,22,8,5,0,5,2026-07-30T14:28:57.064802
3,22,9,5,0,5,2026-07-30T14:28:58.514156
3,22,10,5,0,5,2026-07-30T14:29:00.381282
3,23,1,5,0,5,2026-07-30T14:29:02.458082
3,23,2,5,0,5,2026-07-30T14:29:03.522083
3,23,3,5,0,5,2026-07-30T14:29:05.385825
3,23,4,5,0,5,2026-07-30T14:29:06.819077
3,23,5,5,0,5,2026-07-30T14:29:08.253733
3,23,6,5,0,5,2026-07-30T14:29:09.708518
3,23,7,5,0,5,2026-07-30T14:29:10.736040
3,23,8,5,0,5,2026-07-30T14:29:12.379303
3,23,9,5,0,5,2026-07-30T14:29:14.026337
3,23,10,5,0,5,2026-07-30T14:29:15.693793
3,24,1,5,0,5,2026-07-30T14:29:16.941752
3,24,2,5,0,5,2026-07-30T14:29:18.010723
3,24,3,5,0,5,2026-07-30T14:29:19.456969
3,24,4,5,0,5,2026-07-30T14:29:21.186207
3,24,5,5,0,5,2026-07-30T14:29:22.652039
3,24,6,5,0,5,2026-07-30T14:29:24.695897
3,24,7,5,0,5,2026-07-30T14:29:25.747350
3,24,8,5,0,5,2026-07-30T14:29:26.980617
3,24,9,5,0,5,2026-07-30T14:29:28.244694
3,24,10,5,0,5,2026-07-30T14:29:29.910974
3,25,1,5,0,5,2026-07-30T14:29:31.948151
3,25,2,5,0,5,2026-07-30T14:29:32.986725
3,25,3,3,0,3,2026-07-30T14:29:34.217861
3,25,4,4,0,4,2026-07-30T14:29:35.847666
3,25,5,5,0,5,2026-07-30T14:29:37.299049
3,25,6,5,0,5,2026-07-30T14:29:39.134126
3,25,7,3,0,3,2026-07-30T14:29:40.771981
3,25,8,3,0,3,2026-07-30T14:29:42.239269
3,25,9,3,0,3,2026-07-30T14:29:43.477786
3,25,10,4,0,4,2026-07-30T14:29:44.932571
3,26,1,5,0,5,2026-07-30T14:29:46.180624
3,26,2,5,0,5,2026-07-30T14:29:47.841976
3,26,3,5,0,5,2026-07-30T14:29:49.286361
3,26,4,5,0,5,2026-07-30T14:29:50.519225
3,26,5,5,0,5,2026-07-30T14:29:52.158331
3,26,6,5,0,5,2026-07-30T14:29:54.012560
3,26,7,5,0,5,2026-07-30T14:29:55.475584
3,26,8,5,0,5,2026-07-30T14:29:56.940746
3,26,9,5,0,5,2026-07-30T14:29:58.778119
3,26,10,5,0,5,2026-07-30T14:30:00.842242
3,27,1,5,0,5,2026-07-30T14:30:02.898171
3,27,2,5,0,5,2026-07-30T14:30:04.363707
3,27,3,5,0,5,2026-07-30T14:30:05.826899
3,27,4,5,0,5,2026-07-30T14:30:07.891707
3,27,5,5,0,5,2026-07-30T14:30:09.571212
3,27,6,5,0,5,2026-07-30T14:30:11.414794
3,27,7,5,0,5,2026-07-30T14:30:13.058101
3,27,8,5,0,5,2026-07-30T14:30:15.115865
3,27,9,5,0,5,2026-07-30T14:30:16.371926
3,27,10,5,0,5,2026-07-30T14:30:17.408950
3,28,1,5,0,5,2026-07-30T14:30:19.059153
3,28,2,5,0,5,2026-07-30T14:30:20.915476
3,28,3,5,0,5,2026-07-30T14:30:22.373871
3,28,4,5,0,5,2026-07-30T14:30:24.236669
3,28,5,5,0,5,2026-07-30T14:30:25.697722
3,28,6,5,0,5,2026-07-30T14:30:26.983675
3,28,7,5,0,5,2026-07-30T14:30:28.438591
3,28,8,5,0,5,2026-07-30T14:30:29.707944
3,28,9,5,0,5,2026-07-30T14:30:30.785749
3,28,10,5,0,5,2026-07-30T14:30:32.256046
3,29,1,5,0,5,2026-07-30T14:30:33.890719
3,29,2,5,0,5,2026-07-30T14:30:35.322783
3,29,3,5,0,5,2026-07-30T14:30:36.759391
3,29,4,5,0,5,2026-07-30T14:30:38.003649
3,29,5,5,0,5,2026-07-30T14:30:39.034409
3,29,6,5,0,5,2026-07-30T14:30:40.690056
3,29,7,5,0,5,2026-07-30T14:30:42.123264
3,29,8,5,0,5,2026-07-30T14:30:43.984763
3,29,9,5,0,5,2026-07-30T14:30:45.208355
3,29,10,5,0,5,2026-07-30T14:30:46.256186
3,30,1,5,0,5,2026-07-30T14:30:47.748836
3,30,2,5,0,5,2026-07-30T14:30:48.796801
3,30,3,5,0,5,2026-07-30T14:30:50.036058
3,30,4,5,0,5,2026-07-30T14:30:51.065775
3,30,5,5,0,5,2026-07-30T14:30:52.920048
3,30,6,5,0,5,2026-07-30T14:30:54.587054
3,30,7,5,0,5,2026-07-30T14:30:56.439535
3,30,8,5,0,5,2026-07-30T14:30:57.684409
3,30,9,5,0,5,2026-07-30T14:30:59.324640
3,30,10,5,0,5,2026-07-30T14:31:00.829419
4,1,1,5,0,5,2026-07-30T14:31:02.262214
4,1,2,5,0,5,2026-07-30T14:31:03.903289
4,1,3,5,0,5,2026-07-30T14:31:05.554828
4,1,4,5,0,5,2026-07-30T14:31:07.393216
4,1,5,5,0,5,2026-07-30T14:31:09.242901
4,1,6,5,0,5,2026-07-30T14:31:11.100131
4,1,7,5,0,5,2026-07-30T14:31:12.348912
4,1,8,5,0,5,2026-07-30T14:31:13.398150
4,1,9,5,0,5,2026-07-30T14:31:15.062179
4,1,10,5,0,5,2026-07-30T14:31:16.531888
4,2,1,5,0,5,2026-07-30T14:31:18.192269
4,2,2,5,0,5,2026-07-30T14:31:19.625201
4,2,3,5,0,5,2026-07-30T14:31:21.286604
4,2,4,5,0,5,2026-07-30T14:31:23.126525
4,2,5,5,0,5,2026-07-30T14:31:24.754137
4,2,6,5,0,5,2026-07-30T14:31:26.403503
4,2,7,5,0,5,2026-07-30T14:31:27.858159
4,2,8,5,0,5,2026-07-30T14:31:29.097220
4,2,9,5,0,5,2026-07-30T14:31:30.141603
4,2,10,5,0,5,2026-07-30T14:31:31.780410
4,3,1,5,0,5,2026-07-30T14:31:33.210450
4,3,2,5,0,5,2026-07-30T14:31:35.049420
4,3,3,5,0,5,2026-07-30T14:31:36.703081
4,3,4,5,0,5,2026-07-30T14:31:38.378192
4,3,5,5,0,5,2026-07-30T14:31:40.046716
4,3,6,5,0,5,2026-07-30T14:31:41.487500
4,3,7,5,0,5,2026-07-30T14:31:43.139820
4,3,8,5,0,5,2026-07-30T14:31:44.787750
4,3,9,2,0,2,2026-07-30T14:31:46.700770
4,3,10,5,0,5,2026-07-30T14:31:48.349907
4,4,1,5,0,5,2026-07-30T14:31:49.407870
4,4,2,3,0,3,2026-07-30T14:31:50.643886
4,4,3,4,0,4,2026-07-30T14:31:52.513177
4,4,4,5,0,5,2026-07-30T14:31:54.182747
4,4,5,5,0,5,2026-07-30T14:31:55.831013
4,4,6,5,0,5,2026-07-30T14:31:57.292185
4,4,7,3,0,3,2026-07-30T14:31:58.542488
4,4,8,3,0,3,2026-07-30T14:31:59.563422
4,4,9,5,0,5,2026-07-30T14:32:01.004747
4,4,10,5,0,5,2026-07-30T14:32:02.467364
4,5,1,5,0,5,2026-07-30T14:32:03.510448
4,5,2,5,0,5,2026-07-30T14:32:05.345024
4,5,3,5,0,5,2026-07-30T14:32:07.198718
4,5,4,5,0,5,2026-07-30T14:32:08.831438
4,5,5,5,0,5,2026-07-30T14:32:10.678107
4,5,6,5,0,5,2026-07-30T14:32:11.922620
4,5,7,5,0,5,2026-07-30T14:32:13.379653
4,5,8,5,0,5,2026-07-30T14:32:15.204556
4,5,9,5,0,5,2026-07-30T14:32:16.848143
4,5,10,5,0,5,2026-07-30T14:32:18.067566
4,6,1,5,0,5,2026-07-30T14:32:20.112532
4,6,2,5,0,5,2026-07-30T14:32:21.538072
4,6,3,5,0,5,2026-07-30T14:32:22.772049
4,6,4,5,0,5,2026-07-30T14:32:24.240231
4,6,5,5,0,5,2026-07-30T14:32:25.890501
4,6,6,5,0,5,2026-07-30T14:32:27.524299
4,6,7,5,0,5,2026-07-30T14:32:29.198041
4,6,8,5,0,5,2026-07-30T14:32:31.048246
4,6,9,5,0,5,2026-07-30T14:32:32.901126
4,6,10,5,0,5,2026-07-30T14:32:34.137606
4,7,1,5,0,5,2026-07-30T14:32:35.580743
4,7,2,5,0,5,2026-07-30T14:32:36.647836
4,7,3,5,0,5,2026-07-30T14:32:38.291801
4,7,4,5,0,5,2026-07-30T14:32:39.965716
4,7,5,5,0,5,2026-07-30T14:32:41.832545
4,7,6,5,0,5,2026-07-30T14:32:42.884528
4,7,7,5,0,5,2026-07-30T14:32:44.353580
4,7,8,5,0,5,2026-07-30T14:32:45.503418
4,7,9,5,0,5,2026-07-30T14:32:47.427359
4,7,10,5,0,5,2026-07-30T14:32:48.697760
4,8,1,5,0,5,2026-07-30T14:32:50.540844
4,8,2,5,0,5,2026-07-30T14:32:51.790154
4,8,3,5,0,5,2026-07-30T14:32:52.845772
4,8,4,5,0,5,2026-07-30T14:32:54.314953
4,8,5,5,0,5,2026-07-30T14:32:55.380174
4,8,6,5,0,5,2026-07-30T14:32:57.228769
4,8,7,5,0,5,2026-07-30T14:32:58.872445
4,8,8,5,0,5,2026-07-30T14:32:59.925135
4,8,9,5,0,5,2026-07-30T14:33:00.955142
4,8,10,5,0,5,2026-07-30T14:33:02.806505
4,9,1,5,0,5,2026-07-30T14:33:04.482763
4,9,2,5,0,5,2026-07-30T14:33:06.123693
4,9,3,5,0,5,2026-07-30T14:33:07.179104
4,9,4,5,0,5,2026-07-30T14:33:08.426659
4,9,5,5,0,5,2026-07-30T14:33:09.871859
4,9,6,5,0,5,2026-07-30T14:33:11.304098
4,9,7,5,0,5,2026-07-30T14:33:12.341234
4,9,8,5,0,5,2026-07-30T14:33:14.409352
4,9,9,5,0,5,2026-07-30T14:33:15.840800
4,9,10,5,0,5,2026-07-30T14:33:17.087570
4,10,1,0,0,0,2026-07-30T14:33:17.947950
4,10,2,0,0,0,2026-07-30T14:33:19.606613
4,10,3,0,0,0,2026-07-30T14:33:21.254404
4,10,4,0,0,0,2026-07-30T14:33:23.078708
4,10,5,0,0,0,2026-07-30T14:33:24.934862
4,10,6,0,0,0,2026-07-30T14:33:26.180355
4,10,7,5,0,5,2026-07-30T14:33:27.823203
4,10,8,0,0,0,2026-07-30T14:33:29.474736
4,10,9,0,0,0,2026-07-30T14:33:30.698227
4,10,10,0,0,0,2026-07-30T14:33:32.360747
4,11,1,5,0,5,2026-07-30T14:33:33.809888
4,11,2,5,0,5,2026-07-30T14:33:35.048050
4,11,3,5,0,5,2026-07-30T14:33:36.307065
4,11,4,5,0,5,2026-07-30T14:33:38.174088
4,11,5,5,0,5,2026-07-30T14:33:39.390409
4,11,6,5,0,5,2026-07-30T14:33:40.825322
4,11,7,5,0,5,2026-07-30T14:33:42.883610
4,11,8,5,0,5,2026-07-30T14:33:44.341309
4,11,9,5,0,5,2026-07-30T14:33:45.966069
4,11,10,5,0,5,2026-07-30T14:33:47.004350
4,12,1,5,0,5,2026-07-30T14:33:48.660354
4,12,2,5,0,5,2026-07-30T14:33:50.094442
4,12,3,5,0,5,2026-07-30T14:33:51.942205
4,12,4,5,0,5,2026-07-30T14:33:53.591644
4,12,5,5,0,5,2026-07-30T14:33:54.854339
4,12,6,5,0,5,2026-07-30T14:33:56.099264
4,12,7,5,0,5,2026-07-30T14:33:57.140893
4,12,8,5,0,5,2026-07-30T14:33:58.586793
4,12,9,5,0,5,2026-07-30T14:33:59.606337
4,12,10,5,0,5,2026-07-30T14:34:00.643432
4,13,1,5,0,5,2026-07-30T14:34:02.476478
4,13,2,5,0,5,2026-07-30T14:34:03.507047
4,13,3,5,0,5,2026-07-30T14:34:05.151706
4,13,4,5,0,5,2026-07-30T14:34:06.965080
4,13,5,5,0,5,2026-07-30T14:34:08.626618
4,13,6,5,0,5,2026-07-30T14:34:10.277038
4,13,7,5,0,5,2026-07-30T14:34:11.528207
4,13,8,5,0,5,2026-07-30T14:34:12.761939
4,13,9,5,0,5,2026-07-30T14:34:14.214528
4,13,10,5,0,5,2026-07-30T14:34:15.855536
4,14,1,5,0,5,2026-07-30T14:34:17.305726
4,14,2,5,0,5,2026-07-30T14:34:19.362808
4,14,3,5,0,5,2026-07-30T14:34:20.399638
4,14,4,5,0,5,2026-07-30T14:34:22.037169
4,14,5,5,0,5,2026-07-30T14:34:23.907697
4,14,6,5,0,5,2026-07-30T14:34:25.156961
4,14,7,5,0,5,2026-07-30T14:34:26.590592
4,14,8,5,0,5,2026-07-30T14:34:28.429927
4,14,9,5,0,5,2026-07-30T14:34:29.725839
4,14,10,5,0,5,2026-07-30T14:34:30.962119
4,15,1,5,0,5,2026-07-30T14:34:32.645130
4,15,2,5,0,5,2026-07-30T14:34:34.084210
4,15,3,5,0,5,2026-07-30T14:34:35.522158
4,15,4,5,0,5,2026-07-30T14:34:36.978283
4,15,5,5,0,5,2026-07-30T14:34:38.840001
4,15,6,5,0,5,2026-07-30T14:34:40.499646
4,15,7,5,0,5,2026-07-30T14:34:41.940531
4,15,8,5,0,5,2026-07-30T14:34:43.381599
4,15,9,5,0,5,2026-07-30T14:34:45.045407
4,15,10,5,0,5,2026-07-30T14:34:46.510452
4,16,1,5,0,5,2026-07-30T14:34:48.371018
4,16,2,5,0,5,2026-07-30T14:34:49.429909
4,16,3,5,0,5,2026-07-30T14:34:51.052560
4,16,4,5,0,5,2026-07-30T14:34:52.291882
4,16,5,5,0,5,2026-07-30T14:34:54.136171
4,16,6,5,0,5,2026-07-30T14:34:55.362269
4,16,7,5,0,5,2026-07-30T14:34:56.994680
4,16,8,5,0,5,2026-07-30T14:34:58.849872
4,16,9,5,0,5,2026-07-30T14:35:00.680085
4,16,10,5,0,5,2026-07-30T14:35:02.324319
4,17,1,5,0,5,2026-07-30T14:35:03.770852
4,17,2,5,0,5,2026-07-30T14:35:05.396409
4,17,3,5,0,5,2026-07-30T14:35:07.234823
4,17,4,5,0,5,2026-07-30T14:35:08.278158
4,17,5,5,0,5,2026-07-30T14:35:09.715381
4,17,6,5,0,5,2026-07-30T14:35:11.375140
4,17,7,5,0,5,2026-07-30T14:35:12.834248
4,17,8,5,0,5,2026-07-30T14:35:14.492272
4,17,9,5,0,5,2026-07-30T14:35:15.529509
4,17,10,5,0,5,2026-07-30T14:35:17.571919
4,18,1,5,0,5,2026-07-30T14:35:18.619147
4,18,2,5,0,5,2026-07-30T14:35:19.878846
4,18,3,5,0,5,2026-07-30T14:35:21.125201
4,18,4,5,0,5,2026-07-30T14:35:22.169563
4,18,5,5,0,5,2026-07-30T14:35:23.226116
4,18,6,5,0,5,2026-07-30T14:35:24.661757
4,18,7,5,0,5,2026-07-30T14:35:25.888477
4,18,8,5,0,5,2026-07-30T14:35:27.545710
4,18,9,5,0,5,2026-07-30T14:35:28.781557
4,18,10,5,0,5,2026-07-30T14:35:30.424333
4,19,1,5,0,5,2026-07-30T14:35:31.856465
4,19,2,5,0,5,2026-07-30T14:35:33.310377
4,19,3,5,0,5,2026-07-30T14:35:34.776395
4,19,4,5,0,5,2026-07-30T14:35:35.807806
4,19,5,5,0,5,2026-07-30T14:35:37.460416
4,19,6,5,0,5,2026-07-30T14:35:38.909515
4,19,7,5,0,5,2026-07-30T14:35:40.155668
4,19,8,5,0,5,2026-07-30T14:35:41.801691
4,19,9,5,0,5,2026-07-30T14:35:43.249823
4,19,10,5,0,5,2026-07-30T14:35:44.264342
4,20,1,5,0,5,2026-07-30T14:35:45.518968
4,20,2,5,0,5,2026-07-30T14:35:46.969765
4,20,3,5,0,5,2026-07-30T14:35:48.614460
4,20,4,5,0,5,2026-07-30T14:35:50.087938
4,20,5,5,0,5,2026-07-30T14:35:51.953661
4,20,6,5,0,5,2026-07-30T14:35:53.590946
4,20,7,5,0,5,2026-07-30T14:35:54.655227
4,20,8,5,0,5,2026-07-30T14:35:55.699715
4,20,9,5,0,5,2026-07-30T14:35:57.139712
4,20,10,5,0,5,2026-07-30T14:35:58.990023
4,21,1,5,0,5,2026-07-30T14:36:00.288732
4,21,2,5,0,5,2026-07-30T14:36:01.947088
4,21,3,5,0,5,2026-07-30T14:36:03.404460
4,21,4,5,0,5,2026-07-30T14:36:04.851946
4,21,5,5,0,5,2026-07-30T14:36:06.308513
4,21,6,5,0,5,2026-07-30T14:36:07.934712
4,21,7,5,0,5,2026-07-30T14:36:08.967297
4,21,8,5,0,5,2026-07-30T14:36:10.631492
4,21,9,5,0,5,2026-07-30T14:36:12.463009
4,21,10,5,0,5,2026-07-30T14:36:13.922405
4,22,1,5,0,5,2026-07-30T14:36:15.593398
4,22,2,5,0,5,2026-07-30T14:36:17.037671
4,22,3,5,0,5,2026-07-30T14:36:18.492677
4,22,4,5,0,5,2026-07-30T14:36:19.937228
4,22,5,5,0,5,2026-07-30T14:36:21.778635
4,22,6,5,0,5,2026-07-30T14:36:22.807191
4,22,7,5,0,5,2026-07-30T14:36:24.238948
4,22,8,5,0,5,2026-07-30T14:36:25.888903
4,22,9,5,0,5,2026-07-30T14:36:27.532571
4,22,10,5,0,5,2026-07-30T14:36:28.960729
4,23,1,5,0,5,2026-07-30T14:36:30.011843
4,23,2,5,0,5,2026-07-30T14:36:31.470773
4,23,3,5,0,5,2026-07-30T14:36:33.303591
4,23,4,5,0,5,2026-07-30T14:36:34.560780
4,23,5,5,0,5,2026-07-30T14:36:36.620746
4,23,6,5,0,5,2026-07-30T14:36:38.075538
4,23,7,5,0,5,2026-07-30T14:36:39.524105
4,23,8,5,0,5,2026-07-30T14:36:41.378579
4,23,9,5,0,5,2026-07-30T14:36:42.826406
4,23,10,5,0,5,2026-07-30T14:36:44.384442
4,24,1,5,0,5,2026-07-30T14:36:45.837071
4,24,2,5,0,5,2026-07-30T14:36:47.489226
4,24,3,5,0,5,2026-07-30T14:36:48.945505
4,24,4,5,0,5,2026-07-30T14:36:50.249559
4,24,5,5,0,5,2026-07-30T14:36:51.885900
4,24,6,5,0,5,2026-07-30T14:36:53.540100
4,24,7,5,0,5,2026-07-30T14:36:54.779459
4,24,8,5,0,5,2026-07-30T14:36:56.430168
4,24,9,5,0,5,2026-07-30T14:36:58.274573
4,24,10,5,0,5,2026-07-30T14:36:59.326970
4,25,1,5,0,5,2026-07-30T14:37:00.369766
4,25,2,3,0,3,2026-07-30T14:37:02.026553
4,25,3,3,0,3,2026-07-30T14:37:03.061537
4,25,4,5,0,5,2026-07-30T14:37:04.100241
4,25,5,3,0,3,2026-07-30T14:37:04.943238
4,25,6,3,0,3,2026-07-30T14:37:06.488770
4,25,7,5,0,5,2026-07-30T14:37:07.557692
4,25,8,5,0,5,2026-07-30T14:37:08.583015
4,25,9,3,0,3,2026-07-30T14:37:10.025478
4,25,10,3,0,3,2026-07-30T14:37:11.883340
4,26,1,5,0,5,2026-07-30T14:37:12.931470
4,26,2,5,0,5,2026-07-30T14:37:14.184581
4,26,3,5,0,5,2026-07-30T14:37:16.025320
4,26,4,5,0,5,2026-07-30T14:37:17.479825
4,26,5,5,0,5,2026-07-30T14:37:19.352297
4,26,6,5,0,5,2026-07-30T14:37:20.801097
4,26,7,5,0,5,2026-07-30T14:37:22.241922
4,26,8,5,0,5,2026-07-30T14:37:23.501923
4,26,9,5,0,5,2026-07-30T14:37:25.541594
4,26,10,5,0,5,2026-07-30T14:37:27.372795
4,27,1,5,0,5,2026-07-30T14:37:28.609843
4,27,2,5,0,5,2026-07-30T14:37:29.848583
4,27,3,5,0,5,2026-07-30T14:37:31.112404
4,27,4,5,0,5,2026-07-30T14:37:32.372098
4,27,5,5,0,5,2026-07-30T14:37:34.239818
4,27,6,5,0,5,2026-07-30T14:37:36.094547
4,27,7,5,0,5,2026-07-30T14:37:37.941069
4,27,8,5,0,5,2026-07-30T14:37:39.796618
4,27,9,5,0,5,2026-07-30T14:37:41.031178
4,27,10,5,0,5,2026-07-30T14:37:42.288008
4,28,1,5,0,5,2026-07-30T14:37:43.742454
4,28,2,5,0,5,2026-07-30T14:37:44.987564
4,28,3,5,0,5,2026-07-30T14:37:46.439536
4,28,4,5,0,5,2026-07-30T14:37:47.691369
4,28,5,5,0,5,2026-07-30T14:37:48.944632
4,28,6,4,0,4,2026-07-30T14:37:50.005184
4,28,7,5,0,5,2026-07-30T14:37:51.449533
4,28,8,3,0,3,2026-07-30T14:37:52.922975
4,28,9,5,0,5,2026-07-30T14:37:54.592039
4,28,10,5,0,5,2026-07-30T14:37:56.046451
4,29,1,5,0,5,2026-07-30T14:37:57.690480
4,29,2,5,0,5,2026-07-30T14:37:59.746685
4,29,3,5,0,5,2026-07-30T14:38:00.985012
4,29,4,5,0,5,2026-07-30T14:38:02.021673
4,29,5,5,0,5,2026-07-30T14:38:03.878524
4,29,6,5,0,5,2026-07-30T14:38:05.311488
4,29,7,5,0,5,2026-07-30T14:38:06.965889
4,29,8,5,0,5,2026-07-30T14:38:08.206294
4,29,9,5,0,5,2026-07-30T14:38:09.291899
4,29,10,5,0,5,2026-07-30T14:38:10.333519
4,30,1,5,0,5,2026-07-30T14:38:11.602188
4,30,2,5,0,5,2026-07-30T14:38:13.056406
4,30,3,5,0,5,2026-07-30T14:38:14.511389
4,30,4,5,0,5,2026-07-30T14:38:15.974599
4,30,5,5,0,5,2026-07-30T14:38:17.611317
4,30,6,5,0,5,2026-07-30T14:38:19.658336
4,30,7,5,0,5,2026-07-30T14:38:21.492712
4,30,8,5,0,5,2026-07-30T14:38:23.332670
4,30,9,5,0,5,2026-07-30T14:38:24.767402
4,30,10,5,0,5,2026-07-30T14:38:26.626424
5,1,1,5,0,5,2026-07-30T14:38:27.696416
5,1,2,5,0,5,2026-07-30T14:38:28.938821
5,1,3,5,0,5,2026-07-30T14:38:30.185288
5,1,4,5,0,5,2026-07-30T14:38:31.433930
5,1,5,2,0,2,2026-07-30T14:38:57.811273
5,1,6,5,0,5,2026-07-30T14:38:59.452590
5,1,7,5,0,5,2026-07-30T14:39:00.921884
5,1,8,3,0,3,2026-07-30T14:39:02.780432
5,1,9,5,0,5,2026-07-30T14:39:04.025054
5,1,10,2,0,2,2026-07-30T14:39:05.663484
5,2,1,5,0,5,2026-07-30T14:39:07.515262
5,2,2,5,0,5,2026-07-30T14:39:08.546860
5,2,3,5,0,5,2026-07-30T14:39:10.394684
5,2,4,0,0,0,2026-07-30T14:39:11.841367
5,2,5,5,0,5,2026-07-30T14:39:12.880597
5,2,6,5,0,5,2026-07-30T14:39:14.139343
5,2,7,5,0,5,2026-07-30T14:39:15.983290
5,2,8,4,0,4,2026-07-30T14:39:17.209464
5,2,9,0,0,0,2026-07-30T14:39:18.064500
5,2,10,5,0,5,2026-07-30T14:39:19.110126
5,3,1,2,0,2,2026-07-30T14:39:20.548133
5,3,2,3,0,3,2026-07-30T14:39:21.807837
5,3,3,3,0,3,2026-07-30T14:39:22.867974
5,3,4,3,0,3,2026-07-30T14:39:24.726474
5,3,5,5,0,5,2026-07-30T14:39:25.790818
5,3,6,3,0,3,2026-07-30T14:39:27.647681
5,3,7,5,0,5,2026-07-30T14:39:28.904078
5,3,8,3,0,3,2026-07-30T14:39:30.158735
5,3,9,5,0,5,2026-07-30T14:39:32.122314
5,3,10,5,0,5,2026-07-30T14:39:33.786939
5,4,1,0,0,0,2026-07-30T14:39:35.361206
5,4,2,0,0,0,2026-07-30T14:39:37.249814
5,4,3,0,0,0,2026-07-30T14:39:38.539281
5,4,4,0,0,0,2026-07-30T14:39:39.811719
5,4,5,0,0,0,2026-07-30T14:39:41.290222
5,4,6,0,0,0,2026-07-30T14:39:42.347332
5,4,7,0,0,0,2026-07-30T14:39:44.257644
5,4,8,0,0,0,2026-07-30T14:39:45.729955
5,4,9,0,0,0,2026-07-30T14:39:47.606056
5,4,10,0,0,0,2026-07-30T14:39:49.508447
5,5,1,0,0,0,2026-07-30T14:39:51.365969
5,5,2,0,0,0,2026-07-30T14:39:52.662840
5,5,3,0,0,0,2026-07-30T14:39:53.947570
5,5,4,0,0,0,2026-07-30T14:39:55.416889
5,5,5,0,0,0,2026-07-30T14:39:57.286770
5,5,6,0,0,0,2026-07-30T14:39:59.143319
5,5,7,0,0,0,2026-07-30T14:40:00.536939
5,5,8,0,0,0,2026-07-30T14:40:01.995080
5,5,9,0,0,0,2026-07-30T14:40:03.656877
5,5,10,0,0,0,2026-07-30T14:40:04.792310
5,6,1,0,0,0,2026-07-30T14:40:06.874711
5,6,2,0,0,0,2026-07-30T14:40:08.958499
5,6,3,0,0,0,2026-07-30T14:40:10.631556
5,6,4,0,0,0,2026-07-30T14:40:12.489243
5,6,5,0,0,0,2026-07-30T14:40:13.539162
5,6,6,3,0,3,2026-07-30T14:40:15.202221
5,6,7,0,0,0,2026-07-30T14:40:16.670210
5,6,8,0,0,0,2026-07-30T14:40:18.149174
5,6,9,0,0,0,2026-07-30T14:40:19.428871
5,6,10,0,0,0,2026-07-30T14:40:20.995742
5,7,1,1,0,1,2026-07-30T14:40:22.050124
5,7,2,5,0,5,2026-07-30T14:40:23.701663
5,7,3,5,0,5,2026-07-30T14:40:25.339009
5,7,4,5,0,5,2026-07-30T14:40:26.780358
5,7,5,5,0,5,2026-07-30T14:40:27.637722
5,7,6,0,0,0,2026-07-30T14:40:28.682987
5,7,7,0,0,0,2026-07-30T14:40:29.755626
5,7,8,5,0,5,2026-07-30T14:40:31.015891
5,7,9,5,0,5,2026-07-30T14:40:32.273894
5,7,10,5,0,5,2026-07-30T14:40:33.334706
5,8,1,0,0,0,2026-07-30T14:40:34.995799
5,8,2,0,0,0,2026-07-30T14:40:36.452640
5,8,3,0,0,0,2026-07-30T14:40:37.512001
5,8,4,0,0,0,2026-07-30T14:40:39.383942
5,8,5,0,0,0,2026-07-30T14:40:41.107831
5,8,6,0,0,0,2026-07-30T14:40:42.366534
5,8,7,0,0,0,2026-07-30T14:40:44.267212
5,8,8,0,0,0,2026-07-30T14:40:45.939308
5,8,9,0,0,0,2026-07-30T14:40:47.803037
5,8,10,0,0,0,2026-07-30T14:40:49.459760
5,9,1,0,0,0,2026-07-30T14:40:51.310800
5,9,2,0,0,0,2026-07-30T14:40:52.556760
5,9,3,0,0,0,2026-07-30T14:40:54.016912
5,9,4,0,0,0,2026-07-30T14:40:55.691520
5,9,5,0,0,0,2026-07-30T14:40:56.738027
5,9,6,0,0,0,2026-07-30T14:40:58.299261
5,9,7,0,0,0,2026-07-30T14:40:59.961768
5,9,8,0,0,0,2026-07-30T14:41:01.619287
5,9,9,0,0,0,2026-07-30T14:41:03.471933
5,9,10,0,0,0,2026-07-30T14:41:04.532698
5,10,1,0,0,0,2026-07-30T14:41:05.790421
5,10,2,0,0,0,2026-07-30T14:41:06.663764
5,10,3,0,0,0,2026-07-30T14:41:07.919985
5,10,4,0,0,0,2026-07-30T14:41:09.603841
5,10,5,0,0,0,2026-07-30T14:41:10.655259
5,10,6,0,0,0,2026-07-30T14:41:12.331204
5,10,7,0,0,0,2026-07-30T14:41:13.990558
5,10,8,0,0,0,2026-07-30T14:41:15.047031
5,10,9,0,0,0,2026-07-30T14:41:16.904365
5,10,10,0,0,0,2026-07-30T14:41:18.372589
5,11,1,0,0,0,2026-07-30T14:41:19.624486
5,11,2,0,0,0,2026-07-30T14:41:21.081720
5,11,3,0,0,0,2026-07-30T14:41:22.753028
5,11,4,0,0,0,2026-07-30T14:41:24.213286
5,11,5,0,0,0,2026-07-30T14:41:25.480642
5,11,6,0,0,0,2026-07-30T14:41:26.722998
5,11,7,0,0,0,2026-07-30T14:41:28.191802
5,11,8,0,0,0,2026-07-30T14:41:29.448194
5,11,9,0,0,0,2026-07-30T14:41:30.709576
5,11,10,0,0,0,2026-07-30T14:41:32.678144
5,12,1,5,0,5,2026-07-30T14:41:33.715477
5,12,2,5,0,5,2026-07-30T14:41:35.375636
5,12,3,0,0,0,2026-07-30T14:41:36.862874
5,12,4,5,0,5,2026-07-30T14:41:38.412171
5,12,5,5,0,5,2026-07-30T14:41:40.344827
5,12,6,5,0,5,2026-07-30T14:41:41.608659
5,12,7,5,0,5,2026-07-30T14:41:42.653116
5,12,8,0,0,0,2026-07-30T14:41:44.109441
5,12,9,5,0,5,2026-07-30T14:41:45.363152
5,12,10,5,0,5,2026-07-30T14:41:46.417370
5,13,1,0,0,0,2026-07-30T14:41:47.466765
5,13,2,0,0,0,2026-07-30T14:41:49.312520
5,13,3,0,0,0,2026-07-30T14:41:50.366561
5,13,4,0,0,0,2026-07-30T14:41:52.037238
5,13,5,0,0,0,2026-07-30T14:41:53.505787
5,13,6,0,0,0,2026-07-30T14:41:54.958833
5,13,7,0,0,0,2026-07-30T14:41:56.211328
5,13,8,0,0,0,2026-07-30T14:41:57.258490
5,13,9,0,0,0,2026-07-30T14:41:58.936943
5,13,10,0,0,0,2026-07-30T14:42:01.001697
5,14,1,5,0,5,2026-07-30T14:42:02.442059
5,14,2,5,0,5,2026-07-30T14:42:03.500297
5,14,3,5,0,5,2026-07-30T14:42:05.350704
5,14,4,5,0,5,2026-07-30T14:42:06.215733
5,14,5,5,0,5,2026-07-30T14:42:07.451711
5,14,6,5,0,5,2026-07-30T14:42:08.681020
5,14,7,5,0,5,2026-07-30T14:42:09.931605
5,14,8,5,0,5,2026-07-30T14:42:11.380247
5,14,9,5,0,5,2026-07-30T14:42:13.011153
5,14,10,5,0,5,2026-07-30T14:42:14.249699
5,15,1,0,0,0,2026-07-30T14:42:16.112090
5,15,2,0,0,0,2026-07-30T14:42:17.786542
5,15,3,0,0,0,2026-07-30T14:42:19.251232
5,15,4,0,0,0,2026-07-30T14:42:20.500267
5,15,5,0,0,0,2026-07-30T14:42:22.355656
5,15,6,0,0,0,2026-07-30T14:42:23.993698
5,15,7,0,0,0,2026-07-30T14:42:25.876498
5,15,8,0,0,0,2026-07-30T14:42:26.924736
5,15,9,0,0,0,2026-07-30T14:42:28.593950
5,15,10,0,0,0,2026-07-30T14:42:30.241670
5,16,1,5,0,5,2026-07-30T14:42:32.292179
5,16,2,5,0,5,2026-07-30T14:42:33.754893
5,16,3,5,0,5,2026-07-30T14:42:35.000508
5,16,4,5,0,5,2026-07-30T14:42:36.668237
5,16,5,5,0,5,2026-07-30T14:42:38.359656
5,16,6,5,0,5,2026-07-30T14:42:39.600154
5,16,7,5,0,5,2026-07-30T14:42:41.242550
5,16,8,5,0,5,2026-07-30T14:42:42.855687
5,16,9,5,0,5,2026-07-30T14:42:44.713586
5,16,10,5,0,5,2026-07-30T14:42:46.338850
5,17,1,5,0,5,2026-07-30T14:42:47.781499
5,17,2,5,0,5,2026-07-30T14:42:49.215821
5,17,3,5,0,5,2026-07-30T14:42:50.684910
5,17,4,5,0,5,2026-07-30T14:42:52.764606
5,17,5,5,0,5,2026-07-30T14:42:54.433526
5,17,6,5,0,5,2026-07-30T14:42:55.695490
5,17,7,5,0,5,2026-07-30T14:42:56.727012
5,17,8,5,0,5,2026-07-30T14:42:58.594272
5,17,9,5,0,5,2026-07-30T14:42:59.847059
5,17,10,5,0,5,2026-07-30T14:43:01.107859
5,18,1,5,0,5,2026-07-30T14:43:02.954655
5,18,2,5,0,5,2026-07-30T14:43:04.588708
5,18,3,5,0,5,2026-07-30T14:43:06.232702
5,18,4,5,0,5,2026-07-30T14:43:07.660739
5,18,5,5,0,5,2026-07-30T14:43:09.101826
5,18,6,5,0,5,2026-07-30T14:43:10.734062
5,18,7,5,0,5,2026-07-30T14:43:12.370941
5,18,8,5,0,5,2026-07-30T14:43:14.229852
5,18,9,5,0,5,2026-07-30T14:43:15.465208
5,18,10,5,0,5,2026-07-30T14:43:16.579117
5,19,1,5,0,5,2026-07-30T14:43:18.022840
5,19,2,5,0,5,2026-07-30T14:43:19.054522
5,19,3,5,0,5,2026-07-30T14:43:20.089959
5,19,4,5,0,5,2026-07-30T14:43:21.535497
5,19,5,5,0,5,2026-07-30T14:43:22.764687
5,19,6,5,0,5,2026-07-30T14:43:24.413446
5,19,7,5,0,5,2026-07-30T14:43:25.844683
5,19,8,5,0,5,2026-07-30T14:43:27.077243
5,19,9,5,0,5,2026-07-30T14:43:28.933426
5,19,10,5,0,5,2026-07-30T14:43:30.144906
5,20,1,5,0,5,2026-07-30T14:43:31.394529
5,20,2,5,0,5,2026-07-30T14:43:33.021662
5,20,3,5,0,5,2026-07-30T14:43:34.862088
5,20,4,5,0,5,2026-07-30T14:43:36.750460
5,20,5,5,0,5,2026-07-30T14:43:38.222690
5,20,6,5,0,5,2026-07-30T14:43:39.680563
5,20,7,5,0,5,2026-07-30T14:43:41.336373
5,20,8,4,0,4,2026-07-30T14:43:42.983140
5,20,9,5,0,5,2026-07-30T14:43:44.848105
5,20,10,5,0,5,2026-07-30T14:43:45.881760
5,21,1,5,0,5,2026-07-30T14:43:47.197697
5,21,2,5,0,5,2026-07-30T14:43:49.038986
5,21,3,5,0,5,2026-07-30T14:43:50.693374
5,21,4,5,0,5,2026-07-30T14:43:51.931898
5,21,5,5,0,5,2026-07-30T14:43:53.378032
5,21,6,5,0,5,2026-07-30T14:43:55.216759
5,21,7,5,0,5,2026-07-30T14:43:56.470396
5,21,8,5,0,5,2026-07-30T14:43:57.748077
5,21,9,5,0,5,2026-07-30T14:43:58.985513
5,21,10,5,0,5,2026-07-30T14:44:00.626444
5,22,1,5,0,5,2026-07-30T14:44:02.066311
5,22,2,5,0,5,2026-07-30T14:44:03.154110
5,22,3,5,0,5,2026-07-30T14:44:04.987523
5,22,4,5,0,5,2026-07-30T14:44:06.833786
5,22,5,5,0,5,2026-07-30T14:44:07.884437
5,22,6,5,0,5,2026-07-30T14:44:09.137970
5,22,7,5,0,5,2026-07-30T14:44:10.780754
5,22,8,5,0,5,2026-07-30T14:44:12.410166
5,22,9,5,0,5,2026-07-30T14:44:14.330833
5,22,10,5,0,5,2026-07-30T14:44:16.187466
5,23,1,5,0,5,2026-07-30T14:44:17.862590
5,23,2,5,0,5,2026-07-30T14:44:19.739388
5,23,3,5,0,5,2026-07-30T14:44:21.199351
5,23,4,5,0,5,2026-07-30T14:44:22.438292
5,23,5,5,0,5,2026-07-30T14:44:24.301186
5,23,6,5,0,5,2026-07-30T14:44:25.938088
5,23,7,5,0,5,2026-07-30T14:44:26.976326
5,23,8,5,0,5,2026-07-30T14:44:28.596663
5,23,9,5,0,5,2026-07-30T14:44:30.240905
5,23,10,5,0,5,2026-07-30T14:44:31.885188
5,24,1,5,0,5,2026-07-30T14:44:32.922089
5,24,2,5,0,5,2026-07-30T14:44:34.546730
5,24,3,5,0,5,2026-07-30T14:44:35.988575
5,24,4,5,0,5,2026-07-30T14:44:37.484291
5,24,5,5,0,5,2026-07-30T14:44:38.808009
5,24,6,0,0,0,2026-07-30T14:44:40.673864
5,24,7,5,0,5,2026-07-30T14:44:42.123196
5,24,8,5,0,5,2026-07-30T14:44:43.771064
5,24,9,5,0,5,2026-07-30T14:44:45.642456
5,24,10,5,0,5,2026-07-30T14:44:47.705686
5,25,1,5,0,5,2026-07-30T14:44:49.160747
5,25,2,0,0,0,2026-07-30T14:44:50.806658
5,25,3,0,0,0,2026-07-30T14:44:52.455087
5,25,4,0,0,0,2026-07-30T14:44:54.106696
5,25,5,0,0,0,2026-07-30T14:44:55.158035
5,25,6,0,0,0,2026-07-30T14:44:57.015808
5,25,7,0,0,0,2026-07-30T14:44:58.454924
5,25,8,0,0,0,2026-07-30T14:44:59.900651
5,25,9,0,0,0,2026-07-30T14:45:00.942025
5,25,10,0,0,0,2026-07-30T14:45:02.392982
5,26,1,5,0,5,2026-07-30T14:45:03.827406
5,26,2,5,0,5,2026-07-30T14:45:05.276558
5,26,3,5,0,5,2026-07-30T14:45:06.533169
5,26,4,5,0,5,2026-07-30T14:45:08.388906
5,26,5,5,0,5,2026-07-30T14:45:10.047821
5,26,6,5,0,5,2026-07-30T14:45:11.716268
5,26,7,5,0,5,2026-07-30T14:45:12.985050
5,26,8,5,0,5,2026-07-30T14:45:14.224767
5,26,9,5,0,5,2026-07-30T14:45:16.103030
5,26,10,5,0,5,2026-07-30T14:45:17.730979
5,27,1,5,0,5,2026-07-30T14:45:19.805790
5,27,2,5,0,5,2026-07-30T14:45:21.658839
5,27,3,5,0,5,2026-07-30T14:45:23.286973
5,27,4,5,0,5,2026-07-30T14:45:25.147763
5,27,5,5,0,5,2026-07-30T14:45:26.385829
5,27,6,5,0,5,2026-07-30T14:45:27.458089
5,27,7,5,0,5,2026-07-30T14:45:29.096331
5,27,8,5,0,5,2026-07-30T14:45:30.340614
5,27,9,5,0,5,2026-07-30T14:45:32.163235
5,27,10,5,0,5,2026-07-30T14:45:34.021258
5,28,1,5,0,5,2026-07-30T14:45:35.666929
5,28,2,5,0,5,2026-07-30T14:45:37.109858
5,28,3,5,0,5,2026-07-30T14:45:38.129070
5,28,4,5,0,5,2026-07-30T14:45:39.554082
5,28,5,5,0,5,2026-07-30T14:45:41.211169
5,28,6,5,0,5,2026-07-30T14:45:42.858207
5,28,7,5,0,5,2026-07-30T14:45:44.488570
5,28,8,5,0,5,2026-07-30T14:45:45.731547
5,28,9,5,0,5,2026-07-30T14:45:47.177223
5,28,10,5,0,5,2026-07-30T14:45:48.829320
5,29,1,5,0,5,2026-07-30T14:45:50.487340
5,29,2,5,0,5,2026-07-30T14:45:51.523789
5,29,3,5,0,5,2026-07-30T14:45:53.364536
5,29,4,5,0,5,2026-07-30T14:45:54.613334
5,29,5,5,0,5,2026-07-30T14:45:55.853752
5,29,6,5,0,5,2026-07-30T14:45:57.107212
5,29,7,5,0,5,2026-07-30T14:45:58.559299
5,29,8,5,0,5,2026-07-30T14:46:00.015714
5,29,9,5,0,5,2026-07-30T14:46:01.072001
5,29,10,5,0,5,2026-07-30T14:46:02.522301
5,30,1,5,0,5,2026-07-30T14:46:04.392030
5,30,2,5,0,5,2026-07-30T14:46:05.553775
5,30,3,5,0,5,2026-07-30T14:46:07.200647
5,30,4,5,0,5,2026-07-30T14:46:09.043384
5,30,5,5,0,5,2026-07-30T14:46:10.699319
5,30,6,5,0,5,2026-07-30T14:46:11.957213
5,30,7,5,0,5,2026-07-30T14:46:13.188285
5,30,8,5,0,5,2026-07-30T14:46:14.257649
5,30,9,5,0,5,2026-07-30T14:46:15.895541
5,30,10,5,0,5,2026-07-30T14:46:17.742435
6,1,1,5,0,5,2026-07-30T14:46:18.784142
6,1,2,5,0,5,2026-07-30T14:46:20.623257
6,1,3,5,0,5,2026-07-30T14:46:22.061456
6,1,4,5,0,5,2026-07-30T14:46:23.510298
6,1,5,5,0,5,2026-07-30T14:46:25.375322
6,1,6,5,0,5,2026-07-30T14:46:27.028810
6,1,7,5,0,5,2026-07-30T14:46:28.674356
6,1,8,5,0,5,2026-07-30T14:46:30.520488
6,1,9,5,0,5,2026-07-30T14:46:32.582369
6,1,10,5,0,5,2026-07-30T14:46:34.024616
6,2,1,5,0,5,2026-07-30T14:46:36.090719
6,2,2,5,0,5,2026-07-30T14:46:37.920683
6,2,3,5,0,5,2026-07-30T14:46:39.178479
6,2,4,5,0,5,2026-07-30T14:46:40.621790
6,2,5,5,0,5,2026-07-30T14:46:41.846761
6,2,6,5,0,5,2026-07-30T14:46:43.513706
6,2,7,5,0,5,2026-07-30T14:46:44.539977
6,2,8,5,0,5,2026-07-30T14:46:46.171378
6,2,9,5,0,5,2026-07-30T14:46:47.211384
6,2,10,5,0,5,2026-07-30T14:46:48.651561
6,3,1,0,0,0,2026-07-30T14:46:50.083083
6,3,2,0,0,0,2026-07-30T14:46:51.348019
6,3,3,0,0,0,2026-07-30T14:46:52.378799
6,3,4,0,0,0,2026-07-30T14:46:53.430089
6,3,5,0,0,0,2026-07-30T14:46:55.281053
6,3,6,0,0,0,2026-07-30T14:46:56.551473
6,3,7,0,0,0,2026-07-30T14:46:57.785924
6,3,8,0,0,0,2026-07-30T14:46:59.035163
6,3,9,0,0,0,2026-07-30T14:47:01.075401
6,3,10,0,0,0,2026-07-30T14:47:02.323784
6,4,1,0,0,0,2026-07-30T14:47:03.774487
6,4,2,0,0,0,2026-07-30T14:47:05.831976
6,4,3,0,0,0,2026-07-30T14:47:07.293469
6,4,4,0,0,0,2026-07-30T14:47:08.337519
6,4,5,0,0,0,2026-07-30T14:47:09.786661
6,4,6,0,0,0,2026-07-30T14:47:10.851726
6,4,7,0,0,0,2026-07-30T14:47:12.279845
6,4,8,0,0,0,2026-07-30T14:47:13.310002
6,4,9,0,0,0,2026-07-30T14:47:15.146840
6,4,10,0,0,0,2026-07-30T14:47:16.414443
6,5,1,0,0,0,2026-07-30T14:47:18.081272
6,5,2,0,0,0,2026-07-30T14:47:19.914273
6,5,3,0,0,0,2026-07-30T14:47:21.539579
6,5,4,0,0,0,2026-07-30T14:47:22.568544
6,5,5,0,0,0,2026-07-30T14:47:23.623818
6,5,6,0,0,0,2026-07-30T14:47:24.888997
6,5,7,0,0,0,2026-07-30T14:47:26.573950
6,5,8,5,0,5,2026-07-30T14:47:28.017029
6,5,9,0,0,0,2026-07-30T14:47:29.845985
6,5,10,0,0,0,2026-07-30T14:47:31.290433
6,6,1,5,0,5,2026-07-30T14:47:32.340990
6,6,2,5,0,5,2026-07-30T14:47:33.594339
6,6,3,5,0,5,2026-07-30T14:47:35.065558
6,6,4,5,0,5,2026-07-30T14:47:36.728484
6,6,5,5,0,5,2026-07-30T14:47:37.967910
6,6,6,5,0,5,2026-07-30T14:47:39.003091
6,6,7,5,0,5,2026-07-30T14:47:40.028573
6,6,8,5,0,5,2026-07-30T14:47:42.060563
6,6,9,5,0,5,2026-07-30T14:47:43.109146
6,6,10,5,0,5,2026-07-30T14:47:43.954929
6,7,1,5,0,5,2026-07-30T14:47:45.805191
6,7,2,5,0,5,2026-07-30T14:47:46.860504
6,7,3,5,0,5,2026-07-30T14:47:48.725015
6,7,4,5,0,5,2026-07-30T14:47:49.752536
6,7,5,5,0,5,2026-07-30T14:47:51.571166
6,7,6,5,0,5,2026-07-30T14:47:52.831618
6,7,7,5,0,5,2026-07-30T14:47:54.280795
6,7,8,5,0,5,2026-07-30T14:47:56.159576
6,7,9,5,0,5,2026-07-30T14:47:58.203312
6,7,10,5,0,5,2026-07-30T14:47:59.854075
6,8,1,5,0,5,2026-07-30T14:48:01.506434
6,8,2,5,0,5,2026-07-30T14:48:02.539673
6,8,3,5,0,5,2026-07-30T14:48:03.575181
6,8,4,5,0,5,2026-07-30T14:48:05.223076
6,8,5,5,0,5,2026-07-30T14:48:06.498167
6,8,6,5,0,5,2026-07-30T14:48:08.334172
6,8,7,5,0,5,2026-07-30T14:48:09.401755
6,8,8,5,0,5,2026-07-30T14:48:10.849971
6,8,9,5,0,5,2026-07-30T14:48:12.285612
6,8,10,5,0,5,2026-07-30T14:48:14.146193
6,9,1,5,0,5,2026-07-30T14:48:15.583515
6,9,2,5,0,5,2026-07-30T14:48:16.619013
6,9,3,5,0,5,2026-07-30T14:48:18.459161
6,9,4,5,0,5,2026-07-30T14:48:19.923021
6,9,5,5,0,5,2026-07-30T14:48:21.774765
6,9,6,5,0,5,2026-07-30T14:48:23.213388
6,9,7,5,0,5,2026-07-30T14:48:24.460394
6,9,8,5,0,5,2026-07-30T14:48:26.117006
6,9,9,5,0,5,2026-07-30T14:48:27.771728
6,9,10,5,0,5,2026-07-30T14:48:29.192140
6,10,1,0,0,0,2026-07-30T14:48:30.641169
6,10,2,0,0,0,2026-07-30T14:48:32.097103
6,10,3,0,0,0,2026-07-30T14:48:33.740101
6,10,4,5,0,5,2026-07-30T14:48:35.184482
6,10,5,5,0,5,2026-07-30T14:48:36.431754
6,10,6,5,0,5,2026-07-30T14:48:37.672267
6,10,7,5,0,5,2026-07-30T14:48:38.911565
6,10,8,0,0,0,2026-07-30T14:48:40.362982
6,10,9,5,0,5,2026-07-30T14:48:41.618656
6,10,10,0,0,0,2026-07-30T14:48:43.057767
6,11,1,5,0,5,2026-07-30T14:48:44.367544
6,11,2,5,0,5,2026-07-30T14:48:46.223198
6,11,3,5,0,5,2026-07-30T14:48:47.275691
6,11,4,5,0,5,2026-07-30T14:48:48.502988
6,11,5,5,0,5,2026-07-30T14:48:50.370231
6,11,6,5,0,5,2026-07-30T14:48:52.001084
6,11,7,5,0,5,2026-07-30T14:48:53.455902
6,11,8,5,0,5,2026-07-30T14:48:55.312353
6,11,9,5,0,5,2026-07-30T14:48:56.960564
6,11,10,5,0,5,2026-07-30T14:48:58.632648
6,12,1,5,0,5,2026-07-30T14:49:00.101219
6,12,2,5,0,5,2026-07-30T14:49:01.136936
6,12,3,5,0,5,2026-07-30T14:49:02.986699
6,12,4,5,0,5,2026-07-30T14:49:04.836192
6,12,5,5,0,5,2026-07-30T14:49:06.501300
6,12,6,5,0,5,2026-07-30T14:49:07.747945
6,12,7,5,0,5,2026-07-30T14:49:09.382341
6,12,8,5,0,5,2026-07-30T14:49:11.033508
6,12,9,5,0,5,2026-07-30T14:49:12.906144
6,12,10,5,0,5,2026-07-30T14:49:14.130460
6,13,1,5,0,5,2026-07-30T14:49:15.354069
6,13,2,5,0,5,2026-07-30T14:49:17.231074
6,13,3,5,0,5,2026-07-30T14:49:18.885547
6,13,4,5,0,5,2026-07-30T14:49:19.918520
6,13,5,5,0,5,2026-07-30T14:49:21.560601
6,13,6,5,0,5,2026-07-30T14:49:23.417632
6,13,7,5,0,5,2026-07-30T14:49:24.484063
6,13,8,5,0,5,2026-07-30T14:49:25.935958
6,13,9,5,0,5,2026-07-30T14:49:27.618877
6,13,10,5,0,5,2026-07-30T14:49:31.137464
6,14,1,5,0,5,2026-07-30T14:49:32.192023
6,14,2,5,0,5,2026-07-30T14:49:33.865351
6,14,3,5,0,5,2026-07-30T14:49:35.093956
6,14,4,5,0,5,2026-07-30T14:49:36.946063
6,14,5,5,0,5,2026-07-30T14:49:38.001004
6,14,6,5,0,5,2026-07-30T14:49:39.867588
6,14,7,5,0,5,2026-07-30T14:49:41.516693
6,14,8,5,0,5,2026-07-30T14:49:42.784578
6,14,9,5,0,5,2026-07-30T14:49:44.221832
6,14,10,5,0,5,2026-07-30T14:49:45.663003
6,15,1,5,0,5,2026-07-30T14:49:46.693329
6,15,2,5,0,5,2026-07-30T14:49:48.330876
6,15,3,5,0,5,2026-07-30T14:49:49.799007
6,15,4,5,0,5,2026-07-30T14:49:51.248239
6,15,5,5,0,5,2026-07-30T14:49:53.091900
6,15,6,5,0,5,2026-07-30T14:49:54.528251
6,15,7,5,0,5,2026-07-30T14:49:55.941344
6,15,8,5,0,5,2026-07-30T14:49:57.179444
6,15,9,5,0,5,2026-07-30T14:49:58.820360
6,15,10,5,0,5,2026-07-30T14:50:00.146181
6,16,1,5,0,5,2026-07-30T14:50:01.389489
6,16,2,5,0,5,2026-07-30T14:50:03.242388
6,16,3,5,0,5,2026-07-30T14:50:04.698471
6,16,4,5,0,5,2026-07-30T14:50:06.559256
6,16,5,5,0,5,2026-07-30T14:50:08.001677
6,16,6,5,0,5,2026-07-30T14:50:09.451680
6,16,7,5,0,5,2026-07-30T14:50:10.693600
6,16,8,5,0,5,2026-07-30T14:50:11.734223
6,16,9,5,0,5,2026-07-30T14:50:13.164878
6,16,10,5,0,5,2026-07-30T14:50:14.831810
6,17,1,5,0,5,2026-07-30T14:50:16.260768
6,17,2,5,0,5,2026-07-30T14:50:17.719872
6,17,3,5,0,5,2026-07-30T14:50:19.564330
6,17,4,5,0,5,2026-07-30T14:50:20.811951
6,17,5,5,0,5,2026-07-30T14:50:22.142283
6,17,6,5,0,5,2026-07-30T14:50:23.785700
6,17,7,5,0,5,2026-07-30T14:50:25.449395
6,17,8,5,0,5,2026-07-30T14:50:27.094401
6,17,9,5,0,5,2026-07-30T14:50:28.555949
6,17,10,5,0,5,2026-07-30T14:50:30.007212
6,18,1,5,0,5,2026-07-30T14:50:31.040383
6,18,2,5,0,5,2026-07-30T14:50:32.710140
6,18,3,5,0,5,2026-07-30T14:50:34.015873
6,18,4,5,0,5,2026-07-30T14:50:35.259166
6,18,5,5,0,5,2026-07-30T14:50:36.704714
6,18,6,5,0,5,2026-07-30T14:50:37.968500
6,18,7,5,0,5,2026-07-30T14:50:39.649629
6,18,8,5,0,5,2026-07-30T14:50:41.102341
6,18,9,5,0,5,2026-07-30T14:50:42.958764
6,18,10,5,0,5,2026-07-30T14:50:44.625005
6,19,1,5,0,5,2026-07-30T14:50:46.060658
6,19,2,5,0,5,2026-07-30T14:50:47.901059
6,19,3,5,0,5,2026-07-30T14:50:49.374252
6,19,4,5,0,5,2026-07-30T14:50:51.030902
6,19,5,5,0,5,2026-07-30T14:50:52.776297
6,19,6,5,0,5,2026-07-30T14:50:54.422534
6,19,7,5,0,5,2026-07-30T14:50:55.936395
6,19,8,5,0,5,2026-07-30T14:50:58.000516
6,19,9,5,0,5,2026-07-30T14:50:59.442146
6,19,10,5,0,5,2026-07-30T14:51:01.481557
6,20,1,5,0,5,2026-07-30T14:51:02.528368
6,20,2,5,0,5,2026-07-30T14:51:06.085994
6,20,3,5,0,5,2026-07-30T14:51:07.529079
6,20,4,5,0,5,2026-07-30T14:51:08.587863
6,20,5,5,0,5,2026-07-30T14:51:09.656119
6,20,6,5,0,5,2026-07-30T14:51:10.702499
6,20,7,5,0,5,2026-07-30T14:51:12.003884
6,20,8,5,0,5,2026-07-30T14:51:13.239991
6,20,9,5,0,5,2026-07-30T14:51:15.107078
6,20,10,5,0,5,2026-07-30T14:51:16.758465
6,21,1,5,0,5,2026-07-30T14:51:18.619681
6,21,2,5,0,5,2026-07-30T14:51:20.271777
6,21,3,5,0,5,2026-07-30T14:51:21.722843
6,21,4,5,0,5,2026-07-30T14:51:23.575253
6,21,5,5,0,5,2026-07-30T14:51:25.240848
6,21,6,5,0,5,2026-07-30T14:51:26.714880
6,21,7,5,0,5,2026-07-30T14:51:28.543377
6,21,8,5,0,5,2026-07-30T14:51:30.186763
6,21,9,5,0,5,2026-07-30T14:51:31.691233
6,21,10,5,0,5,2026-07-30T14:51:33.345130
6,22,1,5,0,5,2026-07-30T14:51:35.217340
6,22,2,5,0,5,2026-07-30T14:51:36.652996
6,22,3,5,0,5,2026-07-30T14:51:37.710612
6,22,4,5,0,5,2026-07-30T14:51:39.388151
6,22,5,5,0,5,2026-07-30T14:51:41.048787
6,22,6,5,0,5,2026-07-30T14:51:42.164808
6,22,7,5,0,5,2026-07-30T14:51:43.406448
6,22,8,5,0,5,2026-07-30T14:51:44.442428
6,22,9,5,0,5,2026-07-30T14:51:46.093056
6,22,10,5,0,5,2026-07-30T14:51:47.330506
6,23,1,5,0,5,2026-07-30T14:51:48.593122
6,23,2,5,0,5,2026-07-30T14:51:50.042210
6,23,3,5,0,5,2026-07-30T14:51:51.092818
6,23,4,5,0,5,2026-07-30T14:51:52.745300
6,23,5,5,0,5,2026-07-30T14:51:53.807304
6,23,6,5,0,5,2026-07-30T14:51:55.036658
6,23,7,5,0,5,2026-07-30T14:51:56.299311
6,23,8,5,0,5,2026-07-30T14:51:58.168497
6,23,9,5,0,5,2026-07-30T14:51:59.236176
6,23,10,5,0,5,2026-07-30T14:52:00.916206
6,24,1,5,0,5,2026-07-30T14:52:01.968032
6,24,2,5,0,5,2026-07-30T14:52:03.615789
6,24,3,5,0,5,2026-07-30T14:52:05.071492
6,24,4,5,0,5,2026-07-30T14:52:06.118366
6,24,5,5,0,5,2026-07-30T14:52:07.347766
6,24,6,5,0,5,2026-07-30T14:52:08.988760
6,24,7,5,0,5,2026-07-30T14:52:10.638551
6,24,8,5,0,5,2026-07-30T14:52:12.315215
6,24,9,5,0,5,2026-07-30T14:52:14.167831
6,24,10,5,0,5,2026-07-30T14:52:15.615161
6,25,1,5,0,5,2026-07-30T14:52:17.455937
6,25,2,5,0,5,2026-07-30T14:52:19.112661
6,25,3,5,0,5,2026-07-30T14:52:21.358425
6,25,4,3,0,3,2026-07-30T14:52:22.790401
6,25,5,5,0,5,2026-07-30T14:52:23.845530
6,25,6,5,0,5,2026-07-30T14:52:25.303270
6,25,7,5,0,5,2026-07-30T14:52:26.958706
6,25,8,5,0,5,2026-07-30T14:52:28.830034
6,25,9,5,0,5,2026-07-30T14:52:30.283607
6,25,10,3,0,3,2026-07-30T14:52:32.143380
6,26,1,5,0,5,2026-07-30T14:52:33.976383
6,26,2,5,0,5,2026-07-30T14:52:35.205530
6,26,3,5,0,5,2026-07-30T14:52:36.660090
6,26,4,5,0,5,2026-07-30T14:52:38.111822
6,26,5,5,0,5,2026-07-30T14:52:39.375836
6,26,6,5,0,5,2026-07-30T14:52:40.813483
6,26,7,5,0,5,2026-07-30T14:52:42.069099
6,26,8,5,0,5,2026-07-30T14:52:43.941130
6,26,9,5,0,5,2026-07-30T14:52:45.585490
6,26,10,5,0,5,2026-07-30T14:52:47.027978
6,27,1,5,0,5,2026-07-30T14:52:48.678917
6,27,2,5,0,5,2026-07-30T14:52:50.327105
6,27,3,5,0,5,2026-07-30T14:52:51.969543
6,27,4,5,0,5,2026-07-30T14:52:53.199354
6,27,5,5,0,5,2026-07-30T14:52:54.426167
6,27,6,5,0,5,2026-07-30T14:52:56.277149
6,27,7,5,0,5,2026-07-30T14:52:57.328273
6,27,8,5,0,5,2026-07-30T14:52:58.568351
6,27,9,5,0,5,2026-07-30T14:52:59.799687
6,27,10,5,0,5,2026-07-30T14:53:01.649501
6,28,1,3,0,3,2026-07-30T14:53:03.509791
6,28,2,5,0,5,2026-07-30T14:53:04.761761
6,28,3,5,0,5,2026-07-30T14:53:06.404238
6,28,4,5,0,5,2026-07-30T14:53:07.641407
6,28,5,5,0,5,2026-07-30T14:53:08.896524
6,28,6,5,0,5,2026-07-30T14:53:10.567884
6,28,7,5,0,5,2026-07-30T14:53:11.817526
6,28,8,5,0,5,2026-07-30T14:53:13.679196
6,28,9,4,0,4,2026-07-30T14:53:14.943264
6,28,10,5,0,5,2026-07-30T14:53:16.386116
6,29,1,5,0,5,2026-07-30T14:53:17.645215
6,29,2,5,0,5,2026-07-30T14:53:19.273337
6,29,3,5,0,5,2026-07-30T14:53:20.524183
6,29,4,5,0,5,2026-07-30T14:53:21.581739
6,29,5,5,0,5,2026-07-30T14:53:22.825386
6,29,6,5,0,5,2026-07-30T14:53:24.460949
6,29,7,5,0,5,2026-07-30T14:53:26.109728
6,29,8,5,0,5,2026-07-30T14:53:27.337936
6,29,9,5,0,5,2026-07-30T14:53:29.042265
6,29,10,5,0,5,2026-07-30T14:53:30.337744
6,30,1,5,0,5,2026-07-30T14:53:31.582775
6,30,2,5,0,5,2026-07-30T14:53:33.257777
6,30,3,5,0,5,2026-07-30T14:53:34.538345
6,30,4,5,0,5,2026-07-30T14:53:35.786848
6,30,5,5,0,5,2026-07-30T14:53:36.834583
6,30,6,5,0,5,2026-07-30T14:53:38.090699
6,30,7,5,0,5,2026-07-30T14:53:39.945837
6,30,8,5,0,5,2026-07-30T14:53:41.626060
6,30,9,5,0,5,2026-07-30T14:53:43.505505
6,30,10,5,0,5,2026-07-30T14:53:45.236078
7,1,1,5,0,5,2026-07-30T14:53:46.505974
7,1,2,5,0,5,2026-07-30T14:53:48.175924
7,1,3,5,0,5,2026-07-30T14:53:49.834956
7,1,4,5,0,5,2026-07-30T14:53:51.486014
7,1,5,5,0,5,2026-07-30T14:53:53.339774
7,1,6,5,0,5,2026-07-30T14:53:54.582476
7,1,7,5,0,5,2026-07-30T14:53:55.850605
7,1,8,5,0,5,2026-07-30T14:53:56.878844
7,1,9,5,0,5,2026-07-30T14:53:57.938437
7,1,10,5,0,5,2026-07-30T14:53:59.179969
7,2,1,5,0,5,2026-07-30T14:54:00.815271
7,2,2,5,0,5,2026-07-30T14:54:02.248294
7,2,3,5,0,5,2026-07-30T14:54:03.280883
7,2,4,5,0,5,2026-07-30T14:54:04.330478
7,2,5,5,0,5,2026-07-30T14:54:05.974490
7,2,6,5,0,5,2026-07-30T14:54:07.415946
7,2,7,5,0,5,2026-07-30T14:54:08.657050
7,2,8,5,0,5,2026-07-30T14:54:10.297596
7,2,9,5,0,5,2026-07-30T14:54:12.154296
7,2,10,5,0,5,2026-07-30T14:54:13.780601
7,3,1,5,0,5,2026-07-30T14:54:15.818890
7,3,2,5,0,5,2026-07-30T14:54:17.468374
7,3,3,5,0,5,2026-07-30T14:54:18.777273
7,3,4,5,0,5,2026-07-30T14:54:20.030243
7,3,5,5,0,5,2026-07-30T14:54:22.106728
7,3,6,5,0,5,2026-07-30T14:54:23.370903
7,3,7,5,0,5,2026-07-30T14:54:24.641272
7,3,8,5,0,5,2026-07-30T14:54:26.305280
7,3,9,5,0,5,2026-07-30T14:54:27.764913
7,3,10,5,0,5,2026-07-30T14:54:29.815624
7,4,1,0,0,0,2026-07-30T14:54:30.864508
7,4,2,0,0,0,2026-07-30T14:54:32.741224
7,4,3,0,0,0,2026-07-30T14:54:34.371589
7,4,4,0,0,0,2026-07-30T14:54:35.806109
7,4,5,0,0,0,2026-07-30T14:54:36.859157
7,4,6,0,0,0,2026-07-30T14:54:38.081778
7,4,7,0,0,0,2026-07-30T14:54:39.536480
7,4,8,0,0,0,2026-07-30T14:54:40.771505
7,4,9,0,0,0,2026-07-30T14:54:42.004484
7,4,10,0,0,0,2026-07-30T14:54:43.648473
7,5,1,0,0,0,2026-07-30T14:54:45.474801
7,5,2,0,0,0,2026-07-30T14:54:47.315306
7,5,3,0,0,0,2026-07-30T14:54:48.576410
7,5,4,0,0,0,2026-07-30T14:54:50.422259
7,5,5,0,0,0,2026-07-30T14:54:52.256834
7,5,6,0,0,0,2026-07-30T14:54:54.105636
7,5,7,0,0,0,2026-07-30T14:54:55.142960
7,5,8,0,0,0,2026-07-30T14:54:56.400318
7,5,9,0,0,0,2026-07-30T14:54:58.038736
7,5,10,0,0,0,2026-07-30T14:54:59.079706
7,6,1,5,0,5,2026-07-30T14:55:00.537633
7,6,2,5,0,5,2026-07-30T14:55:02.011892
7,6,3,5,0,5,2026-07-30T14:55:03.284883
7,6,4,5,0,5,2026-07-30T14:55:05.144572
7,6,5,5,0,5,2026-07-30T14:55:06.581023
7,6,6,5,0,5,2026-07-30T14:55:07.606739
7,6,7,5,0,5,2026-07-30T14:55:09.225435
7,6,8,5,0,5,2026-07-30T14:55:10.658022
7,6,9,5,0,5,2026-07-30T14:55:11.701704
7,6,10,5,0,5,2026-07-30T14:55:13.149254
7,7,1,5,0,5,2026-07-30T14:55:14.802089
7,7,2,5,0,5,2026-07-30T14:55:16.638582
7,7,3,5,0,5,2026-07-30T14:55:17.869009
7,7,4,5,0,5,2026-07-30T14:55:18.896675
7,7,5,5,0,5,2026-07-30T14:55:20.354258
7,7,6,5,0,5,2026-07-30T14:55:22.214535
7,7,7,5,0,5,2026-07-30T14:55:23.241691
7,7,8,5,0,5,2026-07-30T14:55:24.892979
7,7,9,5,0,5,2026-07-30T14:55:26.720999
7,7,10,5,0,5,2026-07-30T14:55:27.767889
7,8,1,5,0,5,2026-07-30T14:55:29.603216
7,8,2,5,0,5,2026-07-30T14:55:31.056421
7,8,3,5,0,5,2026-07-30T14:55:32.281841
7,8,4,5,0,5,2026-07-30T14:55:33.941297
7,8,5,5,0,5,2026-07-30T14:55:35.599950
7,8,6,5,0,5,2026-07-30T14:55:37.437145
7,8,7,5,0,5,2026-07-30T14:55:38.894981
7,8,8,4,0,4,2026-07-30T14:55:40.126234
7,8,9,5,0,5,2026-07-30T14:55:41.780697
7,8,10,5,0,5,2026-07-30T14:55:43.620447
7,9,1,0,0,0,2026-07-30T14:55:45.509083
7,9,2,0,0,0,2026-07-30T14:55:47.149713
7,9,3,0,0,0,2026-07-30T14:55:48.383283
7,9,4,0,0,0,2026-07-30T14:55:50.221291
7,9,5,0,0,0,2026-07-30T14:55:51.865052
7,9,6,0,0,0,2026-07-30T14:55:53.504568
7,9,7,0,0,0,2026-07-30T14:55:54.937541
7,9,8,0,0,0,2026-07-30T14:55:56.385054
7,9,9,0,0,0,2026-07-30T14:55:57.930552
7,9,10,0,0,0,2026-07-30T14:55:59.579811
7,10,1,5,0,5,2026-07-30T14:56:01.427926
7,10,2,5,0,5,2026-07-30T14:56:02.659412
7,10,3,5,0,5,2026-07-30T14:56:04.109945
7,10,4,5,0,5,2026-07-30T14:56:05.326092
7,10,5,5,0,5,2026-07-30T14:56:06.565216
7,10,6,5,0,5,2026-07-30T14:56:07.804391
7,10,7,5,0,5,2026-07-30T14:56:09.466826
7,10,8,5,0,5,2026-07-30T14:56:10.504200
7,10,9,5,0,5,2026-07-30T14:56:11.555109
7,10,10,5,0,5,2026-07-30T14:56:13.425946
7,11,1,5,0,5,2026-07-30T14:56:14.518511
7,11,2,5,0,5,2026-07-30T14:56:16.196408
7,11,3,5,0,5,2026-07-30T14:56:18.062276
7,11,4,5,0,5,2026-07-30T14:56:19.495728
7,11,5,5,0,5,2026-07-30T14:56:21.143819
7,11,6,5,0,5,2026-07-30T14:56:22.607011
7,11,7,5,0,5,2026-07-30T14:56:24.071092
7,11,8,5,0,5,2026-07-30T14:56:25.306204
7,11,9,5,0,5,2026-07-30T14:56:26.953626
7,11,10,5,0,5,2026-07-30T14:56:28.392403
7,12,1,5,0,5,2026-07-30T14:56:29.639084
7,12,2,5,0,5,2026-07-30T14:56:31.521803
7,12,3,5,0,5,2026-07-30T14:56:32.561649
7,12,4,5,0,5,2026-07-30T14:56:33.821470
7,12,5,5,0,5,2026-07-30T14:56:35.869178
7,12,6,5,0,5,2026-07-30T14:56:37.519576
7,12,7,5,0,5,2026-07-30T14:56:38.771285
7,12,8,5,0,5,2026-07-30T14:56:40.635410
7,12,9,5,0,5,2026-07-30T14:56:42.497626
7,12,10,5,0,5,2026-07-30T14:56:44.381222
7,13,1,5,0,5,2026-07-30T14:56:45.825763
7,13,2,5,0,5,2026-07-30T14:56:47.065657
7,13,3,4,0,4,2026-07-30T14:56:48.338304
7,13,4,5,0,5,2026-07-30T14:56:49.990844
7,13,5,5,0,5,2026-07-30T14:56:51.431374
7,13,6,4,0,4,2026-07-30T14:56:52.524557
7,13,7,3,0,3,2026-07-30T14:56:53.965865
7,13,8,5,0,5,2026-07-30T14:56:55.429077
7,13,9,5,0,5,2026-07-30T14:56:57.292847
7,13,10,5,0,5,2026-07-30T14:56:58.951261
7,14,1,5,0,5,2026-07-30T14:57:00.592495
7,14,2,5,0,5,2026-07-30T14:57:02.458883
7,14,3,5,0,5,2026-07-30T14:57:03.979907
7,14,4,5,0,5,2026-07-30T14:57:05.445402
7,14,5,5,0,5,2026-07-30T14:57:06.737043
7,14,6,5,0,5,2026-07-30T14:57:08.606764
7,14,7,5,0,5,2026-07-30T14:57:10.452196
7,14,8,5,0,5,2026-07-30T14:57:11.486717
7,14,9,5,0,5,2026-07-30T14:57:12.925931
7,14,10,5,0,5,2026-07-30T14:57:14.772364
7,15,1,0,0,0,2026-07-30T14:57:16.199650
7,15,2,0,0,0,2026-07-30T14:57:17.647559
7,15,3,0,0,0,2026-07-30T14:57:18.723632
7,15,4,0,0,0,2026-07-30T14:57:20.558823
7,15,5,0,0,0,2026-07-30T14:57:21.824525
7,15,6,0,0,0,2026-07-30T14:57:22.867065
7,15,7,0,0,0,2026-07-30T14:57:24.287861
7,15,8,0,0,0,2026-07-30T14:57:25.323501
7,15,9,0,0,0,2026-07-30T14:57:27.225871
7,15,10,0,0,0,2026-07-30T14:57:28.874615
7,16,1,5,0,5,2026-07-30T14:57:29.915689
7,16,2,5,0,5,2026-07-30T14:57:31.384635
7,16,3,5,0,5,2026-07-30T14:57:33.234990
7,16,4,5,0,5,2026-07-30T14:57:34.673351
7,16,5,5,0,5,2026-07-30T14:57:36.111748
7,16,6,5,0,5,2026-07-30T14:57:37.780632
7,16,7,5,0,5,2026-07-30T14:57:39.238635
7,16,8,5,0,5,2026-07-30T14:57:40.484572
7,16,9,5,0,5,2026-07-30T14:57:41.333116
7,16,10,5,0,5,2026-07-30T14:57:42.765777
7,17,1,5,0,5,2026-07-30T14:57:43.799816
7,17,2,5,0,5,2026-07-30T14:57:45.677581
7,17,3,5,0,5,2026-07-30T14:57:47.111827
7,17,4,5,0,5,2026-07-30T14:57:48.159382
7,17,5,5,0,5,2026-07-30T14:57:50.023569
7,17,6,5,0,5,2026-07-30T14:57:51.670624
7,17,7,5,0,5,2026-07-30T14:57:52.908898
7,17,8,5,0,5,2026-07-30T14:57:54.774264
7,17,9,5,0,5,2026-07-30T14:57:55.998184
7,17,10,5,0,5,2026-07-30T14:57:57.457358
7,18,1,5,0,5,2026-07-30T14:57:59.120191
7,18,2,5,0,5,2026-07-30T14:58:00.373244
7,18,3,5,0,5,2026-07-30T14:58:02.044228
7,18,4,5,0,5,2026-07-30T14:58:03.095753
7,18,5,5,0,5,2026-07-30T14:58:04.138791
7,18,6,5,0,5,2026-07-30T14:58:05.383224
7,18,7,5,0,5,2026-07-30T14:58:07.246369
7,18,8,5,0,5,2026-07-30T14:58:08.502186
7,18,9,5,0,5,2026-07-30T14:58:09.960588
7,18,10,5,0,5,2026-07-30T14:58:11.420297
7,19,1,2,0,2,2026-07-30T14:58:13.087975
7,19,2,0,0,0,2026-07-30T14:58:14.751891
7,19,3,0,0,0,2026-07-30T14:58:16.240883
7,19,4,2,0,2,2026-07-30T14:58:18.094757
7,19,5,0,0,0,2026-07-30T14:58:19.335873
7,19,6,0,0,0,2026-07-30T14:58:20.381723
7,19,7,0,0,0,2026-07-30T14:58:21.839931
7,19,8,0,0,0,2026-07-30T14:58:23.070810
7,19,9,0,0,0,2026-07-30T14:58:24.736458
7,19,10,0,0,0,2026-07-30T14:58:26.382527
7,20,1,5,0,5,2026-07-30T14:58:27.808314
7,20,2,5,0,5,2026-07-30T14:58:29.245276
7,20,3,5,0,5,2026-07-30T14:58:30.482413
7,20,4,5,0,5,2026-07-30T14:58:32.122646
7,20,5,5,0,5,2026-07-30T14:58:33.163165
7,20,6,5,0,5,2026-07-30T14:58:35.025891
7,20,7,5,0,5,2026-07-30T14:58:36.483293
7,20,8,5,0,5,2026-07-30T14:58:38.121387
7,20,9,4,0,4,2026-07-30T14:58:39.977576
7,20,10,5,0,5,2026-07-30T14:58:41.839169
7,21,1,5,0,5,2026-07-30T14:58:43.085417
7,21,2,5,0,5,2026-07-30T14:58:44.315780
7,21,3,5,0,5,2026-07-30T14:58:45.761473
7,21,4,5,0,5,2026-07-30T14:58:47.209534
7,21,5,5,0,5,2026-07-30T14:58:48.283204
7,21,6,5,0,5,2026-07-30T14:58:49.918694
7,21,7,5,0,5,2026-07-30T14:58:51.160048
7,21,8,5,0,5,2026-07-30T14:58:52.376493
7,21,9,5,0,5,2026-07-30T14:58:53.419000
7,21,10,5,0,5,2026-07-30T14:58:54.866832
7,22,1,5,0,5,2026-07-30T14:58:56.110240
7,22,2,5,0,5,2026-07-30T14:58:57.570165
7,22,3,5,0,5,2026-07-30T14:58:59.007534
7,22,4,5,0,5,2026-07-30T14:59:00.050166
7,22,5,5,0,5,2026-07-30T14:59:01.085873
7,22,6,5,0,5,2026-07-30T14:59:02.313170
7,22,7,5,0,5,2026-07-30T14:59:03.735605
7,22,8,5,0,5,2026-07-30T14:59:05.167663
7,22,9,5,0,5,2026-07-30T14:59:06.617328
7,22,10,5,0,5,2026-07-30T14:59:07.882205
7,23,1,5,0,5,2026-07-30T14:59:08.917100
7,23,2,5,0,5,2026-07-30T14:59:10.408937
7,23,3,5,0,5,2026-07-30T14:59:12.078454
7,23,4,5,0,5,2026-07-30T14:59:13.320074
7,23,5,5,0,5,2026-07-30T14:59:14.364291
7,23,6,5,0,5,2026-07-30T14:59:15.416282
7,23,7,5,0,5,2026-07-30T14:59:16.877973
7,23,8,5,0,5,2026-07-30T14:59:17.927656
7,23,9,5,0,5,2026-07-30T14:59:19.799455
7,23,10,5,0,5,2026-07-30T14:59:21.045897
7,24,1,0,0,0,2026-07-30T14:59:22.077231
7,24,2,0,0,0,2026-07-30T14:59:23.523566
7,24,3,0,0,0,2026-07-30T14:59:25.384946
7,24,4,0,0,0,2026-07-30T14:59:26.537334
7,24,5,0,0,0,2026-07-30T14:59:27.784062
7,24,6,0,0,0,2026-07-30T14:59:29.446125
7,24,7,0,0,0,2026-07-30T14:59:30.904837
7,24,8,0,0,0,2026-07-30T14:59:32.052023
7,24,9,0,0,0,2026-07-30T14:59:33.104346
7,24,10,0,0,0,2026-07-30T14:59:34.139907
7,25,1,0,0,0,2026-07-30T14:59:36.197285
7,25,2,5,0,5,2026-07-30T14:59:37.866708
7,25,3,5,0,5,2026-07-30T14:59:38.933508
7,25,4,5,0,5,2026-07-30T14:59:40.396131
7,25,5,0,0,0,2026-07-30T14:59:41.834916
7,25,6,0,0,0,2026-07-30T14:59:43.086405
7,25,7,0,0,0,2026-07-30T14:59:44.532774
7,25,8,0,0,0,2026-07-30T14:59:45.786815
7,25,9,0,0,0,2026-07-30T14:59:47.225253
7,25,10,0,0,0,2026-07-30T14:59:48.472846
7,26,1,5,0,5,2026-07-30T14:59:49.913695
7,26,2,5,0,5,2026-07-30T14:59:51.150452
7,26,3,0,0,0,2026-07-30T14:59:52.623912
7,26,4,5,0,5,2026-07-30T14:59:54.466087
7,26,5,5,0,5,2026-07-30T14:59:55.903573
7,26,6,5,0,5,2026-07-30T14:59:57.338670
7,26,7,5,0,5,2026-07-30T14:59:58.783248
7,26,8,0,0,0,2026-07-30T15:00:00.637691
7,26,9,0,0,0,2026-07-30T15:00:01.769238
7,26,10,5,0,5,2026-07-30T15:00:03.627524
7,27,1,5,0,5,2026-07-30T15:00:05.491347
7,27,2,5,0,5,2026-07-30T15:00:06.934325
7,27,3,5,0,5,2026-07-30T15:00:08.575188
7,27,4,5,0,5,2026-07-30T15:00:10.033649
7,27,5,5,0,5,2026-07-30T15:00:11.259525
7,27,6,5,0,5,2026-07-30T15:00:13.121938
7,27,7,5,0,5,2026-07-30T15:00:14.555982
7,27,8,5,0,5,2026-07-30T15:00:15.587807
7,27,9,5,0,5,2026-07-30T15:00:17.231076
7,27,10,5,0,5,2026-07-30T15:00:18.482447
7,28,1,4,0,4,2026-07-30T15:00:19.540895
7,28,2,5,0,5,2026-07-30T15:00:20.613011
7,28,3,3,0,3,2026-07-30T15:00:21.849096
7,28,4,5,0,5,2026-07-30T15:00:23.517809
7,28,5,2,0,2,2026-07-30T15:00:25.138224
7,28,6,5,0,5,2026-07-30T15:00:27.013127
7,28,7,5,0,5,2026-07-30T15:00:28.223004
7,28,8,2,0,2,2026-07-30T15:00:30.080679
7,28,9,3,0,3,2026-07-30T15:00:32.128625
7,28,10,4,0,4,2026-07-30T15:00:33.561693
7,29,1,5,0,5,2026-07-30T15:00:34.619089
7,29,2,5,0,5,2026-07-30T15:00:35.867530
7,29,3,5,0,5,2026-07-30T15:00:37.514109
7,29,4,5,0,5,2026-07-30T15:00:39.564537
7,29,5,5,0,5,2026-07-30T15:00:40.995678
7,29,6,5,0,5,2026-07-30T15:00:42.844534
7,29,7,5,0,5,2026-07-30T15:00:43.879497
7,29,8,5,0,5,2026-07-30T15:00:44.914234
7,29,9,5,0,5,2026-07-30T15:00:46.582161
7,29,10,5,0,5,2026-07-30T15:00:48.232931
7,30,1,0,0,0,2026-07-30T15:00:50.087727
7,30,2,5,0,5,2026-07-30T15:00:51.141765
7,30,3,0,0,0,2026-07-30T15:00:52.595448
7,30,4,5,0,5,2026-07-30T15:00:54.046547
7,30,5,5,0,5,2026-07-30T15:00:55.905752
7,30,6,0,0,0,2026-07-30T15:00:57.566391
7,30,7,0,0,0,2026-07-30T15:00:59.226396
7,30,8,2,0,2,2026-07-30T15:01:00.469252
7,30,9,5,0,5,2026-07-30T15:01:02.117715
7,30,10,3,0,3,2026-07-30T15:01:03.357884
8,1,1,2,0,2,2026-07-30T15:01:05.213679
8,1,2,1,0,1,2026-07-30T15:01:07.273756
8,1,3,2,0,2,2026-07-30T15:01:08.720676
8,1,4,2,0,2,2026-07-30T15:01:09.971185
8,1,5,2,0,2,2026-07-30T15:01:11.422468
8,1,6,2,0,2,2026-07-30T15:01:12.673734
8,1,7,2,0,2,2026-07-30T15:01:13.901144
8,1,8,1,0,1,2026-07-30T15:01:15.336950
8,1,9,2,0,2,2026-07-30T15:01:16.974846
8,1,10,1,0,1,2026-07-30T15:01:18.426098
8,2,1,3,0,3,2026-07-30T15:01:20.090539
8,2,2,4,0,4,2026-07-30T15:01:21.121483
8,2,3,3,0,3,2026-07-30T15:01:22.543334
8,2,4,5,0,5,2026-07-30T15:01:23.798782
8,2,5,5,0,5,2026-07-30T15:01:25.266008
8,2,6,5,0,5,2026-07-30T15:01:26.919446
8,2,7,3,0,3,2026-07-30T15:01:28.369332
8,2,8,5,0,5,2026-07-30T15:01:29.820569
8,2,9,5,0,5,2026-07-30T15:01:31.696176
8,2,10,5,0,5,2026-07-30T15:01:32.741280
8,3,1,2,0,2,2026-07-30T15:01:34.388732
8,3,2,3,0,3,2026-07-30T15:01:35.822524
8,3,3,5,0,5,2026-07-30T15:01:37.478328
8,3,4,5,0,5,2026-07-30T15:01:38.693741
8,3,5,5,0,5,2026-07-30T15:01:40.554017
8,3,6,5,0,5,2026-07-30T15:01:41.793463
8,3,7,3,0,3,2026-07-30T15:01:43.454384
8,3,8,5,0,5,2026-07-30T15:01:45.295176
8,3,9,5,0,5,2026-07-30T15:01:46.940355
8,3,10,5,0,5,2026-07-30T15:01:48.408801
8,4,1,3,0,3,2026-07-30T15:01:50.276543
8,4,2,5,0,5,2026-07-30T15:01:52.134297
8,4,3,5,0,5,2026-07-30T15:01:53.199112
8,4,4,5,0,5,2026-07-30T15:01:54.637305
8,4,5,3,0,3,2026-07-30T15:01:55.889715
8,4,6,3,0,3,2026-07-30T15:01:57.177847
8,4,7,5,0,5,2026-07-30T15:01:58.426931
8,4,8,5,0,5,2026-07-30T15:02:00.276913
8,4,9,5,0,5,2026-07-30T15:02:01.525144
8,4,10,3,0,3,2026-07-30T15:02:02.614493
8,5,1,0,0,0,2026-07-30T15:02:03.867116
8,5,2,0,0,0,2026-07-30T15:02:05.520161
8,5,3,0,0,0,2026-07-30T15:02:07.171410
8,5,4,0,0,0,2026-07-30T15:02:08.724998
8,5,5,0,0,0,2026-07-30T15:02:10.399688
8,5,6,0,0,0,2026-07-30T15:02:11.663778
8,5,7,0,0,0,2026-07-30T15:02:13.110790
8,5,8,0,0,0,2026-07-30T15:02:14.754253
8,5,9,0,0,0,2026-07-30T15:02:16.007576
8,5,10,0,0,0,2026-07-30T15:02:17.457547
8,6,1,2,0,2,2026-07-30T15:02:19.117640
8,6,2,5,0,5,2026-07-30T15:02:20.757763
8,6,3,5,0,5,2026-07-30T15:02:21.992565
8,6,4,5,0,5,2026-07-30T15:02:23.677615
8,6,5,5,0,5,2026-07-30T15:02:25.357276
8,6,6,2,0,2,2026-07-30T15:02:27.036865
8,6,7,5,0,5,2026-07-30T15:02:28.065534
8,6,8,5,0,5,2026-07-30T15:02:29.126310
8,6,9,5,0,5,2026-07-30T15:02:30.557166
8,6,10,5,0,5,2026-07-30T15:02:32.028456
8,7,1,5,0,5,2026-07-30T15:02:33.275548
8,7,2,5,0,5,2026-07-30T15:02:34.323369
8,7,3,5,0,5,2026-07-30T15:02:35.558107
8,7,4,5,0,5,2026-07-30T15:02:37.394086
8,7,5,5,0,5,2026-07-30T15:02:38.445699
8,7,6,5,0,5,2026-07-30T15:02:40.326764
8,7,7,5,0,5,2026-07-30T15:02:42.203693
8,7,8,5,0,5,2026-07-30T15:02:43.660880
8,7,9,5,0,5,2026-07-30T15:02:45.542652
8,7,10,5,0,5,2026-07-30T15:02:46.612763
8,8,1,5,0,5,2026-07-30T15:02:48.072172
8,8,2,5,0,5,2026-07-30T15:02:49.290251
8,8,3,5,0,5,2026-07-30T15:02:50.341569
8,8,4,5,0,5,2026-07-30T15:02:52.019356
8,8,5,5,0,5,2026-07-30T15:02:53.899009
8,8,6,5,0,5,2026-07-30T15:02:55.358792
8,8,7,5,0,5,2026-07-30T15:02:56.593187
8,8,8,5,0,5,2026-07-30T15:02:58.246152
8,8,9,5,0,5,2026-07-30T15:02:59.275980
8,8,10,5,0,5,2026-07-30T15:03:01.121762
8,9,1,0,0,0,2026-07-30T15:03:02.178889
8,9,2,2,0,2,2026-07-30T15:03:04.042268
8,9,3,2,0,2,2026-07-30T15:03:05.926225
8,9,4,2,0,2,2026-07-30T15:03:07.214102
8,9,5,4,0,4,2026-07-30T15:03:08.898973
8,9,6,1,0,1,2026-07-30T15:03:09.942906
8,9,7,0,0,0,2026-07-30T15:03:11.019533
8,9,8,0,0,0,2026-07-30T15:03:12.094713
8,9,9,0,0,0,2026-07-30T15:03:13.555036
8,9,10,0,0,0,2026-07-30T15:03:15.442546
8,10,1,0,0,0,2026-07-30T15:03:16.721954
8,10,2,0,0,0,2026-07-30T15:03:17.956727
8,10,3,0,0,0,2026-07-30T15:03:19.398538
8,10,4,0,0,0,2026-07-30T15:03:20.568153
8,10,5,0,0,0,2026-07-30T15:03:22.436309
8,10,6,0,0,0,2026-07-30T15:03:24.073651
8,10,7,0,0,0,2026-07-30T15:03:25.324679
8,10,8,0,0,0,2026-07-30T15:03:27.167476
8,10,9,0,0,0,2026-07-30T15:03:28.421191
8,10,10,0,0,0,2026-07-30T15:03:30.074738
8,11,1,4,0,4,2026-07-30T15:03:31.708539
8,11,2,2,0,2,2026-07-30T15:03:32.974137
8,11,3,3,0,3,2026-07-30T15:03:34.012992
8,11,4,3,0,3,2026-07-30T15:03:35.280859
8,11,5,5,0,5,2026-07-30T15:03:37.142026
8,11,6,4,0,4,2026-07-30T15:03:38.409938
8,11,7,3,0,3,2026-07-30T15:03:39.852119
8,11,8,3,0,3,2026-07-30T15:03:40.891527
8,11,9,4,0,4,2026-07-30T15:03:42.743380
8,11,10,3,0,3,2026-07-30T15:03:44.394530
8,12,1,5,0,5,2026-07-30T15:03:46.053728
8,12,2,5,0,5,2026-07-30T15:03:47.720410
8,12,3,5,0,5,2026-07-30T15:03:49.563461
8,12,4,5,0,5,2026-07-30T15:03:50.811553
8,12,5,5,0,5,2026-07-30T15:03:52.481028
8,12,6,5,0,5,2026-07-30T15:03:53.538665
8,12,7,5,0,5,2026-07-30T15:03:55.399163
8,12,8,2,0,2,2026-07-30T15:03:57.035370
8,12,9,5,0,5,2026-07-30T15:03:58.075369
8,12,10,5,0,5,2026-07-30T15:03:59.733182
8,13,1,5,0,5,2026-07-30T15:04:01.199471
8,13,2,5,0,5,2026-07-30T15:04:02.850459
8,13,3,5,0,5,2026-07-30T15:04:04.282442
8,13,4,3,0,3,2026-07-30T15:04:05.928202
8,13,5,5,0,5,2026-07-30T15:04:06.977954
8,13,6,4,0,4,2026-07-30T15:04:08.036222
8,13,7,5,0,5,2026-07-30T15:04:08.919501
8,13,8,3,0,3,2026-07-30T15:04:10.173334
8,13,9,5,0,5,2026-07-30T15:04:12.044582
8,13,10,5,0,5,2026-07-30T15:04:13.544895
8,14,1,5,0,5,2026-07-30T15:04:14.769027
8,14,2,5,0,5,2026-07-30T15:04:16.444299
8,14,3,5,0,5,2026-07-30T15:04:17.488360
8,14,4,3,0,3,2026-07-30T15:04:19.136655
8,14,5,5,0,5,2026-07-30T15:04:20.783479
8,14,6,5,0,5,2026-07-30T15:04:21.839299
8,14,7,5,0,5,2026-07-30T15:04:23.491689
8,14,8,5,0,5,2026-07-30T15:04:24.931726
8,14,9,5,0,5,2026-07-30T15:04:25.974512
8,14,10,5,0,5,2026-07-30T15:04:27.647055
8,15,1,5,0,5,2026-07-30T15:04:29.117787
8,15,2,5,0,5,2026-07-30T15:04:30.581041
8,15,3,5,0,5,2026-07-30T15:04:31.830411
8,15,4,5,0,5,2026-07-30T15:04:33.084021
8,15,5,5,0,5,2026-07-30T15:04:34.131356
8,15,6,5,0,5,2026-07-30T15:04:35.386655
8,15,7,5,0,5,2026-07-30T15:04:36.633152
8,15,8,5,0,5,2026-07-30T15:04:38.493662
8,15,9,5,0,5,2026-07-30T15:04:40.376866
8,15,10,5,0,5,2026-07-30T15:04:41.849091
8,16,1,5,0,5,2026-07-30T15:04:43.354728
8,16,2,5,0,5,2026-07-30T15:04:45.005912
8,16,3,5,0,5,2026-07-30T15:04:46.656995
8,16,4,5,0,5,2026-07-30T15:04:47.960662
8,16,5,5,0,5,2026-07-30T15:04:49.012845
8,16,6,5,0,5,2026-07-30T15:04:50.859937
8,16,7,5,0,5,2026-07-30T15:04:52.731150
8,16,8,5,0,5,2026-07-30T15:04:54.176558
8,16,9,5,0,5,2026-07-30T15:04:55.634724
8,16,10,5,0,5,2026-07-30T15:04:57.517266
8,17,1,5,0,5,2026-07-30T15:04:58.768714
8,17,2,5,0,5,2026-07-30T15:05:00.621195
8,17,3,3,0,3,2026-07-30T15:05:02.295179
8,17,4,4,0,4,2026-07-30T15:05:03.546014
8,17,5,3,0,3,2026-07-30T15:05:04.806928
8,17,6,4,0,4,2026-07-30T15:05:06.036925
8,17,7,5,0,5,2026-07-30T15:05:07.092415
8,17,8,5,0,5,2026-07-30T15:05:08.370223
8,17,9,5,0,5,2026-07-30T15:05:10.016242
8,17,10,5,0,5,2026-07-30T15:05:11.885834
8,18,1,5,0,5,2026-07-30T15:05:13.756997
8,18,2,5,0,5,2026-07-30T15:05:15.008825
8,18,3,5,0,5,2026-07-30T15:05:16.673411
8,18,4,5,0,5,2026-07-30T15:05:18.329669
8,18,5,5,0,5,2026-07-30T15:05:20.186408
8,18,6,5,0,5,2026-07-30T15:05:21.237216
8,18,7,5,0,5,2026-07-30T15:05:22.281918
8,18,8,5,0,5,2026-07-30T15:05:23.540745
8,18,9,5,0,5,2026-07-30T15:05:24.592123
8,18,10,5,0,5,2026-07-30T15:05:26.446701
8,19,1,5,0,5,2026-07-30T15:05:27.480825
8,19,2,5,0,5,2026-07-30T15:05:28.741484
8,19,3,5,0,5,2026-07-30T15:05:29.995236
8,19,4,5,0,5,2026-07-30T15:05:31.681743
8,19,5,5,0,5,2026-07-30T15:05:32.959781
8,19,6,5,0,5,2026-07-30T15:05:34.417632
8,19,7,5,0,5,2026-07-30T15:05:35.874958
8,19,8,5,0,5,2026-07-30T15:05:37.622883
8,19,9,5,0,5,2026-07-30T15:05:39.272435
8,19,10,5,0,5,2026-07-30T15:05:40.320801
8,20,1,5,0,5,2026-07-30T15:05:41.575643
8,20,2,5,0,5,2026-07-30T15:05:43.444067
8,20,3,5,0,5,2026-07-30T15:05:45.309699
8,20,4,5,0,5,2026-07-30T15:05:46.984260
8,20,5,5,0,5,2026-07-30T15:05:48.062795
8,20,6,5,0,5,2026-07-30T15:05:49.724741
8,20,7,5,0,5,2026-07-30T15:05:51.184084
8,20,8,5,0,5,2026-07-30T15:05:52.662879
8,20,9,5,0,5,2026-07-30T15:05:54.332574
8,20,10,5,0,5,2026-07-30T15:05:56.017482
8,21,1,5,0,5,2026-07-30T15:05:57.271829
8,21,2,5,0,5,2026-07-30T15:05:59.142408
8,21,3,5,0,5,2026-07-30T15:06:00.406474
8,21,4,5,0,5,2026-07-30T15:06:02.490297
8,21,5,5,0,5,2026-07-30T15:06:03.944017
8,21,6,5,0,5,2026-07-30T15:06:05.410903
8,21,7,5,0,5,2026-07-30T15:06:07.274936
8,21,8,5,0,5,2026-07-30T15:06:08.713312
8,21,9,5,0,5,2026-07-30T15:06:10.159326
8,21,10,5,0,5,2026-07-30T15:06:11.392618
8,22,1,5,0,5,2026-07-30T15:06:13.135400
8,22,2,5,0,5,2026-07-30T15:06:14.600746
8,22,3,5,0,5,2026-07-30T15:06:16.036910
8,22,4,5,0,5,2026-07-30T15:06:17.133587
8,22,5,5,0,5,2026-07-30T15:06:18.564650
8,22,6,3,0,3,2026-07-30T15:06:19.643948
8,22,7,5,0,5,2026-07-30T15:06:21.537059
8,22,8,3,0,3,2026-07-30T15:06:23.215956
8,22,9,5,0,5,2026-07-30T15:06:24.856298
8,22,10,3,0,3,2026-07-30T15:06:25.940001
8,23,1,5,0,5,2026-07-30T15:06:27.569355
8,23,2,5,0,5,2026-07-30T15:06:28.614010
8,23,3,5,0,5,2026-07-30T15:06:29.877858
8,23,4,5,0,5,2026-07-30T15:06:30.951202
8,23,5,5,0,5,2026-07-30T15:06:32.807604
8,23,6,5,0,5,2026-07-30T15:06:34.473608
8,23,7,5,0,5,2026-07-30T15:06:36.123495
8,23,8,5,0,5,2026-07-30T15:06:37.154380
8,23,9,5,0,5,2026-07-30T15:06:38.584032
8,23,10,5,0,5,2026-07-30T15:06:40.233664
8,24,1,5,0,5,2026-07-30T15:06:41.276337
8,24,2,5,0,5,2026-07-30T15:06:43.133965
8,24,3,5,0,5,2026-07-30T15:06:44.173328
8,24,4,5,0,5,2026-07-30T15:06:45.225597
8,24,5,5,0,5,2026-07-30T15:06:46.888029
8,24,6,5,0,5,2026-07-30T15:06:48.738557
8,24,7,5,0,5,2026-07-30T15:06:50.410287
8,24,8,3,0,3,2026-07-30T15:06:52.279044
8,24,9,5,0,5,2026-07-30T15:06:53.730747
8,24,10,5,0,5,2026-07-30T15:06:55.198749
8,25,1,0,0,0,2026-07-30T15:06:56.652749
8,25,2,0,0,0,2026-07-30T15:06:57.907913
8,25,3,0,0,0,2026-07-30T15:06:59.748062
8,25,4,0,0,0,2026-07-30T15:07:01.407501
8,25,5,0,0,0,2026-07-30T15:07:02.681959
8,25,6,0,0,0,2026-07-30T15:07:03.943321
8,25,7,0,0,0,2026-07-30T15:07:04.996698
8,25,8,0,0,0,2026-07-30T15:07:06.870188
8,25,9,0,0,0,2026-07-30T15:07:08.106016
8,25,10,0,0,0,2026-07-30T15:07:09.575887
8,26,1,5,0,5,2026-07-30T15:07:11.248919
8,26,2,5,0,5,2026-07-30T15:07:12.521423
8,26,3,5,0,5,2026-07-30T15:07:13.987324
8,26,4,5,0,5,2026-07-30T15:07:15.165588
8,26,5,5,0,5,2026-07-30T15:07:16.400043
8,26,6,5,0,5,2026-07-30T15:07:17.431365
8,26,7,5,0,5,2026-07-30T15:07:18.666349
8,26,8,5,0,5,2026-07-30T15:07:19.916934
8,26,9,5,0,5,2026-07-30T15:07:21.358836
8,26,10,5,0,5,2026-07-30T15:07:22.424223
8,27,1,5,0,5,2026-07-30T15:07:23.675800
8,27,2,5,0,5,2026-07-30T15:07:24.942635
8,27,3,5,0,5,2026-07-30T15:07:26.188867
8,27,4,5,0,5,2026-07-30T15:07:27.647279
8,27,5,5,0,5,2026-07-30T15:07:29.095112
8,27,6,5,0,5,2026-07-30T15:07:30.763760
8,27,7,5,0,5,2026-07-30T15:07:31.828627
8,27,8,5,0,5,2026-07-30T15:07:33.079368
8,27,9,5,0,5,2026-07-30T15:07:34.137942
8,27,10,5,0,5,2026-07-30T15:07:35.695633
8,28,1,5,0,5,2026-07-30T15:07:36.962546
8,28,2,5,0,5,2026-07-30T15:07:38.211942
8,28,3,5,0,5,2026-07-30T15:07:39.077023
8,28,4,5,0,5,2026-07-30T15:07:40.521931
8,28,5,5,0,5,2026-07-30T15:07:41.805439
8,28,6,5,0,5,2026-07-30T15:07:43.041295
8,28,7,5,0,5,2026-07-30T15:07:44.497616
8,28,8,5,0,5,2026-07-30T15:07:46.327673
8,28,9,5,0,5,2026-07-30T15:07:47.793333
8,28,10,5,0,5,2026-07-30T15:07:49.453630
8,29,1,5,0,5,2026-07-30T15:07:50.925058
8,29,2,5,0,5,2026-07-30T15:07:52.768638
8,29,3,5,0,5,2026-07-30T15:07:54.631326
8,29,4,5,0,5,2026-07-30T15:07:56.073369
8,29,5,5,0,5,2026-07-30T15:07:57.736038
8,29,6,5,0,5,2026-07-30T15:07:58.809120
8,29,7,5,0,5,2026-07-30T15:07:59.960812
8,29,8,5,0,5,2026-07-30T15:08:01.414274
8,29,9,5,0,5,2026-07-30T15:08:03.079187
8,29,10,5,0,5,2026-07-30T15:08:04.917710
8,30,1,5,0,5,2026-07-30T15:08:06.831501
8,30,2,5,0,5,2026-07-30T15:08:08.673620
8,30,3,5,0,5,2026-07-30T15:08:10.612258
8,30,4,5,0,5,2026-07-30T15:08:12.097569
8,30,5,5,0,5,2026-07-30T15:08:13.350665
8,30,6,5,0,5,2026-07-30T15:08:15.192488
8,30,7,5,0,5,2026-07-30T15:08:17.067977
8,30,8,5,0,5,2026-07-30T15:08:18.124891
8,30,9,5,0,5,2026-07-30T15:08:19.741156
8,30,10,5,0,5,2026-07-30T15:08:21.612864
9,1,1,5,0,5,2026-07-30T15:08:23.046370
9,1,2,5,0,5,2026-07-30T15:08:24.896023
9,1,3,5,0,5,2026-07-30T15:08:26.559769
9,1,4,5,0,5,2026-07-30T15:08:28.213573
9,1,5,5,0,5,2026-07-30T15:08:29.249596
9,1,6,5,0,5,2026-07-30T15:08:30.900327
9,1,7,5,0,5,2026-07-30T15:08:32.377210
9,1,8,5,0,5,2026-07-30T15:08:34.251172
9,1,9,5,0,5,2026-07-30T15:08:35.993055
9,1,10,5,0,5,2026-07-30T15:08:37.248875
9,2,1,5,0,5,2026-07-30T15:08:38.311448
9,2,2,5,0,5,2026-07-30T15:08:39.581400
9,2,3,5,0,5,2026-07-30T15:08:41.229492
9,2,4,5,0,5,2026-07-30T15:08:42.454647
9,2,5,5,0,5,2026-07-30T15:08:44.302416
9,2,6,5,0,5,2026-07-30T15:08:45.972478
9,2,7,5,0,5,2026-07-30T15:08:47.595888
9,2,8,5,0,5,2026-07-30T15:08:49.247995
9,2,9,5,0,5,2026-07-30T15:08:50.900309
9,2,10,5,0,5,2026-07-30T15:08:52.762155
9,3,1,0,0,0,2026-07-30T15:08:54.619625
9,3,2,0,0,0,2026-07-30T15:08:55.876890
9,3,3,0,0,0,2026-07-30T15:08:57.339604
9,3,4,0,0,0,2026-07-30T15:08:58.412512
9,3,5,2,0,2,2026-07-30T15:09:00.289194
9,3,6,0,0,0,2026-07-30T15:09:02.154207
9,3,7,0,0,0,2026-07-30T15:09:03.800487
9,3,8,0,0,0,2026-07-30T15:09:05.441619
9,3,9,0,0,0,2026-07-30T15:09:06.706040
9,3,10,0,0,0,2026-07-30T15:09:07.753988
9,4,1,0,0,0,2026-07-30T15:09:09.288656
9,4,2,0,0,0,2026-07-30T15:09:10.742982
9,4,3,0,0,0,2026-07-30T15:09:12.183507
9,4,4,0,0,0,2026-07-30T15:09:13.845671
9,4,5,0,0,0,2026-07-30T15:09:14.892432
9,4,6,0,0,0,2026-07-30T15:09:16.163661
9,4,7,0,0,0,2026-07-30T15:09:17.811925
9,4,8,0,0,0,2026-07-30T15:09:19.265843
9,4,9,0,0,0,2026-07-30T15:09:20.519620
9,4,10,0,0,0,2026-07-30T15:09:22.392149
9,5,1,0,0,0,2026-07-30T15:09:24.228089
9,5,2,0,0,0,2026-07-30T15:09:25.462071
9,5,3,0,0,0,2026-07-30T15:09:27.320197
9,5,4,0,0,0,2026-07-30T15:09:29.173793
9,5,5,0,0,0,2026-07-30T15:09:30.622419
9,5,6,0,0,0,2026-07-30T15:09:31.867414
9,5,7,0,0,0,2026-07-30T15:09:32.910743
9,5,8,0,0,0,2026-07-30T15:09:34.785546
9,5,9,0,0,0,2026-07-30T15:09:36.260822
9,5,10,0,0,0,2026-07-30T15:09:37.694782
9,6,1,5,0,5,2026-07-30T15:09:39.339508
9,6,2,5,0,5,2026-07-30T15:09:40.791875
9,6,3,5,0,5,2026-07-30T15:09:42.461840
9,6,4,5,0,5,2026-07-30T15:09:44.137936
9,6,5,5,0,5,2026-07-30T15:09:45.366045
9,6,6,5,0,5,2026-07-30T15:09:46.843001
9,6,7,5,0,5,2026-07-30T15:09:48.509131
9,6,8,5,0,5,2026-07-30T15:09:50.166785
9,6,9,5,0,5,2026-07-30T15:09:51.425135
9,6,10,5,0,5,2026-07-30T15:09:53.086119
9,7,1,5,0,5,2026-07-30T15:09:54.369468
9,7,2,5,0,5,2026-07-30T15:09:55.421732
9,7,3,5,0,5,2026-07-30T15:09:56.486289
9,7,4,5,0,5,2026-07-30T15:09:57.525289
9,7,5,5,0,5,2026-07-30T15:09:58.964711
9,7,6,5,0,5,2026-07-30T15:10:00.014229
9,7,7,5,0,5,2026-07-30T15:10:01.454228
9,7,8,5,0,5,2026-07-30T15:10:03.094195
9,7,9,5,0,5,2026-07-30T15:10:04.358377
9,7,10,5,0,5,2026-07-30T15:10:05.393301
9,8,1,5,0,5,2026-07-30T15:10:06.835617
9,8,2,5,0,5,2026-07-30T15:10:08.289088
9,8,3,5,0,5,2026-07-30T15:10:10.149767
9,8,4,5,0,5,2026-07-30T15:10:12.010880
9,8,5,5,0,5,2026-07-30T15:10:13.470436
9,8,6,5,0,5,2026-07-30T15:10:15.325792
9,8,7,5,0,5,2026-07-30T15:10:17.149908
9,8,8,5,0,5,2026-07-30T15:10:18.804811
9,8,9,5,0,5,2026-07-30T15:10:20.261687
9,8,10,5,0,5,2026-07-30T15:10:21.921355
9,9,1,0,0,0,2026-07-30T15:10:23.367592
9,9,2,0,0,0,2026-07-30T15:10:24.454563
9,9,3,5,0,5,2026-07-30T15:10:26.310180
9,9,4,5,0,5,2026-07-30T15:10:28.128370
9,9,5,0,0,0,2026-07-30T15:10:29.380394
9,9,6,0,0,0,2026-07-30T15:10:30.425084
9,9,7,5,0,5,2026-07-30T15:10:32.506850
9,9,8,0,0,0,2026-07-30T15:10:33.564868
9,9,9,0,0,0,2026-07-30T15:10:35.000478
9,9,10,0,0,0,2026-07-30T15:10:36.842488
9,10,1,2,0,2,2026-07-30T15:10:37.902221
9,10,2,5,0,5,2026-07-30T15:10:39.350441
9,10,3,5,0,5,2026-07-30T15:10:40.577241
9,10,4,5,0,5,2026-07-30T15:10:42.432375
9,10,5,5,0,5,2026-07-30T15:10:44.100212
9,10,6,5,0,5,2026-07-30T15:10:45.963845
9,10,7,5,0,5,2026-07-30T15:10:47.810344
9,10,8,5,0,5,2026-07-30T15:10:49.659075
9,10,9,5,0,5,2026-07-30T15:10:51.289815
9,10,10,5,0,5,2026-07-30T15:10:53.171389
9,11,1,5,0,5,2026-07-30T15:10:54.612297
9,11,2,5,0,5,2026-07-30T15:10:56.076548
9,11,3,5,0,5,2026-07-30T15:10:57.734688
9,11,4,5,0,5,2026-07-30T15:10:59.588493
9,11,5,5,0,5,2026-07-30T15:11:01.234237
9,11,6,5,0,5,2026-07-30T15:11:02.887370
9,11,7,5,0,5,2026-07-30T15:11:04.136985
9,11,8,5,0,5,2026-07-30T15:11:05.811805
9,11,9,5,0,5,2026-07-30T15:11:07.452983
9,11,10,5,0,5,2026-07-30T15:11:08.900252
9,12,1,5,0,5,2026-07-30T15:11:10.580084
9,12,2,5,0,5,2026-07-30T15:11:12.230014
9,12,3,5,0,5,2026-07-30T15:11:13.472044
9,12,4,5,0,5,2026-07-30T15:11:15.311022
9,12,5,5,0,5,2026-07-30T15:11:16.360203
9,12,6,5,0,5,2026-07-30T15:11:18.204161
9,12,7,5,0,5,2026-07-30T15:11:19.657250
9,12,8,5,0,5,2026-07-30T15:11:20.710105
9,12,9,5,0,5,2026-07-30T15:11:22.579991
9,12,10,5,0,5,2026-07-30T15:11:24.419125
9,13,1,5,0,5,2026-07-30T15:11:26.288208
9,13,2,5,0,5,2026-07-30T15:11:27.331960
9,13,3,4,0,4,2026-07-30T15:11:28.794711
9,13,4,5,0,5,2026-07-30T15:11:30.676559
9,13,5,5,0,5,2026-07-30T15:11:32.367943
9,13,6,5,0,5,2026-07-30T15:11:34.237921
9,13,7,5,0,5,2026-07-30T15:11:35.702214
9,13,8,5,0,5,2026-07-30T15:11:36.734930
9,13,9,5,0,5,2026-07-30T15:11:37.761383
9,13,10,5,0,5,2026-07-30T15:11:39.015490
9,14,1,5,0,5,2026-07-30T15:11:40.468011
9,14,2,5,0,5,2026-07-30T15:11:42.122184
9,14,3,5,0,5,2026-07-30T15:11:43.575537
9,14,4,5,0,5,2026-07-30T15:11:44.635748
9,14,5,5,0,5,2026-07-30T15:11:46.296683
9,14,6,5,0,5,2026-07-30T15:11:47.746523
9,14,7,3,0,3,2026-07-30T15:11:49.382305
9,14,8,5,0,5,2026-07-30T15:11:50.612208
9,14,9,5,0,5,2026-07-30T15:11:52.275972
9,14,10,5,0,5,2026-07-30T15:11:54.138803
9,15,1,5,0,5,2026-07-30T15:11:55.629999
9,15,2,5,0,5,2026-07-30T15:11:56.742973
9,15,3,5,0,5,2026-07-30T15:11:57.993568
9,15,4,5,0,5,2026-07-30T15:11:59.223379
9,15,5,5,0,5,2026-07-30T15:12:00.274126
9,15,6,5,0,5,2026-07-30T15:12:02.122115
9,15,7,5,0,5,2026-07-30T15:12:03.184544
9,15,8,5,0,5,2026-07-30T15:12:04.902169
9,15,9,5,0,5,2026-07-30T15:12:06.570755
9,15,10,5,0,5,2026-07-30T15:12:07.598332
9,16,1,5,0,5,2026-07-30T15:12:09.250125
9,16,2,5,0,5,2026-07-30T15:12:10.508019
9,16,3,5,0,5,2026-07-30T15:12:12.383370
9,16,4,5,0,5,2026-07-30T15:12:13.422201
9,16,5,5,0,5,2026-07-30T15:12:14.471396
9,16,6,5,0,5,2026-07-30T15:12:16.335912
9,16,7,5,0,5,2026-07-30T15:12:18.233873
9,16,8,5,0,5,2026-07-30T15:12:20.090928
9,16,9,5,0,5,2026-07-30T15:12:21.930886
9,16,10,5,0,5,2026-07-30T15:12:22.978487
9,17,1,5,0,5,2026-07-30T15:12:24.418937
9,17,2,5,0,5,2026-07-30T15:12:25.676508
9,17,3,5,0,5,2026-07-30T15:12:26.717209
9,17,4,5,0,5,2026-07-30T15:12:27.959810
9,17,5,5,0,5,2026-07-30T15:12:29.409286
9,17,6,5,0,5,2026-07-30T15:12:31.050879
9,17,7,5,0,5,2026-07-30T15:12:32.088081
9,17,8,5,0,5,2026-07-30T15:12:33.339359
9,17,9,5,0,5,2026-07-30T15:12:34.815251
9,17,10,5,0,5,2026-07-30T15:12:36.272716
9,18,1,3,0,3,2026-07-30T15:12:37.925781
9,18,2,5,0,5,2026-07-30T15:12:39.587840
9,18,3,5,0,5,2026-07-30T15:12:41.462363
9,18,4,5,0,5,2026-07-30T15:12:42.917861
9,18,5,0,0,0,2026-07-30T15:12:44.372368
9,18,6,5,0,5,2026-07-30T15:12:45.796290
9,18,7,3,0,3,2026-07-30T15:12:46.840849
9,18,8,5,0,5,2026-07-30T15:12:48.678810
9,18,9,3,0,3,2026-07-30T15:12:50.329427
9,18,10,5,0,5,2026-07-30T15:12:51.585116
9,19,1,5,0,5,2026-07-30T15:12:53.242651
9,19,2,0,0,0,2026-07-30T15:12:54.894774
9,19,3,0,0,0,2026-07-30T15:12:56.557477
9,19,4,0,0,0,2026-07-30T15:12:58.419984
9,19,5,0,0,0,2026-07-30T15:12:59.698178
9,19,6,5,0,5,2026-07-30T15:13:00.725658
9,19,7,0,0,0,2026-07-30T15:13:01.808430
9,19,8,0,0,0,2026-07-30T15:13:03.474604
9,19,9,0,0,0,2026-07-30T15:13:04.968573
9,19,10,0,0,0,2026-07-30T15:13:06.230046
9,20,1,5,0,5,2026-07-30T15:13:08.129972
9,20,2,5,0,5,2026-07-30T15:13:09.366902
9,20,3,5,0,5,2026-07-30T15:13:10.852783
9,20,4,5,0,5,2026-07-30T15:13:12.301971
9,20,5,5,0,5,2026-07-30T15:13:13.542588
9,20,6,5,0,5,2026-07-30T15:13:15.212583
9,20,7,5,0,5,2026-07-30T15:13:16.298522
9,20,8,5,0,5,2026-07-30T15:13:17.338823
9,20,9,5,0,5,2026-07-30T15:13:18.771589
9,20,10,5,0,5,2026-07-30T15:13:20.597695
9,21,1,5,0,5,2026-07-30T15:13:22.237972
9,21,2,5,0,5,2026-07-30T15:13:23.316401
9,21,3,5,0,5,2026-07-30T15:13:24.988064
9,21,4,5,0,5,2026-07-30T15:13:26.419723
9,21,5,5,0,5,2026-07-30T15:13:28.285473
9,21,6,5,0,5,2026-07-30T15:13:29.936293
9,21,7,5,0,5,2026-07-30T15:13:31.177839
9,21,8,5,0,5,2026-07-30T15:13:32.235839
9,21,9,5,0,5,2026-07-30T15:13:33.483127
9,21,10,5,0,5,2026-07-30T15:13:34.924579
9,22,1,5,0,5,2026-07-30T15:13:37.002332
9,22,2,5,0,5,2026-07-30T15:13:38.671698
9,22,3,5,0,5,2026-07-30T15:13:40.341275
9,22,4,5,0,5,2026-07-30T15:13:41.773046
9,22,5,5,0,5,2026-07-30T15:13:43.025738
9,22,6,5,0,5,2026-07-30T15:13:44.875368
9,22,7,5,0,5,2026-07-30T15:13:46.120550
9,22,8,5,0,5,2026-07-30T15:13:47.159641
9,22,9,5,0,5,2026-07-30T15:13:48.791817
9,22,10,5,0,5,2026-07-30T15:13:50.451769
9,23,1,5,0,5,2026-07-30T15:13:51.499566
9,23,2,5,0,5,2026-07-30T15:13:53.569403
9,23,3,5,0,5,2026-07-30T15:13:55.431573
9,23,4,5,0,5,2026-07-30T15:13:56.661117
9,23,5,5,0,5,2026-07-30T15:13:58.504950
9,23,6,5,0,5,2026-07-30T15:13:59.580625
9,23,7,5,0,5,2026-07-30T15:14:01.009579
9,23,8,5,0,5,2026-07-30T15:14:02.062120
9,23,9,5,0,5,2026-07-30T15:14:03.904270
9,23,10,5,0,5,2026-07-30T15:14:05.358678
9,24,1,5,0,5,2026-07-30T15:14:07.201357
9,24,2,5,0,5,2026-07-30T15:14:09.058396
9,24,3,5,0,5,2026-07-30T15:14:10.521109
9,24,4,5,0,5,2026-07-30T15:14:12.171477
9,24,5,5,0,5,2026-07-30T15:14:13.626384
9,24,6,5,0,5,2026-07-30T15:14:15.073531
9,24,7,5,0,5,2026-07-30T15:14:17.566848
9,24,8,5,0,5,2026-07-30T15:14:19.234814
9,24,9,5,0,5,2026-07-30T15:14:20.703555
9,24,10,5,0,5,2026-07-30T15:14:21.787194
9,25,1,5,0,5,2026-07-30T15:14:23.044603
9,25,2,5,0,5,2026-07-30T15:14:25.096284
9,25,3,5,0,5,2026-07-30T15:14:26.145925
9,25,4,5,0,5,2026-07-30T15:14:27.806915
9,25,5,5,0,5,2026-07-30T15:14:29.478225
9,25,6,5,0,5,2026-07-30T15:14:30.930033
9,25,7,5,0,5,2026-07-30T15:14:32.172856
9,25,8,5,0,5,2026-07-30T15:14:34.028398
9,25,9,5,0,5,2026-07-30T15:14:36.083278
9,25,10,5,0,5,2026-07-30T15:14:37.761314
9,26,1,5,0,5,2026-07-30T15:14:38.807111
9,26,2,5,0,5,2026-07-30T15:14:40.687981
9,26,3,5,0,5,2026-07-30T15:14:42.550601
9,26,4,5,0,5,2026-07-30T15:14:43.578667
9,26,5,5,0,5,2026-07-30T15:14:45.239521
9,26,6,5,0,5,2026-07-30T15:14:46.680506
9,26,7,5,0,5,2026-07-30T15:14:47.900609
9,26,8,5,0,5,2026-07-30T15:14:49.137532
9,26,9,5,0,5,2026-07-30T15:14:50.791460
9,26,10,5,0,5,2026-07-30T15:14:52.037842
9,27,1,5,0,5,2026-07-30T15:14:53.483203
9,27,2,5,0,5,2026-07-30T15:14:55.328888
9,27,3,5,0,5,2026-07-30T15:14:57.173592
9,27,4,5,0,5,2026-07-30T15:14:58.831611
9,27,5,5,0,5,2026-07-30T15:15:00.683579
9,27,6,5,0,5,2026-07-30T15:15:01.735746
9,27,7,5,0,5,2026-07-30T15:15:02.974586
9,27,8,5,0,5,2026-07-30T15:15:04.022450
9,27,9,5,0,5,2026-07-30T15:15:05.873396
9,27,10,5,0,5,2026-07-30T15:15:07.310519
9,28,1,5,0,5,2026-07-30T15:15:08.962274
9,28,2,5,0,5,2026-07-30T15:15:10.820378
9,28,3,5,0,5,2026-07-30T15:15:11.862710
9,28,4,5,0,5,2026-07-30T15:15:13.517063
9,28,5,5,0,5,2026-07-30T15:15:14.783205
9,28,6,5,0,5,2026-07-30T15:15:16.605729
9,28,7,5,0,5,2026-07-30T15:15:17.657101
9,28,8,5,0,5,2026-07-30T15:15:18.721472
9,28,9,5,0,5,2026-07-30T15:15:20.353886
9,28,10,5,0,5,2026-07-30T15:15:22.014586
9,29,1,5,0,5,2026-07-30T15:15:23.048851
9,29,2,5,0,5,2026-07-30T15:15:24.095267
9,29,3,5,0,5,2026-07-30T15:15:25.405678
9,29,4,5,0,5,2026-07-30T15:15:26.447166
9,29,5,5,0,5,2026-07-30T15:15:27.892361
9,29,6,0,0,0,2026-07-30T15:15:29.126824
9,29,7,5,0,5,2026-07-30T15:15:30.589553
9,29,8,5,0,5,2026-07-30T15:15:32.458218
9,29,9,5,0,5,2026-07-30T15:15:33.496235
9,29,10,5,0,5,2026-07-30T15:15:35.345334
9,30,1,5,0,5,2026-07-30T15:15:36.996054
9,30,2,0,0,0,2026-07-30T15:15:38.444627
9,30,3,5,0,5,2026-07-30T15:15:40.102472
9,30,4,0,0,0,2026-07-30T15:15:41.574766
9,30,5,0,0,0,2026-07-30T15:15:42.826094
9,30,6,0,0,0,2026-07-30T15:15:43.883580
9,30,7,0,0,0,2026-07-30T15:15:45.147907
9,30,8,0,0,0,2026-07-30T15:15:46.177666
9,30,9,5,0,5,2026-07-30T15:15:47.641942
9,30,10,5,0,5,2026-07-30T15:15:48.691595
10,1,1,5,0,5,2026-07-30T15:15:50.408223
10,1,2,5,0,5,2026-07-30T15:15:51.653332
10,1,3,5,0,5,2026-07-30T15:15:53.511289
10,1,4,5,0,5,2026-07-30T15:15:54.953671
10,1,5,5,0,5,2026-07-30T15:15:56.811612
10,1,6,5,0,5,2026-07-30T15:15:57.837089
10,1,7,5,0,5,2026-07-30T15:15:59.485846
10,1,8,5,0,5,2026-07-30T15:16:01.332084
10,1,9,5,0,5,2026-07-30T15:16:02.977252
10,1,10,5,0,5,2026-07-30T15:16:04.011990
10,2,1,5,0,5,2026-07-30T15:16:05.446699
10,2,2,5,0,5,2026-07-30T15:16:06.892770
10,2,3,5,0,5,2026-07-30T15:16:08.119529
10,2,4,5,0,5,2026-07-30T15:16:09.359658
10,2,5,5,0,5,2026-07-30T15:16:10.818881
10,2,6,5,0,5,2026-07-30T15:16:12.048406
10,2,7,5,0,5,2026-07-30T15:16:13.912273
10,2,8,5,0,5,2026-07-30T15:16:15.568955
10,2,9,5,0,5,2026-07-30T15:16:17.064672
10,2,10,5,0,5,2026-07-30T15:16:18.707104
10,3,1,0,0,0,2026-07-30T15:16:20.759182
10,3,2,4,0,4,2026-07-30T15:16:22.425191
10,3,3,2,0,2,2026-07-30T15:16:24.187184
10,3,4,5,0,5,2026-07-30T15:16:26.041412
10,3,5,2,0,2,2026-07-30T15:16:27.083674
10,3,6,5,0,5,2026-07-30T15:16:28.943513
10,3,7,2,0,2,2026-07-30T15:16:30.382603
10,3,8,3,0,3,2026-07-30T15:16:31.441275
10,3,9,2,0,2,2026-07-30T15:16:32.698749
10,3,10,2,0,2,2026-07-30T15:16:34.144184
10,4,1,0,0,0,2026-07-30T15:16:35.808199
10,4,2,0,0,0,2026-07-30T15:16:37.646343
10,4,3,0,0,0,2026-07-30T15:16:39.085857
10,4,4,0,0,0,2026-07-30T15:16:40.716435
10,4,5,0,0,0,2026-07-30T15:16:42.551640
10,4,6,0,0,0,2026-07-30T15:16:43.973873
10,4,7,0,0,0,2026-07-30T15:16:45.022594
10,4,8,0,0,0,2026-07-30T15:16:46.474348
10,4,9,0,0,0,2026-07-30T15:16:47.925579
10,4,10,0,0,0,2026-07-30T15:16:49.575816
10,5,1,0,0,0,2026-07-30T15:16:51.434912
10,5,2,0,0,0,2026-07-30T15:16:53.090098
10,5,3,0,0,0,2026-07-30T15:16:54.546723
10,5,4,0,0,0,2026-07-30T15:16:55.801373
10,5,5,0,0,0,2026-07-30T15:16:57.027577
10,5,6,0,0,0,2026-07-30T15:16:58.670680
10,5,7,0,0,0,2026-07-30T15:17:00.142362
10,5,8,0,0,0,2026-07-30T15:17:01.383823
10,5,9,0,0,0,2026-07-30T15:17:02.622434
10,5,10,0,0,0,2026-07-30T15:17:04.062990
10,6,1,5,0,5,2026-07-30T15:17:05.298048
10,6,2,5,0,5,2026-07-30T15:17:06.566355
10,6,3,5,0,5,2026-07-30T15:17:08.016706
10,6,4,5,0,5,2026-07-30T15:17:09.673979
10,6,5,5,0,5,2026-07-30T15:17:11.711039
10,6,6,5,0,5,2026-07-30T15:17:13.389854
10,6,7,5,0,5,2026-07-30T15:17:15.019361
10,6,8,5,0,5,2026-07-30T15:17:17.080644
10,6,9,5,0,5,2026-07-30T15:17:18.332474
10,6,10,5,0,5,2026-07-30T15:17:19.583461
10,7,1,5,0,5,2026-07-30T15:17:20.827126
10,7,2,5,0,5,2026-07-30T15:17:22.053897
10,7,3,5,0,5,2026-07-30T15:17:23.282917
10,7,4,5,0,5,2026-07-30T15:17:25.166782
10,7,5,5,0,5,2026-07-30T15:17:26.614094
10,7,6,5,0,5,2026-07-30T15:17:27.671459
10,7,7,5,0,5,2026-07-30T15:17:28.923532
10,7,8,5,0,5,2026-07-30T15:17:30.357037
10,7,9,5,0,5,2026-07-30T15:17:32.226432
10,7,10,5,0,5,2026-07-30T15:17:33.263114
10,8,1,5,0,5,2026-07-30T15:17:34.699116
10,8,2,4,0,4,2026-07-30T15:17:36.539288
10,8,3,4,0,4,2026-07-30T15:17:37.998408
10,8,4,3,0,3,2026-07-30T15:17:39.250513
10,8,5,5,0,5,2026-07-30T15:17:40.496028
10,8,6,3,0,3,2026-07-30T15:17:41.735330
10,8,7,2,0,2,2026-07-30T15:17:43.795970
10,8,8,5,0,5,2026-07-30T15:17:45.643417
10,8,9,3,0,3,2026-07-30T15:17:47.518267
10,8,10,3,0,3,2026-07-30T15:17:49.165046
10,9,1,0,0,0,2026-07-30T15:17:50.815022
10,9,2,0,0,0,2026-07-30T15:17:51.859786
10,9,3,0,0,0,2026-07-30T15:17:53.124622
10,9,4,0,0,0,2026-07-30T15:17:54.575017
10,9,5,0,0,0,2026-07-30T15:17:55.629193
10,9,6,0,0,0,2026-07-30T15:17:57.502583
10,9,7,1,0,1,2026-07-30T15:17:59.383435
10,9,8,0,0,0,2026-07-30T15:18:00.422269
10,9,9,0,0,0,2026-07-30T15:18:02.075766
10,9,10,0,0,0,2026-07-30T15:18:03.518464
10,10,1,0,0,0,2026-07-30T15:18:05.165215
10,10,2,5,0,5,2026-07-30T15:18:06.623696
10,10,3,0,0,0,2026-07-30T15:18:08.075099
10,10,4,0,0,0,2026-07-30T15:18:09.710045
10,10,5,0,0,0,2026-07-30T15:18:11.587921
10,10,6,0,0,0,2026-07-30T15:18:13.257947
10,10,7,0,0,0,2026-07-30T15:18:15.109834
10,10,8,0,0,0,2026-07-30T15:18:16.943853
10,10,9,0,0,0,2026-07-30T15:18:18.197676
10,10,10,3,0,3,2026-07-30T15:18:20.069991
10,11,1,5,0,5,2026-07-30T15:18:21.950401
10,11,2,5,0,5,2026-07-30T15:18:23.406471
10,11,3,5,0,5,2026-07-30T15:18:24.462274
10,11,4,5,0,5,2026-07-30T15:18:26.351046
10,11,5,5,0,5,2026-07-30T15:18:28.194879
10,11,6,5,0,5,2026-07-30T15:18:29.644714
10,11,7,5,0,5,2026-07-30T15:18:30.920038
10,11,8,5,0,5,2026-07-30T15:18:32.979631
10,11,9,5,0,5,2026-07-30T15:18:34.835240
10,11,10,5,0,5,2026-07-30T15:18:36.703073
10,12,1,5,0,5,2026-07-30T15:18:38.550647
10,12,2,5,0,5,2026-07-30T15:18:39.992349
10,12,3,5,0,5,2026-07-30T15:18:41.425936
10,12,4,5,0,5,2026-07-30T15:18:42.687977
10,12,5,5,0,5,2026-07-30T15:18:43.933680
10,12,6,5,0,5,2026-07-30T15:18:45.833068
10,12,7,5,0,5,2026-07-30T15:18:47.270519
10,12,8,5,0,5,2026-07-30T15:18:48.490144
10,12,9,5,0,5,2026-07-30T15:18:50.138229
10,12,10,5,0,5,2026-07-30T15:18:51.178810
10,13,1,5,0,5,2026-07-30T15:18:52.418506
10,13,2,1,0,1,2026-07-30T15:18:53.485903
10,13,3,2,0,2,2026-07-30T15:18:54.740347
10,13,4,3,0,3,2026-07-30T15:18:55.806007
10,13,5,5,0,5,2026-07-30T15:18:57.257211
10,13,6,2,0,2,2026-07-30T15:18:58.711423
10,13,7,2,0,2,2026-07-30T15:18:59.776108
10,13,8,4,0,4,2026-07-30T15:19:01.233616
10,13,9,2,0,2,2026-07-30T15:19:02.277968
10,13,10,2,0,2,2026-07-30T15:19:03.723009
10,14,1,4,0,4,2026-07-30T15:19:05.165305
10,14,2,3,0,3,2026-07-30T15:19:06.659412
10,14,3,5,0,5,2026-07-30T15:19:08.308716
10,14,4,5,0,5,2026-07-30T15:19:09.966001
10,14,5,5,0,5,2026-07-30T15:19:11.198863
10,14,6,5,0,5,2026-07-30T15:19:12.340653
10,14,7,3,0,3,2026-07-30T15:19:13.984235
10,14,8,4,0,4,2026-07-30T15:19:15.220785
10,14,9,4,0,4,2026-07-30T15:19:16.670939
10,14,10,4,0,4,2026-07-30T15:19:18.109140
10,15,1,0,0,0,2026-07-30T15:19:19.990116
10,15,2,0,0,0,2026-07-30T15:19:21.238381
10,15,3,0,0,0,2026-07-30T15:19:22.752898
10,15,4,0,0,0,2026-07-30T15:19:24.413156
10,15,5,0,0,0,2026-07-30T15:19:26.073366
10,15,6,0,0,0,2026-07-30T15:19:27.329759
10,15,7,0,0,0,2026-07-30T15:19:28.583293
10,15,8,0,0,0,2026-07-30T15:19:30.219155
10,15,9,0,0,0,2026-07-30T15:19:31.507187
10,15,10,0,0,0,2026-07-30T15:19:32.541937
10,16,1,5,0,5,2026-07-30T15:19:34.181973
10,16,2,5,0,5,2026-07-30T15:19:35.430977
10,16,3,5,0,5,2026-07-30T15:19:37.312275
10,16,4,5,0,5,2026-07-30T15:19:39.180326
10,16,5,5,0,5,2026-07-30T15:19:40.637694
10,16,6,5,0,5,2026-07-30T15:19:41.685518
10,16,7,5,0,5,2026-07-30T15:19:42.922937
10,16,8,5,0,5,2026-07-30T15:19:44.182616
10,16,9,5,0,5,2026-07-30T15:19:45.231077
10,16,10,5,0,5,2026-07-30T15:19:47.269067
10,17,1,5,0,5,2026-07-30T15:19:48.686339
10,17,2,5,0,5,2026-07-30T15:19:50.322900
10,17,3,5,0,5,2026-07-30T15:19:51.942840
10,17,4,5,0,5,2026-07-30T15:19:53.599273
10,17,5,5,0,5,2026-07-30T15:19:55.083303
10,17,6,5,0,5,2026-07-30T15:19:56.148746
10,17,7,5,0,5,2026-07-30T15:19:57.185382
10,17,8,5,0,5,2026-07-30T15:19:58.443678
10,17,9,5,0,5,2026-07-30T15:19:59.507673
10,17,10,5,0,5,2026-07-30T15:20:00.558096
10,18,1,5,0,5,2026-07-30T15:20:02.005569
10,18,2,5,0,5,2026-07-30T15:20:03.264633
10,18,3,5,0,5,2026-07-30T15:20:04.945662
10,18,4,5,0,5,2026-07-30T15:20:06.211384
10,18,5,5,0,5,2026-07-30T15:20:08.076584
10,18,6,5,0,5,2026-07-30T15:20:09.122734
10,18,7,5,0,5,2026-07-30T15:20:10.589657
10,18,8,5,0,5,2026-07-30T15:20:12.215568
10,18,9,5,0,5,2026-07-30T15:20:14.062172
10,18,10,5,0,5,2026-07-30T15:20:15.324771
10,19,1,0,0,0,2026-07-30T15:20:16.976795
10,19,2,0,0,0,2026-07-30T15:20:18.820322
10,19,3,5,0,5,2026-07-30T15:20:20.284046
10,19,4,3,0,3,2026-07-30T15:20:21.741558
10,19,5,5,0,5,2026-07-30T15:20:23.189475
10,19,6,0,0,0,2026-07-30T15:20:24.261536
10,19,7,3,0,3,2026-07-30T15:20:25.291795
10,19,8,0,0,0,2026-07-30T15:20:26.327746
10,19,9,5,0,5,2026-07-30T15:20:27.962604
10,19,10,0,0,0,2026-07-30T15:20:29.431567
10,20,1,5,0,5,2026-07-30T15:20:30.893230
10,20,2,5,0,5,2026-07-30T15:20:32.767530
10,20,3,5,0,5,2026-07-30T15:20:33.829442
10,20,4,5,0,5,2026-07-30T15:20:35.710121
10,20,5,5,0,5,2026-07-30T15:20:36.753179
10,20,6,5,0,5,2026-07-30T15:20:37.999509
10,20,7,5,0,5,2026-07-30T15:20:39.061958
10,20,8,5,0,5,2026-07-30T15:20:40.311948
10,20,9,5,0,5,2026-07-30T15:20:41.968361
10,20,10,5,0,5,2026-07-30T15:20:43.827614
10,21,1,5,0,5,2026-07-30T15:20:45.067758
10,21,2,5,0,5,2026-07-30T15:20:46.930195
10,21,3,5,0,5,2026-07-30T15:20:47.976337
10,21,4,5,0,5,2026-07-30T15:20:49.417778
10,21,5,5,0,5,2026-07-30T15:20:50.871441
10,21,6,5,0,5,2026-07-30T15:20:52.166628
10,21,7,5,0,5,2026-07-30T15:20:53.215517
10,21,8,5,0,5,2026-07-30T15:20:55.061818
10,21,9,5,0,5,2026-07-30T15:20:56.728149
10,21,10,5,0,5,2026-07-30T15:20:57.954718
10,22,1,5,0,5,2026-07-30T15:20:59.820743
10,22,2,5,0,5,2026-07-30T15:21:01.689592
10,22,3,5,0,5,2026-07-30T15:21:03.341803
10,22,4,5,0,5,2026-07-30T15:21:05.176565
10,22,5,5,0,5,2026-07-30T15:21:06.637774
10,22,6,5,0,5,2026-07-30T15:21:08.095236
10,22,7,5,0,5,2026-07-30T15:21:09.157669
10,22,8,5,0,5,2026-07-30T15:21:10.494775
10,22,9,5,0,5,2026-07-30T15:21:12.140523
10,22,10,5,0,5,2026-07-30T15:21:13.997930
10,23,1,5,0,5,2026-07-30T15:21:15.667879
10,23,2,5,0,5,2026-07-30T15:21:17.125384
10,23,3,5,0,5,2026-07-30T15:21:18.378674
10,23,4,5,0,5,2026-07-30T15:21:20.226138
10,23,5,5,0,5,2026-07-30T15:21:21.664322
10,23,6,5,0,5,2026-07-30T15:21:23.536183
10,23,7,5,0,5,2026-07-30T15:21:24.775649
10,23,8,5,0,5,2026-07-30T15:21:26.631201
10,23,9,5,0,5,2026-07-30T15:21:28.104813
10,23,10,5,0,5,2026-07-30T15:21:29.603834
10,24,1,0,0,0,2026-07-30T15:21:31.047798
10,24,2,0,0,0,2026-07-30T15:21:32.945690
10,24,3,0,0,0,2026-07-30T15:21:34.812898
10,24,4,0,0,0,2026-07-30T15:21:36.142868
10,24,5,0,0,0,2026-07-30T15:21:37.805121
10,24,6,0,0,0,2026-07-30T15:21:39.863759
10,24,7,0,0,0,2026-07-30T15:21:40.901316
10,24,8,0,0,0,2026-07-30T15:21:41.938468
10,24,9,0,0,0,2026-07-30T15:21:43.383061
10,24,10,0,0,0,2026-07-30T15:21:44.844724
10,25,1,0,0,0,2026-07-30T15:21:46.293891
10,25,2,0,0,0,2026-07-30T15:21:47.525873
10,25,3,0,0,0,2026-07-30T15:21:48.990242
10,25,4,0,0,0,2026-07-30T15:21:50.447377
10,25,5,0,0,0,2026-07-30T15:21:52.105737
10,25,6,0,0,0,2026-07-30T15:21:53.154903
10,25,7,0,0,0,2026-07-30T15:21:54.805120
10,25,8,0,0,0,2026-07-30T15:21:56.436097
10,25,9,0,0,0,2026-07-30T15:21:57.896748
10,25,10,0,0,0,2026-07-30T15:21:59.342209
10,26,1,5,0,5,2026-07-30T15:22:00.596788
10,26,2,5,0,5,2026-07-30T15:22:01.913721
10,26,3,5,0,5,2026-07-30T15:22:03.375845
10,26,4,5,0,5,2026-07-30T15:22:04.863750
10,26,5,5,0,5,2026-07-30T15:22:06.741821
10,26,6,5,0,5,2026-07-30T15:22:08.408308
10,26,7,5,0,5,2026-07-30T15:22:09.457990
10,26,8,5,0,5,2026-07-30T15:22:10.708052
10,26,9,5,0,5,2026-07-30T15:22:11.859071
10,26,10,5,0,5,2026-07-30T15:22:13.522889
10,27,1,5,0,5,2026-07-30T15:22:15.013411
10,27,2,5,0,5,2026-07-30T15:22:16.259360
10,27,3,5,0,5,2026-07-30T15:22:17.738449
10,27,4,5,0,5,2026-07-30T15:22:19.579433
10,27,5,5,0,5,2026-07-30T15:22:20.642105
10,27,6,5,0,5,2026-07-30T15:22:22.379429
10,27,7,5,0,5,2026-07-30T15:22:24.260371
10,27,8,5,0,5,2026-07-30T15:22:25.526257
10,27,9,5,0,5,2026-07-30T15:22:26.776945
10,27,10,5,0,5,2026-07-30T15:22:28.605670
10,28,1,5,0,5,2026-07-30T15:22:30.069503
10,28,2,4,0,4,2026-07-30T15:22:31.301550
10,28,3,5,0,5,2026-07-30T15:22:33.442788
10,28,4,4,0,4,2026-07-30T15:22:35.001733
10,28,5,5,0,5,2026-07-30T15:22:36.281220
10,28,6,5,0,5,2026-07-30T15:22:37.714749
10,28,7,4,0,4,2026-07-30T15:22:38.744628
10,28,8,5,0,5,2026-07-30T15:22:40.420656
10,28,9,5,0,5,2026-07-30T15:22:41.903011
10,28,10,5,0,5,2026-07-30T15:22:42.952924
10,29,1,0,0,0,2026-07-30T15:22:44.613432
10,29,2,0,0,0,2026-07-30T15:22:45.840409
10,29,3,5,0,5,2026-07-30T15:22:47.118032
10,29,4,5,0,5,2026-07-30T15:22:48.757723
10,29,5,5,0,5,2026-07-30T15:22:50.239992
10,29,6,5,0,5,2026-07-30T15:22:51.920259
10,29,7,5,0,5,2026-07-30T15:22:53.588644
10,29,8,5,0,5,2026-07-30T15:22:55.221389
10,29,9,0,0,0,2026-07-30T15:22:56.268953
10,29,10,5,0,5,2026-07-30T15:22:57.712262
10,30,1,5,0,5,2026-07-30T15:22:59.455120
10,30,2,5,0,5,2026-07-30T15:23:00.994133
10,30,3,5,0,5,2026-07-30T15:23:02.646049
10,30,4,5,0,5,2026-07-30T15:23:04.286132
10,30,5,5,0,5,2026-07-30T15:23:05.334837
10,30,6,5,0,5,2026-07-30T15:23:07.396311
10,30,7,5,0,5,2026-07-30T15:23:08.872081
10,30,8,5,0,5,2026-07-30T15:23:10.731288
10,30,9,5,0,5,2026-07-30T15:23:12.782010
10,30,10,5,0,5,2026-07-30T15:23:14.652468
11,1,1,5,0,5,2026-07-30T15:23:16.106261
11,1,2,5,0,5,2026-07-30T15:23:17.184274
11,1,3,5,0,5,2026-07-30T15:23:18.427864
11,1,4,5,0,5,2026-07-30T15:23:20.076675
11,1,5,5,0,5,2026-07-30T15:23:21.328096
11,1,6,5,0,5,2026-07-30T15:23:22.364129
11,1,7,5,0,5,2026-07-30T15:23:24.434869
11,1,8,5,0,5,2026-07-30T15:23:25.967091
11,1,9,5,0,5,2026-07-30T15:23:27.203760
11,1,10,5,0,5,2026-07-30T15:23:28.456691
11,2,1,5,0,5,2026-07-30T15:23:30.308972
11,2,2,5,0,5,2026-07-30T15:23:32.178071
11,2,3,5,0,5,2026-07-30T15:23:33.440881
11,2,4,5,0,5,2026-07-30T15:23:35.315644
11,2,5,5,0,5,2026-07-30T15:23:36.362794
11,2,6,5,0,5,2026-07-30T15:23:38.016857
11,2,7,5,0,5,2026-07-30T15:23:39.871676
11,2,8,5,0,5,2026-07-30T15:23:41.726499
11,2,9,5,0,5,2026-07-30T15:23:43.170270
11,2,10,5,0,5,2026-07-30T15:23:44.526086
11,3,1,0,0,0,2026-07-30T15:23:45.790213
11,3,2,0,0,0,2026-07-30T15:23:47.640876
11,3,3,0,0,0,2026-07-30T15:23:48.901475
11,3,4,0,0,0,2026-07-30T15:23:50.350186
11,3,5,0,0,0,2026-07-30T15:23:52.196977
11,3,6,0,0,0,2026-07-30T15:23:53.829818
11,3,7,0,0,0,2026-07-30T15:23:55.062274
11,3,8,0,0,0,2026-07-30T15:23:56.298241
11,3,9,0,0,0,2026-07-30T15:23:57.529769
11,3,10,0,0,0,2026-07-30T15:23:59.580311
11,4,1,0,0,0,2026-07-30T15:24:01.229665
11,4,2,0,0,0,2026-07-30T15:24:02.675286
11,4,3,0,0,0,2026-07-30T15:24:03.736779
11,4,4,0,0,0,2026-07-30T15:24:05.402054
11,4,5,0,0,0,2026-07-30T15:24:07.256239
11,4,6,0,0,0,2026-07-30T15:24:09.107461
11,4,7,0,0,0,2026-07-30T15:24:10.750955
11,4,8,0,0,0,2026-07-30T15:24:12.383609
11,4,9,0,0,0,2026-07-30T15:24:14.031557
11,4,10,0,0,0,2026-07-30T15:24:15.692540
11,5,1,0,0,0,2026-07-30T15:24:17.138047
11,5,2,0,0,0,2026-07-30T15:24:18.982073
11,5,3,0,0,0,2026-07-30T15:24:20.851022
11,5,4,0,0,0,2026-07-30T15:24:22.494091
11,5,5,0,0,0,2026-07-30T15:24:24.554251
11,5,6,0,0,0,2026-07-30T15:24:26.595098
11,5,7,0,0,0,2026-07-30T15:24:28.253452
11,5,8,5,0,5,2026-07-30T15:24:29.495542
11,5,9,0,0,0,2026-07-30T15:24:31.345044
11,5,10,0,0,0,2026-07-30T15:24:32.984101
11,6,1,5,0,5,2026-07-30T15:24:34.835947
11,6,2,5,0,5,2026-07-30T15:24:36.480157
11,6,3,5,0,5,2026-07-30T15:24:38.348332
11,6,4,5,0,5,2026-07-30T15:24:40.236665
11,6,5,5,0,5,2026-07-30T15:24:41.676171
11,6,6,5,0,5,2026-07-30T15:24:42.926557
11,6,7,5,0,5,2026-07-30T15:24:44.613365
11,6,8,5,0,5,2026-07-30T15:24:46.077270
11,6,9,5,0,5,2026-07-30T15:24:47.545930
11,6,10,5,0,5,2026-07-30T15:24:49.396601
11,7,1,5,0,5,2026-07-30T15:24:50.458641
11,7,2,5,0,5,2026-07-30T15:24:51.715508
11,7,3,5,0,5,2026-07-30T15:24:53.223323
11,7,4,5,0,5,2026-07-30T15:24:54.292324
11,7,5,5,0,5,2026-07-30T15:24:55.351306
11,7,6,5,0,5,2026-07-30T15:24:56.804321
11,7,7,5,0,5,2026-07-30T15:24:58.664752
11,7,8,5,0,5,2026-07-30T15:25:00.319574
11,7,9,5,0,5,2026-07-30T15:25:01.573650
11,7,10,5,0,5,2026-07-30T15:25:03.022079
11,8,1,5,0,5,2026-07-30T15:25:04.668994
11,8,2,5,0,5,2026-07-30T15:25:05.817953
11,8,3,5,0,5,2026-07-30T15:25:07.086764
11,8,4,5,0,5,2026-07-30T15:25:08.152045
11,8,5,5,0,5,2026-07-30T15:25:09.811503
11,8,6,5,0,5,2026-07-30T15:25:11.476973
11,8,7,5,0,5,2026-07-30T15:25:14.425171
11,8,8,5,0,5,2026-07-30T15:25:16.271126
11,8,9,5,0,5,2026-07-30T15:25:17.912223
11,8,10,5,0,5,2026-07-30T15:25:19.769839
11,9,1,0,0,0,2026-07-30T15:25:20.819039
11,9,2,0,0,0,2026-07-30T15:25:22.677887
11,9,3,0,0,0,2026-07-30T15:25:24.135809
11,9,4,0,0,0,2026-07-30T15:25:26.158196
11,9,5,0,0,0,2026-07-30T15:25:27.796973
11,9,6,2,0,2,2026-07-30T15:25:29.637265
11,9,7,0,0,0,2026-07-30T15:25:30.680471
11,9,8,0,0,0,2026-07-30T15:25:32.347482
11,9,9,0,0,0,2026-07-30T15:25:34.002091
11,9,10,0,0,0,2026-07-30T15:25:35.052542
11,10,1,2,0,2,2026-07-30T15:25:36.920167
11,10,2,2,0,2,2026-07-30T15:25:38.789087
11,10,3,2,0,2,2026-07-30T15:25:40.038436
11,10,4,2,0,2,2026-07-30T15:25:41.485505
11,10,5,0,0,0,2026-07-30T15:25:42.734861
11,10,6,2,0,2,2026-07-30T15:25:43.987860
11,10,7,2,0,2,2026-07-30T15:25:45.821954
11,10,8,2,0,2,2026-07-30T15:25:47.257707
11,10,9,2,0,2,2026-07-30T15:25:48.688281
11,10,10,2,0,2,2026-07-30T15:25:50.157093
11,11,1,5,0,5,2026-07-30T15:25:51.823315
11,11,2,5,0,5,2026-07-30T15:25:53.279692
11,11,3,5,0,5,2026-07-30T15:25:55.130727
11,11,4,5,0,5,2026-07-30T15:25:56.158791
11,11,5,5,0,5,2026-07-30T15:25:57.189513
11,11,6,5,0,5,2026-07-30T15:25:58.450329
11,11,7,5,0,5,2026-07-30T15:26:00.292412
11,11,8,5,0,5,2026-07-30T15:26:01.541564
11,11,9,5,0,5,2026-07-30T15:26:03.407725
11,11,10,5,0,5,2026-07-30T15:26:04.843241
11,12,1,5,0,5,2026-07-30T15:26:06.541644
11,12,2,5,0,5,2026-07-30T15:26:08.183949
11,12,3,5,0,5,2026-07-30T15:26:09.423517
11,12,4,5,0,5,2026-07-30T15:26:10.460199
11,12,5,5,0,5,2026-07-30T15:26:12.335325
11,12,6,5,0,5,2026-07-30T15:26:14.377563
11,12,7,5,0,5,2026-07-30T15:26:16.034423
11,12,8,5,0,5,2026-07-30T15:26:17.496998
11,12,9,5,0,5,2026-07-30T15:26:18.537338
11,12,10,5,0,5,2026-07-30T15:26:20.383448
11,13,1,3,0,3,2026-07-30T15:26:22.434750
11,13,2,3,0,3,2026-07-30T15:26:23.689915
11,13,3,5,0,5,2026-07-30T15:26:25.119707
11,13,4,3,0,3,2026-07-30T15:26:26.974433
11,13,5,3,0,3,2026-07-30T15:26:28.219441
11,13,6,0,0,0,2026-07-30T15:26:29.659285
11,13,7,3,0,3,2026-07-30T15:26:31.127319
11,13,8,3,0,3,2026-07-30T15:26:33.178380
11,13,9,3,0,3,2026-07-30T15:26:35.064535
11,13,10,4,0,4,2026-07-30T15:26:36.297105
11,14,1,4,0,4,2026-07-30T15:26:37.343464
11,14,2,4,0,4,2026-07-30T15:26:38.590836
11,14,3,5,0,5,2026-07-30T15:26:39.648038
11,14,4,4,0,4,2026-07-30T15:26:41.097107
11,14,5,4,0,4,2026-07-30T15:26:42.136242
11,14,6,5,0,5,2026-07-30T15:26:43.369931
11,14,7,4,0,4,2026-07-30T15:26:44.425336
11,14,8,5,0,5,2026-07-30T15:26:46.076924
11,14,9,4,0,4,2026-07-30T15:26:47.938381
11,14,10,4,0,4,2026-07-30T15:26:49.789619
11,15,1,0,0,0,2026-07-30T15:26:51.030737
11,15,2,0,0,0,2026-07-30T15:26:52.876237
11,15,3,0,0,0,2026-07-30T15:26:54.745919
11,15,4,0,0,0,2026-07-30T15:26:55.988024
11,15,5,0,0,0,2026-07-30T15:26:57.026884
11,15,6,0,0,0,2026-07-30T15:26:58.871195
11,15,7,0,0,0,2026-07-30T15:27:00.527666
11,15,8,0,0,0,2026-07-30T15:27:01.765565
11,15,9,0,0,0,2026-07-30T15:27:03.411038
11,15,10,0,0,0,2026-07-30T15:27:05.484196
11,16,1,5,0,5,2026-07-30T15:27:07.335904
11,16,2,5,0,5,2026-07-30T15:27:09.233766
11,16,3,5,0,5,2026-07-30T15:27:10.677277
11,16,4,5,0,5,2026-07-30T15:27:11.948735
11,16,5,5,0,5,2026-07-30T15:27:13.807254
11,16,6,5,0,5,2026-07-30T15:27:15.651938
11,16,7,5,0,5,2026-07-30T15:27:17.083359
11,16,8,5,0,5,2026-07-30T15:27:18.939605
11,16,9,5,0,5,2026-07-30T15:27:20.192059
11,16,10,5,0,5,2026-07-30T15:27:21.649538
11,17,1,5,0,5,2026-07-30T15:27:23.507726
11,17,2,5,0,5,2026-07-30T15:27:25.357305
11,17,3,5,0,5,2026-07-30T15:27:27.211113
11,17,4,5,0,5,2026-07-30T15:27:28.445875
11,17,5,5,0,5,2026-07-30T15:27:30.315826
11,17,6,5,0,5,2026-07-30T15:27:31.364868
11,17,7,5,0,5,2026-07-30T15:27:32.459753
11,17,8,5,0,5,2026-07-30T15:27:34.133596
11,17,9,5,0,5,2026-07-30T15:27:35.176391
11,17,10,5,0,5,2026-07-30T15:27:36.640424
11,18,1,4,0,4,2026-07-30T15:27:38.515681
11,18,2,5,0,5,2026-07-30T15:27:40.382810
11,18,3,5,0,5,2026-07-30T15:27:41.408863
11,18,4,5,0,5,2026-07-30T15:27:43.056184
11,18,5,5,0,5,2026-07-30T15:27:44.922825
11,18,6,5,0,5,2026-07-30T15:27:46.378904
11,18,7,5,0,5,2026-07-30T15:27:48.233376
11,18,8,5,0,5,2026-07-30T15:27:49.681990
11,18,9,5,0,5,2026-07-30T15:27:51.552299
11,18,10,5,0,5,2026-07-30T15:27:53.214596
11,19,1,5,0,5,2026-07-30T15:27:54.494436
11,19,2,5,0,5,2026-07-30T15:27:56.358830
11,19,3,5,0,5,2026-07-30T15:27:57.438838
11,19,4,5,0,5,2026-07-30T15:27:58.915016
11,19,5,5,0,5,2026-07-30T15:28:00.395846
11,19,6,5,0,5,2026-07-30T15:28:01.441890
11,19,7,5,0,5,2026-07-30T15:28:02.738749
11,19,8,5,0,5,2026-07-30T15:28:03.969484
11,19,9,5,0,5,2026-07-30T15:28:05.826572
11,19,10,5,0,5,2026-07-30T15:28:07.679763
11,20,1,5,0,5,2026-07-30T15:28:09.137692
11,20,2,3,0,3,2026-07-30T15:28:10.798905
11,20,3,3,0,3,2026-07-30T15:28:12.647086
11,20,4,5,0,5,2026-07-30T15:28:14.296318
11,20,5,5,0,5,2026-07-30T15:28:15.956150
11,20,6,5,0,5,2026-07-30T15:28:17.614343
11,20,7,5,0,5,2026-07-30T15:28:18.870484
11,20,8,5,0,5,2026-07-30T15:28:20.548664
11,20,9,5,0,5,2026-07-30T15:28:22.429899
11,20,10,5,0,5,2026-07-30T15:28:23.683304
11,21,1,5,0,5,2026-07-30T15:28:25.552462
11,21,2,5,0,5,2026-07-30T15:28:26.824239
11,21,3,5,0,5,2026-07-30T15:28:28.909966
11,21,4,5,0,5,2026-07-30T15:28:29.963025
11,21,5,5,0,5,2026-07-30T15:28:31.015380
11,21,6,5,0,5,2026-07-30T15:28:32.893280
11,21,7,5,0,5,2026-07-30T15:28:34.142418
11,21,8,5,0,5,2026-07-30T15:28:35.780672
11,21,9,5,0,5,2026-07-30T15:28:37.023012
11,21,10,5,0,5,2026-07-30T15:28:38.480997
11,22,1,5,0,5,2026-07-30T15:28:39.958890
11,22,2,5,0,5,2026-07-30T15:28:41.189032
11,22,3,5,0,5,2026-07-30T15:28:42.225778
11,22,4,5,0,5,2026-07-30T15:28:43.467629
11,22,5,5,0,5,2026-07-30T15:28:45.301647
11,22,6,5,0,5,2026-07-30T15:28:46.523391
11,22,7,5,0,5,2026-07-30T15:28:48.376810
11,22,8,5,0,5,2026-07-30T15:28:49.439439
11,22,9,5,0,5,2026-07-30T15:28:51.088040
11,22,10,5,0,5,2026-07-30T15:28:52.976807
11,23,1,4,0,4,2026-07-30T15:28:54.036098
11,23,2,5,0,5,2026-07-30T15:28:55.101300
11,23,3,5,0,5,2026-07-30T15:28:55.958483
11,23,4,4,0,4,2026-07-30T15:28:57.690658
11,23,5,5,0,5,2026-07-30T15:28:59.549150
11,23,6,4,0,4,2026-07-30T15:29:00.987068
11,23,7,5,0,5,2026-07-30T15:29:02.434002
11,23,8,5,0,5,2026-07-30T15:29:04.110108
11,23,9,5,0,5,2026-07-30T15:29:05.757439
11,23,10,5,0,5,2026-07-30T15:29:07.207659
11,24,1,0,0,0,2026-07-30T15:29:08.714415
11,24,2,0,0,0,2026-07-30T15:29:10.795501
11,24,3,0,0,0,2026-07-30T15:29:12.269356
11,24,4,0,0,0,2026-07-30T15:29:13.696888
11,24,5,0,0,0,2026-07-30T15:29:15.154721
11,24,6,0,0,0,2026-07-30T15:29:16.990511
11,24,7,0,0,0,2026-07-30T15:29:18.643911
11,24,8,0,0,0,2026-07-30T15:29:20.308248
11,24,9,0,0,0,2026-07-30T15:29:21.767509
11,24,10,0,0,0,2026-07-30T15:29:23.027423
11,25,1,0,0,0,2026-07-30T15:29:24.873646
11,25,2,0,0,0,2026-07-30T15:29:25.908281
11,25,3,0,0,0,2026-07-30T15:29:27.166065
11,25,4,0,0,0,2026-07-30T15:29:28.225668
11,25,5,0,0,0,2026-07-30T15:29:30.103160
11,25,6,0,0,0,2026-07-30T15:29:31.946749
11,25,7,0,0,0,2026-07-30T15:29:32.986596
11,25,8,0,0,0,2026-07-30T15:29:34.465156
11,25,9,0,0,0,2026-07-30T15:29:36.309337
11,25,10,0,0,0,2026-07-30T15:29:37.557745
11,26,1,5,0,5,2026-07-30T15:29:38.793027
11,26,2,5,0,5,2026-07-30T15:29:40.241924
11,26,3,5,0,5,2026-07-30T15:29:41.477675
11,26,4,5,0,5,2026-07-30T15:29:42.943337
11,26,5,5,0,5,2026-07-30T15:29:44.592321
11,26,6,5,0,5,2026-07-30T15:29:45.623011
11,26,7,5,0,5,2026-07-30T15:29:46.866928
11,26,8,5,0,5,2026-07-30T15:29:48.109964
11,26,9,5,0,5,2026-07-30T15:29:49.573258
11,26,10,5,0,5,2026-07-30T15:29:50.642765
11,27,1,5,0,5,2026-07-30T15:29:51.884702
11,27,2,5,0,5,2026-07-30T15:29:53.107500
11,27,3,5,0,5,2026-07-30T15:29:54.984623
11,27,4,5,0,5,2026-07-30T15:29:56.631380
11,27,5,5,0,5,2026-07-30T15:29:58.297108
11,27,6,5,0,5,2026-07-30T15:30:00.159348
11,27,7,5,0,5,2026-07-30T15:30:01.210773
11,27,8,5,0,5,2026-07-30T15:30:03.067234
11,27,9,5,0,5,2026-07-30T15:30:04.927669
11,27,10,5,0,5,2026-07-30T15:30:06.572646
11,28,1,5,0,5,2026-07-30T15:30:08.252014
11,28,2,5,0,5,2026-07-30T15:30:09.724284
11,28,3,5,0,5,2026-07-30T15:30:11.170558
11,28,4,4,0,4,2026-07-30T15:30:12.416429
11,28,5,5,0,5,2026-07-30T15:30:13.468032
11,28,6,5,0,5,2026-07-30T15:30:15.276755
11,28,7,5,0,5,2026-07-30T15:30:16.934269
11,28,8,4,0,4,2026-07-30T15:30:18.184553
11,28,9,5,0,5,2026-07-30T15:30:19.817323
11,28,10,5,0,5,2026-07-30T15:30:21.266110
11,29,1,5,0,5,2026-07-30T15:30:22.333682
11,29,2,5,0,5,2026-07-30T15:30:24.155868
11,29,3,5,0,5,2026-07-30T15:30:25.409541
11,29,4,5,0,5,2026-07-30T15:30:26.458449
11,29,5,5,0,5,2026-07-30T15:30:28.098812
11,29,6,5,0,5,2026-07-30T15:30:29.536709
11,29,7,5,0,5,2026-07-30T15:30:30.772589
11,29,8,5,0,5,2026-07-30T15:30:31.828233
11,29,9,5,0,5,2026-07-30T15:30:33.676723
11,29,10,5,0,5,2026-07-30T15:30:34.730737
11,30,1,5,0,5,2026-07-30T15:30:36.175303
11,30,2,5,0,5,2026-07-30T15:30:37.617437
11,30,3,5,0,5,2026-07-30T15:30:38.659689
11,30,4,5,0,5,2026-07-30T15:30:40.321847
11,30,5,5,0,5,2026-07-30T15:30:41.970418
11,30,6,5,0,5,2026-07-30T15:30:43.207372
11,30,7,5,0,5,2026-07-30T15:30:45.051483
11,30,8,5,0,5,2026-07-30T15:30:46.689590
11,30,9,5,0,5,2026-07-30T15:30:47.747716
11,30,10,5,0,5,2026-07-30T15:30:48.796560
12,1,1,5,0,5,2026-07-30T15:30:50.046906
12,1,2,5,0,5,2026-07-30T15:30:51.890536
12,1,3,5,0,5,2026-07-30T15:30:52.924091
12,1,4,5,0,5,2026-07-30T15:30:54.978337
12,1,5,5,0,5,2026-07-30T15:30:56.637799
12,1,6,5,0,5,2026-07-30T15:30:58.061676
12,1,7,5,0,5,2026-07-30T15:30:59.094699
12,1,8,5,0,5,2026-07-30T15:31:00.951809
12,1,9,5,0,5,2026-07-30T15:31:02.411554
12,1,10,5,0,5,2026-07-30T15:31:04.270002
12,2,1,5,0,5,2026-07-30T15:31:06.135153
12,2,2,5,0,5,2026-07-30T15:31:07.776755
12,2,3,5,0,5,2026-07-30T15:31:09.829672
12,2,4,5,0,5,2026-07-30T15:31:11.687113
12,2,5,5,0,5,2026-07-30T15:31:12.729586
12,2,6,5,0,5,2026-07-30T15:31:14.792631
12,2,7,5,0,5,2026-07-30T15:31:16.641727
12,2,8,5,0,5,2026-07-30T15:31:17.888972
12,2,9,5,0,5,2026-07-30T15:31:18.943154
12,2,10,5,0,5,2026-07-30T15:31:20.791065
12,3,1,5,0,5,2026-07-30T15:31:22.042853
12,3,2,0,0,0,2026-07-30T15:31:23.514437
12,3,3,5,0,5,2026-07-30T15:31:24.958023
12,3,4,5,0,5,2026-07-30T15:31:26.008815
12,3,5,0,0,0,2026-07-30T15:31:27.263779
12,3,6,5,0,5,2026-07-30T15:31:28.536265
12,3,7,0,0,0,2026-07-30T15:31:29.587819
12,3,8,0,0,0,2026-07-30T15:31:31.444181
12,3,9,5,0,5,2026-07-30T15:31:33.326447
12,3,10,5,0,5,2026-07-30T15:31:34.970577
12,4,1,0,0,0,2026-07-30T15:31:36.025990
12,4,2,0,0,0,2026-07-30T15:31:37.297100
12,4,3,0,0,0,2026-07-30T15:31:38.958722
12,4,4,0,0,0,2026-07-30T15:31:40.185588
12,4,5,0,0,0,2026-07-30T15:31:41.227738
12,4,6,0,0,0,2026-07-30T15:31:42.281311
12,4,7,0,0,0,2026-07-30T15:31:44.127607
12,4,8,0,0,0,2026-07-30T15:31:45.168828
12,4,9,0,0,0,2026-07-30T15:31:46.632080
12,4,10,0,0,0,2026-07-30T15:31:48.494102
12,5,1,0,0,0,2026-07-30T15:31:49.522130
12,5,2,0,0,0,2026-07-30T15:31:51.181093
12,5,3,5,0,5,2026-07-30T15:31:53.018008
12,5,4,0,0,0,2026-07-30T15:31:54.461145
12,5,5,0,0,0,2026-07-30T15:31:56.305829
12,5,6,0,0,0,2026-07-30T15:31:58.196277
12,5,7,0,0,0,2026-07-30T15:31:59.238876
12,5,8,5,0,5,2026-07-30T15:32:01.089953
12,5,9,0,0,0,2026-07-30T15:32:02.174862
12,5,10,0,0,0,2026-07-30T15:32:03.436304
12,6,1,5,0,5,2026-07-30T15:32:05.310653
12,6,2,5,0,5,2026-07-30T15:32:07.154194
12,6,3,5,0,5,2026-07-30T15:32:08.388648
12,6,4,5,0,5,2026-07-30T15:32:09.659104
12,6,5,5,0,5,2026-07-30T15:32:11.342880
12,6,6,5,0,5,2026-07-30T15:32:13.202602
12,6,7,5,0,5,2026-07-30T15:32:14.269754
12,6,8,5,0,5,2026-07-30T15:32:15.304498
12,6,9,5,0,5,2026-07-30T15:32:16.760660
12,6,10,5,0,5,2026-07-30T15:32:18.213801
12,7,1,5,0,5,2026-07-30T15:32:20.063947
12,7,2,5,0,5,2026-07-30T15:32:21.719763
12,7,3,5,0,5,2026-07-30T15:32:23.154309
12,7,4,5,0,5,2026-07-30T15:32:25.014358
12,7,5,5,0,5,2026-07-30T15:32:26.687272
12,7,6,5,0,5,2026-07-30T15:32:28.332676
12,7,7,5,0,5,2026-07-30T15:32:29.802791
12,7,8,5,0,5,2026-07-30T15:32:31.676651
12,7,9,5,0,5,2026-07-30T15:32:33.534271
12,7,10,5,0,5,2026-07-30T15:32:35.392481
12,8,1,5,0,5,2026-07-30T15:32:36.442820
12,8,2,5,0,5,2026-07-30T15:32:38.301745
12,8,3,5,0,5,2026-07-30T15:32:39.759254
12,8,4,5,0,5,2026-07-30T15:32:41.208111
12,8,5,5,0,5,2026-07-30T15:32:43.052057
12,8,6,5,0,5,2026-07-30T15:32:44.714448
12,8,7,5,0,5,2026-07-30T15:32:45.959772
12,8,8,5,0,5,2026-07-30T15:32:47.618609
12,8,9,5,0,5,2026-07-30T15:32:49.465063
12,8,10,5,0,5,2026-07-30T15:32:50.704067
12,9,1,0,0,0,2026-07-30T15:32:52.358377
12,9,2,0,0,0,2026-07-30T15:32:54.013603
12,9,3,0,0,0,2026-07-30T15:32:55.860977
12,9,4,0,0,0,2026-07-30T15:32:57.322278
12,9,5,0,0,0,2026-07-30T15:32:58.345162
12,9,6,0,0,0,2026-07-30T15:32:59.973524
12,9,7,0,0,0,2026-07-30T15:33:01.211283
12,9,8,0,0,0,2026-07-30T15:33:02.468298
12,9,9,0,0,0,2026-07-30T15:33:03.530197
12,9,10,0,0,0,2026-07-30T15:33:04.770173
12,10,1,5,0,5,2026-07-30T15:33:06.693661
12,10,2,5,0,5,2026-07-30T15:33:08.334885
12,10,3,5,0,5,2026-07-30T15:33:09.986923
12,10,4,5,0,5,2026-07-30T15:33:11.631642
12,10,5,5,0,5,2026-07-30T15:33:13.350018
12,10,6,5,0,5,2026-07-30T15:33:14.388400
12,10,7,5,0,5,2026-07-30T15:33:16.043471
12,10,8,5,0,5,2026-07-30T15:33:17.513428
12,10,9,5,0,5,2026-07-30T15:33:18.572028
12,10,10,5,0,5,2026-07-30T15:33:20.011878
12,11,1,5,0,5,2026-07-30T15:33:21.846665
12,11,2,5,0,5,2026-07-30T15:33:23.109408
12,11,3,5,0,5,2026-07-30T15:33:24.956760
12,11,4,5,0,5,2026-07-30T15:33:26.799927
12,11,5,5,0,5,2026-07-30T15:33:28.258836
12,11,6,5,0,5,2026-07-30T15:33:29.511685
12,11,7,5,0,5,2026-07-30T15:33:31.153527
12,11,8,5,0,5,2026-07-30T15:33:32.415653
12,11,9,5,0,5,2026-07-30T15:33:33.455016
12,11,10,5,0,5,2026-07-30T15:33:35.304419
12,12,1,5,0,5,2026-07-30T15:33:36.947344
12,12,2,5,0,5,2026-07-30T15:33:38.214919
12,12,3,5,0,5,2026-07-30T15:33:39.898243
12,12,4,5,0,5,2026-07-30T15:33:41.749229
12,12,5,5,0,5,2026-07-30T15:33:43.427429
12,12,6,5,0,5,2026-07-30T15:33:44.466761
12,12,7,5,0,5,2026-07-30T15:33:45.509112
12,12,8,5,0,5,2026-07-30T15:33:47.162486
12,12,9,5,0,5,2026-07-30T15:33:48.191125
12,12,10,5,0,5,2026-07-30T15:33:49.452891
12,13,1,5,0,5,2026-07-30T15:33:51.479823
12,13,2,5,0,5,2026-07-30T15:33:53.337705
12,13,3,5,0,5,2026-07-30T15:33:54.795429
12,13,4,5,0,5,2026-07-30T15:33:56.449231
12,13,5,5,0,5,2026-07-30T15:33:58.135732
12,13,6,5,0,5,2026-07-30T15:33:59.630824
12,13,7,5,0,5,2026-07-30T15:34:01.580812
12,13,8,5,0,5,2026-07-30T15:34:03.252979
12,13,9,5,0,5,2026-07-30T15:34:04.454562
12,13,10,5,0,5,2026-07-30T15:34:06.309866
12,14,1,5,0,5,2026-07-30T15:34:08.368735
12,14,2,5,0,5,2026-07-30T15:34:09.444142
12,14,3,5,0,5,2026-07-30T15:34:11.132138
12,14,4,5,0,5,2026-07-30T15:34:12.187649
12,14,5,5,0,5,2026-07-30T15:34:13.230236
12,14,6,5,0,5,2026-07-30T15:34:14.683284
12,14,7,5,0,5,2026-07-30T15:34:15.556059
12,14,8,5,0,5,2026-07-30T15:34:17.624613
12,14,9,5,0,5,2026-07-30T15:34:19.087736
12,14,10,5,0,5,2026-07-30T15:34:20.112937
12,15,1,5,0,5,2026-07-30T15:34:21.365122
12,15,2,5,0,5,2026-07-30T15:34:22.829255
12,15,3,5,0,5,2026-07-30T15:34:24.473972
12,15,4,5,0,5,2026-07-30T15:34:26.142025
12,15,5,5,0,5,2026-07-30T15:34:27.579917
12,15,6,5,0,5,2026-07-30T15:34:29.264161
12,15,7,5,0,5,2026-07-30T15:34:30.517199
12,15,8,5,0,5,2026-07-30T15:34:31.344599
12,15,9,5,0,5,2026-07-30T15:34:32.793727
12,15,10,5,0,5,2026-07-30T15:34:34.050633
12,16,1,5,0,5,2026-07-30T15:34:35.902388
12,16,2,5,0,5,2026-07-30T15:34:36.939560
12,16,3,5,0,5,2026-07-30T15:34:38.598897
12,16,4,5,0,5,2026-07-30T15:34:40.051806
12,16,5,5,0,5,2026-07-30T15:34:41.511049
12,16,6,5,0,5,2026-07-30T15:34:42.976934
12,16,7,5,0,5,2026-07-30T15:34:44.641827
12,16,8,5,0,5,2026-07-30T15:34:46.489528
12,16,9,5,0,5,2026-07-30T15:34:47.734545
12,16,10,5,0,5,2026-07-30T15:34:49.597365
12,17,1,5,0,5,2026-07-30T15:34:51.049564
12,17,2,5,0,5,2026-07-30T15:34:52.284815
12,17,3,5,0,5,2026-07-30T15:34:53.544386
12,17,4,5,0,5,2026-07-30T15:34:55.422145
12,17,5,5,0,5,2026-07-30T15:34:56.850281
12,17,6,5,0,5,2026-07-30T15:34:58.488788
12,17,7,5,0,5,2026-07-30T15:34:59.955531
12,17,8,5,0,5,2026-07-30T15:35:00.999355
12,17,9,5,0,5,2026-07-30T15:35:02.828968
12,17,10,5,0,5,2026-07-30T15:35:04.909577
12,18,1,3,0,3,2026-07-30T15:35:05.963379
12,18,2,3,0,3,2026-07-30T15:35:07.015902
12,18,3,3,0,3,2026-07-30T15:35:08.837042
12,18,4,5,0,5,2026-07-30T15:35:10.682200
12,18,5,3,0,3,2026-07-30T15:35:12.125185
12,18,6,5,0,5,2026-07-30T15:35:13.162212
12,18,7,5,0,5,2026-07-30T15:35:14.426303
12,18,8,3,0,3,2026-07-30T15:35:16.505306
12,18,9,3,0,3,2026-07-30T15:35:17.941449
12,18,10,5,0,5,2026-07-30T15:35:19.388673
12,19,1,5,0,5,2026-07-30T15:35:20.473643
12,19,2,5,0,5,2026-07-30T15:35:21.736172
12,19,3,5,0,5,2026-07-30T15:35:22.585793
12,19,4,5,0,5,2026-07-30T15:35:23.834884
12,19,5,5,0,5,2026-07-30T15:35:25.506578
12,19,6,5,0,5,2026-07-30T15:35:26.979780
12,19,7,5,0,5,2026-07-30T15:35:28.634631
12,19,8,5,0,5,2026-07-30T15:35:29.853512
12,19,9,5,0,5,2026-07-30T15:35:31.680890
12,19,10,5,0,5,2026-07-30T15:35:33.321187
12,20,1,5,0,5,2026-07-30T15:35:34.348128
12,20,2,5,0,5,2026-07-30T15:35:35.875791
12,20,3,5,0,5,2026-07-30T15:35:37.312449
12,20,4,5,0,5,2026-07-30T15:35:39.191676
12,20,5,5,0,5,2026-07-30T15:35:40.846628
12,20,6,5,0,5,2026-07-30T15:35:42.699081
12,20,7,5,0,5,2026-07-30T15:35:44.349853
12,20,8,5,0,5,2026-07-30T15:35:45.820540
12,20,9,5,0,5,2026-07-30T15:35:47.652303
12,20,10,5,0,5,2026-07-30T15:35:48.917317
12,21,1,5,0,5,2026-07-30T15:35:49.966735
12,21,2,5,0,5,2026-07-30T15:35:51.631870
12,21,3,5,0,5,2026-07-30T15:35:53.496210
12,21,4,5,0,5,2026-07-30T15:35:54.744278
12,21,5,5,0,5,2026-07-30T15:35:55.767291
12,21,6,5,0,5,2026-07-30T15:35:57.211519
12,21,7,5,0,5,2026-07-30T15:35:58.670836
12,21,8,5,0,5,2026-07-30T15:36:00.128350
12,21,9,5,0,5,2026-07-30T15:36:01.361901
12,21,10,5,0,5,2026-07-30T15:36:03.012492
12,22,1,5,0,5,2026-07-30T15:36:04.484112
12,22,2,5,0,5,2026-07-30T15:36:06.119400
12,22,3,5,0,5,2026-07-30T15:36:07.144067
12,22,4,5,0,5,2026-07-30T15:36:08.983990
12,22,5,5,0,5,2026-07-30T15:36:10.624596
12,22,6,5,0,5,2026-07-30T15:36:12.486596
12,22,7,5,0,5,2026-07-30T15:36:13.734509
12,22,8,5,0,5,2026-07-30T15:36:14.793817
12,22,9,5,0,5,2026-07-30T15:36:16.683868
12,22,10,5,0,5,2026-07-30T15:36:18.338795
12,23,1,5,0,5,2026-07-30T15:36:19.372084
12,23,2,5,0,5,2026-07-30T15:36:21.016992
12,23,3,5,0,5,2026-07-30T15:36:22.871030
12,23,4,5,0,5,2026-07-30T15:36:23.930597
12,23,5,5,0,5,2026-07-30T15:36:25.186324
12,23,6,5,0,5,2026-07-30T15:36:27.027667
12,23,7,5,0,5,2026-07-30T15:36:29.095590
12,23,8,5,0,5,2026-07-30T15:36:30.740300
12,23,9,5,0,5,2026-07-30T15:36:32.393523
12,23,10,5,0,5,2026-07-30T15:36:34.258924
12,24,1,5,0,5,2026-07-30T15:36:35.500441
12,24,2,5,0,5,2026-07-30T15:36:36.942380
12,24,3,5,0,5,2026-07-30T15:36:37.995826
12,24,4,5,0,5,2026-07-30T15:36:39.842540
12,24,5,0,0,0,2026-07-30T15:36:41.110123
12,24,6,5,0,5,2026-07-30T15:36:42.788350
12,24,7,5,0,5,2026-07-30T15:36:43.828728
12,24,8,5,0,5,2026-07-30T15:36:45.072795
12,24,9,5,0,5,2026-07-30T15:36:46.953223
12,24,10,5,0,5,2026-07-30T15:36:48.419841
12,25,1,0,0,0,2026-07-30T15:36:50.104056
12,25,2,0,0,0,2026-07-30T15:36:51.548102
12,25,3,0,0,0,2026-07-30T15:36:53.177462
12,25,4,0,0,0,2026-07-30T15:36:54.623819
12,25,5,0,0,0,2026-07-30T15:36:56.072187
12,25,6,0,0,0,2026-07-30T15:36:57.529770
12,25,7,0,0,0,2026-07-30T15:36:58.988717
12,25,8,0,0,0,2026-07-30T15:37:00.831295
12,25,9,0,0,0,2026-07-30T15:37:02.696661
12,25,10,0,0,0,2026-07-30T15:37:04.551928
12,26,1,5,0,5,2026-07-30T15:37:05.603011
12,26,2,5,0,5,2026-07-30T15:37:06.865327
12,26,3,5,0,5,2026-07-30T15:37:10.721132
12,26,4,5,0,5,2026-07-30T15:37:12.568629
12,26,5,5,0,5,2026-07-30T15:37:14.017932
12,26,6,5,0,5,2026-07-30T15:37:15.456790
12,26,7,5,0,5,2026-07-30T15:37:16.910414
12,26,8,5,0,5,2026-07-30T15:37:18.770043
12,26,9,5,0,5,2026-07-30T15:37:20.606575
12,26,10,5,0,5,2026-07-30T15:37:22.254807
12,27,1,5,0,5,2026-07-30T15:37:23.889894
12,27,2,5,0,5,2026-07-30T15:37:24.936982
12,27,3,5,0,5,2026-07-30T15:37:26.389857
12,27,4,5,0,5,2026-07-30T15:37:27.430672
12,27,5,5,0,5,2026-07-30T15:37:28.461505
12,27,6,5,0,5,2026-07-30T15:37:29.291291
12,27,7,5,0,5,2026-07-30T15:37:30.324785
12,27,8,5,0,5,2026-07-30T15:37:32.191626
12,27,9,5,0,5,2026-07-30T15:37:34.065968
12,27,10,5,0,5,2026-07-30T15:37:35.508763
12,28,1,4,0,4,2026-07-30T15:37:36.936699
12,28,2,4,0,4,2026-07-30T15:37:38.385486
12,28,3,5,0,5,2026-07-30T15:37:39.430385
12,28,4,5,0,5,2026-07-30T15:37:40.878445
12,28,5,4,0,4,2026-07-30T15:37:42.514232
12,28,6,5,0,5,2026-07-30T15:37:43.928323
12,28,7,4,0,4,2026-07-30T15:37:45.591055
12,28,8,4,0,4,2026-07-30T15:37:47.032306
12,28,9,5,0,5,2026-07-30T15:37:48.285090
12,28,10,4,0,4,2026-07-30T15:37:50.123327
12,29,1,5,0,5,2026-07-30T15:37:51.618887
12,29,2,5,0,5,2026-07-30T15:37:52.886750
12,29,3,5,0,5,2026-07-30T15:37:54.339490
12,29,4,5,0,5,2026-07-30T15:37:55.969345
12,29,5,5,0,5,2026-07-30T15:37:57.429678
12,29,6,5,0,5,2026-07-30T15:37:59.303644
12,29,7,5,0,5,2026-07-30T15:38:01.173201
12,29,8,5,0,5,2026-07-30T15:38:02.218801
12,29,9,5,0,5,2026-07-30T15:38:03.247575
12,29,10,5,0,5,2026-07-30T15:38:04.272572
12,30,1,5,0,5,2026-07-30T15:38:05.487247
12,30,2,5,0,5,2026-07-30T15:38:07.345330
12,30,3,5,0,5,2026-07-30T15:38:08.993663
12,30,4,5,0,5,2026-07-30T15:38:10.229761
12,30,5,5,0,5,2026-07-30T15:38:11.676089
12,30,6,5,0,5,2026-07-30T15:38:12.901707
12,30,7,5,0,5,2026-07-30T15:38:14.778871
12,30,8,5,0,5,2026-07-30T15:38:16.014645
12,30,9,5,0,5,2026-07-30T15:38:17.680991
12,30,10,5,0,5,2026-07-30T15:38:19.529286
13,1,1,5,0,5,2026-07-30T15:38:21.270655
13,1,2,5,0,5,2026-07-30T15:38:22.330449
13,1,3,5,0,5,2026-07-30T15:38:24.148569
13,1,4,5,0,5,2026-07-30T15:38:25.197913
13,1,5,5,0,5,2026-07-30T15:38:26.244824
13,1,6,5,0,5,2026-07-30T15:38:28.082425
13,1,7,5,0,5,2026-07-30T15:38:29.550611
13,1,8,5,0,5,2026-07-30T15:38:30.589959
13,1,9,5,0,5,2026-07-30T15:38:31.831168
13,1,10,5,0,5,2026-07-30T15:38:32.894363
13,2,1,5,0,5,2026-07-30T15:38:34.556887
13,2,2,5,0,5,2026-07-30T15:38:35.370571
13,2,3,5,0,5,2026-07-30T15:38:36.855409
13,2,4,5,0,5,2026-07-30T15:38:38.697608
13,2,5,5,0,5,2026-07-30T15:38:40.163039
13,2,6,5,0,5,2026-07-30T15:38:41.220723
13,2,7,5,0,5,2026-07-30T15:38:42.478626
13,2,8,5,0,5,2026-07-30T15:38:44.331807
13,2,9,5,0,5,2026-07-30T15:38:45.575415
13,2,10,5,0,5,2026-07-30T15:38:47.425986
13,3,1,2,0,2,2026-07-30T15:38:48.652347
13,3,2,2,0,2,2026-07-30T15:38:49.899049
13,3,3,1,0,1,2026-07-30T15:38:51.553022
13,3,4,1,0,1,2026-07-30T15:38:52.798208
13,3,5,0,0,0,2026-07-30T15:38:53.845097
13,3,6,0,0,0,2026-07-30T15:38:54.885286
13,3,7,1,0,1,2026-07-30T15:38:56.729753
13,3,8,0,0,0,2026-07-30T15:38:58.189350
13,3,9,1,0,1,2026-07-30T15:38:59.420921
13,3,10,1,0,1,2026-07-30T15:39:00.679334
13,4,1,0,0,0,2026-07-30T15:39:02.343956
13,4,2,0,0,0,2026-07-30T15:39:04.216612
13,4,3,5,0,5,2026-07-30T15:39:06.271423
13,4,4,0,0,0,2026-07-30T15:39:08.133161
13,4,5,0,0,0,2026-07-30T15:39:09.392261
13,4,6,0,0,0,2026-07-30T15:39:11.054192
13,4,7,0,0,0,2026-07-30T15:39:12.295420
13,4,8,0,0,0,2026-07-30T15:39:13.716969
13,4,9,0,0,0,2026-07-30T15:39:15.158093
13,4,10,0,0,0,2026-07-30T15:39:16.211885
13,5,1,0,0,0,2026-07-30T15:39:17.844731
13,5,2,5,0,5,2026-07-30T15:39:19.894386
13,5,3,5,0,5,2026-07-30T15:39:21.148036
13,5,4,5,0,5,2026-07-30T15:39:22.793825
13,5,5,5,0,5,2026-07-30T15:39:24.234397
13,5,6,5,0,5,2026-07-30T15:39:25.875056
13,5,7,0,0,0,2026-07-30T15:39:26.906691
13,5,8,5,0,5,2026-07-30T15:39:28.545308
13,5,9,0,0,0,2026-07-30T15:39:29.777274
13,5,10,0,0,0,2026-07-30T15:39:31.020335
13,6,1,5,0,5,2026-07-30T15:39:32.471187
13,6,2,5,0,5,2026-07-30T15:39:34.313689
13,6,3,5,0,5,2026-07-30T15:39:36.166866
13,6,4,5,0,5,2026-07-30T15:39:37.628770
13,6,5,5,0,5,2026-07-30T15:39:39.075233
13,6,6,5,0,5,2026-07-30T15:39:40.305142
13,6,7,5,0,5,2026-07-30T15:39:41.344138
13,6,8,5,0,5,2026-07-30T15:39:42.838959
13,6,9,5,0,5,2026-07-30T15:39:44.491692
13,6,10,5,0,5,2026-07-30T15:39:46.345773
13,7,1,5,0,5,2026-07-30T15:39:48.177941
13,7,2,5,0,5,2026-07-30T15:39:49.634938
13,7,3,5,0,5,2026-07-30T15:39:50.885617
13,7,4,5,0,5,2026-07-30T15:39:52.537545
13,7,5,5,0,5,2026-07-30T15:39:53.784723
13,7,6,5,0,5,2026-07-30T15:39:55.609567
13,7,7,5,0,5,2026-07-30T15:39:56.658072
13,7,8,5,0,5,2026-07-30T15:39:58.513442
13,7,9,5,0,5,2026-07-30T15:39:59.574739
13,7,10,5,0,5,2026-07-30T15:40:00.825250
13,8,1,5,0,5,2026-07-30T15:40:02.470661
13,8,2,5,0,5,2026-07-30T15:40:03.711910
13,8,3,5,0,5,2026-07-30T15:40:04.942784
13,8,4,5,0,5,2026-07-30T15:40:06.604868
13,8,5,5,0,5,2026-07-30T15:40:08.258244
13,8,6,5,0,5,2026-07-30T15:40:09.691895
13,8,7,5,0,5,2026-07-30T15:40:11.160382
13,8,8,5,0,5,2026-07-30T15:40:12.226759
13,8,9,5,0,5,2026-07-30T15:40:13.484790
13,8,10,5,0,5,2026-07-30T15:40:15.534756
13,9,1,0,0,0,2026-07-30T15:40:17.001033
13,9,2,0,0,0,2026-07-30T15:40:18.916456
13,9,3,0,0,0,2026-07-30T15:40:20.753904
13,9,4,0,0,0,2026-07-30T15:40:22.617950
13,9,5,0,0,0,2026-07-30T15:40:23.881416
13,9,6,0,0,0,2026-07-30T15:40:25.694029
13,9,7,0,0,0,2026-07-30T15:40:27.121439
13,9,8,0,0,0,2026-07-30T15:40:28.189478
13,9,9,0,0,0,2026-07-30T15:40:29.222676
13,9,10,0,0,0,2026-07-30T15:40:31.107470
13,10,1,5,0,5,2026-07-30T15:40:32.782533
13,10,2,5,0,5,2026-07-30T15:40:36.551935
13,10,3,5,0,5,2026-07-30T15:40:38.248542
13,10,4,2,0,2,2026-07-30T15:40:39.693955
13,10,5,5,0,5,2026-07-30T15:40:41.133639
13,10,6,5,0,5,2026-07-30T15:40:42.189031
13,10,7,5,0,5,2026-07-30T15:40:43.822283
13,10,8,5,0,5,2026-07-30T15:40:44.856203
13,10,9,5,0,5,2026-07-30T15:40:46.517688
13,10,10,5,0,5,2026-07-30T15:40:47.567305
13,11,1,5,0,5,2026-07-30T15:40:49.404927
13,11,2,5,0,5,2026-07-30T15:40:50.447190
13,11,3,5,0,5,2026-07-30T15:40:51.895604
13,11,4,5,0,5,2026-07-30T15:40:53.335178
13,11,5,5,0,5,2026-07-30T15:40:55.188011
13,11,6,5,0,5,2026-07-30T15:40:56.425805
13,11,7,5,0,5,2026-07-30T15:40:58.276931
13,11,8,5,0,5,2026-07-30T15:41:00.126719
13,11,9,5,0,5,2026-07-30T15:41:01.548528
13,11,10,5,0,5,2026-07-30T15:41:02.582413
13,12,1,5,0,5,2026-07-30T15:41:03.841637
13,12,2,5,0,5,2026-07-30T15:41:04.888875
13,12,3,5,0,5,2026-07-30T15:41:06.424237
13,12,4,5,0,5,2026-07-30T15:41:07.930286
13,12,5,5,0,5,2026-07-30T15:41:09.172892
13,12,6,5,0,5,2026-07-30T15:41:11.046423
13,12,7,5,0,5,2026-07-30T15:41:12.078199
13,12,8,5,0,5,2026-07-30T15:41:13.305413
13,12,9,5,0,5,2026-07-30T15:41:14.361033
13,12,10,5,0,5,2026-07-30T15:41:15.599797
13,13,1,5,0,5,2026-07-30T15:41:16.635045
13,13,2,5,0,5,2026-07-30T15:41:18.319873
13,13,3,5,0,5,2026-07-30T15:41:20.160484
13,13,4,2,0,2,2026-07-30T15:41:21.836120
13,13,5,5,0,5,2026-07-30T15:41:23.685846
13,13,6,5,0,5,2026-07-30T15:41:25.346725
13,13,7,5,0,5,2026-07-30T15:41:26.984201
13,13,8,5,0,5,2026-07-30T15:41:28.405601
13,13,9,5,0,5,2026-07-30T15:41:29.865418
13,13,10,5,0,5,2026-07-30T15:41:31.727884
13,14,1,5,0,5,2026-07-30T15:41:32.786167
13,14,2,5,0,5,2026-07-30T15:41:33.828202
13,14,3,5,0,5,2026-07-30T15:41:35.676636
13,14,4,5,0,5,2026-07-30T15:41:37.515868
13,14,5,5,0,5,2026-07-30T15:41:39.170277
13,14,6,5,0,5,2026-07-30T15:41:41.029244
13,14,7,5,0,5,2026-07-30T15:41:42.874792
13,14,8,5,0,5,2026-07-30T15:41:44.316553
13,14,9,5,0,5,2026-07-30T15:41:45.943998
13,14,10,5,0,5,2026-07-30T15:41:47.589114
13,15,1,0,0,0,2026-07-30T15:41:48.643874
13,15,2,0,0,0,2026-07-30T15:41:50.279575
13,15,3,0,0,0,2026-07-30T15:41:52.138255
13,15,4,0,0,0,2026-07-30T15:41:53.582168
13,15,5,0,0,0,2026-07-30T15:41:54.621322
13,15,6,0,0,0,2026-07-30T15:41:55.682494
13,15,7,0,0,0,2026-07-30T15:41:56.930773
13,15,8,0,0,0,2026-07-30T15:41:58.593557
13,15,9,0,0,0,2026-07-30T15:41:59.826367
13,15,10,0,0,0,2026-07-30T15:42:01.085876
13,16,1,5,0,5,2026-07-30T15:42:02.528268
13,16,2,5,0,5,2026-07-30T15:42:03.767079
13,16,3,5,0,5,2026-07-30T15:42:05.203934
13,16,4,5,0,5,2026-07-30T15:42:06.249868
13,16,5,5,0,5,2026-07-30T15:42:07.491757
13,16,6,5,0,5,2026-07-30T15:42:08.954672
13,16,7,5,0,5,2026-07-30T15:42:10.612771
13,16,8,5,0,5,2026-07-30T15:42:11.662560
13,16,9,5,0,5,2026-07-30T15:42:13.004766
13,16,10,5,0,5,2026-07-30T15:42:13.829667
13,17,1,5,0,5,2026-07-30T15:42:15.272870
13,17,2,5,0,5,2026-07-30T15:42:16.986952
13,17,3,5,0,5,2026-07-30T15:42:18.440223
13,17,4,5,0,5,2026-07-30T15:42:20.281459
13,17,5,5,0,5,2026-07-30T15:42:22.123345
13,17,6,5,0,5,2026-07-30T15:42:23.172853
13,17,7,5,0,5,2026-07-30T15:42:24.826210
13,17,8,5,0,5,2026-07-30T15:42:26.278442
13,17,9,5,0,5,2026-07-30T15:42:28.144929
13,17,10,5,0,5,2026-07-30T15:42:29.201920
13,18,1,2,0,2,2026-07-30T15:42:30.255213
13,18,2,5,0,5,2026-07-30T15:42:32.110528
13,18,3,3,0,3,2026-07-30T15:42:33.369503
13,18,4,3,0,3,2026-07-30T15:42:35.235706
13,18,5,3,0,3,2026-07-30T15:42:36.916533
13,18,6,3,0,3,2026-07-30T15:42:38.353129
13,18,7,3,0,3,2026-07-30T15:42:40.216777
13,18,8,2,0,2,2026-07-30T15:42:41.894870
13,18,9,3,0,3,2026-07-30T15:42:43.141685
13,18,10,5,0,5,2026-07-30T15:42:44.179741
13,19,1,0,0,0,2026-07-30T15:42:46.024971
13,19,2,0,0,0,2026-07-30T15:42:47.104726
13,19,3,0,0,0,2026-07-30T15:42:48.978025
13,19,4,0,0,0,2026-07-30T15:42:50.239095
13,19,5,0,0,0,2026-07-30T15:42:51.499106
13,19,6,0,0,0,2026-07-30T15:42:53.450714
13,19,7,0,0,0,2026-07-30T15:42:54.871250
13,19,8,0,0,0,2026-07-30T15:42:56.521398
13,19,9,0,0,0,2026-07-30T15:42:57.572324
13,19,10,0,0,0,2026-07-30T15:42:59.002173
13,20,1,5,0,5,2026-07-30T15:43:00.043774
13,20,2,5,0,5,2026-07-30T15:43:01.880176
13,20,3,5,0,5,2026-07-30T15:43:03.339221
13,20,4,5,0,5,2026-07-30T15:43:04.190606
13,20,5,5,0,5,2026-07-30T15:43:05.441865
13,20,6,5,0,5,2026-07-30T15:43:06.897250
13,20,7,5,0,5,2026-07-30T15:43:08.348285
13,20,8,5,0,5,2026-07-30T15:43:10.042244
13,20,9,5,0,5,2026-07-30T15:43:11.265801
13,20,10,5,0,5,2026-07-30T15:43:12.803160
13,21,1,5,0,5,2026-07-30T15:43:13.883713
13,21,2,5,0,5,2026-07-30T15:43:14.938452
13,21,3,5,0,5,2026-07-30T15:43:16.288437
13,21,4,5,0,5,2026-07-30T15:43:17.733217
13,21,5,5,0,5,2026-07-30T15:43:18.834927
13,21,6,5,0,5,2026-07-30T15:43:19.866112
13,21,7,5,0,5,2026-07-30T15:43:20.997919
13,21,8,5,0,5,2026-07-30T15:43:22.494600
13,21,9,5,0,5,2026-07-30T15:43:24.377466
13,21,10,5,0,5,2026-07-30T15:43:25.831869
13,22,1,5,0,5,2026-07-30T15:43:27.075201
13,22,2,5,0,5,2026-07-30T15:43:28.941023
13,22,3,5,0,5,2026-07-30T15:43:30.827646
13,22,4,5,0,5,2026-07-30T15:43:32.471909
13,22,5,5,0,5,2026-07-30T15:43:33.737408
13,22,6,5,0,5,2026-07-30T15:43:34.781477
13,22,7,5,0,5,2026-07-30T15:43:36.016549
13,22,8,5,0,5,2026-07-30T15:43:37.465318
13,22,9,5,0,5,2026-07-30T15:43:39.322144
13,22,10,5,0,5,2026-07-30T15:43:40.771469
13,23,1,5,0,5,2026-07-30T15:43:42.618692
13,23,2,5,0,5,2026-07-30T15:43:44.273131
13,23,3,5,0,5,2026-07-30T15:43:45.561407
13,23,4,5,0,5,2026-07-30T15:43:46.599229
13,23,5,5,0,5,2026-07-30T15:43:47.639658
13,23,6,5,0,5,2026-07-30T15:43:49.082988
13,23,7,5,0,5,2026-07-30T15:43:50.365128
13,23,8,5,0,5,2026-07-30T15:43:52.014253
13,23,9,5,0,5,2026-07-30T15:43:53.859219
13,23,10,5,0,5,2026-07-30T15:43:55.494393
13,24,1,0,0,0,2026-07-30T15:43:56.740259
13,24,2,0,0,0,2026-07-30T15:43:57.781362
13,24,3,0,0,0,2026-07-30T15:43:59.245412
13,24,4,0,0,0,2026-07-30T15:44:01.077137
13,24,5,0,0,0,2026-07-30T15:44:02.527416
13,24,6,0,0,0,2026-07-30T15:44:04.377231
13,24,7,0,0,0,2026-07-30T15:44:06.012383
13,24,8,0,0,0,2026-07-30T15:44:07.276125
13,24,9,0,0,0,2026-07-30T15:44:08.914150
13,24,10,0,0,0,2026-07-30T15:44:10.148275
13,25,1,5,0,5,2026-07-30T15:44:12.019742
13,25,2,5,0,5,2026-07-30T15:44:13.463239
13,25,3,5,0,5,2026-07-30T15:44:14.696003
13,25,4,5,0,5,2026-07-30T15:44:16.163053
13,25,5,5,0,5,2026-07-30T15:44:17.219550
13,25,6,5,0,5,2026-07-30T15:44:18.864685
13,25,7,5,0,5,2026-07-30T15:44:19.905192
13,25,8,5,0,5,2026-07-30T15:44:21.769192
13,25,9,5,0,5,2026-07-30T15:44:23.023754
13,25,10,5,0,5,2026-07-30T15:44:24.298780
13,26,1,5,0,5,2026-07-30T15:44:25.556366
13,26,2,5,0,5,2026-07-30T15:44:26.797409
13,26,3,5,0,5,2026-07-30T15:44:28.644446
13,26,4,5,0,5,2026-07-30T15:44:30.506778
13,26,5,5,0,5,2026-07-30T15:44:32.177659
13,26,6,5,0,5,2026-07-30T15:44:33.830621
13,26,7,5,0,5,2026-07-30T15:44:35.478276
13,26,8,5,0,5,2026-07-30T15:44:36.527754
13,26,9,5,0,5,2026-07-30T15:44:38.363563
13,26,10,5,0,5,2026-07-30T15:44:39.421092
13,27,1,5,0,5,2026-07-30T15:44:40.660948
13,27,2,5,0,5,2026-07-30T15:44:41.719543
13,27,3,5,0,5,2026-07-30T15:44:42.764142
13,27,4,5,0,5,2026-07-30T15:44:44.211862
13,27,5,5,0,5,2026-07-30T15:44:45.855986
13,27,6,5,0,5,2026-07-30T15:44:47.716815
13,27,7,5,0,5,2026-07-30T15:44:48.957895
13,27,8,5,0,5,2026-07-30T15:44:50.814215
13,27,9,5,0,5,2026-07-30T15:44:52.682588
13,27,10,5,0,5,2026-07-30T15:44:54.394105
13,28,1,0,0,0,2026-07-30T15:44:56.244247
13,28,2,0,0,0,2026-07-30T15:44:57.885556
13,28,3,0,0,0,2026-07-30T15:44:59.201319
13,28,4,0,0,0,2026-07-30T15:45:00.475580
13,28,5,0,0,0,2026-07-30T15:45:01.751565
13,28,6,0,0,0,2026-07-30T15:45:03.628369
13,28,7,0,0,0,2026-07-30T15:45:04.896936
13,28,8,0,0,0,2026-07-30T15:45:06.739756
13,28,9,0,0,0,2026-07-30T15:45:07.577573
13,28,10,1,0,1,2026-07-30T15:45:09.101785
13,29,1,5,0,5,2026-07-30T15:45:10.572139
13,29,2,5,0,5,2026-07-30T15:45:11.619629
13,29,3,5,0,5,2026-07-30T15:45:13.330060
13,29,4,5,0,5,2026-07-30T15:45:14.612148
13,29,5,5,0,5,2026-07-30T15:45:16.305558
13,29,6,5,0,5,2026-07-30T15:45:17.376905
13,29,7,5,0,5,2026-07-30T15:45:19.222627
13,29,8,5,0,5,2026-07-30T15:45:20.483423
13,29,9,5,0,5,2026-07-30T15:45:22.166349
13,29,10,5,0,5,2026-07-30T15:45:23.425174
13,30,1,0,0,0,2026-07-30T15:45:25.098690
13,30,2,0,0,0,2026-07-30T15:45:26.344468
13,30,3,0,0,0,2026-07-30T15:45:27.402406
13,30,4,0,0,0,2026-07-30T15:45:28.851862
13,30,5,0,0,0,2026-07-30T15:45:30.313457
13,30,6,0,0,0,2026-07-30T15:45:31.584817
13,30,7,0,0,0,2026-07-30T15:45:32.684463
13,30,8,0,0,0,2026-07-30T15:45:33.714072
13,30,9,0,0,0,2026-07-30T15:45:35.227012
13,30,10,0,0,0,2026-07-30T15:45:36.684913
14,1,1,5,0,5,2026-07-30T15:45:37.744827
14,1,2,5,0,5,2026-07-30T15:45:39.012771
14,1,3,5,0,5,2026-07-30T15:45:40.680190
14,1,4,5,0,5,2026-07-30T15:45:42.137202
14,1,5,5,0,5,2026-07-30T15:45:43.203867
14,1,6,5,0,5,2026-07-30T15:45:45.063329
14,1,7,5,0,5,2026-07-30T15:45:46.511724
14,1,8,5,0,5,2026-07-30T15:45:48.355566
14,1,9,5,0,5,2026-07-30T15:45:50.229827
14,1,10,5,0,5,2026-07-30T15:45:52.083930
14,2,1,5,0,5,2026-07-30T15:45:53.752626
14,2,2,5,0,5,2026-07-30T15:45:55.211022
14,2,3,5,0,5,2026-07-30T15:45:56.251443
14,2,4,5,0,5,2026-07-30T15:45:57.511042
14,2,5,5,0,5,2026-07-30T15:45:59.155453
14,2,6,5,0,5,2026-07-30T15:46:00.209846
14,2,7,5,0,5,2026-07-30T15:46:01.456821
14,2,8,5,0,5,2026-07-30T15:46:02.508724
14,2,9,5,0,5,2026-07-30T15:46:04.395190
14,2,10,5,0,5,2026-07-30T15:46:07.601882
14,3,1,5,0,5,2026-07-30T15:46:09.460459
14,3,2,5,0,5,2026-07-30T15:46:10.698312
14,3,3,5,0,5,2026-07-30T15:46:11.724851
14,3,4,4,0,4,2026-07-30T15:46:13.168748
14,3,5,5,0,5,2026-07-30T15:46:14.628056
14,3,6,5,0,5,2026-07-30T15:46:15.664726
14,3,7,5,0,5,2026-07-30T15:46:16.893948
14,3,8,5,0,5,2026-07-30T15:46:18.536073
14,3,9,5,0,5,2026-07-30T15:46:20.407620
14,3,10,5,0,5,2026-07-30T15:46:21.856776
14,4,1,5,0,5,2026-07-30T15:46:23.324556
14,4,2,5,0,5,2026-07-30T15:46:24.769009
14,4,3,5,0,5,2026-07-30T15:46:26.005071
14,4,4,5,0,5,2026-07-30T15:46:27.644090
14,4,5,5,0,5,2026-07-30T15:46:29.397164
14,4,6,5,0,5,2026-07-30T15:46:30.884303
14,4,7,5,0,5,2026-07-30T15:46:32.719517
14,4,8,5,0,5,2026-07-30T15:46:33.947492
14,4,9,5,0,5,2026-07-30T15:46:35.617070
14,4,10,5,0,5,2026-07-30T15:46:37.057941
14,5,1,0,0,0,2026-07-30T15:46:38.892593
14,5,2,5,0,5,2026-07-30T15:46:40.145857
14,5,3,5,0,5,2026-07-30T15:46:41.221212
14,5,4,5,0,5,2026-07-30T15:46:42.883027
14,5,5,5,0,5,2026-07-30T15:46:44.543688
14,5,6,0,0,0,2026-07-30T15:46:45.783380
14,5,7,0,0,0,2026-07-30T15:46:46.828368
14,5,8,0,0,0,2026-07-30T15:46:48.282779
14,5,9,0,0,0,2026-07-30T15:46:50.847947
14,5,10,0,0,0,2026-07-30T15:46:52.281664
14,6,1,5,0,5,2026-07-30T15:46:53.925662
14,6,2,5,0,5,2026-07-30T15:46:54.974032
14,6,3,5,0,5,2026-07-30T15:46:56.611713
14,6,4,5,0,5,2026-07-30T15:46:58.292893
14,6,5,5,0,5,2026-07-30T15:47:00.126387
14,6,6,5,0,5,2026-07-30T15:47:01.774836
14,6,7,5,0,5,2026-07-30T15:47:03.640439
14,6,8,5,0,5,2026-07-30T15:47:05.299109
14,6,9,5,0,5,2026-07-30T15:47:06.958558
14,6,10,5,0,5,2026-07-30T15:47:08.598651
14,7,1,5,0,5,2026-07-30T15:47:10.038759
14,7,2,5,0,5,2026-07-30T15:47:11.076867
14,7,3,5,0,5,2026-07-30T15:47:12.320433
14,7,4,5,0,5,2026-07-30T15:47:13.755376
14,7,5,5,0,5,2026-07-30T15:47:14.848683
14,7,6,5,0,5,2026-07-30T15:47:16.512543
14,7,7,5,0,5,2026-07-30T15:47:17.981144
14,7,8,5,0,5,2026-07-30T15:47:20.037617
14,7,9,5,0,5,2026-07-30T15:47:22.084958
14,7,10,5,0,5,2026-07-30T15:47:23.945822
14,8,1,5,0,5,2026-07-30T15:47:25.397170
14,8,2,5,0,5,2026-07-30T15:47:27.049589
14,8,3,5,0,5,2026-07-30T15:47:28.502738
14,8,4,5,0,5,2026-07-30T15:47:30.162224
14,8,5,5,0,5,2026-07-30T15:47:31.608619
14,8,6,5,0,5,2026-07-30T15:47:33.458832
14,8,7,5,0,5,2026-07-30T15:47:34.536470
14,8,8,5,0,5,2026-07-30T15:47:36.006596
14,8,9,5,0,5,2026-07-30T15:47:37.061019
14,8,10,5,0,5,2026-07-30T15:47:38.919387
14,9,1,0,0,0,2026-07-30T15:47:40.381239
14,9,2,0,0,0,2026-07-30T15:47:41.602560
14,9,3,0,0,0,2026-07-30T15:47:42.837922
14,9,4,0,0,0,2026-07-30T15:47:44.098211
14,9,5,0,0,0,2026-07-30T15:47:46.162567
14,9,6,5,0,5,2026-07-30T15:47:47.987917
14,9,7,0,0,0,2026-07-30T15:47:50.047231
14,9,8,0,0,0,2026-07-30T15:47:51.311332
14,9,9,0,0,0,2026-07-30T15:47:52.561406
14,9,10,0,0,0,2026-07-30T15:47:54.219109
14,10,1,5,0,5,2026-07-30T15:47:55.872731
14,10,2,5,0,5,2026-07-30T15:47:57.746383
14,10,3,5,0,5,2026-07-30T15:47:59.614901
14,10,4,5,0,5,2026-07-30T15:48:01.102440
14,10,5,5,0,5,2026-07-30T15:48:02.790442
14,10,6,5,0,5,2026-07-30T15:48:03.829805
14,10,7,5,0,5,2026-07-30T15:48:05.667599
14,10,8,5,0,5,2026-07-30T15:48:07.326914
14,10,9,5,0,5,2026-07-30T15:48:08.356902
14,10,10,5,0,5,2026-07-30T15:48:09.795816
14,11,1,5,0,5,2026-07-30T15:48:11.456657
14,11,2,5,0,5,2026-07-30T15:48:13.504387
14,11,3,5,0,5,2026-07-30T15:48:15.358929
14,11,4,5,0,5,2026-07-30T15:48:16.404666
14,11,5,5,0,5,2026-07-30T15:48:18.237634
14,11,6,5,0,5,2026-07-30T15:48:19.287280
14,11,7,5,0,5,2026-07-30T15:48:20.351293
14,11,8,5,0,5,2026-07-30T15:48:21.393644
14,11,9,5,0,5,2026-07-30T15:48:22.439218
14,11,10,5,0,5,2026-07-30T15:48:24.086027
14,12,1,5,0,5,2026-07-30T15:48:25.122255
14,12,2,5,0,5,2026-07-30T15:48:26.978913
14,12,3,5,0,5,2026-07-30T15:48:28.610166
14,12,4,5,0,5,2026-07-30T15:48:29.642826
14,12,5,5,0,5,2026-07-30T15:48:30.484274
14,12,6,5,0,5,2026-07-30T15:48:32.154824
14,12,7,5,0,5,2026-07-30T15:48:33.808234
14,12,8,5,0,5,2026-07-30T15:48:35.649307
14,12,9,5,0,5,2026-07-30T15:48:37.285552
14,12,10,5,0,5,2026-07-30T15:48:38.504002
14,13,1,5,0,5,2026-07-30T15:48:39.533065
14,13,2,5,0,5,2026-07-30T15:48:40.593748
14,13,3,5,0,5,2026-07-30T15:48:42.040900
14,13,4,5,0,5,2026-07-30T15:48:43.490130
14,13,5,5,0,5,2026-07-30T15:48:44.543681
14,13,6,5,0,5,2026-07-30T15:48:46.398789
14,13,7,5,0,5,2026-07-30T15:48:47.650807
14,13,8,5,0,5,2026-07-30T15:48:49.316634
14,13,9,5,0,5,2026-07-30T15:48:50.786500
14,13,10,5,0,5,2026-07-30T15:48:52.036343
14,14,1,5,0,5,2026-07-30T15:48:53.490715
14,14,2,5,0,5,2026-07-30T15:48:55.357833
14,14,3,5,0,5,2026-07-30T15:48:57.208207
14,14,4,5,0,5,2026-07-30T15:48:58.669602
14,14,5,5,0,5,2026-07-30T15:49:00.126255
14,14,6,5,0,5,2026-07-30T15:49:01.562350
14,14,7,5,0,5,2026-07-30T15:49:02.797359
14,14,8,5,0,5,2026-07-30T15:49:04.241273
14,14,9,5,0,5,2026-07-30T15:49:05.485340
14,14,10,5,0,5,2026-07-30T15:49:06.528820
14,15,1,5,0,5,2026-07-30T15:49:07.782535
14,15,2,5,0,5,2026-07-30T15:49:09.617724
14,15,3,5,0,5,2026-07-30T15:49:10.877997
14,15,4,5,0,5,2026-07-30T15:49:12.558735
14,15,5,5,0,5,2026-07-30T15:49:13.999189
14,15,6,5,0,5,2026-07-30T15:49:15.655525
14,15,7,5,0,5,2026-07-30T15:49:17.318666
14,15,8,5,0,5,2026-07-30T15:49:18.596355
14,15,9,5,0,5,2026-07-30T15:49:20.043960
14,15,10,5,0,5,2026-07-30T15:49:21.713316
14,16,1,5,0,5,2026-07-30T15:49:23.158990
14,16,2,5,0,5,2026-07-30T15:49:24.802024
14,16,3,5,0,5,2026-07-30T15:49:26.472691
14,16,4,5,0,5,2026-07-30T15:49:27.714212
14,16,5,5,0,5,2026-07-30T15:49:29.582121
14,16,6,5,0,5,2026-07-30T15:49:30.616188
14,16,7,5,0,5,2026-07-30T15:49:32.075663
14,16,8,5,0,5,2026-07-30T15:49:33.746828
14,16,9,5,0,5,2026-07-30T15:49:35.608832
14,16,10,5,0,5,2026-07-30T15:49:37.060913
14,17,1,5,0,5,2026-07-30T15:49:38.912725
14,17,2,5,0,5,2026-07-30T15:49:40.562607
14,17,3,5,0,5,2026-07-30T15:49:42.226387
14,17,4,5,0,5,2026-07-30T15:49:44.281013
14,17,5,5,0,5,2026-07-30T15:49:45.331649
14,17,6,5,0,5,2026-07-30T15:49:46.597398
14,17,7,5,0,5,2026-07-30T15:49:48.448045
14,17,8,5,0,5,2026-07-30T15:49:49.775825
14,17,9,5,0,5,2026-07-30T15:49:51.453044
14,17,10,5,0,5,2026-07-30T15:49:53.279056
14,18,1,5,0,5,2026-07-30T15:49:54.754568
14,18,2,5,0,5,2026-07-30T15:49:56.426807
14,18,3,5,0,5,2026-07-30T15:49:57.469794
14,18,4,5,0,5,2026-07-30T15:49:58.311199
14,18,5,5,0,5,2026-07-30T15:49:59.352028
14,18,6,5,0,5,2026-07-30T15:50:01.206721
14,18,7,5,0,5,2026-07-30T15:50:02.651011
14,18,8,5,0,5,2026-07-30T15:50:03.702477
14,18,9,5,0,5,2026-07-30T15:50:05.151960
14,18,10,5,0,5,2026-07-30T15:50:06.406011
14,19,1,5,0,5,2026-07-30T15:50:07.668640
14,19,2,5,0,5,2026-07-30T15:50:09.542719
14,19,3,5,0,5,2026-07-30T15:50:11.405325
14,19,4,5,0,5,2026-07-30T15:50:12.865014
14,19,5,5,0,5,2026-07-30T15:50:13.913220
14,19,6,5,0,5,2026-07-30T15:50:15.949766
14,19,7,5,0,5,2026-07-30T15:50:17.815604
14,19,8,5,0,5,2026-07-30T15:50:19.473011
14,19,9,5,0,5,2026-07-30T15:50:21.134585
14,19,10,5,0,5,2026-07-30T15:50:22.186415
14,20,1,5,0,5,2026-07-30T15:50:23.809277
14,20,2,5,0,5,2026-07-30T15:50:25.456285
14,20,3,5,0,5,2026-07-30T15:50:26.679828
14,20,4,5,0,5,2026-07-30T15:50:28.104399
14,20,5,5,0,5,2026-07-30T15:50:29.352125
14,20,6,5,0,5,2026-07-30T15:50:31.009688
14,20,7,5,0,5,2026-07-30T15:50:32.862460
14,20,8,5,0,5,2026-07-30T15:50:34.108535
14,20,9,5,0,5,2026-07-30T15:50:36.156274
14,20,10,5,0,5,2026-07-30T15:50:37.589792
14,21,1,5,0,5,2026-07-30T15:50:38.633781
14,21,2,5,0,5,2026-07-30T15:50:39.686163
14,21,3,5,0,5,2026-07-30T15:50:41.556203
14,21,4,5,0,5,2026-07-30T15:50:43.217318
14,21,5,5,0,5,2026-07-30T15:50:44.460522
14,21,6,5,0,5,2026-07-30T15:50:45.515761
14,21,7,5,0,5,2026-07-30T15:50:46.571576
14,21,8,5,0,5,2026-07-30T15:50:48.013494
14,21,9,5,0,5,2026-07-30T15:50:49.454427
14,21,10,5,0,5,2026-07-30T15:50:51.109061
14,22,1,5,0,5,2026-07-30T15:50:57.211990
14,22,2,5,0,5,2026-07-30T15:50:58.667402
14,22,3,5,0,5,2026-07-30T15:51:00.539534
14,22,4,5,0,5,2026-07-30T15:51:02.255500
14,22,5,5,0,5,2026-07-30T15:51:03.705936
14,22,6,5,0,5,2026-07-30T15:51:04.963564
14,22,7,5,0,5,2026-07-30T15:51:06.820154
14,22,8,5,0,5,2026-07-30T15:51:08.034635
14,22,9,5,0,5,2026-07-30T15:51:09.530506
14,22,10,5,0,5,2026-07-30T15:51:11.195793
14,23,1,5,0,5,2026-07-30T15:51:12.252373
14,23,2,5,0,5,2026-07-30T15:51:14.093734
14,23,3,5,0,5,2026-07-30T15:51:15.928346
14,23,4,5,0,5,2026-07-30T15:51:17.179596
14,23,5,5,0,5,2026-07-30T15:51:18.848690
14,23,6,5,0,5,2026-07-30T15:51:20.708520
14,23,7,5,0,5,2026-07-30T15:51:22.405930
14,23,8,5,0,5,2026-07-30T15:51:24.255576
14,23,9,5,0,5,2026-07-30T15:51:25.094627
14,23,10,5,0,5,2026-07-30T15:51:26.935979
14,24,1,5,0,5,2026-07-30T15:51:27.958601
14,24,2,0,0,0,2026-07-30T15:51:29.000659
14,24,3,5,0,5,2026-07-30T15:51:30.240514
14,24,4,0,0,0,2026-07-30T15:51:31.473105
14,24,5,5,0,5,2026-07-30T15:51:32.503677
14,24,6,5,0,5,2026-07-30T15:51:34.159614
14,24,7,5,0,5,2026-07-30T15:51:35.197455
14,24,8,0,0,0,2026-07-30T15:51:36.895359
14,24,9,5,0,5,2026-07-30T15:51:38.330663
14,24,10,0,0,0,2026-07-30T15:51:40.161324
14,25,1,5,0,5,2026-07-30T15:51:41.591299
14,25,2,5,0,5,2026-07-30T15:51:43.458074
14,25,3,0,0,0,2026-07-30T15:51:44.695493
14,25,4,5,0,5,2026-07-30T15:51:46.136390
14,25,5,0,0,0,2026-07-30T15:51:47.379354
14,25,6,5,0,5,2026-07-30T15:51:48.843631
14,25,7,0,0,0,2026-07-30T15:51:50.503453
14,25,8,5,0,5,2026-07-30T15:51:51.951383
14,25,9,0,0,0,2026-07-30T15:51:53.770194
14,25,10,0,0,0,2026-07-30T15:51:55.041129
14,26,1,5,0,5,2026-07-30T15:51:56.891053
14,26,2,5,0,5,2026-07-30T15:51:58.328231
14,26,3,5,0,5,2026-07-30T15:52:00.188171
14,26,4,5,0,5,2026-07-30T15:52:01.452537
14,26,5,5,0,5,2026-07-30T15:52:02.522753
14,26,6,5,0,5,2026-07-30T15:52:03.980466
14,26,7,5,0,5,2026-07-30T15:52:05.818164
14,26,8,5,0,5,2026-07-30T15:52:07.184832
14,26,9,5,0,5,2026-07-30T15:52:08.226203
14,26,10,5,0,5,2026-07-30T15:52:09.245254
14,27,1,5,0,5,2026-07-30T15:52:10.485817
14,27,2,5,0,5,2026-07-30T15:52:11.998410
14,27,3,5,0,5,2026-07-30T15:52:13.444399
14,27,4,5,0,5,2026-07-30T15:52:14.699955
14,27,5,5,0,5,2026-07-30T15:52:16.365848
14,27,6,5,0,5,2026-07-30T15:52:18.009059
14,27,7,5,0,5,2026-07-30T15:52:19.282036
14,27,8,5,0,5,2026-07-30T15:52:20.935577
14,27,9,5,0,5,2026-07-30T15:52:22.173639
14,27,10,5,0,5,2026-07-30T15:52:23.197261
14,28,1,5,0,5,2026-07-30T15:52:24.434076
14,28,2,5,0,5,2026-07-30T15:52:25.679915
14,28,3,5,0,5,2026-07-30T15:52:27.334386
14,28,4,5,0,5,2026-07-30T15:52:29.188073
14,28,5,5,0,5,2026-07-30T15:52:30.621576
14,28,6,5,0,5,2026-07-30T15:52:32.269936
14,28,7,5,0,5,2026-07-30T15:52:33.914370
14,28,8,5,0,5,2026-07-30T15:52:35.564235
14,28,9,5,0,5,2026-07-30T15:52:36.613721
14,28,10,5,0,5,2026-07-30T15:52:37.658307
14,29,1,5,0,5,2026-07-30T15:52:38.906113
14,29,2,5,0,5,2026-07-30T15:52:40.552455
14,29,3,5,0,5,2026-07-30T15:52:42.016633
14,29,4,5,0,5,2026-07-30T15:52:43.866930
14,29,5,5,0,5,2026-07-30T15:52:44.906306
14,29,6,5,0,5,2026-07-30T15:52:46.761365
14,29,7,5,0,5,2026-07-30T15:52:48.220543
14,29,8,5,0,5,2026-07-30T15:52:50.064816
14,29,9,5,0,5,2026-07-30T15:52:51.936232
14,29,10,5,0,5,2026-07-30T15:52:53.601568
14,30,1,5,0,5,2026-07-30T15:52:55.672356
14,30,2,5,0,5,2026-07-30T15:52:57.348079
14,30,3,5,0,5,2026-07-30T15:52:58.604848
14,30,4,5,0,5,2026-07-30T15:53:00.447862
14,30,5,5,0,5,2026-07-30T15:53:02.111557
14,30,6,5,0,5,2026-07-30T15:53:03.778596
14,30,7,5,0,5,2026-07-30T15:53:05.621771
14,30,8,5,0,5,2026-07-30T15:53:07.280516
14,30,9,5,0,5,2026-07-30T15:53:08.531221
14,30,10,5,0,5,2026-07-30T15:53:10.395456
15,1,1,5,0,5,2026-07-30T15:53:12.473153
15,1,2,5,0,5,2026-07-30T15:53:14.137975
15,1,3,5,0,5,2026-07-30T15:53:15.588354
15,1,4,5,0,5,2026-07-30T15:53:16.828600
15,1,5,5,0,5,2026-07-30T15:53:18.685745
15,1,6,5,0,5,2026-07-30T15:53:20.157321
15,1,7,5,0,5,2026-07-30T15:53:21.241657
15,1,8,5,0,5,2026-07-30T15:53:22.277944
15,1,9,5,0,5,2026-07-30T15:53:23.300910
15,1,10,5,0,5,2026-07-30T15:53:24.759316
15,2,1,5,0,5,2026-07-30T15:53:26.217867
15,2,2,5,0,5,2026-07-30T15:53:27.865438
15,2,3,5,0,5,2026-07-30T15:53:29.102721
15,2,4,5,0,5,2026-07-30T15:53:30.128279
15,2,5,5,0,5,2026-07-30T15:53:31.370721
15,2,6,5,0,5,2026-07-30T15:53:33.002686
15,2,7,5,0,5,2026-07-30T15:53:34.860870
15,2,8,5,0,5,2026-07-30T15:53:36.299791
15,2,9,5,0,5,2026-07-30T15:53:38.141836
15,2,10,5,0,5,2026-07-30T15:53:39.385823
15,3,1,0,0,0,2026-07-30T15:53:40.413223
15,3,2,5,0,5,2026-07-30T15:53:41.668733
15,3,3,2,0,2,2026-07-30T15:53:43.511585
15,3,4,5,0,5,2026-07-30T15:53:44.949374
15,3,5,2,0,2,2026-07-30T15:53:46.389484
15,3,6,5,0,5,2026-07-30T15:53:48.222598
15,3,7,0,0,0,2026-07-30T15:53:49.871470
15,3,8,5,0,5,2026-07-30T15:53:50.903167
15,3,9,0,0,0,2026-07-30T15:53:52.046494
15,3,10,0,0,0,2026-07-30T15:53:53.891355
15,4,1,0,0,0,2026-07-30T15:53:55.340556
15,4,2,2,0,2,2026-07-30T15:53:56.966329
15,4,3,0,0,0,2026-07-30T15:53:58.397201
15,4,4,0,0,0,2026-07-30T15:54:00.060596
15,4,5,0,0,0,2026-07-30T15:54:01.946114
15,4,6,3,0,3,2026-07-30T15:54:02.991573
15,4,7,2,0,2,2026-07-30T15:54:04.228279
15,4,8,0,0,0,2026-07-30T15:54:05.657954
15,4,9,0,0,0,2026-07-30T15:54:07.491814
15,4,10,2,0,2,2026-07-30T15:54:08.526104
15,5,1,0,0,0,2026-07-30T15:54:09.759676
15,5,2,0,0,0,2026-07-30T15:54:11.007588
15,5,3,0,0,0,2026-07-30T15:54:12.446281
15,5,4,0,0,0,2026-07-30T15:54:13.890437
15,5,5,5,0,5,2026-07-30T15:54:15.353899
15,5,6,0,0,0,2026-07-30T15:54:16.391874
15,5,7,5,0,5,2026-07-30T15:54:18.259512
15,5,8,0,0,0,2026-07-30T15:54:19.489038
15,5,9,0,0,0,2026-07-30T15:54:21.132570
15,5,10,0,0,0,2026-07-30T15:54:22.985766
15,6,1,5,0,5,2026-07-30T15:54:24.258103
15,6,2,5,0,5,2026-07-30T15:54:25.918198
15,6,3,5,0,5,2026-07-30T15:54:27.584811
15,6,4,5,0,5,2026-07-30T15:54:29.628062
15,6,5,5,0,5,2026-07-30T15:54:31.276536
15,6,6,5,0,5,2026-07-30T15:54:33.137316
15,6,7,5,0,5,2026-07-30T15:54:34.569381
15,6,8,5,0,5,2026-07-30T15:54:36.425927
15,6,9,5,0,5,2026-07-30T15:54:37.859237
15,6,10,5,0,5,2026-07-30T15:54:38.915791
15,7,1,5,0,5,2026-07-30T15:54:40.579576
15,7,2,5,0,5,2026-07-30T15:54:41.813648
15,7,3,5,0,5,2026-07-30T15:54:43.344854
15,7,4,5,0,5,2026-07-30T15:54:45.005836
15,7,5,5,0,5,2026-07-30T15:54:46.665280
15,7,6,5,0,5,2026-07-30T15:54:48.308822
15,7,7,5,0,5,2026-07-30T15:54:49.587522
15,7,8,5,0,5,2026-07-30T15:54:51.243142
15,7,9,5,0,5,2026-07-30T15:54:52.507888
15,7,10,5,0,5,2026-07-30T15:54:53.539606
15,8,1,5,0,5,2026-07-30T15:54:55.173641
15,8,2,5,0,5,2026-07-30T15:54:57.028123
15,8,3,5,0,5,2026-07-30T15:54:58.895137
15,8,4,5,0,5,2026-07-30T15:55:00.742917
15,8,5,5,0,5,2026-07-30T15:55:01.823152
15,8,6,5,0,5,2026-07-30T15:55:03.075944
15,8,7,5,0,5,2026-07-30T15:55:04.528887
15,8,8,5,0,5,2026-07-30T15:55:05.584233
15,8,9,5,0,5,2026-07-30T15:55:07.232509
15,8,10,5,0,5,2026-07-30T15:55:08.537494
15,9,1,0,0,0,2026-07-30T15:55:10.072676
15,9,2,0,0,0,2026-07-30T15:55:11.334465
15,9,3,0,0,0,2026-07-30T15:55:13.188627
15,9,4,0,0,0,2026-07-30T15:55:14.612075
15,9,5,3,0,3,2026-07-30T15:55:15.662110
15,9,6,3,0,3,2026-07-30T15:55:16.711449
15,9,7,0,0,0,2026-07-30T15:55:18.367201
15,9,8,0,0,0,2026-07-30T15:55:20.423405
15,9,9,0,0,0,2026-07-30T15:55:21.875009
15,9,10,0,0,0,2026-07-30T15:55:23.111296
15,10,1,2,0,2,2026-07-30T15:55:24.765721
15,10,2,5,0,5,2026-07-30T15:55:26.231890
15,10,3,0,0,0,2026-07-30T15:55:27.681020
15,10,4,0,0,0,2026-07-30T15:55:29.544312
15,10,5,0,0,0,2026-07-30T15:55:31.031134
15,10,6,3,0,3,2026-07-30T15:55:32.671860
15,10,7,4,0,4,2026-07-30T15:55:33.934956
15,10,8,0,0,0,2026-07-30T15:55:35.610284
15,10,9,0,0,0,2026-07-30T15:55:37.064869
15,10,10,0,0,0,2026-07-30T15:55:38.292435
15,11,1,5,0,5,2026-07-30T15:55:39.745142
15,11,2,5,0,5,2026-07-30T15:55:41.396286
15,11,3,5,0,5,2026-07-30T15:55:43.289048
15,11,4,5,0,5,2026-07-30T15:55:44.940808
15,11,5,5,0,5,2026-07-30T15:55:46.804185
15,11,6,5,0,5,2026-07-30T15:55:48.642324
15,11,7,5,0,5,2026-07-30T15:55:49.700999
15,11,8,5,0,5,2026-07-30T15:55:50.736318
15,11,9,5,0,5,2026-07-30T15:55:51.799743
15,11,10,5,0,5,2026-07-30T15:55:53.250705
15,12,1,5,0,5,2026-07-30T15:55:54.905622
15,12,2,5,0,5,2026-07-30T15:55:56.372305
15,12,3,5,0,5,2026-07-30T15:55:57.402718
15,12,4,5,0,5,2026-07-30T15:55:59.052318
15,12,5,5,0,5,2026-07-30T15:56:00.734309
15,12,6,5,0,5,2026-07-30T15:56:01.998444
15,12,7,5,0,5,2026-07-30T15:56:03.060560
15,12,8,5,0,5,2026-07-30T15:56:04.726362
15,12,9,5,0,5,2026-07-30T15:56:06.163575
15,12,10,5,0,5,2026-07-30T15:56:07.401951
15,13,1,3,0,3,2026-07-30T15:56:08.623700
15,13,2,0,0,0,2026-07-30T15:56:10.290306
15,13,3,5,0,5,2026-07-30T15:56:11.959685
15,13,4,0,0,0,2026-07-30T15:56:13.228704
15,13,5,3,0,3,2026-07-30T15:56:14.892137
15,13,6,3,0,3,2026-07-30T15:56:16.334551
15,13,7,3,0,3,2026-07-30T15:56:17.780405
15,13,8,0,0,0,2026-07-30T15:56:19.644793
15,13,9,3,0,3,2026-07-30T15:56:21.100634
15,13,10,3,0,3,2026-07-30T15:56:22.561076
15,14,1,5,0,5,2026-07-30T15:56:23.822240
15,14,2,5,0,5,2026-07-30T15:56:25.124051
15,14,3,5,0,5,2026-07-30T15:56:26.167496
15,14,4,5,0,5,2026-07-30T15:56:27.408523
15,14,5,5,0,5,2026-07-30T15:56:29.273994
15,14,6,5,0,5,2026-07-30T15:56:30.527644
15,14,7,5,0,5,2026-07-30T15:56:31.590542
15,14,8,5,0,5,2026-07-30T15:56:32.628576
15,14,9,5,0,5,2026-07-30T15:56:34.069344
15,14,10,5,0,5,2026-07-30T15:56:35.305112
15,15,1,5,0,5,2026-07-30T15:56:36.753462
15,15,2,5,0,5,2026-07-30T15:56:38.207444
15,15,3,5,0,5,2026-07-30T15:56:40.081117
15,15,4,5,0,5,2026-07-30T15:56:41.326130
15,15,5,5,0,5,2026-07-30T15:56:42.558684
15,15,6,5,0,5,2026-07-30T15:56:44.453597
15,15,7,5,0,5,2026-07-30T15:56:46.318306
15,15,8,5,0,5,2026-07-30T15:56:47.360303
15,15,9,5,0,5,2026-07-30T15:56:49.218040
15,15,10,5,0,5,2026-07-30T15:56:50.275469
15,16,1,5,0,5,2026-07-30T15:56:52.131243
15,16,2,5,0,5,2026-07-30T15:56:53.788323
15,16,3,5,0,5,2026-07-30T15:56:55.459723
15,16,4,5,0,5,2026-07-30T15:56:56.693004
15,16,5,5,0,5,2026-07-30T15:56:58.525140
15,16,6,5,0,5,2026-07-30T15:56:59.552022
15,16,7,5,0,5,2026-07-30T15:57:01.379458
15,16,8,5,0,5,2026-07-30T15:57:03.013352
15,16,9,5,0,5,2026-07-30T15:57:04.663150
15,16,10,5,0,5,2026-07-30T15:57:05.917241
15,17,1,5,0,5,2026-07-30T15:57:07.348422
15,17,2,5,0,5,2026-07-30T15:57:08.984152
15,17,3,5,0,5,2026-07-30T15:57:10.838301
15,17,4,5,0,5,2026-07-30T15:57:12.466505
15,17,5,5,0,5,2026-07-30T15:57:14.537772
15,17,6,5,0,5,2026-07-30T15:57:16.216100
15,17,7,5,0,5,2026-07-30T15:57:17.656978
15,17,8,5,0,5,2026-07-30T15:57:19.293950
15,17,9,5,0,5,2026-07-30T15:57:20.970391
15,17,10,5,0,5,2026-07-30T15:57:22.622362
15,18,1,5,0,5,2026-07-30T15:57:23.872857
15,18,2,5,0,5,2026-07-30T15:57:25.525754
15,18,3,5,0,5,2026-07-30T15:57:26.986827
15,18,4,5,0,5,2026-07-30T15:57:28.244901
15,18,5,5,0,5,2026-07-30T15:57:29.901241
15,18,6,5,0,5,2026-07-30T15:57:31.126786
15,18,7,5,0,5,2026-07-30T15:57:32.766751
15,18,8,5,0,5,2026-07-30T15:57:34.037614
15,18,9,5,0,5,2026-07-30T15:57:35.688601
15,18,10,5,0,5,2026-07-30T15:57:36.724606
15,19,1,5,0,5,2026-07-30T15:57:37.770392
15,19,2,5,0,5,2026-07-30T15:57:39.221306
15,19,3,5,0,5,2026-07-30T15:57:40.661793
15,19,4,5,0,5,2026-07-30T15:57:42.519579
15,19,5,5,0,5,2026-07-30T15:57:44.383481
15,19,6,5,0,5,2026-07-30T15:57:45.235605
15,19,7,5,0,5,2026-07-30T15:57:46.459270
15,19,8,5,0,5,2026-07-30T15:57:47.911792
15,19,9,3,0,3,2026-07-30T15:57:49.366533
15,19,10,5,0,5,2026-07-30T15:57:51.024606
15,20,1,5,0,5,2026-07-30T15:57:52.672487
15,20,2,5,0,5,2026-07-30T15:57:54.103082
15,20,3,5,0,5,2026-07-30T15:57:55.159233
15,20,4,5,0,5,2026-07-30T15:57:57.009308
15,20,5,5,0,5,2026-07-30T15:57:58.672946
15,20,6,5,0,5,2026-07-30T15:58:00.329879
15,20,7,5,0,5,2026-07-30T15:58:01.979005
15,20,8,5,0,5,2026-07-30T15:58:03.436263
15,20,9,5,0,5,2026-07-30T15:58:05.106803
15,20,10,5,0,5,2026-07-30T15:58:06.977145
15,21,1,5,0,5,2026-07-30T15:58:09.031158
15,21,2,5,0,5,2026-07-30T15:58:10.687069
15,21,3,5,0,5,2026-07-30T15:58:12.344145
15,21,4,5,0,5,2026-07-30T15:58:13.795045
15,21,5,5,0,5,2026-07-30T15:58:15.045349
15,21,6,5,0,5,2026-07-30T15:58:16.445680
15,21,7,5,0,5,2026-07-30T15:58:18.096151
15,21,8,5,0,5,2026-07-30T15:58:19.153610
15,21,9,5,0,5,2026-07-30T15:58:21.017036
15,21,10,5,0,5,2026-07-30T15:58:22.676194
15,22,1,5,0,5,2026-07-30T15:58:24.526011
15,22,2,5,0,5,2026-07-30T15:58:26.578913
15,22,3,5,0,5,2026-07-30T15:58:27.579672
15,22,4,5,0,5,2026-07-30T15:58:28.619710
15,22,5,5,0,5,2026-07-30T15:58:30.268270
15,22,6,5,0,5,2026-07-30T15:58:31.504578
15,22,7,5,0,5,2026-07-30T15:58:33.343811
15,22,8,5,0,5,2026-07-30T15:58:34.769587
15,22,9,5,0,5,2026-07-30T15:58:36.634261
15,22,10,5,0,5,2026-07-30T15:58:38.280234
15,23,1,5,0,5,2026-07-30T15:58:40.134065
15,23,2,5,0,5,2026-07-30T15:58:41.388424
15,23,3,5,0,5,2026-07-30T15:58:43.059118
15,23,4,5,0,5,2026-07-30T15:58:44.315185
15,23,5,5,0,5,2026-07-30T15:58:45.765527
15,23,6,5,0,5,2026-07-30T15:58:47.425707
15,23,7,5,0,5,2026-07-30T15:58:48.663922
15,23,8,5,0,5,2026-07-30T15:58:50.330125
15,23,9,5,0,5,2026-07-30T15:58:51.602437
15,23,10,5,0,5,2026-07-30T15:58:52.852775
15,24,1,0,0,0,2026-07-30T15:58:54.676039
15,24,2,0,0,0,2026-07-30T15:58:56.329929
15,24,3,0,0,0,2026-07-30T15:58:58.186759
15,24,4,0,0,0,2026-07-30T15:58:59.843994
15,24,5,0,0,0,2026-07-30T15:59:01.494622
15,24,6,0,0,0,2026-07-30T15:59:03.355964
15,24,7,0,0,0,2026-07-30T15:59:04.630139
15,24,8,0,0,0,2026-07-30T15:59:06.287492
15,24,9,0,0,0,2026-07-30T15:59:07.344938
15,24,10,0,0,0,2026-07-30T15:59:09.017602
15,25,1,0,0,0,2026-07-30T15:59:10.272967
15,25,2,3,0,3,2026-07-30T15:59:11.944093
15,25,3,0,0,0,2026-07-30T15:59:13.606637
15,25,4,0,0,0,2026-07-30T15:59:15.050473
15,25,5,0,0,0,2026-07-30T15:59:16.310680
15,25,6,3,0,3,2026-07-30T15:59:17.765722
15,25,7,5,0,5,2026-07-30T15:59:19.633089
15,25,8,0,0,0,2026-07-30T15:59:21.079097
15,25,9,3,0,3,2026-07-30T15:59:22.125697
15,25,10,0,0,0,2026-07-30T15:59:23.185684
15,26,1,5,0,5,2026-07-30T15:59:24.827803
15,26,2,5,0,5,2026-07-30T15:59:26.473307
15,26,3,5,0,5,2026-07-30T15:59:28.100135
15,26,4,5,0,5,2026-07-30T15:59:29.954709
15,26,5,5,0,5,2026-07-30T15:59:31.826727
15,26,6,5,0,5,2026-07-30T15:59:33.466401
15,26,7,5,0,5,2026-07-30T15:59:34.886148
15,26,8,5,0,5,2026-07-30T15:59:36.204209
15,26,9,5,0,5,2026-07-30T15:59:37.256569
15,26,10,5,0,5,2026-07-30T15:59:38.292954
15,27,1,5,0,5,2026-07-30T15:59:39.335941
15,27,2,5,0,5,2026-07-30T15:59:40.990004
15,27,3,5,0,5,2026-07-30T15:59:42.245696
15,27,4,5,0,5,2026-07-30T15:59:43.892674
15,27,5,5,0,5,2026-07-30T15:59:45.518129
15,27,6,5,0,5,2026-07-30T15:59:46.969260
15,27,7,5,0,5,2026-07-30T15:59:48.805158
15,27,8,5,0,5,2026-07-30T15:59:50.672757
15,27,9,5,0,5,2026-07-30T15:59:52.135806
15,27,10,5,0,5,2026-07-30T15:59:53.382562
15,28,1,3,0,3,2026-07-30T15:59:54.392875
15,28,2,3,0,3,2026-07-30T15:59:55.856333
15,28,3,3,0,3,2026-07-30T15:59:57.014694
15,28,4,4,0,4,2026-07-30T15:59:58.460262
15,28,5,4,0,4,2026-07-30T15:59:59.721048
15,28,6,4,0,4,2026-07-30T16:00:01.384102
15,28,7,3,0,3,2026-07-30T16:00:02.414477
15,28,8,4,0,4,2026-07-30T16:00:03.456915
15,28,9,5,0,5,2026-07-30T16:00:04.503181
15,28,10,4,0,4,2026-07-30T16:00:05.559635
15,29,1,5,0,5,2026-07-30T16:00:06.993707
15,29,2,5,0,5,2026-07-30T16:00:08.837728
15,29,3,5,0,5,2026-07-30T16:00:10.263634
15,29,4,5,0,5,2026-07-30T16:00:11.516364
15,29,5,5,0,5,2026-07-30T16:00:13.170444
15,29,6,5,0,5,2026-07-30T16:00:14.602006
15,29,7,5,0,5,2026-07-30T16:00:15.644043
15,29,8,5,0,5,2026-07-30T16:00:16.701471
15,29,9,5,0,5,2026-07-30T16:00:18.344088
15,29,10,5,0,5,2026-07-30T16:00:19.807903
15,30,1,5,0,5,2026-07-30T16:00:21.382777
15,30,2,5,0,5,2026-07-30T16:00:22.845151
15,30,3,5,0,5,2026-07-30T16:00:24.489666
15,30,4,5,0,5,2026-07-30T16:00:25.538702
15,30,5,5,0,5,2026-07-30T16:00:27.383945
15,30,6,5,0,5,2026-07-30T16:00:28.298351
15,30,7,5,0,5,2026-07-30T16:00:29.344104
15,30,8,5,0,5,2026-07-30T16:00:31.001357
15,30,9,5,0,5,2026-07-30T16:00:32.035541
15,30,10,5,0,5,2026-07-30T16:00:33.675788
16,1,1,5,0,5,2026-07-30T16:00:34.740249
16,1,2,4,0,4,2026-07-30T16:00:36.225627
16,1,3,5,0,5,2026-07-30T16:00:38.071066
16,1,4,5,0,5,2026-07-30T16:00:39.943217
16,1,5,5,0,5,2026-07-30T16:00:41.817469
16,1,6,5,0,5,2026-07-30T16:00:42.853944
16,1,7,5,0,5,2026-07-30T16:00:44.536282
16,1,8,5,0,5,2026-07-30T16:00:46.380465
16,1,9,5,0,5,2026-07-30T16:00:48.026809
16,1,10,5,0,5,2026-07-30T16:00:49.285250
16,2,1,5,0,5,2026-07-30T16:00:50.318477
16,2,2,5,0,5,2026-07-30T16:00:51.155265
16,2,3,5,0,5,2026-07-30T16:00:52.397727
16,2,4,5,0,5,2026-07-30T16:00:54.450589
16,2,5,5,0,5,2026-07-30T16:00:55.696797
16,2,6,5,0,5,2026-07-30T16:00:57.350384
16,2,7,5,0,5,2026-07-30T16:00:58.796248
16,2,8,5,0,5,2026-07-30T16:01:00.061819
16,2,9,5,0,5,2026-07-30T16:01:01.100643
16,2,10,5,0,5,2026-07-30T16:01:02.167064
16,3,1,0,0,0,2026-07-30T16:01:03.196082
16,3,2,0,0,0,2026-07-30T16:01:05.071830
16,3,3,0,0,0,2026-07-30T16:01:06.948583
16,3,4,0,0,0,2026-07-30T16:01:08.196510
16,3,5,0,0,0,2026-07-30T16:01:10.050093
16,3,6,0,0,0,2026-07-30T16:01:11.700739
16,3,7,0,0,0,2026-07-30T16:01:13.137727
16,3,8,0,0,0,2026-07-30T16:01:14.379777
16,3,9,0,0,0,2026-07-30T16:01:16.227860
16,3,10,0,0,0,2026-07-30T16:01:18.060473
16,4,1,0,0,0,2026-07-30T16:01:19.961458
16,4,2,0,0,0,2026-07-30T16:01:21.422250
16,4,3,0,0,0,2026-07-30T16:01:22.881076
16,4,4,0,0,0,2026-07-30T16:01:24.749818
16,4,5,0,0,0,2026-07-30T16:01:25.803001
16,4,6,0,0,0,2026-07-30T16:01:26.907843
16,4,7,0,0,0,2026-07-30T16:01:28.585291
16,4,8,0,0,0,2026-07-30T16:01:30.253976
16,4,9,0,0,0,2026-07-30T16:01:31.929176
16,4,10,0,0,0,2026-07-30T16:01:33.377691
16,5,1,0,0,0,2026-07-30T16:01:34.653528
16,5,2,0,0,0,2026-07-30T16:01:36.535604
16,5,3,0,0,0,2026-07-30T16:01:37.587127
16,5,4,0,0,0,2026-07-30T16:01:38.856847
16,5,5,0,0,0,2026-07-30T16:01:40.750737
16,5,6,0,0,0,2026-07-30T16:01:42.454733
16,5,7,0,0,0,2026-07-30T16:01:43.502646
16,5,8,0,0,0,2026-07-30T16:01:44.821457
16,5,9,0,0,0,2026-07-30T16:01:46.114820
16,5,10,0,0,0,2026-07-30T16:01:47.591359
16,6,1,5,0,5,2026-07-30T16:01:48.844924
16,6,2,5,0,5,2026-07-30T16:01:50.296990
16,6,3,5,0,5,2026-07-30T16:01:52.170763
16,6,4,5,0,5,2026-07-30T16:01:53.214295
16,6,5,5,0,5,2026-07-30T16:01:54.263618
16,6,6,5,0,5,2026-07-30T16:01:55.299279
16,6,7,5,0,5,2026-07-30T16:01:57.173088
16,6,8,5,0,5,2026-07-30T16:01:58.456007
16,6,9,5,0,5,2026-07-30T16:01:59.927597
16,6,10,5,0,5,2026-07-30T16:02:01.803080
16,7,1,5,0,5,2026-07-30T16:02:03.242786
16,7,2,5,0,5,2026-07-30T16:02:05.095528
16,7,3,5,0,5,2026-07-30T16:02:06.140165
16,7,4,5,0,5,2026-07-30T16:02:07.815164
16,7,5,5,0,5,2026-07-30T16:02:09.060031
16,7,6,5,0,5,2026-07-30T16:02:10.330353
16,7,7,5,0,5,2026-07-30T16:02:12.272812
16,7,8,5,0,5,2026-07-30T16:02:13.924012
16,7,9,5,0,5,2026-07-30T16:02:15.168954
16,7,10,5,0,5,2026-07-30T16:02:16.398445
16,8,1,5,0,5,2026-07-30T16:02:17.840695
16,8,2,5,0,5,2026-07-30T16:02:18.902082
16,8,3,4,0,4,2026-07-30T16:02:20.542882
16,8,4,5,0,5,2026-07-30T16:02:21.586125
16,8,5,4,0,4,2026-07-30T16:02:22.617102
16,8,6,3,0,3,2026-07-30T16:02:24.265812
16,8,7,5,0,5,2026-07-30T16:02:25.309645
16,8,8,5,0,5,2026-07-30T16:02:26.730735
16,8,9,5,0,5,2026-07-30T16:02:28.179688
16,8,10,5,0,5,2026-07-30T16:02:30.020038
16,9,1,0,0,0,2026-07-30T16:02:31.058378
16,9,2,0,0,0,2026-07-30T16:02:32.097554
16,9,3,0,0,0,2026-07-30T16:02:33.761499
16,9,4,0,0,0,2026-07-30T16:02:35.214836
16,9,5,0,0,0,2026-07-30T16:02:36.296535
16,9,6,0,0,0,2026-07-30T16:02:38.159667
16,9,7,0,0,0,2026-07-30T16:02:39.407318
16,9,8,0,0,0,2026-07-30T16:02:40.474668
16,9,9,0,0,0,2026-07-30T16:02:41.527087
16,9,10,0,0,0,2026-07-30T16:02:43.361295
16,10,1,2,0,2,2026-07-30T16:02:45.232645
16,10,2,2,0,2,2026-07-30T16:02:46.060833
16,10,3,2,0,2,2026-07-30T16:02:47.124038
16,10,4,0,0,0,2026-07-30T16:02:49.289404
16,10,5,0,0,0,2026-07-30T16:02:50.530208
16,10,6,3,0,3,2026-07-30T16:02:51.975966
16,10,7,2,0,2,2026-07-30T16:02:53.413929
16,10,8,2,0,2,2026-07-30T16:02:55.283462
16,10,9,0,0,0,2026-07-30T16:02:56.339661
16,10,10,0,0,0,2026-07-30T16:02:57.187689
16,11,1,5,0,5,2026-07-30T16:02:58.848436
16,11,2,5,0,5,2026-07-30T16:03:00.708300
16,11,3,5,0,5,2026-07-30T16:03:02.365930
16,11,4,5,0,5,2026-07-30T16:03:03.465935
16,11,5,5,0,5,2026-07-30T16:03:05.412439
16,11,6,5,0,5,2026-07-30T16:03:07.079535
16,11,7,5,0,5,2026-07-30T16:03:08.758327
16,11,8,5,0,5,2026-07-30T16:03:10.228419
16,11,9,5,0,5,2026-07-30T16:03:11.897079
16,11,10,5,0,5,2026-07-30T16:03:13.769289
16,12,1,5,0,5,2026-07-30T16:03:15.762873
16,12,2,5,0,5,2026-07-30T16:03:17.421082
16,12,3,5,0,5,2026-07-30T16:03:19.079843
16,12,4,5,0,5,2026-07-30T16:03:20.956416
16,12,5,5,0,5,2026-07-30T16:03:22.393467
16,12,6,3,0,3,2026-07-30T16:03:23.660444
16,12,7,5,0,5,2026-07-30T16:03:25.398550
16,12,8,5,0,5,2026-07-30T16:03:26.870756
16,12,9,5,0,5,2026-07-30T16:03:28.529786
16,12,10,5,0,5,2026-07-30T16:03:29.999794
16,13,1,0,0,0,2026-07-30T16:03:31.460269
16,13,2,3,0,3,2026-07-30T16:03:32.917184
16,13,3,3,0,3,2026-07-30T16:03:34.573159
16,13,4,2,0,2,2026-07-30T16:03:36.047308
16,13,5,3,0,3,2026-07-30T16:03:37.510066
16,13,6,3,0,3,2026-07-30T16:03:39.160520
16,13,7,3,0,3,2026-07-30T16:03:40.628163
16,13,8,2,0,2,2026-07-30T16:03:42.107078
16,13,9,3,0,3,2026-07-30T16:03:44.036973
16,13,10,3,0,3,2026-07-30T16:03:45.285603
16,14,1,5,0,5,2026-07-30T16:03:46.527751
16,14,2,4,0,4,2026-07-30T16:03:47.581339
16,14,3,2,0,2,2026-07-30T16:03:49.222260
16,14,4,4,0,4,2026-07-30T16:03:50.879528
16,14,5,3,0,3,2026-07-30T16:03:52.326834
16,14,6,3,0,3,2026-07-30T16:03:54.174416
16,14,7,5,0,5,2026-07-30T16:03:55.237670
16,14,8,2,0,2,2026-07-30T16:03:56.322771
16,14,9,3,0,3,2026-07-30T16:03:57.752671
16,14,10,3,0,3,2026-07-30T16:03:59.614907
16,15,1,0,0,0,2026-07-30T16:04:00.859499
16,15,2,0,0,0,2026-07-30T16:04:02.126708
16,15,3,0,0,0,2026-07-30T16:04:03.972721
16,15,4,5,0,5,2026-07-30T16:04:05.236882
16,15,5,5,0,5,2026-07-30T16:04:06.905560
16,15,6,0,0,0,2026-07-30T16:04:08.169342
16,15,7,0,0,0,2026-07-30T16:04:09.415932
16,15,8,5,0,5,2026-07-30T16:04:11.470167
16,15,9,5,0,5,2026-07-30T16:04:12.938466
16,15,10,0,0,0,2026-07-30T16:04:14.621883
16,16,1,5,0,5,2026-07-30T16:04:16.078340
16,16,2,5,0,5,2026-07-30T16:04:17.963375
16,16,3,5,0,5,2026-07-30T16:04:19.235772
16,16,4,5,0,5,2026-07-30T16:04:20.916474
16,16,5,5,0,5,2026-07-30T16:04:22.574405
16,16,6,5,0,5,2026-07-30T16:04:23.829340
16,16,7,5,0,5,2026-07-30T16:04:24.883335
16,16,8,5,0,5,2026-07-30T16:04:26.356493
16,16,9,5,0,5,2026-07-30T16:04:27.993866
16,16,10,5,0,5,2026-07-30T16:04:29.654260
16,17,1,5,0,5,2026-07-30T16:04:31.104575
16,17,2,5,0,5,2026-07-30T16:04:32.351686
16,17,3,5,0,5,2026-07-30T16:04:33.588631
16,17,4,5,0,5,2026-07-30T16:04:34.848730
16,17,5,5,0,5,2026-07-30T16:04:35.901292
16,17,6,5,0,5,2026-07-30T16:04:37.349869
16,17,7,5,0,5,2026-07-30T16:04:38.797378
16,17,8,5,0,5,2026-07-30T16:04:40.235070
16,17,9,5,0,5,2026-07-30T16:04:41.283812
16,17,10,5,0,5,2026-07-30T16:04:42.822450
16,18,1,2,0,2,2026-07-30T16:04:44.680991
16,18,2,2,0,2,2026-07-30T16:04:45.768182
16,18,3,5,0,5,2026-07-30T16:04:47.313440
16,18,4,5,0,5,2026-07-30T16:04:48.367308
16,18,5,5,0,5,2026-07-30T16:04:50.232331
16,18,6,3,0,3,2026-07-30T16:04:51.718783
16,18,7,2,0,2,2026-07-30T16:04:52.989959
16,18,8,3,0,3,2026-07-30T16:04:54.037010
16,18,9,0,0,0,2026-07-30T16:04:55.908992
16,18,10,0,0,0,2026-07-30T16:04:57.743459
16,19,1,5,0,5,2026-07-30T16:04:59.384031
16,19,2,5,0,5,2026-07-30T16:05:00.861458
16,19,3,5,0,5,2026-07-30T16:05:02.509178
16,19,4,5,0,5,2026-07-30T16:05:04.375824
16,19,5,5,0,5,2026-07-30T16:05:05.220292
16,19,6,5,0,5,2026-07-30T16:05:06.481301
16,19,7,5,0,5,2026-07-30T16:05:08.300802
16,19,8,5,0,5,2026-07-30T16:05:09.562080
16,19,9,5,0,5,2026-07-30T16:05:10.832178
16,19,10,5,0,5,2026-07-30T16:05:12.072825
16,20,1,5,0,5,2026-07-30T16:05:13.331022
16,20,2,5,0,5,2026-07-30T16:05:14.592523
16,20,3,5,0,5,2026-07-30T16:05:16.257925
16,20,4,5,0,5,2026-07-30T16:05:18.110249
16,20,5,5,0,5,2026-07-30T16:05:19.368350
16,20,6,5,0,5,2026-07-30T16:05:20.810951
16,20,7,5,0,5,2026-07-30T16:05:22.262356
16,20,8,5,0,5,2026-07-30T16:05:23.558311
16,20,9,5,0,5,2026-07-30T16:05:24.629271
16,20,10,5,0,5,2026-07-30T16:05:26.074453
16,21,1,5,0,5,2026-07-30T16:05:26.950704
16,21,2,5,0,5,2026-07-30T16:05:28.198941
16,21,3,5,0,5,2026-07-30T16:05:29.865376
16,21,4,5,0,5,2026-07-30T16:05:30.913523
16,21,5,5,0,5,2026-07-30T16:05:32.377543
16,21,6,5,0,5,2026-07-30T16:05:33.855500
16,21,7,5,0,5,2026-07-30T16:05:35.880700
16,21,8,5,0,5,2026-07-30T16:05:37.137162
16,21,9,5,0,5,2026-07-30T16:05:38.638846
16,21,10,5,0,5,2026-07-30T16:05:40.296130
16,22,1,5,0,5,2026-07-30T16:05:41.763409
16,22,2,5,0,5,2026-07-30T16:05:42.990562
16,22,3,5,0,5,2026-07-30T16:05:44.457031
16,22,4,5,0,5,2026-07-30T16:05:46.308217
16,22,5,5,0,5,2026-07-30T16:05:47.767175
16,22,6,5,0,5,2026-07-30T16:05:49.015072
16,22,7,5,0,5,2026-07-30T16:05:51.121181
16,22,8,5,0,5,2026-07-30T16:05:53.186579
16,22,9,5,0,5,2026-07-30T16:05:54.846002
16,22,10,5,0,5,2026-07-30T16:05:56.324413
16,23,1,5,0,5,2026-07-30T16:05:58.191717
16,23,2,5,0,5,2026-07-30T16:05:59.857969
16,23,3,5,0,5,2026-07-30T16:06:01.732368
16,23,4,5,0,5,2026-07-30T16:06:03.211973
16,23,5,3,0,3,2026-07-30T16:06:04.885250
16,23,6,5,0,5,2026-07-30T16:06:06.342135
16,23,7,5,0,5,2026-07-30T16:06:08.221621
16,23,8,5,0,5,2026-07-30T16:06:10.081120
16,23,9,5,0,5,2026-07-30T16:06:11.319377
16,23,10,5,0,5,2026-07-30T16:06:13.183780
16,24,1,0,0,0,2026-07-30T16:06:14.840202
16,24,2,0,0,0,2026-07-30T16:06:15.890769
16,24,3,0,0,0,2026-07-30T16:06:17.773747
16,24,4,0,0,0,2026-07-30T16:06:18.813187
16,24,5,0,0,0,2026-07-30T16:06:20.287203
16,24,6,0,0,0,2026-07-30T16:06:21.748315
16,24,7,5,0,5,2026-07-30T16:06:22.787094
16,24,8,0,0,0,2026-07-30T16:06:24.455550
16,24,9,0,0,0,2026-07-30T16:06:26.124436
16,24,10,0,0,0,2026-07-30T16:06:27.978571
16,25,1,5,0,5,2026-07-30T16:06:29.051634
16,25,2,5,0,5,2026-07-30T16:06:30.112226
16,25,3,3,0,3,2026-07-30T16:06:31.966536
16,25,4,5,0,5,2026-07-30T16:06:33.831095
16,25,5,3,0,3,2026-07-30T16:06:35.089394
16,25,6,4,0,4,2026-07-30T16:06:36.529710
16,25,7,5,0,5,2026-07-30T16:06:38.201250
16,25,8,5,0,5,2026-07-30T16:06:39.459487
16,25,9,5,0,5,2026-07-30T16:06:41.115426
16,25,10,3,0,3,2026-07-30T16:06:42.558139
16,26,1,5,0,5,2026-07-30T16:06:43.796570
16,26,2,5,0,5,2026-07-30T16:06:45.443860
16,26,3,5,0,5,2026-07-30T16:06:47.094832
16,26,4,5,0,5,2026-07-30T16:06:48.326051
16,26,5,5,0,5,2026-07-30T16:06:50.389566
16,26,6,5,0,5,2026-07-30T16:06:51.610229
16,26,7,5,0,5,2026-07-30T16:06:53.382864
16,26,8,5,0,5,2026-07-30T16:06:54.600301
16,26,9,5,0,5,2026-07-30T16:06:56.436724
16,26,10,5,0,5,2026-07-30T16:06:57.899642
16,27,1,5,0,5,2026-07-30T16:06:59.158864
16,27,2,5,0,5,2026-07-30T16:07:00.421637
16,27,3,5,0,5,2026-07-30T16:07:01.269868
16,27,4,5,0,5,2026-07-30T16:07:03.128142
16,27,5,5,0,5,2026-07-30T16:07:04.579322
16,27,6,5,0,5,2026-07-30T16:07:05.608202
16,27,7,5,0,5,2026-07-30T16:07:06.846485
16,27,8,5,0,5,2026-07-30T16:07:08.330486
16,27,9,5,0,5,2026-07-30T16:07:09.366836
16,27,10,5,0,5,2026-07-30T16:07:11.038913
16,28,1,5,0,5,2026-07-30T16:07:12.667828
16,28,2,2,0,2,2026-07-30T16:07:14.528954
16,28,3,0,0,0,2026-07-30T16:07:16.383435
16,28,4,5,0,5,2026-07-30T16:07:17.849563
16,28,5,0,0,0,2026-07-30T16:07:19.185985
16,28,6,2,0,2,2026-07-30T16:07:20.528137
16,28,7,2,0,2,2026-07-30T16:07:22.211826
16,28,8,5,0,5,2026-07-30T16:07:23.851770
16,28,9,5,0,5,2026-07-30T16:07:25.511857
16,28,10,5,0,5,2026-07-30T16:07:26.975560
16,29,1,5,0,5,2026-07-30T16:07:28.034273
16,29,2,5,0,5,2026-07-30T16:07:29.940921
16,29,3,5,0,5,2026-07-30T16:07:31.579621
16,29,4,5,0,5,2026-07-30T16:07:33.238186
16,29,5,5,0,5,2026-07-30T16:07:34.553310
16,29,6,5,0,5,2026-07-30T16:07:36.017513
16,29,7,5,0,5,2026-07-30T16:07:37.680745
16,29,8,5,0,5,2026-07-30T16:07:38.746693
16,29,9,0,0,0,2026-07-30T16:07:40.401902
16,29,10,5,0,5,2026-07-30T16:07:41.465827
16,30,1,5,0,5,2026-07-30T16:07:42.896357
16,30,2,5,0,5,2026-07-30T16:07:44.291003
16,30,3,5,0,5,2026-07-30T16:07:45.731069
16,30,4,5,0,5,2026-07-30T16:07:46.753984
16,30,5,5,0,5,2026-07-30T16:07:48.422670
16,30,6,5,0,5,2026-07-30T16:07:50.248214
16,30,7,5,0,5,2026-07-30T16:07:51.922592
16,30,8,5,0,5,2026-07-30T16:07:53.792789
16,30,9,5,0,5,2026-07-30T16:07:55.032025
16,30,10,5,0,5,2026-07-30T16:07:56.508515
17,1,1,5,0,5,2026-07-30T16:07:58.004924
17,1,2,5,0,5,2026-07-30T16:07:59.079196
17,1,3,5,0,5,2026-07-30T16:08:00.661444
17,1,4,5,0,5,2026-07-30T16:08:02.327034
17,1,5,5,0,5,2026-07-30T16:08:03.367367
17,1,6,5,0,5,2026-07-30T16:08:05.208476
17,1,7,5,0,5,2026-07-30T16:08:06.655496
17,1,8,5,0,5,2026-07-30T16:08:07.704758
17,1,9,5,0,5,2026-07-30T16:08:09.577703
17,1,10,5,0,5,2026-07-30T16:08:11.442425
17,2,1,5,0,5,2026-07-30T16:08:12.507620
17,2,2,5,0,5,2026-07-30T16:08:13.758850
17,2,3,5,0,5,2026-07-30T16:08:15.627706
17,2,4,5,0,5,2026-07-30T16:08:16.675649
17,2,5,5,0,5,2026-07-30T16:08:18.378689
17,2,6,5,0,5,2026-07-30T16:08:20.041171
17,2,7,5,0,5,2026-07-30T16:08:21.307143
17,2,8,5,0,5,2026-07-30T16:08:22.780211
17,2,9,5,0,5,2026-07-30T16:08:24.624443
17,2,10,5,0,5,2026-07-30T16:08:26.074670
17,3,1,2,0,2,2026-07-30T16:08:27.193522
17,3,2,2,0,2,2026-07-30T16:08:29.062501
17,3,3,0,0,0,2026-07-30T16:08:30.536212
17,3,4,1,0,1,2026-07-30T16:08:32.231640
17,3,5,2,0,2,2026-07-30T16:08:33.881081
17,3,6,2,0,2,2026-07-30T16:08:34.919938
17,3,7,2,0,2,2026-07-30T16:08:36.604296
17,3,8,2,0,2,2026-07-30T16:08:37.863057
17,3,9,2,0,2,2026-07-30T16:08:39.507819
17,3,10,2,0,2,2026-07-30T16:08:40.769875
17,4,1,2,0,2,2026-07-30T16:08:41.821163
17,4,2,2,0,2,2026-07-30T16:08:43.292891
17,4,3,2,0,2,2026-07-30T16:08:45.156715
17,4,4,2,0,2,2026-07-30T16:08:46.229028
17,4,5,2,0,2,2026-07-30T16:08:48.108872
17,4,6,2,0,2,2026-07-30T16:08:49.353453
17,4,7,2,0,2,2026-07-30T16:08:51.007911
17,4,8,0,0,0,2026-07-30T16:08:52.662477
17,4,9,0,0,0,2026-07-30T16:08:54.528951
17,4,10,2,0,2,2026-07-30T16:08:56.002575
17,5,1,0,0,0,2026-07-30T16:08:57.663323
17,5,2,0,0,0,2026-07-30T16:08:58.918809
17,5,3,0,0,0,2026-07-30T16:09:00.776980
17,5,4,0,0,0,2026-07-30T16:09:02.227268
17,5,5,0,0,0,2026-07-30T16:09:03.268676
17,5,6,0,0,0,2026-07-30T16:09:04.325281
17,5,7,0,0,0,2026-07-30T16:09:05.980145
17,5,8,0,0,0,2026-07-30T16:09:07.438052
17,5,9,0,0,0,2026-07-30T16:09:08.883441
17,5,10,0,0,0,2026-07-30T16:09:10.128253
17,6,1,5,0,5,2026-07-30T16:09:11.171607
17,6,2,5,0,5,2026-07-30T16:09:13.059368
17,6,3,5,0,5,2026-07-30T16:09:14.126460
17,6,4,5,0,5,2026-07-30T16:09:15.182923
17,6,5,5,0,5,2026-07-30T16:09:16.834239
17,6,6,5,0,5,2026-07-30T16:09:18.507340
17,6,7,5,0,5,2026-07-30T16:09:19.773409
17,6,8,5,0,5,2026-07-30T16:09:21.414791
17,6,9,5,0,5,2026-07-30T16:09:23.104051
17,6,10,5,0,5,2026-07-30T16:09:25.391259
17,7,1,5,0,5,2026-07-30T16:09:27.259199
17,7,2,5,0,5,2026-07-30T16:09:29.113100
17,7,3,5,0,5,2026-07-30T16:09:30.788746
17,7,4,5,0,5,2026-07-30T16:09:32.107441
17,7,5,5,0,5,2026-07-30T16:09:33.552662
17,7,6,5,0,5,2026-07-30T16:09:35.413159
17,7,7,5,0,5,2026-07-30T16:09:36.466925
17,7,8,5,0,5,2026-07-30T16:09:37.981835
17,7,9,5,0,5,2026-07-30T16:09:39.626113
17,7,10,5,0,5,2026-07-30T16:09:40.887912
17,8,1,5,0,5,2026-07-30T16:09:41.920939
17,8,2,5,0,5,2026-07-30T16:09:42.795726
17,8,3,5,0,5,2026-07-30T16:09:43.831737
17,8,4,5,0,5,2026-07-30T16:09:45.486072
17,8,5,5,0,5,2026-07-30T16:09:47.150760
17,8,6,5,0,5,2026-07-30T16:09:48.096871
17,8,7,5,0,5,2026-07-30T16:09:48.957797
17,8,8,5,0,5,2026-07-30T16:09:50.210634
17,8,9,5,0,5,2026-07-30T16:09:52.054637
17,8,10,5,0,5,2026-07-30T16:09:53.719906
17,9,1,0,0,0,2026-07-30T16:09:55.367239
17,9,2,2,0,2,2026-07-30T16:09:56.632575
17,9,3,0,0,0,2026-07-30T16:09:58.711292
17,9,4,0,0,0,2026-07-30T16:10:00.164863
17,9,5,0,0,0,2026-07-30T16:10:01.817903
17,9,6,0,0,0,2026-07-30T16:10:03.263259
17,9,7,0,0,0,2026-07-30T16:10:04.730829
17,9,8,0,0,0,2026-07-30T16:10:06.404318
17,9,9,1,0,1,2026-07-30T16:10:07.663932
17,9,10,0,0,0,2026-07-30T16:10:08.935231
17,10,1,2,0,2,2026-07-30T16:10:10.611284
17,10,2,0,0,0,2026-07-30T16:10:12.071187
17,10,3,2,0,2,2026-07-30T16:10:13.172578
17,10,4,0,0,0,2026-07-30T16:10:15.019842
17,10,5,2,0,2,2026-07-30T16:10:16.678773
17,10,6,1,0,1,2026-07-30T16:10:17.730845
17,10,7,0,0,0,2026-07-30T16:10:19.377936
17,10,8,0,0,0,2026-07-30T16:10:20.423577
17,10,9,0,0,0,2026-07-30T16:10:21.868554
17,10,10,0,0,0,2026-07-30T16:10:22.930939
17,11,1,5,0,5,2026-07-30T16:10:24.437873
17,11,2,5,0,5,2026-07-30T16:10:26.072515
17,11,3,5,0,5,2026-07-30T16:10:27.734605
17,11,4,5,0,5,2026-07-30T16:10:28.789752
17,11,5,5,0,5,2026-07-30T16:10:30.232400
17,11,6,5,0,5,2026-07-30T16:10:31.891366
17,11,7,5,0,5,2026-07-30T16:10:33.133692
17,11,8,5,0,5,2026-07-30T16:10:34.595879
17,11,9,5,0,5,2026-07-30T16:10:35.667527
17,11,10,5,0,5,2026-07-30T16:10:36.737656
17,12,1,5,0,5,2026-07-30T16:10:38.602284
17,12,2,5,0,5,2026-07-30T16:10:40.458023
17,12,3,5,0,5,2026-07-30T16:10:41.911532
17,12,4,5,0,5,2026-07-30T16:10:43.374408
17,12,5,5,0,5,2026-07-30T16:10:44.819402
17,12,6,5,0,5,2026-07-30T16:10:46.053191
17,12,7,5,0,5,2026-07-30T16:10:47.124922
17,12,8,5,0,5,2026-07-30T16:10:48.767209
17,12,9,5,0,5,2026-07-30T16:10:50.403565
17,12,10,5,0,5,2026-07-30T16:10:51.663561
17,13,1,3,0,3,2026-07-30T16:10:52.703911
17,13,2,3,0,3,2026-07-30T16:10:54.162206
17,13,3,3,0,3,2026-07-30T16:10:55.206501
17,13,4,2,0,2,2026-07-30T16:10:57.044258
17,13,5,5,0,5,2026-07-30T16:10:58.501850
17,13,6,2,0,2,2026-07-30T16:11:00.179600
17,13,7,5,0,5,2026-07-30T16:11:02.051129
17,13,8,2,0,2,2026-07-30T16:11:03.760783
17,13,9,3,0,3,2026-07-30T16:11:04.843605
17,13,10,5,0,5,2026-07-30T16:11:05.891654
17,14,1,5,0,5,2026-07-30T16:11:07.766075
17,14,2,5,0,5,2026-07-30T16:11:08.850714
17,14,3,5,0,5,2026-07-30T16:11:10.511324
17,14,4,5,0,5,2026-07-30T16:11:12.449112
17,14,5,4,0,4,2026-07-30T16:11:14.300700
17,14,6,5,0,5,2026-07-30T16:11:15.967125
17,14,7,3,0,3,2026-07-30T16:11:17.830318
17,14,8,5,0,5,2026-07-30T16:11:19.089467
17,14,9,5,0,5,2026-07-30T16:11:20.136155
17,14,10,5,0,5,2026-07-30T16:11:22.011540
17,15,1,5,0,5,2026-07-30T16:11:23.264545
17,15,2,5,0,5,2026-07-30T16:11:24.889939
17,15,3,5,0,5,2026-07-30T16:11:26.968117
17,15,4,5,0,5,2026-07-30T16:11:28.177221
17,15,5,5,0,5,2026-07-30T16:11:29.904520
17,15,6,5,0,5,2026-07-30T16:12:01.345428
17,15,7,5,0,5,2026-07-30T16:12:04.704709
17,15,8,5,0,5,2026-07-30T16:12:06.406846
17,15,9,5,0,5,2026-07-30T16:12:08.873843
17,15,10,5,0,5,2026-07-30T16:12:17.045786
17,16,1,5,0,5,2026-07-30T16:12:40.925333
17,16,2,5,0,5,2026-07-30T16:13:22.313459
17,16,3,5,0,5,2026-07-30T16:13:24.460740
17,16,4,5,0,5,2026-07-30T16:13:28.568605
17,16,5,5,0,5,2026-07-30T16:13:36.123323
17,16,6,5,0,5,2026-07-30T16:13:38.949637
17,16,7,5,0,5,2026-07-30T16:13:41.097277
17,16,8,5,0,5,2026-07-30T16:13:42.842040
17,16,9,5,0,5,2026-07-30T16:13:45.839083
17,16,10,5,0,5,2026-07-30T16:13:47.931316
17,17,1,5,0,5,2026-07-30T16:13:49.849739
17,17,2,5,0,5,2026-07-30T16:13:51.004498
17,17,3,5,0,5,2026-07-30T16:14:00.799231
17,17,4,5,0,5,2026-07-30T16:14:02.537108
17,17,5,5,0,5,2026-07-30T16:14:04.298300
17,17,6,5,0,5,2026-07-30T16:14:06.280426
17,17,7,5,0,5,2026-07-30T16:14:12.649679
17,17,8,5,0,5,2026-07-30T16:14:14.059149
17,17,9,5,0,5,2026-07-30T16:14:16.194457
17,17,10,5,0,5,2026-07-30T16:14:18.391424
17,18,1,5,0,5,2026-07-30T16:14:19.496865
17,18,2,5,0,5,2026-07-30T16:14:20.842129
17,18,3,5,0,5,2026-07-30T16:14:21.971450
17,18,4,5,0,5,2026-07-30T16:14:23.287411
17,18,5,5,0,5,2026-07-30T16:14:28.220866
17,18,6,5,0,5,2026-07-30T16:14:30.166449
17,18,7,5,0,5,2026-07-30T16:14:31.678347
17,18,8,5,0,5,2026-07-30T16:14:33.682546
17,18,9,5,0,5,2026-07-30T16:14:35.387083
17,18,10,5,0,5,2026-07-30T16:14:36.539532
17,19,1,5,0,5,2026-07-30T16:14:38.608838
17,19,2,5,0,5,2026-07-30T16:14:40.443300
17,19,3,3,0,3,2026-07-30T16:14:43.523792
17,19,4,4,0,4,2026-07-30T16:14:45.269762
17,19,5,5,0,5,2026-07-30T16:14:46.598538
17,19,6,5,0,5,2026-07-30T16:14:47.525679
17,19,7,5,0,5,2026-07-30T16:14:48.445226
17,19,8,5,0,5,2026-07-30T16:14:50.173475
17,19,9,5,0,5,2026-07-30T16:14:51.480070
17,19,10,5,0,5,2026-07-30T16:14:53.289936
17,20,1,5,0,5,2026-07-30T16:14:54.834738
17,20,2,3,0,3,2026-07-30T16:14:56.165907
17,20,3,5,0,5,2026-07-30T16:14:58.080228
17,20,4,5,0,5,2026-07-30T16:15:00.834756
17,20,5,5,0,5,2026-07-30T16:15:01.761091
17,20,6,3,0,3,2026-07-30T16:15:03.146421
17,20,7,5,0,5,2026-07-30T16:15:05.970901
17,20,8,5,0,5,2026-07-30T16:15:06.874999
17,20,9,5,0,5,2026-07-30T16:15:08.478316
17,20,10,5,0,5,2026-07-30T16:15:10.416305
17,21,1,5,0,5,2026-07-30T16:15:13.968977
17,21,2,5,0,5,2026-07-30T16:15:15.352213
17,21,3,5,0,5,2026-07-30T16:15:17.507707
17,21,4,5,0,5,2026-07-30T16:15:19.052607
17,21,5,5,0,5,2026-07-30T16:15:20.374132
17,21,6,5,0,5,2026-07-30T16:15:21.891347
17,21,7,5,0,5,2026-07-30T16:15:23.833835
17,21,8,5,0,5,2026-07-30T16:15:25.359881
17,21,9,5,0,5,2026-07-30T16:15:29.833444
17,21,10,5,0,5,2026-07-30T16:15:31.868908
17,22,1,5,0,5,2026-07-30T16:15:33.617803
17,22,2,5,0,5,2026-07-30T16:15:35.129567
17,22,3,5,0,5,2026-07-30T16:15:36.454948
17,22,4,5,0,5,2026-07-30T16:15:37.988268
17,22,5,5,0,5,2026-07-30T16:15:39.106771
17,22,6,5,0,5,2026-07-30T16:15:41.080134
17,22,7,5,0,5,2026-07-30T16:15:42.427812
17,22,8,5,0,5,2026-07-30T16:15:44.462893
17,22,9,5,0,5,2026-07-30T16:15:46.386720
17,22,10,5,0,5,2026-07-30T16:15:47.908221
17,23,1,5,0,5,2026-07-30T16:15:49.644215
17,23,2,5,0,5,2026-07-30T16:15:50.507313
17,23,3,5,0,5,2026-07-30T16:15:52.438697
17,23,4,5,0,5,2026-07-30T16:15:53.763305
17,23,5,5,0,5,2026-07-30T16:15:55.281828
17,23,6,5,0,5,2026-07-30T16:15:57.457613
17,23,7,5,0,5,2026-07-30T16:15:58.594003
17,23,8,5,0,5,2026-07-30T16:16:00.646290
17,23,9,5,0,5,2026-07-30T16:16:01.978449
17,23,10,5,0,5,2026-07-30T16:16:04.007011
17,24,1,0,0,0,2026-07-30T16:16:05.728058
17,24,2,5,0,5,2026-07-30T16:16:07.282650
17,24,3,5,0,5,2026-07-30T16:16:09.464961
17,24,4,0,0,0,2026-07-30T16:16:12.009945
17,24,5,0,0,0,2026-07-30T16:16:13.897083
17,24,6,5,0,5,2026-07-30T16:16:15.010360
17,24,7,5,0,5,2026-07-30T16:16:16.954435
17,24,8,5,0,5,2026-07-30T16:16:18.509004
17,24,9,5,0,5,2026-07-30T16:16:21.109697
17,24,10,0,0,0,2026-07-30T16:16:23.056386
17,25,1,0,0,0,2026-07-30T16:16:25.000875
17,25,2,0,0,0,2026-07-30T16:16:26.727854
17,25,3,0,0,0,2026-07-30T16:16:28.152123
17,25,4,0,0,0,2026-07-30T16:16:31.372282
17,25,5,0,0,0,2026-07-30T16:16:33.292864
17,25,6,0,0,0,2026-07-30T16:16:34.619470
17,25,7,0,0,0,2026-07-30T16:16:36.217726
17,25,8,0,0,0,2026-07-30T16:16:38.142228
17,25,9,0,0,0,2026-07-30T16:16:40.205221
17,25,10,0,0,0,2026-07-30T16:16:42.149905
17,26,1,5,0,5,2026-07-30T16:16:44.048922
17,26,2,5,0,5,2026-07-30T16:16:45.739330
17,26,3,5,0,5,2026-07-30T16:16:47.058745
17,26,4,5,0,5,2026-07-30T16:16:49.036510
17,26,5,5,0,5,2026-07-30T16:16:50.624646
17,26,6,5,0,5,2026-07-30T16:16:52.603703
17,26,7,5,0,5,2026-07-30T16:16:53.718833
17,26,8,5,0,5,2026-07-30T16:16:55.634161
17,26,9,5,0,5,2026-07-30T16:16:57.535694
17,26,10,5,0,5,2026-07-30T16:16:59.514017
17,27,1,5,0,5,2026-07-30T16:17:01.292813
17,27,2,5,0,5,2026-07-30T16:17:03.116785
17,27,3,5,0,5,2026-07-30T16:17:05.314308
17,27,4,5,0,5,2026-07-30T16:17:06.643560
17,27,5,5,0,5,2026-07-30T16:17:08.629155
17,27,6,5,0,5,2026-07-30T16:17:10.368913
17,27,7,5,0,5,2026-07-30T16:17:13.252917
17,27,8,5,0,5,2026-07-30T16:17:14.574397
17,27,9,5,0,5,2026-07-30T16:17:17.599708
17,27,10,5,0,5,2026-07-30T16:17:18.892507
17,28,1,3,0,3,2026-07-30T16:17:20.177795
17,28,2,5,0,5,2026-07-30T16:17:22.365421
17,28,3,5,0,5,2026-07-30T16:17:23.838542
17,28,4,5,0,5,2026-07-30T16:17:25.586079
17,28,5,4,0,4,2026-07-30T16:17:26.932158
17,28,6,3,0,3,2026-07-30T16:17:28.663968
17,28,7,3,0,3,2026-07-30T16:17:30.648069
17,28,8,4,0,4,2026-07-30T16:17:31.979494
17,28,9,5,0,5,2026-07-30T16:17:33.519772
17,28,10,3,0,3,2026-07-30T16:17:35.348603
17,29,1,5,0,5,2026-07-30T16:17:36.904361
17,29,2,5,0,5,2026-07-30T16:17:38.012979
17,29,3,5,0,5,2026-07-30T16:17:41.672351
17,29,4,5,0,5,2026-07-30T16:17:46.873596
17,29,5,5,0,5,2026-07-30T16:17:48.812693
17,29,6,5,0,5,2026-07-30T16:17:50.779548
17,29,7,5,0,5,2026-07-30T16:17:52.105023
17,29,8,5,0,5,2026-07-30T16:17:53.821309
17,29,9,5,0,5,2026-07-30T16:17:55.548896
17,29,10,5,0,5,2026-07-30T16:17:59.818373
17,30,1,5,0,5,2026-07-30T16:18:01.149949
17,30,2,5,0,5,2026-07-30T16:18:04.144067
17,30,3,5,0,5,2026-07-30T16:18:06.671472
17,30,4,5,0,5,2026-07-30T16:18:08.397822
17,30,5,5,0,5,2026-07-30T16:18:10.343360
17,30,6,5,0,5,2026-07-30T16:18:12.792873
17,30,7,5,0,5,2026-07-30T16:18:15.057626
17,30,8,5,0,5,2026-07-30T16:18:16.367180
17,30,9,5,0,5,2026-07-30T16:18:18.094961
17,30,10,5,0,5,2026-07-30T16:18:21.788674
18,1,1,5,0,5,2026-07-30T16:18:22.884340
18,1,2,5,0,5,2026-07-30T16:18:29.395790
18,1,3,5,0,5,2026-07-30T16:18:32.017135
18,1,4,5,0,5,2026-07-30T16:18:33.133561
18,1,5,5,0,5,2026-07-30T16:18:34.476049
18,1,6,5,0,5,2026-07-30T16:18:36.215947
18,1,7,5,0,5,2026-07-30T16:18:37.727588
18,1,8,5,0,5,2026-07-30T16:18:39.440539
18,1,9,5,0,5,2026-07-30T16:18:40.953340
18,1,10,5,0,5,2026-07-30T16:18:42.271635
18,2,1,5,0,5,2026-07-30T16:18:43.666366
18,2,2,5,0,5,2026-07-30T16:18:44.987611
18,2,3,5,0,5,2026-07-30T16:18:46.331219
18,2,4,5,0,5,2026-07-30T16:18:47.641800
18,2,5,5,0,5,2026-07-30T16:18:49.353394
18,2,6,5,0,5,2026-07-30T16:18:50.778649
18,2,7,5,0,5,2026-07-30T16:18:52.575208
18,2,8,5,0,5,2026-07-30T16:18:54.284641
18,2,9,5,0,5,2026-07-30T16:18:55.589461
18,2,10,5,0,5,2026-07-30T16:18:57.527017
18,3,1,5,0,5,2026-07-30T16:18:59.337243
18,3,2,5,0,5,2026-07-30T16:19:00.257029
18,3,3,5,0,5,2026-07-30T16:19:01.778814
18,3,4,5,0,5,2026-07-30T16:19:03.085608
18,3,5,5,0,5,2026-07-30T16:19:03.984511
18,3,6,5,0,5,2026-07-30T16:19:05.948746
18,3,7,5,0,5,2026-07-30T16:19:08.348031
18,3,8,5,0,5,2026-07-30T16:19:10.295266
18,3,9,5,0,5,2026-07-30T16:19:11.683551
18,3,10,5,0,5,2026-07-30T16:19:14.540629
18,4,1,0,0,0,2026-07-30T16:19:16.291405
18,4,2,0,0,0,2026-07-30T16:19:18.225189
18,4,3,0,0,0,2026-07-30T16:19:19.132544
18,4,4,0,0,0,2026-07-30T16:19:22.391374
18,4,5,0,0,0,2026-07-30T16:19:24.313300
18,4,6,0,0,0,2026-07-30T16:19:26.045876
18,4,7,0,0,0,2026-07-30T16:19:27.953690
18,4,8,0,0,0,2026-07-30T16:19:29.268220
18,4,9,0,0,0,2026-07-30T16:19:31.781842
18,4,10,0,0,0,2026-07-30T16:19:33.319025
18,5,1,0,0,0,2026-07-30T16:19:35.072165
18,5,2,0,0,0,2026-07-30T16:19:36.595758
18,5,3,0,0,0,2026-07-30T16:19:38.120812
18,5,4,0,0,0,2026-07-30T16:19:40.056663
18,5,5,0,0,0,2026-07-30T16:19:41.614237
18,5,6,0,0,0,2026-07-30T16:19:42.903852
18,5,7,0,0,0,2026-07-30T16:19:49.446786
18,5,8,0,0,0,2026-07-30T16:19:50.963772
18,5,9,0,0,0,2026-07-30T16:19:52.080310
18,5,10,5,0,5,2026-07-30T16:19:53.201922
18,6,1,5,0,5,2026-07-30T16:19:54.781531
18,6,2,5,0,5,2026-07-30T16:19:56.120108
18,6,3,5,0,5,2026-07-30T16:19:59.788956
18,6,4,5,0,5,2026-07-30T16:20:01.770343
18,6,5,5,0,5,2026-07-30T16:20:03.281452
18,6,6,5,0,5,2026-07-30T16:20:05.023943
18,6,7,5,0,5,2026-07-30T16:20:06.967727
18,6,8,5,0,5,2026-07-30T16:20:08.297698
18,6,9,5,0,5,2026-07-30T16:20:10.256840
18,6,10,5,0,5,2026-07-30T16:20:11.383369
18,7,1,5,0,5,2026-07-30T16:20:12.741079
18,7,2,5,0,5,2026-07-30T16:20:15.074317
18,7,3,5,0,5,2026-07-30T16:20:17.716803
18,7,4,5,0,5,2026-07-30T16:20:19.122252
18,7,5,5,0,5,2026-07-30T16:20:21.061238
18,7,6,5,0,5,2026-07-30T16:20:22.816404
18,7,7,5,0,5,2026-07-30T16:20:28.097528
18,7,8,5,0,5,2026-07-30T16:20:29.868223
18,7,9,5,0,5,2026-07-30T16:20:32.075701
18,7,10,5,0,5,2026-07-30T16:20:33.388504
18,8,1,5,0,5,2026-07-30T16:20:35.312231
18,8,2,5,0,5,2026-07-30T16:20:36.883833
18,8,3,5,0,5,2026-07-30T16:20:38.812892
18,8,4,5,0,5,2026-07-30T16:20:41.137729
18,8,5,5,0,5,2026-07-30T16:20:44.591133
18,8,6,5,0,5,2026-07-30T16:20:47.471826
18,8,7,5,0,5,2026-07-30T16:20:49.203482
18,8,8,5,0,5,2026-07-30T16:20:50.515521
18,8,9,5,0,5,2026-07-30T16:20:54.421625
18,8,10,5,0,5,2026-07-30T16:20:58.173059
18,9,1,0,0,0,2026-07-30T16:20:59.484564
18,9,2,0,0,0,2026-07-30T16:21:01.652213
18,9,3,0,0,0,2026-07-30T16:21:03.872156
18,9,4,0,0,0,2026-07-30T16:21:05.169686
18,9,5,0,0,0,2026-07-30T16:21:07.474328
18,9,6,0,0,0,2026-07-30T16:21:09.032748
18,9,7,0,0,0,2026-07-30T16:21:10.763492
18,9,8,0,0,0,2026-07-30T16:21:12.062248
18,9,9,0,0,0,2026-07-30T16:21:13.596734
18,9,10,0,0,0,2026-07-30T16:21:16.129295
18,10,1,0,0,0,2026-07-30T16:21:17.406808
18,10,2,0,0,0,2026-07-30T16:21:21.044932
18,10,3,0,0,0,2026-07-30T16:21:27.630036
18,10,4,0,0,0,2026-07-30T16:21:30.265886
18,10,5,0,0,0,2026-07-30T16:21:32.008544
18,10,6,0,0,0,2026-07-30T16:21:33.124753
18,10,7,0,0,0,2026-07-30T16:21:34.723335
18,10,8,0,0,0,2026-07-30T16:21:37.916526
18,10,9,0,0,0,2026-07-30T16:21:39.356701
18,10,10,0,0,0,2026-07-30T16:21:41.529020
18,11,1,5,0,5,2026-07-30T16:21:52.619733
18,11,2,5,0,5,2026-07-30T16:21:54.151114
18,11,3,5,0,5,2026-07-30T16:21:56.066420
18,11,4,5,0,5,2026-07-30T16:22:01.110286
18,11,5,5,0,5,2026-07-30T16:22:02.833166
18,11,6,5,0,5,2026-07-30T16:22:06.182293
18,11,7,5,0,5,2026-07-30T16:22:08.181353
18,11,8,5,0,5,2026-07-30T16:22:10.771857
18,11,9,5,0,5,2026-07-30T16:22:14.947991
18,11,10,5,0,5,2026-07-30T16:22:17.784920
18,12,1,5,0,5,2026-07-30T16:22:19.095216
18,12,2,5,0,5,2026-07-30T16:22:21.064215
18,12,3,5,0,5,2026-07-30T16:22:22.444663
18,12,4,5,0,5,2026-07-30T16:22:25.530019
18,12,5,5,0,5,2026-07-30T16:22:27.409240
18,12,6,5,0,5,2026-07-30T16:22:28.771984
18,12,7,5,0,5,2026-07-30T16:22:29.873652
18,12,8,5,0,5,2026-07-30T16:22:32.032379
18,12,9,5,0,5,2026-07-30T16:22:35.942472
18,12,10,5,0,5,2026-07-30T16:22:37.901405
18,13,1,5,0,5,2026-07-30T16:22:39.457345
18,13,2,5,0,5,2026-07-30T16:22:40.564504
18,13,3,5,0,5,2026-07-30T16:22:41.662328
18,13,4,5,0,5,2026-07-30T16:22:43.383968
18,13,5,5,0,5,2026-07-30T16:22:44.518611
18,13,6,5,0,5,2026-07-30T16:22:46.989682
18,13,7,5,0,5,2026-07-30T16:22:48.965854
18,13,8,5,0,5,2026-07-30T16:22:51.990212
18,13,9,5,0,5,2026-07-30T16:22:53.936604
18,13,10,5,0,5,2026-07-30T16:22:55.834913
18,14,1,5,0,5,2026-07-30T16:22:58.022773
18,14,2,5,0,5,2026-07-30T16:22:59.350799
18,14,3,5,0,5,2026-07-30T16:23:01.281361
18,14,4,5,0,5,2026-07-30T16:23:02.793521
18,14,5,5,0,5,2026-07-30T16:23:05.364497
18,14,6,5,0,5,2026-07-30T16:23:07.284940
18,14,7,5,0,5,2026-07-30T16:23:10.896037
18,14,8,5,0,5,2026-07-30T16:23:12.635735
18,14,9,5,0,5,2026-07-30T16:23:14.567194
18,14,10,5,0,5,2026-07-30T16:23:15.905805
18,15,1,5,0,5,2026-07-30T16:23:17.243759
18,15,2,5,0,5,2026-07-30T16:23:19.516089
18,15,3,5,0,5,2026-07-30T16:23:22.805121
18,15,4,5,0,5,2026-07-30T16:23:24.516563
18,15,5,5,0,5,2026-07-30T16:23:27.812832
18,15,6,5,0,5,2026-07-30T16:23:29.140778
18,15,7,5,0,5,2026-07-30T16:23:31.124887
18,15,8,5,0,5,2026-07-30T16:23:32.442200
18,15,9,5,0,5,2026-07-30T16:23:34.161922
18,15,10,5,0,5,2026-07-30T16:23:35.900150
18,16,1,5,0,5,2026-07-30T16:23:37.831130
18,16,2,5,0,5,2026-07-30T16:23:40.997318
18,16,3,5,0,5,2026-07-30T16:23:42.930780
18,16,4,5,0,5,2026-07-30T16:23:44.843539
18,16,5,5,0,5,2026-07-30T16:23:47.276637
18,16,6,5,0,5,2026-07-30T16:23:48.907268
18,16,7,5,0,5,2026-07-30T16:23:50.036605
18,16,8,5,0,5,2026-07-30T16:23:52.247197
18,16,9,5,0,5,2026-07-30T16:23:54.284387
18,16,10,5,0,5,2026-07-30T16:23:55.415351
18,17,1,5,0,5,2026-07-30T16:23:56.699028
18,17,2,5,0,5,2026-07-30T16:23:58.204296
18,17,3,5,0,5,2026-07-30T16:23:59.507568
18,17,4,5,0,5,2026-07-30T16:24:00.621809
18,17,5,5,0,5,2026-07-30T16:24:02.527373
18,17,6,5,0,5,2026-07-30T16:24:04.223931
18,17,7,5,0,5,2026-07-30T16:24:06.421359
18,17,8,5,0,5,2026-07-30T16:24:08.043936
18,17,9,5,0,5,2026-07-30T16:24:09.341108
18,17,10,5,0,5,2026-07-30T16:24:10.946624
18,18,1,5,0,5,2026-07-30T16:24:12.668239
18,18,2,5,0,5,2026-07-30T16:24:13.977852
18,18,3,5,0,5,2026-07-30T16:24:21.066558
18,18,4,5,0,5,2026-07-30T16:24:23.019732
18,18,5,5,0,5,2026-07-30T16:24:24.539705
18,18,6,5,0,5,2026-07-30T16:24:26.446800
18,18,7,5,0,5,2026-07-30T16:24:28.818096
18,18,8,5,0,5,2026-07-30T16:24:30.530043
18,18,9,5,0,5,2026-07-30T16:24:31.643384
18,18,10,5,0,5,2026-07-30T16:24:33.196375
18,19,1,5,0,5,2026-07-30T16:24:34.979014
18,19,2,5,0,5,2026-07-30T16:24:38.813250
18,19,3,5,0,5,2026-07-30T16:24:40.974975
18,19,4,5,0,5,2026-07-30T16:24:42.514023
18,19,5,5,0,5,2026-07-30T16:24:43.809727
18,19,6,5,0,5,2026-07-30T16:24:46.038350
18,19,7,5,0,5,2026-07-30T16:24:49.080563
18,19,8,5,0,5,2026-07-30T16:24:50.404798
18,19,9,5,0,5,2026-07-30T16:24:52.200382
18,19,10,5,0,5,2026-07-30T16:24:53.731890
18,20,1,5,0,5,2026-07-30T16:24:54.858010
18,20,2,5,0,5,2026-07-30T16:24:56.400194
18,20,3,5,0,5,2026-07-30T16:24:57.904959
18,20,4,5,0,5,2026-07-30T16:24:59.904407
18,20,5,5,0,5,2026-07-30T16:25:03.118128
18,20,6,5,0,5,2026-07-30T16:25:05.054258
18,20,7,5,0,5,2026-07-30T16:25:07.539486
18,20,8,5,0,5,2026-07-30T16:25:08.924156
18,20,9,5,0,5,2026-07-30T16:25:11.929303
18,20,10,5,0,5,2026-07-30T16:25:14.207328
18,21,1,5,0,5,2026-07-30T16:25:16.142075
18,21,2,5,0,5,2026-07-30T16:25:17.860466
18,21,3,5,0,5,2026-07-30T16:25:19.183993
18,21,4,5,0,5,2026-07-30T16:25:20.901168
18,21,5,5,0,5,2026-07-30T16:25:27.042151
18,21,6,5,0,5,2026-07-30T16:25:28.145891
18,21,7,5,0,5,2026-07-30T16:25:29.897738
18,21,8,5,0,5,2026-07-30T16:25:31.425232
18,21,9,5,0,5,2026-07-30T16:25:33.408256
18,21,10,5,0,5,2026-07-30T16:25:35.369784
18,22,1,5,0,5,2026-07-30T16:25:40.413445
18,22,2,5,0,5,2026-07-30T16:25:43.992777
18,22,3,5,0,5,2026-07-30T16:25:45.093066
18,22,4,5,0,5,2026-07-30T16:25:47.672917
18,22,5,5,0,5,2026-07-30T16:25:51.388635
18,22,6,5,0,5,2026-07-30T16:25:53.231879
18,22,7,5,0,5,2026-07-30T16:25:54.978441
18,22,8,5,0,5,2026-07-30T16:25:56.703523
18,22,9,5,0,5,2026-07-30T16:25:57.825906
18,22,10,5,0,5,2026-07-30T16:25:59.652213
18,23,1,5,0,5,2026-07-30T16:26:00.793159
18,23,2,5,0,5,2026-07-30T16:26:02.348091
18,23,3,5,0,5,2026-07-30T16:26:03.873631
18,23,4,5,0,5,2026-07-30T16:26:05.385671
18,23,5,5,0,5,2026-07-30T16:26:08.447675
18,23,6,5,0,5,2026-07-30T16:26:09.973709
18,23,7,5,0,5,2026-07-30T16:26:11.926507
18,23,8,5,0,5,2026-07-30T16:26:13.034317
18,23,9,5,0,5,2026-07-30T16:26:14.575214
18,23,10,5,0,5,2026-07-30T16:26:16.295687
18,24,1,0,0,0,2026-07-30T16:26:17.818119
18,24,2,5,0,5,2026-07-30T16:26:19.867405
18,24,3,5,0,5,2026-07-30T16:26:23.974143
18,24,4,0,0,0,2026-07-30T16:26:34.301323
18,24,5,0,0,0,2026-07-30T16:26:36.354616
18,24,6,5,0,5,2026-07-30T16:26:38.327037
18,24,7,0,0,0,2026-07-30T16:26:40.277986
18,24,8,0,0,0,2026-07-30T16:26:42.345180
18,24,9,5,0,5,2026-07-30T16:26:44.290445
18,24,10,5,0,5,2026-07-30T16:26:46.318407
18,25,1,5,0,5,2026-07-30T16:26:48.034686
18,25,2,3,0,3,2026-07-30T16:26:49.310384
18,25,3,5,0,5,2026-07-30T16:26:50.362151
18,25,4,4,0,4,2026-07-30T16:26:53.756280
18,25,5,3,0,3,2026-07-30T16:26:55.615492
18,25,6,0,0,0,2026-07-30T16:26:56.685970
18,25,7,5,0,5,2026-07-30T16:27:02.851268
18,25,8,5,0,5,2026-07-30T16:27:04.654021
18,25,9,3,0,3,2026-07-30T16:27:06.847253
18,25,10,3,0,3,2026-07-30T16:27:08.316016
18,26,1,5,0,5,2026-07-30T16:27:09.771011
18,26,2,5,0,5,2026-07-30T16:27:11.638044
18,26,3,5,0,5,2026-07-30T16:27:12.943123
18,26,4,5,0,5,2026-07-30T16:27:15.564769
18,26,5,5,0,5,2026-07-30T16:27:16.696213
18,26,6,5,0,5,2026-07-30T16:27:18.626811
18,26,7,5,0,5,2026-07-30T16:27:20.258687
18,26,8,5,0,5,2026-07-30T16:27:21.373670
18,26,9,5,0,5,2026-07-30T16:27:22.955154
18,26,10,5,0,5,2026-07-30T16:27:24.079427
18,27,1,5,0,5,2026-07-30T16:27:25.210726
18,27,2,5,0,5,2026-07-30T16:27:26.799649
18,27,3,5,0,5,2026-07-30T16:27:28.244308
18,27,4,5,0,5,2026-07-30T16:27:29.758812
18,27,5,5,0,5,2026-07-30T16:27:30.888117
18,27,6,5,0,5,2026-07-30T16:27:31.734865
18,27,7,5,0,5,2026-07-30T16:27:33.081295
18,27,8,5,0,5,2026-07-30T16:27:34.955108
18,27,9,5,0,5,2026-07-30T16:27:36.936735
18,27,10,5,0,5,2026-07-30T16:27:38.461998
18,28,1,5,0,5,2026-07-30T16:27:40.407312
18,28,2,5,0,5,2026-07-30T16:27:41.728619
18,28,3,5,0,5,2026-07-30T16:27:43.050848
18,28,4,5,0,5,2026-07-30T16:27:45.193657
18,28,5,5,0,5,2026-07-30T16:27:48.528289
18,28,6,5,0,5,2026-07-30T16:27:50.179801
18,28,7,5,0,5,2026-07-30T16:27:51.630851
18,28,8,5,0,5,2026-07-30T16:27:53.546478
18,28,9,5,0,5,2026-07-30T16:27:55.260279
18,28,10,5,0,5,2026-07-30T16:27:56.952963
18,29,1,5,0,5,2026-07-30T16:27:58.455506
18,29,2,5,0,5,2026-07-30T16:28:00.034782
18,29,3,5,0,5,2026-07-30T16:28:01.886447
18,29,4,5,0,5,2026-07-30T16:28:03.598013
18,29,5,5,0,5,2026-07-30T16:28:05.462903
18,29,6,5,0,5,2026-07-30T16:28:06.551859
18,29,7,5,0,5,2026-07-30T16:28:08.030954
18,29,8,5,0,5,2026-07-30T16:28:09.925825
18,29,9,5,0,5,2026-07-30T16:28:11.012016
18,29,10,5,0,5,2026-07-30T16:28:12.511301
18,30,1,5,0,5,2026-07-30T16:28:13.954381
18,30,2,5,0,5,2026-07-30T16:28:15.451330
18,30,3,5,0,5,2026-07-30T16:28:17.335849
18,30,4,5,0,5,2026-07-30T16:28:18.625330
18,30,5,5,0,5,2026-07-30T16:28:19.816057
18,30,6,5,0,5,2026-07-30T16:28:21.739753
18,30,7,5,0,5,2026-07-30T16:28:23.429998
18,30,8,5,0,5,2026-07-30T16:28:25.495812
18,30,9,5,0,5,2026-07-30T16:28:26.587197
18,30,10,5,0,5,2026-07-30T16:28:28.478063
19,1,1,5,0,5,2026-07-30T16:28:30.061720
19,1,2,5,0,5,2026-07-30T16:28:31.766998
19,1,3,5,0,5,2026-07-30T16:28:33.668494
19,1,4,5,0,5,2026-07-30T16:28:34.936103
19,1,5,5,0,5,2026-07-30T16:28:36.206561
19,1,6,5,0,5,2026-07-30T16:28:37.286499
19,1,7,5,0,5,2026-07-30T16:28:39.176690
19,1,8,5,0,5,2026-07-30T16:28:40.230765
19,1,9,5,0,5,2026-07-30T16:28:42.724035
19,1,10,5,0,5,2026-07-30T16:28:43.996049
19,2,1,5,0,5,2026-07-30T16:28:45.291793
19,2,2,5,0,5,2026-07-30T16:28:46.366521
19,2,3,5,0,5,2026-07-30T16:28:48.877476
19,2,4,5,0,5,2026-07-30T16:28:51.249610
19,2,5,5,0,5,2026-07-30T16:28:54.687661
19,2,6,5,0,5,2026-07-30T16:28:56.537364
19,2,7,5,0,5,2026-07-30T16:28:58.433290
19,2,8,5,0,5,2026-07-30T16:28:59.890919
19,2,9,5,0,5,2026-07-30T16:29:00.972431
19,2,10,5,0,5,2026-07-30T16:29:02.879173
19,3,1,5,0,5,2026-07-30T16:29:04.542340
19,3,2,5,0,5,2026-07-30T16:29:05.791853
19,3,3,5,0,5,2026-07-30T16:29:07.685362
19,3,4,5,0,5,2026-07-30T16:29:09.562770
19,3,5,5,0,5,2026-07-30T16:29:11.509063
19,3,6,5,0,5,2026-07-30T16:29:13.159965
19,3,7,5,0,5,2026-07-30T16:29:14.440674
19,3,8,5,0,5,2026-07-30T16:29:15.701131
19,3,9,5,0,5,2026-07-30T16:29:18.922549
19,3,10,5,0,5,2026-07-30T16:29:20.969378
19,4,1,0,0,0,2026-07-30T16:29:23.169526
19,4,2,0,0,0,2026-07-30T16:29:25.075609
19,4,3,0,0,0,2026-07-30T16:29:27.763866
19,4,4,0,0,0,2026-07-30T16:29:28.823157
19,4,5,0,0,0,2026-07-30T16:29:30.909197
19,4,6,0,0,0,2026-07-30T16:29:34.300960
19,4,7,0,0,0,2026-07-30T16:29:35.559166
19,4,8,0,0,0,2026-07-30T16:29:37.258498
19,4,9,0,0,0,2026-07-30T16:29:38.937632
19,4,10,0,0,0,2026-07-30T16:29:40.816947
19,5,1,5,0,5,2026-07-30T16:29:42.689656
19,5,2,5,0,5,2026-07-30T16:29:44.546464
19,5,3,5,0,5,2026-07-30T16:29:50.359382
19,5,4,5,0,5,2026-07-30T16:29:51.631330
19,5,5,5,0,5,2026-07-30T16:29:52.892947
19,5,6,5,0,5,2026-07-30T16:29:53.922333
19,5,7,5,0,5,2026-07-30T16:29:57.000261
19,5,8,5,0,5,2026-07-30T16:29:59.058622
19,5,9,5,0,5,2026-07-30T16:30:00.960675
19,5,10,5,0,5,2026-07-30T16:30:02.443290
19,6,1,5,0,5,2026-07-30T16:30:05.028646
19,6,2,5,0,5,2026-07-30T16:30:06.919181
19,6,3,5,0,5,2026-07-30T16:30:08.355523
19,6,4,5,0,5,2026-07-30T16:30:10.248182
19,6,5,5,0,5,2026-07-30T16:30:12.083850
19,6,6,5,0,5,2026-07-30T16:30:14.551393
19,6,7,5,0,5,2026-07-30T16:30:17.202971
19,6,8,5,0,5,2026-07-30T16:30:18.848429
19,6,9,5,0,5,2026-07-30T16:30:19.936622
19,6,10,5,0,5,2026-07-30T16:30:21.210831
19,7,1,5,0,5,2026-07-30T16:30:22.266819
19,7,2,5,0,5,2026-07-30T16:30:23.754916
19,7,3,5,0,5,2026-07-30T16:30:27.501143
19,7,4,5,0,5,2026-07-30T16:30:29.156428
19,7,5,5,0,5,2026-07-30T16:30:30.416608
19,7,6,5,0,5,2026-07-30T16:30:31.894330
19,7,7,5,0,5,2026-07-30T16:30:33.766583
19,7,8,5,0,5,2026-07-30T16:30:36.804562
19,7,9,5,0,5,2026-07-30T16:30:39.036653
19,7,10,5,0,5,2026-07-30T16:30:40.509090
19,8,1,5,0,5,2026-07-30T16:30:42.407958
19,8,2,5,0,5,2026-07-30T16:30:43.498617
19,8,3,5,0,5,2026-07-30T16:30:44.550328
19,8,4,5,0,5,2026-07-30T16:30:45.605122
19,8,5,5,0,5,2026-07-30T16:30:47.070686
19,8,6,5,0,5,2026-07-30T16:30:48.549202
19,8,7,5,0,5,2026-07-30T16:30:50.392844
19,8,8,5,0,5,2026-07-30T16:30:52.284388
19,8,9,4,0,4,2026-07-30T16:30:53.318030
19,8,10,5,0,5,2026-07-30T16:30:54.365732
19,9,1,5,0,5,2026-07-30T16:30:55.815250
19,9,2,5,0,5,2026-07-30T16:30:56.871483
19,9,3,5,0,5,2026-07-30T16:30:58.156424
19,9,4,5,0,5,2026-07-30T16:30:59.211612
19,9,5,5,0,5,2026-07-30T16:31:01.234635
19,9,6,5,0,5,2026-07-30T16:31:02.488095
19,9,7,5,0,5,2026-07-30T16:31:04.165498
19,9,8,5,0,5,2026-07-30T16:31:06.043646
19,9,9,5,0,5,2026-07-30T16:31:07.503163
19,9,10,5,0,5,2026-07-30T16:31:08.766155
19,10,1,5,0,5,2026-07-30T16:31:09.816126
19,10,2,5,0,5,2026-07-30T16:31:10.870319
19,10,3,5,0,5,2026-07-30T16:31:12.548510
19,10,4,0,0,0,2026-07-30T16:31:14.395577
19,10,5,0,0,0,2026-07-30T16:31:15.859206
19,10,6,5,0,5,2026-07-30T16:31:17.718295
19,10,7,0,0,0,2026-07-30T16:31:18.969807
19,10,8,0,0,0,2026-07-30T16:31:19.981866
19,10,9,0,0,0,2026-07-30T16:31:21.276219
19,10,10,0,0,0,2026-07-30T16:31:23.137908
19,11,1,5,0,5,2026-07-30T16:31:24.387260
19,11,2,5,0,5,2026-07-30T16:31:26.249228
19,11,3,5,0,5,2026-07-30T16:31:27.519178
19,11,4,5,0,5,2026-07-30T16:31:29.001495
19,11,5,5,0,5,2026-07-30T16:31:30.303902
19,11,6,5,0,5,2026-07-30T16:31:31.980930
19,11,7,5,0,5,2026-07-30T16:31:33.274518
19,11,8,5,0,5,2026-07-30T16:31:35.477262
19,11,9,5,0,5,2026-07-30T16:31:36.753235
19,11,10,5,0,5,2026-07-30T16:31:38.212882
19,12,1,5,0,5,2026-07-30T16:31:39.488809
19,12,2,5,0,5,2026-07-30T16:31:40.981335
19,12,3,5,0,5,2026-07-30T16:31:42.217656
19,12,4,5,0,5,2026-07-30T16:31:44.094181
19,12,5,5,0,5,2026-07-30T16:31:46.826793
19,12,6,5,0,5,2026-07-30T16:31:48.495674
19,12,7,5,0,5,2026-07-30T16:31:50.394462
19,12,8,5,0,5,2026-07-30T16:31:52.118080
19,12,9,5,0,5,2026-07-30T16:31:53.184203
19,12,10,5,0,5,2026-07-30T16:31:54.861034
19,13,1,5,0,5,2026-07-30T16:31:56.691748
19,13,2,5,0,5,2026-07-30T16:31:59.099978
19,13,3,5,0,5,2026-07-30T16:32:00.885934
19,13,4,5,0,5,2026-07-30T16:32:02.158758
19,13,5,5,0,5,2026-07-30T16:32:03.224079
19,13,6,5,0,5,2026-07-30T16:32:04.323167
19,13,7,5,0,5,2026-07-30T16:32:05.594395
19,13,8,5,0,5,2026-07-30T16:32:07.052390
19,13,9,5,0,5,2026-07-30T16:32:08.382079
19,13,10,5,0,5,2026-07-30T16:32:10.451213
19,14,1,5,0,5,2026-07-30T16:32:12.350083
19,14,2,5,0,5,2026-07-30T16:32:13.618784
19,14,3,3,0,3,2026-07-30T16:32:14.886670
19,14,4,5,0,5,2026-07-30T16:32:17.124576
19,14,5,5,0,5,2026-07-30T16:32:18.791274
19,14,6,5,0,5,2026-07-30T16:32:20.668888
19,14,7,5,0,5,2026-07-30T16:32:23.104977
19,14,8,5,0,5,2026-07-30T16:32:24.775465
19,14,9,5,0,5,2026-07-30T16:32:26.676754
19,14,10,5,0,5,2026-07-30T16:32:27.749500
19,15,1,5,0,5,2026-07-30T16:32:28.811917
19,15,2,5,0,5,2026-07-30T16:32:30.816163
19,15,3,5,0,5,2026-07-30T16:32:32.763360
19,15,4,5,0,5,2026-07-30T16:32:34.633314
19,15,5,5,0,5,2026-07-30T16:32:36.319739
19,15,6,5,0,5,2026-07-30T16:32:37.983832
19,15,7,5,0,5,2026-07-30T16:32:39.658693
19,15,8,5,0,5,2026-07-30T16:32:40.717755
19,15,9,5,0,5,2026-07-30T16:32:43.126248
19,15,10,5,0,5,2026-07-30T16:32:44.584132
19,16,1,5,0,5,2026-07-30T16:32:46.064207
19,16,2,5,0,5,2026-07-30T16:32:47.904468
19,16,3,5,0,5,2026-07-30T16:32:49.659488
19,16,4,5,0,5,2026-07-30T16:32:52.127492
19,16,5,5,0,5,2026-07-30T16:32:53.575474
19,16,6,5,0,5,2026-07-30T16:32:55.682339
19,16,7,5,0,5,2026-07-30T16:32:56.975728
19,16,8,5,0,5,2026-07-30T16:32:58.827810
19,16,9,5,0,5,2026-07-30T16:32:59.909797
19,16,10,5,0,5,2026-07-30T16:33:01.611322
19,17,1,5,0,5,2026-07-30T16:33:03.065765
19,17,2,5,0,5,2026-07-30T16:33:05.574790
19,17,3,5,0,5,2026-07-30T16:33:11.430786
19,17,4,5,0,5,2026-07-30T16:33:12.514296
19,17,5,5,0,5,2026-07-30T16:33:14.219175
19,17,6,5,0,5,2026-07-30T16:33:17.459891
19,17,7,5,0,5,2026-07-30T16:33:19.128361
19,17,8,5,0,5,2026-07-30T16:33:21.204528
19,17,9,5,0,5,2026-07-30T16:33:22.452157
19,17,10,5,0,5,2026-07-30T16:33:24.156916
19,18,1,5,0,5,2026-07-30T16:33:25.633997
19,18,2,5,0,5,2026-07-30T16:33:27.484218
19,18,3,5,0,5,2026-07-30T16:33:29.176856
19,18,4,5,0,5,2026-07-30T16:33:30.633282
19,18,5,5,0,5,2026-07-30T16:33:31.701519
19,18,6,5,0,5,2026-07-30T16:33:32.964117
19,18,7,5,0,5,2026-07-30T16:33:35.065534
19,18,8,5,0,5,2026-07-30T16:33:37.154140
19,18,9,5,0,5,2026-07-30T16:33:39.011128
19,18,10,5,0,5,2026-07-30T16:33:40.514009
19,19,1,0,0,0,2026-07-30T16:33:41.984701
19,19,2,0,0,0,2026-07-30T16:33:43.465696
19,19,3,0,0,0,2026-07-30T16:33:44.318772
19,19,4,2,0,2,2026-07-30T16:33:45.794244
19,19,5,2,0,2,2026-07-30T16:33:47.445220
19,19,6,2,0,2,2026-07-30T16:33:49.085048
19,19,7,2,0,2,2026-07-30T16:33:50.915856
19,19,8,0,0,0,2026-07-30T16:33:53.024146
19,19,9,3,0,3,2026-07-30T16:33:55.095309
19,19,10,2,0,2,2026-07-30T16:33:56.970118
19,20,1,5,0,5,2026-07-30T16:33:58.853731
19,20,2,5,0,5,2026-07-30T16:34:00.313888
19,20,3,5,0,5,2026-07-30T16:34:01.571245
19,20,4,5,0,5,2026-07-30T16:34:03.071245
19,20,5,5,0,5,2026-07-30T16:34:04.380179
19,20,6,5,0,5,2026-07-30T16:34:06.695699
19,20,7,5,0,5,2026-07-30T16:34:08.650824
19,20,8,5,0,5,2026-07-30T16:34:11.668701
19,20,9,5,0,5,2026-07-30T16:34:14.905535
19,20,10,5,0,5,2026-07-30T16:34:16.165011
19,21,1,5,0,5,2026-07-30T16:34:17.887401
19,21,2,5,0,5,2026-07-30T16:34:18.951811
19,21,3,5,0,5,2026-07-30T16:34:20.608979
19,21,4,5,0,5,2026-07-30T16:34:23.173229
19,21,5,5,0,5,2026-07-30T16:34:25.746602
19,21,6,5,0,5,2026-07-30T16:34:27.413564
19,21,7,5,0,5,2026-07-30T16:34:28.857741
19,21,8,5,0,5,2026-07-30T16:34:29.917784
19,21,9,5,0,5,2026-07-30T16:34:30.977464
19,21,10,5,0,5,2026-07-30T16:34:32.522723
19,22,1,5,0,5,2026-07-30T16:34:34.821103
19,22,2,5,0,5,2026-07-30T16:34:37.090519
19,22,3,5,0,5,2026-07-30T16:34:38.454078
19,22,4,5,0,5,2026-07-30T16:34:41.291859
19,22,5,5,0,5,2026-07-30T16:34:42.372059
19,22,6,5,0,5,2026-07-30T16:34:43.883175
19,22,7,5,0,5,2026-07-30T16:34:44.931665
19,22,8,5,0,5,2026-07-30T16:34:48.059918
19,22,9,5,0,5,2026-07-30T16:34:49.294701
19,22,10,5,0,5,2026-07-30T16:34:50.804013
19,23,1,5,0,5,2026-07-30T16:34:52.562524
19,23,2,5,0,5,2026-07-30T16:34:55.812835
19,23,3,5,0,5,2026-07-30T16:34:57.273057
19,23,4,5,0,5,2026-07-30T16:34:58.946241
19,23,5,5,0,5,2026-07-30T16:35:03.233375
19,23,6,5,0,5,2026-07-30T16:35:04.998980
19,23,7,5,0,5,2026-07-30T16:35:06.067347
19,23,8,5,0,5,2026-07-30T16:35:09.002398
19,23,9,5,0,5,2026-07-30T16:35:10.882992
19,23,10,5,0,5,2026-07-30T16:35:12.004821
19,24,1,5,0,5,2026-07-30T16:35:13.733094
19,24,2,5,0,5,2026-07-30T16:35:15.878927
19,24,3,5,0,5,2026-07-30T16:35:17.762973
19,24,4,5,0,5,2026-07-30T16:35:19.483254
19,24,5,5,0,5,2026-07-30T16:35:21.332537
19,24,6,5,0,5,2026-07-30T16:35:23.199320
19,24,7,3,0,3,2026-07-30T16:35:24.372444
19,24,8,5,0,5,2026-07-30T16:35:25.889707
19,24,9,5,0,5,2026-07-30T16:35:27.407872
19,24,10,5,0,5,2026-07-30T16:35:28.929784
19,25,1,5,0,5,2026-07-30T16:35:30.400661
19,25,2,5,0,5,2026-07-30T16:35:32.267589
19,25,3,3,0,3,2026-07-30T16:35:34.140189
19,25,4,5,0,5,2026-07-30T16:35:36.053319
19,25,5,3,0,3,2026-07-30T16:35:37.363702
19,25,6,5,0,5,2026-07-30T16:35:39.286633
19,25,7,5,0,5,2026-07-30T16:35:40.547409
19,25,8,5,0,5,2026-07-30T16:35:42.222277
19,25,9,5,0,5,2026-07-30T16:35:44.129318
19,25,10,5,0,5,2026-07-30T16:35:51.553102
19,26,1,5,0,5,2026-07-30T16:35:52.602808
19,26,2,5,0,5,2026-07-30T16:35:53.660991
19,26,3,5,0,5,2026-07-30T16:35:54.732766
19,26,4,5,0,5,2026-07-30T16:35:56.610942
19,26,5,5,0,5,2026-07-30T16:35:57.918692
19,26,6,5,0,5,2026-07-30T16:35:59.622580
19,26,7,5,0,5,2026-07-30T16:36:03.395832
19,26,8,5,0,5,2026-07-30T16:36:05.096328
19,26,9,5,0,5,2026-07-30T16:36:06.550397
19,26,10,5,0,5,2026-07-30T16:36:08.020078
19,27,1,5,0,5,2026-07-30T16:36:09.935427
19,27,2,5,0,5,2026-07-30T16:36:11.068423
19,27,3,5,0,5,2026-07-30T16:36:12.590026
19,27,4,5,0,5,2026-07-30T16:36:14.073122
19,27,5,5,0,5,2026-07-30T16:36:15.932069
19,27,6,5,0,5,2026-07-30T16:36:17.398564
19,27,7,5,0,5,2026-07-30T16:36:18.855966
19,27,8,5,0,5,2026-07-30T16:36:20.715491
19,27,9,5,0,5,2026-07-30T16:36:22.481998
19,27,10,5,0,5,2026-07-30T16:36:24.670266
19,28,1,0,0,0,2026-07-30T16:36:26.255387
19,28,2,2,0,2,2026-07-30T16:36:27.351878
19,28,3,0,0,0,2026-07-30T16:36:28.661524
19,28,4,0,0,0,2026-07-30T16:36:30.241986
19,28,5,0,0,0,2026-07-30T16:36:32.361017
19,28,6,0,0,0,2026-07-30T16:36:33.421845
19,28,7,0,0,0,2026-07-30T16:36:34.735100
19,28,8,0,0,0,2026-07-30T16:36:36.622223
19,28,9,0,0,0,2026-07-30T16:36:38.924042
19,28,10,0,0,0,2026-07-30T16:36:40.924728
19,29,1,5,0,5,2026-07-30T16:36:44.037735
19,29,2,5,0,5,2026-07-30T16:36:46.191272
19,29,3,5,0,5,2026-07-30T16:36:47.857832
19,29,4,5,0,5,2026-07-30T16:36:50.423852
19,29,5,5,0,5,2026-07-30T16:36:52.260837
19,29,6,5,0,5,2026-07-30T16:36:53.429694
19,29,7,5,0,5,2026-07-30T16:36:55.409402
19,29,8,5,0,5,2026-07-30T16:36:57.463598
19,29,9,5,0,5,2026-07-30T16:36:58.801652
19,29,10,3,0,3,2026-07-30T16:37:00.459258
19,30,1,5,0,5,2026-07-30T16:37:01.729783
19,30,2,5,0,5,2026-07-30T16:37:03.906198
19,30,3,5,0,5,2026-07-30T16:37:05.826777
19,30,4,5,0,5,2026-07-30T16:37:08.681454
19,30,5,5,0,5,2026-07-30T16:37:10.554345
19,30,6,5,0,5,2026-07-30T16:37:11.812290
19,30,7,5,0,5,2026-07-30T16:37:13.251492
19,30,8,5,0,5,2026-07-30T16:37:14.326930
19,30,9,5,0,5,2026-07-30T16:37:16.218682
19,30,10,5,0,5,2026-07-30T16:37:17.970167
20,1,1,0,0,0,2026-07-30T16:37:20.172362
20,1,2,0,0,0,2026-07-30T16:37:22.082005
20,1,3,0,0,0,2026-07-30T16:37:23.435648
20,1,4,2,0,2,2026-07-30T16:37:25.562648
20,1,5,1,0,1,2026-07-30T16:37:28.203895
20,1,6,0,0,0,2026-07-30T16:37:29.919388
20,1,7,0,0,0,2026-07-30T16:37:31.565042
20,1,8,1,0,1,2026-07-30T16:37:32.851749
20,1,9,2,0,2,2026-07-30T16:37:34.757657
20,1,10,2,0,2,2026-07-30T16:37:36.503494
20,2,1,2,0,2,2026-07-30T16:37:37.541108
20,2,2,2,0,2,2026-07-30T16:37:38.806255
20,2,3,3,0,3,2026-07-30T16:37:40.202566
20,2,4,2,0,2,2026-07-30T16:37:41.569718
20,2,5,4,0,4,2026-07-30T16:37:43.529471
20,2,6,0,0,0,2026-07-30T16:37:45.980621
20,2,7,0,0,0,2026-07-30T16:37:47.445536
20,2,8,0,0,0,2026-07-30T16:37:50.215625
20,2,9,2,0,2,2026-07-30T16:37:51.668300
20,2,10,0,0,0,2026-07-30T16:37:52.993489
20,3,1,0,0,0,2026-07-30T16:37:54.295172
20,3,2,0,0,0,2026-07-30T16:37:55.774494
20,3,3,0,0,0,2026-07-30T16:37:57.724819
20,3,4,0,0,0,2026-07-30T16:37:59.647551
20,3,5,0,0,0,2026-07-30T16:38:00.931263
20,3,6,0,0,0,2026-07-30T16:38:03.567226
20,3,7,0,0,0,2026-07-30T16:38:06.810156
20,3,8,0,0,0,2026-07-30T16:38:08.685765
20,3,9,0,0,0,2026-07-30T16:38:10.664289
20,3,10,0,0,0,2026-07-30T16:38:13.812230
20,4,1,5,0,5,2026-07-30T16:38:15.267783
20,4,2,5,0,5,2026-07-30T16:38:17.269191
20,4,3,5,0,5,2026-07-30T16:38:18.585749
20,4,4,5,0,5,2026-07-30T16:38:20.529101
20,4,5,5,0,5,2026-07-30T16:38:22.351132
20,4,6,5,0,5,2026-07-30T16:38:24.842651
20,4,7,5,0,5,2026-07-30T16:38:26.970707
20,4,8,5,0,5,2026-07-30T16:38:28.700716
20,4,9,5,0,5,2026-07-30T16:38:30.704107
20,4,10,5,0,5,2026-07-30T16:38:33.564078
20,5,1,5,0,5,2026-07-30T16:38:36.140304
20,5,2,5,0,5,2026-07-30T16:38:37.783537
20,5,3,5,0,5,2026-07-30T16:38:39.319690
20,5,4,5,0,5,2026-07-30T16:38:41.322542
20,5,5,5,0,5,2026-07-30T16:38:43.115448
20,5,6,5,0,5,2026-07-30T16:38:44.843613
20,5,7,5,0,5,2026-07-30T16:38:46.930005
20,5,8,5,0,5,2026-07-30T16:38:48.565769
20,5,9,5,0,5,2026-07-30T16:38:50.651338
20,5,10,5,0,5,2026-07-30T16:38:52.131367
20,6,1,0,0,0,2026-07-30T16:38:53.631555
20,6,2,0,0,0,2026-07-30T16:38:56.148872
20,6,3,0,0,0,2026-07-30T16:38:58.307359
20,6,4,0,0,0,2026-07-30T16:39:00.255672
20,6,5,0,0,0,2026-07-30T16:39:02.358370
20,6,6,0,0,0,2026-07-30T16:39:04.249510
20,6,7,3,0,3,2026-07-30T16:39:06.381568
20,6,8,0,0,0,2026-07-30T16:39:07.669543
20,6,9,0,0,0,2026-07-30T16:39:09.731969
20,6,10,0,0,0,2026-07-30T16:39:14.747810
20,7,1,5,0,5,2026-07-30T16:39:16.206506
20,7,2,5,0,5,2026-07-30T16:39:19.292635
20,7,3,2,0,2,2026-07-30T16:39:20.934822
20,7,4,3,0,3,2026-07-30T16:39:22.699214
20,7,5,2,0,2,2026-07-30T16:39:24.398865
20,7,6,5,0,5,2026-07-30T16:39:26.335027
20,7,7,3,0,3,2026-07-30T16:39:28.021253
20,7,8,4,0,4,2026-07-30T16:39:29.928365
20,7,9,5,0,5,2026-07-30T16:39:31.162474
20,7,10,5,0,5,2026-07-30T16:39:32.639091
20,8,1,5,0,5,2026-07-30T16:39:34.074282
20,8,2,5,0,5,2026-07-30T16:39:35.499494
20,8,3,4,0,4,2026-07-30T16:39:36.964630
20,8,4,5,0,5,2026-07-30T16:39:38.399870
20,8,5,4,0,4,2026-07-30T16:39:40.020667
20,8,6,5,0,5,2026-07-30T16:39:41.919747
20,8,7,5,0,5,2026-07-30T16:39:43.973328
20,8,8,5,0,5,2026-07-30T16:39:46.162598
20,8,9,5,0,5,2026-07-30T16:39:47.996425
20,8,10,5,0,5,2026-07-30T16:39:49.831750
20,9,1,5,0,5,2026-07-30T16:39:51.616391
20,9,2,5,0,5,2026-07-30T16:39:53.089910
20,9,3,5,0,5,2026-07-30T16:39:55.752780
20,9,4,5,0,5,2026-07-30T16:39:56.947872
20,9,5,5,0,5,2026-07-30T16:39:58.955908
20,9,6,5,0,5,2026-07-30T16:40:00.561481
20,9,7,5,0,5,2026-07-30T16:40:02.353421
20,9,8,5,0,5,2026-07-30T16:40:04.100817
20,9,9,5,0,5,2026-07-30T16:40:06.068364
20,9,10,5,0,5,2026-07-30T16:40:07.475700
20,10,1,0,0,0,2026-07-30T16:40:09.115451
20,10,2,0,0,0,2026-07-30T16:40:10.372947
20,10,3,0,0,0,2026-07-30T16:40:11.778921
20,10,4,0,0,0,2026-07-30T16:40:13.270414
20,10,5,0,0,0,2026-07-30T16:40:14.677044
20,10,6,5,0,5,2026-07-30T16:40:16.351315
20,10,7,5,0,5,2026-07-30T16:40:17.865066
20,10,8,5,0,5,2026-07-30T16:40:20.015577
20,10,9,0,0,0,2026-07-30T16:40:22.001825
20,10,10,0,0,0,2026-07-30T16:40:23.364912
20,11,1,2,0,2,2026-07-30T16:40:25.196246
20,11,2,0,0,0,2026-07-30T16:40:26.536336
20,11,3,2,0,2,2026-07-30T16:40:28.105744
20,11,4,2,0,2,2026-07-30T16:40:29.548939
20,11,5,5,0,5,2026-07-30T16:40:30.664208
20,11,6,5,0,5,2026-07-30T16:40:32.150185
20,11,7,2,0,2,2026-07-30T16:40:33.540944
20,11,8,5,0,5,2026-07-30T16:40:35.705829
20,11,9,0,0,0,2026-07-30T16:40:36.938454
20,11,10,5,0,5,2026-07-30T16:40:38.537853
20,12,1,5,0,5,2026-07-30T16:40:40.047310
20,12,2,0,0,0,2026-07-30T16:40:41.691682
20,12,3,5,0,5,2026-07-30T16:40:43.530193
20,12,4,5,0,5,2026-07-30T16:40:45.746388
20,12,5,0,0,0,2026-07-30T16:40:46.973009
20,12,6,5,0,5,2026-07-30T16:40:48.184040
20,12,7,5,0,5,2026-07-30T16:40:49.955351
20,12,8,5,0,5,2026-07-30T16:40:52.003243
20,12,9,5,0,5,2026-07-30T16:40:53.421465
20,12,10,5,0,5,2026-07-30T16:40:55.171747
20,13,1,5,0,5,2026-07-30T16:40:56.916253
20,13,2,5,0,5,2026-07-30T16:40:58.044904
20,13,3,5,0,5,2026-07-30T16:41:00.177787
20,13,4,5,0,5,2026-07-30T16:41:01.648368
20,13,5,5,0,5,2026-07-30T16:41:03.333739
20,13,6,5,0,5,2026-07-30T16:41:05.263749
20,13,7,5,0,5,2026-07-30T16:41:07.229203
20,13,8,5,0,5,2026-07-30T16:41:08.544291
20,13,9,5,0,5,2026-07-30T16:41:10.578371
20,13,10,5,0,5,2026-07-30T16:41:12.541467
20,14,1,5,0,5,2026-07-30T16:41:14.242907
20,14,2,5,0,5,2026-07-30T16:41:16.933543
20,14,3,5,0,5,2026-07-30T16:41:19.413383
20,14,4,5,0,5,2026-07-30T16:41:20.620620
20,14,5,5,0,5,2026-07-30T16:41:22.504898
20,14,6,5,0,5,2026-07-30T16:41:24.273827
20,14,7,5,0,5,2026-07-30T16:41:26.134051
20,14,8,5,0,5,2026-07-30T16:41:28.048142
20,14,9,5,0,5,2026-07-30T16:41:29.622257
20,14,10,5,0,5,2026-07-30T16:41:30.946746
20,15,1,0,0,0,2026-07-30T16:41:32.458097
20,15,2,0,0,0,2026-07-30T16:41:33.696145
20,15,3,0,0,0,2026-07-30T16:41:34.736783
20,15,4,0,0,0,2026-07-30T16:41:35.773943
20,15,5,0,0,0,2026-07-30T16:41:37.432325
20,15,6,0,0,0,2026-07-30T16:41:38.687549
20,15,7,0,0,0,2026-07-30T16:41:40.358321
20,15,8,0,0,0,2026-07-30T16:41:41.584061
20,15,9,0,0,0,2026-07-30T16:41:43.019482
20,15,10,0,0,0,2026-07-30T16:41:44.848057
20,16,1,5,0,5,2026-07-30T16:41:46.587611
20,16,2,5,0,5,2026-07-30T16:41:47.928965
20,16,3,5,0,5,2026-07-30T16:41:49.172651
20,16,4,5,0,5,2026-07-30T16:41:51.051930
20,16,5,5,0,5,2026-07-30T16:41:52.884043
20,16,6,5,0,5,2026-07-30T16:41:54.228401
20,16,7,4,0,4,2026-07-30T16:41:55.644652
20,16,8,5,0,5,2026-07-30T16:41:57.128723
20,16,9,5,0,5,2026-07-30T16:41:58.784870
20,16,10,5,0,5,2026-07-30T16:42:00.074633
20,17,1,5,0,5,2026-07-30T16:42:01.479779
20,17,2,5,0,5,2026-07-30T16:42:02.926531
20,17,3,5,0,5,2026-07-30T16:42:03.974206
20,17,4,5,0,5,2026-07-30T16:42:05.044448
20,17,5,5,0,5,2026-07-30T16:42:06.520308
20,17,6,5,0,5,2026-07-30T16:42:08.416591
20,17,7,5,0,5,2026-07-30T16:42:10.412809
20,17,8,5,0,5,2026-07-30T16:42:12.229247
20,17,9,5,0,5,2026-07-30T16:42:14.282738
20,17,10,5,0,5,2026-07-30T16:42:15.339023
20,18,1,5,0,5,2026-07-30T16:42:17.403211
20,18,2,5,0,5,2026-07-30T16:42:18.963852
20,18,3,5,0,5,2026-07-30T16:42:20.590497
20,18,4,5,0,5,2026-07-30T16:42:22.441250
20,18,5,5,0,5,2026-07-30T16:42:23.894722
20,18,6,5,0,5,2026-07-30T16:42:24.939616
20,18,7,5,0,5,2026-07-30T16:42:26.820405
20,18,8,5,0,5,2026-07-30T16:42:28.095843
20,18,9,5,0,5,2026-07-30T16:42:29.344537
20,18,10,5,0,5,2026-07-30T16:42:31.153434
20,19,1,5,0,5,2026-07-30T16:42:32.960906
20,19,2,5,0,5,2026-07-30T16:42:34.844241
20,19,3,5,0,5,2026-07-30T16:42:36.872142
20,19,4,5,0,5,2026-07-30T16:42:38.791015
20,19,5,5,0,5,2026-07-30T16:42:39.825926
20,19,6,5,0,5,2026-07-30T16:42:40.980773
20,19,7,5,0,5,2026-07-30T16:42:42.189362
20,19,8,5,0,5,2026-07-30T16:42:43.541961
20,19,9,5,0,5,2026-07-30T16:42:45.292876
20,19,10,5,0,5,2026-07-30T16:42:47.252155
20,20,1,5,0,5,2026-07-30T16:42:48.329952
20,20,2,5,0,5,2026-07-30T16:42:49.719387
20,20,3,5,0,5,2026-07-30T16:42:51.485929
20,20,4,5,0,5,2026-07-30T16:42:52.746538
20,20,5,5,0,5,2026-07-30T16:42:53.992222
20,20,6,5,0,5,2026-07-30T16:42:55.865791
20,20,7,5,0,5,2026-07-30T16:42:56.994617
20,20,8,5,0,5,2026-07-30T16:42:58.254037
20,20,9,5,0,5,2026-07-30T16:42:59.508181
20,20,10,5,0,5,2026-07-30T16:43:01.463131
20,21,1,5,0,5,2026-07-30T16:43:02.709105
20,21,2,5,0,5,2026-07-30T16:43:04.426441
20,21,3,5,0,5,2026-07-30T16:43:06.438682
20,21,4,5,0,5,2026-07-30T16:43:07.703666
20,21,5,5,0,5,2026-07-30T16:43:08.753208
20,21,6,5,0,5,2026-07-30T16:43:09.798285
20,21,7,5,0,5,2026-07-30T16:43:11.311947
20,21,8,5,0,5,2026-07-30T16:43:13.257301
20,21,9,5,0,5,2026-07-30T16:43:14.919662
20,21,10,5,0,5,2026-07-30T16:43:16.041773
20,22,1,5,0,5,2026-07-30T16:43:17.286965
20,22,2,5,0,5,2026-07-30T16:43:18.811979
20,22,3,5,0,5,2026-07-30T16:43:19.864510
20,22,4,5,0,5,2026-07-30T16:43:21.144397
20,22,5,5,0,5,2026-07-30T16:43:22.597771
20,22,6,5,0,5,2026-07-30T16:43:24.282797
20,22,7,5,0,5,2026-07-30T16:43:25.984138
20,22,8,5,0,5,2026-07-30T16:43:27.429283
20,22,9,5,0,5,2026-07-30T16:43:28.468937
20,22,10,5,0,5,2026-07-30T16:43:30.309728
20,23,1,5,0,5,2026-07-30T16:43:32.224963
20,23,2,5,0,5,2026-07-30T16:43:33.699829
20,23,3,5,0,5,2026-07-30T16:43:35.579485
20,23,4,5,0,5,2026-07-30T16:43:37.220411
20,23,5,5,0,5,2026-07-30T16:43:38.680338
20,23,6,5,0,5,2026-07-30T16:43:39.778319
20,23,7,5,0,5,2026-07-30T16:43:41.243811
20,23,8,5,0,5,2026-07-30T16:43:42.900148
20,23,9,5,0,5,2026-07-30T16:43:44.361527
20,23,10,5,0,5,2026-07-30T16:43:45.398169
20,24,1,5,0,5,2026-07-30T16:43:46.440640
20,24,2,5,0,5,2026-07-30T16:43:48.098634
20,24,3,5,0,5,2026-07-30T16:43:49.389507
20,24,4,5,0,5,2026-07-30T16:43:50.653002
20,24,5,5,0,5,2026-07-30T16:43:52.104063
20,24,6,5,0,5,2026-07-30T16:43:53.538225
20,24,7,5,0,5,2026-07-30T16:43:54.597124
20,24,8,5,0,5,2026-07-30T16:43:56.261485
20,24,9,5,0,5,2026-07-30T16:43:57.522912
20,24,10,5,0,5,2026-07-30T16:43:58.759880
20,25,1,5,0,5,2026-07-30T16:44:00.431705
20,25,2,5,0,5,2026-07-30T16:44:01.669444
20,25,3,5,0,5,2026-07-30T16:44:02.751024
20,25,4,5,0,5,2026-07-30T16:44:04.605678
20,25,5,5,0,5,2026-07-30T16:44:05.664291
20,25,6,5,0,5,2026-07-30T16:44:06.722139
20,25,7,5,0,5,2026-07-30T16:44:08.181523
20,25,8,5,0,5,2026-07-30T16:44:09.848298
20,25,9,5,0,5,2026-07-30T16:44:10.915459
20,25,10,5,0,5,2026-07-30T16:44:12.586183
20,26,1,5,0,5,2026-07-30T16:44:13.650118
20,26,2,5,0,5,2026-07-30T16:44:15.297999
20,26,3,5,0,5,2026-07-30T16:44:16.356293
20,26,4,5,0,5,2026-07-30T16:44:17.821323
20,26,5,5,0,5,2026-07-30T16:44:19.286050
20,26,6,5,0,5,2026-07-30T16:44:20.319737
20,26,7,5,0,5,2026-07-30T16:44:21.779685
20,26,8,5,0,5,2026-07-30T16:44:23.237938
20,26,9,5,0,5,2026-07-30T16:44:24.710988
20,26,10,5,0,5,2026-07-30T16:44:26.618807
20,27,1,5,0,5,2026-07-30T16:44:28.087663
20,27,2,5,0,5,2026-07-30T16:44:29.363117
20,27,3,5,0,5,2026-07-30T16:44:30.819777
20,27,4,5,0,5,2026-07-30T16:44:32.481069
20,27,5,5,0,5,2026-07-30T16:44:33.965461
20,27,6,5,0,5,2026-07-30T16:44:35.223406
20,27,7,5,0,5,2026-07-30T16:44:36.292984
20,27,8,5,0,5,2026-07-30T16:44:37.331229
20,27,9,5,0,5,2026-07-30T16:44:39.189715
20,27,10,5,0,5,2026-07-30T16:44:40.225182
20,28,1,5,0,5,2026-07-30T16:44:42.096104
20,28,2,5,0,5,2026-07-30T16:44:43.972288
20,28,3,5,0,5,2026-07-30T16:44:45.214371
20,28,4,5,0,5,2026-07-30T16:44:46.482421
20,28,5,5,0,5,2026-07-30T16:44:48.557292
20,28,6,5,0,5,2026-07-30T16:44:50.423042
20,28,7,5,0,5,2026-07-30T16:44:52.299878
20,28,8,5,0,5,2026-07-30T16:44:53.762904
20,28,9,5,0,5,2026-07-30T16:44:55.227474
20,28,10,5,0,5,2026-07-30T16:44:56.682386
20,29,1,5,0,5,2026-07-30T16:44:58.534423
20,29,2,5,0,5,2026-07-30T16:44:59.606387
20,29,3,5,0,5,2026-07-30T16:45:00.710492
20,29,4,5,0,5,2026-07-30T16:45:02.376062
20,29,5,5,0,5,2026-07-30T16:45:03.280078
20,29,6,5,0,5,2026-07-30T16:45:04.825577
20,29,7,5,0,5,2026-07-30T16:45:06.112578
20,29,8,5,0,5,2026-07-30T16:45:07.149793
20,29,9,5,0,5,2026-07-30T16:45:08.217373
20,29,10,5,0,5,2026-07-30T16:45:09.922155
20,30,1,5,0,5,2026-07-30T16:45:11.178207
20,30,2,5,0,5,2026-07-30T16:45:12.460387
20,30,3,5,0,5,2026-07-30T16:45:13.756140
20,30,4,5,0,5,2026-07-30T16:45:14.901965
20,30,5,5,0,5,2026-07-30T16:45:16.213564
20,30,6,5,0,5,2026-07-30T16:45:17.713930
20,30,7,5,0,5,2026-07-30T16:45:19.523432
20,30,8,3,0,3,2026-07-30T16:45:21.391749
20,30,9,5,0,5,2026-07-30T16:45:22.434446
20,30,10,5,0,5,2026-07-30T16:45:24.287749
21,1,1,5,0,5,2026-07-30T16:45:26.154868
21,1,2,5,0,5,2026-07-30T16:45:27.232796
21,1,3,5,0,5,2026-07-30T16:45:28.910933
21,1,4,5,0,5,2026-07-30T16:45:29.986797
21,1,5,5,0,5,2026-07-30T16:45:31.656852
21,1,6,5,0,5,2026-07-30T16:45:32.733275
21,1,7,5,0,5,2026-07-30T16:45:37.886503
21,1,8,5,0,5,2026-07-30T16:45:39.586439
21,1,9,5,0,5,2026-07-30T16:45:41.053519
21,1,10,5,0,5,2026-07-30T16:45:42.933270
21,2,1,5,0,5,2026-07-30T16:45:44.588587
21,2,2,5,0,5,2026-07-30T16:45:46.325225
21,2,3,5,0,5,2026-07-30T16:45:47.800688
21,2,4,5,0,5,2026-07-30T16:45:49.251852
21,2,5,5,0,5,2026-07-30T16:45:51.115400
21,2,6,5,0,5,2026-07-30T16:45:52.396554
21,2,7,5,0,5,2026-07-30T16:45:53.432868
21,2,8,5,0,5,2026-07-30T16:45:55.097452
21,2,9,5,0,5,2026-07-30T16:45:56.387551
21,2,10,5,0,5,2026-07-30T16:45:58.047401
21,3,1,5,0,5,2026-07-30T16:45:59.740394
21,3,2,5,0,5,2026-07-30T16:46:01.418661
21,3,3,4,0,4,2026-07-30T16:46:03.290974
21,3,4,5,0,5,2026-07-30T16:46:05.372985
21,3,5,5,0,5,2026-07-30T16:46:06.608576
21,3,6,4,0,4,2026-07-30T16:46:08.281854
21,3,7,5,0,5,2026-07-30T16:46:09.974531
21,3,8,5,0,5,2026-07-30T16:46:11.065940
21,3,9,5,0,5,2026-07-30T16:46:12.338391
21,3,10,4,0,4,2026-07-30T16:46:14.007757
21,4,1,4,0,4,2026-07-30T16:46:15.645688
21,4,2,0,0,0,2026-07-30T16:46:16.707658
21,4,3,1,0,1,2026-07-30T16:46:18.140149
21,4,4,0,0,0,2026-07-30T16:46:20.002924
21,4,5,0,0,0,2026-07-30T16:46:21.235054
21,4,6,0,0,0,2026-07-30T16:46:22.526911
21,4,7,0,0,0,2026-07-30T16:46:23.602356
21,4,8,0,0,0,2026-07-30T16:46:25.476742
21,4,9,1,0,1,2026-07-30T16:46:26.969950
21,4,10,1,0,1,2026-07-30T16:46:28.032252
21,5,1,0,0,0,2026-07-30T16:46:29.692686
21,5,2,5,0,5,2026-07-30T16:46:31.575248
21,5,3,5,0,5,2026-07-30T16:46:33.035809
21,5,4,0,0,0,2026-07-30T16:46:34.714697
21,5,5,0,0,0,2026-07-30T16:46:36.414746
21,5,6,0,0,0,2026-07-30T16:46:37.890494
21,5,7,0,0,0,2026-07-30T16:46:39.356690
21,5,8,0,0,0,2026-07-30T16:46:40.611241
21,5,9,2,0,2,2026-07-30T16:46:42.722439
21,5,10,0,0,0,2026-07-30T16:46:44.405153
21,6,1,5,0,5,2026-07-30T16:46:46.056235
21,6,2,5,0,5,2026-07-30T16:46:47.922762
21,6,3,5,0,5,2026-07-30T16:46:49.992855
21,6,4,5,0,5,2026-07-30T16:46:51.460637
21,6,5,5,0,5,2026-07-30T16:46:52.540595
21,6,6,5,0,5,2026-07-30T16:46:54.197008
21,6,7,5,0,5,2026-07-30T16:46:56.070349
21,6,8,5,0,5,2026-07-30T16:46:57.530901
21,6,9,5,0,5,2026-07-30T16:46:59.181891
21,6,10,5,0,5,2026-07-30T16:47:01.016899
21,7,1,5,0,5,2026-07-30T16:47:02.490551
21,7,2,5,0,5,2026-07-30T16:47:03.542690
21,7,3,5,0,5,2026-07-30T16:47:05.206424
21,7,4,5,0,5,2026-07-30T16:47:06.888986
21,7,5,5,0,5,2026-07-30T16:47:08.543759
21,7,6,5,0,5,2026-07-30T16:47:10.382730
21,7,7,5,0,5,2026-07-30T16:47:11.834576
21,7,8,5,0,5,2026-07-30T16:47:13.085818
21,7,9,5,0,5,2026-07-30T16:47:14.947843
21,7,10,5,0,5,2026-07-30T16:47:16.437357
21,8,1,5,0,5,2026-07-30T16:47:18.307307
21,8,2,5,0,5,2026-07-30T16:47:20.161484
21,8,3,5,0,5,2026-07-30T16:47:21.420214
21,8,4,5,0,5,2026-07-30T16:47:22.483762
21,8,5,5,0,5,2026-07-30T16:47:24.353612
21,8,6,5,0,5,2026-07-30T16:47:25.622932
21,8,7,5,0,5,2026-07-30T16:47:26.703806
21,8,8,5,0,5,2026-07-30T16:47:28.387464
21,8,9,5,0,5,2026-07-30T16:47:29.659457
21,8,10,5,0,5,2026-07-30T16:47:31.348819
21,9,1,4,0,4,2026-07-30T16:47:33.221200
21,9,2,3,0,3,2026-07-30T16:47:35.113089
21,9,3,3,0,3,2026-07-30T16:47:36.550563
21,9,4,3,0,3,2026-07-30T16:47:37.613943
21,9,5,3,0,3,2026-07-30T16:47:39.517667
21,9,6,4,0,4,2026-07-30T16:47:40.787977
21,9,7,4,0,4,2026-07-30T16:47:42.056375
21,9,8,3,0,3,2026-07-30T16:47:43.303499
21,9,9,4,0,4,2026-07-30T16:47:44.984104
21,9,10,5,0,5,2026-07-30T16:47:46.431162
21,10,1,0,0,0,2026-07-30T16:47:48.109828
21,10,2,5,0,5,2026-07-30T16:47:50.214663
21,10,3,5,0,5,2026-07-30T16:47:51.251049
21,10,4,5,0,5,2026-07-30T16:47:52.546699
21,10,5,5,0,5,2026-07-30T16:47:54.403727
21,10,6,0,0,0,2026-07-30T16:47:55.855657
21,10,7,5,0,5,2026-07-30T16:47:56.896032
21,10,8,5,0,5,2026-07-30T16:47:58.591850
21,10,9,2,0,2,2026-07-30T16:47:59.850677
21,10,10,5,0,5,2026-07-30T16:48:00.899348
21,11,1,5,0,5,2026-07-30T16:48:02.161378
21,11,2,5,0,5,2026-07-30T16:48:03.806936
21,11,3,5,0,5,2026-07-30T16:48:05.667010
21,11,4,5,0,5,2026-07-30T16:48:07.113819
21,11,5,5,0,5,2026-07-30T16:48:08.571745
21,11,6,5,0,5,2026-07-30T16:48:10.037937
21,11,7,5,0,5,2026-07-30T16:48:11.701094
21,11,8,5,0,5,2026-07-30T16:48:13.564344
21,11,9,5,0,5,2026-07-30T16:48:14.815476
21,11,10,5,0,5,2026-07-30T16:48:16.690305
21,12,1,5,0,5,2026-07-30T16:48:18.349861
21,12,2,5,0,5,2026-07-30T16:48:19.395135
21,12,3,5,0,5,2026-07-30T16:48:21.457073
21,12,4,5,0,5,2026-07-30T16:48:22.717347
21,12,5,5,0,5,2026-07-30T16:48:24.379010
21,12,6,5,0,5,2026-07-30T16:48:26.268885
21,12,7,5,0,5,2026-07-30T16:48:27.745536
21,12,8,5,0,5,2026-07-30T16:48:29.220291
21,12,9,5,0,5,2026-07-30T16:48:31.088444
21,12,10,5,0,5,2026-07-30T16:48:32.732706
21,13,1,5,0,5,2026-07-30T16:48:33.782209
21,13,2,5,0,5,2026-07-30T16:48:35.880536
21,13,3,5,0,5,2026-07-30T16:48:36.923461
21,13,4,4,0,4,2026-07-30T16:48:38.175958
21,13,5,4,0,4,2026-07-30T16:48:39.755476
21,13,6,5,0,5,2026-07-30T16:48:41.597548
21,13,7,5,0,5,2026-07-30T16:48:43.142191
21,13,8,5,0,5,2026-07-30T16:48:45.027158
21,13,9,5,0,5,2026-07-30T16:48:46.280705
21,13,10,4,0,4,2026-07-30T16:48:48.116144
21,14,1,4,0,4,2026-07-30T16:48:49.584578
21,14,2,5,0,5,2026-07-30T16:48:51.067451
21,14,3,3,0,3,2026-07-30T16:48:52.328548
21,14,4,5,0,5,2026-07-30T16:48:53.992274
21,14,5,4,0,4,2026-07-30T16:48:55.473684
21,14,6,5,0,5,2026-07-30T16:48:57.335417
21,14,7,4,0,4,2026-07-30T16:48:58.579268
21,14,8,5,0,5,2026-07-30T16:48:59.607913
21,14,9,4,0,4,2026-07-30T16:49:01.070880
21,14,10,5,0,5,2026-07-30T16:49:02.146802
21,15,1,0,0,0,2026-07-30T16:49:03.394317
21,15,2,2,0,2,2026-07-30T16:49:04.623920
21,15,3,0,0,0,2026-07-30T16:49:06.499529
21,15,4,0,0,0,2026-07-30T16:49:07.947494
21,15,5,5,0,5,2026-07-30T16:49:09.394267
21,15,6,3,0,3,2026-07-30T16:49:10.652322
21,15,7,0,0,0,2026-07-30T16:49:12.545448
21,15,8,0,0,0,2026-07-30T16:49:14.432630
21,15,9,3,0,3,2026-07-30T16:49:16.325125
21,15,10,0,0,0,2026-07-30T16:49:17.431213
21,16,1,5,0,5,2026-07-30T16:49:18.485839
21,16,2,5,0,5,2026-07-30T16:49:20.334218
21,16,3,5,0,5,2026-07-30T16:49:21.382836
21,16,4,5,0,5,2026-07-30T16:49:23.046698
21,16,5,5,0,5,2026-07-30T16:49:24.713895
21,16,6,5,0,5,2026-07-30T16:49:25.968328
21,16,7,5,0,5,2026-07-30T16:49:27.414738
21,16,8,5,0,5,2026-07-30T16:49:28.264896
21,16,9,5,0,5,2026-07-30T16:49:29.507972
21,16,10,5,0,5,2026-07-30T16:49:30.566296
21,17,1,5,0,5,2026-07-30T16:49:32.199885
21,17,2,5,0,5,2026-07-30T16:49:33.495157
21,17,3,5,0,5,2026-07-30T16:49:35.160050
21,17,4,5,0,5,2026-07-30T16:49:36.621738
21,17,5,5,0,5,2026-07-30T16:49:38.294136
21,17,6,5,0,5,2026-07-30T16:49:40.155203
21,17,7,5,0,5,2026-07-30T16:49:41.809421
21,17,8,5,0,5,2026-07-30T16:49:43.704315
21,17,9,5,0,5,2026-07-30T16:49:45.225977
21,17,10,5,0,5,2026-07-30T16:49:46.277042
21,18,1,5,0,5,2026-07-30T16:49:47.532522
21,18,2,5,0,5,2026-07-30T16:49:48.565181
21,18,3,5,0,5,2026-07-30T16:49:49.626060
21,18,4,5,0,5,2026-07-30T16:49:50.667957
21,18,5,5,0,5,2026-07-30T16:49:51.914813
21,18,6,5,0,5,2026-07-30T16:49:53.181608
21,18,7,5,0,5,2026-07-30T16:49:55.045824
21,18,8,5,0,5,2026-07-30T16:49:56.910492
21,18,9,5,0,5,2026-07-30T16:49:58.174428
21,18,10,5,0,5,2026-07-30T16:49:59.820811
21,19,1,5,0,5,2026-07-30T16:50:01.307766
21,19,2,4,0,4,2026-07-30T16:50:02.353986
21,19,3,5,0,5,2026-07-30T16:50:03.596262
21,19,4,5,0,5,2026-07-30T16:50:05.161936
21,19,5,5,0,5,2026-07-30T16:50:06.227149
21,19,6,5,0,5,2026-07-30T16:50:07.691064
21,19,7,4,0,4,2026-07-30T16:50:09.570735
21,19,8,5,0,5,2026-07-30T16:50:11.452887
21,19,9,5,0,5,2026-07-30T16:50:13.318598
21,19,10,5,0,5,2026-07-30T16:50:14.777433
21,20,1,5,0,5,2026-07-30T16:50:16.047550
21,20,2,5,0,5,2026-07-30T16:50:17.109029
21,20,3,5,0,5,2026-07-30T16:50:18.375644
21,20,4,5,0,5,2026-07-30T16:50:19.640615
21,20,5,5,0,5,2026-07-30T16:50:20.505336
21,20,6,5,0,5,2026-07-30T16:50:21.942545
21,20,7,5,0,5,2026-07-30T16:50:23.214539
21,20,8,5,0,5,2026-07-30T16:50:24.491691
21,20,9,5,0,5,2026-07-30T16:50:26.187942
21,20,10,5,0,5,2026-07-30T16:50:28.041959
21,21,1,5,0,5,2026-07-30T16:50:29.321421
21,21,2,5,0,5,2026-07-30T16:50:30.983118
21,21,3,5,0,5,2026-07-30T16:50:32.674287
21,21,4,5,0,5,2026-07-30T16:50:34.158311
21,21,5,5,0,5,2026-07-30T16:50:36.026940
21,21,6,5,0,5,2026-07-30T16:50:37.902924
21,21,7,5,0,5,2026-07-30T16:50:38.960142
21,21,8,5,0,5,2026-07-30T16:50:40.635660
21,21,9,5,0,5,2026-07-30T16:50:42.319900
21,21,10,5,0,5,2026-07-30T16:50:44.030686
21,22,1,5,0,5,2026-07-30T16:50:45.966679
21,22,2,5,0,5,2026-07-30T16:50:47.663338
21,22,3,5,0,5,2026-07-30T16:50:48.927603
21,22,4,5,0,5,2026-07-30T16:50:50.824311
21,22,5,5,0,5,2026-07-30T16:50:52.692189
21,22,6,5,0,5,2026-07-30T16:50:53.748142
21,22,7,5,0,5,2026-07-30T16:50:55.420958
21,22,8,5,0,5,2026-07-30T16:50:57.297539
21,22,9,5,0,5,2026-07-30T16:50:58.602495
21,22,10,5,0,5,2026-07-30T16:51:00.344048
21,23,1,5,0,5,2026-07-30T16:51:01.612496
21,23,2,5,0,5,2026-07-30T16:51:02.675415
21,23,3,5,0,5,2026-07-30T16:51:03.755573
21,23,4,5,0,5,2026-07-30T16:51:05.032674
21,23,5,5,0,5,2026-07-30T16:51:06.739577
21,23,6,5,0,5,2026-07-30T16:51:08.614985
21,23,7,5,0,5,2026-07-30T16:51:10.504521
21,23,8,5,0,5,2026-07-30T16:51:11.548449
21,23,9,5,0,5,2026-07-30T16:51:12.595840
21,23,10,5,0,5,2026-07-30T16:51:14.471310
21,24,1,0,0,0,2026-07-30T16:51:16.140370
21,24,2,0,0,0,2026-07-30T16:51:17.576886
21,24,3,0,0,0,2026-07-30T16:51:18.842962
21,24,4,0,0,0,2026-07-30T16:51:20.511574
21,24,5,0,0,0,2026-07-30T16:51:22.196900
21,24,6,0,0,0,2026-07-30T16:51:23.650470
21,24,7,0,0,0,2026-07-30T16:51:25.099734
21,24,8,0,0,0,2026-07-30T16:51:25.940582
21,24,9,0,0,0,2026-07-30T16:51:27.487819
21,24,10,0,0,0,2026-07-30T16:51:28.920324
21,25,1,0,0,0,2026-07-30T16:51:30.181930
21,25,2,0,0,0,2026-07-30T16:51:31.263695
21,25,3,0,0,0,2026-07-30T16:51:32.496210
21,25,4,3,0,3,2026-07-30T16:51:34.141090
21,25,5,0,0,0,2026-07-30T16:51:35.637619
21,25,6,0,0,0,2026-07-30T16:51:37.099243
21,25,7,0,0,0,2026-07-30T16:51:38.146587
21,25,8,0,0,0,2026-07-30T16:51:39.616515
21,25,9,5,0,5,2026-07-30T16:51:41.494322
21,25,10,0,0,0,2026-07-30T16:51:42.720801
21,26,1,5,0,5,2026-07-30T16:51:44.377419
21,26,2,5,0,5,2026-07-30T16:51:46.229181
21,26,3,5,0,5,2026-07-30T16:51:47.496736
21,26,4,5,0,5,2026-07-30T16:51:48.931688
21,26,5,5,0,5,2026-07-30T16:51:50.385468
21,26,6,5,0,5,2026-07-30T16:51:52.255549
21,26,7,5,0,5,2026-07-30T16:51:53.731573
21,26,8,5,0,5,2026-07-30T16:51:54.986985
21,26,9,5,0,5,2026-07-30T16:51:56.047347
21,26,10,5,0,5,2026-07-30T16:51:57.914776
21,27,1,5,0,5,2026-07-30T16:51:58.954357
21,27,2,5,0,5,2026-07-30T16:52:00.429707
21,27,3,5,0,5,2026-07-30T16:52:02.108068
21,27,4,5,0,5,2026-07-30T16:52:04.026516
21,27,5,5,0,5,2026-07-30T16:52:05.171256
21,27,6,5,0,5,2026-07-30T16:52:06.230119
21,27,7,5,0,5,2026-07-30T16:52:07.490817
21,27,8,5,0,5,2026-07-30T16:52:09.369694
21,27,9,5,0,5,2026-07-30T16:52:10.844779
21,27,10,5,0,5,2026-07-30T16:52:12.323263
21,28,1,3,0,3,2026-07-30T16:52:13.816866
21,28,2,4,0,4,2026-07-30T16:52:15.710507
21,28,3,4,0,4,2026-07-30T16:52:17.400411
21,28,4,4,0,4,2026-07-30T16:52:18.876641
21,28,5,4,0,4,2026-07-30T16:52:19.932467
21,28,6,4,0,4,2026-07-30T16:52:21.583646
21,28,7,3,0,3,2026-07-30T16:52:22.638757
21,28,8,4,0,4,2026-07-30T16:52:24.111024
21,28,9,4,0,4,2026-07-30T16:52:25.984608
21,28,10,3,0,3,2026-07-30T16:52:27.867046
21,29,1,5,0,5,2026-07-30T16:52:29.429742
21,29,2,5,0,5,2026-07-30T16:52:30.688291
21,29,3,5,0,5,2026-07-30T16:52:32.135316
21,29,4,5,0,5,2026-07-30T16:52:33.773849
21,29,5,5,0,5,2026-07-30T16:52:35.038672
21,29,6,5,0,5,2026-07-30T16:52:36.698468
21,29,7,5,0,5,2026-07-30T16:52:37.944990
21,29,8,5,0,5,2026-07-30T16:52:39.813341
21,29,9,5,0,5,2026-07-30T16:52:41.463468
21,29,10,5,0,5,2026-07-30T16:52:43.329370
21,30,1,5,0,5,2026-07-30T16:52:44.593644
21,30,2,5,0,5,2026-07-30T16:52:46.036922
21,30,3,5,0,5,2026-07-30T16:52:47.506474
21,30,4,5,0,5,2026-07-30T16:52:49.387909
21,30,5,5,0,5,2026-07-30T16:52:51.062166
21,30,6,5,0,5,2026-07-30T16:52:52.538103
21,30,7,5,0,5,2026-07-30T16:52:54.216364
21,30,8,5,0,5,2026-07-30T16:52:55.469462
21,30,9,5,0,5,2026-07-30T16:52:56.516593
21,30,10,5,0,5,2026-07-30T16:52:58.362477
22,1,1,4,0,4,2026-07-30T16:52:59.824978
22,1,2,2,0,2,2026-07-30T16:53:01.491940
22,1,3,2,0,2,2026-07-30T16:53:02.750126
22,1,4,5,0,5,2026-07-30T16:53:03.826861
22,1,5,5,0,5,2026-07-30T16:53:05.480929
22,1,6,3,0,3,2026-07-30T16:53:07.347880
22,1,7,4,0,4,2026-07-30T16:53:08.622028
22,1,8,4,0,4,2026-07-30T16:53:10.292398
22,1,9,2,0,2,2026-07-30T16:53:11.973027
22,1,10,4,0,4,2026-07-30T16:53:13.222280
22,2,1,5,0,5,2026-07-30T16:53:14.844816
22,2,2,5,0,5,2026-07-30T16:53:16.107302
22,2,3,5,0,5,2026-07-30T16:53:17.164042
22,2,4,5,0,5,2026-07-30T16:53:19.019053
22,2,5,5,0,5,2026-07-30T16:53:20.501879
22,2,6,5,0,5,2026-07-30T16:53:21.948701
22,2,7,5,0,5,2026-07-30T16:53:23.419713
22,2,8,5,0,5,2026-07-30T16:53:25.063957
22,2,9,5,0,5,2026-07-30T16:53:26.723317
22,2,10,5,0,5,2026-07-30T16:53:28.403293
22,3,1,5,0,5,2026-07-30T16:53:30.078498
22,3,2,4,0,4,2026-07-30T16:53:31.321142
22,3,3,5,0,5,2026-07-30T16:53:32.782810
22,3,4,3,0,3,2026-07-30T16:53:34.453871
22,3,5,5,0,5,2026-07-30T16:53:36.141001
22,3,6,3,0,3,2026-07-30T16:53:37.598430
22,3,7,5,0,5,2026-07-30T16:53:38.848682
22,3,8,5,0,5,2026-07-30T16:53:40.321851
22,3,9,5,0,5,2026-07-30T16:53:42.180802
22,3,10,4,0,4,2026-07-30T16:53:43.435686
22,4,1,4,0,4,2026-07-30T16:53:45.109526
22,4,2,3,0,3,2026-07-30T16:53:47.177834
22,4,3,3,0,3,2026-07-30T16:53:48.654819
22,4,4,5,0,5,2026-07-30T16:53:50.102627
22,4,5,2,0,2,2026-07-30T16:53:52.179615
22,4,6,3,0,3,2026-07-30T16:53:53.674675
22,4,7,2,0,2,2026-07-30T16:53:54.916957
22,4,8,3,0,3,2026-07-30T16:53:55.962650
22,4,9,3,0,3,2026-07-30T16:53:57.629261
22,4,10,3,0,3,2026-07-30T16:53:59.103037
22,5,1,0,0,0,2026-07-30T16:54:00.153395
22,5,2,0,0,0,2026-07-30T16:54:01.597765
22,5,3,0,0,0,2026-07-30T16:54:03.069193
22,5,4,0,0,0,2026-07-30T16:54:05.133102
22,5,5,0,0,0,2026-07-30T16:54:06.594168
22,5,6,0,0,0,2026-07-30T16:54:07.660803
22,5,7,0,0,0,2026-07-30T16:54:09.330148
22,5,8,0,0,0,2026-07-30T16:54:10.374264
22,5,9,0,0,0,2026-07-30T16:54:11.422170
22,5,10,0,0,0,2026-07-30T16:54:12.679974
22,6,1,5,0,5,2026-07-30T16:54:13.975955
22,6,2,5,0,5,2026-07-30T16:54:15.639054
22,6,3,5,0,5,2026-07-30T16:54:16.889988
22,6,4,5,0,5,2026-07-30T16:54:18.541796
22,6,5,5,0,5,2026-07-30T16:54:19.610336
22,6,6,5,0,5,2026-07-30T16:54:21.451265
22,6,7,5,0,5,2026-07-30T16:54:23.090517
22,6,8,5,0,5,2026-07-30T16:54:24.144883
22,6,9,5,0,5,2026-07-30T16:54:26.007068
22,6,10,5,0,5,2026-07-30T16:54:27.648618
22,7,1,5,0,5,2026-07-30T16:54:29.522393
22,7,2,5,0,5,2026-07-30T16:54:31.379976
22,7,3,5,0,5,2026-07-30T16:54:32.617626
22,7,4,5,0,5,2026-07-30T16:54:33.866722
22,7,5,5,0,5,2026-07-30T16:54:35.132467
22,7,6,5,0,5,2026-07-30T16:54:36.584481
22,7,7,5,0,5,2026-07-30T16:54:37.845049
22,7,8,5,0,5,2026-07-30T16:54:39.084224
22,7,9,5,0,5,2026-07-30T16:54:40.149800
22,7,10,5,0,5,2026-07-30T16:54:42.040507
22,8,1,5,0,5,2026-07-30T16:54:44.087671
22,8,2,5,0,5,2026-07-30T16:54:45.144132
22,8,3,5,0,5,2026-07-30T16:54:46.614349
22,8,4,5,0,5,2026-07-30T16:54:48.088933
22,8,5,5,0,5,2026-07-30T16:54:49.959141
22,8,6,5,0,5,2026-07-30T16:54:51.410126
22,8,7,5,0,5,2026-07-30T16:54:53.277596
22,8,8,5,0,5,2026-07-30T16:54:54.743729
22,8,9,5,0,5,2026-07-30T16:54:56.411359
22,8,10,5,0,5,2026-07-30T16:54:58.265416
22,9,1,3,0,3,2026-07-30T16:54:59.717603
22,9,2,3,0,3,2026-07-30T16:55:01.568584
22,9,3,2,0,2,2026-07-30T16:55:02.822274
22,9,4,3,0,3,2026-07-30T16:55:04.482596
22,9,5,3,0,3,2026-07-30T16:55:06.132566
22,9,6,3,0,3,2026-07-30T16:55:07.991583
22,9,7,4,0,4,2026-07-30T16:55:09.028745
22,9,8,2,0,2,2026-07-30T16:55:10.272618
22,9,9,3,0,3,2026-07-30T16:55:11.929416
22,9,10,3,0,3,2026-07-30T16:55:13.811945
22,10,1,0,0,0,2026-07-30T16:55:15.483928
22,10,2,0,0,0,2026-07-30T16:55:17.388622
22,10,3,0,0,0,2026-07-30T16:55:19.252063
22,10,4,0,0,0,2026-07-30T16:55:21.099752
22,10,5,0,0,0,2026-07-30T16:55:22.366916
22,10,6,0,0,0,2026-07-30T16:55:23.838226
22,10,7,0,0,0,2026-07-30T16:55:25.084790
22,10,8,0,0,0,2026-07-30T16:55:26.140800
22,10,9,0,0,0,2026-07-30T16:55:28.052257
22,10,10,2,0,2,2026-07-30T16:55:29.912548
22,11,1,5,0,5,2026-07-30T16:55:31.803632
22,11,2,5,0,5,2026-07-30T16:55:33.677741
22,11,3,5,0,5,2026-07-30T16:55:35.146178
22,11,4,5,0,5,2026-07-30T16:55:37.001748
22,11,5,5,0,5,2026-07-30T16:55:38.264643
22,11,6,5,0,5,2026-07-30T16:55:40.130680
22,11,7,5,0,5,2026-07-30T16:55:41.373072
22,11,8,5,0,5,2026-07-30T16:55:42.417266
22,11,9,5,0,5,2026-07-30T16:55:43.879340
22,11,10,5,0,5,2026-07-30T16:55:45.744238
22,12,1,5,0,5,2026-07-30T16:55:47.423511
22,12,2,5,0,5,2026-07-30T16:55:48.873955
22,12,3,5,0,5,2026-07-30T16:55:50.122996
22,12,4,5,0,5,2026-07-30T16:55:51.971319
22,12,5,5,0,5,2026-07-30T16:55:53.026799
22,12,6,5,0,5,2026-07-30T16:55:54.889157
22,12,7,5,0,5,2026-07-30T16:55:55.744490
22,12,8,5,0,5,2026-07-30T16:55:56.988934
22,12,9,5,0,5,2026-07-30T16:55:58.436264
22,12,10,5,0,5,2026-07-30T16:55:59.898613
22,13,1,5,0,5,2026-07-30T16:56:01.330064
22,13,2,5,0,5,2026-07-30T16:56:03.214933
22,13,3,5,0,5,2026-07-30T16:56:04.266527
22,13,4,5,0,5,2026-07-30T16:56:05.736899
22,13,5,5,0,5,2026-07-30T16:56:07.420170
22,13,6,3,0,3,2026-07-30T16:56:09.183572
22,13,7,5,0,5,2026-07-30T16:56:11.229473
22,13,8,5,0,5,2026-07-30T16:56:13.085999
22,13,9,4,0,4,2026-07-30T16:56:14.538286
22,13,10,5,0,5,2026-07-30T16:56:16.182833
22,14,1,5,0,5,2026-07-30T16:56:17.849494
22,14,2,5,0,5,2026-07-30T16:56:19.310698
22,14,3,5,0,5,2026-07-30T16:56:20.548147
22,14,4,5,0,5,2026-07-30T16:56:21.795723
22,14,5,5,0,5,2026-07-30T16:56:23.678588
22,14,6,5,0,5,2026-07-30T16:56:25.548694
22,14,7,5,0,5,2026-07-30T16:56:27.427379
22,14,8,5,0,5,2026-07-30T16:56:28.849467
22,14,9,4,0,4,2026-07-30T16:56:30.285778
22,14,10,5,0,5,2026-07-30T16:56:31.956208
22,15,1,5,0,5,2026-07-30T16:56:33.205567
22,15,2,5,0,5,2026-07-30T16:56:34.470182
22,15,3,5,0,5,2026-07-30T16:56:36.343579
22,15,4,5,0,5,2026-07-30T16:56:37.382566
22,15,5,5,0,5,2026-07-30T16:56:38.881544
22,15,6,5,0,5,2026-07-30T16:56:40.371237
22,15,7,5,0,5,2026-07-30T16:56:41.810980
22,15,8,5,0,5,2026-07-30T16:56:43.079567
22,15,9,5,0,5,2026-07-30T16:56:44.329790
22,15,10,4,0,4,2026-07-30T16:56:45.584037
22,16,1,5,0,5,2026-07-30T16:56:47.447633
22,16,2,5,0,5,2026-07-30T16:56:49.327473
22,16,3,5,0,5,2026-07-30T16:56:51.175583
22,16,4,5,0,5,2026-07-30T16:56:52.829085
22,16,5,5,0,5,2026-07-30T16:56:53.879640
22,16,6,5,0,5,2026-07-30T16:56:55.764917
22,16,7,5,0,5,2026-07-30T16:56:57.227807
22,16,8,5,0,5,2026-07-30T16:56:58.695543
22,16,9,5,0,5,2026-07-30T16:56:59.769441
22,16,10,5,0,5,2026-07-30T16:57:01.720260
22,17,1,5,0,5,2026-07-30T16:57:02.772754
22,17,2,5,0,5,2026-07-30T16:57:04.433029
22,17,3,5,0,5,2026-07-30T16:57:05.505212
22,17,4,5,0,5,2026-07-30T16:57:06.976649
22,17,5,5,0,5,2026-07-30T16:57:08.626717
22,17,6,5,0,5,2026-07-30T16:57:09.883273
22,17,7,5,0,5,2026-07-30T16:57:11.742891
22,17,8,5,0,5,2026-07-30T16:57:12.810198
22,17,9,5,0,5,2026-07-30T16:57:13.855615
22,17,10,5,0,5,2026-07-30T16:57:14.898601
22,18,1,5,0,5,2026-07-30T16:57:16.779118
22,18,2,5,0,5,2026-07-30T16:57:17.625557
22,18,3,5,0,5,2026-07-30T16:57:18.877895
22,18,4,5,0,5,2026-07-30T16:57:19.935873
22,18,5,5,0,5,2026-07-30T16:57:21.571874
22,18,6,5,0,5,2026-07-30T16:57:22.631980
22,18,7,5,0,5,2026-07-30T16:57:24.296830
22,18,8,5,0,5,2026-07-30T16:57:26.362424
22,18,9,5,0,5,2026-07-30T16:57:27.222063
22,18,10,5,0,5,2026-07-30T16:57:28.483817
22,19,1,5,0,5,2026-07-30T16:57:30.133989
22,19,2,5,0,5,2026-07-30T16:57:31.208480
22,19,3,5,0,5,2026-07-30T16:57:32.484327
22,19,4,5,0,5,2026-07-30T16:57:34.146010
22,19,5,5,0,5,2026-07-30T16:57:35.999689
22,19,6,5,0,5,2026-07-30T16:57:37.269581
22,19,7,5,0,5,2026-07-30T16:57:38.715868
22,19,8,5,0,5,2026-07-30T16:57:40.584716
22,19,9,5,0,5,2026-07-30T16:57:42.042625
22,19,10,5,0,5,2026-07-30T16:57:43.304505
22,20,1,5,0,5,2026-07-30T16:57:44.980893
22,20,2,5,0,5,2026-07-30T16:57:46.678336
22,20,3,5,0,5,2026-07-30T16:57:48.355849
22,20,4,5,0,5,2026-07-30T16:57:49.825812
22,20,5,5,0,5,2026-07-30T16:57:50.900312
22,20,6,5,0,5,2026-07-30T16:57:52.575929
22,20,7,5,0,5,2026-07-30T16:57:54.238527
22,20,8,5,0,5,2026-07-30T16:57:55.294361
22,20,9,5,0,5,2026-07-30T16:57:56.329263
22,20,10,5,0,5,2026-07-30T16:57:58.000553
22,21,1,5,0,5,2026-07-30T16:57:59.060206
22,21,2,5,0,5,2026-07-30T16:58:00.338009
22,21,3,5,0,5,2026-07-30T16:58:02.215413
22,21,4,5,0,5,2026-07-30T16:58:03.478001
22,21,5,5,0,5,2026-07-30T16:58:04.718783
22,21,6,5,0,5,2026-07-30T16:58:05.956329
22,21,7,5,0,5,2026-07-30T16:58:07.426363
22,21,8,5,0,5,2026-07-30T16:58:08.889010
22,21,9,5,0,5,2026-07-30T16:58:10.135414
22,21,10,5,0,5,2026-07-30T16:58:11.783323
22,22,1,5,0,5,2026-07-30T16:58:13.722903
22,22,2,5,0,5,2026-07-30T16:58:15.602746
22,22,3,5,0,5,2026-07-30T16:58:17.448856
22,22,4,5,0,5,2026-07-30T16:58:18.698833
22,22,5,5,0,5,2026-07-30T16:58:20.551328
22,22,6,5,0,5,2026-07-30T16:58:21.789382
22,22,7,5,0,5,2026-07-30T16:58:23.270543
22,22,8,5,0,5,2026-07-30T16:58:24.949241
22,22,9,5,0,5,2026-07-30T16:58:26.600639
22,22,10,5,0,5,2026-07-30T16:58:28.050169
22,23,1,5,0,5,2026-07-30T16:58:28.890264
22,23,2,5,0,5,2026-07-30T16:58:30.524846
22,23,3,5,0,5,2026-07-30T16:58:32.166715
22,23,4,5,0,5,2026-07-30T16:58:34.065249
22,23,5,5,0,5,2026-07-30T16:58:35.332740
22,23,6,5,0,5,2026-07-30T16:58:36.580545
22,23,7,5,0,5,2026-07-30T16:58:38.053814
22,23,8,5,0,5,2026-07-30T16:58:39.330606
22,23,9,5,0,5,2026-07-30T16:58:40.803794
22,23,10,5,0,5,2026-07-30T16:58:42.057036
22,24,1,5,0,5,2026-07-30T16:58:43.108064
22,24,2,5,0,5,2026-07-30T16:58:44.968576
22,24,3,5,0,5,2026-07-30T16:58:46.837602
22,24,4,5,0,5,2026-07-30T16:58:48.499621
22,24,5,5,0,5,2026-07-30T16:58:50.152244
22,24,6,0,0,0,2026-07-30T16:58:51.996500
22,24,7,5,0,5,2026-07-30T16:58:53.033994
22,24,8,5,0,5,2026-07-30T16:58:54.668666
22,24,9,5,0,5,2026-07-30T16:58:55.733809
22,24,10,5,0,5,2026-07-30T16:58:56.792494
22,25,1,0,0,0,2026-07-30T16:58:58.032046
22,25,2,0,0,0,2026-07-30T16:58:59.881858
22,25,3,2,0,2,2026-07-30T16:59:00.924709
22,25,4,4,0,4,2026-07-30T16:59:02.373055
22,25,5,0,0,0,2026-07-30T16:59:04.031770
22,25,6,0,0,0,2026-07-30T16:59:05.294338
22,25,7,0,0,0,2026-07-30T16:59:07.142091
22,25,8,0,0,0,2026-07-30T16:59:08.417954
22,25,9,0,0,0,2026-07-30T16:59:09.669303
22,25,10,0,0,0,2026-07-30T16:59:11.133870
22,26,1,5,0,5,2026-07-30T16:59:12.187132
22,26,2,5,0,5,2026-07-30T16:59:13.449003
22,26,3,5,0,5,2026-07-30T16:59:14.511880
22,26,4,5,0,5,2026-07-30T16:59:15.954552
22,26,5,5,0,5,2026-07-30T16:59:17.617563
22,26,6,5,0,5,2026-07-30T16:59:18.848152
22,26,7,5,0,5,2026-07-30T16:59:19.887501
22,26,8,5,0,5,2026-07-30T16:59:20.940567
22,26,9,5,0,5,2026-07-30T16:59:22.199939
22,26,10,5,0,5,2026-07-30T16:59:23.454916
22,27,1,5,0,5,2026-07-30T16:59:24.717425
22,27,2,5,0,5,2026-07-30T16:59:25.967896
22,27,3,5,0,5,2026-07-30T16:59:27.419587
22,27,4,5,0,5,2026-07-30T16:59:28.672015
22,27,5,5,0,5,2026-07-30T16:59:29.943483
22,27,6,5,0,5,2026-07-30T16:59:31.836619
22,27,7,5,0,5,2026-07-30T16:59:33.696070
22,27,8,5,0,5,2026-07-30T16:59:34.717067
22,27,9,5,0,5,2026-07-30T16:59:35.765330
22,27,10,5,0,5,2026-07-30T16:59:37.424266
22,28,1,5,0,5,2026-07-30T16:59:39.306322
22,28,2,5,0,5,2026-07-30T16:59:40.389187
22,28,3,5,0,5,2026-07-30T16:59:41.842638
22,28,4,5,0,5,2026-07-30T16:59:43.707123
22,28,5,5,0,5,2026-07-30T16:59:45.389334
22,28,6,5,0,5,2026-07-30T16:59:47.034540
22,28,7,5,0,5,2026-07-30T16:59:49.115004
22,28,8,5,0,5,2026-07-30T16:59:50.359508
22,28,9,5,0,5,2026-07-30T16:59:51.406028
22,28,10,5,0,5,2026-07-30T16:59:52.859633
22,29,1,5,0,5,2026-07-30T16:59:54.112820
22,29,2,5,0,5,2026-07-30T16:59:55.375871
22,29,3,5,0,5,2026-07-30T16:59:56.449370
22,29,4,5,0,5,2026-07-30T16:59:57.701941
22,29,5,5,0,5,2026-07-30T16:59:58.957930
22,29,6,5,0,5,2026-07-30T17:00:00.823876
22,29,7,5,0,5,2026-07-30T17:00:01.910398
22,29,8,5,0,5,2026-07-30T17:00:03.777806
22,29,9,5,0,5,2026-07-30T17:00:05.644745
22,29,10,5,0,5,2026-07-30T17:00:06.910273
22,30,1,5,0,5,2026-07-30T17:00:08.579736
22,30,2,5,0,5,2026-07-30T17:00:10.279919
22,30,3,5,0,5,2026-07-30T17:00:11.952079
22,30,4,5,0,5,2026-07-30T17:00:14.021994
22,30,5,5,0,5,2026-07-30T17:00:15.682658
22,30,6,5,0,5,2026-07-30T17:00:17.411116
22,30,7,5,0,5,2026-07-30T17:00:18.653287
22,30,8,5,0,5,2026-07-30T17:00:19.919810
22,30,9,3,0,3,2026-07-30T17:00:21.372101
22,30,10,5,0,5,2026-07-30T17:00:22.609926
23,1,1,5,0,5,2026-07-30T17:00:24.064296
23,1,2,5,0,5,2026-07-30T17:00:25.532415
23,1,3,5,0,5,2026-07-30T17:00:26.401316
23,1,4,5,0,5,2026-07-30T17:00:28.250529
23,1,5,5,0,5,2026-07-30T17:00:29.491041
23,1,6,5,0,5,2026-07-30T17:00:30.758936
23,1,7,5,0,5,2026-07-30T17:00:32.423609
23,1,8,5,0,5,2026-07-30T17:00:33.498985
23,1,9,5,0,5,2026-07-30T17:00:35.378081
23,1,10,5,0,5,2026-07-30T17:00:36.443831
23,2,1,5,0,5,2026-07-30T17:00:38.314784
23,2,2,5,0,5,2026-07-30T17:00:40.195291
23,2,3,5,0,5,2026-07-30T17:00:42.046093
23,2,4,5,0,5,2026-07-30T17:00:44.108255
23,2,5,5,0,5,2026-07-30T17:00:45.980275
23,2,6,5,0,5,2026-07-30T17:00:47.627493
23,2,7,5,0,5,2026-07-30T17:00:49.096147
23,2,8,5,0,5,2026-07-30T17:00:50.560913
23,2,9,5,0,5,2026-07-30T17:00:52.438531
23,2,10,5,0,5,2026-07-30T17:00:53.692342
23,3,1,5,0,5,2026-07-30T17:00:54.988493
23,3,2,3,0,3,2026-07-30T17:00:56.441282
23,3,3,5,0,5,2026-07-30T17:00:57.901875
23,3,4,5,0,5,2026-07-30T17:00:59.360281
23,3,5,5,0,5,2026-07-30T17:01:00.614063
23,3,6,5,0,5,2026-07-30T17:01:02.275955
23,3,7,5,0,5,2026-07-30T17:01:03.947041
23,3,8,5,0,5,2026-07-30T17:01:05.622487
23,3,9,5,0,5,2026-07-30T17:01:06.877659
23,3,10,5,0,5,2026-07-30T17:01:08.744903
23,4,1,0,0,0,2026-07-30T17:01:10.002070
23,4,2,0,0,0,2026-07-30T17:01:11.245626
23,4,3,0,0,0,2026-07-30T17:01:12.284855
23,4,4,0,0,0,2026-07-30T17:01:13.973203
23,4,5,0,0,0,2026-07-30T17:01:15.864152
23,4,6,2,0,2,2026-07-30T17:01:17.129050
23,4,7,0,0,0,2026-07-30T17:01:18.589594
23,4,8,2,0,2,2026-07-30T17:01:20.651248
23,4,9,0,0,0,2026-07-30T17:01:22.088458
23,4,10,0,0,0,2026-07-30T17:01:23.731862
23,5,1,0,0,0,2026-07-30T17:01:25.405490
23,5,2,0,0,0,2026-07-30T17:01:27.272567
23,5,3,0,0,0,2026-07-30T17:01:28.537198
23,5,4,0,0,0,2026-07-30T17:01:29.985250
23,5,5,0,0,0,2026-07-30T17:01:31.842338
23,5,6,5,0,5,2026-07-30T17:01:33.720553
23,5,7,0,0,0,2026-07-30T17:01:35.796156
23,5,8,0,0,0,2026-07-30T17:01:37.061727
23,5,9,0,0,0,2026-07-30T17:01:39.137960
23,5,10,0,0,0,2026-07-30T17:01:40.596983
23,6,1,5,0,5,2026-07-30T17:01:41.852848
23,6,2,5,0,5,2026-07-30T17:01:43.321692
23,6,3,5,0,5,2026-07-30T17:01:44.369131
23,6,4,5,0,5,2026-07-30T17:01:46.024816
23,6,5,5,0,5,2026-07-30T17:01:47.294766
23,6,6,5,0,5,2026-07-30T17:01:48.334370
23,6,7,5,0,5,2026-07-30T17:01:50.200829
23,6,8,5,0,5,2026-07-30T17:01:52.065969
23,6,9,5,0,5,2026-07-30T17:01:53.931838
23,6,10,5,0,5,2026-07-30T17:01:55.170548
23,7,1,5,0,5,2026-07-30T17:01:56.207519
23,7,2,5,0,5,2026-07-30T17:01:57.280701
23,7,3,5,0,5,2026-07-30T17:01:58.130036
23,7,4,5,0,5,2026-07-30T17:01:59.768279
23,7,5,5,0,5,2026-07-30T17:02:01.640788
23,7,6,5,0,5,2026-07-30T17:02:03.321627
23,7,7,5,0,5,2026-07-30T17:02:05.188215
23,7,8,5,0,5,2026-07-30T17:02:06.659057
23,7,9,5,0,5,2026-07-30T17:02:07.924571
23,7,10,5,0,5,2026-07-30T17:02:09.381101
23,8,1,5,0,5,2026-07-30T17:02:11.277201
23,8,2,5,0,5,2026-07-30T17:02:12.756462
23,8,3,5,0,5,2026-07-30T17:02:14.417125
23,8,4,5,0,5,2026-07-30T17:02:15.679869
23,8,5,5,0,5,2026-07-30T17:02:17.554002
23,8,6,5,0,5,2026-07-30T17:02:19.004539
23,8,7,5,0,5,2026-07-30T17:02:20.690800
23,8,8,5,0,5,2026-07-30T17:02:22.546989
23,8,9,5,0,5,2026-07-30T17:02:24.404100
23,8,10,5,0,5,2026-07-30T17:02:25.476102
23,9,1,0,0,0,2026-07-30T17:03:01.074373
23,9,2,0,0,0,2026-07-30T17:03:01.292868
23,9,3,5,0,5,2026-07-30T17:03:01.290159
23,9,4,3,0,3,2026-07-30T17:03:00.878234
23,9,5,5,0,5,2026-07-30T17:03:00.679086
23,9,6,5,0,5,2026-07-30T17:03:01.291816
23,9,7,5,0,5,2026-07-30T17:03:01.291897
23,9,8,2,0,2,2026-07-30T17:03:01.300151
23,9,9,2,0,2,2026-07-30T17:03:01.941159
23,9,10,2,0,2,2026-07-30T17:03:02.539287
23,10,1,5,0,5,2026-07-30T17:03:02.723799
23,10,2,2,0,2,2026-07-30T17:03:03.653497
23,10,3,5,0,5,2026-07-30T17:03:02.535729
23,10,4,5,0,5,2026-07-30T17:03:02.758511
23,10,5,5,0,5,2026-07-30T17:03:02.332411
23,10,6,5,0,5,2026-07-30T17:03:02.562584
23,10,7,0,0,0,2026-07-30T17:03:03.624626
23,10,8,2,0,2,2026-07-30T17:03:04.205416
23,10,9,5,0,5,2026-07-30T17:03:04.045082
23,10,10,5,0,5,2026-07-30T17:03:03.992269
23,11,1,5,0,5,2026-07-30T17:03:04.425703
23,11,2,5,0,5,2026-07-30T17:03:04.368438
23,11,3,5,0,5,2026-07-30T17:03:04.434011
23,11,4,5,0,5,2026-07-30T17:03:05.293930
23,11,5,5,0,5,2026-07-30T17:03:04.911678
23,11,6,5,0,5,2026-07-30T17:03:05.463293
23,11,7,5,0,5,2026-07-30T17:03:05.900832
23,11,8,5,0,5,2026-07-30T17:03:06.283823
23,11,9,5,0,5,2026-07-30T17:03:05.851561
23,11,10,5,0,5,2026-07-30T17:03:06.296462
23,12,1,5,0,5,2026-07-30T17:03:05.482816
23,12,2,5,0,5,2026-07-30T17:03:05.991544
23,12,3,5,0,5,2026-07-30T17:03:06.337038
23,12,4,5,0,5,2026-07-30T17:03:07.139544
23,12,5,5,0,5,2026-07-30T17:03:06.947364
23,12,6,5,0,5,2026-07-30T17:03:07.486459
23,12,7,5,0,5,2026-07-30T17:03:07.511877
23,12,8,5,0,5,2026-07-30T17:03:07.939741
23,12,9,5,0,5,2026-07-30T17:03:07.759257
23,12,10,5,0,5,2026-07-30T17:03:07.341892
23,13,1,2,0,2,2026-07-30T17:03:07.576603
23,13,2,2,0,2,2026-07-30T17:03:08.244528
23,13,3,3,0,3,2026-07-30T17:03:08.593413
23,13,4,3,0,3,2026-07-30T17:03:09.207307
23,13,5,4,0,4,2026-07-30T17:03:09.469294
23,13,6,3,0,3,2026-07-30T17:03:08.777391
23,13,7,3,0,3,2026-07-30T17:03:08.802193
23,13,8,3,0,3,2026-07-30T17:03:09.649037
23,13,9,3,0,3,2026-07-30T17:03:09.179125
23,13,10,3,0,3,2026-07-30T17:03:09.502304
23,14,1,5,0,5,2026-07-30T17:03:10.474967
23,14,2,4,0,4,2026-07-30T17:03:10.063220
23,14,3,2,0,2,2026-07-30T17:03:10.262918
23,14,4,3,0,3,2026-07-30T17:03:11.028221
23,14,5,5,0,5,2026-07-30T17:03:10.868660
23,14,6,5,0,5,2026-07-30T17:03:10.530841
23,14,7,5,0,5,2026-07-30T17:03:11.558204
23,14,8,4,0,4,2026-07-30T17:03:11.524067
23,14,9,5,0,5,2026-07-30T17:03:10.924457
23,14,10,5,0,5,2026-07-30T17:03:11.472704
23,15,1,5,0,5,2026-07-30T17:03:11.521567
23,15,2,5,0,5,2026-07-30T17:03:12.434657
23,15,3,5,0,5,2026-07-30T17:03:12.116242
23,15,4,5,0,5,2026-07-30T17:03:12.768642
23,15,5,5,0,5,2026-07-30T17:03:12.293596
23,15,6,5,0,5,2026-07-30T17:03:12.542862
23,15,7,5,0,5,2026-07-30T17:03:13.390636
23,15,8,5,0,5,2026-07-30T17:03:13.362342
23,15,9,5,0,5,2026-07-30T17:03:12.622028
23,15,10,5,0,5,2026-07-30T17:03:14.178109
23,16,1,5,0,5,2026-07-30T17:03:13.971444
23,16,2,5,0,5,2026-07-30T17:03:13.686502
23,16,3,5,0,5,2026-07-30T17:03:14.005658
23,16,4,5,0,5,2026-07-30T17:03:13.665553
23,16,5,5,0,5,2026-07-30T17:03:14.625716
23,16,6,5,0,5,2026-07-30T17:03:15.259285
23,16,7,5,0,5,2026-07-30T17:03:14.830836
23,16,8,5,0,5,2026-07-30T17:03:15.738487
23,16,9,5,0,5,2026-07-30T17:03:15.522084
23,16,10,5,0,5,2026-07-30T17:03:15.824390
23,17,1,5,0,5,2026-07-30T17:03:15.259543
23,17,2,5,0,5,2026-07-30T17:03:15.437710
23,17,3,5,0,5,2026-07-30T17:03:16.689156
23,17,4,5,0,5,2026-07-30T17:03:17.078908
23,17,5,5,0,5,2026-07-30T17:03:16.315272
23,17,6,5,0,5,2026-07-30T17:03:16.718883
23,17,7,5,0,5,2026-07-30T17:03:16.893704
23,17,8,5,0,5,2026-07-30T17:03:17.377562
23,17,9,5,0,5,2026-07-30T17:03:16.968313
23,17,10,5,0,5,2026-07-30T17:03:17.658063
23,18,1,5,0,5,2026-07-30T17:03:17.139661
23,18,2,5,0,5,2026-07-30T17:03:18.329544
23,18,3,5,0,5,2026-07-30T17:03:18.199649
23,18,4,5,0,5,2026-07-30T17:03:18.338545
23,18,5,5,0,5,2026-07-30T17:03:18.650642
23,18,6,5,0,5,2026-07-30T17:03:18.523055
23,18,7,5,0,5,2026-07-30T17:03:18.408514
23,18,8,5,0,5,2026-07-30T17:03:18.649018
23,18,9,5,0,5,2026-07-30T17:03:19.307997
23,18,10,5,0,5,2026-07-30T17:03:19.652284
23,19,1,5,0,5,2026-07-30T17:03:20.002785
23,19,2,5,0,5,2026-07-30T17:03:19.589455
23,19,3,5,0,5,2026-07-30T17:03:20.232576
23,19,4,5,0,5,2026-07-30T17:03:19.601547
23,19,5,5,0,5,2026-07-30T17:03:20.288980
23,19,6,5,0,5,2026-07-30T17:03:20.323982
23,19,7,5,0,5,2026-07-30T17:03:21.179777
23,19,8,5,0,5,2026-07-30T17:03:21.022508
23,19,9,3,0,3,2026-07-30T17:03:20.635453
23,19,10,5,0,5,2026-07-30T17:03:21.515962
23,20,1,5,0,5,2026-07-30T17:03:21.058632
23,20,2,5,0,5,2026-07-30T17:03:21.680152
23,20,3,5,0,5,2026-07-30T17:03:21.535933
23,20,4,5,0,5,2026-07-30T17:03:21.759886
23,20,5,5,0,5,2026-07-30T17:03:21.879327
23,20,6,5,0,5,2026-07-30T17:03:22.685240
23,20,7,5,0,5,2026-07-30T17:03:22.496366
23,20,8,5,0,5,2026-07-30T17:03:22.818862
23,20,9,5,0,5,2026-07-30T17:03:23.152133
23,20,10,5,0,5,2026-07-30T17:03:23.379690
23,21,1,5,0,5,2026-07-30T17:03:23.137107
23,21,2,5,0,5,2026-07-30T17:03:23.187965
23,21,3,5,0,5,2026-07-30T17:03:22.916782
23,21,4,5,0,5,2026-07-30T17:03:23.561230
23,21,5,5,0,5,2026-07-30T17:03:24.118315
23,21,6,5,0,5,2026-07-30T17:03:24.258167
23,21,7,5,0,5,2026-07-30T17:03:24.779657
23,21,8,5,0,5,2026-07-30T17:03:24.374230
23,21,9,5,0,5,2026-07-30T17:03:24.771171
23,21,10,5,0,5,2026-07-30T17:03:24.435728
23,22,1,5,0,5,2026-07-30T17:03:25.030897
23,22,2,5,0,5,2026-07-30T17:03:25.191732
23,22,3,5,0,5,2026-07-30T17:03:25.786654
23,22,4,5,0,5,2026-07-30T17:03:25.536842
23,22,5,5,0,5,2026-07-30T17:03:25.621462
23,22,6,5,0,5,2026-07-30T17:03:26.112178
23,22,7,5,0,5,2026-07-30T17:03:26.396748
23,22,8,5,0,5,2026-07-30T17:03:26.030764
23,22,9,5,0,5,2026-07-30T17:03:26.262892
23,22,10,5,0,5,2026-07-30T17:03:26.654447
23,23,1,5,0,5,2026-07-30T17:03:27.587819
23,23,2,5,0,5,2026-07-30T17:03:27.501475
23,23,3,5,0,5,2026-07-30T17:03:27.828595
23,23,4,5,0,5,2026-07-30T17:03:27.256601
23,23,5,5,0,5,2026-07-30T17:03:28.072205
23,23,6,5,0,5,2026-07-30T17:03:27.695631
23,23,7,5,0,5,2026-07-30T17:03:27.842769
23,23,8,5,0,5,2026-07-30T17:03:28.294107
23,23,9,5,0,5,2026-07-30T17:03:28.716864
23,23,10,5,0,5,2026-07-30T17:03:29.549955
23,24,1,5,0,5,2026-07-30T17:03:29.655941
23,24,2,5,0,5,2026-07-30T17:03:29.764456
23,24,3,0,0,0,2026-07-30T17:03:28.856725
23,24,4,5,0,5,2026-07-30T17:03:29.295594
23,24,5,5,0,5,2026-07-30T17:03:29.925583
23,24,6,5,0,5,2026-07-30T17:03:29.953566
23,24,7,5,0,5,2026-07-30T17:03:29.769801
23,24,8,5,0,5,2026-07-30T17:03:30.696656
23,24,9,5,0,5,2026-07-30T17:03:30.343220
23,24,10,5,0,5,2026-07-30T17:03:31.409174
23,25,1,5,0,5,2026-07-30T17:03:30.710085
23,25,2,4,0,4,2026-07-30T17:03:31.830069
23,25,3,0,0,0,2026-07-30T17:03:31.221937
23,25,4,3,0,3,2026-07-30T17:03:30.957619
23,25,5,3,0,3,2026-07-30T17:03:31.812688
23,25,6,5,0,5,2026-07-30T17:03:31.586561
23,25,7,4,0,4,2026-07-30T17:03:32.332751
23,25,8,0,0,0,2026-07-30T17:03:31.736345
23,25,9,0,0,0,2026-07-30T17:03:32.613762
23,25,10,0,0,0,2026-07-30T17:03:32.864502
23,26,1,5,0,5,2026-07-30T17:03:33.271418
23,26,2,5,0,5,2026-07-30T17:03:33.240898
23,26,3,5,0,5,2026-07-30T17:03:33.173370
23,26,4,5,0,5,2026-07-30T17:03:33.243671
23,26,5,5,0,5,2026-07-30T17:03:33.283171
23,26,6,5,0,5,2026-07-30T17:03:33.955591
23,26,7,5,0,5,2026-07-30T17:03:34.291253
23,26,8,5,0,5,2026-07-30T17:03:34.544427
23,26,9,5,0,5,2026-07-30T17:03:34.990159
23,26,10,5,0,5,2026-07-30T17:03:34.678379
23,27,1,5,0,5,2026-07-30T17:03:34.494768
23,27,2,5,0,5,2026-07-30T17:03:34.713698
23,27,3,5,0,5,2026-07-30T17:03:35.094644
23,27,4,5,0,5,2026-07-30T17:03:35.176062
23,27,5,5,0,5,2026-07-30T17:03:36.145651
23,27,6,5,0,5,2026-07-30T17:03:36.154975
23,27,7,5,0,5,2026-07-30T17:03:36.001357
23,27,8,5,0,5,2026-07-30T17:03:36.556250
23,27,9,5,0,5,2026-07-30T17:03:35.769286
23,27,10,5,0,5,2026-07-30T17:03:36.633100
23,28,1,5,0,5,2026-07-30T17:03:36.729877
23,28,2,4,0,4,2026-07-30T17:03:36.433049
23,28,3,5,0,5,2026-07-30T17:03:37.013266
23,28,4,5,0,5,2026-07-30T17:03:37.653770
23,28,5,5,0,5,2026-07-30T17:03:37.818187
23,28,6,5,0,5,2026-07-30T17:03:37.413356
23,28,7,5,0,5,2026-07-30T17:03:37.687866
23,28,8,5,0,5,2026-07-30T17:03:37.813033
23,28,9,5,0,5,2026-07-30T17:03:37.852448
23,28,10,5,0,5,2026-07-30T17:03:38.574914
23,29,1,5,0,5,2026-07-30T17:03:38.063055
23,29,2,5,0,5,2026-07-30T17:03:39.067280
23,29,3,5,0,5,2026-07-30T17:03:38.918276
23,29,4,5,0,5,2026-07-30T17:03:39.315618
23,29,5,5,0,5,2026-07-30T17:03:39.061907
23,29,6,5,0,5,2026-07-30T17:03:39.442250
23,29,7,5,0,5,2026-07-30T17:03:39.292367
23,29,8,5,0,5,2026-07-30T17:03:39.289377
23,29,9,5,0,5,2026-07-30T17:03:39.807027
23,29,10,5,0,5,2026-07-30T17:03:39.951459
23,30,1,5,0,5,2026-07-30T17:03:40.931300
23,30,2,5,0,5,2026-07-30T17:03:40.695736
23,30,3,5,0,5,2026-07-30T17:03:41.150152
23,30,4,5,0,5,2026-07-30T17:03:40.548663
23,30,5,5,0,5,2026-07-30T17:03:40.551894
23,30,6,5,0,5,2026-07-30T17:03:41.297763
23,30,7,5,0,5,2026-07-30T17:03:41.259185
23,30,8,5,0,5,2026-07-30T17:03:41.837620
23,30,9,5,0,5,2026-07-30T17:03:41.998737
23,30,10,5,0,5,2026-07-30T17:03:42.387938
24,1,1,5,0,5,2026-07-30T17:03:41.902642
24,1,2,5,0,5,2026-07-30T17:03:42.808887
24,1,3,5,0,5,2026-07-30T17:03:42.421757
24,1,4,5,0,5,2026-07-30T17:03:42.502185
24,1,5,5,0,5,2026-07-30T17:03:42.947796
24,1,6,5,0,5,2026-07-30T17:03:43.676540
24,1,7,5,0,5,2026-07-30T17:03:43.728212
24,1,8,5,0,5,2026-07-30T17:03:43.664656
24,1,9,5,0,5,2026-07-30T17:03:43.429569
24,1,10,5,0,5,2026-07-30T17:03:44.052871
24,2,1,5,0,5,2026-07-30T17:03:43.743431
24,2,2,5,0,5,2026-07-30T17:03:44.463987
24,2,3,5,0,5,2026-07-30T17:03:44.813670
24,2,4,5,0,5,2026-07-30T17:03:44.862191
24,2,5,5,0,5,2026-07-30T17:03:45.126791
24,2,6,5,0,5,2026-07-30T17:03:44.674216
24,2,7,5,0,5,2026-07-30T17:03:45.163767
24,2,8,5,0,5,2026-07-30T17:03:45.183351
24,2,9,5,0,5,2026-07-30T17:03:45.900909
24,2,10,5,0,5,2026-07-30T17:03:46.320531
24,3,1,5,0,5,2026-07-30T17:03:46.152743
24,3,2,5,0,5,2026-07-30T17:03:46.669846
24,3,3,5,0,5,2026-07-30T17:03:46.088297
24,3,4,5,0,5,2026-07-30T17:03:46.179335
24,3,5,5,0,5,2026-07-30T17:03:46.811526
24,3,6,5,0,5,2026-07-30T17:03:46.411039
24,3,7,5,0,5,2026-07-30T17:03:47.530079
24,3,8,5,0,5,2026-07-30T17:03:47.348273
24,3,9,5,0,5,2026-07-30T17:03:47.058241
24,3,10,5,0,5,2026-07-30T17:03:47.822994
24,4,1,0,0,0,2026-07-30T17:03:47.564603
24,4,2,5,0,5,2026-07-30T17:03:47.897463
24,4,3,3,0,3,2026-07-30T17:03:47.922398
24,4,4,2,0,2,2026-07-30T17:03:48.287457
24,4,5,0,0,0,2026-07-30T17:03:49.110561
24,4,6,2,0,2,2026-07-30T17:03:49.021912
24,4,7,2,0,2,2026-07-30T17:03:48.781273
24,4,8,2,0,2,2026-07-30T17:03:49.209430
24,4,9,2,0,2,2026-07-30T17:03:49.674154
24,4,10,3,0,3,2026-07-30T17:03:49.960586
24,5,1,5,0,5,2026-07-30T17:03:49.352189
24,5,2,5,0,5,2026-07-30T17:03:49.342062
24,5,3,5,0,5,2026-07-30T17:03:50.622153
24,5,4,0,0,0,2026-07-30T17:03:50.285937
24,5,5,5,0,5,2026-07-30T17:03:50.970467
24,5,6,5,0,5,2026-07-30T17:03:50.639549
24,5,7,5,0,5,2026-07-30T17:03:51.193826
24,5,8,5,0,5,2026-07-30T17:03:50.991975
24,5,9,5,0,5,2026-07-30T17:03:51.550312
24,5,10,5,0,5,2026-07-30T17:03:51.596285
24,6,1,5,0,5,2026-07-30T17:03:51.959343
24,6,2,5,0,5,2026-07-30T17:03:52.498257
24,6,3,5,0,5,2026-07-30T17:03:52.517812
24,6,4,5,0,5,2026-07-30T17:03:52.187650
24,6,5,5,0,5,2026-07-30T17:03:53.059824
24,6,6,5,0,5,2026-07-30T17:03:52.446656
24,6,7,5,0,5,2026-07-30T17:03:52.816745
24,6,8,5,0,5,2026-07-30T17:03:53.280066
24,6,9,5,0,5,2026-07-30T17:03:53.054992
24,6,10,5,0,5,2026-07-30T17:03:53.608179
24,7,1,5,0,5,2026-07-30T17:03:54.068351
24,7,2,5,0,5,2026-07-30T17:03:53.737414
24,7,3,5,0,5,2026-07-30T17:03:53.754621
24,7,4,5,0,5,2026-07-30T17:03:53.850917
24,7,5,5,0,5,2026-07-30T17:03:54.533955
24,7,6,5,0,5,2026-07-30T17:03:54.704425
24,7,7,5,0,5,2026-07-30T17:03:55.138310
24,7,8,5,0,5,2026-07-30T17:03:54.872165
24,7,9,5,0,5,2026-07-30T17:03:55.587556
24,7,10,5,0,5,2026-07-30T17:03:55.190044
24,8,1,5,0,5,2026-07-30T17:03:54.876891
24,8,2,5,0,5,2026-07-30T17:03:55.524307
24,8,3,5,0,5,2026-07-30T17:03:56.201639
24,8,4,5,0,5,2026-07-30T17:03:55.957385
24,8,5,5,0,5,2026-07-30T17:03:56.921347
24,8,6,5,0,5,2026-07-30T17:03:56.531959
24,8,7,5,0,5,2026-07-30T17:03:57.170842
24,8,8,5,0,5,2026-07-30T17:03:56.842680
24,8,9,5,0,5,2026-07-30T17:03:56.568226
24,8,10,5,0,5,2026-07-30T17:03:57.010781
24,9,1,0,0,0,2026-07-30T17:03:57.818495
24,9,2,0,0,0,2026-07-30T17:03:57.637778
24,9,3,0,0,0,2026-07-30T17:03:57.775919
24,9,4,0,0,0,2026-07-30T17:03:57.810451
24,9,5,0,0,0,2026-07-30T17:03:58.521304
24,9,6,0,0,0,2026-07-30T17:03:57.964947
24,9,7,2,0,2,2026-07-30T17:03:58.489150
24,9,8,2,0,2,2026-07-30T17:03:59.037993
24,9,9,0,0,0,2026-07-30T17:03:58.703730
24,9,10,1,0,1,2026-07-30T17:03:59.232025
24,10,1,5,0,5,2026-07-30T17:03:59.446712
24,10,2,5,0,5,2026-07-30T17:03:59.649291
24,10,3,5,0,5,2026-07-30T17:04:00.019867
24,10,4,5,0,5,2026-07-30T17:03:59.724759
24,10,5,0,0,0,2026-07-30T17:03:59.771855
24,10,6,0,0,0,2026-07-30T17:03:59.753865
24,10,7,5,0,5,2026-07-30T17:04:00.909061
24,10,8,5,0,5,2026-07-30T17:04:01.083254
24,10,9,5,0,5,2026-07-30T17:04:01.284844
24,10,10,0,0,0,2026-07-30T17:04:01.328234
24,11,1,5,0,5,2026-07-30T17:04:01.537295
24,11,2,5,0,5,2026-07-30T17:04:01.607309
24,11,3,5,0,5,2026-07-30T17:04:01.008396
24,11,4,5,0,5,2026-07-30T17:04:01.267642
24,11,5,5,0,5,2026-07-30T17:04:01.955350
24,11,6,5,0,5,2026-07-30T17:04:02.250035
24,11,7,5,0,5,2026-07-30T17:04:02.735011
24,11,8,5,0,5,2026-07-30T17:04:02.551102
24,11,9,5,0,5,2026-07-30T17:04:02.731944
24,11,10,5,0,5,2026-07-30T17:04:02.993019
24,12,1,5,0,5,2026-07-30T17:04:02.754663
24,12,2,5,0,5,2026-07-30T17:04:03.443647
24,12,3,5,0,5,2026-07-30T17:04:03.794898
24,12,4,5,0,5,2026-07-30T17:04:03.945717
24,12,5,5,0,5,2026-07-30T17:04:04.383557
24,12,6,5,0,5,2026-07-30T17:04:04.183642
24,12,7,5,0,5,2026-07-30T17:04:04.589765
24,12,8,5,0,5,2026-07-30T17:04:04.814095
24,12,9,5,0,5,2026-07-30T17:04:04.640039
24,12,10,5,0,5,2026-07-30T17:04:04.662950
24,13,1,5,0,5,2026-07-30T17:04:05.652923
24,13,2,5,0,5,2026-07-30T17:04:05.363740
24,13,3,5,0,5,2026-07-30T17:04:05.838243
24,13,4,5,0,5,2026-07-30T17:04:05.864551
24,13,5,5,0,5,2026-07-30T17:04:06.452780
24,13,6,5,0,5,2026-07-30T17:04:06.474576
24,13,7,5,0,5,2026-07-30T17:04:05.897052
24,13,8,5,0,5,2026-07-30T17:04:06.251872
24,13,9,5,0,5,2026-07-30T17:04:07.219850
24,13,10,5,0,5,2026-07-30T17:04:06.710415
24,14,1,5,0,5,2026-07-30T17:04:07.862617
24,14,2,5,0,5,2026-07-30T17:04:07.712927
24,14,3,5,0,5,2026-07-30T17:04:07.539762
24,14,4,5,0,5,2026-07-30T17:04:07.299279
24,14,5,5,0,5,2026-07-30T17:04:07.892732
24,14,6,5,0,5,2026-07-30T17:04:07.718105
24,14,7,5,0,5,2026-07-30T17:04:08.535840
24,14,8,5,0,5,2026-07-30T17:04:08.665550
24,14,9,5,0,5,2026-07-30T17:04:08.331332
24,14,10,5,0,5,2026-07-30T17:04:09.195683
24,15,1,5,0,5,2026-07-30T17:04:08.783088
24,15,2,5,0,5,2026-07-30T17:04:08.979274
24,15,3,5,0,5,2026-07-30T17:04:08.919579
24,15,4,5,0,5,2026-07-30T17:04:09.734027
24,15,5,5,0,5,2026-07-30T17:04:12.616917
24,15,6,5,0,5,2026-07-30T17:04:12.712592
24,15,7,5,0,5,2026-07-30T17:04:10.107307
24,15,8,5,0,5,2026-07-30T17:04:13.010654
24,15,9,5,0,5,2026-07-30T17:04:12.732488
24,15,10,5,0,5,2026-07-30T17:04:12.846911
24,16,1,5,0,5,2026-07-30T17:04:10.441424
24,16,2,5,0,5,2026-07-30T17:04:11.586339
24,16,3,5,0,5,2026-07-30T17:04:11.577433
24,16,4,5,0,5,2026-07-30T17:04:12.296679
24,16,5,5,0,5,2026-07-30T17:04:12.677841
24,16,6,5,0,5,2026-07-30T17:04:13.413776
24,16,7,5,0,5,2026-07-30T17:04:14.100555
24,16,8,5,0,5,2026-07-30T17:04:13.471229
24,16,9,5,0,5,2026-07-30T17:04:14.546989
24,16,10,5,0,5,2026-07-30T17:04:14.351960
24,17,1,5,0,5,2026-07-30T17:04:14.178811
24,17,2,5,0,5,2026-07-30T17:04:14.484431
24,17,3,5,0,5,2026-07-30T17:04:14.642510
24,17,4,5,0,5,2026-07-30T17:04:15.060661
24,17,5,5,0,5,2026-07-30T17:04:15.125686
24,17,6,5,0,5,2026-07-30T17:04:15.760956
24,17,7,5,0,5,2026-07-30T17:04:16.058913
24,17,8,5,0,5,2026-07-30T17:04:15.990020
24,17,9,5,0,5,2026-07-30T17:04:15.742406
24,17,10,5,0,5,2026-07-30T17:04:16.005588
24,18,1,5,0,5,2026-07-30T17:04:15.715044
24,18,2,5,0,5,2026-07-30T17:04:16.507140
24,18,3,5,0,5,2026-07-30T17:04:17.024794
24,18,4,5,0,5,2026-07-30T17:04:17.199443
24,18,5,5,0,5,2026-07-30T17:04:16.793800
24,18,6,5,0,5,2026-07-30T17:04:16.798490
24,18,7,5,0,5,2026-07-30T17:04:17.447185
24,18,8,5,0,5,2026-07-30T17:04:17.820876
24,18,9,5,0,5,2026-07-30T17:04:18.089333
24,18,10,5,0,5,2026-07-30T17:04:18.130985
24,19,1,5,0,5,2026-07-30T17:04:18.436045
24,19,2,5,0,5,2026-07-30T17:04:18.830647
24,19,3,5,0,5,2026-07-30T17:04:19.082614
24,19,4,5,0,5,2026-07-30T17:04:19.048727
24,19,5,5,0,5,2026-07-30T17:04:19.104225
24,19,6,5,0,5,2026-07-30T17:04:19.479191
24,19,7,5,0,5,2026-07-30T17:04:19.739791
24,19,8,5,0,5,2026-07-30T17:04:19.382641
24,19,9,5,0,5,2026-07-30T17:04:19.715409
24,19,10,5,0,5,2026-07-30T17:04:20.671360
24,20,1,5,0,5,2026-07-30T17:04:20.498341
24,20,2,5,0,5,2026-07-30T17:04:20.151378
24,20,3,5,0,5,2026-07-30T17:04:21.202327
24,20,4,5,0,5,2026-07-30T17:04:20.650282
24,20,5,5,0,5,2026-07-30T17:04:21.508064
24,20,6,5,0,5,2026-07-30T17:04:21.175158
24,20,7,5,0,5,2026-07-30T17:04:21.599924
24,20,8,5,0,5,2026-07-30T17:04:21.197425
24,20,9,5,0,5,2026-07-30T17:04:21.910561
24,20,10,5,0,5,2026-07-30T17:04:22.508496
24,21,1,5,0,5,2026-07-30T17:04:21.880964
24,21,2,5,0,5,2026-07-30T17:04:23.019244
24,21,3,5,0,5,2026-07-30T17:04:23.060672
24,21,4,5,0,5,2026-07-30T17:04:22.445143
24,21,5,5,0,5,2026-07-30T17:04:23.381400
24,21,6,5,0,5,2026-07-30T17:04:23.257460
24,21,7,5,0,5,2026-07-30T17:04:23.334572
24,21,8,5,0,5,2026-07-30T17:04:23.157343
24,21,9,5,0,5,2026-07-30T17:04:24.309442
24,21,10,5,0,5,2026-07-30T17:04:23.549490
24,22,1,5,0,5,2026-07-30T17:04:24.263096
24,22,2,5,0,5,2026-07-30T17:04:24.303202
24,22,3,5,0,5,2026-07-30T17:04:24.596485
24,22,4,5,0,5,2026-07-30T17:04:24.950544
24,22,5,5,0,5,2026-07-30T17:04:25.176487
24,22,6,5,0,5,2026-07-30T17:04:24.638110
24,22,7,5,0,5,2026-07-30T17:04:24.592107
24,22,8,5,0,5,2026-07-30T17:04:25.477018
24,22,9,5,0,5,2026-07-30T17:04:25.746489
24,22,10,5,0,5,2026-07-30T17:04:25.795348
24,23,1,5,0,5,2026-07-30T17:04:26.276192
24,23,2,5,0,5,2026-07-30T17:04:25.630630
24,23,3,5,0,5,2026-07-30T17:04:26.078677
24,23,4,5,0,5,2026-07-30T17:04:26.623644
24,23,5,5,0,5,2026-07-30T17:04:27.042695
24,23,6,5,0,5,2026-07-30T17:04:27.151296
24,23,7,5,0,5,2026-07-30T17:04:27.092339
24,23,8,5,0,5,2026-07-30T17:04:26.800456
24,23,9,5,0,5,2026-07-30T17:04:27.448732
24,23,10,5,0,5,2026-07-30T17:04:27.136068
24,24,1,5,0,5,2026-07-30T17:04:27.718196
24,24,2,5,0,5,2026-07-30T17:04:28.084173
24,24,3,5,0,5,2026-07-30T17:04:28.632338
24,24,4,5,0,5,2026-07-30T17:04:28.706830
24,24,5,5,0,5,2026-07-30T17:04:28.359492
24,24,6,5,0,5,2026-07-30T17:04:28.573737
24,24,7,5,0,5,2026-07-30T17:04:28.586224
24,24,8,5,0,5,2026-07-30T17:04:28.507169
24,24,9,5,0,5,2026-07-30T17:04:29.803181
24,24,10,5,0,5,2026-07-30T17:04:29.386640
24,25,1,0,0,0,2026-07-30T17:04:29.580457
24,25,2,5,0,5,2026-07-30T17:04:29.350582
24,25,3,0,0,0,2026-07-30T17:04:29.825878
24,25,4,0,0,0,2026-07-30T17:04:30.428424
24,25,5,0,0,0,2026-07-30T17:04:30.282163
24,25,6,5,0,5,2026-07-30T17:04:30.759802
24,25,7,0,0,0,2026-07-30T17:04:30.604787
24,25,8,0,0,0,2026-07-30T17:04:30.927718
24,25,9,5,0,5,2026-07-30T17:04:30.843515
24,25,10,5,0,5,2026-07-30T17:04:31.300273
24,26,1,5,0,5,2026-07-30T17:04:31.672519
24,26,2,5,0,5,2026-07-30T17:04:31.920353
24,26,3,5,0,5,2026-07-30T17:04:32.086648
24,26,4,5,0,5,2026-07-30T17:04:32.081665
24,26,5,5,0,5,2026-07-30T17:04:32.371322
24,26,6,5,0,5,2026-07-30T17:04:32.516360
24,26,7,5,0,5,2026-07-30T17:04:32.181396
24,26,8,5,0,5,2026-07-30T17:04:33.372468
24,26,9,5,0,5,2026-07-30T17:04:32.687382
24,26,10,5,0,5,2026-07-30T17:04:33.163332
24,27,1,5,0,5,2026-07-30T17:04:33.949268
24,27,2,5,0,5,2026-07-30T17:04:33.544269
24,27,3,5,0,5,2026-07-30T17:04:33.241680
24,27,4,5,0,5,2026-07-30T17:04:33.409135
24,27,5,5,0,5,2026-07-30T17:04:33.734879
24,27,6,5,0,5,2026-07-30T17:04:34.346938
24,27,7,5,0,5,2026-07-30T17:04:34.620722
24,27,8,5,0,5,2026-07-30T17:04:34.265113
24,27,9,5,0,5,2026-07-30T17:04:34.262029
24,27,10,5,0,5,2026-07-30T17:04:35.129217
24,28,1,5,0,5,2026-07-30T17:04:35.266605
24,28,2,5,0,5,2026-07-30T17:04:35.603121
24,28,3,5,0,5,2026-07-30T17:04:34.980296
24,28,4,5,0,5,2026-07-30T17:04:35.489983
24,28,5,5,0,5,2026-07-30T17:04:35.313962
24,28,6,5,0,5,2026-07-30T17:04:35.575403
24,28,7,5,0,5,2026-07-30T17:04:35.658032
24,28,8,5,0,5,2026-07-30T17:04:36.050341
24,28,9,5,0,5,2026-07-30T17:04:36.821189
24,28,10,5,0,5,2026-07-30T17:04:36.918502
24,29,1,5,0,5,2026-07-30T17:04:37.178658
24,29,2,5,0,5,2026-07-30T17:04:36.741183
24,29,3,5,0,5,2026-07-30T17:04:37.624375
24,29,4,5,0,5,2026-07-30T17:04:37.442732
24,29,5,5,0,5,2026-07-30T17:04:36.924064
24,29,6,5,0,5,2026-07-30T17:04:37.714456
24,29,7,5,0,5,2026-07-30T17:04:38.610458
24,29,8,5,0,5,2026-07-30T17:04:38.037483
24,29,9,5,0,5,2026-07-30T17:04:38.969379
24,29,10,5,0,5,2026-07-30T17:04:38.046493
24,30,1,5,0,5,2026-07-30T17:04:38.233288
24,30,2,5,0,5,2026-07-30T17:04:39.315974
24,30,3,5,0,5,2026-07-30T17:04:39.498242
24,30,4,5,0,5,2026-07-30T17:04:39.382027
24,30,5,5,0,5,2026-07-30T17:04:39.866757
24,30,6,5,0,5,2026-07-30T17:04:39.710676
24,30,7,5,0,5,2026-07-30T17:04:40.093442
24,30,8,5,0,5,2026-07-30T17:04:39.831570
24,30,9,5,0,5,2026-07-30T17:04:40.443743
24,30,10,5,0,5,2026-07-30T17:04:40.548624
25,1,1,5,0,5,2026-07-30T17:04:40.604271
25,1,2,5,0,5,2026-07-30T17:04:40.979950
25,1,3,5,0,5,2026-07-30T17:04:41.153040
25,1,4,5,0,5,2026-07-30T17:04:41.654557
25,1,5,5,0,5,2026-07-30T17:04:41.490008
25,1,6,5,0,5,2026-07-30T17:04:41.738119
25,1,7,5,0,5,2026-07-30T17:04:42.075392
25,1,8,5,0,5,2026-07-30T17:04:41.980651
25,1,9,5,0,5,2026-07-30T17:04:42.447990
25,1,10,5,0,5,2026-07-30T17:04:42.437793
25,2,1,5,0,5,2026-07-30T17:04:42.629448
25,2,2,5,0,5,2026-07-30T17:04:43.342307
25,2,3,5,0,5,2026-07-30T17:04:43.280681
25,2,4,5,0,5,2026-07-30T17:04:43.591425
25,2,5,5,0,5,2026-07-30T17:04:43.227707
25,2,6,5,0,5,2026-07-30T17:04:43.732038
25,2,7,5,0,5,2026-07-30T17:04:43.695323
25,2,8,5,0,5,2026-07-30T17:04:44.070496
25,2,9,5,0,5,2026-07-30T17:04:43.854472
25,2,10,5,0,5,2026-07-30T17:04:44.761020
25,3,1,5,0,5,2026-07-30T17:04:44.297225
25,3,2,5,0,5,2026-07-30T17:04:45.202675
25,3,3,5,0,5,2026-07-30T17:04:45.051267
25,3,4,5,0,5,2026-07-30T17:04:45.341881
25,3,5,5,0,5,2026-07-30T17:04:44.955334
25,3,6,5,0,5,2026-07-30T17:04:45.668909
25,3,7,5,0,5,2026-07-30T17:04:45.710723
25,3,8,5,0,5,2026-07-30T17:04:45.709708
25,3,9,5,0,5,2026-07-30T17:04:46.007568
25,3,10,5,0,5,2026-07-30T17:04:46.187776
25,4,1,5,0,5,2026-07-30T17:04:47.103076
25,4,2,5,0,5,2026-07-30T17:04:46.433147
25,4,3,5,0,5,2026-07-30T17:04:47.399202
25,4,4,5,0,5,2026-07-30T17:04:47.518158
25,4,5,5,0,5,2026-07-30T17:04:47.127638
25,4,6,5,0,5,2026-07-30T17:04:46.934380
25,4,7,5,0,5,2026-07-30T17:04:47.474028
25,4,8,5,0,5,2026-07-30T17:04:47.845694
25,4,9,5,0,5,2026-07-30T17:04:48.087430
25,4,10,5,0,5,2026-07-30T17:04:48.382793
25,5,1,5,0,5,2026-07-30T17:04:48.359982
25,5,2,5,0,5,2026-07-30T17:04:49.186538
25,5,3,5,0,5,2026-07-30T17:04:48.814394
25,5,4,5,0,5,2026-07-30T17:04:49.307819
25,5,5,5,0,5,2026-07-30T17:04:49.361415
25,5,6,5,0,5,2026-07-30T17:04:49.671606
25,5,7,5,0,5,2026-07-30T17:04:48.931291
25,5,8,5,0,5,2026-07-30T17:04:49.819661
25,5,9,5,0,5,2026-07-30T17:04:49.390195
25,5,10,5,0,5,2026-07-30T17:04:50.267023
25,6,1,5,0,5,2026-07-30T17:04:49.964784
25,6,2,5,0,5,2026-07-30T17:04:51.027261
25,6,3,5,0,5,2026-07-30T17:04:50.348847
25,6,4,5,0,5,2026-07-30T17:04:50.784829
25,6,5,5,0,5,2026-07-30T17:04:51.218311
25,6,6,5,0,5,2026-07-30T17:04:51.317382
25,6,7,5,0,5,2026-07-30T17:04:51.027554
25,6,8,5,0,5,2026-07-30T17:04:51.808639
25,6,9,5,0,5,2026-07-30T17:04:51.505643
25,6,10,5,0,5,2026-07-30T17:04:52.009647
25,7,1,5,0,5,2026-07-30T17:04:52.436691
25,7,2,5,0,5,2026-07-30T17:04:51.858759
25,7,3,5,0,5,2026-07-30T17:04:52.705270
25,7,4,5,0,5,2026-07-30T17:04:52.686334
25,7,5,5,0,5,2026-07-30T17:04:52.592045
25,7,6,5,0,5,2026-07-30T17:04:52.729076
25,7,7,5,0,5,2026-07-30T17:04:53.647559
25,7,8,5,0,5,2026-07-30T17:04:53.111980
25,7,9,5,0,5,2026-07-30T17:04:53.249950
25,7,10,5,0,5,2026-07-30T17:04:54.303410
25,8,1,5,0,5,2026-07-30T17:04:53.613359
25,8,2,5,0,5,2026-07-30T17:04:53.926858
25,8,3,5,0,5,2026-07-30T17:04:53.934774
25,8,4,5,0,5,2026-07-30T17:04:54.387287
25,8,5,5,0,5,2026-07-30T17:04:54.981138
25,8,6,5,0,5,2026-07-30T17:04:54.505278
25,8,7,5,0,5,2026-07-30T17:04:55.300085
25,8,8,5,0,5,2026-07-30T17:04:55.085393
25,8,9,5,0,5,2026-07-30T17:04:55.565264
25,8,10,5,0,5,2026-07-30T17:04:55.186002
25,9,1,5,0,5,2026-07-30T17:04:56.154811
25,9,2,5,0,5,2026-07-30T17:04:56.237485
25,9,3,5,0,5,2026-07-30T17:04:56.336826
25,9,4,5,0,5,2026-07-30T17:04:55.798232
25,9,5,5,0,5,2026-07-30T17:04:56.752930
25,9,6,5,0,5,2026-07-30T17:04:56.641271
25,9,7,5,0,5,2026-07-30T17:04:56.961856
25,9,8,5,0,5,2026-07-30T17:04:56.994961
25,9,9,5,0,5,2026-07-30T17:04:57.037454
25,9,10,5,0,5,2026-07-30T17:04:57.593963
25,10,1,5,0,5,2026-07-30T17:04:58.076427
25,10,2,5,0,5,2026-07-30T17:04:57.356151
25,10,3,5,0,5,2026-07-30T17:04:57.692935
25,10,4,5,0,5,2026-07-30T17:04:58.403799
25,10,5,5,0,5,2026-07-30T17:04:58.597922
25,10,6,5,0,5,2026-07-30T17:04:57.832541
25,10,7,5,0,5,2026-07-30T17:04:58.463522
25,10,8,5,0,5,2026-07-30T17:04:58.606424
25,10,9,5,0,5,2026-07-30T17:04:58.613494
25,10,10,5,0,5,2026-07-30T17:04:59.118465
25,11,1,5,0,5,2026-07-30T17:04:58.890372
25,11,2,5,0,5,2026-07-30T17:04:59.527007
25,11,3,5,0,5,2026-07-30T17:04:59.648504
25,11,4,5,0,5,2026-07-30T17:04:59.492725
25,11,5,5,0,5,2026-07-30T17:05:00.253339
25,11,6,5,0,5,2026-07-30T17:05:00.273495
25,11,7,5,0,5,2026-07-30T17:04:59.837502
25,11,8,5,0,5,2026-07-30T17:05:00.696222
25,11,9,5,0,5,2026-07-30T17:05:00.758451
25,11,10,5,0,5,2026-07-30T17:05:00.752186
25,12,1,5,0,5,2026-07-30T17:05:00.764516
25,12,2,5,0,5,2026-07-30T17:05:01.508396
25,12,3,5,0,5,2026-07-30T17:05:01.678695
25,12,4,5,0,5,2026-07-30T17:05:01.486030
25,12,5,5,0,5,2026-07-30T17:05:01.902214
25,12,6,5,0,5,2026-07-30T17:05:01.922270
25,12,7,5,0,5,2026-07-30T17:05:02.170980
25,12,8,5,0,5,2026-07-30T17:05:02.422280
25,12,9,5,0,5,2026-07-30T17:05:02.422855
25,12,10,5,0,5,2026-07-30T17:05:02.935740
25,13,1,5,0,5,2026-07-30T17:05:02.968512
25,13,2,5,0,5,2026-07-30T17:05:03.515111
25,13,3,5,0,5,2026-07-30T17:05:03.149157
25,13,4,5,0,5,2026-07-30T17:05:03.944218
25,13,5,5,0,5,2026-07-30T17:05:04.030194
25,13,6,5,0,5,2026-07-30T17:05:04.093993
25,13,7,5,0,5,2026-07-30T17:05:03.676211
25,13,8,5,0,5,2026-07-30T17:05:03.991275
25,13,9,5,0,5,2026-07-30T17:05:03.991828
25,13,10,5,0,5,2026-07-30T17:05:04.773928
25,14,1,5,0,5,2026-07-30T17:05:04.973390
25,14,2,5,0,5,2026-07-30T17:05:04.923503
25,14,3,5,0,5,2026-07-30T17:05:04.994595
25,14,4,5,0,5,2026-07-30T17:05:05.837187
25,14,5,5,0,5,2026-07-30T17:05:05.453371
25,14,6,5,0,5,2026-07-30T17:05:05.102470
25,14,7,5,0,5,2026-07-30T17:05:05.738957
25,14,8,5,0,5,2026-07-30T17:05:06.239170
25,14,9,5,0,5,2026-07-30T17:05:05.965261
25,14,10,5,0,5,2026-07-30T17:05:06.848616
25,15,1,5,0,5,2026-07-30T17:05:06.656929
25,15,2,5,0,5,2026-07-30T17:05:06.543047
25,15,3,5,0,5,2026-07-30T17:05:06.921020
25,15,4,5,0,5,2026-07-30T17:05:07.375695
25,15,5,5,0,5,2026-07-30T17:05:07.494213
25,15,6,5,0,5,2026-07-30T17:05:07.205436
25,15,7,5,0,5,2026-07-30T17:05:07.277615
25,15,8,5,0,5,2026-07-30T17:05:08.410162
25,15,9,5,0,5,2026-07-30T17:05:08.504641
25,15,10,5,0,5,2026-07-30T17:05:08.691500
25,16,1,5,0,5,2026-07-30T17:05:07.959908
25,16,2,5,0,5,2026-07-30T17:05:08.259009
25,16,3,5,0,5,2026-07-30T17:05:09.342642
25,16,4,5,0,5,2026-07-30T17:05:08.821091
25,16,5,5,0,5,2026-07-30T17:05:08.917898
25,16,6,5,0,5,2026-07-30T17:05:09.625623
25,16,7,5,0,5,2026-07-30T17:05:10.180052
25,16,8,5,0,5,2026-07-30T17:05:10.283025
25,16,9,5,0,5,2026-07-30T17:05:10.356678
25,16,10,5,0,5,2026-07-30T17:05:10.136545
25,17,1,5,0,5,2026-07-30T17:05:10.058571
25,17,2,5,0,5,2026-07-30T17:05:10.348141
25,17,3,5,0,5,2026-07-30T17:05:11.174043
25,17,4,5,0,5,2026-07-30T17:05:10.861243
25,17,5,5,0,5,2026-07-30T17:05:11.491503
25,17,6,5,0,5,2026-07-30T17:05:11.585824
25,17,7,5,0,5,2026-07-30T17:05:12.044640
25,17,8,5,0,5,2026-07-30T17:05:12.346231
25,17,9,5,0,5,2026-07-30T17:05:11.594802
25,17,10,5,0,5,2026-07-30T17:05:11.796248
25,18,1,5,0,5,2026-07-30T17:05:12.739281
25,18,2,5,0,5,2026-07-30T17:05:12.408049
25,18,3,5,0,5,2026-07-30T17:05:13.144383
25,18,4,5,0,5,2026-07-30T17:05:13.597158
25,18,5,5,0,5,2026-07-30T17:05:12.624890
25,18,6,5,0,5,2026-07-30T17:05:13.248833
25,18,7,5,0,5,2026-07-30T17:05:13.715589
25,18,8,5,0,5,2026-07-30T17:05:13.807818
25,18,9,5,0,5,2026-07-30T17:05:13.467571
25,18,10,5,0,5,2026-07-30T17:05:13.672981
25,19,1,5,0,5,2026-07-30T17:05:14.187525
25,19,2,5,0,5,2026-07-30T17:05:14.851374
25,19,3,5,0,5,2026-07-30T17:05:15.099447
25,19,4,5,0,5,2026-07-30T17:05:14.709463
25,19,5,5,0,5,2026-07-30T17:05:15.438065
25,19,6,5,0,5,2026-07-30T17:05:15.583204
25,19,7,5,0,5,2026-07-30T17:05:15.383221
25,19,8,5,0,5,2026-07-30T17:05:15.263330
25,19,9,5,0,5,2026-07-30T17:05:15.427685
25,19,10,5,0,5,2026-07-30T17:05:15.581973
25,20,1,5,0,5,2026-07-30T17:05:16.316176
25,20,2,5,0,5,2026-07-30T17:05:16.623436
25,20,3,5,0,5,2026-07-30T17:05:16.621354
25,20,4,5,0,5,2026-07-30T17:05:16.836319
25,20,5,5,0,5,2026-07-30T17:05:17.250274
25,20,6,5,0,5,2026-07-30T17:05:17.510962
25,20,7,5,0,5,2026-07-30T17:05:16.628078
25,20,8,5,0,5,2026-07-30T17:05:17.209733
25,20,9,5,0,5,2026-07-30T17:05:17.842380
25,20,10,5,0,5,2026-07-30T17:05:18.364187
25,21,1,5,0,5,2026-07-30T17:05:17.771333
25,21,2,5,0,5,2026-07-30T17:05:18.880851
25,21,3,5,0,5,2026-07-30T17:05:18.260601
25,21,4,5,0,5,2026-07-30T17:05:19.085153
25,21,5,5,0,5,2026-07-30T17:05:18.490655
25,21,6,5,0,5,2026-07-30T17:05:19.343831
25,21,7,5,0,5,2026-07-30T17:05:18.837679
25,21,8,5,0,5,2026-07-30T17:05:19.094275
25,21,9,5,0,5,2026-07-30T17:05:20.316153
25,21,10,5,0,5,2026-07-30T17:05:19.375548
25,22,1,5,0,5,2026-07-30T17:05:19.937610
25,22,2,5,0,5,2026-07-30T17:05:20.283593
25,22,3,5,0,5,2026-07-30T17:05:20.537850
25,22,4,5,0,5,2026-07-30T17:05:20.559053
25,22,5,5,0,5,2026-07-30T17:05:20.542375
25,22,6,5,0,5,2026-07-30T17:05:20.807984
25,22,7,5,0,5,2026-07-30T17:05:21.238674
25,22,8,5,0,5,2026-07-30T17:05:21.372660
25,22,9,5,0,5,2026-07-30T17:05:21.943231
25,22,10,5,0,5,2026-07-30T17:05:21.794473
25,23,1,5,0,5,2026-07-30T17:05:21.987186
25,23,2,5,0,5,2026-07-30T17:05:21.772697
25,23,3,5,0,5,2026-07-30T17:05:21.647576
25,23,4,5,0,5,2026-07-30T17:05:22.262507
25,23,5,5,0,5,2026-07-30T17:05:22.905158
25,23,6,5,0,5,2026-07-30T17:05:23.011880
25,23,7,5,0,5,2026-07-30T17:05:22.767000
25,23,8,5,0,5,2026-07-30T17:05:23.850532
25,23,9,5,0,5,2026-07-30T17:05:23.445286
25,23,10,5,0,5,2026-07-30T17:05:23.208204
25,24,1,5,0,5,2026-07-30T17:05:24.065087
25,24,2,5,0,5,2026-07-30T17:05:23.314106
25,24,3,5,0,5,2026-07-30T17:05:24.606938
25,24,4,5,0,5,2026-07-30T17:05:24.348794
25,24,5,5,0,5,2026-07-30T17:05:24.659215
25,24,6,5,0,5,2026-07-30T17:05:24.839900
25,24,7,5,0,5,2026-07-30T17:05:24.961812
25,24,8,5,0,5,2026-07-30T17:05:24.899540
25,24,9,5,0,5,2026-07-30T17:05:25.287190
25,24,10,5,0,5,2026-07-30T17:05:25.314596
25,25,1,5,0,5,2026-07-30T17:05:26.435066
25,25,2,5,0,5,2026-07-30T17:05:25.849290
25,25,3,5,0,5,2026-07-30T17:05:26.295132
25,25,4,5,0,5,2026-07-30T17:05:26.687445
25,25,5,5,0,5,2026-07-30T17:05:26.551746
25,25,6,5,0,5,2026-07-30T17:05:26.211179
25,25,7,5,0,5,2026-07-30T17:05:26.918077
25,25,8,5,0,5,2026-07-30T17:05:26.568818
25,25,9,5,0,5,2026-07-30T17:05:27.311429
25,25,10,5,0,5,2026-07-30T17:05:27.244761
25,26,1,5,0,5,2026-07-30T17:05:27.953415
25,26,2,5,0,5,2026-07-30T17:05:27.473069
25,26,3,5,0,5,2026-07-30T17:05:27.806378
25,26,4,5,0,5,2026-07-30T17:05:27.820933
25,26,5,5,0,5,2026-07-30T17:05:28.142853
25,26,6,5,0,5,2026-07-30T17:05:28.358492
25,26,7,5,0,5,2026-07-30T17:05:28.111989
25,26,8,5,0,5,2026-07-30T17:05:29.163834
25,26,9,5,0,5,2026-07-30T17:05:29.111435
25,26,10,5,0,5,2026-07-30T17:05:29.458219
25,27,1,5,0,5,2026-07-30T17:05:29.644786
25,27,2,5,0,5,2026-07-30T17:05:29.021743
25,27,3,5,0,5,2026-07-30T17:05:29.355028
25,27,4,5,0,5,2026-07-30T17:05:29.991684
25,27,5,5,0,5,2026-07-30T17:05:29.815522
25,27,6,5,0,5,2026-07-30T17:05:30.718923
25,27,7,5,0,5,2026-07-30T17:05:31.163630
25,27,8,5,0,5,2026-07-30T17:05:30.820814
25,27,9,5,0,5,2026-07-30T17:05:30.795593
25,27,10,5,0,5,2026-07-30T17:05:31.131986
25,28,1,5,0,5,2026-07-30T17:05:31.515782
25,28,2,5,0,5,2026-07-30T17:05:31.682718
25,28,3,5,0,5,2026-07-30T17:05:32.031282
25,28,4,5,0,5,2026-07-30T17:05:32.570129
25,28,5,5,0,5,2026-07-30T17:05:32.467882
25,28,6,5,0,5,2026-07-30T17:05:32.251657
25,28,7,5,0,5,2026-07-30T17:05:32.172808
25,28,8,5,0,5,2026-07-30T17:05:32.413561
25,28,9,5,0,5,2026-07-30T17:05:32.970342
25,28,10,5,0,5,2026-07-30T17:05:33.518854
25,29,1,5,0,5,2026-07-30T17:05:33.466893
25,29,2,5,0,5,2026-07-30T17:05:34.003497
25,29,3,5,0,5,2026-07-30T17:05:33.697108
25,29,4,5,0,5,2026-07-30T17:05:33.868497
25,29,5,5,0,5,2026-07-30T17:05:34.137021
25,29,6,5,0,5,2026-07-30T17:05:34.219966
25,29,7,5,0,5,2026-07-30T17:05:34.246004
25,29,8,5,0,5,2026-07-30T17:05:35.542149
25,29,9,5,0,5,2026-07-30T17:05:35.357723
25,29,10,5,0,5,2026-07-30T17:05:35.318682
25,30,1,5,0,5,2026-07-30T17:05:35.523444
25,30,2,5,0,5,2026-07-30T17:05:35.226310
25,30,3,5,0,5,2026-07-30T17:05:35.392711
25,30,4,5,0,5,2026-07-30T17:05:36.089738
25,30,5,5,0,5,2026-07-30T17:05:35.691119
25,30,6,5,0,5,2026-07-30T17:05:36.881464
25,30,7,5,0,5,2026-07-30T17:05:36.342622
25,30,8,5,0,5,2026-07-30T17:05:37.428859
25,30,9,5,0,5,2026-07-30T17:05:36.435664
25,30,10,5,0,5,2026-07-30T17:05:37.173348
26,1,1,5,0,5,2026-07-30T17:05:37.170597
26,1,2,5,0,5,2026-07-30T17:05:36.949513
26,1,3,5,0,5,2026-07-30T17:05:37.754470
26,1,4,5,0,5,2026-07-30T17:05:37.393453
26,1,5,5,0,5,2026-07-30T17:05:37.489259
26,1,6,5,0,5,2026-07-30T17:05:38.756411
26,1,7,5,0,5,2026-07-30T17:05:38.628013
26,1,8,5,0,5,2026-07-30T17:05:38.642659
26,1,9,5,0,5,2026-07-30T17:05:39.220406
26,1,10,5,0,5,2026-07-30T17:05:38.427040
26,2,1,5,0,5,2026-07-30T17:05:38.688287
26,2,2,5,0,5,2026-07-30T17:05:38.969123
26,2,3,5,0,5,2026-07-30T17:05:39.421434
26,2,4,5,0,5,2026-07-30T17:05:39.902679
26,2,5,5,0,5,2026-07-30T17:05:40.265759
26,2,6,5,0,5,2026-07-30T17:05:40.495854
26,2,7,5,0,5,2026-07-30T17:05:40.531350
26,2,8,5,0,5,2026-07-30T17:05:40.820934
26,2,9,5,0,5,2026-07-30T17:05:40.425051
26,2,10,5,0,5,2026-07-30T17:05:40.473327
26,3,1,5,0,5,2026-07-30T17:05:41.304041
26,3,2,5,0,5,2026-07-30T17:05:41.544953
26,3,3,5,0,5,2026-07-30T17:05:41.900982
26,3,4,5,0,5,2026-07-30T17:05:41.667188
26,3,5,5,0,5,2026-07-30T17:05:42.143716
26,3,6,5,0,5,2026-07-30T17:05:41.944355
26,3,7,5,0,5,2026-07-30T17:05:41.578350
26,3,8,5,0,5,2026-07-30T17:05:42.676835
26,3,9,5,0,5,2026-07-30T17:05:42.560692
26,3,10,5,0,5,2026-07-30T17:05:43.380873
26,4,1,4,0,4,2026-07-30T17:05:43.035013
26,4,2,4,0,4,2026-07-30T17:05:42.907971
26,4,3,3,0,3,2026-07-30T17:05:43.156416
26,4,4,3,0,3,2026-07-30T17:05:42.999661
26,4,5,5,0,5,2026-07-30T17:05:43.407821
26,4,6,5,0,5,2026-07-30T17:05:44.199642
26,4,7,4,0,4,2026-07-30T17:05:43.934251
26,4,8,5,0,5,2026-07-30T17:05:43.963317
26,4,9,2,0,2,2026-07-30T17:05:44.033021
26,4,10,3,0,3,2026-07-30T17:05:44.305026
26,5,1,5,0,5,2026-07-30T17:05:44.433983
26,5,2,5,0,5,2026-07-30T17:05:45.232560
26,5,3,5,0,5,2026-07-30T17:05:44.666696
26,5,4,5,0,5,2026-07-30T17:05:45.563106
26,5,5,5,0,5,2026-07-30T17:05:45.821658
26,5,6,5,0,5,2026-07-30T17:05:46.093596
26,5,7,5,0,5,2026-07-30T17:05:46.324848
26,5,8,5,0,5,2026-07-30T17:05:46.147321
26,5,9,5,0,5,2026-07-30T17:05:46.093907
26,5,10,5,0,5,2026-07-30T17:05:46.549166
26,6,1,5,0,5,2026-07-30T17:05:46.652348
26,6,2,5,0,5,2026-07-30T17:05:46.986314
26,6,3,5,0,5,2026-07-30T17:05:47.463989
26,6,4,5,0,5,2026-07-30T17:05:47.739646
26,6,5,5,0,5,2026-07-30T17:05:47.519208
26,6,6,5,0,5,2026-07-30T17:05:48.017377
26,6,7,5,0,5,2026-07-30T17:05:47.592353
26,6,8,5,0,5,2026-07-30T17:05:47.774936
26,6,9,5,0,5,2026-07-30T17:05:47.901208
26,6,10,5,0,5,2026-07-30T17:05:48.810491
26,7,1,5,0,5,2026-07-30T17:05:49.094931
26,7,2,5,0,5,2026-07-30T17:05:49.156147
26,7,3,5,0,5,2026-07-30T17:05:49.070901
26,7,4,5,0,5,2026-07-30T17:05:49.591711
26,7,5,5,0,5,2026-07-30T17:05:49.008377
26,7,6,5,0,5,2026-07-30T17:05:49.333876
26,7,7,5,0,5,2026-07-30T17:05:49.254389
26,7,8,5,0,5,2026-07-30T17:05:50.258374
26,7,9,5,0,5,2026-07-30T17:05:50.051157
26,7,10,5,0,5,2026-07-30T17:05:50.300734
26,8,1,5,0,5,2026-07-30T17:05:50.733440
26,8,2,5,0,5,2026-07-30T17:05:50.212817
26,8,3,5,0,5,2026-07-30T17:05:50.320474
26,8,4,5,0,5,2026-07-30T17:05:50.755302
26,8,5,5,0,5,2026-07-30T17:05:51.227479
26,8,6,5,0,5,2026-07-30T17:05:51.698575
26,8,7,5,0,5,2026-07-30T17:05:51.844964
26,8,8,5,0,5,2026-07-30T17:05:51.091459
26,8,9,5,0,5,2026-07-30T17:05:51.979220
26,8,10,5,0,5,2026-07-30T17:05:51.552241
26,9,1,5,0,5,2026-07-30T17:05:51.967502
26,9,2,5,0,5,2026-07-30T17:05:52.607749
26,9,3,5,0,5,2026-07-30T17:05:52.348444
26,9,4,5,0,5,2026-07-30T17:05:52.279504
26,9,5,5,0,5,2026-07-30T17:05:53.009952
26,9,6,5,0,5,2026-07-30T17:05:52.764359
26,9,7,5,0,5,2026-07-30T17:05:53.331817
26,9,8,5,0,5,2026-07-30T17:05:53.815356
26,9,9,5,0,5,2026-07-30T17:05:53.656398
26,9,10,5,0,5,2026-07-30T17:05:53.918934
26,10,1,5,0,5,2026-07-30T17:05:53.407066
26,10,2,5,0,5,2026-07-30T17:05:54.450001
26,10,3,5,0,5,2026-07-30T17:05:53.598073
26,10,4,5,0,5,2026-07-30T17:05:54.865037
26,10,5,5,0,5,2026-07-30T17:05:54.976715
26,10,6,5,0,5,2026-07-30T17:05:55.044636
26,10,7,5,0,5,2026-07-30T17:05:54.641365
26,10,8,5,0,5,2026-07-30T17:05:55.117097
26,10,9,5,0,5,2026-07-30T17:05:55.055725
26,10,10,5,0,5,2026-07-30T17:05:55.807725
26,11,1,5,0,5,2026-07-30T17:05:56.295217
26,11,2,5,0,5,2026-07-30T17:05:55.877377
26,11,3,5,0,5,2026-07-30T17:05:56.496897
26,11,4,5,0,5,2026-07-30T17:05:57.036730
26,11,5,5,0,5,2026-07-30T17:05:56.907728
26,11,6,5,0,5,2026-07-30T17:05:56.293233
26,11,7,5,0,5,2026-07-30T17:05:56.374437
26,11,8,5,0,5,2026-07-30T17:05:57.107034
26,11,9,5,0,5,2026-07-30T17:05:57.118602
26,11,10,5,0,5,2026-07-30T17:05:57.740865
26,12,1,5,0,5,2026-07-30T17:05:58.156864
26,12,2,5,0,5,2026-07-30T17:05:58.037490
26,12,3,5,0,5,2026-07-30T17:05:57.552754
26,12,4,5,0,5,2026-07-30T17:05:58.350685
26,12,5,5,0,5,2026-07-30T17:05:58.471425
26,12,6,5,0,5,2026-07-30T17:05:58.130493
26,12,7,5,0,5,2026-07-30T17:05:58.788458
26,12,8,5,0,5,2026-07-30T17:05:58.605767
26,12,9,5,0,5,2026-07-30T17:05:58.982295
26,12,10,5,0,5,2026-07-30T17:05:59.878551
26,13,1,5,0,5,2026-07-30T17:06:00.002519
26,13,2,5,0,5,2026-07-30T17:05:59.432251
26,13,3,5,0,5,2026-07-30T17:06:00.180067
26,13,4,5,0,5,2026-07-30T17:06:00.142077
26,13,5,5,0,5,2026-07-30T17:06:00.050508
26,13,6,5,0,5,2026-07-30T17:06:00.054300
26,13,7,5,0,5,2026-07-30T17:06:00.245255
26,13,8,5,0,5,2026-07-30T17:06:00.899245
26,13,9,5,0,5,2026-07-30T17:06:00.926824
26,13,10,5,0,5,2026-07-30T17:06:01.840618
26,14,1,5,0,5,2026-07-30T17:06:01.498962
26,14,2,5,0,5,2026-07-30T17:06:02.128176
26,14,3,5,0,5,2026-07-30T17:06:01.772052
26,14,4,5,0,5,2026-07-30T17:06:01.295297
26,14,5,5,0,5,2026-07-30T17:06:01.929841
26,14,6,5,0,5,2026-07-30T17:06:01.960763
26,14,7,5,0,5,2026-07-30T17:06:02.778603
26,14,8,5,0,5,2026-07-30T17:06:02.557482
26,14,9,5,0,5,2026-07-30T17:06:03.152570
26,14,10,5,0,5,2026-07-30T17:06:03.417017
26,15,1,5,0,5,2026-07-30T17:06:03.725159
26,15,2,5,0,5,2026-07-30T17:06:03.180557
26,15,3,5,0,5,2026-07-30T17:06:03.809193
26,15,4,5,0,5,2026-07-30T17:06:03.946197
26,15,5,5,0,5,2026-07-30T17:06:04.614260
26,15,6,5,0,5,2026-07-30T17:06:04.018050
26,15,7,5,0,5,2026-07-30T17:06:04.196912
26,15,8,5,0,5,2026-07-30T17:06:04.257503
26,15,9,5,0,5,2026-07-30T17:06:04.640475
26,15,10,5,0,5,2026-07-30T17:06:04.964013
26,16,1,5,0,5,2026-07-30T17:06:05.678136
26,16,2,5,0,5,2026-07-30T17:06:05.983883
26,16,3,5,0,5,2026-07-30T17:06:06.065305
26,16,4,5,0,5,2026-07-30T17:06:05.443125
26,16,5,5,0,5,2026-07-30T17:06:06.314362
26,16,6,5,0,5,2026-07-30T17:06:06.858190
26,16,7,5,0,5,2026-07-30T17:06:06.313855
26,16,8,5,0,5,2026-07-30T17:06:06.198771
26,16,9,5,0,5,2026-07-30T17:06:06.475863
26,16,10,5,0,5,2026-07-30T17:06:07.742979
26,17,1,5,0,5,2026-07-30T17:06:07.242444
26,17,2,5,0,5,2026-07-30T17:06:07.507382
26,17,3,5,0,5,2026-07-30T17:06:08.065096
26,17,4,5,0,5,2026-07-30T17:06:07.542931
26,17,5,5,0,5,2026-07-30T17:06:07.948432
26,17,6,5,0,5,2026-07-30T17:06:08.350683
26,17,7,5,0,5,2026-07-30T17:06:08.702008
26,17,8,5,0,5,2026-07-30T17:06:08.689068
26,17,9,5,0,5,2026-07-30T17:06:09.138883
26,17,10,5,0,5,2026-07-30T17:06:08.983245
26,18,1,5,0,5,2026-07-30T17:06:09.158037
26,18,2,5,0,5,2026-07-30T17:06:09.811451
26,18,3,5,0,5,2026-07-30T17:06:09.511354
26,18,4,5,0,5,2026-07-30T17:06:09.800248
26,18,5,5,0,5,2026-07-30T17:06:10.566675
26,18,6,5,0,5,2026-07-30T17:06:09.943507
26,18,7,5,0,5,2026-07-30T17:06:10.840307
26,18,8,5,0,5,2026-07-30T17:06:10.203874
26,18,9,5,0,5,2026-07-30T17:06:11.241578
26,18,10,5,0,5,2026-07-30T17:06:11.163726
26,19,1,5,0,5,2026-07-30T17:06:11.453616
26,19,2,5,0,5,2026-07-30T17:06:10.862644
26,19,3,5,0,5,2026-07-30T17:06:11.205215
26,19,4,5,0,5,2026-07-30T17:06:11.464032
26,19,5,5,0,5,2026-07-30T17:06:12.442824
26,19,6,5,0,5,2026-07-30T17:06:12.708151
26,19,7,5,0,5,2026-07-30T17:06:11.862441
26,19,8,5,0,5,2026-07-30T17:06:13.038410
26,19,9,5,0,5,2026-07-30T17:06:12.855940
26,19,10,5,0,5,2026-07-30T17:06:12.285082
26,20,1,5,0,5,2026-07-30T17:06:13.108697
26,20,2,5,0,5,2026-07-30T17:06:13.139285
26,20,3,5,0,5,2026-07-30T17:06:13.318109
26,20,4,5,0,5,2026-07-30T17:06:14.341302
26,20,5,5,0,5,2026-07-30T17:06:13.698752
26,20,6,5,0,5,2026-07-30T17:06:13.957496
26,20,7,5,0,5,2026-07-30T17:06:13.904638
26,20,8,5,0,5,2026-07-30T17:06:14.913899
26,20,9,5,0,5,2026-07-30T17:06:14.586169
26,20,10,5,0,5,2026-07-30T17:06:14.171751
26,21,1,5,0,5,2026-07-30T17:06:14.987191
26,21,2,5,0,5,2026-07-30T17:06:15.140649
26,21,3,5,0,5,2026-07-30T17:06:15.171057
26,21,4,5,0,5,2026-07-30T17:06:15.612627
26,21,5,5,0,5,2026-07-30T17:06:15.415116
26,21,6,5,0,5,2026-07-30T17:06:16.196660
26,21,7,5,0,5,2026-07-30T17:06:16.011379
26,21,8,5,0,5,2026-07-30T17:06:16.548057
26,21,9,5,0,5,2026-07-30T17:06:16.612877
26,21,10,5,0,5,2026-07-30T17:06:16.387947
26,22,1,5,0,5,2026-07-30T17:06:17.038469
26,22,2,5,0,5,2026-07-30T17:06:16.688371
26,22,3,5,0,5,2026-07-30T17:06:17.670709
26,22,4,5,0,5,2026-07-30T17:06:17.639540
26,22,5,5,0,5,2026-07-30T17:06:17.839144
26,22,6,5,0,5,2026-07-30T17:06:18.239522
26,22,7,5,0,5,2026-07-30T17:06:17.830109
26,22,8,5,0,5,2026-07-30T17:06:18.473280
26,22,9,5,0,5,2026-07-30T17:06:18.363977
26,22,10,5,0,5,2026-07-30T17:06:18.913425
26,23,1,5,0,5,2026-07-30T17:06:19.072846
26,23,2,5,0,5,2026-07-30T17:06:18.888271
26,23,3,5,0,5,2026-07-30T17:06:19.468993
26,23,4,5,0,5,2026-07-30T17:06:18.897357
26,23,5,5,0,5,2026-07-30T17:06:20.101789
26,23,6,5,0,5,2026-07-30T17:06:19.611571
26,23,7,5,0,5,2026-07-30T17:06:20.115168
26,23,8,5,0,5,2026-07-30T17:06:20.539715
26,23,9,5,0,5,2026-07-30T17:06:19.950222
26,23,10,5,0,5,2026-07-30T17:06:20.156783
26,24,1,5,0,5,2026-07-30T17:06:20.137757
26,24,2,5,0,5,2026-07-30T17:06:21.318766
26,24,3,5,0,5,2026-07-30T17:06:20.629969
26,24,4,5,0,5,2026-07-30T17:06:21.600980
26,24,5,5,0,5,2026-07-30T17:06:21.151357
26,24,6,5,0,5,2026-07-30T17:06:21.945122
26,24,7,5,0,5,2026-07-30T17:06:22.181028
26,24,8,5,0,5,2026-07-30T17:06:21.984849
26,24,9,5,0,5,2026-07-30T17:06:22.026811
26,24,10,5,0,5,2026-07-30T17:06:22.705970
26,25,1,5,0,5,2026-07-30T17:06:22.979630
26,25,2,5,0,5,2026-07-30T17:06:23.164476
26,25,3,5,0,5,2026-07-30T17:06:23.859416
26,25,4,5,0,5,2026-07-30T17:06:24.014550
26,25,5,5,0,5,2026-07-30T17:06:23.226481
26,25,6,5,0,5,2026-07-30T17:06:23.716167
26,25,7,5,0,5,2026-07-30T17:06:23.421790
26,25,8,5,0,5,2026-07-30T17:06:24.322991
26,25,9,5,0,5,2026-07-30T17:06:24.037201
26,25,10,5,0,5,2026-07-30T17:06:24.839079
26,26,1,5,0,5,2026-07-30T17:06:24.898783
26,26,2,5,0,5,2026-07-30T17:06:25.281334
26,26,3,5,0,5,2026-07-30T17:06:25.367400
26,26,4,5,0,5,2026-07-30T17:06:25.496494
26,26,5,5,0,5,2026-07-30T17:06:25.875130
26,26,6,5,0,5,2026-07-30T17:06:25.695328
26,26,7,5,0,5,2026-07-30T17:06:26.165801
26,26,8,5,0,5,2026-07-30T17:06:26.104402
26,26,9,5,0,5,2026-07-30T17:06:26.566216
26,26,10,5,0,5,2026-07-30T17:06:27.142615
26,27,1,5,0,5,2026-07-30T17:06:27.015951
26,27,2,5,0,5,2026-07-30T17:06:26.735824
26,27,3,5,0,5,2026-07-30T17:06:26.748638
26,27,4,5,0,5,2026-07-30T17:06:27.545806
26,27,5,5,0,5,2026-07-30T17:06:27.352298
26,27,6,5,0,5,2026-07-30T17:06:27.807792
26,27,7,5,0,5,2026-07-30T17:06:28.588459
26,27,8,5,0,5,2026-07-30T17:06:28.595223
26,27,9,5,0,5,2026-07-30T17:06:28.780932
26,27,10,5,0,5,2026-07-30T17:06:28.279934
26,28,1,5,0,5,2026-07-30T17:06:28.597051
26,28,2,4,0,4,2026-07-30T17:06:28.981297
26,28,3,5,0,5,2026-07-30T17:06:29.391158
26,28,4,5,0,5,2026-07-30T17:06:29.850954
26,28,5,5,0,5,2026-07-30T17:06:30.327492
26,28,6,5,0,5,2026-07-30T17:06:30.038911
26,28,7,5,0,5,2026-07-30T17:06:30.651397
26,28,8,5,0,5,2026-07-30T17:06:30.257824
26,28,9,5,0,5,2026-07-30T17:06:30.418629
26,28,10,5,0,5,2026-07-30T17:06:30.829427
26,29,1,5,0,5,2026-07-30T17:06:30.433553
26,29,2,5,0,5,2026-07-30T17:06:31.730074
26,29,3,5,0,5,2026-07-30T17:06:31.324499
26,29,4,5,0,5,2026-07-30T17:06:31.701194
26,29,5,5,0,5,2026-07-30T17:06:31.808067
26,29,6,5,0,5,2026-07-30T17:06:31.676418
26,29,7,5,0,5,2026-07-30T17:06:31.686113
26,29,8,5,0,5,2026-07-30T17:06:32.323110
26,29,9,5,0,5,2026-07-30T17:06:32.813611
26,29,10,5,0,5,2026-07-30T17:06:32.546323
26,30,1,5,0,5,2026-07-30T17:06:32.922480
26,30,2,5,0,5,2026-07-30T17:06:33.130670
26,30,3,5,0,5,2026-07-30T17:06:33.176094
26,30,4,5,0,5,2026-07-30T17:06:33.596013
26,30,5,5,0,5,2026-07-30T17:06:33.239154
26,30,6,5,0,5,2026-07-30T17:06:33.978623
26,30,7,5,0,5,2026-07-30T17:06:34.009746
26,30,8,5,0,5,2026-07-30T17:06:33.864298
26,30,9,5,0,5,2026-07-30T17:06:34.774175
26,30,10,5,0,5,2026-07-30T17:06:35.027521
27,1,1,5,0,5,2026-07-30T17:06:35.021563
27,1,2,5,0,5,2026-07-30T17:06:34.276453
27,1,3,5,0,5,2026-07-30T17:06:34.854382
27,1,4,5,0,5,2026-07-30T17:06:35.313364
27,1,5,5,0,5,2026-07-30T17:06:35.015941
27,1,6,5,0,5,2026-07-30T17:06:35.486114
27,1,7,5,0,5,2026-07-30T17:06:36.329953
27,1,8,5,0,5,2026-07-30T17:06:35.783240
27,1,9,5,0,5,2026-07-30T17:06:36.929568
27,1,10,5,0,5,2026-07-30T17:06:36.664337
27,2,1,5,0,5,2026-07-30T17:06:36.483623
27,2,2,5,0,5,2026-07-30T17:06:36.702393
27,2,3,5,0,5,2026-07-30T17:06:37.172064
27,2,4,5,0,5,2026-07-30T17:06:36.736104
27,2,5,5,0,5,2026-07-30T17:06:37.610316
27,2,6,5,0,5,2026-07-30T17:06:37.573350
27,2,7,5,0,5,2026-07-30T17:06:37.721250
27,2,8,5,0,5,2026-07-30T17:06:38.543062
27,2,9,5,0,5,2026-07-30T17:06:37.767312
27,2,10,5,0,5,2026-07-30T17:06:38.203887
27,3,1,0,0,0,2026-07-30T17:06:38.792567
27,3,2,0,0,0,2026-07-30T17:06:38.243437
27,3,3,0,0,0,2026-07-30T17:06:38.810862
27,3,4,0,0,0,2026-07-30T17:06:38.660387
27,3,5,0,0,0,2026-07-30T17:06:39.368997
27,3,6,0,0,0,2026-07-30T17:06:39.019949
27,3,7,0,0,0,2026-07-30T17:06:39.268982
27,3,8,0,0,0,2026-07-30T17:06:39.688805
27,3,9,0,0,0,2026-07-30T17:06:40.582352
27,3,10,0,0,0,2026-07-30T17:06:40.735615
27,4,1,0,0,0,2026-07-30T17:06:40.684386
27,4,2,0,0,0,2026-07-30T17:06:40.681206
27,4,3,0,0,0,2026-07-30T17:06:40.285299
27,4,4,0,0,0,2026-07-30T17:06:40.516877
27,4,5,0,0,0,2026-07-30T17:06:41.224559
27,4,6,0,0,0,2026-07-30T17:06:40.726744
27,4,7,0,0,0,2026-07-30T17:06:41.943732
27,4,8,0,0,0,2026-07-30T17:06:41.566685
27,4,9,0,0,0,2026-07-30T17:06:42.434030
27,4,10,0,0,0,2026-07-30T17:06:42.112309
27,5,1,0,0,0,2026-07-30T17:06:42.140733
27,5,2,0,0,0,2026-07-30T17:06:42.167850
27,5,3,0,0,0,2026-07-30T17:06:42.398469
27,5,4,0,0,0,2026-07-30T17:06:42.483956
27,5,5,0,0,0,2026-07-30T17:06:42.826220
27,5,6,0,0,0,2026-07-30T17:06:43.591493
27,5,7,0,0,0,2026-07-30T17:06:43.960131
27,5,8,0,0,0,2026-07-30T17:06:43.180378
27,5,9,0,0,0,2026-07-30T17:06:43.228008
27,5,10,0,0,0,2026-07-30T17:06:44.387991
27,6,1,5,0,5,2026-07-30T17:06:43.665688
27,6,2,5,0,5,2026-07-30T17:06:43.915886
27,6,3,5,0,5,2026-07-30T17:06:44.673455
27,6,4,5,0,5,2026-07-30T17:06:44.714361
27,6,5,5,0,5,2026-07-30T17:06:45.099029
27,6,6,5,0,5,2026-07-30T17:06:44.632710
27,6,7,5,0,5,2026-07-30T17:06:45.118935
27,6,8,5,0,5,2026-07-30T17:06:45.955751
27,6,9,5,0,5,2026-07-30T17:06:45.195920
27,6,10,5,0,5,2026-07-30T17:06:46.029194
27,7,1,5,0,5,2026-07-30T17:06:46.132464
27,7,2,5,0,5,2026-07-30T17:06:46.152461
27,7,3,5,0,5,2026-07-30T17:06:46.351753
27,7,4,5,0,5,2026-07-30T17:06:46.959315
27,7,5,5,0,5,2026-07-30T17:06:46.157455
27,7,6,5,0,5,2026-07-30T17:06:46.652247
27,7,7,5,0,5,2026-07-30T17:06:47.567284
27,7,8,5,0,5,2026-07-30T17:06:47.687863
27,7,9,5,0,5,2026-07-30T17:06:47.983355
27,7,10,5,0,5,2026-07-30T17:06:47.802734
27,8,1,5,0,5,2026-07-30T17:06:47.811247
27,8,2,5,0,5,2026-07-30T17:06:47.604621
27,8,3,5,0,5,2026-07-30T17:06:48.096800
27,8,4,5,0,5,2026-07-30T17:06:49.006983
27,8,5,5,0,5,2026-07-30T17:06:49.218323
27,8,6,5,0,5,2026-07-30T17:06:49.270838
27,8,7,5,0,5,2026-07-30T17:06:48.765334
27,8,8,5,0,5,2026-07-30T17:06:49.040123
27,8,9,5,0,5,2026-07-30T17:06:49.224150
27,8,10,5,0,5,2026-07-30T17:06:49.798396
27,9,1,0,0,0,2026-07-30T17:06:49.141487
27,9,2,0,0,0,2026-07-30T17:06:50.011907
27,9,3,0,0,0,2026-07-30T17:06:50.652778
27,9,4,0,0,0,2026-07-30T17:06:50.709759
27,9,5,0,0,0,2026-07-30T17:06:50.770298
27,9,6,0,0,0,2026-07-30T17:06:50.249726
27,9,7,0,0,0,2026-07-30T17:06:50.249461
27,9,8,0,0,0,2026-07-30T17:06:50.719847
27,9,9,0,0,0,2026-07-30T17:06:51.023441
27,9,10,0,0,0,2026-07-30T17:06:51.074425
27,10,1,3,0,3,2026-07-30T17:06:51.734152
27,10,2,2,0,2,2026-07-30T17:06:51.490062
27,10,3,5,0,5,2026-07-30T17:06:52.493973
27,10,4,5,0,5,2026-07-30T17:06:51.943354
27,10,5,5,0,5,2026-07-30T17:06:51.940417
27,10,6,5,0,5,2026-07-30T17:06:52.024276
27,10,7,5,0,5,2026-07-30T17:06:52.469172
27,10,8,0,0,0,2026-07-30T17:06:52.940304
27,10,9,3,0,3,2026-07-30T17:06:52.523303
27,10,10,5,0,5,2026-07-30T17:06:53.398468
27,11,1,5,0,5,2026-07-30T17:06:53.796969
27,11,2,5,0,5,2026-07-30T17:06:53.391229
27,11,3,5,0,5,2026-07-30T17:06:53.262083
27,11,4,5,0,5,2026-07-30T17:06:54.107043
27,11,5,5,0,5,2026-07-30T17:06:53.927847
27,11,6,5,0,5,2026-07-30T17:06:54.351697
27,11,7,5,0,5,2026-07-30T17:06:54.791702
27,11,8,5,0,5,2026-07-30T17:06:54.903134
27,11,9,5,0,5,2026-07-30T17:06:54.607120
27,11,10,5,0,5,2026-07-30T17:06:54.650132
27,12,1,5,0,5,2026-07-30T17:06:55.263103
27,12,2,5,0,5,2026-07-30T17:06:55.776753
27,12,3,5,0,5,2026-07-30T17:06:55.959513
27,12,4,5,0,5,2026-07-30T17:06:55.376805
27,12,5,5,0,5,2026-07-30T17:06:56.261275
27,12,6,5,0,5,2026-07-30T17:06:56.290982
27,12,7,5,0,5,2026-07-30T17:06:56.445006
27,12,8,5,0,5,2026-07-30T17:06:56.322433
27,12,9,5,0,5,2026-07-30T17:06:56.712823
27,12,10,5,0,5,2026-07-30T17:06:56.413634
27,13,1,5,0,5,2026-07-30T17:06:57.213637
27,13,2,5,0,5,2026-07-30T17:06:57.398736
27,13,3,5,0,5,2026-07-30T17:06:58.327742
27,13,4,5,0,5,2026-07-30T17:06:58.327355
27,13,5,5,0,5,2026-07-30T17:06:57.579195
27,13,6,5,0,5,2026-07-30T17:06:58.065347
27,13,7,5,0,5,2026-07-30T17:06:57.887912
27,13,8,5,0,5,2026-07-30T17:06:58.763930
27,13,9,5,0,5,2026-07-30T17:06:58.659843
27,13,10,5,0,5,2026-07-30T17:06:58.437210
27,14,1,5,0,5,2026-07-30T17:06:59.444317
27,14,2,5,0,5,2026-07-30T17:06:59.944642
27,14,3,5,0,5,2026-07-30T17:06:59.701149
27,14,4,5,0,5,2026-07-30T17:06:59.786085
27,14,5,5,0,5,2026-07-30T17:07:00.184702
27,14,6,5,0,5,2026-07-30T17:07:00.299792
27,14,7,5,0,5,2026-07-30T17:07:00.526823
27,14,8,5,0,5,2026-07-30T17:07:00.391089
27,14,9,5,0,5,2026-07-30T17:07:00.939569
27,14,10,5,0,5,2026-07-30T17:07:00.758627
27,15,1,5,0,5,2026-07-30T17:07:01.614265
27,15,2,5,0,5,2026-07-30T17:07:01.810507
27,15,3,5,0,5,2026-07-30T17:07:02.034173
27,15,4,5,0,5,2026-07-30T17:07:02.150220
27,15,5,5,0,5,2026-07-30T17:07:01.439706
27,15,6,5,0,5,2026-07-30T17:07:01.970267
27,15,7,5,0,5,2026-07-30T17:07:02.175022
27,15,8,5,0,5,2026-07-30T17:07:02.367099
27,15,9,5,0,5,2026-07-30T17:07:03.118470
27,15,10,5,0,5,2026-07-30T17:07:03.441659
27,16,1,5,0,5,2026-07-30T17:07:03.465894
27,16,2,5,0,5,2026-07-30T17:07:03.010803
27,16,3,5,0,5,2026-07-30T17:07:03.478351
27,16,4,5,0,5,2026-07-30T17:07:03.391879
27,16,5,5,0,5,2026-07-30T17:07:03.834130
27,16,6,5,0,5,2026-07-30T17:07:03.589474
27,16,7,5,0,5,2026-07-30T17:07:04.068451
27,16,8,5,0,5,2026-07-30T17:07:04.563106
27,16,9,5,0,5,2026-07-30T17:07:04.873030
27,16,10,5,0,5,2026-07-30T17:07:04.672148
27,17,1,5,0,5,2026-07-30T17:07:04.909188
27,17,2,5,0,5,2026-07-30T17:07:04.531994
27,17,3,5,0,5,2026-07-30T17:07:05.237996
27,17,4,5,0,5,2026-07-30T17:07:05.452727
27,17,5,5,0,5,2026-07-30T17:07:05.308715
27,17,6,5,0,5,2026-07-30T17:07:05.660179
27,17,7,5,0,5,2026-07-30T17:07:06.208637
27,17,8,5,0,5,2026-07-30T17:07:05.914474
27,17,9,5,0,5,2026-07-30T17:07:06.310151
27,17,10,5,0,5,2026-07-30T17:07:06.573728
27,18,1,0,0,0,2026-07-30T17:07:06.910965
27,18,2,0,0,0,2026-07-30T17:07:06.543295
27,18,3,3,0,3,2026-07-30T17:07:06.702010
27,18,4,3,0,3,2026-07-30T17:07:07.340320
27,18,5,0,0,0,2026-07-30T17:07:06.962185
27,18,6,5,0,5,2026-07-30T17:07:07.859454
27,18,7,5,0,5,2026-07-30T17:07:07.748701
27,18,8,0,0,0,2026-07-30T17:07:08.179516
27,18,9,0,0,0,2026-07-30T17:07:08.239856
27,18,10,0,0,0,2026-07-30T17:07:08.134425
27,19,1,0,0,0,2026-07-30T17:07:08.542870
27,19,2,0,0,0,2026-07-30T17:07:08.588307
27,19,3,0,0,0,2026-07-30T17:07:09.175073
27,19,4,0,0,0,2026-07-30T17:07:09.585133
27,19,5,0,0,0,2026-07-30T17:07:09.693478
27,19,6,0,0,0,2026-07-30T17:07:09.785468
27,19,7,0,0,0,2026-07-30T17:07:09.444871
27,19,8,2,0,2,2026-07-30T17:07:09.676656
27,19,9,0,0,0,2026-07-30T17:07:10.356195
27,19,10,0,0,0,2026-07-30T17:07:09.813413
27,20,1,5,0,5,2026-07-30T17:07:11.041552
27,20,2,5,0,5,2026-07-30T17:07:11.307234
27,20,3,5,0,5,2026-07-30T17:07:10.614398
27,20,4,5,0,5,2026-07-30T17:07:11.525300
27,20,5,5,0,5,2026-07-30T17:07:10.942057
27,20,6,5,0,5,2026-07-30T17:07:11.401478
27,20,7,5,0,5,2026-07-30T17:07:11.449661
27,20,8,5,0,5,2026-07-30T17:07:12.016875
27,20,9,5,0,5,2026-07-30T17:07:12.082226
27,20,10,5,0,5,2026-07-30T17:07:12.392675
27,21,1,5,0,5,2026-07-30T17:07:12.065314
27,21,2,5,0,5,2026-07-30T17:07:12.955696
27,21,3,5,0,5,2026-07-30T17:07:12.854951
27,21,4,5,0,5,2026-07-30T17:07:12.488426
27,21,5,5,0,5,2026-07-30T17:07:13.375261
27,21,6,5,0,5,2026-07-30T17:07:13.645214
27,21,7,5,0,5,2026-07-30T17:07:13.509489
27,21,8,5,0,5,2026-07-30T17:07:13.123645
27,21,9,5,0,5,2026-07-30T17:07:13.419578
27,21,10,5,0,5,2026-07-30T17:07:13.518970
27,22,1,5,0,5,2026-07-30T17:07:14.491628
27,22,2,5,0,5,2026-07-30T17:07:14.806953
27,22,3,5,0,5,2026-07-30T17:07:14.971194
27,22,4,5,0,5,2026-07-30T17:07:14.424093
27,22,5,5,0,5,2026-07-30T17:07:14.874689
27,22,6,5,0,5,2026-07-30T17:07:14.727806
27,22,7,5,0,5,2026-07-30T17:07:14.733811
27,22,8,5,0,5,2026-07-30T17:07:15.079598
27,22,9,5,0,5,2026-07-30T17:07:16.083982
27,22,10,5,0,5,2026-07-30T17:07:16.138846
27,23,1,5,0,5,2026-07-30T17:07:15.780582
27,23,2,5,0,5,2026-07-30T17:07:16.780978
27,23,3,5,0,5,2026-07-30T17:07:16.455612
27,23,4,5,0,5,2026-07-30T17:07:16.312751
27,23,5,5,0,5,2026-07-30T17:07:17.040406
27,23,6,5,0,5,2026-07-30T17:07:16.911560
27,23,7,5,0,5,2026-07-30T17:07:17.649143
27,23,8,5,0,5,2026-07-30T17:07:17.729492
27,23,9,5,0,5,2026-07-30T17:07:17.212051
27,23,10,5,0,5,2026-07-30T17:07:17.757549
27,24,1,5,0,5,2026-07-30T17:07:18.299152
27,24,2,0,0,0,2026-07-30T17:07:17.832798
27,24,3,0,0,0,2026-07-30T17:07:18.804178
27,24,4,0,0,0,2026-07-30T17:07:18.089429
27,24,5,0,0,0,2026-07-30T17:07:19.067632
27,24,6,0,0,0,2026-07-30T17:07:19.500271
27,24,7,0,0,0,2026-07-30T17:07:19.367618
27,24,8,4,0,4,2026-07-30T17:07:18.965238
27,24,9,5,0,5,2026-07-30T17:07:19.057747
27,24,10,0,0,0,2026-07-30T17:07:19.916018
27,25,1,5,0,5,2026-07-30T17:07:19.718208
27,25,2,0,0,0,2026-07-30T17:07:20.462214
27,25,3,5,0,5,2026-07-30T17:07:20.403797
27,25,4,5,0,5,2026-07-30T17:07:20.319152
27,25,5,5,0,5,2026-07-30T17:07:20.104300
27,25,6,5,0,5,2026-07-30T17:07:20.981996
27,25,7,5,0,5,2026-07-30T17:07:20.749716
27,25,8,5,0,5,2026-07-30T17:07:21.785762
27,25,9,4,0,4,2026-07-30T17:07:21.324842
27,25,10,0,0,0,2026-07-30T17:07:21.537534
27,26,1,5,0,5,2026-07-30T17:07:21.764550
27,26,2,5,0,5,2026-07-30T17:07:22.250424
27,26,3,5,0,5,2026-07-30T17:07:21.743520
27,26,4,5,0,5,2026-07-30T17:07:22.583761
27,26,5,5,0,5,2026-07-30T17:07:22.849717
27,26,6,5,0,5,2026-07-30T17:07:23.413085
27,26,7,5,0,5,2026-07-30T17:07:22.967141
27,26,8,5,0,5,2026-07-30T17:07:23.012652
27,26,9,5,0,5,2026-07-30T17:07:23.024364
27,26,10,5,0,5,2026-07-30T17:07:23.251307
27,27,1,5,0,5,2026-07-30T17:07:23.704290
27,27,2,5,0,5,2026-07-30T17:07:23.644985
27,27,3,5,0,5,2026-07-30T17:07:24.708854
27,27,4,5,0,5,2026-07-30T17:07:25.046165
27,27,5,5,0,5,2026-07-30T17:07:24.277216
27,27,6,5,0,5,2026-07-30T17:07:24.684955
27,27,7,5,0,5,2026-07-30T17:07:24.475520
27,27,8,5,0,5,2026-07-30T17:07:25.112435
27,27,9,5,0,5,2026-07-30T17:07:25.379024
27,27,10,5,0,5,2026-07-30T17:07:25.571953
27,28,1,5,0,5,2026-07-30T17:07:25.531826
27,28,2,5,0,5,2026-07-30T17:07:26.138580
27,28,3,5,0,5,2026-07-30T17:07:26.167219
27,28,4,3,0,3,2026-07-30T17:07:25.966307
27,28,5,5,0,5,2026-07-30T17:07:27.120135
27,28,6,5,0,5,2026-07-30T17:07:26.588532
27,28,7,5,0,5,2026-07-30T17:07:26.828173
27,28,8,0,0,0,2026-07-30T17:07:26.992634
27,28,9,5,0,5,2026-07-30T17:07:26.820362
27,28,10,5,0,5,2026-07-30T17:07:27.817273
27,29,1,5,0,5,2026-07-30T17:07:27.783132
27,29,2,4,0,4,2026-07-30T17:07:27.012803
27,29,3,5,0,5,2026-07-30T17:07:28.615075
27,29,4,5,0,5,2026-07-30T17:07:28.440940
27,29,5,5,0,5,2026-07-30T17:07:28.677159
27,29,6,5,0,5,2026-07-30T17:07:28.023490
27,29,7,0,0,0,2026-07-30T17:07:28.054467
27,29,8,0,0,0,2026-07-30T17:07:28.582359
27,29,9,5,0,5,2026-07-30T17:07:29.440135
27,29,10,5,0,5,2026-07-30T17:07:28.841053
27,30,1,5,0,5,2026-07-30T17:07:29.081139
27,30,2,5,0,5,2026-07-30T17:07:29.700986
27,30,3,5,0,5,2026-07-30T17:07:29.893487
27,30,4,5,0,5,2026-07-30T17:07:30.044001
27,30,5,5,0,5,2026-07-30T17:07:30.282744
27,30,6,5,0,5,2026-07-30T17:07:29.923552
27,30,7,5,0,5,2026-07-30T17:07:30.712809
27,30,8,5,0,5,2026-07-30T17:07:30.529732
27,30,9,5,0,5,2026-07-30T17:07:30.710952
27,30,10,3,0,3,2026-07-30T17:07:31.345695
28,1,1,5,0,5,2026-07-30T17:07:31.369165
28,1,2,5,0,5,2026-07-30T17:07:31.402014
28,1,3,5,0,5,2026-07-30T17:07:31.691590
28,1,4,5,0,5,2026-07-30T17:07:31.517578
28,1,5,5,0,5,2026-07-30T17:07:31.992257
28,1,6,5,0,5,2026-07-30T17:07:31.750407
28,1,7,5,0,5,2026-07-30T17:07:32.763824
28,1,8,5,0,5,2026-07-30T17:07:32.595207
28,1,9,5,0,5,2026-07-30T17:07:32.802583
28,1,10,5,0,5,2026-07-30T17:07:33.262949
28,2,1,5,0,5,2026-07-30T17:07:33.583737
28,2,2,5,0,5,2026-07-30T17:07:33.166713
28,2,3,5,0,5,2026-07-30T17:07:33.597906
28,2,4,5,0,5,2026-07-30T17:07:33.608228
28,2,5,5,0,5,2026-07-30T17:07:34.475908
28,2,6,5,0,5,2026-07-30T17:07:35.076498
28,2,7,4,0,4,2026-07-30T17:07:34.451973
28,2,8,5,0,5,2026-07-30T17:07:34.628745
28,2,9,5,0,5,2026-07-30T17:07:34.914671
28,2,10,5,0,5,2026-07-30T17:07:35.632213
28,3,1,5,0,5,2026-07-30T17:07:35.043029
28,3,2,4,0,4,2026-07-30T17:07:35.283104
28,3,3,5,0,5,2026-07-30T17:07:35.485902
28,3,4,5,0,5,2026-07-30T17:07:36.130109
28,3,5,0,0,0,2026-07-30T17:07:35.852869
28,3,6,5,0,5,2026-07-30T17:07:36.372446
28,3,7,5,0,5,2026-07-30T17:07:36.272857
28,3,8,5,0,5,2026-07-30T17:07:36.911982
28,3,9,5,0,5,2026-07-30T17:07:36.329853
28,3,10,5,0,5,2026-07-30T17:07:36.548307
28,4,1,0,0,0,2026-07-30T17:07:36.658554
28,4,2,0,0,0,2026-07-30T17:07:37.698527
28,4,3,0,0,0,2026-07-30T17:07:37.772927
28,4,4,0,0,0,2026-07-30T17:07:37.923499
28,4,5,0,0,0,2026-07-30T17:07:37.367753
28,4,6,0,0,0,2026-07-30T17:07:38.235847
28,4,7,0,0,0,2026-07-30T17:07:38.193982
28,4,8,0,0,0,2026-07-30T17:07:38.531772
28,4,9,0,0,0,2026-07-30T17:07:38.560761
28,4,10,0,0,0,2026-07-30T17:07:39.175915
28,5,1,0,0,0,2026-07-30T17:07:38.911311
28,5,2,0,0,0,2026-07-30T17:07:39.818879
28,5,3,0,0,0,2026-07-30T17:07:39.580630
28,5,4,0,0,0,2026-07-30T17:07:39.829878
28,5,5,0,0,0,2026-07-30T17:07:39.277769
28,5,6,0,0,0,2026-07-30T17:07:39.980522
28,5,7,0,0,0,2026-07-30T17:07:40.417030
28,5,8,0,0,0,2026-07-30T17:07:40.971268
28,5,9,0,0,0,2026-07-30T17:07:40.429608
28,5,10,0,0,0,2026-07-30T17:07:40.744006
28,6,1,5,0,5,2026-07-30T17:07:41.269200
28,6,2,5,0,5,2026-07-30T17:07:41.044159
28,6,3,5,0,5,2026-07-30T17:07:41.914708
28,6,4,5,0,5,2026-07-30T17:07:41.842072
28,6,5,5,0,5,2026-07-30T17:07:42.325260
28,6,6,5,0,5,2026-07-30T17:07:41.662086
28,6,7,5,0,5,2026-07-30T17:07:42.617012
28,6,8,5,0,5,2026-07-30T17:07:42.222460
28,6,9,5,0,5,2026-07-30T17:07:42.491196
28,6,10,5,0,5,2026-07-30T17:07:42.743631
28,7,1,5,0,5,2026-07-30T17:07:42.916758
28,7,2,5,0,5,2026-07-30T17:07:42.892047
28,7,3,5,0,5,2026-07-30T17:07:43.783619
28,7,4,5,0,5,2026-07-30T17:07:43.466508
28,7,5,5,0,5,2026-07-30T17:07:44.179959
28,7,6,5,0,5,2026-07-30T17:07:44.536815
28,7,7,5,0,5,2026-07-30T17:07:44.494350
28,7,8,5,0,5,2026-07-30T17:07:44.184079
28,7,9,5,0,5,2026-07-30T17:07:44.162417
28,7,10,5,0,5,2026-07-30T17:07:44.149649
28,8,1,5,0,5,2026-07-30T17:07:44.901810
28,8,2,5,0,5,2026-07-30T17:07:44.992512
28,8,3,5,0,5,2026-07-30T17:07:45.970774
28,8,4,5,0,5,2026-07-30T17:07:45.600158
28,8,5,5,0,5,2026-07-30T17:07:46.221283
28,8,6,5,0,5,2026-07-30T17:07:45.853947
28,8,7,5,0,5,2026-07-30T17:07:46.344599
28,8,8,5,0,5,2026-07-30T17:07:46.220518
28,8,9,5,0,5,2026-07-30T17:07:46.537920
28,8,10,5,0,5,2026-07-30T17:07:46.637263
28,9,1,0,0,0,2026-07-30T17:07:47.248027
28,9,2,0,0,0,2026-07-30T17:07:47.485327
28,9,3,0,0,0,2026-07-30T17:07:47.638272
28,9,4,0,0,0,2026-07-30T17:07:48.042234
28,9,5,0,0,0,2026-07-30T17:07:47.442553
28,9,6,0,0,0,2026-07-30T17:07:47.387250
28,9,7,0,0,0,2026-07-30T17:07:47.551019
28,9,8,0,0,0,2026-07-30T17:07:47.871360
28,9,9,0,0,0,2026-07-30T17:07:49.306674
28,9,10,0,0,0,2026-07-30T17:07:48.612342
28,10,1,0,0,0,2026-07-30T17:07:48.662248
28,10,2,0,0,0,2026-07-30T17:07:49.327193
28,10,3,0,0,0,2026-07-30T17:07:49.201917
28,10,4,0,0,0,2026-07-30T17:07:49.306852
28,10,5,0,0,0,2026-07-30T17:07:49.316834
28,10,6,0,0,0,2026-07-30T17:07:49.706035
28,10,7,0,0,0,2026-07-30T17:07:50.298871
28,10,8,0,0,0,2026-07-30T17:07:50.317566
28,10,9,0,0,0,2026-07-30T17:07:51.076002
28,10,10,0,0,0,2026-07-30T17:07:50.580294
28,11,1,5,0,5,2026-07-30T17:07:50.360447
28,11,2,5,0,5,2026-07-30T17:07:50.980805
28,11,3,5,0,5,2026-07-30T17:07:50.762443
28,11,4,5,0,5,2026-07-30T17:07:51.384669
28,11,5,5,0,5,2026-07-30T17:07:51.543947
28,11,6,5,0,5,2026-07-30T17:07:51.968499
28,11,7,5,0,5,2026-07-30T17:07:52.443530
28,11,8,5,0,5,2026-07-30T17:07:52.463829
28,11,9,5,0,5,2026-07-30T17:07:52.006698
28,11,10,5,0,5,2026-07-30T17:07:52.205879
28,12,1,5,0,5,2026-07-30T17:07:53.141910
28,12,2,5,0,5,2026-07-30T17:07:52.632571
28,12,3,5,0,5,2026-07-30T17:07:52.767255
28,12,4,5,0,5,2026-07-30T17:07:53.803084
28,12,5,5,0,5,2026-07-30T17:07:54.062320
28,12,6,5,0,5,2026-07-30T17:07:53.638606
28,12,7,5,0,5,2026-07-30T17:07:53.694543
28,12,8,5,0,5,2026-07-30T17:07:53.489731
28,12,9,5,0,5,2026-07-30T17:07:54.052991
28,12,10,5,0,5,2026-07-30T17:07:54.595999
28,13,1,3,0,3,2026-07-30T17:07:54.577728
28,13,2,0,0,0,2026-07-30T17:07:54.974061
28,13,3,3,0,3,2026-07-30T17:07:55.468770
28,13,4,3,0,3,2026-07-30T17:07:54.895881
28,13,5,2,0,2,2026-07-30T17:07:55.268948
28,13,6,2,0,2,2026-07-30T17:07:55.904746
28,13,7,0,0,0,2026-07-30T17:07:55.514117
28,13,8,4,0,4,2026-07-30T17:07:56.226073
28,13,9,4,0,4,2026-07-30T17:07:55.636718
28,13,10,4,0,4,2026-07-30T17:07:56.734769
28,14,1,5,0,5,2026-07-30T17:07:56.811758
28,14,2,5,0,5,2026-07-30T17:07:57.137754
28,14,3,5,0,5,2026-07-30T17:07:57.281339
28,14,4,4,0,4,2026-07-30T17:07:57.769091
28,14,5,4,0,4,2026-07-30T17:07:57.091556
28,14,6,5,0,5,2026-07-30T17:07:56.970032
28,14,7,5,0,5,2026-07-30T17:07:57.707333
28,14,8,4,0,4,2026-07-30T17:07:58.802011
28,14,9,5,0,5,2026-07-30T17:07:58.864839
28,14,10,5,0,5,2026-07-30T17:07:58.416231
28,15,1,5,0,5,2026-07-30T17:07:59.138177
28,15,2,5,0,5,2026-07-30T17:07:59.171392
28,15,3,5,0,5,2026-07-30T17:07:58.524969
28,15,4,5,0,5,2026-07-30T17:07:59.151642
28,15,5,5,0,5,2026-07-30T17:07:59.822453
28,15,6,5,0,5,2026-07-30T17:07:59.886301
28,15,7,5,0,5,2026-07-30T17:07:59.547111
28,15,8,5,0,5,2026-07-30T17:08:00.049494
28,15,9,5,0,5,2026-07-30T17:08:00.112608
28,15,10,5,0,5,2026-07-30T17:08:01.029497
28,16,1,5,0,5,2026-07-30T17:08:00.840809
28,16,2,5,0,5,2026-07-30T17:08:00.893775
28,16,3,5,0,5,2026-07-30T17:08:01.383059
28,16,4,5,0,5,2026-07-30T17:08:01.084094
28,16,5,5,0,5,2026-07-30T17:08:01.511734
28,16,6,5,0,5,2026-07-30T17:08:01.880020
28,16,7,5,0,5,2026-07-30T17:08:01.357661
28,16,8,5,0,5,2026-07-30T17:08:02.679659
28,16,9,5,0,5,2026-07-30T17:08:02.140730
28,16,10,5,0,5,2026-07-30T17:08:02.652341
28,17,1,5,0,5,2026-07-30T17:08:02.361277
28,17,2,5,0,5,2026-07-30T17:08:02.993403
28,17,3,5,0,5,2026-07-30T17:08:02.636035
28,17,4,5,0,5,2026-07-30T17:08:03.342750
28,17,5,5,0,5,2026-07-30T17:08:03.741709
28,17,6,5,0,5,2026-07-30T17:08:03.792328
28,17,7,5,0,5,2026-07-30T17:08:03.398848
28,17,8,5,0,5,2026-07-30T17:08:04.510695
28,17,9,5,0,5,2026-07-30T17:08:04.309070
28,17,10,5,0,5,2026-07-30T17:08:03.746544
28,18,1,5,0,5,2026-07-30T17:08:04.223516
28,18,2,5,0,5,2026-07-30T17:08:04.604206
28,18,3,5,0,5,2026-07-30T17:08:05.262058
28,18,4,5,0,5,2026-07-30T17:08:05.002025
28,18,5,5,0,5,2026-07-30T17:08:05.619090
28,18,6,5,0,5,2026-07-30T17:08:05.269660
28,18,7,5,0,5,2026-07-30T17:08:05.252498
28,18,8,5,0,5,2026-07-30T17:08:05.555633
28,18,9,5,0,5,2026-07-30T17:08:06.583329
28,18,10,5,0,5,2026-07-30T17:08:06.044816
28,19,1,5,0,5,2026-07-30T17:08:06.259426
28,19,2,5,0,5,2026-07-30T17:08:06.909878
28,19,3,5,0,5,2026-07-30T17:08:06.898701
28,19,4,5,0,5,2026-07-30T17:08:06.914181
28,19,5,5,0,5,2026-07-30T17:08:07.218163
28,19,6,5,0,5,2026-07-30T17:08:06.861840
28,19,7,5,0,5,2026-07-30T17:08:07.900956
28,19,8,5,0,5,2026-07-30T17:08:08.086349
28,19,9,5,0,5,2026-07-30T17:08:07.619256
28,19,10,5,0,5,2026-07-30T17:08:07.876827
28,20,1,5,0,5,2026-07-30T17:08:08.730413
28,20,2,5,0,5,2026-07-30T17:08:08.345921
28,20,3,5,0,5,2026-07-30T17:08:08.556149
28,20,4,5,0,5,2026-07-30T17:08:08.478027
28,20,5,5,0,5,2026-07-30T17:08:09.312267
28,20,6,5,0,5,2026-07-30T17:08:08.720138
28,20,7,5,0,5,2026-07-30T17:08:08.939407
28,20,8,5,0,5,2026-07-30T17:08:09.712848
28,20,9,5,0,5,2026-07-30T17:08:09.566747
28,20,10,5,0,5,2026-07-30T17:08:09.711721
28,21,1,5,0,5,2026-07-30T17:08:10.593090
28,21,2,5,0,5,2026-07-30T17:08:10.144764
28,21,3,5,0,5,2026-07-30T17:08:10.583394
28,21,4,5,0,5,2026-07-30T17:08:10.001482
28,21,5,5,0,5,2026-07-30T17:08:11.137913
28,21,6,5,0,5,2026-07-30T17:08:10.799097
28,21,7,5,0,5,2026-07-30T17:08:11.147043
28,21,8,5,0,5,2026-07-30T17:08:11.146678
28,21,9,5,0,5,2026-07-30T17:08:11.482621
28,21,10,5,0,5,2026-07-30T17:08:11.371322
28,22,1,5,0,5,2026-07-30T17:08:11.815891
28,22,2,5,0,5,2026-07-30T17:08:12.239372
28,22,3,5,0,5,2026-07-30T17:08:12.462126
28,22,4,5,0,5,2026-07-30T17:08:13.174048
28,22,5,5,0,5,2026-07-30T17:08:13.021125
28,22,6,5,0,5,2026-07-30T17:08:12.386486
28,22,7,5,0,5,2026-07-30T17:08:13.010071
28,22,8,5,0,5,2026-07-30T17:08:12.930025
28,22,9,5,0,5,2026-07-30T17:08:12.826775
28,22,10,5,0,5,2026-07-30T17:08:13.876721
28,23,1,5,0,5,2026-07-30T17:08:13.425555
28,23,2,5,0,5,2026-07-30T17:08:13.685464
28,23,3,5,0,5,2026-07-30T17:08:14.047671
28,23,4,5,0,5,2026-07-30T17:08:14.977290
28,23,5,5,0,5,2026-07-30T17:08:14.659271
28,23,6,5,0,5,2026-07-30T17:08:14.871259
28,23,7,5,0,5,2026-07-30T17:08:14.432872
28,23,8,5,0,5,2026-07-30T17:08:15.072273
28,23,9,5,0,5,2026-07-30T17:08:14.908513
28,23,10,5,0,5,2026-07-30T17:08:15.736833
28,24,1,5,0,5,2026-07-30T17:08:15.903436
28,24,2,5,0,5,2026-07-30T17:08:16.315127
28,24,3,5,0,5,2026-07-30T17:08:15.702754
28,24,4,5,0,5,2026-07-30T17:08:16.112512
28,24,5,5,0,5,2026-07-30T17:08:15.942196
28,24,6,5,0,5,2026-07-30T17:08:16.219376
28,24,7,5,0,5,2026-07-30T17:08:16.722035
28,24,8,5,0,5,2026-07-30T17:08:17.594013
28,24,9,5,0,5,2026-07-30T17:08:16.753689
28,24,10,5,0,5,2026-07-30T17:08:17.555626
28,25,1,5,0,5,2026-07-30T17:08:17.402205
28,25,2,0,0,0,2026-07-30T17:08:17.966716
28,25,3,0,0,0,2026-07-30T17:08:17.629195
28,25,4,0,0,0,2026-07-30T17:08:18.176838
28,25,5,0,0,0,2026-07-30T17:08:17.952284
28,25,6,0,0,0,2026-07-30T17:08:18.407477
28,25,7,0,0,0,2026-07-30T17:08:19.056463
28,25,8,0,0,0,2026-07-30T17:08:19.007079
28,25,9,5,0,5,2026-07-30T17:08:19.026077
28,25,10,5,0,5,2026-07-30T17:08:18.671048
28,26,1,5,0,5,2026-07-30T17:08:19.169626
28,26,2,5,0,5,2026-07-30T17:08:19.416875
28,26,3,5,0,5,2026-07-30T17:08:19.822043
28,26,4,5,0,5,2026-07-30T17:08:19.818791
28,26,5,5,0,5,2026-07-30T17:08:20.519560
28,26,6,5,0,5,2026-07-30T17:08:21.078661
28,26,7,5,0,5,2026-07-30T17:08:20.449666
28,26,8,5,0,5,2026-07-30T17:08:20.316716
28,26,9,5,0,5,2026-07-30T17:08:21.048849
28,26,10,5,0,5,2026-07-30T17:08:20.653396
28,27,1,5,0,5,2026-07-30T17:08:21.484686
28,27,2,5,0,5,2026-07-30T17:08:21.901369
28,27,3,5,0,5,2026-07-30T17:08:21.383950
28,27,4,5,0,5,2026-07-30T17:08:21.886299
28,27,5,5,0,5,2026-07-30T17:08:21.755049
28,27,6,5,0,5,2026-07-30T17:08:22.519930
28,27,7,5,0,5,2026-07-30T17:08:22.087000
28,27,8,5,0,5,2026-07-30T17:08:22.727360
28,27,9,5,0,5,2026-07-30T17:08:22.838851
28,27,10,5,0,5,2026-07-30T17:08:22.732133
28,28,1,5,0,5,2026-07-30T17:08:23.035085
28,28,2,5,0,5,2026-07-30T17:08:23.761010
28,28,3,5,0,5,2026-07-30T17:08:23.744406
28,28,4,5,0,5,2026-07-30T17:08:23.133747
28,28,5,5,0,5,2026-07-30T17:08:23.981614
28,28,6,5,0,5,2026-07-30T17:08:24.143212
28,28,7,5,0,5,2026-07-30T17:08:23.985957
28,28,8,5,0,5,2026-07-30T17:08:24.046895
28,28,9,5,0,5,2026-07-30T17:08:24.683910
28,28,10,3,0,3,2026-07-30T17:08:24.972625
28,29,1,5,0,5,2026-07-30T17:08:24.983406
28,29,2,5,0,5,2026-07-30T17:08:24.793535
28,29,3,5,0,5,2026-07-30T17:08:25.404526
28,29,4,5,0,5,2026-07-30T17:08:25.224474
28,29,5,5,0,5,2026-07-30T17:08:25.299263
28,29,6,5,0,5,2026-07-30T17:08:25.787620
28,29,7,5,0,5,2026-07-30T17:08:26.544348
28,29,8,5,0,5,2026-07-30T17:08:26.011612
28,29,9,5,0,5,2026-07-30T17:08:26.822357
28,29,10,5,0,5,2026-07-30T17:08:26.208817
28,30,1,5,0,5,2026-07-30T17:08:26.678212
28,30,2,5,0,5,2026-07-30T17:08:27.129706
28,30,3,5,0,5,2026-07-30T17:08:26.437642
28,30,4,5,0,5,2026-07-30T17:08:27.012771
28,30,5,5,0,5,2026-07-30T17:08:27.461545
28,30,6,5,0,5,2026-07-30T17:08:27.462614
28,30,7,5,0,5,2026-07-30T17:08:28.290942
28,30,8,5,0,5,2026-07-30T17:08:28.178314
28,30,9,5,0,5,2026-07-30T17:08:27.914930
28,30,10,5,0,5,2026-07-30T17:08:28.855694
29,1,1,5,0,5,2026-07-30T17:08:28.863050
29,1,2,5,0,5,2026-07-30T17:08:28.781940
29,1,3,5,0,5,2026-07-30T17:08:28.705697
29,1,4,5,0,5,2026-07-30T17:08:28.710739
29,1,5,5,0,5,2026-07-30T17:08:29.885897
29,1,6,5,0,5,2026-07-30T17:08:29.210063
29,1,7,5,0,5,2026-07-30T17:08:29.972793
29,1,8,5,0,5,2026-07-30T17:08:29.748368
29,1,9,5,0,5,2026-07-30T17:08:30.554019
29,1,10,5,0,5,2026-07-30T17:08:30.236017
29,2,1,5,0,5,2026-07-30T17:08:30.090514
29,2,2,5,0,5,2026-07-30T17:08:30.303684
29,2,3,5,0,5,2026-07-30T17:08:31.244132
29,2,4,5,0,5,2026-07-30T17:08:31.006907
29,2,5,5,0,5,2026-07-30T17:08:31.936002
29,2,6,5,0,5,2026-07-30T17:08:31.188583
29,2,7,5,0,5,2026-07-30T17:08:31.732146
29,2,8,5,0,5,2026-07-30T17:08:32.057340
29,2,9,5,0,5,2026-07-30T17:08:31.948002
29,2,10,5,0,5,2026-07-30T17:08:31.830502
29,3,1,0,0,0,2026-07-30T17:08:32.817668
29,3,2,0,0,0,2026-07-30T17:08:32.433347
29,3,3,0,0,0,2026-07-30T17:08:32.709940
29,3,4,0,0,0,2026-07-30T17:08:33.172782
29,3,5,0,0,0,2026-07-30T17:08:33.492605
29,3,6,0,0,0,2026-07-30T17:08:33.385793
29,3,7,0,0,0,2026-07-30T17:08:33.802715
29,3,8,0,0,0,2026-07-30T17:08:33.694912
29,3,9,0,0,0,2026-07-30T17:08:34.059512
29,3,10,0,0,0,2026-07-30T17:08:33.942534
29,4,1,0,0,0,2026-07-30T17:08:34.478915
29,4,2,0,0,0,2026-07-30T17:08:35.218940
29,4,3,0,0,0,2026-07-30T17:08:35.441321
29,4,4,0,0,0,2026-07-30T17:08:34.543045
29,4,5,0,0,0,2026-07-30T17:08:35.714272
29,4,6,0,0,0,2026-07-30T17:08:35.848378
29,4,7,0,0,0,2026-07-30T17:08:35.372629
29,4,8,0,0,0,2026-07-30T17:08:35.899773
29,4,9,0,0,0,2026-07-30T17:08:36.128559
29,4,10,0,0,0,2026-07-30T17:08:35.566937
29,5,1,0,0,0,2026-07-30T17:08:36.474884
29,5,2,0,0,0,2026-07-30T17:08:36.800483
29,5,3,0,0,0,2026-07-30T17:08:36.916810
29,5,4,0,0,0,2026-07-30T17:08:37.612136
29,5,5,0,0,0,2026-07-30T17:08:37.797981
29,5,6,0,0,0,2026-07-30T17:08:37.510479
29,5,7,0,0,0,2026-07-30T17:08:37.319041
29,5,8,0,0,0,2026-07-30T17:08:37.767064
29,5,9,0,0,0,2026-07-30T17:08:38.159135
29,5,10,0,0,0,2026-07-30T17:08:37.860125
29,6,1,0,0,0,2026-07-30T17:08:38.784907
29,6,2,0,0,0,2026-07-30T17:08:38.979189
29,6,3,5,0,5,2026-07-30T17:08:39.383377
29,6,4,0,0,0,2026-07-30T17:08:39.269530
29,6,5,5,0,5,2026-07-30T17:08:39.003099
29,6,6,0,0,0,2026-07-30T17:08:38.825108
29,6,7,0,0,0,2026-07-30T17:08:39.714787
29,6,8,0,0,0,2026-07-30T17:08:40.009285
29,6,9,5,0,5,2026-07-30T17:08:40.618727
29,6,10,0,0,0,2026-07-30T17:08:40.483172
29,7,1,5,0,5,2026-07-30T17:08:40.642958
29,7,2,5,0,5,2026-07-30T17:08:41.054922
29,7,3,5,0,5,2026-07-30T17:08:41.318021
29,7,4,5,0,5,2026-07-30T17:08:41.022790
29,7,5,5,0,5,2026-07-30T17:08:41.576059
29,7,6,5,0,5,2026-07-30T17:08:41.859721
29,7,7,5,0,5,2026-07-30T17:08:41.927728
29,7,8,5,0,5,2026-07-30T17:08:41.871218
29,7,9,5,0,5,2026-07-30T17:08:42.296005
29,7,10,5,0,5,2026-07-30T17:08:42.045137
29,8,1,0,0,0,2026-07-30T17:08:42.299501
29,8,2,0,0,0,2026-07-30T17:08:43.163833
29,8,3,0,0,0,2026-07-30T17:08:43.206998
29,8,4,0,0,0,2026-07-30T17:08:43.517030
29,8,5,0,0,0,2026-07-30T17:08:43.932706
29,8,6,0,0,0,2026-07-30T17:08:43.380515
29,8,7,0,0,0,2026-07-30T17:08:43.708740
29,8,8,0,0,0,2026-07-30T17:08:43.731091
29,8,9,0,0,0,2026-07-30T17:08:44.383229
29,8,10,0,0,0,2026-07-30T17:08:45.226431
29,9,1,0,0,0,2026-07-30T17:08:45.046214
29,9,2,0,0,0,2026-07-30T17:08:44.434742
29,9,3,0,0,0,2026-07-30T17:08:44.568570
29,9,4,0,0,0,2026-07-30T17:08:45.352175
29,9,5,0,0,0,2026-07-30T17:08:45.170463
29,9,6,0,0,0,2026-07-30T17:08:45.181788
29,9,7,0,0,0,2026-07-30T17:08:46.051269
29,9,8,0,0,0,2026-07-30T17:08:46.310738
29,9,9,0,0,0,2026-07-30T17:08:46.240793
29,9,10,0,0,0,2026-07-30T17:08:46.278476
29,10,1,0,0,0,2026-07-30T17:08:47.036226
29,10,2,0,0,0,2026-07-30T17:08:46.202435
29,10,3,0,0,0,2026-07-30T17:08:47.305253
29,10,4,0,0,0,2026-07-30T17:08:46.582589
29,10,5,0,0,0,2026-07-30T17:08:47.082265
29,10,6,0,0,0,2026-07-30T17:08:48.269186
29,10,7,0,0,0,2026-07-30T17:08:47.687390
29,10,8,0,0,0,2026-07-30T17:08:48.138802
29,10,9,0,0,0,2026-07-30T17:08:48.153315
29,10,10,0,0,0,2026-07-30T17:08:48.243648
29,11,1,5,0,5,2026-07-30T17:08:48.067171
29,11,2,5,0,5,2026-07-30T17:08:48.507219
29,11,3,5,0,5,2026-07-30T17:08:48.738220
29,11,4,5,0,5,2026-07-30T17:08:48.722572
29,11,5,5,0,5,2026-07-30T17:08:49.540260
29,11,6,5,0,5,2026-07-30T17:08:50.001514
29,11,7,5,0,5,2026-07-30T17:08:49.166231
29,11,8,5,0,5,2026-07-30T17:08:50.093568
29,11,9,0,0,0,2026-07-30T17:08:49.912272
29,11,10,5,0,5,2026-07-30T17:08:50.344744
29,12,1,5,0,5,2026-07-30T17:08:50.168989
29,12,2,5,0,5,2026-07-30T17:08:50.388554
29,12,3,5,0,5,2026-07-30T17:08:50.442142
29,12,4,5,0,5,2026-07-30T17:08:50.971359
29,12,5,5,0,5,2026-07-30T17:08:51.349061
29,12,6,5,0,5,2026-07-30T17:08:51.652264
29,12,7,5,0,5,2026-07-30T17:08:51.135325
29,12,8,5,0,5,2026-07-30T17:08:52.176791
29,12,9,5,0,5,2026-07-30T17:08:51.788216
29,12,10,5,0,5,2026-07-30T17:08:52.033706
29,13,1,0,0,0,2026-07-30T17:08:52.305106
29,13,2,0,0,0,2026-07-30T17:08:52.623688
29,13,3,0,0,0,2026-07-30T17:08:52.969965
29,13,4,0,0,0,2026-07-30T17:08:53.409011
29,13,5,0,0,0,2026-07-30T17:08:53.493933
29,13,6,0,0,0,2026-07-30T17:08:53.665187
29,13,7,0,0,0,2026-07-30T17:08:54.105069
29,13,8,0,0,0,2026-07-30T17:08:53.816924
29,13,9,0,0,0,2026-07-30T17:08:53.549206
29,13,10,0,0,0,2026-07-30T17:08:54.049394
29,14,1,5,0,5,2026-07-30T17:08:54.620013
29,14,2,5,0,5,2026-07-30T17:08:54.869421
29,14,3,5,0,5,2026-07-30T17:08:55.131462
29,14,4,5,0,5,2026-07-30T17:08:55.416424
29,14,5,5,0,5,2026-07-30T17:08:55.111585
29,14,6,5,0,5,2026-07-30T17:08:55.055897
29,14,7,5,0,5,2026-07-30T17:08:55.712715
29,14,8,5,0,5,2026-07-30T17:08:55.956523
29,14,9,4,0,4,2026-07-30T17:08:56.686483
29,14,10,5,0,5,2026-07-30T17:08:56.348535
29,15,1,0,0,0,2026-07-30T17:08:56.728244
29,15,2,0,0,0,2026-07-30T17:08:56.763831
29,15,3,0,0,0,2026-07-30T17:08:56.772903
29,15,4,0,0,0,2026-07-30T17:08:57.061380
29,15,5,0,0,0,2026-07-30T17:08:57.567496
29,15,6,0,0,0,2026-07-30T17:08:57.604780
29,15,7,0,0,0,2026-07-30T17:08:57.412952
29,15,8,0,0,0,2026-07-30T17:08:58.541267
29,15,9,0,0,0,2026-07-30T17:08:58.776854
29,15,10,0,0,0,2026-07-30T17:08:58.008112
29,16,1,5,0,5,2026-07-30T17:08:57.994251
29,16,2,5,0,5,2026-07-30T17:08:59.110385
29,16,3,5,0,5,2026-07-30T17:08:58.640753
29,16,4,5,0,5,2026-07-30T17:08:59.431899
29,16,5,5,0,5,2026-07-30T17:08:58.482020
29,16,6,5,0,5,2026-07-30T17:08:59.867407
29,16,7,5,0,5,2026-07-30T17:08:59.239623
29,16,8,5,0,5,2026-07-30T17:08:59.500683
29,16,9,5,0,5,2026-07-30T17:08:59.788244
29,16,10,5,0,5,2026-07-30T17:09:00.108015
29,17,1,5,0,5,2026-07-30T17:09:00.615171
29,17,2,5,0,5,2026-07-30T17:09:00.821455
29,17,3,5,0,5,2026-07-30T17:09:00.622664
29,17,4,5,0,5,2026-07-30T17:09:00.471778
29,17,5,5,0,5,2026-07-30T17:09:00.745610
29,17,6,5,0,5,2026-07-30T17:09:01.652214
29,17,7,5,0,5,2026-07-30T17:09:01.140978
29,17,8,5,0,5,2026-07-30T17:09:01.972665
29,17,9,5,0,5,2026-07-30T17:09:02.098978
29,17,10,5,0,5,2026-07-30T17:09:02.331752
29,18,1,5,0,5,2026-07-30T17:09:01.648851
29,18,2,5,0,5,2026-07-30T17:09:02.608805
29,18,3,5,0,5,2026-07-30T17:09:02.487513
29,18,4,5,0,5,2026-07-30T17:09:02.217742
29,18,5,5,0,5,2026-07-30T17:09:02.696588
29,18,6,5,0,5,2026-07-30T17:09:02.954308
29,18,7,5,0,5,2026-07-30T17:09:03.011787
29,18,8,5,0,5,2026-07-30T17:09:03.764978
29,18,9,5,0,5,2026-07-30T17:09:03.668961
29,18,10,5,0,5,2026-07-30T17:09:03.986008
29,19,1,5,0,5,2026-07-30T17:09:03.719577
29,19,2,5,0,5,2026-07-30T17:09:03.857933
29,19,3,5,0,5,2026-07-30T17:09:04.516797
29,19,4,5,0,5,2026-07-30T17:09:04.817899
29,19,5,5,0,5,2026-07-30T17:09:04.424191
29,19,6,5,0,5,2026-07-30T17:09:05.555554
29,19,7,3,0,3,2026-07-30T17:09:05.585681
29,19,8,5,0,5,2026-07-30T17:09:05.229869
29,19,9,5,0,5,2026-07-30T17:09:05.516812
29,19,10,5,0,5,2026-07-30T17:09:05.852163
29,20,1,5,0,5,2026-07-30T17:09:05.884294
29,20,2,3,0,3,2026-07-30T17:09:05.964329
29,20,3,5,0,5,2026-07-30T17:09:06.459620
29,20,4,4,0,4,2026-07-30T17:09:06.664902
29,20,5,5,0,5,2026-07-30T17:09:07.172125
29,20,6,3,0,3,2026-07-30T17:09:07.224235
29,20,7,4,0,4,2026-07-30T17:09:07.448358
29,20,8,5,0,5,2026-07-30T17:09:07.114250
29,20,9,5,0,5,2026-07-30T17:09:07.917093
29,20,10,5,0,5,2026-07-30T17:09:07.220536
29,21,1,5,0,5,2026-07-30T17:09:08.135331
29,21,2,5,0,5,2026-07-30T17:09:08.318041
29,21,3,5,0,5,2026-07-30T17:09:08.324154
29,21,4,5,0,5,2026-07-30T17:09:09.200869
29,21,5,5,0,5,2026-07-30T17:09:08.480872
29,21,6,5,0,5,2026-07-30T17:09:08.480693
29,21,7,5,0,5,2026-07-30T17:09:09.303613
29,21,8,5,0,5,2026-07-30T17:09:08.947475
29,21,9,5,0,5,2026-07-30T17:09:09.594615
29,21,10,5,0,5,2026-07-30T17:09:09.354468
29,22,1,5,0,5,2026-07-30T17:09:10.172646
29,22,2,5,0,5,2026-07-30T17:09:09.540391
29,22,3,5,0,5,2026-07-30T17:09:09.905362
29,22,4,5,0,5,2026-07-30T17:09:10.377715
29,22,5,5,0,5,2026-07-30T17:09:10.424694
29,22,6,5,0,5,2026-07-30T17:09:10.972270
29,22,7,5,0,5,2026-07-30T17:09:11.198427
29,22,8,5,0,5,2026-07-30T17:09:11.602693
29,22,9,5,0,5,2026-07-30T17:09:11.423555
29,22,10,5,0,5,2026-07-30T17:09:11.141975
29,23,1,5,0,5,2026-07-30T17:09:12.033797
29,23,2,5,0,5,2026-07-30T17:09:11.805464
29,23,3,5,0,5,2026-07-30T17:09:11.663399
29,23,4,5,0,5,2026-07-30T17:09:12.628074
29,23,5,5,0,5,2026-07-30T17:09:12.767165
29,23,6,5,0,5,2026-07-30T17:09:13.044540
29,23,7,5,0,5,2026-07-30T17:09:13.062822
29,23,8,5,0,5,2026-07-30T17:09:13.480881
29,23,9,5,0,5,2026-07-30T17:09:13.327318
29,23,10,5,0,5,2026-07-30T17:09:12.858576
29,24,1,5,0,5,2026-07-30T17:09:13.299241
29,24,2,0,0,0,2026-07-30T17:09:14.503206
29,24,3,0,0,0,2026-07-30T17:09:13.995499
29,24,4,5,0,5,2026-07-30T17:09:14.103567
29,24,5,5,0,5,2026-07-30T17:09:14.490984
29,24,6,0,0,0,2026-07-30T17:09:14.294240
29,24,7,5,0,5,2026-07-30T17:09:14.535957
29,24,8,0,0,0,2026-07-30T17:09:14.778610
29,24,9,0,0,0,2026-07-30T17:09:14.950860
29,24,10,0,0,0,2026-07-30T17:09:16.041973
29,25,1,0,0,0,2026-07-30T17:09:15.544216
29,25,2,0,0,0,2026-07-30T17:09:15.938925
29,25,3,5,0,5,2026-07-30T17:09:15.935794
29,25,4,0,0,0,2026-07-30T17:09:16.139236
29,25,5,0,0,0,2026-07-30T17:09:16.157177
29,25,6,0,0,0,2026-07-30T17:09:15.786969
29,25,7,0,0,0,2026-07-30T17:09:16.622382
29,25,8,0,0,0,2026-07-30T17:09:16.801709
29,25,9,0,0,0,2026-07-30T17:09:17.436511
29,25,10,0,0,0,2026-07-30T17:09:17.180503
29,26,1,5,0,5,2026-07-30T17:09:17.784924
29,26,2,5,0,5,2026-07-30T17:09:17.881424
29,26,3,5,0,5,2026-07-30T17:09:18.012144
29,26,4,5,0,5,2026-07-30T17:09:18.229573
29,26,5,5,0,5,2026-07-30T17:09:18.054039
29,26,6,5,0,5,2026-07-30T17:09:18.026673
29,26,7,5,0,5,2026-07-30T17:09:18.632325
29,26,8,5,0,5,2026-07-30T17:09:18.888803
29,26,9,5,0,5,2026-07-30T17:09:19.010317
29,26,10,5,0,5,2026-07-30T17:09:19.106511
29,27,1,5,0,5,2026-07-30T17:09:19.883797
29,27,2,5,0,5,2026-07-30T17:09:19.867808
29,27,3,5,0,5,2026-07-30T17:09:19.879559
29,27,4,5,0,5,2026-07-30T17:09:19.271517
29,27,5,5,0,5,2026-07-30T17:09:19.681026
29,27,6,5,0,5,2026-07-30T17:09:20.738817
29,27,7,5,0,5,2026-07-30T17:09:20.228290
29,27,8,5,0,5,2026-07-30T17:09:20.334125
29,27,9,5,0,5,2026-07-30T17:09:21.307722
29,27,10,5,0,5,2026-07-30T17:09:21.130577
29,28,1,5,0,5,2026-07-30T17:09:21.311889
29,28,2,5,0,5,2026-07-30T17:09:21.539947
29,28,3,5,0,5,2026-07-30T17:09:21.724067
29,28,4,5,0,5,2026-07-30T17:09:22.074472
29,28,5,5,0,5,2026-07-30T17:09:21.764634
29,28,6,5,0,5,2026-07-30T17:09:21.764777
29,28,7,5,0,5,2026-07-30T17:09:22.577911
29,28,8,5,0,5,2026-07-30T17:09:22.756998
29,28,9,5,0,5,2026-07-30T17:09:22.360742
29,28,10,5,0,5,2026-07-30T17:09:22.589438
29,29,1,5,0,5,2026-07-30T17:09:23.182946
29,29,2,5,0,5,2026-07-30T17:09:23.402052
29,29,3,5,0,5,2026-07-30T17:09:23.626302
29,29,4,5,0,5,2026-07-30T17:09:23.931280
29,29,5,5,0,5,2026-07-30T17:09:24.179168
29,29,6,5,0,5,2026-07-30T17:09:24.215647
29,29,7,5,0,5,2026-07-30T17:09:23.848343
29,29,8,5,0,5,2026-07-30T17:09:23.982298
29,29,9,5,0,5,2026-07-30T17:09:24.622129
29,29,10,5,0,5,2026-07-30T17:09:24.854563
29,30,1,5,0,5,2026-07-30T17:09:25.263058
29,30,2,5,0,5,2026-07-30T17:09:25.498847
29,30,3,5,0,5,2026-07-30T17:09:25.365791
29,30,4,5,0,5,2026-07-30T17:09:25.046416
29,30,5,5,0,5,2026-07-30T17:09:25.858659
29,30,6,5,0,5,2026-07-30T17:09:25.663717
29,30,7,5,0,5,2026-07-30T17:09:25.676836
29,30,8,5,0,5,2026-07-30T17:09:26.284281
29,30,9,5,0,5,2026-07-30T17:09:26.284659
29,30,10,5,0,5,2026-07-30T17:09:26.917720
30,1,1,5,0,5,2026-07-30T17:09:26.613273
30,1,2,5,0,5,2026-07-30T17:09:26.532731
30,1,3,5,0,5,2026-07-30T17:09:27.290512
30,1,4,5,0,5,2026-07-30T17:09:27.511191
30,1,5,5,0,5,2026-07-30T17:09:27.278505
30,1,6,5,0,5,2026-07-30T17:09:27.904964
30,1,7,5,0,5,2026-07-30T17:09:27.310311
30,1,8,5,0,5,2026-07-30T17:09:27.774918
30,1,9,5,0,5,2026-07-30T17:09:27.827835
30,1,10,5,0,5,2026-07-30T17:09:28.748246
30,2,1,5,0,5,2026-07-30T17:09:28.302886
30,2,2,5,0,5,2026-07-30T17:09:28.749498
30,2,3,5,0,5,2026-07-30T17:09:28.518961
30,2,4,5,0,5,2026-07-30T17:09:29.358072
30,2,5,5,0,5,2026-07-30T17:09:29.592184
30,2,6,5,0,5,2026-07-30T17:09:29.489511
30,2,7,5,0,5,2026-07-30T17:09:29.961961
30,2,8,5,0,5,2026-07-30T17:09:29.784547
30,2,9,5,0,5,2026-07-30T17:09:29.755463
30,2,10,5,0,5,2026-07-30T17:09:30.181868
30,3,1,5,0,5,2026-07-30T17:09:30.409302
30,3,2,5,0,5,2026-07-30T17:09:30.564881
30,3,3,5,0,5,2026-07-30T17:09:30.719308
30,3,4,5,0,5,2026-07-30T17:09:31.218917
30,3,5,5,0,5,2026-07-30T17:09:31.783827
30,3,6,5,0,5,2026-07-30T17:09:31.643691
30,3,7,5,0,5,2026-07-30T17:09:32.010378
30,3,8,5,0,5,2026-07-30T17:09:31.813323
30,3,9,5,0,5,2026-07-30T17:09:31.839934
30,3,10,2,0,2,2026-07-30T17:09:32.628131
30,4,1,0,0,0,2026-07-30T17:09:32.324492
30,4,2,0,0,0,2026-07-30T17:09:32.429310
30,4,3,0,0,0,2026-07-30T17:09:33.882479
30,4,4,0,0,0,2026-07-30T17:09:33.820327
30,4,5,0,0,0,2026-07-30T17:09:32.864363
30,4,6,0,0,0,2026-07-30T17:09:33.509859
30,4,7,0,0,0,2026-07-30T17:09:33.859437
30,4,8,0,0,0,2026-07-30T17:09:33.965371
30,4,9,0,0,0,2026-07-30T17:09:33.885279
30,4,10,0,0,0,2026-07-30T17:09:34.282559
30,5,1,5,0,5,2026-07-30T17:09:34.506988
30,5,2,5,0,5,2026-07-30T17:09:34.749551
30,5,3,5,0,5,2026-07-30T17:09:35.461452
30,5,4,5,0,5,2026-07-30T17:09:35.323045
30,5,5,5,0,5,2026-07-30T17:09:35.111675
30,5,6,5,0,5,2026-07-30T17:09:35.548231
30,5,7,5,0,5,2026-07-30T17:09:35.238779
30,5,8,5,0,5,2026-07-30T17:09:35.306727
30,5,9,5,0,5,2026-07-30T17:09:36.543095
30,5,10,5,0,5,2026-07-30T17:09:35.806985
30,6,1,5,0,5,2026-07-30T17:09:36.519000
30,6,2,5,0,5,2026-07-30T17:09:36.471215
30,6,3,5,0,5,2026-07-30T17:09:36.934513
30,6,4,5,0,5,2026-07-30T17:09:36.742692
30,6,5,5,0,5,2026-07-30T17:09:37.288410
30,6,6,5,0,5,2026-07-30T17:09:37.185368
30,6,7,5,0,5,2026-07-30T17:09:37.449337
30,6,8,5,0,5,2026-07-30T17:09:37.912702
30,6,9,5,0,5,2026-07-30T17:09:37.572441
30,6,10,5,0,5,2026-07-30T17:09:38.021851
30,7,1,5,0,5,2026-07-30T17:09:37.802701
30,7,2,5,0,5,2026-07-30T17:09:38.770537
30,7,3,5,0,5,2026-07-30T17:09:38.829607
30,7,4,5,0,5,2026-07-30T17:09:39.359857
30,7,5,5,0,5,2026-07-30T17:09:39.062330
30,7,6,5,0,5,2026-07-30T17:09:39.604966
30,7,7,5,0,5,2026-07-30T17:09:39.240708
30,7,8,5,0,5,2026-07-30T17:09:39.570575
30,7,9,5,0,5,2026-07-30T17:09:39.268436
30,7,10,5,0,5,2026-07-30T17:09:39.989671
30,8,1,5,0,5,2026-07-30T17:09:40.455696
30,8,2,5,0,5,2026-07-30T17:09:40.323590
30,8,3,5,0,5,2026-07-30T17:09:40.884534
30,8,4,5,0,5,2026-07-30T17:09:40.742668
30,8,5,5,0,5,2026-07-30T17:09:41.007332
30,8,6,5,0,5,2026-07-30T17:09:40.603641
30,8,7,5,0,5,2026-07-30T17:09:40.841317
30,8,8,4,0,4,2026-07-30T17:09:41.591835
30,8,9,5,0,5,2026-07-30T17:09:41.347983
30,8,10,5,0,5,2026-07-30T17:09:41.904843
30,9,1,2,0,2,2026-07-30T17:09:42.253897
30,9,2,0,0,0,2026-07-30T17:09:42.384125
30,9,3,0,0,0,2026-07-30T17:09:42.286481
30,9,4,0,0,0,2026-07-30T17:09:42.522484
30,9,5,0,0,0,2026-07-30T17:09:43.045027
30,9,6,0,0,0,2026-07-30T17:09:42.800521
30,9,7,0,0,0,2026-07-30T17:09:43.172271
30,9,8,0,0,0,2026-07-30T17:09:43.366996
30,9,9,0,0,0,2026-07-30T17:09:44.104581
30,9,10,0,0,0,2026-07-30T17:09:43.926383
30,10,1,0,0,0,2026-07-30T17:09:44.031368
30,10,2,0,0,0,2026-07-30T17:09:44.357313
30,10,3,0,0,0,2026-07-30T17:09:44.239951
30,10,4,0,0,0,2026-07-30T17:09:44.681902
30,10,5,0,0,0,2026-07-30T17:09:44.416367
30,10,6,0,0,0,2026-07-30T17:09:45.414306
30,10,7,0,0,0,2026-07-30T17:09:45.578432
30,10,8,0,0,0,2026-07-30T17:09:45.482409
30,10,9,0,0,0,2026-07-30T17:09:45.328098
30,10,10,2,0,2,2026-07-30T17:09:45.473556
30,11,1,5,0,5,2026-07-30T17:09:46.227792
30,11,2,5,0,5,2026-07-30T17:09:45.629447
30,11,3,5,0,5,2026-07-30T17:09:46.548381
30,11,4,5,0,5,2026-07-30T17:09:46.772838
30,11,5,5,0,5,2026-07-30T17:09:47.468376
30,11,6,5,0,5,2026-07-30T17:09:46.511982
30,11,7,5,0,5,2026-07-30T17:09:47.124230
30,11,8,5,0,5,2026-07-30T17:09:46.830125
30,11,9,5,0,5,2026-07-30T17:09:46.678143
30,11,10,5,0,5,2026-07-30T17:09:47.654821
30,12,1,5,0,5,2026-07-30T17:09:47.971614
30,12,2,5,0,5,2026-07-30T17:09:47.779188
30,12,3,5,0,5,2026-07-30T17:09:47.717398
30,12,4,5,0,5,2026-07-30T17:09:48.313212
30,12,5,5,0,5,2026-07-30T17:09:47.915979
30,12,6,5,0,5,2026-07-30T17:09:48.570809
30,12,7,5,0,5,2026-07-30T17:09:49.282438
30,12,8,5,0,5,2026-07-30T17:09:49.073582
30,12,9,5,0,5,2026-07-30T17:09:48.945067
30,12,10,5,0,5,2026-07-30T17:09:49.224419
30,13,1,0,0,0,2026-07-30T17:09:48.938630
30,13,2,0,0,0,2026-07-30T17:09:49.806957
30,13,3,0,0,0,2026-07-30T17:09:49.760788
30,13,4,0,0,0,2026-07-30T17:09:50.453563
30,13,5,0,0,0,2026-07-30T17:09:49.948267
30,13,6,0,0,0,2026-07-30T17:09:50.192803
30,13,7,0,0,0,2026-07-30T17:09:50.518050
30,13,8,0,0,0,2026-07-30T17:09:51.048432
30,13,9,0,0,0,2026-07-30T17:09:50.735318
30,13,10,2,0,2,2026-07-30T17:09:51.592997
30,14,1,5,0,5,2026-07-30T17:09:51.027495
30,14,2,5,0,5,2026-07-30T17:09:50.974460
30,14,3,5,0,5,2026-07-30T17:09:51.407201
30,14,4,5,0,5,2026-07-30T17:09:52.093069
30,14,5,5,0,5,2026-07-30T17:09:51.751129
30,14,6,5,0,5,2026-07-30T17:09:52.573232
30,14,7,5,0,5,2026-07-30T17:09:52.009068
30,14,8,5,0,5,2026-07-30T17:09:52.046974
30,14,9,5,0,5,2026-07-30T17:09:52.285751
30,14,10,5,0,5,2026-07-30T17:09:53.264198
30,15,1,0,0,0,2026-07-30T17:09:52.860061
30,15,2,0,0,0,2026-07-30T17:09:52.792535
30,15,3,0,0,0,2026-07-30T17:09:53.250403
30,15,4,0,0,0,2026-07-30T17:09:53.678665
30,15,5,0,0,0,2026-07-30T17:09:53.324909
30,15,6,5,0,5,2026-07-30T17:09:53.531440
30,15,7,0,0,0,2026-07-30T17:09:53.797237
30,15,8,0,0,0,2026-07-30T17:09:54.664973
30,15,9,0,0,0,2026-07-30T17:09:54.925212
30,15,10,5,0,5,2026-07-30T17:09:54.893718
30,16,1,5,0,5,2026-07-30T17:09:55.304216
30,16,2,5,0,5,2026-07-30T17:09:55.001001
30,16,3,5,0,5,2026-07-30T17:09:55.186091
30,16,4,5,0,5,2026-07-30T17:09:55.537524
30,16,5,5,0,5,2026-07-30T17:09:55.260403
30,16,6,5,0,5,2026-07-30T17:09:55.926157
30,16,7,5,0,5,2026-07-30T17:09:56.552722
30,16,8,5,0,5,2026-07-30T17:09:56.769990
30,16,9,5,0,5,2026-07-30T17:09:56.444892
30,16,10,5,0,5,2026-07-30T17:09:56.630947
30,17,1,5,0,5,2026-07-30T17:09:56.686072
30,17,2,5,0,5,2026-07-30T17:09:56.943126
30,17,3,5,0,5,2026-07-30T17:09:56.983189
30,17,4,5,0,5,2026-07-30T17:09:57.768662
30,17,5,5,0,5,2026-07-30T17:09:58.080616
30,17,6,5,0,5,2026-07-30T17:09:58.003854
30,17,7,5,0,5,2026-07-30T17:09:58.668806
30,17,8,5,0,5,2026-07-30T17:09:57.895586
30,17,9,5,0,5,2026-07-30T17:09:58.409773
30,17,10,5,0,5,2026-07-30T17:09:58.371129
30,18,1,5,0,5,2026-07-30T17:09:58.444051
30,18,2,5,0,5,2026-07-30T17:09:59.223232
30,18,3,5,0,5,2026-07-30T17:09:59.347261
30,18,4,5,0,5,2026-07-30T17:09:59.065992
30,18,5,5,0,5,2026-07-30T17:09:59.917102
30,18,6,5,0,5,2026-07-30T17:09:59.995272
30,18,7,5,0,5,2026-07-30T17:09:59.838025
30,18,8,5,0,5,2026-07-30T17:09:59.694585
30,18,9,5,0,5,2026-07-30T17:10:00.528099
30,18,10,5,0,5,2026-07-30T17:10:00.078930
30,19,1,5,0,5,2026-07-30T17:10:00.488926
30,19,2,5,0,5,2026-07-30T17:10:00.578183
30,19,3,5,0,5,2026-07-30T17:10:00.928770
30,19,4,5,0,5,2026-07-30T17:10:01.314808
30,19,5,5,0,5,2026-07-30T17:10:00.943798
30,19,6,5,0,5,2026-07-30T17:10:01.641839
30,19,7,5,0,5,2026-07-30T17:10:02.121329
30,19,8,5,0,5,2026-07-30T17:10:01.954888
30,19,9,5,0,5,2026-07-30T17:10:01.980214
30,19,10,5,0,5,2026-07-30T17:10:01.814440
30,20,1,5,0,5,2026-07-30T17:10:02.382922
30,20,2,5,0,5,2026-07-30T17:10:02.201064
30,20,3,5,0,5,2026-07-30T17:10:02.559450
30,20,4,5,0,5,2026-07-30T17:10:02.889331
30,20,5,5,0,5,2026-07-30T17:10:03.449197
30,20,6,5,0,5,2026-07-30T17:10:03.791963
30,20,7,5,0,5,2026-07-30T17:10:03.420366
30,20,8,5,0,5,2026-07-30T17:10:03.764949
30,20,9,5,0,5,2026-07-30T17:10:03.860500
30,20,10,5,0,5,2026-07-30T17:10:03.818586
30,21,1,5,0,5,2026-07-30T17:10:03.806483
30,21,2,5,0,5,2026-07-30T17:10:04.737123
30,21,3,5,0,5,2026-07-30T17:10:05.265712
30,21,4,5,0,5,2026-07-30T17:10:05.090484
30,21,5,5,0,5,2026-07-30T17:10:05.025260
30,21,6,5,0,5,2026-07-30T17:10:05.645670
30,21,7,5,0,5,2026-07-30T17:10:05.263099
30,21,8,5,0,5,2026-07-30T17:10:04.854029
30,21,9,5,0,5,2026-07-30T17:10:05.704759
30,21,10,5,0,5,2026-07-30T17:10:06.558798
30,22,1,5,0,5,2026-07-30T17:10:06.321575
30,22,2,5,0,5,2026-07-30T17:10:06.072574
30,22,3,5,0,5,2026-07-30T17:10:06.349226
30,22,4,5,0,5,2026-07-30T17:10:06.699026
30,22,5,5,0,5,2026-07-30T17:10:06.886132
30,22,6,5,0,5,2026-07-30T17:10:07.307090
30,22,7,5,0,5,2026-07-30T17:10:07.140910
30,22,8,5,0,5,2026-07-30T17:10:07.908197
30,22,9,5,0,5,2026-07-30T17:10:07.952279
30,22,10,5,0,5,2026-07-30T17:10:07.783379
30,23,1,5,0,5,2026-07-30T17:10:07.783445
30,23,2,5,0,5,2026-07-30T17:10:08.342246
30,23,3,5,0,5,2026-07-30T17:10:08.144362
30,23,4,5,0,5,2026-07-30T17:10:09.011560
30,23,5,5,0,5,2026-07-30T17:10:08.978683
30,23,6,5,0,5,2026-07-30T17:10:09.611721
30,23,7,5,0,5,2026-07-30T17:10:09.413274
30,23,8,5,0,5,2026-07-30T17:10:09.166098
30,23,9,5,0,5,2026-07-30T17:10:09.379841
30,23,10,5,0,5,2026-07-30T17:10:09.774854
30,24,1,5,0,5,2026-07-30T17:10:09.345011
30,24,2,5,0,5,2026-07-30T17:10:10.425473
30,24,3,5,0,5,2026-07-30T17:10:10.686598
30,24,4,5,0,5,2026-07-30T17:10:10.211366
30,24,5,5,0,5,2026-07-30T17:10:10.612402
30,24,6,5,0,5,2026-07-30T17:10:10.818996
30,24,7,5,0,5,2026-07-30T17:10:10.491323
30,24,8,5,0,5,2026-07-30T17:10:11.038319
30,24,9,5,0,5,2026-07-30T17:10:11.605181
30,24,10,5,0,5,2026-07-30T17:10:11.891268
30,25,1,0,0,0,2026-07-30T17:10:11.651527
30,25,2,0,0,0,2026-07-30T17:10:11.530767
30,25,3,5,0,5,2026-07-30T17:10:12.442235
30,25,4,3,0,3,2026-07-30T17:10:12.530487
30,25,5,0,0,0,2026-07-30T17:10:12.270363
30,25,6,0,0,0,2026-07-30T17:10:12.493264
30,25,7,0,0,0,2026-07-30T17:10:12.955846
30,25,8,5,0,5,2026-07-30T17:10:12.638950
30,25,9,0,0,0,2026-07-30T17:10:13.314342
30,25,10,0,0,0,2026-07-30T17:10:13.131941
30,26,1,5,0,5,2026-07-30T17:10:13.499855
30,26,2,5,0,5,2026-07-30T17:10:13.487484
30,26,3,5,0,5,2026-07-30T17:10:14.115888
30,26,4,5,0,5,2026-07-30T17:10:13.771411
30,26,5,5,0,5,2026-07-30T17:10:14.482309
30,26,6,5,0,5,2026-07-30T17:10:14.811546
30,26,7,5,0,5,2026-07-30T17:10:14.758310
30,26,8,5,0,5,2026-07-30T17:10:14.683178
30,26,9,5,0,5,2026-07-30T17:10:15.333133
30,26,10,5,0,5,2026-07-30T17:10:14.333982
30,27,1,5,0,5,2026-07-30T17:10:15.402038
30,27,2,5,0,5,2026-07-30T17:10:15.973948
30,27,3,5,0,5,2026-07-30T17:10:15.966088
30,27,4,5,0,5,2026-07-30T17:10:16.102873
30,27,5,5,0,5,2026-07-30T17:10:15.936638
30,27,6,5,0,5,2026-07-30T17:10:16.606722
30,27,7,5,0,5,2026-07-30T17:10:16.466718
30,27,8,5,0,5,2026-07-30T17:10:16.589560
30,27,9,5,0,5,2026-07-30T17:10:16.445375
30,27,10,5,0,5,2026-07-30T17:10:17.163121
30,28,1,5,0,5,2026-07-30T17:10:17.014259
30,28,2,5,0,5,2026-07-30T17:10:17.835322
30,28,3,5,0,5,2026-07-30T17:10:17.350818
30,28,4,5,0,5,2026-07-30T17:10:17.708472
30,28,5,5,0,5,2026-07-30T17:10:17.736052
30,28,6,5,0,5,2026-07-30T17:10:18.425150
30,28,7,5,0,5,2026-07-30T17:10:18.048334
30,28,8,5,0,5,2026-07-30T17:10:17.870658
30,28,9,5,0,5,2026-07-30T17:10:18.228168
30,28,10,5,0,5,2026-07-30T17:10:18.380914
30,29,1,5,0,5,2026-07-30T17:10:19.577440
30,29,2,5,0,5,2026-07-30T17:10:18.947638
30,29,3,5,0,5,2026-07-30T17:10:19.488983
30,29,4,5,0,5,2026-07-30T17:10:19.722157
30,29,5,5,0,5,2026-07-30T17:10:19.688549
30,29,6,5,0,5,2026-07-30T17:10:19.928599
30,29,7,5,0,5,2026-07-30T17:10:20.251833
30,29,8,5,0,5,2026-07-30T17:10:19.871091
30,29,9,5,0,5,2026-07-30T17:10:20.581431
30,29,10,5,0,5,2026-07-30T17:10:21.314722
30,30,1,5,0,5,2026-07-30T17:10:20.792506
30,30,2,5,0,5,2026-07-30T17:10:21.740974
30,30,3,5,0,5,2026-07-30T17:10:21.544548
30,30,4,5,0,5,2026-07-30T17:10:21.734117
30,30,5,5,0,5,2026-07-30T17:10:21.012848
30,30,6,5,0,5,2026-07-30T17:10:21.907260
30,30,7,5,0,5,2026-07-30T17:10:22.447798
30,30,8,5,0,5,2026-07-30T17:10:22.224086
30,30,9,5,0,5,2026-07-30T17:10:22.649102
30,30,10,5,0,5,2026-07-30T17:10:22.510358
31,1,1,5,0,5,2026-07-30T17:10:23.172261
31,1,2,5,0,5,2026-07-30T17:10:23.803065
31,1,3,5,0,5,2026-07-30T17:10:23.159684
31,1,4,5,0,5,2026-07-30T17:10:22.947256
31,1,5,5,0,5,2026-07-30T17:10:23.455620
31,1,6,5,0,5,2026-07-30T17:10:24.485764
31,1,7,5,0,5,2026-07-30T17:10:23.930869
31,1,8,5,0,5,2026-07-30T17:10:24.488625
31,1,9,5,0,5,2026-07-30T17:10:24.594214
31,1,10,5,0,5,2026-07-30T17:10:24.597840
31,2,1,5,0,5,2026-07-30T17:10:24.597936
31,2,2,5,0,5,2026-07-30T17:10:24.904140
31,2,3,5,0,5,2026-07-30T17:10:25.633219
31,2,4,5,0,5,2026-07-30T17:10:25.177470
31,2,5,5,0,5,2026-07-30T17:10:25.920839
31,2,6,5,0,5,2026-07-30T17:10:25.727829
31,2,7,5,0,5,2026-07-30T17:10:25.831918
31,2,8,5,0,5,2026-07-30T17:10:26.060890
31,2,9,5,0,5,2026-07-30T17:10:26.645716
31,2,10,5,0,5,2026-07-30T17:10:26.940312
31,3,1,0,0,0,2026-07-30T17:10:26.227365
31,3,2,2,0,2,2026-07-30T17:10:27.270802
31,3,3,3,0,3,2026-07-30T17:10:27.168922
31,3,4,2,0,2,2026-07-30T17:10:26.859793
31,3,5,2,0,2,2026-07-30T17:10:27.741873
31,3,6,2,0,2,2026-07-30T17:10:27.728836
31,3,7,0,0,0,2026-07-30T17:10:27.257107
31,3,8,0,0,0,2026-07-30T17:10:28.503882
31,3,9,2,0,2,2026-07-30T17:10:27.885435
31,3,10,3,0,3,2026-07-30T17:10:28.771563
31,4,1,2,0,2,2026-07-30T17:10:28.817608
31,4,2,1,0,1,2026-07-30T17:10:29.138663
31,4,3,0,0,0,2026-07-30T17:10:29.350557
31,4,4,2,0,2,2026-07-30T17:10:29.378409
31,4,5,0,0,0,2026-07-30T17:10:29.400501
31,4,6,0,0,0,2026-07-30T17:10:29.960901
31,4,7,2,0,2,2026-07-30T17:10:30.589955
31,4,8,2,0,2,2026-07-30T17:10:30.412723
31,4,9,2,0,2,2026-07-30T17:10:30.683856
31,4,10,0,0,0,2026-07-30T17:10:30.196866
31,5,1,0,0,0,2026-07-30T17:10:31.398912
31,5,2,0,0,0,2026-07-30T17:10:30.597583
31,5,3,0,0,0,2026-07-30T17:10:30.848734
31,5,4,0,0,0,2026-07-30T17:10:31.199178
31,5,5,0,0,0,2026-07-30T17:10:31.246136
31,5,6,0,0,0,2026-07-30T17:10:31.645349
31,5,7,0,0,0,2026-07-30T17:10:32.466023
31,5,8,0,0,0,2026-07-30T17:10:31.828805
31,5,9,0,0,0,2026-07-30T17:10:31.938435
31,5,10,0,0,0,2026-07-30T17:10:32.289413
31,6,1,5,0,5,2026-07-30T17:10:32.677192
31,6,2,5,0,5,2026-07-30T17:10:32.292341
31,6,3,5,0,5,2026-07-30T17:10:32.435791
31,6,4,5,0,5,2026-07-30T17:10:32.693266
31,6,5,5,0,5,2026-07-30T17:10:33.858978
31,6,6,5,0,5,2026-07-30T17:10:33.354098
31,6,7,5,0,5,2026-07-30T17:10:34.161874
31,6,8,5,0,5,2026-07-30T17:10:34.192229
31,6,9,5,0,5,2026-07-30T17:10:33.664340
31,6,10,5,0,5,2026-07-30T17:10:33.510908
31,7,1,5,0,5,2026-07-30T17:10:34.736518
31,7,2,5,0,5,2026-07-30T17:10:33.916207
31,7,3,5,0,5,2026-07-30T17:10:34.782873
31,7,4,5,0,5,2026-07-30T17:10:35.358105
31,7,5,5,0,5,2026-07-30T17:10:35.287602
31,7,6,5,0,5,2026-07-30T17:10:35.525297
31,7,7,5,0,5,2026-07-30T17:10:35.160796
31,7,8,5,0,5,2026-07-30T17:10:35.969333
31,7,9,5,0,5,2026-07-30T17:10:35.485660
31,7,10,5,0,5,2026-07-30T17:10:36.376822
31,8,1,5,0,5,2026-07-30T17:10:36.637199
31,8,2,5,0,5,2026-07-30T17:10:36.796096
31,8,3,5,0,5,2026-07-30T17:10:36.513612
31,8,4,3,0,3,2026-07-30T17:10:36.826175
31,8,5,4,0,4,2026-07-30T17:10:36.726663
31,8,6,5,0,5,2026-07-30T17:10:37.185534
31,8,7,5,0,5,2026-07-30T17:10:37.010096
31,8,8,5,0,5,2026-07-30T17:10:37.629032
31,8,9,5,0,5,2026-07-30T17:10:37.968757
31,8,10,5,0,5,2026-07-30T17:10:38.471806
31,9,1,0,0,0,2026-07-30T17:10:37.737036
31,9,2,0,0,0,2026-07-30T17:10:38.862789
31,9,3,0,0,0,2026-07-30T17:10:38.064813
31,9,4,0,0,0,2026-07-30T17:10:38.872918
31,9,5,0,0,0,2026-07-30T17:10:38.830615
31,9,6,0,0,0,2026-07-30T17:10:38.881263
31,9,7,0,0,0,2026-07-30T17:10:39.393108
31,9,8,0,0,0,2026-07-30T17:10:39.634379
31,9,9,0,0,0,2026-07-30T17:10:39.336905
31,9,10,0,0,0,2026-07-30T17:10:39.527513
31,10,1,0,0,0,2026-07-30T17:10:40.680280
31,10,2,0,0,0,2026-07-30T17:10:39.714684
31,10,3,0,0,0,2026-07-30T17:10:40.527278
31,10,4,0,0,0,2026-07-30T17:10:40.533413
31,10,5,0,0,0,2026-07-30T17:10:40.765259
31,10,6,0,0,0,2026-07-30T17:10:40.216689
31,10,7,0,0,0,2026-07-30T17:10:41.168416
31,10,8,0,0,0,2026-07-30T17:10:41.487877
31,10,9,0,0,0,2026-07-30T17:10:40.769696
31,10,10,2,0,2,2026-07-30T17:10:42.069750
31,11,1,5,0,5,2026-07-30T17:10:41.556923
31,11,2,5,0,5,2026-07-30T17:10:42.396051
31,11,3,5,0,5,2026-07-30T17:10:42.141105
31,11,4,5,0,5,2026-07-30T17:10:41.779039
31,11,5,5,0,5,2026-07-30T17:10:41.835270
31,11,6,5,0,5,2026-07-30T17:10:42.616144
31,11,7,5,0,5,2026-07-30T17:10:42.503833
31,11,8,5,0,5,2026-07-30T17:10:43.397333
31,11,9,5,0,5,2026-07-30T17:10:43.235988
31,11,10,5,0,5,2026-07-30T17:10:42.856062
31,12,1,5,0,5,2026-07-30T17:10:43.926165
31,12,2,5,0,5,2026-07-30T17:10:43.772465
31,12,3,5,0,5,2026-07-30T17:10:43.860324
31,12,4,5,0,5,2026-07-30T17:10:43.731192
31,12,5,5,0,5,2026-07-30T17:10:44.048366
31,12,6,5,0,5,2026-07-30T17:10:44.478703
31,12,7,5,0,5,2026-07-30T17:10:44.672634
31,12,8,5,0,5,2026-07-30T17:10:44.648030
31,12,9,5,0,5,2026-07-30T17:10:45.181847
31,12,10,5,0,5,2026-07-30T17:10:45.001521
31,13,1,4,0,4,2026-07-30T17:10:45.109554
31,13,2,3,0,3,2026-07-30T17:10:45.187444
31,13,3,4,0,4,2026-07-30T17:10:45.297736
31,13,4,3,0,3,2026-07-30T17:10:45.913691
31,13,5,5,0,5,2026-07-30T17:10:46.312829
31,13,6,4,0,4,2026-07-30T17:10:46.326156
31,13,7,3,0,3,2026-07-30T17:10:46.651925
31,13,8,5,0,5,2026-07-30T17:10:46.133782
31,13,9,4,0,4,2026-07-30T17:10:46.670798
31,13,10,4,0,4,2026-07-30T17:10:46.048763
31,14,1,3,0,3,2026-07-30T17:10:47.164252
31,14,2,4,0,4,2026-07-30T17:10:47.559205
31,14,3,5,0,5,2026-07-30T17:10:47.298377
31,14,4,3,0,3,2026-07-30T17:10:47.797328
31,14,5,5,0,5,2026-07-30T17:10:47.142743
31,14,6,3,0,3,2026-07-30T17:10:47.579188
31,14,7,5,0,5,2026-07-30T17:10:48.321941
31,14,8,5,0,5,2026-07-30T17:10:47.703719
31,14,9,5,0,5,2026-07-30T17:10:48.759575
31,14,10,4,0,4,2026-07-30T17:10:48.603775
31,15,1,5,0,5,2026-07-30T17:10:49.330102
31,15,2,0,0,0,2026-07-30T17:10:49.420371
31,15,3,5,0,5,2026-07-30T17:10:48.609099
31,15,4,5,0,5,2026-07-30T17:10:49.147694
31,15,5,0,0,0,2026-07-30T17:10:49.643863
31,15,6,5,0,5,2026-07-30T17:10:49.767305
31,15,7,0,0,0,2026-07-30T17:10:49.863281
31,15,8,0,0,0,2026-07-30T17:10:50.057730
31,15,9,5,0,5,2026-07-30T17:10:50.595760
31,15,10,0,0,0,2026-07-30T17:10:50.380924
31,16,1,5,0,5,2026-07-30T17:10:50.987271
31,16,2,5,0,5,2026-07-30T17:10:50.639757
31,16,3,5,0,5,2026-07-30T17:10:51.093284
31,16,4,5,0,5,2026-07-30T17:10:50.830260
31,16,5,5,0,5,2026-07-30T17:10:51.121051
31,16,6,5,0,5,2026-07-30T17:10:51.720228
31,16,7,5,0,5,2026-07-30T17:10:51.603307
31,16,8,5,0,5,2026-07-30T17:10:52.227194
31,16,9,5,0,5,2026-07-30T17:10:52.476095
31,16,10,5,0,5,2026-07-30T17:10:52.457593
31,17,1,5,0,5,2026-07-30T17:10:52.019983
31,17,2,5,0,5,2026-07-30T17:10:52.769260
31,17,3,5,0,5,2026-07-30T17:10:51.964288
31,17,4,5,0,5,2026-07-30T17:10:53.468293
31,17,5,5,0,5,2026-07-30T17:10:52.964106
31,17,6,5,0,5,2026-07-30T17:10:53.808553
31,17,7,5,0,5,2026-07-30T17:10:53.653534
31,17,8,5,0,5,2026-07-30T17:10:53.449057
31,17,9,5,0,5,2026-07-30T17:10:54.140225
31,17,10,5,0,5,2026-07-30T17:10:53.534398
31,18,1,3,0,3,2026-07-30T17:10:54.404212
31,18,2,3,0,3,2026-07-30T17:10:54.602019
31,18,3,5,0,5,2026-07-30T17:10:55.316318
31,18,4,3,0,3,2026-07-30T17:10:54.713251
31,18,5,3,0,3,2026-07-30T17:10:55.381143
31,18,6,3,0,3,2026-07-30T17:10:55.521089
31,18,7,3,0,3,2026-07-30T17:10:55.054935
31,18,8,3,0,3,2026-07-30T17:10:56.002849
31,18,9,3,0,3,2026-07-30T17:10:55.247635
31,18,10,3,0,3,2026-07-30T17:10:56.266510
31,19,1,5,0,5,2026-07-30T17:10:56.570675
31,19,2,3,0,3,2026-07-30T17:10:56.116523
31,19,3,4,0,4,2026-07-30T17:10:56.892028
31,19,4,4,0,4,2026-07-30T17:10:57.189408
31,19,5,3,0,3,2026-07-30T17:10:56.840026
31,19,6,4,0,4,2026-07-30T17:10:57.193317
31,19,7,5,0,5,2026-07-30T17:10:57.456099
31,19,8,5,0,5,2026-07-30T17:10:57.971074
31,19,9,3,0,3,2026-07-30T17:10:57.264219
31,19,10,3,0,3,2026-07-30T17:10:58.441231
31,20,1,5,0,5,2026-07-30T17:10:58.250757
31,20,2,5,0,5,2026-07-30T17:10:58.137362
31,20,3,5,0,5,2026-07-30T17:10:58.426028
31,20,4,5,0,5,2026-07-30T17:10:58.434055
31,20,5,5,0,5,2026-07-30T17:10:58.703834
31,20,6,5,0,5,2026-07-30T17:10:59.109244
31,20,7,5,0,5,2026-07-30T17:10:59.426825
31,20,8,5,0,5,2026-07-30T17:10:59.581964
31,20,9,5,0,5,2026-07-30T17:10:59.680197
31,20,10,5,0,5,2026-07-30T17:11:00.493568
31,21,1,5,0,5,2026-07-30T17:10:59.683159
31,21,2,5,0,5,2026-07-30T17:10:59.713558
31,21,3,5,0,5,2026-07-30T17:10:59.749381
31,21,4,5,0,5,2026-07-30T17:11:00.654103
31,21,5,5,0,5,2026-07-30T17:11:01.466557
31,21,6,5,0,5,2026-07-30T17:11:01.026279
31,21,7,5,0,5,2026-07-30T17:11:01.378742
31,21,8,5,0,5,2026-07-30T17:11:00.715159
31,21,9,5,0,5,2026-07-30T17:11:01.123041
31,21,10,5,0,5,2026-07-30T17:11:01.414948
31,22,1,5,0,5,2026-07-30T17:11:02.535763
31,22,2,5,0,5,2026-07-30T17:11:02.491973
31,22,3,5,0,5,2026-07-30T17:11:02.379907
31,22,4,5,0,5,2026-07-30T17:11:02.064441
31,22,5,5,0,5,2026-07-30T17:11:02.998777
31,22,6,5,0,5,2026-07-30T17:11:02.607852
31,22,7,5,0,5,2026-07-30T17:11:03.278792
31,22,8,5,0,5,2026-07-30T17:11:02.703467
31,22,9,5,0,5,2026-07-30T17:11:03.740989
31,22,10,5,0,5,2026-07-30T17:11:03.430255
31,23,1,5,0,5,2026-07-30T17:11:04.119889
31,23,2,5,0,5,2026-07-30T17:11:04.395477
31,23,3,5,0,5,2026-07-30T17:11:04.461608
31,23,4,5,0,5,2026-07-30T17:11:03.736031
31,23,5,5,0,5,2026-07-30T17:11:05.070216
31,23,6,5,0,5,2026-07-30T17:11:05.073620
31,23,7,5,0,5,2026-07-30T17:11:04.703422
31,23,8,5,0,5,2026-07-30T17:11:05.386520
31,23,9,5,0,5,2026-07-30T17:11:04.994568
31,23,10,5,0,5,2026-07-30T17:11:05.761902
31,24,1,0,0,0,2026-07-30T17:11:05.658131
31,24,2,0,0,0,2026-07-30T17:11:06.145095
31,24,3,0,0,0,2026-07-30T17:11:05.948277
31,24,4,0,0,0,2026-07-30T17:11:06.657902
31,24,5,0,0,0,2026-07-30T17:11:06.130030
31,24,6,0,0,0,2026-07-30T17:11:06.522990
31,24,7,0,0,0,2026-07-30T17:11:07.268503
31,24,8,0,0,0,2026-07-30T17:11:07.516300
31,24,9,0,0,0,2026-07-30T17:11:07.414235
31,24,10,0,0,0,2026-07-30T17:11:07.577763
31,25,1,0,0,0,2026-07-30T17:11:07.354567
31,25,2,0,0,0,2026-07-30T17:11:07.218826
31,25,3,0,0,0,2026-07-30T17:11:08.381500
31,25,4,0,0,0,2026-07-30T17:11:08.523491
31,25,5,0,0,0,2026-07-30T17:11:08.871743
31,25,6,0,0,0,2026-07-30T17:11:09.323381
31,25,7,0,0,0,2026-07-30T17:11:08.814692
31,25,8,0,0,0,2026-07-30T17:11:08.449618
31,25,9,0,0,0,2026-07-30T17:11:09.421020
31,25,10,0,0,0,2026-07-30T17:11:09.413115
31,26,1,5,0,5,2026-07-30T17:11:09.431139
31,26,2,5,0,5,2026-07-30T17:11:09.711881
31,26,3,5,0,5,2026-07-30T17:11:10.414836
31,26,4,5,0,5,2026-07-30T17:11:10.021014
31,26,5,5,0,5,2026-07-30T17:11:10.710248
31,26,6,5,0,5,2026-07-30T17:11:11.170897
31,26,7,5,0,5,2026-07-30T17:11:10.640386
31,26,8,5,0,5,2026-07-30T17:11:10.848304
31,26,9,5,0,5,2026-07-30T17:11:11.282396
31,26,10,5,0,5,2026-07-30T17:11:11.534036
31,27,1,5,0,5,2026-07-30T17:11:11.671833
31,27,2,5,0,5,2026-07-30T17:11:11.265615
31,27,3,5,0,5,2026-07-30T17:11:11.712680
31,27,4,5,0,5,2026-07-30T17:11:12.376560
31,27,5,5,0,5,2026-07-30T17:11:12.693168
31,27,6,5,0,5,2026-07-30T17:11:12.216560
31,27,7,5,0,5,2026-07-30T17:11:12.927389
31,27,8,5,0,5,2026-07-30T17:11:12.339508
31,27,9,5,0,5,2026-07-30T17:11:12.370295
31,27,10,5,0,5,2026-07-30T17:11:13.320461
31,28,1,3,0,3,2026-07-30T17:11:13.550449
31,28,2,3,0,3,2026-07-30T17:11:13.869701
31,28,3,3,0,3,2026-07-30T17:11:14.367916
31,28,4,3,0,3,2026-07-30T17:11:13.610666
31,28,5,4,0,4,2026-07-30T17:11:13.830401
31,28,6,4,0,4,2026-07-30T17:11:14.350892
31,28,7,4,0,4,2026-07-30T17:11:14.167599
31,28,8,3,0,3,2026-07-30T17:11:15.180971
31,28,9,4,0,4,2026-07-30T17:11:15.208070
31,28,10,5,0,5,2026-07-30T17:11:14.655869
31,29,1,5,0,5,2026-07-30T17:11:15.486524
31,29,2,5,0,5,2026-07-30T17:11:15.123614
31,29,3,5,0,5,2026-07-30T17:11:15.812310
31,29,4,5,0,5,2026-07-30T17:11:15.792285
31,29,5,5,0,5,2026-07-30T17:11:15.419047
31,29,6,5,0,5,2026-07-30T17:11:16.516498
31,29,7,5,0,5,2026-07-30T17:11:16.165551
31,29,8,5,0,5,2026-07-30T17:11:17.039983
31,29,9,5,0,5,2026-07-30T17:11:16.848519
31,29,10,5,0,5,2026-07-30T17:11:17.086885
31,30,1,5,0,5,2026-07-30T17:11:17.158995
31,30,2,5,0,5,2026-07-30T17:11:17.644827
31,30,3,5,0,5,2026-07-30T17:11:17.451702
31,30,4,5,0,5,2026-07-30T17:11:17.387252
31,30,5,5,0,5,2026-07-30T17:11:18.362161
31,30,6,5,0,5,2026-07-30T17:11:18.293007
31,30,7,5,0,5,2026-07-30T17:11:19.107393
31,30,8,5,0,5,2026-07-30T17:11:18.536295
31,30,9,5,0,5,2026-07-30T17:11:18.809352
31,30,10,5,0,5,2026-07-30T17:11:19.068939
32,1,1,5,0,5,2026-07-30T17:11:18.927009
32,1,2,5,0,5,2026-07-30T17:11:19.522631
32,1,3,5,0,5,2026-07-30T17:11:19.759507
32,1,4,5,0,5,2026-07-30T17:11:19.618003
32,1,5,5,0,5,2026-07-30T17:11:19.808279
32,1,6,5,0,5,2026-07-30T17:11:19.847537
32,1,7,5,0,5,2026-07-30T17:11:20.380823
32,1,8,5,0,5,2026-07-30T17:11:20.972891
32,1,9,5,0,5,2026-07-30T17:11:20.759100
32,1,10,5,0,5,2026-07-30T17:11:21.160865
32,2,1,5,0,5,2026-07-30T17:11:21.664051
32,2,2,5,0,5,2026-07-30T17:11:21.609645
32,2,3,5,0,5,2026-07-30T17:11:21.054941
32,2,4,5,0,5,2026-07-30T17:11:21.075711
32,2,5,5,0,5,2026-07-30T17:11:21.649936
32,2,6,5,0,5,2026-07-30T17:11:22.014520
32,2,7,5,0,5,2026-07-30T17:11:22.593262
32,2,8,5,0,5,2026-07-30T17:11:22.906078
32,2,9,5,0,5,2026-07-30T17:11:22.914854
32,2,10,5,0,5,2026-07-30T17:11:22.200106
32,3,1,5,0,5,2026-07-30T17:11:23.236574
32,3,2,0,0,0,2026-07-30T17:11:23.078214
32,3,3,0,0,0,2026-07-30T17:11:22.928104
32,3,4,0,0,0,2026-07-30T17:11:23.652004
32,3,5,0,0,0,2026-07-30T17:11:23.262681
32,3,6,0,0,0,2026-07-30T17:11:23.637220
32,3,7,0,0,0,2026-07-30T17:11:24.771931
32,3,8,0,0,0,2026-07-30T17:11:24.570298
32,3,9,0,0,0,2026-07-30T17:11:23.956649
32,3,10,0,0,0,2026-07-30T17:11:24.911753
32,4,1,0,0,0,2026-07-30T17:11:24.660126
32,4,2,0,0,0,2026-07-30T17:11:24.327784
32,4,3,0,0,0,2026-07-30T17:11:25.295558
32,4,4,0,0,0,2026-07-30T17:11:25.106197
32,4,5,0,0,0,2026-07-30T17:11:25.970250
32,4,6,0,0,0,2026-07-30T17:11:25.961192
32,4,7,0,0,0,2026-07-30T17:11:25.600653
32,4,8,0,0,0,2026-07-30T17:11:25.899450
32,4,9,0,0,0,2026-07-30T17:11:25.860157
32,4,10,0,0,0,2026-07-30T17:11:26.967501
32,5,1,0,0,0,2026-07-30T17:11:26.363141
32,5,2,0,0,0,2026-07-30T17:11:26.537248
32,5,3,0,0,0,2026-07-30T17:11:27.077961
32,5,4,0,0,0,2026-07-30T17:11:27.716731
32,5,5,0,0,0,2026-07-30T17:11:27.174136
32,5,6,0,0,0,2026-07-30T17:11:27.383253
32,5,7,0,0,0,2026-07-30T17:11:28.006843
32,5,8,0,0,0,2026-07-30T17:11:27.603878
32,5,9,0,0,0,2026-07-30T17:11:27.774795
32,5,10,5,0,5,2026-07-30T17:11:28.416349
32,6,1,5,0,5,2026-07-30T17:11:28.737471
32,6,2,5,0,5,2026-07-30T17:11:29.015612
32,6,3,5,0,5,2026-07-30T17:11:29.058188
32,6,4,5,0,5,2026-07-30T17:11:29.639806
32,6,5,5,0,5,2026-07-30T17:11:29.551941
32,6,6,5,0,5,2026-07-30T17:11:29.018623
32,6,7,5,0,5,2026-07-30T17:11:29.848916
32,6,8,5,0,5,2026-07-30T17:11:29.490219
32,6,9,5,0,5,2026-07-30T17:11:30.429831
32,6,10,5,0,5,2026-07-30T17:11:30.691822
32,7,1,5,0,5,2026-07-30T17:11:30.879799
32,7,2,5,0,5,2026-07-30T17:11:30.303635
32,7,3,5,0,5,2026-07-30T17:11:30.533425
32,7,4,5,0,5,2026-07-30T17:11:30.998926
32,7,5,5,0,5,2026-07-30T17:11:31.495944
32,7,6,5,0,5,2026-07-30T17:11:30.900003
32,7,7,5,0,5,2026-07-30T17:11:31.561841
32,7,8,5,0,5,2026-07-30T17:11:32.087353
32,7,9,5,0,5,2026-07-30T17:11:32.153627
32,7,10,5,0,5,2026-07-30T17:11:32.556974
32,8,1,5,0,5,2026-07-30T17:11:32.326126
32,8,2,5,0,5,2026-07-30T17:11:32.749571
32,8,3,5,0,5,2026-07-30T17:11:32.254753
32,8,4,5,0,5,2026-07-30T17:11:32.962242
32,8,5,5,0,5,2026-07-30T17:11:32.992791
32,8,6,5,0,5,2026-07-30T17:11:33.718977
32,8,7,5,0,5,2026-07-30T17:11:33.389057
32,8,8,5,0,5,2026-07-30T17:11:33.273621
32,8,9,5,0,5,2026-07-30T17:11:33.989261
32,8,10,5,0,5,2026-07-30T17:11:34.659242
32,9,1,0,0,0,2026-07-30T17:11:34.414380
32,9,2,0,0,0,2026-07-30T17:11:34.586216
32,9,3,0,0,0,2026-07-30T17:11:34.429446
32,9,4,0,0,0,2026-07-30T17:11:34.914017
32,9,5,0,0,0,2026-07-30T17:11:35.245745
32,9,6,0,0,0,2026-07-30T17:11:35.581596
32,9,7,0,0,0,2026-07-30T17:11:35.662478
32,9,8,0,0,0,2026-07-30T17:11:35.855514
32,9,9,0,0,0,2026-07-30T17:11:36.260080
32,9,10,0,0,0,2026-07-30T17:11:36.259797
32,10,1,0,0,0,2026-07-30T17:11:36.498353
32,10,2,0,0,0,2026-07-30T17:11:36.747342
32,10,3,0,0,0,2026-07-30T17:11:36.508827
32,10,4,0,0,0,2026-07-30T17:11:37.250574
32,10,5,0,0,0,2026-07-30T17:11:36.918926
32,10,6,0,0,0,2026-07-30T17:11:37.728744
32,10,7,0,0,0,2026-07-30T17:11:38.127978
32,10,8,0,0,0,2026-07-30T17:11:37.506280
32,10,9,0,0,0,2026-07-30T17:11:38.332635
32,10,10,0,0,0,2026-07-30T17:11:37.977839
32,11,1,5,0,5,2026-07-30T17:11:38.597704
32,11,2,5,0,5,2026-07-30T17:11:38.938251
32,11,3,5,0,5,2026-07-30T17:11:38.895719
32,11,4,5,0,5,2026-07-30T17:11:39.155187
32,11,5,5,0,5,2026-07-30T17:11:39.787639
32,11,6,5,0,5,2026-07-30T17:11:39.447288
32,11,7,5,0,5,2026-07-30T17:11:40.184959
32,11,8,5,0,5,2026-07-30T17:11:40.419677
32,11,9,5,0,5,2026-07-30T17:11:40.461412
32,11,10,5,0,5,2026-07-30T17:11:40.751429
32,12,1,5,0,5,2026-07-30T17:11:40.195340
32,12,2,5,0,5,2026-07-30T17:11:40.415508
32,12,3,5,0,5,2026-07-30T17:11:40.907512
32,12,4,5,0,5,2026-07-30T17:11:41.426588
32,12,5,5,0,5,2026-07-30T17:11:41.587281
32,12,6,5,0,5,2026-07-30T17:11:41.636081
32,12,7,5,0,5,2026-07-30T17:11:41.846309
32,12,8,5,0,5,2026-07-30T17:11:42.079824
32,12,9,5,0,5,2026-07-30T17:11:41.506675
32,12,10,5,0,5,2026-07-30T17:11:41.785934
32,13,1,0,0,0,2026-07-30T17:11:42.765514
32,13,2,0,0,0,2026-07-30T17:11:43.063355
32,13,3,0,0,0,2026-07-30T17:11:42.534803
32,13,4,0,0,0,2026-07-30T17:11:43.630020
32,13,5,0,0,0,2026-07-30T17:11:43.495960
32,13,6,0,0,0,2026-07-30T17:11:43.246208
32,13,7,0,0,0,2026-07-30T17:11:43.096329
32,13,8,0,0,0,2026-07-30T17:11:43.506141
32,13,9,0,0,0,2026-07-30T17:11:44.571253
32,13,10,0,0,0,2026-07-30T17:11:44.010344
32,14,1,5,0,5,2026-07-30T17:11:44.515359
32,14,2,5,0,5,2026-07-30T17:11:44.766387
32,14,3,5,0,5,2026-07-30T17:11:45.112056
32,14,4,5,0,5,2026-07-30T17:11:44.707514
32,14,5,5,0,5,2026-07-30T17:11:44.757717
32,14,6,5,0,5,2026-07-30T17:11:45.460147
32,14,7,5,0,5,2026-07-30T17:11:45.226896
32,14,8,5,0,5,2026-07-30T17:11:46.155024
32,14,9,5,0,5,2026-07-30T17:11:46.009980
32,14,10,5,0,5,2026-07-30T17:11:45.709620
32,15,1,5,0,5,2026-07-30T17:11:46.392494
32,15,2,5,0,5,2026-07-30T17:11:46.410161
32,15,3,0,0,0,2026-07-30T17:11:46.980403
32,15,4,0,0,0,2026-07-30T17:11:46.692668
32,15,5,5,0,5,2026-07-30T17:11:46.693206
32,15,6,0,0,0,2026-07-30T17:11:46.958219
32,15,7,0,0,0,2026-07-30T17:11:47.638365
32,15,8,5,0,5,2026-07-30T17:11:47.381414
32,15,9,0,0,0,2026-07-30T17:11:48.017958
32,15,10,5,0,5,2026-07-30T17:11:47.860525
32,16,1,5,0,5,2026-07-30T17:11:48.128795
32,16,2,5,0,5,2026-07-30T17:11:47.730991
32,16,3,5,0,5,2026-07-30T17:11:48.173069
32,16,4,5,0,5,2026-07-30T17:11:48.845222
32,16,5,5,0,5,2026-07-30T17:11:48.625466
32,16,6,5,0,5,2026-07-30T17:11:49.291634
32,16,7,5,0,5,2026-07-30T17:11:49.595423
32,16,8,5,0,5,2026-07-30T17:11:48.902051
32,16,9,5,0,5,2026-07-30T17:11:49.475437
32,16,10,5,0,5,2026-07-30T17:11:49.803882
32,17,1,5,0,5,2026-07-30T17:11:49.809718
32,17,2,5,0,5,2026-07-30T17:11:50.273664
32,17,3,5,0,5,2026-07-30T17:11:50.292757
32,17,4,5,0,5,2026-07-30T17:11:50.739889
32,17,5,5,0,5,2026-07-30T17:11:50.749634
32,17,6,5,0,5,2026-07-30T17:11:51.114174
32,17,7,5,0,5,2026-07-30T17:11:51.248288
32,17,8,5,0,5,2026-07-30T17:11:51.039127
32,17,9,5,0,5,2026-07-30T17:11:51.068411
32,17,10,5,0,5,2026-07-30T17:11:51.504901
32,18,1,5,0,5,2026-07-30T17:11:52.353172
32,18,2,5,0,5,2026-07-30T17:11:52.010353
32,18,3,5,0,5,2026-07-30T17:11:52.015032
32,18,4,5,0,5,2026-07-30T17:11:52.508431
32,18,5,5,0,5,2026-07-30T17:11:52.501599
32,18,6,5,0,5,2026-07-30T17:11:52.330375
32,18,7,5,0,5,2026-07-30T17:11:52.490283
32,18,8,5,0,5,2026-07-30T17:11:53.747976
32,18,9,5,0,5,2026-07-30T17:11:53.056822
32,18,10,5,0,5,2026-07-30T17:11:53.469252
32,19,1,5,0,5,2026-07-30T17:11:53.773140
32,19,2,3,0,3,2026-07-30T17:11:53.977874
32,19,3,5,0,5,2026-07-30T17:11:54.135815
32,19,4,5,0,5,2026-07-30T17:11:53.525780
32,19,5,5,0,5,2026-07-30T17:11:54.551946
32,19,6,5,0,5,2026-07-30T17:11:54.323540
32,19,7,5,0,5,2026-07-30T17:11:55.137000
32,19,8,5,0,5,2026-07-30T17:11:55.387852
32,19,9,5,0,5,2026-07-30T17:11:54.991448
32,19,10,5,0,5,2026-07-30T17:11:54.830219
32,20,1,5,0,5,2026-07-30T17:11:55.626062
32,20,2,5,0,5,2026-07-30T17:11:55.809032
32,20,3,5,0,5,2026-07-30T17:11:55.544194
32,20,4,5,0,5,2026-07-30T17:11:56.225513
32,20,5,5,0,5,2026-07-30T17:11:56.729475
32,20,6,5,0,5,2026-07-30T17:11:56.438330
32,20,7,5,0,5,2026-07-30T17:11:57.211845
32,20,8,5,0,5,2026-07-30T17:11:56.463310
32,20,9,5,0,5,2026-07-30T17:11:57.185609
32,20,10,5,0,5,2026-07-30T17:11:56.890502
32,21,1,5,0,5,2026-07-30T17:11:57.276186
32,21,2,5,0,5,2026-07-30T17:11:58.051838
32,21,3,5,0,5,2026-07-30T17:11:57.906614
32,21,4,5,0,5,2026-07-30T17:11:58.334238
32,21,5,5,0,5,2026-07-30T17:11:58.149440
32,21,6,5,0,5,2026-07-30T17:11:58.723068
32,21,7,5,0,5,2026-07-30T17:11:58.857567
32,21,8,5,0,5,2026-07-30T17:11:58.866750
32,21,9,5,0,5,2026-07-30T17:11:58.918404
32,21,10,5,0,5,2026-07-30T17:11:59.160392
32,22,1,5,0,5,2026-07-30T17:11:59.515281
32,22,2,5,0,5,2026-07-30T17:11:59.391680
32,22,3,5,0,5,2026-07-30T17:11:59.738473
32,22,4,5,0,5,2026-07-30T17:12:00.567633
32,22,5,5,0,5,2026-07-30T17:12:00.280340
32,22,6,5,0,5,2026-07-30T17:12:00.915769
32,22,7,5,0,5,2026-07-30T17:12:00.352201
32,22,8,5,0,5,2026-07-30T17:12:00.602142
32,22,9,5,0,5,2026-07-30T17:12:00.633928
32,22,10,5,0,5,2026-07-30T17:12:00.527475
32,23,1,5,0,5,2026-07-30T17:12:01.188470
32,23,2,5,0,5,2026-07-30T17:12:01.324135
32,23,3,5,0,5,2026-07-30T17:12:02.188597
32,23,4,5,0,5,2026-07-30T17:12:02.364179
32,23,5,5,0,5,2026-07-30T17:12:02.001751
32,23,6,5,0,5,2026-07-30T17:12:01.664616
32,23,7,5,0,5,2026-07-30T17:12:01.879643
32,23,8,5,0,5,2026-07-30T17:12:02.762983
32,23,9,5,0,5,2026-07-30T17:12:03.207611
32,23,10,5,0,5,2026-07-30T17:12:02.621681
32,24,1,0,0,0,2026-07-30T17:12:03.331933
32,24,2,0,0,0,2026-07-30T17:12:03.519918
32,24,3,0,0,0,2026-07-30T17:12:03.038308
32,24,4,0,0,0,2026-07-30T17:12:03.822866
32,24,5,0,0,0,2026-07-30T17:12:03.582037
32,24,6,0,0,0,2026-07-30T17:12:04.063889
32,24,7,0,0,0,2026-07-30T17:12:04.385073
32,24,8,0,0,0,2026-07-30T17:12:04.880696
32,24,9,0,0,0,2026-07-30T17:12:04.834150
32,24,10,0,0,0,2026-07-30T17:12:04.976804
32,25,1,0,0,0,2026-07-30T17:12:04.572701
32,25,2,0,0,0,2026-07-30T17:12:05.052361
32,25,3,0,0,0,2026-07-30T17:12:05.458213
32,25,4,0,0,0,2026-07-30T17:12:06.134590
32,25,5,0,0,0,2026-07-30T17:12:06.429939
32,25,6,0,0,0,2026-07-30T17:12:06.031305
32,25,7,0,0,0,2026-07-30T17:12:05.869997
32,25,8,0,0,0,2026-07-30T17:12:06.135744
32,25,9,0,0,0,2026-07-30T17:12:06.435949
32,25,10,0,0,0,2026-07-30T17:12:06.103095
32,26,1,5,0,5,2026-07-30T17:12:06.911176
32,26,2,5,0,5,2026-07-30T17:12:07.698274
32,26,3,5,0,5,2026-07-30T17:12:07.298300
32,26,4,5,0,5,2026-07-30T17:12:07.764457
32,26,5,5,0,5,2026-07-30T17:12:07.781975
32,26,6,5,0,5,2026-07-30T17:12:07.791262
32,26,7,5,0,5,2026-07-30T17:12:07.660315
32,26,8,5,0,5,2026-07-30T17:12:07.870831
32,26,9,5,0,5,2026-07-30T17:12:08.154768
32,26,10,5,0,5,2026-07-30T17:12:08.731378
32,27,1,5,0,5,2026-07-30T17:12:09.079986
32,27,2,5,0,5,2026-07-30T17:12:09.352339
32,27,3,5,0,5,2026-07-30T17:12:09.005441
32,27,4,5,0,5,2026-07-30T17:12:09.231055
32,27,5,5,0,5,2026-07-30T17:12:09.203182
32,27,6,5,0,5,2026-07-30T17:12:09.117981
32,27,7,5,0,5,2026-07-30T17:12:09.613558
32,27,8,5,0,5,2026-07-30T17:12:10.155522
32,27,9,5,0,5,2026-07-30T17:12:10.640932
32,27,10,5,0,5,2026-07-30T17:12:10.917584
32,28,1,5,0,5,2026-07-30T17:12:10.193970
32,28,2,5,0,5,2026-07-30T17:12:10.440948
32,28,3,5,0,5,2026-07-30T17:12:10.644205
32,28,4,5,0,5,2026-07-30T17:12:11.607125
32,28,5,5,0,5,2026-07-30T17:12:11.910300
32,28,6,5,0,5,2026-07-30T17:12:11.164328
32,28,7,5,0,5,2026-07-30T17:12:11.832110
32,28,8,5,0,5,2026-07-30T17:12:11.711286
32,28,9,5,0,5,2026-07-30T17:12:12.152062
32,28,10,5,0,5,2026-07-30T17:12:12.687898
32,29,1,5,0,5,2026-07-30T17:12:12.366374
32,29,2,5,0,5,2026-07-30T17:12:12.418531
32,29,3,5,0,5,2026-07-30T17:12:13.464250
32,29,4,5,0,5,2026-07-30T17:12:13.763636
32,29,5,5,0,5,2026-07-30T17:12:13.246221
32,29,6,5,0,5,2026-07-30T17:12:13.767481
32,29,7,5,0,5,2026-07-30T17:12:13.986419
32,29,8,5,0,5,2026-07-30T17:12:13.438282
32,29,9,5,0,5,2026-07-30T17:12:14.270598
32,29,10,5,0,5,2026-07-30T17:12:14.559950
32,30,1,5,0,5,2026-07-30T17:12:14.296171
32,30,2,5,0,5,2026-07-30T17:12:14.721368
32,30,3,5,0,5,2026-07-30T17:12:14.684145
32,30,4,5,0,5,2026-07-30T17:12:15.614928
32,30,5,5,0,5,2026-07-30T17:12:15.227940
32,30,6,5,0,5,2026-07-30T17:12:15.242090
32,30,7,5,0,5,2026-07-30T17:12:15.724270
32,30,8,5,0,5,2026-07-30T17:12:15.735141
32,30,9,5,0,5,2026-07-30T17:12:16.611028
32,30,10,5,0,5,2026-07-30T17:12:16.508883
33,1,1,5,0,5,2026-07-30T17:12:15.741103
33,1,2,5,0,5,2026-07-30T17:12:16.865610
33,1,3,5,0,5,2026-07-30T17:12:17.490819
33,1,4,5,0,5,2026-07-30T17:12:17.476667
33,1,5,5,0,5,2026-07-30T17:12:17.170606
33,1,6,5,0,5,2026-07-30T17:12:17.173688
33,1,7,5,0,5,2026-07-30T17:12:17.789833
33,1,8,5,0,5,2026-07-30T17:12:17.994708
33,1,9,5,0,5,2026-07-30T17:12:18.654677
33,1,10,5,0,5,2026-07-30T17:12:18.296751
33,2,1,5,0,5,2026-07-30T17:12:18.620714
33,2,2,5,0,5,2026-07-30T17:12:19.234318
33,2,3,5,0,5,2026-07-30T17:12:18.696898
33,2,4,5,0,5,2026-07-30T17:12:18.957563
33,2,5,5,0,5,2026-07-30T17:12:19.824336
33,2,6,5,0,5,2026-07-30T17:12:20.265092
33,2,7,5,0,5,2026-07-30T17:12:19.944729
33,2,8,5,0,5,2026-07-30T17:12:20.487219
33,2,9,5,0,5,2026-07-30T17:12:19.907469
33,2,10,5,0,5,2026-07-30T17:12:20.554473
33,3,1,2,0,2,2026-07-30T17:12:21.016157
33,3,2,0,0,0,2026-07-30T17:12:20.693729
33,3,3,2,0,2,2026-07-30T17:12:21.056248
33,3,4,3,0,3,2026-07-30T17:12:20.968920
33,3,5,0,0,0,2026-07-30T17:12:21.384802
33,3,6,3,0,3,2026-07-30T17:12:22.299160
33,3,7,0,0,0,2026-07-30T17:12:21.923216
33,3,8,0,0,0,2026-07-30T17:12:21.991666
33,3,9,5,0,5,2026-07-30T17:12:22.557133
33,3,10,2,0,2,2026-07-30T17:12:22.445582
33,4,1,0,0,0,2026-07-30T17:12:22.268191
33,4,2,5,0,5,2026-07-30T17:12:22.716253
33,4,3,0,0,0,2026-07-30T17:12:22.838358
33,4,4,0,0,0,2026-07-30T17:12:23.170711
33,4,5,0,0,0,2026-07-30T17:12:23.598903
33,4,6,0,0,0,2026-07-30T17:12:23.902179
33,4,7,0,0,0,2026-07-30T17:12:24.137022
33,4,8,0,0,0,2026-07-30T17:12:23.905799
33,4,9,0,0,0,2026-07-30T17:12:24.001170
33,4,10,0,0,0,2026-07-30T17:12:24.153845
33,5,1,5,0,5,2026-07-30T17:12:24.491773
33,5,2,5,0,5,2026-07-30T17:12:24.782497
33,5,3,5,0,5,2026-07-30T17:12:24.434607
33,5,4,5,0,5,2026-07-30T17:12:24.964277
33,5,5,5,0,5,2026-07-30T17:12:25.549608
33,5,6,5,0,5,2026-07-30T17:12:25.281207
33,5,7,5,0,5,2026-07-30T17:12:25.203272
33,5,8,5,0,5,2026-07-30T17:12:25.984362
33,5,9,5,0,5,2026-07-30T17:12:26.301231
33,5,10,5,0,5,2026-07-30T17:12:25.516535
33,6,1,5,0,5,2026-07-30T17:12:26.439376
33,6,2,5,0,5,2026-07-30T17:12:26.211907
33,6,3,5,0,5,2026-07-30T17:12:26.446138
33,6,4,5,0,5,2026-07-30T17:12:26.934129
33,6,5,5,0,5,2026-07-30T17:12:26.732753
33,6,6,5,0,5,2026-07-30T17:12:27.173476
33,6,7,5,0,5,2026-07-30T17:12:27.426535
33,6,8,5,0,5,2026-07-30T17:12:27.841341
33,6,9,5,0,5,2026-07-30T17:12:27.557013
33,6,10,5,0,5,2026-07-30T17:12:28.084553
33,7,1,5,0,5,2026-07-30T17:12:28.066777
33,7,2,5,0,5,2026-07-30T17:12:27.782413
33,7,3,5,0,5,2026-07-30T17:12:28.591611
33,7,4,5,0,5,2026-07-30T17:12:28.606189
33,7,5,5,0,5,2026-07-30T17:12:29.084151
33,7,6,5,0,5,2026-07-30T17:12:29.203699
33,7,7,5,0,5,2026-07-30T17:12:29.617972
33,7,8,5,0,5,2026-07-30T17:12:29.481778
33,7,9,5,0,5,2026-07-30T17:12:29.298119
33,7,10,5,0,5,2026-07-30T17:12:29.925294
33,8,1,5,0,5,2026-07-30T17:12:30.242529
33,8,2,5,0,5,2026-07-30T17:12:30.046554
33,8,3,5,0,5,2026-07-30T17:12:31.144109
33,8,4,5,0,5,2026-07-30T17:12:30.671475
33,8,5,5,0,5,2026-07-30T17:12:30.355859
33,8,6,5,0,5,2026-07-30T17:12:30.500142
33,8,7,5,0,5,2026-07-30T17:12:31.272553
33,8,8,5,0,5,2026-07-30T17:12:31.782736
33,8,9,5,0,5,2026-07-30T17:12:31.879266
33,8,10,5,0,5,2026-07-30T17:12:31.937145
33,9,1,0,0,0,2026-07-30T17:12:31.406888
33,9,2,0,0,0,2026-07-30T17:12:31.772302
33,9,3,0,0,0,2026-07-30T17:12:31.937892
33,9,4,0,0,0,2026-07-30T17:12:32.788336
33,9,5,0,0,0,2026-07-30T17:12:32.723185
33,9,6,0,0,0,2026-07-30T17:12:32.415142
33,9,7,0,0,0,2026-07-30T17:12:33.228066
33,9,8,5,0,5,2026-07-30T17:12:33.636830
33,9,9,0,0,0,2026-07-30T17:12:33.740079
33,9,10,0,0,0,2026-07-30T17:12:33.584459
33,10,1,0,0,0,2026-07-30T17:12:33.589204
33,10,2,0,0,0,2026-07-30T17:12:34.275871
33,10,3,0,0,0,2026-07-30T17:12:34.381351
33,10,4,0,0,0,2026-07-30T17:12:34.463510
33,10,5,0,0,0,2026-07-30T17:12:34.662573
33,10,6,5,0,5,2026-07-30T17:12:34.625161
33,10,7,4,0,4,2026-07-30T17:12:34.633276
33,10,8,0,0,0,2026-07-30T17:12:35.461823
33,10,9,5,0,5,2026-07-30T17:12:35.170260
33,10,10,5,0,5,2026-07-30T17:12:35.900523
33,11,1,5,0,5,2026-07-30T17:12:35.611893
33,11,2,5,0,5,2026-07-30T17:12:35.906074
33,11,3,5,0,5,2026-07-30T17:12:36.330318
33,11,4,5,0,5,2026-07-30T17:12:35.662491
33,11,5,5,0,5,2026-07-30T17:12:36.122714
33,11,6,5,0,5,2026-07-30T17:12:36.850057
33,11,7,5,0,5,2026-07-30T17:12:37.316512
33,11,8,5,0,5,2026-07-30T17:12:37.257039
33,11,9,5,0,5,2026-07-30T17:12:36.713417
33,11,10,5,0,5,2026-07-30T17:12:36.987082
33,12,1,5,0,5,2026-07-30T17:12:36.945199
33,12,2,5,0,5,2026-07-30T17:12:37.782514
33,12,3,5,0,5,2026-07-30T17:12:37.982783
33,12,4,5,0,5,2026-07-30T17:12:37.742316
33,12,5,5,0,5,2026-07-30T17:12:38.672339
33,12,6,5,0,5,2026-07-30T17:12:38.801771
33,12,7,5,0,5,2026-07-30T17:12:38.845646
33,12,8,5,0,5,2026-07-30T17:12:39.129936
33,12,9,5,0,5,2026-07-30T17:12:38.757103
33,12,10,5,0,5,2026-07-30T17:12:38.787364
33,13,1,5,0,5,2026-07-30T17:12:39.155867
33,13,2,5,0,5,2026-07-30T17:12:39.825687
33,13,3,5,0,5,2026-07-30T17:12:40.138072
33,13,4,5,0,5,2026-07-30T17:12:40.200049
33,13,5,5,0,5,2026-07-30T17:12:40.638739
33,13,6,3,0,3,2026-07-30T17:12:40.853611
33,13,7,5,0,5,2026-07-30T17:12:40.910259
33,13,8,5,0,5,2026-07-30T17:12:41.175352
33,13,9,5,0,5,2026-07-30T17:12:40.982746
33,13,10,5,0,5,2026-07-30T17:12:40.879482
33,14,1,5,0,5,2026-07-30T17:12:41.391451
33,14,2,5,0,5,2026-07-30T17:12:41.254993
33,14,3,5,0,5,2026-07-30T17:12:42.274674
33,14,4,5,0,5,2026-07-30T17:12:42.903409
33,14,5,5,0,5,2026-07-30T17:12:42.503101
33,14,6,5,0,5,2026-07-30T17:12:42.339270
33,14,7,5,0,5,2026-07-30T17:12:42.637959
33,14,8,5,0,5,2026-07-30T17:12:42.634114
33,14,9,5,0,5,2026-07-30T17:12:42.731017
33,14,10,5,0,5,2026-07-30T17:12:43.259370
33,15,1,0,0,0,2026-07-30T17:12:43.314333
33,15,2,0,0,0,2026-07-30T17:12:43.573878
33,15,3,0,0,0,2026-07-30T17:12:43.931589
33,15,4,0,0,0,2026-07-30T17:12:44.072112
33,15,5,0,0,0,2026-07-30T17:12:43.882055
33,15,6,5,0,5,2026-07-30T17:12:44.368092
33,15,7,5,0,5,2026-07-30T17:12:44.554036
33,15,8,0,0,0,2026-07-30T17:12:44.293370
33,15,9,5,0,5,2026-07-30T17:12:44.361674
33,15,10,5,0,5,2026-07-30T17:12:45.451866
33,16,1,5,0,5,2026-07-30T17:12:45.129176
33,16,2,5,0,5,2026-07-30T17:12:45.196416
33,16,3,5,0,5,2026-07-30T17:12:45.132220
33,16,4,5,0,5,2026-07-30T17:12:46.156281
33,16,5,5,0,5,2026-07-30T17:12:45.605070
33,16,6,5,0,5,2026-07-30T17:12:46.220036
33,16,7,5,0,5,2026-07-30T17:12:45.810352
33,16,8,5,0,5,2026-07-30T17:12:46.378236
33,16,9,5,0,5,2026-07-30T17:12:46.174198
33,16,10,5,0,5,2026-07-30T17:12:46.428849
33,17,1,5,0,5,2026-07-30T17:12:46.703728
33,17,2,5,0,5,2026-07-30T17:12:46.874976
33,17,3,5,0,5,2026-07-30T17:12:47.066105
33,17,4,5,0,5,2026-07-30T17:12:47.969680
33,17,5,5,0,5,2026-07-30T17:12:47.414988
33,17,6,5,0,5,2026-07-30T17:12:48.092272
33,17,7,5,0,5,2026-07-30T17:12:48.004726
33,17,8,5,0,5,2026-07-30T17:12:48.273115
33,17,9,5,0,5,2026-07-30T17:12:47.936203
33,17,10,5,0,5,2026-07-30T17:12:48.070812
33,18,1,3,0,3,2026-07-30T17:12:48.900012
33,18,2,3,0,3,2026-07-30T17:12:49.049014
33,18,3,3,0,3,2026-07-30T17:12:49.384751
33,18,4,3,0,3,2026-07-30T17:12:49.811933
33,18,5,4,0,4,2026-07-30T17:12:49.640432
33,18,6,3,0,3,2026-07-30T17:12:49.337693
33,18,7,3,0,3,2026-07-30T17:12:49.952868
33,18,8,3,0,3,2026-07-30T17:12:50.107828
33,18,9,3,0,3,2026-07-30T17:12:50.931243
33,18,10,5,0,5,2026-07-30T17:12:50.096751
33,19,1,5,0,5,2026-07-30T17:12:51.195279
33,19,2,4,0,4,2026-07-30T17:12:50.608230
33,19,3,0,0,0,2026-07-30T17:12:51.074010
33,19,4,5,0,5,2026-07-30T17:12:51.248481
33,19,5,0,0,0,2026-07-30T17:12:51.592745
33,19,6,0,0,0,2026-07-30T17:12:51.564615
33,19,7,3,0,3,2026-07-30T17:12:51.160855
33,19,8,0,0,0,2026-07-30T17:12:52.074748
33,19,9,0,0,0,2026-07-30T17:12:52.355258
33,19,10,0,0,0,2026-07-30T17:12:52.710402
33,20,1,5,0,5,2026-07-30T17:12:52.985266
33,20,2,5,0,5,2026-07-30T17:12:53.030637
33,20,3,5,0,5,2026-07-30T17:12:52.709571
33,20,4,5,0,5,2026-07-30T17:12:53.457489
33,20,5,5,0,5,2026-07-30T17:12:52.835594
33,20,6,5,0,5,2026-07-30T17:12:53.522789
33,20,7,5,0,5,2026-07-30T17:12:53.583733
33,20,8,5,0,5,2026-07-30T17:12:54.142932
33,20,9,5,0,5,2026-07-30T17:12:54.156169
33,20,10,5,0,5,2026-07-30T17:12:53.858728
33,21,1,5,0,5,2026-07-30T17:12:54.453096
33,21,2,5,0,5,2026-07-30T17:12:55.090404
33,21,3,5,0,5,2026-07-30T17:12:55.304202
33,21,4,5,0,5,2026-07-30T17:12:55.352782
33,21,5,5,0,5,2026-07-30T17:12:54.848157
33,21,6,5,0,5,2026-07-30T17:12:54.928901
33,21,7,5,0,5,2026-07-30T17:12:56.203914
33,21,8,5,0,5,2026-07-30T17:12:56.194737
33,21,9,5,0,5,2026-07-30T17:12:55.917474
33,21,10,5,0,5,2026-07-30T17:12:56.690410
33,22,1,5,0,5,2026-07-30T17:12:56.570496
33,22,2,5,0,5,2026-07-30T17:12:56.721510
33,22,3,5,0,5,2026-07-30T17:12:57.196327
33,22,4,5,0,5,2026-07-30T17:12:57.224630
33,22,5,5,0,5,2026-07-30T17:12:57.578884
33,22,6,5,0,5,2026-07-30T17:12:57.419689
33,22,7,5,0,5,2026-07-30T17:12:57.422635
33,22,8,5,0,5,2026-07-30T17:12:57.803483
33,22,9,5,0,5,2026-07-30T17:12:57.534795
33,22,10,5,0,5,2026-07-30T17:12:58.553803
33,23,1,5,0,5,2026-07-30T17:12:58.237742
33,23,2,5,0,5,2026-07-30T17:12:59.087649
33,23,3,5,0,5,2026-07-30T17:12:58.877807
33,23,4,5,0,5,2026-07-30T17:12:59.283698
33,23,5,5,0,5,2026-07-30T17:12:58.973884
33,23,6,5,0,5,2026-07-30T17:12:59.205808
33,23,7,5,0,5,2026-07-30T17:12:59.643802
33,23,8,5,0,5,2026-07-30T17:12:59.490132
33,23,9,5,0,5,2026-07-30T17:13:00.403765
33,23,10,5,0,5,2026-07-30T17:12:59.909733
33,24,1,5,0,5,2026-07-30T17:13:00.825295
33,24,2,5,0,5,2026-07-30T17:13:00.517137
33,24,3,5,0,5,2026-07-30T17:13:01.280739
33,24,4,5,0,5,2026-07-30T17:13:00.351175
33,24,5,5,0,5,2026-07-30T17:13:01.547255
33,24,6,5,0,5,2026-07-30T17:13:01.078167
33,24,7,3,0,3,2026-07-30T17:13:01.339922
33,24,8,4,0,4,2026-07-30T17:13:02.403357
33,24,9,5,0,5,2026-07-30T17:13:02.250717
33,24,10,5,0,5,2026-07-30T17:13:02.399869
33,25,1,5,0,5,2026-07-30T17:13:01.847822
33,25,2,5,0,5,2026-07-30T17:13:02.295863
33,25,3,5,0,5,2026-07-30T17:13:02.727528
33,25,4,5,0,5,2026-07-30T17:13:03.184222
33,25,5,5,0,5,2026-07-30T17:13:02.795912
33,25,6,5,0,5,2026-07-30T17:13:03.711240
33,25,7,5,0,5,2026-07-30T17:13:03.688217
33,25,8,5,0,5,2026-07-30T17:13:03.753995
33,25,9,5,0,5,2026-07-30T17:13:03.647249
33,25,10,5,0,5,2026-07-30T17:13:04.037662
33,26,1,5,0,5,2026-07-30T17:13:04.394889
33,26,2,5,0,5,2026-07-30T17:13:04.407703
33,26,3,5,0,5,2026-07-30T17:13:04.219898
33,26,4,5,0,5,2026-07-30T17:13:05.106473
33,26,5,5,0,5,2026-07-30T17:13:04.744385
33,26,6,5,0,5,2026-07-30T17:13:05.327608
33,26,7,5,0,5,2026-07-30T17:13:05.186081
33,26,8,5,0,5,2026-07-30T17:13:05.490133
33,26,9,5,0,5,2026-07-30T17:13:06.051500
33,26,10,5,0,5,2026-07-30T17:13:05.822116
33,27,1,5,0,5,2026-07-30T17:13:06.497341
33,27,2,5,0,5,2026-07-30T17:13:05.986940
33,27,3,5,0,5,2026-07-30T17:13:06.135920
33,27,4,5,0,5,2026-07-30T17:13:06.207105
33,27,5,5,0,5,2026-07-30T17:13:06.379157
33,27,6,5,0,5,2026-07-30T17:13:06.915386
33,27,7,5,0,5,2026-07-30T17:13:06.872101
33,27,8,5,0,5,2026-07-30T17:13:07.807441
33,27,9,5,0,5,2026-07-30T17:13:07.946167
33,27,10,5,0,5,2026-07-30T17:13:07.954939
33,28,1,3,0,3,2026-07-30T17:13:08.244206
33,28,2,5,0,5,2026-07-30T17:13:08.039152
33,28,3,3,0,3,2026-07-30T17:13:07.740060
33,28,4,2,0,2,2026-07-30T17:13:08.729397
33,28,5,5,0,5,2026-07-30T17:13:08.349696
33,28,6,5,0,5,2026-07-30T17:13:09.589099
33,28,7,2,0,2,2026-07-30T17:13:09.843647
33,28,8,3,0,3,2026-07-30T17:13:10.013263
33,28,9,4,0,4,2026-07-30T17:13:09.597158
33,28,10,5,0,5,2026-07-30T17:13:09.683548
33,29,1,5,0,5,2026-07-30T17:13:09.475333
33,29,2,5,0,5,2026-07-30T17:13:09.620040
33,29,3,5,0,5,2026-07-30T17:13:10.024846
33,29,4,5,0,5,2026-07-30T17:13:11.067782
33,29,5,5,0,5,2026-07-30T17:13:10.634620
33,29,6,0,0,0,2026-07-30T17:13:11.053143
33,29,7,5,0,5,2026-07-30T17:13:11.047159
33,29,8,0,0,0,2026-07-30T17:13:11.098684
33,29,9,5,0,5,2026-07-30T17:13:11.091240
33,29,10,5,0,5,2026-07-30T17:13:11.683772
33,30,1,5,0,5,2026-07-30T17:13:11.281158
33,30,2,5,0,5,2026-07-30T17:13:12.072734
33,30,3,5,0,5,2026-07-30T17:13:12.480105
33,30,4,3,0,3,2026-07-30T17:13:13.107049
33,30,5,3,0,3,2026-07-30T17:13:13.113582
33,30,6,5,0,5,2026-07-30T17:13:12.310890
33,30,7,3,0,3,2026-07-30T17:13:12.953754
33,30,8,5,0,5,2026-07-30T17:13:13.132710
33,30,9,3,0,3,2026-07-30T17:13:13.126542
33,30,10,5,0,5,2026-07-30T17:13:13.290151
34,1,1,5,0,5,2026-07-30T17:13:13.527162
34,1,2,5,0,5,2026-07-30T17:13:14.143524
34,1,3,5,0,5,2026-07-30T17:13:14.399069
34,1,4,5,0,5,2026-07-30T17:13:14.964321
34,1,5,5,0,5,2026-07-30T17:13:14.560143
34,1,6,5,0,5,2026-07-30T17:13:14.133867
34,1,7,5,0,5,2026-07-30T17:13:14.583893
34,1,8,5,0,5,2026-07-30T17:13:14.329190
34,1,9,5,0,5,2026-07-30T17:13:14.979433
34,1,10,5,0,5,2026-07-30T17:13:15.980140
34,2,1,5,0,5,2026-07-30T17:13:15.433173
34,2,2,5,0,5,2026-07-30T17:13:16.184391
34,2,3,5,0,5,2026-07-30T17:13:15.656248
34,2,4,5,0,5,2026-07-30T17:13:16.442822
34,2,5,5,0,5,2026-07-30T17:13:16.451178
34,2,6,5,0,5,2026-07-30T17:13:16.010689
34,2,7,5,0,5,2026-07-30T17:13:16.054014
34,2,8,5,0,5,2026-07-30T17:13:16.464923
34,2,9,5,0,5,2026-07-30T17:13:16.712771
34,2,10,5,0,5,2026-07-30T17:13:17.807489
34,3,1,0,0,0,2026-07-30T17:13:17.463573
34,3,2,0,0,0,2026-07-30T17:13:17.287797
34,3,3,0,0,0,2026-07-30T17:13:17.440543
34,3,4,0,0,0,2026-07-30T17:13:18.296113
34,3,5,0,0,0,2026-07-30T17:13:18.280650
34,3,6,0,0,0,2026-07-30T17:13:17.519035
34,3,7,0,0,0,2026-07-30T17:13:18.524881
34,3,8,0,0,0,2026-07-30T17:13:19.167539
34,3,9,0,0,0,2026-07-30T17:13:18.679862
34,3,10,0,0,0,2026-07-30T17:13:19.105406
34,4,1,0,0,0,2026-07-30T17:13:18.981160
34,4,2,0,0,0,2026-07-30T17:13:19.479233
34,4,3,0,0,0,2026-07-30T17:13:19.538364
34,4,4,0,0,0,2026-07-30T17:13:19.317437
34,4,5,0,0,0,2026-07-30T17:13:19.545224
34,4,6,0,0,0,2026-07-30T17:13:20.560233
34,4,7,0,0,0,2026-07-30T17:13:20.242705
34,4,8,0,0,0,2026-07-30T17:13:20.744966
34,4,9,0,0,0,2026-07-30T17:13:21.041202
34,4,10,0,0,0,2026-07-30T17:13:20.991074
34,5,1,5,0,5,2026-07-30T17:13:20.951753
34,5,2,5,0,5,2026-07-30T17:13:20.988084
34,5,3,5,0,5,2026-07-30T17:13:20.789396
34,5,4,5,0,5,2026-07-30T17:13:21.656356
34,5,5,5,0,5,2026-07-30T17:13:22.408129
34,5,6,5,0,5,2026-07-30T17:13:22.409689
34,5,7,5,0,5,2026-07-30T17:13:22.638926
34,5,8,5,0,5,2026-07-30T17:13:23.007600
34,5,9,5,0,5,2026-07-30T17:13:22.059601
34,5,10,5,0,5,2026-07-30T17:13:22.843053
34,6,1,5,0,5,2026-07-30T17:13:22.713344
34,6,2,5,0,5,2026-07-30T17:13:22.887338
34,6,3,5,0,5,2026-07-30T17:13:23.913448
34,6,4,5,0,5,2026-07-30T17:13:23.637791
34,6,5,5,0,5,2026-07-30T17:13:23.504366
34,6,6,5,0,5,2026-07-30T17:13:24.330736
34,6,7,5,0,5,2026-07-30T17:13:24.580916
34,6,8,5,0,5,2026-07-30T17:13:24.490478
34,6,9,5,0,5,2026-07-30T17:13:24.530335
34,6,10,5,0,5,2026-07-30T17:13:24.041666
34,7,1,5,0,5,2026-07-30T17:13:24.944661
34,7,2,5,0,5,2026-07-30T17:13:25.485285
34,7,3,5,0,5,2026-07-30T17:13:25.774818
34,7,4,5,0,5,2026-07-30T17:13:25.665551
34,7,5,5,0,5,2026-07-30T17:13:25.987628
34,7,6,5,0,5,2026-07-30T17:13:26.169872
34,7,7,5,0,5,2026-07-30T17:13:26.384819
34,7,8,5,0,5,2026-07-30T17:13:25.831971
34,7,9,5,0,5,2026-07-30T17:13:26.206274
34,7,10,5,0,5,2026-07-30T17:13:26.687282
34,8,1,0,0,0,2026-07-30T17:13:26.891031
34,8,2,0,0,0,2026-07-30T17:13:27.219580
34,8,3,0,0,0,2026-07-30T17:13:27.669865
34,8,4,0,0,0,2026-07-30T17:13:27.845202
34,8,5,0,0,0,2026-07-30T17:13:28.019558
34,8,6,0,0,0,2026-07-30T17:13:28.254843
34,8,7,0,0,0,2026-07-30T17:13:28.004315
34,8,8,0,0,0,2026-07-30T17:13:28.096700
34,8,9,5,0,5,2026-07-30T17:13:28.332788
34,8,10,0,0,0,2026-07-30T17:13:29.050110
34,9,1,5,0,5,2026-07-30T17:13:29.099233
34,9,2,5,0,5,2026-07-30T17:13:29.252766
34,9,3,5,0,5,2026-07-30T17:13:29.267433
34,9,4,5,0,5,2026-07-30T17:13:29.467293
34,9,5,3,0,3,2026-07-30T17:13:29.538293
34,9,6,5,0,5,2026-07-30T17:13:29.513145
34,9,7,5,0,5,2026-07-30T17:13:30.391907
34,9,8,3,0,3,2026-07-30T17:13:30.095913
34,9,9,5,0,5,2026-07-30T17:13:31.129555
34,9,10,3,0,3,2026-07-30T17:13:30.664551
34,10,1,5,0,5,2026-07-30T17:13:30.326016
34,10,2,5,0,5,2026-07-30T17:13:31.318709
34,10,3,5,0,5,2026-07-30T17:13:31.383813
34,10,4,5,0,5,2026-07-30T17:13:30.779394
34,10,5,5,0,5,2026-07-30T17:13:31.726820
34,10,6,5,0,5,2026-07-30T17:13:32.167414
34,10,7,5,0,5,2026-07-30T17:13:32.285107
34,10,8,5,0,5,2026-07-30T17:13:31.919112
34,10,9,5,0,5,2026-07-30T17:13:31.832820
34,10,10,5,0,5,2026-07-30T17:13:32.808603
34,11,1,5,0,5,2026-07-30T17:13:33.190584
34,11,2,5,0,5,2026-07-30T17:13:33.024598
34,11,3,5,0,5,2026-07-30T17:13:33.353832
34,11,4,5,0,5,2026-07-30T17:13:32.695461
34,11,5,5,0,5,2026-07-30T17:13:33.182042
34,11,6,5,0,5,2026-07-30T17:13:33.627828
34,11,7,5,0,5,2026-07-30T17:13:34.358420
34,11,8,5,0,5,2026-07-30T17:13:33.918137
34,11,9,5,0,5,2026-07-30T17:13:34.248542
34,11,10,5,0,5,2026-07-30T17:13:34.874944
34,12,1,5,0,5,2026-07-30T17:13:34.624849
34,12,2,5,0,5,2026-07-30T17:13:35.034492
34,12,3,5,0,5,2026-07-30T17:13:34.782706
34,12,4,5,0,5,2026-07-30T17:13:34.651409
34,12,5,5,0,5,2026-07-30T17:13:35.571914
34,12,6,5,0,5,2026-07-30T17:13:35.504918
34,12,7,5,0,5,2026-07-30T17:13:35.610132
34,12,8,5,0,5,2026-07-30T17:13:35.862944
34,12,9,5,0,5,2026-07-30T17:13:36.300879
34,12,10,5,0,5,2026-07-30T17:13:36.629327
34,13,1,0,0,0,2026-07-30T17:13:36.730995
34,13,2,0,0,0,2026-07-30T17:13:36.049398
34,13,3,5,0,5,2026-07-30T17:13:37.316539
34,13,4,2,0,2,2026-07-30T17:13:37.035931
34,13,5,3,0,3,2026-07-30T17:13:37.275184
34,13,6,0,0,0,2026-07-30T17:13:37.494002
34,13,7,0,0,0,2026-07-30T17:13:37.722099
34,13,8,0,0,0,2026-07-30T17:13:38.157839
34,13,9,2,0,2,2026-07-30T17:13:38.705122
34,13,10,2,0,2,2026-07-30T17:13:37.957906
34,14,1,5,0,5,2026-07-30T17:13:38.885607
34,14,2,5,0,5,2026-07-30T17:13:39.090125
34,14,3,5,0,5,2026-07-30T17:13:38.755642
34,14,4,5,0,5,2026-07-30T17:13:39.143066
34,14,5,5,0,5,2026-07-30T17:13:38.972385
34,14,6,5,0,5,2026-07-30T17:13:39.408780
34,14,7,5,0,5,2026-07-30T17:13:39.418382
34,14,8,5,0,5,2026-07-30T17:13:40.360404
34,14,9,5,0,5,2026-07-30T17:13:40.014152
34,14,10,5,0,5,2026-07-30T17:13:40.528654
34,15,1,5,0,5,2026-07-30T17:13:40.015465
34,15,2,5,0,5,2026-07-30T17:13:40.971217
34,15,3,5,0,5,2026-07-30T17:13:40.400893
34,15,4,5,0,5,2026-07-30T17:13:40.459128
34,15,5,0,0,0,2026-07-30T17:13:40.651538
34,15,6,0,0,0,2026-07-30T17:13:42.067888
34,15,7,5,0,5,2026-07-30T17:13:41.891921
34,15,8,5,0,5,2026-07-30T17:13:42.184501
34,15,9,5,0,5,2026-07-30T17:13:41.251718
34,15,10,5,0,5,2026-07-30T17:13:41.690323
34,16,1,5,0,5,2026-07-30T17:13:41.973411
34,16,2,5,0,5,2026-07-30T17:13:41.675458
34,16,3,5,0,5,2026-07-30T17:13:42.196156
34,16,4,5,0,5,2026-07-30T17:13:43.116995
34,16,5,5,0,5,2026-07-30T17:13:42.913152
34,16,6,5,0,5,2026-07-30T17:13:43.748944
34,16,7,5,0,5,2026-07-30T17:13:43.515471
34,16,8,5,0,5,2026-07-30T17:13:43.817251
34,16,9,5,0,5,2026-07-30T17:13:43.705671
34,16,10,5,0,5,2026-07-30T17:13:43.411854
34,17,1,5,0,5,2026-07-30T17:13:44.050650
34,17,2,5,0,5,2026-07-30T17:13:44.778022
34,17,3,5,0,5,2026-07-30T17:13:44.142118
34,17,4,5,0,5,2026-07-30T17:13:44.669040
34,17,5,5,0,5,2026-07-30T17:13:45.162897
34,17,6,5,0,5,2026-07-30T17:13:44.732022
34,17,7,5,0,5,2026-07-30T17:13:44.809661
34,17,8,5,0,5,2026-07-30T17:13:45.264819
34,17,9,5,0,5,2026-07-30T17:13:46.073739
34,17,10,5,0,5,2026-07-30T17:13:45.794302
34,18,1,5,0,5,2026-07-30T17:13:46.500035
34,18,2,5,0,5,2026-07-30T17:13:46.770984
34,18,3,5,0,5,2026-07-30T17:13:46.440848
34,18,4,5,0,5,2026-07-30T17:13:46.657648
34,18,5,5,0,5,2026-07-30T17:13:46.818235
34,18,6,5,0,5,2026-07-30T17:13:47.070438
34,18,7,5,0,5,2026-07-30T17:13:47.008283
34,18,8,5,0,5,2026-07-30T17:13:47.913825
34,18,9,5,0,5,2026-07-30T17:13:47.712608
34,18,10,5,0,5,2026-07-30T17:13:47.740592
34,19,1,5,0,5,2026-07-30T17:13:48.307355
34,19,2,5,0,5,2026-07-30T17:13:48.616509
34,19,3,5,0,5,2026-07-30T17:13:48.263446
34,19,4,5,0,5,2026-07-30T17:13:48.645745
34,19,5,5,0,5,2026-07-30T17:13:48.329503
34,19,6,5,0,5,2026-07-30T17:13:49.349501
34,19,7,5,0,5,2026-07-30T17:13:48.769521
34,19,8,5,0,5,2026-07-30T17:13:49.785082
34,19,9,5,0,5,2026-07-30T17:13:49.506121
34,19,10,5,0,5,2026-07-30T17:13:49.976628
34,20,1,5,0,5,2026-07-30T17:13:50.385374
34,20,2,5,0,5,2026-07-30T17:13:49.901523
34,20,3,5,0,5,2026-07-30T17:13:49.874556
34,20,4,5,0,5,2026-07-30T17:13:50.180485
34,20,5,5,0,5,2026-07-30T17:13:51.212730
34,20,6,5,0,5,2026-07-30T17:13:50.938813
34,20,7,5,0,5,2026-07-30T17:13:51.026071
34,20,8,5,0,5,2026-07-30T17:13:51.141718
34,20,9,5,0,5,2026-07-30T17:13:51.322563
34,20,10,5,0,5,2026-07-30T17:13:51.652257
34,21,1,5,0,5,2026-07-30T17:13:51.848274
34,21,2,5,0,5,2026-07-30T17:13:51.221625
34,21,3,5,0,5,2026-07-30T17:13:52.403040
34,21,4,5,0,5,2026-07-30T17:13:52.889346
34,21,5,5,0,5,2026-07-30T17:13:53.037285
34,21,6,5,0,5,2026-07-30T17:13:52.234033
34,21,7,5,0,5,2026-07-30T17:13:52.672069
34,21,8,5,0,5,2026-07-30T17:13:52.763722
34,21,9,5,0,5,2026-07-30T17:13:53.133287
34,21,10,5,0,5,2026-07-30T17:13:53.686268
34,22,1,5,0,5,2026-07-30T17:13:53.284193
34,22,2,5,0,5,2026-07-30T17:13:53.871910
34,22,3,5,0,5,2026-07-30T17:13:54.109938
34,22,4,5,0,5,2026-07-30T17:13:53.611265
34,22,5,5,0,5,2026-07-30T17:13:54.098505
34,22,6,5,0,5,2026-07-30T17:13:54.282071
34,22,7,5,0,5,2026-07-30T17:13:54.573670
34,22,8,5,0,5,2026-07-30T17:13:54.327333
34,22,9,5,0,5,2026-07-30T17:13:55.466480
34,22,10,5,0,5,2026-07-30T17:13:55.111617
34,23,1,5,0,5,2026-07-30T17:13:54.915082
34,23,2,5,0,5,2026-07-30T17:13:55.587419
34,23,3,5,0,5,2026-07-30T17:13:55.165628
34,23,4,5,0,5,2026-07-30T17:13:55.730821
34,23,5,5,0,5,2026-07-30T17:13:56.181720
34,23,6,5,0,5,2026-07-30T17:13:56.435906
34,23,7,5,0,5,2026-07-30T17:13:56.566888
34,23,8,5,0,5,2026-07-30T17:13:56.330734
34,23,9,5,0,5,2026-07-30T17:13:57.036921
34,23,10,5,0,5,2026-07-30T17:13:57.297506
34,24,1,5,0,5,2026-07-30T17:13:57.427776
34,24,2,5,0,5,2026-07-30T17:13:56.778416
34,24,3,5,0,5,2026-07-30T17:13:57.429178
34,24,4,5,0,5,2026-07-30T17:13:57.773797
34,24,5,5,0,5,2026-07-30T17:13:58.276087
34,24,6,5,0,5,2026-07-30T17:13:57.594640
34,24,7,5,0,5,2026-07-30T17:13:58.026824
34,24,8,5,0,5,2026-07-30T17:13:58.475673
34,24,9,5,0,5,2026-07-30T17:13:58.311173
34,24,10,5,0,5,2026-07-30T17:13:58.869231
34,25,1,3,0,3,2026-07-30T17:13:58.475892
34,25,2,0,0,0,2026-07-30T17:13:58.656469
34,25,3,5,0,5,2026-07-30T17:13:58.819984
34,25,4,0,0,0,2026-07-30T17:13:59.697355
34,25,5,5,0,5,2026-07-30T17:14:00.143248
34,25,6,0,0,0,2026-07-30T17:13:59.961711
34,25,7,0,0,0,2026-07-30T17:13:59.928875
34,25,8,3,0,3,2026-07-30T17:13:59.477457
34,25,9,0,0,0,2026-07-30T17:13:59.701014
34,25,10,4,0,4,2026-07-30T17:14:00.498604
34,26,1,5,0,5,2026-07-30T17:14:00.340025
34,26,2,5,0,5,2026-07-30T17:14:00.693779
34,26,3,5,0,5,2026-07-30T17:14:00.934299
34,26,4,5,0,5,2026-07-30T17:14:01.331391
34,26,5,5,0,5,2026-07-30T17:14:01.592818
34,26,6,5,0,5,2026-07-30T17:14:01.200714
34,26,7,5,0,5,2026-07-30T17:14:01.981122
34,26,8,5,0,5,2026-07-30T17:14:01.611858
34,26,9,5,0,5,2026-07-30T17:14:01.550212
34,26,10,5,0,5,2026-07-30T17:14:02.553398
34,27,1,5,0,5,2026-07-30T17:14:02.404169
34,27,2,5,0,5,2026-07-30T17:14:02.213478
34,27,3,5,0,5,2026-07-30T17:14:02.567251
34,27,4,5,0,5,2026-07-30T17:14:02.975295
34,27,5,5,0,5,2026-07-30T17:14:03.044222
34,27,6,5,0,5,2026-07-30T17:14:03.461355
34,27,7,5,0,5,2026-07-30T17:14:03.202976
34,27,8,5,0,5,2026-07-30T17:14:03.858128
34,27,9,5,0,5,2026-07-30T17:14:04.049156
34,27,10,5,0,5,2026-07-30T17:14:04.011051
34,28,1,5,0,5,2026-07-30T17:14:04.396030
34,28,2,4,0,4,2026-07-30T17:14:04.817347
34,28,3,5,0,5,2026-07-30T17:14:04.661343
34,28,4,3,0,3,2026-07-30T17:14:04.623066
34,28,5,5,0,5,2026-07-30T17:14:05.090303
34,28,6,5,0,5,2026-07-30T17:14:05.286163
34,28,7,5,0,5,2026-07-30T17:14:05.652791
34,28,8,5,0,5,2026-07-30T17:14:05.488025
34,28,9,5,0,5,2026-07-30T17:14:06.271300
34,28,10,5,0,5,2026-07-30T17:14:06.275402
34,29,1,5,0,5,2026-07-30T17:14:05.709264
34,29,2,5,0,5,2026-07-30T17:14:06.691367
34,29,3,5,0,5,2026-07-30T17:14:06.953988
34,29,4,5,0,5,2026-07-30T17:14:06.340482
34,29,5,5,0,5,2026-07-30T17:14:06.908525
34,29,6,5,0,5,2026-07-30T17:14:07.073187
34,29,7,5,0,5,2026-07-30T17:14:06.948976
34,29,8,5,0,5,2026-07-30T17:14:07.700706
34,29,9,5,0,5,2026-07-30T17:14:07.520136
34,29,10,5,0,5,2026-07-30T17:14:07.370759
34,30,1,5,0,5,2026-07-30T17:14:07.950732
34,30,2,5,0,5,2026-07-30T17:14:08.350550
34,30,3,5,0,5,2026-07-30T17:14:08.360314
34,30,4,5,0,5,2026-07-30T17:14:08.384507
34,30,5,0,0,0,2026-07-30T17:14:08.343834
34,30,6,5,0,5,2026-07-30T17:14:08.378288
34,30,7,5,0,5,2026-07-30T17:14:09.396000
34,30,8,5,0,5,2026-07-30T17:14:08.750170
34,30,9,5,0,5,2026-07-30T17:14:09.799598
34,30,10,5,0,5,2026-07-30T17:14:09.394027
35,1,1,5,0,5,2026-07-30T17:14:09.602897
35,1,2,5,0,5,2026-07-30T17:14:09.832371
35,1,3,5,0,5,2026-07-30T17:14:09.650692
35,1,4,5,0,5,2026-07-30T17:14:10.261996
35,1,5,5,0,5,2026-07-30T17:14:10.573658
35,1,6,5,0,5,2026-07-30T17:14:11.068560
35,1,7,5,0,5,2026-07-30T17:14:10.801286
35,1,8,5,0,5,2026-07-30T17:14:11.460774
35,1,9,5,0,5,2026-07-30T17:14:11.706214
35,1,10,5,0,5,2026-07-30T17:14:11.629676
35,2,1,5,0,5,2026-07-30T17:14:11.068670
35,2,2,5,0,5,2026-07-30T17:14:11.491894
35,2,3,5,0,5,2026-07-30T17:14:11.803081
35,2,4,5,0,5,2026-07-30T17:14:12.248765
35,2,5,5,0,5,2026-07-30T17:14:12.922299
35,2,6,5,0,5,2026-07-30T17:14:12.948832
35,2,7,5,0,5,2026-07-30T17:14:12.507341
35,2,8,5,0,5,2026-07-30T17:14:12.739831
35,2,9,5,0,5,2026-07-30T17:14:13.272309
35,2,10,5,0,5,2026-07-30T17:14:13.559532
35,3,1,0,0,0,2026-07-30T17:14:13.674938
35,3,2,0,0,0,2026-07-30T17:14:14.094145
35,3,3,0,0,0,2026-07-30T17:14:13.545521
35,3,4,0,0,0,2026-07-30T17:14:14.381286
35,3,5,0,0,0,2026-07-30T17:14:14.175765
35,3,6,0,0,0,2026-07-30T17:14:13.974054
35,3,7,0,0,0,2026-07-30T17:14:14.725965
35,3,8,0,0,0,2026-07-30T17:14:15.189021
35,3,9,0,0,0,2026-07-30T17:14:15.000797
35,3,10,0,0,0,2026-07-30T17:14:15.715694
35,4,1,0,0,0,2026-07-30T17:14:15.217655
35,4,2,0,0,0,2026-07-30T17:14:15.536261
35,4,3,2,0,2,2026-07-30T17:14:15.391629
35,4,4,0,0,0,2026-07-30T17:14:16.250035
35,4,5,0,0,0,2026-07-30T17:14:15.938656
35,4,6,0,0,0,2026-07-30T17:14:16.859150
35,4,7,0,0,0,2026-07-30T17:14:16.639712
35,4,8,0,0,0,2026-07-30T17:14:16.665881
35,4,9,0,0,0,2026-07-30T17:14:16.882387
35,4,10,0,0,0,2026-07-30T17:14:16.568366
35,5,1,5,0,5,2026-07-30T17:14:17.198653
35,5,2,5,0,5,2026-07-30T17:14:17.598766
35,5,3,5,0,5,2026-07-30T17:14:18.150394
35,5,4,5,0,5,2026-07-30T17:14:20.111753
35,5,5,5,0,5,2026-07-30T17:14:20.156582
35,5,6,5,0,5,2026-07-30T17:14:20.170096
35,5,7,5,0,5,2026-07-30T17:14:20.069844
35,5,8,5,0,5,2026-07-30T17:14:20.077808
35,5,9,5,0,5,2026-07-30T17:14:19.884673
35,5,10,5,0,5,2026-07-30T17:14:20.028319
35,6,1,5,0,5,2026-07-30T17:14:20.212936
35,6,2,5,0,5,2026-07-30T17:14:21.486169
35,6,3,5,0,5,2026-07-30T17:14:21.860491
35,6,4,5,0,5,2026-07-30T17:14:21.705192
35,6,5,5,0,5,2026-07-30T17:14:21.502421
35,6,6,5,0,5,2026-07-30T17:14:22.160310
35,6,7,5,0,5,2026-07-30T17:14:21.204807
35,6,8,5,0,5,2026-07-30T17:14:21.191416
35,6,9,5,0,5,2026-07-30T17:14:21.462162
35,6,10,5,0,5,2026-07-30T17:14:23.067660
35,7,1,5,0,5,2026-07-30T17:14:22.668604
35,7,2,5,0,5,2026-07-30T17:14:23.498876
35,7,3,5,0,5,2026-07-30T17:14:23.350601
35,7,4,5,0,5,2026-07-30T17:14:22.769371
35,7,5,5,0,5,2026-07-30T17:14:22.956204
35,7,6,5,0,5,2026-07-30T17:14:23.289861
35,7,7,5,0,5,2026-07-30T17:14:23.592272
35,7,8,5,0,5,2026-07-30T17:14:24.099666
35,7,9,5,0,5,2026-07-30T17:14:23.814967
35,7,10,5,0,5,2026-07-30T17:14:24.828699
35,8,1,5,0,5,2026-07-30T17:14:23.891958
35,8,2,5,0,5,2026-07-30T17:14:25.137179
35,8,3,5,0,5,2026-07-30T17:14:24.376150
35,8,4,5,0,5,2026-07-30T17:14:25.148889
35,8,5,5,0,5,2026-07-30T17:14:24.817685
35,8,6,5,0,5,2026-07-30T17:14:24.667032
35,8,7,5,0,5,2026-07-30T17:14:25.544222
35,8,8,0,0,0,2026-07-30T17:14:25.359026
35,8,9,5,0,5,2026-07-30T17:14:26.215858
35,8,10,5,0,5,2026-07-30T17:14:25.919621
35,9,1,5,0,5,2026-07-30T17:14:26.884158
35,9,2,3,0,3,2026-07-30T17:14:26.678673
35,9,3,5,0,5,2026-07-30T17:14:26.356734
35,9,4,5,0,5,2026-07-30T17:14:26.815878
35,9,5,5,0,5,2026-07-30T17:14:26.772126
35,9,6,5,0,5,2026-07-30T17:14:26.996689
35,9,7,5,0,5,2026-07-30T17:14:27.983956
35,9,8,5,0,5,2026-07-30T17:14:27.625119
35,9,9,4,0,4,2026-07-30T17:14:27.802657
35,9,10,5,0,5,2026-07-30T17:14:28.533560
35,10,1,5,0,5,2026-07-30T17:14:28.193901
35,10,2,5,0,5,2026-07-30T17:14:28.228011
35,10,3,5,0,5,2026-07-30T17:14:28.338278
35,10,4,5,0,5,2026-07-30T17:14:28.245184
35,10,5,5,0,5,2026-07-30T17:14:29.094843
35,10,6,5,0,5,2026-07-30T17:14:28.855086
35,10,7,5,0,5,2026-07-30T17:14:29.634160
35,10,8,5,0,5,2026-07-30T17:14:30.034275
35,10,9,5,0,5,2026-07-30T17:14:29.466800
35,10,10,5,0,5,2026-07-30T17:14:29.891479
35,11,1,5,0,5,2026-07-30T17:14:29.786936
35,11,2,5,0,5,2026-07-30T17:14:29.964660
35,11,3,5,0,5,2026-07-30T17:14:30.499554
35,11,4,5,0,5,2026-07-30T17:14:30.509024
35,11,5,5,0,5,2026-07-30T17:14:30.896648
35,11,6,5,0,5,2026-07-30T17:14:31.301999
35,11,7,5,0,5,2026-07-30T17:14:31.006043
35,11,8,5,0,5,2026-07-30T17:14:30.938925
35,11,9,5,0,5,2026-07-30T17:14:31.419006
35,11,10,5,0,5,2026-07-30T17:14:31.263075
35,12,1,5,0,5,2026-07-30T17:14:31.744456
35,12,2,5,0,5,2026-07-30T17:14:31.961689
35,12,3,5,0,5,2026-07-30T17:14:32.335422
35,12,4,5,0,5,2026-07-30T17:14:32.554592
35,12,5,5,0,5,2026-07-30T17:14:32.876541
35,12,6,5,0,5,2026-07-30T17:14:32.921057
35,12,7,5,0,5,2026-07-30T17:14:32.794382
35,12,8,5,0,5,2026-07-30T17:14:33.259719
35,12,9,5,0,5,2026-07-30T17:14:33.582813
35,12,10,5,0,5,2026-07-30T17:14:33.619043
35,13,1,5,0,5,2026-07-30T17:14:33.580626
35,13,2,5,0,5,2026-07-30T17:14:33.625275
35,13,3,5,0,5,2026-07-30T17:14:34.025466
35,13,4,5,0,5,2026-07-30T17:14:34.921574
35,13,5,5,0,5,2026-07-30T17:14:34.351815
35,13,6,5,0,5,2026-07-30T17:14:35.093332
35,13,7,4,0,4,2026-07-30T17:14:35.421215
35,13,8,5,0,5,2026-07-30T17:14:34.632624
35,13,9,5,0,5,2026-07-30T17:14:35.457540
35,13,10,5,0,5,2026-07-30T17:14:34.867220
35,14,1,5,0,5,2026-07-30T17:14:35.276119
35,14,2,5,0,5,2026-07-30T17:14:35.602679
35,14,3,5,0,5,2026-07-30T17:14:36.078314
35,14,4,5,0,5,2026-07-30T17:14:36.937612
35,14,5,5,0,5,2026-07-30T17:14:36.146625
35,14,6,5,0,5,2026-07-30T17:14:36.736814
35,14,7,5,0,5,2026-07-30T17:14:37.308958
35,14,8,5,0,5,2026-07-30T17:14:36.832737
35,14,9,5,0,5,2026-07-30T17:14:36.918485
35,14,10,5,0,5,2026-07-30T17:14:36.830817
35,15,1,5,0,5,2026-07-30T17:14:38.137429
35,15,2,5,0,5,2026-07-30T17:14:37.394955
35,15,3,5,0,5,2026-07-30T17:14:38.597972
35,15,4,5,0,5,2026-07-30T17:14:38.466103
35,15,5,5,0,5,2026-07-30T17:14:38.277088
35,15,6,5,0,5,2026-07-30T17:14:38.355032
35,15,7,5,0,5,2026-07-30T17:14:38.373602
35,15,8,5,0,5,2026-07-30T17:14:38.959537
35,15,9,5,0,5,2026-07-30T17:14:38.640044
35,15,10,5,0,5,2026-07-30T17:14:39.584047
35,16,1,5,0,5,2026-07-30T17:14:39.946404
35,16,2,5,0,5,2026-07-30T17:14:39.992305
35,16,3,5,0,5,2026-07-30T17:14:40.007765
35,16,4,5,0,5,2026-07-30T17:14:39.523524
35,16,5,5,0,5,2026-07-30T17:14:39.660235
35,16,6,5,0,5,2026-07-30T17:14:39.687295
35,16,7,5,0,5,2026-07-30T17:14:40.610949
35,16,8,5,0,5,2026-07-30T17:14:40.763554
35,16,9,5,0,5,2026-07-30T17:14:40.585718
35,16,10,5,0,5,2026-07-30T17:14:40.876835
35,17,1,5,0,5,2026-07-30T17:14:41.130155
35,17,2,5,0,5,2026-07-30T17:14:41.782124
35,17,3,5,0,5,2026-07-30T17:14:41.432285
35,17,4,5,0,5,2026-07-30T17:14:41.033969
35,17,5,5,0,5,2026-07-30T17:14:42.432723
35,17,6,5,0,5,2026-07-30T17:14:42.036385
35,17,7,5,0,5,2026-07-30T17:14:42.202670
35,17,8,5,0,5,2026-07-30T17:14:42.313350
35,17,9,5,0,5,2026-07-30T17:14:42.676185
35,17,10,5,0,5,2026-07-30T17:14:42.159147
35,18,1,3,0,3,2026-07-30T17:14:43.245754
35,18,2,3,0,3,2026-07-30T17:14:43.031125
35,18,3,3,0,3,2026-07-30T17:14:43.673917
35,18,4,3,0,3,2026-07-30T17:14:44.196122
35,18,5,3,0,3,2026-07-30T17:14:44.061715
35,18,6,3,0,3,2026-07-30T17:14:44.368929
35,18,7,5,0,5,2026-07-30T17:14:43.855801
35,18,8,3,0,3,2026-07-30T17:14:44.536213
35,18,9,3,0,3,2026-07-30T17:14:44.691740
35,18,10,5,0,5,2026-07-30T17:14:44.883509
35,19,1,5,0,5,2026-07-30T17:14:45.319033
35,19,2,5,0,5,2026-07-30T17:14:44.899489
35,19,3,5,0,5,2026-07-30T17:14:45.735660
35,19,4,5,0,5,2026-07-30T17:14:45.200145
35,19,5,4,0,4,2026-07-30T17:14:46.003957
35,19,6,5,0,5,2026-07-30T17:14:46.217720
35,19,7,5,0,5,2026-07-30T17:14:46.579904
35,19,8,5,0,5,2026-07-30T17:14:46.541183
35,19,9,3,0,3,2026-07-30T17:14:46.768434
35,19,10,5,0,5,2026-07-30T17:14:46.445796
35,20,1,5,0,5,2026-07-30T17:14:46.579064
35,20,2,5,0,5,2026-07-30T17:14:47.000217
35,20,3,5,0,5,2026-07-30T17:14:47.249170
35,20,4,5,0,5,2026-07-30T17:14:47.492541
35,20,5,5,0,5,2026-07-30T17:14:48.295612
35,20,6,5,0,5,2026-07-30T17:14:48.397255
35,20,7,5,0,5,2026-07-30T17:14:48.225402
35,20,8,5,0,5,2026-07-30T17:14:47.816102
35,20,9,5,0,5,2026-07-30T17:14:48.211058
35,20,10,5,0,5,2026-07-30T17:14:48.262006
35,21,1,5,0,5,2026-07-30T17:14:49.074003
35,21,2,5,0,5,2026-07-30T17:14:49.521590
35,21,3,5,0,5,2026-07-30T17:14:48.855335
35,21,4,5,0,5,2026-07-30T17:14:49.247181
35,21,5,5,0,5,2026-07-30T17:14:49.676064
35,21,6,5,0,5,2026-07-30T17:14:50.330601
35,21,7,5,0,5,2026-07-30T17:14:50.346185
35,21,8,5,0,5,2026-07-30T17:14:49.637189
35,21,9,5,0,5,2026-07-30T17:14:50.520377
35,21,10,5,0,5,2026-07-30T17:14:50.114636
35,22,1,5,0,5,2026-07-30T17:14:50.498362
35,22,2,5,0,5,2026-07-30T17:14:50.955559
35,22,3,5,0,5,2026-07-30T17:14:51.262357
35,22,4,5,0,5,2026-07-30T17:14:51.534060
35,22,5,5,0,5,2026-07-30T17:14:51.774384
35,22,6,5,0,5,2026-07-30T17:14:51.783905
35,22,7,5,0,5,2026-07-30T17:14:51.377465
35,22,8,5,0,5,2026-07-30T17:14:51.735868
35,22,9,5,0,5,2026-07-30T17:14:52.160043
35,22,10,5,0,5,2026-07-30T17:14:52.607579
35,23,1,5,0,5,2026-07-30T17:14:52.723260
35,23,2,5,0,5,2026-07-30T17:14:52.643983
35,23,3,5,0,5,2026-07-30T17:14:53.179751
35,23,4,5,0,5,2026-07-30T17:14:53.395892
35,23,5,5,0,5,2026-07-30T17:14:53.020749
35,23,6,5,0,5,2026-07-30T17:14:53.625508
35,23,7,5,0,5,2026-07-30T17:14:53.842123
35,23,8,5,0,5,2026-07-30T17:14:54.255103
35,23,9,5,0,5,2026-07-30T17:14:54.110802
35,23,10,5,0,5,2026-07-30T17:14:54.183312
35,24,1,5,0,5,2026-07-30T17:14:54.267493
35,24,2,5,0,5,2026-07-30T17:14:54.647218
35,24,3,5,0,5,2026-07-30T17:14:54.607574
35,24,4,5,0,5,2026-07-30T17:14:55.082439
35,24,5,5,0,5,2026-07-30T17:14:54.886982
35,24,6,5,0,5,2026-07-30T17:14:55.734213
35,24,7,5,0,5,2026-07-30T17:14:55.694865
35,24,8,5,0,5,2026-07-30T17:14:55.545700
35,24,9,4,0,4,2026-07-30T17:14:55.682545
35,24,10,5,0,5,2026-07-30T17:14:55.668754
35,25,1,5,0,5,2026-07-30T17:14:55.907492
35,25,2,5,0,5,2026-07-30T17:14:56.381965
35,25,3,3,0,3,2026-07-30T17:14:56.949602
35,25,4,3,0,3,2026-07-30T17:14:56.593025
35,25,5,3,0,3,2026-07-30T17:14:56.925802
35,25,6,0,0,0,2026-07-30T17:14:57.507883
35,25,7,5,0,5,2026-07-30T17:14:56.937122
35,25,8,3,0,3,2026-07-30T17:14:57.571755
35,25,9,3,0,3,2026-07-30T17:14:57.142790
35,25,10,3,0,3,2026-07-30T17:14:58.235665
35,26,1,5,0,5,2026-07-30T17:14:58.239605
35,26,2,5,0,5,2026-07-30T17:14:58.556739
35,26,3,5,0,5,2026-07-30T17:14:58.592604
35,26,4,5,0,5,2026-07-30T17:14:58.605716
35,26,5,5,0,5,2026-07-30T17:14:58.612394
35,26,6,5,0,5,2026-07-30T17:14:58.928374
35,26,7,5,0,5,2026-07-30T17:14:59.241120
35,26,8,5,0,5,2026-07-30T17:14:59.474362
35,26,9,5,0,5,2026-07-30T17:14:59.896609
35,26,10,5,0,5,2026-07-30T17:14:59.614366
35,27,1,5,0,5,2026-07-30T17:15:00.067767
35,27,2,5,0,5,2026-07-30T17:14:59.842309
35,27,3,5,0,5,2026-07-30T17:15:00.471115
35,27,4,5,0,5,2026-07-30T17:14:59.964402
35,27,5,5,0,5,2026-07-30T17:15:00.889740
35,27,6,5,0,5,2026-07-30T17:15:01.151068
35,27,7,5,0,5,2026-07-30T17:15:01.283943
35,27,8,5,0,5,2026-07-30T17:15:01.077872
35,27,9,5,0,5,2026-07-30T17:15:01.110324
35,27,10,5,0,5,2026-07-30T17:15:01.212467
35,28,1,5,0,5,2026-07-30T17:15:01.733106
35,28,2,4,0,4,2026-07-30T17:15:01.728394
35,28,3,5,0,5,2026-07-30T17:15:02.715246
35,28,4,4,0,4,2026-07-30T17:15:02.512009
35,28,5,5,0,5,2026-07-30T17:15:02.975041
35,28,6,5,0,5,2026-07-30T17:15:02.785587
35,28,7,5,0,5,2026-07-30T17:15:02.252153
35,28,8,5,0,5,2026-07-30T17:15:02.753483
35,28,9,5,0,5,2026-07-30T17:15:02.946048
35,28,10,5,0,5,2026-07-30T17:15:02.975953
35,29,1,5,0,5,2026-07-30T17:15:03.280607
35,29,2,5,0,5,2026-07-30T17:15:03.942569
35,29,3,5,0,5,2026-07-30T17:15:03.977779
35,29,4,5,0,5,2026-07-30T17:15:03.807646
35,29,5,5,0,5,2026-07-30T17:15:04.860820
35,29,6,5,0,5,2026-07-30T17:15:04.187914
35,29,7,5,0,5,2026-07-30T17:15:04.617001
35,29,8,5,0,5,2026-07-30T17:15:05.063512
35,29,9,5,0,5,2026-07-30T17:15:04.729167
35,29,10,3,0,3,2026-07-30T17:15:05.895383
35,30,1,5,0,5,2026-07-30T17:15:05.614863
35,30,2,5,0,5,2026-07-30T17:15:05.651607
35,30,3,5,0,5,2026-07-30T17:15:05.141359
35,30,4,5,0,5,2026-07-30T17:15:06.524656
35,30,5,5,0,5,2026-07-30T17:15:06.607049
35,30,6,5,0,5,2026-07-30T17:15:05.906649
35,30,7,5,0,5,2026-07-30T17:15:06.176906
35,30,8,5,0,5,2026-07-30T17:15:06.433394
35,30,9,5,0,5,2026-07-30T17:15:06.729008
35,30,10,5,0,5,2026-07-30T17:15:06.920244
36,1,1,5,0,5,2026-07-30T17:15:07.791567
36,1,2,5,0,5,2026-07-30T17:15:07.419299
36,1,3,5,0,5,2026-07-30T17:15:07.434134
36,1,4,5,0,5,2026-07-30T17:15:07.714658
36,1,5,5,0,5,2026-07-30T17:15:08.134585
36,1,6,5,0,5,2026-07-30T17:15:07.550491
36,1,7,5,0,5,2026-07-30T17:15:08.003116
36,1,8,5,0,5,2026-07-30T17:15:08.207717
36,1,9,5,0,5,2026-07-30T17:15:08.852564
36,1,10,5,0,5,2026-07-30T17:15:08.700735
36,2,1,5,0,5,2026-07-30T17:15:08.874913
36,2,2,5,0,5,2026-07-30T17:15:09.360727
36,2,3,5,0,5,2026-07-30T17:15:09.645777
36,2,4,5,0,5,2026-07-30T17:15:09.861227
36,2,5,5,0,5,2026-07-30T17:15:09.955490
36,2,6,5,0,5,2026-07-30T17:15:09.639883
36,2,7,5,0,5,2026-07-30T17:15:09.751974
36,2,8,5,0,5,2026-07-30T17:15:09.885095
36,2,9,5,0,5,2026-07-30T17:15:09.910820
36,2,10,5,0,5,2026-07-30T17:15:10.794792
36,3,1,0,0,0,2026-07-30T17:15:10.889915
36,3,2,0,0,0,2026-07-30T17:15:10.844124
36,3,3,4,0,4,2026-07-30T17:15:10.999531
36,3,4,4,0,4,2026-07-30T17:15:10.903682
36,3,5,2,0,2,2026-07-30T17:15:11.142701
36,3,6,0,0,0,2026-07-30T17:15:11.542419
36,3,7,2,0,2,2026-07-30T17:15:11.601597
36,3,8,2,0,2,2026-07-30T17:15:12.455030
36,3,9,0,0,0,2026-07-30T17:15:12.890438
36,3,10,0,0,0,2026-07-30T17:15:11.918383
36,4,1,3,0,3,2026-07-30T17:15:12.957341
36,4,2,5,0,5,2026-07-30T17:15:12.410405
36,4,3,5,0,5,2026-07-30T17:15:12.187098
36,4,4,5,0,5,2026-07-30T17:15:12.605941
36,4,5,5,0,5,2026-07-30T17:15:13.704854
36,4,6,5,0,5,2026-07-30T17:15:13.379959
36,4,7,5,0,5,2026-07-30T17:15:14.245444
36,4,8,4,0,4,2026-07-30T17:15:13.448301
36,4,9,5,0,5,2026-07-30T17:15:14.298964
36,4,10,5,0,5,2026-07-30T17:15:14.462541
36,5,1,5,0,5,2026-07-30T17:15:14.361771
36,5,2,5,0,5,2026-07-30T17:15:14.826168
36,5,3,5,0,5,2026-07-30T17:15:15.243165
36,5,4,5,0,5,2026-07-30T17:15:14.498411
36,5,5,5,0,5,2026-07-30T17:15:14.734625
36,5,6,5,0,5,2026-07-30T17:15:16.089678
36,5,7,5,0,5,2026-07-30T17:15:16.128043
36,5,8,5,0,5,2026-07-30T17:15:15.594755
36,5,9,5,0,5,2026-07-30T17:15:15.722545
36,5,10,5,0,5,2026-07-30T17:15:16.558661
36,6,1,5,0,5,2026-07-30T17:15:15.980440
36,6,2,5,0,5,2026-07-30T17:15:16.053365
36,6,3,5,0,5,2026-07-30T17:15:16.319006
36,6,4,5,0,5,2026-07-30T17:15:16.659210
36,6,5,5,0,5,2026-07-30T17:15:17.197696
36,6,6,5,0,5,2026-07-30T17:15:17.443615
36,6,7,5,0,5,2026-07-30T17:15:17.722089
36,6,8,5,0,5,2026-07-30T17:15:17.943879
36,6,9,5,0,5,2026-07-30T17:15:17.778268
36,6,10,5,0,5,2026-07-30T17:15:17.582929
36,7,1,5,0,5,2026-07-30T17:15:17.609978
36,7,2,5,0,5,2026-07-30T17:15:17.535445
36,7,3,5,0,5,2026-07-30T17:15:18.656086
36,7,4,5,0,5,2026-07-30T17:15:19.279835
36,7,5,5,0,5,2026-07-30T17:15:19.154421
36,7,6,5,0,5,2026-07-30T17:15:19.444770
36,7,7,5,0,5,2026-07-30T17:15:18.690181
36,7,8,5,0,5,2026-07-30T17:15:19.171153
36,7,9,5,0,5,2026-07-30T17:15:19.445714
36,7,10,5,0,5,2026-07-30T17:15:18.989017
36,8,1,5,0,5,2026-07-30T17:15:19.892333
36,8,2,5,0,5,2026-07-30T17:15:19.741682
36,8,3,5,0,5,2026-07-30T17:15:21.051948
36,8,4,5,0,5,2026-07-30T17:15:20.192965
36,8,5,5,0,5,2026-07-30T17:15:20.598881
36,8,6,5,0,5,2026-07-30T17:15:20.763329
36,8,7,5,0,5,2026-07-30T17:15:20.496548
36,8,8,5,0,5,2026-07-30T17:15:20.692777
36,8,9,5,0,5,2026-07-30T17:15:20.959189
36,8,10,5,0,5,2026-07-30T17:15:21.325479
36,9,1,2,0,2,2026-07-30T17:15:21.425656
36,9,2,0,0,0,2026-07-30T17:15:22.379888
36,9,3,2,0,2,2026-07-30T17:15:22.074289
36,9,4,0,0,0,2026-07-30T17:15:21.779377
36,9,5,0,0,0,2026-07-30T17:15:22.439971
36,9,6,0,0,0,2026-07-30T17:15:22.822636
36,9,7,0,0,0,2026-07-30T17:15:22.068899
36,9,8,0,0,0,2026-07-30T17:15:22.948362
36,9,9,0,0,0,2026-07-30T17:15:22.685757
36,9,10,0,0,0,2026-07-30T17:15:23.052676
36,10,1,5,0,5,2026-07-30T17:15:23.100773
36,10,2,5,0,5,2026-07-30T17:15:23.544809
36,10,3,5,0,5,2026-07-30T17:15:23.813451
36,10,4,5,0,5,2026-07-30T17:15:24.094351
36,10,5,5,0,5,2026-07-30T17:15:24.311944
36,10,6,5,0,5,2026-07-30T17:15:24.875524
36,10,7,5,0,5,2026-07-30T17:15:24.787789
36,10,8,5,0,5,2026-07-30T17:15:24.908478
36,10,9,5,0,5,2026-07-30T17:15:24.308709
36,10,10,5,0,5,2026-07-30T17:15:24.996481
36,11,1,5,0,5,2026-07-30T17:15:25.275186
36,11,2,5,0,5,2026-07-30T17:15:25.132448
36,11,3,5,0,5,2026-07-30T17:15:25.949432
36,11,4,5,0,5,2026-07-30T17:15:25.350443
36,11,5,5,0,5,2026-07-30T17:15:26.020629
36,11,6,5,0,5,2026-07-30T17:15:26.727472
36,11,7,5,0,5,2026-07-30T17:15:26.347304
36,11,8,5,0,5,2026-07-30T17:15:26.275128
36,11,9,5,0,5,2026-07-30T17:15:26.366848
36,11,10,5,0,5,2026-07-30T17:15:27.156063
36,12,1,5,0,5,2026-07-30T17:15:26.590771
36,12,2,5,0,5,2026-07-30T17:15:27.597747
36,12,3,5,0,5,2026-07-30T17:15:27.256752
36,12,4,5,0,5,2026-07-30T17:15:27.906909
36,12,5,5,0,5,2026-07-30T17:15:28.430676
36,12,6,5,0,5,2026-07-30T17:15:27.639054
36,12,7,5,0,5,2026-07-30T17:15:28.433565
36,12,8,5,0,5,2026-07-30T17:15:27.767119
36,12,9,5,0,5,2026-07-30T17:15:28.601802
36,12,10,5,0,5,2026-07-30T17:15:28.728611
36,13,1,5,0,5,2026-07-30T17:15:28.647134
36,13,2,5,0,5,2026-07-30T17:15:29.266740
36,13,3,5,0,5,2026-07-30T17:15:28.810081
36,13,4,5,0,5,2026-07-30T17:15:28.976275
36,13,5,5,0,5,2026-07-30T17:15:30.477774
36,13,6,5,0,5,2026-07-30T17:15:29.902281
36,13,7,5,0,5,2026-07-30T17:15:30.705192
36,13,8,5,0,5,2026-07-30T17:15:30.087714
36,13,9,5,0,5,2026-07-30T17:15:30.208045
36,13,10,5,0,5,2026-07-30T17:15:29.837313
36,14,1,5,0,5,2026-07-30T17:15:30.222706
36,14,2,5,0,5,2026-07-30T17:15:31.138250
36,14,3,5,0,5,2026-07-30T17:15:31.280583
36,14,4,5,0,5,2026-07-30T17:15:31.177987
36,14,5,5,0,5,2026-07-30T17:15:31.736791
36,14,6,5,0,5,2026-07-30T17:15:31.646332
36,14,7,5,0,5,2026-07-30T17:15:31.697863
36,14,8,5,0,5,2026-07-30T17:15:31.918312
36,14,9,5,0,5,2026-07-30T17:15:31.737204
36,14,10,5,0,5,2026-07-30T17:15:32.374909
36,15,1,5,0,5,2026-07-30T17:15:32.635883
36,15,2,5,0,5,2026-07-30T17:15:33.155447
36,15,3,5,0,5,2026-07-30T17:15:33.297027
36,15,4,5,0,5,2026-07-30T17:15:33.367347
36,15,5,5,0,5,2026-07-30T17:15:33.163511
36,15,6,5,0,5,2026-07-30T17:15:33.618331
36,15,7,5,0,5,2026-07-30T17:15:33.770446
36,15,8,5,0,5,2026-07-30T17:15:33.399294
36,15,9,5,0,5,2026-07-30T17:15:34.283270
36,15,10,5,0,5,2026-07-30T17:15:34.374309
36,16,1,5,0,5,2026-07-30T17:15:36.100557
36,16,2,5,0,5,2026-07-30T17:15:35.359257
36,16,3,5,0,5,2026-07-30T17:15:34.616155
36,16,4,5,0,5,2026-07-30T17:15:35.252925
36,16,5,5,0,5,2026-07-30T17:15:36.311913
36,16,6,5,0,5,2026-07-30T17:15:36.007351
36,16,7,5,0,5,2026-07-30T17:15:36.961430
36,16,8,5,0,5,2026-07-30T17:15:36.848996
36,16,9,5,0,5,2026-07-30T17:15:36.884338
36,16,10,5,0,5,2026-07-30T17:15:37.325047
36,17,1,5,0,5,2026-07-30T17:15:37.426010
36,17,2,5,0,5,2026-07-30T17:15:37.659175
36,17,3,5,0,5,2026-07-30T17:15:37.158088
36,17,4,5,0,5,2026-07-30T17:15:37.760354
36,17,5,5,0,5,2026-07-30T17:15:38.920831
36,17,6,5,0,5,2026-07-30T17:15:38.332081
36,17,7,5,0,5,2026-07-30T17:15:38.832083
36,17,8,5,0,5,2026-07-30T17:15:39.236828
36,17,9,5,0,5,2026-07-30T17:15:39.197794
36,17,10,5,0,5,2026-07-30T17:15:38.681601
36,18,1,3,0,3,2026-07-30T17:15:39.110573
36,18,2,5,0,5,2026-07-30T17:15:39.612016
36,18,3,5,0,5,2026-07-30T17:15:39.365963
36,18,4,3,0,3,2026-07-30T17:15:40.328721
36,18,5,5,0,5,2026-07-30T17:15:40.048931
36,18,6,5,0,5,2026-07-30T17:15:40.567446
36,18,7,3,0,3,2026-07-30T17:15:40.581296
36,18,8,5,0,5,2026-07-30T17:15:40.661848
36,18,9,5,0,5,2026-07-30T17:15:40.927296
36,18,10,5,0,5,2026-07-30T17:15:41.218302
36,19,1,5,0,5,2026-07-30T17:15:41.069548
36,19,2,5,0,5,2026-07-30T17:15:41.905337
36,19,3,5,0,5,2026-07-30T17:15:42.393203
36,19,4,5,0,5,2026-07-30T17:15:42.223568
36,19,5,5,0,5,2026-07-30T17:15:41.625939
36,19,6,5,0,5,2026-07-30T17:15:42.098898
36,19,7,5,0,5,2026-07-30T17:15:42.146812
36,19,8,5,0,5,2026-07-30T17:15:42.125657
36,19,9,5,0,5,2026-07-30T17:15:42.473282
36,19,10,5,0,5,2026-07-30T17:15:42.878512
36,20,1,5,0,5,2026-07-30T17:15:43.523496
36,20,2,5,0,5,2026-07-30T17:15:43.355219
36,20,3,5,0,5,2026-07-30T17:15:43.182510
36,20,4,5,0,5,2026-07-30T17:15:43.811276
36,20,5,5,0,5,2026-07-30T17:15:43.706403
36,20,6,5,0,5,2026-07-30T17:15:44.269339
36,20,7,5,0,5,2026-07-30T17:15:43.735325
36,20,8,5,0,5,2026-07-30T17:15:44.530003
36,20,9,5,0,5,2026-07-30T17:15:44.216861
36,20,10,5,0,5,2026-07-30T17:15:45.003666
36,21,1,5,0,5,2026-07-30T17:15:44.755315
36,21,2,5,0,5,2026-07-30T17:15:45.174863
36,21,3,5,0,5,2026-07-30T17:15:45.362140
36,21,4,5,0,5,2026-07-30T17:15:45.677213
36,21,5,5,0,5,2026-07-30T17:15:46.101718
36,21,6,5,0,5,2026-07-30T17:15:46.332911
36,21,7,5,0,5,2026-07-30T17:15:46.145990
36,21,8,5,0,5,2026-07-30T17:15:45.770232
36,21,9,5,0,5,2026-07-30T17:15:47.061995
36,21,10,5,0,5,2026-07-30T17:15:46.622842
36,22,1,5,0,5,2026-07-30T17:15:46.794721
36,22,2,5,0,5,2026-07-30T17:15:47.141141
36,22,3,5,0,5,2026-07-30T17:15:47.027268
36,22,4,5,0,5,2026-07-30T17:15:47.117647
36,22,5,5,0,5,2026-07-30T17:15:47.370463
36,22,6,5,0,5,2026-07-30T17:15:47.794753
36,22,7,5,0,5,2026-07-30T17:15:47.899081
36,22,8,5,0,5,2026-07-30T17:15:47.832267
36,22,9,5,0,5,2026-07-30T17:15:48.081820
36,22,10,5,0,5,2026-07-30T17:15:48.296661
36,23,1,5,0,5,2026-07-30T17:15:48.761619
36,23,2,5,0,5,2026-07-30T17:15:48.392092
36,23,3,5,0,5,2026-07-30T17:15:48.797451
36,23,4,5,0,5,2026-07-30T17:15:49.234848
36,23,5,5,0,5,2026-07-30T17:15:49.702000
36,23,6,5,0,5,2026-07-30T17:15:49.738106
36,23,7,5,0,5,2026-07-30T17:15:49.128375
36,23,8,5,0,5,2026-07-30T17:15:50.355632
36,23,9,5,0,5,2026-07-30T17:15:49.818961
36,23,10,5,0,5,2026-07-30T17:15:50.010068
36,24,1,5,0,5,2026-07-30T17:15:49.822785
36,24,2,5,0,5,2026-07-30T17:15:50.368246
36,24,3,0,0,0,2026-07-30T17:15:50.302435
36,24,4,5,0,5,2026-07-30T17:15:51.567214
36,24,5,5,0,5,2026-07-30T17:15:50.792005
36,24,6,5,0,5,2026-07-30T17:15:50.866834
36,24,7,5,0,5,2026-07-30T17:15:51.853735
36,24,8,5,0,5,2026-07-30T17:15:51.235331
36,24,9,5,0,5,2026-07-30T17:15:51.551397
36,24,10,5,0,5,2026-07-30T17:15:52.408219
36,25,1,5,0,5,2026-07-30T17:15:51.410209
36,25,2,4,0,4,2026-07-30T17:15:52.837335
36,25,3,4,0,4,2026-07-30T17:15:52.099865
36,25,4,5,0,5,2026-07-30T17:15:52.882757
36,25,5,5,0,5,2026-07-30T17:15:52.658555
36,25,6,5,0,5,2026-07-30T17:15:53.187710
36,25,7,5,0,5,2026-07-30T17:15:53.420782
36,25,8,5,0,5,2026-07-30T17:15:53.900568
36,25,9,5,0,5,2026-07-30T17:15:53.761544
36,25,10,5,0,5,2026-07-30T17:15:53.831845
36,26,1,5,0,5,2026-07-30T17:15:54.113034
36,26,2,5,0,5,2026-07-30T17:15:54.078551
36,26,3,5,0,5,2026-07-30T17:15:54.098483
36,26,4,5,0,5,2026-07-30T17:15:54.867489
36,26,5,5,0,5,2026-07-30T17:15:54.673290
36,26,6,5,0,5,2026-07-30T17:15:55.004459
36,26,7,5,0,5,2026-07-30T17:15:55.109384
36,26,8,5,0,5,2026-07-30T17:15:55.632670
36,26,9,5,0,5,2026-07-30T17:15:55.353455
36,26,10,5,0,5,2026-07-30T17:15:55.342111
36,27,1,5,0,5,2026-07-30T17:15:55.597423
36,27,2,5,0,5,2026-07-30T17:15:55.898027
36,27,3,5,0,5,2026-07-30T17:15:56.529737
36,27,4,5,0,5,2026-07-30T17:15:56.279971
36,27,5,5,0,5,2026-07-30T17:15:56.958538
36,27,6,5,0,5,2026-07-30T17:15:57.001903
36,27,7,5,0,5,2026-07-30T17:15:57.015401
36,27,8,5,0,5,2026-07-30T17:15:57.650065
36,27,9,5,0,5,2026-07-30T17:15:57.279937
36,27,10,5,0,5,2026-07-30T17:15:57.741677
36,28,1,5,0,5,2026-07-30T17:15:57.748447
36,28,2,3,0,3,2026-07-30T17:15:57.773596
36,28,3,5,0,5,2026-07-30T17:15:57.970880
36,28,4,5,0,5,2026-07-30T17:15:58.448460
36,28,5,5,0,5,2026-07-30T17:15:58.076190
36,28,6,5,0,5,2026-07-30T17:15:58.515330
36,28,7,5,0,5,2026-07-30T17:15:59.486838
36,28,8,5,0,5,2026-07-30T17:15:58.968748
36,28,9,5,0,5,2026-07-30T17:15:59.185657
36,28,10,5,0,5,2026-07-30T17:15:58.826248
36,29,1,5,0,5,2026-07-30T17:15:59.419655
36,29,2,5,0,5,2026-07-30T17:15:59.531657
36,29,3,5,0,5,2026-07-30T17:15:59.712992
36,29,4,5,0,5,2026-07-30T17:16:00.373119
36,29,5,5,0,5,2026-07-30T17:16:00.308113
36,29,6,5,0,5,2026-07-30T17:16:00.035259
36,29,7,5,0,5,2026-07-30T17:16:01.044536
36,29,8,5,0,5,2026-07-30T17:16:01.273411
36,29,9,5,0,5,2026-07-30T17:16:01.117890
36,29,10,5,0,5,2026-07-30T17:16:00.804384
36,30,1,5,0,5,2026-07-30T17:16:00.991379
36,30,2,5,0,5,2026-07-30T17:16:02.039013
36,30,3,5,0,5,2026-07-30T17:16:01.359656
36,30,4,5,0,5,2026-07-30T17:16:01.789482
36,30,5,0,0,0,2026-07-30T17:16:02.050029
36,30,6,5,0,5,2026-07-30T17:16:02.427444
36,30,7,5,0,5,2026-07-30T17:16:02.671211
36,30,8,5,0,5,2026-07-30T17:16:02.775551
36,30,9,5,0,5,2026-07-30T17:16:02.730866
36,30,10,5,0,5,2026-07-30T17:16:02.816310
37,1,1,5,0,5,2026-07-30T17:16:03.016374
37,1,2,5,0,5,2026-07-30T17:16:03.496190
37,1,3,5,0,5,2026-07-30T17:16:03.105890
37,1,4,5,0,5,2026-07-30T17:16:04.311163
37,1,5,5,0,5,2026-07-30T17:16:03.909647
37,1,6,5,0,5,2026-07-30T17:16:04.197838
37,1,7,5,0,5,2026-07-30T17:16:03.816111
37,1,8,5,0,5,2026-07-30T17:16:04.289175
37,1,9,5,0,5,2026-07-30T17:16:04.449747
37,1,10,5,0,5,2026-07-30T17:16:04.744278
37,2,1,5,0,5,2026-07-30T17:16:05.131611
37,2,2,5,0,5,2026-07-30T17:16:04.868823
37,2,3,5,0,5,2026-07-30T17:16:05.558749
37,2,4,5,0,5,2026-07-30T17:16:06.065074
37,2,5,5,0,5,2026-07-30T17:16:05.733946
37,2,6,5,0,5,2026-07-30T17:16:05.955369
37,2,7,5,0,5,2026-07-30T17:16:05.700696
37,2,8,5,0,5,2026-07-30T17:16:05.971729
37,2,9,5,0,5,2026-07-30T17:16:06.327032
37,2,10,5,0,5,2026-07-30T17:16:06.978383
37,3,1,0,0,0,2026-07-30T17:16:07.397516
37,3,2,3,0,3,2026-07-30T17:16:06.727523
37,3,3,0,0,0,2026-07-30T17:16:07.819925
37,3,4,3,0,3,2026-07-30T17:16:07.203234
37,3,5,2,0,2,2026-07-30T17:16:07.426955
37,3,6,2,0,2,2026-07-30T17:16:07.545798
37,3,7,5,0,5,2026-07-30T17:16:07.789222
37,3,8,2,0,2,2026-07-30T17:16:08.392698
37,3,9,3,0,3,2026-07-30T17:16:08.410504
37,3,10,3,0,3,2026-07-30T17:16:08.243198
37,4,1,5,0,5,2026-07-30T17:16:09.021292
37,4,2,4,0,4,2026-07-30T17:16:08.669033
37,4,3,3,0,3,2026-07-30T17:16:09.005827
37,4,4,5,0,5,2026-07-30T17:16:08.828268
37,4,5,3,0,3,2026-07-30T17:16:08.882980
37,4,6,5,0,5,2026-07-30T17:16:09.681739
37,4,7,5,0,5,2026-07-30T17:16:10.041027
37,4,8,5,0,5,2026-07-30T17:16:09.663661
37,4,9,5,0,5,2026-07-30T17:16:10.522946
37,4,10,5,0,5,2026-07-30T17:16:10.681552
37,5,1,5,0,5,2026-07-30T17:16:10.550513
37,5,2,0,0,0,2026-07-30T17:16:10.680867
37,5,3,5,0,5,2026-07-30T17:16:10.427561
37,5,4,5,0,5,2026-07-30T17:16:10.681169
37,5,5,0,0,0,2026-07-30T17:16:11.130728
37,5,6,5,0,5,2026-07-30T17:16:11.933850
37,5,7,5,0,5,2026-07-30T17:16:12.337866
37,5,8,5,0,5,2026-07-30T17:16:11.782130
37,5,9,5,0,5,2026-07-30T17:16:12.401604
37,5,10,5,0,5,2026-07-30T17:16:12.538172
37,6,1,5,0,5,2026-07-30T17:16:12.338200
37,6,2,5,0,5,2026-07-30T17:16:12.120387
37,6,3,5,0,5,2026-07-30T17:16:12.964225
37,6,4,5,0,5,2026-07-30T17:16:13.233030
37,6,5,5,0,5,2026-07-30T17:16:13.801462
37,6,6,5,0,5,2026-07-30T17:16:13.142597
37,6,7,5,0,5,2026-07-30T17:16:13.573228
37,6,8,5,0,5,2026-07-30T17:16:14.228428
37,6,9,5,0,5,2026-07-30T17:16:14.255108
37,6,10,5,0,5,2026-07-30T17:16:14.187746
37,7,1,5,0,5,2026-07-30T17:16:14.019956
37,7,2,5,0,5,2026-07-30T17:16:14.795514
37,7,3,5,0,5,2026-07-30T17:16:15.067513
37,7,4,5,0,5,2026-07-30T17:16:15.416941
37,7,5,5,0,5,2026-07-30T17:16:15.629226
37,7,6,5,0,5,2026-07-30T17:16:15.066690
37,7,7,5,0,5,2026-07-30T17:16:15.241239
37,7,8,5,0,5,2026-07-30T17:16:15.469127
37,7,9,5,0,5,2026-07-30T17:16:15.891459
37,7,10,5,0,5,2026-07-30T17:16:16.210432
37,8,1,5,0,5,2026-07-30T17:16:16.925131
37,8,2,5,0,5,2026-07-30T17:16:16.320656
37,8,3,5,0,5,2026-07-30T17:16:16.874873
37,8,4,5,0,5,2026-07-30T17:16:17.581189
37,8,5,5,0,5,2026-07-30T17:16:16.707952
37,8,6,5,0,5,2026-07-30T17:16:16.879134
37,8,7,5,0,5,2026-07-30T17:16:17.739832
37,8,8,5,0,5,2026-07-30T17:16:18.037173
37,8,9,5,0,5,2026-07-30T17:16:17.352761
37,8,10,5,0,5,2026-07-30T17:16:18.554129
37,9,1,3,0,3,2026-07-30T17:16:18.327541
37,9,2,2,0,2,2026-07-30T17:16:18.509679
37,9,3,0,0,0,2026-07-30T17:16:18.557578
37,9,4,0,0,0,2026-07-30T17:16:18.807986
37,9,5,0,0,0,2026-07-30T17:16:19.010224
37,9,6,0,0,0,2026-07-30T17:16:19.580513
37,9,7,0,0,0,2026-07-30T17:16:19.298093
37,9,8,0,0,0,2026-07-30T17:16:19.344216
37,9,9,0,0,0,2026-07-30T17:16:19.937767
37,9,10,0,0,0,2026-07-30T17:16:20.012372
37,10,1,0,0,0,2026-07-30T17:16:20.616448
37,10,2,0,0,0,2026-07-30T17:16:20.651209
37,10,3,2,0,2,2026-07-30T17:16:20.452935
37,10,4,5,0,5,2026-07-30T17:16:20.525087
37,10,5,2,0,2,2026-07-30T17:16:20.992110
37,10,6,5,0,5,2026-07-30T17:16:21.076992
37,10,7,1,0,1,2026-07-30T17:16:21.779060
37,10,8,0,0,0,2026-07-30T17:16:21.670957
37,10,9,0,0,0,2026-07-30T17:16:21.885920
37,10,10,0,0,0,2026-07-30T17:16:22.368774
37,11,1,5,0,5,2026-07-30T17:16:22.061696
37,11,2,5,0,5,2026-07-30T17:16:21.677726
37,11,3,5,0,5,2026-07-30T17:16:22.831896
37,11,4,5,0,5,2026-07-30T17:16:22.707927
37,11,5,5,0,5,2026-07-30T17:16:22.506885
37,11,6,5,0,5,2026-07-30T17:16:22.934531
37,11,7,5,0,5,2026-07-30T17:16:23.023633
37,11,8,5,0,5,2026-07-30T17:16:23.140094
37,11,9,5,0,5,2026-07-30T17:16:23.684666
37,11,10,5,0,5,2026-07-30T17:16:24.000968
37,12,1,5,0,5,2026-07-30T17:16:24.182337
37,12,2,5,0,5,2026-07-30T17:16:24.562517
37,12,3,5,0,5,2026-07-30T17:16:24.245286
37,12,4,5,0,5,2026-07-30T17:16:24.379345
37,12,5,5,0,5,2026-07-30T17:16:24.671737
37,12,6,5,0,5,2026-07-30T17:16:24.370600
37,12,7,5,0,5,2026-07-30T17:16:24.716884
37,12,8,5,0,5,2026-07-30T17:16:25.660864
37,12,9,5,0,5,2026-07-30T17:16:25.848104
37,12,10,5,0,5,2026-07-30T17:16:26.092428
37,13,1,3,0,3,2026-07-30T17:16:25.610902
37,13,2,4,0,4,2026-07-30T17:16:26.436579
37,13,3,4,0,4,2026-07-30T17:16:25.821221
37,13,4,4,0,4,2026-07-30T17:16:26.308414
37,13,5,3,0,3,2026-07-30T17:16:26.124155
37,13,6,3,0,3,2026-07-30T17:16:26.871309
37,13,7,2,0,2,2026-07-30T17:16:27.305275
37,13,8,2,0,2,2026-07-30T17:16:26.844038
37,13,9,2,0,2,2026-07-30T17:16:27.455070
37,13,10,5,0,5,2026-07-30T17:16:27.945935
37,14,1,5,0,5,2026-07-30T17:16:27.584710
37,14,2,4,0,4,2026-07-30T17:16:27.538751
37,14,3,5,0,5,2026-07-30T17:16:27.859710
37,14,4,5,0,5,2026-07-30T17:16:27.869086
37,14,5,5,0,5,2026-07-30T17:16:27.896678
37,14,6,5,0,5,2026-07-30T17:16:29.124022
37,14,7,5,0,5,2026-07-30T17:16:28.906960
37,14,8,5,0,5,2026-07-30T17:16:29.381692
37,14,9,5,0,5,2026-07-30T17:16:28.809885
37,14,10,5,0,5,2026-07-30T17:16:29.340965
37,15,1,5,0,5,2026-07-30T17:16:29.719358
37,15,2,5,0,5,2026-07-30T17:16:29.340857
37,15,3,5,0,5,2026-07-30T17:16:30.004606
37,15,4,5,0,5,2026-07-30T17:16:30.870605
37,15,5,5,0,5,2026-07-30T17:16:30.386184
37,15,6,5,0,5,2026-07-30T17:16:30.592055
37,15,7,5,0,5,2026-07-30T17:16:30.994601
37,15,8,5,0,5,2026-07-30T17:16:30.571243
37,15,9,5,0,5,2026-07-30T17:16:31.232739
37,15,10,5,0,5,2026-07-30T17:16:31.606644
37,16,1,5,0,5,2026-07-30T17:16:31.439742
37,16,2,5,0,5,2026-07-30T17:16:32.232238
37,16,3,5,0,5,2026-07-30T17:16:32.027836
37,16,4,5,0,5,2026-07-30T17:16:32.646378
37,16,5,5,0,5,2026-07-30T17:16:32.103140
37,16,6,5,0,5,2026-07-30T17:16:32.652910
37,16,7,5,0,5,2026-07-30T17:16:32.244082
37,16,8,5,0,5,2026-07-30T17:16:32.493083
37,16,9,5,0,5,2026-07-30T17:16:33.029432
37,16,10,5,0,5,2026-07-30T17:16:33.860058
37,17,1,5,0,5,2026-07-30T17:16:33.953395
37,17,2,5,0,5,2026-07-30T17:16:33.277767
37,17,3,5,0,5,2026-07-30T17:16:33.680712
37,17,4,5,0,5,2026-07-30T17:16:34.134219
37,17,5,5,0,5,2026-07-30T17:16:34.108426
37,17,6,5,0,5,2026-07-30T17:16:34.313096
37,17,7,5,0,5,2026-07-30T17:16:35.072911
37,17,8,5,0,5,2026-07-30T17:16:34.759820
37,17,9,5,0,5,2026-07-30T17:16:34.917594
37,17,10,5,0,5,2026-07-30T17:16:35.325400
37,18,1,5,0,5,2026-07-30T17:16:34.956424
37,18,2,3,0,3,2026-07-30T17:16:35.968440
37,18,3,5,0,5,2026-07-30T17:16:35.371951
37,18,4,3,0,3,2026-07-30T17:16:35.776667
37,18,5,5,0,5,2026-07-30T17:16:36.791377
37,18,6,5,0,5,2026-07-30T17:16:35.941335
37,18,7,5,0,5,2026-07-30T17:16:36.205884
37,18,8,5,0,5,2026-07-30T17:16:36.296684
37,18,9,5,0,5,2026-07-30T17:16:36.580459
37,18,10,5,0,5,2026-07-30T17:16:37.023522
37,19,1,5,0,5,2026-07-30T17:16:37.428089
37,19,2,5,0,5,2026-07-30T17:16:37.193966
37,19,3,5,0,5,2026-07-30T17:16:37.227363
37,19,4,5,0,5,2026-07-30T17:16:37.674255
37,19,5,5,0,5,2026-07-30T17:16:37.952406
37,19,6,5,0,5,2026-07-30T17:16:38.452126
37,19,7,5,0,5,2026-07-30T17:16:38.444351
37,19,8,5,0,5,2026-07-30T17:16:38.672161
37,19,9,5,0,5,2026-07-30T17:16:39.245185
37,19,10,5,0,5,2026-07-30T17:16:38.435468
37,20,1,5,0,5,2026-07-30T17:16:39.073601
37,20,2,5,0,5,2026-07-30T17:16:39.104212
37,20,3,5,0,5,2026-07-30T17:16:39.844085
37,20,4,5,0,5,2026-07-30T17:16:40.297579
37,20,5,5,0,5,2026-07-30T17:16:39.481284
37,20,6,5,0,5,2026-07-30T17:16:39.916615
37,20,7,5,0,5,2026-07-30T17:16:39.898353
37,20,8,5,0,5,2026-07-30T17:16:41.138497
37,20,9,5,0,5,2026-07-30T17:16:40.749610
37,20,10,5,0,5,2026-07-30T17:16:41.096403
37,21,1,5,0,5,2026-07-30T17:16:41.335687
37,21,2,5,0,5,2026-07-30T17:16:41.298067
37,21,3,5,0,5,2026-07-30T17:16:41.740450
37,21,4,5,0,5,2026-07-30T17:16:41.376525
37,21,5,5,0,5,2026-07-30T17:16:41.544692
37,21,6,5,0,5,2026-07-30T17:16:42.605144
37,21,7,5,0,5,2026-07-30T17:16:42.977726
37,21,8,5,0,5,2026-07-30T17:16:42.801080
37,21,9,5,0,5,2026-07-30T17:16:43.358126
37,21,10,5,0,5,2026-07-30T17:16:42.801293
37,22,1,5,0,5,2026-07-30T17:16:42.801647
37,22,2,5,0,5,2026-07-30T17:16:43.230658
37,22,3,5,0,5,2026-07-30T17:16:43.780999
37,22,4,5,0,5,2026-07-30T17:16:44.050620
37,22,5,5,0,5,2026-07-30T17:16:43.848295
37,22,6,5,0,5,2026-07-30T17:16:44.689972
37,22,7,5,0,5,2026-07-30T17:16:44.242240
37,22,8,5,0,5,2026-07-30T17:16:44.606973
37,22,9,5,0,5,2026-07-30T17:16:45.093053
37,22,10,5,0,5,2026-07-30T17:16:44.629890
37,23,1,5,0,5,2026-07-30T17:16:45.218579
37,23,2,5,0,5,2026-07-30T17:16:45.100390
37,23,3,5,0,5,2026-07-30T17:16:45.286855
37,23,4,5,0,5,2026-07-30T17:16:48.495278
37,23,5,5,0,5,2026-07-30T17:16:46.038480
37,23,6,5,0,5,2026-07-30T17:16:46.082625
37,23,7,5,0,5,2026-07-30T17:16:48.501911
37,23,8,5,0,5,2026-07-30T17:16:48.327896
37,23,9,5,0,5,2026-07-30T17:16:48.350185
37,23,10,5,0,5,2026-07-30T17:16:48.170089
37,24,1,5,0,5,2026-07-30T17:16:47.345641
37,24,2,0,0,0,2026-07-30T17:16:47.859976
37,24,3,5,0,5,2026-07-30T17:16:47.725268
37,24,4,5,0,5,2026-07-30T17:16:50.297889
37,24,5,5,0,5,2026-07-30T17:16:50.198117
37,24,6,0,0,0,2026-07-30T17:16:50.094170
37,24,7,5,0,5,2026-07-30T17:16:50.217485
37,24,8,5,0,5,2026-07-30T17:16:50.173619
37,24,9,5,0,5,2026-07-30T17:16:50.187591
37,24,10,5,0,5,2026-07-30T17:16:50.123811
37,25,1,5,0,5,2026-07-30T17:16:49.963919
37,25,2,3,0,3,2026-07-30T17:16:51.641480
37,25,3,4,0,4,2026-07-30T17:16:51.752217
37,25,4,3,0,3,2026-07-30T17:16:51.174248
37,25,5,3,0,3,2026-07-30T17:16:51.638305
37,25,6,5,0,5,2026-07-30T17:16:51.440402
37,25,7,5,0,5,2026-07-30T17:16:51.654091
37,25,8,5,0,5,2026-07-30T17:16:51.467055
37,25,9,5,0,5,2026-07-30T17:16:51.715000
37,25,10,3,0,3,2026-07-30T17:16:53.242743
37,26,1,5,0,5,2026-07-30T17:16:52.871558
37,26,2,5,0,5,2026-07-30T17:16:53.087487
37,26,3,5,0,5,2026-07-30T17:16:52.654509
37,26,4,5,0,5,2026-07-30T17:16:52.882732
37,26,5,5,0,5,2026-07-30T17:16:53.310623
37,26,6,5,0,5,2026-07-30T17:16:53.171889
37,26,7,5,0,5,2026-07-30T17:16:53.603531
37,26,8,5,0,5,2026-07-30T17:16:54.119482
37,26,9,5,0,5,2026-07-30T17:16:54.716069
37,26,10,5,0,5,2026-07-30T17:16:53.938121
37,27,1,5,0,5,2026-07-30T17:16:54.515802
37,27,2,5,0,5,2026-07-30T17:16:54.211583
37,27,3,5,0,5,2026-07-30T17:16:54.908909
37,27,4,5,0,5,2026-07-30T17:16:54.547629
37,27,5,5,0,5,2026-07-30T17:16:55.466558
37,27,6,5,0,5,2026-07-30T17:16:55.395891
37,27,7,5,0,5,2026-07-30T17:16:55.985171
37,27,8,5,0,5,2026-07-30T17:16:55.658944
37,27,9,5,0,5,2026-07-30T17:16:56.353288
37,27,10,5,0,5,2026-07-30T17:16:55.981289
37,28,1,5,0,5,2026-07-30T17:16:56.177473
37,28,2,5,0,5,2026-07-30T17:16:56.350299
37,28,3,5,0,5,2026-07-30T17:16:56.866883
37,28,4,5,0,5,2026-07-30T17:16:57.529210
37,28,5,5,0,5,2026-07-30T17:16:57.512913
37,28,6,5,0,5,2026-07-30T17:16:57.214178
37,28,7,5,0,5,2026-07-30T17:16:57.231081
37,28,8,5,0,5,2026-07-30T17:16:57.205959
37,28,9,5,0,5,2026-07-30T17:16:57.994295
37,28,10,5,0,5,2026-07-30T17:16:57.795745
37,29,1,5,0,5,2026-07-30T17:16:58.112954
37,29,2,5,0,5,2026-07-30T17:16:58.421999
37,29,3,5,0,5,2026-07-30T17:16:58.657725
37,29,4,5,0,5,2026-07-30T17:16:59.072820
37,29,5,5,0,5,2026-07-30T17:16:59.146825
37,29,6,5,0,5,2026-07-30T17:16:59.400117
37,29,7,5,0,5,2026-07-30T17:16:58.839463
37,29,8,5,0,5,2026-07-30T17:16:59.638354
37,29,9,5,0,5,2026-07-30T17:16:59.331110
37,29,10,5,0,5,2026-07-30T17:17:00.266518
37,30,1,5,0,5,2026-07-30T17:17:00.334621
37,30,2,5,0,5,2026-07-30T17:17:00.104569
37,30,3,5,0,5,2026-07-30T17:17:00.328635
37,30,4,5,0,5,2026-07-30T17:17:01.011750
37,30,5,5,0,5,2026-07-30T17:17:01.193927
37,30,6,5,0,5,2026-07-30T17:17:00.863168
37,30,7,5,0,5,2026-07-30T17:17:01.084025
37,30,8,5,0,5,2026-07-30T17:17:01.553619
37,30,9,5,0,5,2026-07-30T17:17:01.507856
37,30,10,5,0,5,2026-07-30T17:17:02.164275
38,1,1,5,0,5,2026-07-30T17:17:01.369930
38,1,2,5,0,5,2026-07-30T17:17:02.121372
38,1,3,5,0,5,2026-07-30T17:17:01.870073
38,1,4,5,0,5,2026-07-30T17:17:02.121682
38,1,5,5,0,5,2026-07-30T17:17:03.060158
38,1,6,5,0,5,2026-07-30T17:17:02.762452
38,1,7,5,0,5,2026-07-30T17:17:03.145008
38,1,8,5,0,5,2026-07-30T17:17:02.989504
38,1,9,5,0,5,2026-07-30T17:17:03.702248
38,1,10,5,0,5,2026-07-30T17:17:03.987267
38,2,1,5,0,5,2026-07-30T17:17:03.874423
38,2,2,5,0,5,2026-07-30T17:17:04.028089
38,2,3,5,0,5,2026-07-30T17:17:03.991951
38,2,4,5,0,5,2026-07-30T17:17:04.866583
38,2,5,5,0,5,2026-07-30T17:17:04.306939
38,2,6,5,0,5,2026-07-30T17:17:04.617619
38,2,7,5,0,5,2026-07-30T17:17:05.135212
38,2,8,5,0,5,2026-07-30T17:17:05.297537
38,2,9,5,0,5,2026-07-30T17:17:05.638367
38,2,10,5,0,5,2026-07-30T17:17:05.828736
38,3,1,5,0,5,2026-07-30T17:17:05.465413
38,3,2,3,0,3,2026-07-30T17:17:05.761540
38,3,3,5,0,5,2026-07-30T17:17:06.261095
38,3,4,5,0,5,2026-07-30T17:17:05.916946
38,3,5,5,0,5,2026-07-30T17:17:06.765751
38,3,6,5,0,5,2026-07-30T17:17:06.916648
38,3,7,5,0,5,2026-07-30T17:17:07.017195
38,3,8,5,0,5,2026-07-30T17:17:06.894263
38,3,9,5,0,5,2026-07-30T17:17:07.595014
38,3,10,5,0,5,2026-07-30T17:17:07.463905
38,4,1,0,0,0,2026-07-30T17:17:07.762779
38,4,2,0,0,0,2026-07-30T17:17:07.708895
38,4,3,0,0,0,2026-07-30T17:17:08.215934
38,4,4,0,0,0,2026-07-30T17:17:08.760422
38,4,5,0,0,0,2026-07-30T17:17:08.188536
38,4,6,0,0,0,2026-07-30T17:17:08.049671
38,4,7,0,0,0,2026-07-30T17:17:08.891032
38,4,8,0,0,0,2026-07-30T17:17:08.802224
38,4,9,0,0,0,2026-07-30T17:17:08.716947
38,4,10,0,0,0,2026-07-30T17:17:09.005334
38,5,1,5,0,5,2026-07-30T17:17:09.903796
38,5,2,5,0,5,2026-07-30T17:17:10.027655
38,5,3,5,0,5,2026-07-30T17:17:10.088030
38,5,4,5,0,5,2026-07-30T17:17:10.147138
38,5,5,5,0,5,2026-07-30T17:17:10.210565
38,5,6,0,0,0,2026-07-30T17:17:10.064478
38,5,7,0,0,0,2026-07-30T17:17:10.152255
38,5,8,5,0,5,2026-07-30T17:17:10.448606
38,5,9,5,0,5,2026-07-30T17:17:11.787859
38,5,10,5,0,5,2026-07-30T17:17:11.920757
38,6,1,5,0,5,2026-07-30T17:17:11.327791
38,6,2,5,0,5,2026-07-30T17:17:11.393938
38,6,3,5,0,5,2026-07-30T17:17:11.637281
38,6,4,5,0,5,2026-07-30T17:17:12.242489
38,6,5,5,0,5,2026-07-30T17:17:11.452426
38,6,6,5,0,5,2026-07-30T17:17:11.897749
38,6,7,5,0,5,2026-07-30T17:17:12.364316
38,6,8,5,0,5,2026-07-30T17:17:13.056874
38,6,9,5,0,5,2026-07-30T17:17:12.697093
38,6,10,5,0,5,2026-07-30T17:17:13.510836
38,7,1,5,0,5,2026-07-30T17:17:13.045977
38,7,2,5,0,5,2026-07-30T17:17:13.781741
38,7,3,5,0,5,2026-07-30T17:17:13.374388
38,7,4,5,0,5,2026-07-30T17:17:13.869982
38,7,5,5,0,5,2026-07-30T17:17:14.044594
38,7,6,5,0,5,2026-07-30T17:17:13.735124
38,7,7,5,0,5,2026-07-30T17:17:14.700894
38,7,8,5,0,5,2026-07-30T17:17:14.327121
38,7,9,5,0,5,2026-07-30T17:17:14.240521
38,7,10,5,0,5,2026-07-30T17:17:15.152258
38,8,1,5,0,5,2026-07-30T17:17:15.558409
38,8,2,5,0,5,2026-07-30T17:17:15.025405
38,8,3,5,0,5,2026-07-30T17:17:15.754744
38,8,4,5,0,5,2026-07-30T17:17:15.689886
38,8,5,5,0,5,2026-07-30T17:17:15.281339
38,8,6,5,0,5,2026-07-30T17:17:15.989985
38,8,7,5,0,5,2026-07-30T17:17:15.952810
38,8,8,5,0,5,2026-07-30T17:17:16.469495
38,8,9,5,0,5,2026-07-30T17:17:16.189076
38,8,10,5,0,5,2026-07-30T17:17:16.542049
38,9,1,0,0,0,2026-07-30T17:17:17.398780
38,9,2,0,0,0,2026-07-30T17:17:17.330972
38,9,3,0,0,0,2026-07-30T17:17:17.621802
38,9,4,0,0,0,2026-07-30T17:17:17.590014
38,9,5,0,0,0,2026-07-30T17:17:17.231219
38,9,6,0,0,0,2026-07-30T17:17:17.638563
38,9,7,0,0,0,2026-07-30T17:17:17.916314
38,9,8,0,0,0,2026-07-30T17:17:17.762885
38,9,9,0,0,0,2026-07-30T17:17:18.470530
38,9,10,0,0,0,2026-07-30T17:17:18.591155
38,10,1,5,0,5,2026-07-30T17:17:19.231258
38,10,2,0,0,0,2026-07-30T17:17:19.433831
38,10,3,5,0,5,2026-07-30T17:17:19.692046
38,10,4,0,0,0,2026-07-30T17:17:19.291211
38,10,5,5,0,5,2026-07-30T17:17:19.013042
38,10,6,5,0,5,2026-07-30T17:17:19.350422
38,10,7,5,0,5,2026-07-30T17:17:20.335624
38,10,8,5,0,5,2026-07-30T17:17:19.646068
38,10,9,0,0,0,2026-07-30T17:17:20.847088
38,10,10,5,0,5,2026-07-30T17:17:21.093880
38,11,1,5,0,5,2026-07-30T17:17:20.322281
38,11,2,5,0,5,2026-07-30T17:17:20.608534
38,11,3,5,0,5,2026-07-30T17:17:21.049932
38,11,4,5,0,5,2026-07-30T17:17:21.473637
38,11,5,5,0,5,2026-07-30T17:17:21.549877
38,11,6,5,0,5,2026-07-30T17:17:21.769555
38,11,7,5,0,5,2026-07-30T17:17:21.358745
38,11,8,5,0,5,2026-07-30T17:17:22.304385
38,11,9,5,0,5,2026-07-30T17:17:22.475757
38,11,10,5,0,5,2026-07-30T17:17:22.466816
38,12,1,5,0,5,2026-07-30T17:17:22.538538
38,12,2,5,0,5,2026-07-30T17:17:22.203251
38,12,3,5,0,5,2026-07-30T17:17:22.921938
38,12,4,5,0,5,2026-07-30T17:17:23.390315
38,12,5,5,0,5,2026-07-30T17:17:23.397402
38,12,6,5,0,5,2026-07-30T17:17:23.046256
38,12,7,5,0,5,2026-07-30T17:17:24.127604
38,12,8,5,0,5,2026-07-30T17:17:24.130395
38,12,9,5,0,5,2026-07-30T17:17:24.304332
38,12,10,5,0,5,2026-07-30T17:17:23.584433
38,13,1,5,0,5,2026-07-30T17:17:24.954614
38,13,2,5,0,5,2026-07-30T17:17:24.088596
38,13,3,5,0,5,2026-07-30T17:17:25.267550
38,13,4,5,0,5,2026-07-30T17:17:24.837960
38,13,5,5,0,5,2026-07-30T17:17:24.832352
38,13,6,5,0,5,2026-07-30T17:17:25.528062
38,13,7,5,0,5,2026-07-30T17:17:25.984280
38,13,8,5,0,5,2026-07-30T17:17:25.788513
38,13,9,5,0,5,2026-07-30T17:17:25.360946
38,13,10,5,0,5,2026-07-30T17:17:26.271220
38,14,1,5,0,5,2026-07-30T17:17:26.883009
38,14,2,5,0,5,2026-07-30T17:17:26.411406
38,14,3,5,0,5,2026-07-30T17:17:26.505701
38,14,4,5,0,5,2026-07-30T17:17:27.006884
38,14,5,5,0,5,2026-07-30T17:17:27.219297
38,14,6,5,0,5,2026-07-30T17:17:27.878451
38,14,7,5,0,5,2026-07-30T17:17:27.651342
38,14,8,5,0,5,2026-07-30T17:17:28.333953
38,14,9,5,0,5,2026-07-30T17:17:28.264481
38,14,10,5,0,5,2026-07-30T17:17:28.128825
38,15,1,5,0,5,2026-07-30T17:17:28.360093
38,15,2,5,0,5,2026-07-30T17:17:28.869263
38,15,3,5,0,5,2026-07-30T17:17:28.678764
38,15,4,5,0,5,2026-07-30T17:17:29.297011
38,15,5,5,0,5,2026-07-30T17:17:28.898228
38,15,6,5,0,5,2026-07-30T17:17:29.570894
38,15,7,5,0,5,2026-07-30T17:17:29.922478
38,15,8,5,0,5,2026-07-30T17:17:30.180724
38,15,9,5,0,5,2026-07-30T17:17:30.202665
38,15,10,5,0,5,2026-07-30T17:17:30.544471
38,16,1,5,0,5,2026-07-30T17:17:30.303385
38,16,2,5,0,5,2026-07-30T17:17:29.940856
38,16,3,5,0,5,2026-07-30T17:17:31.348347
38,16,4,5,0,5,2026-07-30T17:17:31.224794
38,16,5,5,0,5,2026-07-30T17:17:31.773693
38,16,6,5,0,5,2026-07-30T17:17:30.999655
38,16,7,5,0,5,2026-07-30T17:17:31.193114
38,16,8,5,0,5,2026-07-30T17:17:31.451542
38,16,9,5,0,5,2026-07-30T17:17:32.183895
38,16,10,5,0,5,2026-07-30T17:17:32.012308
38,17,1,5,0,5,2026-07-30T17:17:32.651506
38,17,2,5,0,5,2026-07-30T17:17:32.828494
38,17,3,5,0,5,2026-07-30T17:17:33.090563
38,17,4,5,0,5,2026-07-30T17:17:32.379401
38,17,5,5,0,5,2026-07-30T17:17:33.113374
38,17,6,5,0,5,2026-07-30T17:17:32.815223
38,17,7,5,0,5,2026-07-30T17:17:33.061908
38,17,8,5,0,5,2026-07-30T17:17:33.637628
38,17,9,5,0,5,2026-07-30T17:17:33.825400
38,17,10,5,0,5,2026-07-30T17:17:33.876075
38,18,1,5,0,5,2026-07-30T17:17:34.274720
38,18,2,5,0,5,2026-07-30T17:17:34.461232
38,18,3,5,0,5,2026-07-30T17:17:35.139998
38,18,4,5,0,5,2026-07-30T17:17:34.741200
38,18,5,5,0,5,2026-07-30T17:17:34.791992
38,18,6,5,0,5,2026-07-30T17:17:35.511074
38,18,7,5,0,5,2026-07-30T17:17:35.658162
38,18,8,5,0,5,2026-07-30T17:17:35.309434
38,18,9,5,0,5,2026-07-30T17:17:35.475246
38,18,10,5,0,5,2026-07-30T17:17:35.912261
38,19,1,5,0,5,2026-07-30T17:17:36.401368
38,19,2,5,0,5,2026-07-30T17:17:36.248487
38,19,3,5,0,5,2026-07-30T17:17:36.411164
38,19,4,0,0,0,2026-07-30T17:17:36.951884
38,19,5,5,0,5,2026-07-30T17:17:36.298990
38,19,6,5,0,5,2026-07-30T17:17:37.358580
38,19,7,0,0,0,2026-07-30T17:17:36.923811
38,19,8,0,0,0,2026-07-30T17:17:37.579431
38,19,9,5,0,5,2026-07-30T17:17:37.723088
38,19,10,0,0,0,2026-07-30T17:17:37.528246
38,20,1,5,0,5,2026-07-30T17:17:38.033521
38,20,2,5,0,5,2026-07-30T17:17:38.070442
38,20,3,5,0,5,2026-07-30T17:17:38.791820
38,20,4,5,0,5,2026-07-30T17:17:38.782152
38,20,5,5,0,5,2026-07-30T17:17:38.812434
38,20,6,5,0,5,2026-07-30T17:17:38.938106
38,20,7,5,0,5,2026-07-30T17:17:38.806600
38,20,8,5,0,5,2026-07-30T17:17:39.387411
38,20,9,5,0,5,2026-07-30T17:17:39.685077
38,20,10,5,0,5,2026-07-30T17:17:39.923651
38,21,1,5,0,5,2026-07-30T17:17:40.027681
38,21,2,5,0,5,2026-07-30T17:17:39.880289
38,21,3,5,0,5,2026-07-30T17:17:40.058792
38,21,4,5,0,5,2026-07-30T17:17:40.276921
38,21,5,5,0,5,2026-07-30T17:17:40.392559
38,21,6,5,0,5,2026-07-30T17:17:40.683050
38,21,7,5,0,5,2026-07-30T17:17:41.559900
38,21,8,5,0,5,2026-07-30T17:17:41.530054
38,21,9,5,0,5,2026-07-30T17:17:41.369318
38,21,10,5,0,5,2026-07-30T17:17:41.557771
38,22,1,5,0,5,2026-07-30T17:17:41.173003
38,22,2,5,0,5,2026-07-30T17:17:41.412482
38,22,3,5,0,5,2026-07-30T17:17:41.936734
38,22,4,5,0,5,2026-07-30T17:17:42.596372
38,22,5,5,0,5,2026-07-30T17:17:42.415321
38,22,6,5,0,5,2026-07-30T17:17:43.229015
38,22,7,5,0,5,2026-07-30T17:17:43.085536
38,22,8,5,0,5,2026-07-30T17:17:42.799166
38,22,9,5,0,5,2026-07-30T17:17:43.202230
38,22,10,5,0,5,2026-07-30T17:17:42.779358
38,23,1,5,0,5,2026-07-30T17:17:43.003613
38,23,2,5,0,5,2026-07-30T17:17:44.291698
38,23,3,5,0,5,2026-07-30T17:17:44.462992
38,23,4,5,0,5,2026-07-30T17:17:44.611956
38,23,5,5,0,5,2026-07-30T17:17:44.462541
38,23,6,5,0,5,2026-07-30T17:17:44.663968
38,23,7,5,0,5,2026-07-30T17:17:44.336294
38,23,8,5,0,5,2026-07-30T17:17:44.274444
38,23,9,5,0,5,2026-07-30T17:17:45.309925
38,23,10,5,0,5,2026-07-30T17:17:45.734564
38,24,1,0,0,0,2026-07-30T17:17:45.320939
38,24,2,5,0,5,2026-07-30T17:17:46.203562
38,24,3,5,0,5,2026-07-30T17:17:46.109532
38,24,4,0,0,0,2026-07-30T17:17:46.543651
38,24,5,5,0,5,2026-07-30T17:17:45.847187
38,24,6,0,0,0,2026-07-30T17:17:46.507563
38,24,7,5,0,5,2026-07-30T17:17:46.566585
38,24,8,5,0,5,2026-07-30T17:17:46.782166
38,24,9,5,0,5,2026-07-30T17:17:47.579846
38,24,10,5,0,5,2026-07-30T17:17:47.683408
38,25,1,4,0,4,2026-07-30T17:17:47.752564
38,25,2,5,0,5,2026-07-30T17:17:47.231388
38,25,3,5,0,5,2026-07-30T17:17:48.359523
38,25,4,5,0,5,2026-07-30T17:17:48.187080
38,25,5,5,0,5,2026-07-30T17:17:47.598843
38,25,6,5,0,5,2026-07-30T17:17:48.601398
38,25,7,4,0,4,2026-07-30T17:17:48.877081
38,25,8,5,0,5,2026-07-30T17:17:48.636572
38,25,9,5,0,5,2026-07-30T17:17:48.447729
38,25,10,0,0,0,2026-07-30T17:17:48.914048
38,26,1,5,0,5,2026-07-30T17:17:49.004097
38,26,2,5,0,5,2026-07-30T17:17:49.232491
38,26,3,5,0,5,2026-07-30T17:17:50.217388
38,26,4,5,0,5,2026-07-30T17:17:50.088679
38,26,5,5,0,5,2026-07-30T17:17:49.829793
38,26,6,5,0,5,2026-07-30T17:17:49.689257
38,26,7,5,0,5,2026-07-30T17:17:50.913812
38,26,8,5,0,5,2026-07-30T17:17:50.368762
38,26,9,5,0,5,2026-07-30T17:17:50.855665
38,26,10,5,0,5,2026-07-30T17:17:51.074874
38,27,1,5,0,5,2026-07-30T17:17:50.753737
38,27,2,5,0,5,2026-07-30T17:17:51.470413
38,27,3,5,0,5,2026-07-30T17:17:51.948613
38,27,4,5,0,5,2026-07-30T17:17:51.236364
38,27,5,5,0,5,2026-07-30T17:17:52.419095
38,27,6,5,0,5,2026-07-30T17:17:51.989190
38,27,7,5,0,5,2026-07-30T17:17:52.124766
38,27,8,5,0,5,2026-07-30T17:17:52.552287
38,27,9,5,0,5,2026-07-30T17:17:52.124910
38,27,10,5,0,5,2026-07-30T17:17:53.089967
38,28,1,0,0,0,2026-07-30T17:17:52.926301
38,28,2,0,0,0,2026-07-30T17:17:53.999538
38,28,3,0,0,0,2026-07-30T17:17:54.056879
38,28,4,0,0,0,2026-07-30T17:17:53.178017
38,28,5,0,0,0,2026-07-30T17:17:53.173660
38,28,6,0,0,0,2026-07-30T17:17:54.693078
38,28,7,0,0,0,2026-07-30T17:17:54.398951
38,28,8,5,0,5,2026-07-30T17:17:54.990019
38,28,9,0,0,0,2026-07-30T17:17:54.554543
38,28,10,0,0,0,2026-07-30T17:17:54.829937
38,29,1,5,0,5,2026-07-30T17:17:54.210721
38,29,2,0,0,0,2026-07-30T17:17:55.031892
38,29,3,5,0,5,2026-07-30T17:17:55.517983
38,29,4,5,0,5,2026-07-30T17:17:56.094120
38,29,5,5,0,5,2026-07-30T17:17:55.428691
38,29,6,5,0,5,2026-07-30T17:17:55.822795
38,29,7,5,0,5,2026-07-30T17:17:56.745747
38,29,8,5,0,5,2026-07-30T17:17:56.090142
38,29,9,5,0,5,2026-07-30T17:17:56.231791
38,29,10,5,0,5,2026-07-30T17:17:56.071360
38,30,1,5,0,5,2026-07-30T17:17:57.270297
38,30,2,5,0,5,2026-07-30T17:17:56.978675
38,30,3,5,0,5,2026-07-30T17:17:57.508131
38,30,4,5,0,5,2026-07-30T17:17:57.553708
38,30,5,5,0,5,2026-07-30T17:17:57.153819
38,30,6,5,0,5,2026-07-30T17:17:57.131095
38,30,7,5,0,5,2026-07-30T17:17:57.891161
38,30,8,5,0,5,2026-07-30T17:17:57.785093
38,30,9,5,0,5,2026-07-30T17:17:58.837173
38,30,10,5,0,5,2026-07-30T17:17:58.984726
39,1,1,5,0,5,2026-07-30T17:17:58.159873
39,1,2,5,0,5,2026-07-30T17:17:58.478896
39,1,3,5,0,5,2026-07-30T17:17:58.976831
39,1,4,5,0,5,2026-07-30T17:17:59.420497
39,1,5,5,0,5,2026-07-30T17:17:59.435549
39,1,6,5,0,5,2026-07-30T17:17:59.135451
39,1,7,5,0,5,2026-07-30T17:18:00.019912
39,1,8,5,0,5,2026-07-30T17:17:59.530488
39,1,9,5,0,5,2026-07-30T17:18:00.302047
39,1,10,5,0,5,2026-07-30T17:18:00.654939
39,2,1,5,0,5,2026-07-30T17:18:00.002047
39,2,2,5,0,5,2026-07-30T17:18:00.774004
39,2,3,5,0,5,2026-07-30T17:18:00.442904
39,2,4,5,0,5,2026-07-30T17:18:00.882601
39,2,5,5,0,5,2026-07-30T17:18:00.755856
39,2,6,5,0,5,2026-07-30T17:18:01.661745
39,2,7,5,0,5,2026-07-30T17:18:01.875615
39,2,8,5,0,5,2026-07-30T17:18:01.570957
39,2,9,5,0,5,2026-07-30T17:18:01.864310
39,2,10,5,0,5,2026-07-30T17:18:01.910643
39,3,1,5,0,5,2026-07-30T17:18:01.968654
39,3,2,5,0,5,2026-07-30T17:18:02.027612
39,3,3,5,0,5,2026-07-30T17:18:02.299975
39,3,4,5,0,5,2026-07-30T17:18:03.453642
39,3,5,5,0,5,2026-07-30T17:18:03.317005
39,3,6,5,0,5,2026-07-30T17:18:02.904932
39,3,7,5,0,5,2026-07-30T17:18:03.533409
39,3,8,5,0,5,2026-07-30T17:18:03.359471
39,3,9,5,0,5,2026-07-30T17:18:03.804451
39,3,10,5,0,5,2026-07-30T17:18:03.698071
39,4,1,5,0,5,2026-07-30T17:18:03.545861
39,4,2,5,0,5,2026-07-30T17:18:04.758744
39,4,3,5,0,5,2026-07-30T17:18:04.574043
39,4,4,5,0,5,2026-07-30T17:18:05.226935
39,4,5,3,0,3,2026-07-30T17:18:04.963440
39,4,6,5,0,5,2026-07-30T17:18:04.977355
39,4,7,5,0,5,2026-07-30T17:18:05.185447
39,4,8,5,0,5,2026-07-30T17:18:05.540073
39,4,9,5,0,5,2026-07-30T17:18:05.643348
39,4,10,2,0,2,2026-07-30T17:18:06.457373
39,5,1,0,0,0,2026-07-30T17:18:06.212309
39,5,2,0,0,0,2026-07-30T17:18:06.993030
39,5,3,0,0,0,2026-07-30T17:18:06.839250
39,5,4,0,0,0,2026-07-30T17:18:07.063177
39,5,5,0,0,0,2026-07-30T17:18:06.686631
39,5,6,0,0,0,2026-07-30T17:18:07.208820
39,5,7,0,0,0,2026-07-30T17:18:06.890787
39,5,8,0,0,0,2026-07-30T17:18:08.085278
39,5,9,0,0,0,2026-07-30T17:18:07.723283
39,5,10,0,0,0,2026-07-30T17:18:07.932611
39,6,1,5,0,5,2026-07-30T17:18:07.855564
39,6,2,5,0,5,2026-07-30T17:18:08.761040
39,6,3,5,0,5,2026-07-30T17:18:08.853440
39,6,4,5,0,5,2026-07-30T17:18:08.296714
39,6,5,5,0,5,2026-07-30T17:18:08.653568
39,6,6,5,0,5,2026-07-30T17:18:09.554701
39,6,7,5,0,5,2026-07-30T17:18:09.522482
39,6,8,5,0,5,2026-07-30T17:18:09.349112
39,6,9,5,0,5,2026-07-30T17:18:09.289460
39,6,10,5,0,5,2026-07-30T17:18:09.738719
39,7,1,5,0,5,2026-07-30T17:18:10.109487
39,7,2,5,0,5,2026-07-30T17:18:10.212324
39,7,3,5,0,5,2026-07-30T17:18:09.906113
39,7,4,5,0,5,2026-07-30T17:18:10.517697
39,7,5,5,0,5,2026-07-30T17:18:10.380195
39,7,6,5,0,5,2026-07-30T17:18:11.587104
39,7,7,5,0,5,2026-07-30T17:18:10.990999
39,7,8,5,0,5,2026-07-30T17:18:11.800596
39,7,9,5,0,5,2026-07-30T17:18:11.344147
39,7,10,5,0,5,2026-07-30T17:18:11.988718
39,8,1,5,0,5,2026-07-30T17:18:12.069923
39,8,2,5,0,5,2026-07-30T17:18:12.422037
39,8,3,5,0,5,2026-07-30T17:18:12.157581
39,8,4,5,0,5,2026-07-30T17:18:12.097977
39,8,5,5,0,5,2026-07-30T17:18:13.186436
39,8,6,5,0,5,2026-07-30T17:18:12.793392
39,8,7,5,0,5,2026-07-30T17:18:13.670796
39,8,8,5,0,5,2026-07-30T17:18:13.241650
39,8,9,5,0,5,2026-07-30T17:18:13.483515
39,8,10,5,0,5,2026-07-30T17:18:12.954037
39,9,1,5,0,5,2026-07-30T17:18:13.996661
39,9,2,5,0,5,2026-07-30T17:18:14.050866
39,9,3,5,0,5,2026-07-30T17:18:13.847863
39,9,4,5,0,5,2026-07-30T17:18:14.563697
39,9,5,5,0,5,2026-07-30T17:18:14.411795
39,9,6,5,0,5,2026-07-30T17:18:15.118604
39,9,7,5,0,5,2026-07-30T17:18:15.346652
39,9,8,5,0,5,2026-07-30T17:18:14.921268
39,9,9,5,0,5,2026-07-30T17:18:14.943427
39,9,10,5,0,5,2026-07-30T17:18:15.492061
39,10,1,0,0,0,2026-07-30T17:18:15.674403
39,10,2,0,0,0,2026-07-30T17:18:15.651412
39,10,3,0,0,0,2026-07-30T17:18:15.611212
39,10,4,0,0,0,2026-07-30T17:18:16.157448
39,10,5,0,0,0,2026-07-30T17:18:16.178569
39,10,6,0,0,0,2026-07-30T17:18:15.993483
39,10,7,0,0,0,2026-07-30T17:18:16.813003
39,10,8,0,0,0,2026-07-30T17:18:16.522300
39,10,9,0,0,0,2026-07-30T17:18:16.869214
39,10,10,5,0,5,2026-07-30T17:18:16.721602
39,11,1,5,0,5,2026-07-30T17:18:17.502368
39,11,2,5,0,5,2026-07-30T17:18:17.876413
39,11,3,5,0,5,2026-07-30T17:18:18.012165
39,11,4,5,0,5,2026-07-30T17:18:18.015610
39,11,5,5,0,5,2026-07-30T17:18:17.752860
39,11,6,5,0,5,2026-07-30T17:18:18.177734
39,11,7,5,0,5,2026-07-30T17:18:18.269029
39,11,8,5,0,5,2026-07-30T17:18:18.526771
39,11,9,5,0,5,2026-07-30T17:18:18.726163
39,11,10,5,0,5,2026-07-30T17:18:19.805880
39,12,1,5,0,5,2026-07-30T17:18:19.521749
39,12,2,5,0,5,2026-07-30T17:18:19.871978
39,12,3,5,0,5,2026-07-30T17:18:19.461453
39,12,4,5,0,5,2026-07-30T17:18:19.243439
39,12,5,5,0,5,2026-07-30T17:18:19.721705
39,12,6,5,0,5,2026-07-30T17:18:19.757616
39,12,7,5,0,5,2026-07-30T17:18:19.778214
39,12,8,5,0,5,2026-07-30T17:18:20.316936
39,12,9,5,0,5,2026-07-30T17:18:20.919580
39,12,10,5,0,5,2026-07-30T17:18:20.953544
39,13,1,5,0,5,2026-07-30T17:18:20.976445
39,13,2,5,0,5,2026-07-30T17:18:20.802231
39,13,3,5,0,5,2026-07-30T17:18:21.217794
39,13,4,5,0,5,2026-07-30T17:18:21.264939
39,13,5,5,0,5,2026-07-30T17:18:21.733386
39,13,6,5,0,5,2026-07-30T17:18:21.563807
39,13,7,5,0,5,2026-07-30T17:18:22.063020
39,13,8,5,0,5,2026-07-30T17:18:22.176485
39,13,9,5,0,5,2026-07-30T17:18:22.413468
39,13,10,5,0,5,2026-07-30T17:18:22.232443
39,14,1,5,0,5,2026-07-30T17:18:22.865728
39,14,2,5,0,5,2026-07-30T17:18:22.689968
39,14,3,5,0,5,2026-07-30T17:18:22.604308
39,14,4,5,0,5,2026-07-30T17:18:23.180118
39,14,5,5,0,5,2026-07-30T17:18:23.495330
39,14,6,5,0,5,2026-07-30T17:18:23.402291
39,14,7,5,0,5,2026-07-30T17:18:23.676915
39,14,8,5,0,5,2026-07-30T17:18:23.853673
39,14,9,5,0,5,2026-07-30T17:18:30.638365
39,14,10,5,0,5,2026-07-30T17:18:30.028780
39,15,1,0,0,0,2026-07-30T17:18:30.177632
39,15,2,0,0,0,2026-07-30T17:18:30.462197
39,15,3,0,0,0,2026-07-30T17:18:30.062894
39,15,4,0,0,0,2026-07-30T17:18:30.183449
39,15,5,0,0,0,2026-07-30T17:18:30.388463
39,15,6,0,0,0,2026-07-30T17:18:29.988304
39,15,7,0,0,0,2026-07-30T17:18:32.043356
39,15,8,5,0,5,2026-07-30T17:18:31.893444
39,15,9,0,0,0,2026-07-30T17:18:32.122368
39,15,10,0,0,0,2026-07-30T17:18:31.855134
39,16,1,5,0,5,2026-07-30T17:18:31.620743
39,16,2,5,0,5,2026-07-30T17:18:32.244681
39,16,3,5,0,5,2026-07-30T17:18:32.080205
39,16,4,5,0,5,2026-07-30T17:18:31.876714
39,16,5,5,0,5,2026-07-30T17:18:33.238880
39,16,6,5,0,5,2026-07-30T17:18:33.078993
39,16,7,5,0,5,2026-07-30T17:18:33.097279
39,16,8,5,0,5,2026-07-30T17:18:33.112861
39,16,9,5,0,5,2026-07-30T17:18:33.664592
39,16,10,5,0,5,2026-07-30T17:18:33.941668
39,17,1,5,0,5,2026-07-30T17:18:33.781054
39,17,2,5,0,5,2026-07-30T17:18:33.490186
39,17,3,5,0,5,2026-07-30T17:18:34.310709
39,17,4,5,0,5,2026-07-30T17:18:34.947745
39,17,5,5,0,5,2026-07-30T17:18:34.557670
39,17,6,5,0,5,2026-07-30T17:18:35.095139
39,17,7,5,0,5,2026-07-30T17:18:34.975245
39,17,8,5,0,5,2026-07-30T17:18:35.528945
39,17,9,5,0,5,2026-07-30T17:18:35.228771
39,17,10,5,0,5,2026-07-30T17:18:35.807447
39,18,1,5,0,5,2026-07-30T17:18:36.175159
39,18,2,5,0,5,2026-07-30T17:18:35.603234
39,18,3,5,0,5,2026-07-30T17:18:36.587905
39,18,4,5,0,5,2026-07-30T17:18:36.608563
39,18,5,5,0,5,2026-07-30T17:18:36.744720
39,18,6,5,0,5,2026-07-30T17:18:37.327540
39,18,7,5,0,5,2026-07-30T17:18:36.739673
39,18,8,5,0,5,2026-07-30T17:18:37.269278
39,18,9,5,0,5,2026-07-30T17:18:37.034683
39,18,10,5,0,5,2026-07-30T17:18:38.046120
39,19,1,5,0,5,2026-07-30T17:18:38.440155
39,19,2,5,0,5,2026-07-30T17:18:37.835740
39,19,3,5,0,5,2026-07-30T17:18:38.200885
39,19,4,5,0,5,2026-07-30T17:18:38.597420
39,19,5,5,0,5,2026-07-30T17:18:38.705899
39,19,6,5,0,5,2026-07-30T17:18:38.343508
39,19,7,5,0,5,2026-07-30T17:18:38.809799
39,19,8,5,0,5,2026-07-30T17:18:38.865002
39,19,9,5,0,5,2026-07-30T17:18:39.893423
39,19,10,5,0,5,2026-07-30T17:18:39.211152
39,20,1,5,0,5,2026-07-30T17:18:39.583590
39,20,2,5,0,5,2026-07-30T17:18:40.283224
39,20,3,5,0,5,2026-07-30T17:18:40.044069
39,20,4,5,0,5,2026-07-30T17:18:39.963140
39,20,5,5,0,5,2026-07-30T17:18:40.665157
39,20,6,5,0,5,2026-07-30T17:18:40.295169
39,20,7,5,0,5,2026-07-30T17:18:40.262170
39,20,8,5,0,5,2026-07-30T17:18:41.432328
39,20,9,5,0,5,2026-07-30T17:18:40.948734
39,20,10,5,0,5,2026-07-30T17:18:41.586810
39,21,1,5,0,5,2026-07-30T17:18:41.683548
39,21,2,5,0,5,2026-07-30T17:18:42.133381
39,21,3,5,0,5,2026-07-30T17:18:41.534111
39,21,4,5,0,5,2026-07-30T17:18:41.957336
39,21,5,5,0,5,2026-07-30T17:18:41.725412
39,21,6,5,0,5,2026-07-30T17:18:42.403315
39,21,7,5,0,5,2026-07-30T17:18:42.670797
39,21,8,5,0,5,2026-07-30T17:18:43.589603
39,21,9,5,0,5,2026-07-30T17:18:43.025524
39,21,10,5,0,5,2026-07-30T17:18:43.554624
39,22,1,5,0,5,2026-07-30T17:18:43.189078
39,22,2,5,0,5,2026-07-30T17:18:43.608016
39,22,3,5,0,5,2026-07-30T17:18:44.164332
39,22,4,5,0,5,2026-07-30T17:18:43.850233
39,22,5,5,0,5,2026-07-30T17:18:44.508330
39,22,6,5,0,5,2026-07-30T17:18:44.267344
39,22,7,5,0,5,2026-07-30T17:18:44.859547
39,22,8,5,0,5,2026-07-30T17:18:45.400951
39,22,9,5,0,5,2026-07-30T17:18:44.823846
39,22,10,5,0,5,2026-07-30T17:18:45.650920
39,23,1,5,0,5,2026-07-30T17:18:45.500194
39,23,2,5,0,5,2026-07-30T17:18:45.184792
39,23,3,5,0,5,2026-07-30T17:18:45.527271
39,23,4,5,0,5,2026-07-30T17:18:45.971553
39,23,5,5,0,5,2026-07-30T17:18:46.255664
39,23,6,5,0,5,2026-07-30T17:18:46.104365
39,23,7,5,0,5,2026-07-30T17:18:46.429465
39,23,8,5,0,5,2026-07-30T17:18:46.814624
39,23,9,5,0,5,2026-07-30T17:18:46.747139
39,23,10,5,0,5,2026-07-30T17:18:47.172673
39,24,1,5,0,5,2026-07-30T17:18:46.493092
39,24,2,5,0,5,2026-07-30T17:18:48.035840
39,24,3,5,0,5,2026-07-30T17:18:47.573597
39,24,4,5,0,5,2026-07-30T17:18:48.110367
39,24,5,5,0,5,2026-07-30T17:18:47.642078
39,24,6,5,0,5,2026-07-30T17:18:48.335890
39,24,7,5,0,5,2026-07-30T17:18:48.602668
39,24,8,5,0,5,2026-07-30T17:18:48.635710
39,24,9,5,0,5,2026-07-30T17:18:49.026041
39,24,10,5,0,5,2026-07-30T17:18:49.430764
39,25,1,5,0,5,2026-07-30T17:18:49.264673
39,25,2,0,0,0,2026-07-30T17:18:49.492504
39,25,3,0,0,0,2026-07-30T17:18:49.336277
39,25,4,0,0,0,2026-07-30T17:18:49.780323
39,25,5,0,0,0,2026-07-30T17:18:50.439508
39,25,6,0,0,0,2026-07-30T17:18:50.262967
39,25,7,5,0,5,2026-07-30T17:18:50.883221
39,25,8,5,0,5,2026-07-30T17:18:50.721799
39,25,9,0,0,0,2026-07-30T17:18:51.200525
39,25,10,5,0,5,2026-07-30T17:18:51.512943
39,26,1,0,0,0,2026-07-30T17:18:50.721292
39,26,2,0,0,0,2026-07-30T17:18:51.631442
39,26,3,0,0,0,2026-07-30T17:18:51.914805
39,26,4,0,0,0,2026-07-30T17:18:52.074503
39,26,5,0,0,0,2026-07-30T17:18:52.391302
39,26,6,0,0,0,2026-07-30T17:18:52.378452
39,26,7,5,0,5,2026-07-30T17:18:52.144398
39,26,8,0,0,0,2026-07-30T17:18:52.648654
39,26,9,0,0,0,2026-07-30T17:18:52.944698
39,26,10,0,0,0,2026-07-30T17:18:53.453100
39,27,1,5,0,5,2026-07-30T17:18:53.956480
39,27,2,5,0,5,2026-07-30T17:18:53.510596
39,27,3,5,0,5,2026-07-30T17:18:53.174343
39,27,4,5,0,5,2026-07-30T17:18:53.613315
39,27,5,5,0,5,2026-07-30T17:18:54.210526
39,27,6,5,0,5,2026-07-30T17:18:53.883262
39,27,7,5,0,5,2026-07-30T17:18:54.806722
39,27,8,5,0,5,2026-07-30T17:18:55.029868
39,27,9,5,0,5,2026-07-30T17:18:54.898602
39,27,10,5,0,5,2026-07-30T17:18:55.144133
39,28,1,5,0,5,2026-07-30T17:18:55.053233
39,28,2,5,0,5,2026-07-30T17:18:55.743407
39,28,3,5,0,5,2026-07-30T17:18:55.397317
39,28,4,5,0,5,2026-07-30T17:18:55.424103
39,28,5,5,0,5,2026-07-30T17:18:56.057854
39,28,6,5,0,5,2026-07-30T17:18:56.336716
39,28,7,5,0,5,2026-07-30T17:18:56.691007
39,28,8,5,0,5,2026-07-30T17:18:56.317337
39,28,9,5,0,5,2026-07-30T17:18:56.974121
39,28,10,5,0,5,2026-07-30T17:18:56.835663
39,29,1,5,0,5,2026-07-30T17:18:57.064791
39,29,2,5,0,5,2026-07-30T17:18:57.367049
39,29,3,5,0,5,2026-07-30T17:18:57.512627
39,29,4,5,0,5,2026-07-30T17:18:57.550628
39,29,5,5,0,5,2026-07-30T17:18:57.780631
39,29,6,5,0,5,2026-07-30T17:18:57.724842
39,29,7,5,0,5,2026-07-30T17:18:58.697697
39,29,8,5,0,5,2026-07-30T17:18:59.017949
39,29,9,5,0,5,2026-07-30T17:18:58.902054
39,29,10,5,0,5,2026-07-30T17:18:59.013760
39,30,1,5,0,5,2026-07-30T17:18:58.927150
39,30,2,5,0,5,2026-07-30T17:18:58.809707
39,30,3,3,0,3,2026-07-30T17:18:59.386633
39,30,4,5,0,5,2026-07-30T17:18:59.017102
39,30,5,5,0,5,2026-07-30T17:19:00.504639
39,30,6,5,0,5,2026-07-30T17:19:00.659067
39,30,7,5,0,5,2026-07-30T17:19:00.355202
39,30,8,5,0,5,2026-07-30T17:18:59.960203
39,30,9,5,0,5,2026-07-30T17:19:00.216442
39,30,10,5,0,5,2026-07-30T17:19:00.643555
40,1,1,2,0,2,2026-07-30T17:19:00.271866
40,1,2,3,0,3,2026-07-30T17:19:01.040510
40,1,3,2,0,2,2026-07-30T17:19:01.003124
40,1,4,4,0,4,2026-07-30T17:19:02.066789
40,1,5,2,0,2,2026-07-30T17:19:01.528879
40,1,6,2,0,2,2026-07-30T17:19:02.022623
40,1,7,2,0,2,2026-07-30T17:19:02.345631
40,1,8,4,0,4,2026-07-30T17:19:01.903531
40,1,9,2,0,2,2026-07-30T17:19:01.915698
40,1,10,4,0,4,2026-07-30T17:19:02.659929
40,2,1,5,0,5,2026-07-30T17:19:02.059141
40,2,2,5,0,5,2026-07-30T17:19:02.758189
40,2,3,5,0,5,2026-07-30T17:19:03.746255
40,2,4,5,0,5,2026-07-30T17:19:03.546084
40,2,5,5,0,5,2026-07-30T17:19:03.662916
40,2,6,5,0,5,2026-07-30T17:19:03.302860
40,2,7,5,0,5,2026-07-30T17:19:03.703501
40,2,8,5,0,5,2026-07-30T17:19:03.784597
40,2,9,5,0,5,2026-07-30T17:19:04.111842
40,2,10,5,0,5,2026-07-30T17:19:04.007361
40,3,1,0,0,0,2026-07-30T17:19:04.543533
40,3,2,0,0,0,2026-07-30T17:19:04.781869
40,3,3,0,0,0,2026-07-30T17:19:04.924810
40,3,4,0,0,0,2026-07-30T17:19:04.948199
40,3,5,0,0,0,2026-07-30T17:19:05.196932
40,3,6,0,0,0,2026-07-30T17:19:05.443593
40,3,7,2,0,2,2026-07-30T17:19:05.045411
40,3,8,0,0,0,2026-07-30T17:19:05.362905
40,3,9,0,0,0,2026-07-30T17:19:05.940129
40,3,10,0,0,0,2026-07-30T17:19:06.637882
40,4,1,0,0,0,2026-07-30T17:19:05.981784
40,4,2,0,0,0,2026-07-30T17:19:05.793085
40,4,3,0,0,0,2026-07-30T17:19:06.488973
40,4,4,0,0,0,2026-07-30T17:19:06.424823
40,4,5,0,0,0,2026-07-30T17:19:07.223565
40,4,6,0,0,0,2026-07-30T17:19:07.481000
40,4,7,0,0,0,2026-07-30T17:19:07.027385
40,4,8,0,0,0,2026-07-30T17:19:07.171188
40,4,9,0,0,0,2026-07-30T17:19:07.870653
40,4,10,0,0,0,2026-07-30T17:19:07.657287
40,5,1,0,0,0,2026-07-30T17:19:08.332272
40,5,2,0,0,0,2026-07-30T17:19:07.870498
40,5,3,0,0,0,2026-07-30T17:19:08.847577
40,5,4,0,0,0,2026-07-30T17:19:09.028931
40,5,5,0,0,0,2026-07-30T17:19:09.070028
40,5,6,0,0,0,2026-07-30T17:19:08.917282
40,5,7,0,0,0,2026-07-30T17:19:08.696879
40,5,8,0,0,0,2026-07-30T17:19:08.894521
40,5,9,0,0,0,2026-07-30T17:19:08.945640
40,5,10,0,0,0,2026-07-30T17:19:09.406527
40,6,1,5,0,5,2026-07-30T17:19:10.758650
40,6,2,5,0,5,2026-07-30T17:19:09.927590
40,6,3,2,0,2,2026-07-30T17:19:10.184001
40,6,4,3,0,3,2026-07-30T17:19:10.170998
40,6,5,5,0,5,2026-07-30T17:19:10.190863
40,6,6,3,0,3,2026-07-30T17:19:10.256548
40,6,7,3,0,3,2026-07-30T17:19:10.790010
40,6,8,5,0,5,2026-07-30T17:19:10.458574
40,6,9,5,0,5,2026-07-30T17:19:11.580703
40,6,10,2,0,2,2026-07-30T17:19:11.199282
40,7,1,5,0,5,2026-07-30T17:19:11.831374
40,7,2,5,0,5,2026-07-30T17:19:11.831773
40,7,3,5,0,5,2026-07-30T17:19:11.692937
40,7,4,5,0,5,2026-07-30T17:19:12.180602
40,7,5,5,0,5,2026-07-30T17:19:12.033562
40,7,6,5,0,5,2026-07-30T17:19:12.649295
40,7,7,5,0,5,2026-07-30T17:19:12.445501
40,7,8,5,0,5,2026-07-30T17:19:13.250933
40,7,9,4,0,4,2026-07-30T17:19:12.560711
40,7,10,5,0,5,2026-07-30T17:19:13.077984
40,8,1,0,0,0,2026-07-30T17:19:12.890249
40,8,2,0,0,0,2026-07-30T17:19:13.506887
40,8,3,0,0,0,2026-07-30T17:19:13.690275
40,8,4,0,0,0,2026-07-30T17:19:13.710995
40,8,5,0,0,0,2026-07-30T17:19:13.621459
40,8,6,0,0,0,2026-07-30T17:19:14.287544
40,8,7,0,0,0,2026-07-30T17:19:14.559022
40,8,8,2,0,2,2026-07-30T17:19:14.104416
40,8,9,0,0,0,2026-07-30T17:19:14.496363
40,8,10,0,0,0,2026-07-30T17:19:14.554948
40,9,1,0,0,0,2026-07-30T17:19:15.275447
40,9,2,0,0,0,2026-07-30T17:19:15.373021
40,9,3,0,0,0,2026-07-30T17:19:15.119414
40,9,4,0,0,0,2026-07-30T17:19:15.733000
40,9,5,0,0,0,2026-07-30T17:19:15.953196
40,9,6,0,0,0,2026-07-30T17:19:16.342825
40,9,7,0,0,0,2026-07-30T17:19:15.782981
40,9,8,0,0,0,2026-07-30T17:19:15.810046
40,9,9,0,0,0,2026-07-30T17:19:16.766597
40,9,10,0,0,0,2026-07-30T17:19:16.356369
40,10,1,0,0,0,2026-07-30T17:19:17.216047
40,10,2,0,0,0,2026-07-30T17:19:16.756542
40,10,3,0,0,0,2026-07-30T17:19:17.033516
40,10,4,0,0,0,2026-07-30T17:19:17.477406
40,10,5,0,0,0,2026-07-30T17:19:17.599136
40,10,6,0,0,0,2026-07-30T17:19:17.392091
40,10,7,0,0,0,2026-07-30T17:19:17.997360
40,10,8,0,0,0,2026-07-30T17:19:18.787999
40,10,9,0,0,0,2026-07-30T17:19:17.771553
40,10,10,0,0,0,2026-07-30T17:19:18.478982
40,11,1,4,0,4,2026-07-30T17:19:18.468960
40,11,2,2,0,2,2026-07-30T17:19:18.849496
40,11,3,2,0,2,2026-07-30T17:19:19.294562
40,11,4,5,0,5,2026-07-30T17:19:19.004757
40,11,5,2,0,2,2026-07-30T17:19:19.618510
40,11,6,3,0,3,2026-07-30T17:19:19.218018
40,11,7,5,0,5,2026-07-30T17:19:20.128876
40,11,8,3,0,3,2026-07-30T17:19:20.329205
40,11,9,3,0,3,2026-07-30T17:19:20.651795
40,11,10,4,0,4,2026-07-30T17:19:20.294779
40,12,1,5,0,5,2026-07-30T17:19:20.037158
40,12,2,5,0,5,2026-07-30T17:19:20.236600
40,12,3,5,0,5,2026-07-30T17:19:21.325771
40,12,4,5,0,5,2026-07-30T17:19:20.851018
40,12,5,5,0,5,2026-07-30T17:19:21.859180
40,12,6,5,0,5,2026-07-30T17:19:21.986415
40,12,7,5,0,5,2026-07-30T17:19:22.060329
40,12,8,5,0,5,2026-07-30T17:19:22.139321
40,12,9,5,0,5,2026-07-30T17:19:21.578825
40,12,10,5,0,5,2026-07-30T17:19:22.283781
40,13,1,0,0,0,2026-07-30T17:19:21.900762
40,13,2,0,0,0,2026-07-30T17:19:22.573532
40,13,3,0,0,0,2026-07-30T17:19:22.858599
40,13,4,0,0,0,2026-07-30T17:19:23.298846
40,13,5,0,0,0,2026-07-30T17:19:22.936682
40,13,6,0,0,0,2026-07-30T17:19:23.019891
40,13,7,0,0,0,2026-07-30T17:19:23.303887
40,13,8,0,0,0,2026-07-30T17:19:23.607099
40,13,9,0,0,0,2026-07-30T17:19:24.097946
40,13,10,0,0,0,2026-07-30T17:19:24.422542
40,14,1,3,0,3,2026-07-30T17:19:24.723896
40,14,2,3,0,3,2026-07-30T17:19:24.829671
40,14,3,2,0,2,2026-07-30T17:19:24.476983
40,14,4,3,0,3,2026-07-30T17:19:24.944134
40,14,5,3,0,3,2026-07-30T17:19:25.169003
40,14,6,3,0,3,2026-07-30T17:19:25.627189
40,14,7,2,0,2,2026-07-30T17:19:25.962666
40,14,8,5,0,5,2026-07-30T17:19:25.850441
40,14,9,2,0,2,2026-07-30T17:19:26.133344
40,14,10,4,0,4,2026-07-30T17:19:26.344826
40,15,1,0,0,0,2026-07-30T17:19:26.232558
40,15,2,0,0,0,2026-07-30T17:19:26.798502
40,15,3,0,0,0,2026-07-30T17:19:26.385846
40,15,4,0,0,0,2026-07-30T17:19:26.868361
40,15,5,0,0,0,2026-07-30T17:19:27.678388
40,15,6,0,0,0,2026-07-30T17:19:27.019740
40,15,7,0,0,0,2026-07-30T17:19:27.790982
40,15,8,0,0,0,2026-07-30T17:19:27.887622
40,15,9,0,0,0,2026-07-30T17:19:27.382497
40,15,10,0,0,0,2026-07-30T17:19:28.260076
40,16,1,4,0,4,2026-07-30T17:19:28.686086
40,16,2,5,0,5,2026-07-30T17:19:28.730711
40,16,3,5,0,5,2026-07-30T17:19:28.489917
40,16,4,3,0,3,2026-07-30T17:19:29.017667
40,16,5,4,0,4,2026-07-30T17:19:29.108977
40,16,6,5,0,5,2026-07-30T17:19:29.417154
40,16,7,5,0,5,2026-07-30T17:19:29.551973
40,16,8,3,0,3,2026-07-30T17:19:29.517270
40,16,9,5,0,5,2026-07-30T17:19:30.146782
40,16,10,5,0,5,2026-07-30T17:19:29.935257
40,17,1,5,0,5,2026-07-30T17:19:30.179128
40,17,2,5,0,5,2026-07-30T17:19:30.278287
40,17,3,5,0,5,2026-07-30T17:19:30.527695
40,17,4,5,0,5,2026-07-30T17:19:30.716332
40,17,5,5,0,5,2026-07-30T17:19:30.791648
40,17,6,5,0,5,2026-07-30T17:19:31.213624
40,17,7,5,0,5,2026-07-30T17:19:31.985330
40,17,8,5,0,5,2026-07-30T17:19:31.758886
40,17,9,5,0,5,2026-07-30T17:19:32.226809
40,17,10,5,0,5,2026-07-30T17:19:32.134062
40,18,1,3,0,3,2026-07-30T17:19:31.771424
40,18,2,3,0,3,2026-07-30T17:19:32.349567
40,18,3,2,0,2,2026-07-30T17:19:32.319087
40,18,4,3,0,3,2026-07-30T17:19:32.417423
40,18,5,2,0,2,2026-07-30T17:19:32.784924
40,18,6,3,0,3,2026-07-30T17:19:33.008008
40,18,7,2,0,2,2026-07-30T17:19:33.427427
40,18,8,3,0,3,2026-07-30T17:19:33.964664
40,18,9,4,0,4,2026-07-30T17:19:33.892967
40,18,10,3,0,3,2026-07-30T17:19:33.750480
40,19,1,0,0,0,2026-07-30T17:19:33.393191
40,19,2,2,0,2,2026-07-30T17:19:34.059280
40,19,3,2,0,2,2026-07-30T17:19:34.436630
40,19,4,3,0,3,2026-07-30T17:19:34.653277
40,19,5,3,0,3,2026-07-30T17:19:35.448317
40,19,6,2,0,2,2026-07-30T17:19:35.474215
40,19,7,2,0,2,2026-07-30T17:19:34.588854
40,19,8,2,0,2,2026-07-30T17:19:35.315709
40,19,9,3,0,3,2026-07-30T17:19:35.620867
40,19,10,3,0,3,2026-07-30T17:19:35.090228
40,20,1,5,0,5,2026-07-30T17:19:36.261184
40,20,2,5,0,5,2026-07-30T17:19:36.000619
40,20,3,5,0,5,2026-07-30T17:19:36.282311
40,20,4,4,0,4,2026-07-30T17:19:36.535054
40,20,5,5,0,5,2026-07-30T17:19:36.961464
40,20,6,5,0,5,2026-07-30T17:19:37.276767
40,20,7,5,0,5,2026-07-30T17:19:37.534206
40,20,8,5,0,5,2026-07-30T17:19:37.667935
40,20,9,5,0,5,2026-07-30T17:19:37.644014
40,20,10,5,0,5,2026-07-30T17:19:37.737569
40,21,1,5,0,5,2026-07-30T17:19:38.323660
40,21,2,5,0,5,2026-07-30T17:19:37.764573
40,21,3,5,0,5,2026-07-30T17:19:37.999427
40,21,4,5,0,5,2026-07-30T17:19:38.959871
40,21,5,5,0,5,2026-07-30T17:19:38.552956
40,21,6,5,0,5,2026-07-30T17:19:39.081191
40,21,7,5,0,5,2026-07-30T17:19:39.718696
40,21,8,5,0,5,2026-07-30T17:19:39.408909
40,21,9,5,0,5,2026-07-30T17:19:38.802903
40,21,10,5,0,5,2026-07-30T17:19:39.044910
40,22,1,5,0,5,2026-07-30T17:19:39.585138
40,22,2,5,0,5,2026-07-30T17:19:40.185770
40,22,3,5,0,5,2026-07-30T17:19:39.836839
40,22,4,5,0,5,2026-07-30T17:19:40.392385
40,22,5,5,0,5,2026-07-30T17:19:40.307805
40,22,6,5,0,5,2026-07-30T17:19:40.531213
40,22,7,5,0,5,2026-07-30T17:19:40.659583
40,22,8,5,0,5,2026-07-30T17:19:41.449077
40,22,9,5,0,5,2026-07-30T17:19:41.153726
40,22,10,5,0,5,2026-07-30T17:19:41.282149
40,23,1,5,0,5,2026-07-30T17:19:41.428586
40,23,2,3,0,3,2026-07-30T17:19:41.559286
40,23,3,5,0,5,2026-07-30T17:19:42.287260
40,23,4,3,0,3,2026-07-30T17:19:41.768057
40,23,5,3,0,3,2026-07-30T17:19:42.304422
40,23,6,4,0,4,2026-07-30T17:19:42.817194
40,23,7,5,0,5,2026-07-30T17:19:43.111909
40,23,8,3,0,3,2026-07-30T17:19:43.279130
40,23,9,4,0,4,2026-07-30T17:19:42.908455
40,23,10,3,0,3,2026-07-30T17:19:42.609855
40,24,1,5,0,5,2026-07-30T17:19:43.219716
40,24,2,0,0,0,2026-07-30T17:19:43.560303
40,24,3,0,0,0,2026-07-30T17:19:43.921360
40,24,4,0,0,0,2026-07-30T17:19:44.082631
40,24,5,0,0,0,2026-07-30T17:19:43.849770
40,24,6,0,0,0,2026-07-30T17:19:44.164757
40,24,7,0,0,0,2026-07-30T17:19:44.153808
40,24,8,0,0,0,2026-07-30T17:19:44.494550
40,24,9,5,0,5,2026-07-30T17:19:44.937336
40,24,10,5,0,5,2026-07-30T17:19:44.628268
40,25,1,0,0,0,2026-07-30T17:19:45.516873
40,25,2,0,0,0,2026-07-30T17:19:44.947960
40,25,3,0,0,0,2026-07-30T17:19:46.105722
40,25,4,0,0,0,2026-07-30T17:19:45.626689
40,25,5,0,0,0,2026-07-30T17:19:46.201444
40,25,6,0,0,0,2026-07-30T17:19:45.940489
40,25,7,0,0,0,2026-07-30T17:19:46.461856
40,25,8,0,0,0,2026-07-30T17:19:46.975842
40,25,9,0,0,0,2026-07-30T17:19:46.409663
40,25,10,0,0,0,2026-07-30T17:19:47.152502
40,26,1,5,0,5,2026-07-30T17:19:46.874523
40,26,2,5,0,5,2026-07-30T17:19:47.593564
40,26,3,5,0,5,2026-07-30T17:19:47.967057
40,26,4,5,0,5,2026-07-30T17:19:47.841395
40,26,5,5,0,5,2026-07-30T17:19:47.856525
40,26,6,5,0,5,2026-07-30T17:19:48.336004
40,26,7,5,0,5,2026-07-30T17:19:48.301633
40,26,8,5,0,5,2026-07-30T17:19:48.839251
40,26,9,5,0,5,2026-07-30T17:19:48.810704
40,26,10,5,0,5,2026-07-30T17:19:49.240482
40,27,1,5,0,5,2026-07-30T17:19:49.296441
40,27,2,5,0,5,2026-07-30T17:19:49.513846
40,27,3,5,0,5,2026-07-30T17:19:49.838468
40,27,4,5,0,5,2026-07-30T17:19:49.555523
40,27,5,5,0,5,2026-07-30T17:19:49.568275
40,27,6,5,0,5,2026-07-30T17:19:50.067449
40,27,7,5,0,5,2026-07-30T17:19:50.061379
40,27,8,5,0,5,2026-07-30T17:19:50.273686
40,27,9,5,0,5,2026-07-30T17:19:51.165483
40,27,10,5,0,5,2026-07-30T17:19:50.760909
40,28,1,3,0,3,2026-07-30T17:19:50.814113
40,28,2,3,0,3,2026-07-30T17:19:51.643942
40,28,3,3,0,3,2026-07-30T17:19:51.087931
40,28,4,3,0,3,2026-07-30T17:19:51.092731
40,28,5,3,0,3,2026-07-30T17:19:51.287619
40,28,6,3,0,3,2026-07-30T17:19:52.324131
40,28,7,3,0,3,2026-07-30T17:19:52.408390
40,28,8,3,0,3,2026-07-30T17:19:51.883353
40,28,9,3,0,3,2026-07-30T17:19:52.521713
40,28,10,3,0,3,2026-07-30T17:19:52.744338
40,29,1,5,0,5,2026-07-30T17:19:52.640865
40,29,2,5,0,5,2026-07-30T17:19:52.337277
40,29,3,5,0,5,2026-07-30T17:19:52.895886
40,29,4,5,0,5,2026-07-30T17:19:53.524032
40,29,5,5,0,5,2026-07-30T17:19:54.163655
40,29,6,5,0,5,2026-07-30T17:19:53.405281
40,29,7,5,0,5,2026-07-30T17:19:53.646062
40,29,8,5,0,5,2026-07-30T17:19:53.788306
40,29,9,5,0,5,2026-07-30T17:19:53.671468
40,29,10,5,0,5,2026-07-30T17:19:53.788343
40,30,1,3,0,3,2026-07-30T17:19:53.942411
40,30,2,0,0,0,2026-07-30T17:19:54.859621
40,30,3,3,0,3,2026-07-30T17:19:55.363762
40,30,4,3,0,3,2026-07-30T17:19:55.510423
40,30,5,3,0,3,2026-07-30T17:19:55.308111
40,30,6,0,0,0,2026-07-30T17:19:55.857100
40,30,7,3,0,3,2026-07-30T17:19:55.804885
40,30,8,3,0,3,2026-07-30T17:19:55.582264
40,30,9,3,0,3,2026-07-30T17:19:55.821570
40,30,10,3,0,3,2026-07-30T17:19:56.296290
41,1,1,5,0,5,2026-07-30T17:19:56.978679
41,1,2,5,0,5,2026-07-30T17:19:57.405523
41,1,3,5,0,5,2026-07-30T17:19:57.194233
41,1,4,5,0,5,2026-07-30T17:19:57.250810
41,1,5,5,0,5,2026-07-30T17:19:57.644985
41,1,6,5,0,5,2026-07-30T17:19:57.270645
41,1,7,5,0,5,2026-07-30T17:19:57.525263
41,1,8,5,0,5,2026-07-30T17:19:57.518132
41,1,9,5,0,5,2026-07-30T17:19:58.651725
41,1,10,5,0,5,2026-07-30T17:19:58.867714
41,2,1,5,0,5,2026-07-30T17:19:59.064209
41,2,2,5,0,5,2026-07-30T17:19:59.118981
41,2,3,5,0,5,2026-07-30T17:19:59.250908
41,2,4,5,0,5,2026-07-30T17:19:58.562798
41,2,5,5,0,5,2026-07-30T17:19:58.788708
41,2,6,5,0,5,2026-07-30T17:19:59.081317
41,2,7,5,0,5,2026-07-30T17:19:59.815415
41,2,8,5,0,5,2026-07-30T17:20:00.511960
41,2,9,5,0,5,2026-07-30T17:20:00.052691
41,2,10,5,0,5,2026-07-30T17:20:00.551768
41,3,1,0,0,0,2026-07-30T17:20:00.714509
41,3,2,0,0,0,2026-07-30T17:20:00.719055
41,3,3,1,0,1,2026-07-30T17:20:00.386516
41,3,4,0,0,0,2026-07-30T17:20:00.906926
41,3,5,0,0,0,2026-07-30T17:20:01.685328
41,3,6,3,0,3,2026-07-30T17:20:01.898736
41,3,7,3,0,3,2026-07-30T17:20:02.049004
41,3,8,2,0,2,2026-07-30T17:20:02.358988
41,3,9,2,0,2,2026-07-30T17:20:01.762258
41,3,10,2,0,2,2026-07-30T17:20:02.359082
41,4,1,0,0,0,2026-07-30T17:20:02.579794
41,4,2,0,0,0,2026-07-30T17:20:02.767661
41,4,3,0,0,0,2026-07-30T17:20:03.340100
41,4,4,0,0,0,2026-07-30T17:20:03.450530
41,4,5,2,0,2,2026-07-30T17:20:03.141140
41,4,6,0,0,0,2026-07-30T17:20:03.111235
41,4,7,0,0,0,2026-07-30T17:20:03.800748
41,4,8,5,0,5,2026-07-30T17:20:03.599187
41,4,9,2,0,2,2026-07-30T17:20:03.816785
41,4,10,2,0,2,2026-07-30T17:20:04.637793
41,5,1,5,0,5,2026-07-30T17:20:04.162549
41,5,2,5,0,5,2026-07-30T17:20:04.796752
41,5,3,5,0,5,2026-07-30T17:20:04.393751
41,5,4,5,0,5,2026-07-30T17:20:04.491035
41,5,5,5,0,5,2026-07-30T17:20:05.448454
41,5,6,5,0,5,2026-07-30T17:20:05.646185
41,5,7,5,0,5,2026-07-30T17:20:05.677228
41,5,8,5,0,5,2026-07-30T17:20:05.196578
41,5,9,5,0,5,2026-07-30T17:20:06.038078
41,5,10,5,0,5,2026-07-30T17:20:06.520168
41,6,1,5,0,5,2026-07-30T17:20:06.298770
41,6,2,5,0,5,2026-07-30T17:20:06.455853
41,6,3,5,0,5,2026-07-30T17:20:07.273487
41,6,4,5,0,5,2026-07-30T17:20:07.088112
41,6,5,5,0,5,2026-07-30T17:20:07.320548
41,6,6,5,0,5,2026-07-30T17:20:07.318214
41,6,7,5,0,5,2026-07-30T17:20:07.698680
41,6,8,5,0,5,2026-07-30T17:20:08.153629
41,6,9,5,0,5,2026-07-30T17:20:07.935650
41,6,10,5,0,5,2026-07-30T17:20:08.391331
41,7,1,5,0,5,2026-07-30T17:20:08.373781
41,7,2,5,0,5,2026-07-30T17:20:09.125942
41,7,3,5,0,5,2026-07-30T17:20:08.341966
41,7,4,5,0,5,2026-07-30T17:20:08.987941
41,7,5,5,0,5,2026-07-30T17:20:09.544002
41,7,6,5,0,5,2026-07-30T17:20:09.802522
41,7,7,5,0,5,2026-07-30T17:20:09.583042
41,7,8,5,0,5,2026-07-30T17:20:10.196143
41,7,9,5,0,5,2026-07-30T17:20:10.015715
41,7,10,5,0,5,2026-07-30T17:20:09.418415
41,8,1,5,0,5,2026-07-30T17:20:10.437048
41,8,2,5,0,5,2026-07-30T17:20:10.570591
41,8,3,5,0,5,2026-07-30T17:20:10.870858
41,8,4,5,0,5,2026-07-30T17:20:11.028289
41,8,5,5,0,5,2026-07-30T17:20:10.807386
41,8,6,5,0,5,2026-07-30T17:20:11.454035
41,8,7,5,0,5,2026-07-30T17:20:11.473947
41,8,8,5,0,5,2026-07-30T17:20:11.651880
41,8,9,5,0,5,2026-07-30T17:20:11.874194
41,8,10,5,0,5,2026-07-30T17:20:12.223624
41,9,1,2,0,2,2026-07-30T17:20:12.270923
41,9,2,2,0,2,2026-07-30T17:20:12.342320
41,9,3,5,0,5,2026-07-30T17:20:12.707639
41,9,4,3,0,3,2026-07-30T17:20:13.109687
41,9,5,5,0,5,2026-07-30T17:20:13.341809
41,9,6,5,0,5,2026-07-30T17:20:12.738845
41,9,7,2,0,2,2026-07-30T17:20:13.754842
41,9,8,5,0,5,2026-07-30T17:20:13.478227
41,9,9,2,0,2,2026-07-30T17:20:13.528733
41,9,10,2,0,2,2026-07-30T17:20:14.205025
41,10,1,0,0,0,2026-07-30T17:20:14.362177
41,10,2,5,0,5,2026-07-30T17:20:14.373709
41,10,3,0,0,0,2026-07-30T17:20:14.575327
41,10,4,0,0,0,2026-07-30T17:20:15.197044
41,10,5,0,0,0,2026-07-30T17:20:15.128121
41,10,6,0,0,0,2026-07-30T17:20:14.788379
41,10,7,0,0,0,2026-07-30T17:20:15.841580
41,10,8,0,0,0,2026-07-30T17:20:15.857914
41,10,9,0,0,0,2026-07-30T17:20:15.995205
41,10,10,0,0,0,2026-07-30T17:20:15.422736
41,11,1,5,0,5,2026-07-30T17:20:16.446004
41,11,2,5,0,5,2026-07-30T17:20:16.471049
41,11,3,5,0,5,2026-07-30T17:20:16.172782
41,11,4,5,0,5,2026-07-30T17:20:16.847679
41,11,5,5,0,5,2026-07-30T17:20:17.491704
41,11,6,5,0,5,2026-07-30T17:20:17.712358
41,11,7,5,0,5,2026-07-30T17:20:17.097811
41,11,8,5,0,5,2026-07-30T17:20:17.234957
41,11,9,5,0,5,2026-07-30T17:20:17.856687
41,11,10,5,0,5,2026-07-30T17:20:17.911974
41,12,1,5,0,5,2026-07-30T17:20:18.312700
41,12,2,5,0,5,2026-07-30T17:20:18.304190
41,12,3,5,0,5,2026-07-30T17:20:18.329013
41,12,4,5,0,5,2026-07-30T17:20:19.079133
41,12,5,5,0,5,2026-07-30T17:20:18.962361
41,12,6,5,0,5,2026-07-30T17:20:19.532383
41,12,7,5,0,5,2026-07-30T17:20:19.308776
41,12,8,5,0,5,2026-07-30T17:20:19.185982
41,12,9,5,0,5,2026-07-30T17:20:19.740529
41,12,10,5,0,5,2026-07-30T17:20:19.535792
41,13,1,5,0,5,2026-07-30T17:20:19.775600
41,13,2,5,0,5,2026-07-30T17:20:19.976288
41,13,3,5,0,5,2026-07-30T17:20:20.324363
41,13,4,5,0,5,2026-07-30T17:20:20.231623
41,13,5,5,0,5,2026-07-30T17:20:20.969798
41,13,6,5,0,5,2026-07-30T17:20:21.589939
41,13,7,5,0,5,2026-07-30T17:20:20.586553
41,13,8,5,0,5,2026-07-30T17:20:21.405389
41,13,9,5,0,5,2026-07-30T17:20:21.653244
41,13,10,5,0,5,2026-07-30T17:20:21.227916
41,14,1,5,0,5,2026-07-30T17:20:22.088779
41,14,2,5,0,5,2026-07-30T17:20:21.576290
41,14,3,5,0,5,2026-07-30T17:20:22.247407
41,14,4,5,0,5,2026-07-30T17:20:22.438925
41,14,5,5,0,5,2026-07-30T17:20:22.881829
41,14,6,5,0,5,2026-07-30T17:20:23.277505
41,14,7,5,0,5,2026-07-30T17:20:23.146871
41,14,8,5,0,5,2026-07-30T17:20:23.018598
41,14,9,5,0,5,2026-07-30T17:20:23.121964
41,14,10,4,0,4,2026-07-30T17:20:23.751210
41,15,1,5,0,5,2026-07-30T17:20:24.268743
41,15,2,5,0,5,2026-07-30T17:20:24.498283
41,15,3,5,0,5,2026-07-30T17:20:24.943775
41,15,4,5,0,5,2026-07-30T17:20:24.665899
41,15,5,5,0,5,2026-07-30T17:20:25.175888
41,15,6,5,0,5,2026-07-30T17:20:24.191017
41,15,7,5,0,5,2026-07-30T17:20:25.166605
41,15,8,5,0,5,2026-07-30T17:20:25.399194
41,15,9,5,0,5,2026-07-30T17:20:26.058649
41,15,10,5,0,5,2026-07-30T17:20:25.501502
41,16,1,5,0,5,2026-07-30T17:20:25.961381
41,16,2,5,0,5,2026-07-30T17:20:26.118615
41,16,3,5,0,5,2026-07-30T17:20:25.993409
41,16,4,5,0,5,2026-07-30T17:20:27.003884
41,16,5,5,0,5,2026-07-30T17:20:26.240115
41,16,6,5,0,5,2026-07-30T17:20:26.838477
41,16,7,5,0,5,2026-07-30T17:20:27.129559
41,16,8,5,0,5,2026-07-30T17:20:27.806157
41,16,9,5,0,5,2026-07-30T17:20:27.025114
41,16,10,5,0,5,2026-07-30T17:20:27.097145
41,17,1,5,0,5,2026-07-30T17:20:27.553703
41,17,2,5,0,5,2026-07-30T17:20:27.304972
41,17,3,5,0,5,2026-07-30T17:20:27.673670
41,17,4,5,0,5,2026-07-30T17:20:29.084900
41,17,5,5,0,5,2026-07-30T17:20:28.242825
41,17,6,5,0,5,2026-07-30T17:20:28.746335
41,17,7,5,0,5,2026-07-30T17:20:28.586382
41,17,8,5,0,5,2026-07-30T17:20:28.542079
41,17,9,5,0,5,2026-07-30T17:20:28.821654
41,17,10,5,0,5,2026-07-30T17:20:29.538532
41,18,1,4,0,4,2026-07-30T17:20:29.274617
41,18,2,5,0,5,2026-07-30T17:20:29.496249
41,18,3,5,0,5,2026-07-30T17:20:29.983785
41,18,4,5,0,5,2026-07-30T17:20:30.244827
41,18,5,5,0,5,2026-07-30T17:20:30.206774
41,18,6,4,0,4,2026-07-30T17:20:30.276822
41,18,7,5,0,5,2026-07-30T17:20:30.530782
41,18,8,5,0,5,2026-07-30T17:20:30.727200
41,18,9,4,0,4,2026-07-30T17:20:30.530908
41,18,10,4,0,4,2026-07-30T17:20:30.764456
41,19,1,5,0,5,2026-07-30T17:20:31.263696
41,19,2,5,0,5,2026-07-30T17:20:31.888642
41,19,3,5,0,5,2026-07-30T17:20:31.717705
41,19,4,5,0,5,2026-07-30T17:20:32.156420
41,19,5,5,0,5,2026-07-30T17:20:31.767550
41,19,6,5,0,5,2026-07-30T17:20:32.185965
41,19,7,5,0,5,2026-07-30T17:20:32.380226
41,19,8,5,0,5,2026-07-30T17:20:32.235009
41,19,9,5,0,5,2026-07-30T17:20:32.879756
41,19,10,5,0,5,2026-07-30T17:20:32.790618
41,20,1,5,0,5,2026-07-30T17:20:32.806575
41,20,2,5,0,5,2026-07-30T17:20:33.938097
41,20,3,5,0,5,2026-07-30T17:20:33.224336
41,20,4,5,0,5,2026-07-30T17:20:33.425181
41,20,5,5,0,5,2026-07-30T17:20:33.476165
41,20,6,5,0,5,2026-07-30T17:20:33.834935
41,20,7,5,0,5,2026-07-30T17:20:34.429163
41,20,8,5,0,5,2026-07-30T17:20:34.450669
41,20,9,5,0,5,2026-07-30T17:20:33.898613
41,20,10,5,0,5,2026-07-30T17:20:35.268218
41,21,1,5,0,5,2026-07-30T17:20:34.872375
41,21,2,5,0,5,2026-07-30T17:20:35.560639
41,21,3,5,0,5,2026-07-30T17:20:35.474212
41,21,4,5,0,5,2026-07-30T17:20:35.335460
41,21,5,5,0,5,2026-07-30T17:20:35.583574
41,21,6,5,0,5,2026-07-30T17:20:35.892847
41,21,7,5,0,5,2026-07-30T17:20:36.062897
41,21,8,5,0,5,2026-07-30T17:20:36.512683
41,21,9,5,0,5,2026-07-30T17:20:36.681468
41,21,10,5,0,5,2026-07-30T17:20:36.791148
41,22,1,5,0,5,2026-07-30T17:20:36.916590
41,22,2,5,0,5,2026-07-30T17:20:37.022455
41,22,3,5,0,5,2026-07-30T17:20:36.994272
41,22,4,5,0,5,2026-07-30T17:20:36.921280
41,22,5,5,0,5,2026-07-30T17:20:37.123280
41,22,6,5,0,5,2026-07-30T17:20:37.764022
41,22,7,5,0,5,2026-07-30T17:20:37.891770
41,22,8,5,0,5,2026-07-30T17:20:38.657090
41,22,9,5,0,5,2026-07-30T17:20:38.334867
41,22,10,5,0,5,2026-07-30T17:20:38.782261
41,23,1,5,0,5,2026-07-30T17:20:38.204696
41,23,2,5,0,5,2026-07-30T17:20:39.082987
41,23,3,5,0,5,2026-07-30T17:20:38.745587
41,23,4,5,0,5,2026-07-30T17:20:39.201574
41,23,5,5,0,5,2026-07-30T17:20:39.299543
41,23,6,5,0,5,2026-07-30T17:20:40.273471
41,23,7,5,0,5,2026-07-30T17:20:40.385161
41,23,8,5,0,5,2026-07-30T17:20:40.105761
41,23,9,5,0,5,2026-07-30T17:20:39.787289
41,23,10,5,0,5,2026-07-30T17:20:40.436424
41,24,1,5,0,5,2026-07-30T17:20:40.554051
41,24,2,5,0,5,2026-07-30T17:20:40.270281
41,24,3,5,0,5,2026-07-30T17:20:40.508617
41,24,4,5,0,5,2026-07-30T17:20:41.641841
41,24,5,5,0,5,2026-07-30T17:20:41.977755
41,24,6,5,0,5,2026-07-30T17:20:42.108931
41,24,7,5,0,5,2026-07-30T17:20:41.726213
41,24,8,5,0,5,2026-07-30T17:20:42.461074
41,24,9,5,0,5,2026-07-30T17:20:42.085283
41,24,10,5,0,5,2026-07-30T17:20:41.961816
41,25,1,5,0,5,2026-07-30T17:20:41.621662
41,25,2,5,0,5,2026-07-30T17:20:43.089618
41,25,3,5,0,5,2026-07-30T17:20:42.675874
41,25,4,5,0,5,2026-07-30T17:20:43.389650
41,25,5,5,0,5,2026-07-30T17:20:43.590542
41,25,6,5,0,5,2026-07-30T17:20:43.838966
41,25,7,5,0,5,2026-07-30T17:20:43.150107
41,25,8,5,0,5,2026-07-30T17:20:43.952811
41,25,9,4,0,4,2026-07-30T17:20:43.525971
41,25,10,5,0,5,2026-07-30T17:20:43.717452
41,26,1,5,0,5,2026-07-30T17:20:44.771258
41,26,2,5,0,5,2026-07-30T17:20:44.196536
41,26,3,5,0,5,2026-07-30T17:20:44.456781
41,26,4,5,0,5,2026-07-30T17:20:44.974693
41,26,5,5,0,5,2026-07-30T17:20:44.617607
41,26,6,5,0,5,2026-07-30T17:20:45.576597
41,26,7,5,0,5,2026-07-30T17:20:45.290779
41,26,8,5,0,5,2026-07-30T17:20:45.641239
41,26,9,5,0,5,2026-07-30T17:20:45.232531
41,26,10,5,0,5,2026-07-30T17:20:46.106515
41,27,1,5,0,5,2026-07-30T17:20:46.242488
41,27,2,5,0,5,2026-07-30T17:20:46.414328
41,27,3,5,0,5,2026-07-30T17:20:46.636527
41,27,4,5,0,5,2026-07-30T17:20:47.096443
41,27,5,5,0,5,2026-07-30T17:20:46.912065
41,27,6,5,0,5,2026-07-30T17:20:46.430395
41,27,7,5,0,5,2026-07-30T17:20:47.511234
41,27,8,5,0,5,2026-07-30T17:20:47.582808
41,27,9,5,0,5,2026-07-30T17:20:48.099425
41,27,10,5,0,5,2026-07-30T17:20:48.267653
41,28,1,4,0,4,2026-07-30T17:20:47.886823
41,28,2,3,0,3,2026-07-30T17:20:48.303934
41,28,3,5,0,5,2026-07-30T17:20:48.566763
41,28,4,4,0,4,2026-07-30T17:20:48.547293
41,28,5,3,0,3,2026-07-30T17:20:48.966587
41,28,6,3,0,3,2026-07-30T17:20:49.415444
41,28,7,3,0,3,2026-07-30T17:20:48.919453
41,28,8,3,0,3,2026-07-30T17:20:49.762291
41,28,9,3,0,3,2026-07-30T17:20:50.316246
41,28,10,4,0,4,2026-07-30T17:20:49.965259
41,29,1,5,0,5,2026-07-30T17:20:49.618267
41,29,2,5,0,5,2026-07-30T17:20:49.622261
41,29,3,5,0,5,2026-07-30T17:20:50.566599
41,29,4,5,0,5,2026-07-30T17:20:50.624923
41,29,5,5,0,5,2026-07-30T17:20:50.638496
41,29,6,5,0,5,2026-07-30T17:20:51.069931
41,29,7,5,0,5,2026-07-30T17:20:51.041690
41,29,8,5,0,5,2026-07-30T17:20:51.178937
41,29,9,5,0,5,2026-07-30T17:20:51.403866
41,29,10,5,0,5,2026-07-30T17:20:51.757612
41,30,1,5,0,5,2026-07-30T17:20:52.438708
41,30,2,5,0,5,2026-07-30T17:20:51.679015
41,30,3,5,0,5,2026-07-30T17:20:51.896950
41,30,4,5,0,5,2026-07-30T17:20:52.676516
41,30,5,5,0,5,2026-07-30T17:20:52.518216
41,30,6,5,0,5,2026-07-30T17:20:52.222974
41,30,7,5,0,5,2026-07-30T17:20:52.668664
41,30,8,5,0,5,2026-07-30T17:20:52.706015
41,30,9,5,0,5,2026-07-30T17:20:53.304483
41,30,10,5,0,5,2026-07-30T17:20:53.667094
42,1,1,3,0,3,2026-07-30T17:20:53.865186
42,1,2,0,0,0,2026-07-30T17:20:54.394213
42,1,3,3,0,3,2026-07-30T17:20:54.220642
42,1,4,3,0,3,2026-07-30T17:20:54.220234
42,1,5,2,0,2,2026-07-30T17:20:54.231139
42,1,6,2,0,2,2026-07-30T17:20:54.228639
42,1,7,2,0,2,2026-07-30T17:20:54.938715
42,1,8,0,0,0,2026-07-30T17:20:54.740491
42,1,9,2,0,2,2026-07-30T17:20:54.915182
42,1,10,2,0,2,2026-07-30T17:20:55.467409
42,2,1,5,0,5,2026-07-30T17:20:56.060190
42,2,2,5,0,5,2026-07-30T17:20:55.703993
42,2,3,5,0,5,2026-07-30T17:20:55.473181
42,2,4,5,0,5,2026-07-30T17:20:56.246398
42,2,5,5,0,5,2026-07-30T17:20:56.003221
42,2,6,4,0,4,2026-07-30T17:20:56.801390
42,2,7,5,0,5,2026-07-30T17:20:56.177488
42,2,8,5,0,5,2026-07-30T17:20:57.109252
42,2,9,5,0,5,2026-07-30T17:20:56.912469
42,2,10,5,0,5,2026-07-30T17:20:57.551880
42,3,1,0,0,0,2026-07-30T17:20:57.824050
42,3,2,0,0,0,2026-07-30T17:20:57.703007
42,3,3,0,0,0,2026-07-30T17:20:57.596683
42,3,4,0,0,0,2026-07-30T17:20:57.884952
42,3,5,0,0,0,2026-07-30T17:20:58.423452
42,3,6,0,0,0,2026-07-30T17:20:58.577880
42,3,7,0,0,0,2026-07-30T17:20:58.164581
42,3,8,0,0,0,2026-07-30T17:20:59.360845
42,3,9,0,0,0,2026-07-30T17:20:59.250666
42,3,10,0,0,0,2026-07-30T17:20:59.144668
42,4,1,0,0,0,2026-07-30T17:20:59.058705
42,4,2,0,0,0,2026-07-30T17:20:59.325447
42,4,3,0,0,0,2026-07-30T17:20:59.642383
42,4,4,0,0,0,2026-07-30T17:21:00.306497
42,4,5,0,0,0,2026-07-30T17:21:00.009944
42,4,6,0,0,0,2026-07-30T17:21:00.134688
42,4,7,0,0,0,2026-07-30T17:21:00.389528
42,4,8,0,0,0,2026-07-30T17:21:00.915526
42,4,9,0,0,0,2026-07-30T17:21:00.771410
42,4,10,0,0,0,2026-07-30T17:21:00.608952
42,5,1,0,0,0,2026-07-30T17:21:00.863921
42,5,2,0,0,0,2026-07-30T17:21:01.059180
42,5,3,0,0,0,2026-07-30T17:21:01.589702
42,5,4,0,0,0,2026-07-30T17:21:02.352972
42,5,5,0,0,0,2026-07-30T17:21:02.438018
42,5,6,0,0,0,2026-07-30T17:21:02.259804
42,5,7,0,0,0,2026-07-30T17:21:02.653782
42,5,8,0,0,0,2026-07-30T17:21:02.708004
42,5,9,0,0,0,2026-07-30T17:21:02.538041
42,5,10,0,0,0,2026-07-30T17:21:02.310028
42,6,1,0,0,0,2026-07-30T17:21:03.045130
42,6,2,0,0,0,2026-07-30T17:21:03.485169
42,6,3,0,0,0,2026-07-30T17:21:04.160803
42,6,4,0,0,0,2026-07-30T17:21:03.812255
42,6,5,0,0,0,2026-07-30T17:21:04.298881
42,6,6,0,0,0,2026-07-30T17:21:04.368704
42,6,7,0,0,0,2026-07-30T17:21:04.485758
42,6,8,0,0,0,2026-07-30T17:21:03.958142
42,6,9,0,0,0,2026-07-30T17:21:04.083895
42,6,10,0,0,0,2026-07-30T17:21:05.328146
42,7,1,5,0,5,2026-07-30T17:21:05.169855
42,7,2,5,0,5,2026-07-30T17:21:05.409321
42,7,3,5,0,5,2026-07-30T17:21:05.960280
42,7,4,5,0,5,2026-07-30T17:21:06.022238
42,7,5,5,0,5,2026-07-30T17:21:05.933983
42,7,6,5,0,5,2026-07-30T17:21:05.784726
42,7,7,5,0,5,2026-07-30T17:21:06.136755
42,7,8,5,0,5,2026-07-30T17:21:06.196715
42,7,9,4,0,4,2026-07-30T17:21:07.398354
42,7,10,5,0,5,2026-07-30T17:21:06.421726
42,8,1,0,0,0,2026-07-30T17:21:07.459716
42,8,2,0,0,0,2026-07-30T17:21:07.794993
42,8,3,0,0,0,2026-07-30T17:21:07.187226
42,8,4,0,0,0,2026-07-30T17:21:07.449326
42,8,5,0,0,0,2026-07-30T17:21:07.982633
42,8,6,0,0,0,2026-07-30T17:21:07.873070
42,8,7,0,0,0,2026-07-30T17:21:08.287604
42,8,8,0,0,0,2026-07-30T17:21:09.039720
42,8,9,0,0,0,2026-07-30T17:21:09.250122
42,8,10,0,0,0,2026-07-30T17:21:08.478805
42,9,1,0,0,0,2026-07-30T17:21:09.107441
42,9,2,0,0,0,2026-07-30T17:21:09.039466
42,9,3,0,0,0,2026-07-30T17:21:09.507523
42,9,4,0,0,0,2026-07-30T17:21:22.093767
42,9,5,0,0,0,2026-07-30T17:21:22.377792
42,9,6,0,0,0,2026-07-30T17:21:09.489066
42,9,7,0,0,0,2026-07-30T17:21:22.025471
42,9,8,0,0,0,2026-07-30T17:21:21.958323
42,9,9,0,0,0,2026-07-30T17:21:22.006438
42,9,10,0,0,0,2026-07-30T17:21:21.979244
42,10,1,0,0,0,2026-07-30T17:21:22.443952
42,10,2,0,0,0,2026-07-30T17:21:22.410507
42,10,3,0,0,0,2026-07-30T17:21:23.026703
42,10,4,0,0,0,2026-07-30T17:21:23.863902
42,10,5,0,0,0,2026-07-30T17:21:23.248626
42,10,6,0,0,0,2026-07-30T17:21:23.661344
42,10,7,0,0,0,2026-07-30T17:21:23.362288
42,10,8,0,0,0,2026-07-30T17:21:24.209819
42,10,9,0,0,0,2026-07-30T17:21:24.050736
42,10,10,0,0,0,2026-07-30T17:21:23.470248
42,11,1,0,0,0,2026-07-30T17:21:24.063414
42,11,2,0,0,0,2026-07-30T17:21:25.092858
42,11,3,0,0,0,2026-07-30T17:21:24.816395
42,11,4,0,0,0,2026-07-30T17:21:25.115198
42,11,5,0,0,0,2026-07-30T17:21:24.911905
42,11,6,0,0,0,2026-07-30T17:21:25.098022
42,11,7,0,0,0,2026-07-30T17:21:25.088154
42,11,8,0,0,0,2026-07-30T17:21:25.728440
42,11,9,0,0,0,2026-07-30T17:21:26.044992
42,11,10,0,0,0,2026-07-30T17:21:26.070646
42,12,1,0,0,0,2026-07-30T17:21:25.958187
42,12,2,0,0,0,2026-07-30T17:21:26.324790
42,12,3,0,0,0,2026-07-30T17:21:26.959698
42,12,4,5,0,5,2026-07-30T17:21:26.557183
42,12,5,0,0,0,2026-07-30T17:21:26.784701
42,12,6,0,0,0,2026-07-30T17:21:27.159969
42,12,7,0,0,0,2026-07-30T17:21:27.809536
42,12,8,0,0,0,2026-07-30T17:21:27.286978
42,12,9,0,0,0,2026-07-30T17:21:27.312719
42,12,10,0,0,0,2026-07-30T17:21:28.186582
42,13,1,0,0,0,2026-07-30T17:21:27.615761
42,13,2,0,0,0,2026-07-30T17:21:28.641158
42,13,3,0,0,0,2026-07-30T17:21:28.610386
42,13,4,0,0,0,2026-07-30T17:21:28.434515
42,13,5,0,0,0,2026-07-30T17:21:28.740761
42,13,6,0,0,0,2026-07-30T17:21:28.760346
42,13,7,0,0,0,2026-07-30T17:21:29.241830
42,13,8,0,0,0,2026-07-30T17:21:29.470727
42,13,9,0,0,0,2026-07-30T17:21:30.031852
42,13,10,0,0,0,2026-07-30T17:21:30.074979
42,14,1,5,0,5,2026-07-30T17:21:30.056915
42,14,2,5,0,5,2026-07-30T17:21:29.872138
42,14,3,5,0,5,2026-07-30T17:21:29.994452
42,14,4,5,0,5,2026-07-30T17:21:30.419033
42,14,5,5,0,5,2026-07-30T17:21:30.298225
42,14,6,5,0,5,2026-07-30T17:21:31.532107
42,14,7,5,0,5,2026-07-30T17:21:31.539184
42,14,8,5,0,5,2026-07-30T17:21:31.046967
42,14,9,5,0,5,2026-07-30T17:21:31.871868
42,14,10,5,0,5,2026-07-30T17:21:31.275194
42,15,1,0,0,0,2026-07-30T17:21:31.509958
42,15,2,0,0,0,2026-07-30T17:21:31.748618
42,15,3,0,0,0,2026-07-30T17:21:31.442335
42,15,4,0,0,0,2026-07-30T17:21:32.482744
42,15,5,0,0,0,2026-07-30T17:21:33.341138
42,15,6,0,0,0,2026-07-30T17:21:33.278796
42,15,7,0,0,0,2026-07-30T17:21:33.543223
42,15,8,0,0,0,2026-07-30T17:21:33.407798
42,15,9,0,0,0,2026-07-30T17:21:32.944041
42,15,10,0,0,0,2026-07-30T17:21:33.199142
42,16,1,5,0,5,2026-07-30T17:21:33.717108
42,16,2,5,0,5,2026-07-30T17:21:33.516938
42,16,3,5,0,5,2026-07-30T17:21:33.973540
42,16,4,5,0,5,2026-07-30T17:21:35.247133
42,16,5,5,0,5,2026-07-30T17:21:34.732683
42,16,6,5,0,5,2026-07-30T17:21:34.401471
42,16,7,5,0,5,2026-07-30T17:21:35.253033
42,16,8,5,0,5,2026-07-30T17:21:35.586175
42,16,9,5,0,5,2026-07-30T17:21:34.975105
42,16,10,5,0,5,2026-07-30T17:21:35.758691
42,17,1,5,0,5,2026-07-30T17:21:35.220039
42,17,2,5,0,5,2026-07-30T17:21:36.244565
42,17,3,5,0,5,2026-07-30T17:21:36.189367
42,17,4,5,0,5,2026-07-30T17:21:36.028977
42,17,5,5,0,5,2026-07-30T17:21:36.695485
42,17,6,5,0,5,2026-07-30T17:21:37.115501
42,17,7,5,0,5,2026-07-30T17:21:36.481251
42,17,8,5,0,5,2026-07-30T17:21:37.640556
42,17,9,5,0,5,2026-07-30T17:21:37.392955
42,17,10,5,0,5,2026-07-30T17:21:37.083879
42,18,1,5,0,5,2026-07-30T17:21:38.010571
42,18,2,5,0,5,2026-07-30T17:21:38.123060
42,18,3,5,0,5,2026-07-30T17:21:37.725677
42,18,4,5,0,5,2026-07-30T17:21:38.776872
42,18,5,5,0,5,2026-07-30T17:21:38.543953
42,18,6,5,0,5,2026-07-30T17:21:38.564575
42,18,7,5,0,5,2026-07-30T17:21:39.240209
42,18,8,5,0,5,2026-07-30T17:21:39.301886
42,18,9,5,0,5,2026-07-30T17:21:39.775705
42,18,10,5,0,5,2026-07-30T17:21:39.874799
42,19,1,5,0,5,2026-07-30T17:21:39.584607
42,19,2,5,0,5,2026-07-30T17:21:40.196214
42,19,3,5,0,5,2026-07-30T17:21:39.803155
42,19,4,5,0,5,2026-07-30T17:21:40.420230
42,19,5,5,0,5,2026-07-30T17:21:40.664752
42,19,6,5,0,5,2026-07-30T17:21:40.348138
42,19,7,5,0,5,2026-07-30T17:21:40.844041
42,19,8,4,0,4,2026-07-30T17:21:41.434730
42,19,9,5,0,5,2026-07-30T17:21:41.464500
42,19,10,5,0,5,2026-07-30T17:21:41.533420
42,20,1,5,0,5,2026-07-30T17:21:41.635773
42,20,2,5,0,5,2026-07-30T17:21:41.750984
42,20,3,5,0,5,2026-07-30T17:21:41.447125
42,20,4,5,0,5,2026-07-30T17:21:42.127770
42,20,5,5,0,5,2026-07-30T17:21:42.702323
42,20,6,5,0,5,2026-07-30T17:21:42.692526
42,20,7,5,0,5,2026-07-30T17:21:42.507125
42,20,8,5,0,5,2026-07-30T17:21:42.749787
42,20,9,5,0,5,2026-07-30T17:21:43.414711
42,20,10,5,0,5,2026-07-30T17:21:42.884428
42,21,1,5,0,5,2026-07-30T17:21:43.204793
42,21,2,5,0,5,2026-07-30T17:21:43.580966
42,21,3,5,0,5,2026-07-30T17:21:44.228736
42,21,4,5,0,5,2026-07-30T17:21:44.356218
42,21,5,5,0,5,2026-07-30T17:21:44.581347
42,21,6,5,0,5,2026-07-30T17:21:43.981906
42,21,7,5,0,5,2026-07-30T17:21:44.328455
42,21,8,5,0,5,2026-07-30T17:21:44.878066
42,21,9,5,0,5,2026-07-30T17:21:44.852212
42,21,10,5,0,5,2026-07-30T17:21:45.437031
42,22,1,5,0,5,2026-07-30T17:21:45.817047
42,22,2,5,0,5,2026-07-30T17:21:45.673397
42,22,3,5,0,5,2026-07-30T17:21:46.179623
42,22,4,5,0,5,2026-07-30T17:21:45.980605
42,22,5,5,0,5,2026-07-30T17:21:46.032493
42,22,6,5,0,5,2026-07-30T17:21:45.874976
42,22,7,5,0,5,2026-07-30T17:21:46.325005
42,22,8,5,0,5,2026-07-30T17:21:47.298063
42,22,9,5,0,5,2026-07-30T17:21:46.933193
42,22,10,5,0,5,2026-07-30T17:21:47.467185
42,23,1,5,0,5,2026-07-30T17:21:47.108682
42,23,2,5,0,5,2026-07-30T17:21:47.449513
42,23,3,5,0,5,2026-07-30T17:21:47.442100
42,23,4,5,0,5,2026-07-30T17:21:47.221200
42,23,5,5,0,5,2026-07-30T17:21:47.766992
42,23,6,5,0,5,2026-07-30T17:21:47.970495
42,23,7,5,0,5,2026-07-30T17:21:48.326616
42,23,8,5,0,5,2026-07-30T17:21:49.278626
42,23,9,5,0,5,2026-07-30T17:21:49.131929
42,23,10,5,0,5,2026-07-30T17:21:49.293806
42,24,1,0,0,0,2026-07-30T17:21:49.278711
42,24,2,0,0,0,2026-07-30T17:21:48.692277
42,24,3,0,0,0,2026-07-30T17:21:49.020435
42,24,4,0,0,0,2026-07-30T17:21:49.396240
42,24,5,0,0,0,2026-07-30T17:21:50.000190
42,24,6,0,0,0,2026-07-30T17:21:50.123035
42,24,7,0,0,0,2026-07-30T17:21:50.437525
42,24,8,0,0,0,2026-07-30T17:21:50.389809
42,24,9,0,0,0,2026-07-30T17:21:50.345763
42,24,10,0,0,0,2026-07-30T17:21:50.913565
42,25,1,0,0,0,2026-07-30T17:21:50.547848
42,25,2,0,0,0,2026-07-30T17:21:51.458433
42,25,3,0,0,0,2026-07-30T17:21:51.847610
42,25,4,0,0,0,2026-07-30T17:21:51.565216
42,25,5,0,0,0,2026-07-30T17:21:51.990823
42,25,6,0,0,0,2026-07-30T17:21:52.043038
42,25,7,0,0,0,2026-07-30T17:21:51.705945
42,25,8,0,0,0,2026-07-30T17:21:51.595576
42,25,9,0,0,0,2026-07-30T17:21:52.582882
42,25,10,0,0,0,2026-07-30T17:21:52.870338
42,26,1,5,0,5,2026-07-30T17:21:52.997690
42,26,2,5,0,5,2026-07-30T17:21:52.848606
42,26,3,5,0,5,2026-07-30T17:21:52.754033
42,26,4,5,0,5,2026-07-30T17:21:53.517036
42,26,5,5,0,5,2026-07-30T17:21:53.842028
42,26,6,5,0,5,2026-07-30T17:21:53.898194
42,26,7,5,0,5,2026-07-30T17:21:54.437236
42,26,8,5,0,5,2026-07-30T17:21:54.213036
42,26,9,5,0,5,2026-07-30T17:21:54.316902
42,26,10,5,0,5,2026-07-30T17:21:54.516846
42,27,1,5,0,5,2026-07-30T17:21:54.666536
42,27,2,5,0,5,2026-07-30T17:21:54.977584
42,27,3,5,0,5,2026-07-30T17:21:55.496035
42,27,4,5,0,5,2026-07-30T17:21:55.352405
42,27,5,5,0,5,2026-07-30T17:21:55.673831
42,27,6,5,0,5,2026-07-30T17:21:55.362873
42,27,7,5,0,5,2026-07-30T17:21:55.696332
42,27,8,5,0,5,2026-07-30T17:21:55.780097
42,27,9,5,0,5,2026-07-30T17:21:56.304038
42,27,10,5,0,5,2026-07-30T17:21:56.837209
42,28,1,5,0,5,2026-07-30T17:21:56.610495
42,28,2,5,0,5,2026-07-30T17:21:57.282160
42,28,3,5,0,5,2026-07-30T17:21:56.918984
42,28,4,5,0,5,2026-07-30T17:21:57.514265
42,28,5,5,0,5,2026-07-30T17:21:57.549246
42,28,6,5,0,5,2026-07-30T17:21:57.645830
42,28,7,5,0,5,2026-07-30T17:21:57.541256
42,28,8,5,0,5,2026-07-30T17:21:58.473223
42,28,9,5,0,5,2026-07-30T17:21:57.902234
42,28,10,5,0,5,2026-07-30T17:21:58.171533
42,29,1,5,0,5,2026-07-30T17:21:58.139042
42,29,2,5,0,5,2026-07-30T17:21:58.976158
42,29,3,5,0,5,2026-07-30T17:21:58.780668
42,29,4,5,0,5,2026-07-30T17:21:58.788245
42,29,5,5,0,5,2026-07-30T17:21:59.492035
42,29,6,5,0,5,2026-07-30T17:21:58.956466
42,29,7,5,0,5,2026-07-30T17:21:59.573063
42,29,8,5,0,5,2026-07-30T17:22:00.018732
42,29,9,5,0,5,2026-07-30T17:22:00.118511
42,29,10,5,0,5,2026-07-30T17:22:00.220374
42,30,1,5,0,5,2026-07-30T17:22:00.855780
42,30,2,5,0,5,2026-07-30T17:22:00.790529
42,30,3,5,0,5,2026-07-30T17:22:00.011900
42,30,4,5,0,5,2026-07-30T17:22:01.157080
42,30,5,5,0,5,2026-07-30T17:22:01.224755
42,30,6,5,0,5,2026-07-30T17:22:01.267868
42,30,7,5,0,5,2026-07-30T17:22:01.889703
42,30,8,5,0,5,2026-07-30T17:22:00.938898
42,30,9,5,0,5,2026-07-30T17:22:02.056444
42,30,10,5,0,5,2026-07-30T17:22:02.243407
43,1,1,5,0,5,2026-07-30T17:22:02.527881
43,1,2,5,0,5,2026-07-30T17:22:02.177880
43,1,3,5,0,5,2026-07-30T17:22:02.814502
43,1,4,5,0,5,2026-07-30T17:22:02.687385
43,1,5,5,0,5,2026-07-30T17:22:03.322433
43,1,6,2,0,2,2026-07-30T17:22:03.359623
43,1,7,5,0,5,2026-07-30T17:22:03.503989
43,1,8,5,0,5,2026-07-30T17:22:04.012357
43,1,9,5,0,5,2026-07-30T17:22:04.094220
43,1,10,5,0,5,2026-07-30T17:22:03.792680
43,2,1,5,0,5,2026-07-30T17:22:03.959156
43,2,2,5,0,5,2026-07-30T17:22:04.276220
43,2,3,5,0,5,2026-07-30T17:22:04.974937
43,2,4,5,0,5,2026-07-30T17:22:04.607382
43,2,5,5,0,5,2026-07-30T17:22:05.118704
43,2,6,5,0,5,2026-07-30T17:22:04.848477
43,2,7,5,0,5,2026-07-30T17:22:05.187700
43,2,8,5,0,5,2026-07-30T17:22:05.836650
43,2,9,5,0,5,2026-07-30T17:22:05.165568
43,2,10,5,0,5,2026-07-30T17:22:05.596575
43,3,1,0,0,0,2026-07-30T17:22:06.469228
43,3,2,2,0,2,2026-07-30T17:22:06.724353
43,3,3,2,0,2,2026-07-30T17:22:06.203686
43,3,4,2,0,2,2026-07-30T17:22:06.950747
43,3,5,0,0,0,2026-07-30T17:22:07.016822
43,3,6,2,0,2,2026-07-30T17:22:06.439232
43,3,7,2,0,2,2026-07-30T17:22:07.080753
43,3,8,2,0,2,2026-07-30T17:22:07.299780
43,3,9,0,0,0,2026-07-30T17:22:07.455330
43,3,10,2,0,2,2026-07-30T17:22:08.504024
43,4,1,3,0,3,2026-07-30T17:22:08.104419
43,4,2,0,0,0,2026-07-30T17:22:08.577170
43,4,3,3,0,3,2026-07-30T17:22:08.210570
43,4,4,0,0,0,2026-07-30T17:22:08.662154
43,4,5,0,0,0,2026-07-30T17:22:09.153636
43,4,6,0,0,0,2026-07-30T17:22:09.376217
43,4,7,0,0,0,2026-07-30T17:22:08.710107
43,4,8,2,0,2,2026-07-30T17:22:09.536041
43,4,9,0,0,0,2026-07-30T17:22:10.467759
43,4,10,2,0,2,2026-07-30T17:22:10.140077
43,5,1,0,0,0,2026-07-30T17:22:10.606079
43,5,2,0,0,0,2026-07-30T17:22:10.540435
43,5,3,0,0,0,2026-07-30T17:22:10.581260
43,5,4,0,0,0,2026-07-30T17:22:10.596328
43,5,5,0,0,0,2026-07-30T17:22:10.824095
43,5,6,0,0,0,2026-07-30T17:22:10.951355
43,5,7,0,0,0,2026-07-30T17:22:11.370932
43,5,8,0,0,0,2026-07-30T17:22:12.344533
43,5,9,0,0,0,2026-07-30T17:22:12.405764
43,5,10,0,0,0,2026-07-30T17:22:12.234678
43,6,1,5,0,5,2026-07-30T17:22:12.666743
43,6,2,5,0,5,2026-07-30T17:22:12.466371
43,6,3,5,0,5,2026-07-30T17:22:12.265120
43,6,4,5,0,5,2026-07-30T17:22:12.610228
43,6,5,5,0,5,2026-07-30T17:22:12.602873
43,6,6,5,0,5,2026-07-30T17:22:13.854467
43,6,7,5,0,5,2026-07-30T17:22:13.502168
43,6,8,5,0,5,2026-07-30T17:22:14.018779
43,6,9,5,0,5,2026-07-30T17:22:13.649711
43,6,10,5,0,5,2026-07-30T17:22:14.117669
43,7,1,5,0,5,2026-07-30T17:22:14.876321
43,7,2,5,0,5,2026-07-30T17:22:13.866355
43,7,3,5,0,5,2026-07-30T17:22:14.539730
43,7,4,5,0,5,2026-07-30T17:22:15.346670
43,7,5,5,0,5,2026-07-30T17:22:14.914921
43,7,6,5,0,5,2026-07-30T17:22:14.939769
43,7,7,5,0,5,2026-07-30T17:22:15.122141
43,7,8,5,0,5,2026-07-30T17:22:16.071840
43,7,9,5,0,5,2026-07-30T17:22:15.740803
43,7,10,5,0,5,2026-07-30T17:22:16.385424
43,8,1,5,0,5,2026-07-30T17:22:16.922361
43,8,2,5,0,5,2026-07-30T17:22:16.795344
43,8,3,5,0,5,2026-07-30T17:22:16.170525
43,8,4,5,0,5,2026-07-30T17:22:17.171765
43,8,5,5,0,5,2026-07-30T17:22:17.007540
43,8,6,5,0,5,2026-07-30T17:22:17.609715
43,8,7,5,0,5,2026-07-30T17:22:17.506260
43,8,8,5,0,5,2026-07-30T17:22:17.839803
43,8,9,5,0,5,2026-07-30T17:22:18.007105
43,8,10,5,0,5,2026-07-30T17:22:18.068482
43,9,1,2,0,2,2026-07-30T17:22:18.540036
43,9,2,2,0,2,2026-07-30T17:22:18.439662
43,9,3,2,0,2,2026-07-30T17:22:19.010132
43,9,4,2,0,2,2026-07-30T17:22:18.539598
43,9,5,5,0,5,2026-07-30T17:22:18.669970
43,9,6,3,0,3,2026-07-30T17:22:19.693469
43,9,7,3,0,3,2026-07-30T17:22:19.289601
43,9,8,3,0,3,2026-07-30T17:22:19.559725
43,9,9,2,0,2,2026-07-30T17:22:20.102710
43,9,10,2,0,2,2026-07-30T17:22:20.170178
43,10,1,0,0,0,2026-07-30T17:22:20.197520
43,10,2,0,0,0,2026-07-30T17:22:20.716615
43,10,3,0,0,0,2026-07-30T17:22:20.019152
43,10,4,0,0,0,2026-07-30T17:22:20.538972
43,10,5,0,0,0,2026-07-30T17:22:20.793595
43,10,6,0,0,0,2026-07-30T17:22:21.772481
43,10,7,2,0,2,2026-07-30T17:22:21.660640
43,10,8,0,0,0,2026-07-30T17:22:21.955226
43,10,9,0,0,0,2026-07-30T17:22:21.820455
43,10,10,0,0,0,2026-07-30T17:22:21.816644
43,11,1,5,0,5,2026-07-30T17:22:21.990886
43,11,2,5,0,5,2026-07-30T17:22:21.751021
43,11,3,5,0,5,2026-07-30T17:22:22.621598
43,11,4,5,0,5,2026-07-30T17:22:23.716304
43,11,5,5,0,5,2026-07-30T17:22:22.777549
43,11,6,5,0,5,2026-07-30T17:22:22.805718
43,11,7,5,0,5,2026-07-30T17:22:23.260891
43,11,8,5,0,5,2026-07-30T17:22:23.318395
43,11,9,5,0,5,2026-07-30T17:22:23.034543
43,11,10,5,0,5,2026-07-30T17:22:23.438127
43,12,1,5,0,5,2026-07-30T17:22:23.675949
43,12,2,5,0,5,2026-07-30T17:22:24.662058
43,12,3,5,0,5,2026-07-30T17:22:24.061718
43,12,4,5,0,5,2026-07-30T17:22:24.284473
43,12,5,5,0,5,2026-07-30T17:22:24.881193
43,12,6,5,0,5,2026-07-30T17:22:25.393445
43,12,7,5,0,5,2026-07-30T17:22:25.303621
43,12,8,5,0,5,2026-07-30T17:22:24.907871
43,12,9,5,0,5,2026-07-30T17:22:25.163378
43,12,10,5,0,5,2026-07-30T17:22:28.723998
43,13,1,2,0,2,2026-07-30T17:22:26.126824
43,13,2,0,0,0,2026-07-30T17:22:26.119146
43,13,3,3,0,3,2026-07-30T17:22:26.510941
43,13,4,2,0,2,2026-07-30T17:22:26.585048
43,13,5,1,0,1,2026-07-30T17:22:26.223330
43,13,6,2,0,2,2026-07-30T17:22:26.964741
43,13,7,3,0,3,2026-07-30T17:22:26.477583
43,13,8,2,0,2,2026-07-30T17:22:27.579790
43,13,9,3,0,3,2026-07-30T17:22:27.981257
43,13,10,1,0,1,2026-07-30T17:22:28.088047
43,14,1,3,0,3,2026-07-30T17:22:28.541531
43,14,2,5,0,5,2026-07-30T17:22:27.738244
43,14,3,5,0,5,2026-07-30T17:22:28.211318
43,14,4,3,0,3,2026-07-30T17:22:28.191682
43,14,5,5,0,5,2026-07-30T17:22:28.601211
43,14,6,5,0,5,2026-07-30T17:22:29.376981
43,14,7,5,0,5,2026-07-30T17:22:29.209189
43,14,8,5,0,5,2026-07-30T17:22:29.324166
43,14,9,5,0,5,2026-07-30T17:22:29.636635
43,14,10,5,0,5,2026-07-30T17:22:30.077231
43,15,1,0,0,0,2026-07-30T17:22:30.393997
43,15,2,0,0,0,2026-07-30T17:22:30.038582
43,15,3,0,0,0,2026-07-30T17:22:29.557584
43,15,4,0,0,0,2026-07-30T17:22:31.250820
43,15,5,0,0,0,2026-07-30T17:22:30.580701
43,15,6,0,0,0,2026-07-30T17:22:31.605158
43,15,7,0,0,0,2026-07-30T17:22:31.031113
43,15,8,0,0,0,2026-07-30T17:22:31.916381
43,15,9,0,0,0,2026-07-30T17:22:31.504653
43,15,10,0,0,0,2026-07-30T17:22:31.535672
43,16,1,5,0,5,2026-07-30T17:22:32.238674
43,16,2,5,0,5,2026-07-30T17:22:32.249954
43,16,3,5,0,5,2026-07-30T17:22:32.703890
43,16,4,5,0,5,2026-07-30T17:22:32.508735
43,16,5,5,0,5,2026-07-30T17:22:32.733201
43,16,6,5,0,5,2026-07-30T17:22:33.154562
43,16,7,5,0,5,2026-07-30T17:22:33.055286
43,16,8,5,0,5,2026-07-30T17:22:32.942175
43,16,9,5,0,5,2026-07-30T17:22:33.276446
43,16,10,5,0,5,2026-07-30T17:22:33.489866
43,17,1,5,0,5,2026-07-30T17:22:33.963563
43,17,2,5,0,5,2026-07-30T17:22:34.379846
43,17,3,5,0,5,2026-07-30T17:22:34.151470
43,17,4,5,0,5,2026-07-30T17:22:34.180988
43,17,5,5,0,5,2026-07-30T17:22:34.521641
43,17,6,5,0,5,2026-07-30T17:22:34.393205
43,17,7,5,0,5,2026-07-30T17:22:34.516516
43,17,8,5,0,5,2026-07-30T17:22:34.741455
43,17,9,5,0,5,2026-07-30T17:22:35.598065
43,17,10,5,0,5,2026-07-30T17:22:35.808791
43,18,1,5,0,5,2026-07-30T17:22:35.225835
43,18,2,5,0,5,2026-07-30T17:22:35.616950
43,18,3,5,0,5,2026-07-30T17:22:35.455441
43,18,4,5,0,5,2026-07-30T17:22:35.765007
43,18,5,5,0,5,2026-07-30T17:22:36.159005
43,18,6,3,0,3,2026-07-30T17:22:36.405793
43,18,7,5,0,5,2026-07-30T17:22:36.471040
43,18,8,5,0,5,2026-07-30T17:22:37.131699
43,18,9,5,0,5,2026-07-30T17:22:37.438278
43,18,10,5,0,5,2026-07-30T17:22:36.855360
43,19,1,5,0,5,2026-07-30T17:22:37.598111
43,19,2,5,0,5,2026-07-30T17:22:36.818286
43,19,3,5,0,5,2026-07-30T17:22:37.839054
43,19,4,5,0,5,2026-07-30T17:22:38.273727
43,19,5,5,0,5,2026-07-30T17:22:38.314868
43,19,6,5,0,5,2026-07-30T17:22:38.466163
43,19,7,5,0,5,2026-07-30T17:22:37.888476
43,19,8,5,0,5,2026-07-30T17:22:38.780085
43,19,9,5,0,5,2026-07-30T17:22:38.259482
43,19,10,5,0,5,2026-07-30T17:22:38.646651
43,20,1,5,0,5,2026-07-30T17:22:39.870339
43,20,2,5,0,5,2026-07-30T17:22:39.533241
43,20,3,5,0,5,2026-07-30T17:22:40.123287
43,20,4,5,0,5,2026-07-30T17:22:40.535173
43,20,5,4,0,4,2026-07-30T17:22:39.771644
43,20,6,5,0,5,2026-07-30T17:22:39.901757
43,20,7,3,0,3,2026-07-30T17:22:40.505115
43,20,8,5,0,5,2026-07-30T17:22:40.234276
43,20,9,5,0,5,2026-07-30T17:22:41.376555
43,20,10,5,0,5,2026-07-30T17:22:40.822511
43,21,1,5,0,5,2026-07-30T17:22:41.309015
43,21,2,5,0,5,2026-07-30T17:22:41.352385
43,21,3,5,0,5,2026-07-30T17:22:41.760208
43,21,4,5,0,5,2026-07-30T17:22:41.652937
43,21,5,5,0,5,2026-07-30T17:22:41.970854
43,21,6,5,0,5,2026-07-30T17:22:41.957145
43,21,7,5,0,5,2026-07-30T17:22:42.293199
43,21,8,5,0,5,2026-07-30T17:22:42.749060
43,21,9,5,0,5,2026-07-30T17:22:42.817433
43,21,10,5,0,5,2026-07-30T17:22:43.018368
43,22,1,5,0,5,2026-07-30T17:22:43.534303
43,22,2,5,0,5,2026-07-30T17:22:42.790650
43,22,3,5,0,5,2026-07-30T17:22:43.177711
43,22,4,5,0,5,2026-07-30T17:22:44.201898
43,22,5,5,0,5,2026-07-30T17:22:43.744127
43,22,6,5,0,5,2026-07-30T17:22:44.791063
43,22,7,5,0,5,2026-07-30T17:22:44.065022
43,22,8,5,0,5,2026-07-30T17:22:44.674765
43,22,9,5,0,5,2026-07-30T17:22:44.479337
43,22,10,5,0,5,2026-07-30T17:22:44.629460
43,23,1,5,0,5,2026-07-30T17:22:44.789273
43,23,2,5,0,5,2026-07-30T17:22:45.196625
43,23,3,5,0,5,2026-07-30T17:22:45.498257
43,23,4,5,0,5,2026-07-30T17:22:45.866312
43,23,5,5,0,5,2026-07-30T17:22:45.744623
43,23,6,5,0,5,2026-07-30T17:22:46.083451
43,23,7,5,0,5,2026-07-30T17:22:46.742641
43,23,8,5,0,5,2026-07-30T17:22:45.829114
43,23,9,5,0,5,2026-07-30T17:22:46.253884
43,23,10,5,0,5,2026-07-30T17:22:47.009965
43,24,1,0,0,0,2026-07-30T17:22:46.720710
43,24,2,0,0,0,2026-07-30T17:22:46.998792
43,24,3,0,0,0,2026-07-30T17:22:47.683275
43,24,4,0,0,0,2026-07-30T17:22:47.711443
43,24,5,0,0,0,2026-07-30T17:22:47.339147
43,24,6,0,0,0,2026-07-30T17:22:48.056963
43,24,7,0,0,0,2026-07-30T17:22:47.751951
43,24,8,0,0,0,2026-07-30T17:22:48.409467
43,24,9,5,0,5,2026-07-30T17:22:49.065640
43,24,10,0,0,0,2026-07-30T17:22:48.665178
43,25,1,0,0,0,2026-07-30T17:22:48.559037
43,25,2,0,0,0,2026-07-30T17:22:49.549085
43,25,3,0,0,0,2026-07-30T17:22:48.755194
43,25,4,0,0,0,2026-07-30T17:22:49.207045
43,25,5,0,0,0,2026-07-30T17:22:50.091417
43,25,6,0,0,0,2026-07-30T17:22:50.038342
43,25,7,0,0,0,2026-07-30T17:22:49.987283
43,25,8,0,0,0,2026-07-30T17:22:50.098632
43,25,9,0,0,0,2026-07-30T17:22:50.191630
43,25,10,0,0,0,2026-07-30T17:22:50.757303
43,26,1,0,0,0,2026-07-30T17:22:51.057368
43,26,2,0,0,0,2026-07-30T17:22:50.600884
43,26,3,2,0,2,2026-07-30T17:22:51.218403
43,26,4,0,0,0,2026-07-30T17:22:51.479861
43,26,5,0,0,0,2026-07-30T17:22:52.135897
43,26,6,2,0,2,2026-07-30T17:22:51.325615
43,26,7,5,0,5,2026-07-30T17:22:51.826014
43,26,8,0,0,0,2026-07-30T17:22:52.480646
43,26,9,0,0,0,2026-07-30T17:22:52.003067
43,26,10,2,0,2,2026-07-30T17:22:52.109569
43,27,1,5,0,5,2026-07-30T17:22:52.686576
43,27,2,5,0,5,2026-07-30T17:22:52.982894
43,27,3,5,0,5,2026-07-30T17:22:53.360354
43,27,4,5,0,5,2026-07-30T17:22:53.666471
43,27,5,5,0,5,2026-07-30T17:22:53.033402
43,27,6,5,0,5,2026-07-30T17:22:53.743911
43,27,7,5,0,5,2026-07-30T17:22:53.586589
43,27,8,5,0,5,2026-07-30T17:22:54.544959
43,27,9,5,0,5,2026-07-30T17:22:54.128656
43,27,10,5,0,5,2026-07-30T17:22:54.224858
43,28,1,5,0,5,2026-07-30T17:22:54.072229
43,28,2,3,0,3,2026-07-30T17:22:55.012190
43,28,3,3,0,3,2026-07-30T17:22:55.648787
43,28,4,4,0,4,2026-07-30T17:22:55.526477
43,28,5,5,0,5,2026-07-30T17:22:55.562845
43,28,6,3,0,3,2026-07-30T17:22:55.103085
43,28,7,5,0,5,2026-07-30T17:22:55.807765
43,28,8,3,0,3,2026-07-30T17:22:55.897560
43,28,9,3,0,3,2026-07-30T17:22:56.204102
43,28,10,3,0,3,2026-07-30T17:22:56.840015
43,29,1,5,0,5,2026-07-30T17:22:56.351815
43,29,2,5,0,5,2026-07-30T17:22:56.943854
43,29,3,5,0,5,2026-07-30T17:22:56.807076
43,29,4,5,0,5,2026-07-30T17:22:57.083878
43,29,5,5,0,5,2026-07-30T17:22:57.255368
43,29,6,5,0,5,2026-07-30T17:22:57.325895
43,29,7,5,0,5,2026-07-30T17:22:57.648124
43,29,8,5,0,5,2026-07-30T17:22:58.168695
43,29,9,5,0,5,2026-07-30T17:22:58.673024
43,29,10,5,0,5,2026-07-30T17:22:57.881127
43,30,1,5,0,5,2026-07-30T17:22:59.012379
43,30,2,5,0,5,2026-07-30T17:22:58.931482
43,30,3,5,0,5,2026-07-30T17:22:58.708075
43,30,4,5,0,5,2026-07-30T17:22:58.967332
43,30,5,5,0,5,2026-07-30T17:22:59.274529
43,30,6,5,0,5,2026-07-30T17:22:59.938204
43,30,7,5,0,5,2026-07-30T17:23:00.028035
43,30,8,5,0,5,2026-07-30T17:23:00.313637
43,30,9,5,0,5,2026-07-30T17:22:59.740451
43,30,10,5,0,5,2026-07-30T17:23:00.571906
44,1,1,5,0,5,2026-07-30T17:23:00.808576
44,1,2,5,0,5,2026-07-30T17:23:00.467744
44,1,3,5,0,5,2026-07-30T17:23:01.145544
44,1,4,5,0,5,2026-07-30T17:23:01.568774
44,1,5,5,0,5,2026-07-30T17:23:01.573880
44,1,6,5,0,5,2026-07-30T17:23:01.235916
44,1,7,5,0,5,2026-07-30T17:23:01.561438
44,1,8,5,0,5,2026-07-30T17:23:02.302145
44,1,9,5,0,5,2026-07-30T17:23:01.839835
44,1,10,5,0,5,2026-07-30T17:23:01.861323
44,2,1,5,0,5,2026-07-30T17:23:02.584277
44,2,2,5,0,5,2026-07-30T17:23:02.479831
44,2,3,5,0,5,2026-07-30T17:23:02.805223
44,2,4,5,0,5,2026-07-30T17:23:02.816002
44,2,5,5,0,5,2026-07-30T17:23:03.213702
44,2,6,5,0,5,2026-07-30T17:23:02.860286
44,2,7,5,0,5,2026-07-30T17:23:03.106447
44,2,8,5,0,5,2026-07-30T17:23:04.163210
44,2,9,5,0,5,2026-07-30T17:23:03.692155
44,2,10,5,0,5,2026-07-30T17:23:04.041404
44,3,1,5,0,5,2026-07-30T17:23:04.054424
44,3,2,5,0,5,2026-07-30T17:23:04.461651
44,3,3,5,0,5,2026-07-30T17:23:04.705779
44,3,4,5,0,5,2026-07-30T17:23:04.947873
44,3,5,5,0,5,2026-07-30T17:23:04.271687
44,3,6,5,0,5,2026-07-30T17:23:05.580249
44,3,7,0,0,0,2026-07-30T17:23:05.492178
44,3,8,5,0,5,2026-07-30T17:23:05.517675
44,3,9,5,0,5,2026-07-30T17:23:05.222784
44,3,10,5,0,5,2026-07-30T17:23:06.116367
44,4,1,5,0,5,2026-07-30T17:23:06.307903
44,4,2,5,0,5,2026-07-30T17:23:06.376395
44,4,3,0,0,0,2026-07-30T17:23:06.629348
44,4,4,5,0,5,2026-07-30T17:23:06.866237
44,4,5,5,0,5,2026-07-30T17:23:06.934975
44,4,6,5,0,5,2026-07-30T17:23:07.371692
44,4,7,5,0,5,2026-07-30T17:23:07.037056
44,4,8,5,0,5,2026-07-30T17:23:07.997665
44,4,9,5,0,5,2026-07-30T17:23:07.559978
44,4,10,5,0,5,2026-07-30T17:23:07.828303
44,5,1,5,0,5,2026-07-30T17:23:07.877407
44,5,2,5,0,5,2026-07-30T17:23:08.311816
44,5,3,5,0,5,2026-07-30T17:23:09.005607
44,5,4,5,0,5,2026-07-30T17:23:08.688091
44,5,5,5,0,5,2026-07-30T17:23:09.034879
44,5,6,5,0,5,2026-07-30T17:23:09.406493
44,5,7,5,0,5,2026-07-30T17:23:09.099666
44,5,8,5,0,5,2026-07-30T17:23:09.926310
44,5,9,5,0,5,2026-07-30T17:23:09.268359
44,5,10,5,0,5,2026-07-30T17:23:09.552109
44,6,1,5,0,5,2026-07-30T17:23:10.544130
44,6,2,5,0,5,2026-07-30T17:23:10.445406
44,6,3,5,0,5,2026-07-30T17:23:10.278354
44,6,4,5,0,5,2026-07-30T17:23:11.181830
44,6,5,5,0,5,2026-07-30T17:23:10.522056
44,6,6,5,0,5,2026-07-30T17:23:11.054348
44,6,7,5,0,5,2026-07-30T17:23:11.400310
44,6,8,5,0,5,2026-07-30T17:23:11.407588
44,6,9,5,0,5,2026-07-30T17:23:11.709911
44,6,10,5,0,5,2026-07-30T17:23:12.485319
44,7,1,5,0,5,2026-07-30T17:23:11.971027
44,7,2,5,0,5,2026-07-30T17:23:11.572768
44,7,3,5,0,5,2026-07-30T17:23:12.311837
44,7,4,5,0,5,2026-07-30T17:23:12.831012
44,7,5,5,0,5,2026-07-30T17:23:13.055838
44,7,6,5,0,5,2026-07-30T17:23:13.062124
44,7,7,5,0,5,2026-07-30T17:23:12.806500
44,7,8,5,0,5,2026-07-30T17:23:12.766120
44,7,9,5,0,5,2026-07-30T17:23:13.243077
44,7,10,5,0,5,2026-07-30T17:23:13.750290
44,8,1,5,0,5,2026-07-30T17:23:14.528436
44,8,2,5,0,5,2026-07-30T17:23:14.193681
44,8,3,5,0,5,2026-07-30T17:23:14.218971
44,8,4,5,0,5,2026-07-30T17:23:14.263637
44,8,5,5,0,5,2026-07-30T17:23:14.899789
44,8,6,5,0,5,2026-07-30T17:23:14.610114
44,8,7,5,0,5,2026-07-30T17:23:14.875946
44,8,8,5,0,5,2026-07-30T17:23:14.956867
44,8,9,5,0,5,2026-07-30T17:23:16.015310
44,8,10,5,0,5,2026-07-30T17:23:16.058565
44,9,1,0,0,0,2026-07-30T17:23:15.280364
44,9,2,0,0,0,2026-07-30T17:23:15.563756
44,9,3,1,0,1,2026-07-30T17:23:16.666291
44,9,4,1,0,1,2026-07-30T17:23:16.323829
44,9,5,0,0,0,2026-07-30T17:23:16.363590
44,9,6,0,0,0,2026-07-30T17:23:16.799180
44,9,7,5,0,5,2026-07-30T17:23:16.935047
44,9,8,0,0,0,2026-07-30T17:23:17.404531
44,9,9,0,0,0,2026-07-30T17:23:17.254100
44,9,10,0,0,0,2026-07-30T17:23:17.497407
44,10,1,5,0,5,2026-07-30T17:23:17.562220
44,10,2,5,0,5,2026-07-30T17:23:17.410699
44,10,3,5,0,5,2026-07-30T17:23:18.116076
44,10,4,5,0,5,2026-07-30T17:23:18.622605
44,10,5,5,0,5,2026-07-30T17:23:18.193906
44,10,6,5,0,5,2026-07-30T17:23:18.931481
44,10,7,5,0,5,2026-07-30T17:23:19.069064
44,10,8,5,0,5,2026-07-30T17:23:19.281543
44,10,9,5,0,5,2026-07-30T17:23:18.965724
44,10,10,5,0,5,2026-07-30T17:23:19.203371
44,11,1,5,0,5,2026-07-30T17:23:19.334947
44,11,2,5,0,5,2026-07-30T17:23:20.055922
44,11,3,5,0,5,2026-07-30T17:23:20.082448
44,11,4,5,0,5,2026-07-30T17:23:23.193267
44,11,5,5,0,5,2026-07-30T17:23:20.398400
44,11,6,5,0,5,2026-07-30T17:23:20.321146
44,11,7,5,0,5,2026-07-30T17:23:20.230582
44,11,8,5,0,5,2026-07-30T17:23:23.082049
44,11,9,5,0,5,2026-07-30T17:23:23.166713
44,11,10,5,0,5,2026-07-30T17:23:22.982229
44,12,1,5,0,5,2026-07-30T17:23:23.006909
44,12,2,5,0,5,2026-07-30T17:23:23.171286
44,12,3,5,0,5,2026-07-30T17:23:23.020870
44,12,4,5,0,5,2026-07-30T17:23:23.060563
44,12,5,5,0,5,2026-07-30T17:23:23.851035
44,12,6,5,0,5,2026-07-30T17:23:24.654847
44,12,7,5,0,5,2026-07-30T17:23:24.245726
44,12,8,5,0,5,2026-07-30T17:23:24.727549
44,12,9,5,0,5,2026-07-30T17:23:24.990039
44,12,10,5,0,5,2026-07-30T17:23:24.829549
44,13,1,5,0,5,2026-07-30T17:23:24.633594
44,13,2,5,0,5,2026-07-30T17:23:25.233962
44,13,3,5,0,5,2026-07-30T17:23:25.509354
44,13,4,5,0,5,2026-07-30T17:23:25.734487
44,13,5,5,0,5,2026-07-30T17:23:26.292491
44,13,6,5,0,5,2026-07-30T17:23:26.738653
44,13,7,5,0,5,2026-07-30T17:23:26.350617
44,13,8,5,0,5,2026-07-30T17:23:26.681975
44,13,9,5,0,5,2026-07-30T17:23:26.014190
44,13,10,5,0,5,2026-07-30T17:23:26.848868
44,14,1,5,0,5,2026-07-30T17:23:26.586147
44,14,2,5,0,5,2026-07-30T17:23:27.196493
44,14,3,5,0,5,2026-07-30T17:23:27.476049
44,14,4,5,0,5,2026-07-30T17:23:27.731978
44,14,5,5,0,5,2026-07-30T17:23:27.786176
44,14,6,5,0,5,2026-07-30T17:23:27.827177
44,14,7,5,0,5,2026-07-30T17:23:27.706399
44,14,8,5,0,5,2026-07-30T17:23:27.997391
44,14,9,5,0,5,2026-07-30T17:23:28.701771
44,14,10,5,0,5,2026-07-30T17:23:29.080506
44,15,1,5,0,5,2026-07-30T17:23:28.542335
44,15,2,5,0,5,2026-07-30T17:23:28.734717
44,15,3,5,0,5,2026-07-30T17:23:29.401358
44,15,4,5,0,5,2026-07-30T17:23:28.833672
44,15,5,5,0,5,2026-07-30T17:23:29.706499
44,15,6,5,0,5,2026-07-30T17:23:29.040269
44,15,7,5,0,5,2026-07-30T17:23:29.779747
44,15,8,5,0,5,2026-07-30T17:23:30.335516
44,15,9,5,0,5,2026-07-30T17:23:29.995341
44,15,10,5,0,5,2026-07-30T17:23:30.707277
44,16,1,5,0,5,2026-07-30T17:23:30.911526
44,16,2,5,0,5,2026-07-30T17:23:30.514419
44,16,3,5,0,5,2026-07-30T17:23:31.258678
44,16,4,5,0,5,2026-07-30T17:23:31.566237
44,16,5,5,0,5,2026-07-30T17:23:31.429102
44,16,6,5,0,5,2026-07-30T17:23:31.420834
44,16,7,5,0,5,2026-07-30T17:23:31.975966
44,16,8,5,0,5,2026-07-30T17:23:32.568561
44,16,9,5,0,5,2026-07-30T17:23:32.349295
44,16,10,5,0,5,2026-07-30T17:23:32.753211
44,17,1,5,0,5,2026-07-30T17:23:32.898745
44,17,2,5,0,5,2026-07-30T17:23:32.670416
44,17,3,5,0,5,2026-07-30T17:23:33.460345
44,17,4,5,0,5,2026-07-30T17:23:33.043987
44,17,5,5,0,5,2026-07-30T17:23:33.474449
44,17,6,5,0,5,2026-07-30T17:23:33.372480
44,17,7,5,0,5,2026-07-30T17:23:33.814800
44,17,8,5,0,5,2026-07-30T17:23:33.914813
44,17,9,5,0,5,2026-07-30T17:23:34.386727
44,17,10,5,0,5,2026-07-30T17:23:34.144411
44,18,1,5,0,5,2026-07-30T17:23:34.268358
44,18,2,5,0,5,2026-07-30T17:23:34.802638
44,18,3,5,0,5,2026-07-30T17:23:35.085430
44,18,4,5,0,5,2026-07-30T17:23:35.524303
44,18,5,5,0,5,2026-07-30T17:23:35.890882
44,18,6,5,0,5,2026-07-30T17:23:35.151807
44,18,7,5,0,5,2026-07-30T17:23:35.610070
44,18,8,5,0,5,2026-07-30T17:23:35.904548
44,18,9,5,0,5,2026-07-30T17:23:36.019707
44,18,10,5,0,5,2026-07-30T17:23:36.474933
44,19,1,5,0,5,2026-07-30T17:23:36.299910
44,19,2,5,0,5,2026-07-30T17:23:36.585557
44,19,3,5,0,5,2026-07-30T17:23:37.159307
44,19,4,5,0,5,2026-07-30T17:23:36.848555
44,19,5,5,0,5,2026-07-30T17:23:37.150838
44,19,6,5,0,5,2026-07-30T17:23:37.355177
44,19,7,5,0,5,2026-07-30T17:23:37.694728
44,19,8,5,0,5,2026-07-30T17:23:37.963289
44,19,9,5,0,5,2026-07-30T17:23:38.125987
44,19,10,5,0,5,2026-07-30T17:23:38.000282
44,20,1,5,0,5,2026-07-30T17:23:38.508331
44,20,2,5,0,5,2026-07-30T17:23:39.001907
44,20,3,5,0,5,2026-07-30T17:23:38.408384
44,20,4,5,0,5,2026-07-30T17:23:38.998250
44,20,5,5,0,5,2026-07-30T17:23:38.705953
44,20,6,5,0,5,2026-07-30T17:23:39.998762
44,20,7,5,0,5,2026-07-30T17:23:39.454683
44,20,8,5,0,5,2026-07-30T17:23:39.570359
44,20,9,5,0,5,2026-07-30T17:23:40.261840
44,20,10,5,0,5,2026-07-30T17:23:39.751045
44,21,1,5,0,5,2026-07-30T17:23:40.576359
44,21,2,5,0,5,2026-07-30T17:23:40.223051
44,21,3,5,0,5,2026-07-30T17:23:40.657711
44,21,4,5,0,5,2026-07-30T17:23:40.906238
44,21,5,5,0,5,2026-07-30T17:23:41.224388
44,21,6,5,0,5,2026-07-30T17:23:41.802503
44,21,7,5,0,5,2026-07-30T17:23:41.674673
44,21,8,5,0,5,2026-07-30T17:23:41.690208
44,21,9,5,0,5,2026-07-30T17:23:41.529911
44,21,10,5,0,5,2026-07-30T17:23:41.987047
44,22,1,5,0,5,2026-07-30T17:23:41.885664
44,22,2,5,0,5,2026-07-30T17:23:42.358135
44,22,3,5,0,5,2026-07-30T17:23:42.680155
44,22,4,5,0,5,2026-07-30T17:23:42.777351
44,22,5,5,0,5,2026-07-30T17:23:43.565146
44,22,6,5,0,5,2026-07-30T17:23:43.530098
44,22,7,5,0,5,2026-07-30T17:23:43.229376
44,22,8,5,0,5,2026-07-30T17:23:43.743413
44,22,9,5,0,5,2026-07-30T17:23:43.831426
44,22,10,5,0,5,2026-07-30T17:23:43.998073
44,23,1,5,0,5,2026-07-30T17:23:43.927906
44,23,2,5,0,5,2026-07-30T17:23:43.599157
44,23,3,5,0,5,2026-07-30T17:23:44.275553
44,23,4,5,0,5,2026-07-30T17:23:45.170509
44,23,5,5,0,5,2026-07-30T17:23:45.216411
44,23,6,5,0,5,2026-07-30T17:23:45.439227
44,23,7,5,0,5,2026-07-30T17:23:44.752690
44,23,8,5,0,5,2026-07-30T17:23:44.855153
44,23,9,5,0,5,2026-07-30T17:23:45.402718
44,23,10,5,0,5,2026-07-30T17:23:45.433295
44,24,1,5,0,5,2026-07-30T17:23:45.935680
44,24,2,5,0,5,2026-07-30T17:23:46.590627
44,24,3,5,0,5,2026-07-30T17:23:46.289466
44,24,4,5,0,5,2026-07-30T17:23:47.019895
44,24,5,0,0,0,2026-07-30T17:23:46.852048
44,24,6,5,0,5,2026-07-30T17:23:46.862223
44,24,7,0,0,0,2026-07-30T17:23:47.064605
44,24,8,0,0,0,2026-07-30T17:23:47.292960
44,24,9,5,0,5,2026-07-30T17:23:47.968909
44,24,10,5,0,5,2026-07-30T17:23:47.733351
44,25,1,5,0,5,2026-07-30T17:23:48.257680
44,25,2,5,0,5,2026-07-30T17:23:48.924152
44,25,3,5,0,5,2026-07-30T17:23:48.518357
44,25,4,5,0,5,2026-07-30T17:23:48.878204
44,25,5,5,0,5,2026-07-30T17:23:48.118462
44,25,6,5,0,5,2026-07-30T17:23:48.541508
44,25,7,5,0,5,2026-07-30T17:23:48.986886
44,25,8,5,0,5,2026-07-30T17:23:49.218281
44,25,9,5,0,5,2026-07-30T17:23:49.763734
44,25,10,5,0,5,2026-07-30T17:23:49.942305
44,26,1,5,0,5,2026-07-30T17:23:49.955354
44,26,2,5,0,5,2026-07-30T17:23:50.211890
44,26,3,5,0,5,2026-07-30T17:23:50.543239
44,26,4,5,0,5,2026-07-30T17:23:50.377800
44,26,5,5,0,5,2026-07-30T17:23:50.230426
44,26,6,5,0,5,2026-07-30T17:23:51.067744
44,26,7,5,0,5,2026-07-30T17:23:51.398857
44,26,8,5,0,5,2026-07-30T17:23:51.393318
44,26,9,5,0,5,2026-07-30T17:23:51.612727
44,26,10,5,0,5,2026-07-30T17:23:52.071910
44,27,1,5,0,5,2026-07-30T17:23:52.072951
44,27,2,5,0,5,2026-07-30T17:23:52.238178
44,27,3,5,0,5,2026-07-30T17:23:52.609753
44,27,4,5,0,5,2026-07-30T17:23:52.122813
44,27,5,5,0,5,2026-07-30T17:23:53.233018
44,27,6,5,0,5,2026-07-30T17:23:52.443386
44,27,7,5,0,5,2026-07-30T17:23:53.651430
44,27,8,5,0,5,2026-07-30T17:23:53.538482
44,27,9,5,0,5,2026-07-30T17:23:53.538083
44,27,10,5,0,5,2026-07-30T17:23:53.792217
44,28,1,5,0,5,2026-07-30T17:23:54.106012
44,28,2,5,0,5,2026-07-30T17:23:53.700422
44,28,3,5,0,5,2026-07-30T17:23:54.293523
44,28,4,5,0,5,2026-07-30T17:23:54.288338
44,28,5,5,0,5,2026-07-30T17:23:55.189018
44,28,6,5,0,5,2026-07-30T17:23:55.590289
44,28,7,5,0,5,2026-07-30T17:23:54.903552
44,28,8,5,0,5,2026-07-30T17:23:55.166349
44,28,9,5,0,5,2026-07-30T17:23:55.453825
44,28,10,5,0,5,2026-07-30T17:23:55.150240
44,29,1,5,0,5,2026-07-30T17:23:55.730267
44,29,2,5,0,5,2026-07-30T17:23:55.344589
44,29,3,5,0,5,2026-07-30T17:23:55.960085
44,29,4,5,0,5,2026-07-30T17:23:56.796772
44,29,5,5,0,5,2026-07-30T17:23:56.632241
44,29,6,5,0,5,2026-07-30T17:23:56.642931
44,29,7,5,0,5,2026-07-30T17:23:56.991007
44,29,8,5,0,5,2026-07-30T17:23:56.697694
44,29,9,5,0,5,2026-07-30T17:23:57.237357
44,29,10,5,0,5,2026-07-30T17:23:56.981570
44,30,1,5,0,5,2026-07-30T17:23:57.415768
44,30,2,5,0,5,2026-07-30T17:23:58.311197
44,30,3,5,0,5,2026-07-30T17:23:58.512403
44,30,4,5,0,5,2026-07-30T17:23:58.758044
44,30,5,5,0,5,2026-07-30T17:23:58.641834
44,30,6,5,0,5,2026-07-30T17:23:58.635313
44,30,7,5,0,5,2026-07-30T17:23:58.495416
44,30,8,5,0,5,2026-07-30T17:23:58.291383
44,30,9,5,0,5,2026-07-30T17:23:59.275015
44,30,10,5,0,5,2026-07-30T17:24:00.364565
45,1,1,5,0,5,2026-07-30T17:23:59.958089
45,1,2,5,0,5,2026-07-30T17:24:00.353076
45,1,3,5,0,5,2026-07-30T17:23:59.721307
45,1,4,5,0,5,2026-07-30T17:24:00.061892
45,1,5,5,0,5,2026-07-30T17:24:00.318040
45,1,6,5,0,5,2026-07-30T17:23:59.794448
45,1,7,5,0,5,2026-07-30T17:24:00.910868
45,1,8,5,0,5,2026-07-30T17:24:01.325484
45,1,9,5,0,5,2026-07-30T17:24:01.820493
45,1,10,5,0,5,2026-07-30T17:24:01.029224
45,2,1,5,0,5,2026-07-30T17:24:01.525174
45,2,2,5,0,5,2026-07-30T17:24:02.165660
45,2,3,5,0,5,2026-07-30T17:24:01.826390
45,2,4,5,0,5,2026-07-30T17:24:02.028401
45,2,5,5,0,5,2026-07-30T17:24:02.566494
45,2,6,5,0,5,2026-07-30T17:24:02.066086
45,2,7,5,0,5,2026-07-30T17:24:02.347878
45,2,8,5,0,5,2026-07-30T17:24:02.979131
45,2,9,5,0,5,2026-07-30T17:24:03.649344
45,2,10,5,0,5,2026-07-30T17:24:03.272009
45,3,1,5,0,5,2026-07-30T17:24:03.456889
45,3,2,5,0,5,2026-07-30T17:24:03.937177
45,3,3,5,0,5,2026-07-30T17:24:03.222039
45,3,4,5,0,5,2026-07-30T17:24:04.194261
45,3,5,5,0,5,2026-07-30T17:24:03.816775
45,3,6,5,0,5,2026-07-30T17:24:04.420559
45,3,7,5,0,5,2026-07-30T17:24:04.903343
45,3,8,5,0,5,2026-07-30T17:24:04.520561
45,3,9,5,0,5,2026-07-30T17:24:05.131071
45,3,10,5,0,5,2026-07-30T17:24:04.654069
45,4,1,5,0,5,2026-07-30T17:24:05.684451
45,4,2,5,0,5,2026-07-30T17:24:04.986156
45,4,3,5,0,5,2026-07-30T17:24:06.056769
45,4,4,5,0,5,2026-07-30T17:24:06.281277
45,4,5,5,0,5,2026-07-30T17:24:06.377260
45,4,6,5,0,5,2026-07-30T17:24:06.736260
45,4,7,5,0,5,2026-07-30T17:24:06.159700
45,4,8,5,0,5,2026-07-30T17:24:06.631567
45,4,9,5,0,5,2026-07-30T17:24:06.997819
45,4,10,5,0,5,2026-07-30T17:24:06.717975
45,5,1,5,0,5,2026-07-30T17:24:07.652435
45,5,2,5,0,5,2026-07-30T17:24:07.188519
45,5,3,5,0,5,2026-07-30T17:24:07.536687
45,5,4,5,0,5,2026-07-30T17:24:08.045453
45,5,5,5,0,5,2026-07-30T17:24:08.083572
45,5,6,5,0,5,2026-07-30T17:24:07.953990
45,5,7,5,0,5,2026-07-30T17:24:08.568701
45,5,8,5,0,5,2026-07-30T17:24:08.214653
45,5,9,5,0,5,2026-07-30T17:24:08.850470
45,5,10,5,0,5,2026-07-30T17:24:08.983282
45,6,1,5,0,5,2026-07-30T17:24:08.696645
45,6,2,5,0,5,2026-07-30T17:24:09.770753
45,6,3,5,0,5,2026-07-30T17:24:09.678525
45,6,4,5,0,5,2026-07-30T17:24:09.323866
45,6,5,5,0,5,2026-07-30T17:24:09.449818
45,6,6,5,0,5,2026-07-30T17:24:10.220516
45,6,7,5,0,5,2026-07-30T17:24:10.353506
45,6,8,5,0,5,2026-07-30T17:24:10.700844
45,6,9,5,0,5,2026-07-30T17:24:10.822021
45,6,10,5,0,5,2026-07-30T17:24:10.995333
45,7,1,5,0,5,2026-07-30T17:24:10.884789
45,7,2,5,0,5,2026-07-30T17:24:11.522766
45,7,3,5,0,5,2026-07-30T17:24:11.215568
45,7,4,5,0,5,2026-07-30T17:24:11.472726
45,7,5,5,0,5,2026-07-30T17:24:11.400018
45,7,6,5,0,5,2026-07-30T17:24:12.753548
45,7,7,5,0,5,2026-07-30T17:24:12.085851
45,7,8,5,0,5,2026-07-30T17:24:12.761521
45,7,9,5,0,5,2026-07-30T17:24:12.451351
45,7,10,5,0,5,2026-07-30T17:24:12.273126
45,8,1,5,0,5,2026-07-30T17:24:12.875004
45,8,2,5,0,5,2026-07-30T17:24:12.522506
45,8,3,5,0,5,2026-07-30T17:24:12.768133
45,8,4,5,0,5,2026-07-30T17:24:13.721303
45,8,5,5,0,5,2026-07-30T17:24:13.726168
45,8,6,5,0,5,2026-07-30T17:24:14.307371
45,8,7,5,0,5,2026-07-30T17:24:13.754210
45,8,8,5,0,5,2026-07-30T17:24:14.810129
45,8,9,5,0,5,2026-07-30T17:24:14.227971
45,8,10,5,0,5,2026-07-30T17:24:13.820916
45,9,1,5,0,5,2026-07-30T17:24:14.143079
45,9,2,5,0,5,2026-07-30T17:24:15.156801
45,9,3,5,0,5,2026-07-30T17:24:15.212232
45,9,4,5,0,5,2026-07-30T17:24:15.610044
45,9,5,5,0,5,2026-07-30T17:24:14.840733
45,9,6,5,0,5,2026-07-30T17:24:15.801161
45,9,7,5,0,5,2026-07-30T17:24:15.242060
45,9,8,5,0,5,2026-07-30T17:24:15.329832
45,9,9,5,0,5,2026-07-30T17:24:16.643789
45,9,10,5,0,5,2026-07-30T17:24:15.870741
45,10,1,5,0,5,2026-07-30T17:24:16.996574
45,10,2,5,0,5,2026-07-30T17:24:16.493085
45,10,3,5,0,5,2026-07-30T17:24:16.902951
45,10,4,5,0,5,2026-07-30T17:24:17.196020
45,10,5,5,0,5,2026-07-30T17:24:17.294379
45,10,6,5,0,5,2026-07-30T17:24:17.863027
45,10,7,5,0,5,2026-07-30T17:24:17.588349
45,10,8,5,0,5,2026-07-30T17:24:17.534689
45,10,9,5,0,5,2026-07-30T17:24:18.094257
45,10,10,5,0,5,2026-07-30T17:24:18.576297
45,11,1,5,0,5,2026-07-30T17:24:18.033653
45,11,2,5,0,5,2026-07-30T17:24:18.431264
45,11,3,5,0,5,2026-07-30T17:24:18.619608
45,11,4,5,0,5,2026-07-30T17:24:19.179903
45,11,5,5,0,5,2026-07-30T17:24:19.460898
45,11,6,5,0,5,2026-07-30T17:24:19.157252
45,11,7,5,0,5,2026-07-30T17:24:19.702903
45,11,8,5,0,5,2026-07-30T17:24:19.762765
45,11,9,5,0,5,2026-07-30T17:24:19.681557
45,11,10,5,0,5,2026-07-30T17:24:20.223560
45,12,1,5,0,5,2026-07-30T17:24:19.837171
45,12,2,5,0,5,2026-07-30T17:24:20.199912
45,12,3,5,0,5,2026-07-30T17:24:21.000716
45,12,4,5,0,5,2026-07-30T17:24:21.527560
45,12,5,5,0,5,2026-07-30T17:24:21.129907
45,12,6,5,0,5,2026-07-30T17:24:21.562051
45,12,7,5,0,5,2026-07-30T17:24:21.389989
45,12,8,5,0,5,2026-07-30T17:24:21.097917
45,12,9,5,0,5,2026-07-30T17:24:22.059110
45,12,10,5,0,5,2026-07-30T17:24:21.504905
45,13,1,5,0,5,2026-07-30T17:24:22.270673
45,13,2,5,0,5,2026-07-30T17:24:22.546675
45,13,3,5,0,5,2026-07-30T17:24:22.328087
45,13,4,5,0,5,2026-07-30T17:24:23.441682
45,13,5,5,0,5,2026-07-30T17:24:23.569290
45,13,6,5,0,5,2026-07-30T17:24:22.837379
45,13,7,5,0,5,2026-07-30T17:24:23.228938
45,13,8,5,0,5,2026-07-30T17:24:23.900924
45,13,9,5,0,5,2026-07-30T17:24:23.901035
45,13,10,5,0,5,2026-07-30T17:24:23.568582
45,14,1,5,0,5,2026-07-30T17:24:23.391698
45,14,2,5,0,5,2026-07-30T17:24:24.692241
45,14,3,5,0,5,2026-07-30T17:24:24.670555
45,14,4,5,0,5,2026-07-30T17:24:25.037208
45,14,5,5,0,5,2026-07-30T17:24:24.902990
45,14,6,5,0,5,2026-07-30T17:24:25.212682
45,14,7,5,0,5,2026-07-30T17:24:24.426257
45,14,8,5,0,5,2026-07-30T17:24:25.149118
45,14,9,5,0,5,2026-07-30T17:24:25.522256
45,14,10,5,0,5,2026-07-30T17:24:26.499511
45,15,1,5,0,5,2026-07-30T17:24:26.742424
45,15,2,5,0,5,2026-07-30T17:24:25.750124
45,15,3,5,0,5,2026-07-30T17:24:26.409312
45,15,4,5,0,5,2026-07-30T17:24:26.088457
45,15,5,5,0,5,2026-07-30T17:24:27.212616
45,15,6,5,0,5,2026-07-30T17:24:26.463332
45,15,7,5,0,5,2026-07-30T17:24:26.980878
45,15,8,5,0,5,2026-07-30T17:24:27.200502
45,15,9,5,0,5,2026-07-30T17:24:27.570432
45,15,10,5,0,5,2026-07-30T17:24:27.849507
45,16,1,5,0,5,2026-07-30T17:24:28.307097
45,16,2,5,0,5,2026-07-30T17:24:28.113012
45,16,3,5,0,5,2026-07-30T17:24:27.793052
45,16,4,5,0,5,2026-07-30T17:24:28.630694
45,16,5,5,0,5,2026-07-30T17:24:29.052535
45,16,6,5,0,5,2026-07-30T17:24:29.285803
45,16,7,5,0,5,2026-07-30T17:24:29.212258
45,16,8,5,0,5,2026-07-30T17:24:29.630955
45,16,9,5,0,5,2026-07-30T17:24:29.113812
45,16,10,5,0,5,2026-07-30T17:24:30.140751
45,17,1,5,0,5,2026-07-30T17:24:29.936939
45,17,2,5,0,5,2026-07-30T17:24:30.274555
45,17,3,5,0,5,2026-07-30T17:24:30.281948
45,17,4,5,0,5,2026-07-30T17:24:30.980282
45,17,5,5,0,5,2026-07-30T17:24:30.870795
45,17,6,5,0,5,2026-07-30T17:24:30.548021
45,17,7,5,0,5,2026-07-30T17:24:30.903878
45,17,8,5,0,5,2026-07-30T17:24:31.967446
45,17,9,5,0,5,2026-07-30T17:24:31.986899
45,17,10,5,0,5,2026-07-30T17:24:31.283037
45,18,1,5,0,5,2026-07-30T17:24:31.546119
45,18,2,5,0,5,2026-07-30T17:24:32.196095
45,18,3,5,0,5,2026-07-30T17:24:32.723751
45,18,4,5,0,5,2026-07-30T17:24:32.182120
45,18,5,5,0,5,2026-07-30T17:24:32.593715
45,18,6,5,0,5,2026-07-30T17:24:32.543165
45,18,7,5,0,5,2026-07-30T17:24:32.773785
45,18,8,5,0,5,2026-07-30T17:24:33.821898
45,18,9,5,0,5,2026-07-30T17:24:33.454243
45,18,10,5,0,5,2026-07-30T17:24:33.869474
45,19,1,5,0,5,2026-07-30T17:24:34.034741
45,19,2,5,0,5,2026-07-30T17:24:33.971844
45,19,3,5,0,5,2026-07-30T17:24:34.015042
45,19,4,5,0,5,2026-07-30T17:24:33.975134
45,19,5,5,0,5,2026-07-30T17:24:34.037554
45,19,6,5,0,5,2026-07-30T17:24:34.499304
45,19,7,5,0,5,2026-07-30T17:24:35.687511
45,19,8,5,0,5,2026-07-30T17:24:34.909694
45,19,9,5,0,5,2026-07-30T17:24:36.023602
45,19,10,5,0,5,2026-07-30T17:24:36.061703
45,20,1,5,0,5,2026-07-30T17:24:35.263526
45,20,2,5,0,5,2026-07-30T17:24:35.503780
45,20,3,5,0,5,2026-07-30T17:24:35.102530
45,20,4,5,0,5,2026-07-30T17:24:35.741360
45,20,5,5,0,5,2026-07-30T17:24:36.178561
45,20,6,5,0,5,2026-07-30T17:24:36.558146
45,20,7,5,0,5,2026-07-30T17:24:36.517306
45,20,8,5,0,5,2026-07-30T17:24:37.341790
45,20,9,5,0,5,2026-07-30T17:24:36.737293
45,20,10,5,0,5,2026-07-30T17:24:37.183198
45,21,1,5,0,5,2026-07-30T17:24:37.900135
45,21,2,5,0,5,2026-07-30T17:24:37.728896
45,21,3,5,0,5,2026-07-30T17:24:37.437843
45,21,4,5,0,5,2026-07-30T17:24:38.590797
45,21,5,5,0,5,2026-07-30T17:24:38.391003
45,21,6,5,0,5,2026-07-30T17:24:37.772217
45,21,7,5,0,5,2026-07-30T17:24:38.460739
45,21,8,5,0,5,2026-07-30T17:24:38.798769
45,21,9,5,0,5,2026-07-30T17:24:38.700379
45,21,10,5,0,5,2026-07-30T17:24:39.190212
45,22,1,5,0,5,2026-07-30T17:24:39.087056
45,22,2,5,0,5,2026-07-30T17:24:38.938036
45,22,3,5,0,5,2026-07-30T17:24:39.852838
45,22,4,5,0,5,2026-07-30T17:24:39.700862
45,22,5,5,0,5,2026-07-30T17:24:40.233246
45,22,6,5,0,5,2026-07-30T17:24:40.168564
45,22,7,5,0,5,2026-07-30T17:24:40.447061
45,22,8,5,0,5,2026-07-30T17:24:40.621795
45,22,9,5,0,5,2026-07-30T17:24:40.698812
45,22,10,5,0,5,2026-07-30T17:24:40.842217
45,23,1,5,0,5,2026-07-30T17:24:41.600456
45,23,2,5,0,5,2026-07-30T17:24:41.077279
45,23,3,5,0,5,2026-07-30T17:24:42.048703
45,23,4,5,0,5,2026-07-30T17:24:41.278414
45,23,5,5,0,5,2026-07-30T17:24:42.312211
45,23,6,5,0,5,2026-07-30T17:24:42.716284
45,23,7,5,0,5,2026-07-30T17:24:41.736795
45,23,8,5,0,5,2026-07-30T17:24:42.072180
45,23,9,5,0,5,2026-07-30T17:24:42.559822
45,23,10,5,0,5,2026-07-30T17:24:42.734244
45,24,1,5,0,5,2026-07-30T17:24:43.664340
45,24,2,5,0,5,2026-07-30T17:24:43.789673
45,24,3,5,0,5,2026-07-30T17:24:43.308536
45,24,4,5,0,5,2026-07-30T17:24:43.716705
45,24,5,5,0,5,2026-07-30T17:24:43.319775
45,24,6,5,0,5,2026-07-30T17:24:44.578891
45,24,7,5,0,5,2026-07-30T17:24:44.357562
45,24,8,5,0,5,2026-07-30T17:24:44.567498
45,24,9,5,0,5,2026-07-30T17:24:45.168979
45,24,10,5,0,5,2026-07-30T17:24:44.972957
45,25,1,5,0,5,2026-07-30T17:24:45.334958
45,25,2,5,0,5,2026-07-30T17:24:45.141221
45,25,3,4,0,4,2026-07-30T17:24:45.040896
45,25,4,5,0,5,2026-07-30T17:24:46.034170
45,25,5,5,0,5,2026-07-30T17:24:46.192948
45,25,6,5,0,5,2026-07-30T17:24:46.202053
45,25,7,5,0,5,2026-07-30T17:24:46.209774
45,25,8,5,0,5,2026-07-30T17:24:46.504968
45,25,9,5,0,5,2026-07-30T17:24:46.162291
45,25,10,5,0,5,2026-07-30T17:24:46.814602
45,26,1,5,0,5,2026-07-30T17:24:46.581263
45,26,2,5,0,5,2026-07-30T17:24:47.874517
45,26,3,5,0,5,2026-07-30T17:24:47.844411
45,26,4,5,0,5,2026-07-30T17:24:47.653164
45,26,5,5,0,5,2026-07-30T17:24:47.874328
45,26,6,5,0,5,2026-07-30T17:24:48.487432
45,26,7,5,0,5,2026-07-30T17:24:48.359334
45,26,8,5,0,5,2026-07-30T17:24:48.252582
45,26,9,5,0,5,2026-07-30T17:24:48.477459
45,26,10,5,0,5,2026-07-30T17:24:48.917448
45,27,1,5,0,5,2026-07-30T17:24:49.908628
45,27,2,5,0,5,2026-07-30T17:24:49.723714
45,27,3,5,0,5,2026-07-30T17:24:49.933817
45,27,4,5,0,5,2026-07-30T17:24:49.893183
45,27,5,5,0,5,2026-07-30T17:24:50.217155
45,27,6,5,0,5,2026-07-30T17:24:49.491927
45,27,7,5,0,5,2026-07-30T17:24:49.545290
45,27,8,5,0,5,2026-07-30T17:24:50.372679
45,27,9,5,0,5,2026-07-30T17:24:51.124806
45,27,10,5,0,5,2026-07-30T17:24:50.996546
45,28,1,5,0,5,2026-07-30T17:24:50.991563
45,28,2,5,0,5,2026-07-30T17:24:51.171954
45,28,3,2,0,2,2026-07-30T17:24:51.780657
45,28,4,4,0,4,2026-07-30T17:24:51.978077
45,28,5,5,0,5,2026-07-30T17:24:52.082572
45,28,6,5,0,5,2026-07-30T17:24:52.225421
45,28,7,4,0,4,2026-07-30T17:24:52.837813
45,28,8,4,0,4,2026-07-30T17:24:52.630600
45,28,9,5,0,5,2026-07-30T17:24:52.155960
45,28,10,4,0,4,2026-07-30T17:24:52.808652
45,29,1,5,0,5,2026-07-30T17:24:53.441760
45,29,2,5,0,5,2026-07-30T17:24:54.033264
45,29,3,5,0,5,2026-07-30T17:24:53.750112
45,29,4,5,0,5,2026-07-30T17:24:53.992777
45,29,5,5,0,5,2026-07-30T17:24:53.895293
45,29,6,5,0,5,2026-07-30T17:24:54.485417
45,29,7,5,0,5,2026-07-30T17:24:54.229716
45,29,8,5,0,5,2026-07-30T17:24:53.876703
45,29,9,5,0,5,2026-07-30T17:24:55.072919
45,29,10,5,0,5,2026-07-30T17:24:54.968962
45,30,1,5,0,5,2026-07-30T17:24:55.544131
45,30,2,5,0,5,2026-07-30T17:24:55.946870
45,30,3,5,0,5,2026-07-30T17:24:55.440138
45,30,4,5,0,5,2026-07-30T17:24:55.049179
45,30,5,5,0,5,2026-07-30T17:24:55.275109
45,30,6,5,0,5,2026-07-30T17:24:55.755292
45,30,7,5,0,5,2026-07-30T17:24:56.827075
45,30,8,5,0,5,2026-07-30T17:24:56.917266
45,30,9,5,0,5,2026-07-30T17:24:56.747979
45,30,10,5,0,5,2026-07-30T17:24:56.683604
46,1,1,5,0,5,2026-07-30T17:24:56.894488
46,1,2,5,0,5,2026-07-30T17:24:57.222557
46,1,3,5,0,5,2026-07-30T17:24:57.405357
46,1,4,5,0,5,2026-07-30T17:24:57.009564
46,1,5,5,0,5,2026-07-30T17:24:58.555393
46,1,6,5,0,5,2026-07-30T17:24:58.203519
46,1,7,5,0,5,2026-07-30T17:24:58.888945
46,1,8,5,0,5,2026-07-30T17:24:57.936802
46,1,9,5,0,5,2026-07-30T17:24:58.767513
46,1,10,5,0,5,2026-07-30T17:24:59.084316
46,2,1,5,0,5,2026-07-30T17:24:58.466287
46,2,2,5,0,5,2026-07-30T17:24:58.861242
46,2,3,5,0,5,2026-07-30T17:24:59.578475
46,2,4,5,0,5,2026-07-30T17:25:00.267418
46,2,5,5,0,5,2026-07-30T17:24:59.687508
46,2,6,5,0,5,2026-07-30T17:24:59.574614
46,2,7,5,0,5,2026-07-30T17:25:00.191992
46,2,8,5,0,5,2026-07-30T17:25:00.107457
46,2,9,5,0,5,2026-07-30T17:25:00.958329
46,2,10,5,0,5,2026-07-30T17:25:00.753251
46,3,1,0,0,0,2026-07-30T17:25:01.210740
46,3,2,0,0,0,2026-07-30T17:25:01.018484
46,3,3,0,0,0,2026-07-30T17:25:00.923327
46,3,4,0,0,0,2026-07-30T17:25:01.763040
46,3,5,0,0,0,2026-07-30T17:25:02.057163
46,3,6,0,0,0,2026-07-30T17:25:02.091574
46,3,7,0,0,0,2026-07-30T17:25:02.199994
46,3,8,0,0,0,2026-07-30T17:25:02.767074
46,3,9,0,0,0,2026-07-30T17:25:03.013980
46,3,10,0,0,0,2026-07-30T17:25:02.476451
46,4,1,0,0,0,2026-07-30T17:25:02.466616
46,4,2,0,0,0,2026-07-30T17:25:02.799350
46,4,3,0,0,0,2026-07-30T17:25:03.718437
46,4,4,0,0,0,2026-07-30T17:25:03.544155
46,4,5,0,0,0,2026-07-30T17:25:04.056193
46,4,6,0,0,0,2026-07-30T17:25:04.527245
46,4,7,0,0,0,2026-07-30T17:25:04.303924
46,4,8,0,0,0,2026-07-30T17:25:04.228010
46,4,9,0,0,0,2026-07-30T17:25:04.426944
46,4,10,0,0,0,2026-07-30T17:25:04.855871
46,5,1,0,0,0,2026-07-30T17:25:05.402314
46,5,2,0,0,0,2026-07-30T17:25:05.756166
46,5,3,0,0,0,2026-07-30T17:25:05.081187
46,5,4,0,0,0,2026-07-30T17:25:05.478364
46,5,5,0,0,0,2026-07-30T17:25:06.192522
46,5,6,0,0,0,2026-07-30T17:25:06.275635
46,5,7,5,0,5,2026-07-30T17:25:06.354272
46,5,8,0,0,0,2026-07-30T17:25:06.510935
46,5,9,0,0,0,2026-07-30T17:25:06.722105
46,5,10,5,0,5,2026-07-30T17:25:07.052285
46,6,1,5,0,5,2026-07-30T17:25:06.759284
46,6,2,5,0,5,2026-07-30T17:25:07.007517
46,6,3,5,0,5,2026-07-30T17:25:07.678285
46,6,4,5,0,5,2026-07-30T17:25:07.691972
46,6,5,5,0,5,2026-07-30T17:25:08.064599
46,6,6,5,0,5,2026-07-30T17:25:08.367450
46,6,7,5,0,5,2026-07-30T17:25:08.581568
46,6,8,5,0,5,2026-07-30T17:25:08.435269
46,6,9,5,0,5,2026-07-30T17:25:08.467102
46,6,10,5,0,5,2026-07-30T17:25:08.685335
46,7,1,5,0,5,2026-07-30T17:25:08.757840
46,7,2,5,0,5,2026-07-30T17:25:09.375076
46,7,3,5,0,5,2026-07-30T17:25:08.943618
46,7,4,5,0,5,2026-07-30T17:25:09.993904
46,7,5,5,0,5,2026-07-30T17:25:10.346596
46,7,6,5,0,5,2026-07-30T17:25:10.312375
46,7,7,5,0,5,2026-07-30T17:25:09.830587
46,7,8,5,0,5,2026-07-30T17:25:10.586384
46,7,9,5,0,5,2026-07-30T17:25:10.209526
46,7,10,5,0,5,2026-07-30T17:25:10.385581
46,8,1,0,0,0,2026-07-30T17:25:11.219315
46,8,2,3,0,3,2026-07-30T17:25:11.102350
46,8,3,2,0,2,2026-07-30T17:25:11.472041
46,8,4,0,0,0,2026-07-30T17:25:11.099232
46,8,5,3,0,3,2026-07-30T17:25:11.984293
46,8,6,3,0,3,2026-07-30T17:25:11.801452
46,8,7,0,0,0,2026-07-30T17:25:11.426404
46,8,8,3,0,3,2026-07-30T17:25:12.275286
46,8,9,0,0,0,2026-07-30T17:25:13.174109
46,8,10,0,0,0,2026-07-30T17:25:12.946694
46,9,1,0,0,0,2026-07-30T17:25:12.641014
46,9,2,0,0,0,2026-07-30T17:25:12.884799
46,9,3,0,0,0,2026-07-30T17:25:12.703170
46,9,4,0,0,0,2026-07-30T17:25:13.268711
46,9,5,0,0,0,2026-07-30T17:25:14.055952
46,9,6,0,0,0,2026-07-30T17:25:14.194044
46,9,7,0,0,0,2026-07-30T17:25:13.888745
46,9,8,0,0,0,2026-07-30T17:25:14.133419
46,9,9,0,0,0,2026-07-30T17:25:14.133049
46,9,10,0,0,0,2026-07-30T17:25:14.591735
46,10,1,0,0,0,2026-07-30T17:25:14.835538
46,10,2,0,0,0,2026-07-30T17:25:14.525701
46,10,3,2,0,2,2026-07-30T17:25:15.118416
46,10,4,0,0,0,2026-07-30T17:25:15.721522
46,10,5,0,0,0,2026-07-30T17:25:15.384193
46,10,6,0,0,0,2026-07-30T17:25:15.404091
46,10,7,0,0,0,2026-07-30T17:25:15.633685
46,10,8,0,0,0,2026-07-30T17:25:16.212430
46,10,9,0,0,0,2026-07-30T17:25:16.048579
46,10,10,0,0,0,2026-07-30T17:25:16.476802
46,11,1,5,0,5,2026-07-30T17:25:16.356500
46,11,2,5,0,5,2026-07-30T17:25:16.629124
46,11,3,5,0,5,2026-07-30T17:25:16.446882
46,11,4,5,0,5,2026-07-30T17:25:16.682011
46,11,5,5,0,5,2026-07-30T17:25:17.587362
46,11,6,5,0,5,2026-07-30T17:25:17.484098
46,11,7,5,0,5,2026-07-30T17:25:17.659943
46,11,8,5,0,5,2026-07-30T17:25:18.394407
46,11,9,5,0,5,2026-07-30T17:25:17.474557
46,11,10,5,0,5,2026-07-30T17:25:17.931591
46,12,1,5,0,5,2026-07-30T17:25:17.878141
46,12,2,5,0,5,2026-07-30T17:25:18.099407
46,12,3,5,0,5,2026-07-30T17:25:19.290853
46,12,4,5,0,5,2026-07-30T17:25:19.344183
46,12,5,5,0,5,2026-07-30T17:25:18.814613
46,12,6,5,0,5,2026-07-30T17:25:19.098311
46,12,7,5,0,5,2026-07-30T17:25:19.736925
46,12,8,5,0,5,2026-07-30T17:25:19.777850
46,12,9,5,0,5,2026-07-30T17:25:19.512792
46,12,10,5,0,5,2026-07-30T17:25:19.628916
46,13,1,5,0,5,2026-07-30T17:25:20.053343
46,13,2,0,0,0,2026-07-30T17:25:20.968649
46,13,3,0,0,0,2026-07-30T17:25:20.931774
46,13,4,0,0,0,2026-07-30T17:25:20.990887
46,13,5,0,0,0,2026-07-30T17:25:20.740074
46,13,6,0,0,0,2026-07-30T17:25:20.897494
46,13,7,0,0,0,2026-07-30T17:25:20.980627
46,13,8,2,0,2,2026-07-30T17:25:21.201032
46,13,9,0,0,0,2026-07-30T17:25:21.487388
46,13,10,0,0,0,2026-07-30T17:25:21.760018
46,14,1,5,0,5,2026-07-30T17:25:22.319784
46,14,2,5,0,5,2026-07-30T17:25:21.987381
46,14,3,5,0,5,2026-07-30T17:25:22.596211
46,14,4,5,0,5,2026-07-30T17:25:22.634946
46,14,5,5,0,5,2026-07-30T17:25:22.637695
46,14,6,5,0,5,2026-07-30T17:25:22.426810
46,14,7,5,0,5,2026-07-30T17:25:22.753142
46,14,8,5,0,5,2026-07-30T17:25:23.606397
46,14,9,5,0,5,2026-07-30T17:25:23.026733
46,14,10,5,0,5,2026-07-30T17:25:24.372206
46,15,1,0,0,0,2026-07-30T17:25:23.446679
46,15,2,0,0,0,2026-07-30T17:25:24.050648
46,15,3,0,0,0,2026-07-30T17:25:24.085575
46,15,4,0,0,0,2026-07-30T17:25:23.661983
46,15,5,0,0,0,2026-07-30T17:25:24.628837
46,15,6,0,0,0,2026-07-30T17:25:24.454572
46,15,7,0,0,0,2026-07-30T17:25:24.887585
46,15,8,0,0,0,2026-07-30T17:25:25.267860
46,15,9,0,0,0,2026-07-30T17:25:24.869644
46,15,10,5,0,5,2026-07-30T17:25:25.687831
46,16,1,5,0,5,2026-07-30T17:25:25.525803
46,16,2,5,0,5,2026-07-30T17:25:25.613163
46,16,3,5,0,5,2026-07-30T17:25:25.677241
46,16,4,5,0,5,2026-07-30T17:25:26.494470
46,16,5,5,0,5,2026-07-30T17:25:25.929674
46,16,6,5,0,5,2026-07-30T17:25:25.924972
46,16,7,5,0,5,2026-07-30T17:25:26.709279
46,16,8,5,0,5,2026-07-30T17:25:26.770402
46,16,9,5,0,5,2026-07-30T17:25:27.068200
46,16,10,5,0,5,2026-07-30T17:25:27.116156
46,17,1,5,0,5,2026-07-30T17:25:27.540288
46,17,2,5,0,5,2026-07-30T17:25:27.966165
46,17,3,5,0,5,2026-07-30T17:25:27.169242
46,17,4,5,0,5,2026-07-30T17:25:27.928448
46,17,5,5,0,5,2026-07-30T17:25:27.762215
46,17,6,5,0,5,2026-07-30T17:25:27.988246
46,17,7,5,0,5,2026-07-30T17:25:28.483955
46,17,8,5,0,5,2026-07-30T17:25:28.941944
46,17,9,5,0,5,2026-07-30T17:25:29.039280
46,17,10,5,0,5,2026-07-30T17:25:29.147133
46,18,1,5,0,5,2026-07-30T17:25:29.013275
46,18,2,5,0,5,2026-07-30T17:25:29.187965
46,18,3,5,0,5,2026-07-30T17:25:29.214168
46,18,4,5,0,5,2026-07-30T17:25:29.640096
46,18,5,5,0,5,2026-07-30T17:25:29.920217
46,18,6,5,0,5,2026-07-30T17:25:30.599118
46,18,7,4,0,4,2026-07-30T17:25:30.849248
46,18,8,5,0,5,2026-07-30T17:25:31.103372
46,18,9,5,0,5,2026-07-30T17:25:30.980133
46,18,10,5,0,5,2026-07-30T17:25:30.435273
46,19,1,5,0,5,2026-07-30T17:25:30.240664
46,19,2,3,0,3,2026-07-30T17:25:31.471919
46,19,3,4,0,4,2026-07-30T17:25:31.766727
46,19,4,3,0,3,2026-07-30T17:25:31.912620
46,19,5,3,0,3,2026-07-30T17:25:32.277515
46,19,6,4,0,4,2026-07-30T17:25:32.251585
46,19,7,4,0,4,2026-07-30T17:25:32.896410
46,19,8,5,0,5,2026-07-30T17:25:32.024318
46,19,9,3,0,3,2026-07-30T17:25:32.359125
46,19,10,4,0,4,2026-07-30T17:25:33.335639
46,20,1,5,0,5,2026-07-30T17:25:32.811272
46,20,2,5,0,5,2026-07-30T17:25:33.358892
46,20,3,5,0,5,2026-07-30T17:25:33.888230
46,20,4,5,0,5,2026-07-30T17:25:33.286703
46,20,5,5,0,5,2026-07-30T17:25:33.918016
46,20,6,5,0,5,2026-07-30T17:25:33.805464
46,20,7,5,0,5,2026-07-30T17:25:34.657726
46,20,8,5,0,5,2026-07-30T17:25:34.336482
46,20,9,5,0,5,2026-07-30T17:25:34.899138
46,20,10,5,0,5,2026-07-30T17:25:34.584256
46,21,1,5,0,5,2026-07-30T17:25:34.400864
46,21,2,5,0,5,2026-07-30T17:25:34.802277
46,21,3,5,0,5,2026-07-30T17:25:35.096234
46,21,4,5,0,5,2026-07-30T17:25:34.950701
46,21,5,5,0,5,2026-07-30T17:25:35.602260
46,21,6,5,0,5,2026-07-30T17:25:35.839053
46,21,7,5,0,5,2026-07-30T17:25:36.234012
46,21,8,5,0,5,2026-07-30T17:25:35.731791
46,21,9,5,0,5,2026-07-30T17:25:36.659250
46,21,10,5,0,5,2026-07-30T17:25:36.534943
46,22,1,5,0,5,2026-07-30T17:25:36.808349
46,22,2,5,0,5,2026-07-30T17:25:36.944144
46,22,3,5,0,5,2026-07-30T17:25:37.060227
46,22,4,5,0,5,2026-07-30T17:25:37.576196
46,22,5,5,0,5,2026-07-30T17:25:37.063947
46,22,6,3,0,3,2026-07-30T17:25:37.679964
46,22,7,5,0,5,2026-07-30T17:25:38.196415
46,22,8,5,0,5,2026-07-30T17:25:38.323292
46,22,9,5,0,5,2026-07-30T17:25:38.456337
46,22,10,5,0,5,2026-07-30T17:25:39.010225
46,23,1,5,0,5,2026-07-30T17:25:38.507745
46,23,2,5,0,5,2026-07-30T17:25:38.903240
46,23,3,5,0,5,2026-07-30T17:25:39.439120
46,23,4,5,0,5,2026-07-30T17:25:39.311092
46,23,5,5,0,5,2026-07-30T17:25:39.435129
46,23,6,5,0,5,2026-07-30T17:25:39.763412
46,23,7,5,0,5,2026-07-30T17:25:39.909552
46,23,8,5,0,5,2026-07-30T17:25:39.963369
46,23,9,5,0,5,2026-07-30T17:25:40.163516
46,23,10,5,0,5,2026-07-30T17:25:40.832744
46,24,1,0,0,0,2026-07-30T17:25:41.139054
46,24,2,0,0,0,2026-07-30T17:25:41.482585
46,24,3,0,0,0,2026-07-30T17:25:40.699791
46,24,4,0,0,0,2026-07-30T17:25:41.001606
46,24,5,0,0,0,2026-07-30T17:25:41.168907
46,24,6,0,0,0,2026-07-30T17:25:40.953884
46,24,7,0,0,0,2026-07-30T17:25:41.623058
46,24,8,0,0,0,2026-07-30T17:25:42.597062
46,24,9,0,0,0,2026-07-30T17:25:42.257543
46,24,10,0,0,0,2026-07-30T17:25:42.604442
46,25,1,4,0,4,2026-07-30T17:25:43.262330
46,25,2,0,0,0,2026-07-30T17:25:42.973372
46,25,3,3,0,3,2026-07-30T17:25:43.438707
46,25,4,0,0,0,2026-07-30T17:25:43.737810
46,25,5,3,0,3,2026-07-30T17:25:43.289267
46,25,6,0,0,0,2026-07-30T17:25:43.894899
46,25,7,3,0,3,2026-07-30T17:25:44.245851
46,25,8,5,0,5,2026-07-30T17:25:45.092784
46,25,9,3,0,3,2026-07-30T17:25:45.215301
46,25,10,0,0,0,2026-07-30T17:25:45.317873
46,26,1,5,0,5,2026-07-30T17:25:45.122929
46,26,2,5,0,5,2026-07-30T17:25:45.298310
46,26,3,5,0,5,2026-07-30T17:25:45.185936
46,26,4,5,0,5,2026-07-30T17:25:45.131632
46,26,5,5,0,5,2026-07-30T17:25:45.680712
46,26,6,5,0,5,2026-07-30T17:25:46.150837
46,26,7,5,0,5,2026-07-30T17:25:46.375274
46,26,8,5,0,5,2026-07-30T17:25:46.581583
46,26,9,5,0,5,2026-07-30T17:25:46.820144
46,26,10,5,0,5,2026-07-30T17:25:47.059725
46,27,1,5,0,5,2026-07-30T17:25:47.135429
46,27,2,5,0,5,2026-07-30T17:25:46.765324
46,27,3,5,0,5,2026-07-30T17:25:47.140228
46,27,4,5,0,5,2026-07-30T17:25:47.995543
46,27,5,5,0,5,2026-07-30T17:25:47.393701
46,27,6,5,0,5,2026-07-30T17:25:48.444954
46,27,7,5,0,5,2026-07-30T17:25:48.407204
46,27,8,5,0,5,2026-07-30T17:25:48.282434
46,27,9,5,0,5,2026-07-30T17:25:48.532104
46,27,10,5,0,5,2026-07-30T17:25:48.381645
46,28,1,3,0,3,2026-07-30T17:25:48.580904
46,28,2,5,0,5,2026-07-30T17:25:48.656777
46,28,3,5,0,5,2026-07-30T17:25:49.251349
46,28,4,5,0,5,2026-07-30T17:25:50.130571
46,28,5,5,0,5,2026-07-30T17:25:49.625168
46,28,6,5,0,5,2026-07-30T17:25:49.489745
46,28,7,5,0,5,2026-07-30T17:25:49.888778
46,28,8,5,0,5,2026-07-30T17:25:50.166978
46,28,9,5,0,5,2026-07-30T17:25:50.227611
46,28,10,5,0,5,2026-07-30T17:25:50.106055
46,29,1,5,0,5,2026-07-30T17:25:51.323218
46,29,2,5,0,5,2026-07-30T17:25:50.545800
46,29,3,5,0,5,2026-07-30T17:25:51.269771
46,29,4,5,0,5,2026-07-30T17:25:51.124121
46,29,5,5,0,5,2026-07-30T17:25:51.945337
46,29,6,5,0,5,2026-07-30T17:25:51.189932
46,29,7,5,0,5,2026-07-30T17:25:51.827830
46,29,8,5,0,5,2026-07-30T17:25:52.059096
46,29,9,5,0,5,2026-07-30T17:25:52.401322
46,29,10,5,0,5,2026-07-30T17:25:52.156339
46,30,1,5,0,5,2026-07-30T17:25:52.640378
46,30,2,5,0,5,2026-07-30T17:25:52.533040
46,30,3,5,0,5,2026-07-30T17:25:53.013897
46,30,4,5,0,5,2026-07-30T17:25:53.290808
46,30,5,5,0,5,2026-07-30T17:25:54.010617
46,30,6,5,0,5,2026-07-30T17:25:53.918314
46,30,7,5,0,5,2026-07-30T17:25:53.997785
46,30,8,5,0,5,2026-07-30T17:25:54.054548
46,30,9,5,0,5,2026-07-30T17:25:54.382123
46,30,10,5,0,5,2026-07-30T17:25:54.086188
47,1,1,5,0,5,2026-07-30T17:25:55.098202
47,1,2,5,0,5,2026-07-30T17:25:54.754931
47,1,3,5,0,5,2026-07-30T17:25:55.787337
47,1,4,5,0,5,2026-07-30T17:25:55.030500
47,1,5,5,0,5,2026-07-30T17:25:55.448352
47,1,6,5,0,5,2026-07-30T17:25:55.719669
47,1,7,5,0,5,2026-07-30T17:25:55.305278
47,1,8,5,0,5,2026-07-30T17:25:55.622895
47,1,9,5,0,5,2026-07-30T17:25:56.008596
47,1,10,5,0,5,2026-07-30T17:25:56.898484
47,2,1,5,0,5,2026-07-30T17:25:56.549681
47,2,2,5,0,5,2026-07-30T17:25:57.156540
47,2,3,5,0,5,2026-07-30T17:25:56.898133
47,2,4,5,0,5,2026-07-30T17:25:57.493468
47,2,5,5,0,5,2026-07-30T17:25:57.386103
47,2,6,5,0,5,2026-07-30T17:25:57.060077
47,2,7,5,0,5,2026-07-30T17:25:57.016968
47,2,8,5,0,5,2026-07-30T17:25:58.015908
47,2,9,5,0,5,2026-07-30T17:25:58.571718
47,2,10,5,0,5,2026-07-30T17:25:58.155869
47,3,1,5,0,5,2026-07-30T17:25:58.057741
47,3,2,5,0,5,2026-07-30T17:25:58.911656
47,3,3,5,0,5,2026-07-30T17:25:58.416600
47,3,4,5,0,5,2026-07-30T17:25:58.831257
47,3,5,5,0,5,2026-07-30T17:25:58.734929
47,3,6,5,0,5,2026-07-30T17:25:59.623242
47,3,7,5,0,5,2026-07-30T17:25:59.476392
47,3,8,5,0,5,2026-07-30T17:25:59.776653
47,3,9,5,0,5,2026-07-30T17:25:59.679529
47,3,10,5,0,5,2026-07-30T17:25:59.631433
47,4,1,5,0,5,2026-07-30T17:26:00.171659
47,4,2,5,0,5,2026-07-30T17:26:00.362477
47,4,3,5,0,5,2026-07-30T17:26:00.143378
47,4,4,5,0,5,2026-07-30T17:26:01.518206
47,4,5,5,0,5,2026-07-30T17:26:01.096630
47,4,6,5,0,5,2026-07-30T17:26:01.269312
47,4,7,5,0,5,2026-07-30T17:26:00.913505
47,4,8,5,0,5,2026-07-30T17:26:00.821873
47,4,9,5,0,5,2026-07-30T17:26:01.591748
47,4,10,5,0,5,2026-07-30T17:26:02.014463
47,5,1,5,0,5,2026-07-30T17:26:01.624045
47,5,2,5,0,5,2026-07-30T17:26:02.873492
47,5,3,5,0,5,2026-07-30T17:26:02.759801
47,5,4,5,0,5,2026-07-30T17:26:02.947786
47,5,5,5,0,5,2026-07-30T17:26:02.501837
47,5,6,5,0,5,2026-07-30T17:26:03.381558
47,5,7,5,0,5,2026-07-30T17:26:02.818333
47,5,8,5,0,5,2026-07-30T17:26:03.500317
47,5,9,5,0,5,2026-07-30T17:26:03.444002
47,5,10,5,0,5,2026-07-30T17:26:04.167399
47,6,1,5,0,5,2026-07-30T17:26:04.610279
47,6,2,5,0,5,2026-07-30T17:26:04.439348
47,6,3,5,0,5,2026-07-30T17:26:04.751656
47,6,4,5,0,5,2026-07-30T17:26:04.852739
47,6,5,5,0,5,2026-07-30T17:26:04.814467
47,6,6,5,0,5,2026-07-30T17:26:05.288069
47,6,7,5,0,5,2026-07-30T17:26:04.942032
47,6,8,5,0,5,2026-07-30T17:26:05.804036
47,6,9,5,0,5,2026-07-30T17:26:06.462520
47,6,10,5,0,5,2026-07-30T17:26:06.067187
47,7,1,5,0,5,2026-07-30T17:26:06.388487
47,7,2,5,0,5,2026-07-30T17:26:06.033473
47,7,3,5,0,5,2026-07-30T17:26:06.115250
47,7,4,5,0,5,2026-07-30T17:26:06.610341
47,7,5,5,0,5,2026-07-30T17:26:06.754849
47,7,6,5,0,5,2026-07-30T17:26:07.449736
47,7,7,5,0,5,2026-07-30T17:26:07.269358
47,7,8,5,0,5,2026-07-30T17:26:07.479969
47,7,9,5,0,5,2026-07-30T17:26:07.948099
47,7,10,5,0,5,2026-07-30T17:26:08.240943
47,8,1,5,0,5,2026-07-30T17:26:08.311666
47,8,2,5,0,5,2026-07-30T17:26:08.459067
47,8,3,5,0,5,2026-07-30T17:26:08.393043
47,8,4,5,0,5,2026-07-30T17:26:08.952416
47,8,5,5,0,5,2026-07-30T17:26:08.906303
47,8,6,5,0,5,2026-07-30T17:26:08.740877
47,8,7,5,0,5,2026-07-30T17:26:09.186849
47,8,8,5,0,5,2026-07-30T17:26:12.078910
47,8,9,5,0,5,2026-07-30T17:26:12.561012
47,8,10,5,0,5,2026-07-30T17:26:12.266916
47,9,1,5,0,5,2026-07-30T17:26:12.404103
47,9,2,5,0,5,2026-07-30T17:26:12.262766
47,9,3,5,0,5,2026-07-30T17:26:12.441039
47,9,4,5,0,5,2026-07-30T17:26:12.462307
47,9,5,5,0,5,2026-07-30T17:26:12.376841
47,9,6,5,0,5,2026-07-30T17:26:13.701298
47,9,7,5,0,5,2026-07-30T17:26:13.314605
47,9,8,5,0,5,2026-07-30T17:26:14.128195
47,9,9,5,0,5,2026-07-30T17:26:13.438722
47,9,10,5,0,5,2026-07-30T17:26:13.450774
47,10,1,5,0,5,2026-07-30T17:26:13.902208
47,10,2,5,0,5,2026-07-30T17:26:13.916228
47,10,3,5,0,5,2026-07-30T17:26:13.972184
47,10,4,5,0,5,2026-07-30T17:26:14.975196
47,10,5,5,0,5,2026-07-30T17:26:14.688117
47,10,6,5,0,5,2026-07-30T17:26:15.276237
47,10,7,5,0,5,2026-07-30T17:26:15.355220
47,10,8,5,0,5,2026-07-30T17:26:15.757981
47,10,9,5,0,5,2026-07-30T17:26:15.167802
47,10,10,5,0,5,2026-07-30T17:26:15.822359
47,11,1,5,0,5,2026-07-30T17:26:15.814761
47,11,2,5,0,5,2026-07-30T17:26:16.170685
47,11,3,5,0,5,2026-07-30T17:26:16.020503
47,11,4,5,0,5,2026-07-30T17:26:16.213340
47,11,5,5,0,5,2026-07-30T17:26:16.731473
47,11,6,5,0,5,2026-07-30T17:26:16.604410
47,11,7,5,0,5,2026-07-30T17:26:17.397877
47,11,8,5,0,5,2026-07-30T17:26:17.882460
47,11,9,5,0,5,2026-07-30T17:26:17.452550
47,11,10,5,0,5,2026-07-30T17:26:17.874607
47,12,1,5,0,5,2026-07-30T17:26:17.243524
47,12,2,5,0,5,2026-07-30T17:26:17.664639
47,12,3,5,0,5,2026-07-30T17:26:18.066127
47,12,4,5,0,5,2026-07-30T17:26:18.407447
47,12,5,5,0,5,2026-07-30T17:26:19.081857
47,12,6,5,0,5,2026-07-30T17:26:18.829047
47,12,7,5,0,5,2026-07-30T17:26:19.508159
47,12,8,5,0,5,2026-07-30T17:26:18.897745
47,12,9,5,0,5,2026-07-30T17:26:19.124127
47,12,10,5,0,5,2026-07-30T17:26:18.913402
47,13,1,5,0,5,2026-07-30T17:26:19.915865
47,13,2,5,0,5,2026-07-30T17:26:20.247632
47,13,3,5,0,5,2026-07-30T17:26:20.719596
47,13,4,5,0,5,2026-07-30T17:26:20.576084
47,13,5,5,0,5,2026-07-30T17:26:20.135409
47,13,6,5,0,5,2026-07-30T17:26:20.730484
47,13,7,5,0,5,2026-07-30T17:26:20.981572
47,13,8,5,0,5,2026-07-30T17:26:21.357213
47,13,9,5,0,5,2026-07-30T17:26:21.772942
47,13,10,5,0,5,2026-07-30T17:26:21.191479
47,14,1,5,0,5,2026-07-30T17:26:21.866085
47,14,2,5,0,5,2026-07-30T17:26:21.811600
47,14,3,5,0,5,2026-07-30T17:26:22.174960
47,14,4,5,0,5,2026-07-30T17:26:22.588482
47,14,5,5,0,5,2026-07-30T17:26:23.013497
47,14,6,5,0,5,2026-07-30T17:26:23.261162
47,14,7,5,0,5,2026-07-30T17:26:22.565163
47,14,8,5,0,5,2026-07-30T17:26:23.593482
47,14,9,5,0,5,2026-07-30T17:26:23.049530
47,14,10,5,0,5,2026-07-30T17:26:23.111175
47,15,1,5,0,5,2026-07-30T17:26:23.415454
47,15,2,5,0,5,2026-07-30T17:26:24.221749
47,15,3,5,0,5,2026-07-30T17:26:24.255675
47,15,4,5,0,5,2026-07-30T17:26:24.879748
47,15,5,5,0,5,2026-07-30T17:26:24.481513
47,15,6,5,0,5,2026-07-30T17:26:24.764454
47,15,7,5,0,5,2026-07-30T17:26:24.488593
47,15,8,5,0,5,2026-07-30T17:26:25.486029
47,15,9,5,0,5,2026-07-30T17:26:25.222869
47,15,10,5,0,5,2026-07-30T17:26:25.687477
47,16,1,5,0,5,2026-07-30T17:26:26.079506
47,16,2,5,0,5,2026-07-30T17:26:26.108465
47,16,3,5,0,5,2026-07-30T17:26:25.944835
47,16,4,5,0,5,2026-07-30T17:26:25.794319
47,16,5,5,0,5,2026-07-30T17:26:25.935717
47,16,6,5,0,5,2026-07-30T17:26:26.278230
47,16,7,5,0,5,2026-07-30T17:26:27.330761
47,16,8,5,0,5,2026-07-30T17:26:27.542429
47,16,9,5,0,5,2026-07-30T17:26:26.813510
47,16,10,5,0,5,2026-07-30T17:26:27.786629
47,17,1,5,0,5,2026-07-30T17:26:27.200967
47,17,2,5,0,5,2026-07-30T17:26:27.528234
47,17,3,5,0,5,2026-07-30T17:26:27.738736
47,17,4,5,0,5,2026-07-30T17:26:28.132420
47,17,5,5,0,5,2026-07-30T17:26:28.296172
47,17,6,5,0,5,2026-07-30T17:26:28.629034
47,17,7,5,0,5,2026-07-30T17:26:29.001100
47,17,8,5,0,5,2026-07-30T17:26:28.785368
47,17,9,5,0,5,2026-07-30T17:26:29.376236
47,17,10,5,0,5,2026-07-30T17:26:29.168180
47,18,1,5,0,5,2026-07-30T17:26:29.411298
47,18,2,5,0,5,2026-07-30T17:26:30.027511
47,18,3,5,0,5,2026-07-30T17:26:29.752760
47,18,4,5,0,5,2026-07-30T17:26:30.665497
47,18,5,5,0,5,2026-07-30T17:26:30.618658
47,18,6,5,0,5,2026-07-30T17:26:30.418570
47,18,7,5,0,5,2026-07-30T17:26:30.218829
47,18,8,5,0,5,2026-07-30T17:26:30.618423
47,18,9,5,0,5,2026-07-30T17:26:30.881792
47,18,10,5,0,5,2026-07-30T17:26:31.182644
47,19,1,5,0,5,2026-07-30T17:26:31.081448
47,19,2,5,0,5,2026-07-30T17:26:32.095035
47,19,3,5,0,5,2026-07-30T17:26:31.858144
47,19,4,5,0,5,2026-07-30T17:26:32.476494
47,19,5,5,0,5,2026-07-30T17:26:32.292862
47,19,6,5,0,5,2026-07-30T17:26:32.511477
47,19,7,5,0,5,2026-07-30T17:26:32.532578
47,19,8,5,0,5,2026-07-30T17:26:32.951378
47,19,9,5,0,5,2026-07-30T17:26:32.611963
47,19,10,5,0,5,2026-07-30T17:26:32.895094
47,20,1,5,0,5,2026-07-30T17:26:34.187534
47,20,2,5,0,5,2026-07-30T17:26:34.156511
47,20,3,5,0,5,2026-07-30T17:26:33.524493
47,20,4,5,0,5,2026-07-30T17:26:33.970295
47,20,5,5,0,5,2026-07-30T17:26:33.780603
47,20,6,5,0,5,2026-07-30T17:26:34.073897
47,20,7,5,0,5,2026-07-30T17:26:34.983809
47,20,8,5,0,5,2026-07-30T17:26:34.210722
47,20,9,5,0,5,2026-07-30T17:26:35.598378
47,20,10,5,0,5,2026-07-30T17:26:35.239502
47,21,1,5,0,5,2026-07-30T17:26:36.019931
47,21,2,5,0,5,2026-07-30T17:26:35.766986
47,21,3,5,0,5,2026-07-30T17:26:35.960009
47,21,4,5,0,5,2026-07-30T17:26:35.446434
47,21,5,5,0,5,2026-07-30T17:26:35.422505
47,21,6,5,0,5,2026-07-30T17:26:36.253031
47,21,7,5,0,5,2026-07-30T17:26:36.265166
47,21,8,5,0,5,2026-07-30T17:26:37.308006
47,21,9,5,0,5,2026-07-30T17:26:36.689678
47,21,10,5,0,5,2026-07-30T17:26:37.187808
47,22,1,5,0,5,2026-07-30T17:26:37.822387
47,22,2,5,0,5,2026-07-30T17:26:37.032390
47,22,3,5,0,5,2026-07-30T17:26:37.698628
47,22,4,5,0,5,2026-07-30T17:26:37.696239
47,22,5,5,0,5,2026-07-30T17:26:37.323645
47,22,6,5,0,5,2026-07-30T17:26:38.139795
47,22,7,5,0,5,2026-07-30T17:26:39.094808
47,22,8,5,0,5,2026-07-30T17:26:39.043088
47,22,9,5,0,5,2026-07-30T17:26:38.725811
47,22,10,5,0,5,2026-07-30T17:26:39.193996
47,23,1,5,0,5,2026-07-30T17:26:38.936097
47,23,2,5,0,5,2026-07-30T17:26:38.939318
47,23,3,5,0,5,2026-07-30T17:26:39.269831
47,23,4,5,0,5,2026-07-30T17:26:39.592407
47,23,5,5,0,5,2026-07-30T17:26:39.757538
47,23,6,5,0,5,2026-07-30T17:26:40.152776
47,23,7,5,0,5,2026-07-30T17:26:40.816090
47,23,8,5,0,5,2026-07-30T17:26:40.454260
47,23,9,5,0,5,2026-07-30T17:26:40.947130
47,23,10,5,0,5,2026-07-30T17:26:40.448787
47,24,1,5,0,5,2026-07-30T17:26:40.691568
47,24,2,5,0,5,2026-07-30T17:26:40.818758
47,24,3,5,0,5,2026-07-30T17:26:41.231654
47,24,4,5,0,5,2026-07-30T17:26:41.577049
47,24,5,5,0,5,2026-07-30T17:26:41.720685
47,24,6,5,0,5,2026-07-30T17:26:42.136260
47,24,7,5,0,5,2026-07-30T17:26:42.545864
47,24,8,5,0,5,2026-07-30T17:26:42.436615
47,24,9,5,0,5,2026-07-30T17:26:41.842456
47,24,10,5,0,5,2026-07-30T17:26:42.787771
47,25,1,5,0,5,2026-07-30T17:26:42.270440
47,25,2,5,0,5,2026-07-30T17:26:43.226082
47,25,3,5,0,5,2026-07-30T17:26:42.769571
47,25,4,5,0,5,2026-07-30T17:26:42.897475
47,25,5,5,0,5,2026-07-30T17:26:44.183347
47,25,6,5,0,5,2026-07-30T17:26:43.496152
47,25,7,5,0,5,2026-07-30T17:26:43.701024
47,25,8,5,0,5,2026-07-30T17:26:43.985705
47,25,9,5,0,5,2026-07-30T17:26:43.995882
47,25,10,5,0,5,2026-07-30T17:26:44.866910
47,26,1,5,0,5,2026-07-30T17:26:44.157661
47,26,2,5,0,5,2026-07-30T17:26:44.446493
47,26,3,5,0,5,2026-07-30T17:26:45.108347
47,26,4,5,0,5,2026-07-30T17:26:44.788241
47,26,5,5,0,5,2026-07-30T17:26:45.450849
47,26,6,5,0,5,2026-07-30T17:26:46.051216
47,26,7,5,0,5,2026-07-30T17:26:45.413207
47,26,8,5,0,5,2026-07-30T17:26:45.839554
47,26,9,5,0,5,2026-07-30T17:26:46.304867
47,26,10,5,0,5,2026-07-30T17:26:46.854043
47,27,1,5,0,5,2026-07-30T17:26:46.325745
47,27,2,5,0,5,2026-07-30T17:26:46.963269
47,27,3,5,0,5,2026-07-30T17:26:47.267436
47,27,4,5,0,5,2026-07-30T17:26:47.705325
47,27,5,5,0,5,2026-07-30T17:26:47.689342
47,27,6,5,0,5,2026-07-30T17:26:47.707493
47,27,7,5,0,5,2026-07-30T17:26:47.541837
47,27,8,5,0,5,2026-07-30T17:26:47.966388
47,27,9,5,0,5,2026-07-30T17:26:47.889967
47,27,10,5,0,5,2026-07-30T17:26:48.807065
47,28,1,5,0,5,2026-07-30T17:26:48.492181
47,28,2,5,0,5,2026-07-30T17:26:48.811036
47,28,3,5,0,5,2026-07-30T17:26:49.542730
47,28,4,5,0,5,2026-07-30T17:26:49.150001
47,28,5,5,0,5,2026-07-30T17:26:48.949353
47,28,6,5,0,5,2026-07-30T17:26:49.125365
47,28,7,5,0,5,2026-07-30T17:26:49.435154
47,28,8,5,0,5,2026-07-30T17:26:49.721388
47,28,9,5,0,5,2026-07-30T17:26:50.672590
47,28,10,5,0,5,2026-07-30T17:26:50.663339
47,29,1,5,0,5,2026-07-30T17:26:49.992271
47,29,2,5,0,5,2026-07-30T17:26:50.379678
47,29,3,5,0,5,2026-07-30T17:26:50.796715
47,29,4,5,0,5,2026-07-30T17:26:51.320490
47,29,5,5,0,5,2026-07-30T17:26:51.593758
47,29,6,5,0,5,2026-07-30T17:26:51.380587
47,29,7,5,0,5,2026-07-30T17:26:51.425561
47,29,8,5,0,5,2026-07-30T17:26:51.842157
47,29,9,5,0,5,2026-07-30T17:26:52.146070
47,29,10,5,0,5,2026-07-30T17:26:52.114011
47,30,1,5,0,5,2026-07-30T17:26:53.105786
47,30,2,5,0,5,2026-07-30T17:26:52.798560
47,30,3,5,0,5,2026-07-30T17:26:53.017247
47,30,4,5,0,5,2026-07-30T17:26:52.670320
47,30,5,5,0,5,2026-07-30T17:26:53.285410
47,30,6,5,0,5,2026-07-30T17:26:53.900987
47,30,7,5,0,5,2026-07-30T17:26:53.570368
47,30,8,5,0,5,2026-07-30T17:26:54.036345
47,30,9,5,0,5,2026-07-30T17:26:54.324558
47,30,10,5,0,5,2026-07-30T17:26:54.460460
48,1,1,5,0,5,2026-07-30T17:26:54.871564
48,1,2,5,0,5,2026-07-30T17:26:54.778166
48,1,3,5,0,5,2026-07-30T17:26:54.539617
48,1,4,5,0,5,2026-07-30T17:26:54.835888
48,1,5,5,0,5,2026-07-30T17:26:55.541552
48,1,6,5,0,5,2026-07-30T17:26:55.300990
48,1,7,5,0,5,2026-07-30T17:26:56.376404
48,1,8,5,0,5,2026-07-30T17:26:55.517936
48,1,9,5,0,5,2026-07-30T17:26:56.584565
48,1,10,5,0,5,2026-07-30T17:26:56.261699
48,2,1,5,0,5,2026-07-30T17:26:56.710824
48,2,2,5,0,5,2026-07-30T17:26:55.930771
48,2,3,5,0,5,2026-07-30T17:26:56.970734
48,2,4,5,0,5,2026-07-30T17:26:57.183911
48,2,5,5,0,5,2026-07-30T17:26:57.394194
48,2,6,5,0,5,2026-07-30T17:26:56.755763
48,2,7,5,0,5,2026-07-30T17:26:57.519027
48,2,8,5,0,5,2026-07-30T17:26:57.398361
48,2,9,5,0,5,2026-07-30T17:26:58.243073
48,2,10,5,0,5,2026-07-30T17:26:57.766271
48,3,1,0,0,0,2026-07-30T17:26:58.188602
48,3,2,0,0,0,2026-07-30T17:26:58.817693
48,3,3,0,0,0,2026-07-30T17:26:59.047209
48,3,4,0,0,0,2026-07-30T17:26:59.067913
48,3,5,0,0,0,2026-07-30T17:26:58.437626
48,3,6,0,0,0,2026-07-30T17:26:59.164064
48,3,7,0,0,0,2026-07-30T17:26:59.646494
48,3,8,0,0,0,2026-07-30T17:26:59.642076
48,3,9,0,0,0,2026-07-30T17:26:59.940538
48,3,10,0,0,0,2026-07-30T17:27:00.318475
48,4,1,0,0,0,2026-07-30T17:27:00.076720
48,4,2,0,0,0,2026-07-30T17:27:00.701590
48,4,3,0,0,0,2026-07-30T17:27:00.306268
48,4,4,0,0,0,2026-07-30T17:27:00.211009
48,4,5,0,0,0,2026-07-30T17:27:00.707215
48,4,6,0,0,0,2026-07-30T17:27:01.288828
48,4,7,0,0,0,2026-07-30T17:27:00.972492
48,4,8,0,0,0,2026-07-30T17:27:01.957160
48,4,9,0,0,0,2026-07-30T17:27:01.837229
48,4,10,0,0,0,2026-07-30T17:27:01.569443
48,5,1,0,0,0,2026-07-30T17:27:01.775706
48,5,2,0,0,0,2026-07-30T17:27:01.733026
48,5,3,0,0,0,2026-07-30T17:27:02.567382
48,5,4,0,0,0,2026-07-30T17:27:02.225684
48,5,5,0,0,0,2026-07-30T17:27:02.943273
48,5,6,0,0,0,2026-07-30T17:27:03.427652
48,5,7,0,0,0,2026-07-30T17:27:03.014431
48,5,8,0,0,0,2026-07-30T17:27:03.636577
48,5,9,0,0,0,2026-07-30T17:27:03.472692
48,5,10,0,0,0,2026-07-30T17:27:02.790046
48,6,1,5,0,5,2026-07-30T17:27:03.674492
48,6,2,5,0,5,2026-07-30T17:27:03.821019
48,6,3,5,0,5,2026-07-30T17:27:04.427045
48,6,4,5,0,5,2026-07-30T17:27:04.971008
48,6,5,5,0,5,2026-07-30T17:27:04.072600
48,6,6,5,0,5,2026-07-30T17:27:04.613214
48,6,7,5,0,5,2026-07-30T17:27:04.687331
48,6,8,5,0,5,2026-07-30T17:27:04.867513
48,6,9,5,0,5,2026-07-30T17:27:05.293164
48,6,10,5,0,5,2026-07-30T17:27:05.701566
48,7,1,5,0,5,2026-07-30T17:27:05.504320
48,7,2,5,0,5,2026-07-30T17:27:05.874411
48,7,3,5,0,5,2026-07-30T17:27:06.077288
48,7,4,5,0,5,2026-07-30T17:27:06.348959
48,7,5,5,0,5,2026-07-30T17:27:06.511544
48,7,6,5,0,5,2026-07-30T17:27:06.205080
48,7,7,5,0,5,2026-07-30T17:27:06.539062
48,7,8,5,0,5,2026-07-30T17:27:06.950030
48,7,9,5,0,5,2026-07-30T17:27:07.553204
48,7,10,5,0,5,2026-07-30T17:27:07.117420
48,8,1,0,0,0,2026-07-30T17:27:07.715941
48,8,2,0,0,0,2026-07-30T17:27:07.658650
48,8,3,0,0,0,2026-07-30T17:27:08.369274
48,8,4,0,0,0,2026-07-30T17:27:08.130911
48,8,5,0,0,0,2026-07-30T17:27:07.794566
48,8,6,0,0,0,2026-07-30T17:27:08.629013
48,8,7,0,0,0,2026-07-30T17:27:08.344881
48,8,8,0,0,0,2026-07-30T17:27:08.999883
48,8,9,0,0,0,2026-07-30T17:27:09.327452
48,8,10,0,0,0,2026-07-30T17:27:09.383549
48,9,1,0,0,0,2026-07-30T17:27:09.039782
48,9,2,0,0,0,2026-07-30T17:27:09.586825
48,9,3,0,0,0,2026-07-30T17:27:09.211205
48,9,4,0,0,0,2026-07-30T17:27:10.034967
48,9,5,0,0,0,2026-07-30T17:27:09.879145
48,9,6,0,0,0,2026-07-30T17:27:10.245658
48,9,7,0,0,0,2026-07-30T17:27:10.112413
48,9,8,0,0,0,2026-07-30T17:27:10.652982
48,9,9,0,0,0,2026-07-30T17:27:10.999329
48,9,10,0,0,0,2026-07-30T17:27:11.046647
48,10,1,0,0,0,2026-07-30T17:27:11.420112
48,10,2,0,0,0,2026-07-30T17:27:11.523809
48,10,3,0,0,0,2026-07-30T17:27:11.286672
48,10,4,0,0,0,2026-07-30T17:27:11.548575
48,10,5,0,0,0,2026-07-30T17:27:11.495668
48,10,6,0,0,0,2026-07-30T17:27:12.276489
48,10,7,0,0,0,2026-07-30T17:27:12.437034
48,10,8,0,0,0,2026-07-30T17:27:12.488407
48,10,9,0,0,0,2026-07-30T17:27:12.733856
48,10,10,0,0,0,2026-07-30T17:27:12.261905
48,11,1,5,0,5,2026-07-30T17:27:13.352585
48,11,2,5,0,5,2026-07-30T17:27:13.393692
48,11,3,5,0,5,2026-07-30T17:27:12.983926
48,11,4,5,0,5,2026-07-30T17:27:14.096634
48,11,5,5,0,5,2026-07-30T17:27:14.120995
48,11,6,5,0,5,2026-07-30T17:27:13.965009
48,11,7,3,0,3,2026-07-30T17:27:14.578907
48,11,8,5,0,5,2026-07-30T17:27:14.180567
48,11,9,5,0,5,2026-07-30T17:27:14.409236
48,11,10,5,0,5,2026-07-30T17:27:14.605497
48,12,1,5,0,5,2026-07-30T17:27:14.432099
48,12,2,5,0,5,2026-07-30T17:27:15.834912
48,12,3,5,0,5,2026-07-30T17:27:15.135830
48,12,4,5,0,5,2026-07-30T17:27:15.354125
48,12,5,5,0,5,2026-07-30T17:27:15.428277
48,12,6,5,0,5,2026-07-30T17:27:15.869133
48,12,7,5,0,5,2026-07-30T17:27:15.896808
48,12,8,5,0,5,2026-07-30T17:27:15.594332
48,12,9,5,0,5,2026-07-30T17:27:16.038818
48,12,10,5,0,5,2026-07-30T17:27:16.775127
48,13,1,0,0,0,2026-07-30T17:27:17.190473
48,13,2,0,0,0,2026-07-30T17:27:16.682854
48,13,3,0,0,0,2026-07-30T17:27:17.418520
48,13,4,0,0,0,2026-07-30T17:27:17.067164
48,13,5,0,0,0,2026-07-30T17:27:17.123561
48,13,6,0,0,0,2026-07-30T17:27:16.942484
48,13,7,0,0,0,2026-07-30T17:27:17.451101
48,13,8,0,0,0,2026-07-30T17:27:17.921613
48,13,9,0,0,0,2026-07-30T17:27:18.215793
48,13,10,0,0,0,2026-07-30T17:27:18.835606
48,14,1,5,0,5,2026-07-30T17:27:18.485022
48,14,2,5,0,5,2026-07-30T17:27:18.371406
48,14,3,5,0,5,2026-07-30T17:27:18.641685
48,14,4,5,0,5,2026-07-30T17:27:19.080754
48,14,5,5,0,5,2026-07-30T17:27:19.094152
48,14,6,5,0,5,2026-07-30T17:27:19.165655
48,14,7,5,0,5,2026-07-30T17:27:19.457375
48,14,8,5,0,5,2026-07-30T17:27:19.792143
48,14,9,5,0,5,2026-07-30T17:27:20.133375
48,14,10,5,0,5,2026-07-30T17:27:20.087940
48,15,1,0,0,0,2026-07-30T17:27:20.087710
48,15,2,0,0,0,2026-07-30T17:27:20.118047
48,15,3,0,0,0,2026-07-30T17:27:20.760112
48,15,4,0,0,0,2026-07-30T17:27:20.223935
48,15,5,0,0,0,2026-07-30T17:27:20.908347
48,15,6,0,0,0,2026-07-30T17:27:21.430549
48,15,7,0,0,0,2026-07-30T17:27:21.143837
48,15,8,0,0,0,2026-07-30T17:27:22.141543
48,15,9,0,0,0,2026-07-30T17:27:21.941131
48,15,10,0,0,0,2026-07-30T17:27:21.503037
48,16,1,5,0,5,2026-07-30T17:27:21.663173
48,16,2,5,0,5,2026-07-30T17:27:22.015370
48,16,3,5,0,5,2026-07-30T17:27:22.560449
48,16,4,5,0,5,2026-07-30T17:27:22.182138
48,16,5,5,0,5,2026-07-30T17:27:22.690204
48,16,6,5,0,5,2026-07-30T17:27:22.941862
48,16,7,5,0,5,2026-07-30T17:27:23.078490
48,16,8,5,0,5,2026-07-30T17:27:23.176396
48,16,9,5,0,5,2026-07-30T17:27:23.876235
48,16,10,5,0,5,2026-07-30T17:27:24.195171
48,17,1,5,0,5,2026-07-30T17:27:23.423416
48,17,2,5,0,5,2026-07-30T17:27:23.603606
48,17,3,5,0,5,2026-07-30T17:27:23.730501
48,17,4,5,0,5,2026-07-30T17:27:24.590545
48,17,5,5,0,5,2026-07-30T17:27:24.712226
48,17,6,5,0,5,2026-07-30T17:27:24.195416
48,17,7,5,0,5,2026-07-30T17:27:24.659698
48,17,8,5,0,5,2026-07-30T17:27:24.850514
48,17,9,5,0,5,2026-07-30T17:27:25.407781
48,17,10,5,0,5,2026-07-30T17:27:25.114641
48,18,1,3,0,3,2026-07-30T17:27:25.231985
48,18,2,3,0,3,2026-07-30T17:27:25.222369
48,18,3,3,0,3,2026-07-30T17:27:25.820059
48,18,4,3,0,3,2026-07-30T17:27:25.509595
48,18,5,3,0,3,2026-07-30T17:27:26.550568
48,18,6,3,0,3,2026-07-30T17:27:26.493718
48,18,7,3,0,3,2026-07-30T17:27:26.360748
48,18,8,3,0,3,2026-07-30T17:27:27.075105
48,18,9,3,0,3,2026-07-30T17:27:26.881522
48,18,10,3,0,3,2026-07-30T17:27:27.247220
48,19,1,5,0,5,2026-07-30T17:27:27.191523
48,19,2,0,0,0,2026-07-30T17:27:27.091961
48,19,3,0,0,0,2026-07-30T17:27:27.792715
48,19,4,5,0,5,2026-07-30T17:27:27.510875
48,19,5,2,0,2,2026-07-30T17:27:27.797642
48,19,6,0,0,0,2026-07-30T17:27:28.104309
48,19,7,0,0,0,2026-07-30T17:27:28.745314
48,19,8,3,0,3,2026-07-30T17:27:28.328651
48,19,9,0,0,0,2026-07-30T17:27:29.049003
48,19,10,2,0,2,2026-07-30T17:27:28.540844
48,20,1,5,0,5,2026-07-30T17:27:29.181717
48,20,2,5,0,5,2026-07-30T17:27:28.841026
48,20,3,5,0,5,2026-07-30T17:27:29.226662
48,20,4,5,0,5,2026-07-30T17:27:29.148532
48,20,5,5,0,5,2026-07-30T17:27:29.564243
48,20,6,5,0,5,2026-07-30T17:27:30.821426
48,20,7,5,0,5,2026-07-30T17:27:30.578011
48,20,8,5,0,5,2026-07-30T17:27:30.491459
48,20,9,5,0,5,2026-07-30T17:27:32.560224
48,20,10,5,0,5,2026-07-30T17:27:32.662475
48,21,1,5,0,5,2026-07-30T17:27:30.614456
48,21,2,5,0,5,2026-07-30T17:27:32.731892
48,21,3,5,0,5,2026-07-30T17:27:33.412949
48,21,4,5,0,5,2026-07-30T17:27:33.188987
48,21,5,5,0,5,2026-07-30T17:27:33.032131
48,21,6,5,0,5,2026-07-30T17:27:33.095852
48,21,7,5,0,5,2026-07-30T17:27:33.083484
48,21,8,5,0,5,2026-07-30T17:27:34.218246
48,21,9,5,0,5,2026-07-30T17:27:33.889420
48,21,10,5,0,5,2026-07-30T17:27:33.980247
48,22,1,5,0,5,2026-07-30T17:27:34.256626
48,22,2,5,0,5,2026-07-30T17:27:34.542737
48,22,3,5,0,5,2026-07-30T17:27:34.941844
48,22,4,5,0,5,2026-07-30T17:27:34.423140
48,22,5,5,0,5,2026-07-30T17:27:34.448141
48,22,6,5,0,5,2026-07-30T17:27:35.518729
48,22,7,5,0,5,2026-07-30T17:27:35.432100
48,22,8,5,0,5,2026-07-30T17:27:36.243726
48,22,9,5,0,5,2026-07-30T17:27:36.116032
48,22,10,5,0,5,2026-07-30T17:27:36.048971
48,23,1,5,0,5,2026-07-30T17:27:36.305690
48,23,2,5,0,5,2026-07-30T17:27:35.996217
48,23,3,5,0,5,2026-07-30T17:27:36.177020
48,23,4,5,0,5,2026-07-30T17:27:37.474707
48,23,5,5,0,5,2026-07-30T17:27:36.527430
48,23,6,5,0,5,2026-07-30T17:27:37.205503
48,23,7,5,0,5,2026-07-30T17:27:37.710600
48,23,8,5,0,5,2026-07-30T17:27:37.575175
48,23,9,5,0,5,2026-07-30T17:27:38.033269
48,23,10,5,0,5,2026-07-30T17:27:38.090343
48,24,1,0,0,0,2026-07-30T17:27:37.755699
48,24,2,0,0,0,2026-07-30T17:27:37.560963
48,24,3,0,0,0,2026-07-30T17:27:38.657716
48,24,4,0,0,0,2026-07-30T17:27:38.520591
48,24,5,0,0,0,2026-07-30T17:27:39.193550
48,24,6,0,0,0,2026-07-30T17:27:38.622640
48,24,7,0,0,0,2026-07-30T17:27:38.923658
48,24,8,0,0,0,2026-07-30T17:27:39.823155
48,24,9,0,0,0,2026-07-30T17:27:39.672418
48,24,10,0,0,0,2026-07-30T17:27:39.329588
48,25,1,0,0,0,2026-07-30T17:27:39.961791
48,25,2,0,0,0,2026-07-30T17:27:39.466896
48,25,3,0,0,0,2026-07-30T17:27:40.091539
48,25,4,0,0,0,2026-07-30T17:27:39.944431
48,25,5,0,0,0,2026-07-30T17:27:41.024512
48,25,6,0,0,0,2026-07-30T17:27:41.403206
48,25,7,0,0,0,2026-07-30T17:27:40.697368
48,25,8,0,0,0,2026-07-30T17:27:41.526840
48,25,9,0,0,0,2026-07-30T17:27:40.876253
48,25,10,0,0,0,2026-07-30T17:27:41.378548
48,26,1,5,0,5,2026-07-30T17:27:41.218704
48,26,2,5,0,5,2026-07-30T17:27:41.733605
48,26,3,5,0,5,2026-07-30T17:27:41.946749
48,26,4,5,0,5,2026-07-30T17:27:42.505874
48,26,5,5,0,5,2026-07-30T17:27:42.892081
48,26,6,5,0,5,2026-07-30T17:27:42.693422
48,26,7,5,0,5,2026-07-30T17:27:42.423032
48,26,8,5,0,5,2026-07-30T17:27:43.279256
48,26,9,5,0,5,2026-07-30T17:27:42.990494
48,26,10,5,0,5,2026-07-30T17:27:43.610096
48,27,1,5,0,5,2026-07-30T17:27:43.197370
48,27,2,5,0,5,2026-07-30T17:27:43.877120
48,27,3,5,0,5,2026-07-30T17:27:43.935941
48,27,4,5,0,5,2026-07-30T17:27:44.750667
48,27,5,5,0,5,2026-07-30T17:27:44.111892
48,27,6,5,0,5,2026-07-30T17:27:44.451024
48,27,7,5,0,5,2026-07-30T17:27:44.841718
48,27,8,5,0,5,2026-07-30T17:27:44.343698
48,27,9,5,0,5,2026-07-30T17:27:45.468936
48,27,10,5,0,5,2026-07-30T17:27:45.110025
48,28,1,5,0,5,2026-07-30T17:27:45.602428
48,28,2,5,0,5,2026-07-30T17:27:45.738913
48,28,3,3,0,3,2026-07-30T17:27:45.995093
48,28,4,5,0,5,2026-07-30T17:27:46.321723
48,28,5,5,0,5,2026-07-30T17:27:45.785376
48,28,6,3,0,3,2026-07-30T17:27:46.671016
48,28,7,5,0,5,2026-07-30T17:27:46.551942
48,28,8,5,0,5,2026-07-30T17:27:47.119612
48,28,9,5,0,5,2026-07-30T17:27:47.029010
48,28,10,4,0,4,2026-07-30T17:27:47.602438
48,29,1,5,0,5,2026-07-30T17:27:47.217245
48,29,2,5,0,5,2026-07-30T17:27:47.663971
48,29,3,5,0,5,2026-07-30T17:27:47.943992
48,29,4,5,0,5,2026-07-30T17:27:48.432802
48,29,5,5,0,5,2026-07-30T17:27:48.120912
48,29,6,5,0,5,2026-07-30T17:27:48.699807
48,29,7,5,0,5,2026-07-30T17:27:48.985053
48,29,8,5,0,5,2026-07-30T17:27:48.468067
48,29,9,5,0,5,2026-07-30T17:27:49.048557
48,29,10,5,0,5,2026-07-30T17:27:49.335879
48,30,1,5,0,5,2026-07-30T17:27:49.198846
48,30,2,5,0,5,2026-07-30T17:27:49.761235
48,30,3,5,0,5,2026-07-30T17:27:50.297718
48,30,4,5,0,5,2026-07-30T17:27:49.929436
48,30,5,5,0,5,2026-07-30T17:27:50.586215
48,30,6,5,0,5,2026-07-30T17:27:50.241377
48,30,7,5,0,5,2026-07-30T17:27:50.872574
48,30,8,5,0,5,2026-07-30T17:27:50.832192
48,30,9,5,0,5,2026-07-30T17:27:51.152150
48,30,10,5,0,5,2026-07-30T17:27:51.626435
49,1,1,5,0,5,2026-07-30T17:27:51.199916
49,1,2,5,0,5,2026-07-30T17:27:51.500130
49,1,3,5,0,5,2026-07-30T17:27:51.933203
49,1,4,5,0,5,2026-07-30T17:27:52.452895
49,1,5,5,0,5,2026-07-30T17:27:52.479640
49,1,6,5,0,5,2026-07-30T17:27:52.125084
49,1,7,5,0,5,2026-07-30T17:27:52.602959
49,1,8,5,0,5,2026-07-30T17:27:53.045491
49,1,9,5,0,5,2026-07-30T17:27:52.761704
49,1,10,5,0,5,2026-07-30T17:27:52.862000
49,2,1,5,0,5,2026-07-30T17:27:53.191998
49,2,2,5,0,5,2026-07-30T17:27:53.969316
49,2,3,5,0,5,2026-07-30T17:27:53.697329
49,2,4,5,0,5,2026-07-30T17:27:54.140244
49,2,5,5,0,5,2026-07-30T17:27:54.480341
49,2,6,5,0,5,2026-07-30T17:27:54.220434
49,2,7,5,0,5,2026-07-30T17:27:54.514322
49,2,8,5,0,5,2026-07-30T17:27:54.264076
49,2,9,5,0,5,2026-07-30T17:27:54.460253
49,2,10,5,0,5,2026-07-30T17:27:55.166026
49,3,1,2,0,2,2026-07-30T17:27:55.651298
49,3,2,2,0,2,2026-07-30T17:27:55.190448
49,3,3,2,0,2,2026-07-30T17:27:56.111725
49,3,4,2,0,2,2026-07-30T17:27:55.317121
49,3,5,2,0,2,2026-07-30T17:27:56.081149
49,3,6,2,0,2,2026-07-30T17:27:56.138210
49,3,7,0,0,0,2026-07-30T17:27:55.981429
49,3,8,2,0,2,2026-07-30T17:27:56.232439
49,3,9,2,0,2,2026-07-30T17:27:56.729353
49,3,10,0,0,0,2026-07-30T17:27:57.161200
49,4,1,0,0,0,2026-07-30T17:27:57.015299
49,4,2,0,0,0,2026-07-30T17:27:57.447812
49,4,3,0,0,0,2026-07-30T17:27:57.525946
49,4,4,0,0,0,2026-07-30T17:27:57.747264
49,4,5,0,0,0,2026-07-30T17:27:57.585784
49,4,6,0,0,0,2026-07-30T17:27:57.261887
49,4,7,0,0,0,2026-07-30T17:27:58.139516
49,4,8,0,0,0,2026-07-30T17:27:58.453835
49,4,9,0,0,0,2026-07-30T17:27:58.997202
49,4,10,0,0,0,2026-07-30T17:27:58.734298
49,5,1,0,0,0,2026-07-30T17:27:58.692396
49,5,2,0,0,0,2026-07-30T17:27:58.985783
49,5,3,0,0,0,2026-07-30T17:27:59.031758
49,5,4,0,0,0,2026-07-30T17:27:59.228805
49,5,5,0,0,0,2026-07-30T17:27:59.786429
49,5,6,0,0,0,2026-07-30T17:28:00.519845
49,5,7,0,0,0,2026-07-30T17:28:00.169699
49,5,8,0,0,0,2026-07-30T17:28:00.178587
49,5,9,0,0,0,2026-07-30T17:28:00.442021
49,5,10,5,0,5,2026-07-30T17:28:00.681473
49,6,1,5,0,5,2026-07-30T17:28:00.309201
49,6,2,5,0,5,2026-07-30T17:28:00.961257
49,6,3,5,0,5,2026-07-30T17:28:01.238351
49,6,4,5,0,5,2026-07-30T17:28:02.010476
49,6,5,5,0,5,2026-07-30T17:28:02.435689
49,6,6,5,0,5,2026-07-30T17:28:01.567580
49,6,7,5,0,5,2026-07-30T17:28:01.771777
49,6,8,5,0,5,2026-07-30T17:28:01.788610
49,6,9,5,0,5,2026-07-30T17:28:02.397661
49,6,10,5,0,5,2026-07-30T17:28:02.422378
49,7,1,5,0,5,2026-07-30T17:28:03.311042
49,7,2,5,0,5,2026-07-30T17:28:02.671816
49,7,3,5,0,5,2026-07-30T17:28:03.833585
49,7,4,5,0,5,2026-07-30T17:28:03.501537
49,7,5,5,0,5,2026-07-30T17:28:03.695665
49,7,6,5,0,5,2026-07-30T17:28:03.586253
49,7,7,5,0,5,2026-07-30T17:28:04.125531
49,7,8,5,0,5,2026-07-30T17:28:03.848921
49,7,9,5,0,5,2026-07-30T17:28:03.722568
49,7,10,5,0,5,2026-07-30T17:28:04.375962
49,8,1,3,0,3,2026-07-30T17:28:04.952297
49,8,2,3,0,3,2026-07-30T17:28:04.655570
49,8,3,5,0,5,2026-07-30T17:28:05.150605
49,8,4,5,0,5,2026-07-30T17:28:05.384713
49,8,5,5,0,5,2026-07-30T17:28:05.864085
49,8,6,5,0,5,2026-07-30T17:28:05.536285
49,8,7,4,0,4,2026-07-30T17:28:05.393256
49,8,8,3,0,3,2026-07-30T17:28:05.836641
49,8,9,3,0,3,2026-07-30T17:28:06.308587
49,8,10,2,0,2,2026-07-30T17:28:06.787948
49,9,1,0,0,0,2026-07-30T17:28:06.406157
49,9,2,0,0,0,2026-07-30T17:28:06.813794
49,9,3,1,0,1,2026-07-30T17:28:07.229731
49,9,4,0,0,0,2026-07-30T17:28:06.994544
49,9,5,0,0,0,2026-07-30T17:28:07.502660
49,9,6,0,0,0,2026-07-30T17:28:07.334136
49,9,7,0,0,0,2026-07-30T17:28:07.574512
49,9,8,0,0,0,2026-07-30T17:28:08.049298
49,9,9,0,0,0,2026-07-30T17:28:08.639739
49,9,10,0,0,0,2026-07-30T17:28:08.043505
49,10,1,0,0,0,2026-07-30T17:28:08.258119
49,10,2,2,0,2,2026-07-30T17:28:09.298944
49,10,3,0,0,0,2026-07-30T17:28:08.980851
49,10,4,5,0,5,2026-07-30T17:28:08.955875
49,10,5,0,0,0,2026-07-30T17:28:08.620291
49,10,6,3,0,3,2026-07-30T17:28:09.889522
49,10,7,0,0,0,2026-07-30T17:28:09.478771
49,10,8,2,0,2,2026-07-30T17:28:10.318519
49,10,9,3,0,3,2026-07-30T17:28:10.459126
49,10,10,0,0,0,2026-07-30T17:28:10.493898
49,11,1,5,0,5,2026-07-30T17:28:10.402604
49,11,2,5,0,5,2026-07-30T17:28:11.051388
49,11,3,5,0,5,2026-07-30T17:28:10.760278
49,11,4,5,0,5,2026-07-30T17:28:11.120686
49,11,5,5,0,5,2026-07-30T17:28:11.523124
49,11,6,5,0,5,2026-07-30T17:28:12.178532
49,11,7,5,0,5,2026-07-30T17:28:11.870970
49,11,8,5,0,5,2026-07-30T17:28:12.299430
49,11,9,5,0,5,2026-07-30T17:28:12.350040
49,11,10,5,0,5,2026-07-30T17:28:12.412744
49,12,1,5,0,5,2026-07-30T17:28:12.650388
49,12,2,5,0,5,2026-07-30T17:28:12.357971
49,12,3,5,0,5,2026-07-30T17:28:12.763032
49,12,4,5,0,5,2026-07-30T17:28:13.528619
49,12,5,5,0,5,2026-07-30T17:28:13.841773
49,12,6,5,0,5,2026-07-30T17:28:13.709495
49,12,7,5,0,5,2026-07-30T17:28:13.824318
49,12,8,5,0,5,2026-07-30T17:28:14.221375
49,12,9,5,0,5,2026-07-30T17:28:14.480088
49,12,10,5,0,5,2026-07-30T17:28:14.483905
49,13,1,0,0,0,2026-07-30T17:28:14.443233
49,13,2,1,0,1,2026-07-30T17:28:15.193882
49,13,3,2,0,2,2026-07-30T17:28:14.964768
49,13,4,0,0,0,2026-07-30T17:28:15.469723
49,13,5,0,0,0,2026-07-30T17:28:15.495806
49,13,6,0,0,0,2026-07-30T17:28:16.263154
49,13,7,0,0,0,2026-07-30T17:28:16.082096
49,13,8,2,0,2,2026-07-30T17:28:15.704908
49,13,9,0,0,0,2026-07-30T17:28:15.495908
49,13,10,0,0,0,2026-07-30T17:28:16.595499
49,14,1,4,0,4,2026-07-30T17:28:16.233418
49,14,2,5,0,5,2026-07-30T17:28:17.307542
49,14,3,5,0,5,2026-07-30T17:28:16.947108
49,14,4,5,0,5,2026-07-30T17:28:17.559211
49,14,5,5,0,5,2026-07-30T17:28:17.165036
49,14,6,3,0,3,2026-07-30T17:28:17.335858
49,14,7,5,0,5,2026-07-30T17:28:17.294915
49,14,8,5,0,5,2026-07-30T17:28:17.907524
49,14,9,5,0,5,2026-07-30T17:28:18.080905
49,14,10,5,0,5,2026-07-30T17:28:18.402420
49,15,1,5,0,5,2026-07-30T17:28:18.385625
49,15,2,5,0,5,2026-07-30T17:28:18.940226
49,15,3,5,0,5,2026-07-30T17:28:19.151687
49,15,4,5,0,5,2026-07-30T17:28:18.653558
49,15,5,5,0,5,2026-07-30T17:28:19.205459
49,15,6,5,0,5,2026-07-30T17:28:19.768048
49,15,7,5,0,5,2026-07-30T17:28:20.149614
49,15,8,5,0,5,2026-07-30T17:28:20.037674
49,15,9,5,0,5,2026-07-30T17:28:19.645706
49,15,10,5,0,5,2026-07-30T17:28:20.063552
49,16,1,5,0,5,2026-07-30T17:28:20.824171
49,16,2,5,0,5,2026-07-30T17:28:20.616095
49,16,3,5,0,5,2026-07-30T17:28:20.455616
49,16,4,5,0,5,2026-07-30T17:28:21.510102
49,16,5,5,0,5,2026-07-30T17:28:21.814415
49,16,6,5,0,5,2026-07-30T17:28:21.929257
49,16,7,5,0,5,2026-07-30T17:28:21.731691
49,16,8,5,0,5,2026-07-30T17:28:21.416185
49,16,9,5,0,5,2026-07-30T17:28:22.302466
49,16,10,5,0,5,2026-07-30T17:28:22.084244
49,17,1,5,0,5,2026-07-30T17:28:22.271609
49,17,2,5,0,5,2026-07-30T17:28:22.656049
49,17,3,5,0,5,2026-07-30T17:28:23.181541
49,17,4,5,0,5,2026-07-30T17:28:23.780729
49,17,5,5,0,5,2026-07-30T17:28:23.442631
49,17,6,5,0,5,2026-07-30T17:28:23.555878
49,17,7,5,0,5,2026-07-30T17:28:23.945241
49,17,8,5,0,5,2026-07-30T17:28:23.914836
49,17,9,5,0,5,2026-07-30T17:28:23.739272
49,17,10,5,0,5,2026-07-30T17:28:24.425322
49,18,1,3,0,3,2026-07-30T17:28:25.027520
49,18,2,2,0,2,2026-07-30T17:28:24.297705
49,18,3,2,0,2,2026-07-30T17:28:25.411249
49,18,4,2,0,2,2026-07-30T17:28:24.999687
49,18,5,2,0,2,2026-07-30T17:28:25.210371
49,18,6,3,0,3,2026-07-30T17:28:25.354567
49,18,7,3,0,3,2026-07-30T17:28:24.981193
49,18,8,3,0,3,2026-07-30T17:28:26.188702
49,18,9,3,0,3,2026-07-30T17:28:25.482245
49,18,10,2,0,2,2026-07-30T17:28:26.827351
49,19,1,2,0,2,2026-07-30T17:28:26.452952
49,19,2,2,0,2,2026-07-30T17:28:26.082136
49,19,3,2,0,2,2026-07-30T17:28:26.869747
49,19,4,0,0,0,2026-07-30T17:28:26.795714
49,19,5,2,0,2,2026-07-30T17:28:26.426529
49,19,6,2,0,2,2026-07-30T17:28:26.545238
49,19,7,2,0,2,2026-07-30T17:28:27.933774
49,19,8,2,0,2,2026-07-30T17:28:27.430347
49,19,9,2,0,2,2026-07-30T17:28:28.276463
49,19,10,2,0,2,2026-07-30T17:28:27.875231
49,20,1,5,0,5,2026-07-30T17:28:28.206757
49,20,2,5,0,5,2026-07-30T17:28:28.622479
49,20,3,5,0,5,2026-07-30T17:28:28.673462
49,20,4,5,0,5,2026-07-30T17:28:27.944055
49,20,5,5,0,5,2026-07-30T17:28:29.278225
49,20,6,5,0,5,2026-07-30T17:28:28.903795
49,20,7,5,0,5,2026-07-30T17:28:29.578060
49,20,8,5,0,5,2026-07-30T17:28:29.190245
49,20,9,5,0,5,2026-07-30T17:28:30.064324
49,20,10,5,0,5,2026-07-30T17:28:29.945965
49,21,1,5,0,5,2026-07-30T17:28:30.329689
49,21,2,5,0,5,2026-07-30T17:28:30.514445
49,21,3,5,0,5,2026-07-30T17:28:30.532637
49,21,4,5,0,5,2026-07-30T17:28:30.825014
49,21,5,5,0,5,2026-07-30T17:28:31.125356
49,21,6,5,0,5,2026-07-30T17:28:31.408444
49,21,7,5,0,5,2026-07-30T17:28:31.806386
49,21,8,5,0,5,2026-07-30T17:28:31.952493
49,21,9,5,0,5,2026-07-30T17:28:32.326082
49,21,10,5,0,5,2026-07-30T17:28:31.762913
49,22,1,5,0,5,2026-07-30T17:28:32.418803
49,22,2,5,0,5,2026-07-30T17:28:32.069209
49,22,3,5,0,5,2026-07-30T17:28:32.583585
49,22,4,5,0,5,2026-07-30T17:28:32.865382
49,22,5,5,0,5,2026-07-30T17:28:32.999057
49,22,6,5,0,5,2026-07-30T17:28:33.257932
49,22,7,5,0,5,2026-07-30T17:28:33.806092
49,22,8,5,0,5,2026-07-30T17:28:33.291967
49,22,9,5,0,5,2026-07-30T17:28:33.588793
49,22,10,5,0,5,2026-07-30T17:28:34.064846
49,23,1,5,0,5,2026-07-30T17:28:33.808505
49,23,2,5,0,5,2026-07-30T17:28:34.108150
49,23,3,5,0,5,2026-07-30T17:28:34.455066
49,23,4,5,0,5,2026-07-30T17:28:34.488444
49,23,5,5,0,5,2026-07-30T17:28:35.153528
49,23,6,5,0,5,2026-07-30T17:28:34.811127
49,23,7,5,0,5,2026-07-30T17:28:35.849768
49,23,8,5,0,5,2026-07-30T17:28:35.849490
49,23,9,5,0,5,2026-07-30T17:28:35.537929
49,23,10,5,0,5,2026-07-30T17:28:36.190111
49,24,1,0,0,0,2026-07-30T17:28:36.539245
49,24,2,0,0,0,2026-07-30T17:28:36.362133
49,24,3,0,0,0,2026-07-30T17:28:36.046417
49,24,4,0,0,0,2026-07-30T17:28:37.022841
49,24,5,0,0,0,2026-07-30T17:28:36.782140
49,24,6,0,0,0,2026-07-30T17:28:37.693123
49,24,7,0,0,0,2026-07-30T17:28:37.338174
49,24,8,0,0,0,2026-07-30T17:28:37.305442
49,24,9,5,0,5,2026-07-30T17:28:37.637919
49,24,10,0,0,0,2026-07-30T17:28:38.068211
49,25,1,5,0,5,2026-07-30T17:28:37.506002
49,25,2,5,0,5,2026-07-30T17:28:38.216602
49,25,3,5,0,5,2026-07-30T17:28:38.683148
49,25,4,5,0,5,2026-07-30T17:28:38.389199
49,25,5,5,0,5,2026-07-30T17:28:38.795193
49,25,6,5,0,5,2026-07-30T17:28:38.598561
49,25,7,5,0,5,2026-07-30T17:28:39.521492
49,25,8,5,0,5,2026-07-30T17:28:38.919665
49,25,9,5,0,5,2026-07-30T17:28:40.163182
49,25,10,5,0,5,2026-07-30T17:28:39.874351
49,26,1,5,0,5,2026-07-30T17:28:39.622361
49,26,2,5,0,5,2026-07-30T17:28:40.418756
49,26,3,5,0,5,2026-07-30T17:28:40.523865
49,26,4,5,0,5,2026-07-30T17:28:40.844640
49,26,5,5,0,5,2026-07-30T17:28:40.565108
49,26,6,5,0,5,2026-07-30T17:28:41.165771
49,26,7,5,0,5,2026-07-30T17:28:40.855439
49,26,8,5,0,5,2026-07-30T17:28:41.301909
49,26,9,5,0,5,2026-07-30T17:28:41.634179
49,26,10,5,0,5,2026-07-30T17:28:42.058290
49,27,1,5,0,5,2026-07-30T17:28:42.385015
49,27,2,5,0,5,2026-07-30T17:28:41.631380
49,27,3,5,0,5,2026-07-30T17:28:42.471269
49,27,4,5,0,5,2026-07-30T17:28:42.503352
49,27,5,5,0,5,2026-07-30T17:28:42.852704
49,27,6,5,0,5,2026-07-30T17:28:43.144189
49,27,7,5,0,5,2026-07-30T17:28:43.482068
49,27,8,5,0,5,2026-07-30T17:28:43.474721
49,27,9,5,0,5,2026-07-30T17:28:43.319131
49,27,10,5,0,5,2026-07-30T17:28:43.827319
49,28,1,4,0,4,2026-07-30T17:28:44.137126
49,28,2,4,0,4,2026-07-30T17:28:43.948090
49,28,3,3,0,3,2026-07-30T17:28:44.092445
49,28,4,3,0,3,2026-07-30T17:28:44.981484
49,28,5,3,0,3,2026-07-30T17:28:44.359203
49,28,6,4,0,4,2026-07-30T17:28:44.945176
49,28,7,3,0,3,2026-07-30T17:28:44.944086
49,28,8,3,0,3,2026-07-30T17:28:45.051596
49,28,9,3,0,3,2026-07-30T17:28:45.591369
49,28,10,3,0,3,2026-07-30T17:28:45.961286
49,29,1,0,0,0,2026-07-30T17:28:45.154971
49,29,2,5,0,5,2026-07-30T17:28:45.615986
49,29,3,0,0,0,2026-07-30T17:28:46.623820
49,29,4,0,0,0,2026-07-30T17:28:45.991278
49,29,5,5,0,5,2026-07-30T17:28:46.239170
49,29,6,0,0,0,2026-07-30T17:28:46.297383
49,29,7,0,0,0,2026-07-30T17:28:46.996370
49,29,8,5,0,5,2026-07-30T17:28:46.660286
49,29,9,5,0,5,2026-07-30T17:28:47.287883
49,29,10,0,0,0,2026-07-30T17:28:47.788494
49,30,1,3,0,3,2026-07-30T17:28:47.220091
49,30,2,5,0,5,2026-07-30T17:28:47.490552
49,30,3,5,0,5,2026-07-30T17:28:47.507975
49,30,4,5,0,5,2026-07-30T17:28:48.674679
49,30,5,5,0,5,2026-07-30T17:28:48.312689
49,30,6,5,0,5,2026-07-30T17:28:48.216147
49,30,7,3,0,3,2026-07-30T17:28:48.673993
49,30,8,5,0,5,2026-07-30T17:28:48.743410
49,30,9,5,0,5,2026-07-30T17:28:49.369121
49,30,10,3,0,3,2026-07-30T17:28:49.157743
50,1,1,5,0,5,2026-07-30T17:28:49.239561
50,1,2,5,0,5,2026-07-30T17:28:49.652748
50,1,3,5,0,5,2026-07-30T17:28:50.533214
50,1,4,5,0,5,2026-07-30T17:28:49.738416
50,1,5,5,0,5,2026-07-30T17:28:49.908140
50,1,6,5,0,5,2026-07-30T17:28:49.991005
50,1,7,5,0,5,2026-07-30T17:28:50.210932
50,1,8,5,0,5,2026-07-30T17:28:51.081997
50,1,9,5,0,5,2026-07-30T17:28:50.794280
50,1,10,5,0,5,2026-07-30T17:28:51.118214
50,2,1,5,0,5,2026-07-30T17:28:50.759650
50,2,2,5,0,5,2026-07-30T17:28:51.755609
50,2,3,5,0,5,2026-07-30T17:28:51.224069
50,2,4,5,0,5,2026-07-30T17:28:52.088267
50,2,5,5,0,5,2026-07-30T17:28:51.987623
50,2,6,5,0,5,2026-07-30T17:28:52.236519
50,2,7,5,0,5,2026-07-30T17:28:52.641819
50,2,8,5,0,5,2026-07-30T17:28:52.916425
50,2,9,5,0,5,2026-07-30T17:28:52.384543
50,2,10,5,0,5,2026-07-30T17:28:52.282962
50,3,1,5,0,5,2026-07-30T17:28:53.796113
50,3,2,5,0,5,2026-07-30T17:28:53.214816
50,3,3,5,0,5,2026-07-30T17:28:53.332321
50,3,4,5,0,5,2026-07-30T17:28:54.083750
50,3,5,5,0,5,2026-07-30T17:28:53.337369
50,3,6,5,0,5,2026-07-30T17:28:54.047544
50,3,7,5,0,5,2026-07-30T17:28:54.491935
50,3,8,5,0,5,2026-07-30T17:28:54.744485
50,3,9,5,0,5,2026-07-30T17:28:54.654301
50,3,10,5,0,5,2026-07-30T17:28:54.973922
50,4,1,5,0,5,2026-07-30T17:28:55.179286
50,4,2,5,0,5,2026-07-30T17:28:55.233267
50,4,3,5,0,5,2026-07-30T17:28:55.910925
50,4,4,5,0,5,2026-07-30T17:28:55.512782
50,4,5,5,0,5,2026-07-30T17:28:56.342975
50,4,6,5,0,5,2026-07-30T17:28:55.900514
50,4,7,5,0,5,2026-07-30T17:28:56.025332
50,4,8,5,0,5,2026-07-30T17:28:56.833594
50,4,9,5,0,5,2026-07-30T17:28:56.625256
50,4,10,5,0,5,2026-07-30T17:28:56.700974
50,5,1,5,0,5,2026-07-30T17:28:56.773392
50,5,2,5,0,5,2026-07-30T17:28:57.785791
50,5,3,5,0,5,2026-07-30T17:28:57.554370
50,5,4,5,0,5,2026-07-30T17:28:57.274521
50,5,5,5,0,5,2026-07-30T17:28:58.179507
50,5,6,5,0,5,2026-07-30T17:28:57.871055
50,5,7,5,0,5,2026-07-30T17:28:58.362368
50,5,8,5,0,5,2026-07-30T17:28:58.830758
50,5,9,5,0,5,2026-07-30T17:28:58.699198
50,5,10,5,0,5,2026-07-30T17:28:58.731532
50,6,1,5,0,5,2026-07-30T17:28:59.186667
50,6,2,5,0,5,2026-07-30T17:28:59.233645
50,6,3,5,0,5,2026-07-30T17:28:59.928887
50,6,4,5,0,5,2026-07-30T17:29:00.237734
50,6,5,5,0,5,2026-07-30T17:28:59.785000
50,6,6,5,0,5,2026-07-30T17:29:00.523436
50,6,7,5,0,5,2026-07-30T17:28:59.971502
50,6,8,5,0,5,2026-07-30T17:28:59.859527
50,6,9,5,0,5,2026-07-30T17:29:00.428848
50,6,10,5,0,5,2026-07-30T17:29:00.878102
50,7,1,5,0,5,2026-07-30T17:29:01.408599
50,7,2,5,0,5,2026-07-30T17:29:00.924667
50,7,3,5,0,5,2026-07-30T17:29:01.189657
50,7,4,5,0,5,2026-07-30T17:29:01.438011
50,7,5,5,0,5,2026-07-30T17:29:01.488304
50,7,6,5,0,5,2026-07-30T17:29:01.488428
50,7,7,5,0,5,2026-07-30T17:29:02.545888
50,7,8,5,0,5,2026-07-30T17:29:02.733408
50,7,9,5,0,5,2026-07-30T17:29:02.159450
50,7,10,5,0,5,2026-07-30T17:29:02.644499
50,8,1,5,0,5,2026-07-30T17:29:03.065112
50,8,2,5,0,5,2026-07-30T17:29:03.301200
50,8,3,5,0,5,2026-07-30T17:29:02.912157
50,8,4,5,0,5,2026-07-30T17:29:02.723293
50,8,5,5,0,5,2026-07-30T17:29:03.446973
50,8,6,5,0,5,2026-07-30T17:29:04.586196
50,8,7,5,0,5,2026-07-30T17:29:04.687112
50,8,8,5,0,5,2026-07-30T17:29:04.353493
50,8,9,5,0,5,2026-07-30T17:29:04.146242
50,8,10,5,0,5,2026-07-30T17:29:04.759475
50,9,1,5,0,5,2026-07-30T17:29:04.285429
50,9,2,5,0,5,2026-07-30T17:29:04.976600
50,9,3,5,0,5,2026-07-30T17:29:05.095551
50,9,4,5,0,5,2026-07-30T17:29:05.769709
50,9,5,5,0,5,2026-07-30T17:29:05.726576
50,9,6,5,0,5,2026-07-30T17:29:05.416894
50,9,7,5,0,5,2026-07-30T17:29:06.025584
50,9,8,5,0,5,2026-07-30T17:29:06.510108
50,9,9,5,0,5,2026-07-30T17:29:06.618888
50,9,10,5,0,5,2026-07-30T17:29:06.036365
50,10,1,5,0,5,2026-07-30T17:29:06.357306
50,10,2,5,0,5,2026-07-30T17:29:07.085532
50,10,3,5,0,5,2026-07-30T17:29:06.975948
50,10,4,5,0,5,2026-07-30T17:29:07.220102
50,10,5,5,0,5,2026-07-30T17:29:07.052742
50,10,6,5,0,5,2026-07-30T17:29:08.078151
50,10,7,5,0,5,2026-07-30T17:29:07.596125
50,10,8,3,0,3,2026-07-30T17:29:07.957789
50,10,9,5,0,5,2026-07-30T17:29:08.438823
50,10,10,5,0,5,2026-07-30T17:29:08.225156
50,11,1,5,0,5,2026-07-30T17:29:08.298437
50,11,2,5,0,5,2026-07-30T17:29:08.501641
50,11,3,5,0,5,2026-07-30T17:29:08.695713
50,11,4,5,0,5,2026-07-30T17:29:08.854359
50,11,5,5,0,5,2026-07-30T17:29:09.202408
50,11,6,5,0,5,2026-07-30T17:29:09.543060
50,11,7,5,0,5,2026-07-30T17:29:09.642338
50,11,8,5,0,5,2026-07-30T17:29:10.162119
50,11,9,5,0,5,2026-07-30T17:29:09.876604
50,11,10,5,0,5,2026-07-30T17:29:09.956751
50,12,1,5,0,5,2026-07-30T17:29:09.748309
50,12,2,5,0,5,2026-07-30T17:29:10.336853
50,12,3,5,0,5,2026-07-30T17:29:11.252477
50,12,4,5,0,5,2026-07-30T17:29:10.540498
50,12,5,5,0,5,2026-07-30T17:29:11.510052
50,12,6,5,0,5,2026-07-30T17:29:10.999077
50,12,7,5,0,5,2026-07-30T17:29:11.325875
50,12,8,5,0,5,2026-07-30T17:29:11.386097
50,12,9,5,0,5,2026-07-30T17:29:11.994362
50,12,10,5,0,5,2026-07-30T17:29:12.184198
50,13,1,5,0,5,2026-07-30T17:29:11.993540
50,13,2,5,0,5,2026-07-30T17:29:12.432986
50,13,3,5,0,5,2026-07-30T17:29:12.481685
50,13,4,5,0,5,2026-07-30T17:29:12.752546
50,13,5,5,0,5,2026-07-30T17:29:12.825450
50,13,6,5,0,5,2026-07-30T17:29:13.559591
50,13,7,5,0,5,2026-07-30T17:29:13.836000
50,13,8,5,0,5,2026-07-30T17:29:13.258786
50,13,9,5,0,5,2026-07-30T17:29:13.414207
50,13,10,5,0,5,2026-07-30T17:29:13.894491
50,14,1,5,0,5,2026-07-30T17:29:13.707286
50,14,2,5,0,5,2026-07-30T17:29:14.618288
50,14,3,5,0,5,2026-07-30T17:29:14.046647
50,14,4,5,0,5,2026-07-30T17:29:14.330096
50,14,5,5,0,5,2026-07-30T17:29:15.078279
50,14,6,5,0,5,2026-07-30T17:29:15.004950
50,14,7,5,0,5,2026-07-30T17:29:15.163186
50,14,8,5,0,5,2026-07-30T17:29:15.903386
50,14,9,5,0,5,2026-07-30T17:29:15.314066
50,14,10,5,0,5,2026-07-30T17:29:15.300190
50,15,1,5,0,5,2026-07-30T17:29:15.755832
50,15,2,5,0,5,2026-07-30T17:29:15.858248
50,15,3,5,0,5,2026-07-30T17:29:16.654088
50,15,4,5,0,5,2026-07-30T17:29:17.128668
50,15,5,5,0,5,2026-07-30T17:29:16.424101
50,15,6,5,0,5,2026-07-30T17:29:17.390501
50,15,7,5,0,5,2026-07-30T17:29:16.370986
50,15,8,5,0,5,2026-07-30T17:29:17.024187
50,15,9,5,0,5,2026-07-30T17:29:17.733030
50,15,10,5,0,5,2026-07-30T17:29:16.930529
50,16,1,5,0,5,2026-07-30T17:29:18.010814
50,16,2,5,0,5,2026-07-30T17:29:18.249930
50,16,3,5,0,5,2026-07-30T17:29:17.690249
50,16,4,5,0,5,2026-07-30T17:29:18.777204
50,16,5,5,0,5,2026-07-30T17:29:18.445719
50,16,6,5,0,5,2026-07-30T17:29:19.012495
50,16,7,5,0,5,2026-07-30T17:29:18.821899
50,16,8,5,0,5,2026-07-30T17:29:19.549865
50,16,9,5,0,5,2026-07-30T17:29:18.757976
50,16,10,5,0,5,2026-07-30T17:29:19.263788
50,17,1,5,0,5,2026-07-30T17:29:19.926937
50,17,2,5,0,5,2026-07-30T17:29:20.289084
50,17,3,5,0,5,2026-07-30T17:29:19.808168
50,17,4,5,0,5,2026-07-30T17:29:20.617224
50,17,5,5,0,5,2026-07-30T17:29:20.282577
50,17,6,5,0,5,2026-07-30T17:29:20.251309
50,17,7,5,0,5,2026-07-30T17:29:20.899674
50,17,8,5,0,5,2026-07-30T17:29:21.240908
50,17,9,5,0,5,2026-07-30T17:29:20.855708
50,17,10,5,0,5,2026-07-30T17:29:20.924960
50,18,1,5,0,5,2026-07-30T17:29:21.903413
50,18,2,5,0,5,2026-07-30T17:29:21.722798
50,18,3,5,0,5,2026-07-30T17:29:22.555932
50,18,4,5,0,5,2026-07-30T17:29:22.283004
50,18,5,5,0,5,2026-07-30T17:29:22.482402
50,18,6,5,0,5,2026-07-30T17:29:22.740255
50,18,7,5,0,5,2026-07-30T17:29:22.202242
50,18,8,5,0,5,2026-07-30T17:29:22.909449
50,18,9,5,0,5,2026-07-30T17:29:23.171570
50,18,10,5,0,5,2026-07-30T17:29:23.343181
50,19,1,5,0,5,2026-07-30T17:29:24.073515
50,19,2,5,0,5,2026-07-30T17:29:24.132011
50,19,3,5,0,5,2026-07-30T17:29:24.149684
50,19,4,5,0,5,2026-07-30T17:29:24.057807
50,19,5,5,0,5,2026-07-30T17:29:23.815188
50,19,6,5,0,5,2026-07-30T17:29:24.561213
50,19,7,5,0,5,2026-07-30T17:29:24.999875
50,19,8,5,0,5,2026-07-30T17:29:25.209123
50,19,9,5,0,5,2026-07-30T17:29:24.639210
50,19,10,5,0,5,2026-07-30T17:29:25.721514
50,20,1,5,0,5,2026-07-30T17:29:25.133371
50,20,2,5,0,5,2026-07-30T17:29:25.577163
50,20,3,5,0,5,2026-07-30T17:29:25.586181
50,20,4,5,0,5,2026-07-30T17:29:25.431669
50,20,5,5,0,5,2026-07-30T17:29:26.080674
50,20,6,5,0,5,2026-07-30T17:29:26.239353
50,20,7,5,0,5,2026-07-30T17:29:26.355296
50,20,8,5,0,5,2026-07-30T17:29:26.275345
50,20,9,5,0,5,2026-07-30T17:29:26.651838
50,20,10,5,0,5,2026-07-30T17:29:27.430309
50,21,1,5,0,5,2026-07-30T17:29:26.861335
50,21,2,5,0,5,2026-07-30T17:29:27.583458
50,21,3,5,0,5,2026-07-30T17:29:27.935973
50,21,4,5,0,5,2026-07-30T17:29:27.695420
50,21,5,5,0,5,2026-07-30T17:29:28.134558
50,21,6,5,0,5,2026-07-30T17:29:27.656337
50,21,7,5,0,5,2026-07-30T17:29:27.696248
50,21,8,5,0,5,2026-07-30T17:29:28.326488
50,21,9,5,0,5,2026-07-30T17:29:28.666765
50,21,10,5,0,5,2026-07-30T17:29:29.443616
50,22,1,5,0,5,2026-07-30T17:29:29.337157
50,22,2,5,0,5,2026-07-30T17:29:29.128919
50,22,3,5,0,5,2026-07-30T17:29:29.139820
50,22,4,5,0,5,2026-07-30T17:29:29.183211
50,22,5,5,0,5,2026-07-30T17:29:29.987985
50,22,6,5,0,5,2026-07-30T17:29:29.374266
50,22,7,5,0,5,2026-07-30T17:29:30.546427
50,22,8,5,0,5,2026-07-30T17:29:30.581364
50,22,9,5,0,5,2026-07-30T17:29:30.790154
50,22,10,5,0,5,2026-07-30T17:29:30.605482
50,23,1,5,0,5,2026-07-30T17:29:31.202017
50,23,2,5,0,5,2026-07-30T17:29:31.442601
50,23,3,5,0,5,2026-07-30T17:29:30.892904
50,23,4,5,0,5,2026-07-30T17:29:32.070050
50,23,5,5,0,5,2026-07-30T17:29:31.576006
50,23,6,5,0,5,2026-07-30T17:29:32.642351
50,23,7,5,0,5,2026-07-30T17:29:31.830179
50,23,8,5,0,5,2026-07-30T17:29:32.657446
50,23,9,5,0,5,2026-07-30T17:29:32.569689
50,23,10,5,0,5,2026-07-30T17:29:33.067449
50,24,1,5,0,5,2026-07-30T17:29:32.269576
50,24,2,5,0,5,2026-07-30T17:29:32.812964
50,24,3,5,0,5,2026-07-30T17:29:33.890600
50,24,4,5,0,5,2026-07-30T17:29:33.521257
50,24,5,5,0,5,2026-07-30T17:29:33.299790
50,24,6,5,0,5,2026-07-30T17:29:33.781490
50,24,7,5,0,5,2026-07-30T17:29:33.880251
50,24,8,5,0,5,2026-07-30T17:29:34.539071
50,24,9,5,0,5,2026-07-30T17:29:33.845230
50,24,10,5,0,5,2026-07-30T17:29:34.521485
50,25,1,5,0,5,2026-07-30T17:29:35.159960
50,25,2,5,0,5,2026-07-30T17:29:34.975245
50,25,3,5,0,5,2026-07-30T17:29:35.228422
50,25,4,5,0,5,2026-07-30T17:29:35.454607
50,25,5,5,0,5,2026-07-30T17:29:35.739878
50,25,6,5,0,5,2026-07-30T17:29:35.134997
50,25,7,5,0,5,2026-07-30T17:29:35.759997
50,25,8,5,0,5,2026-07-30T17:29:36.393435
50,25,9,5,0,5,2026-07-30T17:29:36.456725
50,25,10,5,0,5,2026-07-30T17:29:36.166683
50,26,1,5,0,5,2026-07-30T17:29:36.603667
50,26,2,5,0,5,2026-07-30T17:29:36.261874
50,26,3,5,0,5,2026-07-30T17:29:37.281966
50,26,4,5,0,5,2026-07-30T17:29:36.983168
50,26,5,5,0,5,2026-07-30T17:29:37.202029
50,26,6,5,0,5,2026-07-30T17:29:37.866843
50,26,7,5,0,5,2026-07-30T17:29:38.125343
50,26,8,5,0,5,2026-07-30T17:29:37.861655
50,26,9,5,0,5,2026-07-30T17:29:37.527230
50,26,10,5,0,5,2026-07-30T17:29:38.076162
50,27,1,5,0,5,2026-07-30T17:29:38.416050
50,27,2,5,0,5,2026-07-30T17:29:38.656330
50,27,3,5,0,5,2026-07-30T17:29:39.123570
50,27,4,5,0,5,2026-07-30T17:29:38.971004
50,27,5,5,0,5,2026-07-30T17:29:38.917942
50,27,6,5,0,5,2026-07-30T17:29:39.130838
50,27,7,5,0,5,2026-07-30T17:29:39.499411
50,27,8,5,0,5,2026-07-30T17:29:39.359492
50,27,9,5,0,5,2026-07-30T17:29:39.649462
50,27,10,5,0,5,2026-07-30T17:29:39.915050
50,28,1,5,0,5,2026-07-30T17:29:40.132260
50,28,2,5,0,5,2026-07-30T17:29:40.420539
50,28,3,5,0,5,2026-07-30T17:29:40.572387
50,28,4,5,0,5,2026-07-30T17:29:40.392618
50,28,5,5,0,5,2026-07-30T17:29:40.835301
50,28,6,5,0,5,2026-07-30T17:29:40.704718
50,28,7,5,0,5,2026-07-30T17:29:41.118622
50,28,8,5,0,5,2026-07-30T17:29:40.973908
50,28,9,5,0,5,2026-07-30T17:29:41.579818
50,28,10,5,0,5,2026-07-30T17:29:41.434820
50,29,1,5,0,5,2026-07-30T17:29:41.490910
50,29,2,5,0,5,2026-07-30T17:29:41.782238
50,29,3,5,0,5,2026-07-30T17:29:41.939955
50,29,4,5,0,5,2026-07-30T17:29:41.885067
50,29,5,5,0,5,2026-07-30T17:29:42.404195
50,29,6,5,0,5,2026-07-30T17:29:42.759381
50,29,7,5,0,5,2026-07-30T17:29:42.887313
50,29,8,5,0,5,2026-07-30T17:29:42.750524
50,29,9,5,0,5,2026-07-30T17:29:42.630768
50,29,10,5,0,5,2026-07-30T17:29:43.219952
50,30,1,5,0,5,2026-07-30T17:29:43.532055
50,30,2,5,0,5,2026-07-30T17:29:43.186597
50,30,3,5,0,5,2026-07-30T17:29:43.442223
50,30,4,5,0,5,2026-07-30T17:29:43.878152
50,30,5,5,0,5,2026-07-30T17:29:44.188937
50,30,6,5,0,5,2026-07-30T17:29:43.993750
50,30,7,5,0,5,2026-07-30T17:29:44.755233
50,30,8,5,0,5,2026-07-30T17:29:45.055660
50,30,9,5,0,5,2026-07-30T17:29:44.443249
50,30,10,5,0,5,2026-07-30T17:29:45.306221
51,1,1,5,0,5,2026-07-30T17:29:45.400459
51,1,2,5,0,5,2026-07-30T17:29:45.118724
51,1,3,5,0,5,2026-07-30T17:29:45.850981
51,1,4,5,0,5,2026-07-30T17:29:45.627503
51,1,5,5,0,5,2026-07-30T17:29:46.479749
51,1,6,5,0,5,2026-07-30T17:29:45.983684
51,1,7,5,0,5,2026-07-30T17:29:46.452353
51,1,8,5,0,5,2026-07-30T17:29:46.966250
51,1,9,5,0,5,2026-07-30T17:29:46.583190
51,1,10,5,0,5,2026-07-30T17:29:47.244797
51,2,1,5,0,5,2026-07-30T17:29:47.091448
51,2,2,5,0,5,2026-07-30T17:29:47.312543
51,2,3,5,0,5,2026-07-30T17:29:47.629637
51,2,4,5,0,5,2026-07-30T17:29:48.299809
51,2,5,5,0,5,2026-07-30T17:29:48.115716
51,2,6,5,0,5,2026-07-30T17:29:48.232982
51,2,7,5,0,5,2026-07-30T17:29:48.421574
51,2,8,5,0,5,2026-07-30T17:29:48.305101
51,2,9,5,0,5,2026-07-30T17:29:49.132474
51,2,10,5,0,5,2026-07-30T17:29:48.957416
51,3,1,5,0,5,2026-07-30T17:29:48.698408
51,3,2,5,0,5,2026-07-30T17:29:49.541067
51,3,3,5,0,5,2026-07-30T17:29:50.107408
51,3,4,5,0,5,2026-07-30T17:29:49.347278
51,3,5,5,0,5,2026-07-30T17:29:49.966978
51,3,6,5,0,5,2026-07-30T17:29:49.442422
51,3,7,5,0,5,2026-07-30T17:29:49.970390
51,3,8,5,0,5,2026-07-30T17:29:50.803701
51,3,9,5,0,5,2026-07-30T17:29:50.559388
51,3,10,5,0,5,2026-07-30T17:29:51.206089
51,4,1,5,0,5,2026-07-30T17:29:50.449844
51,4,2,5,0,5,2026-07-30T17:29:51.394096
51,4,3,5,0,5,2026-07-30T17:29:51.823858
51,4,4,5,0,5,2026-07-30T17:29:51.009621
51,4,5,5,0,5,2026-07-30T17:29:51.353530
51,4,6,5,0,5,2026-07-30T17:29:52.099057
51,4,7,5,0,5,2026-07-30T17:29:52.216460
51,4,8,5,0,5,2026-07-30T17:29:52.263631
51,4,9,5,0,5,2026-07-30T17:29:52.235760
51,4,10,5,0,5,2026-07-30T17:29:53.030271
51,5,1,5,0,5,2026-07-30T17:29:53.202910
51,5,2,5,0,5,2026-07-30T17:29:52.803675
51,5,3,5,0,5,2026-07-30T17:29:53.265389
51,5,4,5,0,5,2026-07-30T17:29:53.351407
51,5,5,5,0,5,2026-07-30T17:29:54.063312
51,5,6,5,0,5,2026-07-30T17:29:53.874388
51,5,7,5,0,5,2026-07-30T17:29:53.325673
51,5,8,5,0,5,2026-07-30T17:29:54.663509
51,5,9,5,0,5,2026-07-30T17:29:54.890826
51,5,10,5,0,5,2026-07-30T17:29:54.433415
51,6,1,5,0,5,2026-07-30T17:29:54.936410
51,6,2,5,0,5,2026-07-30T17:29:54.962635
51,6,3,5,0,5,2026-07-30T17:29:55.220503
51,6,4,5,0,5,2026-07-30T17:29:54.936271
51,6,5,5,0,5,2026-07-30T17:29:55.263875
51,6,6,5,0,5,2026-07-30T17:29:55.274365
51,6,7,5,0,5,2026-07-30T17:29:56.103619
51,6,8,5,0,5,2026-07-30T17:29:55.944389
51,6,9,5,0,5,2026-07-30T17:29:56.393517
51,6,10,5,0,5,2026-07-30T17:29:56.184002
51,7,1,5,0,5,2026-07-30T17:29:56.223867
51,7,2,5,0,5,2026-07-30T17:29:57.078837
51,7,3,5,0,5,2026-07-30T17:29:56.718888
51,7,4,5,0,5,2026-07-30T17:29:56.517089
51,7,5,5,0,5,2026-07-30T17:29:57.803284
51,7,6,5,0,5,2026-07-30T17:29:57.369554
51,7,7,5,0,5,2026-07-30T17:29:57.668612
51,7,8,5,0,5,2026-07-30T17:29:57.454948
51,7,9,5,0,5,2026-07-30T17:29:58.250857
51,7,10,5,0,5,2026-07-30T17:29:57.958441
51,8,1,5,0,5,2026-07-30T17:29:57.959853
51,8,2,5,0,5,2026-07-30T17:29:58.340472
51,8,3,5,0,5,2026-07-30T17:29:58.626252
51,8,4,5,0,5,2026-07-30T17:29:59.518013
51,8,5,5,0,5,2026-07-30T17:29:59.516409
51,8,6,5,0,5,2026-07-30T17:29:58.860363
51,8,7,5,0,5,2026-07-30T17:29:59.210532
51,8,8,5,0,5,2026-07-30T17:29:59.396856
51,8,9,5,0,5,2026-07-30T17:29:59.299519
51,8,10,5,0,5,2026-07-30T17:29:59.598450
51,9,1,5,0,5,2026-07-30T17:29:59.865388
51,9,2,5,0,5,2026-07-30T17:30:00.723710
51,9,3,5,0,5,2026-07-30T17:30:01.068253
51,9,4,5,0,5,2026-07-30T17:30:00.790375
51,9,5,5,0,5,2026-07-30T17:30:01.289486
51,9,6,5,0,5,2026-07-30T17:30:01.139016
51,9,7,5,0,5,2026-07-30T17:30:00.959348
51,9,8,5,0,5,2026-07-30T17:30:00.856978
51,9,9,5,0,5,2026-07-30T17:30:01.542894
51,9,10,5,0,5,2026-07-30T17:30:02.190022
51,10,1,5,0,5,2026-07-30T17:30:01.809193
51,10,2,5,0,5,2026-07-30T17:30:02.083523
51,10,3,5,0,5,2026-07-30T17:30:02.819446
51,10,4,5,0,5,2026-07-30T17:30:02.133895
51,10,5,5,0,5,2026-07-30T17:30:02.146748
51,10,6,5,0,5,2026-07-30T17:30:03.134446
51,10,7,5,0,5,2026-07-30T17:30:03.354859
51,10,8,5,0,5,2026-07-30T17:30:03.873457
51,10,9,5,0,5,2026-07-30T17:30:03.550850
51,10,10,5,0,5,2026-07-30T17:30:03.364678
51,11,1,5,0,5,2026-07-30T17:30:03.171094
51,11,2,5,0,5,2026-07-30T17:30:03.437824
51,11,3,5,0,5,2026-07-30T17:30:03.873227
51,11,4,5,0,5,2026-07-30T17:30:04.186289
51,11,5,5,0,5,2026-07-30T17:30:05.000316
51,11,6,5,0,5,2026-07-30T17:30:05.008577
51,11,7,5,0,5,2026-07-30T17:30:04.424695
51,11,8,5,0,5,2026-07-30T17:30:04.673676
51,11,9,5,0,5,2026-07-30T17:30:05.186689
51,11,10,5,0,5,2026-07-30T17:30:05.532882
51,12,1,5,0,5,2026-07-30T17:30:05.509782
51,12,2,5,0,5,2026-07-30T17:30:05.643195
51,12,3,5,0,5,2026-07-30T17:30:06.065887
51,12,4,5,0,5,2026-07-30T17:30:05.711134
51,12,5,5,0,5,2026-07-30T17:30:06.224083
51,12,6,5,0,5,2026-07-30T17:30:06.261425
51,12,7,5,0,5,2026-07-30T17:30:06.220882
51,12,8,5,0,5,2026-07-30T17:30:06.973620
51,12,9,5,0,5,2026-07-30T17:30:07.392445
51,12,10,5,0,5,2026-07-30T17:30:07.081297
51,13,1,5,0,5,2026-07-30T17:30:06.973978
51,13,2,5,0,5,2026-07-30T17:30:07.114661
51,13,3,5,0,5,2026-07-30T17:30:07.490152
51,13,4,5,0,5,2026-07-30T17:30:07.876253
51,13,5,5,0,5,2026-07-30T17:30:07.086664
51,13,6,5,0,5,2026-07-30T17:30:08.861453
51,13,7,5,0,5,2026-07-30T17:30:08.626679
51,13,8,5,0,5,2026-07-30T17:30:08.141014
51,13,9,5,0,5,2026-07-30T17:30:08.141490
51,13,10,5,0,5,2026-07-30T17:30:08.770196
51,14,1,5,0,5,2026-07-30T17:30:08.439271
51,14,2,5,0,5,2026-07-30T17:30:08.951334
51,14,3,5,0,5,2026-07-30T17:30:09.966478
51,14,4,5,0,5,2026-07-30T17:30:10.194007
51,14,5,5,0,5,2026-07-30T17:30:09.575122
51,14,6,5,0,5,2026-07-30T17:30:10.489696
51,14,7,5,0,5,2026-07-30T17:30:10.469135
51,14,8,5,0,5,2026-07-30T17:30:10.210680
51,14,9,5,0,5,2026-07-30T17:30:10.506953
51,14,10,5,0,5,2026-07-30T17:30:10.797806
51,15,1,5,0,5,2026-07-30T17:30:10.806426
51,15,2,5,0,5,2026-07-30T17:30:12.039639
51,15,3,5,0,5,2026-07-30T17:30:12.059892
51,15,4,5,0,5,2026-07-30T17:30:11.454406
51,15,5,5,0,5,2026-07-30T17:30:12.324947
51,15,6,5,0,5,2026-07-30T17:30:11.733228
51,15,7,5,0,5,2026-07-30T17:30:12.569688
51,15,8,5,0,5,2026-07-30T17:30:12.472895
51,15,9,5,0,5,2026-07-30T17:30:12.058421
51,15,10,5,0,5,2026-07-30T17:30:13.110281
51,16,1,5,0,5,2026-07-30T17:30:13.806965
51,16,2,5,0,5,2026-07-30T17:30:13.456671
51,16,3,5,0,5,2026-07-30T17:30:13.494613
51,16,4,5,0,5,2026-07-30T17:30:13.487191
51,16,5,5,0,5,2026-07-30T17:30:13.374697
51,16,6,5,0,5,2026-07-30T17:30:13.699638
51,16,7,5,0,5,2026-07-30T17:30:14.397739
51,16,8,5,0,5,2026-07-30T17:30:15.032762
51,16,9,5,0,5,2026-07-30T17:30:14.804191
51,16,10,5,0,5,2026-07-30T17:30:15.515493
51,17,1,5,0,5,2026-07-30T17:30:14.527741
51,17,2,5,0,5,2026-07-30T17:30:14.965064
51,17,3,5,0,5,2026-07-30T17:30:15.029178
51,17,4,5,0,5,2026-07-30T17:30:15.280800
51,17,5,5,0,5,2026-07-30T17:30:16.344208
51,17,6,5,0,5,2026-07-30T17:30:16.347111
51,17,7,5,0,5,2026-07-30T17:30:15.942130
51,17,8,5,0,5,2026-07-30T17:30:16.291394
51,17,9,5,0,5,2026-07-30T17:30:16.928597
51,17,10,5,0,5,2026-07-30T17:30:16.167517
51,18,1,5,0,5,2026-07-30T17:30:16.569442
51,18,2,5,0,5,2026-07-30T17:30:17.345330
51,18,3,5,0,5,2026-07-30T17:30:17.658691
51,18,4,5,0,5,2026-07-30T17:30:17.848717
51,18,5,5,0,5,2026-07-30T17:30:18.532052
51,18,6,5,0,5,2026-07-30T17:30:17.975697
51,18,7,5,0,5,2026-07-30T17:30:17.987695
51,18,8,5,0,5,2026-07-30T17:30:18.185052
51,18,9,5,0,5,2026-07-30T17:30:18.598968
51,18,10,5,0,5,2026-07-30T17:30:18.603026
51,19,1,5,0,5,2026-07-30T17:30:19.305421
51,19,2,5,0,5,2026-07-30T17:30:19.908581
51,19,3,5,0,5,2026-07-30T17:30:18.827089
51,19,4,5,0,5,2026-07-30T17:30:19.459082
51,19,5,5,0,5,2026-07-30T17:30:19.831977
51,19,6,5,0,5,2026-07-30T17:30:20.427509
51,19,7,5,0,5,2026-07-30T17:30:20.454871
51,19,8,5,0,5,2026-07-30T17:30:20.443972
51,19,9,5,0,5,2026-07-30T17:30:20.084938
51,19,10,5,0,5,2026-07-30T17:30:21.185384
51,20,1,5,0,5,2026-07-30T17:30:20.718196
51,20,2,5,0,5,2026-07-30T17:30:21.879945
51,20,3,5,0,5,2026-07-30T17:30:21.538364
51,20,4,5,0,5,2026-07-30T17:30:22.128065
51,20,5,5,0,5,2026-07-30T17:30:22.072024
51,20,6,5,0,5,2026-07-30T17:30:22.312995
51,20,7,5,0,5,2026-07-30T17:30:22.105789
51,20,8,5,0,5,2026-07-30T17:30:22.757332
51,20,9,5,0,5,2026-07-30T17:30:23.051838
51,20,10,5,0,5,2026-07-30T17:30:23.400156
51,21,1,5,0,5,2026-07-30T17:30:23.334579
51,21,2,5,0,5,2026-07-30T17:30:23.920403
51,21,3,5,0,5,2026-07-30T17:30:23.753664
51,21,4,5,0,5,2026-07-30T17:30:23.769512
51,21,5,5,0,5,2026-07-30T17:30:24.362239
51,21,6,5,0,5,2026-07-30T17:30:24.600963
51,21,7,5,0,5,2026-07-30T17:30:24.897979
51,21,8,5,0,5,2026-07-30T17:30:25.610789
51,21,9,5,0,5,2026-07-30T17:30:24.663126
51,21,10,5,0,5,2026-07-30T17:30:25.226613
51,22,1,5,0,5,2026-07-30T17:30:25.241233
51,22,2,5,0,5,2026-07-30T17:30:25.788882
51,22,3,5,0,5,2026-07-30T17:30:26.205553
51,22,4,5,0,5,2026-07-30T17:30:26.248528
51,22,5,5,0,5,2026-07-30T17:30:25.945822
51,22,6,5,0,5,2026-07-30T17:30:26.520528
51,22,7,5,0,5,2026-07-30T17:30:26.334645
51,22,8,5,0,5,2026-07-30T17:30:26.684558
51,22,9,5,0,5,2026-07-30T17:30:26.834424
51,22,10,5,0,5,2026-07-30T17:30:26.848050
51,23,1,5,0,5,2026-07-30T17:30:27.825636
51,23,2,5,0,5,2026-07-30T17:30:27.227311
51,23,3,5,0,5,2026-07-30T17:30:27.054539
51,23,4,5,0,5,2026-07-30T17:30:27.973690
51,23,5,5,0,5,2026-07-30T17:30:27.796376
51,23,6,5,0,5,2026-07-30T17:30:27.924988
51,23,7,5,0,5,2026-07-30T17:30:28.284497
51,23,8,5,0,5,2026-07-30T17:30:28.095460
51,23,9,5,0,5,2026-07-30T17:30:28.725734
51,23,10,5,0,5,2026-07-30T17:30:28.289558
51,24,1,5,0,5,2026-07-30T17:30:29.440656
51,24,2,5,0,5,2026-07-30T17:30:29.272245
51,24,3,5,0,5,2026-07-30T17:30:29.138251
51,24,4,5,0,5,2026-07-30T17:30:29.006498
51,24,5,5,0,5,2026-07-30T17:30:29.758057
51,24,6,5,0,5,2026-07-30T17:30:30.141593
51,24,7,5,0,5,2026-07-30T17:30:29.956558
51,24,8,5,0,5,2026-07-30T17:30:30.372146
51,24,9,5,0,5,2026-07-30T17:30:30.674359
51,24,10,5,0,5,2026-07-30T17:30:30.361106
51,25,1,5,0,5,2026-07-30T17:30:30.334237
51,25,2,5,0,5,2026-07-30T17:30:31.063936
51,25,3,5,0,5,2026-07-30T17:30:31.198556
51,25,4,5,0,5,2026-07-30T17:30:31.993930
51,25,5,3,0,3,2026-07-30T17:30:31.566561
51,25,6,5,0,5,2026-07-30T17:30:32.381029
51,25,7,5,0,5,2026-07-30T17:30:31.377239
51,25,8,5,0,5,2026-07-30T17:30:32.419010
51,25,9,0,0,0,2026-07-30T17:30:32.315622
51,25,10,5,0,5,2026-07-30T17:30:32.117778
51,26,1,5,0,5,2026-07-30T17:30:32.657517
51,26,2,5,0,5,2026-07-30T17:30:32.817334
51,26,3,5,0,5,2026-07-30T17:30:32.804937
51,26,4,5,0,5,2026-07-30T17:30:33.250249
51,26,5,5,0,5,2026-07-30T17:30:34.179774
51,26,6,5,0,5,2026-07-30T17:30:33.958920
51,26,7,5,0,5,2026-07-30T17:30:34.001444
51,26,8,5,0,5,2026-07-30T17:30:34.473412
51,26,9,5,0,5,2026-07-30T17:30:34.104362
51,26,10,5,0,5,2026-07-30T17:30:34.047193
51,27,1,5,0,5,2026-07-30T17:30:34.259875
51,27,2,5,0,5,2026-07-30T17:30:34.494754
51,27,3,5,0,5,2026-07-30T17:30:35.388817
51,27,4,5,0,5,2026-07-30T17:30:35.854250
51,27,5,5,0,5,2026-07-30T17:30:35.714438
51,27,6,5,0,5,2026-07-30T17:30:35.156103
51,27,7,5,0,5,2026-07-30T17:30:35.410518
51,27,8,5,0,5,2026-07-30T17:30:35.904528
51,27,9,5,0,5,2026-07-30T17:30:36.314894
51,27,10,5,0,5,2026-07-30T17:30:36.342404
51,28,1,5,0,5,2026-07-30T17:30:36.586957
51,28,2,5,0,5,2026-07-30T17:30:37.219965
51,28,3,5,0,5,2026-07-30T17:30:36.649213
51,28,4,5,0,5,2026-07-30T17:30:37.611528
51,28,5,5,0,5,2026-07-30T17:30:37.498119
51,28,6,5,0,5,2026-07-30T17:30:37.566498
51,28,7,5,0,5,2026-07-30T17:30:37.524960
51,28,8,5,0,5,2026-07-30T17:30:38.017834
51,28,9,5,0,5,2026-07-30T17:30:38.552106
51,28,10,5,0,5,2026-07-30T17:30:38.554151
51,29,1,5,0,5,2026-07-30T17:30:38.453167
51,29,2,5,0,5,2026-07-30T17:30:39.337433
51,29,3,5,0,5,2026-07-30T17:30:39.166300
51,29,4,5,0,5,2026-07-30T17:30:38.803791
51,29,5,5,0,5,2026-07-30T17:30:39.452199
51,29,6,5,0,5,2026-07-30T17:30:39.418984
51,29,7,5,0,5,2026-07-30T17:30:40.274757
51,29,8,5,0,5,2026-07-30T17:30:40.168789
51,29,9,5,0,5,2026-07-30T17:30:40.400876
51,29,10,5,0,5,2026-07-30T17:30:40.611957
51,30,1,5,0,5,2026-07-30T17:30:41.217659
51,30,2,5,0,5,2026-07-30T17:30:41.421130
51,30,3,5,0,5,2026-07-30T17:30:41.065388
51,30,4,5,0,5,2026-07-30T17:30:40.515188
51,30,5,5,0,5,2026-07-30T17:30:41.426611
51,30,6,5,0,5,2026-07-30T17:30:41.725434
51,30,7,5,0,5,2026-07-30T17:30:41.861967
51,30,8,5,0,5,2026-07-30T17:30:41.983507
51,30,9,5,0,5,2026-07-30T17:30:42.262752
51,30,10,5,0,5,2026-07-30T17:30:42.677391
52,1,1,5,0,5,2026-07-30T17:30:42.475461
52,1,2,5,0,5,2026-07-30T17:30:43.465602
52,1,3,5,0,5,2026-07-30T17:30:42.860302
52,1,4,5,0,5,2026-07-30T17:30:43.578364
52,1,5,5,0,5,2026-07-30T17:30:43.319607
52,1,6,5,0,5,2026-07-30T17:30:43.223208
52,1,7,5,0,5,2026-07-30T17:30:43.519812
52,1,8,5,0,5,2026-07-30T17:30:43.946548
52,1,9,5,0,5,2026-07-30T17:30:44.531344
52,1,10,5,0,5,2026-07-30T17:30:44.737513
52,2,1,5,0,5,2026-07-30T17:30:44.657912
52,2,2,5,0,5,2026-07-30T17:30:45.089974
52,2,3,5,0,5,2026-07-30T17:30:44.898769
52,2,4,5,0,5,2026-07-30T17:30:44.753523
52,2,5,5,0,5,2026-07-30T17:30:45.230575
52,2,6,5,0,5,2026-07-30T17:30:45.386434
52,2,7,5,0,5,2026-07-30T17:30:45.544589
52,2,8,5,0,5,2026-07-30T17:30:45.704382
52,2,9,5,0,5,2026-07-30T17:30:46.586404
52,2,10,5,0,5,2026-07-30T17:30:46.612556
52,3,1,0,0,0,2026-07-30T17:30:46.132635
52,3,2,0,0,0,2026-07-30T17:30:46.942200
52,3,3,0,0,0,2026-07-30T17:30:47.114177
52,3,4,4,0,4,2026-07-30T17:30:46.452449
52,3,5,0,0,0,2026-07-30T17:30:47.192399
52,3,6,0,0,0,2026-07-30T17:30:47.551068
52,3,7,0,0,0,2026-07-30T17:30:47.553063
52,3,8,0,0,0,2026-07-30T17:30:47.500868
52,3,9,0,0,0,2026-07-30T17:30:47.613576
52,3,10,1,0,1,2026-07-30T17:30:48.056584
52,4,1,0,0,0,2026-07-30T17:30:48.598689
52,4,2,0,0,0,2026-07-30T17:30:48.769117
52,4,3,0,0,0,2026-07-30T17:30:48.430347
52,4,4,0,0,0,2026-07-30T17:30:49.155402
52,4,5,0,0,0,2026-07-30T17:30:49.374347
52,4,6,0,0,0,2026-07-30T17:30:48.979919
52,4,7,0,0,0,2026-07-30T17:30:48.620815
52,4,8,0,0,0,2026-07-30T17:30:49.931239
52,4,9,0,0,0,2026-07-30T17:30:50.068035
52,4,10,0,0,0,2026-07-30T17:30:49.633248
52,5,1,0,0,0,2026-07-30T17:30:49.655015
52,5,2,0,0,0,2026-07-30T17:30:50.433891
52,5,3,0,0,0,2026-07-30T17:30:50.424393
52,5,4,0,0,0,2026-07-30T17:30:50.417382
52,5,5,0,0,0,2026-07-30T17:30:50.821644
52,5,6,0,0,0,2026-07-30T17:30:50.894641
52,5,7,0,0,0,2026-07-30T17:30:50.886034
52,5,8,0,0,0,2026-07-30T17:30:51.231964
52,5,9,0,0,0,2026-07-30T17:30:51.509573
52,5,10,0,0,0,2026-07-30T17:30:51.487194
52,6,1,5,0,5,2026-07-30T17:30:52.271931
52,6,2,5,0,5,2026-07-30T17:30:51.707198
52,6,3,5,0,5,2026-07-30T17:30:52.283141
52,6,4,5,0,5,2026-07-30T17:30:52.349138
52,6,5,5,0,5,2026-07-30T17:30:52.154200
52,6,6,5,0,5,2026-07-30T17:30:52.250999
52,6,7,5,0,5,2026-07-30T17:30:53.321678
52,6,8,5,0,5,2026-07-30T17:30:52.526116
52,6,9,5,0,5,2026-07-30T17:30:53.120408
52,6,10,5,0,5,2026-07-30T17:30:53.410087
52,7,1,5,0,5,2026-07-30T17:30:54.290710
52,7,2,5,0,5,2026-07-30T17:30:53.536736
52,7,3,5,0,5,2026-07-30T17:30:53.771696
52,7,4,5,0,5,2026-07-30T17:30:54.377691
52,7,5,5,0,5,2026-07-30T17:30:54.160477
52,7,6,5,0,5,2026-07-30T17:30:54.570867
52,7,7,5,0,5,2026-07-30T17:30:54.364426
52,7,8,5,0,5,2026-07-30T17:30:54.461257
52,7,9,5,0,5,2026-07-30T17:30:55.570077
52,7,10,5,0,5,2026-07-30T17:30:55.229154
52,8,1,5,0,5,2026-07-30T17:30:55.606682
52,8,2,5,0,5,2026-07-30T17:30:55.739509
52,8,3,5,0,5,2026-07-30T17:30:55.792185
52,8,4,5,0,5,2026-07-30T17:30:55.399658
52,8,5,5,0,5,2026-07-30T17:30:55.902342
52,8,6,5,0,5,2026-07-30T17:30:56.630957
52,8,7,5,0,5,2026-07-30T17:30:56.266808
52,8,8,5,0,5,2026-07-30T17:30:56.642743
52,8,9,5,0,5,2026-07-30T17:30:57.024109
52,8,10,5,0,5,2026-07-30T17:30:57.245063
52,9,1,0,0,0,2026-07-30T17:30:57.388663
52,9,2,0,0,0,2026-07-30T17:30:57.028770
52,9,3,0,0,0,2026-07-30T17:30:57.537535
52,9,4,0,0,0,2026-07-30T17:30:57.500767
52,9,5,2,0,2,2026-07-30T17:30:58.297179
52,9,6,0,0,0,2026-07-30T17:30:57.659550
52,9,7,0,0,0,2026-07-30T17:30:58.460079
52,9,8,0,0,0,2026-07-30T17:30:58.272575
52,9,9,0,0,0,2026-07-30T17:30:58.667938
52,9,10,2,0,2,2026-07-30T17:30:59.223217
52,10,1,0,0,0,2026-07-30T17:30:59.134119
52,10,2,0,0,0,2026-07-30T17:30:58.561955
52,10,3,0,0,0,2026-07-30T17:30:59.515010
52,10,4,0,0,0,2026-07-30T17:31:00.110033
52,10,5,0,0,0,2026-07-30T17:31:00.154188
52,10,6,0,0,0,2026-07-30T17:31:00.320971
52,10,7,0,0,0,2026-07-30T17:31:00.589376
52,10,8,0,0,0,2026-07-30T17:31:00.704328
52,10,9,0,0,0,2026-07-30T17:31:00.780639
52,10,10,0,0,0,2026-07-30T17:31:00.460311
52,11,1,5,0,5,2026-07-30T17:31:00.962760
52,11,2,5,0,5,2026-07-30T17:31:01.571335
52,11,3,5,0,5,2026-07-30T17:31:01.383541
52,11,4,5,0,5,2026-07-30T17:31:01.984430
52,11,5,5,0,5,2026-07-30T17:31:01.732450
52,11,6,5,0,5,2026-07-30T17:31:01.847931
52,11,7,5,0,5,2026-07-30T17:31:02.358097
52,11,8,5,0,5,2026-07-30T17:31:02.020679
52,11,9,5,0,5,2026-07-30T17:31:02.622322
52,11,10,5,0,5,2026-07-30T17:31:03.013577
52,12,1,5,0,5,2026-07-30T17:31:02.620515
52,12,2,5,0,5,2026-07-30T17:31:03.399013
52,12,3,5,0,5,2026-07-30T17:31:03.075404
52,12,4,5,0,5,2026-07-30T17:31:03.436025
52,12,5,5,0,5,2026-07-30T17:31:03.882955
52,12,6,5,0,5,2026-07-30T17:31:03.604764
52,12,7,5,0,5,2026-07-30T17:31:04.699874
52,12,8,5,0,5,2026-07-30T17:31:04.297973
52,12,9,5,0,5,2026-07-30T17:31:04.877417
52,12,10,5,0,5,2026-07-30T17:31:04.119455
52,13,1,2,0,2,2026-07-30T17:31:04.845360
52,13,2,2,0,2,2026-07-30T17:31:04.671294
52,13,3,4,0,4,2026-07-30T17:31:05.639126
52,13,4,0,0,0,2026-07-30T17:31:05.338682
52,13,5,2,0,2,2026-07-30T17:31:05.738684
52,13,6,2,0,2,2026-07-30T17:31:06.329658
52,13,7,3,0,3,2026-07-30T17:31:06.708649
52,13,8,2,0,2,2026-07-30T17:31:06.368387
52,13,9,3,0,3,2026-07-30T17:31:06.290887
52,13,10,3,0,3,2026-07-30T17:31:05.905217
52,14,1,4,0,4,2026-07-30T17:31:07.240917
52,14,2,3,0,3,2026-07-30T17:31:07.666565
52,14,3,4,0,4,2026-07-30T17:31:06.780889
52,14,4,5,0,5,2026-07-30T17:31:07.790607
52,14,5,4,0,4,2026-07-30T17:31:07.518112
52,14,6,4,0,4,2026-07-30T17:31:07.358845
52,14,7,4,0,4,2026-07-30T17:31:08.214171
52,14,8,4,0,4,2026-07-30T17:31:08.565771
52,14,9,4,0,4,2026-07-30T17:31:08.627611
52,14,10,4,0,4,2026-07-30T17:31:08.735507
52,15,1,0,0,0,2026-07-30T17:31:09.222095
52,15,2,0,0,0,2026-07-30T17:31:09.586164
52,15,3,0,0,0,2026-07-30T17:31:08.895697
52,15,4,0,0,0,2026-07-30T17:31:09.840215
52,15,5,0,0,0,2026-07-30T17:31:09.471334
52,15,6,0,0,0,2026-07-30T17:31:10.202933
52,15,7,0,0,0,2026-07-30T17:31:10.707612
52,15,8,0,0,0,2026-07-30T17:31:10.579750
52,15,9,0,0,0,2026-07-30T17:31:11.134873
52,15,10,0,0,0,2026-07-30T17:31:10.890921
52,16,1,5,0,5,2026-07-30T17:31:10.702107
52,16,2,5,0,5,2026-07-30T17:31:11.629220
52,16,3,5,0,5,2026-07-30T17:31:11.068682
52,16,4,5,0,5,2026-07-30T17:31:11.241935
52,16,5,5,0,5,2026-07-30T17:31:11.842584
52,16,6,5,0,5,2026-07-30T17:31:11.767185
52,16,7,5,0,5,2026-07-30T17:31:12.172600
52,16,8,5,0,5,2026-07-30T17:31:12.543584
52,16,9,5,0,5,2026-07-30T17:31:12.707406
52,16,10,5,0,5,2026-07-30T17:31:12.579895
52,17,1,5,0,5,2026-07-30T17:31:12.891108
52,17,2,5,0,5,2026-07-30T17:31:13.457443
52,17,3,5,0,5,2026-07-30T17:31:13.002640
52,17,4,5,0,5,2026-07-30T17:31:13.095001
52,17,5,5,0,5,2026-07-30T17:31:13.821266
52,17,6,5,0,5,2026-07-30T17:31:13.993781
52,17,7,5,0,5,2026-07-30T17:31:13.846346
52,17,8,5,0,5,2026-07-30T17:31:13.717658
52,17,9,5,0,5,2026-07-30T17:31:13.926098
52,17,10,5,0,5,2026-07-30T17:31:14.948486
52,18,1,5,0,5,2026-07-30T17:31:15.165293
52,18,2,5,0,5,2026-07-30T17:31:15.137301
52,18,3,3,0,3,2026-07-30T17:31:14.765052
52,18,4,5,0,5,2026-07-30T17:31:15.053350
52,18,5,5,0,5,2026-07-30T17:31:14.906365
52,18,6,5,0,5,2026-07-30T17:31:15.377492
52,18,7,5,0,5,2026-07-30T17:31:15.438718
52,18,8,3,0,3,2026-07-30T17:31:16.412761
52,18,9,3,0,3,2026-07-30T17:31:16.766884
52,18,10,3,0,3,2026-07-30T17:31:16.180276
52,19,1,5,0,5,2026-07-30T17:31:16.476626
52,19,2,5,0,5,2026-07-30T17:31:16.195936
52,19,3,5,0,5,2026-07-30T17:31:17.034109
52,19,4,5,0,5,2026-07-30T17:31:17.199733
52,19,5,5,0,5,2026-07-30T17:31:16.897372
52,19,6,5,0,5,2026-07-30T17:31:17.833840
52,19,7,5,0,5,2026-07-30T17:31:18.236121
52,19,8,5,0,5,2026-07-30T17:31:17.840826
52,19,9,4,0,4,2026-07-30T17:31:18.098075
52,19,10,5,0,5,2026-07-30T17:31:18.605277
52,20,1,5,0,5,2026-07-30T17:31:17.934401
52,20,2,4,0,4,2026-07-30T17:31:18.063912
52,20,3,5,0,5,2026-07-30T17:31:18.258625
52,20,4,5,0,5,2026-07-30T17:31:19.702268
52,20,5,5,0,5,2026-07-30T17:31:19.111006
52,20,6,5,0,5,2026-07-30T17:31:19.794276
52,20,7,5,0,5,2026-07-30T17:31:19.706297
52,20,8,5,0,5,2026-07-30T17:31:19.309057
52,20,9,5,0,5,2026-07-30T17:31:19.485017
52,20,10,5,0,5,2026-07-30T17:31:19.508511
52,21,1,5,0,5,2026-07-30T17:31:20.487991
52,21,2,5,0,5,2026-07-30T17:31:20.553581
52,21,3,5,0,5,2026-07-30T17:31:20.982933
52,21,4,5,0,5,2026-07-30T17:31:21.325016
52,21,5,5,0,5,2026-07-30T17:31:20.931102
52,21,6,5,0,5,2026-07-30T17:31:21.158604
52,21,7,5,0,5,2026-07-30T17:31:21.545245
52,21,8,5,0,5,2026-07-30T17:31:20.842389
52,21,9,5,0,5,2026-07-30T17:31:21.951602
52,21,10,5,0,5,2026-07-30T17:31:21.605257
52,22,1,5,0,5,2026-07-30T17:31:22.480292
52,22,2,5,0,5,2026-07-30T17:31:22.796587
52,22,3,5,0,5,2026-07-30T17:31:22.632668
52,22,4,5,0,5,2026-07-30T17:31:23.027301
52,22,5,5,0,5,2026-07-30T17:31:22.800900
52,22,6,5,0,5,2026-07-30T17:31:23.197774
52,22,7,5,0,5,2026-07-30T17:31:23.304404
52,22,8,5,0,5,2026-07-30T17:31:23.193654
52,22,9,5,0,5,2026-07-30T17:31:24.128968
52,22,10,5,0,5,2026-07-30T17:31:23.881168
52,23,1,5,0,5,2026-07-30T17:31:24.671825
52,23,2,5,0,5,2026-07-30T17:31:23.832335
52,23,3,5,0,5,2026-07-30T17:31:24.677393
52,23,4,5,0,5,2026-07-30T17:31:24.622842
52,23,5,5,0,5,2026-07-30T17:31:24.637012
52,23,6,5,0,5,2026-07-30T17:31:24.360090
52,23,7,5,0,5,2026-07-30T17:31:25.694468
52,23,8,5,0,5,2026-07-30T17:31:25.738338
52,23,9,5,0,5,2026-07-30T17:31:25.797836
52,23,10,5,0,5,2026-07-30T17:31:26.214223
52,24,1,0,0,0,2026-07-30T17:31:25.708504
52,24,2,5,0,5,2026-07-30T17:31:25.870813
52,24,3,5,0,5,2026-07-30T17:31:26.119903
52,24,4,5,0,5,2026-07-30T17:31:25.910072
52,24,5,0,0,0,2026-07-30T17:31:27.549903
52,24,6,5,0,5,2026-07-30T17:31:27.358282
52,24,7,5,0,5,2026-07-30T17:31:27.402409
52,24,8,0,0,0,2026-07-30T17:31:26.819254
52,24,9,5,0,5,2026-07-30T17:31:27.729767
52,24,10,5,0,5,2026-07-30T17:31:27.752569
52,25,1,0,0,0,2026-07-30T17:31:27.774957
52,25,2,0,0,0,2026-07-30T17:31:27.260970
52,25,3,0,0,0,2026-07-30T17:31:28.849994
52,25,4,0,0,0,2026-07-30T17:31:28.911063
52,25,5,0,0,0,2026-07-30T17:31:28.792797
52,25,6,0,0,0,2026-07-30T17:31:28.638142
52,25,7,0,0,0,2026-07-30T17:31:28.816590
52,25,8,0,0,0,2026-07-30T17:31:28.996253
52,25,9,0,0,0,2026-07-30T17:31:29.015334
52,25,10,0,0,0,2026-07-30T17:31:28.822995
52,26,1,5,0,5,2026-07-30T17:31:29.884718
52,26,2,5,0,5,2026-07-30T17:31:30.850827
52,26,3,5,0,5,2026-07-30T17:31:30.030690
52,26,4,5,0,5,2026-07-30T17:31:30.103178
52,26,5,5,0,5,2026-07-30T17:31:30.504377
52,26,6,5,0,5,2026-07-30T17:31:30.770764
52,26,7,5,0,5,2026-07-30T17:31:30.193964
52,26,8,5,0,5,2026-07-30T17:31:30.866958
52,26,9,5,0,5,2026-07-30T17:31:31.109539
52,26,10,5,0,5,2026-07-30T17:31:31.692718
52,27,1,5,0,5,2026-07-30T17:31:31.987805
52,27,2,5,0,5,2026-07-30T17:31:31.446120
52,27,3,5,0,5,2026-07-30T17:31:31.584916
52,27,4,5,0,5,2026-07-30T17:31:32.226160
52,27,5,5,0,5,2026-07-30T17:31:32.466808
52,27,6,5,0,5,2026-07-30T17:31:32.514169
52,27,7,5,0,5,2026-07-30T17:31:32.930100
52,27,8,5,0,5,2026-07-30T17:31:33.262804
52,27,9,5,0,5,2026-07-30T17:31:32.839382
52,27,10,5,0,5,2026-07-30T17:31:33.569025
52,28,1,5,0,5,2026-07-30T17:31:33.846004
52,28,2,4,0,4,2026-07-30T17:31:34.095173
52,28,3,4,0,4,2026-07-30T17:31:34.289019
52,28,4,4,0,4,2026-07-30T17:31:33.989867
52,28,5,5,0,5,2026-07-30T17:31:34.270332
52,28,6,5,0,5,2026-07-30T17:31:34.802519
52,28,7,5,0,5,2026-07-30T17:31:34.540129
52,28,8,5,0,5,2026-07-30T17:31:34.773382
52,28,9,5,0,5,2026-07-30T17:31:35.286039
52,28,10,4,0,4,2026-07-30T17:31:35.483533
52,29,1,5,0,5,2026-07-30T17:31:35.973397
52,29,2,5,0,5,2026-07-30T17:31:35.507974
52,29,3,5,0,5,2026-07-30T17:31:36.120173
52,29,4,5,0,5,2026-07-30T17:31:36.001335
52,29,5,5,0,5,2026-07-30T17:31:36.413557
52,29,6,5,0,5,2026-07-30T17:31:35.847301
52,29,7,5,0,5,2026-07-30T17:31:37.150255
52,29,8,5,0,5,2026-07-30T17:31:37.376641
52,29,9,5,0,5,2026-07-30T17:31:36.550971
52,29,10,5,0,5,2026-07-30T17:31:37.303578
52,30,1,5,0,5,2026-07-30T17:31:37.609245
52,30,2,5,0,5,2026-07-30T17:31:37.866957
52,30,3,5,0,5,2026-07-30T17:31:37.775095
52,30,4,5,0,5,2026-07-30T17:31:38.264139
52,30,5,5,0,5,2026-07-30T17:31:37.775146
52,30,6,5,0,5,2026-07-30T17:31:38.831150
52,30,7,5,0,5,2026-07-30T17:31:38.977039
52,30,8,5,0,5,2026-07-30T17:31:38.630623
52,30,9,5,0,5,2026-07-30T17:31:38.839889
52,30,10,5,0,5,2026-07-30T17:31:39.041735
53,1,1,5,0,5,2026-07-30T17:31:39.624665
53,1,2,5,0,5,2026-07-30T17:31:38.903581
53,1,3,5,0,5,2026-07-30T17:31:39.511833
53,1,4,5,0,5,2026-07-30T17:31:40.045841
53,1,5,5,0,5,2026-07-30T17:31:40.890006
53,1,6,5,0,5,2026-07-30T17:31:39.893727
53,1,7,5,0,5,2026-07-30T17:31:39.957140
53,1,8,5,0,5,2026-07-30T17:31:40.456881
53,1,9,5,0,5,2026-07-30T17:31:40.709641
53,1,10,5,0,5,2026-07-30T17:31:41.187692
53,2,1,5,0,5,2026-07-30T17:31:40.858570
53,2,2,5,0,5,2026-07-30T17:31:41.766981
53,2,3,5,0,5,2026-07-30T17:31:41.836442
53,2,4,5,0,5,2026-07-30T17:31:41.507256
53,2,5,5,0,5,2026-07-30T17:31:41.698423
53,2,6,5,0,5,2026-07-30T17:31:42.544751
53,2,7,5,0,5,2026-07-30T17:31:42.533105
53,2,8,5,0,5,2026-07-30T17:31:42.336075
53,2,9,5,0,5,2026-07-30T17:31:42.647913
53,2,10,5,0,5,2026-07-30T17:31:42.984192
53,3,1,5,0,5,2026-07-30T17:31:42.730963
53,3,2,5,0,5,2026-07-30T17:31:43.264792
53,3,3,5,0,5,2026-07-30T17:31:43.092692
53,3,4,5,0,5,2026-07-30T17:31:43.569357
53,3,5,5,0,5,2026-07-30T17:31:43.787933
53,3,6,5,0,5,2026-07-30T17:31:43.785217
53,3,7,5,0,5,2026-07-30T17:31:44.091578
53,3,8,5,0,5,2026-07-30T17:31:43.947164
53,3,9,5,0,5,2026-07-30T17:31:44.046010
53,3,10,5,0,5,2026-07-30T17:31:44.365619
53,4,1,5,0,5,2026-07-30T17:31:44.693128
53,4,2,5,0,5,2026-07-30T17:31:45.245879
53,4,3,5,0,5,2026-07-30T17:31:45.015539
53,4,4,5,0,5,2026-07-30T17:31:45.044164
53,4,5,5,0,5,2026-07-30T17:31:45.817258
53,4,6,5,0,5,2026-07-30T17:31:45.896699
53,4,7,5,0,5,2026-07-30T17:31:45.143888
53,4,8,5,0,5,2026-07-30T17:31:46.439140
53,4,9,5,0,5,2026-07-30T17:31:46.734050
53,4,10,5,0,5,2026-07-30T17:31:46.244104
53,5,1,5,0,5,2026-07-30T17:31:46.100753
53,5,2,5,0,5,2026-07-30T17:31:47.001443
53,5,3,5,0,5,2026-07-30T17:31:46.451898
53,5,4,5,0,5,2026-07-30T17:31:47.460426
53,5,5,5,0,5,2026-07-30T17:31:47.362941
53,5,6,5,0,5,2026-07-30T17:31:47.775723
53,5,7,5,0,5,2026-07-30T17:31:47.868091
53,5,8,5,0,5,2026-07-30T17:31:47.471549
53,5,9,5,0,5,2026-07-30T17:31:47.302173
53,5,10,5,0,5,2026-07-30T17:31:48.176572
53,6,1,5,0,5,2026-07-30T17:31:48.255363
53,6,2,5,0,5,2026-07-30T17:31:48.560375
53,6,3,5,0,5,2026-07-30T17:31:48.629601
53,6,4,5,0,5,2026-07-30T17:31:48.504033
53,6,5,5,0,5,2026-07-30T17:31:48.908177
53,6,6,5,0,5,2026-07-30T17:31:49.017920
53,6,7,5,0,5,2026-07-30T17:31:49.505412
53,6,8,5,0,5,2026-07-30T17:31:49.833811
53,6,9,5,0,5,2026-07-30T17:31:50.117431
53,6,10,5,0,5,2026-07-30T17:31:50.002309
53,7,1,5,0,5,2026-07-30T17:31:50.615332
53,7,2,5,0,5,2026-07-30T17:31:49.887330
53,7,3,5,0,5,2026-07-30T17:31:50.763748
53,7,4,5,0,5,2026-07-30T17:31:50.478436
53,7,5,5,0,5,2026-07-30T17:31:50.959041
53,7,6,5,0,5,2026-07-30T17:31:51.503741
53,7,7,5,0,5,2026-07-30T17:31:51.944394
53,7,8,5,0,5,2026-07-30T17:31:51.641536
53,7,9,5,0,5,2026-07-30T17:31:51.554944
53,7,10,5,0,5,2026-07-30T17:31:52.306231
53,8,1,5,0,5,2026-07-30T17:31:52.488329
53,8,2,5,0,5,2026-07-30T17:31:52.829618
53,8,3,5,0,5,2026-07-30T17:31:52.826104
53,8,4,5,0,5,2026-07-30T17:31:53.145007
53,8,5,5,0,5,2026-07-30T17:31:52.804025
53,8,6,5,0,5,2026-07-30T17:31:53.092151
53,8,7,5,0,5,2026-07-30T17:31:53.214551
53,8,8,5,0,5,2026-07-30T17:31:53.550889
53,8,9,5,0,5,2026-07-30T17:31:54.312773
53,8,10,5,0,5,2026-07-30T17:31:54.085359
53,9,1,5,0,5,2026-07-30T17:31:54.106203
53,9,2,5,0,5,2026-07-30T17:31:53.887533
53,9,3,5,0,5,2026-07-30T17:31:54.957632
53,9,4,5,0,5,2026-07-30T17:31:55.238375
53,9,5,5,0,5,2026-07-30T17:31:54.251678
53,9,6,5,0,5,2026-07-30T17:31:54.769384
53,9,7,5,0,5,2026-07-30T17:31:55.546385
53,9,8,5,0,5,2026-07-30T17:31:55.298281
53,9,9,5,0,5,2026-07-30T17:31:55.985030
53,9,10,5,0,5,2026-07-30T17:31:55.892422
53,10,1,5,0,5,2026-07-30T17:31:55.739913
53,10,2,5,0,5,2026-07-30T17:31:56.236352
53,10,3,5,0,5,2026-07-30T17:31:56.176274
53,10,4,5,0,5,2026-07-30T17:31:57.309842
53,10,5,5,0,5,2026-07-30T17:31:57.558888
53,10,6,5,0,5,2026-07-30T17:31:57.579573
53,10,7,5,0,5,2026-07-30T17:31:57.796484
53,10,8,5,0,5,2026-07-30T17:31:57.750427
53,10,9,0,0,0,2026-07-30T17:31:57.422818
53,10,10,5,0,5,2026-07-30T17:31:57.602381
53,11,1,5,0,5,2026-07-30T17:31:57.882190
53,11,2,5,0,5,2026-07-30T17:31:59.157185
53,11,3,5,0,5,2026-07-30T17:31:59.476754
53,11,4,5,0,5,2026-07-30T17:31:59.234457
53,11,5,5,0,5,2026-07-30T17:31:59.429057
53,11,6,5,0,5,2026-07-30T17:31:59.458957
53,11,7,5,0,5,2026-07-30T17:31:58.958712
53,11,8,5,0,5,2026-07-30T17:31:59.871802
53,11,9,5,0,5,2026-07-30T17:31:59.138370
53,11,10,5,0,5,2026-07-30T17:31:59.999902
53,12,1,5,0,5,2026-07-30T17:32:00.377258
53,12,2,5,0,5,2026-07-30T17:32:00.605932
53,12,3,5,0,5,2026-07-30T17:32:00.283115
53,12,4,5,0,5,2026-07-30T17:32:00.882444
53,12,5,5,0,5,2026-07-30T17:32:01.102742
53,12,6,5,0,5,2026-07-30T17:32:00.705465
53,12,7,5,0,5,2026-07-30T17:32:01.137874
53,12,8,5,0,5,2026-07-30T17:32:01.064284
53,12,9,5,0,5,2026-07-30T17:32:02.146436
53,12,10,5,0,5,2026-07-30T17:32:01.636303
53,13,1,5,0,5,2026-07-30T17:32:01.854154
53,13,2,5,0,5,2026-07-30T17:32:01.948546
53,13,3,5,0,5,2026-07-30T17:32:02.105732
53,13,4,5,0,5,2026-07-30T17:32:02.721662
53,13,5,5,0,5,2026-07-30T17:32:02.924473
53,13,6,5,0,5,2026-07-30T17:32:02.985180
53,13,7,5,0,5,2026-07-30T17:32:03.543879
53,13,8,5,0,5,2026-07-30T17:32:03.291796
53,13,9,5,0,5,2026-07-30T17:32:03.605356
53,13,10,5,0,5,2026-07-30T17:32:03.530723
53,14,1,5,0,5,2026-07-30T17:32:03.184628
53,14,2,5,0,5,2026-07-30T17:32:04.597733
53,14,3,5,0,5,2026-07-30T17:32:04.384969
53,14,4,5,0,5,2026-07-30T17:32:04.229718
53,14,5,5,0,5,2026-07-30T17:32:04.195986
53,14,6,5,0,5,2026-07-30T17:32:05.146744
53,14,7,5,0,5,2026-07-30T17:32:05.405139
53,14,8,5,0,5,2026-07-30T17:32:04.988259
53,14,9,5,0,5,2026-07-30T17:32:04.625460
53,14,10,5,0,5,2026-07-30T17:32:05.829656
53,15,1,5,0,5,2026-07-30T17:32:05.272896
53,15,2,5,0,5,2026-07-30T17:32:05.837096
53,15,3,5,0,5,2026-07-30T17:32:06.471661
53,15,4,5,0,5,2026-07-30T17:32:05.660388
53,15,5,5,0,5,2026-07-30T17:32:06.827389
53,15,6,5,0,5,2026-07-30T17:32:06.382727
53,15,7,5,0,5,2026-07-30T17:32:07.111658
53,15,8,5,0,5,2026-07-30T17:32:07.247311
53,15,9,5,0,5,2026-07-30T17:32:07.707455
53,15,10,5,0,5,2026-07-30T17:32:07.103263
53,16,1,5,0,5,2026-07-30T17:32:07.684626
53,16,2,5,0,5,2026-07-30T17:32:07.603576
53,16,3,5,0,5,2026-07-30T17:32:08.326267
53,16,4,5,0,5,2026-07-30T17:32:08.672272
53,16,5,5,0,5,2026-07-30T17:32:08.962626
53,16,6,5,0,5,2026-07-30T17:32:08.579956
53,16,7,5,0,5,2026-07-30T17:32:08.503233
53,16,8,5,0,5,2026-07-30T17:32:09.088831
53,16,9,5,0,5,2026-07-30T17:32:08.952558
53,16,10,5,0,5,2026-07-30T17:32:08.951740
53,17,1,5,0,5,2026-07-30T17:32:10.340686
53,17,2,5,0,5,2026-07-30T17:32:09.727495
53,17,3,5,0,5,2026-07-30T17:32:10.047415
53,17,4,5,0,5,2026-07-30T17:32:10.114052
53,17,5,5,0,5,2026-07-30T17:32:10.209814
53,17,6,5,0,5,2026-07-30T17:32:10.618365
53,17,7,5,0,5,2026-07-30T17:32:10.180223
53,17,8,5,0,5,2026-07-30T17:32:10.501619
53,17,9,5,0,5,2026-07-30T17:32:11.404508
53,17,10,5,0,5,2026-07-30T17:32:11.500878
53,18,1,5,0,5,2026-07-30T17:32:11.551830
53,18,2,5,0,5,2026-07-30T17:32:11.657118
53,18,3,5,0,5,2026-07-30T17:32:11.251071
53,18,4,5,0,5,2026-07-30T17:32:12.019614
53,18,5,5,0,5,2026-07-30T17:32:11.966442
53,18,6,5,0,5,2026-07-30T17:32:12.062620
53,18,7,5,0,5,2026-07-30T17:32:12.522972
53,18,8,5,0,5,2026-07-30T17:32:13.259634
53,18,9,5,0,5,2026-07-30T17:32:12.952365
53,18,10,5,0,5,2026-07-30T17:32:12.792286
53,19,1,5,0,5,2026-07-30T17:32:13.507509
53,19,2,5,0,5,2026-07-30T17:32:13.621140
53,19,3,5,0,5,2026-07-30T17:32:13.880629
53,19,4,5,0,5,2026-07-30T17:32:13.723962
53,19,5,5,0,5,2026-07-30T17:32:13.754899
53,19,6,5,0,5,2026-07-30T17:32:14.018265
53,19,7,5,0,5,2026-07-30T17:32:13.990907
53,19,8,5,0,5,2026-07-30T17:32:14.330028
53,19,9,5,0,5,2026-07-30T17:32:15.556881
53,19,10,5,0,5,2026-07-30T17:32:15.059391
53,20,1,5,0,5,2026-07-30T17:32:14.789646
53,20,2,5,0,5,2026-07-30T17:32:14.810966
53,20,3,5,0,5,2026-07-30T17:32:15.331403
53,20,4,5,0,5,2026-07-30T17:32:15.034126
53,20,5,5,0,5,2026-07-30T17:32:15.083038
53,20,6,5,0,5,2026-07-30T17:32:15.602820
53,20,7,5,0,5,2026-07-30T17:32:16.646169
53,20,8,5,0,5,2026-07-30T17:32:16.471963
53,20,9,5,0,5,2026-07-30T17:32:16.664908
53,20,10,5,0,5,2026-07-30T17:32:16.310398
53,21,1,5,0,5,2026-07-30T17:32:16.520476
53,21,2,5,0,5,2026-07-30T17:32:16.800968
53,21,3,5,0,5,2026-07-30T17:32:17.012546
53,21,4,5,0,5,2026-07-30T17:32:17.014494
53,21,5,5,0,5,2026-07-30T17:32:18.360172
53,21,6,5,0,5,2026-07-30T17:32:17.733710
53,21,7,5,0,5,2026-07-30T17:32:18.184338
53,21,8,5,0,5,2026-07-30T17:32:18.097345
53,21,9,5,0,5,2026-07-30T17:32:18.325409
53,21,10,5,0,5,2026-07-30T17:32:18.044353
53,22,1,5,0,5,2026-07-30T17:32:19.084957
53,22,2,5,0,5,2026-07-30T17:32:18.686086
53,22,3,5,0,5,2026-07-30T17:32:19.617153
53,22,4,5,0,5,2026-07-30T17:32:19.302785
53,22,5,5,0,5,2026-07-30T17:32:19.935731
53,22,6,5,0,5,2026-07-30T17:32:19.625689
53,22,7,5,0,5,2026-07-30T17:32:20.199295
53,22,8,5,0,5,2026-07-30T17:32:20.636230
53,22,9,5,0,5,2026-07-30T17:32:19.903683
53,22,10,5,0,5,2026-07-30T17:32:20.565644
53,23,1,5,0,5,2026-07-30T17:32:20.752615
53,23,2,5,0,5,2026-07-30T17:32:21.070947
53,23,3,5,0,5,2026-07-30T17:32:21.677794
53,23,4,5,0,5,2026-07-30T17:32:22.002246
53,23,5,5,0,5,2026-07-30T17:32:21.395262
53,23,6,5,0,5,2026-07-30T17:32:21.434488
53,23,7,5,0,5,2026-07-30T17:32:22.211821
53,23,8,5,0,5,2026-07-30T17:32:22.085051
53,23,9,5,0,5,2026-07-30T17:32:22.609999
53,23,10,5,0,5,2026-07-30T17:32:22.311033
53,24,1,0,0,0,2026-07-30T17:32:22.823610
53,24,2,5,0,5,2026-07-30T17:32:22.732240
53,24,3,5,0,5,2026-07-30T17:32:22.703847
53,24,4,5,0,5,2026-07-30T17:32:23.030746
53,24,5,5,0,5,2026-07-30T17:32:23.747526
53,24,6,0,0,0,2026-07-30T17:32:23.442406
53,24,7,5,0,5,2026-07-30T17:32:23.579025
53,24,8,5,0,5,2026-07-30T17:32:23.852800
53,24,9,5,0,5,2026-07-30T17:32:23.709413
53,24,10,5,0,5,2026-07-30T17:32:23.985052
53,25,1,5,0,5,2026-07-30T17:32:24.272065
53,25,2,5,0,5,2026-07-30T17:32:24.106351
53,25,3,5,0,5,2026-07-30T17:32:24.872793
53,25,4,5,0,5,2026-07-30T17:32:24.788399
53,25,5,5,0,5,2026-07-30T17:32:25.156780
53,25,6,5,0,5,2026-07-30T17:32:25.381886
53,25,7,5,0,5,2026-07-30T17:32:25.497955
53,25,8,5,0,5,2026-07-30T17:32:25.443078
53,25,9,5,0,5,2026-07-30T17:32:25.969619
53,25,10,5,0,5,2026-07-30T17:32:25.744127
53,26,1,5,0,5,2026-07-30T17:32:25.822293
53,26,2,5,0,5,2026-07-30T17:32:25.906984
53,26,3,5,0,5,2026-07-30T17:32:26.825630
53,26,4,0,0,0,2026-07-30T17:32:26.824868
53,26,5,0,0,0,2026-07-30T17:32:26.892568
53,26,6,5,0,5,2026-07-30T17:32:27.322829
53,26,7,5,0,5,2026-07-30T17:32:27.184466
53,26,8,5,0,5,2026-07-30T17:32:27.063604
53,26,9,5,0,5,2026-07-30T17:32:27.561178
53,26,10,5,0,5,2026-07-30T17:32:27.179381
53,27,1,5,0,5,2026-07-30T17:32:28.656100
53,27,2,5,0,5,2026-07-30T17:32:28.249014
53,27,3,5,0,5,2026-07-30T17:32:28.767139
53,27,4,5,0,5,2026-07-30T17:32:28.102488
53,27,5,5,0,5,2026-07-30T17:32:28.242710
53,27,6,5,0,5,2026-07-30T17:32:28.641903
53,27,7,5,0,5,2026-07-30T17:32:28.377839
53,27,8,5,0,5,2026-07-30T17:32:28.616782
53,27,9,5,0,5,2026-07-30T17:32:29.356088
53,27,10,5,0,5,2026-07-30T17:32:29.496342
53,28,1,5,0,5,2026-07-30T17:32:29.488979
53,28,2,5,0,5,2026-07-30T17:32:29.645171
53,28,3,5,0,5,2026-07-30T17:32:30.461926
53,28,4,5,0,5,2026-07-30T17:32:30.486556
53,28,5,5,0,5,2026-07-30T17:32:30.093366
53,28,6,5,0,5,2026-07-30T17:32:30.411906
53,28,7,5,0,5,2026-07-30T17:32:30.622080
53,28,8,5,0,5,2026-07-30T17:32:30.941143
53,28,9,5,0,5,2026-07-30T17:32:30.350192
53,28,10,5,0,5,2026-07-30T17:32:31.517601
53,29,1,5,0,5,2026-07-30T17:32:31.119647
53,29,2,5,0,5,2026-07-30T17:32:31.399080
53,29,3,0,0,0,2026-07-30T17:32:31.853392
53,29,4,5,0,5,2026-07-30T17:32:32.079511
53,29,5,5,0,5,2026-07-30T17:32:32.326321
53,29,6,5,0,5,2026-07-30T17:32:32.096082
53,29,7,5,0,5,2026-07-30T17:32:32.398696
53,29,8,5,0,5,2026-07-30T17:32:32.196905
53,29,9,5,0,5,2026-07-30T17:32:32.855768
53,29,10,5,0,5,2026-07-30T17:32:33.167525
53,30,1,5,0,5,2026-07-30T17:32:33.524167
53,30,2,5,0,5,2026-07-30T17:32:33.120448
53,30,3,5,0,5,2026-07-30T17:32:33.332093
53,30,4,5,0,5,2026-07-30T17:32:33.842704
53,30,5,5,0,5,2026-07-30T17:32:33.954474
53,30,6,5,0,5,2026-07-30T17:32:34.270641
53,30,7,5,0,5,2026-07-30T17:32:34.101281
53,30,8,5,0,5,2026-07-30T17:32:34.385077
53,30,9,5,0,5,2026-07-30T17:32:35.025154
53,30,10,5,0,5,2026-07-30T17:32:35.203245
54,1,1,5,0,5,2026-07-30T17:32:35.553157
54,1,2,5,0,5,2026-07-30T17:32:35.076069
54,1,3,5,0,5,2026-07-30T17:32:35.193190
54,1,4,5,0,5,2026-07-30T17:32:35.550741
54,1,5,5,0,5,2026-07-30T17:32:35.744606
54,1,6,5,0,5,2026-07-30T17:32:36.455836
54,1,7,5,0,5,2026-07-30T17:32:36.273784
54,1,8,5,0,5,2026-07-30T17:32:36.530816
54,1,9,5,0,5,2026-07-30T17:32:36.416300
54,1,10,5,0,5,2026-07-30T17:32:37.077806
54,2,1,5,0,5,2026-07-30T17:32:37.027678
54,2,2,5,0,5,2026-07-30T17:32:36.809376
54,2,3,5,0,5,2026-07-30T17:32:37.610905
54,2,4,5,0,5,2026-07-30T17:32:37.716999
54,2,5,5,0,5,2026-07-30T17:32:37.443287
54,2,6,5,0,5,2026-07-30T17:32:38.580431
54,2,7,5,0,5,2026-07-30T17:32:38.378479
54,2,8,5,0,5,2026-07-30T17:32:38.078689
54,2,9,5,0,5,2026-07-30T17:32:38.249839
54,2,10,5,0,5,2026-07-30T17:32:38.536569
54,3,1,0,0,0,2026-07-30T17:32:39.322856
54,3,2,0,0,0,2026-07-30T17:32:39.508498
54,3,3,0,0,0,2026-07-30T17:32:38.788954
54,3,4,0,0,0,2026-07-30T17:32:39.941605
54,3,5,0,0,0,2026-07-30T17:32:39.468287
54,3,6,0,0,0,2026-07-30T17:32:40.007567
54,3,7,0,0,0,2026-07-30T17:32:39.792201
54,3,8,0,0,0,2026-07-30T17:32:39.628666
54,3,9,0,0,0,2026-07-30T17:32:40.457083
54,3,10,0,0,0,2026-07-30T17:32:41.199424
54,4,1,0,0,0,2026-07-30T17:32:40.523636
54,4,2,0,0,0,2026-07-30T17:32:40.959954
54,4,3,0,0,0,2026-07-30T17:32:41.287920
54,4,4,0,0,0,2026-07-30T17:32:41.648087
54,4,5,0,0,0,2026-07-30T17:32:41.408818
54,4,6,0,0,0,2026-07-30T17:32:41.254756
54,4,7,0,0,0,2026-07-30T17:32:42.103519
54,4,8,0,0,0,2026-07-30T17:32:41.926532
54,4,9,0,0,0,2026-07-30T17:32:42.422073
54,4,10,0,0,0,2026-07-30T17:32:42.240240
54,5,1,0,0,0,2026-07-30T17:32:43.096818
54,5,2,0,0,0,2026-07-30T17:32:42.968070
54,5,3,0,0,0,2026-07-30T17:32:43.281114
54,5,4,0,0,0,2026-07-30T17:32:43.287113
54,5,5,0,0,0,2026-07-30T17:32:43.363503
54,5,6,0,0,0,2026-07-30T17:32:43.573319
54,5,7,0,0,0,2026-07-30T17:32:43.478699
54,5,8,0,0,0,2026-07-30T17:32:43.877276
54,5,9,0,0,0,2026-07-30T17:32:44.214094
54,5,10,0,0,0,2026-07-30T17:32:44.337728
54,6,1,5,0,5,2026-07-30T17:32:44.912075
54,6,2,5,0,5,2026-07-30T17:32:44.713686
54,6,3,5,0,5,2026-07-30T17:32:44.805395
54,6,4,5,0,5,2026-07-30T17:32:45.147087
54,6,5,5,0,5,2026-07-30T17:32:45.026796
54,6,6,5,0,5,2026-07-30T17:32:45.547232
54,6,7,5,0,5,2026-07-30T17:32:45.233902
54,6,8,5,0,5,2026-07-30T17:32:45.801013
54,6,9,5,0,5,2026-07-30T17:32:46.167273
54,6,10,5,0,5,2026-07-30T17:32:46.637727
54,7,1,5,0,5,2026-07-30T17:32:46.986456
54,7,2,5,0,5,2026-07-30T17:32:46.254284
54,7,3,5,0,5,2026-07-30T17:32:46.404363
54,7,4,5,0,5,2026-07-30T17:32:46.447146
54,7,5,5,0,5,2026-07-30T17:32:46.788555
54,7,6,5,0,5,2026-07-30T17:32:47.229039
54,7,7,5,0,5,2026-07-30T17:32:48.013283
54,7,8,5,0,5,2026-07-30T17:32:47.702337
54,7,9,5,0,5,2026-07-30T17:32:47.657634
54,7,10,5,0,5,2026-07-30T17:32:48.514845
54,8,1,0,0,0,2026-07-30T17:32:48.521090
54,8,2,0,0,0,2026-07-30T17:32:48.260660
54,8,3,0,0,0,2026-07-30T17:32:48.405360
54,8,4,0,0,0,2026-07-30T17:32:48.242851
54,8,5,0,0,0,2026-07-30T17:32:49.311248
54,8,6,0,0,0,2026-07-30T17:32:48.977895
54,8,7,0,0,0,2026-07-30T17:32:49.653030
54,8,8,0,0,0,2026-07-30T17:32:49.883972
54,8,9,0,0,0,2026-07-30T17:32:49.909482
54,8,10,0,0,0,2026-07-30T17:32:50.059593
54,9,1,0,0,0,2026-07-30T17:32:50.149586
54,9,2,0,0,0,2026-07-30T17:32:50.377618
54,9,3,0,0,0,2026-07-30T17:32:50.019799
54,9,4,0,0,0,2026-07-30T17:32:50.161952
54,9,5,0,0,0,2026-07-30T17:32:51.120988
54,9,6,0,0,0,2026-07-30T17:32:51.526988
54,9,7,0,0,0,2026-07-30T17:32:51.767536
54,9,8,0,0,0,2026-07-30T17:32:51.277697
54,9,9,0,0,0,2026-07-30T17:32:51.702766
54,9,10,0,0,0,2026-07-30T17:32:51.215047
54,10,1,0,0,0,2026-07-30T17:32:51.997066
54,10,2,0,0,0,2026-07-30T17:32:52.005614
54,10,3,0,0,0,2026-07-30T17:32:52.172320
54,10,4,0,0,0,2026-07-30T17:32:53.088711
54,10,5,0,0,0,2026-07-30T17:32:52.724229
54,10,6,0,0,0,2026-07-30T17:32:53.027195
54,10,7,0,0,0,2026-07-30T17:32:53.354091
54,10,8,0,0,0,2026-07-30T17:32:53.269674
54,10,9,0,0,0,2026-07-30T17:32:53.483514
54,10,10,0,0,0,2026-07-30T17:32:53.672947
54,11,1,5,0,5,2026-07-30T17:32:53.603788
54,11,2,5,0,5,2026-07-30T17:32:53.955897
54,11,3,5,0,5,2026-07-30T17:32:54.898287
54,11,4,5,0,5,2026-07-30T17:32:54.149368
54,11,5,5,0,5,2026-07-30T17:32:54.918935
54,11,6,5,0,5,2026-07-30T17:32:55.185494
54,11,7,5,0,5,2026-07-30T17:32:55.344115
54,11,8,5,0,5,2026-07-30T17:32:54.875629
54,11,9,5,0,5,2026-07-30T17:32:54.741704
54,11,10,5,0,5,2026-07-30T17:32:55.577199
54,12,1,5,0,5,2026-07-30T17:32:55.991381
54,12,2,5,0,5,2026-07-30T17:32:56.605253
54,12,3,5,0,5,2026-07-30T17:32:56.723866
54,12,4,5,0,5,2026-07-30T17:32:56.741998
54,12,5,5,0,5,2026-07-30T17:32:56.561307
54,12,6,5,0,5,2026-07-30T17:32:56.219475
54,12,7,5,0,5,2026-07-30T17:32:57.371913
54,12,8,5,0,5,2026-07-30T17:32:56.624281
54,12,9,5,0,5,2026-07-30T17:32:57.436301
54,12,10,5,0,5,2026-07-30T17:32:57.858615
54,13,1,0,0,0,2026-07-30T17:32:57.776133
54,13,2,0,0,0,2026-07-30T17:32:57.822237
54,13,3,0,0,0,2026-07-30T17:32:58.482860
54,13,4,0,0,0,2026-07-30T17:32:58.173667
54,13,5,0,0,0,2026-07-30T17:32:58.200322
54,13,6,0,0,0,2026-07-30T17:32:58.984840
54,13,7,0,0,0,2026-07-30T17:32:59.317783
54,13,8,0,0,0,2026-07-30T17:32:58.795644
54,13,9,0,0,0,2026-07-30T17:32:59.243228
54,13,10,0,0,0,2026-07-30T17:32:59.516402
54,14,1,5,0,5,2026-07-30T17:32:59.426197
54,14,2,5,0,5,2026-07-30T17:32:59.871473
54,14,3,5,0,5,2026-07-30T17:32:59.527991
54,14,4,5,0,5,2026-07-30T17:33:00.256090
54,14,5,5,0,5,2026-07-30T17:33:00.822909
54,14,6,5,0,5,2026-07-30T17:33:00.712120
54,14,7,5,0,5,2026-07-30T17:33:01.374283
54,14,8,4,0,4,2026-07-30T17:33:00.466448
54,14,9,5,0,5,2026-07-30T17:33:01.184093
54,14,10,5,0,5,2026-07-30T17:33:01.199039
54,15,1,0,0,0,2026-07-30T17:33:00.907696
54,15,2,5,0,5,2026-07-30T17:33:01.717359
54,15,3,0,0,0,2026-07-30T17:33:02.126905
54,15,4,5,0,5,2026-07-30T17:33:01.765933
54,15,5,0,0,0,2026-07-30T17:33:02.281507
54,15,6,0,0,0,2026-07-30T17:33:01.965038
54,15,7,5,0,5,2026-07-30T17:33:02.850229
54,15,8,0,0,0,2026-07-30T17:33:02.842445
54,15,9,0,0,0,2026-07-30T17:33:02.443785
54,15,10,5,0,5,2026-07-30T17:33:03.172392
54,16,1,5,0,5,2026-07-30T17:33:03.228120
54,16,2,5,0,5,2026-07-30T17:33:03.220369
54,16,3,5,0,5,2026-07-30T17:33:03.194192
54,16,4,5,0,5,2026-07-30T17:33:03.527189
54,16,5,5,0,5,2026-07-30T17:33:04.080160
54,16,6,5,0,5,2026-07-30T17:33:04.705398
54,16,7,5,0,5,2026-07-30T17:33:04.093981
54,16,8,5,0,5,2026-07-30T17:33:04.629246
54,16,9,5,0,5,2026-07-30T17:33:05.057058
54,16,10,5,0,5,2026-07-30T17:33:04.217637
54,17,1,5,0,5,2026-07-30T17:33:04.287750
54,17,2,5,0,5,2026-07-30T17:33:05.161230
54,17,3,5,0,5,2026-07-30T17:33:05.722976
54,17,4,5,0,5,2026-07-30T17:33:05.727958
54,17,5,5,0,5,2026-07-30T17:33:05.448741
54,17,6,5,0,5,2026-07-30T17:33:05.728310
54,17,7,5,0,5,2026-07-30T17:33:05.655548
54,17,8,5,0,5,2026-07-30T17:33:06.555607
54,17,9,5,0,5,2026-07-30T17:33:06.116521
54,17,10,5,0,5,2026-07-30T17:33:06.406929
54,18,1,3,0,3,2026-07-30T17:33:07.099443
54,18,2,3,0,3,2026-07-30T17:33:07.702304
54,18,3,5,0,5,2026-07-30T17:33:07.158076
54,18,4,3,0,3,2026-07-30T17:33:07.370706
54,18,5,5,0,5,2026-07-30T17:33:07.579237
54,18,6,3,0,3,2026-07-30T17:33:07.322602
54,18,7,3,0,3,2026-07-30T17:33:08.238150
54,18,8,5,0,5,2026-07-30T17:33:08.019668
54,18,9,3,0,3,2026-07-30T17:33:08.548643
54,18,10,3,0,3,2026-07-30T17:33:08.613836
54,19,1,5,0,5,2026-07-30T17:33:08.587217
54,19,2,5,0,5,2026-07-30T17:33:08.864630
54,19,3,5,0,5,2026-07-30T17:33:08.849386
54,19,4,5,0,5,2026-07-30T17:33:09.576401
54,19,5,5,0,5,2026-07-30T17:33:09.273078
54,19,6,5,0,5,2026-07-30T17:33:09.892301
54,19,7,5,0,5,2026-07-30T17:33:10.182445
54,19,8,5,0,5,2026-07-30T17:33:09.834793
54,19,9,5,0,5,2026-07-30T17:33:10.277385
54,19,10,4,0,4,2026-07-30T17:33:10.913897
54,20,1,5,0,5,2026-07-30T17:33:10.517823
54,20,2,5,0,5,2026-07-30T17:33:10.290708
54,20,3,5,0,5,2026-07-30T17:33:10.833424
54,20,4,5,0,5,2026-07-30T17:33:10.882303
54,20,5,5,0,5,2026-07-30T17:33:11.144409
54,20,6,5,0,5,2026-07-30T17:33:11.198612
54,20,7,5,0,5,2026-07-30T17:33:11.939653
54,20,8,5,0,5,2026-07-30T17:33:11.923353
54,20,9,5,0,5,2026-07-30T17:33:12.366227
54,20,10,5,0,5,2026-07-30T17:33:12.686000
54,21,1,5,0,5,2026-07-30T17:33:12.287332
54,21,2,5,0,5,2026-07-30T17:33:11.945558
54,21,3,5,0,5,2026-07-30T17:33:12.584323
54,21,4,5,0,5,2026-07-30T17:33:13.265017
54,21,5,5,0,5,2026-07-30T17:33:13.579757
54,21,6,5,0,5,2026-07-30T17:33:13.000283
54,21,7,5,0,5,2026-07-30T17:33:13.601871
54,21,8,5,0,5,2026-07-30T17:33:14.164301
54,21,9,5,0,5,2026-07-30T17:33:14.212838
54,21,10,5,0,5,2026-07-30T17:33:13.855133
54,22,1,5,0,5,2026-07-30T17:33:13.933682
54,22,2,5,0,5,2026-07-30T17:33:14.464813
54,22,3,5,0,5,2026-07-30T17:33:14.720171
54,22,4,5,0,5,2026-07-30T17:33:15.463972
54,22,5,5,0,5,2026-07-30T17:33:15.459062
54,22,6,5,0,5,2026-07-30T17:33:15.090258
54,22,7,5,0,5,2026-07-30T17:33:15.802109
54,22,8,5,0,5,2026-07-30T17:33:16.045319
54,22,9,5,0,5,2026-07-30T17:33:15.862464
54,22,10,5,0,5,2026-07-30T17:33:16.132562
54,23,1,5,0,5,2026-07-30T17:33:16.336450
54,23,2,5,0,5,2026-07-30T17:33:16.769512
54,23,3,5,0,5,2026-07-30T17:33:16.931916
54,23,4,5,0,5,2026-07-30T17:33:16.912030
54,23,5,5,0,5,2026-07-30T17:33:17.440843
54,23,6,5,0,5,2026-07-30T17:33:17.307806
54,23,7,5,0,5,2026-07-30T17:33:17.110889
54,23,8,5,0,5,2026-07-30T17:33:17.159826
54,23,9,5,0,5,2026-07-30T17:33:18.016196
54,23,10,5,0,5,2026-07-30T17:33:18.616028
54,24,1,0,0,0,2026-07-30T17:33:17.964682
54,24,2,0,0,0,2026-07-30T17:33:18.588388
54,24,3,0,0,0,2026-07-30T17:33:18.364506
54,24,4,0,0,0,2026-07-30T17:33:18.384098
54,24,5,0,0,0,2026-07-30T17:33:19.141706
54,24,6,0,0,0,2026-07-30T17:33:18.681417
54,24,7,0,0,0,2026-07-30T17:33:19.608619
54,24,8,0,0,0,2026-07-30T17:33:19.472547
54,24,9,0,0,0,2026-07-30T17:33:19.429287
54,24,10,0,0,0,2026-07-30T17:33:19.620586
54,25,1,0,0,0,2026-07-30T17:33:19.646838
54,25,2,0,0,0,2026-07-30T17:33:19.652286
54,25,3,0,0,0,2026-07-30T17:33:20.546262
54,25,4,0,0,0,2026-07-30T17:33:20.232771
54,25,5,0,0,0,2026-07-30T17:33:21.507091
54,25,6,0,0,0,2026-07-30T17:33:21.120333
54,25,7,0,0,0,2026-07-30T17:33:20.852448
54,25,8,0,0,0,2026-07-30T17:33:21.077446
54,25,9,0,0,0,2026-07-30T17:33:21.307098
54,25,10,3,0,3,2026-07-30T17:33:20.911395
54,26,1,5,0,5,2026-07-30T17:33:21.767135
54,26,2,5,0,5,2026-07-30T17:33:21.816747
54,26,3,5,0,5,2026-07-30T17:33:22.321949
54,26,4,5,0,5,2026-07-30T17:33:22.017251
54,26,5,5,0,5,2026-07-30T17:33:22.331869
54,26,6,5,0,5,2026-07-30T17:33:22.761694
54,26,7,5,0,5,2026-07-30T17:33:22.956916
54,26,8,5,0,5,2026-07-30T17:33:22.765137
54,26,9,5,0,5,2026-07-30T17:33:22.818067
54,26,10,5,0,5,2026-07-30T17:33:23.090376
54,27,1,5,0,5,2026-07-30T17:33:23.852371
54,27,2,5,0,5,2026-07-30T17:33:23.554364
54,27,3,5,0,5,2026-07-30T17:33:24.175709
54,27,4,5,0,5,2026-07-30T17:33:23.784191
54,27,5,5,0,5,2026-07-30T17:33:24.206556
54,27,6,5,0,5,2026-07-30T17:33:23.853714
54,27,7,5,0,5,2026-07-30T17:33:24.823463
54,27,8,5,0,5,2026-07-30T17:33:24.952516
54,27,9,5,0,5,2026-07-30T17:33:24.590045
54,27,10,5,0,5,2026-07-30T17:33:25.444393
54,28,1,3,0,3,2026-07-30T17:33:24.876303
54,28,2,3,0,3,2026-07-30T17:33:25.688904
54,28,3,3,0,3,2026-07-30T17:33:25.997757
54,28,4,3,0,3,2026-07-30T17:33:26.247460
54,28,5,5,0,5,2026-07-30T17:33:25.850803
54,28,6,3,0,3,2026-07-30T17:33:26.889126
54,28,7,3,0,3,2026-07-30T17:33:26.117834
54,28,8,3,0,3,2026-07-30T17:33:26.637265
54,28,9,3,0,3,2026-07-30T17:33:27.334845
54,28,10,3,0,3,2026-07-30T17:33:27.746729
54,29,1,5,0,5,2026-07-30T17:33:27.685371
54,29,2,5,0,5,2026-07-30T17:33:27.042512
54,29,3,5,0,5,2026-07-30T17:33:27.165322
54,29,4,5,0,5,2026-07-30T17:33:28.095170
54,29,5,5,0,5,2026-07-30T17:33:28.526123
54,29,6,5,0,5,2026-07-30T17:33:28.342204
54,29,7,5,0,5,2026-07-30T17:33:28.870284
54,29,8,5,0,5,2026-07-30T17:33:28.587755
54,29,9,5,0,5,2026-07-30T17:33:28.805671
54,29,10,5,0,5,2026-07-30T17:33:29.551024
54,30,1,5,0,5,2026-07-30T17:33:28.805512
54,30,2,5,0,5,2026-07-30T17:33:29.366517
54,30,3,5,0,5,2026-07-30T17:33:29.977213
54,30,4,5,0,5,2026-07-30T17:33:29.981327
54,30,5,5,0,5,2026-07-30T17:33:30.430889
54,30,6,5,0,5,2026-07-30T17:33:30.291458
54,30,7,5,0,5,2026-07-30T17:33:30.434853
54,30,8,3,0,3,2026-07-30T17:33:30.086813
54,30,9,3,0,3,2026-07-30T17:33:31.012741
54,30,10,5,0,5,2026-07-30T17:33:30.804054
55,1,1,5,0,5,2026-07-30T17:33:32.010003
55,1,2,5,0,5,2026-07-30T17:33:31.826403
55,1,3,5,0,5,2026-07-30T17:33:31.120266
55,1,4,5,0,5,2026-07-30T17:33:32.173318
55,1,5,5,0,5,2026-07-30T17:33:31.691689
55,1,6,5,0,5,2026-07-30T17:33:31.461226
55,1,7,5,0,5,2026-07-30T17:33:32.838110
55,1,8,5,0,5,2026-07-30T17:33:32.460126
55,1,9,5,0,5,2026-07-30T17:33:32.974266
55,1,10,3,0,3,2026-07-30T17:33:32.518041
55,2,1,5,0,5,2026-07-30T17:33:33.360136
55,2,2,5,0,5,2026-07-30T17:33:33.888718
55,2,3,5,0,5,2026-07-30T17:33:33.214722
55,2,4,5,0,5,2026-07-30T17:33:33.619628
55,2,5,5,0,5,2026-07-30T17:33:33.906583
55,2,6,5,0,5,2026-07-30T17:33:34.598559
55,2,7,5,0,5,2026-07-30T17:33:34.270382
55,2,8,5,0,5,2026-07-30T17:33:34.841300
55,2,9,5,0,5,2026-07-30T17:33:35.045180
55,2,10,5,0,5,2026-07-30T17:33:35.420745
55,3,1,2,0,2,2026-07-30T17:33:35.495285
55,3,2,4,0,4,2026-07-30T17:33:35.101934
55,3,3,2,0,2,2026-07-30T17:33:35.559872
55,3,4,2,0,2,2026-07-30T17:33:36.322754
55,3,5,5,0,5,2026-07-30T17:33:36.056928
55,3,6,5,0,5,2026-07-30T17:33:36.085518
55,3,7,3,0,3,2026-07-30T17:33:36.254303
55,3,8,2,0,2,2026-07-30T17:33:37.152920
55,3,9,3,0,3,2026-07-30T17:33:36.484549
55,3,10,5,0,5,2026-07-30T17:33:36.721599
55,4,1,5,0,5,2026-07-30T17:33:37.436607
55,4,2,5,0,5,2026-07-30T17:33:37.728363
55,4,3,0,0,0,2026-07-30T17:33:37.531224
55,4,4,4,0,4,2026-07-30T17:33:37.939860
55,4,5,3,0,3,2026-07-30T17:33:38.412274
55,4,6,0,0,0,2026-07-30T17:33:38.122409
55,4,7,3,0,3,2026-07-30T17:33:38.392315
55,4,8,5,0,5,2026-07-30T17:33:38.813877
55,4,9,3,0,3,2026-07-30T17:33:39.083872
55,4,10,5,0,5,2026-07-30T17:33:38.587341
55,5,1,5,0,5,2026-07-30T17:33:39.159798
55,5,2,5,0,5,2026-07-30T17:33:39.800374
55,5,3,5,0,5,2026-07-30T17:33:39.969690
55,5,4,5,0,5,2026-07-30T17:33:39.620689
55,5,5,5,0,5,2026-07-30T17:33:40.270057
55,5,6,5,0,5,2026-07-30T17:33:40.253240
55,5,7,5,0,5,2026-07-30T17:33:40.023218
55,5,8,5,0,5,2026-07-30T17:33:40.942421
55,5,9,4,0,4,2026-07-30T17:33:40.411162
55,5,10,5,0,5,2026-07-30T17:33:41.085305
55,6,1,5,0,5,2026-07-30T17:33:41.025370
55,6,2,5,0,5,2026-07-30T17:33:41.435509
55,6,3,5,0,5,2026-07-30T17:33:41.661232
55,6,4,5,0,5,2026-07-30T17:33:41.517651
55,6,5,5,0,5,2026-07-30T17:33:41.529532
55,6,6,5,0,5,2026-07-30T17:33:42.295698
55,6,7,5,0,5,2026-07-30T17:33:41.771374
55,6,8,5,0,5,2026-07-30T17:33:42.673853
55,6,9,5,0,5,2026-07-30T17:33:42.949974
55,6,10,5,0,5,2026-07-30T17:33:42.476501
55,7,1,5,0,5,2026-07-30T17:33:43.594000
55,7,2,5,0,5,2026-07-30T17:33:42.979773
55,7,3,5,0,5,2026-07-30T17:33:43.548622
55,7,4,5,0,5,2026-07-30T17:33:43.415081
55,7,5,5,0,5,2026-07-30T17:33:43.929428
55,7,6,5,0,5,2026-07-30T17:33:44.324153
55,7,7,5,0,5,2026-07-30T17:33:43.927703
55,7,8,5,0,5,2026-07-30T17:33:45.000277
55,7,9,5,0,5,2026-07-30T17:33:44.454808
55,7,10,5,0,5,2026-07-30T17:33:44.646137
55,8,1,5,0,5,2026-07-30T17:33:45.371245
55,8,2,5,0,5,2026-07-30T17:33:44.863542
55,8,3,5,0,5,2026-07-30T17:33:45.394980
55,8,4,5,0,5,2026-07-30T17:33:44.980295
55,8,5,5,0,5,2026-07-30T17:33:45.961687
55,8,6,5,0,5,2026-07-30T17:33:46.331102
55,8,7,5,0,5,2026-07-30T17:33:46.112017
55,8,8,5,0,5,2026-07-30T17:33:46.339035
55,8,9,5,0,5,2026-07-30T17:33:46.803855
55,8,10,5,0,5,2026-07-30T17:33:46.659509
55,9,1,5,0,5,2026-07-30T17:33:47.652177
55,9,2,4,0,4,2026-07-30T17:33:46.621348
55,9,3,0,0,0,2026-07-30T17:33:47.598855
55,9,4,0,0,0,2026-07-30T17:33:47.354436
55,9,5,0,0,0,2026-07-30T17:33:47.593340
55,9,6,5,0,5,2026-07-30T17:33:47.598095
55,9,7,5,0,5,2026-07-30T17:33:47.834741
55,9,8,5,0,5,2026-07-30T17:33:48.306442
55,9,9,5,0,5,2026-07-30T17:33:48.071292
55,9,10,3,0,3,2026-07-30T17:33:48.360867
55,10,1,5,0,5,2026-07-30T17:33:48.841694
55,10,2,5,0,5,2026-07-30T17:33:49.450936
55,10,3,5,0,5,2026-07-30T17:33:49.464105
55,10,4,5,0,5,2026-07-30T17:33:49.127926
55,10,5,0,0,0,2026-07-30T17:33:49.068821
55,10,6,5,0,5,2026-07-30T17:33:49.738458
55,10,7,0,0,0,2026-07-30T17:33:49.537265
55,10,8,5,0,5,2026-07-30T17:33:50.039640
55,10,9,5,0,5,2026-07-30T17:33:50.682786
55,10,10,0,0,0,2026-07-30T17:33:50.320188
55,11,1,5,0,5,2026-07-30T17:33:50.973300
55,11,2,5,0,5,2026-07-30T17:33:51.084630
55,11,3,5,0,5,2026-07-30T17:33:51.036224
55,11,4,5,0,5,2026-07-30T17:33:51.377333
55,11,5,5,0,5,2026-07-30T17:33:51.558400
55,11,6,5,0,5,2026-07-30T17:33:51.284802
55,11,7,5,0,5,2026-07-30T17:33:51.978327
55,11,8,5,0,5,2026-07-30T17:33:51.924614
55,11,9,5,0,5,2026-07-30T17:33:52.216600
55,11,10,5,0,5,2026-07-30T17:33:52.525678
55,12,1,5,0,5,2026-07-30T17:33:52.947290
55,12,2,5,0,5,2026-07-30T17:33:52.316113
55,12,3,5,0,5,2026-07-30T17:33:52.806845
55,12,4,5,0,5,2026-07-30T17:33:53.011920
55,12,5,5,0,5,2026-07-30T17:33:53.182213
55,12,6,5,0,5,2026-07-30T17:33:53.210287
55,12,7,5,0,5,2026-07-30T17:33:53.677976
55,12,8,5,0,5,2026-07-30T17:33:53.957405
55,12,9,5,0,5,2026-07-30T17:33:53.570611
55,12,10,5,0,5,2026-07-30T17:33:54.446848
55,13,1,4,0,4,2026-07-30T17:33:54.829972
55,13,2,3,0,3,2026-07-30T17:33:54.853578
55,13,3,3,0,3,2026-07-30T17:33:55.194489
55,13,4,4,0,4,2026-07-30T17:33:54.653945
55,13,5,5,0,5,2026-07-30T17:33:55.450417
55,13,6,3,0,3,2026-07-30T17:33:55.561463
55,13,7,5,0,5,2026-07-30T17:33:55.802962
55,13,8,5,0,5,2026-07-30T17:33:55.877380
55,13,9,4,0,4,2026-07-30T17:33:56.105269
55,13,10,5,0,5,2026-07-30T17:33:56.481654
55,14,1,5,0,5,2026-07-30T17:33:56.543117
55,14,2,5,0,5,2026-07-30T17:33:56.224836
55,14,3,5,0,5,2026-07-30T17:33:57.306101
55,14,4,5,0,5,2026-07-30T17:33:56.601576
55,14,5,5,0,5,2026-07-30T17:33:57.048281
55,14,6,5,0,5,2026-07-30T17:33:57.730908
55,14,7,5,0,5,2026-07-30T17:33:57.141512
55,14,8,5,0,5,2026-07-30T17:33:57.864938
55,14,9,5,0,5,2026-07-30T17:33:57.723487
55,14,10,5,0,5,2026-07-30T17:33:57.989344
55,15,1,5,0,5,2026-07-30T17:33:57.847606
55,15,2,5,0,5,2026-07-30T17:33:58.466325
55,15,3,5,0,5,2026-07-30T17:33:58.599757
55,15,4,5,0,5,2026-07-30T17:33:58.934988
55,15,5,5,0,5,2026-07-30T17:33:59.590576
55,15,6,5,0,5,2026-07-30T17:33:59.377276
55,15,7,5,0,5,2026-07-30T17:33:59.722315
55,15,8,5,0,5,2026-07-30T17:33:59.522287
55,15,9,5,0,5,2026-07-30T17:33:59.629151
55,15,10,5,0,5,2026-07-30T17:33:59.711851
55,16,1,5,0,5,2026-07-30T17:33:59.647588
55,16,2,5,0,5,2026-07-30T17:34:00.592577
55,16,3,5,0,5,2026-07-30T17:34:00.832095
55,16,4,5,0,5,2026-07-30T17:34:00.971986
55,16,5,5,0,5,2026-07-30T17:34:00.909522
55,16,6,5,0,5,2026-07-30T17:34:00.851823
55,16,7,5,0,5,2026-07-30T17:34:01.295710
55,16,8,5,0,5,2026-07-30T17:34:01.587445
55,16,9,5,0,5,2026-07-30T17:34:01.185707
55,16,10,5,0,5,2026-07-30T17:34:02.638541
55,17,1,5,0,5,2026-07-30T17:34:02.272189
55,17,2,5,0,5,2026-07-30T17:34:02.288243
55,17,3,5,0,5,2026-07-30T17:34:02.394257
55,17,4,5,0,5,2026-07-30T17:34:02.201352
55,17,5,5,0,5,2026-07-30T17:34:03.033234
55,17,6,5,0,5,2026-07-30T17:34:02.535841
55,17,7,5,0,5,2026-07-30T17:34:02.854425
55,17,8,5,0,5,2026-07-30T17:34:03.684748
55,17,9,5,0,5,2026-07-30T17:34:03.724147
55,17,10,5,0,5,2026-07-30T17:34:03.770501
55,18,1,5,0,5,2026-07-30T17:34:04.246037
55,18,2,5,0,5,2026-07-30T17:34:03.787659
55,18,3,5,0,5,2026-07-30T17:34:04.104595
55,18,4,5,0,5,2026-07-30T17:34:04.304113
55,18,5,5,0,5,2026-07-30T17:34:04.667318
55,18,6,5,0,5,2026-07-30T17:34:04.939762
55,18,7,5,0,5,2026-07-30T17:34:05.157502
55,18,8,5,0,5,2026-07-30T17:34:05.612464
55,18,9,5,0,5,2026-07-30T17:34:05.049239
55,18,10,5,0,5,2026-07-30T17:34:05.953285
55,19,1,5,0,5,2026-07-30T17:34:05.268555
55,19,2,5,0,5,2026-07-30T17:34:05.977672
55,19,3,5,0,5,2026-07-30T17:34:06.520154
55,19,4,5,0,5,2026-07-30T17:34:05.977593
55,19,5,5,0,5,2026-07-30T17:34:06.492581
55,19,6,5,0,5,2026-07-30T17:34:06.604622
55,19,7,5,0,5,2026-07-30T17:34:06.320697
55,19,8,5,0,5,2026-07-30T17:34:06.848514
55,19,9,5,0,5,2026-07-30T17:34:07.611124
55,19,10,5,0,5,2026-07-30T17:34:07.018201
55,20,1,5,0,5,2026-07-30T17:34:07.212442
55,20,2,5,0,5,2026-07-30T17:34:08.369235
55,20,3,5,0,5,2026-07-30T17:34:07.709702
55,20,4,5,0,5,2026-07-30T17:34:08.176938
55,20,5,5,0,5,2026-07-30T17:34:08.440436
55,20,6,5,0,5,2026-07-30T17:34:08.897357
55,20,7,5,0,5,2026-07-30T17:34:08.869586
55,20,8,5,0,5,2026-07-30T17:34:08.256867
55,20,9,5,0,5,2026-07-30T17:34:09.439431
55,20,10,5,0,5,2026-07-30T17:34:08.779414
55,21,1,5,0,5,2026-07-30T17:34:10.008888
55,21,2,5,0,5,2026-07-30T17:34:09.500366
55,21,3,5,0,5,2026-07-30T17:34:10.221713
55,21,4,5,0,5,2026-07-30T17:34:10.314195
55,21,5,5,0,5,2026-07-30T17:34:09.821196
55,21,6,5,0,5,2026-07-30T17:34:09.935272
55,21,7,5,0,5,2026-07-30T17:34:10.321829
55,21,8,5,0,5,2026-07-30T17:34:11.093061
55,21,9,5,0,5,2026-07-30T17:34:11.145528
55,21,10,5,0,5,2026-07-30T17:34:11.491180
55,22,1,5,0,5,2026-07-30T17:34:11.777520
55,22,2,5,0,5,2026-07-30T17:34:11.666757
55,22,3,5,0,5,2026-07-30T17:34:11.674551
55,22,4,5,0,5,2026-07-30T17:34:11.354438
55,22,5,5,0,5,2026-07-30T17:34:11.576873
55,22,6,5,0,5,2026-07-30T17:34:12.547589
55,22,7,5,0,5,2026-07-30T17:34:12.786118
55,22,8,5,0,5,2026-07-30T17:34:12.994291
55,22,9,5,0,5,2026-07-30T17:34:12.954838
55,22,10,5,0,5,2026-07-30T17:34:13.432104
55,23,1,5,0,5,2026-07-30T17:34:13.505118
55,23,2,5,0,5,2026-07-30T17:34:13.750125
55,23,3,5,0,5,2026-07-30T17:34:12.999423
55,23,4,5,0,5,2026-07-30T17:34:14.209494
55,23,5,5,0,5,2026-07-30T17:34:14.257993
55,23,6,5,0,5,2026-07-30T17:34:14.214431
55,23,7,5,0,5,2026-07-30T17:34:15.061995
55,23,8,5,0,5,2026-07-30T17:34:14.235970
55,23,9,5,0,5,2026-07-30T17:34:15.071766
55,23,10,5,0,5,2026-07-30T17:34:15.581158
55,24,1,5,0,5,2026-07-30T17:34:15.409592
55,24,2,5,0,5,2026-07-30T17:34:15.464697
55,24,3,5,0,5,2026-07-30T17:34:16.053211
55,24,4,5,0,5,2026-07-30T17:34:15.878042
55,24,5,3,0,3,2026-07-30T17:34:16.135588
55,24,6,5,0,5,2026-07-30T17:34:17.101934
55,24,7,5,0,5,2026-07-30T17:34:16.332916
55,24,8,5,0,5,2026-07-30T17:34:16.850200
55,24,9,5,0,5,2026-07-30T17:34:17.506602
55,24,10,5,0,5,2026-07-30T17:34:17.231132
55,25,1,5,0,5,2026-07-30T17:34:17.713692
55,25,2,5,0,5,2026-07-30T17:34:17.324273
55,25,3,5,0,5,2026-07-30T17:34:17.809121
55,25,4,5,0,5,2026-07-30T17:34:18.193643
55,25,5,3,0,3,2026-07-30T17:34:18.717498
55,25,6,5,0,5,2026-07-30T17:34:18.934872
55,25,7,0,0,0,2026-07-30T17:34:19.271182
55,25,8,5,0,5,2026-07-30T17:34:19.169736
55,25,9,5,0,5,2026-07-30T17:34:18.765688
55,25,10,5,0,5,2026-07-30T17:34:19.121360
55,26,1,5,0,5,2026-07-30T17:34:19.268144
55,26,2,5,0,5,2026-07-30T17:34:19.616029
55,26,3,5,0,5,2026-07-30T17:34:20.382811
55,26,4,5,0,5,2026-07-30T17:34:20.583447
55,26,5,5,0,5,2026-07-30T17:34:20.380412
55,26,6,5,0,5,2026-07-30T17:34:20.551898
55,26,7,5,0,5,2026-07-30T17:34:20.217001
55,26,8,5,0,5,2026-07-30T17:34:21.321027
55,26,9,5,0,5,2026-07-30T17:34:20.723017
55,26,10,5,0,5,2026-07-30T17:34:21.077714
55,27,1,5,0,5,2026-07-30T17:34:21.244159
55,27,2,5,0,5,2026-07-30T17:34:22.221661
55,27,3,5,0,5,2026-07-30T17:34:22.438373
55,27,4,5,0,5,2026-07-30T17:34:22.224874
55,27,5,5,0,5,2026-07-30T17:34:22.423860
55,27,6,5,0,5,2026-07-30T17:34:22.799812
55,27,7,5,0,5,2026-07-30T17:34:23.132499
55,27,8,5,0,5,2026-07-30T17:34:23.312894
55,27,9,5,0,5,2026-07-30T17:34:23.001772
55,27,10,5,0,5,2026-07-30T17:34:23.653925
55,28,1,4,0,4,2026-07-30T17:34:24.072840
55,28,2,4,0,4,2026-07-30T17:34:23.465097
55,28,3,5,0,5,2026-07-30T17:34:23.896071
55,28,4,4,0,4,2026-07-30T17:34:24.028232
55,28,5,5,0,5,2026-07-30T17:34:24.460260
55,28,6,5,0,5,2026-07-30T17:34:24.561945
55,28,7,5,0,5,2026-07-30T17:34:24.358026
55,28,8,5,0,5,2026-07-30T17:34:24.914594
55,28,9,5,0,5,2026-07-30T17:34:25.465552
55,28,10,5,0,5,2026-07-30T17:34:25.377701
55,29,1,5,0,5,2026-07-30T17:34:25.090384
55,29,2,5,0,5,2026-07-30T17:34:25.094331
55,29,3,5,0,5,2026-07-30T17:34:25.391887
55,29,4,5,0,5,2026-07-30T17:34:26.309684
55,29,5,5,0,5,2026-07-30T17:34:26.209106
55,29,6,5,0,5,2026-07-30T17:34:26.585852
55,29,7,5,0,5,2026-07-30T17:34:26.340034
55,29,8,5,0,5,2026-07-30T17:34:26.750470
55,29,9,5,0,5,2026-07-30T17:34:27.202663
55,29,10,5,0,5,2026-07-30T17:34:27.042619
55,30,1,5,0,5,2026-07-30T17:34:27.117749
55,30,2,5,0,5,2026-07-30T17:34:27.455915
55,30,3,5,0,5,2026-07-30T17:34:27.778584
55,30,4,5,0,5,2026-07-30T17:34:27.378938
55,30,5,5,0,5,2026-07-30T17:34:28.042178
55,30,6,5,0,5,2026-07-30T17:34:28.384023
55,30,7,5,0,5,2026-07-30T17:34:28.295807
55,30,8,5,0,5,2026-07-30T17:34:28.984610
55,30,9,5,0,5,2026-07-30T17:34:28.847280
55,30,10,5,0,5,2026-07-30T17:34:28.612852
56,1,1,5,0,5,2026-07-30T17:34:28.925744
56,1,2,5,0,5,2026-07-30T17:34:29.216984
56,1,3,5,0,5,2026-07-30T17:34:29.080069
56,1,4,5,0,5,2026-07-30T17:34:29.516178
56,1,5,5,0,5,2026-07-30T17:34:30.250862
56,1,6,5,0,5,2026-07-30T17:34:30.422610
56,1,7,5,0,5,2026-07-30T17:34:29.883999
56,1,8,5,0,5,2026-07-30T17:34:30.563428
56,1,9,5,0,5,2026-07-30T17:34:30.837128
56,1,10,5,0,5,2026-07-30T17:34:30.315579
56,2,1,5,0,5,2026-07-30T17:34:30.857911
56,2,2,5,0,5,2026-07-30T17:34:31.354374
56,2,3,5,0,5,2026-07-30T17:34:31.101442
56,2,4,5,0,5,2026-07-30T17:34:32.118009
56,2,5,5,0,5,2026-07-30T17:34:31.950556
56,2,6,5,0,5,2026-07-30T17:34:31.645618
56,2,7,5,0,5,2026-07-30T17:34:32.209640
56,2,8,5,0,5,2026-07-30T17:34:31.662719
56,2,9,5,0,5,2026-07-30T17:34:32.711827
56,2,10,5,0,5,2026-07-30T17:34:32.374938
56,3,1,2,0,2,2026-07-30T17:34:32.594749
56,3,2,5,0,5,2026-07-30T17:34:33.122252
56,3,3,5,0,5,2026-07-30T17:34:32.720723
56,3,4,2,0,2,2026-07-30T17:34:33.814035
56,3,5,5,0,5,2026-07-30T17:34:33.367091
56,3,6,2,0,2,2026-07-30T17:34:34.031396
56,3,7,5,0,5,2026-07-30T17:34:33.617604
56,3,8,5,0,5,2026-07-30T17:34:34.459233
56,3,9,5,0,5,2026-07-30T17:34:34.370258
56,3,10,5,0,5,2026-07-30T17:34:34.184623
56,4,1,0,0,0,2026-07-30T17:34:34.785199
56,4,2,0,0,0,2026-07-30T17:34:35.004370
56,4,3,0,0,0,2026-07-30T17:34:35.465693
56,4,4,2,0,2,2026-07-30T17:34:35.668255
56,4,5,0,0,0,2026-07-30T17:34:35.462390
56,4,6,0,0,0,2026-07-30T17:34:35.630165
56,4,7,0,0,0,2026-07-30T17:34:36.435511
56,4,8,0,0,0,2026-07-30T17:34:35.901698
56,4,9,0,0,0,2026-07-30T17:34:36.029429
56,4,10,0,0,0,2026-07-30T17:34:36.654178
56,5,1,5,0,5,2026-07-30T17:34:36.897110
56,5,2,5,0,5,2026-07-30T17:34:37.112281
56,5,3,0,0,0,2026-07-30T17:34:37.087793
56,5,4,0,0,0,2026-07-30T17:34:36.942709
56,5,5,5,0,5,2026-07-30T17:34:36.934421
56,5,6,0,0,0,2026-07-30T17:34:37.081411
56,5,7,0,0,0,2026-07-30T17:34:37.886004
56,5,8,0,0,0,2026-07-30T17:34:38.492226
56,5,9,0,0,0,2026-07-30T17:34:38.365454
56,5,10,0,0,0,2026-07-30T17:34:37.954934
56,6,1,5,0,5,2026-07-30T17:34:37.971920
56,6,2,5,0,5,2026-07-30T17:34:38.924500
56,6,3,5,0,5,2026-07-30T17:34:38.099863
56,6,4,5,0,5,2026-07-30T17:34:38.769805
56,6,5,5,0,5,2026-07-30T17:34:39.191078
56,6,6,5,0,5,2026-07-30T17:34:39.623560
56,6,7,5,0,5,2026-07-30T17:34:39.029807
56,6,8,5,0,5,2026-07-30T17:34:39.334064
56,6,9,5,0,5,2026-07-30T17:34:39.798521
56,6,10,5,0,5,2026-07-30T17:34:39.942072
56,7,1,5,0,5,2026-07-30T17:34:40.628482
56,7,2,5,0,5,2026-07-30T17:34:40.569323
56,7,3,5,0,5,2026-07-30T17:34:40.083876
56,7,4,5,0,5,2026-07-30T17:34:40.263573
56,7,5,5,0,5,2026-07-30T17:34:40.974486
56,7,6,5,0,5,2026-07-30T17:34:41.079198
56,7,7,5,0,5,2026-07-30T17:34:41.457174
56,7,8,5,0,5,2026-07-30T17:34:41.594132
56,7,9,5,0,5,2026-07-30T17:34:41.112978
56,7,10,5,0,5,2026-07-30T17:34:41.506285
56,8,1,5,0,5,2026-07-30T17:34:42.201864
56,8,2,5,0,5,2026-07-30T17:34:42.673589
56,8,3,5,0,5,2026-07-30T17:34:42.394556
56,8,4,5,0,5,2026-07-30T17:34:42.350719
56,8,5,5,0,5,2026-07-30T17:34:42.164501
56,8,6,5,0,5,2026-07-30T17:34:42.715216
56,8,7,5,0,5,2026-07-30T17:34:43.156705
56,8,8,5,0,5,2026-07-30T17:34:42.820618
56,8,9,5,0,5,2026-07-30T17:34:43.819887
56,8,10,5,0,5,2026-07-30T17:34:43.646267
56,9,1,0,0,0,2026-07-30T17:34:44.214967
56,9,2,0,0,0,2026-07-30T17:34:44.050430
56,9,3,0,0,0,2026-07-30T17:34:43.744865
56,9,4,0,0,0,2026-07-30T17:34:43.743359
56,9,5,0,0,0,2026-07-30T17:34:43.904061
56,9,6,0,0,0,2026-07-30T17:34:44.805622
56,9,7,0,0,0,2026-07-30T17:34:44.701254
56,9,8,0,0,0,2026-07-30T17:34:45.184365
56,9,9,0,0,0,2026-07-30T17:34:45.015186
56,9,10,0,0,0,2026-07-30T17:34:45.268598
56,10,1,5,0,5,2026-07-30T17:34:45.156438
56,10,2,0,0,0,2026-07-30T17:34:45.484865
56,10,3,0,0,0,2026-07-30T17:34:45.453560
56,10,4,0,0,0,2026-07-30T17:34:46.135727
56,10,5,0,0,0,2026-07-30T17:34:46.645188
56,10,6,5,0,5,2026-07-30T17:34:46.842158
56,10,7,0,0,0,2026-07-30T17:34:46.436061
56,10,8,5,0,5,2026-07-30T17:34:46.866375
56,10,9,0,0,0,2026-07-30T17:34:46.728557
56,10,10,0,0,0,2026-07-30T17:34:47.099723
56,11,1,5,0,5,2026-07-30T17:34:47.340080
56,11,2,5,0,5,2026-07-30T17:34:48.176677
56,11,3,5,0,5,2026-07-30T17:34:47.474291
56,11,4,5,0,5,2026-07-30T17:34:48.505034
56,11,5,5,0,5,2026-07-30T17:34:48.200613
56,11,6,5,0,5,2026-07-30T17:34:48.927846
56,11,7,5,0,5,2026-07-30T17:34:48.306749
56,11,8,5,0,5,2026-07-30T17:34:48.750601
56,11,9,5,0,5,2026-07-30T17:34:49.185818
56,11,10,5,0,5,2026-07-30T17:34:48.745248
56,12,1,5,0,5,2026-07-30T17:34:49.396118
56,12,2,5,0,5,2026-07-30T17:34:49.853091
56,12,3,5,0,5,2026-07-30T17:34:49.614637
56,12,4,5,0,5,2026-07-30T17:34:49.550889
56,12,5,5,0,5,2026-07-30T17:34:50.825906
56,12,6,5,0,5,2026-07-30T17:34:50.406059
56,12,7,5,0,5,2026-07-30T17:34:50.193972
56,12,8,5,0,5,2026-07-30T17:34:51.240234
56,12,9,5,0,5,2026-07-30T17:34:51.073576
56,12,10,5,0,5,2026-07-30T17:34:51.608917
56,13,1,5,0,5,2026-07-30T17:34:51.056760
56,13,2,5,0,5,2026-07-30T17:34:51.672163
56,13,3,5,0,5,2026-07-30T17:34:51.603723
56,13,4,5,0,5,2026-07-30T17:34:51.450946
56,13,5,5,0,5,2026-07-30T17:34:52.486511
56,13,6,5,0,5,2026-07-30T17:34:52.498775
56,13,7,5,0,5,2026-07-30T17:34:52.938267
56,13,8,5,0,5,2026-07-30T17:34:52.454464
56,13,9,5,0,5,2026-07-30T17:34:52.684322
56,13,10,5,0,5,2026-07-30T17:34:53.039215
56,14,1,5,0,5,2026-07-30T17:34:52.651922
56,14,2,5,0,5,2026-07-30T17:34:53.344635
56,14,3,5,0,5,2026-07-30T17:34:53.712601
56,14,4,5,0,5,2026-07-30T17:34:54.155014
56,14,5,5,0,5,2026-07-30T17:34:53.549635
56,14,6,5,0,5,2026-07-30T17:34:53.661779
56,14,7,5,0,5,2026-07-30T17:34:53.936589
56,14,8,5,0,5,2026-07-30T17:34:54.389242
56,14,9,5,0,5,2026-07-30T17:34:54.671788
56,14,10,5,0,5,2026-07-30T17:34:54.363521
56,15,1,5,0,5,2026-07-30T17:34:54.995973
56,15,2,5,0,5,2026-07-30T17:34:55.732178
56,15,3,5,0,5,2026-07-30T17:34:55.585783
56,15,4,5,0,5,2026-07-30T17:34:55.799825
56,15,5,5,0,5,2026-07-30T17:34:55.830926
56,15,6,5,0,5,2026-07-30T17:34:55.405640
56,15,7,5,0,5,2026-07-30T17:34:55.444434
56,15,8,5,0,5,2026-07-30T17:34:56.718960
56,15,9,5,0,5,2026-07-30T17:34:56.437936
56,15,10,5,0,5,2026-07-30T17:34:57.462594
56,16,1,5,0,5,2026-07-30T17:34:57.104013
56,16,2,5,0,5,2026-07-30T17:34:57.439049
56,16,3,5,0,5,2026-07-30T17:34:57.355975
56,16,4,5,0,5,2026-07-30T17:34:57.640632
56,16,5,5,0,5,2026-07-30T17:34:57.297485
56,16,6,5,0,5,2026-07-30T17:34:57.483308
56,16,7,5,0,5,2026-07-30T17:34:58.343495
56,16,8,5,0,5,2026-07-30T17:34:58.148746
56,16,9,5,0,5,2026-07-30T17:34:58.340559
56,16,10,5,0,5,2026-07-30T17:34:59.220427
56,17,1,5,0,5,2026-07-30T17:34:59.526480
56,17,2,5,0,5,2026-07-30T17:34:58.917590
56,17,3,5,0,5,2026-07-30T17:34:59.134150
56,17,4,5,0,5,2026-07-30T17:34:59.891953
56,17,5,5,0,5,2026-07-30T17:34:59.163477
56,17,6,5,0,5,2026-07-30T17:34:59.573173
56,17,7,5,0,5,2026-07-30T17:34:59.987819
56,17,8,5,0,5,2026-07-30T17:35:00.154568
56,17,9,5,0,5,2026-07-30T17:35:00.964266
56,17,10,5,0,5,2026-07-30T17:35:01.194742
56,18,1,0,0,0,2026-07-30T17:35:00.871649
56,18,2,5,0,5,2026-07-30T17:35:01.191755
56,18,3,5,0,5,2026-07-30T17:35:01.214356
56,18,4,5,0,5,2026-07-30T17:35:01.537552
56,18,5,3,0,3,2026-07-30T17:35:01.837847
56,18,6,3,0,3,2026-07-30T17:35:01.785842
56,18,7,5,0,5,2026-07-30T17:35:02.925889
56,18,8,3,0,3,2026-07-30T17:35:02.009919
56,18,9,3,0,3,2026-07-30T17:35:02.438592
56,18,10,3,0,3,2026-07-30T17:35:02.729032
56,19,1,5,0,5,2026-07-30T17:35:02.724136
56,19,2,5,0,5,2026-07-30T17:35:03.203303
56,19,3,5,0,5,2026-07-30T17:35:03.028508
56,19,4,5,0,5,2026-07-30T17:35:03.094905
56,19,5,5,0,5,2026-07-30T17:35:03.867435
56,19,6,5,0,5,2026-07-30T17:35:03.667788
56,19,7,5,0,5,2026-07-30T17:35:04.181620
56,19,8,5,0,5,2026-07-30T17:35:04.825604
56,19,9,5,0,5,2026-07-30T17:35:03.974375
56,19,10,5,0,5,2026-07-30T17:35:04.279293
56,20,1,5,0,5,2026-07-30T17:35:04.342928
56,20,2,4,0,4,2026-07-30T17:35:05.054927
56,20,3,5,0,5,2026-07-30T17:35:05.302653
56,20,4,5,0,5,2026-07-30T17:35:05.309544
56,20,5,5,0,5,2026-07-30T17:35:05.809607
56,20,6,5,0,5,2026-07-30T17:35:05.844735
56,20,7,5,0,5,2026-07-30T17:35:05.713342
56,20,8,5,0,5,2026-07-30T17:35:06.205540
56,20,9,5,0,5,2026-07-30T17:35:06.283475
56,20,10,5,0,5,2026-07-30T17:35:06.707221
56,21,1,5,0,5,2026-07-30T17:35:06.731919
56,21,2,5,0,5,2026-07-30T17:35:06.555421
56,21,3,5,0,5,2026-07-30T17:35:07.343794
56,21,4,5,0,5,2026-07-30T17:35:07.236928
56,21,5,5,0,5,2026-07-30T17:35:07.713611
56,21,6,5,0,5,2026-07-30T17:35:07.852280
56,21,7,5,0,5,2026-07-30T17:35:07.924646
56,21,8,5,0,5,2026-07-30T17:35:08.211958
56,21,9,5,0,5,2026-07-30T17:35:07.960892
56,21,10,5,0,5,2026-07-30T17:35:08.006170
56,22,1,5,0,5,2026-07-30T17:35:08.661940
56,22,2,5,0,5,2026-07-30T17:35:09.007143
56,22,3,5,0,5,2026-07-30T17:35:09.561560
56,22,4,5,0,5,2026-07-30T17:35:09.716085
56,22,5,5,0,5,2026-07-30T17:35:08.960627
56,22,6,5,0,5,2026-07-30T17:35:09.195122
56,22,7,5,0,5,2026-07-30T17:35:10.031542
56,22,8,5,0,5,2026-07-30T17:35:10.268464
56,22,9,5,0,5,2026-07-30T17:35:10.497220
56,22,10,5,0,5,2026-07-30T17:35:10.620256
56,23,1,5,0,5,2026-07-30T17:35:10.038806
56,23,2,5,0,5,2026-07-30T17:35:10.830016
56,23,3,5,0,5,2026-07-30T17:35:11.225206
56,23,4,5,0,5,2026-07-30T17:35:11.327376
56,23,5,5,0,5,2026-07-30T17:35:11.272396
56,23,6,5,0,5,2026-07-30T17:35:11.487964
56,23,7,5,0,5,2026-07-30T17:35:11.707526
56,23,8,5,0,5,2026-07-30T17:35:11.745822
56,23,9,5,0,5,2026-07-30T17:35:12.495066
56,23,10,5,0,5,2026-07-30T17:35:12.491736
56,24,1,5,0,5,2026-07-30T17:35:12.496443
56,24,2,5,0,5,2026-07-30T17:35:12.497996
56,24,3,3,0,3,2026-07-30T17:35:12.809626
56,24,4,3,0,3,2026-07-30T17:35:13.347805
56,24,5,3,0,3,2026-07-30T17:35:12.972598
56,24,6,3,0,3,2026-07-30T17:35:13.788193
56,24,7,3,0,3,2026-07-30T17:35:13.938882
56,24,8,5,0,5,2026-07-30T17:35:13.932796
56,24,9,5,0,5,2026-07-30T17:35:14.137454
56,24,10,5,0,5,2026-07-30T17:35:13.535970
56,25,1,0,0,0,2026-07-30T17:35:14.271804
56,25,2,0,0,0,2026-07-30T17:35:14.417634
56,25,3,0,0,0,2026-07-30T17:35:14.397633
56,25,4,0,0,0,2026-07-30T17:35:15.586585
56,25,5,0,0,0,2026-07-30T17:35:15.212297
56,25,6,0,0,0,2026-07-30T17:35:15.157685
56,25,7,0,0,0,2026-07-30T17:35:15.965929
56,25,8,0,0,0,2026-07-30T17:35:15.286810
56,25,9,0,0,0,2026-07-30T17:35:15.907595
56,25,10,0,0,0,2026-07-30T17:35:16.247602
56,26,1,5,0,5,2026-07-30T17:35:15.440022
56,26,2,5,0,5,2026-07-30T17:35:16.578763
56,26,3,5,0,5,2026-07-30T17:35:16.257367
56,26,4,5,0,5,2026-07-30T17:35:16.553145
56,26,5,5,0,5,2026-07-30T17:35:16.675685
56,26,6,5,0,5,2026-07-30T17:35:17.249381
56,26,7,5,0,5,2026-07-30T17:35:17.586776
56,26,8,5,0,5,2026-07-30T17:35:18.032025
56,26,9,5,0,5,2026-07-30T17:35:17.507026
56,26,10,5,0,5,2026-07-30T17:35:18.090352
56,27,1,5,0,5,2026-07-30T17:35:17.993686
56,27,2,5,0,5,2026-07-30T17:35:17.630423
56,27,3,5,0,5,2026-07-30T17:35:18.320218
56,27,4,5,0,5,2026-07-30T17:35:18.692724
56,27,5,5,0,5,2026-07-30T17:35:18.935090
56,27,6,5,0,5,2026-07-30T17:35:19.682082
56,27,7,5,0,5,2026-07-30T17:35:19.279069
56,27,8,5,0,5,2026-07-30T17:35:19.859517
56,27,9,5,0,5,2026-07-30T17:35:19.907393
56,27,10,5,0,5,2026-07-30T17:35:19.729779
56,28,1,5,0,5,2026-07-30T17:35:19.950928
56,28,2,5,0,5,2026-07-30T17:35:20.126197
56,28,3,5,0,5,2026-07-30T17:35:20.368638
56,28,4,5,0,5,2026-07-30T17:35:20.912432
56,28,5,5,0,5,2026-07-30T17:35:21.327345
56,28,6,-1,1,ERROR,2026-07-30T18:35:25.050893
56,28,7,-1,1,ERROR,2026-07-30T18:35:25.132403
56,28,8,-1,1,ERROR,2026-07-30T18:35:21.746886
56,28,9,-1,1,ERROR,2026-07-30T18:35:22.590860
56,28,10,-1,1,ERROR,2026-07-30T18:35:22.421963
56,29,1,-1,1,ERROR,2026-07-30T18:35:22.006187
56,29,2,-1,1,ERROR,2026-07-30T18:35:21.638097
56,29,3,-1,1,ERROR,2026-07-30T18:35:22.435138
56,29,4,-1,1,ERROR,2026-07-30T18:35:22.410198
56,29,5,-1,1,ERROR,2026-07-30T18:35:22.421932
56,29,6,-1,1,ERROR,2026-07-30T18:35:22.574811
56,29,7,-1,1,ERROR,2026-07-30T18:35:22.783061
56,29,8,-1,1,ERROR,2026-07-30T18:35:23.000633
56,29,9,-1,1,ERROR,2026-07-30T18:35:23.002042
56,29,10,-1,1,ERROR,2026-07-30T18:35:23.002094
56,30,1,-1,1,ERROR,2026-07-30T18:35:22.947862
56,30,2,-1,1,ERROR,2026-07-30T18:35:23.165311
56,30,3,-1,1,ERROR,2026-07-30T18:35:23.355859
56,30,4,-1,1,ERROR,2026-07-30T18:35:23.518799
56,30,5,-1,1,ERROR,2026-07-30T18:35:23.484695
56,30,6,-1,1,ERROR,2026-07-30T18:35:23.475396
56,30,7,-1,1,ERROR,2026-07-30T18:35:23.472461
56,30,8,-1,1,ERROR,2026-07-30T18:35:23.640641
56,30,9,-1,1,ERROR,2026-07-30T18:35:23.826010
56,30,10,-1,1,ERROR,2026-07-30T18:35:24.039423
57,1,1,-1,1,ERROR,2026-07-30T18:35:24.044042
57,1,2,-1,1,ERROR,2026-07-30T18:35:24.051074
57,1,3,-1,1,ERROR,2026-07-30T18:35:23.989249
57,1,4,-1,1,ERROR,2026-07-30T18:35:24.213011
57,1,5,-1,1,ERROR,2026-07-30T18:35:24.297331
57,1,6,-1,1,ERROR,2026-07-30T18:35:24.553418
57,1,7,-1,1,ERROR,2026-07-30T18:35:24.509391
57,1,8,-1,1,ERROR,2026-07-30T18:35:24.509421
57,1,9,-1,1,ERROR,2026-07-30T18:35:24.513818
57,1,10,-1,1,ERROR,2026-07-30T18:35:24.682082
57,2,1,-1,1,ERROR,2026-07-30T18:35:24.666443
57,2,2,-1,1,ERROR,2026-07-30T18:35:25.080948
57,2,3,-1,1,ERROR,2026-07-30T18:35:24.873863
57,2,4,-1,1,ERROR,2026-07-30T18:35:25.080924
57,2,5,-1,1,ERROR,2026-07-30T18:35:25.122129
57,2,6,-1,1,ERROR,2026-07-30T18:35:25.035741
57,2,7,-1,1,ERROR,2026-07-30T18:35:25.251327
57,2,8,-1,1,ERROR,2026-07-30T18:35:25.447115
57,2,9,-1,1,ERROR,2026-07-30T18:35:25.611348
57,2,10,-1,1,ERROR,2026-07-30T18:35:25.625117
57,3,1,-1,1,ERROR,2026-07-30T18:35:25.567605
57,3,2,-1,1,ERROR,2026-07-30T18:35:25.567646
57,3,3,-1,1,ERROR,2026-07-30T18:35:25.611383
57,3,4,-1,1,ERROR,2026-07-30T18:35:25.615068
57,3,5,-1,1,ERROR,2026-07-30T18:35:25.821213
57,3,6,-1,1,ERROR,2026-07-30T18:35:25.916560
57,3,7,-1,1,ERROR,2026-07-30T18:35:26.136861
57,3,8,-1,1,ERROR,2026-07-30T18:35:26.136890
57,3,9,-1,1,ERROR,2026-07-30T18:35:26.082253
57,3,10,-1,1,ERROR,2026-07-30T18:35:26.082541
57,4,1,-1,1,ERROR,2026-07-30T18:35:26.087470
57,4,2,-1,1,ERROR,2026-07-30T18:35:26.096816
57,4,3,-1,1,ERROR,2026-07-30T18:35:26.284503
57,4,4,-1,1,ERROR,2026-07-30T18:35:26.485805
57,4,5,-1,1,ERROR,2026-07-30T18:35:26.651793
57,4,6,-1,1,ERROR,2026-07-30T18:35:26.651764
57,4,7,-1,1,ERROR,2026-07-30T18:35:26.653152
57,4,8,-1,1,ERROR,2026-07-30T18:35:26.672102
57,4,9,-1,1,ERROR,2026-07-30T18:35:26.611576
57,4,10,-1,1,ERROR,2026-07-30T18:35:26.611549
57,5,1,-1,1,ERROR,2026-07-30T18:35:26.849648
57,5,2,-1,1,ERROR,2026-07-30T18:35:26.950187
57,5,3,-1,1,ERROR,2026-07-30T18:35:27.198170
57,5,4,-1,1,ERROR,2026-07-30T18:35:27.198132
57,5,5,-1,1,ERROR,2026-07-30T18:35:27.217727
57,5,6,-1,1,ERROR,2026-07-30T18:35:27.218395
57,5,7,-1,1,ERROR,2026-07-30T18:35:27.223384
57,5,8,-1,1,ERROR,2026-07-30T18:35:27.152294
57,5,9,-1,1,ERROR,2026-07-30T18:35:27.335762
57,5,10,-1,1,ERROR,2026-07-30T18:35:27.317057
57,6,1,-1,1,ERROR,2026-07-30T18:35:27.534853
57,6,2,-1,1,ERROR,2026-07-30T18:35:27.793935
57,6,3,-1,1,ERROR,2026-07-30T18:35:27.792258
57,6,4,-1,1,ERROR,2026-07-30T18:35:27.789714
57,6,5,-1,1,ERROR,2026-07-30T18:35:27.794632
57,6,6,-1,1,ERROR,2026-07-30T18:35:27.792301
57,6,7,-1,1,ERROR,2026-07-30T18:35:27.907262
57,6,8,-1,1,ERROR,2026-07-30T18:35:27.907240
57,6,9,-1,1,ERROR,2026-07-30T18:35:27.904035
57,6,10,-1,1,ERROR,2026-07-30T18:35:28.167712
57,7,1,-1,1,ERROR,2026-07-30T18:35:28.167681
57,7,2,-1,1,ERROR,2026-07-30T18:35:28.167782
57,7,3,-1,1,ERROR,2026-07-30T18:35:28.372004
57,7,4,-1,1,ERROR,2026-07-30T18:35:28.372050
57,7,5,-1,1,ERROR,2026-07-30T18:35:28.378579
57,7,6,-1,1,ERROR,2026-07-30T18:35:28.379111
57,7,7,-1,1,ERROR,2026-07-30T18:35:28.376923
57,7,8,-1,1,ERROR,2026-07-30T18:35:28.536348
57,7,9,-1,1,ERROR,2026-07-30T18:35:28.538204
57,7,10,-1,1,ERROR,2026-07-30T18:35:28.536570
57,8,1,-1,1,ERROR,2026-07-30T18:35:28.736129
57,8,2,-1,1,ERROR,2026-07-30T18:35:28.947717
57,8,3,-1,1,ERROR,2026-07-30T18:35:28.947680
57,8,4,-1,1,ERROR,2026-07-30T18:35:28.947736
57,8,5,-1,1,ERROR,2026-07-30T18:35:28.950484
57,8,6,-1,1,ERROR,2026-07-30T18:35:29.109086
57,8,7,-1,1,ERROR,2026-07-30T18:35:29.111685
57,8,8,-1,1,ERROR,2026-07-30T18:35:29.110625
57,8,9,-1,1,ERROR,2026-07-30T18:35:29.309527
57,8,10,-1,1,ERROR,2026-07-30T18:35:29.644916
57,9,1,-1,1,ERROR,2026-07-30T18:35:29.644899
57,9,2,-1,1,ERROR,2026-07-30T18:35:29.644870
57,9,3,-1,1,ERROR,2026-07-30T18:35:29.650363
57,9,4,-1,1,ERROR,2026-07-30T18:35:29.823134
57,9,5,-1,1,ERROR,2026-07-30T18:35:29.826992
57,9,6,-1,1,ERROR,2026-07-30T18:35:29.803865
57,9,7,-1,1,ERROR,2026-07-30T18:35:29.817369
57,9,8,-1,1,ERROR,2026-07-30T18:35:30.017961
57,9,9,-1,1,ERROR,2026-07-30T18:35:30.221558
57,9,10,-1,1,ERROR,2026-07-30T18:35:30.221589
57,10,1,-1,1,ERROR,2026-07-30T18:35:30.224395
57,10,2,-1,1,ERROR,2026-07-30T18:35:30.173157
57,10,3,-1,1,ERROR,2026-07-30T18:35:30.394315
57,10,4,-1,1,ERROR,2026-07-30T18:35:30.394343
57,10,5,-1,1,ERROR,2026-07-30T18:35:30.396067
57,10,6,-1,1,ERROR,2026-07-30T18:35:30.582891
57,10,7,-1,1,ERROR,2026-07-30T18:35:30.543741
57,10,8,-1,1,ERROR,2026-07-30T18:35:30.796408
57,10,9,-1,1,ERROR,2026-07-30T18:35:30.796440
57,10,10,-1,1,ERROR,2026-07-30T18:35:30.796364
57,11,1,-1,1,ERROR,2026-07-30T18:35:30.965681
57,11,2,-1,1,ERROR,2026-07-30T18:35:30.962255
57,11,3,-1,1,ERROR,2026-07-30T18:35:30.963912
57,11,4,-1,1,ERROR,2026-07-30T18:35:30.910473
57,11,5,-1,1,ERROR,2026-07-30T18:35:31.155007
57,11,6,-1,1,ERROR,2026-07-30T18:35:31.265752
57,11,7,-1,1,ERROR,2026-07-30T18:35:31.264035
57,11,8,-1,1,ERROR,2026-07-30T18:35:31.270562
57,11,9,-1,1,ERROR,2026-07-30T18:35:31.481495
57,11,10,-1,1,ERROR,2026-07-30T18:35:31.535454
57,12,1,-1,1,ERROR,2026-07-30T18:35:31.535472
57,12,2,-1,1,ERROR,2026-07-30T18:35:31.534328
57,12,3,-1,1,ERROR,2026-07-30T18:35:31.724197
57,12,4,-1,1,ERROR,2026-07-30T18:35:31.739333
57,12,5,-1,1,ERROR,2026-07-30T18:35:31.739128
57,12,6,-1,1,ERROR,2026-07-30T18:35:31.643627
57,12,7,-1,1,ERROR,2026-07-30T18:35:31.849025
57,12,8,-1,1,ERROR,2026-07-30T18:35:32.101431
57,12,9,-1,1,ERROR,2026-07-30T18:35:32.101394
57,12,10,-1,1,ERROR,2026-07-30T18:35:32.101446
57,13,1,-1,1,ERROR,2026-07-30T18:35:32.008339
57,13,2,-1,1,ERROR,2026-07-30T18:35:32.204743
57,13,3,-1,1,ERROR,2026-07-30T18:35:32.204518
57,13,4,-1,1,ERROR,2026-07-30T18:35:32.206632
57,13,5,-1,1,ERROR,2026-07-30T18:35:32.415312
57,13,6,-1,1,ERROR,2026-07-30T18:35:32.375715
57,13,7,-1,1,ERROR,2026-07-30T18:35:32.568537
57,13,8,-1,1,ERROR,2026-07-30T18:35:32.568555
57,13,9,-1,1,ERROR,2026-07-30T18:35:32.564254
57,13,10,-1,1,ERROR,2026-07-30T18:35:32.774142
57,14,1,-1,1,ERROR,2026-07-30T18:35:32.774093
57,14,2,-1,1,ERROR,2026-07-30T18:35:32.774121
57,14,3,-1,1,ERROR,2026-07-30T18:35:32.947869
57,14,4,-1,1,ERROR,2026-07-30T18:35:32.986297
57,14,5,-1,1,ERROR,2026-07-30T18:35:33.233708
57,14,6,-1,1,ERROR,2026-07-30T18:35:33.237889
57,14,7,-1,1,ERROR,2026-07-30T18:35:33.237911
57,14,8,-1,1,ERROR,2026-07-30T18:35:33.442613
57,14,9,-1,1,ERROR,2026-07-30T18:35:33.446572
57,14,10,-1,1,ERROR,2026-07-30T18:35:33.446546
57,15,1,-1,1,ERROR,2026-07-30T18:35:33.410758
57,15,2,-1,1,ERROR,2026-07-30T18:35:33.461307
57,15,3,-1,1,ERROR,2026-07-30T18:35:33.600021
57,15,4,-1,1,ERROR,2026-07-30T18:35:33.813051
57,15,5,-1,1,ERROR,2026-07-30T18:35:33.815143
57,15,6,-1,1,ERROR,2026-07-30T18:35:33.979888
57,15,7,-1,1,ERROR,2026-07-30T18:35:34.015135
57,15,8,-1,1,ERROR,2026-07-30T18:35:34.015317
57,15,9,-1,1,ERROR,2026-07-30T18:35:34.015163
57,15,10,-1,1,ERROR,2026-07-30T18:35:33.933622
57,16,1,-1,1,ERROR,2026-07-30T18:35:34.166884
57,16,2,-1,1,ERROR,2026-07-30T18:35:34.283357
57,16,3,-1,1,ERROR,2026-07-30T18:35:34.283387
57,16,4,-1,1,ERROR,2026-07-30T18:35:34.499177
57,16,5,-1,1,ERROR,2026-07-30T18:35:34.459321
57,16,6,-1,1,ERROR,2026-07-30T18:35:34.508160
57,16,7,-1,1,ERROR,2026-07-30T18:35:34.508192
57,16,8,-1,1,ERROR,2026-07-30T18:35:34.508255
57,16,9,-1,1,ERROR,2026-07-30T18:35:34.652507
57,16,10,-1,1,ERROR,2026-07-30T18:35:34.862690
57,17,1,-1,1,ERROR,2026-07-30T18:35:34.862722
57,17,2,-1,1,ERROR,2026-07-30T18:35:34.930640
57,17,3,-1,1,ERROR,2026-07-30T18:35:35.076870
57,17,4,-1,1,ERROR,2026-07-30T18:35:35.076930
57,17,5,-1,1,ERROR,2026-07-30T18:35:35.084161
57,17,6,-1,1,ERROR,2026-07-30T18:35:35.076903
57,17,7,-1,1,ERROR,2026-07-30T18:35:35.122762
57,17,8,-1,1,ERROR,2026-07-30T18:35:35.234602
57,17,9,-1,1,ERROR,2026-07-30T18:35:35.234572
57,17,10,-1,1,ERROR,2026-07-30T18:35:35.400102
57,18,1,-1,1,ERROR,2026-07-30T18:35:35.644437
57,18,2,-1,1,ERROR,2026-07-30T18:35:35.649003
57,18,3,-1,1,ERROR,2026-07-30T18:35:35.644465
57,18,4,-1,1,ERROR,2026-07-30T18:35:35.649042
57,18,5,-1,1,ERROR,2026-07-30T18:35:35.589486
57,18,6,-1,1,ERROR,2026-07-30T18:35:35.799754
57,18,7,-1,1,ERROR,2026-07-30T18:35:35.803627
57,18,8,-1,1,ERROR,2026-07-30T18:35:35.765599
57,18,9,-1,1,ERROR,2026-07-30T18:35:35.955944
57,18,10,-1,1,ERROR,2026-07-30T18:35:36.114642
57,19,1,-1,1,ERROR,2026-07-30T18:35:36.113527
57,19,2,-1,1,ERROR,2026-07-30T18:35:36.117509
57,19,3,-1,1,ERROR,2026-07-30T18:35:36.117594
57,19,4,-1,1,ERROR,2026-07-30T18:35:36.334155
57,19,5,-1,1,ERROR,2026-07-30T18:35:36.370956
57,19,6,-1,1,ERROR,2026-07-30T18:35:36.370926
57,19,7,-1,1,ERROR,2026-07-30T18:35:36.522257
57,19,8,-1,1,ERROR,2026-07-30T18:35:36.587729
57,19,9,-1,1,ERROR,2026-07-30T18:35:36.588945
57,19,10,-1,1,ERROR,2026-07-30T18:35:36.587798
57,20,1,-1,1,ERROR,2026-07-30T18:35:36.587857
57,20,2,-1,1,ERROR,2026-07-30T18:35:36.696220
57,20,3,-1,1,ERROR,2026-07-30T18:35:36.842904
57,20,4,-1,1,ERROR,2026-07-30T18:35:36.941430
57,20,5,-1,1,ERROR,2026-07-30T18:35:37.394863
57,20,6,-1,1,ERROR,2026-07-30T18:35:37.366260
57,20,7,-1,1,ERROR,2026-07-30T18:35:37.361525
57,20,8,-1,1,ERROR,2026-07-30T18:35:37.364680
57,20,9,-1,1,ERROR,2026-07-30T18:35:37.363614
57,20,10,-1,1,ERROR,2026-07-30T18:35:37.566261
57,21,1,-1,1,ERROR,2026-07-30T18:35:37.523944
57,21,2,-1,1,ERROR,2026-07-30T18:35:37.524073
57,21,3,-1,1,ERROR,2026-07-30T18:35:37.930136
57,21,4,-1,1,ERROR,2026-07-30T18:35:37.934125
57,21,5,-1,1,ERROR,2026-07-30T18:35:37.931335
57,21,6,-1,1,ERROR,2026-07-30T18:35:37.729313
57,21,7,-1,1,ERROR,2026-07-30T18:35:37.964643
57,21,8,-1,1,ERROR,2026-07-30T18:35:37.991361
57,21,9,-1,1,ERROR,2026-07-30T18:35:37.993330
57,21,10,-1,1,ERROR,2026-07-30T18:35:38.135556
57,22,1,-1,1,ERROR,2026-07-30T18:35:38.093503
57,22,2,-1,1,ERROR,2026-07-30T18:35:38.499142
57,22,3,-1,1,ERROR,2026-07-30T18:35:38.293656
57,22,4,-1,1,ERROR,2026-07-30T18:35:38.499105
57,22,5,-1,1,ERROR,2026-07-30T18:35:38.537212
57,22,6,-1,1,ERROR,2026-07-30T18:35:38.558398
57,22,7,-1,1,ERROR,2026-07-30T18:35:38.560447
57,22,8,-1,1,ERROR,2026-07-30T18:35:38.660563
57,22,9,-1,1,ERROR,2026-07-30T18:35:38.705288
57,22,10,-1,1,ERROR,2026-07-30T18:35:38.657236
57,23,1,-1,1,ERROR,2026-07-30T18:35:38.860718
57,23,2,-1,1,ERROR,2026-07-30T18:35:39.071918
57,23,3,-1,1,ERROR,2026-07-30T18:35:39.108659
57,23,4,-1,1,ERROR,2026-07-30T18:35:39.123532
57,23,5,-1,1,ERROR,2026-07-30T18:35:39.123554
57,23,6,-1,1,ERROR,2026-07-30T18:35:39.126617
57,23,7,-1,1,ERROR,2026-07-30T18:35:39.126599
57,23,8,-1,1,ERROR,2026-07-30T18:35:39.276699
57,23,9,-1,1,ERROR,2026-07-30T18:35:39.224568
57,23,10,-1,1,ERROR,2026-07-30T18:35:39.437803
57,24,1,-1,1,ERROR,2026-07-30T18:35:39.679253
57,24,2,-1,1,ERROR,2026-07-30T18:35:39.594063
57,24,3,-1,1,ERROR,2026-07-30T18:35:39.593945
57,24,4,-1,1,ERROR,2026-07-30T18:35:39.691153
57,24,5,-1,1,ERROR,2026-07-30T18:35:39.591590
57,24,6,-1,1,ERROR,2026-07-30T18:35:39.591521
57,24,7,-1,1,ERROR,2026-07-30T18:35:39.842692
57,24,8,-1,1,ERROR,2026-07-30T18:35:40.008130
57,24,9,-1,1,ERROR,2026-07-30T18:35:39.957714
57,24,10,-1,1,ERROR,2026-07-30T18:35:40.161391
57,25,1,-1,1,ERROR,2026-07-30T18:35:40.159654
57,25,2,-1,1,ERROR,2026-07-30T18:35:39.957749
57,25,3,-1,1,ERROR,2026-07-30T18:35:40.142123
57,25,4,-1,1,ERROR,2026-07-30T18:35:40.159503
57,25,5,-1,1,ERROR,2026-07-30T18:35:40.411159
57,25,6,-1,1,ERROR,2026-07-30T18:35:40.418675
57,25,7,-1,1,ERROR,2026-07-30T18:35:40.321197
57,25,8,-1,1,ERROR,2026-07-30T18:35:40.577178
57,25,9,-1,1,ERROR,2026-07-30T18:35:40.511778
57,25,10,-1,1,ERROR,2026-07-30T18:35:40.728756
57,26,1,-1,1,ERROR,2026-07-30T18:35:40.724915
57,26,2,-1,1,ERROR,2026-07-30T18:35:40.728735
57,26,3,-1,1,ERROR,2026-07-30T18:35:40.690459
57,26,4,-1,1,ERROR,2026-07-30T18:35:40.874245
57,26,5,-1,1,ERROR,2026-07-30T18:35:40.886925
57,26,6,-1,1,ERROR,2026-07-30T18:35:40.879181
57,26,7,-1,1,ERROR,2026-07-30T18:35:41.048273
57,26,8,-1,1,ERROR,2026-07-30T18:35:41.059263
57,26,9,-1,1,ERROR,2026-07-30T18:35:41.297965
57,26,10,-1,1,ERROR,2026-07-30T18:35:41.299580
57,27,1,-1,1,ERROR,2026-07-30T18:35:41.297993
57,27,2,-1,1,ERROR,2026-07-30T18:35:41.239666
57,27,3,-1,1,ERROR,2026-07-30T18:35:41.442798
57,27,4,-1,1,ERROR,2026-07-30T18:35:41.453204
57,27,5,-1,1,ERROR,2026-07-30T18:35:41.426315
57,27,6,-1,1,ERROR,2026-07-30T18:35:41.655231
57,27,7,-1,1,ERROR,2026-07-30T18:35:41.815197
57,27,8,-1,1,ERROR,2026-07-30T18:35:41.863997
57,27,9,-1,1,ERROR,2026-07-30T18:35:41.863956
57,27,10,-1,1,ERROR,2026-07-30T18:35:41.866042
57,28,1,-1,1,ERROR,2026-07-30T18:35:41.992115
57,28,2,-1,1,ERROR,2026-07-30T18:35:42.017309
57,28,3,-1,1,ERROR,2026-07-30T18:35:42.020243
57,28,4,-1,1,ERROR,2026-07-30T18:35:42.123957
57,28,5,-1,1,ERROR,2026-07-30T18:35:42.383486
57,28,6,-1,1,ERROR,2026-07-30T18:35:42.329199
57,28,7,-1,1,ERROR,2026-07-30T18:35:42.333706
57,28,8,-1,1,ERROR,2026-07-30T18:35:42.339529
57,28,9,-1,1,ERROR,2026-07-30T18:35:42.565052
57,28,10,-1,1,ERROR,2026-07-30T18:35:42.593817
57,29,1,-1,1,ERROR,2026-07-30T18:35:42.597991
57,29,2,-1,1,ERROR,2026-07-30T18:35:42.593784
57,29,3,-1,1,ERROR,2026-07-30T18:35:42.915254
57,29,4,-1,1,ERROR,2026-07-30T18:35:42.699059
57,29,5,-1,1,ERROR,2026-07-30T18:35:42.904808
57,29,6,-1,1,ERROR,2026-07-30T18:35:42.863562
57,29,7,-1,1,ERROR,2026-07-30T18:35:43.129090
57,29,8,-1,1,ERROR,2026-07-30T18:35:43.064018
57,29,9,-1,1,ERROR,2026-07-30T18:35:43.073696
57,29,10,-1,1,ERROR,2026-07-30T18:35:43.073720
57,30,1,-1,1,ERROR,2026-07-30T18:35:43.267543
57,30,2,-1,1,ERROR,2026-07-30T18:35:43.228425
57,30,3,-1,1,ERROR,2026-07-30T18:35:43.468722
57,30,4,-1,1,ERROR,2026-07-30T18:35:43.480912
57,30,5,-1,1,ERROR,2026-07-30T18:35:43.635586
57,30,6,-1,1,ERROR,2026-07-30T18:35:43.652212
57,30,7,-1,1,ERROR,2026-07-30T18:35:43.639133
57,30,8,-1,1,ERROR,2026-07-30T18:35:43.598501
57,30,9,-1,1,ERROR,2026-07-30T18:35:43.594218
57,30,10,-1,1,ERROR,2026-07-30T18:35:43.841884
58,1,1,-1,1,ERROR,2026-07-30T18:35:44.036808
58,1,2,-1,1,ERROR,2026-07-30T18:35:43.947831
58,1,3,-1,1,ERROR,2026-07-30T18:35:43.962749
58,1,4,-1,1,ERROR,2026-07-30T18:35:44.173551
58,1,5,-1,1,ERROR,2026-07-30T18:35:44.209975
58,1,6,-1,1,ERROR,2026-07-30T18:35:44.209951
58,1,7,-1,1,ERROR,2026-07-30T18:35:44.222606
58,1,8,-1,1,ERROR,2026-07-30T18:35:44.310985
58,1,9,-1,1,ERROR,2026-07-30T18:35:44.312484
58,1,10,-1,1,ERROR,2026-07-30T18:35:44.534528
58,2,1,-1,1,ERROR,2026-07-30T18:35:44.502776
58,2,2,-1,1,ERROR,2026-07-30T18:35:44.739881
58,2,3,-1,1,ERROR,2026-07-30T18:35:44.683026
58,2,4,-1,1,ERROR,2026-07-30T18:35:44.680950
58,2,5,-1,1,ERROR,2026-07-30T18:35:44.689792
58,2,6,-1,1,ERROR,2026-07-30T18:35:44.883199
58,2,7,-1,1,ERROR,2026-07-30T18:35:44.883170
58,2,8,-1,1,ERROR,2026-07-30T18:35:45.073015
58,2,9,-1,1,ERROR,2026-07-30T18:35:45.100681
58,2,10,-1,1,ERROR,2026-07-30T18:35:45.245387
58,3,1,-1,1,ERROR,2026-07-30T18:35:45.251132
58,3,2,-1,1,ERROR,2026-07-30T18:35:45.260546
58,3,3,-1,1,ERROR,2026-07-30T18:35:45.201489
58,3,4,-1,1,ERROR,2026-07-30T18:35:45.457623
58,3,5,-1,1,ERROR,2026-07-30T18:35:45.454911
58,3,6,-1,1,ERROR,2026-07-30T18:35:45.639884
58,3,7,-1,1,ERROR,2026-07-30T18:35:45.574665
58,3,8,-1,1,ERROR,2026-07-30T18:35:45.776736
58,3,9,-1,1,ERROR,2026-07-30T18:35:45.820054
58,3,10,-1,1,ERROR,2026-07-30T18:35:45.820084
58,4,1,-1,1,ERROR,2026-07-30T18:35:45.825592
58,4,2,-1,1,ERROR,2026-07-30T18:35:45.926707
58,4,3,-1,1,ERROR,2026-07-30T18:35:45.926430
58,4,4,-1,1,ERROR,2026-07-30T18:35:46.147303
58,4,5,-1,1,ERROR,2026-07-30T18:35:46.108807
58,4,6,-1,1,ERROR,2026-07-30T18:35:46.351273
58,4,7,-1,1,ERROR,2026-07-30T18:35:46.290122
58,4,8,-1,1,ERROR,2026-07-30T18:35:46.290160
58,4,9,-1,1,ERROR,2026-07-30T18:35:46.294199
58,4,10,-1,1,ERROR,2026-07-30T18:35:46.500014
58,5,1,-1,1,ERROR,2026-07-30T18:35:46.500050
58,5,2,-1,1,ERROR,2026-07-30T18:35:46.477846
58,5,3,-1,1,ERROR,2026-07-30T18:35:46.717996
58,5,4,-1,1,ERROR,2026-07-30T18:35:46.760995
58,5,5,-1,1,ERROR,2026-07-30T18:35:46.760902
58,5,6,-1,1,ERROR,2026-07-30T18:35:46.664306
58,5,7,-1,1,ERROR,2026-07-30T18:35:46.919619
58,5,8,-1,1,ERROR,2026-07-30T18:35:46.843949
58,5,9,-1,1,ERROR,2026-07-30T18:35:47.068223
58,5,10,-1,1,ERROR,2026-07-30T18:35:47.068195
58,6,1,-1,1,ERROR,2026-07-30T18:35:47.031943
58,6,2,-1,1,ERROR,2026-07-30T18:35:47.284918
58,6,3,-1,1,ERROR,2026-07-30T18:35:47.332706
58,6,4,-1,1,ERROR,2026-07-30T18:35:47.332679
58,6,5,-1,1,ERROR,2026-07-30T18:35:47.307428
58,6,6,-1,1,ERROR,2026-07-30T18:35:47.486089
58,6,7,-1,1,ERROR,2026-07-30T18:35:47.432095
58,6,8,-1,1,ERROR,2026-07-30T18:35:47.655264
58,6,9,-1,1,ERROR,2026-07-30T18:35:47.655329
58,6,10,-1,1,ERROR,2026-07-30T18:35:47.855293
58,7,1,-1,1,ERROR,2026-07-30T18:35:47.773965
58,7,2,-1,1,ERROR,2026-07-30T18:35:47.799500
58,7,3,-1,1,ERROR,2026-07-30T18:35:47.822830
58,7,4,-1,1,ERROR,2026-07-30T18:35:47.999952
58,7,5,-1,1,ERROR,2026-07-30T18:35:47.950009
58,7,6,-1,1,ERROR,2026-07-30T18:35:48.122076
58,7,7,-1,1,ERROR,2026-07-30T18:35:48.122049
58,7,8,-1,1,ERROR,2026-07-30T18:35:48.340150
58,7,9,-1,1,ERROR,2026-07-30T18:35:48.364875
58,7,10,-1,1,ERROR,2026-07-30T18:35:48.290749
58,8,1,-1,1,ERROR,2026-07-30T18:35:48.322798
58,8,2,-1,1,ERROR,2026-07-30T18:35:48.521466
58,8,3,-1,1,ERROR,2026-07-30T18:35:48.467029
58,8,4,-1,1,ERROR,2026-07-30T18:35:48.689133
58,8,5,-1,1,ERROR,2026-07-30T18:35:48.690311
58,8,6,-1,1,ERROR,2026-07-30T18:35:48.858028
58,8,7,-1,1,ERROR,2026-07-30T18:35:48.891310
58,8,8,-1,1,ERROR,2026-07-30T18:35:48.906659
58,8,9,-1,1,ERROR,2026-07-30T18:35:48.828493
58,8,10,-1,1,ERROR,2026-07-30T18:35:49.035920
58,9,1,-1,1,ERROR,2026-07-30T18:35:48.985947
58,9,2,-1,1,ERROR,2026-07-30T18:35:49.161056
58,9,3,-1,1,ERROR,2026-07-30T18:35:49.156620
58,9,4,-1,1,ERROR,2026-07-30T18:35:49.399166
58,9,5,-1,1,ERROR,2026-07-30T18:35:49.328278
58,9,6,-1,1,ERROR,2026-07-30T18:35:49.363006
58,9,7,-1,1,ERROR,2026-07-30T18:35:49.369988
58,9,8,-1,1,ERROR,2026-07-30T18:35:49.555858
58,9,9,-1,1,ERROR,2026-07-30T18:35:49.502902
58,9,10,-1,1,ERROR,2026-07-30T18:35:49.523019
58,10,1,-1,1,ERROR,2026-07-30T18:35:49.726153
58,10,2,-1,1,ERROR,2026-07-30T18:35:49.696369
58,10,3,-1,1,ERROR,2026-07-30T18:35:50.029583
58,10,4,-1,1,ERROR,2026-07-30T18:35:50.038553
58,10,5,-1,1,ERROR,2026-07-30T18:35:50.066095
58,10,6,-1,1,ERROR,2026-07-30T18:35:50.069676
58,10,7,-1,1,ERROR,2026-07-30T18:35:50.189314
58,10,8,-1,1,ERROR,2026-07-30T18:35:50.222789
58,10,9,-1,1,ERROR,2026-07-30T18:35:50.163813
58,10,10,-1,1,ERROR,2026-07-30T18:35:50.196152
58,11,1,-1,1,ERROR,2026-07-30T18:35:50.392426
58,11,2,-1,1,ERROR,2026-07-30T18:35:50.607306
58,11,3,-1,1,ERROR,2026-07-30T18:35:50.638225
58,11,4,-1,1,ERROR,2026-07-30T18:35:50.639893
58,11,5,-1,1,ERROR,2026-07-30T18:35:50.625384
58,11,6,-1,1,ERROR,2026-07-30T18:35:50.662522
58,11,7,-1,1,ERROR,2026-07-30T18:35:50.763590
58,11,8,-1,1,ERROR,2026-07-30T18:35:50.787438
58,11,9,-1,1,ERROR,2026-07-30T18:35:50.965912
58,11,10,-1,1,ERROR,2026-07-30T18:35:51.178327
58,12,1,-1,1,ERROR,2026-07-30T18:35:51.193983
58,12,2,-1,1,ERROR,2026-07-30T18:35:51.102701
58,12,3,-1,1,ERROR,2026-07-30T18:35:51.102679
58,12,4,-1,1,ERROR,2026-07-30T18:35:51.128415
58,12,5,-1,1,ERROR,2026-07-30T18:35:51.330723
58,12,6,-1,1,ERROR,2026-07-30T18:35:51.356514
58,12,7,-1,1,ERROR,2026-07-30T18:35:51.534662
58,12,8,-1,1,ERROR,2026-07-30T18:35:51.477842
58,12,9,-1,1,ERROR,2026-07-30T18:35:51.474936
58,12,10,-1,1,ERROR,2026-07-30T18:35:51.704284
58,13,1,-1,1,ERROR,2026-07-30T18:35:51.644859
58,13,2,-1,1,ERROR,2026-07-30T18:35:51.657699
58,13,3,-1,1,ERROR,2026-07-30T18:35:51.901013
58,13,4,-1,1,ERROR,2026-07-30T18:35:51.822314
58,13,5,-1,1,ERROR,2026-07-30T18:35:52.047530
58,13,6,-1,1,ERROR,2026-07-30T18:35:52.047502
58,13,7,-1,1,ERROR,2026-07-30T18:35:52.001081
58,13,8,-1,1,ERROR,2026-07-30T18:35:52.007341
58,13,9,-1,1,ERROR,2026-07-30T18:35:52.227172
58,13,10,-1,1,ERROR,2026-07-30T18:35:52.272988
58,14,1,-1,1,ERROR,2026-07-30T18:35:52.201918
58,14,2,-1,1,ERROR,2026-07-30T18:35:52.369967
58,14,3,-1,1,ERROR,2026-07-30T18:35:52.370439
58,14,4,-1,1,ERROR,2026-07-30T18:35:52.373922
58,14,5,-1,1,ERROR,2026-07-30T18:35:52.611999
58,14,6,-1,1,ERROR,2026-07-30T18:35:52.615653
58,14,7,-1,1,ERROR,2026-07-30T18:35:52.570058
58,14,8,-1,1,ERROR,2026-07-30T18:35:52.795941
58,14,9,-1,1,ERROR,2026-07-30T18:35:52.843804
58,14,10,-1,1,ERROR,2026-07-30T18:35:52.846982
58,15,1,-1,1,ERROR,2026-07-30T18:35:52.749007
58,15,2,-1,1,ERROR,2026-07-30T18:35:52.843876
58,15,3,-1,1,ERROR,2026-07-30T18:35:52.982423
58,15,4,-1,1,ERROR,2026-07-30T18:35:53.159350
58,15,5,-1,1,ERROR,2026-07-30T18:35:53.369606
58,15,6,-1,1,ERROR,2026-07-30T18:35:53.388903
58,15,7,-1,1,ERROR,2026-07-30T18:35:53.380182
58,15,8,-1,1,ERROR,2026-07-30T18:35:53.336716
58,15,9,-1,1,ERROR,2026-07-30T18:35:53.329083
58,15,10,-1,1,ERROR,2026-07-30T18:35:53.330378
58,16,1,-1,1,ERROR,2026-07-30T18:35:53.549080
58,16,2,-1,1,ERROR,2026-07-30T18:35:53.523876
58,16,3,-1,1,ERROR,2026-07-30T18:35:53.692533
58,16,4,-1,1,ERROR,2026-07-30T18:35:53.698813
58,16,5,-1,1,ERROR,2026-07-30T18:35:53.906288
58,16,6,-1,1,ERROR,2026-07-30T18:35:53.952135
58,16,7,-1,1,ERROR,2026-07-30T18:35:53.956912
58,16,8,-1,1,ERROR,2026-07-30T18:35:53.959367
58,16,9,-1,1,ERROR,2026-07-30T18:35:54.092155
58,16,10,-1,1,ERROR,2026-07-30T18:35:54.117943
58,17,1,-1,1,ERROR,2026-07-30T18:35:54.057918
58,17,2,-1,1,ERROR,2026-07-30T18:35:54.061623
58,17,3,-1,1,ERROR,2026-07-30T18:35:54.277583
58,17,4,-1,1,ERROR,2026-07-30T18:35:54.518345
58,17,5,-1,1,ERROR,2026-07-30T18:35:54.526717
58,17,6,-1,1,ERROR,2026-07-30T18:35:54.528770
58,17,7,-1,1,ERROR,2026-07-30T18:35:54.526687
58,17,8,-1,1,ERROR,2026-07-30T18:35:54.528743
58,17,9,-1,1,ERROR,2026-07-30T18:35:54.661061
58,17,10,-1,1,ERROR,2026-07-30T18:35:54.688183
58,18,1,-1,1,ERROR,2026-07-30T18:35:54.647297
58,18,2,-1,1,ERROR,2026-07-30T18:35:54.887815
58,18,3,-1,1,ERROR,2026-07-30T18:35:55.093442
58,18,4,-1,1,ERROR,2026-07-30T18:35:55.093476
58,18,5,-1,1,ERROR,2026-07-30T18:35:55.096779
58,18,6,-1,1,ERROR,2026-07-30T18:35:55.096719
58,18,7,-1,1,ERROR,2026-07-30T18:35:55.114878
58,18,8,-1,1,ERROR,2026-07-30T18:35:55.128880
58,18,9,-1,1,ERROR,2026-07-30T18:35:55.259793
58,18,10,-1,1,ERROR,2026-07-30T18:35:55.457176
58,19,1,-1,1,ERROR,2026-07-30T18:35:55.661790
58,19,2,-1,1,ERROR,2026-07-30T18:35:55.663550
58,19,3,-1,1,ERROR,2026-07-30T18:35:55.661767
58,19,4,-1,1,ERROR,2026-07-30T18:35:55.663572
58,19,5,-1,1,ERROR,2026-07-30T18:35:55.686070
58,19,6,-1,1,ERROR,2026-07-30T18:35:55.702425
58,19,7,-1,1,ERROR,2026-07-30T18:35:55.822098
58,19,8,-1,1,ERROR,2026-07-30T18:35:56.021987
58,19,9,-1,1,ERROR,2026-07-30T18:35:56.230240
58,19,10,-1,1,ERROR,2026-07-30T18:35:56.230414
58,20,1,-1,1,ERROR,2026-07-30T18:35:56.229095
58,20,2,-1,1,ERROR,2026-07-30T18:35:56.231571
58,20,3,-1,1,ERROR,2026-07-30T18:35:56.150815
58,20,4,-1,1,ERROR,2026-07-30T18:35:56.173147
58,20,5,-1,1,ERROR,2026-07-30T18:35:56.391219
58,20,6,-1,1,ERROR,2026-07-30T18:35:56.491431
58,20,7,-1,1,ERROR,2026-07-30T18:35:56.716638
58,20,8,-1,1,ERROR,2026-07-30T18:35:56.743896
58,20,9,-1,1,ERROR,2026-07-30T18:35:56.701594
58,20,10,-1,1,ERROR,2026-07-30T18:35:56.700005
58,21,1,-1,1,ERROR,2026-07-30T18:35:56.699970
58,21,2,-1,1,ERROR,2026-07-30T18:35:56.798483
58,21,3,-1,1,ERROR,2026-07-30T18:35:56.877292
58,21,4,-1,1,ERROR,2026-07-30T18:35:56.963187
58,21,5,-1,1,ERROR,2026-07-30T18:35:57.274278
58,21,6,-1,1,ERROR,2026-07-30T18:35:57.069672
58,21,7,-1,1,ERROR,2026-07-30T18:35:57.069863
58,21,8,-1,1,ERROR,2026-07-30T18:35:57.287856
58,21,9,-1,1,ERROR,2026-07-30T18:35:57.310283
58,21,10,-1,1,ERROR,2026-07-30T18:35:57.270827
58,22,1,-1,1,ERROR,2026-07-30T18:35:57.342575
58,22,2,-1,1,ERROR,2026-07-30T18:35:57.435101
58,22,3,-1,1,ERROR,2026-07-30T18:35:57.440580
58,22,4,-1,1,ERROR,2026-07-30T18:35:57.438069
58,22,5,-1,1,ERROR,2026-07-30T18:35:57.638149
58,22,6,-1,1,ERROR,2026-07-30T18:35:57.842605
58,22,7,-1,1,ERROR,2026-07-30T18:35:57.857214
58,22,8,-1,1,ERROR,2026-07-30T18:35:57.877327
58,22,9,-1,1,ERROR,2026-07-30T18:35:57.808892
58,22,10,-1,1,ERROR,2026-07-30T18:35:58.006574
58,23,1,-1,1,ERROR,2026-07-30T18:35:58.006602
58,23,2,-1,1,ERROR,2026-07-30T18:35:58.009413
58,23,3,-1,1,ERROR,2026-07-30T18:35:58.205184
58,23,4,-1,1,ERROR,2026-07-30T18:35:58.175379
58,23,5,-1,1,ERROR,2026-07-30T18:35:58.413592
58,23,6,-1,1,ERROR,2026-07-30T18:35:58.425980
58,23,7,-1,1,ERROR,2026-07-30T18:35:58.342065
58,23,8,-1,1,ERROR,2026-07-30T18:35:58.573082
58,23,9,-1,1,ERROR,2026-07-30T18:35:58.573386
58,23,10,-1,1,ERROR,2026-07-30T18:35:58.570423
58,24,1,-1,1,ERROR,2026-07-30T18:35:58.742768
58,24,2,-1,1,ERROR,2026-07-30T18:35:58.771615
58,24,3,-1,1,ERROR,2026-07-30T18:35:58.703855
58,24,4,-1,1,ERROR,2026-07-30T18:35:58.887903
58,24,5,-1,1,ERROR,2026-07-30T18:35:58.895325
58,24,6,-1,1,ERROR,2026-07-30T18:35:59.040298
58,24,7,-1,1,ERROR,2026-07-30T18:35:59.040333
58,24,8,-1,1,ERROR,2026-07-30T18:35:59.136490
58,24,9,-1,1,ERROR,2026-07-30T18:35:59.273640
58,24,10,-1,1,ERROR,2026-07-30T18:35:59.311113
58,25,1,-1,1,ERROR,2026-07-30T18:35:59.237480
58,25,2,-1,1,ERROR,2026-07-30T18:35:59.461549
58,25,3,-1,1,ERROR,2026-07-30T18:35:59.461579
58,25,4,-1,1,ERROR,2026-07-30T18:35:59.411693
58,25,5,-1,1,ERROR,2026-07-30T18:35:59.411719
58,25,6,-1,1,ERROR,2026-07-30T18:35:59.601321
58,25,7,-1,1,ERROR,2026-07-30T18:35:59.601293
58,25,8,-1,1,ERROR,2026-07-30T18:35:59.840399
58,25,9,-1,1,ERROR,2026-07-30T18:35:59.775960
58,25,10,-1,1,ERROR,2026-07-30T18:35:59.976943
58,26,1,-1,1,ERROR,2026-07-30T18:35:59.976971
58,26,2,-1,1,ERROR,2026-07-30T18:36:00.026255
58,26,3,-1,1,ERROR,2026-07-30T18:35:59.929028
58,26,4,-1,1,ERROR,2026-07-30T18:36:00.172452
58,26,5,-1,1,ERROR,2026-07-30T18:36:00.172423
58,26,6,-1,1,ERROR,2026-07-30T18:36:00.342509
58,26,7,-1,1,ERROR,2026-07-30T18:36:00.364442
58,26,8,-1,1,ERROR,2026-07-30T18:36:00.297892
58,26,9,-1,1,ERROR,2026-07-30T18:36:00.543962
58,26,10,-1,1,ERROR,2026-07-30T18:36:00.543993
58,27,1,-1,1,ERROR,2026-07-30T18:36:00.489051
58,27,2,-1,1,ERROR,2026-07-30T18:36:00.638116
58,27,3,-1,1,ERROR,2026-07-30T18:36:00.638075
58,27,4,-1,1,ERROR,2026-07-30T18:36:00.864488
58,27,5,-1,1,ERROR,2026-07-30T18:36:00.805191
58,27,6,-1,1,ERROR,2026-07-30T18:36:00.834181
58,27,7,-1,1,ERROR,2026-07-30T18:36:01.064608
58,27,8,-1,1,ERROR,2026-07-30T18:36:01.008684
58,27,9,-1,1,ERROR,2026-07-30T18:36:01.010505
58,27,10,-1,1,ERROR,2026-07-30T18:36:01.209837
58,28,1,-1,1,ERROR,2026-07-30T18:36:01.211959
58,28,2,-1,1,ERROR,2026-07-30T18:36:01.169614
58,28,3,-1,1,ERROR,2026-07-30T18:36:01.401751
58,28,4,-1,1,ERROR,2026-07-30T18:36:01.330189
58,28,5,-1,1,ERROR,2026-07-30T18:36:01.575539
58,28,6,-1,1,ERROR,2026-07-30T18:36:01.577219
58,28,7,-1,1,ERROR,2026-07-30T18:36:01.534468
58,28,8,-1,1,ERROR,2026-07-30T18:36:01.738673
58,28,9,-1,1,ERROR,2026-07-30T18:36:01.778776
58,28,10,-1,1,ERROR,2026-07-30T18:36:01.778746
58,29,1,-1,1,ERROR,2026-07-30T18:36:01.698759
58,29,2,-1,1,ERROR,2026-07-30T18:36:01.866577
58,29,3,-1,1,ERROR,2026-07-30T18:36:02.106470
58,29,4,-1,1,ERROR,2026-07-30T18:36:02.050253
58,29,5,-1,1,ERROR,2026-07-30T18:36:02.050223
58,29,6,-1,1,ERROR,2026-07-30T18:36:02.267772
58,29,7,-1,1,ERROR,2026-07-30T18:36:02.311309
58,29,8,-1,1,ERROR,2026-07-30T18:36:02.250054
58,29,9,-1,1,ERROR,2026-07-30T18:36:02.253008
58,29,10,-1,1,ERROR,2026-07-30T18:36:02.331862
58,30,1,-1,1,ERROR,2026-07-30T18:36:02.419205
58,30,2,-1,1,ERROR,2026-07-30T18:36:02.420158
58,30,3,-1,1,ERROR,2026-07-30T18:36:02.672867
58,30,4,-1,1,ERROR,2026-07-30T18:36:02.818964
58,30,5,-1,1,ERROR,2026-07-30T18:36:02.831036
58,30,6,-1,1,ERROR,2026-07-30T18:36:02.835434
58,30,7,-1,1,ERROR,2026-07-30T18:36:02.776223
58,30,8,-1,1,ERROR,2026-07-30T18:36:02.809611
58,30,9,-1,1,ERROR,2026-07-30T18:36:02.988112
58,30,10,-1,1,ERROR,2026-07-30T18:36:02.992618
59,1,1,-1,1,ERROR,2026-07-30T18:36:03.142615
59,1,2,-1,1,ERROR,2026-07-30T18:36:03.344880
59,1,3,-1,1,ERROR,2026-07-30T18:36:03.376953
59,1,4,-1,1,ERROR,2026-07-30T18:36:03.390524
59,1,5,-1,1,ERROR,2026-07-30T18:36:03.296687
59,1,6,-1,1,ERROR,2026-07-30T18:36:03.311237
59,1,7,-1,1,ERROR,2026-07-30T18:36:03.556718
59,1,8,-1,1,ERROR,2026-07-30T18:36:03.556811
59,1,9,-1,1,ERROR,2026-07-30T18:36:03.710944
59,1,10,-1,1,ERROR,2026-07-30T18:36:03.868426
59,2,1,-1,1,ERROR,2026-07-30T18:36:03.876137
59,2,2,-1,1,ERROR,2026-07-30T18:36:03.913546
59,2,3,-1,1,ERROR,2026-07-30T18:36:03.846875
59,2,4,-1,1,ERROR,2026-07-30T18:36:03.856571
59,2,5,-1,1,ERROR,2026-07-30T18:36:04.022835
59,2,6,-1,1,ERROR,2026-07-30T18:36:04.023923
59,2,7,-1,1,ERROR,2026-07-30T18:36:04.178832
59,2,8,-1,1,ERROR,2026-07-30T18:36:04.413832
59,2,9,-1,1,ERROR,2026-07-30T18:36:04.417445
59,2,10,-1,1,ERROR,2026-07-30T18:36:04.439227
59,3,1,-1,1,ERROR,2026-07-30T18:36:04.443898
59,3,2,-1,1,ERROR,2026-07-30T18:36:04.380932
59,3,3,-1,1,ERROR,2026-07-30T18:36:04.594343
59,3,4,-1,1,ERROR,2026-07-30T18:36:04.594370
59,3,5,-1,1,ERROR,2026-07-30T18:36:04.545911
59,3,6,-1,1,ERROR,2026-07-30T18:36:04.753851
59,3,7,-1,1,ERROR,2026-07-30T18:36:04.985489
59,3,8,-1,1,ERROR,2026-07-30T18:36:04.994790
59,3,9,-1,1,ERROR,2026-07-30T18:36:05.011133
59,3,10,-1,1,ERROR,2026-07-30T18:36:05.013195
59,4,1,-1,1,ERROR,2026-07-30T18:36:04.918262
59,4,2,-1,1,ERROR,2026-07-30T18:36:05.166380
59,4,3,-1,1,ERROR,2026-07-30T18:36:05.166346
59,4,4,-1,1,ERROR,2026-07-30T18:36:05.320252
59,4,5,-1,1,ERROR,2026-07-30T18:36:05.287339
59,4,6,-1,1,ERROR,2026-07-30T18:36:05.453844
59,4,7,-1,1,ERROR,2026-07-30T18:36:05.459446
59,4,8,-1,1,ERROR,2026-07-30T18:36:05.480234
59,4,9,-1,1,ERROR,2026-07-30T18:36:05.484618
59,4,10,-1,1,ERROR,2026-07-30T18:36:05.632121
59,5,1,-1,1,ERROR,2026-07-30T18:36:05.632148
59,5,2,-1,1,ERROR,2026-07-30T18:36:05.858189
59,5,3,-1,1,ERROR,2026-07-30T18:36:05.785872
59,5,4,-1,1,ERROR,2026-07-30T18:36:06.027107
59,5,5,-1,1,ERROR,2026-07-30T18:36:06.029119
59,5,6,-1,1,ERROR,2026-07-30T18:36:06.049092
59,5,7,-1,1,ERROR,2026-07-30T18:36:06.050200
59,5,8,-1,1,ERROR,2026-07-30T18:36:06.199188
59,5,9,-1,1,ERROR,2026-07-30T18:36:06.203863
59,5,10,-1,1,ERROR,2026-07-30T18:36:06.155381
59,6,1,-1,1,ERROR,2026-07-30T18:36:06.323128
59,6,2,-1,1,ERROR,2026-07-30T18:36:06.592607
59,6,3,-1,1,ERROR,2026-07-30T18:36:06.593709
59,6,4,-1,1,ERROR,2026-07-30T18:36:06.516427
59,6,5,-1,1,ERROR,2026-07-30T18:36:06.516463
59,6,6,-1,1,ERROR,2026-07-30T18:36:06.724140
59,6,7,-1,1,ERROR,2026-07-30T18:36:06.768654
59,6,8,-1,1,ERROR,2026-07-30T18:36:06.771714
59,6,9,-1,1,ERROR,2026-07-30T18:36:06.793625
59,6,10,-1,1,ERROR,2026-07-30T18:36:06.885997
59,7,1,-1,1,ERROR,2026-07-30T18:36:06.881263
59,7,2,-1,1,ERROR,2026-07-30T18:36:07.056922
59,7,3,-1,1,ERROR,2026-07-30T18:36:07.057221
59,7,4,-1,1,ERROR,2026-07-30T18:36:07.295761
59,7,5,-1,1,ERROR,2026-07-30T18:36:07.235389
59,7,6,-1,1,ERROR,2026-07-30T18:36:07.236151
59,7,7,-1,1,ERROR,2026-07-30T18:36:07.260860
59,7,8,-1,1,ERROR,2026-07-30T18:36:07.451058
59,7,9,-1,1,ERROR,2026-07-30T18:36:07.451082
59,7,10,-1,1,ERROR,2026-07-30T18:36:07.424189
59,8,1,-1,1,ERROR,2026-07-30T18:36:07.424039
59,8,2,-1,1,ERROR,2026-07-30T18:36:07.598358
59,8,3,-1,1,ERROR,2026-07-30T18:36:07.598381
59,8,4,-1,1,ERROR,2026-07-30T18:36:07.825954
59,8,5,-1,1,ERROR,2026-07-30T18:36:07.865871
59,8,6,-1,1,ERROR,2026-07-30T18:36:07.789280
59,8,7,-1,1,ERROR,2026-07-30T18:36:07.789304
59,8,8,-1,1,ERROR,2026-07-30T18:36:08.016597
59,8,9,-1,1,ERROR,2026-07-30T18:36:08.020720
59,8,10,-1,1,ERROR,2026-07-30T18:36:08.068296
59,9,1,-1,1,ERROR,2026-07-30T18:36:07.971367
59,9,2,-1,1,ERROR,2026-07-30T18:36:08.154116
59,9,3,-1,1,ERROR,2026-07-30T18:36:08.151932
59,9,4,-1,1,ERROR,2026-07-30T18:36:08.386740
59,9,5,-1,1,ERROR,2026-07-30T18:36:08.333887
59,9,6,-1,1,ERROR,2026-07-30T18:36:08.346787
59,9,7,-1,1,ERROR,2026-07-30T18:36:08.585521
59,9,8,-1,1,ERROR,2026-07-30T18:36:08.587417
59,9,9,-1,1,ERROR,2026-07-30T18:36:08.536291
59,9,10,-1,1,ERROR,2026-07-30T18:36:08.529667
59,10,1,-1,1,ERROR,2026-07-30T18:36:08.529604
59,10,2,-1,1,ERROR,2026-07-30T18:36:08.703928
59,10,3,-1,1,ERROR,2026-07-30T18:36:08.714073
59,10,4,-1,1,ERROR,2026-07-30T18:36:08.955242
59,10,5,-1,1,ERROR,2026-07-30T18:36:08.900006
59,10,6,-1,1,ERROR,2026-07-30T18:36:08.899980
59,10,7,-1,1,ERROR,2026-07-30T18:36:09.103016
59,10,8,-1,1,ERROR,2026-07-30T18:36:09.155755
59,10,9,-1,1,ERROR,2026-07-30T18:36:09.153532
59,10,10,-1,1,ERROR,2026-07-30T18:36:09.070287
59,11,1,-1,1,ERROR,2026-07-30T18:36:09.284403
59,11,2,-1,1,ERROR,2026-07-30T18:36:09.468006
59,11,3,-1,1,ERROR,2026-07-30T18:36:09.466729
59,11,4,-1,1,ERROR,2026-07-30T18:36:09.424082
59,11,5,-1,1,ERROR,2026-07-30T18:36:09.640105
59,11,6,-1,1,ERROR,2026-07-30T18:36:09.672371
59,11,7,-1,1,ERROR,2026-07-30T18:36:09.621867
59,11,8,-1,1,ERROR,2026-07-30T18:36:09.621841
59,11,9,-1,1,ERROR,2026-07-30T18:36:09.855702
59,11,10,-1,1,ERROR,2026-07-30T18:36:09.788192
59,12,1,-1,1,ERROR,2026-07-30T18:36:10.037451
59,12,2,-1,1,ERROR,2026-07-30T18:36:10.037479
59,12,3,-1,1,ERROR,2026-07-30T18:36:10.190817
59,12,4,-1,1,ERROR,2026-07-30T18:36:10.186424
59,12,5,-1,1,ERROR,2026-07-30T18:36:10.217311
59,12,6,-1,1,ERROR,2026-07-30T18:36:10.139288
59,12,7,-1,1,ERROR,2026-07-30T18:36:10.363415
59,12,8,-1,1,ERROR,2026-07-30T18:36:10.326101
59,12,9,-1,1,ERROR,2026-07-30T18:36:10.503485
59,12,10,-1,1,ERROR,2026-07-30T18:36:10.506824
59,13,1,-1,1,ERROR,2026-07-30T18:36:10.503453
59,13,2,-1,1,ERROR,2026-07-30T18:36:10.754078
59,13,3,-1,1,ERROR,2026-07-30T18:36:10.761700
59,13,4,-1,1,ERROR,2026-07-30T18:36:10.684613
59,13,5,-1,1,ERROR,2026-07-30T18:36:10.895221
59,13,6,-1,1,ERROR,2026-07-30T18:36:10.930488
59,13,7,-1,1,ERROR,2026-07-30T18:36:11.082004
59,13,8,-1,1,ERROR,2026-07-30T18:36:11.079808
59,13,9,-1,1,ERROR,2026-07-30T18:36:11.079834
59,13,10,-1,1,ERROR,2026-07-30T18:36:11.253992
59,14,1,-1,1,ERROR,2026-07-30T18:36:11.229283
59,14,2,-1,1,ERROR,2026-07-30T18:36:11.231272
59,14,3,-1,1,ERROR,2026-07-30T18:36:11.372254
59,14,4,-1,1,ERROR,2026-07-30T18:36:11.394959
59,14,5,-1,1,ERROR,2026-07-30T18:36:11.543133
59,14,6,-1,1,ERROR,2026-07-30T18:36:11.543104
59,14,7,-1,1,ERROR,2026-07-30T18:36:11.553039
59,14,8,-1,1,ERROR,2026-07-30T18:36:11.797387
59,14,9,-1,1,ERROR,2026-07-30T18:36:11.799508
59,14,10,-1,1,ERROR,2026-07-30T18:36:11.722786
59,15,1,-1,1,ERROR,2026-07-30T18:36:11.942409
59,15,2,-1,1,ERROR,2026-07-30T18:36:11.961483
59,15,3,-1,1,ERROR,2026-07-30T18:36:11.912250
59,15,4,-1,1,ERROR,2026-07-30T18:36:11.912221
59,15,5,-1,1,ERROR,2026-07-30T18:36:12.118270
59,15,6,-1,1,ERROR,2026-07-30T18:36:12.096516
59,15,7,-1,1,ERROR,2026-07-30T18:36:12.261502
59,15,8,-1,1,ERROR,2026-07-30T18:36:12.269268
59,15,9,-1,1,ERROR,2026-07-30T18:36:12.483972
59,15,10,-1,1,ERROR,2026-07-30T18:36:12.483942
59,16,1,-1,1,ERROR,2026-07-30T18:36:12.510097
59,16,2,-1,1,ERROR,2026-07-30T18:36:12.432340
59,16,3,-1,1,ERROR,2026-07-30T18:36:12.672091
59,16,4,-1,1,ERROR,2026-07-30T18:36:12.587112
59,16,5,-1,1,ERROR,2026-07-30T18:36:12.836254
59,16,6,-1,1,ERROR,2026-07-30T18:36:12.842271
59,16,7,-1,1,ERROR,2026-07-30T18:36:13.002460
59,16,8,-1,1,ERROR,2026-07-30T18:36:12.951448
59,16,9,-1,1,ERROR,2026-07-30T18:36:12.954004
59,16,10,-1,1,ERROR,2026-07-30T18:36:12.982014
59,17,1,-1,1,ERROR,2026-07-30T18:36:13.156866
59,17,2,-1,1,ERROR,2026-07-30T18:36:13.140539
59,17,3,-1,1,ERROR,2026-07-30T18:36:13.299878
59,17,4,-1,1,ERROR,2026-07-30T18:36:13.311416
59,17,5,-1,1,ERROR,2026-07-30T18:36:13.523446
59,17,6,-1,1,ERROR,2026-07-30T18:36:13.523424
59,17,7,-1,1,ERROR,2026-07-30T18:36:13.546279
59,17,8,-1,1,ERROR,2026-07-30T18:36:13.465662
59,17,9,-1,1,ERROR,2026-07-30T18:36:13.716033
59,17,10,-1,1,ERROR,2026-07-30T18:36:13.723591
59,18,1,-1,1,ERROR,2026-07-30T18:36:13.666645
59,18,2,-1,1,ERROR,2026-07-30T18:36:13.878389
59,18,3,-1,1,ERROR,2026-07-30T18:36:13.836582
59,18,4,-1,1,ERROR,2026-07-30T18:36:14.095667
59,18,5,-1,1,ERROR,2026-07-30T18:36:14.095694
59,18,6,-1,1,ERROR,2026-07-30T18:36:14.015986
59,18,7,-1,1,ERROR,2026-07-30T18:36:14.235866
59,18,8,-1,1,ERROR,2026-07-30T18:36:14.183736
59,18,9,-1,1,ERROR,2026-07-30T18:36:14.196759
59,18,10,-1,1,ERROR,2026-07-30T18:36:14.406280
59,19,1,-1,1,ERROR,2026-07-30T18:36:14.444187
59,19,2,-1,1,ERROR,2026-07-30T18:36:14.382908
59,19,3,-1,1,ERROR,2026-07-30T18:36:14.578584
59,19,4,-1,1,ERROR,2026-07-30T18:36:14.563556
59,19,5,-1,1,ERROR,2026-07-30T18:36:14.555689
59,19,6,-1,1,ERROR,2026-07-30T18:36:14.770132
59,19,7,-1,1,ERROR,2026-07-30T18:36:14.808523
59,19,8,-1,1,ERROR,2026-07-30T18:36:14.955288
59,19,9,-1,1,ERROR,2026-07-30T18:36:14.975462
59,19,10,-1,1,ERROR,2026-07-30T18:36:15.015677
59,20,1,-1,1,ERROR,2026-07-30T18:36:15.139495
59,20,2,-1,1,ERROR,2026-07-30T18:36:14.932377
59,20,3,-1,1,ERROR,2026-07-30T18:36:15.162656
59,20,4,-1,1,ERROR,2026-07-30T18:36:15.340794
59,20,5,-1,1,ERROR,2026-07-30T18:36:15.282249
59,20,6,-1,1,ERROR,2026-07-30T18:36:15.499971
59,20,7,-1,1,ERROR,2026-07-30T18:36:15.519888
59,20,8,-1,1,ERROR,2026-07-30T18:36:15.544382
59,20,9,-1,1,ERROR,2026-07-30T18:36:15.485790
59,20,10,-1,1,ERROR,2026-07-30T18:36:15.711886
59,21,1,-1,1,ERROR,2026-07-30T18:36:15.631840
59,21,2,-1,1,ERROR,2026-07-30T18:36:15.855803
59,21,3,-1,1,ERROR,2026-07-30T18:36:15.820762
59,21,4,-1,1,ERROR,2026-07-30T18:36:16.055735
59,21,5,-1,1,ERROR,2026-07-30T18:36:16.070525
59,21,6,-1,1,ERROR,2026-07-30T18:36:15.995223
59,21,7,-1,1,ERROR,2026-07-30T18:36:16.016945
59,21,8,-1,1,ERROR,2026-07-30T18:36:16.202586
59,21,9,-1,1,ERROR,2026-07-30T18:36:16.179805
59,21,10,-1,1,ERROR,2026-07-30T18:36:16.393238
59,22,1,-1,1,ERROR,2026-07-30T18:36:16.424068
59,22,2,-1,1,ERROR,2026-07-30T18:36:16.362126
59,22,3,-1,1,ERROR,2026-07-30T18:36:16.587614
59,22,4,-1,1,ERROR,2026-07-30T18:36:16.522384
59,22,5,-1,1,ERROR,2026-07-30T18:36:16.541153
59,22,6,-1,1,ERROR,2026-07-30T18:36:16.748768
59,22,7,-1,1,ERROR,2026-07-30T18:36:16.770997
59,22,8,-1,1,ERROR,2026-07-30T18:36:16.932761
59,22,9,-1,1,ERROR,2026-07-30T18:36:16.961937
59,22,10,-1,1,ERROR,2026-07-30T18:36:16.898864
59,23,1,-1,1,ERROR,2026-07-30T18:36:17.091413
59,23,2,-1,1,ERROR,2026-07-30T18:36:17.110856
59,23,3,-1,1,ERROR,2026-07-30T18:36:17.054718
59,23,4,-1,1,ERROR,2026-07-30T18:36:17.216267
59,23,5,-1,1,ERROR,2026-07-30T18:36:17.241151
59,23,6,-1,1,ERROR,2026-07-30T18:36:17.468547
59,23,7,-1,1,ERROR,2026-07-30T18:36:17.403616
59,23,8,-1,1,ERROR,2026-07-30T18:36:17.432713
59,23,9,-1,1,ERROR,2026-07-30T18:36:17.623449
59,23,10,-1,1,ERROR,2026-07-30T18:36:17.654925
59,24,1,-1,1,ERROR,2026-07-30T18:36:17.574438
59,24,2,-1,1,ERROR,2026-07-30T18:36:17.584961
59,24,3,-1,1,ERROR,2026-07-30T18:36:17.808626
59,24,4,-1,1,ERROR,2026-07-30T18:36:17.776117
59,24,5,-1,1,ERROR,2026-07-30T18:36:18.008527
59,24,6,-1,1,ERROR,2026-07-30T18:36:17.936459
59,24,7,-1,1,ERROR,2026-07-30T18:36:17.940721
59,24,8,-1,1,ERROR,2026-07-30T18:36:18.153652
59,24,9,-1,1,ERROR,2026-07-30T18:36:18.191224
59,24,10,-1,1,ERROR,2026-07-30T18:36:18.119705
59,25,1,-1,1,ERROR,2026-07-30T18:36:18.346176
59,25,2,-1,1,ERROR,2026-07-30T18:36:18.375927
59,25,3,-1,1,ERROR,2026-07-30T18:36:18.299512
59,25,4,-1,1,ERROR,2026-07-30T18:36:18.301838
59,25,5,-1,1,ERROR,2026-07-30T18:36:18.479362
59,25,6,-1,1,ERROR,2026-07-30T18:36:18.702682
59,25,7,-1,1,ERROR,2026-07-30T18:36:18.720412
59,25,8,-1,1,ERROR,2026-07-30T18:36:18.667742
59,25,9,-1,1,ERROR,2026-07-30T18:36:18.879462
59,25,10,-1,1,ERROR,2026-07-30T18:36:18.676540
59,26,1,-1,1,ERROR,2026-07-30T18:36:18.923713
59,26,2,-1,1,ERROR,2026-07-30T18:36:18.943704
59,26,3,-1,1,ERROR,2026-07-30T18:36:18.844505
59,26,4,-1,1,ERROR,2026-07-30T18:36:19.042489
59,26,5,-1,1,ERROR,2026-07-30T18:36:19.042449
59,26,6,-1,1,ERROR,2026-07-30T18:36:19.277401
59,26,7,-1,1,ERROR,2026-07-30T18:36:19.193679
59,26,8,-1,1,ERROR,2026-07-30T18:36:19.417273
59,26,9,-1,1,ERROR,2026-07-30T18:36:19.449553
59,26,10,-1,1,ERROR,2026-07-30T18:36:19.398196
59,27,1,-1,1,ERROR,2026-07-30T18:36:19.422858
59,27,2,-1,1,ERROR,2026-07-30T18:36:19.613407
59,27,3,-1,1,ERROR,2026-07-30T18:36:19.613380
59,27,4,-1,1,ERROR,2026-07-30T18:36:19.561274
59,27,5,-1,1,ERROR,2026-07-30T18:36:19.852761
59,27,6,-1,1,ERROR,2026-07-30T18:36:19.971000
59,27,7,-1,1,ERROR,2026-07-30T18:36:19.997575
59,27,8,-1,1,ERROR,2026-07-30T18:36:20.016688
59,27,9,-1,1,ERROR,2026-07-30T18:36:19.983911
59,27,10,-1,1,ERROR,2026-07-30T18:36:20.158255
59,28,1,-1,1,ERROR,2026-07-30T18:36:20.199283
59,28,2,-1,1,ERROR,2026-07-30T18:36:20.219817
59,28,3,-1,1,ERROR,2026-07-30T18:36:20.324202
59,28,4,-1,1,ERROR,2026-07-30T18:36:20.538053
59,28,5,-1,1,ERROR,2026-07-30T18:36:20.558974
59,28,6,-1,1,ERROR,2026-07-30T18:36:20.568791
59,28,7,-1,1,ERROR,2026-07-30T18:36:20.592711
59,28,8,-1,1,ERROR,2026-07-30T18:36:20.727669
59,28,9,-1,1,ERROR,2026-07-30T18:36:20.770603
59,28,10,-1,1,ERROR,2026-07-30T18:36:20.693166
59,29,1,-1,1,ERROR,2026-07-30T18:36:20.895572
59,29,2,-1,1,ERROR,2026-07-30T18:36:21.106979
59,29,3,-1,1,ERROR,2026-07-30T18:36:21.028015
59,29,4,-1,1,ERROR,2026-07-30T18:36:21.036586
59,29,5,-1,1,ERROR,2026-07-30T18:36:21.061452
59,29,6,-1,1,ERROR,2026-07-30T18:36:21.265230
59,29,7,-1,1,ERROR,2026-07-30T18:36:21.296763
59,29,8,-1,1,ERROR,2026-07-30T18:36:21.238148
59,29,9,-1,1,ERROR,2026-07-30T18:36:21.463574
59,29,10,-1,1,ERROR,2026-07-30T18:36:21.398681
59,30,1,-1,1,ERROR,2026-07-30T18:36:21.604562
59,30,2,-1,1,ERROR,2026-07-30T18:36:21.631461
59,30,3,-1,1,ERROR,2026-07-30T18:36:21.579128
59,30,4,-1,1,ERROR,2026-07-30T18:36:21.818551
59,30,5,-1,1,ERROR,2026-07-30T18:36:21.760891
59,30,6,-1,1,ERROR,2026-07-30T18:36:21.781140
59,30,7,-1,1,ERROR,2026-07-30T18:36:21.969489
59,30,8,-1,1,ERROR,2026-07-30T18:36:21.933239
59,30,9,-1,1,ERROR,2026-07-30T18:36:22.250955
59,30,10,-1,1,ERROR,2026-07-30T18:36:22.278610
60,1,1,-1,1,ERROR,2026-07-30T18:36:22.302226
60,1,2,-1,1,ERROR,2026-07-30T18:36:22.434463
60,1,3,-1,1,ERROR,2026-07-30T18:36:22.456727
60,1,4,-1,1,ERROR,2026-07-30T18:36:22.491425
60,1,5,-1,1,ERROR,2026-07-30T18:36:22.505064
60,1,6,-1,1,ERROR,2026-07-30T18:36:22.437793
60,1,7,-1,1,ERROR,2026-07-30T18:36:22.621325
60,1,8,-1,1,ERROR,2026-07-30T18:36:22.850183
60,1,9,-1,1,ERROR,2026-07-30T18:36:22.766766
60,1,10,-1,1,ERROR,2026-07-30T18:36:23.002579
60,2,1,-1,1,ERROR,2026-07-30T18:36:23.003015
60,2,2,-1,1,ERROR,2026-07-30T18:36:23.024018
60,2,3,-1,1,ERROR,2026-07-30T18:36:22.962375
60,2,4,-1,1,ERROR,2026-07-30T18:36:22.976342
60,2,5,-1,1,ERROR,2026-07-30T18:36:23.192720
60,2,6,-1,1,ERROR,2026-07-30T18:36:23.232489
60,2,7,-1,1,ERROR,2026-07-30T18:36:23.316364
60,2,8,-1,1,ERROR,2026-07-30T18:36:23.334771
60,2,9,-1,1,ERROR,2026-07-30T18:36:23.552051
60,2,10,-1,1,ERROR,2026-07-30T18:36:23.576762
60,3,1,-1,1,ERROR,2026-07-30T18:36:23.572755
60,3,2,-1,1,ERROR,2026-07-30T18:36:23.596987
60,3,3,-1,1,ERROR,2026-07-30T18:36:23.767399
60,3,4,-1,1,ERROR,2026-07-30T18:36:23.734713
60,3,5,-1,1,ERROR,2026-07-30T18:36:23.807793
60,3,6,-1,1,ERROR,2026-07-30T18:36:23.734754
60,3,7,-1,1,ERROR,2026-07-30T18:36:23.921624
60,3,8,-1,1,ERROR,2026-07-30T18:36:24.157528
60,3,9,-1,1,ERROR,2026-07-30T18:36:24.157450
60,3,10,-1,1,ERROR,2026-07-30T18:36:24.173637
60,4,1,-1,1,ERROR,2026-07-30T18:36:24.306867
60,4,2,-1,1,ERROR,2026-07-30T18:36:24.317602
60,4,3,-1,1,ERROR,2026-07-30T18:36:24.338373
60,4,4,-1,1,ERROR,2026-07-30T18:36:24.380339
60,4,5,-1,1,ERROR,2026-07-30T18:36:24.498970
60,4,6,-1,1,ERROR,2026-07-30T18:36:24.731520
60,4,7,-1,1,ERROR,2026-07-30T18:36:24.731545
60,4,8,-1,1,ERROR,2026-07-30T18:36:24.740907
60,4,9,-1,1,ERROR,2026-07-30T18:36:24.875188
60,4,10,-1,1,ERROR,2026-07-30T18:36:24.881756
60,5,1,-1,1,ERROR,2026-07-30T18:36:24.907737
60,5,2,-1,1,ERROR,2026-07-30T18:36:24.850956
60,5,3,-1,1,ERROR,2026-07-30T18:36:25.067801
60,5,4,-1,1,ERROR,2026-07-30T18:36:25.202251
60,5,5,-1,1,ERROR,2026-07-30T18:36:25.201143
60,5,6,-1,1,ERROR,2026-07-30T18:36:25.208410
60,5,7,-1,1,ERROR,2026-07-30T18:36:25.421214
60,5,8,-1,1,ERROR,2026-07-30T18:36:25.440126
60,5,9,-1,1,ERROR,2026-07-30T18:36:25.451965
60,5,10,-1,1,ERROR,2026-07-30T18:36:25.482599
60,6,1,-1,1,ERROR,2026-07-30T18:36:25.641250
60,6,2,-1,1,ERROR,2026-07-30T18:36:25.671024
60,6,3,-1,1,ERROR,2026-07-30T18:36:25.670995
60,6,4,-1,1,ERROR,2026-07-30T18:36:25.685854
60,6,5,-1,1,ERROR,2026-07-30T18:36:25.786911
60,6,6,-1,1,ERROR,2026-07-30T18:36:26.008281
60,6,7,-1,1,ERROR,2026-07-30T18:36:26.023566
60,6,8,-1,1,ERROR,2026-07-30T18:36:25.951867
60,6,9,-1,1,ERROR,2026-07-30T18:36:26.209992
60,6,10,-1,1,ERROR,2026-07-30T18:36:26.134384
60,7,1,-1,1,ERROR,2026-07-30T18:36:26.142440
60,7,2,-1,1,ERROR,2026-07-30T18:36:26.157117
60,7,3,-1,1,ERROR,2026-07-30T18:36:26.358399
60,7,4,-1,1,ERROR,2026-07-30T18:36:26.322056
60,7,5,-1,1,ERROR,2026-07-30T18:36:26.583652
60,7,6,-1,1,ERROR,2026-07-30T18:36:26.497649
60,7,7,-1,1,ERROR,2026-07-30T18:36:26.506071
60,7,8,-1,1,ERROR,2026-07-30T18:36:26.713787
60,7,9,-1,1,ERROR,2026-07-30T18:36:26.724494
60,7,10,-1,1,ERROR,2026-07-30T18:36:26.679785
60,8,1,-1,1,ERROR,2026-07-30T18:36:26.688452
60,8,2,-1,1,ERROR,2026-07-30T18:36:26.931007
60,8,3,-1,1,ERROR,2026-07-30T18:36:26.865485
60,8,4,-1,1,ERROR,2026-07-30T18:36:27.173822
60,8,5,-1,1,ERROR,2026-07-30T18:36:27.149704
60,8,6,-1,1,ERROR,2026-07-30T18:36:27.347387
60,8,7,-1,1,ERROR,2026-07-30T18:36:27.359206
60,8,8,-1,1,ERROR,2026-07-30T18:36:27.379905
60,8,9,-1,1,ERROR,2026-07-30T18:36:27.393576
60,8,10,-1,1,ERROR,2026-07-30T18:36:27.430295
60,9,1,-1,1,ERROR,2026-07-30T18:36:27.401968
60,9,2,-1,1,ERROR,2026-07-30T18:36:27.513526
60,9,3,-1,1,ERROR,2026-07-30T18:36:27.747233
60,9,4,-1,1,ERROR,2026-07-30T18:36:27.924922
60,9,5,-1,1,ERROR,2026-07-30T18:36:27.939278
60,9,6,-1,1,ERROR,2026-07-30T18:36:27.953024
60,9,7,-1,1,ERROR,2026-07-30T18:36:27.864047
60,9,8,-1,1,ERROR,2026-07-30T18:36:27.873633
60,9,9,-1,1,ERROR,2026-07-30T18:36:27.894349
60,9,10,-1,1,ERROR,2026-07-30T18:36:28.083154
60,10,1,-1,1,ERROR,2026-07-30T18:36:28.214840
60,10,2,-1,1,ERROR,2026-07-30T18:36:28.232646
60,10,3,-1,1,ERROR,2026-07-30T18:36:28.441952
60,10,4,-1,1,ERROR,2026-07-30T18:36:28.464193
60,10,5,-1,1,ERROR,2026-07-30T18:36:28.487575
60,10,6,-1,1,ERROR,2026-07-30T18:36:28.404812
60,10,7,-1,1,ERROR,2026-07-30T18:36:28.424101
60,10,8,-1,1,ERROR,2026-07-30T18:36:28.654190
60,10,9,-1,1,ERROR,2026-07-30T18:36:28.582295
60,10,10,-1,1,ERROR,2026-07-30T18:36:28.798695
60,11,1,-1,1,ERROR,2026-07-30T18:36:28.970784
60,11,2,-1,1,ERROR,2026-07-30T18:36:28.992068
60,11,3,-1,1,ERROR,2026-07-30T18:36:29.006897
60,11,4,-1,1,ERROR,2026-07-30T18:36:28.929197
60,11,5,-1,1,ERROR,2026-07-30T18:36:28.959249
60,11,6,-1,1,ERROR,2026-07-30T18:36:29.151881
60,11,7,-1,1,ERROR,2026-07-30T18:36:29.124813
60,11,8,-1,1,ERROR,2026-07-30T18:36:29.261881
60,11,9,-1,1,ERROR,2026-07-30T18:36:29.495522
60,11,10,-1,1,ERROR,2026-07-30T18:36:29.527023
60,12,1,-1,1,ERROR,2026-07-30T18:36:29.540949
60,12,2,-1,1,ERROR,2026-07-30T18:36:29.458771
60,12,3,-1,1,ERROR,2026-07-30T18:36:29.476397
60,12,4,-1,1,ERROR,2026-07-30T18:36:29.697480
60,12,5,-1,1,ERROR,2026-07-30T18:36:29.721025
60,12,6,-1,1,ERROR,2026-07-30T18:36:29.729141
60,12,7,-1,1,ERROR,2026-07-30T18:36:29.825330
60,12,8,-1,1,ERROR,2026-07-30T18:36:30.043832
60,12,9,-1,1,ERROR,2026-07-30T18:36:30.062721
60,12,10,-1,1,ERROR,2026-07-30T18:36:29.991058
60,13,1,-1,1,ERROR,2026-07-30T18:36:30.008540
60,13,2,-1,1,ERROR,2026-07-30T18:36:30.162978
60,13,3,-1,1,ERROR,2026-07-30T18:36:30.191308
60,13,4,-1,1,ERROR,2026-07-30T18:36:30.198005
60,13,5,-1,1,ERROR,2026-07-30T18:36:30.394559
60,13,6,-1,1,ERROR,2026-07-30T18:36:30.357609
60,13,7,-1,1,ERROR,2026-07-30T18:36:30.580042
60,13,8,-1,1,ERROR,2026-07-30T18:36:30.611825
60,13,9,-1,1,ERROR,2026-07-30T18:36:30.530931
60,13,10,-1,1,ERROR,2026-07-30T18:36:30.529608
60,14,1,-1,1,ERROR,2026-07-30T18:36:30.763336
60,14,2,-1,1,ERROR,2026-07-30T18:36:30.780965
60,14,3,-1,1,ERROR,2026-07-30T18:36:30.928837
60,14,4,-1,1,ERROR,2026-07-30T18:36:30.964643
60,14,5,-1,1,ERROR,2026-07-30T18:36:31.098964
60,14,6,-1,1,ERROR,2026-07-30T18:36:31.098934
60,14,7,-1,1,ERROR,2026-07-30T18:36:31.147794
60,14,8,-1,1,ERROR,2026-07-30T18:36:31.080975
60,14,9,-1,1,ERROR,2026-07-30T18:36:31.231472
60,14,10,-1,1,ERROR,2026-07-30T18:36:31.247815
60,15,1,-1,1,ERROR,2026-07-30T18:36:31.393726
60,15,2,-1,1,ERROR,2026-07-30T18:36:31.432401
60,15,3,-1,1,ERROR,2026-07-30T18:36:31.653621
60,15,4,-1,1,ERROR,2026-07-30T18:36:31.671120
60,15,5,-1,1,ERROR,2026-07-30T18:36:31.588057
60,15,6,-1,1,ERROR,2026-07-30T18:36:31.614740
60,15,7,-1,1,ERROR,2026-07-30T18:36:31.798842
60,15,8,-1,1,ERROR,2026-07-30T18:36:31.816861
60,15,9,-1,1,ERROR,2026-07-30T18:36:31.763327
60,15,10,-1,1,ERROR,2026-07-30T18:36:31.999567
60,16,1,-1,1,ERROR,2026-07-30T18:36:31.962289
60,16,2,-1,1,ERROR,2026-07-30T18:36:32.183728
60,16,3,-1,1,ERROR,2026-07-30T18:36:32.225563
60,16,4,-1,1,ERROR,2026-07-30T18:36:32.145985
60,16,5,-1,1,ERROR,2026-07-30T18:36:32.131463
60,16,6,-1,1,ERROR,2026-07-30T18:36:32.368470
60,16,7,-1,1,ERROR,2026-07-30T18:36:32.382370
60,16,8,-1,1,ERROR,2026-07-30T18:36:32.325949
60,16,9,-1,1,ERROR,2026-07-30T18:36:32.570326
60,16,10,-1,1,ERROR,2026-07-30T18:36:32.501619
60,17,1,-1,1,ERROR,2026-07-30T18:36:32.717938
60,17,2,-1,1,ERROR,2026-07-30T18:36:32.754305
60,17,3,-1,1,ERROR,2026-07-30T18:36:32.694681
60,17,4,-1,1,ERROR,2026-07-30T18:36:32.895611
60,17,5,-1,1,ERROR,2026-07-30T18:36:32.837539
60,17,6,-1,1,ERROR,2026-07-30T18:36:32.843922
60,17,7,-1,1,ERROR,2026-07-30T18:36:33.073232
60,17,8,-1,1,ERROR,2026-07-30T18:36:33.042461
60,17,9,-1,1,ERROR,2026-07-30T18:36:33.261319
60,17,10,-1,1,ERROR,2026-07-30T18:36:33.192139
60,18,1,-1,1,ERROR,2026-07-30T18:36:33.222100
60,18,2,-1,1,ERROR,2026-07-30T18:36:33.423136
60,18,3,-1,1,ERROR,2026-07-30T18:36:33.416837
60,18,4,-1,1,ERROR,2026-07-30T18:36:33.361381
60,18,5,-1,1,ERROR,2026-07-30T18:36:33.611177
60,18,6,-1,1,ERROR,2026-07-30T18:36:33.539710
60,18,7,-1,1,ERROR,2026-07-30T18:36:33.764662
60,18,8,-1,1,ERROR,2026-07-30T18:36:33.792075
60,18,9,-1,1,ERROR,2026-07-30T18:36:33.727196
60,18,10,-1,1,ERROR,2026-07-30T18:36:33.928405
60,19,1,-1,1,ERROR,2026-07-30T18:36:33.987927
60,19,2,-1,1,ERROR,2026-07-30T18:36:33.892549
60,19,3,-1,1,ERROR,2026-07-30T18:36:33.900247
60,19,4,-1,1,ERROR,2026-07-30T18:36:34.079364
60,19,5,-1,1,ERROR,2026-07-30T18:36:34.090255
60,19,6,-1,1,ERROR,2026-07-30T18:36:34.333445
60,19,7,-1,1,ERROR,2026-07-30T18:36:34.260758
60,19,8,-1,1,ERROR,2026-07-30T18:36:34.260982
60,19,9,-1,1,ERROR,2026-07-30T18:36:34.469659
60,19,10,-1,1,ERROR,2026-07-30T18:36:34.496552
60,20,1,-1,1,ERROR,2026-07-30T18:36:34.464276
60,20,2,-1,1,ERROR,2026-07-30T18:36:34.657772
60,20,3,-1,1,ERROR,2026-07-30T18:36:34.657744
60,20,4,-1,1,ERROR,2026-07-30T18:36:34.626444
60,20,5,-1,1,ERROR,2026-07-30T18:36:34.838807
60,20,6,-1,1,ERROR,2026-07-30T18:36:34.800098
60,20,7,-1,1,ERROR,2026-07-30T18:36:35.040956
60,20,8,-1,1,ERROR,2026-07-30T18:36:35.040934
60,20,9,-1,1,ERROR,2026-07-30T18:36:35.075085
60,20,10,-1,1,ERROR,2026-07-30T18:36:35.204785
60,21,1,-1,1,ERROR,2026-07-30T18:36:35.229328
60,21,2,-1,1,ERROR,2026-07-30T18:36:35.229301
60,21,3,-1,1,ERROR,2026-07-30T18:36:35.176132
60,21,4,-1,1,ERROR,2026-07-30T18:36:35.409301
60,21,5,-1,1,ERROR,2026-07-30T18:36:35.608709
60,21,6,-1,1,ERROR,2026-07-30T18:36:35.517463
60,21,7,-1,1,ERROR,2026-07-30T18:36:35.543918
60,21,8,-1,1,ERROR,2026-07-30T18:36:35.742980
60,21,9,-1,1,ERROR,2026-07-30T18:36:35.775859
60,21,10,-1,1,ERROR,2026-07-30T18:36:35.704686
60,22,1,-1,1,ERROR,2026-07-30T18:36:35.704711
60,22,2,-1,1,ERROR,2026-07-30T18:36:35.876424
60,22,3,-1,1,ERROR,2026-07-30T18:36:35.895385
60,22,4,-1,1,ERROR,2026-07-30T18:36:36.112400
60,22,5,-1,1,ERROR,2026-07-30T18:36:36.080219
60,22,6,-1,1,ERROR,2026-07-30T18:36:36.281734
60,22,7,-1,1,ERROR,2026-07-30T18:36:36.274125
60,22,8,-1,1,ERROR,2026-07-30T18:36:36.320764
60,22,9,-1,1,ERROR,2026-07-30T18:36:36.343076
60,22,10,-1,1,ERROR,2026-07-30T18:36:36.343101
60,23,1,-1,1,ERROR,2026-07-30T18:36:36.465028
60,23,2,-1,1,ERROR,2026-07-30T18:36:36.667202
60,23,3,-1,1,ERROR,2026-07-30T18:36:36.682714
60,23,4,-1,1,ERROR,2026-07-30T18:36:36.843123
60,23,5,-1,1,ERROR,2026-07-30T18:36:36.860177
60,23,6,-1,1,ERROR,2026-07-30T18:36:36.889189
60,23,7,-1,1,ERROR,2026-07-30T18:36:36.819368
60,23,8,-1,1,ERROR,2026-07-30T18:36:36.808158
60,23,9,-1,1,ERROR,2026-07-30T18:36:37.035616
60,23,10,-1,1,ERROR,2026-07-30T18:36:37.235896
60,24,1,-1,1,ERROR,2026-07-30T18:36:37.149212
60,24,2,-1,1,ERROR,2026-07-30T18:36:37.380402
60,24,3,-1,1,ERROR,2026-07-30T18:36:37.395053
60,24,4,-1,1,ERROR,2026-07-30T18:36:37.410944
60,24,5,-1,1,ERROR,2026-07-30T18:36:37.335484
60,24,6,-1,1,ERROR,2026-07-30T18:36:37.351873
60,24,7,-1,1,ERROR,2026-07-30T18:36:37.502026
60,24,8,-1,1,ERROR,2026-07-30T18:36:37.519159
60,24,9,-1,1,ERROR,2026-07-30T18:36:37.702524
60,24,10,-1,1,ERROR,2026-07-30T18:36:37.698510
60,25,1,-1,1,ERROR,2026-07-30T18:36:37.919029
60,25,2,-1,1,ERROR,2026-07-30T18:36:37.949721
60,25,3,-1,1,ERROR,2026-07-30T18:36:37.964692
60,25,4,-1,1,ERROR,2026-07-30T18:36:37.879211
60,25,5,-1,1,ERROR,2026-07-30T18:36:37.972403
60,25,6,-1,1,ERROR,2026-07-30T18:36:38.089303
60,25,7,-1,1,ERROR,2026-07-30T18:36:38.065721
60,25,8,-1,1,ERROR,2026-07-30T18:36:38.066749
60,25,9,-1,1,ERROR,2026-07-30T18:36:38.247246
60,25,10,-1,1,ERROR,2026-07-30T18:36:38.488927
60,26,1,-1,1,ERROR,2026-07-30T18:36:38.521309
60,26,2,-1,1,ERROR,2026-07-30T18:36:38.429535
60,26,3,-1,1,ERROR,2026-07-30T18:36:38.433558
60,26,4,-1,1,ERROR,2026-07-30T18:36:38.639227
60,26,5,-1,1,ERROR,2026-07-30T18:36:38.634925
60,26,6,-1,1,ERROR,2026-07-30T18:36:38.659132
60,26,7,-1,1,ERROR,2026-07-30T18:36:38.615715
60,26,8,-1,1,ERROR,2026-07-30T18:36:38.800602
60,26,9,-1,1,ERROR,2026-07-30T18:36:38.804912
60,26,10,-1,1,ERROR,2026-07-30T18:36:39.055122
60,27,1,-1,1,ERROR,2026-07-30T18:36:38.992639
60,27,2,-1,1,ERROR,2026-07-30T18:36:39.193129
60,27,3,-1,1,ERROR,2026-07-30T18:36:39.204415
60,27,4,-1,1,ERROR,2026-07-30T18:36:39.204455
60,27,5,-1,1,ERROR,2026-07-30T18:36:39.234039
60,27,6,-1,1,ERROR,2026-07-30T18:36:39.379181
60,27,7,-1,1,ERROR,2026-07-30T18:36:39.372691
60,27,8,-1,1,ERROR,2026-07-30T18:36:39.359236
60,27,9,-1,1,ERROR,2026-07-30T18:36:39.669243
60,27,10,-1,1,ERROR,2026-07-30T18:36:39.870273
60,28,1,-1,1,ERROR,2026-07-30T18:36:39.870257
60,28,2,-1,1,ERROR,2026-07-30T18:36:39.870228
60,28,3,-1,1,ERROR,2026-07-30T18:36:39.870182
60,28,4,-1,1,ERROR,2026-07-30T18:36:40.072265
60,28,5,-1,1,ERROR,2026-07-30T18:36:40.073143
60,28,6,-1,1,ERROR,2026-07-30T18:36:40.072337
60,28,7,-1,1,ERROR,2026-07-30T18:36:40.141912
60,28,8,-1,1,ERROR,2026-07-30T18:36:40.339751
60,28,9,-1,1,ERROR,2026-07-30T18:36:40.339799
60,28,10,-1,1,ERROR,2026-07-30T18:36:40.342271
60,29,1,-1,1,ERROR,2026-07-30T18:36:40.339781
60,29,2,-1,1,ERROR,2026-07-30T18:36:40.447669
60,29,3,-1,1,ERROR,2026-07-30T18:36:40.439960
60,29,4,-1,1,ERROR,2026-07-30T18:36:40.450466
60,29,5,-1,1,ERROR,2026-07-30T18:36:40.613843
60,29,6,-1,1,ERROR,2026-07-30T18:36:40.806615
60,29,7,-1,1,ERROR,2026-07-30T18:36:40.810238
60,29,8,-1,1,ERROR,2026-07-30T18:36:40.809551
60,29,9,-1,1,ERROR,2026-07-30T18:36:40.808679
60,29,10,-1,1,ERROR,2026-07-30T18:36:40.904510
60,30,1,-1,1,ERROR,2026-07-30T18:36:41.018629
60,30,2,-1,1,ERROR,2026-07-30T18:36:41.021783
60,30,3,-1,1,ERROR,2026-07-30T18:36:41.081069
60,30,4,-1,1,ERROR,2026-07-30T18:36:41.273047
60,30,5,-1,1,ERROR,2026-07-30T18:36:41.176495
60,30,6,-1,1,ERROR,2026-07-30T18:36:41.175802
60,30,7,-1,1,ERROR,2026-07-30T18:36:41.175442
60,30,8,-1,1,ERROR,2026-07-30T18:36:41.371124
60,30,9,-1,1,ERROR,2026-07-30T18:36:41.588962
60,30,10,-1,1,ERROR,2026-07-30T18:36:41.588984
61,1,1,-1,1,ERROR,2026-07-30T18:36:41.542536
61,1,2,-1,1,ERROR,2026-07-30T18:36:41.743150
61,1,3,-1,1,ERROR,2026-07-30T18:36:41.743173
61,1,4,-1,1,ERROR,2026-07-30T18:36:41.761019
61,1,5,-1,1,ERROR,2026-07-30T18:36:41.740082
61,1,6,-1,1,ERROR,2026-07-30T18:36:41.940638
61,1,7,-1,1,ERROR,2026-07-30T18:36:42.108995
61,1,8,-1,1,ERROR,2026-07-30T18:36:42.060121
61,1,9,-1,1,ERROR,2026-07-30T18:36:42.060095
61,1,10,-1,1,ERROR,2026-07-30T18:36:42.311093
61,2,1,-1,1,ERROR,2026-07-30T18:36:42.319850
61,2,2,-1,1,ERROR,2026-07-30T18:36:42.319880
61,2,3,-1,1,ERROR,2026-07-30T18:36:42.331629
61,2,4,-1,1,ERROR,2026-07-30T18:36:42.512318
61,2,5,-1,1,ERROR,2026-07-30T18:36:42.426616
61,2,6,-1,1,ERROR,2026-07-30T18:36:42.426644
61,2,7,-1,1,ERROR,2026-07-30T18:36:42.676777
61,2,8,-1,1,ERROR,2026-07-30T18:36:42.878713
61,2,9,-1,1,ERROR,2026-07-30T18:36:42.886084
61,2,10,-1,1,ERROR,2026-07-30T18:36:42.788815
61,3,1,-1,1,ERROR,2026-07-30T18:36:42.798133
61,3,2,-1,1,ERROR,2026-07-30T18:36:42.997888
61,3,3,-1,1,ERROR,2026-07-30T18:36:42.997932
61,3,4,-1,1,ERROR,2026-07-30T18:36:42.983122
61,3,5,-1,1,ERROR,2026-07-30T18:36:43.245550
61,3,6,-1,1,ERROR,2026-07-30T18:36:43.158055
61,3,7,-1,1,ERROR,2026-07-30T18:36:43.162475
61,3,8,-1,1,ERROR,2026-07-30T18:36:43.346306
61,3,9,-1,1,ERROR,2026-07-30T18:36:43.354105
61,3,10,-1,1,ERROR,2026-07-30T18:36:43.350501
61,4,1,-1,1,ERROR,2026-07-30T18:36:43.566435
61,4,2,-1,1,ERROR,2026-07-30T18:36:43.567040
61,4,3,-1,1,ERROR,2026-07-30T18:36:43.531559
61,4,4,-1,1,ERROR,2026-07-30T18:36:43.531689
61,4,5,-1,1,ERROR,2026-07-30T18:36:43.814073
61,4,6,-1,1,ERROR,2026-07-30T18:36:43.813979
61,4,7,-1,1,ERROR,2026-07-30T18:36:43.715230
61,4,8,-1,1,ERROR,2026-07-30T18:36:43.722047
61,4,9,-1,1,ERROR,2026-07-30T18:36:43.898285
61,4,10,-1,1,ERROR,2026-07-30T18:36:43.894312
61,5,1,-1,1,ERROR,2026-07-30T18:36:44.132534
61,5,2,-1,1,ERROR,2026-07-30T18:36:44.136886
61,5,3,-1,1,ERROR,2026-07-30T18:36:44.082449
61,5,4,-1,1,ERROR,2026-07-30T18:36:44.293539
61,5,5,-1,1,ERROR,2026-07-30T18:36:44.282402
61,5,6,-1,1,ERROR,2026-07-30T18:36:44.282431
61,5,7,-1,1,ERROR,2026-07-30T18:36:44.362247
61,5,8,-1,1,ERROR,2026-07-30T18:36:44.364864
61,5,9,-1,1,ERROR,2026-07-30T18:36:44.444573
61,5,10,-1,1,ERROR,2026-07-30T18:36:44.705079
61,6,1,-1,1,ERROR,2026-07-30T18:36:44.705173
61,6,2,-1,1,ERROR,2026-07-30T18:36:44.851746
61,6,3,-1,1,ERROR,2026-07-30T18:36:44.851775
61,6,4,-1,1,ERROR,2026-07-30T18:36:44.863650
61,6,5,-1,1,ERROR,2026-07-30T18:36:44.831387
61,6,6,-1,1,ERROR,2026-07-30T18:36:44.832630
61,6,7,-1,1,ERROR,2026-07-30T18:36:45.016016
61,6,8,-1,1,ERROR,2026-07-30T18:36:45.177253
61,6,9,-1,1,ERROR,2026-07-30T18:36:45.174417
61,6,10,-1,1,ERROR,2026-07-30T18:36:45.400007
61,7,1,-1,1,ERROR,2026-07-30T18:36:45.400043
61,7,2,-1,1,ERROR,2026-07-30T18:36:45.418293
61,7,3,-1,1,ERROR,2026-07-30T18:36:45.420628
61,7,4,-1,1,ERROR,2026-07-30T18:36:45.335728
61,7,5,-1,1,ERROR,2026-07-30T18:36:45.583900
61,7,6,-1,1,ERROR,2026-07-30T18:36:45.739694
61,7,7,-1,1,ERROR,2026-07-30T18:36:45.744162
61,7,8,-1,1,ERROR,2026-07-30T18:36:45.906730
61,7,9,-1,1,ERROR,2026-07-30T18:36:45.866231
61,7,10,-1,1,ERROR,2026-07-30T18:36:45.866202
61,8,1,-1,1,ERROR,2026-07-30T18:36:45.885488
61,8,2,-1,1,ERROR,2026-07-30T18:36:45.885523
61,8,3,-1,1,ERROR,2026-07-30T18:36:46.054360
61,8,4,-1,1,ERROR,2026-07-30T18:36:46.208986
61,8,5,-1,1,ERROR,2026-07-30T18:36:46.209012
61,8,6,-1,1,ERROR,2026-07-30T18:36:46.440905
61,8,7,-1,1,ERROR,2026-07-30T18:36:46.438239
61,8,8,-1,1,ERROR,2026-07-30T18:36:46.467654
61,8,9,-1,1,ERROR,2026-07-30T18:36:46.461460
61,8,10,-1,1,ERROR,2026-07-30T18:36:46.479600
61,9,1,-1,1,ERROR,2026-07-30T18:36:46.623330
61,9,2,-1,1,ERROR,2026-07-30T18:36:46.569467
61,9,3,-1,1,ERROR,2026-07-30T18:36:46.580615
61,9,4,-1,1,ERROR,2026-07-30T18:36:46.803989
61,9,5,-1,1,ERROR,2026-07-30T18:36:47.010152
61,9,6,-1,1,ERROR,2026-07-30T18:36:47.033077
61,9,7,-1,1,ERROR,2026-07-30T18:36:47.033108
61,9,8,-1,1,ERROR,2026-07-30T18:36:47.048380
61,9,9,-1,1,ERROR,2026-07-30T18:36:47.037457
61,9,10,-1,1,ERROR,2026-07-30T18:36:47.043587
61,10,1,-1,1,ERROR,2026-07-30T18:36:47.190095
61,10,2,-1,1,ERROR,2026-07-30T18:36:47.172284
61,10,3,-1,1,ERROR,2026-07-30T18:36:47.378641
61,10,4,-1,1,ERROR,2026-07-30T18:36:47.606361
61,10,5,-1,1,ERROR,2026-07-30T18:36:47.606402
61,10,6,-1,1,ERROR,2026-07-30T18:36:47.606425
61,10,7,-1,1,ERROR,2026-07-30T18:36:47.610099
61,10,8,-1,1,ERROR,2026-07-30T18:36:47.620272
61,10,9,-1,1,ERROR,2026-07-30T18:36:47.642635
61,10,10,-1,1,ERROR,2026-07-30T18:36:47.762486
61,11,1,-1,1,ERROR,2026-07-30T18:36:47.742818
61,11,2,-1,1,ERROR,2026-07-30T18:36:48.175940
61,11,3,-1,1,ERROR,2026-07-30T18:36:47.974587
61,11,4,-1,1,ERROR,2026-07-30T18:36:48.176029
61,11,5,-1,1,ERROR,2026-07-30T18:36:48.182532
61,11,6,-1,1,ERROR,2026-07-30T18:36:48.188631
61,11,7,-1,1,ERROR,2026-07-30T18:36:48.212790
61,11,8,-1,1,ERROR,2026-07-30T18:36:48.212816
61,11,9,-1,1,ERROR,2026-07-30T18:36:48.228127
61,11,10,-1,1,ERROR,2026-07-30T18:36:48.338485
61,12,1,-1,1,ERROR,2026-07-30T18:36:48.752223
61,12,2,-1,1,ERROR,2026-07-30T18:36:48.752188
61,12,3,-1,1,ERROR,2026-07-30T18:36:48.546239
61,12,4,-1,1,ERROR,2026-07-30T18:36:48.769776
61,12,5,-1,1,ERROR,2026-07-30T18:36:48.778559
61,12,6,-1,1,ERROR,2026-07-30T18:36:48.784564
61,12,7,-1,1,ERROR,2026-07-30T18:36:48.796270
61,12,8,-1,1,ERROR,2026-07-30T18:36:48.810151
61,12,9,-1,1,ERROR,2026-07-30T18:36:48.910887
61,12,10,-1,1,ERROR,2026-07-30T18:36:49.318964
61,13,1,-1,1,ERROR,2026-07-30T18:36:49.116743
61,13,2,-1,1,ERROR,2026-07-30T18:36:49.340185
61,13,3,-1,1,ERROR,2026-07-30T18:36:49.346433
61,13,4,-1,1,ERROR,2026-07-30T18:36:49.351944
61,13,5,-1,1,ERROR,2026-07-30T18:36:49.362549
61,13,6,-1,1,ERROR,2026-07-30T18:36:49.378728
61,13,7,-1,1,ERROR,2026-07-30T18:36:49.666467
61,13,8,-1,1,ERROR,2026-07-30T18:36:49.487359
61,13,9,-1,1,ERROR,2026-07-30T18:36:49.885323
61,13,10,-1,1,ERROR,2026-07-30T18:36:49.825325
61,14,1,-1,1,ERROR,2026-07-30T18:36:49.818546
61,14,2,-1,1,ERROR,2026-07-30T18:36:49.817183
61,14,3,-1,1,ERROR,2026-07-30T18:36:49.832847
61,14,4,-1,1,ERROR,2026-07-30T18:36:49.847193
61,14,5,-1,1,ERROR,2026-07-30T18:36:50.054981
61,14,6,-1,1,ERROR,2026-07-30T18:36:50.234920
61,14,7,-1,1,ERROR,2026-07-30T18:36:50.387222
61,14,8,-1,1,ERROR,2026-07-30T18:36:50.387194
61,14,9,-1,1,ERROR,2026-07-30T18:36:50.392632
61,14,10,-1,1,ERROR,2026-07-30T18:36:50.408823
61,15,1,-1,1,ERROR,2026-07-30T18:36:50.411312
61,15,2,-1,1,ERROR,2026-07-30T18:36:50.357281
61,15,3,-1,1,ERROR,2026-07-30T18:36:50.518135
61,15,4,-1,1,ERROR,2026-07-30T18:36:50.708622
61,15,5,-1,1,ERROR,2026-07-30T18:36:50.926238
61,15,6,-1,1,ERROR,2026-07-30T18:36:50.960537
61,15,7,-1,1,ERROR,2026-07-30T18:36:50.960512
61,15,8,-1,1,ERROR,2026-07-30T18:36:50.962211
61,15,9,-1,1,ERROR,2026-07-30T18:36:50.978754
61,15,10,-1,1,ERROR,2026-07-30T18:36:50.881548
61,16,1,-1,1,ERROR,2026-07-30T18:36:51.083703
61,16,2,-1,1,ERROR,2026-07-30T18:36:51.079226
61,16,3,-1,1,ERROR,2026-07-30T18:36:51.245934
61,16,4,-1,1,ERROR,2026-07-30T18:36:51.498579
61,16,5,-1,1,ERROR,2026-07-30T18:36:51.442385
61,16,6,-1,1,ERROR,2026-07-30T18:36:51.443270
61,16,7,-1,1,ERROR,2026-07-30T18:36:51.438700
61,16,8,-1,1,ERROR,2026-07-30T18:36:51.444725
61,16,9,-1,1,ERROR,2026-07-30T18:36:51.644040
61,16,10,-1,1,ERROR,2026-07-30T18:36:51.652724
61,17,1,-1,1,ERROR,2026-07-30T18:36:51.612612
61,17,2,-1,1,ERROR,2026-07-30T18:36:51.803743
61,17,3,-1,1,ERROR,2026-07-30T18:36:51.807740
61,17,4,-1,1,ERROR,2026-07-30T18:36:52.009877
61,17,5,-1,1,ERROR,2026-07-30T18:36:52.010240
61,17,6,-1,1,ERROR,2026-07-30T18:36:52.069669
61,17,7,-1,1,ERROR,2026-07-30T18:36:51.980839
61,17,8,-1,1,ERROR,2026-07-30T18:36:52.211422
61,17,9,-1,1,ERROR,2026-07-30T18:36:52.214951
61,17,10,-1,1,ERROR,2026-07-30T18:36:52.172779
61,18,1,-1,1,ERROR,2026-07-30T18:36:52.173153
61,18,2,-1,1,ERROR,2026-07-30T18:36:52.348080
61,18,3,-1,1,ERROR,2026-07-30T18:36:52.576922
61,18,4,-1,1,ERROR,2026-07-30T18:36:52.585948
61,18,5,-1,1,ERROR,2026-07-30T18:36:52.536683
61,18,6,-1,1,ERROR,2026-07-30T18:36:52.741067
61,18,7,-1,1,ERROR,2026-07-30T18:36:52.738814
61,18,8,-1,1,ERROR,2026-07-30T18:36:52.776365
61,18,9,-1,1,ERROR,2026-07-30T18:36:52.776714
61,18,10,-1,1,ERROR,2026-07-30T18:36:52.916487
61,19,1,-1,1,ERROR,2026-07-30T18:36:53.103793
61,19,2,-1,1,ERROR,2026-07-30T18:36:53.040762
61,19,3,-1,1,ERROR,2026-07-30T18:36:53.047206
61,19,4,-1,1,ERROR,2026-07-30T18:36:53.305083
61,19,5,-1,1,ERROR,2026-07-30T18:36:53.305112
61,19,6,-1,1,ERROR,2026-07-30T18:36:53.241796
61,19,7,-1,1,ERROR,2026-07-30T18:36:53.241862
61,19,8,-1,1,ERROR,2026-07-30T18:36:53.485501
61,19,9,-1,1,ERROR,2026-07-30T18:36:53.411320
61,19,10,-1,1,ERROR,2026-07-30T18:36:53.411617
61,20,1,-1,1,ERROR,2026-07-30T18:36:53.571431
61,20,2,-1,1,ERROR,2026-07-30T18:36:53.812751
61,20,3,-1,1,ERROR,2026-07-30T18:36:53.812716
61,20,4,-1,1,ERROR,2026-07-30T18:36:53.774007
61,20,5,-1,1,ERROR,2026-07-30T18:36:53.775899
61,20,6,-1,1,ERROR,2026-07-30T18:36:53.977815
61,20,7,-1,1,ERROR,2026-07-30T18:36:53.978909
61,20,8,-1,1,ERROR,2026-07-30T18:36:53.951354
61,20,9,-1,1,ERROR,2026-07-30T18:36:54.151463
61,20,10,-1,1,ERROR,2026-07-30T18:36:54.350167
61,21,1,-1,1,ERROR,2026-07-30T18:36:54.351543
61,21,2,-1,1,ERROR,2026-07-30T18:36:54.281589
61,21,3,-1,1,ERROR,2026-07-30T18:36:54.279810
61,21,4,-1,1,ERROR,2026-07-30T18:36:54.517034
61,21,5,-1,1,ERROR,2026-07-30T18:36:54.542786
61,21,6,-1,1,ERROR,2026-07-30T18:36:54.544351
61,21,7,-1,1,ERROR,2026-07-30T18:36:54.719076
61,21,8,-1,1,ERROR,2026-07-30T18:36:54.644170
61,21,9,-1,1,ERROR,2026-07-30T18:36:54.645275
61,21,10,-1,1,ERROR,2026-07-30T18:36:54.820270
61,22,1,-1,1,ERROR,2026-07-30T18:36:54.820084
61,22,2,-1,1,ERROR,2026-07-30T18:36:54.985891
61,22,3,-1,1,ERROR,2026-07-30T18:36:55.008578
61,22,4,-1,1,ERROR,2026-07-30T18:36:55.008345
61,22,5,-1,1,ERROR,2026-07-30T18:36:55.212575
61,22,6,-1,1,ERROR,2026-07-30T18:36:55.212546
61,22,7,-1,1,ERROR,2026-07-30T18:36:55.190659
61,22,8,-1,1,ERROR,2026-07-30T18:36:55.392879
61,22,9,-1,1,ERROR,2026-07-30T18:36:55.392795
61,22,10,-1,1,ERROR,2026-07-30T18:36:55.449405
61,23,1,-1,1,ERROR,2026-07-30T18:36:55.577237
61,23,2,-1,1,ERROR,2026-07-30T18:36:55.577601
61,23,3,-1,1,ERROR,2026-07-30T18:36:55.757202
61,23,4,-1,1,ERROR,2026-07-30T18:36:55.784122
61,23,5,-1,1,ERROR,2026-07-30T18:36:55.778464
61,23,6,-1,1,ERROR,2026-07-30T18:36:55.959919
61,23,7,-1,1,ERROR,2026-07-30T18:36:55.960324
61,23,8,-1,1,ERROR,2026-07-30T18:36:55.917826
61,23,9,-1,1,ERROR,2026-07-30T18:36:56.145565
61,23,10,-1,1,ERROR,2026-07-30T18:36:56.145602
61,24,1,-1,1,ERROR,2026-07-30T18:36:56.328380
61,24,2,-1,1,ERROR,2026-07-30T18:36:56.249579
61,24,3,-1,1,ERROR,2026-07-30T18:36:56.247387
61,24,4,-1,1,ERROR,2026-07-30T18:36:56.483765
61,24,5,-1,1,ERROR,2026-07-30T18:36:56.428435
61,24,6,-1,1,ERROR,2026-07-30T18:36:56.427298
61,24,7,-1,1,ERROR,2026-07-30T18:36:56.616879
61,24,8,-1,1,ERROR,2026-07-30T18:36:56.616345
61,24,9,-1,1,ERROR,2026-07-30T18:36:56.813222
61,24,10,-1,1,ERROR,2026-07-30T18:36:56.815242
61,25,1,-1,1,ERROR,2026-07-30T18:36:56.794431
61,25,2,-1,1,ERROR,2026-07-30T18:36:56.996499
61,25,3,-1,1,ERROR,2026-07-30T18:36:56.995052
61,25,4,-1,1,ERROR,2026-07-30T18:36:56.954745
61,25,5,-1,1,ERROR,2026-07-30T18:36:57.189541
61,25,6,-1,1,ERROR,2026-07-30T18:36:57.189570
61,25,7,-1,1,ERROR,2026-07-30T18:36:57.872619
61,25,8,-1,1,ERROR,2026-07-30T18:36:57.884894
61,25,9,-1,1,ERROR,2026-07-30T18:36:57.902935
61,25,10,-1,1,ERROR,2026-07-30T18:36:58.127749
61,26,1,-1,1,ERROR,2026-07-30T18:36:58.065265
61,26,2,-1,1,ERROR,2026-07-30T18:36:58.065284
61,26,3,-1,1,ERROR,2026-07-30T18:36:58.057803
61,26,4,-1,1,ERROR,2026-07-30T18:36:58.057832
61,26,5,-1,1,ERROR,2026-07-30T18:36:58.241177
61,26,6,-1,1,ERROR,2026-07-30T18:36:58.450385
61,26,7,-1,1,ERROR,2026-07-30T18:36:58.472256
61,26,8,-1,1,ERROR,2026-07-30T18:36:58.631163
61,26,9,-1,1,ERROR,2026-07-30T18:36:58.631038
61,26,10,-1,1,ERROR,2026-07-30T18:36:58.632749
61,27,1,-1,1,ERROR,2026-07-30T18:36:58.646031
61,27,2,-1,1,ERROR,2026-07-30T18:36:58.620020
61,27,3,-1,1,ERROR,2026-07-30T18:36:58.826288
61,27,4,-1,1,ERROR,2026-07-30T18:36:59.023288
61,27,5,-1,1,ERROR,2026-07-30T18:36:59.052328
61,27,6,-1,1,ERROR,2026-07-30T18:36:59.224873
61,27,7,-1,1,ERROR,2026-07-30T18:36:59.238546
61,27,8,-1,1,ERROR,2026-07-30T18:36:59.240600
61,27,9,-1,1,ERROR,2026-07-30T18:36:59.238110
61,27,10,-1,1,ERROR,2026-07-30T18:36:59.238140
61,28,1,-1,1,ERROR,2026-07-30T18:36:59.399609
61,28,2,-1,1,ERROR,2026-07-30T18:36:59.500514
61,28,3,-1,1,ERROR,2026-07-30T18:36:59.523153
61,28,4,-1,1,ERROR,2026-07-30T18:36:59.697704
61,28,5,-1,1,ERROR,2026-07-30T18:36:59.704471
61,28,6,-1,1,ERROR,2026-07-30T18:36:59.708209
61,28,7,-1,1,ERROR,2026-07-30T18:36:59.704270
61,28,8,-1,1,ERROR,2026-07-30T18:36:59.705872
61,28,9,-1,1,ERROR,2026-07-30T18:36:59.866860
61,28,10,-1,1,ERROR,2026-07-30T18:36:59.866835
61,29,1,-1,1,ERROR,2026-07-30T18:37:00.093915
61,29,2,-1,1,ERROR,2026-07-30T18:37:00.266475
61,29,3,-1,1,ERROR,2026-07-30T18:37:00.274193
61,29,4,-1,1,ERROR,2026-07-30T18:37:00.271578
61,29,5,-1,1,ERROR,2026-07-30T18:37:00.272992
61,29,6,-1,1,ERROR,2026-07-30T18:37:00.272825
61,29,7,-1,1,ERROR,2026-07-30T18:37:00.442735
61,29,8,-1,1,ERROR,2026-07-30T18:37:00.442715
61,29,9,-1,1,ERROR,2026-07-30T18:37:00.663768
61,29,10,-1,1,ERROR,2026-07-30T18:37:00.835462
61,30,1,-1,1,ERROR,2026-07-30T18:37:00.836470
61,30,2,-1,1,ERROR,2026-07-30T18:37:00.843356
61,30,3,-1,1,ERROR,2026-07-30T18:37:00.843342
61,30,4,-1,1,ERROR,2026-07-30T18:37:00.843315
61,30,5,-1,1,ERROR,2026-07-30T18:37:01.012249
61,30,6,-1,1,ERROR,2026-07-30T18:37:01.012190
61,30,7,-1,1,ERROR,2026-07-30T18:37:01.131548
61,30,8,-1,1,ERROR,2026-07-30T18:37:01.300799
61,30,9,-1,1,ERROR,2026-07-30T18:37:01.305527
61,30,10,-1,1,ERROR,2026-07-30T18:37:01.309991
62,1,1,-1,1,ERROR,2026-07-30T18:37:01.316152
62,1,2,-1,1,ERROR,2026-07-30T18:37:01.316132
62,1,3,-1,1,ERROR,2026-07-30T18:37:01.483362
62,1,4,-1,1,ERROR,2026-07-30T18:37:01.480387
62,1,5,-1,1,ERROR,2026-07-30T18:37:01.704432
62,1,6,-1,1,ERROR,2026-07-30T18:37:01.770762
62,1,7,-1,1,ERROR,2026-07-30T18:37:01.770735
62,1,8,-1,1,ERROR,2026-07-30T18:37:01.678266
62,1,9,-1,1,ERROR,2026-07-30T18:37:01.882322
62,1,10,-1,1,ERROR,2026-07-30T18:37:01.884233
62,2,1,-1,1,ERROR,2026-07-30T18:37:01.948593
62,2,2,-1,1,ERROR,2026-07-30T18:37:01.955087
62,2,3,-1,1,ERROR,2026-07-30T18:37:02.049456
62,2,4,-1,1,ERROR,2026-07-30T18:37:02.277208
62,2,5,-1,1,ERROR,2026-07-30T18:37:02.245795
62,2,6,-1,1,ERROR,2026-07-30T18:37:02.245766
62,2,7,-1,1,ERROR,2026-07-30T18:37:02.447352
62,2,8,-1,1,ERROR,2026-07-30T18:37:02.454735
62,2,9,-1,1,ERROR,2026-07-30T18:37:02.416958
62,2,10,-1,1,ERROR,2026-07-30T18:37:02.419390
62,3,1,-1,1,ERROR,2026-07-30T18:37:02.617122
62,3,2,-1,1,ERROR,2026-07-30T18:37:02.810992
62,3,3,-1,1,ERROR,2026-07-30T18:37:02.810960
62,3,4,-1,1,ERROR,2026-07-30T18:37:02.746916
62,3,5,-1,1,ERROR,2026-07-30T18:37:02.983326
62,3,6,-1,1,ERROR,2026-07-30T18:37:02.984485
62,3,7,-1,1,ERROR,2026-07-30T18:37:02.913225
62,3,8,-1,1,ERROR,2026-07-30T18:37:02.917604
62,3,9,-1,1,ERROR,2026-07-30T18:37:03.083689
62,3,10,-1,1,ERROR,2026-07-30T18:37:03.316585
62,4,1,-1,1,ERROR,2026-07-30T18:37:03.275070
62,4,2,-1,1,ERROR,2026-07-30T18:37:03.280971
62,4,3,-1,1,ERROR,2026-07-30T18:37:03.482688
62,4,4,-1,1,ERROR,2026-07-30T18:37:03.482730
62,4,5,-1,1,ERROR,2026-07-30T18:37:03.548220
62,4,6,-1,1,ERROR,2026-07-30T18:37:03.549437
62,4,7,-1,1,ERROR,2026-07-30T18:37:03.552131
62,4,8,-1,1,ERROR,2026-07-30T18:37:03.638483
62,4,9,-1,1,ERROR,2026-07-30T18:37:03.649530
62,4,10,-1,1,ERROR,2026-07-30T18:37:03.886217
62,5,1,-1,1,ERROR,2026-07-30T18:37:04.053347
62,5,2,-1,1,ERROR,2026-07-30T18:37:04.053955
62,5,3,-1,1,ERROR,2026-07-30T18:37:04.019698
62,5,4,-1,1,ERROR,2026-07-30T18:37:04.015960
62,5,5,-1,1,ERROR,2026-07-30T18:37:04.014682
62,5,6,-1,1,ERROR,2026-07-30T18:37:04.208525
62,5,7,-1,1,ERROR,2026-07-30T18:37:04.216438
62,5,8,-1,1,ERROR,2026-07-30T18:37:04.359628
62,5,9,-1,1,ERROR,2026-07-30T18:37:04.583958
62,5,10,-1,1,ERROR,2026-07-30T18:37:04.583916
62,6,1,-1,1,ERROR,2026-07-30T18:37:04.583944
62,6,2,-1,1,ERROR,2026-07-30T18:37:04.525117
62,6,3,-1,1,ERROR,2026-07-30T18:37:04.525390
62,6,4,-1,1,ERROR,2026-07-30T18:37:04.773525
62,6,5,-1,1,ERROR,2026-07-30T18:37:04.785532
62,6,6,-1,1,ERROR,2026-07-30T18:37:04.929416
62,6,7,-1,1,ERROR,2026-07-30T18:37:05.092464
62,6,8,-1,1,ERROR,2026-07-30T18:37:05.092491
62,6,9,-1,1,ERROR,2026-07-30T18:37:05.047024
62,6,10,-1,1,ERROR,2026-07-30T18:37:05.048467
62,7,1,-1,1,ERROR,2026-07-30T18:37:05.047186
62,7,2,-1,1,ERROR,2026-07-30T18:37:05.243667
62,7,3,-1,1,ERROR,2026-07-30T18:37:05.251533
62,7,4,-1,1,ERROR,2026-07-30T18:37:05.398386
62,7,5,-1,1,ERROR,2026-07-30T18:37:05.413699
62,7,6,-1,1,ERROR,2026-07-30T18:37:05.412169
62,7,7,-1,1,ERROR,2026-07-30T18:37:05.413426
62,7,8,-1,1,ERROR,2026-07-30T18:37:05.660622
62,7,9,-1,1,ERROR,2026-07-30T18:37:05.659523
62,7,10,-1,1,ERROR,2026-07-30T18:37:05.815188
62,8,1,-1,1,ERROR,2026-07-30T18:37:05.817955
62,8,2,-1,1,ERROR,2026-07-30T18:37:05.968317
62,8,3,-1,1,ERROR,2026-07-30T18:37:05.981332
62,8,4,-1,1,ERROR,2026-07-30T18:37:05.981314
62,8,5,-1,1,ERROR,2026-07-30T18:37:05.982981
62,8,6,-1,1,ERROR,2026-07-30T18:37:06.126789
62,8,7,-1,1,ERROR,2026-07-30T18:37:06.126812
62,8,8,-1,1,ERROR,2026-07-30T18:37:06.293446
62,8,9,-1,1,ERROR,2026-07-30T18:37:06.293424
62,8,10,-1,1,ERROR,2026-07-30T18:37:06.542191
62,9,1,-1,1,ERROR,2026-07-30T18:37:06.450235
62,9,2,-1,1,ERROR,2026-07-30T18:37:06.450374
62,9,3,-1,1,ERROR,2026-07-30T18:37:06.450261
62,9,4,-1,1,ERROR,2026-07-30T18:37:06.697103
62,9,5,-1,1,ERROR,2026-07-30T18:37:06.697072
62,9,6,-1,1,ERROR,2026-07-30T18:37:06.861462
62,9,7,-1,1,ERROR,2026-07-30T18:37:06.864825
62,9,8,-1,1,ERROR,2026-07-30T18:37:06.814436
62,9,9,-1,1,ERROR,2026-07-30T18:37:06.815760
62,9,10,-1,1,ERROR,2026-07-30T18:37:06.818299
62,10,1,-1,1,ERROR,2026-07-30T18:37:07.007528
62,10,2,-1,1,ERROR,2026-07-30T18:37:07.167004
62,10,3,-1,1,ERROR,2026-07-30T18:37:07.166974
62,10,4,-1,1,ERROR,2026-07-30T18:37:07.383535
62,10,5,-1,1,ERROR,2026-07-30T18:37:07.386383
62,10,6,-1,1,ERROR,2026-07-30T18:37:07.385021
62,10,7,-1,1,ERROR,2026-07-30T18:37:07.434001
62,10,8,-1,1,ERROR,2026-07-30T18:37:07.432543
62,10,9,-1,1,ERROR,2026-07-30T18:37:07.577187
62,10,10,-1,1,ERROR,2026-07-30T18:37:07.534298
62,11,1,-1,1,ERROR,2026-07-30T18:37:07.533253
62,11,2,-1,1,ERROR,2026-07-30T18:37:07.750114
62,11,3,-1,1,ERROR,2026-07-30T18:37:07.952945
62,11,4,-1,1,ERROR,2026-07-30T18:37:07.952972
62,11,5,-1,1,ERROR,2026-07-30T18:37:08.001027
62,11,6,-1,1,ERROR,2026-07-30T18:37:08.000997
62,11,7,-1,1,ERROR,2026-07-30T18:37:07.908916
62,11,8,-1,1,ERROR,2026-07-30T18:37:08.008324
62,11,9,-1,1,ERROR,2026-07-30T18:37:08.149160
62,11,10,-1,1,ERROR,2026-07-30T18:37:08.317257
62,12,1,-1,1,ERROR,2026-07-30T18:37:08.476567
62,12,2,-1,1,ERROR,2026-07-30T18:37:08.518730
62,12,3,-1,1,ERROR,2026-07-30T18:37:08.516997
62,12,4,-1,1,ERROR,2026-07-30T18:37:08.480713
62,12,5,-1,1,ERROR,2026-07-30T18:37:08.477441
62,12,6,-1,1,ERROR,2026-07-30T18:37:08.473704
62,12,7,-1,1,ERROR,2026-07-30T18:37:08.617152
62,12,8,-1,1,ERROR,2026-07-30T18:37:08.783209
62,12,9,-1,1,ERROR,2026-07-30T18:37:09.047692
62,12,10,-1,1,ERROR,2026-07-30T18:37:09.047867
62,13,1,-1,1,ERROR,2026-07-30T18:37:09.047643
62,13,2,-1,1,ERROR,2026-07-30T18:37:09.047676
62,13,3,-1,1,ERROR,2026-07-30T18:37:08.984048
62,13,4,-1,1,ERROR,2026-07-30T18:37:08.984525
62,13,5,-1,1,ERROR,2026-07-30T18:37:09.217352
62,13,6,-1,1,ERROR,2026-07-30T18:37:09.147405
62,13,7,-1,1,ERROR,2026-07-30T18:37:09.356294
62,13,8,-1,1,ERROR,2026-07-30T18:37:09.560078
62,13,9,-1,1,ERROR,2026-07-30T18:37:09.614595
62,13,10,-1,1,ERROR,2026-07-30T18:37:09.617330
62,14,1,-1,1,ERROR,2026-07-30T18:37:09.613035
62,14,2,-1,1,ERROR,2026-07-30T18:37:09.621104
62,14,3,-1,1,ERROR,2026-07-30T18:37:09.618078
62,14,4,-1,1,ERROR,2026-07-30T18:37:09.785825
62,14,5,-1,1,ERROR,2026-07-30T18:37:09.720562
62,14,6,-1,1,ERROR,2026-07-30T18:37:09.932239
62,14,7,-1,1,ERROR,2026-07-30T18:37:10.180605
62,14,8,-1,1,ERROR,2026-07-30T18:37:10.180636
62,14,9,-1,1,ERROR,2026-07-30T18:37:10.180758
62,14,10,-1,1,ERROR,2026-07-30T18:37:10.189779
62,15,1,-1,1,ERROR,2026-07-30T18:37:10.194872
62,15,2,-1,1,ERROR,2026-07-30T18:37:10.186197
62,15,3,-1,1,ERROR,2026-07-30T18:37:10.355695
62,15,4,-1,1,ERROR,2026-07-30T18:37:10.511365
62,15,5,-1,1,ERROR,2026-07-30T18:37:10.750433
62,15,6,-1,1,ERROR,2026-07-30T18:37:10.750356
62,15,7,-1,1,ERROR,2026-07-30T18:37:10.750381
62,15,8,-1,1,ERROR,2026-07-30T18:37:10.660010
62,15,9,-1,1,ERROR,2026-07-30T18:37:10.665871
62,15,10,-1,1,ERROR,2026-07-30T18:37:10.671898
62,16,1,-1,1,ERROR,2026-07-30T18:37:10.826659
62,16,2,-1,1,ERROR,2026-07-30T18:37:11.075479
62,16,3,-1,1,ERROR,2026-07-30T18:37:11.229140
62,16,4,-1,1,ERROR,2026-07-30T18:37:11.229375
62,16,5,-1,1,ERROR,2026-07-30T18:37:11.234188
62,16,6,-1,1,ERROR,2026-07-30T18:37:11.220718
62,16,7,-1,1,ERROR,2026-07-30T18:37:11.220685
62,16,8,-1,1,ERROR,2026-07-30T18:37:11.220738
62,16,9,-1,1,ERROR,2026-07-30T18:37:11.395694
62,16,10,-1,1,ERROR,2026-07-30T18:37:11.543040
62,17,1,-1,1,ERROR,2026-07-30T18:37:11.791394
62,17,2,-1,1,ERROR,2026-07-30T18:37:11.791413
62,17,3,-1,1,ERROR,2026-07-30T18:37:11.791363
62,17,4,-1,1,ERROR,2026-07-30T18:37:11.805769
62,17,5,-1,1,ERROR,2026-07-30T18:37:11.805798
62,17,6,-1,1,ERROR,2026-07-30T18:37:11.805812
62,17,7,-1,1,ERROR,2026-07-30T18:37:11.968621
62,17,8,-1,1,ERROR,2026-07-30T18:37:11.910624
62,17,9,-1,1,ERROR,2026-07-30T18:37:12.159161
62,17,10,-1,1,ERROR,2026-07-30T18:37:12.361458
62,18,1,-1,1,ERROR,2026-07-30T18:37:12.361423
62,18,2,-1,1,ERROR,2026-07-30T18:37:12.374719
62,18,3,-1,1,ERROR,2026-07-30T18:37:12.374744
62,18,4,-1,1,ERROR,2026-07-30T18:37:12.380541
62,18,5,-1,1,ERROR,2026-07-30T18:37:12.374689
62,18,6,-1,1,ERROR,2026-07-30T18:37:12.529536
62,18,7,-1,1,ERROR,2026-07-30T18:37:12.728160
62,18,8,-1,1,ERROR,2026-07-30T18:37:12.928740
62,18,9,-1,1,ERROR,2026-07-30T18:37:12.928702
62,18,10,-1,1,ERROR,2026-07-30T18:37:12.944291
62,19,1,-1,1,ERROR,2026-07-30T18:37:12.945783
62,19,2,-1,1,ERROR,2026-07-30T18:37:12.943150
62,19,3,-1,1,ERROR,2026-07-30T18:37:12.951672
62,19,4,-1,1,ERROR,2026-07-30T18:37:13.099528
62,19,5,-1,1,ERROR,2026-07-30T18:37:13.200535
62,19,6,-1,1,ERROR,2026-07-30T18:37:13.430879
62,19,7,-1,1,ERROR,2026-07-30T18:37:13.402814
62,19,8,-1,1,ERROR,2026-07-30T18:37:13.410858
62,19,9,-1,1,ERROR,2026-07-30T18:37:13.415423
62,19,10,-1,1,ERROR,2026-07-30T18:37:13.412186
62,20,1,-1,1,ERROR,2026-07-30T18:37:13.419735
62,20,2,-1,1,ERROR,2026-07-30T18:37:13.567379
62,20,3,-1,1,ERROR,2026-07-30T18:37:13.567412
62,20,4,-1,1,ERROR,2026-07-30T18:37:13.772424
62,20,5,-1,1,ERROR,2026-07-30T18:37:13.975845
62,20,6,-1,1,ERROR,2026-07-30T18:37:13.977763
62,20,7,-1,1,ERROR,2026-07-30T18:37:13.976952
62,20,8,-1,1,ERROR,2026-07-30T18:37:13.991083
62,20,9,-1,1,ERROR,2026-07-30T18:37:14.001489
62,20,10,-1,1,ERROR,2026-07-30T18:37:14.035757
62,21,1,-1,1,ERROR,2026-07-30T18:37:14.145367
62,21,2,-1,1,ERROR,2026-07-30T18:37:14.346773
62,21,3,-1,1,ERROR,2026-07-30T18:37:14.545001
62,21,4,-1,1,ERROR,2026-07-30T18:37:14.549885
62,21,5,-1,1,ERROR,2026-07-30T18:37:14.546506
62,21,6,-1,1,ERROR,2026-07-30T18:37:14.566243
62,21,7,-1,1,ERROR,2026-07-30T18:37:14.474384
62,21,8,-1,1,ERROR,2026-07-30T18:37:14.510461
62,21,9,-1,1,ERROR,2026-07-30T18:37:14.714625
62,21,10,-1,1,ERROR,2026-07-30T18:37:14.817377
62,22,1,-1,1,ERROR,2026-07-30T18:37:15.053645
62,22,2,-1,1,ERROR,2026-07-30T18:37:15.088380
62,22,3,-1,1,ERROR,2026-07-30T18:37:15.011913
62,22,4,-1,1,ERROR,2026-07-30T18:37:15.017259
62,22,5,-1,1,ERROR,2026-07-30T18:37:15.015689
62,22,6,-1,1,ERROR,2026-07-30T18:37:15.032841
62,22,7,-1,1,ERROR,2026-07-30T18:37:15.184261
62,22,8,-1,1,ERROR,2026-07-30T18:37:15.187017
62,22,9,-1,1,ERROR,2026-07-30T18:37:15.381912
62,22,10,-1,1,ERROR,2026-07-30T18:37:15.381944
62,23,1,-1,1,ERROR,2026-07-30T18:37:15.586975
62,23,2,-1,1,ERROR,2026-07-30T18:37:15.604005
62,23,3,-1,1,ERROR,2026-07-30T18:37:15.627627
62,23,4,-1,1,ERROR,2026-07-30T18:37:15.561095
62,23,5,-1,1,ERROR,2026-07-30T18:37:15.763746
62,23,6,-1,1,ERROR,2026-07-30T18:37:15.761797
62,23,7,-1,1,ERROR,2026-07-30T18:37:15.752292
62,23,8,-1,1,ERROR,2026-07-30T18:37:15.953737
62,23,9,-1,1,ERROR,2026-07-30T18:37:15.934651
62,23,10,-1,1,ERROR,2026-07-30T18:37:16.155620
62,24,1,-1,1,ERROR,2026-07-30T18:37:16.175903
62,24,2,-1,1,ERROR,2026-07-30T18:37:16.197866
62,24,3,-1,1,ERROR,2026-07-30T18:37:16.320469
62,24,4,-1,1,ERROR,2026-07-30T18:37:16.333566
62,24,5,-1,1,ERROR,2026-07-30T18:37:16.340525
62,24,6,-1,1,ERROR,2026-07-30T18:37:16.303206
62,24,7,-1,1,ERROR,2026-07-30T18:37:16.520815
62,24,8,-1,1,ERROR,2026-07-30T18:37:16.724428
62,24,9,-1,1,ERROR,2026-07-30T18:37:16.649726
62,24,10,-1,1,ERROR,2026-07-30T18:37:16.670606
62,25,1,-1,1,ERROR,2026-07-30T18:37:16.872217
62,25,2,-1,1,ERROR,2026-07-30T18:37:16.888980
62,25,3,-1,1,ERROR,2026-07-30T18:37:16.908826
62,25,4,-1,1,ERROR,2026-07-30T18:37:16.908795
62,25,5,-1,1,ERROR,2026-07-30T18:37:17.089537
62,25,6,-1,1,ERROR,2026-07-30T18:37:17.017402
62,25,7,-1,1,ERROR,2026-07-30T18:37:17.033184
62,25,8,-1,1,ERROR,2026-07-30T18:37:17.189284
62,25,9,-1,1,ERROR,2026-07-30T18:37:17.447007
62,25,10,-1,1,ERROR,2026-07-30T18:37:17.458256
62,26,1,-1,1,ERROR,2026-07-30T18:37:17.377255
62,26,2,-1,1,ERROR,2026-07-30T18:37:17.374185
62,26,3,-1,1,ERROR,2026-07-30T18:37:17.587091
62,26,4,-1,1,ERROR,2026-07-30T18:37:17.601011
62,26,5,-1,1,ERROR,2026-07-30T18:37:17.557837
62,26,6,-1,1,ERROR,2026-07-30T18:37:17.558349
62,26,7,-1,1,ERROR,2026-07-30T18:37:17.745066
62,26,8,-1,1,ERROR,2026-07-30T18:37:17.745093
62,26,9,-1,1,ERROR,2026-07-30T18:37:17.918810
62,26,10,-1,1,ERROR,2026-07-30T18:37:17.929682
62,27,1,-1,1,ERROR,2026-07-30T18:37:18.129495
62,27,2,-1,1,ERROR,2026-07-30T18:37:18.127289
62,27,3,-1,1,ERROR,2026-07-30T18:37:18.157114
62,27,4,-1,1,ERROR,2026-07-30T18:37:18.168970
62,27,5,-1,1,ERROR,2026-07-30T18:37:18.312956
62,27,6,-1,1,ERROR,2026-07-30T18:37:18.311311
62,27,7,-1,1,ERROR,2026-07-30T18:37:18.488312
62,27,8,-1,1,ERROR,2026-07-30T18:37:18.501259
62,27,9,-1,1,ERROR,2026-07-30T18:37:18.691098
62,27,10,-1,1,ERROR,2026-07-30T18:37:18.691130
62,28,1,-1,1,ERROR,2026-07-30T18:37:18.626050
62,28,2,-1,1,ERROR,2026-07-30T18:37:18.639720
62,28,3,-1,1,ERROR,2026-07-30T18:37:18.777959
62,28,4,-1,1,ERROR,2026-07-30T18:37:18.776806
62,28,5,-1,1,ERROR,2026-07-30T18:37:18.955803
62,28,6,-1,1,ERROR,2026-07-30T18:37:18.970922
62,28,7,-1,1,ERROR,2026-07-30T18:37:19.196480
62,28,8,-1,1,ERROR,2026-07-30T18:37:19.207355
62,28,9,-1,1,ERROR,2026-07-30T18:37:19.161851
62,28,10,-1,1,ERROR,2026-07-30T18:37:19.156873
62,29,1,-1,1,ERROR,2026-07-30T18:37:19.342731
62,29,2,-1,1,ERROR,2026-07-30T18:37:19.346788
62,29,3,-1,1,ERROR,2026-07-30T18:37:19.527025
62,29,4,-1,1,ERROR,2026-07-30T18:37:19.543279
62,29,5,-1,1,ERROR,2026-07-30T18:37:19.728518
62,29,6,-1,1,ERROR,2026-07-30T18:37:19.728546
62,29,7,-1,1,ERROR,2026-07-30T18:37:19.663977
62,29,8,-1,1,ERROR,2026-07-30T18:37:19.680044
62,29,9,-1,1,ERROR,2026-07-30T18:37:19.810663
62,29,10,-1,1,ERROR,2026-07-30T18:37:19.816151
62,30,1,-1,1,ERROR,2026-07-30T18:37:19.996456
62,30,2,-1,1,ERROR,2026-07-30T18:37:20.007939
62,30,3,-1,1,ERROR,2026-07-30T18:37:20.235769
62,30,4,-1,1,ERROR,2026-07-30T18:37:20.247998
62,30,5,-1,1,ERROR,2026-07-30T18:37:20.199644
62,30,6,-1,1,ERROR,2026-07-30T18:37:20.199672
62,30,7,-1,1,ERROR,2026-07-30T18:37:20.378872
62,30,8,-1,1,ERROR,2026-07-30T18:37:20.381071
62,30,9,-1,1,ERROR,2026-07-30T18:37:20.567454
62,30,10,-1,1,ERROR,2026-07-30T18:37:20.576470
63,1,1,-1,1,ERROR,2026-07-30T18:37:20.769053
63,1,2,-1,1,ERROR,2026-07-30T18:37:20.770526
63,1,3,-1,1,ERROR,2026-07-30T18:37:20.700701
63,1,4,-1,1,ERROR,2026-07-30T18:37:20.713500
63,1,5,-1,1,ERROR,2026-07-30T18:37:20.847212
63,1,6,-1,1,ERROR,2026-07-30T18:37:20.942873
63,1,7,-1,1,ERROR,2026-07-30T18:37:21.036688
63,1,8,-1,1,ERROR,2026-07-30T18:37:21.043494
63,1,9,-1,1,ERROR,2026-07-30T18:37:21.275283
63,1,10,-1,1,ERROR,2026-07-30T18:37:21.289949
63,2,1,-1,1,ERROR,2026-07-30T18:37:21.238763
63,2,2,-1,1,ERROR,2026-07-30T18:37:21.238846
63,2,3,-1,1,ERROR,2026-07-30T18:37:21.212924
63,2,4,-1,1,ERROR,2026-07-30T18:37:21.409122
63,2,5,-1,1,ERROR,2026-07-30T18:37:21.609643
63,2,6,-1,1,ERROR,2026-07-30T18:37:21.613110
63,2,7,-1,1,ERROR,2026-07-30T18:37:21.781711
63,2,8,-1,1,ERROR,2026-07-30T18:37:21.809737
63,2,9,-1,1,ERROR,2026-07-30T18:37:21.809819
63,2,10,-1,1,ERROR,2026-07-30T18:37:21.744038
63,3,1,-1,1,ERROR,2026-07-30T18:37:21.764190
63,3,2,-1,1,ERROR,2026-07-30T18:37:21.976361
63,3,3,-1,1,ERROR,2026-07-30T18:37:22.078057
63,3,4,-1,1,ERROR,2026-07-30T18:37:22.078351
63,3,5,-1,1,ERROR,2026-07-30T18:37:22.317996
63,3,6,-1,1,ERROR,2026-07-30T18:37:22.332889
63,3,7,-1,1,ERROR,2026-07-30T18:37:22.353711
63,3,8,-1,1,ERROR,2026-07-30T18:37:22.279401
63,3,9,-1,1,ERROR,2026-07-30T18:37:22.279376
63,3,10,-1,1,ERROR,2026-07-30T18:37:22.445885
63,4,1,-1,1,ERROR,2026-07-30T18:37:22.447735
63,4,2,-1,1,ERROR,2026-07-30T18:37:22.447560
63,4,3,-1,1,ERROR,2026-07-30T18:37:22.646767
63,4,4,-1,1,ERROR,2026-07-30T18:37:22.850188
63,4,5,-1,1,ERROR,2026-07-30T18:37:22.887175
63,4,6,-1,1,ERROR,2026-07-30T18:37:22.809068
63,4,7,-1,1,ERROR,2026-07-30T18:37:22.820933
63,4,8,-1,1,ERROR,2026-07-30T18:37:23.016498
63,4,9,-1,1,ERROR,2026-07-30T18:37:23.016525
63,4,10,-1,1,ERROR,2026-07-30T18:37:23.019460
63,5,1,-1,1,ERROR,2026-07-30T18:37:23.220937
63,5,2,-1,1,ERROR,2026-07-30T18:37:23.174689
63,5,3,-1,1,ERROR,2026-07-30T18:37:23.185047
63,5,4,-1,1,ERROR,2026-07-30T18:37:23.422543
63,5,5,-1,1,ERROR,2026-07-30T18:37:23.348532
63,5,6,-1,1,ERROR,2026-07-30T18:37:23.582135
63,5,7,-1,1,ERROR,2026-07-30T18:37:23.585984
63,5,8,-1,1,ERROR,2026-07-30T18:37:23.590109
63,5,9,-1,1,ERROR,2026-07-30T18:37:23.744679
63,5,10,-1,1,ERROR,2026-07-30T18:37:23.748338
63,6,1,-1,1,ERROR,2026-07-30T18:37:23.784578
63,6,2,-1,1,ERROR,2026-07-30T18:37:23.713793
63,6,3,-1,1,ERROR,2026-07-30T18:37:23.885443
63,6,4,-1,1,ERROR,2026-07-30T18:37:24.156686
63,6,5,-1,1,ERROR,2026-07-30T18:37:24.153398
63,6,6,-1,1,ERROR,2026-07-30T18:37:24.064445
63,6,7,-1,1,ERROR,2026-07-30T18:37:24.281477
63,6,8,-1,1,ERROR,2026-07-30T18:37:24.313873
63,6,9,-1,1,ERROR,2026-07-30T18:37:24.316601
63,6,10,-1,1,ERROR,2026-07-30T18:37:24.352729
63,7,1,-1,1,ERROR,2026-07-30T18:37:24.352760
63,7,2,-1,1,ERROR,2026-07-30T18:37:24.433684
63,7,3,-1,1,ERROR,2026-07-30T18:37:24.623252
63,7,4,-1,1,ERROR,2026-07-30T18:37:24.627523
63,7,5,-1,1,ERROR,2026-07-30T18:37:24.846679
63,7,6,-1,1,ERROR,2026-07-30T18:37:24.891338
63,7,7,-1,1,ERROR,2026-07-30T18:37:24.891313
63,7,8,-1,1,ERROR,2026-07-30T18:37:24.818561
63,7,9,-1,1,ERROR,2026-07-30T18:37:24.825954
63,7,10,-1,1,ERROR,2026-07-30T18:37:25.011028
63,8,1,-1,1,ERROR,2026-07-30T18:37:25.092428
63,8,2,-1,1,ERROR,2026-07-30T18:37:25.096116
63,8,3,-1,1,ERROR,2026-07-30T18:37:25.180062
63,8,4,-1,1,ERROR,2026-07-30T18:37:25.193499
63,8,5,-1,1,ERROR,2026-07-30T18:37:25.416674
63,8,6,-1,1,ERROR,2026-07-30T18:37:25.357738
63,8,7,-1,1,ERROR,2026-07-30T18:37:25.355482
63,8,8,-1,1,ERROR,2026-07-30T18:37:25.583576
63,8,9,-1,1,ERROR,2026-07-30T18:37:25.558866
63,8,10,-1,1,ERROR,2026-07-30T18:37:25.558845
63,9,1,-1,1,ERROR,2026-07-30T18:37:25.553882
63,9,2,-1,1,ERROR,2026-07-30T18:37:25.764340
63,9,3,-1,1,ERROR,2026-07-30T18:37:25.722314
63,9,4,-1,1,ERROR,2026-07-30T18:37:25.718737
63,9,5,-1,1,ERROR,2026-07-30T18:37:25.888010
63,9,6,-1,1,ERROR,2026-07-30T18:37:26.125204
63,9,7,-1,1,ERROR,2026-07-30T18:37:26.138744
63,9,8,-1,1,ERROR,2026-07-30T18:37:26.155631
63,9,9,-1,1,ERROR,2026-07-30T18:37:26.155654
63,9,10,-1,1,ERROR,2026-07-30T18:37:26.289220
63,10,1,-1,1,ERROR,2026-07-30T18:37:26.290615
63,10,2,-1,1,ERROR,2026-07-30T18:37:26.330926
63,10,3,-1,1,ERROR,2026-07-30T18:37:26.257830
63,10,4,-1,1,ERROR,2026-07-30T18:37:26.493207
63,10,5,-1,1,ERROR,2026-07-30T18:37:26.707044
63,10,6,-1,1,ERROR,2026-07-30T18:37:26.726529
63,10,7,-1,1,ERROR,2026-07-30T18:37:26.726580
63,10,8,-1,1,ERROR,2026-07-30T18:37:26.726561
63,10,9,-1,1,ERROR,2026-07-30T18:37:26.758304
63,10,10,-1,1,ERROR,2026-07-30T18:37:26.658436
63,11,1,-1,1,ERROR,2026-07-30T18:37:26.900371
63,11,2,-1,1,ERROR,2026-07-30T18:37:27.062750
63,11,3,-1,1,ERROR,2026-07-30T18:37:27.235801
63,11,4,-1,1,ERROR,2026-07-30T18:37:27.280631
63,11,5,-1,1,ERROR,2026-07-30T18:37:27.196530
63,11,6,-1,1,ERROR,2026-07-30T18:37:27.199735
63,11,7,-1,1,ERROR,2026-07-30T18:37:27.198262
63,11,8,-1,1,ERROR,2026-07-30T18:37:27.235825
63,11,9,-1,1,ERROR,2026-07-30T18:37:27.371024
63,11,10,-1,1,ERROR,2026-07-30T18:37:27.534790
63,12,1,-1,1,ERROR,2026-07-30T18:37:27.764192
63,12,2,-1,1,ERROR,2026-07-30T18:37:27.764162
63,12,3,-1,1,ERROR,2026-07-30T18:37:27.767732
63,12,4,-1,1,ERROR,2026-07-30T18:37:27.805593
63,12,5,-1,1,ERROR,2026-07-30T18:37:27.804337
63,12,6,-1,1,ERROR,2026-07-30T18:37:27.753567
63,12,7,-1,1,ERROR,2026-07-30T18:37:27.934563
63,12,8,-1,1,ERROR,2026-07-30T18:37:27.904513
63,12,9,-1,1,ERROR,2026-07-30T18:37:28.123587
63,12,10,-1,1,ERROR,2026-07-30T18:37:28.335141
63,13,1,-1,1,ERROR,2026-07-30T18:37:28.335107
63,13,2,-1,1,ERROR,2026-07-30T18:37:28.335156
63,13,3,-1,1,ERROR,2026-07-30T18:37:28.376413
63,13,4,-1,1,ERROR,2026-07-30T18:37:28.375185
63,13,5,-1,1,ERROR,2026-07-30T18:37:28.371056
63,13,6,-1,1,ERROR,2026-07-30T18:37:28.402525
63,13,7,-1,1,ERROR,2026-07-30T18:37:28.492120
63,13,8,-1,1,ERROR,2026-07-30T18:37:28.702305
63,13,9,-1,1,ERROR,2026-07-30T18:37:28.702341
63,13,10,-1,1,ERROR,2026-07-30T18:37:28.904399
63,14,1,-1,1,ERROR,2026-07-30T18:37:28.942625
63,14,2,-1,1,ERROR,2026-07-30T18:37:28.942656
63,14,3,-1,1,ERROR,2026-07-30T18:37:28.942720
63,14,4,-1,1,ERROR,2026-07-30T18:37:28.972200
63,14,5,-1,1,ERROR,2026-07-30T18:37:28.959315
63,14,6,-1,1,ERROR,2026-07-30T18:37:29.074486
63,14,7,-1,1,ERROR,2026-07-30T18:37:29.089051
63,14,8,-1,1,ERROR,2026-07-30T18:37:29.272709
63,14,9,-1,1,ERROR,2026-07-30T18:37:29.512758
63,14,10,-1,1,ERROR,2026-07-30T18:37:29.512735
63,15,1,-1,1,ERROR,2026-07-30T18:37:29.508614
63,15,2,-1,1,ERROR,2026-07-30T18:37:29.530836
63,15,3,-1,1,ERROR,2026-07-30T18:37:29.438880
63,15,4,-1,1,ERROR,2026-07-30T18:37:29.645716
63,15,5,-1,1,ERROR,2026-07-30T18:37:29.657482
63,15,6,-1,1,ERROR,2026-07-30T18:37:29.842612
63,15,7,-1,1,ERROR,2026-07-30T18:37:30.011286
63,15,8,-1,1,ERROR,2026-07-30T18:37:29.977159
63,15,9,-1,1,ERROR,2026-07-30T18:37:29.980982
63,15,10,-1,1,ERROR,2026-07-30T18:37:29.977450
63,16,1,-1,1,ERROR,2026-07-30T18:37:29.998121
63,16,2,-1,1,ERROR,2026-07-30T18:37:30.211738
63,16,3,-1,1,ERROR,2026-07-30T18:37:30.226205
63,16,4,-1,1,ERROR,2026-07-30T18:37:30.311044
63,16,5,-1,1,ERROR,2026-07-30T18:37:30.546985
63,16,6,-1,1,ERROR,2026-07-30T18:37:30.541904
63,16,7,-1,1,ERROR,2026-07-30T18:37:30.547004
63,16,8,-1,1,ERROR,2026-07-30T18:37:30.568748
63,16,9,-1,1,ERROR,2026-07-30T18:37:30.577054
63,16,10,-1,1,ERROR,2026-07-30T18:37:30.778159
63,17,1,-1,1,ERROR,2026-07-30T18:37:30.694566
63,17,2,-1,1,ERROR,2026-07-30T18:37:30.778126
63,17,3,-1,1,ERROR,2026-07-30T18:37:30.908441
63,17,4,-1,1,ERROR,2026-07-30T18:37:31.115206
63,17,5,-1,1,ERROR,2026-07-30T18:37:31.115174
63,17,6,-1,1,ERROR,2026-07-30T18:37:31.132433
63,17,7,-1,1,ERROR,2026-07-30T18:37:31.144816
63,17,8,-1,1,ERROR,2026-07-30T18:37:31.157041
63,17,9,-1,1,ERROR,2026-07-30T18:37:31.247338
63,17,10,-1,1,ERROR,2026-07-30T18:37:31.245509
63,18,1,-1,1,ERROR,2026-07-30T18:37:31.477975
63,18,2,-1,1,ERROR,2026-07-30T18:37:31.686349
63,18,3,-1,1,ERROR,2026-07-30T18:37:31.686384
63,18,4,-1,1,ERROR,2026-07-30T18:37:31.602636
63,18,5,-1,1,ERROR,2026-07-30T18:37:31.612865
63,18,6,-1,1,ERROR,2026-07-30T18:37:31.640108
63,18,7,-1,1,ERROR,2026-07-30T18:37:31.810208
63,18,8,-1,1,ERROR,2026-07-30T18:37:31.810232
63,18,9,-1,1,ERROR,2026-07-30T18:37:32.052176
63,18,10,-1,1,ERROR,2026-07-30T18:37:31.970878
63,19,1,-1,1,ERROR,2026-07-30T18:37:31.981570
63,19,2,-1,1,ERROR,2026-07-30T18:37:32.211200
63,19,3,-1,1,ERROR,2026-07-30T18:37:32.152897
63,19,4,-1,1,ERROR,2026-07-30T18:37:32.155267
63,19,5,-1,1,ERROR,2026-07-30T18:37:32.383172
63,19,6,-1,1,ERROR,2026-07-30T18:37:32.383208
63,19,7,-1,1,ERROR,2026-07-30T18:37:32.437611
63,19,8,-1,1,ERROR,2026-07-30T18:37:32.759315
63,19,9,-1,1,ERROR,2026-07-30T18:37:32.722371
63,19,10,-1,1,ERROR,2026-07-30T18:37:32.722451
63,20,1,-1,1,ERROR,2026-07-30T18:37:32.738710
63,20,2,-1,1,ERROR,2026-07-30T18:37:32.884584
63,20,3,-1,1,ERROR,2026-07-30T18:37:32.948305
63,20,4,-1,1,ERROR,2026-07-30T18:37:32.948637
63,20,5,-1,1,ERROR,2026-07-30T18:37:32.904592
63,20,6,-1,1,ERROR,2026-07-30T18:37:33.094821
63,20,7,-1,1,ERROR,2026-07-30T18:37:33.296939
63,20,8,-1,1,ERROR,2026-07-30T18:37:33.306627
63,20,9,-1,1,ERROR,2026-07-30T18:37:33.330483
63,20,10,-1,1,ERROR,2026-07-30T18:37:33.253434
63,21,1,-1,1,ERROR,2026-07-30T18:37:33.471367
63,21,2,-1,1,ERROR,2026-07-30T18:37:33.515951
63,21,3,-1,1,ERROR,2026-07-30T18:37:33.518858
63,21,4,-1,1,ERROR,2026-07-30T18:37:33.663272
63,21,5,-1,1,ERROR,2026-07-30T18:37:33.618074
63,21,6,-1,1,ERROR,2026-07-30T18:37:33.864287
63,21,7,-1,1,ERROR,2026-07-30T18:37:33.875773
63,21,8,-1,1,ERROR,2026-07-30T18:37:33.794894
63,21,9,-1,1,ERROR,2026-07-30T18:37:34.040583
63,21,10,-1,1,ERROR,2026-07-30T18:37:33.980220
63,22,1,-1,1,ERROR,2026-07-30T18:37:33.985365
63,22,2,-1,1,ERROR,2026-07-30T18:37:33.980191
63,22,3,-1,1,ERROR,2026-07-30T18:37:34.231802
63,22,4,-1,1,ERROR,2026-07-30T18:37:34.161662
63,22,5,-1,1,ERROR,2026-07-30T18:37:34.340517
63,22,6,-1,1,ERROR,2026-07-30T18:37:34.344270
63,22,7,-1,1,ERROR,2026-07-30T18:37:34.551157
63,22,8,-1,1,ERROR,2026-07-30T18:37:34.557209
63,22,9,-1,1,ERROR,2026-07-30T18:37:34.551126
63,22,10,-1,1,ERROR,2026-07-30T18:37:34.507409
63,23,1,-1,1,ERROR,2026-07-30T18:37:34.730270
63,23,2,-1,1,ERROR,2026-07-30T18:37:34.703333
63,23,3,-1,1,ERROR,2026-07-30T18:37:34.909460
63,23,4,-1,1,ERROR,2026-07-30T18:37:34.909485
63,23,5,-1,1,ERROR,2026-07-30T18:37:35.074575
63,23,6,-1,1,ERROR,2026-07-30T18:37:35.019707
63,23,7,-1,1,ERROR,2026-07-30T18:37:35.021065
63,23,8,-1,1,ERROR,2026-07-30T18:37:35.021999
63,23,9,-1,1,ERROR,2026-07-30T18:37:35.274431
63,23,10,-1,1,ERROR,2026-07-30T18:37:35.194392
63,24,1,-1,1,ERROR,2026-07-30T18:37:35.387208
63,24,2,-1,1,ERROR,2026-07-30T18:37:35.387464
63,24,3,-1,1,ERROR,2026-07-30T18:37:35.628039
63,24,4,-1,1,ERROR,2026-07-30T18:37:35.593735
63,24,5,-1,1,ERROR,2026-07-30T18:37:35.593800
63,24,6,-1,1,ERROR,2026-07-30T18:37:35.543746
63,24,7,-1,1,ERROR,2026-07-30T18:37:35.780557
63,24,8,-1,1,ERROR,2026-07-30T18:37:35.745321
63,24,9,-1,1,ERROR,2026-07-30T18:37:35.955974
63,24,10,-1,1,ERROR,2026-07-30T18:37:35.956004
63,25,1,-1,1,ERROR,2026-07-30T18:37:36.107535
63,25,2,-1,1,ERROR,2026-07-30T18:37:36.057833
63,25,3,-1,1,ERROR,2026-07-30T18:37:36.067455
63,25,4,-1,1,ERROR,2026-07-30T18:37:36.098019
63,25,5,-1,1,ERROR,2026-07-30T18:37:36.327162
63,25,6,-1,1,ERROR,2026-07-30T18:37:36.255602
63,25,7,-1,1,ERROR,2026-07-30T18:37:36.424386
63,25,8,-1,1,ERROR,2026-07-30T18:37:36.424356
63,25,9,-1,1,ERROR,2026-07-30T18:37:36.427973
63,25,10,-1,1,ERROR,2026-07-30T18:37:36.634209
63,26,1,-1,1,ERROR,2026-07-30T18:37:36.670915
63,26,2,-1,1,ERROR,2026-07-30T18:37:36.680967
63,26,3,-1,1,ERROR,2026-07-30T18:37:36.825516
63,26,4,-1,1,ERROR,2026-07-30T18:37:36.791937
63,26,5,-1,1,ERROR,2026-07-30T18:37:36.993695
63,26,6,-1,1,ERROR,2026-07-30T18:37:36.993623
63,26,7,-1,1,ERROR,2026-07-30T18:37:36.993670
63,26,8,-1,1,ERROR,2026-07-30T18:37:37.200505
63,26,9,-1,1,ERROR,2026-07-30T18:37:37.138756
63,26,10,-1,1,ERROR,2026-07-30T18:37:37.153975
63,27,1,-1,1,ERROR,2026-07-30T18:37:37.357870
63,27,2,-1,1,ERROR,2026-07-30T18:37:37.295665
63,27,3,-1,1,ERROR,2026-07-30T18:37:37.659427
63,27,4,-1,1,ERROR,2026-07-30T18:37:37.664715
63,27,5,-1,1,ERROR,2026-07-30T18:37:37.662309
63,27,6,-1,1,ERROR,2026-07-30T18:37:37.810493
63,27,7,-1,1,ERROR,2026-07-30T18:37:37.824159
63,27,8,-1,1,ERROR,2026-07-30T18:37:37.867474
63,27,9,-1,1,ERROR,2026-07-30T18:37:37.861970
63,27,10,-1,1,ERROR,2026-07-30T18:37:37.824180
63,28,1,-1,1,ERROR,2026-07-30T18:37:38.228761
63,28,2,-1,1,ERROR,2026-07-30T18:37:38.024894
63,28,3,-1,1,ERROR,2026-07-30T18:37:38.236782
63,28,4,-1,1,ERROR,2026-07-30T18:37:38.179219
63,28,5,-1,1,ERROR,2026-07-30T18:37:38.187171
63,28,6,-1,1,ERROR,2026-07-30T18:37:38.393466
63,28,7,-1,1,ERROR,2026-07-30T18:37:38.428299
63,28,8,-1,1,ERROR,2026-07-30T18:37:38.432356
63,28,9,-1,1,ERROR,2026-07-30T18:37:38.588227
63,28,10,-1,1,ERROR,2026-07-30T18:37:38.746565
63,29,1,-1,1,ERROR,2026-07-30T18:37:38.756161
63,29,2,-1,1,ERROR,2026-07-30T18:37:38.696214
63,29,3,-1,1,ERROR,2026-07-30T18:37:38.704753
63,29,4,-1,1,ERROR,2026-07-30T18:37:38.960529
63,29,5,-1,1,ERROR,2026-07-30T18:37:38.893874
63,29,6,-1,1,ERROR,2026-07-30T18:37:38.893846
63,29,7,-1,1,ERROR,2026-07-30T18:37:39.056371
63,29,8,-1,1,ERROR,2026-07-30T18:37:39.060884
63,29,9,-1,1,ERROR,2026-07-30T18:37:39.270643
63,29,10,-1,1,ERROR,2026-07-30T18:37:39.211736
63,30,1,-1,1,ERROR,2026-07-30T18:37:39.219286
63,30,2,-1,1,ERROR,2026-07-30T18:37:39.465710
63,30,3,-1,1,ERROR,2026-07-30T18:37:39.461843
63,30,4,-1,1,ERROR,2026-07-30T18:37:39.430565
63,30,5,-1,1,ERROR,2026-07-30T18:37:39.624375
63,30,6,-1,1,ERROR,2026-07-30T18:37:39.631506
63,30,7,-1,1,ERROR,2026-07-30T18:37:39.576126
63,30,8,-1,1,ERROR,2026-07-30T18:37:39.579747
63,30,9,-1,1,ERROR,2026-07-30T18:37:39.833190
63,30,10,-1,1,ERROR,2026-07-30T18:37:39.999801
64,1,1,-1,1,ERROR,2026-07-30T18:37:39.931581
64,1,2,-1,1,ERROR,2026-07-30T18:37:39.931621
64,1,3,-1,1,ERROR,2026-07-30T18:37:40.144079
64,1,4,-1,1,ERROR,2026-07-30T18:37:40.145662
64,1,5,-1,1,ERROR,2026-07-30T18:37:40.194135
64,1,6,-1,1,ERROR,2026-07-30T18:37:40.100394
64,1,7,-1,1,ERROR,2026-07-30T18:37:40.297179
64,1,8,-1,1,ERROR,2026-07-30T18:37:40.503595
64,1,9,-1,1,ERROR,2026-07-30T18:37:40.298350
64,1,10,-1,1,ERROR,2026-07-30T18:37:40.467603
64,2,1,-1,1,ERROR,2026-07-30T18:37:40.473296
64,2,2,-1,1,ERROR,2026-07-30T18:37:40.710264
64,2,3,-1,1,ERROR,2026-07-30T18:37:40.710301
64,2,4,-1,1,ERROR,2026-07-30T18:37:40.663372
64,2,5,-1,1,ERROR,2026-07-30T18:37:40.872534
64,2,6,-1,1,ERROR,2026-07-30T18:37:40.865019
64,2,7,-1,1,ERROR,2026-07-30T18:37:41.044709
64,2,8,-1,1,ERROR,2026-07-30T18:37:41.044732
64,2,9,-1,1,ERROR,2026-07-30T18:37:40.975744
64,2,10,-1,1,ERROR,2026-07-30T18:37:41.230232
64,3,1,-1,1,ERROR,2026-07-30T18:37:41.180614
64,3,2,-1,1,ERROR,2026-07-30T18:37:41.179583
64,3,3,-1,1,ERROR,2026-07-30T18:37:41.432150
64,3,4,-1,1,ERROR,2026-07-30T18:37:41.339002
64,3,5,-1,1,ERROR,2026-07-30T18:37:41.340410
64,3,6,-1,1,ERROR,2026-07-30T18:37:41.611366
64,3,7,-1,1,ERROR,2026-07-30T18:37:41.612627
64,3,8,-1,1,ERROR,2026-07-30T18:37:41.754094
64,3,9,-1,1,ERROR,2026-07-30T18:37:41.748905
64,3,10,-1,1,ERROR,2026-07-30T18:37:41.799197
64,4,1,-1,1,ERROR,2026-07-30T18:37:41.710145
64,4,2,-1,1,ERROR,2026-07-30T18:37:41.708993
64,4,3,-1,1,ERROR,2026-07-30T18:37:41.902884
64,4,4,-1,1,ERROR,2026-07-30T18:37:42.081997
64,4,5,-1,1,ERROR,2026-07-30T18:37:42.078224
64,4,6,-1,1,ERROR,2026-07-30T18:37:42.074416
64,4,7,-1,1,ERROR,2026-07-30T18:37:42.283574
64,4,8,-1,1,ERROR,2026-07-30T18:37:42.317507
64,4,9,-1,1,ERROR,2026-07-30T18:37:42.321417
64,4,10,-1,1,ERROR,2026-07-30T18:37:42.269757
64,5,1,-1,1,ERROR,2026-07-30T18:37:42.474128
64,5,2,-1,1,ERROR,2026-07-30T18:37:42.441147
64,5,3,-1,1,ERROR,2026-07-30T18:37:42.653594
64,5,4,-1,1,ERROR,2026-07-30T18:37:42.653563
64,5,5,-1,1,ERROR,2026-07-30T18:37:42.833852
64,5,6,-1,1,ERROR,2026-07-30T18:37:42.854286
64,5,7,-1,1,ERROR,2026-07-30T18:37:42.882883
64,5,8,-1,1,ERROR,2026-07-30T18:37:42.890186
64,5,9,-1,1,ERROR,2026-07-30T18:37:43.010219
64,5,10,-1,1,ERROR,2026-07-30T18:37:43.043921
64,6,1,-1,1,ERROR,2026-07-30T18:37:43.223276
64,6,2,-1,1,ERROR,2026-07-30T18:37:43.223872
64,6,3,-1,1,ERROR,2026-07-30T18:37:43.414225
64,6,4,-1,1,ERROR,2026-07-30T18:37:43.425680
64,6,5,-1,1,ERROR,2026-07-30T18:37:43.351127
64,6,6,-1,1,ERROR,2026-07-30T18:37:43.357411
64,6,7,-1,1,ERROR,2026-07-30T18:37:43.578985
64,6,8,-1,1,ERROR,2026-07-30T18:37:43.510680
64,6,9,-1,1,ERROR,2026-07-30T18:37:43.695258
64,6,10,-1,1,ERROR,2026-07-30T18:37:43.692693
64,7,1,-1,1,ERROR,2026-07-30T18:37:43.920669
64,7,2,-1,1,ERROR,2026-07-30T18:37:43.930264
64,7,3,-1,1,ERROR,2026-07-30T18:37:43.879997
64,7,4,-1,1,ERROR,2026-07-30T18:37:43.896226
64,7,5,-1,1,ERROR,2026-07-30T18:37:43.876903
64,7,6,-1,1,ERROR,2026-07-30T18:37:44.052048
64,7,7,-1,1,ERROR,2026-07-30T18:37:44.061417
64,7,8,-1,1,ERROR,2026-07-30T18:37:44.060666
64,7,9,-1,1,ERROR,2026-07-30T18:37:44.249681
64,7,10,-1,1,ERROR,2026-07-30T18:37:44.249707
64,8,1,-1,1,ERROR,2026-07-30T18:37:44.466953
64,8,2,-1,1,ERROR,2026-07-30T18:37:44.489599
64,8,3,-1,1,ERROR,2026-07-30T18:37:44.494501
64,8,4,-1,1,ERROR,2026-07-30T18:37:44.420596
64,8,5,-1,1,ERROR,2026-07-30T18:37:44.629197
64,8,6,-1,1,ERROR,2026-07-30T18:37:44.629110
64,8,7,-1,1,ERROR,2026-07-30T18:37:44.820685
64,8,8,-1,1,ERROR,2026-07-30T18:37:44.820711
64,8,9,-1,1,ERROR,2026-07-30T18:37:44.996031
64,8,10,-1,1,ERROR,2026-07-30T18:37:45.035483
64,9,1,-1,1,ERROR,2026-07-30T18:37:44.958689
64,9,2,-1,1,ERROR,2026-07-30T18:37:44.958660
64,9,3,-1,1,ERROR,2026-07-30T18:37:45.203599
64,9,4,-1,1,ERROR,2026-07-30T18:37:45.203571
64,9,5,-1,1,ERROR,2026-07-30T18:37:45.391715
64,9,6,-1,1,ERROR,2026-07-30T18:37:45.391338
64,9,7,-1,1,ERROR,2026-07-30T18:37:45.528209
64,9,8,-1,1,ERROR,2026-07-30T18:37:45.528155
64,9,9,-1,1,ERROR,2026-07-30T18:37:45.565920
64,9,10,-1,1,ERROR,2026-07-30T18:37:45.507483
64,10,1,-1,1,ERROR,2026-07-30T18:37:45.671904
64,10,2,-1,1,ERROR,2026-07-30T18:37:45.671927
64,10,3,-1,1,ERROR,2026-07-30T18:37:45.859989
64,10,4,-1,1,ERROR,2026-07-30T18:37:45.862107
64,10,5,-1,1,ERROR,2026-07-30T18:37:46.084526
64,10,6,-1,1,ERROR,2026-07-30T18:37:46.093915
64,10,7,-1,1,ERROR,2026-07-30T18:37:46.100047
64,10,8,-1,1,ERROR,2026-07-30T18:37:46.036228
64,10,9,-1,1,ERROR,2026-07-30T18:37:46.242567
64,10,10,-1,1,ERROR,2026-07-30T18:37:46.242593
64,11,1,-1,1,ERROR,2026-07-30T18:37:46.427445
64,11,2,-1,1,ERROR,2026-07-30T18:37:46.426329
64,11,3,-1,1,ERROR,2026-07-30T18:37:46.602579
64,11,4,-1,1,ERROR,2026-07-30T18:37:46.550642
64,11,5,-1,1,ERROR,2026-07-30T18:37:46.560245
64,11,6,-1,1,ERROR,2026-07-30T18:37:46.565261
64,11,7,-1,1,ERROR,2026-07-30T18:37:46.708904
64,11,8,-1,1,ERROR,2026-07-30T18:37:46.713322
64,11,9,-1,1,ERROR,2026-07-30T18:37:46.900026
64,11,10,-1,1,ERROR,2026-07-30T18:37:46.898336
64,12,1,-1,1,ERROR,2026-07-30T18:37:47.120873
64,12,2,-1,1,ERROR,2026-07-30T18:37:47.128731
64,12,3,-1,1,ERROR,2026-07-30T18:37:47.131028
64,12,4,-1,1,ERROR,2026-07-30T18:37:47.069493
64,12,5,-1,1,ERROR,2026-07-30T18:37:47.281967
64,12,6,-1,1,ERROR,2026-07-30T18:37:47.280830
64,12,7,-1,1,ERROR,2026-07-30T18:37:47.476675
64,12,8,-1,1,ERROR,2026-07-30T18:37:47.485307
64,12,9,-1,1,ERROR,2026-07-30T18:37:47.441299
64,12,10,-1,1,ERROR,2026-07-30T18:37:47.691941
64,13,1,-1,1,ERROR,2026-07-30T18:37:47.607112
64,13,2,-1,1,ERROR,2026-07-30T18:37:47.693172
64,13,3,-1,1,ERROR,2026-07-30T18:37:47.852730
64,13,4,-1,1,ERROR,2026-07-30T18:37:47.852756
64,13,5,-1,1,ERROR,2026-07-30T18:37:48.014171
64,13,6,-1,1,ERROR,2026-07-30T18:37:48.044016
64,13,7,-1,1,ERROR,2026-07-30T18:37:48.052662
64,13,8,-1,1,ERROR,2026-07-30T18:37:47.976540
64,13,9,-1,1,ERROR,2026-07-30T18:37:48.160972
64,13,10,-1,1,ERROR,2026-07-30T18:37:48.157526
64,14,1,-1,1,ERROR,2026-07-30T18:37:48.422017
64,14,2,-1,1,ERROR,2026-07-30T18:37:48.426676
64,14,3,-1,1,ERROR,2026-07-30T18:37:48.345024
64,14,4,-1,1,ERROR,2026-07-30T18:37:48.585229
64,14,5,-1,1,ERROR,2026-07-30T18:37:48.609739
64,14,6,-1,1,ERROR,2026-07-30T18:37:48.623187
64,14,7,-1,1,ERROR,2026-07-30T18:37:48.624925
64,14,8,-1,1,ERROR,2026-07-30T18:37:48.529378
64,14,9,-1,1,ERROR,2026-07-30T18:37:48.716287
64,14,10,-1,1,ERROR,2026-07-30T18:37:48.894957
64,15,1,-1,1,ERROR,2026-07-30T18:37:48.896765
64,15,2,-1,1,ERROR,2026-07-30T18:37:48.894578
64,15,3,-1,1,ERROR,2026-07-30T18:37:49.157342
64,15,4,-1,1,ERROR,2026-07-30T18:37:49.078558
64,15,5,-1,1,ERROR,2026-07-30T18:37:49.091531
64,15,6,-1,1,ERROR,2026-07-30T18:37:49.098442
64,15,7,-1,1,ERROR,2026-07-30T18:37:49.293654
64,15,8,-1,1,ERROR,2026-07-30T18:37:49.266185
64,15,9,-1,1,ERROR,2026-07-30T18:37:49.268255
64,15,10,-1,1,ERROR,2026-07-30T18:37:49.265602
64,16,1,-1,1,ERROR,2026-07-30T18:37:49.448001
64,16,2,-1,1,ERROR,2026-07-30T18:37:49.662321
64,16,3,-1,1,ERROR,2026-07-30T18:37:49.673322
64,16,4,-1,1,ERROR,2026-07-30T18:37:49.627148
64,16,5,-1,1,ERROR,2026-07-30T18:37:49.841016
64,16,6,-1,1,ERROR,2026-07-30T18:37:49.841257
64,16,7,-1,1,ERROR,2026-07-30T18:37:49.846254
64,16,8,-1,1,ERROR,2026-07-30T18:37:49.861878
64,16,9,-1,1,ERROR,2026-07-30T18:37:50.018718
64,16,10,-1,1,ERROR,2026-07-30T18:37:50.198459
64,17,1,-1,1,ERROR,2026-07-30T18:37:50.228807
64,17,2,-1,1,ERROR,2026-07-30T18:37:50.140377
64,17,3,-1,1,ERROR,2026-07-30T18:37:50.410024
64,17,4,-1,1,ERROR,2026-07-30T18:37:50.408747
64,17,5,-1,1,ERROR,2026-07-30T18:37:50.416430
64,17,6,-1,1,ERROR,2026-07-30T18:37:50.329054
64,17,7,-1,1,ERROR,2026-07-30T18:37:50.589810
64,17,8,-1,1,ERROR,2026-07-30T18:37:50.505757
64,17,9,-1,1,ERROR,2026-07-30T18:37:50.769728
64,17,10,-1,1,ERROR,2026-07-30T18:37:50.702933
64,18,1,-1,1,ERROR,2026-07-30T18:37:50.908100
64,18,2,-1,1,ERROR,2026-07-30T18:37:50.873661
64,18,3,-1,1,ERROR,2026-07-30T18:37:50.878224
64,18,4,-1,1,ERROR,2026-07-30T18:37:50.878438
64,18,5,-1,1,ERROR,2026-07-30T18:37:50.873625
64,18,6,-1,1,ERROR,2026-07-30T18:37:51.059732
64,18,7,-1,1,ERROR,2026-07-30T18:37:51.071512
64,18,8,-1,1,ERROR,2026-07-30T18:37:51.337745
64,18,9,-1,1,ERROR,2026-07-30T18:37:51.248530
64,18,10,-1,1,ERROR,2026-07-30T18:37:51.343369
64,19,1,-1,1,ERROR,2026-07-30T18:37:51.245169
64,19,2,-1,1,ERROR,2026-07-30T18:37:51.248720
64,19,3,-1,1,ERROR,2026-07-30T18:37:51.478701
64,19,4,-1,1,ERROR,2026-07-30T18:37:51.428641
64,19,5,-1,1,ERROR,2026-07-30T18:37:51.438788
64,19,6,-1,1,ERROR,2026-07-30T18:37:51.614311
64,19,7,-1,1,ERROR,2026-07-30T18:37:51.619882
64,19,8,-1,1,ERROR,2026-07-30T18:37:51.619851
64,19,9,-1,1,ERROR,2026-07-30T18:37:51.811507
64,19,10,-1,1,ERROR,2026-07-30T18:37:51.811725
64,20,1,-1,1,ERROR,2026-07-30T18:37:51.797269
64,20,2,-1,1,ERROR,2026-07-30T18:37:52.012572
64,20,3,-1,1,ERROR,2026-07-30T18:37:52.052644
64,20,4,-1,1,ERROR,2026-07-30T18:37:51.979429
64,20,5,-1,1,ERROR,2026-07-30T18:37:52.189209
64,20,6,-1,1,ERROR,2026-07-30T18:37:52.186622
64,20,7,-1,1,ERROR,2026-07-30T18:37:52.367818
64,20,8,-1,1,ERROR,2026-07-30T18:37:52.380333
64,20,9,-1,1,ERROR,2026-07-30T18:37:52.387925
64,20,10,-1,1,ERROR,2026-07-30T18:37:52.551885
64,21,1,-1,1,ERROR,2026-07-30T18:37:52.580962
64,21,2,-1,1,ERROR,2026-07-30T18:37:52.623746
64,21,3,-1,1,ERROR,2026-07-30T18:37:52.756879
64,21,4,-1,1,ERROR,2026-07-30T18:37:52.756846
64,21,5,-1,1,ERROR,2026-07-30T18:37:52.938007
64,21,6,-1,1,ERROR,2026-07-30T18:37:52.950778
64,21,7,-1,1,ERROR,2026-07-30T18:37:52.957493
64,21,8,-1,1,ERROR,2026-07-30T18:37:53.121609
64,21,9,-1,1,ERROR,2026-07-30T18:37:53.153355
64,21,10,-1,1,ERROR,2026-07-30T18:37:53.096476
64,22,1,-1,1,ERROR,2026-07-30T18:37:53.318254
64,22,2,-1,1,ERROR,2026-07-30T18:37:53.322258
64,22,3,-1,1,ERROR,2026-07-30T18:37:53.411619
64,22,4,-1,1,ERROR,2026-07-30T18:37:53.416191
64,22,5,-1,1,ERROR,2026-07-30T18:37:53.425172
64,22,6,-1,1,ERROR,2026-07-30T18:37:53.667803
64,22,7,-1,1,ERROR,2026-07-30T18:37:53.593381
64,22,8,-1,1,ERROR,2026-07-30T18:37:53.623257
64,22,9,-1,1,ERROR,2026-07-30T18:37:53.788147
64,22,10,-1,1,ERROR,2026-07-30T18:37:53.789864
64,23,1,-1,1,ERROR,2026-07-30T18:37:53.773846
64,23,2,-1,1,ERROR,2026-07-30T18:37:53.782948
64,23,3,-1,1,ERROR,2026-07-30T18:37:53.991351
64,23,4,-1,1,ERROR,2026-07-30T18:37:53.964156
64,23,5,-1,1,ERROR,2026-07-30T18:37:54.193474
64,23,6,-1,1,ERROR,2026-07-30T18:37:54.135566
64,23,7,-1,1,ERROR,2026-07-30T18:37:54.144283
64,23,8,-1,1,ERROR,2026-07-30T18:37:54.355531
64,23,9,-1,1,ERROR,2026-07-30T18:37:54.354422
64,23,10,-1,1,ERROR,2026-07-30T18:37:54.358587
64,24,1,-1,1,ERROR,2026-07-30T18:37:54.535236
64,24,2,-1,1,ERROR,2026-07-30T18:37:54.563650
64,24,3,-1,1,ERROR,2026-07-30T18:37:54.707829
64,24,4,-1,1,ERROR,2026-07-30T18:37:54.713772
64,24,5,-1,1,ERROR,2026-07-30T18:37:54.663878
64,24,6,-1,1,ERROR,2026-07-30T18:37:54.919213
64,24,7,-1,1,ERROR,2026-07-30T18:37:54.916568
64,24,8,-1,1,ERROR,2026-07-30T18:37:54.928200
64,24,9,-1,1,ERROR,2026-07-30T18:37:55.106964
64,24,10,-1,1,ERROR,2026-07-30T18:37:55.029231
64,25,1,-1,1,ERROR,2026-07-30T18:37:55.031644
64,25,2,-1,1,ERROR,2026-07-30T18:37:55.281583
64,25,3,-1,1,ERROR,2026-07-30T18:37:55.281645
64,25,4,-1,1,ERROR,2026-07-30T18:37:55.382606
64,25,5,-1,1,ERROR,2026-07-30T18:37:55.385953
64,25,6,-1,1,ERROR,2026-07-30T18:37:55.390639
64,25,7,-1,1,ERROR,2026-07-30T18:37:55.601914
64,25,8,-1,1,ERROR,2026-07-30T18:37:55.597579
64,25,9,-1,1,ERROR,2026-07-30T18:37:55.601891
64,25,10,-1,1,ERROR,2026-07-30T18:37:55.753860
64,26,1,-1,1,ERROR,2026-07-30T18:37:55.745179
64,26,2,-1,1,ERROR,2026-07-30T18:37:55.948504
64,26,3,-1,1,ERROR,2026-07-30T18:37:55.949583
64,26,4,-1,1,ERROR,2026-07-30T18:37:55.955119
64,26,5,-1,1,ERROR,2026-07-30T18:37:56.067147
64,26,6,-1,1,ERROR,2026-07-30T18:37:56.067120
64,26,7,-1,1,ERROR,2026-07-30T18:37:56.070227
64,26,8,-1,1,ERROR,2026-07-30T18:37:56.311286
64,26,9,-1,1,ERROR,2026-07-30T18:37:56.220619
64,26,10,-1,1,ERROR,2026-07-30T18:37:56.416116
64,27,1,-1,1,ERROR,2026-07-30T18:37:56.416146
64,27,2,-1,1,ERROR,2026-07-30T18:37:56.418367
64,27,3,-1,1,ERROR,2026-07-30T18:37:56.637229
64,27,4,-1,1,ERROR,2026-07-30T18:37:56.637717
64,27,5,-1,1,ERROR,2026-07-30T18:37:56.637199
64,27,6,-1,1,ERROR,2026-07-30T18:37:56.587227
64,27,7,-1,1,ERROR,2026-07-30T18:37:56.781721
64,27,8,-1,1,ERROR,2026-07-30T18:37:56.982885
64,27,9,-1,1,ERROR,2026-07-30T18:37:56.983168
64,27,10,-1,1,ERROR,2026-07-30T18:37:56.983040
64,28,1,-1,1,ERROR,2026-07-30T18:37:57.151500
64,28,2,-1,1,ERROR,2026-07-30T18:37:57.106046
64,28,3,-1,1,ERROR,2026-07-30T18:37:57.102231
64,28,4,-1,1,ERROR,2026-07-30T18:37:57.103935
64,28,5,-1,1,ERROR,2026-07-30T18:37:57.350709
64,28,6,-1,1,ERROR,2026-07-30T18:37:57.452971
64,28,7,-1,1,ERROR,2026-07-30T18:37:57.452938
64,28,8,-1,1,ERROR,2026-07-30T18:37:57.456531
64,28,9,-1,1,ERROR,2026-07-30T18:37:57.674627
64,28,10,-1,1,ERROR,2026-07-30T18:37:57.674583
64,29,1,-1,1,ERROR,2026-07-30T18:37:57.674606
64,29,2,-1,1,ERROR,2026-07-30T18:37:57.717626
64,29,3,-1,1,ERROR,2026-07-30T18:37:57.820903
64,29,4,-1,1,ERROR,2026-07-30T18:37:57.818313
64,29,5,-1,1,ERROR,2026-07-30T18:37:57.818277
64,29,6,-1,1,ERROR,2026-07-30T18:37:58.023652
64,29,7,-1,1,ERROR,2026-07-30T18:37:58.241893
64,29,8,-1,1,ERROR,2026-07-30T18:37:58.142263
64,29,9,-1,1,ERROR,2026-07-30T18:37:58.241867
64,29,10,-1,1,ERROR,2026-07-30T18:37:58.185204
64,30,1,-1,1,ERROR,2026-07-30T18:37:58.387132
64,30,2,-1,1,ERROR,2026-07-30T18:37:58.393638
64,30,3,-1,1,ERROR,2026-07-30T18:37:58.393664
64,30,4,-1,1,ERROR,2026-07-30T18:37:58.589232
64,30,5,-1,1,ERROR,2026-07-30T18:37:58.511801
64,30,6,-1,1,ERROR,2026-07-30T18:37:58.753419
64,30,7,-1,1,ERROR,2026-07-30T18:37:58.710439
64,30,8,-1,1,ERROR,2026-07-30T18:37:58.710401
64,30,9,-1,1,ERROR,2026-07-30T18:37:58.952214
64,30,10,-1,1,ERROR,2026-07-30T18:37:58.955388
65,1,1,-1,1,ERROR,2026-07-30T18:37:58.861499
65,1,2,-1,1,ERROR,2026-07-30T18:37:59.079572
65,1,3,-1,1,ERROR,2026-07-30T18:37:59.060068
65,1,4,-1,1,ERROR,2026-07-30T18:37:59.281737
65,1,5,-1,1,ERROR,2026-07-30T18:37:59.281708
65,1,6,-1,1,ERROR,2026-07-30T18:37:59.224564
65,1,7,-1,1,ERROR,2026-07-30T18:37:59.226136
65,1,8,-1,1,ERROR,2026-07-30T18:37:59.424176
65,1,9,-1,1,ERROR,2026-07-30T18:37:59.424144
65,1,10,-1,1,ERROR,2026-07-30T18:37:59.634257
65,2,1,-1,1,ERROR,2026-07-30T18:37:59.649249
65,2,2,-1,1,ERROR,2026-07-30T18:37:59.795978
65,2,3,-1,1,ERROR,2026-07-30T18:37:59.795951
65,2,4,-1,1,ERROR,2026-07-30T18:37:59.852201
65,2,5,-1,1,ERROR,2026-07-30T18:37:59.751964
65,2,6,-1,1,ERROR,2026-07-30T18:38:00.003909
65,2,7,-1,1,ERROR,2026-07-30T18:38:00.003943
65,2,8,-1,1,ERROR,2026-07-30T18:38:00.205983
65,2,9,-1,1,ERROR,2026-07-30T18:38:00.211064
65,2,10,-1,1,ERROR,2026-07-30T18:38:00.126952
65,3,1,-1,1,ERROR,2026-07-30T18:38:00.364806
65,3,2,-1,1,ERROR,2026-07-30T18:38:00.364835
65,3,3,-1,1,ERROR,2026-07-30T18:38:00.316414
65,3,4,-1,1,ERROR,2026-07-30T18:38:00.577474
65,3,5,-1,1,ERROR,2026-07-30T18:38:00.571735
65,3,6,-1,1,ERROR,2026-07-30T18:38:00.495159
65,3,7,-1,1,ERROR,2026-07-30T18:38:00.671774
65,3,8,-1,1,ERROR,2026-07-30T18:38:00.678442
65,3,9,-1,1,ERROR,2026-07-30T18:38:00.889813
65,3,10,-1,1,ERROR,2026-07-30T18:38:00.934076
65,4,1,-1,1,ERROR,2026-07-30T18:38:00.934109
65,4,2,-1,1,ERROR,2026-07-30T18:38:01.066493
65,4,3,-1,1,ERROR,2026-07-30T18:38:01.039421
65,4,4,-1,1,ERROR,2026-07-30T18:38:01.052525
65,4,5,-1,1,ERROR,2026-07-30T18:38:01.037291
65,4,6,-1,1,ERROR,2026-07-30T18:38:01.242797
65,4,7,-1,1,ERROR,2026-07-30T18:38:01.466966
65,4,8,-1,1,ERROR,2026-07-30T18:38:01.402973
65,4,9,-1,1,ERROR,2026-07-30T18:38:01.399785
65,4,10,-1,1,ERROR,2026-07-30T18:38:01.605380
65,5,1,-1,1,ERROR,2026-07-30T18:38:01.610654
65,5,2,-1,1,ERROR,2026-07-30T18:38:01.622435
65,5,3,-1,1,ERROR,2026-07-30T18:38:01.632876
65,5,4,-1,1,ERROR,2026-07-30T18:38:01.811857
65,5,5,-1,1,ERROR,2026-07-30T18:38:01.972149
65,5,6,-1,1,ERROR,2026-07-30T18:38:01.973249
65,5,7,-1,1,ERROR,2026-07-30T18:38:01.935859
65,5,8,-1,1,ERROR,2026-07-30T18:38:02.173353
65,5,9,-1,1,ERROR,2026-07-30T18:38:02.180606
65,5,10,-1,1,ERROR,2026-07-30T18:38:02.199336
65,6,1,-1,1,ERROR,2026-07-30T18:38:02.200790
65,6,2,-1,1,ERROR,2026-07-30T18:38:02.379088
65,6,3,-1,1,ERROR,2026-07-30T18:38:02.300725
65,6,4,-1,1,ERROR,2026-07-30T18:38:02.541314
65,6,5,-1,1,ERROR,2026-07-30T18:38:02.540979
65,6,6,-1,1,ERROR,2026-07-30T18:38:02.741961
65,6,7,-1,1,ERROR,2026-07-30T18:38:02.744954
65,6,8,-1,1,ERROR,2026-07-30T18:38:02.663576
65,6,9,-1,1,ERROR,2026-07-30T18:38:02.671089
65,6,10,-1,1,ERROR,2026-07-30T18:38:02.869040
65,7,1,-1,1,ERROR,2026-07-30T18:38:02.842751
65,7,2,-1,1,ERROR,2026-07-30T18:38:03.109951
65,7,3,-1,1,ERROR,2026-07-30T18:38:03.109983
65,7,4,-1,1,ERROR,2026-07-30T18:38:03.026540
65,7,5,-1,1,ERROR,2026-07-30T18:38:03.237003
65,7,6,-1,1,ERROR,2026-07-30T18:38:03.218368
65,7,7,-1,1,ERROR,2026-07-30T18:38:03.212027
65,7,8,-1,1,ERROR,2026-07-30T18:38:03.206840
65,7,9,-1,1,ERROR,2026-07-30T18:38:03.438477
65,7,10,-1,1,ERROR,2026-07-30T18:38:03.397542
65,8,1,-1,1,ERROR,2026-07-30T18:38:03.578141
65,8,2,-1,1,ERROR,2026-07-30T18:38:03.576938
65,8,3,-1,1,ERROR,2026-07-30T18:38:03.777157
65,8,4,-1,1,ERROR,2026-07-30T18:38:03.778352
65,8,5,-1,1,ERROR,2026-07-30T18:38:03.790171
65,8,6,-1,1,ERROR,2026-07-30T18:38:03.805164
65,8,7,-1,1,ERROR,2026-07-30T18:38:03.967001
65,8,8,-1,1,ERROR,2026-07-30T18:38:03.904079
65,8,9,-1,1,ERROR,2026-07-30T18:38:04.143871
65,8,10,-1,1,ERROR,2026-07-30T18:38:04.143846
65,9,1,-1,1,ERROR,2026-07-30T18:38:04.344290
65,9,2,-1,1,ERROR,2026-07-30T18:38:04.353697
65,9,3,-1,1,ERROR,2026-07-30T18:38:04.357061
65,9,4,-1,1,ERROR,2026-07-30T18:38:04.273870
65,9,5,-1,1,ERROR,2026-07-30T18:38:04.273923
65,9,6,-1,1,ERROR,2026-07-30T18:38:04.436934
65,9,7,-1,1,ERROR,2026-07-30T18:38:04.614858
65,9,8,-1,1,ERROR,2026-07-30T18:38:04.614831
65,9,9,-1,1,ERROR,2026-07-30T18:38:04.844958
65,9,10,-1,1,ERROR,2026-07-30T18:38:04.844985
65,10,1,-1,1,ERROR,2026-07-30T18:38:04.817343
65,10,2,-1,1,ERROR,2026-07-30T18:38:04.821856
65,10,3,-1,1,ERROR,2026-07-30T18:38:04.829841
65,10,4,-1,1,ERROR,2026-07-30T18:38:04.908609
65,10,5,-1,1,ERROR,2026-07-30T18:38:04.980200
65,10,6,-1,1,ERROR,2026-07-30T18:38:05.079985
65,10,7,-1,1,ERROR,2026-07-30T18:38:05.185962
65,10,8,-1,1,ERROR,2026-07-30T18:38:05.388862
65,10,9,-1,1,ERROR,2026-07-30T18:38:05.401728
65,10,10,-1,1,ERROR,2026-07-30T18:38:05.417054
65,11,1,-1,1,ERROR,2026-07-30T18:38:05.417024
65,11,2,-1,1,ERROR,2026-07-30T18:38:05.478570
65,11,3,-1,1,ERROR,2026-07-30T18:38:05.452879
65,11,4,-1,1,ERROR,2026-07-30T18:38:05.552977
65,11,5,-1,1,ERROR,2026-07-30T18:38:05.553014
65,11,6,-1,1,ERROR,2026-07-30T18:38:05.757128
65,11,7,-1,1,ERROR,2026-07-30T18:38:05.979751
65,11,8,-1,1,ERROR,2026-07-30T18:38:05.991262
65,11,9,-1,1,ERROR,2026-07-30T18:38:05.991007
65,11,10,-1,1,ERROR,2026-07-30T18:38:06.023570
65,12,1,-1,1,ERROR,2026-07-30T18:38:05.952552
65,12,2,-1,1,ERROR,2026-07-30T18:38:06.126401
65,12,3,-1,1,ERROR,2026-07-30T18:38:06.023487
65,12,4,-1,1,ERROR,2026-07-30T18:38:06.123802
65,12,5,-1,1,ERROR,2026-07-30T18:38:06.321860
65,12,6,-1,1,ERROR,2026-07-30T18:38:06.550112
65,12,7,-1,1,ERROR,2026-07-30T18:38:06.559507
65,12,8,-1,1,ERROR,2026-07-30T18:38:06.560551
65,12,9,-1,1,ERROR,2026-07-30T18:38:06.494505
65,12,10,-1,1,ERROR,2026-07-30T18:38:06.492820
65,13,1,-1,1,ERROR,2026-07-30T18:38:06.698496
65,13,2,-1,1,ERROR,2026-07-30T18:38:06.694928
65,13,3,-1,1,ERROR,2026-07-30T18:38:06.894994
65,13,4,-1,1,ERROR,2026-07-30T18:38:07.072717
65,13,5,-1,1,ERROR,2026-07-30T18:38:07.072683
65,13,6,-1,1,ERROR,2026-07-30T18:38:07.120142
65,13,7,-1,1,ERROR,2026-07-30T18:38:07.130560
65,13,8,-1,1,ERROR,2026-07-30T18:38:07.130587
65,13,9,-1,1,ERROR,2026-07-30T18:38:07.293958
65,13,10,-1,1,ERROR,2026-07-30T18:38:07.292431
65,14,1,-1,1,ERROR,2026-07-30T18:38:07.463379
65,14,2,-1,1,ERROR,2026-07-30T18:38:07.646301
65,14,3,-1,1,ERROR,2026-07-30T18:38:07.645229
65,14,4,-1,1,ERROR,2026-07-30T18:38:07.587385
65,14,5,-1,1,ERROR,2026-07-30T18:38:07.604463
65,14,6,-1,1,ERROR,2026-07-30T18:38:07.607091
65,14,7,-1,1,ERROR,2026-07-30T18:38:07.861688
65,14,8,-1,1,ERROR,2026-07-30T18:38:07.768686
65,14,9,-1,1,ERROR,2026-07-30T18:38:08.034073
65,14,10,-1,1,ERROR,2026-07-30T18:38:07.955408
65,15,1,-1,1,ERROR,2026-07-30T18:38:08.171896
65,15,2,-1,1,ERROR,2026-07-30T18:38:08.175300
65,15,3,-1,1,ERROR,2026-07-30T18:38:08.210579
65,15,4,-1,1,ERROR,2026-07-30T18:38:08.209335
65,15,5,-1,1,ERROR,2026-07-30T18:38:08.137440
65,15,6,-1,1,ERROR,2026-07-30T18:38:08.330458
65,15,7,-1,1,ERROR,2026-07-30T18:38:08.325078
65,15,8,-1,1,ERROR,2026-07-30T18:38:08.502026
65,15,9,-1,1,ERROR,2026-07-30T18:38:08.509138
65,15,10,-1,1,ERROR,2026-07-30T18:38:08.743653
65,16,1,-1,1,ERROR,2026-07-30T18:38:08.743615
65,16,2,-1,1,ERROR,2026-07-30T18:38:08.777397
65,16,3,-1,1,ERROR,2026-07-30T18:38:08.777552
65,16,4,-1,1,ERROR,2026-07-30T18:38:08.996569
65,16,5,-1,1,ERROR,2026-07-30T18:38:08.895882
65,16,6,-1,1,ERROR,2026-07-30T18:38:09.390103
65,16,7,-1,1,ERROR,2026-07-30T18:38:08.981336
65,16,8,-1,1,ERROR,2026-07-30T18:38:09.322887
65,16,9,-1,1,ERROR,2026-07-30T18:38:09.122076
65,16,10,-1,1,ERROR,2026-07-30T18:38:09.356562
65,17,1,-1,1,ERROR,2026-07-30T18:38:09.356589
65,17,2,-1,1,ERROR,2026-07-30T18:38:09.371642
65,17,3,-1,1,ERROR,2026-07-30T18:38:09.552562
65,17,4,-1,1,ERROR,2026-07-30T18:38:09.572287
65,17,5,-1,1,ERROR,2026-07-30T18:38:09.714843
65,17,6,-1,1,ERROR,2026-07-30T18:38:09.902503
65,17,7,-1,1,ERROR,2026-07-30T18:38:09.957021
65,17,8,-1,1,ERROR,2026-07-30T18:38:09.957070
65,17,9,-1,1,ERROR,2026-07-30T18:38:09.865150
65,17,10,-1,1,ERROR,2026-07-30T18:38:09.866194
65,18,1,-1,1,ERROR,2026-07-30T18:38:10.124006
65,18,2,-1,1,ERROR,2026-07-30T18:38:10.043155
65,18,3,-1,1,ERROR,2026-07-30T18:38:10.285569
65,18,4,-1,1,ERROR,2026-07-30T18:38:10.439110
65,18,5,-1,1,ERROR,2026-07-30T18:38:10.443533
65,18,6,-1,1,ERROR,2026-07-30T18:38:10.481077
65,18,7,-1,1,ERROR,2026-07-30T18:38:10.427230
65,18,8,-1,1,ERROR,2026-07-30T18:38:10.426191
65,18,9,-1,1,ERROR,2026-07-30T18:38:10.620868
65,18,10,-1,1,ERROR,2026-07-30T18:38:10.592283
65,19,1,-1,1,ERROR,2026-07-30T18:38:10.753759
65,19,2,-1,1,ERROR,2026-07-30T18:38:10.998652
65,19,3,-1,1,ERROR,2026-07-30T18:38:10.998678
65,19,4,-1,1,ERROR,2026-07-30T18:38:11.013541
65,19,5,-1,1,ERROR,2026-07-30T18:38:11.014879
65,19,6,-1,1,ERROR,2026-07-30T18:38:10.978061
65,19,7,-1,1,ERROR,2026-07-30T18:38:11.170378
65,19,8,-1,1,ERROR,2026-07-30T18:38:11.198516
65,19,9,-1,1,ERROR,2026-07-30T18:38:11.122455
65,19,10,-1,1,ERROR,2026-07-30T18:38:11.351035
65,20,1,-1,1,ERROR,2026-07-30T18:38:11.567393
65,20,2,-1,1,ERROR,2026-07-30T18:38:11.567423
65,20,3,-1,1,ERROR,2026-07-30T18:38:11.594142
65,20,4,-1,1,ERROR,2026-07-30T18:38:11.594157
65,20,5,-1,1,ERROR,2026-07-30T18:38:11.594110
65,20,6,-1,1,ERROR,2026-07-30T18:38:11.743849
65,20,7,-1,1,ERROR,2026-07-30T18:38:11.767655
65,20,8,-1,1,ERROR,2026-07-30T18:38:11.917073
65,20,9,-1,1,ERROR,2026-07-30T18:38:12.138412
65,20,10,-1,1,ERROR,2026-07-30T18:38:12.138436
65,21,1,-1,1,ERROR,2026-07-30T18:38:12.069681
65,21,2,-1,1,ERROR,2026-07-30T18:38:12.069731
65,21,3,-1,1,ERROR,2026-07-30T18:38:12.069708
65,21,4,-1,1,ERROR,2026-07-30T18:38:12.318249
65,21,5,-1,1,ERROR,2026-07-30T18:38:12.236128
65,21,6,-1,1,ERROR,2026-07-30T18:38:12.481151
65,21,7,-1,1,ERROR,2026-07-30T18:38:12.639387
65,21,8,-1,1,ERROR,2026-07-30T18:38:12.639956
65,21,9,-1,1,ERROR,2026-07-30T18:38:12.640984
65,21,10,-1,1,ERROR,2026-07-30T18:38:12.610399
65,22,1,-1,1,ERROR,2026-07-30T18:38:12.610437
65,22,2,-1,1,ERROR,2026-07-30T18:38:12.813583
65,22,3,-1,1,ERROR,2026-07-30T18:38:12.786709
65,22,4,-1,1,ERROR,2026-07-30T18:38:12.949476
65,22,5,-1,1,ERROR,2026-07-30T18:38:13.181423
65,22,6,-1,1,ERROR,2026-07-30T18:38:13.181396
65,22,7,-1,1,ERROR,2026-07-30T18:38:13.208733
65,22,8,-1,1,ERROR,2026-07-30T18:38:13.208722
65,22,9,-1,1,ERROR,2026-07-30T18:38:13.208698
65,22,10,-1,1,ERROR,2026-07-30T18:38:13.357313
65,23,1,-1,1,ERROR,2026-07-30T18:38:13.400676
65,23,2,-1,1,ERROR,2026-07-30T18:38:13.318397
65,23,3,-1,1,ERROR,2026-07-30T18:38:13.547786
65,23,4,-1,1,ERROR,2026-07-30T18:38:13.752208
65,23,5,-1,1,ERROR,2026-07-30T18:38:13.778160
65,23,6,-1,1,ERROR,2026-07-30T18:38:13.776834
65,23,7,-1,1,ERROR,2026-07-30T18:38:13.776857
65,23,8,-1,1,ERROR,2026-07-30T18:38:13.786914
65,23,9,-1,1,ERROR,2026-07-30T18:38:13.928617
65,23,10,-1,1,ERROR,2026-07-30T18:38:13.877322
65,24,1,-1,1,ERROR,2026-07-30T18:38:14.117154
65,24,2,-1,1,ERROR,2026-07-30T18:38:14.324350
65,24,3,-1,1,ERROR,2026-07-30T18:38:14.247561
65,24,4,-1,1,ERROR,2026-07-30T18:38:14.240667
65,24,5,-1,1,ERROR,2026-07-30T18:38:14.242443
65,24,6,-1,1,ERROR,2026-07-30T18:38:14.253049
65,24,7,-1,1,ERROR,2026-07-30T18:38:14.443817
65,24,8,-1,1,ERROR,2026-07-30T18:38:14.510881
65,24,9,-1,1,ERROR,2026-07-30T18:38:14.686830
65,24,10,-1,1,ERROR,2026-07-30T18:38:14.611472
65,25,1,-1,1,ERROR,2026-07-30T18:38:14.612537
65,25,2,-1,1,ERROR,2026-07-30T18:38:14.819426
65,25,3,-1,1,ERROR,2026-07-30T18:38:14.819459
65,25,4,-1,1,ERROR,2026-07-30T18:38:14.790343
65,25,5,-1,1,ERROR,2026-07-30T18:38:15.011318
65,25,6,-1,1,ERROR,2026-07-30T18:38:15.080721
65,25,7,-1,1,ERROR,2026-07-30T18:38:15.080693
65,25,8,-1,1,ERROR,2026-07-30T18:38:14.983243
65,25,9,-1,1,ERROR,2026-07-30T18:38:15.157377
65,25,10,-1,1,ERROR,2026-07-30T18:38:15.164366
65,26,1,-1,1,ERROR,2026-07-30T18:38:15.393060
65,26,2,-1,1,ERROR,2026-07-30T18:38:15.393038
65,26,3,-1,1,ERROR,2026-07-30T18:38:15.349924
65,26,4,-1,1,ERROR,2026-07-30T18:38:15.579760
65,26,5,-1,1,ERROR,2026-07-30T18:38:15.551250
65,26,6,-1,1,ERROR,2026-07-30T18:38:15.551275
65,26,7,-1,1,ERROR,2026-07-30T18:38:15.527018
65,26,8,-1,1,ERROR,2026-07-30T18:38:15.528067
65,26,9,-1,1,ERROR,2026-07-30T18:38:15.714571
65,26,10,-1,1,ERROR,2026-07-30T18:38:15.961086
65,27,1,-1,1,ERROR,2026-07-30T18:38:15.962689
65,27,2,-1,1,ERROR,2026-07-30T18:38:16.097016
65,27,3,-1,1,ERROR,2026-07-30T18:38:16.093283
65,27,4,-1,1,ERROR,2026-07-30T18:38:16.114996
65,27,5,-1,1,ERROR,2026-07-30T18:38:16.119994
65,27,6,-1,1,ERROR,2026-07-30T18:38:16.151031
65,27,7,-1,1,ERROR,2026-07-30T18:38:16.282921
65,27,8,-1,1,ERROR,2026-07-30T18:38:16.430307
65,27,9,-1,1,ERROR,2026-07-30T18:38:16.428220
65,27,10,-1,1,ERROR,2026-07-30T18:38:16.658143
65,28,1,-1,1,ERROR,2026-07-30T18:38:16.668667
65,28,2,-1,1,ERROR,2026-07-30T18:38:16.683365
65,28,3,-1,1,ERROR,2026-07-30T18:38:16.683392
65,28,4,-1,1,ERROR,2026-07-30T18:38:16.616925
65,28,5,-1,1,ERROR,2026-07-30T18:38:16.850382
65,28,6,-1,1,ERROR,2026-07-30T18:38:17.010162
65,28,7,-1,1,ERROR,2026-07-30T18:38:17.020016
65,28,8,-1,1,ERROR,2026-07-30T18:38:17.186919
65,28,9,-1,1,ERROR,2026-07-30T18:38:17.232146
65,28,10,-1,1,ERROR,2026-07-30T18:38:17.136098
65,29,1,-1,1,ERROR,2026-07-30T18:38:17.150693
65,29,2,-1,1,ERROR,2026-07-30T18:38:17.150663
65,29,3,-1,1,ERROR,2026-07-30T18:38:17.320510
65,29,4,-1,1,ERROR,2026-07-30T18:38:17.476594
65,29,5,-1,1,ERROR,2026-07-30T18:38:17.488356
65,29,6,-1,1,ERROR,2026-07-30T18:38:17.709195
65,29,7,-1,1,ERROR,2026-07-30T18:38:17.718858
65,29,8,-1,1,ERROR,2026-07-30T18:38:17.717136
65,29,9,-1,1,ERROR,2026-07-30T18:38:17.755315
65,29,10,-1,1,ERROR,2026-07-30T18:38:17.696006
65,30,1,-1,1,ERROR,2026-07-30T18:38:17.889676
65,30,2,-1,1,ERROR,2026-07-30T18:38:17.942454
65,30,3,-1,1,ERROR,2026-07-30T18:38:17.856448
65,30,4,-1,1,ERROR,2026-07-30T18:38:18.063785
65,30,5,-1,1,ERROR,2026-07-30T18:38:18.274756
65,30,6,-1,1,ERROR,2026-07-30T18:38:18.287384
65,30,7,-1,1,ERROR,2026-07-30T18:38:18.284548
65,30,8,-1,1,ERROR,2026-07-30T18:38:18.222323
65,30,9,-1,1,ERROR,2026-07-30T18:38:18.222345
65,30,10,-1,1,ERROR,2026-07-30T18:38:18.462764
66,1,1,-1,1,ERROR,2026-07-30T18:38:18.414654
66,1,2,-1,1,ERROR,2026-07-30T18:38:18.631765
66,1,3,-1,1,ERROR,2026-07-30T18:38:18.584829
66,1,4,-1,1,ERROR,2026-07-30T18:38:18.591651
66,1,5,-1,1,ERROR,2026-07-30T18:38:18.748780
66,1,6,-1,1,ERROR,2026-07-30T18:38:18.771397
66,1,7,-1,1,ERROR,2026-07-30T18:38:18.760931
66,1,8,-1,1,ERROR,2026-07-30T18:38:18.982922
66,1,9,-1,1,ERROR,2026-07-30T18:38:18.941265
66,1,10,-1,1,ERROR,2026-07-30T18:38:19.154388
66,2,1,-1,1,ERROR,2026-07-30T18:38:19.160195
66,2,2,-1,1,ERROR,2026-07-30T18:38:19.097108
66,2,3,-1,1,ERROR,2026-07-30T18:38:19.318430
66,2,4,-1,1,ERROR,2026-07-30T18:38:19.327311
66,2,5,-1,1,ERROR,2026-07-30T18:38:19.341720
66,2,6,-1,1,ERROR,2026-07-30T18:38:19.509162
66,2,7,-1,1,ERROR,2026-07-30T18:38:19.548785
66,2,8,-1,1,ERROR,2026-07-30T18:38:19.566578
66,2,9,-1,1,ERROR,2026-07-30T18:38:19.726236
66,2,10,-1,1,ERROR,2026-07-30T18:38:19.732667
66,3,1,-1,1,ERROR,2026-07-30T18:38:19.889518
66,3,2,-1,1,ERROR,2026-07-30T18:38:19.909703
66,3,3,-1,1,ERROR,2026-07-30T18:38:19.914633
66,3,4,-1,1,ERROR,2026-07-30T18:38:20.081972
66,3,5,-1,1,ERROR,2026-07-30T18:38:20.032480
66,3,6,-1,1,ERROR,2026-07-30T18:38:20.038436
66,3,7,-1,1,ERROR,2026-07-30T18:38:20.292281
66,3,8,-1,1,ERROR,2026-07-30T18:38:20.299703
66,3,9,-1,1,ERROR,2026-07-30T18:38:20.457370
66,3,10,-1,1,ERROR,2026-07-30T18:38:20.379441
66,4,1,-1,1,ERROR,2026-07-30T18:38:20.380067
66,4,2,-1,1,ERROR,2026-07-30T18:38:20.400026
66,4,3,-1,1,ERROR,2026-07-30T18:38:20.608440
66,4,4,-1,1,ERROR,2026-07-30T18:38:20.556952
66,4,5,-1,1,ERROR,2026-07-30T18:38:20.767000
66,4,6,-1,1,ERROR,2026-07-30T18:38:20.768319
66,4,7,-1,1,ERROR,2026-07-30T18:38:20.746326
66,4,8,-1,1,ERROR,2026-07-30T18:38:20.756496
66,4,9,-1,1,ERROR,2026-07-30T18:38:20.972683
66,4,10,-1,1,ERROR,2026-07-30T18:38:21.022001
66,5,1,-1,1,ERROR,2026-07-30T18:38:21.034309
66,5,2,-1,1,ERROR,2026-07-30T18:38:21.184982
66,5,3,-1,1,ERROR,2026-07-30T18:38:21.221307
66,5,4,-1,1,ERROR,2026-07-30T18:38:21.225519
66,5,5,-1,1,ERROR,2026-07-30T18:38:21.138996
66,5,6,-1,1,ERROR,2026-07-30T18:38:21.341261
66,5,7,-1,1,ERROR,2026-07-30T18:38:21.542551
66,5,8,-1,1,ERROR,2026-07-30T18:38:21.486828
66,5,9,-1,1,ERROR,2026-07-30T18:38:21.502374
66,5,10,-1,1,ERROR,2026-07-30T18:38:21.706713
66,6,1,-1,1,ERROR,2026-07-30T18:38:21.750298
66,6,2,-1,1,ERROR,2026-07-30T18:38:21.691246
66,6,3,-1,1,ERROR,2026-07-30T18:38:21.693910
66,6,4,-1,1,ERROR,2026-07-30T18:38:21.906915
66,6,5,-1,1,ERROR,2026-07-30T18:38:21.851164
66,6,6,-1,1,ERROR,2026-07-30T18:38:22.072435
66,6,7,-1,1,ERROR,2026-07-30T18:38:22.109023
66,6,8,-1,1,ERROR,2026-07-30T18:38:22.275080
66,6,9,-1,1,ERROR,2026-07-30T18:38:22.275097
66,6,10,-1,1,ERROR,2026-07-30T18:38:22.275040
66,7,1,-1,1,ERROR,2026-07-30T18:38:22.318030
66,7,2,-1,1,ERROR,2026-07-30T18:38:22.317999
66,7,3,-1,1,ERROR,2026-07-30T18:38:22.478340
66,7,4,-1,1,ERROR,2026-07-30T18:38:22.640976
66,7,5,-1,1,ERROR,2026-07-30T18:38:22.580575
66,7,6,-1,1,ERROR,2026-07-30T18:38:22.847072
66,7,7,-1,1,ERROR,2026-07-30T18:38:22.843395
66,7,8,-1,1,ERROR,2026-07-30T18:38:22.843426
66,7,9,-1,1,ERROR,2026-07-30T18:38:22.791088
66,7,10,-1,1,ERROR,2026-07-30T18:38:22.784202
66,8,1,-1,1,ERROR,2026-07-30T18:38:22.951040
66,8,2,-1,1,ERROR,2026-07-30T18:38:22.946283
66,8,3,-1,1,ERROR,2026-07-30T18:38:23.108978
66,8,4,-1,1,ERROR,2026-07-30T18:38:23.363050
66,8,5,-1,1,ERROR,2026-07-30T18:38:23.363008
66,8,6,-1,1,ERROR,2026-07-30T18:38:23.312602
66,8,7,-1,1,ERROR,2026-07-30T18:38:23.309855
66,8,8,-1,1,ERROR,2026-07-30T18:38:23.312495
66,8,9,-1,1,ERROR,2026-07-30T18:38:23.520534
66,8,10,-1,1,ERROR,2026-07-30T18:38:23.520561
66,9,1,-1,1,ERROR,2026-07-30T18:38:23.588976
66,9,2,-1,1,ERROR,2026-07-30T18:38:23.783527
66,9,3,-1,1,ERROR,2026-07-30T18:38:23.782370
66,9,4,-1,1,ERROR,2026-07-30T18:38:23.782046
66,9,5,-1,1,ERROR,2026-07-30T18:38:23.950837
66,9,6,-1,1,ERROR,2026-07-30T18:38:23.955491
66,9,7,-1,1,ERROR,2026-07-30T18:38:23.891618
66,9,8,-1,1,ERROR,2026-07-30T18:38:24.094613
66,9,9,-1,1,ERROR,2026-07-30T18:38:24.057653
66,9,10,-1,1,ERROR,2026-07-30T18:38:24.253422
66,10,1,-1,1,ERROR,2026-07-30T18:38:24.256257
66,10,2,-1,1,ERROR,2026-07-30T18:38:24.253769
66,10,3,-1,1,ERROR,2026-07-30T18:38:24.462737
66,10,4,-1,1,ERROR,2026-07-30T18:38:24.522413
66,10,5,-1,1,ERROR,2026-07-30T18:38:24.522384
66,10,6,-1,1,ERROR,2026-07-30T18:38:24.524162
66,10,7,-1,1,ERROR,2026-07-30T18:38:24.669603
66,10,8,-1,1,ERROR,2026-07-30T18:38:24.618807
66,10,9,-1,1,ERROR,2026-07-30T18:38:24.624274
66,10,10,-1,1,ERROR,2026-07-30T18:38:24.624294
66,11,1,-1,1,ERROR,2026-07-30T18:38:24.838539
66,11,2,-1,1,ERROR,2026-07-30T18:38:25.095026
66,11,3,-1,1,ERROR,2026-07-30T18:38:25.094979
66,11,4,-1,1,ERROR,2026-07-30T18:38:25.095069
66,11,5,-1,1,ERROR,2026-07-30T18:38:25.095107
66,11,6,-1,1,ERROR,2026-07-30T18:38:25.096838
66,11,7,-1,1,ERROR,2026-07-30T18:38:25.095011
66,11,8,-1,1,ERROR,2026-07-30T18:38:25.248285
66,11,9,-1,1,ERROR,2026-07-30T18:38:25.311729
66,11,10,-1,1,ERROR,2026-07-30T18:38:25.461534
66,12,1,-1,1,ERROR,2026-07-30T18:38:25.668594
66,12,2,-1,1,ERROR,2026-07-30T18:38:25.667235
66,12,3,-1,1,ERROR,2026-07-30T18:38:25.675211
66,12,4,-1,1,ERROR,2026-07-30T18:38:25.667462
66,12,5,-1,1,ERROR,2026-07-30T18:38:25.666232
66,12,6,-1,1,ERROR,2026-07-30T18:38:25.718475
66,12,7,-1,1,ERROR,2026-07-30T18:38:25.922606
66,12,8,-1,1,ERROR,2026-07-30T18:38:25.832134
66,12,9,-1,1,ERROR,2026-07-30T18:38:26.031975
66,12,10,-1,1,ERROR,2026-07-30T18:38:26.245441
66,13,1,-1,1,ERROR,2026-07-30T18:38:26.245472
66,13,2,-1,1,ERROR,2026-07-30T18:38:26.247032
66,13,3,-1,1,ERROR,2026-07-30T18:38:26.247049
66,13,4,-1,1,ERROR,2026-07-30T18:38:26.286728
66,13,5,-1,1,ERROR,2026-07-30T18:38:26.414917
66,13,6,-1,1,ERROR,2026-07-30T18:38:26.396234
66,13,7,-1,1,ERROR,2026-07-30T18:38:26.397517
66,13,8,-1,1,ERROR,2026-07-30T18:38:26.824433
66,13,9,-1,1,ERROR,2026-07-30T18:38:26.622282
66,13,10,-1,1,ERROR,2026-07-30T18:38:26.824472
66,14,1,-1,1,ERROR,2026-07-30T18:38:26.824459
66,14,2,-1,1,ERROR,2026-07-30T18:38:26.853778
66,14,3,-1,1,ERROR,2026-07-30T18:38:26.863355
66,14,4,-1,1,ERROR,2026-07-30T18:38:26.871275
66,14,5,-1,1,ERROR,2026-07-30T18:38:26.886973
66,14,6,-1,1,ERROR,2026-07-30T18:38:26.988435
66,14,7,-1,1,ERROR,2026-07-30T18:38:27.192617
66,14,8,-1,1,ERROR,2026-07-30T18:38:27.393960
66,14,9,-1,1,ERROR,2026-07-30T18:38:27.393763
66,14,10,-1,1,ERROR,2026-07-30T18:38:27.425570
66,15,1,-1,1,ERROR,2026-07-30T18:38:27.425595
66,15,2,-1,1,ERROR,2026-07-30T18:38:27.446155
66,15,3,-1,1,ERROR,2026-07-30T18:38:27.456652
66,15,4,-1,1,ERROR,2026-07-30T18:38:27.457774
66,15,5,-1,1,ERROR,2026-07-30T18:38:27.557316
66,15,6,-1,1,ERROR,2026-07-30T18:38:27.762493
66,15,7,-1,1,ERROR,2026-07-30T18:38:27.963723
66,15,8,-1,1,ERROR,2026-07-30T18:38:28.006374
66,15,9,-1,1,ERROR,2026-07-30T18:38:27.992841
66,15,10,-1,1,ERROR,2026-07-30T18:38:28.020251
66,16,1,-1,1,ERROR,2026-07-30T18:38:28.020280
66,16,2,-1,1,ERROR,2026-07-30T18:38:28.024613
66,16,3,-1,1,ERROR,2026-07-30T18:38:28.021942
66,16,4,-1,1,ERROR,2026-07-30T18:38:28.120370
66,16,5,-1,1,ERROR,2026-07-30T18:38:28.334501
66,16,6,-1,1,ERROR,2026-07-30T18:38:28.559354
66,16,7,-1,1,ERROR,2026-07-30T18:38:28.576125
66,16,8,-1,1,ERROR,2026-07-30T18:38:28.586924
66,16,9,-1,1,ERROR,2026-07-30T18:38:28.596344
66,16,10,-1,1,ERROR,2026-07-30T18:38:28.586880
66,17,1,-1,1,ERROR,2026-07-30T18:38:28.593496
66,17,2,-1,1,ERROR,2026-07-30T18:38:28.593469
66,17,3,-1,1,ERROR,2026-07-30T18:38:28.717551
66,17,4,-1,1,ERROR,2026-07-30T18:38:28.927549
66,17,5,-1,1,ERROR,2026-07-30T18:38:29.147036
66,17,6,-1,1,ERROR,2026-07-30T18:38:29.164262
66,17,7,-1,1,ERROR,2026-07-30T18:38:29.164286
66,17,8,-1,1,ERROR,2026-07-30T18:38:29.166305
66,17,9,-1,1,ERROR,2026-07-30T18:38:29.172439
66,17,10,-1,1,ERROR,2026-07-30T18:38:29.176990
66,18,1,-1,1,ERROR,2026-07-30T18:38:29.188762
66,18,2,-1,1,ERROR,2026-07-30T18:38:29.297341
66,18,3,-1,1,ERROR,2026-07-30T18:38:29.521213
66,18,4,-1,1,ERROR,2026-07-30T18:38:29.731891
66,18,5,-1,1,ERROR,2026-07-30T18:38:29.730632
66,18,6,-1,1,ERROR,2026-07-30T18:38:29.743642
66,18,7,-1,1,ERROR,2026-07-30T18:38:29.743590
66,18,8,-1,1,ERROR,2026-07-30T18:38:29.743693
66,18,9,-1,1,ERROR,2026-07-30T18:38:29.777523
66,18,10,-1,1,ERROR,2026-07-30T18:38:29.763006
66,19,1,-1,1,ERROR,2026-07-30T18:38:29.894535
66,19,2,-1,1,ERROR,2026-07-30T18:38:30.105877
66,19,3,-1,1,ERROR,2026-07-30T18:38:30.311043
66,19,4,-1,1,ERROR,2026-07-30T18:38:30.323203
66,19,5,-1,1,ERROR,2026-07-30T18:38:30.324240
66,19,6,-1,1,ERROR,2026-07-30T18:38:30.332231
66,19,7,-1,1,ERROR,2026-07-30T18:38:30.336450
66,19,8,-1,1,ERROR,2026-07-30T18:38:30.350460
66,19,9,-1,1,ERROR,2026-07-30T18:38:30.357579
66,19,10,-1,1,ERROR,2026-07-30T18:38:30.475713
66,20,1,-1,1,ERROR,2026-07-30T18:38:30.680941
66,20,2,-1,1,ERROR,2026-07-30T18:38:30.994127
66,20,3,-1,1,ERROR,2026-07-30T18:38:30.994174
66,20,4,-1,1,ERROR,2026-07-30T18:38:30.994273
66,20,5,-1,1,ERROR,2026-07-30T18:38:31.002312
66,20,6,-1,1,ERROR,2026-07-30T18:38:31.022721
66,20,7,-1,1,ERROR,2026-07-30T18:38:31.027897
66,20,8,-1,1,ERROR,2026-07-30T18:38:30.970772
66,20,9,-1,1,ERROR,2026-07-30T18:38:31.170423
66,20,10,-1,1,ERROR,2026-07-30T18:38:31.469857
66,21,1,-1,1,ERROR,2026-07-30T18:38:31.674364
66,21,2,-1,1,ERROR,2026-07-30T18:38:31.672880
66,21,3,-1,1,ERROR,2026-07-30T18:38:31.469886
66,21,4,-1,1,ERROR,2026-07-30T18:38:31.672905
66,21,5,-1,1,ERROR,2026-07-30T18:38:31.611384
66,21,6,-1,1,ERROR,2026-07-30T18:38:31.617239
66,21,7,-1,1,ERROR,2026-07-30T18:38:31.651784
66,21,8,-1,1,ERROR,2026-07-30T18:38:31.835860
66,21,9,-1,1,ERROR,2026-07-30T18:38:32.045983
66,21,10,-1,1,ERROR,2026-07-30T18:38:31.982276
66,22,1,-1,1,ERROR,2026-07-30T18:38:31.984840
66,22,2,-1,1,ERROR,2026-07-30T18:38:32.226559
66,22,3,-1,1,ERROR,2026-07-30T18:38:32.245027
66,22,4,-1,1,ERROR,2026-07-30T18:38:32.245040
66,22,5,-1,1,ERROR,2026-07-30T18:38:32.245005
66,22,6,-1,1,ERROR,2026-07-30T18:38:32.404125
66,22,7,-1,1,ERROR,2026-07-30T18:38:32.356328
66,22,8,-1,1,ERROR,2026-07-30T18:38:32.358236
66,22,9,-1,1,ERROR,2026-07-30T18:38:32.514097
66,22,10,-1,1,ERROR,2026-07-30T18:38:32.794646
66,23,1,-1,1,ERROR,2026-07-30T18:38:32.713810
66,23,2,-1,1,ERROR,2026-07-30T18:38:32.714529
66,23,3,-1,1,ERROR,2026-07-30T18:38:32.712038
66,23,4,-1,1,ERROR,2026-07-30T18:38:32.929229
66,23,5,-1,1,ERROR,2026-07-30T18:38:32.929269
66,23,6,-1,1,ERROR,2026-07-30T18:38:32.981124
66,23,7,-1,1,ERROR,2026-07-30T18:38:32.890769
66,23,8,-1,1,ERROR,2026-07-30T18:38:33.079721
66,23,9,-1,1,ERROR,2026-07-30T18:38:33.079749
66,23,10,-1,1,ERROR,2026-07-30T18:38:33.081133
66,24,1,-1,1,ERROR,2026-07-30T18:38:33.275306
66,24,2,-1,1,ERROR,2026-07-30T18:38:33.364573
66,24,3,-1,1,ERROR,2026-07-30T18:38:33.505565
66,24,4,-1,1,ERROR,2026-07-30T18:38:33.506695
66,24,5,-1,1,ERROR,2026-07-30T18:38:33.548022
66,24,6,-1,1,ERROR,2026-07-30T18:38:33.570176
66,24,7,-1,1,ERROR,2026-07-30T18:38:33.683393
66,24,8,-1,1,ERROR,2026-07-30T18:38:33.576098
66,24,9,-1,1,ERROR,2026-07-30T18:38:33.659216
66,24,10,-1,1,ERROR,2026-07-30T18:38:33.831157
66,25,1,-1,1,ERROR,2026-07-30T18:38:34.074593
66,25,2,-1,1,ERROR,2026-07-30T18:38:34.074564
66,25,3,-1,1,ERROR,2026-07-30T18:38:34.124343
66,25,4,-1,1,ERROR,2026-07-30T18:38:34.047756
66,25,5,-1,1,ERROR,2026-07-30T18:38:34.047354
66,25,6,-1,1,ERROR,2026-07-30T18:38:34.262438
66,25,7,-1,1,ERROR,2026-07-30T18:38:34.254005
66,25,8,-1,1,ERROR,2026-07-30T18:38:34.302003
66,25,9,-1,1,ERROR,2026-07-30T18:38:34.415279
66,25,10,-1,1,ERROR,2026-07-30T18:38:34.617281
66,26,1,-1,1,ERROR,2026-07-30T18:38:34.645305
66,26,2,-1,1,ERROR,2026-07-30T18:38:34.645276
66,26,3,-1,1,ERROR,2026-07-30T18:38:34.589763
66,26,4,-1,1,ERROR,2026-07-30T18:38:34.822464
66,26,5,-1,1,ERROR,2026-07-30T18:38:34.825961
66,26,6,-1,1,ERROR,2026-07-30T18:38:34.768469
66,26,7,-1,1,ERROR,2026-07-30T18:38:34.985891
66,26,8,-1,1,ERROR,2026-07-30T18:38:34.956413
66,26,9,-1,1,ERROR,2026-07-30T18:38:35.181788
66,26,10,-1,1,ERROR,2026-07-30T18:38:35.217279
66,27,1,-1,1,ERROR,2026-07-30T18:38:35.217246
66,27,2,-1,1,ERROR,2026-07-30T18:38:35.137781
66,27,3,-1,1,ERROR,2026-07-30T18:38:35.390662
66,27,4,-1,1,ERROR,2026-07-30T18:38:35.397537
66,27,5,-1,1,ERROR,2026-07-30T18:38:35.536977
66,27,6,-1,1,ERROR,2026-07-30T18:38:35.537003
66,27,7,-1,1,ERROR,2026-07-30T18:38:35.507600
66,27,8,-1,1,ERROR,2026-07-30T18:38:35.755962
66,27,9,-1,1,ERROR,2026-07-30T18:38:35.686520
66,27,10,-1,1,ERROR,2026-07-30T18:38:35.689992
66,28,1,-1,1,ERROR,2026-07-30T18:38:35.861383
66,28,2,-1,1,ERROR,2026-07-30T18:38:35.862196
66,28,3,-1,1,ERROR,2026-07-30T18:38:35.870281
66,28,4,-1,1,ERROR,2026-07-30T18:38:36.108470
66,28,5,-1,1,ERROR,2026-07-30T18:38:36.108434
66,28,6,-1,1,ERROR,2026-07-30T18:38:36.264994
66,28,7,-1,1,ERROR,2026-07-30T18:38:36.265027
66,28,8,-1,1,ERROR,2026-07-30T18:38:36.223378
66,28,9,-1,1,ERROR,2026-07-30T18:38:36.431253
66,28,10,-1,1,ERROR,2026-07-30T18:38:36.431378
66,29,1,-1,1,ERROR,2026-07-30T18:38:36.440022
66,29,2,-1,1,ERROR,2026-07-30T18:38:36.575665
66,29,3,-1,1,ERROR,2026-07-30T18:38:36.575632
66,29,4,-1,1,ERROR,2026-07-30T18:38:36.793667
66,29,5,-1,1,ERROR,2026-07-30T18:38:36.836780
66,29,6,-1,1,ERROR,2026-07-30T18:38:36.836748
66,29,7,-1,1,ERROR,2026-07-30T18:38:36.997647
66,29,8,-1,1,ERROR,2026-07-30T18:38:36.997486
66,29,9,-1,1,ERROR,2026-07-30T18:38:37.008496
66,29,10,-1,1,ERROR,2026-07-30T18:38:37.044449
66,30,1,-1,1,ERROR,2026-07-30T18:38:36.945380
66,30,2,-1,1,ERROR,2026-07-30T18:38:37.162807
66,30,3,-1,1,ERROR,2026-07-30T18:38:37.405489
66,30,4,-1,1,ERROR,2026-07-30T18:38:37.414699
66,30,5,-1,1,ERROR,2026-07-30T18:38:37.414726
66,30,6,-1,1,ERROR,2026-07-30T18:38:37.580389
66,30,7,-1,1,ERROR,2026-07-30T18:38:37.574752
66,30,8,-1,1,ERROR,2026-07-30T18:38:37.580365
66,30,9,-1,1,ERROR,2026-07-30T18:38:37.517015
66,30,10,-1,1,ERROR,2026-07-30T18:38:37.731453
67,1,1,-1,1,ERROR,2026-07-30T18:38:37.881053
67,1,2,-1,1,ERROR,2026-07-30T18:38:37.886049
67,1,3,-1,1,ERROR,2026-07-30T18:38:37.883920
67,1,4,-1,1,ERROR,2026-07-30T18:38:38.088563
67,1,5,-1,1,ERROR,2026-07-30T18:38:38.045843
67,1,6,-1,1,ERROR,2026-07-30T18:38:38.044564
67,1,7,-1,1,ERROR,2026-07-30T18:38:38.048136
67,1,8,-1,1,ERROR,2026-07-30T18:38:38.303569
67,1,9,-1,1,ERROR,2026-07-30T18:38:38.449920
67,1,10,-1,1,ERROR,2026-07-30T18:38:38.453267
67,2,1,-1,1,ERROR,2026-07-30T18:38:38.454995
67,2,2,-1,1,ERROR,2026-07-30T18:38:38.621100
67,2,3,-1,1,ERROR,2026-07-30T18:38:38.620047
67,2,4,-1,1,ERROR,2026-07-30T18:38:38.622147
67,2,5,-1,1,ERROR,2026-07-30T18:38:38.672328
67,2,6,-1,1,ERROR,2026-07-30T18:38:38.773399
67,2,7,-1,1,ERROR,2026-07-30T18:38:39.015894
67,2,8,-1,1,ERROR,2026-07-30T18:38:38.920477
67,2,9,-1,1,ERROR,2026-07-30T18:38:38.920504
67,2,10,-1,1,ERROR,2026-07-30T18:38:39.187617
67,3,1,-1,1,ERROR,2026-07-30T18:38:39.187587
67,3,2,-1,1,ERROR,2026-07-30T18:38:39.190973
67,3,3,-1,1,ERROR,2026-07-30T18:38:39.139746
67,3,4,-1,1,ERROR,2026-07-30T18:38:39.345004
67,3,5,-1,1,ERROR,2026-07-30T18:38:39.383205
67,3,6,-1,1,ERROR,2026-07-30T18:38:39.515761
67,3,7,-1,1,ERROR,2026-07-30T18:38:39.489233
67,3,8,-1,1,ERROR,2026-07-30T18:38:39.705855
67,3,9,-1,1,ERROR,2026-07-30T18:38:39.656629
67,3,10,-1,1,ERROR,2026-07-30T18:38:39.659611
67,4,1,-1,1,ERROR,2026-07-30T18:38:39.659684
67,4,2,-1,1,ERROR,2026-07-30T18:38:39.912493
67,4,3,-1,1,ERROR,2026-07-30T18:38:39.852154
67,4,4,-1,1,ERROR,2026-07-30T18:38:40.054282
67,4,5,-1,1,ERROR,2026-07-30T18:38:40.085620
67,4,6,-1,1,ERROR,2026-07-30T18:38:40.225793
67,4,7,-1,1,ERROR,2026-07-30T18:38:40.227544
67,4,8,-1,1,ERROR,2026-07-30T18:38:40.225821
67,4,9,-1,1,ERROR,2026-07-30T18:38:40.179446
67,4,10,-1,1,ERROR,2026-07-30T18:38:40.417252
67,5,1,-1,1,ERROR,2026-07-30T18:38:40.381101
67,5,2,-1,1,ERROR,2026-07-30T18:38:40.522748
67,5,3,-1,1,ERROR,2026-07-30T18:38:40.553441
67,5,4,-1,1,ERROR,2026-07-30T18:38:40.749219
67,5,5,-1,1,ERROR,2026-07-30T18:38:40.794398
67,5,6,-1,1,ERROR,2026-07-30T18:38:40.794419
67,5,7,-1,1,ERROR,2026-07-30T18:38:40.789279
67,5,8,-1,1,ERROR,2026-07-30T18:38:40.961014
67,5,9,-1,1,ERROR,2026-07-30T18:38:40.883633
67,5,10,-1,1,ERROR,2026-07-30T18:38:40.887049
67,6,1,-1,1,ERROR,2026-07-30T18:38:41.118233
67,6,2,-1,1,ERROR,2026-07-30T18:38:41.319913
67,6,3,-1,1,ERROR,2026-07-30T18:38:41.251735
67,6,4,-1,1,ERROR,2026-07-30T18:38:41.269372
67,6,5,-1,1,ERROR,2026-07-30T18:38:41.269447
67,6,6,-1,1,ERROR,2026-07-30T18:38:41.451952
67,6,7,-1,1,ERROR,2026-07-30T18:38:41.451974
67,6,8,-1,1,ERROR,2026-07-30T18:38:41.532277
67,6,9,-1,1,ERROR,2026-07-30T18:38:41.685652
67,6,10,-1,1,ERROR,2026-07-30T18:38:41.838172
67,7,1,-1,1,ERROR,2026-07-30T18:38:41.845501
67,7,2,-1,1,ERROR,2026-07-30T18:38:41.846409
67,7,3,-1,1,ERROR,2026-07-30T18:38:41.898546
67,7,4,-1,1,ERROR,2026-07-30T18:38:42.117559
67,7,5,-1,1,ERROR,2026-07-30T18:38:42.122508
67,7,6,-1,1,ERROR,2026-07-30T18:38:42.101908
67,7,7,-1,1,ERROR,2026-07-30T18:38:42.255602
67,7,8,-1,1,ERROR,2026-07-30T18:38:42.216437
67,7,9,-1,1,ERROR,2026-07-30T18:38:42.313568
67,7,10,-1,1,ERROR,2026-07-30T18:38:42.214183
67,8,1,-1,1,ERROR,2026-07-30T18:38:42.470176
67,8,2,-1,1,ERROR,2026-07-30T18:38:42.576453
67,8,3,-1,1,ERROR,2026-07-30T18:38:42.587385
67,8,4,-1,1,ERROR,2026-07-30T18:38:42.591012
67,8,5,-1,1,ERROR,2026-07-30T18:38:42.784554
67,8,6,-1,1,ERROR,2026-07-30T18:38:42.786290
67,8,7,-1,1,ERROR,2026-07-30T18:38:42.823169
67,8,8,-1,1,ERROR,2026-07-30T18:38:42.784583
67,8,9,-1,1,ERROR,2026-07-30T18:38:42.939207
67,8,10,-1,1,ERROR,2026-07-30T18:38:42.946946
67,9,1,-1,1,ERROR,2026-07-30T18:38:42.952783
67,9,2,-1,1,ERROR,2026-07-30T18:38:43.163684
67,9,3,-1,1,ERROR,2026-07-30T18:38:43.351616
67,9,4,-1,1,ERROR,2026-07-30T18:38:43.350219
67,9,5,-1,1,ERROR,2026-07-30T18:38:43.350193
67,9,6,-1,1,ERROR,2026-07-30T18:38:43.298320
67,9,7,-1,1,ERROR,2026-07-30T18:38:43.505335
67,9,8,-1,1,ERROR,2026-07-30T18:38:43.513305
67,9,9,-1,1,ERROR,2026-07-30T18:38:43.519404
67,9,10,-1,1,ERROR,2026-07-30T18:38:43.732247
67,10,1,-1,1,ERROR,2026-07-30T18:38:43.667557
67,10,2,-1,1,ERROR,2026-07-30T18:38:43.818696
67,10,3,-1,1,ERROR,2026-07-30T18:38:43.818651
67,10,4,-1,1,ERROR,2026-07-30T18:38:43.818680
67,10,5,-1,1,ERROR,2026-07-30T18:38:44.081864
67,10,6,-1,1,ERROR,2026-07-30T18:38:44.081831
67,10,7,-1,1,ERROR,2026-07-30T18:38:44.081895
67,10,8,-1,1,ERROR,2026-07-30T18:38:44.239236
67,10,9,-1,1,ERROR,2026-07-30T18:38:44.199619
67,10,10,-1,1,ERROR,2026-07-30T18:38:44.286710
67,11,1,-1,1,ERROR,2026-07-30T18:38:44.286737
67,11,2,-1,1,ERROR,2026-07-30T18:38:44.288133
67,11,3,-1,1,ERROR,2026-07-30T18:38:44.449527
67,11,4,-1,1,ERROR,2026-07-30T18:38:44.653199
67,11,5,-1,1,ERROR,2026-07-30T18:38:44.653164
67,11,6,-1,1,ERROR,2026-07-30T18:38:44.670671
67,11,7,-1,1,ERROR,2026-07-30T18:38:44.703597
67,11,8,-1,1,ERROR,2026-07-30T18:38:44.857859
67,11,9,-1,1,ERROR,2026-07-30T18:38:44.853559
67,11,10,-1,1,ERROR,2026-07-30T18:38:44.856120
67,12,1,-1,1,ERROR,2026-07-30T18:38:45.015469
67,12,2,-1,1,ERROR,2026-07-30T18:38:45.224382
67,12,3,-1,1,ERROR,2026-07-30T18:38:45.224345
67,12,4,-1,1,ERROR,2026-07-30T18:38:45.137427
67,12,5,-1,1,ERROR,2026-07-30T18:38:45.171426
67,12,6,-1,1,ERROR,2026-07-30T18:38:45.322782
67,12,7,-1,1,ERROR,2026-07-30T18:38:45.322552
67,12,8,-1,1,ERROR,2026-07-30T18:38:45.324395
67,12,9,-1,1,ERROR,2026-07-30T18:38:45.586301
67,12,10,-1,1,ERROR,2026-07-30T18:38:45.505560
67,13,1,-1,1,ERROR,2026-07-30T18:38:45.742217
67,13,2,-1,1,ERROR,2026-07-30T18:38:45.694123
67,13,3,-1,1,ERROR,2026-07-30T18:38:45.693435
67,13,4,-1,1,ERROR,2026-07-30T18:38:45.693407
67,13,5,-1,1,ERROR,2026-07-30T18:38:45.792166
67,13,6,-1,1,ERROR,2026-07-30T18:38:45.899071
67,13,7,-1,1,ERROR,2026-07-30T18:38:45.871579
67,13,8,-1,1,ERROR,2026-07-30T18:38:46.155014
67,13,9,-1,1,ERROR,2026-07-30T18:38:46.058346
67,13,10,-1,1,ERROR,2026-07-30T18:38:46.058679
67,14,1,-1,1,ERROR,2026-07-30T18:38:46.063478
67,14,2,-1,1,ERROR,2026-07-30T18:38:46.309063
67,14,3,-1,1,ERROR,2026-07-30T18:38:46.262568
67,14,4,-1,1,ERROR,2026-07-30T18:38:46.241003
67,14,5,-1,1,ERROR,2026-07-30T18:38:46.464138
67,14,6,-1,1,ERROR,2026-07-30T18:38:46.425320
67,14,7,-1,1,ERROR,2026-07-30T18:38:46.426786
67,14,8,-1,1,ERROR,2026-07-30T18:38:46.428675
67,14,9,-1,1,ERROR,2026-07-30T18:38:46.627995
67,14,10,-1,1,ERROR,2026-07-30T18:38:46.605646
67,15,1,-1,1,ERROR,2026-07-30T18:38:46.831729
67,15,2,-1,1,ERROR,2026-07-30T18:38:46.874343
67,15,3,-1,1,ERROR,2026-07-30T18:38:46.999576
67,15,4,-1,1,ERROR,2026-07-30T18:38:46.899171
67,15,5,-1,1,ERROR,2026-07-30T18:38:46.899200
67,15,6,-1,1,ERROR,2026-07-30T18:38:47.032960
67,15,7,-1,1,ERROR,2026-07-30T18:38:46.983133
67,15,8,-1,1,ERROR,2026-07-30T18:38:47.205408
67,15,9,-1,1,ERROR,2026-07-30T18:38:47.400864
67,15,10,-1,1,ERROR,2026-07-30T18:38:47.345448
67,16,1,-1,1,ERROR,2026-07-30T18:38:47.368103
67,16,2,-1,1,ERROR,2026-07-30T18:38:47.364465
67,16,3,-1,1,ERROR,2026-07-30T18:38:47.549925
67,16,4,-1,1,ERROR,2026-07-30T18:38:47.568721
67,16,5,-1,1,ERROR,2026-07-30T18:38:47.613375
67,16,6,-1,1,ERROR,2026-07-30T18:38:47.773890
67,16,7,-1,1,ERROR,2026-07-30T18:38:47.917592
67,16,8,-1,1,ERROR,2026-07-30T18:38:47.932700
67,16,9,-1,1,ERROR,2026-07-30T18:38:47.932671
67,16,10,-1,1,ERROR,2026-07-30T18:38:47.871721
67,17,1,-1,1,ERROR,2026-07-30T18:38:48.118911
67,17,2,-1,1,ERROR,2026-07-30T18:38:48.139127
67,17,3,-1,1,ERROR,2026-07-30T18:38:48.081303
67,17,4,-1,1,ERROR,2026-07-30T18:38:48.240212
67,17,5,-1,1,ERROR,2026-07-30T18:38:48.442474
67,17,6,-1,1,ERROR,2026-07-30T18:38:48.487422
67,17,7,-1,1,ERROR,2026-07-30T18:38:48.400907
67,17,8,-1,1,ERROR,2026-07-30T18:38:48.400879
67,17,9,-1,1,ERROR,2026-07-30T18:38:48.649774
67,17,10,-1,1,ERROR,2026-07-30T18:38:48.593023
67,18,1,-1,1,ERROR,2026-07-30T18:38:48.607166
67,18,2,-1,1,ERROR,2026-07-30T18:38:48.809278
67,18,3,-1,1,ERROR,2026-07-30T18:38:48.973662
67,18,4,-1,1,ERROR,2026-07-30T18:38:48.763711
67,18,5,-1,1,ERROR,2026-07-30T18:38:49.015546
67,18,6,-1,1,ERROR,2026-07-30T18:38:48.955830
67,18,7,-1,1,ERROR,2026-07-30T18:38:49.165228
67,18,8,-1,1,ERROR,2026-07-30T18:38:49.177024
67,18,9,-1,1,ERROR,2026-07-30T18:38:49.117701
67,18,10,-1,1,ERROR,2026-07-30T18:38:49.335418
67,19,1,-1,1,ERROR,2026-07-30T18:38:49.281985
67,19,2,-1,1,ERROR,2026-07-30T18:38:49.538277
67,19,3,-1,1,ERROR,2026-07-30T18:38:49.541008
67,19,4,-1,1,ERROR,2026-07-30T18:38:49.482666
67,19,5,-1,1,ERROR,2026-07-30T18:38:49.686415
67,19,6,-1,1,ERROR,2026-07-30T18:38:49.635223
67,19,7,-1,1,ERROR,2026-07-30T18:38:49.641524
67,19,8,-1,1,ERROR,2026-07-30T18:38:49.852158
67,19,9,-1,1,ERROR,2026-07-30T18:38:49.803867
67,19,10,-1,1,ERROR,2026-07-30T18:38:50.058958
67,20,1,-1,1,ERROR,2026-07-30T18:38:50.007312
67,20,2,-1,1,ERROR,2026-07-30T18:38:50.008548
67,20,3,-1,1,ERROR,2026-07-30T18:38:50.207919
67,20,4,-1,1,ERROR,2026-07-30T18:38:50.209903
67,20,5,-1,1,ERROR,2026-07-30T18:38:50.263269
67,20,6,-1,1,ERROR,2026-07-30T18:38:50.180657
67,20,7,-1,1,ERROR,2026-07-30T18:38:50.424483
67,20,8,-1,1,ERROR,2026-07-30T18:38:50.579289
67,20,9,-1,1,ERROR,2026-07-30T18:38:50.579261
67,20,10,-1,1,ERROR,2026-07-30T18:38:50.525265
67,21,1,-1,1,ERROR,2026-07-30T18:38:50.751665
67,21,2,-1,1,ERROR,2026-07-30T18:38:50.777982
67,21,3,-1,1,ERROR,2026-07-30T18:38:50.777958
67,21,4,-1,1,ERROR,2026-07-30T18:38:50.728966
67,21,5,-1,1,ERROR,2026-07-30T18:38:50.892716
67,21,6,-1,1,ERROR,2026-07-30T18:38:50.894990
67,21,7,-1,1,ERROR,2026-07-30T18:38:51.044302
67,21,8,-1,1,ERROR,2026-07-30T18:38:51.048418
67,21,9,-1,1,ERROR,2026-07-30T18:38:51.298720
67,21,10,-1,1,ERROR,2026-07-30T18:38:51.313281
67,22,1,-1,1,ERROR,2026-07-30T18:38:51.249195
67,22,2,-1,1,ERROR,2026-07-30T18:38:51.249241
67,22,3,-1,1,ERROR,2026-07-30T18:38:51.461265
67,22,4,-1,1,ERROR,2026-07-30T18:38:51.465670
67,22,5,-1,1,ERROR,2026-07-30T18:38:51.411611
67,22,6,-1,1,ERROR,2026-07-30T18:38:51.413205
67,22,7,-1,1,ERROR,2026-07-30T18:38:51.620916
67,22,8,-1,1,ERROR,2026-07-30T18:38:51.823413
67,22,9,-1,1,ERROR,2026-07-30T18:38:51.869102
67,22,10,-1,1,ERROR,2026-07-30T18:38:51.880347
67,23,1,-1,1,ERROR,2026-07-30T18:38:51.876869
67,23,2,-1,1,ERROR,2026-07-30T18:38:51.880366
67,23,3,-1,1,ERROR,2026-07-30T18:38:52.036065
67,23,4,-1,1,ERROR,2026-07-30T18:38:52.036040
67,23,5,-1,1,ERROR,2026-07-30T18:38:51.983124
67,23,6,-1,1,ERROR,2026-07-30T18:38:52.190566
67,23,7,-1,1,ERROR,2026-07-30T18:38:52.437864
67,23,8,-1,1,ERROR,2026-07-30T18:38:52.442465
67,23,9,-1,1,ERROR,2026-07-30T18:38:52.456005
67,23,10,-1,1,ERROR,2026-07-30T18:38:52.441753
67,24,1,-1,1,ERROR,2026-07-30T18:38:52.455976
67,24,2,-1,1,ERROR,2026-07-30T18:38:52.607038
67,24,3,-1,1,ERROR,2026-07-30T18:38:52.604002
67,24,4,-1,1,ERROR,2026-07-30T18:38:52.556715
67,24,5,-1,1,ERROR,2026-07-30T18:38:52.804009
67,24,6,-1,1,ERROR,2026-07-30T18:38:53.008834
67,24,7,-1,1,ERROR,2026-07-30T18:38:53.010144
67,24,8,-1,1,ERROR,2026-07-30T18:38:53.029430
67,24,9,-1,1,ERROR,2026-07-30T18:38:53.029401
67,24,10,-1,1,ERROR,2026-07-30T18:38:53.024569
67,25,1,-1,1,ERROR,2026-07-30T18:38:53.196437
67,25,2,-1,1,ERROR,2026-07-30T18:38:53.196327
67,25,3,-1,1,ERROR,2026-07-30T18:38:53.284250
67,25,4,-1,1,ERROR,2026-07-30T18:38:53.382420
67,25,5,-1,1,ERROR,2026-07-30T18:38:53.381206
67,25,6,-1,1,ERROR,2026-07-30T18:38:53.597910
67,25,7,-1,1,ERROR,2026-07-30T18:38:53.600434
67,25,8,-1,1,ERROR,2026-07-30T18:38:53.598965
67,25,9,-1,1,ERROR,2026-07-30T18:38:53.668612
67,25,10,-1,1,ERROR,2026-07-30T18:38:53.668654
67,26,1,-1,1,ERROR,2026-07-30T18:38:53.758959
67,26,2,-1,1,ERROR,2026-07-30T18:38:53.855339
67,26,3,-1,1,ERROR,2026-07-30T18:38:53.855306
67,26,4,-1,1,ERROR,2026-07-30T18:38:54.169296
67,26,5,-1,1,ERROR,2026-07-30T18:38:53.965158
67,26,6,-1,1,ERROR,2026-07-30T18:38:54.175462
67,26,7,-1,1,ERROR,2026-07-30T18:38:54.142771
67,26,8,-1,1,ERROR,2026-07-30T18:38:54.142713
67,26,9,-1,1,ERROR,2026-07-30T18:38:54.128232
67,26,10,-1,1,ERROR,2026-07-30T18:38:54.325252
67,27,1,-1,1,ERROR,2026-07-30T18:38:54.326750
67,27,2,-1,1,ERROR,2026-07-30T18:38:54.535368
67,27,3,-1,1,ERROR,2026-07-30T18:38:54.505961
67,27,4,-1,1,ERROR,2026-07-30T18:38:54.712061
67,27,5,-1,1,ERROR,2026-07-30T18:38:54.716071
67,27,6,-1,1,ERROR,2026-07-30T18:38:54.739724
67,27,7,-1,1,ERROR,2026-07-30T18:38:54.750706
67,27,8,-1,1,ERROR,2026-07-30T18:38:54.906784
67,27,9,-1,1,ERROR,2026-07-30T18:38:54.903624
67,27,10,-1,1,ERROR,2026-07-30T18:38:55.083401
67,28,1,-1,1,ERROR,2026-07-30T18:38:55.108116
67,28,2,-1,1,ERROR,2026-07-30T18:38:55.284831
67,28,3,-1,1,ERROR,2026-07-30T18:38:55.284862
67,28,4,-1,1,ERROR,2026-07-30T18:38:55.309523
67,28,5,-1,1,ERROR,2026-07-30T18:38:55.222860
67,28,6,-1,1,ERROR,2026-07-30T18:38:55.476391
67,28,7,-1,1,ERROR,2026-07-30T18:38:55.476419
67,28,8,-1,1,ERROR,2026-07-30T18:38:55.652847
67,28,9,-1,1,ERROR,2026-07-30T18:38:55.578284
67,28,10,-1,1,ERROR,2026-07-30T18:38:55.792722
67,29,1,-1,1,ERROR,2026-07-30T18:38:55.753052
67,29,2,-1,1,ERROR,2026-07-30T18:38:55.754275
67,29,3,-1,1,ERROR,2026-07-30T18:38:55.778556
67,29,4,-1,1,ERROR,2026-07-30T18:38:55.947421
67,29,5,-1,1,ERROR,2026-07-30T18:38:55.947391
67,29,6,-1,1,ERROR,2026-07-30T18:38:56.149314
67,29,7,-1,1,ERROR,2026-07-30T18:38:56.119552
67,29,8,-1,1,ERROR,2026-07-30T18:38:56.121620
67,29,9,-1,1,ERROR,2026-07-30T18:38:56.333121
67,29,10,-1,1,ERROR,2026-07-30T18:38:56.350621
67,30,1,-1,1,ERROR,2026-07-30T18:38:56.365648
67,30,2,-1,1,ERROR,2026-07-30T18:38:56.516470
67,30,3,-1,1,ERROR,2026-07-30T18:38:56.518188
67,30,4,-1,1,ERROR,2026-07-30T18:38:56.685968
67,30,5,-1,1,ERROR,2026-07-30T18:38:56.685944
67,30,6,-1,1,ERROR,2026-07-30T18:38:56.716458
67,30,7,-1,1,ERROR,2026-07-30T18:38:56.900156
67,30,8,-1,1,ERROR,2026-07-30T18:38:56.818984
67,30,9,-1,1,ERROR,2026-07-30T18:38:56.831884
67,30,10,-1,1,ERROR,2026-07-30T18:38:56.985333
68,1,1,-1,1,ERROR,2026-07-30T18:38:56.985958
68,1,2,-1,1,ERROR,2026-07-30T18:38:57.158242
68,1,3,-1,1,ERROR,2026-07-30T18:38:57.158216
68,1,4,-1,1,ERROR,2026-07-30T18:38:57.184388
68,1,5,-1,1,ERROR,2026-07-30T18:38:57.389721
68,1,6,-1,1,ERROR,2026-07-30T18:38:57.402594
68,1,7,-1,1,ERROR,2026-07-30T18:38:57.373214
68,1,8,-1,1,ERROR,2026-07-30T18:38:57.350280
68,1,9,-1,1,ERROR,2026-07-30T18:38:57.554667
68,1,10,-1,1,ERROR,2026-07-30T18:38:57.529336
68,2,1,-1,1,ERROR,2026-07-30T18:38:57.529359
68,2,2,-1,1,ERROR,2026-07-30T18:38:57.754923
68,2,3,-1,1,ERROR,2026-07-30T18:38:57.920247
68,2,4,-1,1,ERROR,2026-07-30T18:38:57.939969
68,2,5,-1,1,ERROR,2026-07-30T18:38:57.857664
68,2,6,-1,1,ERROR,2026-07-30T18:38:57.868893
68,2,7,-1,1,ERROR,2026-07-30T18:38:58.096800
68,2,8,-1,1,ERROR,2026-07-30T18:38:58.096831
68,2,9,-1,1,ERROR,2026-07-30T18:38:58.122218
68,2,10,-1,1,ERROR,2026-07-30T18:38:58.223274
68,3,1,-1,1,ERROR,2026-07-30T18:38:58.230223
68,3,2,-1,1,ERROR,2026-07-30T18:38:58.437234
68,3,3,-1,1,ERROR,2026-07-30T18:38:58.387795
68,3,4,-1,1,ERROR,2026-07-30T18:38:58.403820
68,3,5,-1,1,ERROR,2026-07-30T18:38:58.562963
68,3,6,-1,1,ERROR,2026-07-30T18:38:58.564237
68,3,7,-1,1,ERROR,2026-07-30T18:38:58.588001
68,3,8,-1,1,ERROR,2026-07-30T18:38:58.789395
68,3,9,-1,1,ERROR,2026-07-30T18:38:58.790456
68,3,10,-1,1,ERROR,2026-07-30T18:38:58.952056
68,4,1,-1,1,ERROR,2026-07-30T18:38:58.973271
68,4,2,-1,1,ERROR,2026-07-30T18:38:58.902722
68,4,3,-1,1,ERROR,2026-07-30T18:38:59.135530
68,4,4,-1,1,ERROR,2026-07-30T18:38:59.135502
68,4,5,-1,1,ERROR,2026-07-30T18:38:59.153943
68,4,6,-1,1,ERROR,2026-07-30T18:38:59.250840
68,4,7,-1,1,ERROR,2026-07-30T18:38:59.254065
68,4,8,-1,1,ERROR,2026-07-30T18:38:59.472045
68,4,9,-1,1,ERROR,2026-07-30T18:38:59.421884
68,4,10,-1,1,ERROR,2026-07-30T18:38:59.443494
68,5,1,-1,1,ERROR,2026-07-30T18:38:59.603936
68,5,2,-1,1,ERROR,2026-07-30T18:38:59.609550
68,5,3,-1,1,ERROR,2026-07-30T18:38:59.621591
68,5,4,-1,1,ERROR,2026-07-30T18:38:59.819060
68,5,5,-1,1,ERROR,2026-07-30T18:38:59.819085
68,5,6,-1,1,ERROR,2026-07-30T18:38:59.990368
68,5,7,-1,1,ERROR,2026-07-30T18:38:59.913886
68,5,8,-1,1,ERROR,2026-07-30T18:38:59.945523
68,5,9,-1,1,ERROR,2026-07-30T18:39:00.171685
68,5,10,-1,1,ERROR,2026-07-30T18:39:00.081196
68,6,1,-1,1,ERROR,2026-07-30T18:39:00.089577
68,6,2,-1,1,ERROR,2026-07-30T18:39:00.284912
68,6,3,-1,1,ERROR,2026-07-30T18:39:00.288694
68,6,4,-1,1,ERROR,2026-07-30T18:39:00.487073
68,6,5,-1,1,ERROR,2026-07-30T18:39:00.515721
68,6,6,-1,1,ERROR,2026-07-30T18:39:00.452736
68,6,7,-1,1,ERROR,2026-07-30T18:39:00.752678
68,6,8,-1,1,ERROR,2026-07-30T18:39:00.754540
68,6,9,-1,1,ERROR,2026-07-30T18:39:00.737435
68,6,10,-1,1,ERROR,2026-07-30T18:39:00.971482
68,7,1,-1,1,ERROR,2026-07-30T18:39:00.971516
68,7,2,-1,1,ERROR,2026-07-30T18:39:00.920336
68,7,3,-1,1,ERROR,2026-07-30T18:39:00.954832
68,7,4,-1,1,ERROR,2026-07-30T18:39:00.985398
68,7,5,-1,1,ERROR,2026-07-30T18:39:01.108368
68,7,6,-1,1,ERROR,2026-07-30T18:39:01.322661
68,7,7,-1,1,ERROR,2026-07-30T18:39:01.322637
68,7,8,-1,1,ERROR,2026-07-30T18:39:01.491737
68,7,9,-1,1,ERROR,2026-07-30T18:39:01.529110
68,7,10,-1,1,ERROR,2026-07-30T18:39:01.443706
68,8,1,-1,1,ERROR,2026-07-30T18:39:01.443574
68,8,2,-1,1,ERROR,2026-07-30T18:39:01.455355
68,8,3,-1,1,ERROR,2026-07-30T18:39:01.678638
68,8,4,-1,1,ERROR,2026-07-30T18:39:01.793424
68,8,5,-1,1,ERROR,2026-07-30T18:39:01.792127
68,8,6,-1,1,ERROR,2026-07-30T18:39:02.012860
68,8,7,-1,1,ERROR,2026-07-30T18:39:02.014174
68,8,8,-1,1,ERROR,2026-07-30T18:39:02.021710
68,8,9,-1,1,ERROR,2026-07-30T18:39:02.058288
68,8,10,-1,1,ERROR,2026-07-30T18:39:02.004961
68,9,1,-1,1,ERROR,2026-07-30T18:39:02.146163
68,9,2,-1,1,ERROR,2026-07-30T18:39:02.160484
68,9,3,-1,1,ERROR,2026-07-30T18:39:02.159243
68,9,4,-1,1,ERROR,2026-07-30T18:39:02.371559
68,9,5,-1,1,ERROR,2026-07-30T18:39:02.581394
68,9,6,-1,1,ERROR,2026-07-30T18:39:02.584866
68,9,7,-1,1,ERROR,2026-07-30T18:39:02.590333
68,9,8,-1,1,ERROR,2026-07-30T18:39:02.634343
68,9,9,-1,1,ERROR,2026-07-30T18:39:02.623203
68,9,10,-1,1,ERROR,2026-07-30T18:39:02.634376
68,10,1,-1,1,ERROR,2026-07-30T18:39:02.624504
68,10,2,-1,1,ERROR,2026-07-30T18:39:02.737480
68,10,3,-1,1,ERROR,2026-07-30T18:39:03.160351
68,10,4,-1,1,ERROR,2026-07-30T18:39:02.952372
68,10,5,-1,1,ERROR,2026-07-30T18:39:03.163223
68,10,6,-1,1,ERROR,2026-07-30T18:39:03.122091
68,10,7,-1,1,ERROR,2026-07-30T18:39:03.120694
68,10,8,-1,1,ERROR,2026-07-30T18:39:03.120417
68,10,9,-1,1,ERROR,2026-07-30T18:39:03.130717
68,10,10,-1,1,ERROR,2026-07-30T18:39:03.323363
68,11,1,-1,1,ERROR,2026-07-30T18:39:03.524435
68,11,2,-1,1,ERROR,2026-07-30T18:39:03.700826
68,11,3,-1,1,ERROR,2026-07-30T18:39:03.699227
68,11,4,-1,1,ERROR,2026-07-30T18:39:03.706956
68,11,5,-1,1,ERROR,2026-07-30T18:39:03.705853
68,11,6,-1,1,ERROR,2026-07-30T18:39:03.732222
68,11,7,-1,1,ERROR,2026-07-30T18:39:03.734549
68,11,8,-1,1,ERROR,2026-07-30T18:39:03.907677
68,11,9,-1,1,ERROR,2026-07-30T18:39:03.891057
68,11,10,-1,1,ERROR,2026-07-30T18:39:04.072232
68,12,1,-1,1,ERROR,2026-07-30T18:39:04.273163
68,12,2,-1,1,ERROR,2026-07-30T18:39:04.279607
68,12,3,-1,1,ERROR,2026-07-30T18:39:04.279584
68,12,4,-1,1,ERROR,2026-07-30T18:39:04.303314
68,12,5,-1,1,ERROR,2026-07-30T18:39:04.303283
68,12,6,-1,1,ERROR,2026-07-30T18:39:04.465335
68,12,7,-1,1,ERROR,2026-07-30T18:39:04.476618
68,12,8,-1,1,ERROR,2026-07-30T18:39:04.644258
68,12,9,-1,1,ERROR,2026-07-30T18:39:04.844742
68,12,10,-1,1,ERROR,2026-07-30T18:39:04.848357
68,13,1,-1,1,ERROR,2026-07-30T18:39:04.847150
68,13,2,-1,1,ERROR,2026-07-30T18:39:04.870849
68,13,3,-1,1,ERROR,2026-07-30T18:39:04.870875
68,13,4,-1,1,ERROR,2026-07-30T18:39:05.041763
68,13,5,-1,1,ERROR,2026-07-30T18:39:05.041729
68,13,6,-1,1,ERROR,2026-07-30T18:39:05.208690
68,13,7,-1,1,ERROR,2026-07-30T18:39:05.310326
68,13,8,-1,1,ERROR,2026-07-30T18:39:05.315009
68,13,9,-1,1,ERROR,2026-07-30T18:39:05.317593
68,13,10,-1,1,ERROR,2026-07-30T18:39:05.338500
68,14,1,-1,1,ERROR,2026-07-30T18:39:05.343249
68,14,2,-1,1,ERROR,2026-07-30T18:39:05.509227
68,14,3,-1,1,ERROR,2026-07-30T18:39:05.509255
68,14,4,-1,1,ERROR,2026-07-30T18:39:05.679016
68,14,5,-1,1,ERROR,2026-07-30T18:39:05.678993
68,14,6,-1,1,ERROR,2026-07-30T18:39:05.679031
68,14,7,-1,1,ERROR,2026-07-30T18:39:05.681166
68,14,8,-1,1,ERROR,2026-07-30T18:39:05.908390
68,14,9,-1,1,ERROR,2026-07-30T18:39:05.916279
68,14,10,-1,1,ERROR,2026-07-30T18:39:06.084961
68,15,1,-1,1,ERROR,2026-07-30T18:39:06.078160
68,15,2,-1,1,ERROR,2026-07-30T18:39:06.250414
68,15,3,-1,1,ERROR,2026-07-30T18:39:06.248265
68,15,4,-1,1,ERROR,2026-07-30T18:39:06.250390
68,15,5,-1,1,ERROR,2026-07-30T18:39:06.253033
68,15,6,-1,1,ERROR,2026-07-30T18:39:06.381201
68,15,7,-1,1,ERROR,2026-07-30T18:39:06.379249
68,15,8,-1,1,ERROR,2026-07-30T18:39:06.548338
68,15,9,-1,1,ERROR,2026-07-30T18:39:06.548789
68,15,10,-1,1,ERROR,2026-07-30T18:39:06.819983
68,16,1,-1,1,ERROR,2026-07-30T18:39:06.821251
68,16,2,-1,1,ERROR,2026-07-30T18:39:06.819864
68,16,3,-1,1,ERROR,2026-07-30T18:39:06.818795
68,16,4,-1,1,ERROR,2026-07-30T18:39:06.950424
68,16,5,-1,1,ERROR,2026-07-30T18:39:06.849975
68,16,6,-1,1,ERROR,2026-07-30T18:39:07.025578
68,16,7,-1,1,ERROR,2026-07-30T18:39:07.016743
68,16,8,-1,1,ERROR,2026-07-30T18:39:07.384485
68,16,9,-1,1,ERROR,2026-07-30T18:39:07.385772
68,16,10,-1,1,ERROR,2026-07-30T18:39:07.183586
68,17,1,-1,1,ERROR,2026-07-30T18:39:07.386688
68,17,2,-1,1,ERROR,2026-07-30T18:39:07.419236
68,17,3,-1,1,ERROR,2026-07-30T18:39:07.419201
68,17,4,-1,1,ERROR,2026-07-30T18:39:07.583022
68,17,5,-1,1,ERROR,2026-07-30T18:39:07.587971
68,17,6,-1,1,ERROR,2026-07-30T18:39:07.751552
68,17,7,-1,1,ERROR,2026-07-30T18:39:07.950526
68,17,8,-1,1,ERROR,2026-07-30T18:39:07.950501
68,17,9,-1,1,ERROR,2026-07-30T18:39:07.954321
68,17,10,-1,1,ERROR,2026-07-30T18:39:07.885562
68,18,1,-1,1,ERROR,2026-07-30T18:39:07.888983
68,18,2,-1,1,ERROR,2026-07-30T18:39:08.050999
68,18,3,-1,1,ERROR,2026-07-30T18:39:08.053732
68,18,4,-1,1,ERROR,2026-07-30T18:39:08.227392
68,18,5,-1,1,ERROR,2026-07-30T18:39:08.453764
68,18,6,-1,1,ERROR,2026-07-30T18:39:08.453737
68,18,7,-1,1,ERROR,2026-07-30T18:39:08.422902
68,18,8,-1,1,ERROR,2026-07-30T18:39:08.423292
68,18,9,-1,1,ERROR,2026-07-30T18:39:08.422946
68,18,10,-1,1,ERROR,2026-07-30T18:39:08.624122
68,19,1,-1,1,ERROR,2026-07-30T18:39:08.614560
68,19,2,-1,1,ERROR,2026-07-30T18:39:08.795384
68,19,3,-1,1,ERROR,2026-07-30T18:39:08.998095
68,19,4,-1,1,ERROR,2026-07-30T18:39:08.998118
68,19,5,-1,1,ERROR,2026-07-30T18:39:08.992472
68,19,6,-1,1,ERROR,2026-07-30T18:39:08.923413
68,19,7,-1,1,ERROR,2026-07-30T18:39:08.920874
68,19,8,-1,1,ERROR,2026-07-30T18:39:09.084657
68,19,9,-1,1,ERROR,2026-07-30T18:39:09.092927
68,19,10,-1,1,ERROR,2026-07-30T18:39:09.263167
68,20,1,-1,1,ERROR,2026-07-30T18:39:09.491468
68,20,2,-1,1,ERROR,2026-07-30T18:39:09.493975
68,20,3,-1,1,ERROR,2026-07-30T18:39:09.463486
68,20,4,-1,1,ERROR,2026-07-30T18:39:09.463511
68,20,5,-1,1,ERROR,2026-07-30T18:39:09.466032
68,20,6,-1,1,ERROR,2026-07-30T18:39:09.653541
68,20,7,-1,1,ERROR,2026-07-30T18:39:09.664835
68,20,8,-1,1,ERROR,2026-07-30T18:39:09.631551
68,20,9,-1,1,ERROR,2026-07-30T18:39:10.030866
68,20,10,-1,1,ERROR,2026-07-30T18:39:09.826864
68,21,1,-1,1,ERROR,2026-07-30T18:39:10.031900
68,21,2,-1,1,ERROR,2026-07-30T18:39:10.060382
68,21,3,-1,1,ERROR,2026-07-30T18:39:10.061913
68,21,4,-1,1,ERROR,2026-07-30T18:39:10.198400
68,21,5,-1,1,ERROR,2026-07-30T18:39:10.223247
68,21,6,-1,1,ERROR,2026-07-30T18:39:10.229443
68,21,7,-1,1,ERROR,2026-07-30T18:39:10.390395
68,21,8,-1,1,ERROR,2026-07-30T18:39:10.612357
68,21,9,-1,1,ERROR,2026-07-30T18:39:10.600986
68,21,10,-1,1,ERROR,2026-07-30T18:39:10.635285
68,22,1,-1,1,ERROR,2026-07-30T18:39:10.539020
68,22,2,-1,1,ERROR,2026-07-30T18:39:10.884715
68,22,3,-1,1,ERROR,2026-07-30T18:39:10.895980
68,22,4,-1,1,ERROR,2026-07-30T18:39:10.910333
68,22,5,-1,1,ERROR,2026-07-30T18:39:11.062918
68,22,6,-1,1,ERROR,2026-07-30T18:39:11.114431
68,22,7,-1,1,ERROR,2026-07-30T18:39:11.078863
68,22,8,-1,1,ERROR,2026-07-30T18:39:11.084530
68,22,9,-1,1,ERROR,2026-07-30T18:39:11.103974
68,22,10,-1,1,ERROR,2026-07-30T18:39:11.252341
68,23,1,-1,1,ERROR,2026-07-30T18:39:11.469609
68,23,2,-1,1,ERROR,2026-07-30T18:39:11.479908
68,23,3,-1,1,ERROR,2026-07-30T18:39:11.630664
68,23,4,-1,1,ERROR,2026-07-30T18:39:11.645998
68,23,5,-1,1,ERROR,2026-07-30T18:39:11.653272
68,23,6,-1,1,ERROR,2026-07-30T18:39:11.676441
68,23,7,-1,1,ERROR,2026-07-30T18:39:11.584064
68,23,8,-1,1,ERROR,2026-07-30T18:39:11.827477
68,23,9,-1,1,ERROR,2026-07-30T18:39:11.935000
68,23,10,-1,1,ERROR,2026-07-30T18:39:11.946349
68,24,1,-1,1,ERROR,2026-07-30T18:39:12.152438
68,24,2,-1,1,ERROR,2026-07-30T18:39:12.199061
68,24,3,-1,1,ERROR,2026-07-30T18:39:12.109913
68,24,4,-1,1,ERROR,2026-07-30T18:39:12.122792
68,24,5,-1,1,ERROR,2026-07-30T18:39:12.147969
68,24,6,-1,1,ERROR,2026-07-30T18:39:12.294066
68,24,7,-1,1,ERROR,2026-07-30T18:39:12.510839
68,24,8,-1,1,ERROR,2026-07-30T18:39:12.514342
68,24,9,-1,1,ERROR,2026-07-30T18:39:12.478336
68,24,10,-1,1,ERROR,2026-07-30T18:39:12.704266
68,25,1,-1,1,ERROR,2026-07-30T18:39:12.738201
68,25,2,-1,1,ERROR,2026-07-30T18:39:12.748220
68,25,3,-1,1,ERROR,2026-07-30T18:39:12.776180
68,25,4,-1,1,ERROR,2026-07-30T18:39:12.869887
68,25,5,-1,1,ERROR,2026-07-30T18:39:12.867226
68,25,6,-1,1,ERROR,2026-07-30T18:39:13.092424
68,25,7,-1,1,ERROR,2026-07-30T18:39:13.094287
68,25,8,-1,1,ERROR,2026-07-30T18:39:13.306917
68,25,9,-1,1,ERROR,2026-07-30T18:39:13.319908
68,25,10,-1,1,ERROR,2026-07-30T18:39:13.222905
68,26,1,-1,1,ERROR,2026-07-30T18:39:13.242912
68,26,2,-1,1,ERROR,2026-07-30T18:39:13.439790
68,26,3,-1,1,ERROR,2026-07-30T18:39:13.454320
68,26,4,-1,1,ERROR,2026-07-30T18:39:13.694141
68,26,5,-1,1,ERROR,2026-07-30T18:39:13.675119
68,26,6,-1,1,ERROR,2026-07-30T18:39:13.725667
68,26,7,-1,1,ERROR,2026-07-30T18:39:13.899581
68,26,8,-1,1,ERROR,2026-07-30T18:39:13.833742
68,26,9,-1,1,ERROR,2026-07-30T18:39:13.833411
68,26,10,-1,1,ERROR,2026-07-30T18:39:13.923500
68,27,1,-1,1,ERROR,2026-07-30T18:39:13.923536
68,27,2,-1,1,ERROR,2026-07-30T18:39:14.062698
68,27,3,-1,1,ERROR,2026-07-30T18:39:14.304274
68,27,4,-1,1,ERROR,2026-07-30T18:39:14.305708
68,27,5,-1,1,ERROR,2026-07-30T18:39:14.303733
68,27,6,-1,1,ERROR,2026-07-30T18:39:14.303702
68,27,7,-1,1,ERROR,2026-07-30T18:39:14.470847
68,27,8,-1,1,ERROR,2026-07-30T18:39:14.395527
68,27,9,-1,1,ERROR,2026-07-30T18:39:14.395556
68,27,10,-1,1,ERROR,2026-07-30T18:39:14.635384
68,28,1,-1,1,ERROR,2026-07-30T18:39:14.778583
68,28,2,-1,1,ERROR,2026-07-30T18:39:14.786780
68,28,3,-1,1,ERROR,2026-07-30T18:39:14.778910
68,28,4,-1,1,ERROR,2026-07-30T18:39:14.775030
68,28,5,-1,1,ERROR,2026-07-30T18:39:15.072619
68,28,6,-1,1,ERROR,2026-07-30T18:39:15.067150
68,28,7,-1,1,ERROR,2026-07-30T18:39:15.049923
68,28,8,-1,1,ERROR,2026-07-30T18:39:15.205345
68,28,9,-1,1,ERROR,2026-07-30T18:39:15.250656
68,28,10,-1,1,ERROR,2026-07-30T18:39:15.265958
68,29,1,-1,1,ERROR,2026-07-30T18:39:15.263688
68,29,2,-1,1,ERROR,2026-07-30T18:39:15.263168
68,29,3,-1,1,ERROR,2026-07-30T18:39:15.422836
68,29,4,-1,1,ERROR,2026-07-30T18:39:15.634715
68,29,5,-1,1,ERROR,2026-07-30T18:39:15.639091
68,29,6,-1,1,ERROR,2026-07-30T18:39:15.573877
68,29,7,-1,1,ERROR,2026-07-30T18:39:15.821629
68,29,8,-1,1,ERROR,2026-07-30T18:39:15.839217
68,29,9,-1,1,ERROR,2026-07-30T18:39:15.836730
68,29,10,-1,1,ERROR,2026-07-30T18:39:15.836701
68,30,1,-1,1,ERROR,2026-07-30T18:39:15.989304
68,30,2,-1,1,ERROR,2026-07-30T18:39:16.041566
68,30,3,-1,1,ERROR,2026-07-30T18:39:16.203189
68,30,4,-1,1,ERROR,2026-07-30T18:39:16.206006
68,30,5,-1,1,ERROR,2026-07-30T18:39:16.395781
68,30,6,-1,1,ERROR,2026-07-30T18:39:16.402890
68,30,7,-1,1,ERROR,2026-07-30T18:39:16.404056
68,30,8,-1,1,ERROR,2026-07-30T18:39:16.404260
68,30,9,-1,1,ERROR,2026-07-30T18:39:16.557961
68,30,10,-1,1,ERROR,2026-07-30T18:39:16.516413
69,1,1,-1,1,ERROR,2026-07-30T18:39:16.677282
69,1,2,-1,1,ERROR,2026-07-30T18:39:16.672430
69,1,3,-1,1,ERROR,2026-07-30T18:39:16.866169
69,1,4,-1,1,ERROR,2026-07-30T18:39:16.870042
69,1,5,-1,1,ERROR,2026-07-30T18:39:16.874664
69,1,6,-1,1,ERROR,2026-07-30T18:39:16.875774
69,1,7,-1,1,ERROR,2026-07-30T18:39:17.085061
69,1,8,-1,1,ERROR,2026-07-30T18:39:17.027403
69,1,9,-1,1,ERROR,2026-07-30T18:39:17.039519
69,1,10,-1,1,ERROR,2026-07-30T18:39:17.250234
69,2,1,-1,1,ERROR,2026-07-30T18:39:17.438882
69,2,2,-1,1,ERROR,2026-07-30T18:39:17.438838
69,2,3,-1,1,ERROR,2026-07-30T18:39:17.438867
69,2,4,-1,1,ERROR,2026-07-30T18:39:17.441633
69,2,5,-1,1,ERROR,2026-07-30T18:39:17.600441
69,2,6,-1,1,ERROR,2026-07-30T18:39:17.606379
69,2,7,-1,1,ERROR,2026-07-30T18:39:17.656967
69,2,8,-1,1,ERROR,2026-07-30T18:39:17.724049
69,2,9,-1,1,ERROR,2026-07-30T18:39:18.006289
69,2,10,-1,1,ERROR,2026-07-30T18:39:18.007695
69,3,1,-1,1,ERROR,2026-07-30T18:39:18.008656
69,3,2,-1,1,ERROR,2026-07-30T18:39:17.915149
69,3,3,-1,1,ERROR,2026-07-30T18:39:18.170008
69,3,4,-1,1,ERROR,2026-07-30T18:39:18.174475
69,3,5,-1,1,ERROR,2026-07-30T18:39:18.131057
69,3,6,-1,1,ERROR,2026-07-30T18:39:18.192777
69,3,7,-1,1,ERROR,2026-07-30T18:39:18.281874
69,3,8,-1,1,ERROR,2026-07-30T18:39:18.471643
69,3,9,-1,1,ERROR,2026-07-30T18:39:18.475243
69,3,10,-1,1,ERROR,2026-07-30T18:39:18.475572
69,4,1,-1,1,ERROR,2026-07-30T18:39:18.703516
69,4,2,-1,1,ERROR,2026-07-30T18:39:18.644440
69,4,3,-1,1,ERROR,2026-07-30T18:39:18.644205
69,4,4,-1,1,ERROR,2026-07-30T18:39:18.662955
69,4,5,-1,1,ERROR,2026-07-30T18:39:18.845988
69,4,6,-1,1,ERROR,2026-07-30T18:39:19.045476
69,4,7,-1,1,ERROR,2026-07-30T18:39:19.049391
69,4,8,-1,1,ERROR,2026-07-30T18:39:19.049618
69,4,9,-1,1,ERROR,2026-07-30T18:39:19.215328
69,4,10,-1,1,ERROR,2026-07-30T18:39:19.213955
69,5,1,-1,1,ERROR,2026-07-30T18:39:19.235774
69,5,2,-1,1,ERROR,2026-07-30T18:39:19.169559
69,5,3,-1,1,ERROR,2026-07-30T18:39:19.410394
69,5,4,-1,1,ERROR,2026-07-30T18:39:19.612575
69,5,5,-1,1,ERROR,2026-07-30T18:39:19.617017
69,5,6,-1,1,ERROR,2026-07-30T18:39:19.612607
69,5,7,-1,1,ERROR,2026-07-30T18:39:19.839125
69,5,8,-1,1,ERROR,2026-07-30T18:39:19.785805
69,5,9,-1,1,ERROR,2026-07-30T18:39:19.776176
69,5,10,-1,1,ERROR,2026-07-30T18:39:19.803113
69,6,1,-1,1,ERROR,2026-07-30T18:39:19.978192
69,6,2,-1,1,ERROR,2026-07-30T18:39:20.184042
69,6,3,-1,1,ERROR,2026-07-30T18:39:20.184072
69,6,4,-1,1,ERROR,2026-07-30T18:39:20.184016
69,6,5,-1,1,ERROR,2026-07-30T18:39:20.351237
69,6,6,-1,1,ERROR,2026-07-30T18:39:20.358249
69,6,7,-1,1,ERROR,2026-07-30T18:39:20.373133
69,6,8,-1,1,ERROR,2026-07-30T18:39:20.302039
69,6,9,-1,1,ERROR,2026-07-30T18:39:20.551178
69,6,10,-1,1,ERROR,2026-07-30T18:39:20.659322
69,7,1,-1,1,ERROR,2026-07-30T18:39:20.659353
69,7,2,-1,1,ERROR,2026-07-30T18:39:20.659386
69,7,3,-1,1,ERROR,2026-07-30T18:39:20.870589
69,7,4,-1,1,ERROR,2026-07-30T18:39:20.913781
69,7,5,-1,1,ERROR,2026-07-30T18:39:20.823874
69,7,6,-1,1,ERROR,2026-07-30T18:39:20.839915
69,7,7,-1,1,ERROR,2026-07-30T18:39:21.030240
69,7,8,-1,1,ERROR,2026-07-30T18:39:21.226417
69,7,9,-1,1,ERROR,2026-07-30T18:39:21.231224
69,7,10,-1,1,ERROR,2026-07-30T18:39:21.231251
69,8,1,-1,1,ERROR,2026-07-30T18:39:21.391347
69,8,2,-1,1,ERROR,2026-07-30T18:39:21.412512
69,8,3,-1,1,ERROR,2026-07-30T18:39:21.444310
69,8,4,-1,1,ERROR,2026-07-30T18:39:21.387642
69,8,5,-1,1,ERROR,2026-07-30T18:39:21.598612
69,8,6,-1,1,ERROR,2026-07-30T18:39:21.696197
69,8,7,-1,1,ERROR,2026-07-30T18:39:21.698784
69,8,8,-1,1,ERROR,2026-07-30T18:39:21.701625
69,8,9,-1,1,ERROR,2026-07-30T18:39:21.957027
69,8,10,-1,1,ERROR,2026-07-30T18:39:21.958137
69,9,1,-1,1,ERROR,2026-07-30T18:39:21.982652
69,9,2,-1,1,ERROR,2026-07-30T18:39:21.915137
69,9,3,-1,1,ERROR,2026-07-30T18:39:22.167567
69,9,4,-1,1,ERROR,2026-07-30T18:39:22.169095
69,9,5,-1,1,ERROR,2026-07-30T18:39:22.167539
69,9,6,-1,1,ERROR,2026-07-30T18:39:22.167587
69,9,7,-1,1,ERROR,2026-07-30T18:39:22.289071
69,9,8,-1,1,ERROR,2026-07-30T18:39:22.520382
69,9,9,-1,1,ERROR,2026-07-30T18:39:22.523211
69,9,10,-1,1,ERROR,2026-07-30T18:39:22.450165
69,10,1,-1,1,ERROR,2026-07-30T18:39:22.640837
69,10,2,-1,1,ERROR,2026-07-30T18:39:22.637635
69,10,3,-1,1,ERROR,2026-07-30T18:39:22.637979
69,10,4,-1,1,ERROR,2026-07-30T18:39:22.640796
69,10,5,-1,1,ERROR,2026-07-30T18:39:22.856272
69,10,6,-1,1,ERROR,2026-07-30T18:39:23.022409
69,10,7,-1,1,ERROR,2026-07-30T18:39:22.992419
69,10,8,-1,1,ERROR,2026-07-30T18:39:22.992446
69,10,9,-1,1,ERROR,2026-07-30T18:39:23.220702
69,10,10,-1,1,ERROR,2026-07-30T18:39:23.222926
69,11,1,-1,1,ERROR,2026-07-30T18:39:23.232362
69,11,2,-1,1,ERROR,2026-07-30T18:39:23.232342
69,11,3,-1,1,ERROR,2026-07-30T18:39:23.326966
69,11,4,-1,1,ERROR,2026-07-30T18:39:23.562869
69,11,5,-1,1,ERROR,2026-07-30T18:39:23.562893
69,11,6,-1,1,ERROR,2026-07-30T18:39:23.587193
69,11,7,-1,1,ERROR,2026-07-30T18:39:23.687100
69,11,8,-1,1,ERROR,2026-07-30T18:39:23.687310
69,11,9,-1,1,ERROR,2026-07-30T18:39:23.692427
69,11,10,-1,1,ERROR,2026-07-30T18:39:23.696714
69,12,1,-1,1,ERROR,2026-07-30T18:39:23.893663
69,12,2,-1,1,ERROR,2026-07-30T18:39:24.035986
69,12,3,-1,1,ERROR,2026-07-30T18:39:24.036014
69,12,4,-1,1,ERROR,2026-07-30T18:39:24.052403
69,12,5,-1,1,ERROR,2026-07-30T18:39:24.252692
69,12,6,-1,1,ERROR,2026-07-30T18:39:24.251015
69,12,7,-1,1,ERROR,2026-07-30T18:39:24.257911
69,12,8,-1,1,ERROR,2026-07-30T18:39:24.258965
69,12,9,-1,1,ERROR,2026-07-30T18:39:24.460810
69,12,10,-1,1,ERROR,2026-07-30T18:39:24.402936
69,13,1,-1,1,ERROR,2026-07-30T18:39:24.402911
69,13,2,-1,1,ERROR,2026-07-30T18:39:24.414559
69,13,3,-1,1,ERROR,2026-07-30T18:39:24.619058
69,13,4,-1,1,ERROR,2026-07-30T18:39:24.824376
69,13,5,-1,1,ERROR,2026-07-30T18:39:24.826761
69,13,6,-1,1,ERROR,2026-07-30T18:39:24.826788
69,13,7,-1,1,ERROR,2026-07-30T18:39:24.867695
69,13,8,-1,1,ERROR,2026-07-30T18:39:24.869792
69,13,9,-1,1,ERROR,2026-07-30T18:39:24.878229
69,13,10,-1,1,ERROR,2026-07-30T18:39:25.030776
69,14,1,-1,1,ERROR,2026-07-30T18:39:24.980506
69,14,2,-1,1,ERROR,2026-07-30T18:39:25.192602
69,14,3,-1,1,ERROR,2026-07-30T18:39:25.397170
69,14,4,-1,1,ERROR,2026-07-30T18:39:25.402168
69,14,5,-1,1,ERROR,2026-07-30T18:39:25.433473
69,14,6,-1,1,ERROR,2026-07-30T18:39:25.435182
69,14,7,-1,1,ERROR,2026-07-30T18:39:25.446736
69,14,8,-1,1,ERROR,2026-07-30T18:39:25.446709
69,14,9,-1,1,ERROR,2026-07-30T18:39:25.597875
69,14,10,-1,1,ERROR,2026-07-30T18:39:25.563711
69,15,1,-1,1,ERROR,2026-07-30T18:39:25.767965
69,15,2,-1,1,ERROR,2026-07-30T18:39:26.373262
69,15,3,-1,1,ERROR,2026-07-30T18:39:26.404778
69,15,4,-1,1,ERROR,2026-07-30T18:39:26.407377
69,15,5,-1,1,ERROR,2026-07-30T18:39:26.422913
69,15,6,-1,1,ERROR,2026-07-30T18:39:26.422875
69,15,7,-1,1,ERROR,2026-07-30T18:39:26.543722
69,15,8,-1,1,ERROR,2026-07-30T18:39:26.574697
69,15,9,-1,1,ERROR,2026-07-30T18:39:26.543672
69,15,10,-1,1,ERROR,2026-07-30T18:39:26.742134
69,16,1,-1,1,ERROR,2026-07-30T18:39:26.977801
69,16,2,-1,1,ERROR,2026-07-30T18:39:26.977774
69,16,3,-1,1,ERROR,2026-07-30T18:39:26.996254
69,16,4,-1,1,ERROR,2026-07-30T18:39:26.901137
69,16,5,-1,1,ERROR,2026-07-30T18:39:27.119741
69,16,6,-1,1,ERROR,2026-07-30T18:39:27.119771
69,16,7,-1,1,ERROR,2026-07-30T18:39:27.145448
69,16,8,-1,1,ERROR,2026-07-30T18:39:27.313203
69,16,9,-1,1,ERROR,2026-07-30T18:39:27.267271
69,16,10,-1,1,ERROR,2026-07-30T18:39:27.463960
69,17,1,-1,1,ERROR,2026-07-30T18:39:27.463983
69,17,2,-1,1,ERROR,2026-07-30T18:39:27.471195
69,17,3,-1,1,ERROR,2026-07-30T18:39:27.694224
69,17,4,-1,1,ERROR,2026-07-30T18:39:27.691085
69,17,5,-1,1,ERROR,2026-07-30T18:39:27.616257
69,17,6,-1,1,ERROR,2026-07-30T18:39:27.842569
69,17,7,-1,1,ERROR,2026-07-30T18:39:27.787037
69,17,8,-1,1,ERROR,2026-07-30T18:39:28.038933
69,17,9,-1,1,ERROR,2026-07-30T18:39:28.038967
69,17,10,-1,1,ERROR,2026-07-30T18:39:28.045047
69,18,1,-1,1,ERROR,2026-07-30T18:39:27.984535
69,18,2,-1,1,ERROR,2026-07-30T18:39:28.259215
69,18,3,-1,1,ERROR,2026-07-30T18:39:28.259238
69,18,4,-1,1,ERROR,2026-07-30T18:39:28.159935
69,18,5,-1,1,ERROR,2026-07-30T18:39:28.413199
69,18,6,-1,1,ERROR,2026-07-30T18:39:28.350873
69,18,7,-1,1,ERROR,2026-07-30T18:39:28.609160
69,18,8,-1,1,ERROR,2026-07-30T18:39:28.606072
69,18,9,-1,1,ERROR,2026-07-30T18:39:28.610015
69,18,10,-1,1,ERROR,2026-07-30T18:39:28.529896
69,19,1,-1,1,ERROR,2026-07-30T18:39:28.726734
69,19,2,-1,1,ERROR,2026-07-30T18:39:28.726766
69,19,3,-1,1,ERROR,2026-07-30T18:39:28.921172
69,19,4,-1,1,ERROR,2026-07-30T18:39:28.880485
69,19,5,-1,1,ERROR,2026-07-30T18:39:29.102480
69,19,6,-1,1,ERROR,2026-07-30T18:39:29.076466
69,19,7,-1,1,ERROR,2026-07-30T18:39:29.076491
69,19,8,-1,1,ERROR,2026-07-30T18:39:29.078620
69,19,9,-1,1,ERROR,2026-07-30T18:39:29.299444
69,19,10,-1,1,ERROR,2026-07-30T18:39:29.299419
69,20,1,-1,1,ERROR,2026-07-30T18:39:29.253448
69,20,2,-1,1,ERROR,2026-07-30T18:39:29.487663
69,20,3,-1,1,ERROR,2026-07-30T18:39:29.445401
69,20,4,-1,1,ERROR,2026-07-30T18:39:29.444107
69,20,5,-1,1,ERROR,2026-07-30T18:39:29.448540
69,20,6,-1,1,ERROR,2026-07-30T18:39:29.672082
69,20,7,-1,1,ERROR,2026-07-30T18:39:29.624041
69,20,8,-1,1,ERROR,2026-07-30T18:39:29.868042
69,20,9,-1,1,ERROR,2026-07-30T18:39:29.871437
69,20,10,-1,1,ERROR,2026-07-30T18:39:29.816721
69,21,1,-1,1,ERROR,2026-07-30T18:39:30.022456
69,21,2,-1,1,ERROR,2026-07-30T18:39:29.814841
69,21,3,-1,1,ERROR,2026-07-30T18:39:30.058652
69,21,4,-1,1,ERROR,2026-07-30T18:39:30.089037
69,21,5,-1,1,ERROR,2026-07-30T18:39:30.239978
69,21,6,-1,1,ERROR,2026-07-30T18:39:30.189370
69,21,7,-1,1,ERROR,2026-07-30T18:39:30.188562
69,21,8,-1,1,ERROR,2026-07-30T18:39:30.436619
69,21,9,-1,1,ERROR,2026-07-30T18:39:30.442249
69,21,10,-1,1,ERROR,2026-07-30T18:39:30.389622
69,22,1,-1,1,ERROR,2026-07-30T18:39:30.646194
69,22,2,-1,1,ERROR,2026-07-30T18:39:30.563785
69,22,3,-1,1,ERROR,2026-07-30T18:39:30.655690
69,22,4,-1,1,ERROR,2026-07-30T18:39:30.655663
69,22,5,-1,1,ERROR,2026-07-30T18:39:30.809589
69,22,6,-1,1,ERROR,2026-07-30T18:39:30.752753
69,22,7,-1,1,ERROR,2026-07-30T18:39:30.908343
69,22,8,-1,1,ERROR,2026-07-30T18:39:30.909410
69,22,9,-1,1,ERROR,2026-07-30T18:39:30.929832
69,22,10,-1,1,ERROR,2026-07-30T18:39:31.116023
69,23,1,-1,1,ERROR,2026-07-30T18:39:31.124365
69,23,2,-1,1,ERROR,2026-07-30T18:39:31.124393
69,23,3,-1,1,ERROR,2026-07-30T18:39:31.325591
69,23,4,-1,1,ERROR,2026-07-30T18:39:31.380860
69,23,5,-1,1,ERROR,2026-07-30T18:39:31.380846
69,23,6,-1,1,ERROR,2026-07-30T18:39:31.380818
69,23,7,-1,1,ERROR,2026-07-30T18:39:31.503729
69,23,8,-1,1,ERROR,2026-07-30T18:39:31.688933
69,23,9,-1,1,ERROR,2026-07-30T18:39:31.696143
69,23,10,-1,1,ERROR,2026-07-30T18:39:31.700407
69,24,1,-1,1,ERROR,2026-07-30T18:39:31.897971
69,24,2,-1,1,ERROR,2026-07-30T18:39:31.856343
69,24,3,-1,1,ERROR,2026-07-30T18:39:31.847416
69,24,4,-1,1,ERROR,2026-07-30T18:39:31.847534
69,24,5,-1,1,ERROR,2026-07-30T18:39:32.071532
69,24,6,-1,1,ERROR,2026-07-30T18:39:32.263270
69,24,7,-1,1,ERROR,2026-07-30T18:39:32.263302
69,24,8,-1,1,ERROR,2026-07-30T18:39:32.166169
69,24,9,-1,1,ERROR,2026-07-30T18:39:32.420570
69,24,10,-1,1,ERROR,2026-07-30T18:39:32.420540
69,25,1,-1,1,ERROR,2026-07-30T18:39:32.422191
69,25,2,-1,1,ERROR,2026-07-30T18:39:32.372355
69,25,3,-1,1,ERROR,2026-07-30T18:39:32.549706
69,25,4,-1,1,ERROR,2026-07-30T18:39:32.544459
69,25,5,-1,1,ERROR,2026-07-30T18:39:32.733748
69,25,6,-1,1,ERROR,2026-07-30T18:39:32.730103
69,25,7,-1,1,ERROR,2026-07-30T18:39:32.943654
69,25,8,-1,1,ERROR,2026-07-30T18:39:32.889149
69,25,9,-1,1,ERROR,2026-07-30T18:39:32.889172
69,25,10,-1,1,ERROR,2026-07-30T18:39:32.889096
69,26,1,-1,1,ERROR,2026-07-30T18:39:33.112393
69,26,2,-1,1,ERROR,2026-07-30T18:39:33.122172
69,26,3,-1,1,ERROR,2026-07-30T18:39:33.295057
69,26,4,-1,1,ERROR,2026-07-30T18:39:33.312474
69,26,5,-1,1,ERROR,2026-07-30T18:39:33.250590
69,26,6,-1,1,ERROR,2026-07-30T18:39:33.457891
69,26,7,-1,1,ERROR,2026-07-30T18:39:33.459171
69,26,8,-1,1,ERROR,2026-07-30T18:39:33.412640
69,26,9,-1,1,ERROR,2026-07-30T18:39:33.680917
69,26,10,-1,1,ERROR,2026-07-30T18:39:33.684327
69,27,1,-1,1,ERROR,2026-07-30T18:39:33.814590
69,27,2,-1,1,ERROR,2026-07-30T18:39:33.863065
69,27,3,-1,1,ERROR,2026-07-30T18:39:33.782457
69,27,4,-1,1,ERROR,2026-07-30T18:39:33.782485
69,27,5,-1,1,ERROR,2026-07-30T18:39:34.028959
69,27,6,-1,1,ERROR,2026-07-30T18:39:34.028992
69,27,7,-1,1,ERROR,2026-07-30T18:39:34.151757
69,27,8,-1,1,ERROR,2026-07-30T18:39:34.148627
69,27,9,-1,1,ERROR,2026-07-30T18:39:34.152506
69,27,10,-1,1,ERROR,2026-07-30T18:39:34.149561
69,28,1,-1,1,ERROR,2026-07-30T18:39:34.390445
69,28,2,-1,1,ERROR,2026-07-30T18:39:34.333524
69,28,3,-1,1,ERROR,2026-07-30T18:39:34.596672
69,28,4,-1,1,ERROR,2026-07-30T18:39:34.600107
69,28,5,-1,1,ERROR,2026-07-30T18:39:34.515748
69,28,6,-1,1,ERROR,2026-07-30T18:39:34.516781
69,28,7,-1,1,ERROR,2026-07-30T18:39:34.724379
69,28,8,-1,1,ERROR,2026-07-30T18:39:34.724416
69,28,9,-1,1,ERROR,2026-07-30T18:39:34.704667
69,29,1,-1,1,ERROR,2026-07-30T18:39:34.878759
69,29,2,-1,1,ERROR,2026-07-30T18:39:34.883664
69,28,10,-1,1,ERROR,2026-07-30T18:39:34.959114
69,29,3,-1,1,ERROR,2026-07-30T18:39:35.067149
69,29,4,-1,1,ERROR,2026-07-30T18:39:35.067178
69,29,5,-1,1,ERROR,2026-07-30T18:39:35.275653
69,29,6,-1,1,ERROR,2026-07-30T18:39:35.300672
69,29,7,-1,1,ERROR,2026-07-30T18:39:35.300700
69,29,10,-1,1,ERROR,2026-07-30T18:39:35.427564
69,29,8,-1,1,ERROR,2026-07-30T18:39:35.480109
69,29,9,-1,1,ERROR,2026-07-30T18:39:35.482506
69,30,2,-1,1,ERROR,2026-07-30T18:39:35.636280
69,30,1,-1,1,ERROR,2026-07-30T18:39:35.636313
69,30,3,-1,1,ERROR,2026-07-30T18:39:35.742740
69,30,6,-1,1,ERROR,2026-07-30T18:39:35.998730
69,30,5,-1,1,ERROR,2026-07-30T18:39:36.037863
69,30,4,-1,1,ERROR,2026-07-30T18:39:36.039039
69,30,7,-1,1,ERROR,2026-07-30T18:39:36.049483
69,30,10,-1,1,ERROR,2026-07-30T18:39:36.208139
69,30,9,-1,1,ERROR,2026-07-30T18:39:36.208163
70,1,1,-1,1,ERROR,2026-07-30T18:39:36.239985
69,30,8,-1,1,ERROR,2026-07-30T18:39:36.243489
70,1,2,-1,1,ERROR,2026-07-30T18:39:36.373353
70,1,4,-1,1,ERROR,2026-07-30T18:39:36.609299
70,1,3,-1,1,ERROR,2026-07-30T18:39:36.610625
70,1,5,-1,1,ERROR,2026-07-30T18:39:36.620365
70,1,7,-1,1,ERROR,2026-07-30T18:39:36.778542
70,1,6,-1,1,ERROR,2026-07-30T18:39:36.781672
70,1,9,-1,1,ERROR,2026-07-30T18:39:36.810597
70,1,8,-1,1,ERROR,2026-07-30T18:39:36.811176
70,1,10,-1,1,ERROR,2026-07-30T18:39:36.950149
70,2,2,-1,1,ERROR,2026-07-30T18:39:37.080826
70,2,1,-1,1,ERROR,2026-07-30T18:39:37.082032
70,2,3,-1,1,ERROR,2026-07-30T18:39:37.114807
70,2,7,-1,1,ERROR,2026-07-30T18:39:37.285703
70,2,6,-1,1,ERROR,2026-07-30T18:39:37.285739
70,2,5,-1,1,ERROR,2026-07-30T18:39:37.347047
70,2,4,-1,1,ERROR,2026-07-30T18:39:37.347073
70,2,9,-1,1,ERROR,2026-07-30T18:39:37.447382
70,2,8,-1,1,ERROR,2026-07-30T18:39:37.519250
70,2,10,-1,1,ERROR,2026-07-30T18:39:37.653058
70,3,1,-1,1,ERROR,2026-07-30T18:39:37.690516
70,3,5,-1,1,ERROR,2026-07-30T18:39:37.813762
70,3,4,-1,1,ERROR,2026-07-30T18:39:37.813798
70,3,2,-1,1,ERROR,2026-07-30T18:39:37.854662
70,3,3,-1,1,ERROR,2026-07-30T18:39:37.855923
70,3,7,-1,1,ERROR,2026-07-30T18:39:37.987740
70,3,6,-1,1,ERROR,2026-07-30T18:39:38.020369
70,3,8,-1,1,ERROR,2026-07-30T18:39:38.121109
70,3,9,-1,1,ERROR,2026-07-30T18:39:38.160496
70,4,2,-1,1,ERROR,2026-07-30T18:39:38.317509
70,4,3,-1,1,ERROR,2026-07-30T18:39:38.326484
70,4,1,-1,1,ERROR,2026-07-30T18:39:38.386190
70,3,10,-1,1,ERROR,2026-07-30T18:39:38.386245
70,4,6,-1,1,ERROR,2026-07-30T18:39:38.490078
70,4,5,-1,1,ERROR,2026-07-30T18:39:38.491428
70,4,4,-1,1,ERROR,2026-07-30T18:39:38.558407
70,4,8,-1,1,ERROR,2026-07-30T18:39:38.684355
70,4,7,-1,1,ERROR,2026-07-30T18:39:38.732949
70,5,1,-1,1,ERROR,2026-07-30T18:39:38.857836
70,5,2,-1,1,ERROR,2026-07-30T18:39:38.859325
70,5,3,-1,1,ERROR,2026-07-30T18:39:38.864210
70,4,9,-1,1,ERROR,2026-07-30T18:39:38.899455
70,4,10,-1,1,ERROR,2026-07-30T18:39:38.954293
70,5,5,-1,1,ERROR,2026-07-30T18:39:39.050038
70,5,4,-1,1,ERROR,2026-07-30T18:39:39.122534
70,5,6,-1,1,ERROR,2026-07-30T18:39:39.201485
70,5,7,-1,1,ERROR,2026-07-30T18:39:39.221505
70,5,8,-1,1,ERROR,2026-07-30T18:39:39.222646
70,6,1,-1,1,ERROR,2026-07-30T18:39:39.421306
70,5,9,-1,1,ERROR,2026-07-30T18:39:39.435491
70,5,10,-1,1,ERROR,2026-07-30T18:39:39.466312
70,6,4,-1,1,ERROR,2026-07-30T18:39:39.567089
70,6,3,-1,1,ERROR,2026-07-30T18:39:39.590903
70,6,2,-1,1,ERROR,2026-07-30T18:39:39.619279
70,6,6,-1,1,ERROR,2026-07-30T18:39:39.789321
70,6,5,-1,1,ERROR,2026-07-30T18:39:39.789354
70,6,10,-1,1,ERROR,2026-07-30T18:39:39.928680
70,6,9,-1,1,ERROR,2026-07-30T18:39:39.946294
70,6,7,-1,1,ERROR,2026-07-30T18:39:40.000211
70,6,8,-1,1,ERROR,2026-07-30T18:39:40.006315
70,7,2,-1,1,ERROR,2026-07-30T18:39:40.096708
70,7,1,-1,1,ERROR,2026-07-30T18:39:40.165481
70,7,5,-1,1,ERROR,2026-07-30T18:39:40.290318
70,7,4,-1,1,ERROR,2026-07-30T18:39:40.361755
70,7,3,-1,1,ERROR,2026-07-30T18:39:40.361792
70,7,9,-1,1,ERROR,2026-07-30T18:39:40.460542
70,7,7,-1,1,ERROR,2026-07-30T18:39:40.461770
70,7,8,-1,1,ERROR,2026-07-30T18:39:40.471286
70,7,6,-1,1,ERROR,2026-07-30T18:39:40.518877
70,7,10,-1,1,ERROR,2026-07-30T18:39:40.637387
70,8,3,-1,1,ERROR,2026-07-30T18:39:40.831411
70,8,2,-1,1,ERROR,2026-07-30T18:39:40.831440
70,8,1,-1,1,ERROR,2026-07-30T18:39:40.857826
70,8,4,-1,1,ERROR,2026-07-30T18:39:41.027938
70,8,5,-1,1,ERROR,2026-07-30T18:39:41.028077
70,8,6,-1,1,ERROR,2026-07-30T18:39:41.035006
70,8,7,-1,1,ERROR,2026-07-30T18:39:41.082857
70,8,8,-1,1,ERROR,2026-07-30T18:39:41.209566
70,8,10,-1,1,ERROR,2026-07-30T18:39:41.395818
70,8,9,-1,1,ERROR,2026-07-30T18:39:41.400226
70,9,1,-1,1,ERROR,2026-07-30T18:39:41.428666
70,9,5,-1,1,ERROR,2026-07-30T18:39:41.578677
70,9,2,-1,1,ERROR,2026-07-30T18:39:41.606113
70,9,4,-1,1,ERROR,2026-07-30T18:39:41.606135
70,9,3,-1,1,ERROR,2026-07-30T18:39:41.616313
70,9,6,-1,1,ERROR,2026-07-30T18:39:41.792147
70,9,9,-1,1,ERROR,2026-07-30T18:39:41.896614
70,9,7,-1,1,ERROR,2026-07-30T18:39:41.962276
70,9,8,-1,1,ERROR,2026-07-30T18:39:41.974290
70,9,10,-1,1,ERROR,2026-07-30T18:39:42.147646
70,10,1,-1,1,ERROR,2026-07-30T18:39:42.177477
70,10,2,-1,1,ERROR,2026-07-30T18:39:42.177506
70,10,3,-1,1,ERROR,2026-07-30T18:39:42.186211
70,10,5,-1,1,ERROR,2026-07-30T18:39:42.365398
70,10,4,-1,1,ERROR,2026-07-30T18:39:42.365429
70,10,6,-1,1,ERROR,2026-07-30T18:39:42.529202
70,10,7,-1,1,ERROR,2026-07-30T18:39:42.548207
70,10,10,-1,1,ERROR,2026-07-30T18:39:42.648387
70,10,9,-1,1,ERROR,2026-07-30T18:39:42.648414
70,11,1,-1,1,ERROR,2026-07-30T18:39:42.656878
70,10,8,-1,1,ERROR,2026-07-30T18:39:42.718022
70,11,2,-1,1,ERROR,2026-07-30T18:39:42.837218
70,11,3,-1,1,ERROR,2026-07-30T18:39:42.837245
70,11,6,-1,1,ERROR,2026-07-30T18:39:43.016215
70,11,7,-1,1,ERROR,2026-07-30T18:39:43.016371
70,11,5,-1,1,ERROR,2026-07-30T18:39:43.017844
70,11,4,-1,1,ERROR,2026-07-30T18:39:43.097551
70,11,8,-1,1,ERROR,2026-07-30T18:39:43.229670
70,11,9,-1,1,ERROR,2026-07-30T18:39:43.297947
70,11,10,-1,1,ERROR,2026-07-30T18:39:43.305176
70,12,1,-1,1,ERROR,2026-07-30T18:39:43.307720
70,12,2,-1,1,ERROR,2026-07-30T18:39:43.482176
70,12,3,-1,1,ERROR,2026-07-30T18:39:43.487390
70,12,4,-1,1,ERROR,2026-07-30T18:39:43.489949
70,12,5,-1,1,ERROR,2026-07-30T18:39:43.588455
70,12,8,-1,1,ERROR,2026-07-30T18:39:43.776150
70,12,7,-1,1,ERROR,2026-07-30T18:39:43.776179
70,12,9,-1,1,ERROR,2026-07-30T18:39:43.791729
70,12,6,-1,1,ERROR,2026-07-30T18:39:43.803803
70,12,10,-1,1,ERROR,2026-07-30T18:39:43.948685
70,13,1,-1,1,ERROR,2026-07-30T18:39:43.951682
70,13,2,-1,1,ERROR,2026-07-30T18:39:43.960345
70,13,3,-1,1,ERROR,2026-07-30T18:39:44.162481
70,13,4,-1,1,ERROR,2026-07-30T18:39:44.342966
70,13,5,-1,1,ERROR,2026-07-30T18:39:44.352507
70,13,6,-1,1,ERROR,2026-07-30T18:39:44.364597
70,13,7,-1,1,ERROR,2026-07-30T18:39:44.377745
70,13,8,-1,1,ERROR,2026-07-30T18:39:44.519699
70,13,9,-1,1,ERROR,2026-07-30T18:39:44.520857
70,13,10,-1,1,ERROR,2026-07-30T18:39:44.531986
70,14,1,-1,1,ERROR,2026-07-30T18:39:44.652254
70,14,3,-1,1,ERROR,2026-07-30T18:39:44.821859
70,14,4,-1,1,ERROR,2026-07-30T18:39:44.838820
70,14,5,-1,1,ERROR,2026-07-30T18:39:44.845537
70,14,2,-1,1,ERROR,2026-07-30T18:39:44.913717
70,14,8,-1,1,ERROR,2026-07-30T18:39:45.002317
70,14,7,-1,1,ERROR,2026-07-30T18:39:45.089063
70,14,6,-1,1,ERROR,2026-07-30T18:39:45.089092
70,14,10,-1,1,ERROR,2026-07-30T18:39:45.190260
70,14,9,-1,1,ERROR,2026-07-30T18:39:45.222837
70,15,4,-1,1,ERROR,2026-07-30T18:39:45.467646
70,15,3,-1,1,ERROR,2026-07-30T18:39:45.481459
70,15,1,-1,1,ERROR,2026-07-30T18:39:45.500459
70,15,2,-1,1,ERROR,2026-07-30T18:39:45.517604
70,15,7,-1,1,ERROR,2026-07-30T18:39:45.657253
70,15,5,-1,1,ERROR,2026-07-30T18:39:45.657290
70,15,6,-1,1,ERROR,2026-07-30T18:39:45.657306
70,15,8,-1,1,ERROR,2026-07-30T18:39:45.692034
70,15,9,-1,1,ERROR,2026-07-30T18:39:45.836803
70,16,2,-1,1,ERROR,2026-07-30T18:39:46.006199
70,15,10,-1,1,ERROR,2026-07-30T18:39:46.061857
70,16,1,-1,1,ERROR,2026-07-30T18:39:46.073919
70,16,3,-1,1,ERROR,2026-07-30T18:39:46.227314
70,16,5,-1,1,ERROR,2026-07-30T18:39:46.235398
70,16,4,-1,1,ERROR,2026-07-30T18:39:46.237677
70,16,6,-1,1,ERROR,2026-07-30T18:39:46.262970
70,16,7,-1,1,ERROR,2026-07-30T18:39:46.410853
70,16,9,-1,1,ERROR,2026-07-30T18:39:46.529977
70,16,10,-1,1,ERROR,2026-07-30T18:39:46.548094
70,16,8,-1,1,ERROR,2026-07-30T18:39:46.579834
70,17,1,-1,1,ERROR,2026-07-30T18:39:46.702600
70,17,2,-1,1,ERROR,2026-07-30T18:39:46.703955
70,17,3,-1,1,ERROR,2026-07-30T18:39:46.709155
70,17,4,-1,1,ERROR,2026-07-30T18:39:46.734618
70,17,5,-1,1,ERROR,2026-07-30T18:39:46.884419
70,17,6,-1,1,ERROR,2026-07-30T18:39:47.104784
70,17,7,-1,1,ERROR,2026-07-30T18:39:47.120952
70,17,8,-1,1,ERROR,2026-07-30T18:39:47.146500
70,17,9,-1,1,ERROR,2026-07-30T18:39:47.273967
70,17,10,-1,1,ERROR,2026-07-30T18:39:47.274004
70,18,1,-1,1,ERROR,2026-07-30T18:39:47.281038
70,18,2,-1,1,ERROR,2026-07-30T18:39:47.306115
70,18,3,-1,1,ERROR,2026-07-30T18:39:47.350740
70,18,4,-1,1,ERROR,2026-07-30T18:39:47.474391
70,18,5,-1,1,ERROR,2026-07-30T18:39:47.692702
70,18,6,-1,1,ERROR,2026-07-30T18:39:47.718160
70,18,9,-1,1,ERROR,2026-07-30T18:39:47.858696
70,18,7,-1,1,ERROR,2026-07-30T18:39:47.860568
70,18,8,-1,1,ERROR,2026-07-30T18:39:47.865826
70,18,10,-1,1,ERROR,2026-07-30T18:39:47.903599
70,19,1,-1,1,ERROR,2026-07-30T18:39:47.928040
70,19,2,-1,1,ERROR,2026-07-30T18:39:48.050050
70,19,3,-1,1,ERROR,2026-07-30T18:39:48.176464
70,19,4,-1,1,ERROR,2026-07-30T18:39:48.193248
70,19,9,-1,1,ERROR,2026-07-30T18:39:48.394849
70,19,5,-1,1,ERROR,2026-07-30T18:39:48.426358
70,19,6,-1,1,ERROR,2026-07-30T18:39:48.429532
70,19,7,-1,1,ERROR,2026-07-30T18:39:48.440611
70,19,8,-1,1,ERROR,2026-07-30T18:39:48.473706
70,19,10,-1,1,ERROR,2026-07-30T18:39:48.624339
70,20,1,-1,1,ERROR,2026-07-30T18:39:48.656886
70,20,2,-1,1,ERROR,2026-07-30T18:39:48.665186
70,20,3,-1,1,ERROR,2026-07-30T18:39:48.775898
70,20,7,-1,1,ERROR,2026-07-30T18:39:48.943615
70,20,4,-1,1,ERROR,2026-07-30T18:39:48.998833
70,20,5,-1,1,ERROR,2026-07-30T18:39:49.009268
70,20,6,-1,1,ERROR,2026-07-30T18:39:49.017815
70,20,9,-1,1,ERROR,2026-07-30T18:39:49.137351
70,20,10,-1,1,ERROR,2026-07-30T18:39:49.137395
70,20,8,-1,1,ERROR,2026-07-30T18:39:49.192581
70,21,2,-1,1,ERROR,2026-07-30T18:39:49.314933
70,21,1,-1,1,ERROR,2026-07-30T18:39:49.345867
70,21,4,-1,1,ERROR,2026-07-30T18:39:49.479799
70,21,5,-1,1,ERROR,2026-07-30T18:39:49.491665
70,21,3,-1,1,ERROR,2026-07-30T18:39:49.570598
70,21,7,-1,1,ERROR,2026-07-30T18:39:49.718491
70,21,6,-1,1,ERROR,2026-07-30T18:39:49.718599
70,21,8,-1,1,ERROR,2026-07-30T18:39:49.769496
70,22,1,-1,1,ERROR,2026-07-30T18:39:49.862246
70,21,9,-1,1,ERROR,2026-07-30T18:39:49.889461
70,21,10,-1,1,ERROR,2026-07-30T18:39:49.919388
70,22,3,-1,1,ERROR,2026-07-30T18:39:50.048874
70,22,2,-1,1,ERROR,2026-07-30T18:39:50.077179
70,22,6,-1,1,ERROR,2026-07-30T18:39:50.243570
70,22,5,-1,1,ERROR,2026-07-30T18:39:50.295287
70,22,4,-1,1,ERROR,2026-07-30T18:39:50.297082
70,22,10,-1,1,ERROR,2026-07-30T18:39:50.426866
70,22,7,-1,1,ERROR,2026-07-30T18:39:50.432681
70,22,8,-1,1,ERROR,2026-07-30T18:39:50.463770
70,22,9,-1,1,ERROR,2026-07-30T18:39:50.493114
70,23,2,-1,1,ERROR,2026-07-30T18:39:50.615712
70,23,1,-1,1,ERROR,2026-07-30T18:39:50.662637
70,23,3,-1,1,ERROR,2026-07-30T18:39:50.764689
70,23,4,-1,1,ERROR,2026-07-30T18:39:50.769766
70,23,8,-1,1,ERROR,2026-07-30T18:39:50.973646
70,23,5,-1,1,ERROR,2026-07-30T18:39:51.002577
70,23,6,-1,1,ERROR,2026-07-30T18:39:51.002624
70,23,7,-1,1,ERROR,2026-07-30T18:39:51.039982
